stride: 40
first vertex: 0
vertex count: 1212
topology: pointlist
element[0]:
  SemanticName: POSITION
  SemanticIndex: 0
  Format: R32G32B32_FLOAT
  InputSlot: 0
  AlignedByteOffset: 0
  InputSlotClass: per-vertex
  InstanceDataStepRate: 0
element[1]:
  SemanticName: NORMAL
  SemanticIndex: 0
  Format: R32G32B32_FLOAT
  InputSlot: 0
  AlignedByteOffset: 12
  InputSlotClass: per-vertex
  InstanceDataStepRate: 0
element[2]:
  SemanticName: COLOR
  SemanticIndex: 0
  Format: R8G8B8A8_UNORM
  InputSlot: 0
  AlignedByteOffset: 0
  InputSlotClass: per-vertex
  InstanceDataStepRate: 0
element[3]:
  SemanticName: TEXCOORD
  SemanticIndex: 0
  Format: R8G8B8A8_UNORM
  InputSlot: 0
  AlignedByteOffset: 0
  InputSlotClass: per-vertex
  InstanceDataStepRate: 0
element[4]:
  SemanticName: TEXCOORD
  SemanticIndex: 1
  Format: R8G8B8A8_UNORM
  InputSlot: 0
  AlignedByteOffset: 0
  InputSlotClass: per-vertex
  InstanceDataStepRate: 0
element[5]:
  SemanticName: TEXCOORD
  SemanticIndex: 2
  Format: R8G8B8A8_UNORM
  InputSlot: 0
  AlignedByteOffset: 0
  InputSlotClass: per-vertex
  InstanceDataStepRate: 0
element[6]:
  SemanticName: TEXCOORD
  SemanticIndex: 3
  Format: R8G8B8A8_UNORM
  InputSlot: 0
  AlignedByteOffset: 0
  InputSlotClass: per-vertex
  InstanceDataStepRate: 0
element[7]:
  SemanticName: TANGENT
  SemanticIndex: 0
  Format: R32G32B32A32_FLOAT
  InputSlot: 0
  AlignedByteOffset: 24
  InputSlotClass: per-vertex
  InstanceDataStepRate: 0
element[8]:
  SemanticName: BLENDWEIGHT
  SemanticIndex: 0
  Format: R32G32B32A32_FLOAT
  InputSlot: 1
  AlignedByteOffset: 0
  InputSlotClass: per-vertex
  InstanceDataStepRate: 0
element[9]:
  SemanticName: BLENDINDICES
  SemanticIndex: 0
  Format: R32G32B32A32_SINT
  InputSlot: 1
  AlignedByteOffset: 16
  InputSlotClass: per-vertex
  InstanceDataStepRate: 0

vertex-data:

vb0[0]+000 POSITION: 3.62528992, 7.26352596, 2.18539262
vb0[0]+012 NORMAL: 0, 0, 1
vb0[0]+000 COLOR: 0.752941191, 0.0156862754, 0.407843143, 0.250980407
vb0[0]+000 TEXCOORD: 0.752941191, 0.0156862754, 0.407843143, 0.250980407
vb0[0]+000 TEXCOORD1: 0.752941191, 0.0156862754, 0.407843143, 0.250980407
vb0[0]+000 TEXCOORD2: 0.752941191, 0.0156862754, 0.407843143, 0.250980407
vb0[0]+000 TEXCOORD3: 0.752941191, 0.0156862754, 0.407843143, 0.250980407
vb0[0]+024 TANGENT: -1, 0, 0, -1

vb0[1]+000 POSITION: -3.62529588, 7.80328608, 2.18539262
vb0[1]+012 NORMAL: 0, 0, 1
vb0[1]+000 COLOR: 0.850980401, 0.0156862754, 0.407843143, 0.752941191
vb0[1]+000 TEXCOORD: 0.850980401, 0.0156862754, 0.407843143, 0.752941191
vb0[1]+000 TEXCOORD1: 0.850980401, 0.0156862754, 0.407843143, 0.752941191
vb0[1]+000 TEXCOORD2: 0.850980401, 0.0156862754, 0.407843143, 0.752941191
vb0[1]+000 TEXCOORD3: 0.850980401, 0.0156862754, 0.407843143, 0.752941191
vb0[1]+024 TANGENT: -1, 0, 0, -1

vb0[2]+000 POSITION: -3.62529588, 7.26352596, 2.18539262
vb0[2]+012 NORMAL: 0, 0, 1
vb0[2]+000 COLOR: 0.850980401, 0.0156862754, 0.407843143, 0.752941191
vb0[2]+000 TEXCOORD: 0.850980401, 0.0156862754, 0.407843143, 0.752941191
vb0[2]+000 TEXCOORD1: 0.850980401, 0.0156862754, 0.407843143, 0.752941191
vb0[2]+000 TEXCOORD2: 0.850980401, 0.0156862754, 0.407843143, 0.752941191
vb0[2]+000 TEXCOORD3: 0.850980401, 0.0156862754, 0.407843143, 0.752941191
vb0[2]+024 TANGENT: -1, 0, 0, -1

vb0[3]+000 POSITION: 3.62528992, 7.80328608, 2.18539262
vb0[3]+012 NORMAL: 0, 0, 1
vb0[3]+000 COLOR: 0.752941191, 0.0156862754, 0.407843143, 0.250980407
vb0[3]+000 TEXCOORD: 0.752941191, 0.0156862754, 0.407843143, 0.250980407
vb0[3]+000 TEXCOORD1: 0.752941191, 0.0156862754, 0.407843143, 0.250980407
vb0[3]+000 TEXCOORD2: 0.752941191, 0.0156862754, 0.407843143, 0.250980407
vb0[3]+000 TEXCOORD3: 0.752941191, 0.0156862754, 0.407843143, 0.250980407
vb0[3]+024 TANGENT: -1, 0, 0, -1

vb0[4]+000 POSITION: -3.62529588, 7.26352596, 2.18539262
vb0[4]+012 NORMAL: -1, 0, 0
vb0[4]+000 COLOR: 0.850980401, 0.0156862754, 0.407843143, 0.752941191
vb0[4]+000 TEXCOORD: 0.850980401, 0.0156862754, 0.407843143, 0.752941191
vb0[4]+000 TEXCOORD1: 0.850980401, 0.0156862754, 0.407843143, 0.752941191
vb0[4]+000 TEXCOORD2: 0.850980401, 0.0156862754, 0.407843143, 0.752941191
vb0[4]+000 TEXCOORD3: 0.850980401, 0.0156862754, 0.407843143, 0.752941191
vb0[4]+024 TANGENT: 0, 0, -1, -1

vb0[5]+000 POSITION: -3.62529588, 7.80328655, 1.23349512
vb0[5]+012 NORMAL: -1, 0, 0
vb0[5]+000 COLOR: 0.850980401, 0.0156862754, 0.407843143, 0.752941191
vb0[5]+000 TEXCOORD: 0.850980401, 0.0156862754, 0.407843143, 0.752941191
vb0[5]+000 TEXCOORD1: 0.850980401, 0.0156862754, 0.407843143, 0.752941191
vb0[5]+000 TEXCOORD2: 0.850980401, 0.0156862754, 0.407843143, 0.752941191
vb0[5]+000 TEXCOORD3: 0.850980401, 0.0156862754, 0.407843143, 0.752941191
vb0[5]+024 TANGENT: 0, 0, -1, -1

vb0[6]+000 POSITION: -3.62529588, 7.26352644, 1.23349512
vb0[6]+012 NORMAL: -1, 0, 0
vb0[6]+000 COLOR: 0.850980401, 0.0156862754, 0.407843143, 0.752941191
vb0[6]+000 TEXCOORD: 0.850980401, 0.0156862754, 0.407843143, 0.752941191
vb0[6]+000 TEXCOORD1: 0.850980401, 0.0156862754, 0.407843143, 0.752941191
vb0[6]+000 TEXCOORD2: 0.850980401, 0.0156862754, 0.407843143, 0.752941191
vb0[6]+000 TEXCOORD3: 0.850980401, 0.0156862754, 0.407843143, 0.752941191
vb0[6]+024 TANGENT: 0, 0, -1, -1

vb0[7]+000 POSITION: -3.62529588, 7.80328608, 2.18539262
vb0[7]+012 NORMAL: -1, 0, 0
vb0[7]+000 COLOR: 0.850980401, 0.0156862754, 0.407843143, 0.752941191
vb0[7]+000 TEXCOORD: 0.850980401, 0.0156862754, 0.407843143, 0.752941191
vb0[7]+000 TEXCOORD1: 0.850980401, 0.0156862754, 0.407843143, 0.752941191
vb0[7]+000 TEXCOORD2: 0.850980401, 0.0156862754, 0.407843143, 0.752941191
vb0[7]+000 TEXCOORD3: 0.850980401, 0.0156862754, 0.407843143, 0.752941191
vb0[7]+024 TANGENT: 0, 0, -1, -1

vb0[8]+000 POSITION: 3.62528992, 7.26352644, 1.23349512
vb0[8]+012 NORMAL: 1, 0, 0
vb0[8]+000 COLOR: 0.752941191, 0.0156862754, 0.407843143, 0.250980407
vb0[8]+000 TEXCOORD: 0.752941191, 0.0156862754, 0.407843143, 0.250980407
vb0[8]+000 TEXCOORD1: 0.752941191, 0.0156862754, 0.407843143, 0.250980407
vb0[8]+000 TEXCOORD2: 0.752941191, 0.0156862754, 0.407843143, 0.250980407
vb0[8]+000 TEXCOORD3: 0.752941191, 0.0156862754, 0.407843143, 0.250980407
vb0[8]+024 TANGENT: 0, 0, 1, -1

vb0[9]+000 POSITION: 3.62528992, 7.80328608, 2.18539262
vb0[9]+012 NORMAL: 1, 0, 0
vb0[9]+000 COLOR: 0.752941191, 0.0156862754, 0.407843143, 0.250980407
vb0[9]+000 TEXCOORD: 0.752941191, 0.0156862754, 0.407843143, 0.250980407
vb0[9]+000 TEXCOORD1: 0.752941191, 0.0156862754, 0.407843143, 0.250980407
vb0[9]+000 TEXCOORD2: 0.752941191, 0.0156862754, 0.407843143, 0.250980407
vb0[9]+000 TEXCOORD3: 0.752941191, 0.0156862754, 0.407843143, 0.250980407
vb0[9]+024 TANGENT: 0, 0, 1, -1

vb0[10]+000 POSITION: 3.62528992, 7.26352596, 2.18539262
vb0[10]+012 NORMAL: 1, 0, 0
vb0[10]+000 COLOR: 0.752941191, 0.0156862754, 0.407843143, 0.250980407
vb0[10]+000 TEXCOORD: 0.752941191, 0.0156862754, 0.407843143, 0.250980407
vb0[10]+000 TEXCOORD1: 0.752941191, 0.0156862754, 0.407843143, 0.250980407
vb0[10]+000 TEXCOORD2: 0.752941191, 0.0156862754, 0.407843143, 0.250980407
vb0[10]+000 TEXCOORD3: 0.752941191, 0.0156862754, 0.407843143, 0.250980407
vb0[10]+024 TANGENT: 0, 0, 1, -1

vb0[11]+000 POSITION: 3.62528992, 7.80328655, 1.23349512
vb0[11]+012 NORMAL: 1, 0, 0
vb0[11]+000 COLOR: 0.752941191, 0.0156862754, 0.407843143, 0.250980407
vb0[11]+000 TEXCOORD: 0.752941191, 0.0156862754, 0.407843143, 0.250980407
vb0[11]+000 TEXCOORD1: 0.752941191, 0.0156862754, 0.407843143, 0.250980407
vb0[11]+000 TEXCOORD2: 0.752941191, 0.0156862754, 0.407843143, 0.250980407
vb0[11]+000 TEXCOORD3: 0.752941191, 0.0156862754, 0.407843143, 0.250980407
vb0[11]+024 TANGENT: 0, 0, 1, -1

vb0[12]+000 POSITION: 3.62528992, 7.80328655, 1.23349512
vb0[12]+012 NORMAL: 0, 0, -1
vb0[12]+000 COLOR: 0.752941191, 0.0156862754, 0.407843143, 0.250980407
vb0[12]+000 TEXCOORD: 0.752941191, 0.0156862754, 0.407843143, 0.250980407
vb0[12]+000 TEXCOORD1: 0.752941191, 0.0156862754, 0.407843143, 0.250980407
vb0[12]+000 TEXCOORD2: 0.752941191, 0.0156862754, 0.407843143, 0.250980407
vb0[12]+000 TEXCOORD3: 0.752941191, 0.0156862754, 0.407843143, 0.250980407
vb0[12]+024 TANGENT: -1, 0, 0, -1

vb0[13]+000 POSITION: -3.62529588, 7.26352644, 1.23349512
vb0[13]+012 NORMAL: 0, 0, -1
vb0[13]+000 COLOR: 0.850980401, 0.0156862754, 0.407843143, 0.752941191
vb0[13]+000 TEXCOORD: 0.850980401, 0.0156862754, 0.407843143, 0.752941191
vb0[13]+000 TEXCOORD1: 0.850980401, 0.0156862754, 0.407843143, 0.752941191
vb0[13]+000 TEXCOORD2: 0.850980401, 0.0156862754, 0.407843143, 0.752941191
vb0[13]+000 TEXCOORD3: 0.850980401, 0.0156862754, 0.407843143, 0.752941191
vb0[13]+024 TANGENT: -1, 0, 0, -1

vb0[14]+000 POSITION: -3.62529588, 7.80328655, 1.23349512
vb0[14]+012 NORMAL: 0, 0, -1
vb0[14]+000 COLOR: 0.850980401, 0.0156862754, 0.407843143, 0.752941191
vb0[14]+000 TEXCOORD: 0.850980401, 0.0156862754, 0.407843143, 0.752941191
vb0[14]+000 TEXCOORD1: 0.850980401, 0.0156862754, 0.407843143, 0.752941191
vb0[14]+000 TEXCOORD2: 0.850980401, 0.0156862754, 0.407843143, 0.752941191
vb0[14]+000 TEXCOORD3: 0.850980401, 0.0156862754, 0.407843143, 0.752941191
vb0[14]+024 TANGENT: -1, 0, 0, -1

vb0[15]+000 POSITION: 3.62528992, 7.26352644, 1.23349512
vb0[15]+012 NORMAL: 0, 0, -1
vb0[15]+000 COLOR: 0.752941191, 0.0156862754, 0.407843143, 0.250980407
vb0[15]+000 TEXCOORD: 0.752941191, 0.0156862754, 0.407843143, 0.250980407
vb0[15]+000 TEXCOORD1: 0.752941191, 0.0156862754, 0.407843143, 0.250980407
vb0[15]+000 TEXCOORD2: 0.752941191, 0.0156862754, 0.407843143, 0.250980407
vb0[15]+000 TEXCOORD3: 0.752941191, 0.0156862754, 0.407843143, 0.250980407
vb0[15]+024 TANGENT: -1, 0, 0, -1

vb0[16]+000 POSITION: 3.95998716, 7.7799077, 2.45649219
vb0[16]+012 NORMAL: 0, 0, 1
vb0[16]+000 COLOR: 0.431372553, 0.43921569, 0.490196079, 0.250980407
vb0[16]+000 TEXCOORD: 0.431372553, 0.43921569, 0.490196079, 0.250980407
vb0[16]+000 TEXCOORD1: 0.431372553, 0.43921569, 0.490196079, 0.250980407
vb0[16]+000 TEXCOORD2: 0.431372553, 0.43921569, 0.490196079, 0.250980407
vb0[16]+000 TEXCOORD3: 0.431372553, 0.43921569, 0.490196079, 0.250980407
vb0[16]+024 TANGENT: 1, 0, 0, -1

vb0[17]+000 POSITION: -3.95999575, 8.44186974, 2.45649219
vb0[17]+012 NORMAL: 0, 0, 1
vb0[17]+000 COLOR: 0.572549045, 0.43921569, 0.490196079, 0.752941191
vb0[17]+000 TEXCOORD: 0.572549045, 0.43921569, 0.490196079, 0.752941191
vb0[17]+000 TEXCOORD1: 0.572549045, 0.43921569, 0.490196079, 0.752941191
vb0[17]+000 TEXCOORD2: 0.572549045, 0.43921569, 0.490196079, 0.752941191
vb0[17]+000 TEXCOORD3: 0.572549045, 0.43921569, 0.490196079, 0.752941191
vb0[17]+024 TANGENT: 1, 0, 0, -1

vb0[18]+000 POSITION: -3.95999575, 7.7799077, 2.45649219
vb0[18]+012 NORMAL: 0, 0, 1
vb0[18]+000 COLOR: 0.572549045, 0.43921569, 0.490196079, 0.752941191
vb0[18]+000 TEXCOORD: 0.572549045, 0.43921569, 0.490196079, 0.752941191
vb0[18]+000 TEXCOORD1: 0.572549045, 0.43921569, 0.490196079, 0.752941191
vb0[18]+000 TEXCOORD2: 0.572549045, 0.43921569, 0.490196079, 0.752941191
vb0[18]+000 TEXCOORD3: 0.572549045, 0.43921569, 0.490196079, 0.752941191
vb0[18]+024 TANGENT: 1, 0, 0, -1

vb0[19]+000 POSITION: 3.95998716, 8.44186974, 2.45649219
vb0[19]+012 NORMAL: 0, 0, 1
vb0[19]+000 COLOR: 0.431372553, 0.43921569, 0.490196079, 0.250980407
vb0[19]+000 TEXCOORD: 0.431372553, 0.43921569, 0.490196079, 0.250980407
vb0[19]+000 TEXCOORD1: 0.431372553, 0.43921569, 0.490196079, 0.250980407
vb0[19]+000 TEXCOORD2: 0.431372553, 0.43921569, 0.490196079, 0.250980407
vb0[19]+000 TEXCOORD3: 0.431372553, 0.43921569, 0.490196079, 0.250980407
vb0[19]+024 TANGENT: 1, 0, 0, -1

vb0[20]+000 POSITION: -3.95999575, 7.7799077, 2.45649219
vb0[20]+012 NORMAL: -1, 0, 0
vb0[20]+000 COLOR: 0.572549045, 0.43921569, 0.490196079, 0.752941191
vb0[20]+000 TEXCOORD: 0.572549045, 0.43921569, 0.490196079, 0.752941191
vb0[20]+000 TEXCOORD1: 0.572549045, 0.43921569, 0.490196079, 0.752941191
vb0[20]+000 TEXCOORD2: 0.572549045, 0.43921569, 0.490196079, 0.752941191
vb0[20]+000 TEXCOORD3: 0.572549045, 0.43921569, 0.490196079, 0.752941191
vb0[20]+024 TANGENT: 0, 0, -1, -1

vb0[21]+000 POSITION: -3.95999575, 8.44187069, 1.20878088
vb0[21]+012 NORMAL: -1, 0, 0
vb0[21]+000 COLOR: 0.572549045, 0.43921569, 0.490196079, 0.752941191
vb0[21]+000 TEXCOORD: 0.572549045, 0.43921569, 0.490196079, 0.752941191
vb0[21]+000 TEXCOORD1: 0.572549045, 0.43921569, 0.490196079, 0.752941191
vb0[21]+000 TEXCOORD2: 0.572549045, 0.43921569, 0.490196079, 0.752941191
vb0[21]+000 TEXCOORD3: 0.572549045, 0.43921569, 0.490196079, 0.752941191
vb0[21]+024 TANGENT: 0, 0, -1, -1

vb0[22]+000 POSITION: -3.95999575, 7.77990818, 1.20878077
vb0[22]+012 NORMAL: -1, 0, 0
vb0[22]+000 COLOR: 0.572549045, 0.43921569, 0.490196079, 0.752941191
vb0[22]+000 TEXCOORD: 0.572549045, 0.43921569, 0.490196079, 0.752941191
vb0[22]+000 TEXCOORD1: 0.572549045, 0.43921569, 0.490196079, 0.752941191
vb0[22]+000 TEXCOORD2: 0.572549045, 0.43921569, 0.490196079, 0.752941191
vb0[22]+000 TEXCOORD3: 0.572549045, 0.43921569, 0.490196079, 0.752941191
vb0[22]+024 TANGENT: 0, 0, -1, -1

vb0[23]+000 POSITION: -3.95999575, 8.44186974, 2.45649219
vb0[23]+012 NORMAL: -1, 0, 0
vb0[23]+000 COLOR: 0.572549045, 0.43921569, 0.490196079, 0.752941191
vb0[23]+000 TEXCOORD: 0.572549045, 0.43921569, 0.490196079, 0.752941191
vb0[23]+000 TEXCOORD1: 0.572549045, 0.43921569, 0.490196079, 0.752941191
vb0[23]+000 TEXCOORD2: 0.572549045, 0.43921569, 0.490196079, 0.752941191
vb0[23]+000 TEXCOORD3: 0.572549045, 0.43921569, 0.490196079, 0.752941191
vb0[23]+024 TANGENT: 0, 0, -1, -1

vb0[24]+000 POSITION: 3.95998716, 7.77990818, 1.20878077
vb0[24]+012 NORMAL: 1, 0, 0
vb0[24]+000 COLOR: 0.431372553, 0.43921569, 0.490196079, 0.250980407
vb0[24]+000 TEXCOORD: 0.431372553, 0.43921569, 0.490196079, 0.250980407
vb0[24]+000 TEXCOORD1: 0.431372553, 0.43921569, 0.490196079, 0.250980407
vb0[24]+000 TEXCOORD2: 0.431372553, 0.43921569, 0.490196079, 0.250980407
vb0[24]+000 TEXCOORD3: 0.431372553, 0.43921569, 0.490196079, 0.250980407
vb0[24]+024 TANGENT: 0, 0, -1, -1

vb0[25]+000 POSITION: 3.95998716, 8.44186974, 2.45649219
vb0[25]+012 NORMAL: 1, 0, 0
vb0[25]+000 COLOR: 0.431372553, 0.43921569, 0.490196079, 0.250980407
vb0[25]+000 TEXCOORD: 0.431372553, 0.43921569, 0.490196079, 0.250980407
vb0[25]+000 TEXCOORD1: 0.431372553, 0.43921569, 0.490196079, 0.250980407
vb0[25]+000 TEXCOORD2: 0.431372553, 0.43921569, 0.490196079, 0.250980407
vb0[25]+000 TEXCOORD3: 0.431372553, 0.43921569, 0.490196079, 0.250980407
vb0[25]+024 TANGENT: 0, 0, -1, -1

vb0[26]+000 POSITION: 3.95998716, 7.7799077, 2.45649219
vb0[26]+012 NORMAL: 1, 0, 0
vb0[26]+000 COLOR: 0.431372553, 0.43921569, 0.490196079, 0.250980407
vb0[26]+000 TEXCOORD: 0.431372553, 0.43921569, 0.490196079, 0.250980407
vb0[26]+000 TEXCOORD1: 0.431372553, 0.43921569, 0.490196079, 0.250980407
vb0[26]+000 TEXCOORD2: 0.431372553, 0.43921569, 0.490196079, 0.250980407
vb0[26]+000 TEXCOORD3: 0.431372553, 0.43921569, 0.490196079, 0.250980407
vb0[26]+024 TANGENT: 0, 0, -1, -1

vb0[27]+000 POSITION: 3.95998716, 8.44187069, 1.20878088
vb0[27]+012 NORMAL: 1, 0, 0
vb0[27]+000 COLOR: 0.431372553, 0.43921569, 0.490196079, 0.250980407
vb0[27]+000 TEXCOORD: 0.431372553, 0.43921569, 0.490196079, 0.250980407
vb0[27]+000 TEXCOORD1: 0.431372553, 0.43921569, 0.490196079, 0.250980407
vb0[27]+000 TEXCOORD2: 0.431372553, 0.43921569, 0.490196079, 0.250980407
vb0[27]+000 TEXCOORD3: 0.431372553, 0.43921569, 0.490196079, 0.250980407
vb0[27]+024 TANGENT: 0, 0, -1, -1

vb0[28]+000 POSITION: 3.95998716, 8.44187069, 1.20878088
vb0[28]+012 NORMAL: 0, 1.15254217e-07, -1
vb0[28]+000 COLOR: 0.431372553, 0.43921569, 0.490196079, 0.250980407
vb0[28]+000 TEXCOORD: 0.431372553, 0.43921569, 0.490196079, 0.250980407
vb0[28]+000 TEXCOORD1: 0.431372553, 0.43921569, 0.490196079, 0.250980407
vb0[28]+000 TEXCOORD2: 0.431372553, 0.43921569, 0.490196079, 0.250980407
vb0[28]+000 TEXCOORD3: 0.431372553, 0.43921569, 0.490196079, 0.250980407
vb0[28]+024 TANGENT: 1, 0, 0, -1

vb0[29]+000 POSITION: -3.95999575, 7.77990818, 1.20878077
vb0[29]+012 NORMAL: 0, 1.15254217e-07, -1
vb0[29]+000 COLOR: 0.572549045, 0.43921569, 0.490196079, 0.752941191
vb0[29]+000 TEXCOORD: 0.572549045, 0.43921569, 0.490196079, 0.752941191
vb0[29]+000 TEXCOORD1: 0.572549045, 0.43921569, 0.490196079, 0.752941191
vb0[29]+000 TEXCOORD2: 0.572549045, 0.43921569, 0.490196079, 0.752941191
vb0[29]+000 TEXCOORD3: 0.572549045, 0.43921569, 0.490196079, 0.752941191
vb0[29]+024 TANGENT: 1, 0, 0, -1

vb0[30]+000 POSITION: -3.95999575, 8.44187069, 1.20878088
vb0[30]+012 NORMAL: 0, 1.15254217e-07, -1
vb0[30]+000 COLOR: 0.572549045, 0.43921569, 0.490196079, 0.752941191
vb0[30]+000 TEXCOORD: 0.572549045, 0.43921569, 0.490196079, 0.752941191
vb0[30]+000 TEXCOORD1: 0.572549045, 0.43921569, 0.490196079, 0.752941191
vb0[30]+000 TEXCOORD2: 0.572549045, 0.43921569, 0.490196079, 0.752941191
vb0[30]+000 TEXCOORD3: 0.572549045, 0.43921569, 0.490196079, 0.752941191
vb0[30]+024 TANGENT: 1, 0, 0, -1

vb0[31]+000 POSITION: 3.95998716, 7.77990818, 1.20878077
vb0[31]+012 NORMAL: 0, 1.15254217e-07, -1
vb0[31]+000 COLOR: 0.431372553, 0.43921569, 0.490196079, 0.250980407
vb0[31]+000 TEXCOORD: 0.431372553, 0.43921569, 0.490196079, 0.250980407
vb0[31]+000 TEXCOORD1: 0.431372553, 0.43921569, 0.490196079, 0.250980407
vb0[31]+000 TEXCOORD2: 0.431372553, 0.43921569, 0.490196079, 0.250980407
vb0[31]+000 TEXCOORD3: 0.431372553, 0.43921569, 0.490196079, 0.250980407
vb0[31]+024 TANGENT: 1, 0, 0, -1

vb0[32]+000 POSITION: 3.95998716, 7.77990818, 1.20878077
vb0[32]+012 NORMAL: 0, -1, -4.89176841e-07
vb0[32]+000 COLOR: 0.431372553, 0.43921569, 0.490196079, 0.250980407
vb0[32]+000 TEXCOORD: 0.431372553, 0.43921569, 0.490196079, 0.250980407
vb0[32]+000 TEXCOORD1: 0.431372553, 0.43921569, 0.490196079, 0.250980407
vb0[32]+000 TEXCOORD2: 0.431372553, 0.43921569, 0.490196079, 0.250980407
vb0[32]+000 TEXCOORD3: 0.431372553, 0.43921569, 0.490196079, 0.250980407
vb0[32]+024 TANGENT: 1, 0, 0, -1

vb0[33]+000 POSITION: -3.95999575, 7.7799077, 2.45649219
vb0[33]+012 NORMAL: 0, -1, -4.89176841e-07
vb0[33]+000 COLOR: 0.572549045, 0.43921569, 0.490196079, 0.752941191
vb0[33]+000 TEXCOORD: 0.572549045, 0.43921569, 0.490196079, 0.752941191
vb0[33]+000 TEXCOORD1: 0.572549045, 0.43921569, 0.490196079, 0.752941191
vb0[33]+000 TEXCOORD2: 0.572549045, 0.43921569, 0.490196079, 0.752941191
vb0[33]+000 TEXCOORD3: 0.572549045, 0.43921569, 0.490196079, 0.752941191
vb0[33]+024 TANGENT: 1, 0, 0, -1

vb0[34]+000 POSITION: -3.95999575, 7.77990818, 1.20878077
vb0[34]+012 NORMAL: 0, -1, -4.89176841e-07
vb0[34]+000 COLOR: 0.572549045, 0.43921569, 0.490196079, 0.752941191
vb0[34]+000 TEXCOORD: 0.572549045, 0.43921569, 0.490196079, 0.752941191
vb0[34]+000 TEXCOORD1: 0.572549045, 0.43921569, 0.490196079, 0.752941191
vb0[34]+000 TEXCOORD2: 0.572549045, 0.43921569, 0.490196079, 0.752941191
vb0[34]+000 TEXCOORD3: 0.572549045, 0.43921569, 0.490196079, 0.752941191
vb0[34]+024 TANGENT: 1, 0, 0, -1

vb0[35]+000 POSITION: 3.95998716, 7.7799077, 2.45649219
vb0[35]+012 NORMAL: 0, -1, -4.89176841e-07
vb0[35]+000 COLOR: 0.431372553, 0.43921569, 0.490196079, 0.250980407
vb0[35]+000 TEXCOORD: 0.431372553, 0.43921569, 0.490196079, 0.250980407
vb0[35]+000 TEXCOORD1: 0.431372553, 0.43921569, 0.490196079, 0.250980407
vb0[35]+000 TEXCOORD2: 0.431372553, 0.43921569, 0.490196079, 0.250980407
vb0[35]+000 TEXCOORD3: 0.431372553, 0.43921569, 0.490196079, 0.250980407
vb0[35]+024 TANGENT: 1, 0, 0, -1

vb0[36]+000 POSITION: -3.95999575, 8.44187069, 1.20878088
vb0[36]+012 NORMAL: 0, 1, 4.89176841e-07
vb0[36]+000 COLOR: 0.572549045, 0.43921569, 0.490196079, 0.752941191
vb0[36]+000 TEXCOORD: 0.572549045, 0.43921569, 0.490196079, 0.752941191
vb0[36]+000 TEXCOORD1: 0.572549045, 0.43921569, 0.490196079, 0.752941191
vb0[36]+000 TEXCOORD2: 0.572549045, 0.43921569, 0.490196079, 0.752941191
vb0[36]+000 TEXCOORD3: 0.572549045, 0.43921569, 0.490196079, 0.752941191
vb0[36]+024 TANGENT: 1, 0, 0, -1

vb0[37]+000 POSITION: 3.95998716, 8.44186974, 2.45649219
vb0[37]+012 NORMAL: 0, 1, 4.89176841e-07
vb0[37]+000 COLOR: 0.431372553, 0.43921569, 0.490196079, 0.250980407
vb0[37]+000 TEXCOORD: 0.431372553, 0.43921569, 0.490196079, 0.250980407
vb0[37]+000 TEXCOORD1: 0.431372553, 0.43921569, 0.490196079, 0.250980407
vb0[37]+000 TEXCOORD2: 0.431372553, 0.43921569, 0.490196079, 0.250980407
vb0[37]+000 TEXCOORD3: 0.431372553, 0.43921569, 0.490196079, 0.250980407
vb0[37]+024 TANGENT: 1, 0, 0, -1

vb0[38]+000 POSITION: 3.95998716, 8.44187069, 1.20878088
vb0[38]+012 NORMAL: 0, 1, 4.89176841e-07
vb0[38]+000 COLOR: 0.431372553, 0.43921569, 0.490196079, 0.250980407
vb0[38]+000 TEXCOORD: 0.431372553, 0.43921569, 0.490196079, 0.250980407
vb0[38]+000 TEXCOORD1: 0.431372553, 0.43921569, 0.490196079, 0.250980407
vb0[38]+000 TEXCOORD2: 0.431372553, 0.43921569, 0.490196079, 0.250980407
vb0[38]+000 TEXCOORD3: 0.431372553, 0.43921569, 0.490196079, 0.250980407
vb0[38]+024 TANGENT: 1, 0, 0, -1

vb0[39]+000 POSITION: -3.95999575, 8.44186974, 2.45649219
vb0[39]+012 NORMAL: 0, 1, 4.89176841e-07
vb0[39]+000 COLOR: 0.572549045, 0.43921569, 0.490196079, 0.752941191
vb0[39]+000 TEXCOORD: 0.572549045, 0.43921569, 0.490196079, 0.752941191
vb0[39]+000 TEXCOORD1: 0.572549045, 0.43921569, 0.490196079, 0.752941191
vb0[39]+000 TEXCOORD2: 0.572549045, 0.43921569, 0.490196079, 0.752941191
vb0[39]+000 TEXCOORD3: 0.572549045, 0.43921569, 0.490196079, 0.752941191
vb0[39]+024 TANGENT: 1, 0, 0, -1

vb0[40]+000 POSITION: 2.24248219, 6.35288429, 2.49578142
vb0[40]+012 NORMAL: 0, 0, 1
vb0[40]+000 COLOR: 0.831372559, 0.517647088, 0.0588235296, 0.250980407
vb0[40]+000 TEXCOORD: 0.831372559, 0.517647088, 0.0588235296, 0.250980407
vb0[40]+000 TEXCOORD1: 0.831372559, 0.517647088, 0.0588235296, 0.250980407
vb0[40]+000 TEXCOORD2: 0.831372559, 0.517647088, 0.0588235296, 0.250980407
vb0[40]+000 TEXCOORD3: 0.831372559, 0.517647088, 0.0588235296, 0.250980407
vb0[40]+024 TANGENT: -1, 0, 0, -1

vb0[41]+000 POSITION: -2.2238555, 7.25497103, 2.49578142
vb0[41]+012 NORMAL: 0, 0, 1
vb0[41]+000 COLOR: 0.650980413, 0.325490206, 0.0549019612, 0.752941191
vb0[41]+000 TEXCOORD: 0.650980413, 0.325490206, 0.0549019612, 0.752941191
vb0[41]+000 TEXCOORD1: 0.650980413, 0.325490206, 0.0549019612, 0.752941191
vb0[41]+000 TEXCOORD2: 0.650980413, 0.325490206, 0.0549019612, 0.752941191
vb0[41]+000 TEXCOORD3: 0.650980413, 0.325490206, 0.0549019612, 0.752941191
vb0[41]+024 TANGENT: -1, 0, 0, -1

vb0[42]+000 POSITION: -2.2238555, 6.35288429, 2.49578142
vb0[42]+012 NORMAL: 0, 0, 1
vb0[42]+000 COLOR: 0.650980413, 0.325490206, 0.0549019612, 0.752941191
vb0[42]+000 TEXCOORD: 0.650980413, 0.325490206, 0.0549019612, 0.752941191
vb0[42]+000 TEXCOORD1: 0.650980413, 0.325490206, 0.0549019612, 0.752941191
vb0[42]+000 TEXCOORD2: 0.650980413, 0.325490206, 0.0549019612, 0.752941191
vb0[42]+000 TEXCOORD3: 0.650980413, 0.325490206, 0.0549019612, 0.752941191
vb0[42]+024 TANGENT: -1, 0, 0, -1

vb0[43]+000 POSITION: 2.24248219, 7.25497103, 2.49578142
vb0[43]+012 NORMAL: 0, 0, 1
vb0[43]+000 COLOR: 0.831372559, 0.517647088, 0.0588235296, 0.250980407
vb0[43]+000 TEXCOORD: 0.831372559, 0.517647088, 0.0588235296, 0.250980407
vb0[43]+000 TEXCOORD1: 0.831372559, 0.517647088, 0.0588235296, 0.250980407
vb0[43]+000 TEXCOORD2: 0.831372559, 0.517647088, 0.0588235296, 0.250980407
vb0[43]+000 TEXCOORD3: 0.831372559, 0.517647088, 0.0588235296, 0.250980407
vb0[43]+024 TANGENT: -1, 0, 0, -1

vb0[44]+000 POSITION: -2.2238555, 7.25497103, 1.54388392
vb0[44]+012 NORMAL: 0, 1, 0
vb0[44]+000 COLOR: 0.650980413, 0.325490206, 0.0549019612, 0.752941191
vb0[44]+000 TEXCOORD: 0.650980413, 0.325490206, 0.0549019612, 0.752941191
vb0[44]+000 TEXCOORD1: 0.650980413, 0.325490206, 0.0549019612, 0.752941191
vb0[44]+000 TEXCOORD2: 0.650980413, 0.325490206, 0.0549019612, 0.752941191
vb0[44]+000 TEXCOORD3: 0.650980413, 0.325490206, 0.0549019612, 0.752941191
vb0[44]+024 TANGENT: -1, 0, 0, -1

vb0[45]+000 POSITION: 2.24248219, 7.25497103, 2.49578142
vb0[45]+012 NORMAL: 0, 1, 0
vb0[45]+000 COLOR: 0.831372559, 0.517647088, 0.0588235296, 0.250980407
vb0[45]+000 TEXCOORD: 0.831372559, 0.517647088, 0.0588235296, 0.250980407
vb0[45]+000 TEXCOORD1: 0.831372559, 0.517647088, 0.0588235296, 0.250980407
vb0[45]+000 TEXCOORD2: 0.831372559, 0.517647088, 0.0588235296, 0.250980407
vb0[45]+000 TEXCOORD3: 0.831372559, 0.517647088, 0.0588235296, 0.250980407
vb0[45]+024 TANGENT: -1, 0, 0, -1

vb0[46]+000 POSITION: 2.24248219, 7.25497103, 1.54388392
vb0[46]+012 NORMAL: 0, 1, 0
vb0[46]+000 COLOR: 0.831372559, 0.517647088, 0.0588235296, 0.250980407
vb0[46]+000 TEXCOORD: 0.831372559, 0.517647088, 0.0588235296, 0.250980407
vb0[46]+000 TEXCOORD1: 0.831372559, 0.517647088, 0.0588235296, 0.250980407
vb0[46]+000 TEXCOORD2: 0.831372559, 0.517647088, 0.0588235296, 0.250980407
vb0[46]+000 TEXCOORD3: 0.831372559, 0.517647088, 0.0588235296, 0.250980407
vb0[46]+024 TANGENT: -1, 0, 0, -1

vb0[47]+000 POSITION: -2.2238555, 7.25497103, 2.49578142
vb0[47]+012 NORMAL: 0, 1, 0
vb0[47]+000 COLOR: 0.650980413, 0.325490206, 0.0549019612, 0.752941191
vb0[47]+000 TEXCOORD: 0.650980413, 0.325490206, 0.0549019612, 0.752941191
vb0[47]+000 TEXCOORD1: 0.650980413, 0.325490206, 0.0549019612, 0.752941191
vb0[47]+000 TEXCOORD2: 0.650980413, 0.325490206, 0.0549019612, 0.752941191
vb0[47]+000 TEXCOORD3: 0.650980413, 0.325490206, 0.0549019612, 0.752941191
vb0[47]+024 TANGENT: -1, 0, 0, -1

vb0[48]+000 POSITION: 2.4871819, 5.86911774, 2.36433983
vb0[48]+012 NORMAL: 0, 0, 1
vb0[48]+000 COLOR: 0.992156863, 0.176470593, 0.121568628, 0.250980407
vb0[48]+000 TEXCOORD: 0.992156863, 0.176470593, 0.121568628, 0.250980407
vb0[48]+000 TEXCOORD1: 0.992156863, 0.176470593, 0.121568628, 0.250980407
vb0[48]+000 TEXCOORD2: 0.992156863, 0.176470593, 0.121568628, 0.250980407
vb0[48]+000 TEXCOORD3: 0.992156863, 0.176470593, 0.121568628, 0.250980407
vb0[48]+024 TANGENT: -1, 0, 0, -1

vb0[49]+000 POSITION: -2.4685576, 6.35288382, 2.36433983
vb0[49]+012 NORMAL: 0, 0, 1
vb0[49]+000 COLOR: 0.850980401, 0.988235295, 0.113725491, 0.752941191
vb0[49]+000 TEXCOORD: 0.850980401, 0.988235295, 0.113725491, 0.752941191
vb0[49]+000 TEXCOORD1: 0.850980401, 0.988235295, 0.113725491, 0.752941191
vb0[49]+000 TEXCOORD2: 0.850980401, 0.988235295, 0.113725491, 0.752941191
vb0[49]+000 TEXCOORD3: 0.850980401, 0.988235295, 0.113725491, 0.752941191
vb0[49]+024 TANGENT: -1, 0, 0, -1

vb0[50]+000 POSITION: -2.4685576, 5.86911774, 2.36433983
vb0[50]+012 NORMAL: 0, 0, 1
vb0[50]+000 COLOR: 0.850980401, 0.988235295, 0.113725491, 0.752941191
vb0[50]+000 TEXCOORD: 0.850980401, 0.988235295, 0.113725491, 0.752941191
vb0[50]+000 TEXCOORD1: 0.850980401, 0.988235295, 0.113725491, 0.752941191
vb0[50]+000 TEXCOORD2: 0.850980401, 0.988235295, 0.113725491, 0.752941191
vb0[50]+000 TEXCOORD3: 0.850980401, 0.988235295, 0.113725491, 0.752941191
vb0[50]+024 TANGENT: -1, 0, 0, -1

vb0[51]+000 POSITION: 2.4871819, 6.35288382, 2.36433983
vb0[51]+012 NORMAL: 0, 0, 1
vb0[51]+000 COLOR: 0.992156863, 0.176470593, 0.121568628, 0.250980407
vb0[51]+000 TEXCOORD: 0.992156863, 0.176470593, 0.121568628, 0.250980407
vb0[51]+000 TEXCOORD1: 0.992156863, 0.176470593, 0.121568628, 0.250980407
vb0[51]+000 TEXCOORD2: 0.992156863, 0.176470593, 0.121568628, 0.250980407
vb0[51]+000 TEXCOORD3: 0.992156863, 0.176470593, 0.121568628, 0.250980407
vb0[51]+024 TANGENT: -1, 0, 0, -1

vb0[52]+000 POSITION: 2.4871819, 5.86911869, 1.05492699
vb0[52]+012 NORMAL: 0, -1, -4.6612621e-07
vb0[52]+000 COLOR: 0.992156863, 0.176470593, 0.121568628, 0.250980407
vb0[52]+000 TEXCOORD: 0.992156863, 0.176470593, 0.121568628, 0.250980407
vb0[52]+000 TEXCOORD1: 0.992156863, 0.176470593, 0.121568628, 0.250980407
vb0[52]+000 TEXCOORD2: 0.992156863, 0.176470593, 0.121568628, 0.250980407
vb0[52]+000 TEXCOORD3: 0.992156863, 0.176470593, 0.121568628, 0.250980407
vb0[52]+024 TANGENT: 1, 0, 0, -1

vb0[53]+000 POSITION: -2.4685576, 5.86911774, 2.36433983
vb0[53]+012 NORMAL: 0, -1, -4.6612621e-07
vb0[53]+000 COLOR: 0.850980401, 0.988235295, 0.113725491, 0.752941191
vb0[53]+000 TEXCOORD: 0.850980401, 0.988235295, 0.113725491, 0.752941191
vb0[53]+000 TEXCOORD1: 0.850980401, 0.988235295, 0.113725491, 0.752941191
vb0[53]+000 TEXCOORD2: 0.850980401, 0.988235295, 0.113725491, 0.752941191
vb0[53]+000 TEXCOORD3: 0.850980401, 0.988235295, 0.113725491, 0.752941191
vb0[53]+024 TANGENT: 1, 0, 0, -1

vb0[54]+000 POSITION: -2.4685576, 5.86911869, 1.05492699
vb0[54]+012 NORMAL: 0, -1, -4.66126153e-07
vb0[54]+000 COLOR: 0.850980401, 0.988235295, 0.113725491, 0.752941191
vb0[54]+000 TEXCOORD: 0.850980401, 0.988235295, 0.113725491, 0.752941191
vb0[54]+000 TEXCOORD1: 0.850980401, 0.988235295, 0.113725491, 0.752941191
vb0[54]+000 TEXCOORD2: 0.850980401, 0.988235295, 0.113725491, 0.752941191
vb0[54]+000 TEXCOORD3: 0.850980401, 0.988235295, 0.113725491, 0.752941191
vb0[54]+024 TANGENT: 1, 0, 0, -1

vb0[55]+000 POSITION: 2.4871819, 5.86911774, 2.36433983
vb0[55]+012 NORMAL: 0, -1, -4.66126153e-07
vb0[55]+000 COLOR: 0.992156863, 0.176470593, 0.121568628, 0.250980407
vb0[55]+000 TEXCOORD: 0.992156863, 0.176470593, 0.121568628, 0.250980407
vb0[55]+000 TEXCOORD1: 0.992156863, 0.176470593, 0.121568628, 0.250980407
vb0[55]+000 TEXCOORD2: 0.992156863, 0.176470593, 0.121568628, 0.250980407
vb0[55]+000 TEXCOORD3: 0.992156863, 0.176470593, 0.121568628, 0.250980407
vb0[55]+024 TANGENT: 1, 0, 0, -1

vb0[56]+000 POSITION: -0.28107208, 10.1800642, 1.98348355
vb0[56]+012 NORMAL: -0.712292492, 0.70188272, 1.33610868e-07
vb0[56]+000 COLOR: 0.68235296, 0.909803927, 0.56078434, 0.745098054
vb0[56]+000 TEXCOORD: 0.68235296, 0.909803927, 0.56078434, 0.745098054
vb0[56]+000 TEXCOORD1: 0.68235296, 0.909803927, 0.56078434, 0.745098054
vb0[56]+000 TEXCOORD2: 0.68235296, 0.909803927, 0.56078434, 0.745098054
vb0[56]+000 TEXCOORD3: 0.68235296, 0.909803927, 0.56078434, 0.745098054
vb0[56]+024 TANGENT: 0, 0, 1, -1

vb0[57]+000 POSITION: -2.27316213, 8.15843105, -4.42909861
vb0[57]+012 NORMAL: -0.712292492, 0.70188272, 1.33610854e-07
vb0[57]+000 COLOR: 0.490196079, 0.482352942, 0.0666666701, 0.752941191
vb0[57]+000 TEXCOORD: 0.490196079, 0.482352942, 0.0666666701, 0.752941191
vb0[57]+000 TEXCOORD1: 0.490196079, 0.482352942, 0.0666666701, 0.752941191
vb0[57]+000 TEXCOORD2: 0.490196079, 0.482352942, 0.0666666701, 0.752941191
vb0[57]+000 TEXCOORD3: 0.490196079, 0.482352942, 0.0666666701, 0.752941191
vb0[57]+024 TANGENT: 0, 0, 1, -1

vb0[58]+000 POSITION: -2.27316213, 8.15842915, 1.98348176
vb0[58]+012 NORMAL: -0.712292492, 0.70188272, 1.33610868e-07
vb0[58]+000 COLOR: 0.490196079, 0.482352942, 0.0666666701, 0.752941191
vb0[58]+000 TEXCOORD: 0.490196079, 0.482352942, 0.0666666701, 0.752941191
vb0[58]+000 TEXCOORD1: 0.490196079, 0.482352942, 0.0666666701, 0.752941191
vb0[58]+000 TEXCOORD2: 0.490196079, 0.482352942, 0.0666666701, 0.752941191
vb0[58]+000 TEXCOORD3: 0.490196079, 0.482352942, 0.0666666701, 0.752941191
vb0[58]+024 TANGENT: 0, 0, 1, -1

vb0[59]+000 POSITION: -0.28107208, 10.1800661, -4.42909765
vb0[59]+012 NORMAL: -0.712292552, 0.70188272, 1.33610854e-07
vb0[59]+000 COLOR: 0.68235296, 0.909803927, 0.56078434, 0.745098054
vb0[59]+000 TEXCOORD: 0.68235296, 0.909803927, 0.56078434, 0.745098054
vb0[59]+000 TEXCOORD1: 0.68235296, 0.909803927, 0.56078434, 0.745098054
vb0[59]+000 TEXCOORD2: 0.68235296, 0.909803927, 0.56078434, 0.745098054
vb0[59]+000 TEXCOORD3: 0.68235296, 0.909803927, 0.56078434, 0.745098054
vb0[59]+024 TANGENT: 0, 0, 1, -1

vb0[60]+000 POSITION: 2.27316093, 8.15842915, 1.98347926
vb0[60]+012 NORMAL: 0.713399649, 0.700757444, 1.3339664e-07
vb0[60]+000 COLOR: 0.470588237, 0.482352942, 0.0666666701, 0.250980407
vb0[60]+000 TEXCOORD: 0.470588237, 0.482352942, 0.0666666701, 0.250980407
vb0[60]+000 TEXCOORD1: 0.470588237, 0.482352942, 0.0666666701, 0.250980407
vb0[60]+000 TEXCOORD2: 0.470588237, 0.482352942, 0.0666666701, 0.250980407
vb0[60]+000 TEXCOORD3: 0.470588237, 0.482352942, 0.0666666701, 0.250980407
vb0[60]+024 TANGENT: 0, 0, 1, -1

vb0[61]+000 POSITION: 0.28734833, 10.180068, -4.42909765
vb0[61]+012 NORMAL: 0.713399708, 0.700757444, 1.33396654e-07
vb0[61]+000 COLOR: 0.321568638, 0.121568628, 0.576470613, 0.243137255
vb0[61]+000 TEXCOORD: 0.321568638, 0.121568628, 0.576470613, 0.243137255
vb0[61]+000 TEXCOORD1: 0.321568638, 0.121568628, 0.576470613, 0.243137255
vb0[61]+000 TEXCOORD2: 0.321568638, 0.121568628, 0.576470613, 0.243137255
vb0[61]+000 TEXCOORD3: 0.321568638, 0.121568628, 0.576470613, 0.243137255
vb0[61]+024 TANGENT: 0, 0, 1, -1

vb0[62]+000 POSITION: 0.28734833, 10.1800671, 1.98348355
vb0[62]+012 NORMAL: 0.713399649, 0.700757444, 1.3339664e-07
vb0[62]+000 COLOR: 0.321568638, 0.121568628, 0.576470613, 0.243137255
vb0[62]+000 TEXCOORD: 0.321568638, 0.121568628, 0.576470613, 0.243137255
vb0[62]+000 TEXCOORD1: 0.321568638, 0.121568628, 0.576470613, 0.243137255
vb0[62]+000 TEXCOORD2: 0.321568638, 0.121568628, 0.576470613, 0.243137255
vb0[62]+000 TEXCOORD3: 0.321568638, 0.121568628, 0.576470613, 0.243137255
vb0[62]+024 TANGENT: 0, 0, 1, -1

vb0[63]+000 POSITION: 2.27316093, 8.1584301, -4.42910099
vb0[63]+012 NORMAL: 0.713399649, 0.700757444, 1.33396654e-07
vb0[63]+000 COLOR: 0.470588237, 0.482352942, 0.0666666701, 0.250980407
vb0[63]+000 TEXCOORD: 0.470588237, 0.482352942, 0.0666666701, 0.250980407
vb0[63]+000 TEXCOORD1: 0.470588237, 0.482352942, 0.0666666701, 0.250980407
vb0[63]+000 TEXCOORD2: 0.470588237, 0.482352942, 0.0666666701, 0.250980407
vb0[63]+000 TEXCOORD3: 0.470588237, 0.482352942, 0.0666666701, 0.250980407
vb0[63]+024 TANGENT: 0, 0, 1, -1

vb0[64]+000 POSITION: 0.28734833, 10.1800671, 1.98348355
vb0[64]+012 NORMAL: -4.2950719e-06, 1, 1.90360666e-07
vb0[64]+000 COLOR: 0.321568638, 0.121568628, 0.576470613, 0.243137255
vb0[64]+000 TEXCOORD: 0.321568638, 0.121568628, 0.576470613, 0.243137255
vb0[64]+000 TEXCOORD1: 0.321568638, 0.121568628, 0.576470613, 0.243137255
vb0[64]+000 TEXCOORD2: 0.321568638, 0.121568628, 0.576470613, 0.243137255
vb0[64]+000 TEXCOORD3: 0.321568638, 0.121568628, 0.576470613, 0.243137255
vb0[64]+024 TANGENT: 0, 0, 1, -1

vb0[65]+000 POSITION: -0.28107208, 10.1800661, -4.42909765
vb0[65]+012 NORMAL: -4.2950719e-06, 1, 1.90360666e-07
vb0[65]+000 COLOR: 0.68235296, 0.909803927, 0.56078434, 0.745098054
vb0[65]+000 TEXCOORD: 0.68235296, 0.909803927, 0.56078434, 0.745098054
vb0[65]+000 TEXCOORD1: 0.68235296, 0.909803927, 0.56078434, 0.745098054
vb0[65]+000 TEXCOORD2: 0.68235296, 0.909803927, 0.56078434, 0.745098054
vb0[65]+000 TEXCOORD3: 0.68235296, 0.909803927, 0.56078434, 0.745098054
vb0[65]+024 TANGENT: 0, 0, 1, -1

vb0[66]+000 POSITION: -0.28107208, 10.1800642, 1.98348355
vb0[66]+012 NORMAL: -4.2950719e-06, 1, 1.90360637e-07
vb0[66]+000 COLOR: 0.68235296, 0.909803927, 0.56078434, 0.745098054
vb0[66]+000 TEXCOORD: 0.68235296, 0.909803927, 0.56078434, 0.745098054
vb0[66]+000 TEXCOORD1: 0.68235296, 0.909803927, 0.56078434, 0.745098054
vb0[66]+000 TEXCOORD2: 0.68235296, 0.909803927, 0.56078434, 0.745098054
vb0[66]+000 TEXCOORD3: 0.68235296, 0.909803927, 0.56078434, 0.745098054
vb0[66]+024 TANGENT: 0, 0, 1, -1

vb0[67]+000 POSITION: 0.28734833, 10.180068, -4.42909765
vb0[67]+012 NORMAL: -4.2950719e-06, 1, 1.90360637e-07
vb0[67]+000 COLOR: 0.321568638, 0.121568628, 0.576470613, 0.243137255
vb0[67]+000 TEXCOORD: 0.321568638, 0.121568628, 0.576470613, 0.243137255
vb0[67]+000 TEXCOORD1: 0.321568638, 0.121568628, 0.576470613, 0.243137255
vb0[67]+000 TEXCOORD2: 0.321568638, 0.121568628, 0.576470613, 0.243137255
vb0[67]+000 TEXCOORD3: 0.321568638, 0.121568628, 0.576470613, 0.243137255
vb0[67]+024 TANGENT: 0, 0, 1, -1

vb0[68]+000 POSITION: 3.6582365, 0.310766369, 4.12189007
vb0[68]+012 NORMAL: 0, 1, 1.94083128e-07
vb0[68]+000 COLOR: 0.549019635, 0.125490203, 0.41568628, 0.250980407
vb0[68]+000 TEXCOORD: 0.549019635, 0.125490203, 0.41568628, 0.250980407
vb0[68]+000 TEXCOORD1: 0.549019635, 0.125490203, 0.41568628, 0.250980407
vb0[68]+000 TEXCOORD2: 0.549019635, 0.125490203, 0.41568628, 0.250980407
vb0[68]+000 TEXCOORD3: 0.549019635, 0.125490203, 0.41568628, 0.250980407
vb0[68]+024 TANGENT: -1, 0, 0, -1

vb0[69]+000 POSITION: -3.59442687, 0.310766518, 3.33569145
vb0[69]+012 NORMAL: 0, 1, 1.94083128e-07
vb0[69]+000 COLOR: 0.0901960805, 0.0431372561, 0.400000006, 0.752941191
vb0[69]+000 TEXCOORD: 0.0901960805, 0.0431372561, 0.400000006, 0.752941191
vb0[69]+000 TEXCOORD1: 0.0901960805, 0.0431372561, 0.400000006, 0.752941191
vb0[69]+000 TEXCOORD2: 0.0901960805, 0.0431372561, 0.400000006, 0.752941191
vb0[69]+000 TEXCOORD3: 0.0901960805, 0.0431372561, 0.400000006, 0.752941191
vb0[69]+024 TANGENT: -1, 0, 0, -1

vb0[70]+000 POSITION: -3.59442687, 0.310766369, 4.12189007
vb0[70]+012 NORMAL: 0, 1, 1.940831e-07
vb0[70]+000 COLOR: 0.0901960805, 0.0431372561, 0.400000006, 0.752941191
vb0[70]+000 TEXCOORD: 0.0901960805, 0.0431372561, 0.400000006, 0.752941191
vb0[70]+000 TEXCOORD1: 0.0901960805, 0.0431372561, 0.400000006, 0.752941191
vb0[70]+000 TEXCOORD2: 0.0901960805, 0.0431372561, 0.400000006, 0.752941191
vb0[70]+000 TEXCOORD3: 0.0901960805, 0.0431372561, 0.400000006, 0.752941191
vb0[70]+024 TANGENT: -1, 0, 0, -1

vb0[71]+000 POSITION: 3.6582365, 0.310766518, 3.33569145
vb0[71]+012 NORMAL: 0, 1, 1.940831e-07
vb0[71]+000 COLOR: 0.549019635, 0.125490203, 0.41568628, 0.250980407
vb0[71]+000 TEXCOORD: 0.549019635, 0.125490203, 0.41568628, 0.250980407
vb0[71]+000 TEXCOORD1: 0.549019635, 0.125490203, 0.41568628, 0.250980407
vb0[71]+000 TEXCOORD2: 0.549019635, 0.125490203, 0.41568628, 0.250980407
vb0[71]+000 TEXCOORD3: 0.549019635, 0.125490203, 0.41568628, 0.250980407
vb0[71]+024 TANGENT: -1, 0, 0, -1

vb0[72]+000 POSITION: 3.6582365, -0.0307551064, 4.12189007
vb0[72]+012 NORMAL: 0, 0, 1
vb0[72]+000 COLOR: 0.549019635, 0.125490203, 0.41568628, 0.250980407
vb0[72]+000 TEXCOORD: 0.549019635, 0.125490203, 0.41568628, 0.250980407
vb0[72]+000 TEXCOORD1: 0.549019635, 0.125490203, 0.41568628, 0.250980407
vb0[72]+000 TEXCOORD2: 0.549019635, 0.125490203, 0.41568628, 0.250980407
vb0[72]+000 TEXCOORD3: 0.549019635, 0.125490203, 0.41568628, 0.250980407
vb0[72]+024 TANGENT: 1, 0, 0, 1

vb0[73]+000 POSITION: -3.59442687, 0.310766369, 4.12189007
vb0[73]+012 NORMAL: 0, 0, 1
vb0[73]+000 COLOR: 0.0901960805, 0.0431372561, 0.400000006, 0.752941191
vb0[73]+000 TEXCOORD: 0.0901960805, 0.0431372561, 0.400000006, 0.752941191
vb0[73]+000 TEXCOORD1: 0.0901960805, 0.0431372561, 0.400000006, 0.752941191
vb0[73]+000 TEXCOORD2: 0.0901960805, 0.0431372561, 0.400000006, 0.752941191
vb0[73]+000 TEXCOORD3: 0.0901960805, 0.0431372561, 0.400000006, 0.752941191
vb0[73]+024 TANGENT: 1, 0, 0, 1

vb0[74]+000 POSITION: -3.59442687, -0.0307551064, 4.12189007
vb0[74]+012 NORMAL: 0, 0, 1
vb0[74]+000 COLOR: 0.0901960805, 0.0431372561, 0.400000006, 0.752941191
vb0[74]+000 TEXCOORD: 0.0901960805, 0.0431372561, 0.400000006, 0.752941191
vb0[74]+000 TEXCOORD1: 0.0901960805, 0.0431372561, 0.400000006, 0.752941191
vb0[74]+000 TEXCOORD2: 0.0901960805, 0.0431372561, 0.400000006, 0.752941191
vb0[74]+000 TEXCOORD3: 0.0901960805, 0.0431372561, 0.400000006, 0.752941191
vb0[74]+024 TANGENT: 1, 0, 0, 1

vb0[75]+000 POSITION: 3.6582365, 0.310766369, 4.12189007
vb0[75]+012 NORMAL: 0, 0, 1
vb0[75]+000 COLOR: 0.549019635, 0.125490203, 0.41568628, 0.250980407
vb0[75]+000 TEXCOORD: 0.549019635, 0.125490203, 0.41568628, 0.250980407
vb0[75]+000 TEXCOORD1: 0.549019635, 0.125490203, 0.41568628, 0.250980407
vb0[75]+000 TEXCOORD2: 0.549019635, 0.125490203, 0.41568628, 0.250980407
vb0[75]+000 TEXCOORD3: 0.549019635, 0.125490203, 0.41568628, 0.250980407
vb0[75]+024 TANGENT: 1, 0, 0, 1

vb0[76]+000 POSITION: -3.59442687, -0.0307551064, 4.12189007
vb0[76]+012 NORMAL: -1, 0, 0
vb0[76]+000 COLOR: 0.0901960805, 0.0431372561, 0.400000006, 0.752941191
vb0[76]+000 TEXCOORD: 0.0901960805, 0.0431372561, 0.400000006, 0.752941191
vb0[76]+000 TEXCOORD1: 0.0901960805, 0.0431372561, 0.400000006, 0.752941191
vb0[76]+000 TEXCOORD2: 0.0901960805, 0.0431372561, 0.400000006, 0.752941191
vb0[76]+000 TEXCOORD3: 0.0901960805, 0.0431372561, 0.400000006, 0.752941191
vb0[76]+024 TANGENT: 0, 0, -1, -1

vb0[77]+000 POSITION: -3.59442687, 0.310766518, 3.33569145
vb0[77]+012 NORMAL: -1, 0, 0
vb0[77]+000 COLOR: 0.0901960805, 0.0431372561, 0.400000006, 0.752941191
vb0[77]+000 TEXCOORD: 0.0901960805, 0.0431372561, 0.400000006, 0.752941191
vb0[77]+000 TEXCOORD1: 0.0901960805, 0.0431372561, 0.400000006, 0.752941191
vb0[77]+000 TEXCOORD2: 0.0901960805, 0.0431372561, 0.400000006, 0.752941191
vb0[77]+000 TEXCOORD3: 0.0901960805, 0.0431372561, 0.400000006, 0.752941191
vb0[77]+024 TANGENT: 0, 0, -1, -1

vb0[78]+000 POSITION: -3.59442687, -0.0307549294, 3.33569145
vb0[78]+012 NORMAL: -1, 0, 0
vb0[78]+000 COLOR: 0.0901960805, 0.0431372561, 0.400000006, 0.752941191
vb0[78]+000 TEXCOORD: 0.0901960805, 0.0431372561, 0.400000006, 0.752941191
vb0[78]+000 TEXCOORD1: 0.0901960805, 0.0431372561, 0.400000006, 0.752941191
vb0[78]+000 TEXCOORD2: 0.0901960805, 0.0431372561, 0.400000006, 0.752941191
vb0[78]+000 TEXCOORD3: 0.0901960805, 0.0431372561, 0.400000006, 0.752941191
vb0[78]+024 TANGENT: 0, 0, -1, -1

vb0[79]+000 POSITION: -3.59442687, 0.310766369, 4.12189007
vb0[79]+012 NORMAL: -1, 0, 0
vb0[79]+000 COLOR: 0.0901960805, 0.0431372561, 0.400000006, 0.752941191
vb0[79]+000 TEXCOORD: 0.0901960805, 0.0431372561, 0.400000006, 0.752941191
vb0[79]+000 TEXCOORD1: 0.0901960805, 0.0431372561, 0.400000006, 0.752941191
vb0[79]+000 TEXCOORD2: 0.0901960805, 0.0431372561, 0.400000006, 0.752941191
vb0[79]+000 TEXCOORD3: 0.0901960805, 0.0431372561, 0.400000006, 0.752941191
vb0[79]+024 TANGENT: 0, 0, -1, -1

vb0[80]+000 POSITION: 3.6582365, -0.0307549294, 3.33569145
vb0[80]+012 NORMAL: 1, 0, 0
vb0[80]+000 COLOR: 0.549019635, 0.125490203, 0.41568628, 0.250980407
vb0[80]+000 TEXCOORD: 0.549019635, 0.125490203, 0.41568628, 0.250980407
vb0[80]+000 TEXCOORD1: 0.549019635, 0.125490203, 0.41568628, 0.250980407
vb0[80]+000 TEXCOORD2: 0.549019635, 0.125490203, 0.41568628, 0.250980407
vb0[80]+000 TEXCOORD3: 0.549019635, 0.125490203, 0.41568628, 0.250980407
vb0[80]+024 TANGENT: 0, 0, 1, -1

vb0[81]+000 POSITION: 3.6582365, 0.310766369, 4.12189007
vb0[81]+012 NORMAL: 1, 0, 0
vb0[81]+000 COLOR: 0.549019635, 0.125490203, 0.41568628, 0.250980407
vb0[81]+000 TEXCOORD: 0.549019635, 0.125490203, 0.41568628, 0.250980407
vb0[81]+000 TEXCOORD1: 0.549019635, 0.125490203, 0.41568628, 0.250980407
vb0[81]+000 TEXCOORD2: 0.549019635, 0.125490203, 0.41568628, 0.250980407
vb0[81]+000 TEXCOORD3: 0.549019635, 0.125490203, 0.41568628, 0.250980407
vb0[81]+024 TANGENT: 0, 0, 1, -1

vb0[82]+000 POSITION: 3.6582365, -0.0307551064, 4.12189007
vb0[82]+012 NORMAL: 1, 0, 0
vb0[82]+000 COLOR: 0.549019635, 0.125490203, 0.41568628, 0.250980407
vb0[82]+000 TEXCOORD: 0.549019635, 0.125490203, 0.41568628, 0.250980407
vb0[82]+000 TEXCOORD1: 0.549019635, 0.125490203, 0.41568628, 0.250980407
vb0[82]+000 TEXCOORD2: 0.549019635, 0.125490203, 0.41568628, 0.250980407
vb0[82]+000 TEXCOORD3: 0.549019635, 0.125490203, 0.41568628, 0.250980407
vb0[82]+024 TANGENT: 0, 0, 1, -1

vb0[83]+000 POSITION: 3.6582365, 0.310766518, 3.33569145
vb0[83]+012 NORMAL: 1, 0, 0
vb0[83]+000 COLOR: 0.549019635, 0.125490203, 0.41568628, 0.250980407
vb0[83]+000 TEXCOORD: 0.549019635, 0.125490203, 0.41568628, 0.250980407
vb0[83]+000 TEXCOORD1: 0.549019635, 0.125490203, 0.41568628, 0.250980407
vb0[83]+000 TEXCOORD2: 0.549019635, 0.125490203, 0.41568628, 0.250980407
vb0[83]+000 TEXCOORD3: 0.549019635, 0.125490203, 0.41568628, 0.250980407
vb0[83]+024 TANGENT: 0, 0, 1, -1

vb0[84]+000 POSITION: 3.13207936, 0.483051747, 3.6837256
vb0[84]+012 NORMAL: 0, 1, 1.92823066e-07
vb0[84]+000 COLOR: 0.992156863, 0.450980395, 0.282352954, 0.250980407
vb0[84]+000 TEXCOORD: 0.992156863, 0.450980395, 0.282352954, 0.250980407
vb0[84]+000 TEXCOORD1: 0.992156863, 0.450980395, 0.282352954, 0.250980407
vb0[84]+000 TEXCOORD2: 0.992156863, 0.450980395, 0.282352954, 0.250980407
vb0[84]+000 TEXCOORD3: 0.992156863, 0.450980395, 0.282352954, 0.250980407
vb0[84]+024 TANGENT: -1, 0, 0, -1

vb0[85]+000 POSITION: -3.02496886, 0.483051866, 3.09022331
vb0[85]+012 NORMAL: 0, 1, 1.92823066e-07
vb0[85]+000 COLOR: 0.0901960805, 0.600000024, 0.254901975, 0.752941191
vb0[85]+000 TEXCOORD: 0.0901960805, 0.600000024, 0.254901975, 0.752941191
vb0[85]+000 TEXCOORD1: 0.0901960805, 0.600000024, 0.254901975, 0.752941191
vb0[85]+000 TEXCOORD2: 0.0901960805, 0.600000024, 0.254901975, 0.752941191
vb0[85]+000 TEXCOORD3: 0.0901960805, 0.600000024, 0.254901975, 0.752941191
vb0[85]+024 TANGENT: -1, 0, 0, -1

vb0[86]+000 POSITION: -3.02496886, 0.483051747, 3.6837256
vb0[86]+012 NORMAL: 0, 1, 1.92823066e-07
vb0[86]+000 COLOR: 0.0901960805, 0.600000024, 0.254901975, 0.752941191
vb0[86]+000 TEXCOORD: 0.0901960805, 0.600000024, 0.254901975, 0.752941191
vb0[86]+000 TEXCOORD1: 0.0901960805, 0.600000024, 0.254901975, 0.752941191
vb0[86]+000 TEXCOORD2: 0.0901960805, 0.600000024, 0.254901975, 0.752941191
vb0[86]+000 TEXCOORD3: 0.0901960805, 0.600000024, 0.254901975, 0.752941191
vb0[86]+024 TANGENT: -1, 0, 0, -1

vb0[87]+000 POSITION: 3.13207936, 0.483051866, 3.09022331
vb0[87]+012 NORMAL: 0, 1, 1.92823066e-07
vb0[87]+000 COLOR: 0.992156863, 0.450980395, 0.282352954, 0.250980407
vb0[87]+000 TEXCOORD: 0.992156863, 0.450980395, 0.282352954, 0.250980407
vb0[87]+000 TEXCOORD1: 0.992156863, 0.450980395, 0.282352954, 0.250980407
vb0[87]+000 TEXCOORD2: 0.992156863, 0.450980395, 0.282352954, 0.250980407
vb0[87]+000 TEXCOORD3: 0.992156863, 0.450980395, 0.282352954, 0.250980407
vb0[87]+024 TANGENT: -1, 0, 0, -1

vb0[88]+000 POSITION: 3.13207936, 0.280349582, 3.6837256
vb0[88]+012 NORMAL: 0, 0, 1
vb0[88]+000 COLOR: 0.992156863, 0.450980395, 0.282352954, 0.250980407
vb0[88]+000 TEXCOORD: 0.992156863, 0.450980395, 0.282352954, 0.250980407
vb0[88]+000 TEXCOORD1: 0.992156863, 0.450980395, 0.282352954, 0.250980407
vb0[88]+000 TEXCOORD2: 0.992156863, 0.450980395, 0.282352954, 0.250980407
vb0[88]+000 TEXCOORD3: 0.992156863, 0.450980395, 0.282352954, 0.250980407
vb0[88]+024 TANGENT: 1, 0, 0, 1

vb0[89]+000 POSITION: -3.02496886, 0.483051747, 3.6837256
vb0[89]+012 NORMAL: 0, 0, 1
vb0[89]+000 COLOR: 0.0901960805, 0.600000024, 0.254901975, 0.752941191
vb0[89]+000 TEXCOORD: 0.0901960805, 0.600000024, 0.254901975, 0.752941191
vb0[89]+000 TEXCOORD1: 0.0901960805, 0.600000024, 0.254901975, 0.752941191
vb0[89]+000 TEXCOORD2: 0.0901960805, 0.600000024, 0.254901975, 0.752941191
vb0[89]+000 TEXCOORD3: 0.0901960805, 0.600000024, 0.254901975, 0.752941191
vb0[89]+024 TANGENT: 1, 0, 0, 1

vb0[90]+000 POSITION: -3.02496886, 0.280349582, 3.6837256
vb0[90]+012 NORMAL: 0, 0, 1
vb0[90]+000 COLOR: 0.0901960805, 0.600000024, 0.254901975, 0.752941191
vb0[90]+000 TEXCOORD: 0.0901960805, 0.600000024, 0.254901975, 0.752941191
vb0[90]+000 TEXCOORD1: 0.0901960805, 0.600000024, 0.254901975, 0.752941191
vb0[90]+000 TEXCOORD2: 0.0901960805, 0.600000024, 0.254901975, 0.752941191
vb0[90]+000 TEXCOORD3: 0.0901960805, 0.600000024, 0.254901975, 0.752941191
vb0[90]+024 TANGENT: 1, 0, 0, 1

vb0[91]+000 POSITION: 3.13207936, 0.483051747, 3.6837256
vb0[91]+012 NORMAL: 0, 0, 1
vb0[91]+000 COLOR: 0.992156863, 0.450980395, 0.282352954, 0.250980407
vb0[91]+000 TEXCOORD: 0.992156863, 0.450980395, 0.282352954, 0.250980407
vb0[91]+000 TEXCOORD1: 0.992156863, 0.450980395, 0.282352954, 0.250980407
vb0[91]+000 TEXCOORD2: 0.992156863, 0.450980395, 0.282352954, 0.250980407
vb0[91]+000 TEXCOORD3: 0.992156863, 0.450980395, 0.282352954, 0.250980407
vb0[91]+024 TANGENT: 1, 0, 0, 1

vb0[92]+000 POSITION: -3.02496886, 0.280349582, 3.6837256
vb0[92]+012 NORMAL: -1, 0, 0
vb0[92]+000 COLOR: 0.0901960805, 0.600000024, 0.254901975, 0.752941191
vb0[92]+000 TEXCOORD: 0.0901960805, 0.600000024, 0.254901975, 0.752941191
vb0[92]+000 TEXCOORD1: 0.0901960805, 0.600000024, 0.254901975, 0.752941191
vb0[92]+000 TEXCOORD2: 0.0901960805, 0.600000024, 0.254901975, 0.752941191
vb0[92]+000 TEXCOORD3: 0.0901960805, 0.600000024, 0.254901975, 0.752941191
vb0[92]+024 TANGENT: 0, 0, -1, -1

vb0[93]+000 POSITION: -3.02496886, 0.483051866, 3.09022331
vb0[93]+012 NORMAL: -1, 0, 0
vb0[93]+000 COLOR: 0.0901960805, 0.600000024, 0.254901975, 0.752941191
vb0[93]+000 TEXCOORD: 0.0901960805, 0.600000024, 0.254901975, 0.752941191
vb0[93]+000 TEXCOORD1: 0.0901960805, 0.600000024, 0.254901975, 0.752941191
vb0[93]+000 TEXCOORD2: 0.0901960805, 0.600000024, 0.254901975, 0.752941191
vb0[93]+000 TEXCOORD3: 0.0901960805, 0.600000024, 0.254901975, 0.752941191
vb0[93]+024 TANGENT: 0, 0, -1, -1

vb0[94]+000 POSITION: -3.02496886, 0.280349702, 3.09022331
vb0[94]+012 NORMAL: -1, 0, 0
vb0[94]+000 COLOR: 0.0901960805, 0.600000024, 0.254901975, 0.752941191
vb0[94]+000 TEXCOORD: 0.0901960805, 0.600000024, 0.254901975, 0.752941191
vb0[94]+000 TEXCOORD1: 0.0901960805, 0.600000024, 0.254901975, 0.752941191
vb0[94]+000 TEXCOORD2: 0.0901960805, 0.600000024, 0.254901975, 0.752941191
vb0[94]+000 TEXCOORD3: 0.0901960805, 0.600000024, 0.254901975, 0.752941191
vb0[94]+024 TANGENT: 0, 0, -1, -1

vb0[95]+000 POSITION: -3.02496886, 0.483051747, 3.6837256
vb0[95]+012 NORMAL: -1, 0, 0
vb0[95]+000 COLOR: 0.0901960805, 0.600000024, 0.254901975, 0.752941191
vb0[95]+000 TEXCOORD: 0.0901960805, 0.600000024, 0.254901975, 0.752941191
vb0[95]+000 TEXCOORD1: 0.0901960805, 0.600000024, 0.254901975, 0.752941191
vb0[95]+000 TEXCOORD2: 0.0901960805, 0.600000024, 0.254901975, 0.752941191
vb0[95]+000 TEXCOORD3: 0.0901960805, 0.600000024, 0.254901975, 0.752941191
vb0[95]+024 TANGENT: 0, 0, -1, -1

vb0[96]+000 POSITION: 3.13207936, 0.280349702, 3.09022331
vb0[96]+012 NORMAL: 1, 0, 0
vb0[96]+000 COLOR: 0.992156863, 0.450980395, 0.282352954, 0.250980407
vb0[96]+000 TEXCOORD: 0.992156863, 0.450980395, 0.282352954, 0.250980407
vb0[96]+000 TEXCOORD1: 0.992156863, 0.450980395, 0.282352954, 0.250980407
vb0[96]+000 TEXCOORD2: 0.992156863, 0.450980395, 0.282352954, 0.250980407
vb0[96]+000 TEXCOORD3: 0.992156863, 0.450980395, 0.282352954, 0.250980407
vb0[96]+024 TANGENT: 0, 0, 1, -1

vb0[97]+000 POSITION: 3.13207936, 0.483051747, 3.6837256
vb0[97]+012 NORMAL: 1, 0, 0
vb0[97]+000 COLOR: 0.992156863, 0.450980395, 0.282352954, 0.250980407
vb0[97]+000 TEXCOORD: 0.992156863, 0.450980395, 0.282352954, 0.250980407
vb0[97]+000 TEXCOORD1: 0.992156863, 0.450980395, 0.282352954, 0.250980407
vb0[97]+000 TEXCOORD2: 0.992156863, 0.450980395, 0.282352954, 0.250980407
vb0[97]+000 TEXCOORD3: 0.992156863, 0.450980395, 0.282352954, 0.250980407
vb0[97]+024 TANGENT: 0, 0, 1, -1

vb0[98]+000 POSITION: 3.13207936, 0.280349582, 3.6837256
vb0[98]+012 NORMAL: 1, 0, 0
vb0[98]+000 COLOR: 0.992156863, 0.450980395, 0.282352954, 0.250980407
vb0[98]+000 TEXCOORD: 0.992156863, 0.450980395, 0.282352954, 0.250980407
vb0[98]+000 TEXCOORD1: 0.992156863, 0.450980395, 0.282352954, 0.250980407
vb0[98]+000 TEXCOORD2: 0.992156863, 0.450980395, 0.282352954, 0.250980407
vb0[98]+000 TEXCOORD3: 0.992156863, 0.450980395, 0.282352954, 0.250980407
vb0[98]+024 TANGENT: 0, 0, 1, -1

vb0[99]+000 POSITION: 3.13207936, 0.483051866, 3.09022331
vb0[99]+012 NORMAL: 1, 0, 0
vb0[99]+000 COLOR: 0.992156863, 0.450980395, 0.282352954, 0.250980407
vb0[99]+000 TEXCOORD: 0.992156863, 0.450980395, 0.282352954, 0.250980407
vb0[99]+000 TEXCOORD1: 0.992156863, 0.450980395, 0.282352954, 0.250980407
vb0[99]+000 TEXCOORD2: 0.992156863, 0.450980395, 0.282352954, 0.250980407
vb0[99]+000 TEXCOORD3: 0.992156863, 0.450980395, 0.282352954, 0.250980407
vb0[99]+024 TANGENT: 0, 0, 1, -1

vb0[100]+000 POSITION: 2.21384454, 0.660113215, 3.17330384
vb0[100]+012 NORMAL: 0, 0.96032095, 0.278897226
vb0[100]+000 COLOR: 0.631372571, 0.686274529, 0.0509803928, 0.250980407
vb0[100]+000 TEXCOORD: 0.631372571, 0.686274529, 0.0509803928, 0.250980407
vb0[100]+000 TEXCOORD1: 0.631372571, 0.686274529, 0.0509803928, 0.250980407
vb0[100]+000 TEXCOORD2: 0.631372571, 0.686274529, 0.0509803928, 0.250980407
vb0[100]+000 TEXCOORD3: 0.631372571, 0.686274529, 0.0509803928, 0.250980407
vb0[100]+024 TANGENT: -1, 0, 0, -1

vb0[101]+000 POSITION: -2.2083087, 1.06875217, 1.76624572
vb0[101]+012 NORMAL: 0, 0.96032095, 0.278897226
vb0[101]+000 COLOR: 0.933333337, 0.329411775, 0.0509803928, 0.752941191
vb0[101]+000 TEXCOORD: 0.933333337, 0.329411775, 0.0509803928, 0.752941191
vb0[101]+000 TEXCOORD1: 0.933333337, 0.329411775, 0.0509803928, 0.752941191
vb0[101]+000 TEXCOORD2: 0.933333337, 0.329411775, 0.0509803928, 0.752941191
vb0[101]+000 TEXCOORD3: 0.933333337, 0.329411775, 0.0509803928, 0.752941191
vb0[101]+024 TANGENT: -1, 0, 0, -1

vb0[102]+000 POSITION: -2.2083087, 0.660113215, 3.17330384
vb0[102]+012 NORMAL: 0, 0.96032095, 0.278897196
vb0[102]+000 COLOR: 0.933333337, 0.329411775, 0.0509803928, 0.752941191
vb0[102]+000 TEXCOORD: 0.933333337, 0.329411775, 0.0509803928, 0.752941191
vb0[102]+000 TEXCOORD1: 0.933333337, 0.329411775, 0.0509803928, 0.752941191
vb0[102]+000 TEXCOORD2: 0.933333337, 0.329411775, 0.0509803928, 0.752941191
vb0[102]+000 TEXCOORD3: 0.933333337, 0.329411775, 0.0509803928, 0.752941191
vb0[102]+024 TANGENT: -1, 0, 0, -1

vb0[103]+000 POSITION: 2.21384454, 1.06875217, 1.76624572
vb0[103]+012 NORMAL: 0, 0.96032095, 0.278897196
vb0[103]+000 COLOR: 0.631372571, 0.686274529, 0.0509803928, 0.250980407
vb0[103]+000 TEXCOORD: 0.631372571, 0.686274529, 0.0509803928, 0.250980407
vb0[103]+000 TEXCOORD1: 0.631372571, 0.686274529, 0.0509803928, 0.250980407
vb0[103]+000 TEXCOORD2: 0.631372571, 0.686274529, 0.0509803928, 0.250980407
vb0[103]+000 TEXCOORD3: 0.631372571, 0.686274529, 0.0509803928, 0.250980407
vb0[103]+024 TANGENT: -1, 0, 0, -1

vb0[104]+000 POSITION: -2.2083087, 0.660113215, 3.17330384
vb0[104]+012 NORMAL: 0, 0, 1
vb0[104]+000 COLOR: 0.933333337, 0.329411775, 0.0509803928, 0.752941191
vb0[104]+000 TEXCOORD: 0.933333337, 0.329411775, 0.0509803928, 0.752941191
vb0[104]+000 TEXCOORD1: 0.933333337, 0.329411775, 0.0509803928, 0.752941191
vb0[104]+000 TEXCOORD2: 0.933333337, 0.329411775, 0.0509803928, 0.752941191
vb0[104]+000 TEXCOORD3: 0.933333337, 0.329411775, 0.0509803928, 0.752941191
vb0[104]+024 TANGENT: -1, 0, 0, -1

vb0[105]+000 POSITION: 2.21384454, 0.443882734, 3.17330384
vb0[105]+012 NORMAL: 0, 0, 1
vb0[105]+000 COLOR: 0.631372571, 0.686274529, 0.0509803928, 0.250980407
vb0[105]+000 TEXCOORD: 0.631372571, 0.686274529, 0.0509803928, 0.250980407
vb0[105]+000 TEXCOORD1: 0.631372571, 0.686274529, 0.0509803928, 0.250980407
vb0[105]+000 TEXCOORD2: 0.631372571, 0.686274529, 0.0509803928, 0.250980407
vb0[105]+000 TEXCOORD3: 0.631372571, 0.686274529, 0.0509803928, 0.250980407
vb0[105]+024 TANGENT: -1, 0, 0, -1

vb0[106]+000 POSITION: 2.21384454, 0.660113215, 3.17330384
vb0[106]+012 NORMAL: 0, 0, 1
vb0[106]+000 COLOR: 0.631372571, 0.686274529, 0.0509803928, 0.250980407
vb0[106]+000 TEXCOORD: 0.631372571, 0.686274529, 0.0509803928, 0.250980407
vb0[106]+000 TEXCOORD1: 0.631372571, 0.686274529, 0.0509803928, 0.250980407
vb0[106]+000 TEXCOORD2: 0.631372571, 0.686274529, 0.0509803928, 0.250980407
vb0[106]+000 TEXCOORD3: 0.631372571, 0.686274529, 0.0509803928, 0.250980407
vb0[106]+024 TANGENT: -1, 0, 0, -1

vb0[107]+000 POSITION: -2.2083087, 0.443882734, 3.17330384
vb0[107]+012 NORMAL: 0, 0, 1
vb0[107]+000 COLOR: 0.933333337, 0.329411775, 0.0509803928, 0.752941191
vb0[107]+000 TEXCOORD: 0.933333337, 0.329411775, 0.0509803928, 0.752941191
vb0[107]+000 TEXCOORD1: 0.933333337, 0.329411775, 0.0509803928, 0.752941191
vb0[107]+000 TEXCOORD2: 0.933333337, 0.329411775, 0.0509803928, 0.752941191
vb0[107]+000 TEXCOORD3: 0.933333337, 0.329411775, 0.0509803928, 0.752941191
vb0[107]+024 TANGENT: -1, 0, 0, -1

vb0[108]+000 POSITION: -2.2083087, 1.06875217, 1.76624572
vb0[108]+012 NORMAL: -1, 0, 0
vb0[108]+000 COLOR: 0.933333337, 0.329411775, 0.0509803928, 0.752941191
vb0[108]+000 TEXCOORD: 0.933333337, 0.329411775, 0.0509803928, 0.752941191
vb0[108]+000 TEXCOORD1: 0.933333337, 0.329411775, 0.0509803928, 0.752941191
vb0[108]+000 TEXCOORD2: 0.933333337, 0.329411775, 0.0509803928, 0.752941191
vb0[108]+000 TEXCOORD3: 0.933333337, 0.329411775, 0.0509803928, 0.752941191
vb0[108]+024 TANGENT: 0, -0.961909413, -0.27336818, -1

vb0[109]+000 POSITION: -2.2083087, 0.443337083, 3.17330384
vb0[109]+012 NORMAL: -1, 0, 0
vb0[109]+000 COLOR: 0.933333337, 0.329411775, 0.0509803928, 0.752941191
vb0[109]+000 TEXCOORD: 0.933333337, 0.329411775, 0.0509803928, 0.752941191
vb0[109]+000 TEXCOORD1: 0.933333337, 0.329411775, 0.0509803928, 0.752941191
vb0[109]+000 TEXCOORD2: 0.933333337, 0.329411775, 0.0509803928, 0.752941191
vb0[109]+000 TEXCOORD3: 0.933333337, 0.329411775, 0.0509803928, 0.752941191
vb0[109]+024 TANGENT: 0, -0.961910486, -0.273364782, -1

vb0[110]+000 POSITION: -2.2083087, 0.660113215, 3.17330384
vb0[110]+012 NORMAL: -1, 0, 0
vb0[110]+000 COLOR: 0.933333337, 0.329411775, 0.0509803928, 0.752941191
vb0[110]+000 TEXCOORD: 0.933333337, 0.329411775, 0.0509803928, 0.752941191
vb0[110]+000 TEXCOORD1: 0.933333337, 0.329411775, 0.0509803928, 0.752941191
vb0[110]+000 TEXCOORD2: 0.933333337, 0.329411775, 0.0509803928, 0.752941191
vb0[110]+000 TEXCOORD3: 0.933333337, 0.329411775, 0.0509803928, 0.752941191
vb0[110]+024 TANGENT: 0, -0.961910605, -0.273364305, -1

vb0[111]+000 POSITION: -2.2083087, 0.851976097, 1.76624572
vb0[111]+012 NORMAL: -1, 0, 0
vb0[111]+000 COLOR: 0.933333337, 0.329411775, 0.0509803928, 0.752941191
vb0[111]+000 TEXCOORD: 0.933333337, 0.329411775, 0.0509803928, 0.752941191
vb0[111]+000 TEXCOORD1: 0.933333337, 0.329411775, 0.0509803928, 0.752941191
vb0[111]+000 TEXCOORD2: 0.933333337, 0.329411775, 0.0509803928, 0.752941191
vb0[111]+000 TEXCOORD3: 0.933333337, 0.329411775, 0.0509803928, 0.752941191
vb0[111]+024 TANGENT: 0, -0.961909413, -0.273368716, -1

vb0[112]+000 POSITION: 2.21384454, 0.660113215, 3.17330384
vb0[112]+012 NORMAL: 1, 0, 0
vb0[112]+000 COLOR: 0.631372571, 0.686274529, 0.0509803928, 0.250980407
vb0[112]+000 TEXCOORD: 0.631372571, 0.686274529, 0.0509803928, 0.250980407
vb0[112]+000 TEXCOORD1: 0.631372571, 0.686274529, 0.0509803928, 0.250980407
vb0[112]+000 TEXCOORD2: 0.631372571, 0.686274529, 0.0509803928, 0.250980407
vb0[112]+000 TEXCOORD3: 0.631372571, 0.686274529, 0.0509803928, 0.250980407
vb0[112]+024 TANGENT: 0, 0.961910427, 0.273364812, -1

vb0[113]+000 POSITION: 2.21384454, 0.851976097, 1.76624572
vb0[113]+012 NORMAL: 1, 0, 0
vb0[113]+000 COLOR: 0.631372571, 0.686274529, 0.0509803928, 0.250980407
vb0[113]+000 TEXCOORD: 0.631372571, 0.686274529, 0.0509803928, 0.250980407
vb0[113]+000 TEXCOORD1: 0.631372571, 0.686274529, 0.0509803928, 0.250980407
vb0[113]+000 TEXCOORD2: 0.631372571, 0.686274529, 0.0509803928, 0.250980407
vb0[113]+000 TEXCOORD3: 0.631372571, 0.686274529, 0.0509803928, 0.250980407
vb0[113]+024 TANGENT: 0, 0.961909413, 0.273368239, -1

vb0[114]+000 POSITION: 2.21384454, 1.06875217, 1.76624572
vb0[114]+012 NORMAL: 1, 0, 0
vb0[114]+000 COLOR: 0.631372571, 0.686274529, 0.0509803928, 0.250980407
vb0[114]+000 TEXCOORD: 0.631372571, 0.686274529, 0.0509803928, 0.250980407
vb0[114]+000 TEXCOORD1: 0.631372571, 0.686274529, 0.0509803928, 0.250980407
vb0[114]+000 TEXCOORD2: 0.631372571, 0.686274529, 0.0509803928, 0.250980407
vb0[114]+000 TEXCOORD3: 0.631372571, 0.686274529, 0.0509803928, 0.250980407
vb0[114]+024 TANGENT: 0, 0.961909413, 0.273368597, -1

vb0[115]+000 POSITION: 2.21384454, 0.443337083, 3.17330384
vb0[115]+012 NORMAL: 1, 0, 0
vb0[115]+000 COLOR: 0.631372571, 0.686274529, 0.0509803928, 0.250980407
vb0[115]+000 TEXCOORD: 0.631372571, 0.686274529, 0.0509803928, 0.250980407
vb0[115]+000 TEXCOORD1: 0.631372571, 0.686274529, 0.0509803928, 0.250980407
vb0[115]+000 TEXCOORD2: 0.631372571, 0.686274529, 0.0509803928, 0.250980407
vb0[115]+000 TEXCOORD3: 0.631372571, 0.686274529, 0.0509803928, 0.250980407
vb0[115]+024 TANGENT: 0, 0.961910486, 0.273364425, -1

vb0[116]+000 POSITION: -3.2207036, 8.32909298, 1.37649989
vb0[116]+012 NORMAL: 0, 1, 2.10263011e-07
vb0[116]+000 COLOR: 0.00784313772, 0.125490203, 0.305882365, 0.752941191
vb0[116]+000 TEXCOORD: 0.00784313772, 0.125490203, 0.305882365, 0.752941191
vb0[116]+000 TEXCOORD1: 0.00784313772, 0.125490203, 0.305882365, 0.752941191
vb0[116]+000 TEXCOORD2: 0.00784313772, 0.125490203, 0.305882365, 0.752941191
vb0[116]+000 TEXCOORD3: 0.00784313772, 0.125490203, 0.305882365, 0.752941191
vb0[116]+024 TANGENT: 0, 0, 1, -1

vb0[117]+000 POSITION: -1.87027192, 8.32909393, -4.42909765
vb0[117]+012 NORMAL: 0, 1, 2.10263011e-07
vb0[117]+000 COLOR: 0.0705882385, 0.396078438, 0.937254906, 0.749019623
vb0[117]+000 TEXCOORD: 0.0705882385, 0.396078438, 0.937254906, 0.749019623
vb0[117]+000 TEXCOORD1: 0.0705882385, 0.396078438, 0.937254906, 0.749019623
vb0[117]+000 TEXCOORD2: 0.0705882385, 0.396078438, 0.937254906, 0.749019623
vb0[117]+000 TEXCOORD3: 0.0705882385, 0.396078438, 0.937254906, 0.749019623
vb0[117]+024 TANGENT: 0, 0, 1, -1

vb0[118]+000 POSITION: -3.2207036, 8.32909393, -4.42910099
vb0[118]+012 NORMAL: 0, 1, 2.10262982e-07
vb0[118]+000 COLOR: 0.00784313772, 0.125490203, 0.305882365, 0.752941191
vb0[118]+000 TEXCOORD: 0.00784313772, 0.125490203, 0.305882365, 0.752941191
vb0[118]+000 TEXCOORD1: 0.00784313772, 0.125490203, 0.305882365, 0.752941191
vb0[118]+000 TEXCOORD2: 0.00784313772, 0.125490203, 0.305882365, 0.752941191
vb0[118]+000 TEXCOORD3: 0.00784313772, 0.125490203, 0.305882365, 0.752941191
vb0[118]+024 TANGENT: 0, 0, 1, -1

vb0[119]+000 POSITION: -1.87027192, 8.32909298, 1.37650359
vb0[119]+012 NORMAL: 0, 1, 2.10262982e-07
vb0[119]+000 COLOR: 0.0705882385, 0.396078438, 0.937254906, 0.749019623
vb0[119]+000 TEXCOORD: 0.0705882385, 0.396078438, 0.937254906, 0.749019623
vb0[119]+000 TEXCOORD1: 0.0705882385, 0.396078438, 0.937254906, 0.749019623
vb0[119]+000 TEXCOORD2: 0.0705882385, 0.396078438, 0.937254906, 0.749019623
vb0[119]+000 TEXCOORD3: 0.0705882385, 0.396078438, 0.937254906, 0.749019623
vb0[119]+024 TANGENT: 0, 0, 1, -1

vb0[120]+000 POSITION: -3.2207036, 8.32909298, 1.37649989
vb0[120]+012 NORMAL: -1, 0, 0
vb0[120]+000 COLOR: 0.00784313772, 0.125490203, 0.305882365, 0.752941191
vb0[120]+000 TEXCOORD: 0.00784313772, 0.125490203, 0.305882365, 0.752941191
vb0[120]+000 TEXCOORD1: 0.00784313772, 0.125490203, 0.305882365, 0.752941191
vb0[120]+000 TEXCOORD2: 0.00784313772, 0.125490203, 0.305882365, 0.752941191
vb0[120]+000 TEXCOORD3: 0.00784313772, 0.125490203, 0.305882365, 0.752941191
vb0[120]+024 TANGENT: 0, 0, 1, 1

vb0[121]+000 POSITION: -3.2207036, 7.78630114, -4.42910099
vb0[121]+012 NORMAL: -1, 0, 0
vb0[121]+000 COLOR: 0.00784313772, 0.125490203, 0.305882365, 0.752941191
vb0[121]+000 TEXCOORD: 0.00784313772, 0.125490203, 0.305882365, 0.752941191
vb0[121]+000 TEXCOORD1: 0.00784313772, 0.125490203, 0.305882365, 0.752941191
vb0[121]+000 TEXCOORD2: 0.00784313772, 0.125490203, 0.305882365, 0.752941191
vb0[121]+000 TEXCOORD3: 0.00784313772, 0.125490203, 0.305882365, 0.752941191
vb0[121]+024 TANGENT: 0, 0, 1, 1

vb0[122]+000 POSITION: -3.2207036, 7.78629971, 1.37649989
vb0[122]+012 NORMAL: -1, 0, 0
vb0[122]+000 COLOR: 0.00784313772, 0.125490203, 0.305882365, 0.752941191
vb0[122]+000 TEXCOORD: 0.00784313772, 0.125490203, 0.305882365, 0.752941191
vb0[122]+000 TEXCOORD1: 0.00784313772, 0.125490203, 0.305882365, 0.752941191
vb0[122]+000 TEXCOORD2: 0.00784313772, 0.125490203, 0.305882365, 0.752941191
vb0[122]+000 TEXCOORD3: 0.00784313772, 0.125490203, 0.305882365, 0.752941191
vb0[122]+024 TANGENT: 0, 0, 1, 1

vb0[123]+000 POSITION: -3.2207036, 8.32909393, -4.42910099
vb0[123]+012 NORMAL: -1, 0, 0
vb0[123]+000 COLOR: 0.00784313772, 0.125490203, 0.305882365, 0.752941191
vb0[123]+000 TEXCOORD: 0.00784313772, 0.125490203, 0.305882365, 0.752941191
vb0[123]+000 TEXCOORD1: 0.00784313772, 0.125490203, 0.305882365, 0.752941191
vb0[123]+000 TEXCOORD2: 0.00784313772, 0.125490203, 0.305882365, 0.752941191
vb0[123]+000 TEXCOORD3: 0.00784313772, 0.125490203, 0.305882365, 0.752941191
vb0[123]+024 TANGENT: 0, 0, 1, 1

vb0[124]+000 POSITION: -2.87976623, 8.04524803, 1.37649989
vb0[124]+012 NORMAL: -1, 0, 0
vb0[124]+000 COLOR: 0.0901960805, 0.305882365, 0.219607845, 0.752941191
vb0[124]+000 TEXCOORD: 0.0901960805, 0.305882365, 0.219607845, 0.752941191
vb0[124]+000 TEXCOORD1: 0.0901960805, 0.305882365, 0.219607845, 0.752941191
vb0[124]+000 TEXCOORD2: 0.0901960805, 0.305882365, 0.219607845, 0.752941191
vb0[124]+000 TEXCOORD3: 0.0901960805, 0.305882365, 0.219607845, 0.752941191
vb0[124]+024 TANGENT: 0, 0, 1, -1

vb0[125]+000 POSITION: -2.87976623, 7.12883997, -4.42910099
vb0[125]+012 NORMAL: -1, 0, 0
vb0[125]+000 COLOR: 0.0901960805, 0.305882365, 0.219607845, 0.752941191
vb0[125]+000 TEXCOORD: 0.0901960805, 0.305882365, 0.219607845, 0.752941191
vb0[125]+000 TEXCOORD1: 0.0901960805, 0.305882365, 0.219607845, 0.752941191
vb0[125]+000 TEXCOORD2: 0.0901960805, 0.305882365, 0.219607845, 0.752941191
vb0[125]+000 TEXCOORD3: 0.0901960805, 0.305882365, 0.219607845, 0.752941191
vb0[125]+024 TANGENT: 0, 0, 1, -1

vb0[126]+000 POSITION: -2.87976623, 7.12883902, 1.37649989
vb0[126]+012 NORMAL: -1, 0, 0
vb0[126]+000 COLOR: 0.0901960805, 0.305882365, 0.219607845, 0.752941191
vb0[126]+000 TEXCOORD: 0.0901960805, 0.305882365, 0.219607845, 0.752941191
vb0[126]+000 TEXCOORD1: 0.0901960805, 0.305882365, 0.219607845, 0.752941191
vb0[126]+000 TEXCOORD2: 0.0901960805, 0.305882365, 0.219607845, 0.752941191
vb0[126]+000 TEXCOORD3: 0.0901960805, 0.305882365, 0.219607845, 0.752941191
vb0[126]+024 TANGENT: 0, 0, 1, -1

vb0[127]+000 POSITION: -2.87976623, 8.04524899, -4.42910099
vb0[127]+012 NORMAL: -1, 0, 0
vb0[127]+000 COLOR: 0.0901960805, 0.305882365, 0.219607845, 0.752941191
vb0[127]+000 TEXCOORD: 0.0901960805, 0.305882365, 0.219607845, 0.752941191
vb0[127]+000 TEXCOORD1: 0.0901960805, 0.305882365, 0.219607845, 0.752941191
vb0[127]+000 TEXCOORD2: 0.0901960805, 0.305882365, 0.219607845, 0.752941191
vb0[127]+000 TEXCOORD3: 0.0901960805, 0.305882365, 0.219607845, 0.752941191
vb0[127]+024 TANGENT: 0, 0, 1, -1

vb0[128]+000 POSITION: -3.401402, 7.25801086, 0.94604218
vb0[128]+012 NORMAL: 0, 1, 1.1355074e-07
vb0[128]+000 COLOR: 0.572549045, 0.690196097, 0.349019617, 0.752941191
vb0[128]+000 TEXCOORD: 0.572549045, 0.690196097, 0.349019617, 0.752941191
vb0[128]+000 TEXCOORD1: 0.572549045, 0.690196097, 0.349019617, 0.752941191
vb0[128]+000 TEXCOORD2: 0.572549045, 0.690196097, 0.349019617, 0.752941191
vb0[128]+000 TEXCOORD3: 0.572549045, 0.690196097, 0.349019617, 0.752941191
vb0[128]+024 TANGENT: 0, 0, 1, -1

vb0[129]+000 POSITION: -2.64571834, 7.25801134, -4.42909765
vb0[129]+012 NORMAL: 0, 1, 1.1355074e-07
vb0[129]+000 COLOR: 0.450980395, 0.325490206, 0.160784319, 0.752941191
vb0[129]+000 TEXCOORD: 0.450980395, 0.325490206, 0.160784319, 0.752941191
vb0[129]+000 TEXCOORD1: 0.450980395, 0.325490206, 0.160784319, 0.752941191
vb0[129]+000 TEXCOORD2: 0.450980395, 0.325490206, 0.160784319, 0.752941191
vb0[129]+000 TEXCOORD3: 0.450980395, 0.325490206, 0.160784319, 0.752941191
vb0[129]+024 TANGENT: 0, 0, 1, -1

vb0[130]+000 POSITION: -3.401402, 7.25801134, -4.42910099
vb0[130]+012 NORMAL: 0, 1, 1.13550747e-07
vb0[130]+000 COLOR: 0.572549045, 0.690196097, 0.349019617, 0.752941191
vb0[130]+000 TEXCOORD: 0.572549045, 0.690196097, 0.349019617, 0.752941191
vb0[130]+000 TEXCOORD1: 0.572549045, 0.690196097, 0.349019617, 0.752941191
vb0[130]+000 TEXCOORD2: 0.572549045, 0.690196097, 0.349019617, 0.752941191
vb0[130]+000 TEXCOORD3: 0.572549045, 0.690196097, 0.349019617, 0.752941191
vb0[130]+024 TANGENT: 0, 0, 1, -1

vb0[131]+000 POSITION: -2.64571834, 7.25801086, 0.946045816
vb0[131]+012 NORMAL: 0, 1, 1.13550747e-07
vb0[131]+000 COLOR: 0.450980395, 0.325490206, 0.160784319, 0.752941191
vb0[131]+000 TEXCOORD: 0.450980395, 0.325490206, 0.160784319, 0.752941191
vb0[131]+000 TEXCOORD1: 0.450980395, 0.325490206, 0.160784319, 0.752941191
vb0[131]+000 TEXCOORD2: 0.450980395, 0.325490206, 0.160784319, 0.752941191
vb0[131]+000 TEXCOORD3: 0.450980395, 0.325490206, 0.160784319, 0.752941191
vb0[131]+024 TANGENT: 0, 0, 1, -1

vb0[132]+000 POSITION: -3.401402, 7.25801086, 0.94604218
vb0[132]+012 NORMAL: -1, 0, 0
vb0[132]+000 COLOR: 0.572549045, 0.690196097, 0.349019617, 0.752941191
vb0[132]+000 TEXCOORD: 0.572549045, 0.690196097, 0.349019617, 0.752941191
vb0[132]+000 TEXCOORD1: 0.572549045, 0.690196097, 0.349019617, 0.752941191
vb0[132]+000 TEXCOORD2: 0.572549045, 0.690196097, 0.349019617, 0.752941191
vb0[132]+000 TEXCOORD3: 0.572549045, 0.690196097, 0.349019617, 0.752941191
vb0[132]+024 TANGENT: 0, 0, 1, -1

vb0[133]+000 POSITION: -3.401402, 6.34902525, -4.42910099
vb0[133]+012 NORMAL: -1, 0, 0
vb0[133]+000 COLOR: 0.572549045, 0.690196097, 0.349019617, 0.752941191
vb0[133]+000 TEXCOORD: 0.572549045, 0.690196097, 0.349019617, 0.752941191
vb0[133]+000 TEXCOORD1: 0.572549045, 0.690196097, 0.349019617, 0.752941191
vb0[133]+000 TEXCOORD2: 0.572549045, 0.690196097, 0.349019617, 0.752941191
vb0[133]+000 TEXCOORD3: 0.572549045, 0.690196097, 0.349019617, 0.752941191
vb0[133]+024 TANGENT: 0, 0, 1, -1

vb0[134]+000 POSITION: -3.401402, 6.3490243, 0.94604218
vb0[134]+012 NORMAL: -1, 0, 0
vb0[134]+000 COLOR: 0.572549045, 0.690196097, 0.349019617, 0.752941191
vb0[134]+000 TEXCOORD: 0.572549045, 0.690196097, 0.349019617, 0.752941191
vb0[134]+000 TEXCOORD1: 0.572549045, 0.690196097, 0.349019617, 0.752941191
vb0[134]+000 TEXCOORD2: 0.572549045, 0.690196097, 0.349019617, 0.752941191
vb0[134]+000 TEXCOORD3: 0.572549045, 0.690196097, 0.349019617, 0.752941191
vb0[134]+024 TANGENT: 0, 0, 1, -1

vb0[135]+000 POSITION: -3.401402, 7.25801134, -4.42910099
vb0[135]+012 NORMAL: -1, 0, 0
vb0[135]+000 COLOR: 0.572549045, 0.690196097, 0.349019617, 0.752941191
vb0[135]+000 TEXCOORD: 0.572549045, 0.690196097, 0.349019617, 0.752941191
vb0[135]+000 TEXCOORD1: 0.572549045, 0.690196097, 0.349019617, 0.752941191
vb0[135]+000 TEXCOORD2: 0.572549045, 0.690196097, 0.349019617, 0.752941191
vb0[135]+000 TEXCOORD3: 0.572549045, 0.690196097, 0.349019617, 0.752941191
vb0[135]+024 TANGENT: 0, 0, 1, -1

vb0[136]+000 POSITION: -3.37302065, 6.43808842, 1.5785147
vb0[136]+012 NORMAL: -1, 0, 0
vb0[136]+000 COLOR: 0.572549045, 0.874509811, 0.34117648, 0.752941191
vb0[136]+000 TEXCOORD: 0.572549045, 0.874509811, 0.34117648, 0.752941191
vb0[136]+000 TEXCOORD1: 0.572549045, 0.874509811, 0.34117648, 0.752941191
vb0[136]+000 TEXCOORD2: 0.572549045, 0.874509811, 0.34117648, 0.752941191
vb0[136]+000 TEXCOORD3: 0.572549045, 0.874509811, 0.34117648, 0.752941191
vb0[136]+024 TANGENT: 0, 0, 1, -1

vb0[137]+000 POSITION: -3.37302065, 4.61609697, -5.18041754
vb0[137]+012 NORMAL: -1, 0, 0
vb0[137]+000 COLOR: 0.572549045, 0.874509811, 0.34117648, 0.752941191
vb0[137]+000 TEXCOORD: 0.572549045, 0.874509811, 0.34117648, 0.752941191
vb0[137]+000 TEXCOORD1: 0.572549045, 0.874509811, 0.34117648, 0.752941191
vb0[137]+000 TEXCOORD2: 0.572549045, 0.874509811, 0.34117648, 0.752941191
vb0[137]+000 TEXCOORD3: 0.572549045, 0.874509811, 0.34117648, 0.752941191
vb0[137]+024 TANGENT: 0, 0, 1, -1

vb0[138]+000 POSITION: -3.37302065, 4.61609602, 1.57851386
vb0[138]+012 NORMAL: -1, 0, 0
vb0[138]+000 COLOR: 0.572549045, 0.874509811, 0.34117648, 0.752941191
vb0[138]+000 TEXCOORD: 0.572549045, 0.874509811, 0.34117648, 0.752941191
vb0[138]+000 TEXCOORD1: 0.572549045, 0.874509811, 0.34117648, 0.752941191
vb0[138]+000 TEXCOORD2: 0.572549045, 0.874509811, 0.34117648, 0.752941191
vb0[138]+000 TEXCOORD3: 0.572549045, 0.874509811, 0.34117648, 0.752941191
vb0[138]+024 TANGENT: 0, 0, 1, -1

vb0[139]+000 POSITION: -3.37302065, 6.43808937, -5.18041754
vb0[139]+012 NORMAL: -1, 0, 0
vb0[139]+000 COLOR: 0.572549045, 0.874509811, 0.34117648, 0.752941191
vb0[139]+000 TEXCOORD: 0.572549045, 0.874509811, 0.34117648, 0.752941191
vb0[139]+000 TEXCOORD1: 0.572549045, 0.874509811, 0.34117648, 0.752941191
vb0[139]+000 TEXCOORD2: 0.572549045, 0.874509811, 0.34117648, 0.752941191
vb0[139]+000 TEXCOORD3: 0.572549045, 0.874509811, 0.34117648, 0.752941191
vb0[139]+024 TANGENT: 0, 0, 1, -1

vb0[140]+000 POSITION: -2.95808339, 4.70621014, 1.41913581
vb0[140]+012 NORMAL: -1, 0, 0
vb0[140]+000 COLOR: 0.239215687, 0.31764707, 0.239215687, 0.752941191
vb0[140]+000 TEXCOORD: 0.239215687, 0.31764707, 0.239215687, 0.752941191
vb0[140]+000 TEXCOORD1: 0.239215687, 0.31764707, 0.239215687, 0.752941191
vb0[140]+000 TEXCOORD2: 0.239215687, 0.31764707, 0.239215687, 0.752941191
vb0[140]+000 TEXCOORD3: 0.239215687, 0.31764707, 0.239215687, 0.752941191
vb0[140]+024 TANGENT: 0, 0, 1, -1

vb0[141]+000 POSITION: -2.95808339, 3.8829596, -5.27264738
vb0[141]+012 NORMAL: -1, 0, 0
vb0[141]+000 COLOR: 0.239215687, 0.31764707, 0.239215687, 0.752941191
vb0[141]+000 TEXCOORD: 0.239215687, 0.31764707, 0.239215687, 0.752941191
vb0[141]+000 TEXCOORD1: 0.239215687, 0.31764707, 0.239215687, 0.752941191
vb0[141]+000 TEXCOORD2: 0.239215687, 0.31764707, 0.239215687, 0.752941191
vb0[141]+000 TEXCOORD3: 0.239215687, 0.31764707, 0.239215687, 0.752941191
vb0[141]+024 TANGENT: 0, 0, 1, -1

vb0[142]+000 POSITION: -2.95808339, 3.88295794, 1.41913581
vb0[142]+012 NORMAL: -1, 0, 0
vb0[142]+000 COLOR: 0.239215687, 0.31764707, 0.239215687, 0.752941191
vb0[142]+000 TEXCOORD: 0.239215687, 0.31764707, 0.239215687, 0.752941191
vb0[142]+000 TEXCOORD1: 0.239215687, 0.31764707, 0.239215687, 0.752941191
vb0[142]+000 TEXCOORD2: 0.239215687, 0.31764707, 0.239215687, 0.752941191
vb0[142]+000 TEXCOORD3: 0.239215687, 0.31764707, 0.239215687, 0.752941191
vb0[142]+024 TANGENT: 0, 0, 1, -1

vb0[143]+000 POSITION: -2.95808339, 4.70621157, -5.27264738
vb0[143]+012 NORMAL: -1, 0, 0
vb0[143]+000 COLOR: 0.239215687, 0.31764707, 0.239215687, 0.752941191
vb0[143]+000 TEXCOORD: 0.239215687, 0.31764707, 0.239215687, 0.752941191
vb0[143]+000 TEXCOORD1: 0.239215687, 0.31764707, 0.239215687, 0.752941191
vb0[143]+000 TEXCOORD2: 0.239215687, 0.31764707, 0.239215687, 0.752941191
vb0[143]+000 TEXCOORD3: 0.239215687, 0.31764707, 0.239215687, 0.752941191
vb0[143]+024 TANGENT: 0, 0, 1, -1

vb0[144]+000 POSITION: -2.7186377, 3.91411543, 1.41913581
vb0[144]+012 NORMAL: -1, 0, 0
vb0[144]+000 COLOR: 0.160784319, 0.996078432, 0.176470593, 0.752941191
vb0[144]+000 TEXCOORD: 0.160784319, 0.996078432, 0.176470593, 0.752941191
vb0[144]+000 TEXCOORD1: 0.160784319, 0.996078432, 0.176470593, 0.752941191
vb0[144]+000 TEXCOORD2: 0.160784319, 0.996078432, 0.176470593, 0.752941191
vb0[144]+000 TEXCOORD3: 0.160784319, 0.996078432, 0.176470593, 0.752941191
vb0[144]+024 TANGENT: 0, 0, 1, -1

vb0[145]+000 POSITION: -2.7186377, 1.52226722, -5.27264881
vb0[145]+012 NORMAL: -1, 0, 0
vb0[145]+000 COLOR: 0.160784319, 0.996078432, 0.176470593, 0.752941191
vb0[145]+000 TEXCOORD: 0.160784319, 0.996078432, 0.176470593, 0.752941191
vb0[145]+000 TEXCOORD1: 0.160784319, 0.996078432, 0.176470593, 0.752941191
vb0[145]+000 TEXCOORD2: 0.160784319, 0.996078432, 0.176470593, 0.752941191
vb0[145]+000 TEXCOORD3: 0.160784319, 0.996078432, 0.176470593, 0.752941191
vb0[145]+024 TANGENT: 0, 0, 1, -1

vb0[146]+000 POSITION: -2.7186377, 1.52226591, 1.41913509
vb0[146]+012 NORMAL: -1, 0, 0
vb0[146]+000 COLOR: 0.160784319, 0.996078432, 0.176470593, 0.752941191
vb0[146]+000 TEXCOORD: 0.160784319, 0.996078432, 0.176470593, 0.752941191
vb0[146]+000 TEXCOORD1: 0.160784319, 0.996078432, 0.176470593, 0.752941191
vb0[146]+000 TEXCOORD2: 0.160784319, 0.996078432, 0.176470593, 0.752941191
vb0[146]+000 TEXCOORD3: 0.160784319, 0.996078432, 0.176470593, 0.752941191
vb0[146]+024 TANGENT: 0, 0, 1, -1

vb0[147]+000 POSITION: -2.7186377, 3.9141171, -5.27264738
vb0[147]+012 NORMAL: -1, 0, 0
vb0[147]+000 COLOR: 0.160784319, 0.996078432, 0.176470593, 0.752941191
vb0[147]+000 TEXCOORD: 0.160784319, 0.996078432, 0.176470593, 0.752941191
vb0[147]+000 TEXCOORD1: 0.160784319, 0.996078432, 0.176470593, 0.752941191
vb0[147]+000 TEXCOORD2: 0.160784319, 0.996078432, 0.176470593, 0.752941191
vb0[147]+000 TEXCOORD3: 0.160784319, 0.996078432, 0.176470593, 0.752941191
vb0[147]+024 TANGENT: 0, 0, 1, -1

vb0[148]+000 POSITION: -3.11936641, 1.58658946, -5.37756681
vb0[148]+012 NORMAL: 0.0354702659, 0.999350369, 0.00637896545
vb0[148]+000 COLOR: 0.701960802, 0.639215708, 0.278431386, 0.752941191
vb0[148]+000 TEXCOORD: 0.701960802, 0.639215708, 0.278431386, 0.752941191
vb0[148]+000 TEXCOORD1: 0.701960802, 0.639215708, 0.278431386, 0.752941191
vb0[148]+000 TEXCOORD2: 0.701960802, 0.639215708, 0.278431386, 0.752941191
vb0[148]+000 TEXCOORD3: 0.701960802, 0.639215708, 0.278431386, 0.752941191
vb0[148]+024 TANGENT: 0, 0.00640560221, -0.999979496, -1

vb0[149]+000 POSITION: -2.6879406, 1.53076231, 0.969564259
vb0[149]+012 NORMAL: 0.0298594777, 0.999531269, 0.00676193042
vb0[149]+000 COLOR: 0.219607845, 0.0274509806, 0.172549024, 0.752941191
vb0[149]+000 TEXCOORD: 0.219607845, 0.0274509806, 0.172549024, 0.752941191
vb0[149]+000 TEXCOORD1: 0.219607845, 0.0274509806, 0.172549024, 0.752941191
vb0[149]+000 TEXCOORD2: 0.219607845, 0.0274509806, 0.172549024, 0.752941191
vb0[149]+000 TEXCOORD3: 0.219607845, 0.0274509806, 0.172549024, 0.752941191
vb0[149]+024 TANGENT: 0, 0.00675466983, -0.999977231, -1

vb0[150]+000 POSITION: -2.6922791, 1.57062161, -5.27264881
vb0[150]+012 NORMAL: 0.0358015932, 0.999338686, 0.0063563413
vb0[150]+000 COLOR: 0.301960796, 0.305882365, 0.172549024, 0.752941191
vb0[150]+000 TEXCOORD: 0.301960796, 0.305882365, 0.172549024, 0.752941191
vb0[150]+000 TEXCOORD1: 0.301960796, 0.305882365, 0.172549024, 0.752941191
vb0[150]+000 TEXCOORD2: 0.301960796, 0.305882365, 0.172549024, 0.752941191
vb0[150]+000 TEXCOORD3: 0.301960796, 0.305882365, 0.172549024, 0.752941191
vb0[150]+024 TANGENT: 0, 0.00638532639, -0.999979615, -1

vb0[151]+000 POSITION: -3.1399889, 1.54416215, 0.967161894
vb0[151]+012 NORMAL: 0.029592732, 0.999539018, 0.00678012893
vb0[151]+000 COLOR: 0.580392182, 0.960784316, 0.282352954, 0.752941191
vb0[151]+000 TEXCOORD: 0.580392182, 0.960784316, 0.282352954, 0.752941191
vb0[151]+000 TEXCOORD1: 0.580392182, 0.960784316, 0.282352954, 0.752941191
vb0[151]+000 TEXCOORD2: 0.580392182, 0.960784316, 0.282352954, 0.752941191
vb0[151]+000 TEXCOORD3: 0.580392182, 0.960784316, 0.282352954, 0.752941191
vb0[151]+024 TANGENT: 0, 0.00677153468, -0.999977112, -1

vb0[152]+000 POSITION: -3.07456899, -0.044561889, 0.963540018
vb0[152]+012 NORMAL: -0.999438822, -0.0334607922, -0.00154663867
vb0[152]+000 COLOR: 0.741176486, 0.772549033, 0.266666681, 0.752941191
vb0[152]+000 TEXCOORD: 0.741176486, 0.772549033, 0.266666681, 0.752941191
vb0[152]+000 TEXCOORD1: 0.741176486, 0.772549033, 0.266666681, 0.752941191
vb0[152]+000 TEXCOORD2: 0.741176486, 0.772549033, 0.266666681, 0.752941191
vb0[152]+000 TEXCOORD3: 0.741176486, 0.772549033, 0.266666681, 0.752941191
vb0[152]+024 TANGENT: 0.00145634159, 0.00272279559, -0.999995232, -1

vb0[153]+000 POSITION: -3.11936641, 1.58658946, -5.37756681
vb0[153]+012 NORMAL: -0.999975204, -4.34903086e-05, 0.00705323368
vb0[153]+000 COLOR: 0.701960802, 0.639215708, 0.278431386, 0.752941191
vb0[153]+000 TEXCOORD: 0.701960802, 0.639215708, 0.278431386, 0.752941191
vb0[153]+000 TEXCOORD1: 0.701960802, 0.639215708, 0.278431386, 0.752941191
vb0[153]+000 TEXCOORD2: 0.701960802, 0.639215708, 0.278431386, 0.752941191
vb0[153]+000 TEXCOORD3: 0.701960802, 0.639215708, 0.278431386, 0.752941191
vb0[153]+024 TANGENT: -0.00705332309, 0.00258073257, -0.999971867, -1

vb0[154]+000 POSITION: -3.13159299, -0.0169459842, -5.39063931
vb0[154]+012 NORMAL: -0.999930978, 0.00755080441, 0.00900643505
vb0[154]+000 COLOR: 0.0196078438, 0.423529416, 0.282352954, 0.752941191
vb0[154]+000 TEXCOORD: 0.0196078438, 0.423529416, 0.282352954, 0.752941191
vb0[154]+000 TEXCOORD1: 0.0196078438, 0.423529416, 0.282352954, 0.752941191
vb0[154]+000 TEXCOORD2: 0.0196078438, 0.423529416, 0.282352954, 0.752941191
vb0[154]+000 TEXCOORD3: 0.0196078438, 0.423529416, 0.282352954, 0.752941191
vb0[154]+024 TANGENT: -0.00898742024, 0.00254843826, -0.999956369, -1

vb0[155]+000 POSITION: -3.1399889, 1.54416215, 0.967161894
vb0[155]+012 NORMAL: -0.999147415, -0.0411345139, -0.00352264149
vb0[155]+000 COLOR: 0.580392182, 0.960784316, 0.282352954, 0.752941191
vb0[155]+000 TEXCOORD: 0.580392182, 0.960784316, 0.282352954, 0.752941191
vb0[155]+000 TEXCOORD1: 0.580392182, 0.960784316, 0.282352954, 0.752941191
vb0[155]+000 TEXCOORD2: 0.580392182, 0.960784316, 0.282352954, 0.752941191
vb0[155]+000 TEXCOORD3: 0.580392182, 0.960784316, 0.282352954, 0.752941191
vb0[155]+024 TANGENT: 0.00341217336, 0.00275544194, -0.999990463, -1

vb0[156]+000 POSITION: 3.22069764, 8.32909298, 1.37649989
vb0[156]+012 NORMAL: 0, 1, 2.10263011e-07
vb0[156]+000 COLOR: 0.913725495, 0.121568628, 0.305882365, 0.250980407
vb0[156]+000 TEXCOORD: 0.913725495, 0.121568628, 0.305882365, 0.250980407
vb0[156]+000 TEXCOORD1: 0.913725495, 0.121568628, 0.305882365, 0.250980407
vb0[156]+000 TEXCOORD2: 0.913725495, 0.121568628, 0.305882365, 0.250980407
vb0[156]+000 TEXCOORD3: 0.913725495, 0.121568628, 0.305882365, 0.250980407
vb0[156]+024 TANGENT: 0, 0, 1, 1

vb0[157]+000 POSITION: 1.87026572, 8.32909393, -4.42909765
vb0[157]+012 NORMAL: 0, 1, 2.10263011e-07
vb0[157]+000 COLOR: 0.870588243, 0.392156869, 0.937254906, 0.247058824
vb0[157]+000 TEXCOORD: 0.870588243, 0.392156869, 0.937254906, 0.247058824
vb0[157]+000 TEXCOORD1: 0.870588243, 0.392156869, 0.937254906, 0.247058824
vb0[157]+000 TEXCOORD2: 0.870588243, 0.392156869, 0.937254906, 0.247058824
vb0[157]+000 TEXCOORD3: 0.870588243, 0.392156869, 0.937254906, 0.247058824
vb0[157]+024 TANGENT: 0, 0, 1, 1

vb0[158]+000 POSITION: 1.87026572, 8.32909298, 1.37650359
vb0[158]+012 NORMAL: 0, 1, 2.10262982e-07
vb0[158]+000 COLOR: 0.870588243, 0.392156869, 0.937254906, 0.247058824
vb0[158]+000 TEXCOORD: 0.870588243, 0.392156869, 0.937254906, 0.247058824
vb0[158]+000 TEXCOORD1: 0.870588243, 0.392156869, 0.937254906, 0.247058824
vb0[158]+000 TEXCOORD2: 0.870588243, 0.392156869, 0.937254906, 0.247058824
vb0[158]+000 TEXCOORD3: 0.870588243, 0.392156869, 0.937254906, 0.247058824
vb0[158]+024 TANGENT: 0, 0, 1, 1

vb0[159]+000 POSITION: 3.22069764, 8.32909393, -4.42910099
vb0[159]+012 NORMAL: 0, 1, 2.10262982e-07
vb0[159]+000 COLOR: 0.913725495, 0.121568628, 0.305882365, 0.250980407
vb0[159]+000 TEXCOORD: 0.913725495, 0.121568628, 0.305882365, 0.250980407
vb0[159]+000 TEXCOORD1: 0.913725495, 0.121568628, 0.305882365, 0.250980407
vb0[159]+000 TEXCOORD2: 0.913725495, 0.121568628, 0.305882365, 0.250980407
vb0[159]+000 TEXCOORD3: 0.913725495, 0.121568628, 0.305882365, 0.250980407
vb0[159]+024 TANGENT: 0, 0, 1, 1

vb0[160]+000 POSITION: 3.22069764, 8.32909298, 1.37649989
vb0[160]+012 NORMAL: 1, 0, 0
vb0[160]+000 COLOR: 0.913725495, 0.121568628, 0.305882365, 0.250980407
vb0[160]+000 TEXCOORD: 0.913725495, 0.121568628, 0.305882365, 0.250980407
vb0[160]+000 TEXCOORD1: 0.913725495, 0.121568628, 0.305882365, 0.250980407
vb0[160]+000 TEXCOORD2: 0.913725495, 0.121568628, 0.305882365, 0.250980407
vb0[160]+000 TEXCOORD3: 0.913725495, 0.121568628, 0.305882365, 0.250980407
vb0[160]+024 TANGENT: 0, 0, 1, -1

vb0[161]+000 POSITION: 3.22069764, 7.78630114, -4.42910099
vb0[161]+012 NORMAL: 1, 0, 0
vb0[161]+000 COLOR: 0.913725495, 0.121568628, 0.305882365, 0.250980407
vb0[161]+000 TEXCOORD: 0.913725495, 0.121568628, 0.305882365, 0.250980407
vb0[161]+000 TEXCOORD1: 0.913725495, 0.121568628, 0.305882365, 0.250980407
vb0[161]+000 TEXCOORD2: 0.913725495, 0.121568628, 0.305882365, 0.250980407
vb0[161]+000 TEXCOORD3: 0.913725495, 0.121568628, 0.305882365, 0.250980407
vb0[161]+024 TANGENT: 0, 0, 1, -1

vb0[162]+000 POSITION: 3.22069764, 8.32909393, -4.42910099
vb0[162]+012 NORMAL: 1, 0, 0
vb0[162]+000 COLOR: 0.913725495, 0.121568628, 0.305882365, 0.250980407
vb0[162]+000 TEXCOORD: 0.913725495, 0.121568628, 0.305882365, 0.250980407
vb0[162]+000 TEXCOORD1: 0.913725495, 0.121568628, 0.305882365, 0.250980407
vb0[162]+000 TEXCOORD2: 0.913725495, 0.121568628, 0.305882365, 0.250980407
vb0[162]+000 TEXCOORD3: 0.913725495, 0.121568628, 0.305882365, 0.250980407
vb0[162]+024 TANGENT: 0, 0, 1, -1

vb0[163]+000 POSITION: 3.22069764, 7.78629971, 1.37649989
vb0[163]+012 NORMAL: 1, 0, 0
vb0[163]+000 COLOR: 0.913725495, 0.121568628, 0.305882365, 0.250980407
vb0[163]+000 TEXCOORD: 0.913725495, 0.121568628, 0.305882365, 0.250980407
vb0[163]+000 TEXCOORD1: 0.913725495, 0.121568628, 0.305882365, 0.250980407
vb0[163]+000 TEXCOORD2: 0.913725495, 0.121568628, 0.305882365, 0.250980407
vb0[163]+000 TEXCOORD3: 0.913725495, 0.121568628, 0.305882365, 0.250980407
vb0[163]+024 TANGENT: 0, 0, 1, -1

vb0[164]+000 POSITION: 3.37301445, 6.43808842, 1.5785147
vb0[164]+012 NORMAL: 1, 0, 0
vb0[164]+000 COLOR: 0.470588237, 0.874509811, 0.34117648, 0.250980407
vb0[164]+000 TEXCOORD: 0.470588237, 0.874509811, 0.34117648, 0.250980407
vb0[164]+000 TEXCOORD1: 0.470588237, 0.874509811, 0.34117648, 0.250980407
vb0[164]+000 TEXCOORD2: 0.470588237, 0.874509811, 0.34117648, 0.250980407
vb0[164]+000 TEXCOORD3: 0.470588237, 0.874509811, 0.34117648, 0.250980407
vb0[164]+024 TANGENT: 0, 0, 1, 1

vb0[165]+000 POSITION: 3.37301445, 4.61609697, -5.18041754
vb0[165]+012 NORMAL: 1, 0, 0
vb0[165]+000 COLOR: 0.470588237, 0.874509811, 0.34117648, 0.250980407
vb0[165]+000 TEXCOORD: 0.470588237, 0.874509811, 0.34117648, 0.250980407
vb0[165]+000 TEXCOORD1: 0.470588237, 0.874509811, 0.34117648, 0.250980407
vb0[165]+000 TEXCOORD2: 0.470588237, 0.874509811, 0.34117648, 0.250980407
vb0[165]+000 TEXCOORD3: 0.470588237, 0.874509811, 0.34117648, 0.250980407
vb0[165]+024 TANGENT: 0, 0, 1, 1

vb0[166]+000 POSITION: 3.37301445, 6.43808937, -5.18041754
vb0[166]+012 NORMAL: 1, 0, 0
vb0[166]+000 COLOR: 0.470588237, 0.874509811, 0.34117648, 0.250980407
vb0[166]+000 TEXCOORD: 0.470588237, 0.874509811, 0.34117648, 0.250980407
vb0[166]+000 TEXCOORD1: 0.470588237, 0.874509811, 0.34117648, 0.250980407
vb0[166]+000 TEXCOORD2: 0.470588237, 0.874509811, 0.34117648, 0.250980407
vb0[166]+000 TEXCOORD3: 0.470588237, 0.874509811, 0.34117648, 0.250980407
vb0[166]+024 TANGENT: 0, 0, 1, 1

vb0[167]+000 POSITION: 3.37301445, 4.61609602, 1.57851386
vb0[167]+012 NORMAL: 1, 0, 0
vb0[167]+000 COLOR: 0.470588237, 0.874509811, 0.34117648, 0.250980407
vb0[167]+000 TEXCOORD: 0.470588237, 0.874509811, 0.34117648, 0.250980407
vb0[167]+000 TEXCOORD1: 0.470588237, 0.874509811, 0.34117648, 0.250980407
vb0[167]+000 TEXCOORD2: 0.470588237, 0.874509811, 0.34117648, 0.250980407
vb0[167]+000 TEXCOORD3: 0.470588237, 0.874509811, 0.34117648, 0.250980407
vb0[167]+024 TANGENT: 0, 0, 1, 1

vb0[168]+000 POSITION: 2.95807743, 4.70621014, 1.41913581
vb0[168]+012 NORMAL: 1, 0, 0
vb0[168]+000 COLOR: 0.141176477, 0.31764707, 0.239215687, 0.250980407
vb0[168]+000 TEXCOORD: 0.141176477, 0.31764707, 0.239215687, 0.250980407
vb0[168]+000 TEXCOORD1: 0.141176477, 0.31764707, 0.239215687, 0.250980407
vb0[168]+000 TEXCOORD2: 0.141176477, 0.31764707, 0.239215687, 0.250980407
vb0[168]+000 TEXCOORD3: 0.141176477, 0.31764707, 0.239215687, 0.250980407
vb0[168]+024 TANGENT: 0, 0, 1, 1

vb0[169]+000 POSITION: 2.95807743, 3.8829596, -5.27264738
vb0[169]+012 NORMAL: 1, 0, 0
vb0[169]+000 COLOR: 0.141176477, 0.31764707, 0.239215687, 0.250980407
vb0[169]+000 TEXCOORD: 0.141176477, 0.31764707, 0.239215687, 0.250980407
vb0[169]+000 TEXCOORD1: 0.141176477, 0.31764707, 0.239215687, 0.250980407
vb0[169]+000 TEXCOORD2: 0.141176477, 0.31764707, 0.239215687, 0.250980407
vb0[169]+000 TEXCOORD3: 0.141176477, 0.31764707, 0.239215687, 0.250980407
vb0[169]+024 TANGENT: 0, 0, 1, 1

vb0[170]+000 POSITION: 2.95807743, 4.70621157, -5.27264738
vb0[170]+012 NORMAL: 1, 0, 0
vb0[170]+000 COLOR: 0.141176477, 0.31764707, 0.239215687, 0.250980407
vb0[170]+000 TEXCOORD: 0.141176477, 0.31764707, 0.239215687, 0.250980407
vb0[170]+000 TEXCOORD1: 0.141176477, 0.31764707, 0.239215687, 0.250980407
vb0[170]+000 TEXCOORD2: 0.141176477, 0.31764707, 0.239215687, 0.250980407
vb0[170]+000 TEXCOORD3: 0.141176477, 0.31764707, 0.239215687, 0.250980407
vb0[170]+024 TANGENT: 0, 0, 1, 1

vb0[171]+000 POSITION: 2.95807743, 3.88295794, 1.41913581
vb0[171]+012 NORMAL: 1, 0, 0
vb0[171]+000 COLOR: 0.141176477, 0.31764707, 0.239215687, 0.250980407
vb0[171]+000 TEXCOORD: 0.141176477, 0.31764707, 0.239215687, 0.250980407
vb0[171]+000 TEXCOORD1: 0.141176477, 0.31764707, 0.239215687, 0.250980407
vb0[171]+000 TEXCOORD2: 0.141176477, 0.31764707, 0.239215687, 0.250980407
vb0[171]+000 TEXCOORD3: 0.141176477, 0.31764707, 0.239215687, 0.250980407
vb0[171]+024 TANGENT: 0, 0, 1, 1

vb0[172]+000 POSITION: 2.71863151, 3.91411543, 1.41913581
vb0[172]+012 NORMAL: 1, 0, 0
vb0[172]+000 COLOR: 0.0588235296, 0.996078432, 0.176470593, 0.250980407
vb0[172]+000 TEXCOORD: 0.0588235296, 0.996078432, 0.176470593, 0.250980407
vb0[172]+000 TEXCOORD1: 0.0588235296, 0.996078432, 0.176470593, 0.250980407
vb0[172]+000 TEXCOORD2: 0.0588235296, 0.996078432, 0.176470593, 0.250980407
vb0[172]+000 TEXCOORD3: 0.0588235296, 0.996078432, 0.176470593, 0.250980407
vb0[172]+024 TANGENT: 0, 0, 1, 1

vb0[173]+000 POSITION: 2.71863151, 1.52226722, -5.27264881
vb0[173]+012 NORMAL: 1, 0, 0
vb0[173]+000 COLOR: 0.0588235296, 0.996078432, 0.176470593, 0.250980407
vb0[173]+000 TEXCOORD: 0.0588235296, 0.996078432, 0.176470593, 0.250980407
vb0[173]+000 TEXCOORD1: 0.0588235296, 0.996078432, 0.176470593, 0.250980407
vb0[173]+000 TEXCOORD2: 0.0588235296, 0.996078432, 0.176470593, 0.250980407
vb0[173]+000 TEXCOORD3: 0.0588235296, 0.996078432, 0.176470593, 0.250980407
vb0[173]+024 TANGENT: 0, 0, 1, 1

vb0[174]+000 POSITION: 2.71863151, 3.9141171, -5.27264738
vb0[174]+012 NORMAL: 1, 0, 0
vb0[174]+000 COLOR: 0.0588235296, 0.996078432, 0.176470593, 0.250980407
vb0[174]+000 TEXCOORD: 0.0588235296, 0.996078432, 0.176470593, 0.250980407
vb0[174]+000 TEXCOORD1: 0.0588235296, 0.996078432, 0.176470593, 0.250980407
vb0[174]+000 TEXCOORD2: 0.0588235296, 0.996078432, 0.176470593, 0.250980407
vb0[174]+000 TEXCOORD3: 0.0588235296, 0.996078432, 0.176470593, 0.250980407
vb0[174]+024 TANGENT: 0, 0, 1, 1

vb0[175]+000 POSITION: 2.71863151, 1.52226591, 1.41913509
vb0[175]+012 NORMAL: 1, 0, 0
vb0[175]+000 COLOR: 0.0588235296, 0.996078432, 0.176470593, 0.250980407
vb0[175]+000 TEXCOORD: 0.0588235296, 0.996078432, 0.176470593, 0.250980407
vb0[175]+000 TEXCOORD1: 0.0588235296, 0.996078432, 0.176470593, 0.250980407
vb0[175]+000 TEXCOORD2: 0.0588235296, 0.996078432, 0.176470593, 0.250980407
vb0[175]+000 TEXCOORD3: 0.0588235296, 0.996078432, 0.176470593, 0.250980407
vb0[175]+024 TANGENT: 0, 0, 1, 1

vb0[176]+000 POSITION: 3.11936021, 1.58658946, -5.37756681
vb0[176]+012 NORMAL: -0.0354702659, 0.999350369, 0.00637896545
vb0[176]+000 COLOR: 0.600000024, 0.639215708, 0.278431386, 0.250980407
vb0[176]+000 TEXCOORD: 0.600000024, 0.639215708, 0.278431386, 0.250980407
vb0[176]+000 TEXCOORD1: 0.600000024, 0.639215708, 0.278431386, 0.250980407
vb0[176]+000 TEXCOORD2: 0.600000024, 0.639215708, 0.278431386, 0.250980407
vb0[176]+000 TEXCOORD3: 0.600000024, 0.639215708, 0.278431386, 0.250980407
vb0[176]+024 TANGENT: 0, 0.00640560221, -0.999979496, 1

vb0[177]+000 POSITION: 2.6879344, 1.53076231, 0.969564259
vb0[177]+012 NORMAL: -0.0298594777, 0.999531269, 0.00676193042
vb0[177]+000 COLOR: 0.117647059, 0.0274509806, 0.172549024, 0.250980407
vb0[177]+000 TEXCOORD: 0.117647059, 0.0274509806, 0.172549024, 0.250980407
vb0[177]+000 TEXCOORD1: 0.117647059, 0.0274509806, 0.172549024, 0.250980407
vb0[177]+000 TEXCOORD2: 0.117647059, 0.0274509806, 0.172549024, 0.250980407
vb0[177]+000 TEXCOORD3: 0.117647059, 0.0274509806, 0.172549024, 0.250980407
vb0[177]+024 TANGENT: 0, 0.00675466983, -0.999977231, 1

vb0[178]+000 POSITION: 3.13998294, 1.54416215, 0.967161894
vb0[178]+012 NORMAL: -0.029592732, 0.999539018, 0.00678012893
vb0[178]+000 COLOR: 0.482352942, 0.960784316, 0.282352954, 0.250980407
vb0[178]+000 TEXCOORD: 0.482352942, 0.960784316, 0.282352954, 0.250980407
vb0[178]+000 TEXCOORD1: 0.482352942, 0.960784316, 0.282352954, 0.250980407
vb0[178]+000 TEXCOORD2: 0.482352942, 0.960784316, 0.282352954, 0.250980407
vb0[178]+000 TEXCOORD3: 0.482352942, 0.960784316, 0.282352954, 0.250980407
vb0[178]+024 TANGENT: 0, 0.00677153468, -0.999977112, 1

vb0[179]+000 POSITION: 2.6922729, 1.57062161, -5.27264881
vb0[179]+012 NORMAL: -0.0358015932, 0.999338686, 0.0063563413
vb0[179]+000 COLOR: 0.200000003, 0.305882365, 0.172549024, 0.250980407
vb0[179]+000 TEXCOORD: 0.200000003, 0.305882365, 0.172549024, 0.250980407
vb0[179]+000 TEXCOORD1: 0.200000003, 0.305882365, 0.172549024, 0.250980407
vb0[179]+000 TEXCOORD2: 0.200000003, 0.305882365, 0.172549024, 0.250980407
vb0[179]+000 TEXCOORD3: 0.200000003, 0.305882365, 0.172549024, 0.250980407
vb0[179]+024 TANGENT: 0, 0.00638532545, -0.999979615, 1

vb0[180]+000 POSITION: 3.07456303, -0.044561889, 0.963540018
vb0[180]+012 NORMAL: 0.999438822, -0.0334607922, -0.00154663867
vb0[180]+000 COLOR: 0.643137276, 0.772549033, 0.266666681, 0.250980407
vb0[180]+000 TEXCOORD: 0.643137276, 0.772549033, 0.266666681, 0.250980407
vb0[180]+000 TEXCOORD1: 0.643137276, 0.772549033, 0.266666681, 0.250980407
vb0[180]+000 TEXCOORD2: 0.643137276, 0.772549033, 0.266666681, 0.250980407
vb0[180]+000 TEXCOORD3: 0.643137276, 0.772549033, 0.266666681, 0.250980407
vb0[180]+024 TANGENT: -0.00145634159, 0.00272280327, -0.999995232, 1

vb0[181]+000 POSITION: 3.11936021, 1.58658946, -5.37756681
vb0[181]+012 NORMAL: 0.999975204, -4.34903086e-05, 0.00705323368
vb0[181]+000 COLOR: 0.600000024, 0.639215708, 0.278431386, 0.250980407
vb0[181]+000 TEXCOORD: 0.600000024, 0.639215708, 0.278431386, 0.250980407
vb0[181]+000 TEXCOORD1: 0.600000024, 0.639215708, 0.278431386, 0.250980407
vb0[181]+000 TEXCOORD2: 0.600000024, 0.639215708, 0.278431386, 0.250980407
vb0[181]+000 TEXCOORD3: 0.600000024, 0.639215708, 0.278431386, 0.250980407
vb0[181]+024 TANGENT: 0.00705332216, 0.00258075283, -0.999971867, 1

vb0[182]+000 POSITION: 3.13998294, 1.54416215, 0.967161894
vb0[182]+012 NORMAL: 0.999147415, -0.0411345139, -0.00352264149
vb0[182]+000 COLOR: 0.482352942, 0.960784316, 0.282352954, 0.250980407
vb0[182]+000 TEXCOORD: 0.482352942, 0.960784316, 0.282352954, 0.250980407
vb0[182]+000 TEXCOORD1: 0.482352942, 0.960784316, 0.282352954, 0.250980407
vb0[182]+000 TEXCOORD2: 0.482352942, 0.960784316, 0.282352954, 0.250980407
vb0[182]+000 TEXCOORD3: 0.482352942, 0.960784316, 0.282352954, 0.250980407
vb0[182]+024 TANGENT: -0.0034121729, 0.00275544683, -0.999990463, 1

vb0[183]+000 POSITION: 3.13158679, -0.0169459842, -5.39063931
vb0[183]+012 NORMAL: 0.999930978, 0.00755080441, 0.00900643505
vb0[183]+000 COLOR: 0.921568632, 0.419607848, 0.282352954, 0.250980407
vb0[183]+000 TEXCOORD: 0.921568632, 0.419607848, 0.282352954, 0.250980407
vb0[183]+000 TEXCOORD1: 0.921568632, 0.419607848, 0.282352954, 0.250980407
vb0[183]+000 TEXCOORD2: 0.921568632, 0.419607848, 0.282352954, 0.250980407
vb0[183]+000 TEXCOORD3: 0.921568632, 0.419607848, 0.282352954, 0.250980407
vb0[183]+024 TANGENT: 0.00898742024, 0.00254846108, -0.999956369, 1

vb0[184]+000 POSITION: 2.59261346, 0.855926871, 1.57642448
vb0[184]+012 NORMAL: -0.715560496, 0.698530674, 0.00529002585
vb0[184]+000 COLOR: 0.380392164, 0.929411769, 0.145098045, 0.250980407
vb0[184]+000 TEXCOORD: 0.380392164, 0.929411769, 0.145098045, 0.250980407
vb0[184]+000 TEXCOORD1: 0.380392164, 0.929411769, 0.145098045, 0.250980407
vb0[184]+000 TEXCOORD2: 0.380392164, 0.929411769, 0.145098045, 0.250980407
vb0[184]+000 TEXCOORD3: 0.380392164, 0.929411769, 0.145098045, 0.250980407
vb0[184]+024 TANGENT: -0.698068082, -0.714764059, -0.0425830223, 1

vb0[185]+000 POSITION: -2.59261346, 0.855928957, -2.87032104
vb0[185]+012 NORMAL: 0.57324177, 0.579121411, 0.579665661
vb0[185]+000 COLOR: 0.380392164, 0.929411769, 0.145098045, 0.752941191
vb0[185]+000 TEXCOORD: 0.380392164, 0.929411769, 0.145098045, 0.752941191
vb0[185]+000 TEXCOORD1: 0.380392164, 0.929411769, 0.145098045, 0.752941191
vb0[185]+000 TEXCOORD2: 0.380392164, 0.929411769, 0.145098045, 0.752941191
vb0[185]+000 TEXCOORD3: 0.380392164, 0.929411769, 0.145098045, 0.752941191
vb0[185]+024 TANGENT: -0.819179833, 0.420930356, 0.389566511, 1

vb0[186]+000 POSITION: -2.59261346, 0.855926871, 1.57642448
vb0[186]+012 NORMAL: 0.707106888, 0.70710665, 3.27564237e-07
vb0[186]+000 COLOR: 0.380392164, 0.929411769, 0.145098045, 0.752941191
vb0[186]+000 TEXCOORD: 0.380392164, 0.929411769, 0.145098045, 0.752941191
vb0[186]+000 TEXCOORD1: 0.380392164, 0.929411769, 0.145098045, 0.752941191
vb0[186]+000 TEXCOORD2: 0.380392164, 0.929411769, 0.145098045, 0.752941191
vb0[186]+000 TEXCOORD3: 0.380392164, 0.929411769, 0.145098045, 0.752941191
vb0[186]+024 TANGENT: -0.707106769, 0.707106769, 0, 1

vb0[187]+000 POSITION: 2.56195545, 0.855928481, -2.57078481
vb0[187]+012 NORMAL: -0.600734234, 0.623340189, 0.500565052
vb0[187]+000 COLOR: 0.0784313753, 0.968627453, 0.137254909, 0.250980407
vb0[187]+000 TEXCOORD: 0.0784313753, 0.968627453, 0.137254909, 0.250980407
vb0[187]+000 TEXCOORD1: 0.0784313753, 0.968627453, 0.137254909, 0.250980407
vb0[187]+000 TEXCOORD2: 0.0784313753, 0.968627453, 0.137254909, 0.250980407
vb0[187]+000 TEXCOORD3: 0.0784313753, 0.968627453, 0.137254909, 0.250980407
vb0[187]+024 TANGENT: -0.798151731, -0.431986451, -0.419930458, 1

vb0[188]+000 POSITION: 2.56195545, 6.23282766, -2.87031937
vb0[188]+012 NORMAL: -0.577261269, -0.57788378, 0.576905429
vb0[188]+000 COLOR: 0.0784313753, 0.968627453, 0.137254909, 0.250980407
vb0[188]+000 TEXCOORD: 0.0784313753, 0.968627453, 0.137254909, 0.250980407
vb0[188]+000 TEXCOORD1: 0.0784313753, 0.968627453, 0.137254909, 0.250980407
vb0[188]+000 TEXCOORD2: 0.0784313753, 0.968627453, 0.137254909, 0.250980407
vb0[188]+000 TEXCOORD3: 0.0784313753, 0.968627453, 0.137254909, 0.250980407
vb0[188]+024 TANGENT: 0.816559255, -0.409068733, 0.407300562, 1

vb0[189]+000 POSITION: -2.59261346, 4.23900652, -2.87031937
vb0[189]+012 NORMAL: 0.707106888, -3.08554206e-07, 0.70710665
vb0[189]+000 COLOR: 0.380392164, 0.929411769, 0.145098045, 0.752941191
vb0[189]+000 TEXCOORD: 0.380392164, 0.929411769, 0.145098045, 0.752941191
vb0[189]+000 TEXCOORD1: 0.380392164, 0.929411769, 0.145098045, 0.752941191
vb0[189]+000 TEXCOORD2: 0.380392164, 0.929411769, 0.145098045, 0.752941191
vb0[189]+000 TEXCOORD3: 0.380392164, 0.929411769, 0.145098045, 0.752941191
vb0[189]+024 TANGENT: 0.707106769, 0, -0.707106709, 1

vb0[190]+000 POSITION: 2.56195545, 4.23900604, -2.87031937
vb0[190]+012 NORMAL: -0.707106888, -3.07555013e-07, 0.70710665
vb0[190]+000 COLOR: 0.0784313753, 0.968627453, 0.137254909, 0.250980407
vb0[190]+000 TEXCOORD: 0.0784313753, 0.968627453, 0.137254909, 0.250980407
vb0[190]+000 TEXCOORD1: 0.0784313753, 0.968627453, 0.137254909, 0.250980407
vb0[190]+000 TEXCOORD2: 0.0784313753, 0.968627453, 0.137254909, 0.250980407
vb0[190]+000 TEXCOORD3: 0.0784313753, 0.968627453, 0.137254909, 0.250980407
vb0[190]+024 TANGENT: 0.707106054, -0.00142457441, 0.707106054, 1

vb0[191]+000 POSITION: -2.59261346, 6.23282766, -2.87031937
vb0[191]+012 NORMAL: 0.577261209, -0.57788378, 0.576905429
vb0[191]+000 COLOR: 0.380392164, 0.929411769, 0.145098045, 0.752941191
vb0[191]+000 TEXCOORD: 0.380392164, 0.929411769, 0.145098045, 0.752941191
vb0[191]+000 TEXCOORD1: 0.380392164, 0.929411769, 0.145098045, 0.752941191
vb0[191]+000 TEXCOORD2: 0.380392164, 0.929411769, 0.145098045, 0.752941191
vb0[191]+000 TEXCOORD3: 0.380392164, 0.929411769, 0.145098045, 0.752941191
vb0[191]+024 TANGENT: 0.816559494, 0.408328354, -0.408042222, 1

vb0[192]+000 POSITION: 2.56195545, 6.22529364, 1.57642722
vb0[192]+012 NORMAL: -0.707487643, -0.706724703, -0.00119741261
vb0[192]+000 COLOR: 0.0784313753, 0.968627453, 0.137254909, 0.250980407
vb0[192]+000 TEXCOORD: 0.0784313753, 0.968627453, 0.137254909, 0.250980407
vb0[192]+000 TEXCOORD1: 0.0784313753, 0.968627453, 0.137254909, 0.250980407
vb0[192]+000 TEXCOORD2: 0.0784313753, 0.968627453, 0.137254909, 0.250980407
vb0[192]+000 TEXCOORD3: 0.0784313753, 0.968627453, 0.137254909, 0.250980407
vb0[192]+024 TANGENT: -0.706725121, 0.707483649, 0.0025447479, -1

vb0[193]+000 POSITION: -2.59261346, 6.23282766, -2.87031937
vb0[193]+012 NORMAL: 0.577261209, -0.57788378, 0.576905429
vb0[193]+000 COLOR: 0.380392164, 0.929411769, 0.145098045, 0.752941191
vb0[193]+000 TEXCOORD: 0.380392164, 0.929411769, 0.145098045, 0.752941191
vb0[193]+000 TEXCOORD1: 0.380392164, 0.929411769, 0.145098045, 0.752941191
vb0[193]+000 TEXCOORD2: 0.380392164, 0.929411769, 0.145098045, 0.752941191
vb0[193]+000 TEXCOORD3: 0.380392164, 0.929411769, 0.145098045, 0.752941191
vb0[193]+024 TANGENT: -0.816559315, -0.407947034, 0.40842396, -1

vb0[194]+000 POSITION: 2.56195545, 6.23282766, -2.87031937
vb0[194]+012 NORMAL: -0.577261269, -0.57788378, 0.576905429
vb0[194]+000 COLOR: 0.0784313753, 0.968627453, 0.137254909, 0.250980407
vb0[194]+000 TEXCOORD: 0.0784313753, 0.968627453, 0.137254909, 0.250980407
vb0[194]+000 TEXCOORD1: 0.0784313753, 0.968627453, 0.137254909, 0.250980407
vb0[194]+000 TEXCOORD2: 0.0784313753, 0.968627453, 0.137254909, 0.250980407
vb0[194]+000 TEXCOORD3: 0.0784313753, 0.968627453, 0.137254909, 0.250980407
vb0[194]+024 TANGENT: -0.816558063, 0.409860015, -0.406506777, -1

vb0[195]+000 POSITION: -2.59261346, 6.22529364, 1.57642722
vb0[195]+012 NORMAL: 0.707487702, -0.706724703, -0.00119741261
vb0[195]+000 COLOR: 0.380392164, 0.929411769, 0.145098045, 0.752941191
vb0[195]+000 TEXCOORD: 0.380392164, 0.929411769, 0.145098045, 0.752941191
vb0[195]+000 TEXCOORD1: 0.380392164, 0.929411769, 0.145098045, 0.752941191
vb0[195]+000 TEXCOORD2: 0.380392164, 0.929411769, 0.145098045, 0.752941191
vb0[195]+000 TEXCOORD3: 0.380392164, 0.929411769, 0.145098045, 0.752941191
vb0[195]+024 TANGENT: -0.706725657, -0.707486689, -0.00119399966, -1

vb0[196]+000 POSITION: 2.56195545, 2.48341513, -2.87032104
vb0[196]+012 NORMAL: -0.695526183, 0.0526535884, 0.716568947
vb0[196]+000 COLOR: 0.0784313753, 0.968627453, 0.137254909, 0.250980407
vb0[196]+000 TEXCOORD: 0.0784313753, 0.968627453, 0.137254909, 0.250980407
vb0[196]+000 TEXCOORD1: 0.0784313753, 0.968627453, 0.137254909, 0.250980407
vb0[196]+000 TEXCOORD2: 0.0784313753, 0.968627453, 0.137254909, 0.250980407
vb0[196]+000 TEXCOORD3: 0.0784313753, 0.968627453, 0.137254909, 0.250980407
vb0[196]+024 TANGENT: 0.718489468, 0.0453575365, 0.694057345, 1

vb0[197]+000 POSITION: -2.59261346, 0.855928957, -2.87032104
vb0[197]+012 NORMAL: 0.57324177, 0.579121411, 0.579665661
vb0[197]+000 COLOR: 0.380392164, 0.929411769, 0.145098045, 0.752941191
vb0[197]+000 TEXCOORD: 0.380392164, 0.929411769, 0.145098045, 0.752941191
vb0[197]+000 TEXCOORD1: 0.380392164, 0.929411769, 0.145098045, 0.752941191
vb0[197]+000 TEXCOORD2: 0.380392164, 0.929411769, 0.145098045, 0.752941191
vb0[197]+000 TEXCOORD3: 0.380392164, 0.929411769, 0.145098045, 0.752941191
vb0[197]+024 TANGENT: 0.819344521, -0.412274033, -0.398377538, 1

vb0[198]+000 POSITION: 2.56195545, 0.855928481, -2.57078481
vb0[198]+012 NORMAL: -0.600734234, 0.623340189, 0.500565052
vb0[198]+000 COLOR: 0.0784313753, 0.968627453, 0.137254909, 0.250980407
vb0[198]+000 TEXCOORD: 0.0784313753, 0.968627453, 0.137254909, 0.250980407
vb0[198]+000 TEXCOORD1: 0.0784313753, 0.968627453, 0.137254909, 0.250980407
vb0[198]+000 TEXCOORD2: 0.0784313753, 0.968627453, 0.137254909, 0.250980407
vb0[198]+000 TEXCOORD3: 0.0784313753, 0.968627453, 0.137254909, 0.250980407
vb0[198]+024 TANGENT: 0.798199832, 0.432680786, 0.419123262, 1

vb0[199]+000 POSITION: -2.59261346, 2.49059534, -2.87032104
vb0[199]+012 NORMAL: 0.70710665, -3.0856404e-07, 0.707106829
vb0[199]+000 COLOR: 0.380392164, 0.929411769, 0.145098045, 0.752941191
vb0[199]+000 TEXCOORD: 0.380392164, 0.929411769, 0.145098045, 0.752941191
vb0[199]+000 TEXCOORD1: 0.380392164, 0.929411769, 0.145098045, 0.752941191
vb0[199]+000 TEXCOORD2: 0.380392164, 0.929411769, 0.145098045, 0.752941191
vb0[199]+000 TEXCOORD3: 0.380392164, 0.929411769, 0.145098045, 0.752941191
vb0[199]+024 TANGENT: 0.707104921, -0.00235498068, -0.707104743, 1

vb0[200]+000 POSITION: 2.56195545, 4.23900604, -2.87031937
vb0[200]+012 NORMAL: -0.707106888, -3.07555013e-07, 0.70710665
vb0[200]+000 COLOR: 0.0784313753, 0.968627453, 0.137254909, 0.250980407
vb0[200]+000 TEXCOORD: 0.0784313753, 0.968627453, 0.137254909, 0.250980407
vb0[200]+000 TEXCOORD1: 0.0784313753, 0.968627453, 0.137254909, 0.250980407
vb0[200]+000 TEXCOORD2: 0.0784313753, 0.968627453, 0.137254909, 0.250980407
vb0[200]+000 TEXCOORD3: 0.0784313753, 0.968627453, 0.137254909, 0.250980407
vb0[200]+024 TANGENT: -0.707106769, 0, -0.707106769, -1

vb0[201]+000 POSITION: -2.59261346, 2.49059534, -2.87032104
vb0[201]+012 NORMAL: 0.70710665, -3.0856404e-07, 0.707106829
vb0[201]+000 COLOR: 0.380392164, 0.929411769, 0.145098045, 0.752941191
vb0[201]+000 TEXCOORD: 0.380392164, 0.929411769, 0.145098045, 0.752941191
vb0[201]+000 TEXCOORD1: 0.380392164, 0.929411769, 0.145098045, 0.752941191
vb0[201]+000 TEXCOORD2: 0.380392164, 0.929411769, 0.145098045, 0.752941191
vb0[201]+000 TEXCOORD3: 0.380392164, 0.929411769, 0.145098045, 0.752941191
vb0[201]+024 TANGENT: -0.707106829, 0, 0.707106769, -1

vb0[202]+000 POSITION: 2.56195545, 2.48341513, -2.87032104
vb0[202]+012 NORMAL: -0.695526183, 0.0526535884, 0.716568947
vb0[202]+000 COLOR: 0.0784313753, 0.968627453, 0.137254909, 0.250980407
vb0[202]+000 TEXCOORD: 0.0784313753, 0.968627453, 0.137254909, 0.250980407
vb0[202]+000 TEXCOORD1: 0.0784313753, 0.968627453, 0.137254909, 0.250980407
vb0[202]+000 TEXCOORD2: 0.0784313753, 0.968627453, 0.137254909, 0.250980407
vb0[202]+000 TEXCOORD3: 0.0784313753, 0.968627453, 0.137254909, 0.250980407
vb0[202]+024 TANGENT: -0.718500614, -0.0502202548, -0.693710923, -1

vb0[203]+000 POSITION: -2.59261346, 4.23900652, -2.87031937
vb0[203]+012 NORMAL: 0.707106888, -3.08554206e-07, 0.70710665
vb0[203]+000 COLOR: 0.380392164, 0.929411769, 0.145098045, 0.752941191
vb0[203]+000 TEXCOORD: 0.380392164, 0.929411769, 0.145098045, 0.752941191
vb0[203]+000 TEXCOORD1: 0.380392164, 0.929411769, 0.145098045, 0.752941191
vb0[203]+000 TEXCOORD2: 0.380392164, 0.929411769, 0.145098045, 0.752941191
vb0[203]+000 TEXCOORD3: 0.380392164, 0.929411769, 0.145098045, 0.752941191
vb0[203]+024 TANGENT: -0.707106769, 0, 0.707106769, -1

vb0[204]+000 POSITION: -2.59261346, 6.22529364, 1.57642722
vb0[204]+012 NORMAL: 0.707487702, -0.706724703, -0.00119741261
vb0[204]+000 COLOR: 0.380392164, 0.929411769, 0.145098045, 0.752941191
vb0[204]+000 TEXCOORD: 0.380392164, 0.929411769, 0.145098045, 0.752941191
vb0[204]+000 TEXCOORD1: 0.380392164, 0.929411769, 0.145098045, 0.752941191
vb0[204]+000 TEXCOORD2: 0.380392164, 0.929411769, 0.145098045, 0.752941191
vb0[204]+000 TEXCOORD3: 0.380392164, 0.929411769, 0.145098045, 0.752941191
vb0[204]+024 TANGENT: 0, -0.00221272907, 0.999997616, -1

vb0[205]+000 POSITION: -2.59261346, 4.23900652, -2.87031937
vb0[205]+012 NORMAL: 0.707106888, -3.08554206e-07, 0.70710665
vb0[205]+000 COLOR: 0.380392164, 0.929411769, 0.145098045, 0.752941191
vb0[205]+000 TEXCOORD: 0.380392164, 0.929411769, 0.145098045, 0.752941191
vb0[205]+000 TEXCOORD1: 0.380392164, 0.929411769, 0.145098045, 0.752941191
vb0[205]+000 TEXCOORD2: 0.380392164, 0.929411769, 0.145098045, 0.752941191
vb0[205]+000 TEXCOORD3: 0.380392164, 0.929411769, 0.145098045, 0.752941191
vb0[205]+024 TANGENT: -0.707102656, -0.00335088558, 0.707102954, -1

vb0[206]+000 POSITION: -2.59261346, 6.23282766, -2.87031937
vb0[206]+012 NORMAL: 0.577261209, -0.57788378, 0.576905429
vb0[206]+000 COLOR: 0.380392164, 0.929411769, 0.145098045, 0.752941191
vb0[206]+000 TEXCOORD: 0.380392164, 0.929411769, 0.145098045, 0.752941191
vb0[206]+000 TEXCOORD1: 0.380392164, 0.929411769, 0.145098045, 0.752941191
vb0[206]+000 TEXCOORD2: 0.380392164, 0.929411769, 0.145098045, 0.752941191
vb0[206]+000 TEXCOORD3: 0.380392164, 0.929411769, 0.145098045, 0.752941191
vb0[206]+024 TANGENT: -0.408986717, 0.406880677, 0.816809654, -1

vb0[207]+000 POSITION: -2.59261346, 4.23135424, 1.57642591
vb0[207]+012 NORMAL: 1, 0, 0
vb0[207]+000 COLOR: 0.380392164, 0.929411769, 0.145098045, 0.752941191
vb0[207]+000 TEXCOORD: 0.380392164, 0.929411769, 0.145098045, 0.752941191
vb0[207]+000 TEXCOORD1: 0.380392164, 0.929411769, 0.145098045, 0.752941191
vb0[207]+000 TEXCOORD2: 0.380392164, 0.929411769, 0.145098045, 0.752941191
vb0[207]+000 TEXCOORD3: 0.380392164, 0.929411769, 0.145098045, 0.752941191
vb0[207]+024 TANGENT: 0, -0.00288829161, 0.999995828, -1

vb0[208]+000 POSITION: -2.59261346, 2.4363842, 1.57642591
vb0[208]+012 NORMAL: 1, 0, 0
vb0[208]+000 COLOR: 0.380392164, 0.929411769, 0.145098045, 0.752941191
vb0[208]+000 TEXCOORD: 0.380392164, 0.929411769, 0.145098045, 0.752941191
vb0[208]+000 TEXCOORD1: 0.380392164, 0.929411769, 0.145098045, 0.752941191
vb0[208]+000 TEXCOORD2: 0.380392164, 0.929411769, 0.145098045, 0.752941191
vb0[208]+000 TEXCOORD3: 0.380392164, 0.929411769, 0.145098045, 0.752941191
vb0[208]+024 TANGENT: 0, -0.00351749128, 0.999993801, -1

vb0[209]+000 POSITION: -2.59261346, 0.855928957, -2.87032104
vb0[209]+012 NORMAL: 0.57324177, 0.579121411, 0.579665661
vb0[209]+000 COLOR: 0.380392164, 0.929411769, 0.145098045, 0.752941191
vb0[209]+000 TEXCOORD: 0.380392164, 0.929411769, 0.145098045, 0.752941191
vb0[209]+000 TEXCOORD1: 0.380392164, 0.929411769, 0.145098045, 0.752941191
vb0[209]+000 TEXCOORD2: 0.380392164, 0.929411769, 0.145098045, 0.752941191
vb0[209]+000 TEXCOORD3: 0.380392164, 0.929411769, 0.145098045, 0.752941191
vb0[209]+024 TANGENT: -0.401348889, -0.418312758, 0.814821124, -1

vb0[210]+000 POSITION: -2.59261346, 2.49059534, -2.87032104
vb0[210]+012 NORMAL: 0.70710665, -3.0856404e-07, 0.707106829
vb0[210]+000 COLOR: 0.380392164, 0.929411769, 0.145098045, 0.752941191
vb0[210]+000 TEXCOORD: 0.380392164, 0.929411769, 0.145098045, 0.752941191
vb0[210]+000 TEXCOORD1: 0.380392164, 0.929411769, 0.145098045, 0.752941191
vb0[210]+000 TEXCOORD2: 0.380392164, 0.929411769, 0.145098045, 0.752941191
vb0[210]+000 TEXCOORD3: 0.380392164, 0.929411769, 0.145098045, 0.752941191
vb0[210]+024 TANGENT: -0.706996381, -0.0176845472, 0.706996083, -1

vb0[211]+000 POSITION: -2.59261346, 0.855926871, 1.57642448
vb0[211]+012 NORMAL: 0.707106888, 0.70710665, 3.27564237e-07
vb0[211]+000 COLOR: 0.380392164, 0.929411769, 0.145098045, 0.752941191
vb0[211]+000 TEXCOORD: 0.380392164, 0.929411769, 0.145098045, 0.752941191
vb0[211]+000 TEXCOORD1: 0.380392164, 0.929411769, 0.145098045, 0.752941191
vb0[211]+000 TEXCOORD2: 0.380392164, 0.929411769, 0.145098045, 0.752941191
vb0[211]+000 TEXCOORD3: 0.380392164, 0.929411769, 0.145098045, 0.752941191
vb0[211]+024 TANGENT: 0, 0, 1, -1

vb0[212]+000 POSITION: -2.59261346, 4.23135424, 1.57642591
vb0[212]+012 NORMAL: 1, 0, 0
vb0[212]+000 COLOR: 0.380392164, 0.929411769, 0.145098045, 0.752941191
vb0[212]+000 TEXCOORD: 0.380392164, 0.929411769, 0.145098045, 0.752941191
vb0[212]+000 TEXCOORD1: 0.380392164, 0.929411769, 0.145098045, 0.752941191
vb0[212]+000 TEXCOORD2: 0.380392164, 0.929411769, 0.145098045, 0.752941191
vb0[212]+000 TEXCOORD3: 0.380392164, 0.929411769, 0.145098045, 0.752941191
vb0[212]+024 TANGENT: 0, 0.00892663188, -0.999960184, 1

vb0[213]+000 POSITION: -2.59261346, 2.49059534, -2.87032104
vb0[213]+012 NORMAL: 0.70710665, -3.0856404e-07, 0.707106829
vb0[213]+000 COLOR: 0.380392164, 0.929411769, 0.145098045, 0.752941191
vb0[213]+000 TEXCOORD: 0.380392164, 0.929411769, 0.145098045, 0.752941191
vb0[213]+000 TEXCOORD1: 0.380392164, 0.929411769, 0.145098045, 0.752941191
vb0[213]+000 TEXCOORD2: 0.380392164, 0.929411769, 0.145098045, 0.752941191
vb0[213]+000 TEXCOORD3: 0.380392164, 0.929411769, 0.145098045, 0.752941191
vb0[213]+024 TANGENT: 0.707090259, 0.00683957711, -0.707090139, 1

vb0[214]+000 POSITION: -2.59261346, 4.23900652, -2.87031937
vb0[214]+012 NORMAL: 0.707106888, -3.08554206e-07, 0.70710665
vb0[214]+000 COLOR: 0.380392164, 0.929411769, 0.145098045, 0.752941191
vb0[214]+000 TEXCOORD: 0.380392164, 0.929411769, 0.145098045, 0.752941191
vb0[214]+000 TEXCOORD1: 0.380392164, 0.929411769, 0.145098045, 0.752941191
vb0[214]+000 TEXCOORD2: 0.380392164, 0.929411769, 0.145098045, 0.752941191
vb0[214]+000 TEXCOORD3: 0.380392164, 0.929411769, 0.145098045, 0.752941191
vb0[214]+024 TANGENT: 0.707104504, 0.00243535032, -0.707104802, 1

vb0[215]+000 POSITION: -2.59261346, 2.4363842, 1.57642591
vb0[215]+012 NORMAL: 1, 0, 0
vb0[215]+000 COLOR: 0.380392164, 0.929411769, 0.145098045, 0.752941191
vb0[215]+000 TEXCOORD: 0.380392164, 0.929411769, 0.145098045, 0.752941191
vb0[215]+000 TEXCOORD1: 0.380392164, 0.929411769, 0.145098045, 0.752941191
vb0[215]+000 TEXCOORD2: 0.380392164, 0.929411769, 0.145098045, 0.752941191
vb0[215]+000 TEXCOORD3: 0.380392164, 0.929411769, 0.145098045, 0.752941191
vb0[215]+024 TANGENT: 0, 0.0111813834, -0.999937534, 1

vb0[216]+000 POSITION: 2.56195545, 6.22529364, 1.57642722
vb0[216]+012 NORMAL: -0.707487643, -0.706724703, -0.00119741261
vb0[216]+000 COLOR: 0.0784313753, 0.968627453, 0.137254909, 0.250980407
vb0[216]+000 TEXCOORD: 0.0784313753, 0.968627453, 0.137254909, 0.250980407
vb0[216]+000 TEXCOORD1: 0.0784313753, 0.968627453, 0.137254909, 0.250980407
vb0[216]+000 TEXCOORD2: 0.0784313753, 0.968627453, 0.137254909, 0.250980407
vb0[216]+000 TEXCOORD3: 0.0784313753, 0.968627453, 0.137254909, 0.250980407
vb0[216]+024 TANGENT: 0, -0.0022127016, 0.999997616, 1

vb0[217]+000 POSITION: 2.56195545, 4.23900604, -2.87031937
vb0[217]+012 NORMAL: -0.707106888, -3.07555013e-07, 0.70710665
vb0[217]+000 COLOR: 0.0784313753, 0.968627453, 0.137254909, 0.250980407
vb0[217]+000 TEXCOORD: 0.0784313753, 0.968627453, 0.137254909, 0.250980407
vb0[217]+000 TEXCOORD1: 0.0784313753, 0.968627453, 0.137254909, 0.250980407
vb0[217]+000 TEXCOORD2: 0.0784313753, 0.968627453, 0.137254909, 0.250980407
vb0[217]+000 TEXCOORD3: 0.0784313753, 0.968627453, 0.137254909, 0.250980407
vb0[217]+024 TANGENT: 0.707102656, -0.00335081993, 0.707102954, 1

vb0[218]+000 POSITION: 2.56195545, 4.23135424, 1.57642591
vb0[218]+012 NORMAL: -1, 0, 0
vb0[218]+000 COLOR: 0.0784313753, 0.968627453, 0.137254909, 0.250980407
vb0[218]+000 TEXCOORD: 0.0784313753, 0.968627453, 0.137254909, 0.250980407
vb0[218]+000 TEXCOORD1: 0.0784313753, 0.968627453, 0.137254909, 0.250980407
vb0[218]+000 TEXCOORD2: 0.0784313753, 0.968627453, 0.137254909, 0.250980407
vb0[218]+000 TEXCOORD3: 0.0784313753, 0.968627453, 0.137254909, 0.250980407
vb0[218]+024 TANGENT: 0, -0.00288823247, 0.999995828, 1

vb0[219]+000 POSITION: 2.56195545, 6.23282766, -2.87031937
vb0[219]+012 NORMAL: -0.577261269, -0.57788378, 0.576905429
vb0[219]+000 COLOR: 0.0784313753, 0.968627453, 0.137254909, 0.250980407
vb0[219]+000 TEXCOORD: 0.0784313753, 0.968627453, 0.137254909, 0.250980407
vb0[219]+000 TEXCOORD1: 0.0784313753, 0.968627453, 0.137254909, 0.250980407
vb0[219]+000 TEXCOORD2: 0.0784313753, 0.968627453, 0.137254909, 0.250980407
vb0[219]+000 TEXCOORD3: 0.0784313753, 0.968627453, 0.137254909, 0.250980407
vb0[219]+024 TANGENT: 0.408986747, 0.406880766, 0.816809535, 1

vb0[220]+000 POSITION: 2.56195545, 2.4363842, 1.57642591
vb0[220]+012 NORMAL: -0.99996829, -0.00744995615, 0.00283909519
vb0[220]+000 COLOR: 0.0784313753, 0.968627453, 0.137254909, 0.250980407
vb0[220]+000 TEXCOORD: 0.0784313753, 0.968627453, 0.137254909, 0.250980407
vb0[220]+000 TEXCOORD1: 0.0784313753, 0.968627453, 0.137254909, 0.250980407
vb0[220]+000 TEXCOORD2: 0.0784313753, 0.968627453, 0.137254909, 0.250980407
vb0[220]+000 TEXCOORD3: 0.0784313753, 0.968627453, 0.137254909, 0.250980407
vb0[220]+024 TANGENT: 0.00286421017, -0.0033627185, 0.999990225, 1

vb0[221]+000 POSITION: 2.56195545, 0.855928481, -2.57078481
vb0[221]+012 NORMAL: -0.600734234, 0.623340189, 0.500565052
vb0[221]+000 COLOR: 0.0784313753, 0.968627453, 0.137254909, 0.250980407
vb0[221]+000 TEXCOORD: 0.0784313753, 0.968627453, 0.137254909, 0.250980407
vb0[221]+000 TEXCOORD1: 0.0784313753, 0.968627453, 0.137254909, 0.250980407
vb0[221]+000 TEXCOORD2: 0.0784313753, 0.968627453, 0.137254909, 0.250980407
vb0[221]+000 TEXCOORD3: 0.0784313753, 0.968627453, 0.137254909, 0.250980407
vb0[221]+024 TANGENT: 0.342658937, -0.364941031, 0.865680516, 1

vb0[222]+000 POSITION: 2.59261346, 0.855926871, 1.57642448
vb0[222]+012 NORMAL: -0.715560496, 0.698530674, 0.00529002585
vb0[222]+000 COLOR: 0.380392164, 0.929411769, 0.145098045, 0.250980407
vb0[222]+000 TEXCOORD: 0.380392164, 0.929411769, 0.145098045, 0.250980407
vb0[222]+000 TEXCOORD1: 0.380392164, 0.929411769, 0.145098045, 0.250980407
vb0[222]+000 TEXCOORD2: 0.380392164, 0.929411769, 0.145098045, 0.250980407
vb0[222]+000 TEXCOORD3: 0.380392164, 0.929411769, 0.145098045, 0.250980407
vb0[222]+024 TANGENT: 0.00690280832, 0, 0.999976158, 1

vb0[223]+000 POSITION: 2.56195545, 2.48341513, -2.87032104
vb0[223]+012 NORMAL: -0.695526183, 0.0526535884, 0.716568947
vb0[223]+000 COLOR: 0.0784313753, 0.968627453, 0.137254909, 0.250980407
vb0[223]+000 TEXCOORD: 0.0784313753, 0.968627453, 0.137254909, 0.250980407
vb0[223]+000 TEXCOORD1: 0.0784313753, 0.968627453, 0.137254909, 0.250980407
vb0[223]+000 TEXCOORD2: 0.0784313753, 0.968627453, 0.137254909, 0.250980407
vb0[223]+000 TEXCOORD3: 0.0784313753, 0.968627453, 0.137254909, 0.250980407
vb0[223]+024 TANGENT: 0.713263869, -0.0695943013, 0.697431862, 1

vb0[224]+000 POSITION: 2.56195545, 4.23135424, 1.57642591
vb0[224]+012 NORMAL: -1, 0, 0
vb0[224]+000 COLOR: 0.0784313753, 0.968627453, 0.137254909, 0.250980407
vb0[224]+000 TEXCOORD: 0.0784313753, 0.968627453, 0.137254909, 0.250980407
vb0[224]+000 TEXCOORD1: 0.0784313753, 0.968627453, 0.137254909, 0.250980407
vb0[224]+000 TEXCOORD2: 0.0784313753, 0.968627453, 0.137254909, 0.250980407
vb0[224]+000 TEXCOORD3: 0.0784313753, 0.968627453, 0.137254909, 0.250980407
vb0[224]+024 TANGENT: 0, 0.00768999383, -0.999970436, -1

vb0[225]+000 POSITION: 2.56195545, 2.48341513, -2.87032104
vb0[225]+012 NORMAL: -0.695526183, 0.0526535884, 0.716568947
vb0[225]+000 COLOR: 0.0784313753, 0.968627453, 0.137254909, 0.250980407
vb0[225]+000 TEXCOORD: 0.0784313753, 0.968627453, 0.137254909, 0.250980407
vb0[225]+000 TEXCOORD1: 0.0784313753, 0.968627453, 0.137254909, 0.250980407
vb0[225]+000 TEXCOORD2: 0.0784313753, 0.968627453, 0.137254909, 0.250980407
vb0[225]+000 TEXCOORD3: 0.0784313753, 0.968627453, 0.137254909, 0.250980407
vb0[225]+024 TANGENT: -0.714046419, 0.0602266267, -0.697502971, -1

vb0[226]+000 POSITION: 2.56195545, 2.4363842, 1.57642591
vb0[226]+012 NORMAL: -0.99996829, -0.00744995615, 0.00283909519
vb0[226]+000 COLOR: 0.0784313753, 0.968627453, 0.137254909, 0.250980407
vb0[226]+000 TEXCOORD: 0.0784313753, 0.968627453, 0.137254909, 0.250980407
vb0[226]+000 TEXCOORD1: 0.0784313753, 0.968627453, 0.137254909, 0.250980407
vb0[226]+000 TEXCOORD2: 0.0784313753, 0.968627453, 0.137254909, 0.250980407
vb0[226]+000 TEXCOORD3: 0.0784313753, 0.968627453, 0.137254909, 0.250980407
vb0[226]+024 TANGENT: -0.00291015906, 0.00954528805, -0.99995029, -1

vb0[227]+000 POSITION: 2.56195545, 4.23900604, -2.87031937
vb0[227]+012 NORMAL: -0.707106888, -3.07555013e-07, 0.70710665
vb0[227]+000 COLOR: 0.0784313753, 0.968627453, 0.137254909, 0.250980407
vb0[227]+000 TEXCOORD: 0.0784313753, 0.968627453, 0.137254909, 0.250980407
vb0[227]+000 TEXCOORD1: 0.0784313753, 0.968627453, 0.137254909, 0.250980407
vb0[227]+000 TEXCOORD2: 0.0784313753, 0.968627453, 0.137254909, 0.250980407
vb0[227]+000 TEXCOORD3: 0.0784313753, 0.968627453, 0.137254909, 0.250980407
vb0[227]+024 TANGENT: -0.707104504, 0.00243523507, -0.707104862, -1

vb0[228]+000 POSITION: -2.07845449, 1.06183171, 1.93622506
vb0[228]+012 NORMAL: 0, -4.3989246e-07, 1
vb0[228]+000 COLOR: 0.400000006, 0.0196078438, 0.0196078438, 0.752941191
vb0[228]+000 TEXCOORD: 0.400000006, 0.0196078438, 0.0196078438, 0.752941191
vb0[228]+000 TEXCOORD1: 0.400000006, 0.0196078438, 0.0196078438, 0.752941191
vb0[228]+000 TEXCOORD2: 0.400000006, 0.0196078438, 0.0196078438, 0.752941191
vb0[228]+000 TEXCOORD3: 0.400000006, 0.0196078438, 0.0196078438, 0.752941191
vb0[228]+024 TANGENT: 0, -1, 0, -1

vb0[229]+000 POSITION: -2.6326921, 5.91808748, 1.9362272
vb0[229]+012 NORMAL: 0, -4.39892489e-07, 1
vb0[229]+000 COLOR: 0.0274509806, 0.494117647, 0.156862751, 0.752941191
vb0[229]+000 TEXCOORD: 0.0274509806, 0.494117647, 0.156862751, 0.752941191
vb0[229]+000 TEXCOORD1: 0.0274509806, 0.494117647, 0.156862751, 0.752941191
vb0[229]+000 TEXCOORD2: 0.0274509806, 0.494117647, 0.156862751, 0.752941191
vb0[229]+000 TEXCOORD3: 0.0274509806, 0.494117647, 0.156862751, 0.752941191
vb0[229]+024 TANGENT: 0, -1, 0, -1

vb0[230]+000 POSITION: -2.6326921, 1.06183183, 1.93622506
vb0[230]+012 NORMAL: 0, -4.3989246e-07, 1
vb0[230]+000 COLOR: 0.0274509806, 0.494117647, 0.156862751, 0.752941191
vb0[230]+000 TEXCOORD: 0.0274509806, 0.494117647, 0.156862751, 0.752941191
vb0[230]+000 TEXCOORD1: 0.0274509806, 0.494117647, 0.156862751, 0.752941191
vb0[230]+000 TEXCOORD2: 0.0274509806, 0.494117647, 0.156862751, 0.752941191
vb0[230]+000 TEXCOORD3: 0.0274509806, 0.494117647, 0.156862751, 0.752941191
vb0[230]+024 TANGENT: 0, -1, 0, -1

vb0[231]+000 POSITION: -2.07845449, 5.91808748, 1.9362272
vb0[231]+012 NORMAL: 0, -4.3989246e-07, 1
vb0[231]+000 COLOR: 0.400000006, 0.0196078438, 0.0196078438, 0.752941191
vb0[231]+000 TEXCOORD: 0.400000006, 0.0196078438, 0.0196078438, 0.752941191
vb0[231]+000 TEXCOORD1: 0.400000006, 0.0196078438, 0.0196078438, 0.752941191
vb0[231]+000 TEXCOORD2: 0.400000006, 0.0196078438, 0.0196078438, 0.752941191
vb0[231]+000 TEXCOORD3: 0.400000006, 0.0196078438, 0.0196078438, 0.752941191
vb0[231]+024 TANGENT: 0, -1, 0, -1

vb0[232]+000 POSITION: 2.07844853, 1.06183171, 1.93622506
vb0[232]+012 NORMAL: 0, -4.39892489e-07, 1
vb0[232]+000 COLOR: 0.301960796, 0.0196078438, 0.0196078438, 0.250980407
vb0[232]+000 TEXCOORD: 0.301960796, 0.0196078438, 0.0196078438, 0.250980407
vb0[232]+000 TEXCOORD1: 0.301960796, 0.0196078438, 0.0196078438, 0.250980407
vb0[232]+000 TEXCOORD2: 0.301960796, 0.0196078438, 0.0196078438, 0.250980407
vb0[232]+000 TEXCOORD3: 0.301960796, 0.0196078438, 0.0196078438, 0.250980407
vb0[232]+024 TANGENT: 0, -1, 0, 1

vb0[233]+000 POSITION: 2.63366938, 5.91808748, 1.9362272
vb0[233]+012 NORMAL: 0, -4.39892489e-07, 1
vb0[233]+000 COLOR: 0.0392156877, 0.556862772, 0.156862751, 0.250980407
vb0[233]+000 TEXCOORD: 0.0392156877, 0.556862772, 0.156862751, 0.250980407
vb0[233]+000 TEXCOORD1: 0.0392156877, 0.556862772, 0.156862751, 0.250980407
vb0[233]+000 TEXCOORD2: 0.0392156877, 0.556862772, 0.156862751, 0.250980407
vb0[233]+000 TEXCOORD3: 0.0392156877, 0.556862772, 0.156862751, 0.250980407
vb0[233]+024 TANGENT: 0, -1, 0, 1

vb0[234]+000 POSITION: 2.07844853, 5.91808748, 1.9362272
vb0[234]+012 NORMAL: 0, -4.3989246e-07, 1
vb0[234]+000 COLOR: 0.301960796, 0.0196078438, 0.0196078438, 0.250980407
vb0[234]+000 TEXCOORD: 0.301960796, 0.0196078438, 0.0196078438, 0.250980407
vb0[234]+000 TEXCOORD1: 0.301960796, 0.0196078438, 0.0196078438, 0.250980407
vb0[234]+000 TEXCOORD2: 0.301960796, 0.0196078438, 0.0196078438, 0.250980407
vb0[234]+000 TEXCOORD3: 0.301960796, 0.0196078438, 0.0196078438, 0.250980407
vb0[234]+024 TANGENT: 0, -1, 0, 1

vb0[235]+000 POSITION: 2.63366938, 1.06183183, 1.93622506
vb0[235]+012 NORMAL: 0, -4.39892489e-07, 1
vb0[235]+000 COLOR: 0.0392156877, 0.556862772, 0.156862751, 0.250980407
vb0[235]+000 TEXCOORD: 0.0392156877, 0.556862772, 0.156862751, 0.250980407
vb0[235]+000 TEXCOORD1: 0.0392156877, 0.556862772, 0.156862751, 0.250980407
vb0[235]+000 TEXCOORD2: 0.0392156877, 0.556862772, 0.156862751, 0.250980407
vb0[235]+000 TEXCOORD3: 0.0392156877, 0.556862772, 0.156862751, 0.250980407
vb0[235]+024 TANGENT: 0, -1, 0, 1

vb0[236]+000 POSITION: 2.87976003, 8.04524803, 1.37650084
vb0[236]+012 NORMAL: 1, 0, 0
vb0[236]+000 COLOR: 0.992156863, 0.301960796, 0.219607845, 0.250980407
vb0[236]+000 TEXCOORD: 0.992156863, 0.301960796, 0.219607845, 0.250980407
vb0[236]+000 TEXCOORD1: 0.992156863, 0.301960796, 0.219607845, 0.250980407
vb0[236]+000 TEXCOORD2: 0.992156863, 0.301960796, 0.219607845, 0.250980407
vb0[236]+000 TEXCOORD3: 0.992156863, 0.301960796, 0.219607845, 0.250980407
vb0[236]+024 TANGENT: 0, 0, 1, 1

vb0[237]+000 POSITION: 2.87976003, 7.12884092, -4.42910004
vb0[237]+012 NORMAL: 1, 0, 0
vb0[237]+000 COLOR: 0.992156863, 0.301960796, 0.219607845, 0.250980407
vb0[237]+000 TEXCOORD: 0.992156863, 0.301960796, 0.219607845, 0.250980407
vb0[237]+000 TEXCOORD1: 0.992156863, 0.301960796, 0.219607845, 0.250980407
vb0[237]+000 TEXCOORD2: 0.992156863, 0.301960796, 0.219607845, 0.250980407
vb0[237]+000 TEXCOORD3: 0.992156863, 0.301960796, 0.219607845, 0.250980407
vb0[237]+024 TANGENT: 0, 0, 1, 1

vb0[238]+000 POSITION: 2.87976003, 8.04524994, -4.42910004
vb0[238]+012 NORMAL: 1, 0, 0
vb0[238]+000 COLOR: 0.992156863, 0.301960796, 0.219607845, 0.250980407
vb0[238]+000 TEXCOORD: 0.992156863, 0.301960796, 0.219607845, 0.250980407
vb0[238]+000 TEXCOORD1: 0.992156863, 0.301960796, 0.219607845, 0.250980407
vb0[238]+000 TEXCOORD2: 0.992156863, 0.301960796, 0.219607845, 0.250980407
vb0[238]+000 TEXCOORD3: 0.992156863, 0.301960796, 0.219607845, 0.250980407
vb0[238]+024 TANGENT: 0, 0, 1, 1

vb0[239]+000 POSITION: 2.87976003, 7.12883902, 1.37650084
vb0[239]+012 NORMAL: 1, 0, 0
vb0[239]+000 COLOR: 0.992156863, 0.301960796, 0.219607845, 0.250980407
vb0[239]+000 TEXCOORD: 0.992156863, 0.301960796, 0.219607845, 0.250980407
vb0[239]+000 TEXCOORD1: 0.992156863, 0.301960796, 0.219607845, 0.250980407
vb0[239]+000 TEXCOORD2: 0.992156863, 0.301960796, 0.219607845, 0.250980407
vb0[239]+000 TEXCOORD3: 0.992156863, 0.301960796, 0.219607845, 0.250980407
vb0[239]+024 TANGENT: 0, 0, 1, 1

vb0[240]+000 POSITION: 3.4013958, 7.25801086, 0.946043015
vb0[240]+012 NORMAL: 0, 1, 2.27101481e-07
vb0[240]+000 COLOR: 0.470588237, 0.690196097, 0.349019617, 0.250980407
vb0[240]+000 TEXCOORD: 0.470588237, 0.690196097, 0.349019617, 0.250980407
vb0[240]+000 TEXCOORD1: 0.470588237, 0.690196097, 0.349019617, 0.250980407
vb0[240]+000 TEXCOORD2: 0.470588237, 0.690196097, 0.349019617, 0.250980407
vb0[240]+000 TEXCOORD3: 0.470588237, 0.690196097, 0.349019617, 0.250980407
vb0[240]+024 TANGENT: 0, 0, 1, 1

vb0[241]+000 POSITION: 2.64571214, 7.25801182, -4.4290967
vb0[241]+012 NORMAL: 0, 1, 2.27101481e-07
vb0[241]+000 COLOR: 0.349019617, 0.325490206, 0.160784319, 0.250980407
vb0[241]+000 TEXCOORD: 0.349019617, 0.325490206, 0.160784319, 0.250980407
vb0[241]+000 TEXCOORD1: 0.349019617, 0.325490206, 0.160784319, 0.250980407
vb0[241]+000 TEXCOORD2: 0.349019617, 0.325490206, 0.160784319, 0.250980407
vb0[241]+000 TEXCOORD3: 0.349019617, 0.325490206, 0.160784319, 0.250980407
vb0[241]+024 TANGENT: 0, 0, 1, 1

vb0[242]+000 POSITION: 2.64571214, 7.25801086, 0.94604665
vb0[242]+012 NORMAL: 0, 1, 2.27101495e-07
vb0[242]+000 COLOR: 0.349019617, 0.325490206, 0.160784319, 0.250980407
vb0[242]+000 TEXCOORD: 0.349019617, 0.325490206, 0.160784319, 0.250980407
vb0[242]+000 TEXCOORD1: 0.349019617, 0.325490206, 0.160784319, 0.250980407
vb0[242]+000 TEXCOORD2: 0.349019617, 0.325490206, 0.160784319, 0.250980407
vb0[242]+000 TEXCOORD3: 0.349019617, 0.325490206, 0.160784319, 0.250980407
vb0[242]+024 TANGENT: 0, 0, 1, 1

vb0[243]+000 POSITION: 3.4013958, 7.25801182, -4.42910004
vb0[243]+012 NORMAL: 0, 1, 2.27101495e-07
vb0[243]+000 COLOR: 0.470588237, 0.690196097, 0.349019617, 0.250980407
vb0[243]+000 TEXCOORD: 0.470588237, 0.690196097, 0.349019617, 0.250980407
vb0[243]+000 TEXCOORD1: 0.470588237, 0.690196097, 0.349019617, 0.250980407
vb0[243]+000 TEXCOORD2: 0.470588237, 0.690196097, 0.349019617, 0.250980407
vb0[243]+000 TEXCOORD3: 0.470588237, 0.690196097, 0.349019617, 0.250980407
vb0[243]+024 TANGENT: 0, 0, 1, 1

vb0[244]+000 POSITION: 3.4013958, 7.25801086, 0.946043015
vb0[244]+012 NORMAL: 1, 0, 0
vb0[244]+000 COLOR: 0.470588237, 0.690196097, 0.349019617, 0.250980407
vb0[244]+000 TEXCOORD: 0.470588237, 0.690196097, 0.349019617, 0.250980407
vb0[244]+000 TEXCOORD1: 0.470588237, 0.690196097, 0.349019617, 0.250980407
vb0[244]+000 TEXCOORD2: 0.470588237, 0.690196097, 0.349019617, 0.250980407
vb0[244]+000 TEXCOORD3: 0.470588237, 0.690196097, 0.349019617, 0.250980407
vb0[244]+024 TANGENT: 0, 0, 1, 1

vb0[245]+000 POSITION: 3.4013958, 6.34902573, -4.42910051
vb0[245]+012 NORMAL: 1, 0, 0
vb0[245]+000 COLOR: 0.470588237, 0.690196097, 0.349019617, 0.250980407
vb0[245]+000 TEXCOORD: 0.470588237, 0.690196097, 0.349019617, 0.250980407
vb0[245]+000 TEXCOORD1: 0.470588237, 0.690196097, 0.349019617, 0.250980407
vb0[245]+000 TEXCOORD2: 0.470588237, 0.690196097, 0.349019617, 0.250980407
vb0[245]+000 TEXCOORD3: 0.470588237, 0.690196097, 0.349019617, 0.250980407
vb0[245]+024 TANGENT: 0, 0, 1, 1

vb0[246]+000 POSITION: 3.4013958, 7.25801182, -4.42910004
vb0[246]+012 NORMAL: 1, 0, 0
vb0[246]+000 COLOR: 0.470588237, 0.690196097, 0.349019617, 0.250980407
vb0[246]+000 TEXCOORD: 0.470588237, 0.690196097, 0.349019617, 0.250980407
vb0[246]+000 TEXCOORD1: 0.470588237, 0.690196097, 0.349019617, 0.250980407
vb0[246]+000 TEXCOORD2: 0.470588237, 0.690196097, 0.349019617, 0.250980407
vb0[246]+000 TEXCOORD3: 0.470588237, 0.690196097, 0.349019617, 0.250980407
vb0[246]+024 TANGENT: 0, 0, 1, 1

vb0[247]+000 POSITION: 3.4013958, 6.3490243, 0.946042895
vb0[247]+012 NORMAL: 1, 0, 0
vb0[247]+000 COLOR: 0.470588237, 0.690196097, 0.349019617, 0.250980407
vb0[247]+000 TEXCOORD: 0.470588237, 0.690196097, 0.349019617, 0.250980407
vb0[247]+000 TEXCOORD1: 0.470588237, 0.690196097, 0.349019617, 0.250980407
vb0[247]+000 TEXCOORD2: 0.470588237, 0.690196097, 0.349019617, 0.250980407
vb0[247]+000 TEXCOORD3: 0.470588237, 0.690196097, 0.349019617, 0.250980407
vb0[247]+024 TANGENT: 0, 0, 1, 1

vb0[248]+000 POSITION: -2.07845449, 1.06183171, 1.93622506
vb0[248]+012 NORMAL: 1, 0, 0
vb0[248]+000 COLOR: 0.400000006, 0.0196078438, 0.0196078438, 0.752941191
vb0[248]+000 TEXCOORD: 0.400000006, 0.0196078438, 0.0196078438, 0.752941191
vb0[248]+000 TEXCOORD1: 0.400000006, 0.0196078438, 0.0196078438, 0.752941191
vb0[248]+000 TEXCOORD2: 0.400000006, 0.0196078438, 0.0196078438, 0.752941191
vb0[248]+000 TEXCOORD3: 0.400000006, 0.0196078438, 0.0196078438, 0.752941191
vb0[248]+024 TANGENT: 1, 0, 0, -1

vb0[249]+000 POSITION: -2.07845449, 5.91808748, 1.60829628
vb0[249]+012 NORMAL: 1, 0, 0
vb0[249]+000 COLOR: 0.400000006, 0.0196078438, 0.0196078438, 0.752941191
vb0[249]+000 TEXCOORD: 0.400000006, 0.0196078438, 0.0196078438, 0.752941191
vb0[249]+000 TEXCOORD1: 0.400000006, 0.0196078438, 0.0196078438, 0.752941191
vb0[249]+000 TEXCOORD2: 0.400000006, 0.0196078438, 0.0196078438, 0.752941191
vb0[249]+000 TEXCOORD3: 0.400000006, 0.0196078438, 0.0196078438, 0.752941191
vb0[249]+024 TANGENT: 1, 0, 0, -1

vb0[250]+000 POSITION: -2.07845449, 5.91808748, 1.9362272
vb0[250]+012 NORMAL: 1, 0, 0
vb0[250]+000 COLOR: 0.400000006, 0.0196078438, 0.0196078438, 0.752941191
vb0[250]+000 TEXCOORD: 0.400000006, 0.0196078438, 0.0196078438, 0.752941191
vb0[250]+000 TEXCOORD1: 0.400000006, 0.0196078438, 0.0196078438, 0.752941191
vb0[250]+000 TEXCOORD2: 0.400000006, 0.0196078438, 0.0196078438, 0.752941191
vb0[250]+000 TEXCOORD3: 0.400000006, 0.0196078438, 0.0196078438, 0.752941191
vb0[250]+024 TANGENT: 1, 0, 0, -1

vb0[251]+000 POSITION: -2.07845449, 1.06183183, 1.60829413
vb0[251]+012 NORMAL: 1, 0, 0
vb0[251]+000 COLOR: 0.400000006, 0.0196078438, 0.0196078438, 0.752941191
vb0[251]+000 TEXCOORD: 0.400000006, 0.0196078438, 0.0196078438, 0.752941191
vb0[251]+000 TEXCOORD1: 0.400000006, 0.0196078438, 0.0196078438, 0.752941191
vb0[251]+000 TEXCOORD2: 0.400000006, 0.0196078438, 0.0196078438, 0.752941191
vb0[251]+000 TEXCOORD3: 0.400000006, 0.0196078438, 0.0196078438, 0.752941191
vb0[251]+024 TANGENT: 1, 0, 0, -1

vb0[252]+000 POSITION: 2.07844853, 5.91808748, 1.9362272
vb0[252]+012 NORMAL: -1, 0, 0
vb0[252]+000 COLOR: 0.301960796, 0.0196078438, 0.0196078438, 0.250980407
vb0[252]+000 TEXCOORD: 0.301960796, 0.0196078438, 0.0196078438, 0.250980407
vb0[252]+000 TEXCOORD1: 0.301960796, 0.0196078438, 0.0196078438, 0.250980407
vb0[252]+000 TEXCOORD2: 0.301960796, 0.0196078438, 0.0196078438, 0.250980407
vb0[252]+000 TEXCOORD3: 0.301960796, 0.0196078438, 0.0196078438, 0.250980407
vb0[252]+024 TANGENT: 1, 0, 0, -1

vb0[253]+000 POSITION: 2.07844853, 1.06183183, 1.60829413
vb0[253]+012 NORMAL: -1, 0, 0
vb0[253]+000 COLOR: 0.301960796, 0.0196078438, 0.0196078438, 0.250980407
vb0[253]+000 TEXCOORD: 0.301960796, 0.0196078438, 0.0196078438, 0.250980407
vb0[253]+000 TEXCOORD1: 0.301960796, 0.0196078438, 0.0196078438, 0.250980407
vb0[253]+000 TEXCOORD2: 0.301960796, 0.0196078438, 0.0196078438, 0.250980407
vb0[253]+000 TEXCOORD3: 0.301960796, 0.0196078438, 0.0196078438, 0.250980407
vb0[253]+024 TANGENT: 1, 0, 0, -1

vb0[254]+000 POSITION: 2.07844853, 1.06183171, 1.93622506
vb0[254]+012 NORMAL: -1, 0, 0
vb0[254]+000 COLOR: 0.301960796, 0.0196078438, 0.0196078438, 0.250980407
vb0[254]+000 TEXCOORD: 0.301960796, 0.0196078438, 0.0196078438, 0.250980407
vb0[254]+000 TEXCOORD1: 0.301960796, 0.0196078438, 0.0196078438, 0.250980407
vb0[254]+000 TEXCOORD2: 0.301960796, 0.0196078438, 0.0196078438, 0.250980407
vb0[254]+000 TEXCOORD3: 0.301960796, 0.0196078438, 0.0196078438, 0.250980407
vb0[254]+024 TANGENT: 1, 0, 0, -1

vb0[255]+000 POSITION: 2.07844853, 5.91808748, 1.60829628
vb0[255]+012 NORMAL: -1, 0, 0
vb0[255]+000 COLOR: 0.301960796, 0.0196078438, 0.0196078438, 0.250980407
vb0[255]+000 TEXCOORD: 0.301960796, 0.0196078438, 0.0196078438, 0.250980407
vb0[255]+000 TEXCOORD1: 0.301960796, 0.0196078438, 0.0196078438, 0.250980407
vb0[255]+000 TEXCOORD2: 0.301960796, 0.0196078438, 0.0196078438, 0.250980407
vb0[255]+000 TEXCOORD3: 0.301960796, 0.0196078438, 0.0196078438, 0.250980407
vb0[255]+024 TANGENT: 1, 0, 0, -1

vb0[256]+000 POSITION: -1.45535839, 5.01988983, 1.8606298
vb0[256]+012 NORMAL: 0, -2.74113262e-07, 1
vb0[256]+000 COLOR: 0.184313729, 0.286274523, 0.729411781, 0.749019623
vb0[256]+000 TEXCOORD: 0.184313729, 0.286274523, 0.729411781, 0.749019623
vb0[256]+000 TEXCOORD1: 0.184313729, 0.286274523, 0.729411781, 0.749019623
vb0[256]+000 TEXCOORD2: 0.184313729, 0.286274523, 0.729411781, 0.749019623
vb0[256]+000 TEXCOORD3: 0.184313729, 0.286274523, 0.729411781, 0.749019623
vb0[256]+024 TANGENT: 0, 1, 0, -1

vb0[257]+000 POSITION: -0.77811569, 5.87589645, 1.86063015
vb0[257]+012 NORMAL: 0, -2.83080709e-07, 1
vb0[257]+000 COLOR: 0.592156887, 0.196078435, 0.278431386, 0.749019623
vb0[257]+000 TEXCOORD: 0.592156887, 0.196078435, 0.278431386, 0.749019623
vb0[257]+000 TEXCOORD1: 0.592156887, 0.196078435, 0.278431386, 0.749019623
vb0[257]+000 TEXCOORD2: 0.592156887, 0.196078435, 0.278431386, 0.749019623
vb0[257]+000 TEXCOORD3: 0.592156887, 0.196078435, 0.278431386, 0.749019623
vb0[257]+024 TANGENT: 0, 1, 0, -1

vb0[258]+000 POSITION: -1.43741035, 5.36283875, 1.86063004
vb0[258]+012 NORMAL: 1.19672848e-07, -4.51191966e-07, 1
vb0[258]+000 COLOR: 0.0627451017, 0.992156863, 0.717647076, 0.749019623
vb0[258]+000 TEXCOORD: 0.0627451017, 0.992156863, 0.717647076, 0.749019623
vb0[258]+000 TEXCOORD1: 0.0627451017, 0.992156863, 0.717647076, 0.749019623
vb0[258]+000 TEXCOORD2: 0.0627451017, 0.992156863, 0.717647076, 0.749019623
vb0[258]+000 TEXCOORD3: 0.0627451017, 0.992156863, 0.717647076, 0.749019623
vb0[258]+024 TANGENT: 0, 1, 0, -1

vb0[259]+000 POSITION: -0.0626641065, 1.16863406, 1.86062896
vb0[259]+012 NORMAL: 0, -2.26358594e-07, 1
vb0[259]+000 COLOR: 0.0392156877, 0.337254912, 0.501960814, 0.741176486
vb0[259]+000 TEXCOORD: 0.0392156877, 0.337254912, 0.501960814, 0.741176486
vb0[259]+000 TEXCOORD1: 0.0392156877, 0.337254912, 0.501960814, 0.741176486
vb0[259]+000 TEXCOORD2: 0.0392156877, 0.337254912, 0.501960814, 0.741176486
vb0[259]+000 TEXCOORD3: 0.0392156877, 0.337254912, 0.501960814, 0.741176486
vb0[259]+024 TANGENT: 0, 1, 0, -1

vb0[260]+000 POSITION: -0.0626641065, 5.87589693, 1.86063015
vb0[260]+012 NORMAL: 0, -2.59323343e-07, 1
vb0[260]+000 COLOR: 0.0392156877, 0.337254912, 0.501960814, 0.741176486
vb0[260]+000 TEXCOORD: 0.0392156877, 0.337254912, 0.501960814, 0.741176486
vb0[260]+000 TEXCOORD1: 0.0392156877, 0.337254912, 0.501960814, 0.741176486
vb0[260]+000 TEXCOORD2: 0.0392156877, 0.337254912, 0.501960814, 0.741176486
vb0[260]+000 TEXCOORD3: 0.0392156877, 0.337254912, 0.501960814, 0.741176486
vb0[260]+024 TANGENT: 0, 1, 0, -1

vb0[261]+000 POSITION: -1.79547071, 4.76146984, 1.8606298
vb0[261]+012 NORMAL: 0, -2.10033392e-07, 1
vb0[261]+000 COLOR: 0.988235295, 0.819607854, 0.898039222, 0.749019623
vb0[261]+000 TEXCOORD: 0.988235295, 0.819607854, 0.898039222, 0.749019623
vb0[261]+000 TEXCOORD1: 0.988235295, 0.819607854, 0.898039222, 0.749019623
vb0[261]+000 TEXCOORD2: 0.988235295, 0.819607854, 0.898039222, 0.749019623
vb0[261]+000 TEXCOORD3: 0.988235295, 0.819607854, 0.898039222, 0.749019623
vb0[261]+024 TANGENT: 0, 1, 0, -1

vb0[262]+000 POSITION: -1.79563153, 1.73839617, 1.86062896
vb0[262]+012 NORMAL: 0, -2.60142627e-07, 1
vb0[262]+000 COLOR: 0.254901975, 0.843137264, 0.898039222, 0.749019623
vb0[262]+000 TEXCOORD: 0.254901975, 0.843137264, 0.898039222, 0.749019623
vb0[262]+000 TEXCOORD1: 0.254901975, 0.843137264, 0.898039222, 0.749019623
vb0[262]+000 TEXCOORD2: 0.254901975, 0.843137264, 0.898039222, 0.749019623
vb0[262]+000 TEXCOORD3: 0.254901975, 0.843137264, 0.898039222, 0.749019623
vb0[262]+024 TANGENT: 0, 1, 0, -1

vb0[263]+000 POSITION: -1.01022935, 1.1686343, 1.86062896
vb0[263]+012 NORMAL: 0, 0, 1
vb0[263]+000 COLOR: 0.196078435, 0.309803933, 0.505882382, 0.749019623
vb0[263]+000 TEXCOORD: 0.196078435, 0.309803933, 0.505882382, 0.749019623
vb0[263]+000 TEXCOORD1: 0.196078435, 0.309803933, 0.505882382, 0.749019623
vb0[263]+000 TEXCOORD2: 0.196078435, 0.309803933, 0.505882382, 0.749019623
vb0[263]+000 TEXCOORD3: 0.196078435, 0.309803933, 0.505882382, 0.749019623
vb0[263]+024 TANGENT: 0, 1, 0, -1

vb0[264]+000 POSITION: -1.93108106, 5.87685633, 1.89554703
vb0[264]+012 NORMAL: -1.54578302e-07, -1.23668258e-07, 1
vb0[264]+000 COLOR: 0.666666687, 0.176470593, 0.968627453, 0.749019623
vb0[264]+000 TEXCOORD: 0.666666687, 0.176470593, 0.968627453, 0.749019623
vb0[264]+000 TEXCOORD1: 0.666666687, 0.176470593, 0.968627453, 0.749019623
vb0[264]+000 TEXCOORD2: 0.666666687, 0.176470593, 0.968627453, 0.749019623
vb0[264]+000 TEXCOORD3: 0.666666687, 0.176470593, 0.968627453, 0.749019623
vb0[264]+024 TANGENT: 0.00178188831, 0.99999845, 0, -1

vb0[265]+000 POSITION: -1.74785531, 2.99906635, 1.89554787
vb0[265]+012 NORMAL: -6.41654378e-06, 0, 1
vb0[265]+000 COLOR: 0.725490212, 0.725490212, 0.874509811, 0.749019623
vb0[265]+000 TEXCOORD: 0.725490212, 0.725490212, 0.874509811, 0.749019623
vb0[265]+000 TEXCOORD1: 0.725490212, 0.725490212, 0.874509811, 0.749019623
vb0[265]+000 TEXCOORD2: 0.725490212, 0.725490212, 0.874509811, 0.749019623
vb0[265]+000 TEXCOORD3: 0.725490212, 0.725490212, 0.874509811, 0.749019623
vb0[265]+024 TANGENT: 0, 1, 0, -1

vb0[266]+000 POSITION: -1.74785531, 3.63518333, 1.89554739
vb0[266]+012 NORMAL: 5.286945e-06, 7.06906917e-07, 1
vb0[266]+000 COLOR: 0.725490212, 0.725490212, 0.874509811, 0.749019623
vb0[266]+000 TEXCOORD: 0.725490212, 0.725490212, 0.874509811, 0.749019623
vb0[266]+000 TEXCOORD1: 0.725490212, 0.725490212, 0.874509811, 0.749019623
vb0[266]+000 TEXCOORD2: 0.725490212, 0.725490212, 0.874509811, 0.749019623
vb0[266]+000 TEXCOORD3: 0.725490212, 0.725490212, 0.874509811, 0.749019623
vb0[266]+024 TANGENT: 0, 1, 0, -1

vb0[267]+000 POSITION: -1.93116832, 1.02028298, 1.89554608
vb0[267]+012 NORMAL: -3.6209824e-06, -2.37595805e-06, 1
vb0[267]+000 COLOR: 0.525490224, 0.188235298, 0.968627453, 0.749019623
vb0[267]+000 TEXCOORD: 0.525490224, 0.188235298, 0.968627453, 0.749019623
vb0[267]+000 TEXCOORD1: 0.525490224, 0.188235298, 0.968627453, 0.749019623
vb0[267]+000 TEXCOORD2: 0.525490224, 0.188235298, 0.968627453, 0.749019623
vb0[267]+000 TEXCOORD3: 0.525490224, 0.188235298, 0.968627453, 0.749019623
vb0[267]+024 TANGENT: 0, 1, 0, -1

vb0[268]+000 POSITION: -1.52267039, 3.31541586, 1.89554739
vb0[268]+012 NORMAL: 1.0218788e-06, 7.19621994e-07, 1
vb0[268]+000 COLOR: 0.866666675, 0.90196079, 0.760784328, 0.749019623
vb0[268]+000 TEXCOORD: 0.866666675, 0.90196079, 0.760784328, 0.749019623
vb0[268]+000 TEXCOORD1: 0.866666675, 0.90196079, 0.760784328, 0.749019623
vb0[268]+000 TEXCOORD2: 0.866666675, 0.90196079, 0.760784328, 0.749019623
vb0[268]+000 TEXCOORD3: 0.866666675, 0.90196079, 0.760784328, 0.749019623
vb0[268]+024 TANGENT: 0, 1, 0, -1

vb0[269]+000 POSITION: -1.74785531, 1.74751985, 1.89554846
vb0[269]+012 NORMAL: -1.14937593e-05, -4.59893101e-07, 1
vb0[269]+000 COLOR: 0.725490212, 0.725490212, 0.874509811, 0.749019623
vb0[269]+000 TEXCOORD: 0.725490212, 0.725490212, 0.874509811, 0.749019623
vb0[269]+000 TEXCOORD1: 0.725490212, 0.725490212, 0.874509811, 0.749019623
vb0[269]+000 TEXCOORD2: 0.725490212, 0.725490212, 0.874509811, 0.749019623
vb0[269]+000 TEXCOORD3: 0.725490212, 0.725490212, 0.874509811, 0.749019623
vb0[269]+024 TANGENT: 0, 1, 0, -1

vb0[270]+000 POSITION: -0.841649294, 1.02029276, 1.89554822
vb0[270]+012 NORMAL: -1.96068413e-06, -2.862874e-06, 1
vb0[270]+000 COLOR: 0.329411775, 0.4627451, 0.34117648, 0.749019623
vb0[270]+000 TEXCOORD: 0.329411775, 0.4627451, 0.34117648, 0.749019623
vb0[270]+000 TEXCOORD1: 0.329411775, 0.4627451, 0.34117648, 0.749019623
vb0[270]+000 TEXCOORD2: 0.329411775, 0.4627451, 0.34117648, 0.749019623
vb0[270]+000 TEXCOORD3: 0.329411775, 0.4627451, 0.34117648, 0.749019623
vb0[270]+024 TANGENT: 0, 1, 0, -1

vb0[271]+000 POSITION: -1.74785292, 4.77242184, 1.89554727
vb0[271]+012 NORMAL: -2.65199901e-07, 1.07286631e-07, 1
vb0[271]+000 COLOR: 0.647058845, 0.725490212, 0.874509811, 0.749019623
vb0[271]+000 TEXCOORD: 0.647058845, 0.725490212, 0.874509811, 0.749019623
vb0[271]+000 TEXCOORD1: 0.647058845, 0.725490212, 0.874509811, 0.749019623
vb0[271]+000 TEXCOORD2: 0.647058845, 0.725490212, 0.874509811, 0.749019623
vb0[271]+000 TEXCOORD3: 0.647058845, 0.725490212, 0.874509811, 0.749019623
vb0[271]+024 TANGENT: -0.00539066829, 0.999985456, 0, -1

vb0[272]+000 POSITION: -1.43404853, 5.36892223, 1.89554679
vb0[272]+012 NORMAL: 4.94282062e-07, -1.09667198e-07, 1
vb0[272]+000 COLOR: 0.905882359, 0.556862772, 0.717647076, 0.749019623
vb0[272]+000 TEXCOORD: 0.905882359, 0.556862772, 0.717647076, 0.749019623
vb0[272]+000 TEXCOORD1: 0.905882359, 0.556862772, 0.717647076, 0.749019623
vb0[272]+000 TEXCOORD2: 0.905882359, 0.556862772, 0.717647076, 0.749019623
vb0[272]+000 TEXCOORD3: 0.905882359, 0.556862772, 0.717647076, 0.749019623
vb0[272]+024 TANGENT: -0.00432969537, 0.999990702, 0, -1

vb0[273]+000 POSITION: -0.785482645, 5.87660265, 1.89554727
vb0[273]+012 NORMAL: -2.66514235e-07, -5.61202398e-07, 1
vb0[273]+000 COLOR: 0.392156869, 0.0823529437, 0.286274523, 0.749019623
vb0[273]+000 TEXCOORD: 0.392156869, 0.0823529437, 0.286274523, 0.749019623
vb0[273]+000 TEXCOORD1: 0.392156869, 0.0823529437, 0.286274523, 0.749019623
vb0[273]+000 TEXCOORD2: 0.392156869, 0.0823529437, 0.286274523, 0.749019623
vb0[273]+000 TEXCOORD3: 0.392156869, 0.0823529437, 0.286274523, 0.749019623
vb0[273]+024 TANGENT: 0.00363501906, 0.999993443, 0, -1

vb0[274]+000 POSITION: -1.45064223, 5.01109886, 1.89554667
vb0[274]+012 NORMAL: 2.48873107e-06, -5.41845736e-07, 1
vb0[274]+000 COLOR: 0.647058845, 0.68235296, 0.725490212, 0.749019623
vb0[274]+000 TEXCOORD: 0.647058845, 0.68235296, 0.725490212, 0.749019623
vb0[274]+000 TEXCOORD1: 0.647058845, 0.68235296, 0.725490212, 0.749019623
vb0[274]+000 TEXCOORD2: 0.647058845, 0.68235296, 0.725490212, 0.749019623
vb0[274]+000 TEXCOORD3: 0.647058845, 0.68235296, 0.725490212, 0.749019623
vb0[274]+024 TANGENT: -0.0528338067, 0.998603284, 0, -1

vb0[275]+000 POSITION: -1.45064223, 5.01109886, 1.89554667
vb0[275]+012 NORMAL: 0.513235867, -0.638531983, 0.573468268
vb0[275]+000 COLOR: 0.647058845, 0.68235296, 0.725490212, 0.749019623
vb0[275]+000 TEXCOORD: 0.647058845, 0.68235296, 0.725490212, 0.749019623
vb0[275]+000 TEXCOORD1: 0.647058845, 0.68235296, 0.725490212, 0.749019623
vb0[275]+000 TEXCOORD2: 0.647058845, 0.68235296, 0.725490212, 0.749019623
vb0[275]+000 TEXCOORD3: 0.647058845, 0.68235296, 0.725490212, 0.749019623
vb0[275]+024 TANGENT: 0.280238628, 0.756242692, 0.591238678, -1

vb0[276]+000 POSITION: -1.69335699, 4.73733091, 1.80794036
vb0[276]+012 NORMAL: 0.51266396, -0.638278663, 0.574261248
vb0[276]+000 COLOR: 0.925490201, 0.749019623, 0.847058833, 0.749019623
vb0[276]+000 TEXCOORD: 0.925490201, 0.749019623, 0.847058833, 0.749019623
vb0[276]+000 TEXCOORD1: 0.925490201, 0.749019623, 0.847058833, 0.749019623
vb0[276]+000 TEXCOORD2: 0.925490201, 0.749019623, 0.847058833, 0.749019623
vb0[276]+000 TEXCOORD3: 0.925490201, 0.749019623, 0.847058833, 0.749019623
vb0[276]+024 TANGENT: 0.303727001, 0.760415494, 0.574036777, -1

vb0[277]+000 POSITION: -1.39388072, 4.97808361, 1.80793977
vb0[277]+012 NORMAL: 0.51337254, -0.638592482, 0.573278546
vb0[277]+000 COLOR: 0.686274529, 0.41568628, 0.698039234, 0.749019623
vb0[277]+000 TEXCOORD: 0.686274529, 0.41568628, 0.698039234, 0.749019623
vb0[277]+000 TEXCOORD1: 0.686274529, 0.41568628, 0.698039234, 0.749019623
vb0[277]+000 TEXCOORD2: 0.686274529, 0.41568628, 0.698039234, 0.749019623
vb0[277]+000 TEXCOORD3: 0.686274529, 0.41568628, 0.698039234, 0.749019623
vb0[277]+024 TANGENT: 0.274592221, 0.755143523, 0.595279217, -1

vb0[278]+000 POSITION: -1.74785292, 4.77242184, 1.89554727
vb0[278]+012 NORMAL: 0.512525141, -0.638217151, 0.574453592
vb0[278]+000 COLOR: 0.647058845, 0.725490212, 0.874509811, 0.749019623
vb0[278]+000 TEXCOORD: 0.647058845, 0.725490212, 0.874509811, 0.749019623
vb0[278]+000 TEXCOORD1: 0.647058845, 0.725490212, 0.874509811, 0.749019623
vb0[278]+000 TEXCOORD2: 0.647058845, 0.725490212, 0.874509811, 0.749019623
vb0[278]+000 TEXCOORD3: 0.647058845, 0.725490212, 0.874509811, 0.749019623
vb0[278]+024 TANGENT: 0.309389412, 0.761323571, 0.569793463, -1

vb0[279]+000 POSITION: -1.45064223, 5.01109886, 1.89554667
vb0[279]+012 NORMAL: 0.835794628, -0.0320577919, 0.548105478
vb0[279]+000 COLOR: 0.647058845, 0.68235296, 0.725490212, 0.749019623
vb0[279]+000 TEXCOORD: 0.647058845, 0.68235296, 0.725490212, 0.749019623
vb0[279]+000 TEXCOORD1: 0.647058845, 0.68235296, 0.725490212, 0.749019623
vb0[279]+000 TEXCOORD2: 0.647058845, 0.68235296, 0.725490212, 0.749019623
vb0[279]+000 TEXCOORD3: 0.647058845, 0.68235296, 0.725490212, 0.749019623
vb0[279]+024 TANGENT: -0.0175932962, 0.996217549, 0.0850947723, -1

vb0[280]+000 POSITION: -1.38075757, 5.33524847, 1.80794001
vb0[280]+012 NORMAL: 0.844731092, -0.0378367119, 0.533851862
vb0[280]+000 COLOR: 0.666666687, 0.737254918, 0.690196097, 0.749019623
vb0[280]+000 TEXCOORD: 0.666666687, 0.737254918, 0.690196097, 0.749019623
vb0[280]+000 TEXCOORD1: 0.666666687, 0.737254918, 0.690196097, 0.749019623
vb0[280]+000 TEXCOORD2: 0.666666687, 0.737254918, 0.690196097, 0.749019623
vb0[280]+000 TEXCOORD3: 0.666666687, 0.737254918, 0.690196097, 0.749019623
vb0[280]+024 TANGENT: -0.00806419365, 0.996484637, 0.083386004, -1

vb0[281]+000 POSITION: -1.43404853, 5.36892223, 1.89554679
vb0[281]+012 NORMAL: 0.846916437, -0.0392749794, 0.530273557
vb0[281]+000 COLOR: 0.905882359, 0.556862772, 0.717647076, 0.749019623
vb0[281]+000 TEXCOORD: 0.905882359, 0.556862772, 0.717647076, 0.749019623
vb0[281]+000 TEXCOORD1: 0.905882359, 0.556862772, 0.717647076, 0.749019623
vb0[281]+000 TEXCOORD2: 0.905882359, 0.556862772, 0.717647076, 0.749019623
vb0[281]+000 TEXCOORD3: 0.905882359, 0.556862772, 0.717647076, 0.749019623
vb0[281]+024 TANGENT: -0.00571797835, 0.996538043, 0.0829414651, -1

vb0[282]+000 POSITION: -1.39388072, 4.97808361, 1.80793977
vb0[282]+012 NORMAL: 0.833543777, -0.0306270383, 0.551603794
vb0[282]+000 COLOR: 0.686274529, 0.41568628, 0.698039234, 0.749019623
vb0[282]+000 TEXCOORD: 0.686274529, 0.41568628, 0.698039234, 0.749019623
vb0[282]+000 TEXCOORD1: 0.686274529, 0.41568628, 0.698039234, 0.749019623
vb0[282]+000 TEXCOORD2: 0.686274529, 0.41568628, 0.698039234, 0.749019623
vb0[282]+000 TEXCOORD3: 0.686274529, 0.41568628, 0.698039234, 0.749019623
vb0[282]+024 TANGENT: -0.0199773032, 0.996138155, 0.0854974464, -1

vb0[283]+000 POSITION: -0.785482645, 5.87660265, 1.89554727
vb0[283]+012 NORMAL: 0.543807328, -0.678005517, 0.494552404
vb0[283]+000 COLOR: 0.392156869, 0.0823529437, 0.286274523, 0.749019623
vb0[283]+000 TEXCOORD: 0.392156869, 0.0823529437, 0.286274523, 0.749019623
vb0[283]+000 TEXCOORD1: 0.392156869, 0.0823529437, 0.286274523, 0.749019623
vb0[283]+000 TEXCOORD2: 0.392156869, 0.0823529437, 0.286274523, 0.749019623
vb0[283]+000 TEXCOORD3: 0.392156869, 0.0823529437, 0.286274523, 0.749019623
vb0[283]+024 TANGENT: 0.265850812, 0.698135197, 0.66477865, -1

vb0[284]+000 POSITION: -1.38075757, 5.33524847, 1.80794001
vb0[284]+012 NORMAL: 0.51295507, -0.654023528, 0.555994749
vb0[284]+000 COLOR: 0.666666687, 0.737254918, 0.690196097, 0.749019623
vb0[284]+000 TEXCOORD: 0.666666687, 0.737254918, 0.690196097, 0.749019623
vb0[284]+000 TEXCOORD1: 0.666666687, 0.737254918, 0.690196097, 0.749019623
vb0[284]+000 TEXCOORD2: 0.666666687, 0.737254918, 0.690196097, 0.749019623
vb0[284]+000 TEXCOORD3: 0.666666687, 0.737254918, 0.690196097, 0.749019623
vb0[284]+024 TANGENT: 0.275418669, 0.738848567, 0.615018249, -1

vb0[285]+000 POSITION: -0.748222172, 5.84358883, 1.80794048
vb0[285]+012 NORMAL: 0.546524882, -0.680049419, 0.488716006
vb0[285]+000 COLOR: 0.490196079, 0.545098066, 0.247058824, 0.749019623
vb0[285]+000 TEXCOORD: 0.490196079, 0.545098066, 0.247058824, 0.749019623
vb0[285]+000 TEXCOORD1: 0.490196079, 0.545098066, 0.247058824, 0.749019623
vb0[285]+000 TEXCOORD2: 0.490196079, 0.545098066, 0.247058824, 0.749019623
vb0[285]+000 TEXCOORD3: 0.490196079, 0.545098066, 0.247058824, 0.749019623
vb0[285]+024 TANGENT: 0.265043736, 0.694044113, 0.669368804, -1

vb0[286]+000 POSITION: -1.43404853, 5.36892223, 1.89554679
vb0[286]+012 NORMAL: 0.510272384, -0.651877463, 0.560961664
vb0[286]+000 COLOR: 0.905882359, 0.556862772, 0.717647076, 0.749019623
vb0[286]+000 TEXCOORD: 0.905882359, 0.556862772, 0.717647076, 0.749019623
vb0[286]+000 TEXCOORD1: 0.905882359, 0.556862772, 0.717647076, 0.749019623
vb0[286]+000 TEXCOORD2: 0.905882359, 0.556862772, 0.717647076, 0.749019623
vb0[286]+000 TEXCOORD3: 0.905882359, 0.556862772, 0.717647076, 0.749019623
vb0[286]+024 TANGENT: 0.276264161, 0.741947174, 0.610894918, -1

vb0[287]+000 POSITION: -1.74785292, 4.77242184, 1.89554727
vb0[287]+012 NORMAL: 0.849121988, -1.3322508e-06, 0.528196692
vb0[287]+000 COLOR: 0.647058845, 0.725490212, 0.874509811, 0.749019623
vb0[287]+000 TEXCOORD: 0.647058845, 0.725490212, 0.874509811, 0.749019623
vb0[287]+000 TEXCOORD1: 0.647058845, 0.725490212, 0.874509811, 0.749019623
vb0[287]+000 TEXCOORD2: 0.647058845, 0.725490212, 0.874509811, 0.749019623
vb0[287]+000 TEXCOORD3: 0.647058845, 0.725490212, 0.874509811, 0.749019623
vb0[287]+024 TANGENT: 0, 1, 0, -1

vb0[288]+000 POSITION: -1.6933589, 3.66399455, 1.8079406
vb0[288]+012 NORMAL: 0.849119782, -1.72916259e-06, 0.528200328
vb0[288]+000 COLOR: 0.988235295, 0.749019623, 0.847058833, 0.749019623
vb0[288]+000 TEXCOORD: 0.988235295, 0.749019623, 0.847058833, 0.749019623
vb0[288]+000 TEXCOORD1: 0.988235295, 0.749019623, 0.847058833, 0.749019623
vb0[288]+000 TEXCOORD2: 0.988235295, 0.749019623, 0.847058833, 0.749019623
vb0[288]+000 TEXCOORD3: 0.988235295, 0.749019623, 0.847058833, 0.749019623
vb0[288]+024 TANGENT: 0, 1, 0, -1

vb0[289]+000 POSITION: -1.69335699, 4.73733091, 1.80794036
vb0[289]+012 NORMAL: 0.849122286, -1.29837815e-06, 0.528196454
vb0[289]+000 COLOR: 0.925490201, 0.749019623, 0.847058833, 0.749019623
vb0[289]+000 TEXCOORD: 0.925490201, 0.749019623, 0.847058833, 0.749019623
vb0[289]+000 TEXCOORD1: 0.925490201, 0.749019623, 0.847058833, 0.749019623
vb0[289]+000 TEXCOORD2: 0.925490201, 0.749019623, 0.847058833, 0.749019623
vb0[289]+000 TEXCOORD3: 0.925490201, 0.749019623, 0.847058833, 0.749019623
vb0[289]+024 TANGENT: 0, 1, 0, -1

vb0[290]+000 POSITION: -1.74785531, 3.63518333, 1.89554739
vb0[290]+012 NORMAL: 0.849119604, -1.75200603e-06, 0.528200507
vb0[290]+000 COLOR: 0.725490212, 0.725490212, 0.874509811, 0.749019623
vb0[290]+000 TEXCOORD: 0.725490212, 0.725490212, 0.874509811, 0.749019623
vb0[290]+000 TEXCOORD1: 0.725490212, 0.725490212, 0.874509811, 0.749019623
vb0[290]+000 TEXCOORD2: 0.725490212, 0.725490212, 0.874509811, 0.749019623
vb0[290]+000 TEXCOORD3: 0.725490212, 0.725490212, 0.874509811, 0.749019623
vb0[290]+024 TANGENT: 0, 1, 0, -1

vb0[291]+000 POSITION: -1.52267039, 3.31541586, 1.89554739
vb0[291]+012 NORMAL: 0.692378402, 0.475441456, 0.542740822
vb0[291]+000 COLOR: 0.866666675, 0.90196079, 0.760784328, 0.749019623
vb0[291]+000 TEXCOORD: 0.866666675, 0.90196079, 0.760784328, 0.749019623
vb0[291]+000 TEXCOORD1: 0.866666675, 0.90196079, 0.760784328, 0.749019623
vb0[291]+000 TEXCOORD2: 0.866666675, 0.90196079, 0.760784328, 0.749019623
vb0[291]+000 TEXCOORD3: 0.866666675, 0.90196079, 0.760784328, 0.749019623
vb0[291]+024 TANGENT: -0.214542598, 0.853838325, -0.474269569, -1

vb0[292]+000 POSITION: -1.6933589, 3.66399455, 1.8079406
vb0[292]+012 NORMAL: 0.674645722, 0.472813517, 0.566833854
vb0[292]+000 COLOR: 0.988235295, 0.749019623, 0.847058833, 0.749019623
vb0[292]+000 TEXCOORD: 0.988235295, 0.749019623, 0.847058833, 0.749019623
vb0[292]+000 TEXCOORD1: 0.988235295, 0.749019623, 0.847058833, 0.749019623
vb0[292]+000 TEXCOORD2: 0.988235295, 0.749019623, 0.847058833, 0.749019623
vb0[292]+000 TEXCOORD3: 0.988235295, 0.749019623, 0.847058833, 0.749019623
vb0[292]+024 TANGENT: -0.217997253, 0.861292005, -0.458969742, -1

vb0[293]+000 POSITION: -1.74785531, 3.63518333, 1.89554739
vb0[293]+012 NORMAL: 0.670455456, 0.472144574, 0.572336376
vb0[293]+000 COLOR: 0.725490212, 0.725490212, 0.874509811, 0.749019623
vb0[293]+000 TEXCOORD: 0.725490212, 0.725490212, 0.874509811, 0.749019623
vb0[293]+000 TEXCOORD1: 0.725490212, 0.725490212, 0.874509811, 0.749019623
vb0[293]+000 TEXCOORD2: 0.725490212, 0.725490212, 0.874509811, 0.749019623
vb0[293]+000 TEXCOORD3: 0.725490212, 0.725490212, 0.874509811, 0.749019623
vb0[293]+024 TANGENT: -0.218864232, 0.862924457, -0.455477536, -1

vb0[294]+000 POSITION: -1.45496225, 3.31541586, 1.8079406
vb0[294]+012 NORMAL: 0.695880294, 0.475919634, 0.537820637
vb0[294]+000 COLOR: 0.203921571, 0.235294119, 0.729411781, 0.749019623
vb0[294]+000 TEXCOORD: 0.203921571, 0.235294119, 0.729411781, 0.749019623
vb0[294]+000 TEXCOORD1: 0.203921571, 0.235294119, 0.729411781, 0.749019623
vb0[294]+000 TEXCOORD2: 0.203921571, 0.235294119, 0.729411781, 0.749019623
vb0[294]+000 TEXCOORD3: 0.203921571, 0.235294119, 0.729411781, 0.749019623
vb0[294]+024 TANGENT: -0.213908449, 0.852256298, -0.477391243, -1

vb0[295]+000 POSITION: -1.74785531, 1.74751985, 1.89554846
vb0[295]+012 NORMAL: 0.849122286, -2.6501823e-07, 0.528196275
vb0[295]+000 COLOR: 0.725490212, 0.725490212, 0.874509811, 0.749019623
vb0[295]+000 TEXCOORD: 0.725490212, 0.725490212, 0.874509811, 0.749019623
vb0[295]+000 TEXCOORD1: 0.725490212, 0.725490212, 0.874509811, 0.749019623
vb0[295]+000 TEXCOORD2: 0.725490212, 0.725490212, 0.874509811, 0.749019623
vb0[295]+000 TEXCOORD3: 0.725490212, 0.725490212, 0.874509811, 0.749019623
vb0[295]+024 TANGENT: 0, 1, 0, -1

vb0[296]+000 POSITION: -1.6933589, 2.96040678, 1.8079412
vb0[296]+012 NORMAL: 0.849119186, 2.32998218e-07, 0.528201282
vb0[296]+000 COLOR: 0.988235295, 0.749019623, 0.847058833, 0.749019623
vb0[296]+000 TEXCOORD: 0.988235295, 0.749019623, 0.847058833, 0.749019623
vb0[296]+000 TEXCOORD1: 0.988235295, 0.749019623, 0.847058833, 0.749019623
vb0[296]+000 TEXCOORD2: 0.988235295, 0.749019623, 0.847058833, 0.749019623
vb0[296]+000 TEXCOORD3: 0.988235295, 0.749019623, 0.847058833, 0.749019623
vb0[296]+024 TANGENT: 0, 1, 0, -1

vb0[297]+000 POSITION: -1.74785531, 2.99906635, 1.89554787
vb0[297]+012 NORMAL: 0.849119067, 2.57592177e-07, 0.52820152
vb0[297]+000 COLOR: 0.725490212, 0.725490212, 0.874509811, 0.749019623
vb0[297]+000 TEXCOORD: 0.725490212, 0.725490212, 0.874509811, 0.749019623
vb0[297]+000 TEXCOORD1: 0.725490212, 0.725490212, 0.874509811, 0.749019623
vb0[297]+000 TEXCOORD2: 0.725490212, 0.725490212, 0.874509811, 0.749019623
vb0[297]+000 TEXCOORD3: 0.725490212, 0.725490212, 0.874509811, 0.749019623
vb0[297]+024 TANGENT: 0, 1, 0, -1

vb0[298]+000 POSITION: -1.69335949, 1.77633071, 1.80794156
vb0[298]+012 NORMAL: 0.849122465, -3.01560533e-07, 0.528196037
vb0[298]+000 COLOR: 0.00392156886, 0.752941191, 0.847058833, 0.749019623
vb0[298]+000 TEXCOORD: 0.00392156886, 0.752941191, 0.847058833, 0.749019623
vb0[298]+000 TEXCOORD1: 0.00392156886, 0.752941191, 0.847058833, 0.749019623
vb0[298]+000 TEXCOORD2: 0.00392156886, 0.752941191, 0.847058833, 0.749019623
vb0[298]+000 TEXCOORD3: 0.00392156886, 0.752941191, 0.847058833, 0.749019623
vb0[298]+024 TANGENT: 0, 1, 0, -1

vb0[299]+000 POSITION: -1.52267039, 3.31541586, 1.89554739
vb0[299]+012 NORMAL: 0.691743076, -0.46825403, 0.549754202
vb0[299]+000 COLOR: 0.866666675, 0.90196079, 0.760784328, 0.749019623
vb0[299]+000 TEXCOORD: 0.866666675, 0.90196079, 0.760784328, 0.749019623
vb0[299]+000 TEXCOORD1: 0.866666675, 0.90196079, 0.760784328, 0.749019623
vb0[299]+000 TEXCOORD2: 0.866666675, 0.90196079, 0.760784328, 0.749019623
vb0[299]+000 TEXCOORD3: 0.866666675, 0.90196079, 0.760784328, 0.749019623
vb0[299]+024 TANGENT: 0.216005012, 0.860593081, 0.461217314, -1

vb0[300]+000 POSITION: -1.6933589, 2.96040678, 1.8079412
vb0[300]+012 NORMAL: 0.656645536, -0.462691247, 0.595595062
vb0[300]+000 COLOR: 0.988235295, 0.749019623, 0.847058833, 0.749019623
vb0[300]+000 TEXCOORD: 0.988235295, 0.749019623, 0.847058833, 0.749019623
vb0[300]+000 TEXCOORD1: 0.988235295, 0.749019623, 0.847058833, 0.749019623
vb0[300]+000 TEXCOORD2: 0.988235295, 0.749019623, 0.847058833, 0.749019623
vb0[300]+000 TEXCOORD3: 0.988235295, 0.749019623, 0.847058833, 0.749019623
vb0[300]+024 TANGENT: 0.215906769, 0.871977568, 0.439362615, -1

vb0[301]+000 POSITION: -1.45496225, 3.31541586, 1.8079406
vb0[301]+012 NORMAL: 0.698727012, -0.469209909, 0.540020823
vb0[301]+000 COLOR: 0.203921571, 0.235294119, 0.729411781, 0.749019623
vb0[301]+000 TEXCOORD: 0.203921571, 0.235294119, 0.729411781, 0.749019623
vb0[301]+000 TEXCOORD1: 0.203921571, 0.235294119, 0.729411781, 0.749019623
vb0[301]+000 TEXCOORD2: 0.203921571, 0.235294119, 0.729411781, 0.749019623
vb0[301]+000 TEXCOORD3: 0.203921571, 0.235294119, 0.729411781, 0.749019623
vb0[301]+024 TANGENT: 0.216179326, 0.858059347, 0.465833217, -1

vb0[302]+000 POSITION: -1.74785531, 2.99906635, 1.89554787
vb0[302]+012 NORMAL: 0.647779822, -0.461103827, 0.606435955
vb0[302]+000 COLOR: 0.725490212, 0.725490212, 0.874509811, 0.749019623
vb0[302]+000 TEXCOORD: 0.725490212, 0.725490212, 0.874509811, 0.749019623
vb0[302]+000 TEXCOORD1: 0.725490212, 0.725490212, 0.874509811, 0.749019623
vb0[302]+000 TEXCOORD2: 0.725490212, 0.725490212, 0.874509811, 0.749019623
vb0[302]+000 TEXCOORD3: 0.725490212, 0.725490212, 0.874509811, 0.749019623
vb0[302]+024 TANGENT: 0.216038764, 0.874534369, 0.434185296, -1

vb0[303]+000 POSITION: -0.841649294, 1.02029276, 1.89554822
vb0[303]+012 NORMAL: 0.52009064, 0.650096595, 0.553967655
vb0[303]+000 COLOR: 0.329411775, 0.4627451, 0.34117648, 0.749019623
vb0[303]+000 TEXCOORD: 0.329411775, 0.4627451, 0.34117648, 0.749019623
vb0[303]+000 TEXCOORD1: 0.329411775, 0.4627451, 0.34117648, 0.749019623
vb0[303]+000 TEXCOORD2: 0.329411775, 0.4627451, 0.34117648, 0.749019623
vb0[303]+000 TEXCOORD3: 0.329411775, 0.4627451, 0.34117648, 0.749019623
vb0[303]+024 TANGENT: -0.224318311, 0.729787767, -0.645826042, -1

vb0[304]+000 POSITION: -1.69335949, 1.77633071, 1.80794156
vb0[304]+012 NORMAL: 0.525464654, 0.654895782, 0.54313755
vb0[304]+000 COLOR: 0.00392156886, 0.752941191, 0.847058833, 0.749019623
vb0[304]+000 TEXCOORD: 0.00392156886, 0.752941191, 0.847058833, 0.749019623
vb0[304]+000 TEXCOORD1: 0.00392156886, 0.752941191, 0.847058833, 0.749019623
vb0[304]+000 TEXCOORD2: 0.00392156886, 0.752941191, 0.847058833, 0.749019623
vb0[304]+000 TEXCOORD3: 0.00392156886, 0.752941191, 0.847058833, 0.749019623
vb0[304]+024 TANGENT: -0.269159913, 0.733541012, -0.624075592, -1

vb0[305]+000 POSITION: -1.74785531, 1.74751985, 1.89554846
vb0[305]+012 NORMAL: 0.525769114, 0.655166745, 0.542515874
vb0[305]+000 COLOR: 0.725490212, 0.725490212, 0.874509811, 0.749019623
vb0[305]+000 TEXCOORD: 0.725490212, 0.725490212, 0.874509811, 0.749019623
vb0[305]+000 TEXCOORD1: 0.725490212, 0.725490212, 0.874509811, 0.749019623
vb0[305]+000 TEXCOORD2: 0.725490212, 0.725490212, 0.874509811, 0.749019623
vb0[305]+000 TEXCOORD3: 0.725490212, 0.725490212, 0.874509811, 0.749019623
vb0[305]+024 TANGENT: -0.271687448, 0.733718395, -0.622770727, -1

vb0[306]+000 POSITION: -0.791049957, 1.05458975, 1.8079412
vb0[306]+012 NORMAL: 0.519772828, 0.649811804, 0.554599643
vb0[306]+000 COLOR: 0.250980407, 0.509803951, 0.290196091, 0.749019623
vb0[306]+000 TEXCOORD: 0.250980407, 0.509803951, 0.290196091, 0.749019623
vb0[306]+000 TEXCOORD1: 0.250980407, 0.509803951, 0.290196091, 0.749019623
vb0[306]+000 TEXCOORD2: 0.250980407, 0.509803951, 0.290196091, 0.749019623
vb0[306]+000 TEXCOORD3: 0.250980407, 0.509803951, 0.290196091, 0.749019623
vb0[306]+024 TANGENT: -0.221657559, 0.729529679, -0.647035062, -1

vb0[307]+000 POSITION: -1.93108106, 5.87685633, 1.63532233
vb0[307]+012 NORMAL: -4.31226169e-07, 1.43741531e-07, -1
vb0[307]+000 COLOR: 0.666666687, 0.176470593, 0.968627453, 0.749019623
vb0[307]+000 TEXCOORD: 0.666666687, 0.176470593, 0.968627453, 0.749019623
vb0[307]+000 TEXCOORD1: 0.666666687, 0.176470593, 0.968627453, 0.749019623
vb0[307]+000 TEXCOORD2: 0.666666687, 0.176470593, 0.968627453, 0.749019623
vb0[307]+000 TEXCOORD3: 0.666666687, 0.176470593, 0.968627453, 0.749019623
vb0[307]+024 TANGENT: 0.001782062, 0.99999845, 0, 1

vb0[308]+000 POSITION: -1.74785292, 4.77242136, 1.63532197
vb0[308]+012 NORMAL: 2.583038e-07, 2.67282672e-07, -1
vb0[308]+000 COLOR: 0.647058845, 0.725490212, 0.874509811, 0.749019623
vb0[308]+000 TEXCOORD: 0.647058845, 0.725490212, 0.874509811, 0.749019623
vb0[308]+000 TEXCOORD1: 0.647058845, 0.725490212, 0.874509811, 0.749019623
vb0[308]+000 TEXCOORD2: 0.647058845, 0.725490212, 0.874509811, 0.749019623
vb0[308]+000 TEXCOORD3: 0.647058845, 0.725490212, 0.874509811, 0.749019623
vb0[308]+024 TANGENT: -0.00539116794, 0.999985456, 0, 1

vb0[309]+000 POSITION: -1.74785471, 3.6351831, 1.6353215
vb0[309]+012 NORMAL: -4.43453064e-06, 2.02120106e-07, -1
vb0[309]+000 COLOR: 0.70588237, 0.725490212, 0.874509811, 0.749019623
vb0[309]+000 TEXCOORD: 0.70588237, 0.725490212, 0.874509811, 0.749019623
vb0[309]+000 TEXCOORD1: 0.70588237, 0.725490212, 0.874509811, 0.749019623
vb0[309]+000 TEXCOORD2: 0.70588237, 0.725490212, 0.874509811, 0.749019623
vb0[309]+000 TEXCOORD3: 0.70588237, 0.725490212, 0.874509811, 0.749019623
vb0[309]+024 TANGENT: 0, 1, 0, 1

vb0[310]+000 POSITION: -1.43404853, 5.36892223, 1.63532221
vb0[310]+012 NORMAL: 2.09445503e-07, 0, -1
vb0[310]+000 COLOR: 0.905882359, 0.556862772, 0.717647076, 0.749019623
vb0[310]+000 TEXCOORD: 0.905882359, 0.556862772, 0.717647076, 0.749019623
vb0[310]+000 TEXCOORD1: 0.905882359, 0.556862772, 0.717647076, 0.749019623
vb0[310]+000 TEXCOORD2: 0.905882359, 0.556862772, 0.717647076, 0.749019623
vb0[310]+000 TEXCOORD3: 0.905882359, 0.556862772, 0.717647076, 0.749019623
vb0[310]+024 TANGENT: -0.00432979129, 0.999990702, 0, 1

vb0[311]+000 POSITION: -0.785482645, 5.87660265, 1.63532197
vb0[311]+012 NORMAL: -3.99604858e-07, 0, -1
vb0[311]+000 COLOR: 0.392156869, 0.0823529437, 0.286274523, 0.749019623
vb0[311]+000 TEXCOORD: 0.392156869, 0.0823529437, 0.286274523, 0.749019623
vb0[311]+000 TEXCOORD1: 0.392156869, 0.0823529437, 0.286274523, 0.749019623
vb0[311]+000 TEXCOORD2: 0.392156869, 0.0823529437, 0.286274523, 0.749019623
vb0[311]+000 TEXCOORD3: 0.392156869, 0.0823529437, 0.286274523, 0.749019623
vb0[311]+024 TANGENT: 0.00363501906, 0.999993443, 0, 1

vb0[312]+000 POSITION: -1.45064187, 5.01109743, 1.63532257
vb0[312]+012 NORMAL: 2.84441785e-06, -9.84768349e-07, -1
vb0[312]+000 COLOR: 0.635294139, 0.68235296, 0.725490212, 0.749019623
vb0[312]+000 TEXCOORD: 0.635294139, 0.68235296, 0.725490212, 0.749019623
vb0[312]+000 TEXCOORD1: 0.635294139, 0.68235296, 0.725490212, 0.749019623
vb0[312]+000 TEXCOORD2: 0.635294139, 0.68235296, 0.725490212, 0.749019623
vb0[312]+000 TEXCOORD3: 0.635294139, 0.68235296, 0.725490212, 0.749019623
vb0[312]+024 TANGENT: -0.0528346337, 0.998603284, 0, 1

vb0[313]+000 POSITION: -1.93116891, 1.02028263, 1.63532257
vb0[313]+012 NORMAL: -3.7196819e-06, -2.34919321e-06, -1
vb0[313]+000 COLOR: 0.545098066, 0.188235298, 0.968627453, 0.749019623
vb0[313]+000 TEXCOORD: 0.545098066, 0.188235298, 0.968627453, 0.749019623
vb0[313]+000 TEXCOORD1: 0.545098066, 0.188235298, 0.968627453, 0.749019623
vb0[313]+000 TEXCOORD2: 0.545098066, 0.188235298, 0.968627453, 0.749019623
vb0[313]+000 TEXCOORD3: 0.545098066, 0.188235298, 0.968627453, 0.749019623
vb0[313]+024 TANGENT: 0, 1, 0, 1

vb0[314]+000 POSITION: -1.74785471, 2.99906635, 1.63532066
vb0[314]+012 NORMAL: -1.8693072e-05, 1.18188677e-06, -1
vb0[314]+000 COLOR: 0.70588237, 0.725490212, 0.874509811, 0.749019623
vb0[314]+000 TEXCOORD: 0.70588237, 0.725490212, 0.874509811, 0.749019623
vb0[314]+000 TEXCOORD1: 0.70588237, 0.725490212, 0.874509811, 0.749019623
vb0[314]+000 TEXCOORD2: 0.70588237, 0.725490212, 0.874509811, 0.749019623
vb0[314]+000 TEXCOORD3: 0.70588237, 0.725490212, 0.874509811, 0.749019623
vb0[314]+024 TANGENT: 0, 1, 0, 1

vb0[315]+000 POSITION: -1.52267039, 3.31541586, 1.6353215
vb0[315]+012 NORMAL: 1.7031349e-06, 1.19937056e-06, -1
vb0[315]+000 COLOR: 0.866666675, 0.90196079, 0.760784328, 0.749019623
vb0[315]+000 TEXCOORD: 0.866666675, 0.90196079, 0.760784328, 0.749019623
vb0[315]+000 TEXCOORD1: 0.866666675, 0.90196079, 0.760784328, 0.749019623
vb0[315]+000 TEXCOORD2: 0.866666675, 0.90196079, 0.760784328, 0.749019623
vb0[315]+000 TEXCOORD3: 0.866666675, 0.90196079, 0.760784328, 0.749019623
vb0[315]+024 TANGENT: 0, 1, 0, 1

vb0[316]+000 POSITION: -1.74785531, 1.74751985, 1.63532007
vb0[316]+012 NORMAL: -1.1493742e-05, -4.59887247e-07, -1
vb0[316]+000 COLOR: 0.725490212, 0.725490212, 0.874509811, 0.749019623
vb0[316]+000 TEXCOORD: 0.725490212, 0.725490212, 0.874509811, 0.749019623
vb0[316]+000 TEXCOORD1: 0.725490212, 0.725490212, 0.874509811, 0.749019623
vb0[316]+000 TEXCOORD2: 0.725490212, 0.725490212, 0.874509811, 0.749019623
vb0[316]+000 TEXCOORD3: 0.725490212, 0.725490212, 0.874509811, 0.749019623
vb0[316]+024 TANGENT: 0, 1, 0, 1

vb0[317]+000 POSITION: -0.841649294, 1.0202924, 1.63532043
vb0[317]+012 NORMAL: -1.96068277e-06, -2.86287104e-06, -1
vb0[317]+000 COLOR: 0.329411775, 0.4627451, 0.34117648, 0.749019623
vb0[317]+000 TEXCOORD: 0.329411775, 0.4627451, 0.34117648, 0.749019623
vb0[317]+000 TEXCOORD1: 0.329411775, 0.4627451, 0.34117648, 0.749019623
vb0[317]+000 TEXCOORD2: 0.329411775, 0.4627451, 0.34117648, 0.749019623
vb0[317]+000 TEXCOORD3: 0.329411775, 0.4627451, 0.34117648, 0.749019623
vb0[317]+024 TANGENT: 0, 1, 0, 1

vb0[318]+000 POSITION: -1.45064187, 5.01109743, 1.63532257
vb0[318]+012 NORMAL: 0.513238907, -0.638534844, -0.573462307
vb0[318]+000 COLOR: 0.635294139, 0.68235296, 0.725490212, 0.749019623
vb0[318]+000 TEXCOORD: 0.635294139, 0.68235296, 0.725490212, 0.749019623
vb0[318]+000 TEXCOORD1: 0.635294139, 0.68235296, 0.725490212, 0.749019623
vb0[318]+000 TEXCOORD2: 0.635294139, 0.68235296, 0.725490212, 0.749019623
vb0[318]+000 TEXCOORD3: 0.635294139, 0.68235296, 0.725490212, 0.749019623
vb0[318]+024 TANGENT: 0.280241579, 0.756239712, -0.591241121, 1

vb0[319]+000 POSITION: -1.69335699, 4.73733044, 1.72292888
vb0[319]+012 NORMAL: 0.512663722, -0.638280034, -0.574259996
vb0[319]+000 COLOR: 0.925490201, 0.749019623, 0.847058833, 0.749019623
vb0[319]+000 TEXCOORD: 0.925490201, 0.749019623, 0.847058833, 0.749019623
vb0[319]+000 TEXCOORD1: 0.925490201, 0.749019623, 0.847058833, 0.749019623
vb0[319]+000 TEXCOORD2: 0.925490201, 0.749019623, 0.847058833, 0.749019623
vb0[319]+000 TEXCOORD3: 0.925490201, 0.749019623, 0.847058833, 0.749019623
vb0[319]+024 TANGENT: 0.303728342, 0.760414302, -0.574037552, 1

vb0[320]+000 POSITION: -1.74785292, 4.77242136, 1.63532197
vb0[320]+012 NORMAL: 0.512524128, -0.638218164, -0.574453354
vb0[320]+000 COLOR: 0.647058845, 0.725490212, 0.874509811, 0.749019623
vb0[320]+000 TEXCOORD: 0.647058845, 0.725490212, 0.874509811, 0.749019623
vb0[320]+000 TEXCOORD1: 0.647058845, 0.725490212, 0.874509811, 0.749019623
vb0[320]+000 TEXCOORD2: 0.647058845, 0.725490212, 0.874509811, 0.749019623
vb0[320]+000 TEXCOORD3: 0.647058845, 0.725490212, 0.874509811, 0.749019623
vb0[320]+024 TANGENT: 0.309390396, 0.761322856, -0.56979394, 1

vb0[321]+000 POSITION: -1.39388072, 4.97808361, 1.72292948
vb0[321]+012 NORMAL: 0.513376296, -0.638595641, -0.573271513
vb0[321]+000 COLOR: 0.686274529, 0.41568628, 0.698039234, 0.749019623
vb0[321]+000 TEXCOORD: 0.686274529, 0.41568628, 0.698039234, 0.749019623
vb0[321]+000 TEXCOORD1: 0.686274529, 0.41568628, 0.698039234, 0.749019623
vb0[321]+000 TEXCOORD2: 0.686274529, 0.41568628, 0.698039234, 0.749019623
vb0[321]+000 TEXCOORD3: 0.686274529, 0.41568628, 0.698039234, 0.749019623
vb0[321]+024 TANGENT: 0.274595559, 0.755140066, -0.595282078, 1

vb0[322]+000 POSITION: -1.45064187, 5.01109743, 1.63532257
vb0[322]+012 NORMAL: 0.835795999, -0.0320578292, -0.548103452
vb0[322]+000 COLOR: 0.635294139, 0.68235296, 0.725490212, 0.749019623
vb0[322]+000 TEXCOORD: 0.635294139, 0.68235296, 0.725490212, 0.749019623
vb0[322]+000 TEXCOORD1: 0.635294139, 0.68235296, 0.725490212, 0.749019623
vb0[322]+000 TEXCOORD2: 0.635294139, 0.68235296, 0.725490212, 0.749019623
vb0[322]+000 TEXCOORD3: 0.635294139, 0.68235296, 0.725490212, 0.749019623
vb0[322]+024 TANGENT: -0.0175932255, 0.99621743, -0.0850951001, 1

vb0[323]+000 POSITION: -1.38075757, 5.33524704, 1.72292924
vb0[323]+012 NORMAL: 0.844731629, -0.037836235, -0.533851147
vb0[323]+000 COLOR: 0.666666687, 0.737254918, 0.690196097, 0.749019623
vb0[323]+000 TEXCOORD: 0.666666687, 0.737254918, 0.690196097, 0.749019623
vb0[323]+000 TEXCOORD1: 0.666666687, 0.737254918, 0.690196097, 0.749019623
vb0[323]+000 TEXCOORD2: 0.666666687, 0.737254918, 0.690196097, 0.749019623
vb0[323]+000 TEXCOORD3: 0.666666687, 0.737254918, 0.690196097, 0.749019623
vb0[323]+024 TANGENT: -0.00806481019, 0.996484637, -0.0833862126, 1

vb0[324]+000 POSITION: -1.39388072, 4.97808361, 1.72292948
vb0[324]+012 NORMAL: 0.833545268, -0.0306271967, -0.55160147
vb0[324]+000 COLOR: 0.686274529, 0.41568628, 0.698039234, 0.749019623
vb0[324]+000 TEXCOORD: 0.686274529, 0.41568628, 0.698039234, 0.749019623
vb0[324]+000 TEXCOORD1: 0.686274529, 0.41568628, 0.698039234, 0.749019623
vb0[324]+000 TEXCOORD2: 0.686274529, 0.41568628, 0.698039234, 0.749019623
vb0[324]+000 TEXCOORD3: 0.686274529, 0.41568628, 0.698039234, 0.749019623
vb0[324]+024 TANGENT: -0.0199770853, 0.996138036, -0.0854978114, 1

vb0[325]+000 POSITION: -1.43404853, 5.36892223, 1.63532221
vb0[325]+012 NORMAL: 0.846916735, -0.0392743647, -0.53027308
vb0[325]+000 COLOR: 0.905882359, 0.556862772, 0.717647076, 0.749019623
vb0[325]+000 TEXCOORD: 0.905882359, 0.556862772, 0.717647076, 0.749019623
vb0[325]+000 TEXCOORD1: 0.905882359, 0.556862772, 0.717647076, 0.749019623
vb0[325]+000 TEXCOORD2: 0.905882359, 0.556862772, 0.717647076, 0.749019623
vb0[325]+000 TEXCOORD3: 0.905882359, 0.556862772, 0.717647076, 0.749019623
vb0[325]+024 TANGENT: -0.00571876671, 0.996538043, -0.0829416439, 1

vb0[326]+000 POSITION: -1.38075757, 5.33524704, 1.72292924
vb0[326]+012 NORMAL: 0.512952864, -0.654020607, -0.556000412
vb0[326]+000 COLOR: 0.666666687, 0.737254918, 0.690196097, 0.749019623
vb0[326]+000 TEXCOORD: 0.666666687, 0.737254918, 0.690196097, 0.749019623
vb0[326]+000 TEXCOORD1: 0.666666687, 0.737254918, 0.690196097, 0.749019623
vb0[326]+000 TEXCOORD2: 0.666666687, 0.737254918, 0.690196097, 0.749019623
vb0[326]+000 TEXCOORD3: 0.666666687, 0.737254918, 0.690196097, 0.749019623
vb0[326]+024 TANGENT: 0.275416881, 0.738852024, -0.615014911, 1

vb0[327]+000 POSITION: -0.785482645, 5.87660265, 1.63532197
vb0[327]+012 NORMAL: 0.543804646, -0.678002357, -0.494559586
vb0[327]+000 COLOR: 0.392156869, 0.0823529437, 0.286274523, 0.749019623
vb0[327]+000 TEXCOORD: 0.392156869, 0.0823529437, 0.286274523, 0.749019623
vb0[327]+000 TEXCOORD1: 0.392156869, 0.0823529437, 0.286274523, 0.749019623
vb0[327]+000 TEXCOORD2: 0.392156869, 0.0823529437, 0.286274523, 0.749019623
vb0[327]+000 TEXCOORD3: 0.392156869, 0.0823529437, 0.286274523, 0.749019623
vb0[327]+024 TANGENT: 0.265849173, 0.698139966, -0.664774299, 1

vb0[328]+000 POSITION: -0.748222172, 5.8435874, 1.72292876
vb0[328]+012 NORMAL: 0.546522379, -0.68004626, -0.488723248
vb0[328]+000 COLOR: 0.490196079, 0.545098066, 0.247058824, 0.749019623
vb0[328]+000 TEXCOORD: 0.490196079, 0.545098066, 0.247058824, 0.749019623
vb0[328]+000 TEXCOORD1: 0.490196079, 0.545098066, 0.247058824, 0.749019623
vb0[328]+000 TEXCOORD2: 0.490196079, 0.545098066, 0.247058824, 0.749019623
vb0[328]+000 TEXCOORD3: 0.490196079, 0.545098066, 0.247058824, 0.749019623
vb0[328]+024 TANGENT: 0.265042067, 0.694049001, -0.669364452, 1

vb0[329]+000 POSITION: -1.43404853, 5.36892223, 1.63532221
vb0[329]+012 NORMAL: 0.510270178, -0.651874363, -0.560967267
vb0[329]+000 COLOR: 0.905882359, 0.556862772, 0.717647076, 0.749019623
vb0[329]+000 TEXCOORD: 0.905882359, 0.556862772, 0.717647076, 0.749019623
vb0[329]+000 TEXCOORD1: 0.905882359, 0.556862772, 0.717647076, 0.749019623
vb0[329]+000 TEXCOORD2: 0.905882359, 0.556862772, 0.717647076, 0.749019623
vb0[329]+000 TEXCOORD3: 0.905882359, 0.556862772, 0.717647076, 0.749019623
vb0[329]+024 TANGENT: 0.276262283, 0.741950572, -0.61089164, 1

vb0[330]+000 POSITION: -1.74785292, 4.77242136, 1.63532197
vb0[330]+012 NORMAL: 0.849122286, -9.2527506e-07, -0.528196454
vb0[330]+000 COLOR: 0.647058845, 0.725490212, 0.874509811, 0.749019623
vb0[330]+000 TEXCOORD: 0.647058845, 0.725490212, 0.874509811, 0.749019623
vb0[330]+000 TEXCOORD1: 0.647058845, 0.725490212, 0.874509811, 0.749019623
vb0[330]+000 TEXCOORD2: 0.647058845, 0.725490212, 0.874509811, 0.749019623
vb0[330]+000 TEXCOORD3: 0.647058845, 0.725490212, 0.874509811, 0.749019623
vb0[330]+024 TANGENT: 0, 1, 0, 1

vb0[331]+000 POSITION: -1.69335854, 3.66399431, 1.72292829
vb0[331]+012 NORMAL: 0.849120975, -1.14207114e-06, -0.528198481
vb0[331]+000 COLOR: 0.97647059, 0.749019623, 0.847058833, 0.749019623
vb0[331]+000 TEXCOORD: 0.97647059, 0.749019623, 0.847058833, 0.749019623
vb0[331]+000 TEXCOORD1: 0.97647059, 0.749019623, 0.847058833, 0.749019623
vb0[331]+000 TEXCOORD2: 0.97647059, 0.749019623, 0.847058833, 0.749019623
vb0[331]+000 TEXCOORD3: 0.97647059, 0.749019623, 0.847058833, 0.749019623
vb0[331]+024 TANGENT: 0, 1, 0, 1

vb0[332]+000 POSITION: -1.74785471, 3.6351831, 1.6353215
vb0[332]+012 NORMAL: 0.849120915, -1.15454839e-06, -0.5281986
vb0[332]+000 COLOR: 0.70588237, 0.725490212, 0.874509811, 0.749019623
vb0[332]+000 TEXCOORD: 0.70588237, 0.725490212, 0.874509811, 0.749019623
vb0[332]+000 TEXCOORD1: 0.70588237, 0.725490212, 0.874509811, 0.749019623
vb0[332]+000 TEXCOORD2: 0.70588237, 0.725490212, 0.874509811, 0.749019623
vb0[332]+000 TEXCOORD3: 0.70588237, 0.725490212, 0.874509811, 0.749019623
vb0[332]+024 TANGENT: 0, 1, 0, 1

vb0[333]+000 POSITION: -1.69335699, 4.73733044, 1.72292888
vb0[333]+012 NORMAL: 0.849122286, -9.06773096e-07, -0.528196275
vb0[333]+000 COLOR: 0.925490201, 0.749019623, 0.847058833, 0.749019623
vb0[333]+000 TEXCOORD: 0.925490201, 0.749019623, 0.847058833, 0.749019623
vb0[333]+000 TEXCOORD1: 0.925490201, 0.749019623, 0.847058833, 0.749019623
vb0[333]+000 TEXCOORD2: 0.925490201, 0.749019623, 0.847058833, 0.749019623
vb0[333]+000 TEXCOORD3: 0.925490201, 0.749019623, 0.847058833, 0.749019623
vb0[333]+024 TANGENT: 0, 1, 0, 1

vb0[334]+000 POSITION: -1.52267039, 3.31541586, 1.6353215
vb0[334]+012 NORMAL: 0.692379594, 0.475441426, -0.542739272
vb0[334]+000 COLOR: 0.866666675, 0.90196079, 0.760784328, 0.749019623
vb0[334]+000 TEXCOORD: 0.866666675, 0.90196079, 0.760784328, 0.749019623
vb0[334]+000 TEXCOORD1: 0.866666675, 0.90196079, 0.760784328, 0.749019623
vb0[334]+000 TEXCOORD2: 0.866666675, 0.90196079, 0.760784328, 0.749019623
vb0[334]+000 TEXCOORD3: 0.866666675, 0.90196079, 0.760784328, 0.749019623
vb0[334]+024 TANGENT: -0.214542955, 0.853838086, 0.474269778, 1

vb0[335]+000 POSITION: -1.69335854, 3.66399431, 1.72292829
vb0[335]+012 NORMAL: 0.674647033, 0.472813517, -0.566832185
vb0[335]+000 COLOR: 0.97647059, 0.749019623, 0.847058833, 0.749019623
vb0[335]+000 TEXCOORD: 0.97647059, 0.749019623, 0.847058833, 0.749019623
vb0[335]+000 TEXCOORD1: 0.97647059, 0.749019623, 0.847058833, 0.749019623
vb0[335]+000 TEXCOORD2: 0.97647059, 0.749019623, 0.847058833, 0.749019623
vb0[335]+000 TEXCOORD3: 0.97647059, 0.749019623, 0.847058833, 0.749019623
vb0[335]+024 TANGENT: -0.217997566, 0.861291826, 0.45896998, 1

vb0[336]+000 POSITION: -1.45496261, 3.31541586, 1.72292829
vb0[336]+012 NORMAL: 0.695881486, 0.475919694, -0.537819147
vb0[336]+000 COLOR: 0.215686277, 0.235294119, 0.729411781, 0.749019623
vb0[336]+000 TEXCOORD: 0.215686277, 0.235294119, 0.729411781, 0.749019623
vb0[336]+000 TEXCOORD1: 0.215686277, 0.235294119, 0.729411781, 0.749019623
vb0[336]+000 TEXCOORD2: 0.215686277, 0.235294119, 0.729411781, 0.749019623
vb0[336]+000 TEXCOORD3: 0.215686277, 0.235294119, 0.729411781, 0.749019623
vb0[336]+024 TANGENT: -0.213908747, 0.85225606, 0.477391452, 1

vb0[337]+000 POSITION: -1.74785471, 3.6351831, 1.6353215
vb0[337]+012 NORMAL: 0.670456707, 0.472144634, -0.572334826
vb0[337]+000 COLOR: 0.70588237, 0.725490212, 0.874509811, 0.749019623
vb0[337]+000 TEXCOORD: 0.70588237, 0.725490212, 0.874509811, 0.749019623
vb0[337]+000 TEXCOORD1: 0.70588237, 0.725490212, 0.874509811, 0.749019623
vb0[337]+000 TEXCOORD2: 0.70588237, 0.725490212, 0.874509811, 0.749019623
vb0[337]+000 TEXCOORD3: 0.70588237, 0.725490212, 0.874509811, 0.749019623
vb0[337]+024 TANGENT: -0.21886462, 0.862924278, 0.455477774, 1

vb0[338]+000 POSITION: -1.74785531, 1.74751985, 1.63532007
vb0[338]+012 NORMAL: 0.849121332, 3.85171631e-07, -0.528197825
vb0[338]+000 COLOR: 0.725490212, 0.725490212, 0.874509811, 0.749019623
vb0[338]+000 TEXCOORD: 0.725490212, 0.725490212, 0.874509811, 0.749019623
vb0[338]+000 TEXCOORD1: 0.725490212, 0.725490212, 0.874509811, 0.749019623
vb0[338]+000 TEXCOORD2: 0.725490212, 0.725490212, 0.874509811, 0.749019623
vb0[338]+000 TEXCOORD3: 0.725490212, 0.725490212, 0.874509811, 0.749019623
vb0[338]+024 TANGENT: 0, 1, 0, 1

vb0[339]+000 POSITION: -1.69335949, 2.96040726, 1.72292757
vb0[339]+012 NORMAL: 0.849124491, -1.31019547e-07, -0.528192699
vb0[339]+000 COLOR: 0.00392156886, 0.752941191, 0.847058833, 0.749019623
vb0[339]+000 TEXCOORD: 0.00392156886, 0.752941191, 0.847058833, 0.749019623
vb0[339]+000 TEXCOORD1: 0.00392156886, 0.752941191, 0.847058833, 0.749019623
vb0[339]+000 TEXCOORD2: 0.00392156886, 0.752941191, 0.847058833, 0.749019623
vb0[339]+000 TEXCOORD3: 0.00392156886, 0.752941191, 0.847058833, 0.749019623
vb0[339]+024 TANGENT: 0, 1, 0, 1

vb0[340]+000 POSITION: -1.69335914, 1.77633071, 1.72292709
vb0[340]+012 NORMAL: 0.849121094, 4.23047908e-07, -0.528198242
vb0[340]+000 COLOR: 0.996078432, 0.749019623, 0.847058833, 0.749019623
vb0[340]+000 TEXCOORD: 0.996078432, 0.749019623, 0.847058833, 0.749019623
vb0[340]+000 TEXCOORD1: 0.996078432, 0.749019623, 0.847058833, 0.749019623
vb0[340]+000 TEXCOORD2: 0.996078432, 0.749019623, 0.847058833, 0.749019623
vb0[340]+000 TEXCOORD3: 0.996078432, 0.749019623, 0.847058833, 0.749019623
vb0[340]+024 TANGENT: 0, 1, 0, 1

vb0[341]+000 POSITION: -1.74785471, 2.99906635, 1.63532066
vb0[341]+012 NORMAL: 0.84912467, -1.56511547e-07, -0.52819258
vb0[341]+000 COLOR: 0.70588237, 0.725490212, 0.874509811, 0.749019623
vb0[341]+000 TEXCOORD: 0.70588237, 0.725490212, 0.874509811, 0.749019623
vb0[341]+000 TEXCOORD1: 0.70588237, 0.725490212, 0.874509811, 0.749019623
vb0[341]+000 TEXCOORD2: 0.70588237, 0.725490212, 0.874509811, 0.749019623
vb0[341]+000 TEXCOORD3: 0.70588237, 0.725490212, 0.874509811, 0.749019623
vb0[341]+024 TANGENT: 0, 1, 0, 1

vb0[342]+000 POSITION: -1.52267039, 3.31541586, 1.6353215
vb0[342]+012 NORMAL: 0.691744447, -0.468255609, -0.549751103
vb0[342]+000 COLOR: 0.866666675, 0.90196079, 0.760784328, 0.749019623
vb0[342]+000 TEXCOORD: 0.866666675, 0.90196079, 0.760784328, 0.749019623
vb0[342]+000 TEXCOORD1: 0.866666675, 0.90196079, 0.760784328, 0.749019623
vb0[342]+000 TEXCOORD2: 0.866666675, 0.90196079, 0.760784328, 0.749019623
vb0[342]+000 TEXCOORD3: 0.866666675, 0.90196079, 0.760784328, 0.749019623
vb0[342]+024 TANGENT: 0.216007948, 0.860592246, -0.461217582, 1

vb0[343]+000 POSITION: -1.69335949, 2.96040726, 1.72292757
vb0[343]+012 NORMAL: 0.656650603, -0.462693542, -0.595587552
vb0[343]+000 COLOR: 0.00392156886, 0.752941191, 0.847058833, 0.749019623
vb0[343]+000 TEXCOORD: 0.00392156886, 0.752941191, 0.847058833, 0.749019623
vb0[343]+000 TEXCOORD1: 0.00392156886, 0.752941191, 0.847058833, 0.749019623
vb0[343]+000 TEXCOORD2: 0.00392156886, 0.752941191, 0.847058833, 0.749019623
vb0[343]+000 TEXCOORD3: 0.00392156886, 0.752941191, 0.847058833, 0.749019623
vb0[343]+024 TANGENT: 0.215911433, 0.871976018, -0.439363301, 1

vb0[344]+000 POSITION: -1.74785471, 2.99906635, 1.63532066
vb0[344]+012 NORMAL: 0.647785902, -0.46110639, -0.60642755
vb0[344]+000 COLOR: 0.70588237, 0.725490212, 0.874509811, 0.749019623
vb0[344]+000 TEXCOORD: 0.70588237, 0.725490212, 0.874509811, 0.749019623
vb0[344]+000 TEXCOORD1: 0.70588237, 0.725490212, 0.874509811, 0.749019623
vb0[344]+000 TEXCOORD2: 0.70588237, 0.725490212, 0.874509811, 0.749019623
vb0[344]+000 TEXCOORD3: 0.70588237, 0.725490212, 0.874509811, 0.749019623
vb0[344]+024 TANGENT: 0.216043875, 0.87453264, -0.434186161, 1

vb0[345]+000 POSITION: -1.45496261, 3.31541586, 1.72292829
vb0[345]+012 NORMAL: 0.698727548, -0.469211429, -0.540018797
vb0[345]+000 COLOR: 0.215686277, 0.235294119, 0.729411781, 0.749019623
vb0[345]+000 TEXCOORD: 0.215686277, 0.235294119, 0.729411781, 0.749019623
vb0[345]+000 TEXCOORD1: 0.215686277, 0.235294119, 0.729411781, 0.749019623
vb0[345]+000 TEXCOORD2: 0.215686277, 0.235294119, 0.729411781, 0.749019623
vb0[345]+000 TEXCOORD3: 0.215686277, 0.235294119, 0.729411781, 0.749019623
vb0[345]+024 TANGENT: 0.216181904, 0.858058691, -0.465833277, 1

vb0[346]+000 POSITION: -0.841649294, 1.0202924, 1.63532043
vb0[346]+012 NORMAL: 0.520091057, 0.650096595, -0.553967178
vb0[346]+000 COLOR: 0.329411775, 0.4627451, 0.34117648, 0.749019623
vb0[346]+000 TEXCOORD: 0.329411775, 0.4627451, 0.34117648, 0.749019623
vb0[346]+000 TEXCOORD1: 0.329411775, 0.4627451, 0.34117648, 0.749019623
vb0[346]+000 TEXCOORD2: 0.329411775, 0.4627451, 0.34117648, 0.749019623
vb0[346]+000 TEXCOORD3: 0.329411775, 0.4627451, 0.34117648, 0.749019623
vb0[346]+024 TANGENT: -0.224319398, 0.729787827, 0.645825446, 1

vb0[347]+000 POSITION: -1.69335914, 1.77633071, 1.72292709
vb0[347]+012 NORMAL: 0.525464296, 0.654894948, -0.543138742
vb0[347]+000 COLOR: 0.996078432, 0.749019623, 0.847058833, 0.749019623
vb0[347]+000 TEXCOORD: 0.996078432, 0.749019623, 0.847058833, 0.749019623
vb0[347]+000 TEXCOORD1: 0.996078432, 0.749019623, 0.847058833, 0.749019623
vb0[347]+000 TEXCOORD2: 0.996078432, 0.749019623, 0.847058833, 0.749019623
vb0[347]+000 TEXCOORD3: 0.996078432, 0.749019623, 0.847058833, 0.749019623
vb0[347]+024 TANGENT: -0.269158244, 0.733541727, 0.624075592, 1

vb0[348]+000 POSITION: -0.791050076, 1.05458939, 1.72292733
vb0[348]+012 NORMAL: 0.519773364, 0.649811864, -0.554599106
vb0[348]+000 COLOR: 0.258823544, 0.509803951, 0.290196091, 0.749019623
vb0[348]+000 TEXCOORD: 0.258823544, 0.509803951, 0.290196091, 0.749019623
vb0[348]+000 TEXCOORD1: 0.258823544, 0.509803951, 0.290196091, 0.749019623
vb0[348]+000 TEXCOORD2: 0.258823544, 0.509803951, 0.290196091, 0.749019623
vb0[348]+000 TEXCOORD3: 0.258823544, 0.509803951, 0.290196091, 0.749019623
vb0[348]+024 TANGENT: -0.221658722, 0.729529738, 0.647034645, 1

vb0[349]+000 POSITION: -1.74785531, 1.74751985, 1.63532007
vb0[349]+012 NORMAL: 0.525768638, 0.655165911, -0.542517185
vb0[349]+000 COLOR: 0.725490212, 0.725490212, 0.874509811, 0.749019623
vb0[349]+000 TEXCOORD: 0.725490212, 0.725490212, 0.874509811, 0.749019623
vb0[349]+000 TEXCOORD1: 0.725490212, 0.725490212, 0.874509811, 0.749019623
vb0[349]+000 TEXCOORD2: 0.725490212, 0.725490212, 0.874509811, 0.749019623
vb0[349]+000 TEXCOORD3: 0.725490212, 0.725490212, 0.874509811, 0.749019623
vb0[349]+024 TANGENT: -0.2716856, 0.733718991, 0.622770727, 1

vb0[350]+000 POSITION: -1.92275643, 1.77392375, 1.90717185
vb0[350]+012 NORMAL: -8.97218683e-07, 0, 1
vb0[350]+000 COLOR: 0.886274517, 0.109803922, 0.964705884, 0.749019623
vb0[350]+000 TEXCOORD: 0.886274517, 0.109803922, 0.964705884, 0.749019623
vb0[350]+000 TEXCOORD1: 0.886274517, 0.109803922, 0.964705884, 0.749019623
vb0[350]+000 TEXCOORD2: 0.886274517, 0.109803922, 0.964705884, 0.749019623
vb0[350]+000 TEXCOORD3: 0.886274517, 0.109803922, 0.964705884, 0.749019623
vb0[350]+024 TANGENT: -0.746064484, 0.665873766, 0, -1

vb0[351]+000 POSITION: -1.9531666, 1.60759699, 1.90717185
vb0[351]+012 NORMAL: -7.11516805e-07, -3.15509254e-07, 1
vb0[351]+000 COLOR: 0.36470589, 0.00392156886, 0.980392158, 0.749019623
vb0[351]+000 TEXCOORD: 0.36470589, 0.00392156886, 0.980392158, 0.749019623
vb0[351]+000 TEXCOORD1: 0.36470589, 0.00392156886, 0.980392158, 0.749019623
vb0[351]+000 TEXCOORD2: 0.36470589, 0.00392156886, 0.980392158, 0.749019623
vb0[351]+000 TEXCOORD3: 0.36470589, 0.00392156886, 0.980392158, 0.749019623
vb0[351]+024 TANGENT: -0.691727698, 0.722158492, 0, -1

vb0[352]+000 POSITION: -1.80292737, 1.77383888, 1.9071722
vb0[352]+012 NORMAL: -1.88691808e-06, -1.30452221e-07, 1
vb0[352]+000 COLOR: 0.325490206, 0.776470602, 0.90196079, 0.749019623
vb0[352]+000 TEXCOORD: 0.325490206, 0.776470602, 0.90196079, 0.749019623
vb0[352]+000 TEXCOORD1: 0.325490206, 0.776470602, 0.90196079, 0.749019623
vb0[352]+000 TEXCOORD2: 0.325490206, 0.776470602, 0.90196079, 0.749019623
vb0[352]+000 TEXCOORD3: 0.325490206, 0.776470602, 0.90196079, 0.749019623
vb0[352]+024 TANGENT: -0.751054287, 0.660240471, 0, -1

vb0[353]+000 POSITION: -2.14128256, 1.6075933, 1.90717185
vb0[353]+012 NORMAL: 0, -1.17879061e-07, 1
vb0[353]+000 COLOR: 0.776470602, 0.0392156877, 0.0352941193, 0.752941191
vb0[353]+000 TEXCOORD: 0.776470602, 0.0392156877, 0.0352941193, 0.752941191
vb0[353]+000 TEXCOORD1: 0.776470602, 0.0392156877, 0.0352941193, 0.752941191
vb0[353]+000 TEXCOORD2: 0.776470602, 0.0392156877, 0.0352941193, 0.752941191
vb0[353]+000 TEXCOORD3: 0.776470602, 0.0392156877, 0.0352941193, 0.752941191
vb0[353]+024 TANGENT: -0.577295542, 0.816535354, 0, -1

vb0[354]+000 POSITION: -1.80293345, 1.01940536, 1.90717161
vb0[354]+012 NORMAL: 1.52709288e-06, -1.28794454e-07, 1
vb0[354]+000 COLOR: 0.525490224, 0.776470602, 0.90196079, 0.749019623
vb0[354]+000 TEXCOORD: 0.525490224, 0.776470602, 0.90196079, 0.749019623
vb0[354]+000 TEXCOORD1: 0.525490224, 0.776470602, 0.90196079, 0.749019623
vb0[354]+000 TEXCOORD2: 0.525490224, 0.776470602, 0.90196079, 0.749019623
vb0[354]+000 TEXCOORD3: 0.525490224, 0.776470602, 0.90196079, 0.749019623
vb0[354]+024 TANGENT: 0, 1, 0, -1

vb0[355]+000 POSITION: -1.95318222, 1.01931763, 1.90717185
vb0[355]+012 NORMAL: 2.03113746e-06, 0, 1
vb0[355]+000 COLOR: 0.87843138, 0.00392156886, 0.980392158, 0.749019623
vb0[355]+000 TEXCOORD: 0.87843138, 0.00392156886, 0.980392158, 0.749019623
vb0[355]+000 TEXCOORD1: 0.87843138, 0.00392156886, 0.980392158, 0.749019623
vb0[355]+000 TEXCOORD2: 0.87843138, 0.00392156886, 0.980392158, 0.749019623
vb0[355]+000 TEXCOORD3: 0.87843138, 0.00392156886, 0.980392158, 0.749019623
vb0[355]+024 TANGENT: 0, 1, 0, -1

vb0[356]+000 POSITION: -2.14128208, 5.3991785, 1.90717268
vb0[356]+012 NORMAL: -8.50002891e-07, 5.71083092e-07, 1
vb0[356]+000 COLOR: 0.768627465, 0.0392156877, 0.0352941193, 0.752941191
vb0[356]+000 TEXCOORD: 0.768627465, 0.0392156877, 0.0352941193, 0.752941191
vb0[356]+000 TEXCOORD1: 0.768627465, 0.0392156877, 0.0352941193, 0.752941191
vb0[356]+000 TEXCOORD2: 0.768627465, 0.0392156877, 0.0352941193, 0.752941191
vb0[356]+000 TEXCOORD3: 0.768627465, 0.0392156877, 0.0352941193, 0.752941191
vb0[356]+024 TANGENT: 0.626131773, 0.779717207, 0, -1

vb0[357]+000 POSITION: -1.92275524, 5.21526623, 1.90717292
vb0[357]+012 NORMAL: -7.99355064e-07, 7.10092593e-07, 1
vb0[357]+000 COLOR: 0.847058833, 0.109803922, 0.964705884, 0.749019623
vb0[357]+000 TEXCOORD: 0.847058833, 0.109803922, 0.964705884, 0.749019623
vb0[357]+000 TEXCOORD1: 0.847058833, 0.109803922, 0.964705884, 0.749019623
vb0[357]+000 TEXCOORD2: 0.847058833, 0.109803922, 0.964705884, 0.749019623
vb0[357]+000 TEXCOORD3: 0.847058833, 0.109803922, 0.964705884, 0.749019623
vb0[357]+024 TANGENT: 0.732026339, 0.681276441, 0, -1

vb0[358]+000 POSITION: -1.95580423, 5.3991766, 1.90717268
vb0[358]+012 NORMAL: -8.31120246e-07, 8.26937082e-07, 1
vb0[358]+000 COLOR: 0.796078444, 0.34117648, 0.980392158, 0.749019623
vb0[358]+000 TEXCOORD: 0.796078444, 0.34117648, 0.980392158, 0.749019623
vb0[358]+000 TEXCOORD1: 0.796078444, 0.34117648, 0.980392158, 0.749019623
vb0[358]+000 TEXCOORD2: 0.796078444, 0.34117648, 0.980392158, 0.749019623
vb0[358]+000 TEXCOORD3: 0.796078444, 0.34117648, 0.980392158, 0.749019623
vb0[358]+024 TANGENT: 0.655177295, 0.755475163, 0, -1

vb0[359]+000 POSITION: -1.82511115, 5.21535015, 1.90717292
vb0[359]+012 NORMAL: -7.91675916e-07, 1.09728194e-06, 1
vb0[359]+000 COLOR: 0.243137255, 0.615686297, 0.913725495, 0.749019623
vb0[359]+000 TEXCOORD: 0.243137255, 0.615686297, 0.913725495, 0.749019623
vb0[359]+000 TEXCOORD1: 0.243137255, 0.615686297, 0.913725495, 0.749019623
vb0[359]+000 TEXCOORD2: 0.243137255, 0.615686297, 0.913725495, 0.749019623
vb0[359]+000 TEXCOORD3: 0.243137255, 0.615686297, 0.913725495, 0.749019623
vb0[359]+024 TANGENT: 0.838839054, 0.544379413, 0, -1

vb0[360]+000 POSITION: -1.8251121, 5.87762547, 1.9071728
vb0[360]+012 NORMAL: 1.59718218e-06, -7.55204724e-07, 1
vb0[360]+000 COLOR: 0.274509817, 0.615686297, 0.913725495, 0.749019623
vb0[360]+000 TEXCOORD: 0.274509817, 0.615686297, 0.913725495, 0.749019623
vb0[360]+000 TEXCOORD1: 0.274509817, 0.615686297, 0.913725495, 0.749019623
vb0[360]+000 TEXCOORD2: 0.274509817, 0.615686297, 0.913725495, 0.749019623
vb0[360]+000 TEXCOORD3: 0.274509817, 0.615686297, 0.913725495, 0.749019623
vb0[360]+024 TANGENT: 0, 1, 0, -1

vb0[361]+000 POSITION: -1.95580947, 5.87764072, 1.90717316
vb0[361]+012 NORMAL: 2.33486935e-06, -9.56709869e-07, 1
vb0[361]+000 COLOR: 0.968627453, 0.34117648, 0.980392158, 0.749019623
vb0[361]+000 TEXCOORD: 0.968627453, 0.34117648, 0.980392158, 0.749019623
vb0[361]+000 TEXCOORD1: 0.968627453, 0.34117648, 0.980392158, 0.749019623
vb0[361]+000 TEXCOORD2: 0.968627453, 0.34117648, 0.980392158, 0.749019623
vb0[361]+000 TEXCOORD3: 0.968627453, 0.34117648, 0.980392158, 0.749019623
vb0[361]+024 TANGENT: 0, 1, 0, -1

vb0[362]+000 POSITION: -1.95580947, 5.87764072, 1.90717316
vb0[362]+012 NORMAL: -1, -9.58672445e-06, -1.03294803e-06
vb0[362]+000 COLOR: 0.968627453, 0.34117648, 0.980392158, 0.749019623
vb0[362]+000 TEXCOORD: 0.968627453, 0.34117648, 0.980392158, 0.749019623
vb0[362]+000 TEXCOORD1: 0.968627453, 0.34117648, 0.980392158, 0.749019623
vb0[362]+000 TEXCOORD2: 0.968627453, 0.34117648, 0.980392158, 0.749019623
vb0[362]+000 TEXCOORD3: 0.968627453, 0.34117648, 0.980392158, 0.749019623
vb0[362]+024 TANGENT: 0, 1, 0, -1

vb0[363]+000 POSITION: -1.95580459, 5.39917707, 1.62069952
vb0[363]+012 NORMAL: -1, -1.01858277e-05, 0
vb0[363]+000 COLOR: 0.807843149, 0.34117648, 0.980392158, 0.749019623
vb0[363]+000 TEXCOORD: 0.807843149, 0.34117648, 0.980392158, 0.749019623
vb0[363]+000 TEXCOORD1: 0.807843149, 0.34117648, 0.980392158, 0.749019623
vb0[363]+000 TEXCOORD2: 0.807843149, 0.34117648, 0.980392158, 0.749019623
vb0[363]+000 TEXCOORD3: 0.807843149, 0.34117648, 0.980392158, 0.749019623
vb0[363]+024 TANGENT: 0, 1, 0, -1

vb0[364]+000 POSITION: -1.95580423, 5.3991766, 1.90717268
vb0[364]+012 NORMAL: -1, -1.08429977e-05, 1.06526295e-06
vb0[364]+000 COLOR: 0.796078444, 0.34117648, 0.980392158, 0.749019623
vb0[364]+000 TEXCOORD: 0.796078444, 0.34117648, 0.980392158, 0.749019623
vb0[364]+000 TEXCOORD1: 0.796078444, 0.34117648, 0.980392158, 0.749019623
vb0[364]+000 TEXCOORD2: 0.796078444, 0.34117648, 0.980392158, 0.749019623
vb0[364]+000 TEXCOORD3: 0.796078444, 0.34117648, 0.980392158, 0.749019623
vb0[364]+024 TANGENT: 0, 1, 0, -1

vb0[365]+000 POSITION: -1.95580888, 5.87764025, 1.62069952
vb0[365]+012 NORMAL: -1, -8.92955177e-06, -2.13054955e-06
vb0[365]+000 COLOR: 0.949019611, 0.34117648, 0.980392158, 0.749019623
vb0[365]+000 TEXCOORD: 0.949019611, 0.34117648, 0.980392158, 0.749019623
vb0[365]+000 TEXCOORD1: 0.949019611, 0.34117648, 0.980392158, 0.749019623
vb0[365]+000 TEXCOORD2: 0.949019611, 0.34117648, 0.980392158, 0.749019623
vb0[365]+000 TEXCOORD3: 0.949019611, 0.34117648, 0.980392158, 0.749019623
vb0[365]+024 TANGENT: 0, 1, 0, -1

vb0[366]+000 POSITION: -1.95318222, 1.01931763, 1.90717185
vb0[366]+012 NORMAL: -1, 2.60876732e-05, 1.37242455e-06
vb0[366]+000 COLOR: 0.87843138, 0.00392156886, 0.980392158, 0.749019623
vb0[366]+000 TEXCOORD: 0.87843138, 0.00392156886, 0.980392158, 0.749019623
vb0[366]+000 TEXCOORD1: 0.87843138, 0.00392156886, 0.980392158, 0.749019623
vb0[366]+000 TEXCOORD2: 0.87843138, 0.00392156886, 0.980392158, 0.749019623
vb0[366]+000 TEXCOORD3: 0.87843138, 0.00392156886, 0.980392158, 0.749019623
vb0[366]+024 TANGENT: 0, 1, 0, -1

vb0[367]+000 POSITION: -1.9531672, 1.60759461, 1.62069869
vb0[367]+012 NORMAL: -1, 2.63071051e-05, 1.82303074e-06
vb0[367]+000 COLOR: 0.384313732, 0.00392156886, 0.980392158, 0.749019623
vb0[367]+000 TEXCOORD: 0.384313732, 0.00392156886, 0.980392158, 0.749019623
vb0[367]+000 TEXCOORD1: 0.384313732, 0.00392156886, 0.980392158, 0.749019623
vb0[367]+000 TEXCOORD2: 0.384313732, 0.00392156886, 0.980392158, 0.749019623
vb0[367]+000 TEXCOORD3: 0.384313732, 0.00392156886, 0.980392158, 0.749019623
vb0[367]+024 TANGENT: 0, 1, 0, -1

vb0[368]+000 POSITION: -1.95318246, 1.01931572, 1.62069941
vb0[368]+012 NORMAL: -1, 2.59380213e-05, 1.06510879e-06
vb0[368]+000 COLOR: 0.886274517, 0.00392156886, 0.980392158, 0.749019623
vb0[368]+000 TEXCOORD: 0.886274517, 0.00392156886, 0.980392158, 0.749019623
vb0[368]+000 TEXCOORD1: 0.886274517, 0.00392156886, 0.980392158, 0.749019623
vb0[368]+000 TEXCOORD2: 0.886274517, 0.00392156886, 0.980392158, 0.749019623
vb0[368]+000 TEXCOORD3: 0.886274517, 0.00392156886, 0.980392158, 0.749019623
vb0[368]+024 TANGENT: 0, 1, 0, -1

vb0[369]+000 POSITION: -1.9531666, 1.60759699, 1.90717185
vb0[369]+012 NORMAL: -1, 2.64567607e-05, 2.13034559e-06
vb0[369]+000 COLOR: 0.36470589, 0.00392156886, 0.980392158, 0.749019623
vb0[369]+000 TEXCOORD: 0.36470589, 0.00392156886, 0.980392158, 0.749019623
vb0[369]+000 TEXCOORD1: 0.36470589, 0.00392156886, 0.980392158, 0.749019623
vb0[369]+000 TEXCOORD2: 0.36470589, 0.00392156886, 0.980392158, 0.749019623
vb0[369]+000 TEXCOORD3: 0.36470589, 0.00392156886, 0.980392158, 0.749019623
vb0[369]+024 TANGENT: 0, 1, 0, -1

vb0[370]+000 POSITION: -0.154530481, 1.02252662, 1.9083569
vb0[370]+012 NORMAL: 9.86736495e-07, -2.20000359e-07, 1
vb0[370]+000 COLOR: 0.239215687, 0.239215687, 0.117647059, 0.745098054
vb0[370]+000 TEXCOORD: 0.239215687, 0.239215687, 0.117647059, 0.745098054
vb0[370]+000 TEXCOORD1: 0.239215687, 0.239215687, 0.117647059, 0.745098054
vb0[370]+000 TEXCOORD2: 0.239215687, 0.239215687, 0.117647059, 0.745098054
vb0[370]+000 TEXCOORD3: 0.239215687, 0.239215687, 0.117647059, 0.745098054
vb0[370]+024 TANGENT: 1, 0, 0, -1

vb0[371]+000 POSITION: 1.83105465e-06, 5.87710905, 1.90835786
vb0[371]+012 NORMAL: 1.0080015e-06, -2.20677279e-07, 1
vb0[371]+000 COLOR: 0.56078434, 0.760784328, 0.960784316, 0.20784314
vb0[371]+000 TEXCOORD: 0.56078434, 0.760784328, 0.960784316, 0.20784314
vb0[371]+000 TEXCOORD1: 0.56078434, 0.760784328, 0.960784316, 0.20784314
vb0[371]+000 TEXCOORD2: 0.56078434, 0.760784328, 0.960784316, 0.20784314
vb0[371]+000 TEXCOORD3: 0.56078434, 0.760784328, 0.960784316, 0.20784314
vb0[371]+024 TANGENT: 1, 0, 0, -1

vb0[372]+000 POSITION: -0.151350394, 5.87691259, 1.90835798
vb0[372]+012 NORMAL: 1.00845068e-06, -2.20691575e-07, 1
vb0[372]+000 COLOR: 0.600000024, 0.984313726, 0.101960786, 0.745098054
vb0[372]+000 TEXCOORD: 0.600000024, 0.984313726, 0.101960786, 0.745098054
vb0[372]+000 TEXCOORD1: 0.600000024, 0.984313726, 0.101960786, 0.745098054
vb0[372]+000 TEXCOORD2: 0.600000024, 0.984313726, 0.101960786, 0.745098054
vb0[372]+000 TEXCOORD3: 0.600000024, 0.984313726, 0.101960786, 0.745098054
vb0[372]+024 TANGENT: 1, 0, 0, -1

vb0[373]+000 POSITION: 1.83105465e-06, 1.02174044, 1.90835679
vb0[373]+012 NORMAL: 9.86298232e-07, -2.19986418e-07, 1
vb0[373]+000 COLOR: 0.56078434, 0.760784328, 0.960784316, 0.20784314
vb0[373]+000 TEXCOORD: 0.56078434, 0.760784328, 0.960784316, 0.20784314
vb0[373]+000 TEXCOORD1: 0.56078434, 0.760784328, 0.960784316, 0.20784314
vb0[373]+000 TEXCOORD2: 0.56078434, 0.760784328, 0.960784316, 0.20784314
vb0[373]+000 TEXCOORD3: 0.56078434, 0.760784328, 0.960784316, 0.20784314
vb0[373]+024 TANGENT: 1, 0, 0, -1

vb0[374]+000 POSITION: -1.92275524, 1.77392197, 1.62069833
vb0[374]+012 NORMAL: -6.9855264e-07, -8.72837177e-07, -1
vb0[374]+000 COLOR: 0.847058833, 0.109803922, 0.964705884, 0.749019623
vb0[374]+000 TEXCOORD: 0.847058833, 0.109803922, 0.964705884, 0.749019623
vb0[374]+000 TEXCOORD1: 0.847058833, 0.109803922, 0.964705884, 0.749019623
vb0[374]+000 TEXCOORD2: 0.847058833, 0.109803922, 0.964705884, 0.749019623
vb0[374]+000 TEXCOORD3: 0.847058833, 0.109803922, 0.964705884, 0.749019623
vb0[374]+024 TANGENT: -0.746065736, 0.665872335, 0, -1

vb0[375]+000 POSITION: -1.9531672, 1.60759461, 1.62069869
vb0[375]+012 NORMAL: -9.9436761e-07, -1.1516338e-06, -1
vb0[375]+000 COLOR: 0.384313732, 0.00392156886, 0.980392158, 0.749019623
vb0[375]+000 TEXCOORD: 0.384313732, 0.00392156886, 0.980392158, 0.749019623
vb0[375]+000 TEXCOORD1: 0.384313732, 0.00392156886, 0.980392158, 0.749019623
vb0[375]+000 TEXCOORD2: 0.384313732, 0.00392156886, 0.980392158, 0.749019623
vb0[375]+000 TEXCOORD3: 0.384313732, 0.00392156886, 0.980392158, 0.749019623
vb0[375]+024 TANGENT: -0.691722393, 0.722163498, 0, -1

vb0[376]+000 POSITION: -2.14128256, 1.6075933, 1.62069869
vb0[376]+012 NORMAL: -9.07827712e-07, -6.42046643e-07, -1
vb0[376]+000 COLOR: 0.776470602, 0.0392156877, 0.0352941193, 0.752941191
vb0[376]+000 TEXCOORD: 0.776470602, 0.0392156877, 0.0352941193, 0.752941191
vb0[376]+000 TEXCOORD1: 0.776470602, 0.0392156877, 0.0352941193, 0.752941191
vb0[376]+000 TEXCOORD2: 0.776470602, 0.0392156877, 0.0352941193, 0.752941191
vb0[376]+000 TEXCOORD3: 0.776470602, 0.0392156877, 0.0352941193, 0.752941191
vb0[376]+024 TANGENT: -0.577291548, 0.816538095, 0, -1

vb0[377]+000 POSITION: -1.80292737, 1.77383721, 1.62069833
vb0[377]+012 NORMAL: -7.41254325e-07, -1.16582476e-06, -1
vb0[377]+000 COLOR: 0.325490206, 0.776470602, 0.90196079, 0.749019623
vb0[377]+000 TEXCOORD: 0.325490206, 0.776470602, 0.90196079, 0.749019623
vb0[377]+000 TEXCOORD1: 0.325490206, 0.776470602, 0.90196079, 0.749019623
vb0[377]+000 TEXCOORD2: 0.325490206, 0.776470602, 0.90196079, 0.749019623
vb0[377]+000 TEXCOORD3: 0.325490206, 0.776470602, 0.90196079, 0.749019623
vb0[377]+024 TANGENT: -0.751054406, 0.660240233, 0, -1

vb0[378]+000 POSITION: -1.80293345, 1.0194037, 1.62069869
vb0[378]+012 NORMAL: -4.52111726e-06, -1.15476894e-06, -1
vb0[378]+000 COLOR: 0.525490224, 0.776470602, 0.90196079, 0.749019623
vb0[378]+000 TEXCOORD: 0.525490224, 0.776470602, 0.90196079, 0.749019623
vb0[378]+000 TEXCOORD1: 0.525490224, 0.776470602, 0.90196079, 0.749019623
vb0[378]+000 TEXCOORD2: 0.525490224, 0.776470602, 0.90196079, 0.749019623
vb0[378]+000 TEXCOORD3: 0.525490224, 0.776470602, 0.90196079, 0.749019623
vb0[378]+024 TANGENT: 0, 1, 0, -1

vb0[379]+000 POSITION: -1.95318246, 1.01931572, 1.62069941
vb0[379]+012 NORMAL: -5.07707318e-06, -1.29676914e-06, -1
vb0[379]+000 COLOR: 0.886274517, 0.00392156886, 0.980392158, 0.749019623
vb0[379]+000 TEXCOORD: 0.886274517, 0.00392156886, 0.980392158, 0.749019623
vb0[379]+000 TEXCOORD1: 0.886274517, 0.00392156886, 0.980392158, 0.749019623
vb0[379]+000 TEXCOORD2: 0.886274517, 0.00392156886, 0.980392158, 0.749019623
vb0[379]+000 TEXCOORD3: 0.886274517, 0.00392156886, 0.980392158, 0.749019623
vb0[379]+024 TANGENT: 0, 1, 0, -1

vb0[380]+000 POSITION: -2.14128113, 5.3991785, 1.62069941
vb0[380]+012 NORMAL: 8.21644562e-07, 2.56695415e-07, -1
vb0[380]+000 COLOR: 0.752941191, 0.0392156877, 0.0352941193, 0.752941191
vb0[380]+000 TEXCOORD: 0.752941191, 0.0392156877, 0.0352941193, 0.752941191
vb0[380]+000 TEXCOORD1: 0.752941191, 0.0392156877, 0.0352941193, 0.752941191
vb0[380]+000 TEXCOORD2: 0.752941191, 0.0392156877, 0.0352941193, 0.752941191
vb0[380]+000 TEXCOORD3: 0.752941191, 0.0392156877, 0.0352941193, 0.752941191
vb0[380]+024 TANGENT: 0.626131237, 0.779717743, 0, -1

vb0[381]+000 POSITION: -1.92275524, 5.21526718, 1.62069952
vb0[381]+012 NORMAL: 0, 0, -1
vb0[381]+000 COLOR: 0.847058833, 0.109803922, 0.964705884, 0.749019623
vb0[381]+000 TEXCOORD: 0.847058833, 0.109803922, 0.964705884, 0.749019623
vb0[381]+000 TEXCOORD1: 0.847058833, 0.109803922, 0.964705884, 0.749019623
vb0[381]+000 TEXCOORD2: 0.847058833, 0.109803922, 0.964705884, 0.749019623
vb0[381]+000 TEXCOORD3: 0.847058833, 0.109803922, 0.964705884, 0.749019623
vb0[381]+024 TANGENT: 0.732038736, 0.681263149, 0, -1

vb0[382]+000 POSITION: -1.95580459, 5.39917707, 1.62069952
vb0[382]+012 NORMAL: -2.44652711e-07, 1.38970691e-07, -1
vb0[382]+000 COLOR: 0.807843149, 0.34117648, 0.980392158, 0.749019623
vb0[382]+000 TEXCOORD: 0.807843149, 0.34117648, 0.980392158, 0.749019623
vb0[382]+000 TEXCOORD1: 0.807843149, 0.34117648, 0.980392158, 0.749019623
vb0[382]+000 TEXCOORD2: 0.807843149, 0.34117648, 0.980392158, 0.749019623
vb0[382]+000 TEXCOORD3: 0.807843149, 0.34117648, 0.980392158, 0.749019623
vb0[382]+024 TANGENT: 0.655176163, 0.755476117, 0, -1

vb0[383]+000 POSITION: -1.82511115, 5.21534824, 1.62069941
vb0[383]+012 NORMAL: -1.27971657e-06, 0, -1
vb0[383]+000 COLOR: 0.243137255, 0.615686297, 0.913725495, 0.749019623
vb0[383]+000 TEXCOORD: 0.243137255, 0.615686297, 0.913725495, 0.749019623
vb0[383]+000 TEXCOORD1: 0.243137255, 0.615686297, 0.913725495, 0.749019623
vb0[383]+000 TEXCOORD2: 0.243137255, 0.615686297, 0.913725495, 0.749019623
vb0[383]+000 TEXCOORD3: 0.243137255, 0.615686297, 0.913725495, 0.749019623
vb0[383]+024 TANGENT: 0.838846684, 0.544367671, 0, -1

vb0[384]+000 POSITION: -1.82511306, 5.87762547, 1.62069952
vb0[384]+012 NORMAL: -1.43173068e-07, 0, -1
vb0[384]+000 COLOR: 0.305882365, 0.615686297, 0.913725495, 0.749019623
vb0[384]+000 TEXCOORD: 0.305882365, 0.615686297, 0.913725495, 0.749019623
vb0[384]+000 TEXCOORD1: 0.305882365, 0.615686297, 0.913725495, 0.749019623
vb0[384]+000 TEXCOORD2: 0.305882365, 0.615686297, 0.913725495, 0.749019623
vb0[384]+000 TEXCOORD3: 0.305882365, 0.615686297, 0.913725495, 0.749019623
vb0[384]+024 TANGENT: 0, 1, 0, -1

vb0[385]+000 POSITION: -1.95580888, 5.87764025, 1.62069952
vb0[385]+012 NORMAL: 0, 0, -1
vb0[385]+000 COLOR: 0.949019611, 0.34117648, 0.980392158, 0.749019623
vb0[385]+000 TEXCOORD: 0.949019611, 0.34117648, 0.980392158, 0.749019623
vb0[385]+000 TEXCOORD1: 0.949019611, 0.34117648, 0.980392158, 0.749019623
vb0[385]+000 TEXCOORD2: 0.949019611, 0.34117648, 0.980392158, 0.749019623
vb0[385]+000 TEXCOORD3: 0.949019611, 0.34117648, 0.980392158, 0.749019623
vb0[385]+024 TANGENT: 0, 1, 0, -1

vb0[386]+000 POSITION: -2.14128256, 1.6075933, 1.90717185
vb0[386]+012 NORMAL: -1, 3.10358217e-07, -1.53430406e-07
vb0[386]+000 COLOR: 0.776470602, 0.0392156877, 0.0352941193, 0.752941191
vb0[386]+000 TEXCOORD: 0.776470602, 0.0392156877, 0.0352941193, 0.752941191
vb0[386]+000 TEXCOORD1: 0.776470602, 0.0392156877, 0.0352941193, 0.752941191
vb0[386]+000 TEXCOORD2: 0.776470602, 0.0392156877, 0.0352941193, 0.752941191
vb0[386]+000 TEXCOORD3: 0.776470602, 0.0392156877, 0.0352941193, 0.752941191
vb0[386]+024 TANGENT: 0, 1, 0, -1

vb0[387]+000 POSITION: -2.14128113, 5.3991785, 1.62069941
vb0[387]+012 NORMAL: -1, 0, -3.04242621e-06
vb0[387]+000 COLOR: 0.752941191, 0.0392156877, 0.0352941193, 0.752941191
vb0[387]+000 TEXCOORD: 0.752941191, 0.0392156877, 0.0352941193, 0.752941191
vb0[387]+000 TEXCOORD1: 0.752941191, 0.0392156877, 0.0352941193, 0.752941191
vb0[387]+000 TEXCOORD2: 0.752941191, 0.0392156877, 0.0352941193, 0.752941191
vb0[387]+000 TEXCOORD3: 0.752941191, 0.0392156877, 0.0352941193, 0.752941191
vb0[387]+024 TANGENT: 0, 1, 0, -1

vb0[388]+000 POSITION: -2.14128256, 1.6075933, 1.62069869
vb0[388]+012 NORMAL: -1, 3.21950637e-07, 0
vb0[388]+000 COLOR: 0.776470602, 0.0392156877, 0.0352941193, 0.752941191
vb0[388]+000 TEXCOORD: 0.776470602, 0.0392156877, 0.0352941193, 0.752941191
vb0[388]+000 TEXCOORD1: 0.776470602, 0.0392156877, 0.0352941193, 0.752941191
vb0[388]+000 TEXCOORD2: 0.776470602, 0.0392156877, 0.0352941193, 0.752941191
vb0[388]+000 TEXCOORD3: 0.776470602, 0.0392156877, 0.0352941193, 0.752941191
vb0[388]+024 TANGENT: 0, 1, 0, -1

vb0[389]+000 POSITION: -2.14128208, 5.3991785, 1.90717268
vb0[389]+012 NORMAL: -1, 0, -3.19585661e-06
vb0[389]+000 COLOR: 0.768627465, 0.0392156877, 0.0352941193, 0.752941191
vb0[389]+000 TEXCOORD: 0.768627465, 0.0392156877, 0.0352941193, 0.752941191
vb0[389]+000 TEXCOORD1: 0.768627465, 0.0392156877, 0.0352941193, 0.752941191
vb0[389]+000 TEXCOORD2: 0.768627465, 0.0392156877, 0.0352941193, 0.752941191
vb0[389]+000 TEXCOORD3: 0.768627465, 0.0392156877, 0.0352941193, 0.752941191
vb0[389]+024 TANGENT: 0, 1, 0, -1

vb0[390]+000 POSITION: -0.124844357, 5.87612391, 1.88774848
vb0[390]+012 NORMAL: -7.43876399e-07, -2.260977e-06, 1
vb0[390]+000 COLOR: 0.400000006, 0.68235296, 1, 0.741176486
vb0[390]+000 TEXCOORD: 0.400000006, 0.68235296, 1, 0.741176486
vb0[390]+000 TEXCOORD1: 0.400000006, 0.68235296, 1, 0.741176486
vb0[390]+000 TEXCOORD2: 0.400000006, 0.68235296, 1, 0.741176486
vb0[390]+000 TEXCOORD3: 0.400000006, 0.68235296, 1, 0.741176486
vb0[390]+024 TANGENT: -0.711618602, 0.702566028, 0, -1

vb0[391]+000 POSITION: -0.535096884, 5.87612486, 1.88774824
vb0[391]+012 NORMAL: -7.43876399e-07, -2.260977e-06, 1
vb0[391]+000 COLOR: 0.109803922, 0.988235295, 0.0313725509, 0.749019623
vb0[391]+000 TEXCOORD: 0.109803922, 0.988235295, 0.0313725509, 0.749019623
vb0[391]+000 TEXCOORD1: 0.109803922, 0.988235295, 0.0313725509, 0.749019623
vb0[391]+000 TEXCOORD2: 0.109803922, 0.988235295, 0.0313725509, 0.749019623
vb0[391]+000 TEXCOORD3: 0.109803922, 0.988235295, 0.0313725509, 0.749019623
vb0[391]+024 TANGENT: -0.711618602, 0.702566028, 0, -1

vb0[392]+000 POSITION: -0.125007629, 5.47125244, 1.88774765
vb0[392]+012 NORMAL: -7.43876399e-07, -2.260977e-06, 1
vb0[392]+000 COLOR: 0, 0.00784313772, 0, 0.745098054
vb0[392]+000 TEXCOORD: 0, 0.00784313772, 0, 0.745098054
vb0[392]+000 TEXCOORD1: 0, 0.00784313772, 0, 0.745098054
vb0[392]+000 TEXCOORD2: 0, 0.00784313772, 0, 0.745098054
vb0[392]+000 TEXCOORD3: 0, 0.00784313772, 0, 0.745098054
vb0[392]+024 TANGENT: -0.711618543, 0.702566028, 0, -1

vb0[393]+000 POSITION: -0.124844357, 5.87612391, 1.65120268
vb0[393]+012 NORMAL: 3.71937688e-07, 7.53609072e-07, -1
vb0[393]+000 COLOR: 0.400000006, 0.68235296, 1, 0.741176486
vb0[393]+000 TEXCOORD: 0.400000006, 0.68235296, 1, 0.741176486
vb0[393]+000 TEXCOORD1: 0.400000006, 0.68235296, 1, 0.741176486
vb0[393]+000 TEXCOORD2: 0.400000006, 0.68235296, 1, 0.741176486
vb0[393]+000 TEXCOORD3: 0.400000006, 0.68235296, 1, 0.741176486
vb0[393]+024 TANGENT: 0.711618602, -0.702566028, 0, -1

vb0[394]+000 POSITION: -0.125007629, 5.47125244, 1.65120232
vb0[394]+012 NORMAL: 3.71937631e-07, 7.53609072e-07, -1
vb0[394]+000 COLOR: 0, 0.00784313772, 0, 0.745098054
vb0[394]+000 TEXCOORD: 0, 0.00784313772, 0, 0.745098054
vb0[394]+000 TEXCOORD1: 0, 0.00784313772, 0, 0.745098054
vb0[394]+000 TEXCOORD2: 0, 0.00784313772, 0, 0.745098054
vb0[394]+000 TEXCOORD3: 0, 0.00784313772, 0, 0.745098054
vb0[394]+024 TANGENT: 0.711618543, -0.702566028, 0, -1

vb0[395]+000 POSITION: -0.535096884, 5.87612486, 1.65120256
vb0[395]+012 NORMAL: 3.71937688e-07, 7.53609129e-07, -1
vb0[395]+000 COLOR: 0.109803922, 0.988235295, 0.0313725509, 0.749019623
vb0[395]+000 TEXCOORD: 0.109803922, 0.988235295, 0.0313725509, 0.749019623
vb0[395]+000 TEXCOORD1: 0.109803922, 0.988235295, 0.0313725509, 0.749019623
vb0[395]+000 TEXCOORD2: 0.109803922, 0.988235295, 0.0313725509, 0.749019623
vb0[395]+000 TEXCOORD3: 0.109803922, 0.988235295, 0.0313725509, 0.749019623
vb0[395]+024 TANGENT: 0.711618602, -0.702566028, 0, -1

vb0[396]+000 POSITION: -0.106128693, 1.17466116, 1.87926137
vb0[396]+012 NORMAL: 3.2002572e-07, -1.95948292e-06, 1
vb0[396]+000 COLOR: 0, 0.352941185, 0.850980401, 0.741176486
vb0[396]+000 TEXCOORD: 0, 0.352941185, 0.850980401, 0.741176486
vb0[396]+000 TEXCOORD1: 0, 0.352941185, 0.850980401, 0.741176486
vb0[396]+000 TEXCOORD2: 0, 0.352941185, 0.850980401, 0.741176486
vb0[396]+000 TEXCOORD3: 0, 0.352941185, 0.850980401, 0.741176486
vb0[396]+024 TANGENT: -1, 0, 0, -1

vb0[397]+000 POSITION: -1.05983806, 1.01889992, 1.87926137
vb0[397]+012 NORMAL: 3.19992353e-07, -1.95927873e-06, 1
vb0[397]+000 COLOR: 0.776470602, 0.65882355, 0.529411793, 0.749019623
vb0[397]+000 TEXCOORD: 0.776470602, 0.65882355, 0.529411793, 0.749019623
vb0[397]+000 TEXCOORD1: 0.776470602, 0.65882355, 0.529411793, 0.749019623
vb0[397]+000 TEXCOORD2: 0.776470602, 0.65882355, 0.529411793, 0.749019623
vb0[397]+000 TEXCOORD3: 0.776470602, 0.65882355, 0.529411793, 0.749019623
vb0[397]+024 TANGENT: -1, 0, 0, -1

vb0[398]+000 POSITION: -0.106249541, 1.01890051, 1.87926114
vb0[398]+012 NORMAL: 3.20030097e-07, -1.95950952e-06, 1
vb0[398]+000 COLOR: 0.360784322, 0.600000024, 0.850980401, 0.741176486
vb0[398]+000 TEXCOORD: 0.360784322, 0.600000024, 0.850980401, 0.741176486
vb0[398]+000 TEXCOORD1: 0.360784322, 0.600000024, 0.850980401, 0.741176486
vb0[398]+000 TEXCOORD2: 0.360784322, 0.600000024, 0.850980401, 0.741176486
vb0[398]+000 TEXCOORD3: 0.360784322, 0.600000024, 0.850980401, 0.741176486
vb0[398]+024 TANGENT: -1, 0, 0, -1

vb0[399]+000 POSITION: -1.05983865, 1.17466116, 1.87926173
vb0[399]+012 NORMAL: 3.19988061e-07, -1.95925213e-06, 1
vb0[399]+000 COLOR: 0.796078444, 0.65882355, 0.529411793, 0.749019623
vb0[399]+000 TEXCOORD: 0.796078444, 0.65882355, 0.529411793, 0.749019623
vb0[399]+000 TEXCOORD1: 0.796078444, 0.65882355, 0.529411793, 0.749019623
vb0[399]+000 TEXCOORD2: 0.796078444, 0.65882355, 0.529411793, 0.749019623
vb0[399]+000 TEXCOORD3: 0.796078444, 0.65882355, 0.529411793, 0.749019623
vb0[399]+024 TANGENT: -1, 0, 0, -1

vb0[400]+000 POSITION: -0.106250457, 1.02317417, 1.64681435
vb0[400]+012 NORMAL: 3.03951964e-07, 1.91331651e-06, -1
vb0[400]+000 COLOR: 0.843137264, 0.600000024, 0.850980401, 0.741176486
vb0[400]+000 TEXCOORD: 0.843137264, 0.600000024, 0.850980401, 0.741176486
vb0[400]+000 TEXCOORD1: 0.843137264, 0.600000024, 0.850980401, 0.741176486
vb0[400]+000 TEXCOORD2: 0.843137264, 0.600000024, 0.850980401, 0.741176486
vb0[400]+000 TEXCOORD3: 0.843137264, 0.600000024, 0.850980401, 0.741176486
vb0[400]+024 TANGENT: 1, 0, 0, -1

vb0[401]+000 POSITION: -1.05983806, 1.17466235, 1.64681435
vb0[401]+012 NORMAL: 1.76059146e-07, 1.10825692e-06, -1
vb0[401]+000 COLOR: 0.776470602, 0.65882355, 0.529411793, 0.749019623
vb0[401]+000 TEXCOORD: 0.776470602, 0.65882355, 0.529411793, 0.749019623
vb0[401]+000 TEXCOORD1: 0.776470602, 0.65882355, 0.529411793, 0.749019623
vb0[401]+000 TEXCOORD2: 0.776470602, 0.65882355, 0.529411793, 0.749019623
vb0[401]+000 TEXCOORD3: 0.776470602, 0.65882355, 0.529411793, 0.749019623
vb0[401]+024 TANGENT: 1, 0, 0, -1

vb0[402]+000 POSITION: -0.106128387, 1.17466223, 1.6468147
vb0[402]+012 NORMAL: 3.19988516e-07, 2.01426315e-06, -1
vb0[402]+000 COLOR: 0.843137264, 0.349019617, 0.850980401, 0.741176486
vb0[402]+000 TEXCOORD: 0.843137264, 0.349019617, 0.850980401, 0.741176486
vb0[402]+000 TEXCOORD1: 0.843137264, 0.349019617, 0.850980401, 0.741176486
vb0[402]+000 TEXCOORD2: 0.843137264, 0.349019617, 0.850980401, 0.741176486
vb0[402]+000 TEXCOORD3: 0.843137264, 0.349019617, 0.850980401, 0.741176486
vb0[402]+024 TANGENT: 1, 0, 0, -1

vb0[403]+000 POSITION: -1.05983865, 1.02317417, 1.64681423
vb0[403]+012 NORMAL: 1.60014466e-07, 1.00725867e-06, -1
vb0[403]+000 COLOR: 0.796078444, 0.65882355, 0.529411793, 0.749019623
vb0[403]+000 TEXCOORD: 0.796078444, 0.65882355, 0.529411793, 0.749019623
vb0[403]+000 TEXCOORD1: 0.796078444, 0.65882355, 0.529411793, 0.749019623
vb0[403]+000 TEXCOORD2: 0.796078444, 0.65882355, 0.529411793, 0.749019623
vb0[403]+000 TEXCOORD3: 0.796078444, 0.65882355, 0.529411793, 0.749019623
vb0[403]+024 TANGENT: 1, 0, 0, -1

vb0[404]+000 POSITION: 1.83105465e-06, 5.87710905, 1.90835786
vb0[404]+012 NORMAL: 1, 0, 0
vb0[404]+000 COLOR: 0.56078434, 0.760784328, 0.960784316, 0.20784314
vb0[404]+000 TEXCOORD: 0.56078434, 0.760784328, 0.960784316, 0.20784314
vb0[404]+000 TEXCOORD1: 0.56078434, 0.760784328, 0.960784316, 0.20784314
vb0[404]+000 TEXCOORD2: 0.56078434, 0.760784328, 0.960784316, 0.20784314
vb0[404]+000 TEXCOORD3: 0.56078434, 0.760784328, 0.960784316, 0.20784314
vb0[404]+024 TANGENT: 0, 1, 0, 1

vb0[405]+000 POSITION: 1.83105465e-06, 1.02203643, 1.63286209
vb0[405]+012 NORMAL: 1, 0, 0
vb0[405]+000 COLOR: 0.56078434, 0.760784328, 0.960784316, 0.20784314
vb0[405]+000 TEXCOORD: 0.56078434, 0.760784328, 0.960784316, 0.20784314
vb0[405]+000 TEXCOORD1: 0.56078434, 0.760784328, 0.960784316, 0.20784314
vb0[405]+000 TEXCOORD2: 0.56078434, 0.760784328, 0.960784316, 0.20784314
vb0[405]+000 TEXCOORD3: 0.56078434, 0.760784328, 0.960784316, 0.20784314
vb0[405]+024 TANGENT: 0, 1, 0, 1

vb0[406]+000 POSITION: 1.83105465e-06, 5.87740517, 1.63286257
vb0[406]+012 NORMAL: 1, 0, 0
vb0[406]+000 COLOR: 0.56078434, 0.760784328, 0.960784316, 0.20784314
vb0[406]+000 TEXCOORD: 0.56078434, 0.760784328, 0.960784316, 0.20784314
vb0[406]+000 TEXCOORD1: 0.56078434, 0.760784328, 0.960784316, 0.20784314
vb0[406]+000 TEXCOORD2: 0.56078434, 0.760784328, 0.960784316, 0.20784314
vb0[406]+000 TEXCOORD3: 0.56078434, 0.760784328, 0.960784316, 0.20784314
vb0[406]+024 TANGENT: 0, 1, 0, 1

vb0[407]+000 POSITION: 1.83105465e-06, 1.02174044, 1.90835679
vb0[407]+012 NORMAL: 1, 0, 0
vb0[407]+000 COLOR: 0.56078434, 0.760784328, 0.960784316, 0.20784314
vb0[407]+000 TEXCOORD: 0.56078434, 0.760784328, 0.960784316, 0.20784314
vb0[407]+000 TEXCOORD1: 0.56078434, 0.760784328, 0.960784316, 0.20784314
vb0[407]+000 TEXCOORD2: 0.56078434, 0.760784328, 0.960784316, 0.20784314
vb0[407]+000 TEXCOORD3: 0.56078434, 0.760784328, 0.960784316, 0.20784314
vb0[407]+024 TANGENT: 0, 1, 0, 1

vb0[408]+000 POSITION: -0.154530481, 5.87661934, 1.63286233
vb0[408]+012 NORMAL: 9.87360067e-07, 0, -1
vb0[408]+000 COLOR: 0.239215687, 0.239215687, 0.117647059, 0.745098054
vb0[408]+000 TEXCOORD: 0.239215687, 0.239215687, 0.117647059, 0.745098054
vb0[408]+000 TEXCOORD1: 0.239215687, 0.239215687, 0.117647059, 0.745098054
vb0[408]+000 TEXCOORD2: 0.239215687, 0.239215687, 0.117647059, 0.745098054
vb0[408]+000 TEXCOORD3: 0.239215687, 0.239215687, 0.117647059, 0.745098054
vb0[408]+024 TANGENT: 1, 0, 0, -1

vb0[409]+000 POSITION: 1.83105465e-06, 1.02203643, 1.63286209
vb0[409]+012 NORMAL: 1.00785462e-06, 0, -1
vb0[409]+000 COLOR: 0.56078434, 0.760784328, 0.960784316, 0.20784314
vb0[409]+000 TEXCOORD: 0.56078434, 0.760784328, 0.960784316, 0.20784314
vb0[409]+000 TEXCOORD1: 0.56078434, 0.760784328, 0.960784316, 0.20784314
vb0[409]+000 TEXCOORD2: 0.56078434, 0.760784328, 0.960784316, 0.20784314
vb0[409]+000 TEXCOORD3: 0.56078434, 0.760784328, 0.960784316, 0.20784314
vb0[409]+024 TANGENT: 1, 0, 0, -1

vb0[410]+000 POSITION: -0.151350394, 1.02223313, 1.63286185
vb0[410]+012 NORMAL: 1.00828754e-06, 0, -1
vb0[410]+000 COLOR: 0.600000024, 0.984313726, 0.101960786, 0.745098054
vb0[410]+000 TEXCOORD: 0.600000024, 0.984313726, 0.101960786, 0.745098054
vb0[410]+000 TEXCOORD1: 0.600000024, 0.984313726, 0.101960786, 0.745098054
vb0[410]+000 TEXCOORD2: 0.600000024, 0.984313726, 0.101960786, 0.745098054
vb0[410]+000 TEXCOORD3: 0.600000024, 0.984313726, 0.101960786, 0.745098054
vb0[410]+024 TANGENT: 1, 0, 0, -1

vb0[411]+000 POSITION: 1.83105465e-06, 5.87740517, 1.63286257
vb0[411]+012 NORMAL: 9.86937721e-07, 0, -1
vb0[411]+000 COLOR: 0.56078434, 0.760784328, 0.960784316, 0.20784314
vb0[411]+000 TEXCOORD: 0.56078434, 0.760784328, 0.960784316, 0.20784314
vb0[411]+000 TEXCOORD1: 0.56078434, 0.760784328, 0.960784316, 0.20784314
vb0[411]+000 TEXCOORD2: 0.56078434, 0.760784328, 0.960784316, 0.20784314
vb0[411]+000 TEXCOORD3: 0.56078434, 0.760784328, 0.960784316, 0.20784314
vb0[411]+024 TANGENT: 1, 0, 0, -1

vb0[412]+000 POSITION: -1.05988717, 5.7215929, 1.87455785
vb0[412]+012 NORMAL: -3.2002572e-07, 9.79861738e-07, 1
vb0[412]+000 COLOR: 0.384313732, 0.666666687, 0.529411793, 0.749019623
vb0[412]+000 TEXCOORD: 0.384313732, 0.666666687, 0.529411793, 0.749019623
vb0[412]+000 TEXCOORD1: 0.384313732, 0.666666687, 0.529411793, 0.749019623
vb0[412]+000 TEXCOORD2: 0.384313732, 0.666666687, 0.529411793, 0.749019623
vb0[412]+000 TEXCOORD3: 0.384313732, 0.666666687, 0.529411793, 0.749019623
vb0[412]+024 TANGENT: 1, 0, 0, -1

vb0[413]+000 POSITION: -0.106177516, 5.87735319, 1.87455809
vb0[413]+012 NORMAL: -3.19992239e-07, 9.79656761e-07, 1
vb0[413]+000 COLOR: 0.600000024, 0.450980395, 0.850980401, 0.741176486
vb0[413]+000 TEXCOORD: 0.600000024, 0.450980395, 0.850980401, 0.741176486
vb0[413]+000 TEXCOORD1: 0.600000024, 0.450980395, 0.850980401, 0.741176486
vb0[413]+000 TEXCOORD2: 0.600000024, 0.450980395, 0.850980401, 0.741176486
vb0[413]+000 TEXCOORD3: 0.600000024, 0.450980395, 0.850980401, 0.741176486
vb0[413]+024 TANGENT: 1, 0, 0, -1

vb0[414]+000 POSITION: -1.05976605, 5.87735224, 1.87455773
vb0[414]+012 NORMAL: -3.20030097e-07, 9.79888227e-07, 1
vb0[414]+000 COLOR: 0.41568628, 0.650980413, 0.529411793, 0.749019623
vb0[414]+000 TEXCOORD: 0.41568628, 0.650980413, 0.529411793, 0.749019623
vb0[414]+000 TEXCOORD1: 0.41568628, 0.650980413, 0.529411793, 0.749019623
vb0[414]+000 TEXCOORD2: 0.41568628, 0.650980413, 0.529411793, 0.749019623
vb0[414]+000 TEXCOORD3: 0.41568628, 0.650980413, 0.529411793, 0.749019623
vb0[414]+024 TANGENT: 1, 0, 0, -1

vb0[415]+000 POSITION: -0.106176905, 5.7215929, 1.87455821
vb0[415]+012 NORMAL: -3.19987919e-07, 9.79630272e-07, 1
vb0[415]+000 COLOR: 0.278431386, 0.450980395, 0.850980401, 0.741176486
vb0[415]+000 TEXCOORD: 0.278431386, 0.450980395, 0.850980401, 0.741176486
vb0[415]+000 TEXCOORD1: 0.278431386, 0.450980395, 0.850980401, 0.741176486
vb0[415]+000 TEXCOORD2: 0.278431386, 0.450980395, 0.850980401, 0.741176486
vb0[415]+000 TEXCOORD3: 0.278431386, 0.450980395, 0.850980401, 0.741176486
vb0[415]+024 TANGENT: 1, 0, 0, -1

vb0[416]+000 POSITION: -1.0597651, 5.87307835, 1.6668303
vb0[416]+012 NORMAL: -1.59995992e-07, -1.0071517e-06, -1
vb0[416]+000 COLOR: 0.384313732, 0.650980413, 0.529411793, 0.749019623
vb0[416]+000 TEXCOORD: 0.384313732, 0.650980413, 0.529411793, 0.749019623
vb0[416]+000 TEXCOORD1: 0.384313732, 0.650980413, 0.529411793, 0.749019623
vb0[416]+000 TEXCOORD2: 0.384313732, 0.650980413, 0.529411793, 0.749019623
vb0[416]+000 TEXCOORD3: 0.384313732, 0.650980413, 0.529411793, 0.749019623
vb0[416]+024 TANGENT: -1, 0, 0, -1

vb0[417]+000 POSITION: -0.106177516, 5.72159147, 1.6668303
vb0[417]+012 NORMAL: -1.60011808e-07, -1.00725117e-06, -1
vb0[417]+000 COLOR: 0.600000024, 0.450980395, 0.850980401, 0.741176486
vb0[417]+000 TEXCOORD: 0.600000024, 0.450980395, 0.850980401, 0.741176486
vb0[417]+000 TEXCOORD1: 0.600000024, 0.450980395, 0.850980401, 0.741176486
vb0[417]+000 TEXCOORD2: 0.600000024, 0.450980395, 0.850980401, 0.741176486
vb0[417]+000 TEXCOORD3: 0.600000024, 0.450980395, 0.850980401, 0.741176486
vb0[417]+024 TANGENT: -1, 0, 0, -1

vb0[418]+000 POSITION: -1.05988753, 5.72159147, 1.66683042
vb0[418]+012 NORMAL: -1.59994002e-07, -1.00713919e-06, -1
vb0[418]+000 COLOR: 0.396078438, 0.666666687, 0.529411793, 0.749019623
vb0[418]+000 TEXCOORD: 0.396078438, 0.666666687, 0.529411793, 0.749019623
vb0[418]+000 TEXCOORD1: 0.396078438, 0.666666687, 0.529411793, 0.749019623
vb0[418]+000 TEXCOORD2: 0.396078438, 0.666666687, 0.529411793, 0.749019623
vb0[418]+000 TEXCOORD3: 0.396078438, 0.666666687, 0.529411793, 0.749019623
vb0[418]+024 TANGENT: -1, 0, 0, -1

vb0[419]+000 POSITION: -0.106176905, 5.8730793, 1.66683006
vb0[419]+012 NORMAL: -1.60013812e-07, -1.00726379e-06, -1
vb0[419]+000 COLOR: 0.278431386, 0.450980395, 0.850980401, 0.741176486
vb0[419]+000 TEXCOORD: 0.278431386, 0.450980395, 0.850980401, 0.741176486
vb0[419]+000 TEXCOORD1: 0.278431386, 0.450980395, 0.850980401, 0.741176486
vb0[419]+000 TEXCOORD2: 0.278431386, 0.450980395, 0.850980401, 0.741176486
vb0[419]+000 TEXCOORD3: 0.278431386, 0.450980395, 0.850980401, 0.741176486
vb0[419]+024 TANGENT: -1, 0, 0, -1

vb0[420]+000 POSITION: -2.02776217, 5.41154099, 1.62122071
vb0[420]+012 NORMAL: -0.000189706479, 1.09992936e-06, -1
vb0[420]+000 COLOR: 0.858823538, 0.776470602, 0.00392156886, 0.752941191
vb0[420]+000 TEXCOORD: 0.858823538, 0.776470602, 0.00392156886, 0.752941191
vb0[420]+000 TEXCOORD1: 0.858823538, 0.776470602, 0.00392156886, 0.752941191
vb0[420]+000 TEXCOORD2: 0.858823538, 0.776470602, 0.00392156886, 0.752941191
vb0[420]+000 TEXCOORD3: 0.858823538, 0.776470602, 0.00392156886, 0.752941191
vb0[420]+024 TANGENT: -0.999999523, 0.00100015569, 0, 1

vb0[421]+000 POSITION: -2.12816477, 5.87801504, 1.6631608
vb0[421]+012 NORMAL: -0.709194601, 9.96348035e-07, -0.705012858
vb0[421]+000 COLOR: 0.854901969, 0.200000003, 0.0313725509, 0.752941191
vb0[421]+000 TEXCOORD: 0.854901969, 0.200000003, 0.0313725509, 0.752941191
vb0[421]+000 TEXCOORD1: 0.854901969, 0.200000003, 0.0313725509, 0.752941191
vb0[421]+000 TEXCOORD2: 0.854901969, 0.200000003, 0.0313725509, 0.752941191
vb0[421]+000 TEXCOORD3: 0.854901969, 0.200000003, 0.0313725509, 0.752941191
vb0[421]+024 TANGENT: -0.705012858, 0, 0.709194601, 1

vb0[422]+000 POSITION: -2.02776194, 5.87801361, 1.62122142
vb0[422]+012 NORMAL: -0.000188814767, 1.21655626e-06, -1
vb0[422]+000 COLOR: 0.854901969, 0.776470602, 0.00392156886, 0.752941191
vb0[422]+000 TEXCOORD: 0.854901969, 0.776470602, 0.00392156886, 0.752941191
vb0[422]+000 TEXCOORD1: 0.854901969, 0.776470602, 0.00392156886, 0.752941191
vb0[422]+000 TEXCOORD2: 0.854901969, 0.776470602, 0.00392156886, 0.752941191
vb0[422]+000 TEXCOORD3: 0.854901969, 0.776470602, 0.00392156886, 0.752941191
vb0[422]+024 TANGENT: -1, 0, 0, 1

vb0[423]+000 POSITION: -2.12816477, 5.41154146, 1.66316056
vb0[423]+012 NORMAL: -0.709194064, 7.40696748e-07, -0.705013216
vb0[423]+000 COLOR: 0.854901969, 0.200000003, 0.0313725509, 0.752941191
vb0[423]+000 TEXCOORD: 0.854901969, 0.200000003, 0.0313725509, 0.752941191
vb0[423]+000 TEXCOORD1: 0.854901969, 0.200000003, 0.0313725509, 0.752941191
vb0[423]+000 TEXCOORD2: 0.854901969, 0.200000003, 0.0313725509, 0.752941191
vb0[423]+000 TEXCOORD3: 0.854901969, 0.200000003, 0.0313725509, 0.752941191
vb0[423]+024 TANGENT: -0.705013216, 0, 0.709194124, 1

vb0[424]+000 POSITION: -2.16974139, 5.87801361, 1.76437354
vb0[424]+012 NORMAL: -1, 3.74971762e-07, 0.000154416543
vb0[424]+000 COLOR: 0.0431372561, 0.866666675, 0.0392156877, 0.752941191
vb0[424]+000 TEXCOORD: 0.0431372561, 0.866666675, 0.0392156877, 0.752941191
vb0[424]+000 TEXCOORD1: 0.0431372561, 0.866666675, 0.0392156877, 0.752941191
vb0[424]+000 TEXCOORD2: 0.0431372561, 0.866666675, 0.0392156877, 0.752941191
vb0[424]+000 TEXCOORD3: 0.0431372561, 0.866666675, 0.0392156877, 0.752941191
vb0[424]+024 TANGENT: 0, 0, 1, 1

vb0[425]+000 POSITION: -2.16974163, 5.41154242, 1.7643733
vb0[425]+012 NORMAL: -1, 1.04798983e-06, 0.000153677873
vb0[425]+000 COLOR: 0.0470588244, 0.866666675, 0.0392156877, 0.752941191
vb0[425]+000 TEXCOORD: 0.0470588244, 0.866666675, 0.0392156877, 0.752941191
vb0[425]+000 TEXCOORD1: 0.0470588244, 0.866666675, 0.0392156877, 0.752941191
vb0[425]+000 TEXCOORD2: 0.0470588244, 0.866666675, 0.0392156877, 0.752941191
vb0[425]+000 TEXCOORD3: 0.0470588244, 0.866666675, 0.0392156877, 0.752941191
vb0[425]+024 TANGENT: 0, 0, 1, 1

vb0[426]+000 POSITION: -2.12813497, 5.87801504, 1.86557019
vb0[426]+012 NORMAL: -0.708954275, 5.33299385e-07, 0.705254376
vb0[426]+000 COLOR: 0.36470589, 0.200000003, 0.0313725509, 0.752941191
vb0[426]+000 TEXCOORD: 0.36470589, 0.200000003, 0.0313725509, 0.752941191
vb0[426]+000 TEXCOORD1: 0.36470589, 0.200000003, 0.0313725509, 0.752941191
vb0[426]+000 TEXCOORD2: 0.36470589, 0.200000003, 0.0313725509, 0.752941191
vb0[426]+000 TEXCOORD3: 0.36470589, 0.200000003, 0.0313725509, 0.752941191
vb0[426]+024 TANGENT: 0.705251634, 0.00279606343, 0.708951533, 1

vb0[427]+000 POSITION: -2.12813544, 5.41154003, 1.86557019
vb0[427]+012 NORMAL: -0.708954215, 1.30007766e-06, 0.705254495
vb0[427]+000 COLOR: 0.372549027, 0.200000003, 0.0313725509, 0.752941191
vb0[427]+000 TEXCOORD: 0.372549027, 0.200000003, 0.0313725509, 0.752941191
vb0[427]+000 TEXCOORD1: 0.372549027, 0.200000003, 0.0313725509, 0.752941191
vb0[427]+000 TEXCOORD2: 0.372549027, 0.200000003, 0.0313725509, 0.752941191
vb0[427]+000 TEXCOORD3: 0.372549027, 0.200000003, 0.0313725509, 0.752941191
vb0[427]+024 TANGENT: 0.705251813, 0.0027467499, 0.708951533, 1

vb0[428]+000 POSITION: -2.02771807, 5.87801266, 1.9074713
vb0[428]+012 NORMAL: 0.000188038393, 0, 1
vb0[428]+000 COLOR: 0.13333334, 0.776470602, 0.00392156886, 0.752941191
vb0[428]+000 TEXCOORD: 0.13333334, 0.776470602, 0.00392156886, 0.752941191
vb0[428]+000 TEXCOORD1: 0.13333334, 0.776470602, 0.00392156886, 0.752941191
vb0[428]+000 TEXCOORD2: 0.13333334, 0.776470602, 0.00392156886, 0.752941191
vb0[428]+000 TEXCOORD3: 0.13333334, 0.776470602, 0.00392156886, 0.752941191
vb0[428]+024 TANGENT: 0.999987602, 0.00497478247, 0, 1

vb0[429]+000 POSITION: -2.02771926, 5.41154051, 1.90747142
vb0[429]+012 NORMAL: 0.00018625152, 2.57662407e-07, 1
vb0[429]+000 COLOR: 0.152941182, 0.776470602, 0.00392156886, 0.752941191
vb0[429]+000 TEXCOORD: 0.152941182, 0.776470602, 0.00392156886, 0.752941191
vb0[429]+000 TEXCOORD1: 0.152941182, 0.776470602, 0.00392156886, 0.752941191
vb0[429]+000 TEXCOORD2: 0.152941182, 0.776470602, 0.00392156886, 0.752941191
vb0[429]+000 TEXCOORD3: 0.152941182, 0.776470602, 0.00392156886, 0.752941191
vb0[429]+024 TANGENT: 0.999987721, 0.00496257795, 0, 1

vb0[430]+000 POSITION: -1.92731547, 5.87801361, 1.86553156
vb0[430]+012 NORMAL: 0.385439962, -7.28556017e-07, 0.92273289
vb0[430]+000 COLOR: 0.274509817, 0.698039234, 0.964705884, 0.749019623
vb0[430]+000 TEXCOORD: 0.274509817, 0.698039234, 0.964705884, 0.749019623
vb0[430]+000 TEXCOORD1: 0.274509817, 0.698039234, 0.964705884, 0.749019623
vb0[430]+000 TEXCOORD2: 0.274509817, 0.698039234, 0.964705884, 0.749019623
vb0[430]+000 TEXCOORD3: 0.274509817, 0.698039234, 0.964705884, 0.749019623
vb0[430]+024 TANGENT: 0.922723472, 0.00452621374, -0.385436088, 1

vb0[431]+000 POSITION: -1.92731583, 5.41154051, 1.86553133
vb0[431]+012 NORMAL: 0.385440469, -8.55831729e-07, 0.922732651
vb0[431]+000 COLOR: 0.286274523, 0.698039234, 0.964705884, 0.749019623
vb0[431]+000 TEXCOORD: 0.286274523, 0.698039234, 0.964705884, 0.749019623
vb0[431]+000 TEXCOORD1: 0.286274523, 0.698039234, 0.964705884, 0.749019623
vb0[431]+000 TEXCOORD2: 0.286274523, 0.698039234, 0.964705884, 0.749019623
vb0[431]+000 TEXCOORD3: 0.286274523, 0.698039234, 0.964705884, 0.749019623
vb0[431]+024 TANGENT: 0.922723114, 0.0045610033, -0.385436445, 1

vb0[432]+000 POSITION: -1.92734563, 5.41154146, 1.66312158
vb0[432]+012 NORMAL: 0.385090172, 1.12535838e-06, -0.922878981
vb0[432]+000 COLOR: 0.262745112, 0.701960802, 0.964705884, 0.749019623
vb0[432]+000 TEXCOORD: 0.262745112, 0.701960802, 0.964705884, 0.749019623
vb0[432]+000 TEXCOORD1: 0.262745112, 0.701960802, 0.964705884, 0.749019623
vb0[432]+000 TEXCOORD2: 0.262745112, 0.701960802, 0.964705884, 0.749019623
vb0[432]+000 TEXCOORD3: 0.262745112, 0.701960802, 0.964705884, 0.749019623
vb0[432]+024 TANGENT: -0.922878981, 0, -0.385090202, 1

vb0[433]+000 POSITION: -2.02776194, 5.87801361, 1.62122142
vb0[433]+012 NORMAL: -0.000188814767, 1.21655626e-06, -1
vb0[433]+000 COLOR: 0.854901969, 0.776470602, 0.00392156886, 0.752941191
vb0[433]+000 TEXCOORD: 0.854901969, 0.776470602, 0.00392156886, 0.752941191
vb0[433]+000 TEXCOORD1: 0.854901969, 0.776470602, 0.00392156886, 0.752941191
vb0[433]+000 TEXCOORD2: 0.854901969, 0.776470602, 0.00392156886, 0.752941191
vb0[433]+000 TEXCOORD3: 0.854901969, 0.776470602, 0.00392156886, 0.752941191
vb0[433]+024 TANGENT: -1, 0, 0, 1

vb0[434]+000 POSITION: -1.9273454, 5.87801504, 1.66312194
vb0[434]+012 NORMAL: 0.385087103, 3.51834501e-07, -0.922880173
vb0[434]+000 COLOR: 0.254901975, 0.701960802, 0.964705884, 0.749019623
vb0[434]+000 TEXCOORD: 0.254901975, 0.701960802, 0.964705884, 0.749019623
vb0[434]+000 TEXCOORD1: 0.254901975, 0.701960802, 0.964705884, 0.749019623
vb0[434]+000 TEXCOORD2: 0.254901975, 0.701960802, 0.964705884, 0.749019623
vb0[434]+000 TEXCOORD3: 0.254901975, 0.701960802, 0.964705884, 0.749019623
vb0[434]+024 TANGENT: -0.922880173, 0, -0.385087103, 1

vb0[435]+000 POSITION: -2.02776217, 5.41154099, 1.62122071
vb0[435]+012 NORMAL: -0.000189706479, 1.09992936e-06, -1
vb0[435]+000 COLOR: 0.858823538, 0.776470602, 0.00392156886, 0.752941191
vb0[435]+000 TEXCOORD: 0.858823538, 0.776470602, 0.00392156886, 0.752941191
vb0[435]+000 TEXCOORD1: 0.858823538, 0.776470602, 0.00392156886, 0.752941191
vb0[435]+000 TEXCOORD2: 0.858823538, 0.776470602, 0.00392156886, 0.752941191
vb0[435]+000 TEXCOORD3: 0.858823538, 0.776470602, 0.00392156886, 0.752941191
vb0[435]+024 TANGENT: -1, 0, 0, 1

vb0[436]+000 POSITION: -2.02776194, 1.02727067, 1.62122142
vb0[436]+012 NORMAL: -0.000193098065, 0, -1
vb0[436]+000 COLOR: 0.854901969, 0.776470602, 0.00392156886, 0.752941191
vb0[436]+000 TEXCOORD: 0.854901969, 0.776470602, 0.00392156886, 0.752941191
vb0[436]+000 TEXCOORD1: 0.854901969, 0.776470602, 0.00392156886, 0.752941191
vb0[436]+000 TEXCOORD2: 0.854901969, 0.776470602, 0.00392156886, 0.752941191
vb0[436]+000 TEXCOORD3: 0.854901969, 0.776470602, 0.00392156886, 0.752941191
vb0[436]+024 TANGENT: -0.999999285, 0.00123004499, 0, 1

vb0[437]+000 POSITION: -2.12816477, 1.60236716, 1.66316116
vb0[437]+012 NORMAL: -0.709195554, 0, -0.705011904
vb0[437]+000 COLOR: 0.854901969, 0.200000003, 0.0313725509, 0.752941191
vb0[437]+000 TEXCOORD: 0.854901969, 0.200000003, 0.0313725509, 0.752941191
vb0[437]+000 TEXCOORD1: 0.854901969, 0.200000003, 0.0313725509, 0.752941191
vb0[437]+000 TEXCOORD2: 0.854901969, 0.200000003, 0.0313725509, 0.752941191
vb0[437]+000 TEXCOORD3: 0.854901969, 0.200000003, 0.0313725509, 0.752941191
vb0[437]+024 TANGENT: -0.705011845, 0, 0.709195614, 1

vb0[438]+000 POSITION: -2.02776194, 1.60236716, 1.62122154
vb0[438]+012 NORMAL: -0.000188873018, 1.08432994e-06, -1
vb0[438]+000 COLOR: 0.854901969, 0.776470602, 0.00392156886, 0.752941191
vb0[438]+000 TEXCOORD: 0.854901969, 0.776470602, 0.00392156886, 0.752941191
vb0[438]+000 TEXCOORD1: 0.854901969, 0.776470602, 0.00392156886, 0.752941191
vb0[438]+000 TEXCOORD2: 0.854901969, 0.776470602, 0.00392156886, 0.752941191
vb0[438]+000 TEXCOORD3: 0.854901969, 0.776470602, 0.00392156886, 0.752941191
vb0[438]+024 TANGENT: -0.999999285, 0.00121103914, 0, 1

vb0[439]+000 POSITION: -2.12816477, 1.02727127, 1.66316128
vb0[439]+012 NORMAL: -0.709195733, -1.39027719e-07, -0.705011606
vb0[439]+000 COLOR: 0.854901969, 0.200000003, 0.0313725509, 0.752941191
vb0[439]+000 TEXCOORD: 0.854901969, 0.200000003, 0.0313725509, 0.752941191
vb0[439]+000 TEXCOORD1: 0.854901969, 0.200000003, 0.0313725509, 0.752941191
vb0[439]+000 TEXCOORD2: 0.854901969, 0.200000003, 0.0313725509, 0.752941191
vb0[439]+000 TEXCOORD3: 0.854901969, 0.200000003, 0.0313725509, 0.752941191
vb0[439]+024 TANGENT: -0.705011666, 0, 0.709195793, 1

vb0[440]+000 POSITION: -2.16974092, 1.60236716, 1.76437378
vb0[440]+012 NORMAL: -1, 0, 0.000156448397
vb0[440]+000 COLOR: 0.0352941193, 0.866666675, 0.0392156877, 0.752941191
vb0[440]+000 TEXCOORD: 0.0352941193, 0.866666675, 0.0392156877, 0.752941191
vb0[440]+000 TEXCOORD1: 0.0352941193, 0.866666675, 0.0392156877, 0.752941191
vb0[440]+000 TEXCOORD2: 0.0352941193, 0.866666675, 0.0392156877, 0.752941191
vb0[440]+000 TEXCOORD3: 0.0352941193, 0.866666675, 0.0392156877, 0.752941191
vb0[440]+024 TANGENT: 0, 0, 1, 1

vb0[441]+000 POSITION: -2.16974092, 1.02727127, 1.76437378
vb0[441]+012 NORMAL: -1, -2.81566543e-07, 0.000157679227
vb0[441]+000 COLOR: 0.0352941193, 0.866666675, 0.0392156877, 0.752941191
vb0[441]+000 TEXCOORD: 0.0352941193, 0.866666675, 0.0392156877, 0.752941191
vb0[441]+000 TEXCOORD1: 0.0352941193, 0.866666675, 0.0392156877, 0.752941191
vb0[441]+000 TEXCOORD2: 0.0352941193, 0.866666675, 0.0392156877, 0.752941191
vb0[441]+000 TEXCOORD3: 0.0352941193, 0.866666675, 0.0392156877, 0.752941191
vb0[441]+024 TANGENT: 0, 0, 1, 1

vb0[442]+000 POSITION: -2.12813425, 1.60236716, 1.86557043
vb0[442]+012 NORMAL: -0.708956897, -2.81440634e-07, 0.705251753
vb0[442]+000 COLOR: 0.352941185, 0.200000003, 0.0313725509, 0.752941191
vb0[442]+000 TEXCOORD: 0.352941185, 0.200000003, 0.0313725509, 0.752941191
vb0[442]+000 TEXCOORD1: 0.352941185, 0.200000003, 0.0313725509, 0.752941191
vb0[442]+000 TEXCOORD2: 0.352941185, 0.200000003, 0.0313725509, 0.752941191
vb0[442]+000 TEXCOORD3: 0.352941185, 0.200000003, 0.0313725509, 0.752941191
vb0[442]+024 TANGENT: 0.705247581, 0.00345123792, 0.708952665, 1

vb0[443]+000 POSITION: -2.12813401, 1.02727127, 1.86557031
vb0[443]+012 NORMAL: -0.708953142, -5.63329763e-07, 0.705255628
vb0[443]+000 COLOR: 0.349019617, 0.200000003, 0.0313725509, 0.752941191
vb0[443]+000 TEXCOORD: 0.349019617, 0.200000003, 0.0313725509, 0.752941191
vb0[443]+000 TEXCOORD1: 0.349019617, 0.200000003, 0.0313725509, 0.752941191
vb0[443]+000 TEXCOORD2: 0.349019617, 0.200000003, 0.0313725509, 0.752941191
vb0[443]+000 TEXCOORD3: 0.349019617, 0.200000003, 0.0313725509, 0.752941191
vb0[443]+024 TANGENT: 0.705251575, 0.003389986, 0.708949089, 1

vb0[444]+000 POSITION: -2.02771902, 1.60236585, 1.90747201
vb0[444]+012 NORMAL: 0.000182446849, -2.6522909e-07, 1
vb0[444]+000 COLOR: 0.149019614, 0.776470602, 0.00392156886, 0.752941191
vb0[444]+000 TEXCOORD: 0.149019614, 0.776470602, 0.00392156886, 0.752941191
vb0[444]+000 TEXCOORD1: 0.149019614, 0.776470602, 0.00392156886, 0.752941191
vb0[444]+000 TEXCOORD2: 0.149019614, 0.776470602, 0.00392156886, 0.752941191
vb0[444]+000 TEXCOORD3: 0.149019614, 0.776470602, 0.00392156886, 0.752941191
vb0[444]+024 TANGENT: 0.999981165, 0.00613959413, 0, 1

vb0[445]+000 POSITION: -2.02771854, 1.02726948, 1.9074719
vb0[445]+012 NORMAL: 0.000183519413, -4.4125386e-07, 1
vb0[445]+000 COLOR: 0.141176477, 0.776470602, 0.00392156886, 0.752941191
vb0[445]+000 TEXCOORD: 0.141176477, 0.776470602, 0.00392156886, 0.752941191
vb0[445]+000 TEXCOORD1: 0.141176477, 0.776470602, 0.00392156886, 0.752941191
vb0[445]+000 TEXCOORD2: 0.141176477, 0.776470602, 0.00392156886, 0.752941191
vb0[445]+000 TEXCOORD3: 0.141176477, 0.776470602, 0.00392156886, 0.752941191
vb0[445]+024 TANGENT: 0.999981284, 0.00611402746, 0, 1

vb0[446]+000 POSITION: -1.92731452, 1.60236716, 1.86553204
vb0[446]+012 NORMAL: 0.385436505, 0, 0.92273432
vb0[446]+000 COLOR: 0.243137255, 0.698039234, 0.964705884, 0.749019623
vb0[446]+000 TEXCOORD: 0.243137255, 0.698039234, 0.964705884, 0.749019623
vb0[446]+000 TEXCOORD1: 0.243137255, 0.698039234, 0.964705884, 0.749019623
vb0[446]+000 TEXCOORD2: 0.243137255, 0.698039234, 0.964705884, 0.749019623
vb0[446]+000 TEXCOORD3: 0.243137255, 0.698039234, 0.964705884, 0.749019623
vb0[446]+024 TANGENT: 0.922720015, 0.00557989907, -0.385430574, 1

vb0[447]+000 POSITION: -1.92731512, 1.02727127, 1.86553204
vb0[447]+012 NORMAL: 0.385438025, -4.09066956e-07, 0.922733665
vb0[447]+000 COLOR: 0.262745112, 0.698039234, 0.964705884, 0.749019623
vb0[447]+000 TEXCOORD: 0.262745112, 0.698039234, 0.964705884, 0.749019623
vb0[447]+000 TEXCOORD1: 0.262745112, 0.698039234, 0.964705884, 0.749019623
vb0[447]+000 TEXCOORD2: 0.262745112, 0.698039234, 0.964705884, 0.749019623
vb0[447]+000 TEXCOORD3: 0.262745112, 0.698039234, 0.964705884, 0.749019623
vb0[447]+024 TANGENT: 0.922719061, 0.0056392476, -0.385432005, 1

vb0[448]+000 POSITION: -1.92734385, 1.02727067, 1.66312194
vb0[448]+012 NORMAL: 0.385083139, 4.49116783e-07, -0.922881901
vb0[448]+000 COLOR: 0.203921571, 0.701960802, 0.964705884, 0.749019623
vb0[448]+000 TEXCOORD: 0.203921571, 0.701960802, 0.964705884, 0.749019623
vb0[448]+000 TEXCOORD1: 0.203921571, 0.701960802, 0.964705884, 0.749019623
vb0[448]+000 TEXCOORD2: 0.203921571, 0.701960802, 0.964705884, 0.749019623
vb0[448]+000 TEXCOORD3: 0.203921571, 0.701960802, 0.964705884, 0.749019623
vb0[448]+024 TANGENT: -0.922881424, 0.00104049174, -0.38508296, 1

vb0[449]+000 POSITION: -2.02776194, 1.60236716, 1.62122154
vb0[449]+012 NORMAL: -0.000188873018, 1.08432994e-06, -1
vb0[449]+000 COLOR: 0.854901969, 0.776470602, 0.00392156886, 0.752941191
vb0[449]+000 TEXCOORD: 0.854901969, 0.776470602, 0.00392156886, 0.752941191
vb0[449]+000 TEXCOORD1: 0.854901969, 0.776470602, 0.00392156886, 0.752941191
vb0[449]+000 TEXCOORD2: 0.854901969, 0.776470602, 0.00392156886, 0.752941191
vb0[449]+000 TEXCOORD3: 0.854901969, 0.776470602, 0.00392156886, 0.752941191
vb0[449]+024 TANGENT: -0.999999404, 0.00113448582, 0, 1

vb0[450]+000 POSITION: -1.92734563, 1.60236704, 1.66312242
vb0[450]+012 NORMAL: 0.3850905, 1.96068413e-06, -0.922878742
vb0[450]+000 COLOR: 0.262745112, 0.701960802, 0.964705884, 0.749019623
vb0[450]+000 TEXCOORD: 0.262745112, 0.701960802, 0.964705884, 0.749019623
vb0[450]+000 TEXCOORD1: 0.262745112, 0.701960802, 0.964705884, 0.749019623
vb0[450]+000 TEXCOORD2: 0.262745112, 0.701960802, 0.964705884, 0.749019623
vb0[450]+000 TEXCOORD3: 0.262745112, 0.701960802, 0.964705884, 0.749019623
vb0[450]+024 TANGENT: -0.922878265, 0.00104830449, -0.385090351, 1

vb0[451]+000 POSITION: -2.02776194, 1.02727067, 1.62122142
vb0[451]+012 NORMAL: -0.000193098065, 0, -1
vb0[451]+000 COLOR: 0.854901969, 0.776470602, 0.00392156886, 0.752941191
vb0[451]+000 TEXCOORD: 0.854901969, 0.776470602, 0.00392156886, 0.752941191
vb0[451]+000 TEXCOORD1: 0.854901969, 0.776470602, 0.00392156886, 0.752941191
vb0[451]+000 TEXCOORD2: 0.854901969, 0.776470602, 0.00392156886, 0.752941191
vb0[451]+000 TEXCOORD3: 0.854901969, 0.776470602, 0.00392156886, 0.752941191
vb0[451]+024 TANGENT: -0.999999404, 0.00112637063, 0, 1

vb0[452]+000 POSITION: 1.45535839, 5.01988983, 1.8606298
vb0[452]+012 NORMAL: 0, -2.74303829e-07, 1
vb0[452]+000 COLOR: 0.184313729, 0.286274523, 0.729411781, 0.247058824
vb0[452]+000 TEXCOORD: 0.184313729, 0.286274523, 0.729411781, 0.247058824
vb0[452]+000 TEXCOORD1: 0.184313729, 0.286274523, 0.729411781, 0.247058824
vb0[452]+000 TEXCOORD2: 0.184313729, 0.286274523, 0.729411781, 0.247058824
vb0[452]+000 TEXCOORD3: 0.184313729, 0.286274523, 0.729411781, 0.247058824
vb0[452]+024 TANGENT: 0, 1, 0, 1

vb0[453]+000 POSITION: 1.43741035, 5.36283875, 1.86063004
vb0[453]+012 NORMAL: -1.19672862e-07, -4.51191994e-07, 1
vb0[453]+000 COLOR: 0.0627451017, 0.992156863, 0.717647076, 0.247058824
vb0[453]+000 TEXCOORD: 0.0627451017, 0.992156863, 0.717647076, 0.247058824
vb0[453]+000 TEXCOORD1: 0.0627451017, 0.992156863, 0.717647076, 0.247058824
vb0[453]+000 TEXCOORD2: 0.0627451017, 0.992156863, 0.717647076, 0.247058824
vb0[453]+000 TEXCOORD3: 0.0627451017, 0.992156863, 0.717647076, 0.247058824
vb0[453]+024 TANGENT: 0, 1, 0, 1

vb0[454]+000 POSITION: 0.77811569, 5.87589645, 1.86063015
vb0[454]+012 NORMAL: 0, -3.65679057e-07, 1
vb0[454]+000 COLOR: 0.592156887, 0.196078435, 0.278431386, 0.247058824
vb0[454]+000 TEXCOORD: 0.592156887, 0.196078435, 0.278431386, 0.247058824
vb0[454]+000 TEXCOORD1: 0.592156887, 0.196078435, 0.278431386, 0.247058824
vb0[454]+000 TEXCOORD2: 0.592156887, 0.196078435, 0.278431386, 0.247058824
vb0[454]+000 TEXCOORD3: 0.592156887, 0.196078435, 0.278431386, 0.247058824
vb0[454]+024 TANGENT: 0, 1, 0, 1

vb0[455]+000 POSITION: 0.0626641065, 5.87589693, 1.86063015
vb0[455]+012 NORMAL: 0, -2.93421778e-07, 1
vb0[455]+000 COLOR: 0.0392156877, 0.337254912, 0.501960814, 0.239215687
vb0[455]+000 TEXCOORD: 0.0392156877, 0.337254912, 0.501960814, 0.239215687
vb0[455]+000 TEXCOORD1: 0.0392156877, 0.337254912, 0.501960814, 0.239215687
vb0[455]+000 TEXCOORD2: 0.0392156877, 0.337254912, 0.501960814, 0.239215687
vb0[455]+000 TEXCOORD3: 0.0392156877, 0.337254912, 0.501960814, 0.239215687
vb0[455]+024 TANGENT: 0, 1, 0, 1

vb0[456]+000 POSITION: 0.0626641065, 1.16863406, 1.86062896
vb0[456]+012 NORMAL: 0, -2.24402825e-07, 1
vb0[456]+000 COLOR: 0.0392156877, 0.337254912, 0.501960814, 0.239215687
vb0[456]+000 TEXCOORD: 0.0392156877, 0.337254912, 0.501960814, 0.239215687
vb0[456]+000 TEXCOORD1: 0.0392156877, 0.337254912, 0.501960814, 0.239215687
vb0[456]+000 TEXCOORD2: 0.0392156877, 0.337254912, 0.501960814, 0.239215687
vb0[456]+000 TEXCOORD3: 0.0392156877, 0.337254912, 0.501960814, 0.239215687
vb0[456]+024 TANGENT: 0, 1, 0, 1

vb0[457]+000 POSITION: 1.79547071, 4.76146984, 1.8606298
vb0[457]+012 NORMAL: 0, -2.10033392e-07, 1
vb0[457]+000 COLOR: 0.988235295, 0.819607854, 0.898039222, 0.247058824
vb0[457]+000 TEXCOORD: 0.988235295, 0.819607854, 0.898039222, 0.247058824
vb0[457]+000 TEXCOORD1: 0.988235295, 0.819607854, 0.898039222, 0.247058824
vb0[457]+000 TEXCOORD2: 0.988235295, 0.819607854, 0.898039222, 0.247058824
vb0[457]+000 TEXCOORD3: 0.988235295, 0.819607854, 0.898039222, 0.247058824
vb0[457]+024 TANGENT: 0, 1, 0, 1

vb0[458]+000 POSITION: 1.79563153, 1.73839617, 1.86062896
vb0[458]+012 NORMAL: 0, -2.60142627e-07, 1
vb0[458]+000 COLOR: 0.254901975, 0.843137264, 0.898039222, 0.247058824
vb0[458]+000 TEXCOORD: 0.254901975, 0.843137264, 0.898039222, 0.247058824
vb0[458]+000 TEXCOORD1: 0.254901975, 0.843137264, 0.898039222, 0.247058824
vb0[458]+000 TEXCOORD2: 0.254901975, 0.843137264, 0.898039222, 0.247058824
vb0[458]+000 TEXCOORD3: 0.254901975, 0.843137264, 0.898039222, 0.247058824
vb0[458]+024 TANGENT: 0, 1, 0, 1

vb0[459]+000 POSITION: 1.01022935, 1.1686343, 1.86062896
vb0[459]+012 NORMAL: 0, 0, 1
vb0[459]+000 COLOR: 0.196078435, 0.309803933, 0.505882382, 0.247058824
vb0[459]+000 TEXCOORD: 0.196078435, 0.309803933, 0.505882382, 0.247058824
vb0[459]+000 TEXCOORD1: 0.196078435, 0.309803933, 0.505882382, 0.247058824
vb0[459]+000 TEXCOORD2: 0.196078435, 0.309803933, 0.505882382, 0.247058824
vb0[459]+000 TEXCOORD3: 0.196078435, 0.309803933, 0.505882382, 0.247058824
vb0[459]+024 TANGENT: 0, 1, 0, 1

vb0[460]+000 POSITION: 1.93108106, 5.87685633, 1.89554703
vb0[460]+012 NORMAL: 1.54056409e-07, -1.34058752e-07, 1
vb0[460]+000 COLOR: 0.666666687, 0.176470593, 0.968627453, 0.247058824
vb0[460]+000 TEXCOORD: 0.666666687, 0.176470593, 0.968627453, 0.247058824
vb0[460]+000 TEXCOORD1: 0.666666687, 0.176470593, 0.968627453, 0.247058824
vb0[460]+000 TEXCOORD2: 0.666666687, 0.176470593, 0.968627453, 0.247058824
vb0[460]+000 TEXCOORD3: 0.666666687, 0.176470593, 0.968627453, 0.247058824
vb0[460]+024 TANGENT: -0.00178208947, 0.99999845, 0, 1

vb0[461]+000 POSITION: 1.74785292, 4.77242184, 1.89554727
vb0[461]+012 NORMAL: 2.65199731e-07, 1.07286617e-07, 1
vb0[461]+000 COLOR: 0.647058845, 0.725490212, 0.874509811, 0.247058824
vb0[461]+000 TEXCOORD: 0.647058845, 0.725490212, 0.874509811, 0.247058824
vb0[461]+000 TEXCOORD1: 0.647058845, 0.725490212, 0.874509811, 0.247058824
vb0[461]+000 TEXCOORD2: 0.647058845, 0.725490212, 0.874509811, 0.247058824
vb0[461]+000 TEXCOORD3: 0.647058845, 0.725490212, 0.874509811, 0.247058824
vb0[461]+024 TANGENT: 0.00539066829, 0.999985456, 0, 1

vb0[462]+000 POSITION: 1.74785531, 3.63518333, 1.89554739
vb0[462]+012 NORMAL: 4.00753288e-06, 0, 1
vb0[462]+000 COLOR: 0.725490212, 0.725490212, 0.874509811, 0.247058824
vb0[462]+000 TEXCOORD: 0.725490212, 0.725490212, 0.874509811, 0.247058824
vb0[462]+000 TEXCOORD1: 0.725490212, 0.725490212, 0.874509811, 0.247058824
vb0[462]+000 TEXCOORD2: 0.725490212, 0.725490212, 0.874509811, 0.247058824
vb0[462]+000 TEXCOORD3: 0.725490212, 0.725490212, 0.874509811, 0.247058824
vb0[462]+024 TANGENT: 0, 1, 0, 1

vb0[463]+000 POSITION: 1.43404853, 5.36892223, 1.89554679
vb0[463]+012 NORMAL: -4.94282062e-07, -1.09667226e-07, 1
vb0[463]+000 COLOR: 0.905882359, 0.556862772, 0.717647076, 0.247058824
vb0[463]+000 TEXCOORD: 0.905882359, 0.556862772, 0.717647076, 0.247058824
vb0[463]+000 TEXCOORD1: 0.905882359, 0.556862772, 0.717647076, 0.247058824
vb0[463]+000 TEXCOORD2: 0.905882359, 0.556862772, 0.717647076, 0.247058824
vb0[463]+000 TEXCOORD3: 0.905882359, 0.556862772, 0.717647076, 0.247058824
vb0[463]+024 TANGENT: 0.00432969537, 0.999990702, 0, 1

vb0[464]+000 POSITION: 0.785482645, 5.87660265, 1.89554727
vb0[464]+012 NORMAL: 2.66514235e-07, -5.61202455e-07, 1
vb0[464]+000 COLOR: 0.392156869, 0.0823529437, 0.286274523, 0.247058824
vb0[464]+000 TEXCOORD: 0.392156869, 0.0823529437, 0.286274523, 0.247058824
vb0[464]+000 TEXCOORD1: 0.392156869, 0.0823529437, 0.286274523, 0.247058824
vb0[464]+000 TEXCOORD2: 0.392156869, 0.0823529437, 0.286274523, 0.247058824
vb0[464]+000 TEXCOORD3: 0.392156869, 0.0823529437, 0.286274523, 0.247058824
vb0[464]+024 TANGENT: -0.00363501906, 0.999993443, 0, 1

vb0[465]+000 POSITION: 1.45064223, 5.01109886, 1.89554667
vb0[465]+012 NORMAL: -2.4887313e-06, -5.41845793e-07, 1
vb0[465]+000 COLOR: 0.647058845, 0.68235296, 0.725490212, 0.247058824
vb0[465]+000 TEXCOORD: 0.647058845, 0.68235296, 0.725490212, 0.247058824
vb0[465]+000 TEXCOORD1: 0.647058845, 0.68235296, 0.725490212, 0.247058824
vb0[465]+000 TEXCOORD2: 0.647058845, 0.68235296, 0.725490212, 0.247058824
vb0[465]+000 TEXCOORD3: 0.647058845, 0.68235296, 0.725490212, 0.247058824
vb0[465]+024 TANGENT: 0.0528338067, 0.998603284, 0, 1

vb0[466]+000 POSITION: 1.93116832, 1.02028298, 1.89554608
vb0[466]+012 NORMAL: 3.62028277e-06, -2.36301912e-06, 1
vb0[466]+000 COLOR: 0.525490224, 0.188235298, 0.968627453, 0.247058824
vb0[466]+000 TEXCOORD: 0.525490224, 0.188235298, 0.968627453, 0.247058824
vb0[466]+000 TEXCOORD1: 0.525490224, 0.188235298, 0.968627453, 0.247058824
vb0[466]+000 TEXCOORD2: 0.525490224, 0.188235298, 0.968627453, 0.247058824
vb0[466]+000 TEXCOORD3: 0.525490224, 0.188235298, 0.968627453, 0.247058824
vb0[466]+024 TANGENT: 0, 1, 0, 1

vb0[467]+000 POSITION: 1.74785531, 2.99906635, 1.89554787
vb0[467]+012 NORMAL: 1.46057891e-05, 7.13923896e-07, 1
vb0[467]+000 COLOR: 0.725490212, 0.725490212, 0.874509811, 0.247058824
vb0[467]+000 TEXCOORD: 0.725490212, 0.725490212, 0.874509811, 0.247058824
vb0[467]+000 TEXCOORD1: 0.725490212, 0.725490212, 0.874509811, 0.247058824
vb0[467]+000 TEXCOORD2: 0.725490212, 0.725490212, 0.874509811, 0.247058824
vb0[467]+000 TEXCOORD3: 0.725490212, 0.725490212, 0.874509811, 0.247058824
vb0[467]+024 TANGENT: 0, 1, 0, 1

vb0[468]+000 POSITION: 1.52267039, 3.31541586, 1.89554739
vb0[468]+012 NORMAL: -1.02187869e-06, 7.19621994e-07, 1
vb0[468]+000 COLOR: 0.866666675, 0.90196079, 0.760784328, 0.247058824
vb0[468]+000 TEXCOORD: 0.866666675, 0.90196079, 0.760784328, 0.247058824
vb0[468]+000 TEXCOORD1: 0.866666675, 0.90196079, 0.760784328, 0.247058824
vb0[468]+000 TEXCOORD2: 0.866666675, 0.90196079, 0.760784328, 0.247058824
vb0[468]+000 TEXCOORD3: 0.866666675, 0.90196079, 0.760784328, 0.247058824
vb0[468]+024 TANGENT: 0, 1, 0, 1

vb0[469]+000 POSITION: 1.74785531, 1.74751985, 1.89554846
vb0[469]+012 NORMAL: 1.14937593e-05, -4.59893101e-07, 1
vb0[469]+000 COLOR: 0.725490212, 0.725490212, 0.874509811, 0.247058824
vb0[469]+000 TEXCOORD: 0.725490212, 0.725490212, 0.874509811, 0.247058824
vb0[469]+000 TEXCOORD1: 0.725490212, 0.725490212, 0.874509811, 0.247058824
vb0[469]+000 TEXCOORD2: 0.725490212, 0.725490212, 0.874509811, 0.247058824
vb0[469]+000 TEXCOORD3: 0.725490212, 0.725490212, 0.874509811, 0.247058824
vb0[469]+024 TANGENT: 0, 1, 0, 1

vb0[470]+000 POSITION: 0.841649294, 1.02029276, 1.89554822
vb0[470]+012 NORMAL: 1.96068413e-06, -2.862874e-06, 1
vb0[470]+000 COLOR: 0.329411775, 0.4627451, 0.34117648, 0.247058824
vb0[470]+000 TEXCOORD: 0.329411775, 0.4627451, 0.34117648, 0.247058824
vb0[470]+000 TEXCOORD1: 0.329411775, 0.4627451, 0.34117648, 0.247058824
vb0[470]+000 TEXCOORD2: 0.329411775, 0.4627451, 0.34117648, 0.247058824
vb0[470]+000 TEXCOORD3: 0.329411775, 0.4627451, 0.34117648, 0.247058824
vb0[470]+024 TANGENT: 0, 1, 0, 1

vb0[471]+000 POSITION: 1.45064223, 5.01109886, 1.89554667
vb0[471]+012 NORMAL: -0.513235867, -0.638531983, 0.573468268
vb0[471]+000 COLOR: 0.647058845, 0.68235296, 0.725490212, 0.247058824
vb0[471]+000 TEXCOORD: 0.647058845, 0.68235296, 0.725490212, 0.247058824
vb0[471]+000 TEXCOORD1: 0.647058845, 0.68235296, 0.725490212, 0.247058824
vb0[471]+000 TEXCOORD2: 0.647058845, 0.68235296, 0.725490212, 0.247058824
vb0[471]+000 TEXCOORD3: 0.647058845, 0.68235296, 0.725490212, 0.247058824
vb0[471]+024 TANGENT: -0.280238569, 0.756242692, 0.591238737, 1

vb0[472]+000 POSITION: 1.69335699, 4.73733091, 1.80794036
vb0[472]+012 NORMAL: -0.51266396, -0.638278663, 0.574261248
vb0[472]+000 COLOR: 0.925490201, 0.749019623, 0.847058833, 0.247058824
vb0[472]+000 TEXCOORD: 0.925490201, 0.749019623, 0.847058833, 0.247058824
vb0[472]+000 TEXCOORD1: 0.925490201, 0.749019623, 0.847058833, 0.247058824
vb0[472]+000 TEXCOORD2: 0.925490201, 0.749019623, 0.847058833, 0.247058824
vb0[472]+000 TEXCOORD3: 0.925490201, 0.749019623, 0.847058833, 0.247058824
vb0[472]+024 TANGENT: -0.303727001, 0.760415494, 0.574036777, 1

vb0[473]+000 POSITION: 1.74785292, 4.77242184, 1.89554727
vb0[473]+012 NORMAL: -0.512525141, -0.638217151, 0.574453592
vb0[473]+000 COLOR: 0.647058845, 0.725490212, 0.874509811, 0.247058824
vb0[473]+000 TEXCOORD: 0.647058845, 0.725490212, 0.874509811, 0.247058824
vb0[473]+000 TEXCOORD1: 0.647058845, 0.725490212, 0.874509811, 0.247058824
vb0[473]+000 TEXCOORD2: 0.647058845, 0.725490212, 0.874509811, 0.247058824
vb0[473]+000 TEXCOORD3: 0.647058845, 0.725490212, 0.874509811, 0.247058824
vb0[473]+024 TANGENT: -0.309389412, 0.761323571, 0.569793463, 1

vb0[474]+000 POSITION: 1.39388072, 4.97808361, 1.80793977
vb0[474]+012 NORMAL: -0.51337254, -0.638592482, 0.573278546
vb0[474]+000 COLOR: 0.686274529, 0.41568628, 0.698039234, 0.247058824
vb0[474]+000 TEXCOORD: 0.686274529, 0.41568628, 0.698039234, 0.247058824
vb0[474]+000 TEXCOORD1: 0.686274529, 0.41568628, 0.698039234, 0.247058824
vb0[474]+000 TEXCOORD2: 0.686274529, 0.41568628, 0.698039234, 0.247058824
vb0[474]+000 TEXCOORD3: 0.686274529, 0.41568628, 0.698039234, 0.247058824
vb0[474]+024 TANGENT: -0.274592131, 0.755143464, 0.595279276, 1

vb0[475]+000 POSITION: 1.45064223, 5.01109886, 1.89554667
vb0[475]+012 NORMAL: -0.835794628, -0.0320577919, 0.548105478
vb0[475]+000 COLOR: 0.647058845, 0.68235296, 0.725490212, 0.247058824
vb0[475]+000 TEXCOORD: 0.647058845, 0.68235296, 0.725490212, 0.247058824
vb0[475]+000 TEXCOORD1: 0.647058845, 0.68235296, 0.725490212, 0.247058824
vb0[475]+000 TEXCOORD2: 0.647058845, 0.68235296, 0.725490212, 0.247058824
vb0[475]+000 TEXCOORD3: 0.647058845, 0.68235296, 0.725490212, 0.247058824
vb0[475]+024 TANGENT: 0.0175932925, 0.996217549, 0.0850947723, 1

vb0[476]+000 POSITION: 1.38075757, 5.33524847, 1.80794001
vb0[476]+012 NORMAL: -0.844731092, -0.0378367119, 0.533851862
vb0[476]+000 COLOR: 0.666666687, 0.737254918, 0.690196097, 0.247058824
vb0[476]+000 TEXCOORD: 0.666666687, 0.737254918, 0.690196097, 0.247058824
vb0[476]+000 TEXCOORD1: 0.666666687, 0.737254918, 0.690196097, 0.247058824
vb0[476]+000 TEXCOORD2: 0.666666687, 0.737254918, 0.690196097, 0.247058824
vb0[476]+000 TEXCOORD3: 0.666666687, 0.737254918, 0.690196097, 0.247058824
vb0[476]+024 TANGENT: 0.00806418993, 0.996484637, 0.083386004, 1

vb0[477]+000 POSITION: 1.39388072, 4.97808361, 1.80793977
vb0[477]+012 NORMAL: -0.833543777, -0.0306270383, 0.551603794
vb0[477]+000 COLOR: 0.686274529, 0.41568628, 0.698039234, 0.247058824
vb0[477]+000 TEXCOORD: 0.686274529, 0.41568628, 0.698039234, 0.247058824
vb0[477]+000 TEXCOORD1: 0.686274529, 0.41568628, 0.698039234, 0.247058824
vb0[477]+000 TEXCOORD2: 0.686274529, 0.41568628, 0.698039234, 0.247058824
vb0[477]+000 TEXCOORD3: 0.686274529, 0.41568628, 0.698039234, 0.247058824
vb0[477]+024 TANGENT: 0.0199773014, 0.996138155, 0.0854974389, 1

vb0[478]+000 POSITION: 1.43404853, 5.36892223, 1.89554679
vb0[478]+012 NORMAL: -0.846916437, -0.0392749794, 0.530273557
vb0[478]+000 COLOR: 0.905882359, 0.556862772, 0.717647076, 0.247058824
vb0[478]+000 TEXCOORD: 0.905882359, 0.556862772, 0.717647076, 0.247058824
vb0[478]+000 TEXCOORD1: 0.905882359, 0.556862772, 0.717647076, 0.247058824
vb0[478]+000 TEXCOORD2: 0.905882359, 0.556862772, 0.717647076, 0.247058824
vb0[478]+000 TEXCOORD3: 0.905882359, 0.556862772, 0.717647076, 0.247058824
vb0[478]+024 TANGENT: 0.00571797462, 0.996538043, 0.0829414427, 1

vb0[479]+000 POSITION: 1.38075757, 5.33524847, 1.80794001
vb0[479]+012 NORMAL: -0.51295507, -0.654023528, 0.555994749
vb0[479]+000 COLOR: 0.666666687, 0.737254918, 0.690196097, 0.247058824
vb0[479]+000 TEXCOORD: 0.666666687, 0.737254918, 0.690196097, 0.247058824
vb0[479]+000 TEXCOORD1: 0.666666687, 0.737254918, 0.690196097, 0.247058824
vb0[479]+000 TEXCOORD2: 0.666666687, 0.737254918, 0.690196097, 0.247058824
vb0[479]+000 TEXCOORD3: 0.666666687, 0.737254918, 0.690196097, 0.247058824
vb0[479]+024 TANGENT: -0.275418669, 0.738848567, 0.615018249, 1

vb0[480]+000 POSITION: 0.785482645, 5.87660265, 1.89554727
vb0[480]+012 NORMAL: -0.543807328, -0.678005517, 0.494552404
vb0[480]+000 COLOR: 0.392156869, 0.0823529437, 0.286274523, 0.247058824
vb0[480]+000 TEXCOORD: 0.392156869, 0.0823529437, 0.286274523, 0.247058824
vb0[480]+000 TEXCOORD1: 0.392156869, 0.0823529437, 0.286274523, 0.247058824
vb0[480]+000 TEXCOORD2: 0.392156869, 0.0823529437, 0.286274523, 0.247058824
vb0[480]+000 TEXCOORD3: 0.392156869, 0.0823529437, 0.286274523, 0.247058824
vb0[480]+024 TANGENT: -0.265850842, 0.698135257, 0.66477859, 1

vb0[481]+000 POSITION: 0.748222172, 5.84358883, 1.80794048
vb0[481]+012 NORMAL: -0.546524882, -0.680049419, 0.488716006
vb0[481]+000 COLOR: 0.490196079, 0.545098066, 0.247058824, 0.247058824
vb0[481]+000 TEXCOORD: 0.490196079, 0.545098066, 0.247058824, 0.247058824
vb0[481]+000 TEXCOORD1: 0.490196079, 0.545098066, 0.247058824, 0.247058824
vb0[481]+000 TEXCOORD2: 0.490196079, 0.545098066, 0.247058824, 0.247058824
vb0[481]+000 TEXCOORD3: 0.490196079, 0.545098066, 0.247058824, 0.247058824
vb0[481]+024 TANGENT: -0.265043795, 0.694044113, 0.669368804, 1

vb0[482]+000 POSITION: 1.43404853, 5.36892223, 1.89554679
vb0[482]+012 NORMAL: -0.510272384, -0.651877463, 0.560961664
vb0[482]+000 COLOR: 0.905882359, 0.556862772, 0.717647076, 0.247058824
vb0[482]+000 TEXCOORD: 0.905882359, 0.556862772, 0.717647076, 0.247058824
vb0[482]+000 TEXCOORD1: 0.905882359, 0.556862772, 0.717647076, 0.247058824
vb0[482]+000 TEXCOORD2: 0.905882359, 0.556862772, 0.717647076, 0.247058824
vb0[482]+000 TEXCOORD3: 0.905882359, 0.556862772, 0.717647076, 0.247058824
vb0[482]+024 TANGENT: -0.276264131, 0.741947174, 0.610894918, 1

vb0[483]+000 POSITION: 1.74785292, 4.77242184, 1.89554727
vb0[483]+012 NORMAL: -0.849121988, -1.3322508e-06, 0.528196692
vb0[483]+000 COLOR: 0.647058845, 0.725490212, 0.874509811, 0.247058824
vb0[483]+000 TEXCOORD: 0.647058845, 0.725490212, 0.874509811, 0.247058824
vb0[483]+000 TEXCOORD1: 0.647058845, 0.725490212, 0.874509811, 0.247058824
vb0[483]+000 TEXCOORD2: 0.647058845, 0.725490212, 0.874509811, 0.247058824
vb0[483]+000 TEXCOORD3: 0.647058845, 0.725490212, 0.874509811, 0.247058824
vb0[483]+024 TANGENT: 0, 1, 0, 1

vb0[484]+000 POSITION: 1.6933589, 3.66399455, 1.8079406
vb0[484]+012 NORMAL: -0.849119782, -1.72916259e-06, 0.528200328
vb0[484]+000 COLOR: 0.988235295, 0.749019623, 0.847058833, 0.247058824
vb0[484]+000 TEXCOORD: 0.988235295, 0.749019623, 0.847058833, 0.247058824
vb0[484]+000 TEXCOORD1: 0.988235295, 0.749019623, 0.847058833, 0.247058824
vb0[484]+000 TEXCOORD2: 0.988235295, 0.749019623, 0.847058833, 0.247058824
vb0[484]+000 TEXCOORD3: 0.988235295, 0.749019623, 0.847058833, 0.247058824
vb0[484]+024 TANGENT: 0, 1, 0, 1

vb0[485]+000 POSITION: 1.74785531, 3.63518333, 1.89554739
vb0[485]+012 NORMAL: -0.849119604, -1.75200603e-06, 0.528200507
vb0[485]+000 COLOR: 0.725490212, 0.725490212, 0.874509811, 0.247058824
vb0[485]+000 TEXCOORD: 0.725490212, 0.725490212, 0.874509811, 0.247058824
vb0[485]+000 TEXCOORD1: 0.725490212, 0.725490212, 0.874509811, 0.247058824
vb0[485]+000 TEXCOORD2: 0.725490212, 0.725490212, 0.874509811, 0.247058824
vb0[485]+000 TEXCOORD3: 0.725490212, 0.725490212, 0.874509811, 0.247058824
vb0[485]+024 TANGENT: 0, 1, 0, 1

vb0[486]+000 POSITION: 1.69335699, 4.73733091, 1.80794036
vb0[486]+012 NORMAL: -0.849122286, -1.29837815e-06, 0.528196454
vb0[486]+000 COLOR: 0.925490201, 0.749019623, 0.847058833, 0.247058824
vb0[486]+000 TEXCOORD: 0.925490201, 0.749019623, 0.847058833, 0.247058824
vb0[486]+000 TEXCOORD1: 0.925490201, 0.749019623, 0.847058833, 0.247058824
vb0[486]+000 TEXCOORD2: 0.925490201, 0.749019623, 0.847058833, 0.247058824
vb0[486]+000 TEXCOORD3: 0.925490201, 0.749019623, 0.847058833, 0.247058824
vb0[486]+024 TANGENT: 0, 1, 0, 1

vb0[487]+000 POSITION: 1.52267039, 3.31541586, 1.89554739
vb0[487]+012 NORMAL: -0.692378402, 0.475441456, 0.542740822
vb0[487]+000 COLOR: 0.866666675, 0.90196079, 0.760784328, 0.247058824
vb0[487]+000 TEXCOORD: 0.866666675, 0.90196079, 0.760784328, 0.247058824
vb0[487]+000 TEXCOORD1: 0.866666675, 0.90196079, 0.760784328, 0.247058824
vb0[487]+000 TEXCOORD2: 0.866666675, 0.90196079, 0.760784328, 0.247058824
vb0[487]+000 TEXCOORD3: 0.866666675, 0.90196079, 0.760784328, 0.247058824
vb0[487]+024 TANGENT: 0.214542627, 0.853838325, -0.474269599, 1

vb0[488]+000 POSITION: 1.6933589, 3.66399455, 1.8079406
vb0[488]+012 NORMAL: -0.674645722, 0.472813517, 0.566833854
vb0[488]+000 COLOR: 0.988235295, 0.749019623, 0.847058833, 0.247058824
vb0[488]+000 TEXCOORD: 0.988235295, 0.749019623, 0.847058833, 0.247058824
vb0[488]+000 TEXCOORD1: 0.988235295, 0.749019623, 0.847058833, 0.247058824
vb0[488]+000 TEXCOORD2: 0.988235295, 0.749019623, 0.847058833, 0.247058824
vb0[488]+000 TEXCOORD3: 0.988235295, 0.749019623, 0.847058833, 0.247058824
vb0[488]+024 TANGENT: 0.217997253, 0.861292005, -0.458969742, 1

vb0[489]+000 POSITION: 1.45496225, 3.31541586, 1.8079406
vb0[489]+012 NORMAL: -0.695880294, 0.475919634, 0.537820637
vb0[489]+000 COLOR: 0.203921571, 0.235294119, 0.729411781, 0.247058824
vb0[489]+000 TEXCOORD: 0.203921571, 0.235294119, 0.729411781, 0.247058824
vb0[489]+000 TEXCOORD1: 0.203921571, 0.235294119, 0.729411781, 0.247058824
vb0[489]+000 TEXCOORD2: 0.203921571, 0.235294119, 0.729411781, 0.247058824
vb0[489]+000 TEXCOORD3: 0.203921571, 0.235294119, 0.729411781, 0.247058824
vb0[489]+024 TANGENT: 0.213908419, 0.852256298, -0.477391183, 1

vb0[490]+000 POSITION: 1.74785531, 3.63518333, 1.89554739
vb0[490]+012 NORMAL: -0.670455456, 0.472144574, 0.572336376
vb0[490]+000 COLOR: 0.725490212, 0.725490212, 0.874509811, 0.247058824
vb0[490]+000 TEXCOORD: 0.725490212, 0.725490212, 0.874509811, 0.247058824
vb0[490]+000 TEXCOORD1: 0.725490212, 0.725490212, 0.874509811, 0.247058824
vb0[490]+000 TEXCOORD2: 0.725490212, 0.725490212, 0.874509811, 0.247058824
vb0[490]+000 TEXCOORD3: 0.725490212, 0.725490212, 0.874509811, 0.247058824
vb0[490]+024 TANGENT: 0.218864292, 0.862924457, -0.455477536, 1

vb0[491]+000 POSITION: 1.74785531, 1.74751985, 1.89554846
vb0[491]+012 NORMAL: -0.849122286, -2.6501823e-07, 0.528196275
vb0[491]+000 COLOR: 0.725490212, 0.725490212, 0.874509811, 0.247058824
vb0[491]+000 TEXCOORD: 0.725490212, 0.725490212, 0.874509811, 0.247058824
vb0[491]+000 TEXCOORD1: 0.725490212, 0.725490212, 0.874509811, 0.247058824
vb0[491]+000 TEXCOORD2: 0.725490212, 0.725490212, 0.874509811, 0.247058824
vb0[491]+000 TEXCOORD3: 0.725490212, 0.725490212, 0.874509811, 0.247058824
vb0[491]+024 TANGENT: 0, 1, 0, 1

vb0[492]+000 POSITION: 1.6933589, 2.96040678, 1.8079412
vb0[492]+012 NORMAL: -0.849119186, 2.32998218e-07, 0.528201282
vb0[492]+000 COLOR: 0.988235295, 0.749019623, 0.847058833, 0.247058824
vb0[492]+000 TEXCOORD: 0.988235295, 0.749019623, 0.847058833, 0.247058824
vb0[492]+000 TEXCOORD1: 0.988235295, 0.749019623, 0.847058833, 0.247058824
vb0[492]+000 TEXCOORD2: 0.988235295, 0.749019623, 0.847058833, 0.247058824
vb0[492]+000 TEXCOORD3: 0.988235295, 0.749019623, 0.847058833, 0.247058824
vb0[492]+024 TANGENT: 0, 1, 0, 1

vb0[493]+000 POSITION: 1.69335949, 1.77633071, 1.80794156
vb0[493]+012 NORMAL: -0.849122465, -3.01560533e-07, 0.528196037
vb0[493]+000 COLOR: 0.00392156886, 0.752941191, 0.847058833, 0.247058824
vb0[493]+000 TEXCOORD: 0.00392156886, 0.752941191, 0.847058833, 0.247058824
vb0[493]+000 TEXCOORD1: 0.00392156886, 0.752941191, 0.847058833, 0.247058824
vb0[493]+000 TEXCOORD2: 0.00392156886, 0.752941191, 0.847058833, 0.247058824
vb0[493]+000 TEXCOORD3: 0.00392156886, 0.752941191, 0.847058833, 0.247058824
vb0[493]+024 TANGENT: 0, 1, 0, 1

vb0[494]+000 POSITION: 1.74785531, 2.99906635, 1.89554787
vb0[494]+012 NORMAL: -0.849119067, 2.57592177e-07, 0.52820152
vb0[494]+000 COLOR: 0.725490212, 0.725490212, 0.874509811, 0.247058824
vb0[494]+000 TEXCOORD: 0.725490212, 0.725490212, 0.874509811, 0.247058824
vb0[494]+000 TEXCOORD1: 0.725490212, 0.725490212, 0.874509811, 0.247058824
vb0[494]+000 TEXCOORD2: 0.725490212, 0.725490212, 0.874509811, 0.247058824
vb0[494]+000 TEXCOORD3: 0.725490212, 0.725490212, 0.874509811, 0.247058824
vb0[494]+024 TANGENT: 0, 1, 0, 1

vb0[495]+000 POSITION: 1.52267039, 3.31541586, 1.89554739
vb0[495]+012 NORMAL: -0.691743076, -0.46825403, 0.549754202
vb0[495]+000 COLOR: 0.866666675, 0.90196079, 0.760784328, 0.247058824
vb0[495]+000 TEXCOORD: 0.866666675, 0.90196079, 0.760784328, 0.247058824
vb0[495]+000 TEXCOORD1: 0.866666675, 0.90196079, 0.760784328, 0.247058824
vb0[495]+000 TEXCOORD2: 0.866666675, 0.90196079, 0.760784328, 0.247058824
vb0[495]+000 TEXCOORD3: 0.866666675, 0.90196079, 0.760784328, 0.247058824
vb0[495]+024 TANGENT: -0.216004983, 0.860593021, 0.461217344, 1

vb0[496]+000 POSITION: 1.6933589, 2.96040678, 1.8079412
vb0[496]+012 NORMAL: -0.656645536, -0.462691247, 0.595595062
vb0[496]+000 COLOR: 0.988235295, 0.749019623, 0.847058833, 0.247058824
vb0[496]+000 TEXCOORD: 0.988235295, 0.749019623, 0.847058833, 0.247058824
vb0[496]+000 TEXCOORD1: 0.988235295, 0.749019623, 0.847058833, 0.247058824
vb0[496]+000 TEXCOORD2: 0.988235295, 0.749019623, 0.847058833, 0.247058824
vb0[496]+000 TEXCOORD3: 0.988235295, 0.749019623, 0.847058833, 0.247058824
vb0[496]+024 TANGENT: -0.215906709, 0.871977568, 0.439362615, 1

vb0[497]+000 POSITION: 1.74785531, 2.99906635, 1.89554787
vb0[497]+012 NORMAL: -0.647779822, -0.461103827, 0.606435955
vb0[497]+000 COLOR: 0.725490212, 0.725490212, 0.874509811, 0.247058824
vb0[497]+000 TEXCOORD: 0.725490212, 0.725490212, 0.874509811, 0.247058824
vb0[497]+000 TEXCOORD1: 0.725490212, 0.725490212, 0.874509811, 0.247058824
vb0[497]+000 TEXCOORD2: 0.725490212, 0.725490212, 0.874509811, 0.247058824
vb0[497]+000 TEXCOORD3: 0.725490212, 0.725490212, 0.874509811, 0.247058824
vb0[497]+024 TANGENT: -0.216038719, 0.874534369, 0.434185296, 1

vb0[498]+000 POSITION: 1.45496225, 3.31541586, 1.8079406
vb0[498]+012 NORMAL: -0.698727012, -0.469209909, 0.540020823
vb0[498]+000 COLOR: 0.203921571, 0.235294119, 0.729411781, 0.247058824
vb0[498]+000 TEXCOORD: 0.203921571, 0.235294119, 0.729411781, 0.247058824
vb0[498]+000 TEXCOORD1: 0.203921571, 0.235294119, 0.729411781, 0.247058824
vb0[498]+000 TEXCOORD2: 0.203921571, 0.235294119, 0.729411781, 0.247058824
vb0[498]+000 TEXCOORD3: 0.203921571, 0.235294119, 0.729411781, 0.247058824
vb0[498]+024 TANGENT: -0.216179296, 0.858059347, 0.465833217, 1

vb0[499]+000 POSITION: 0.841649294, 1.02029276, 1.89554822
vb0[499]+012 NORMAL: -0.52009064, 0.650096595, 0.553967655
vb0[499]+000 COLOR: 0.329411775, 0.4627451, 0.34117648, 0.247058824
vb0[499]+000 TEXCOORD: 0.329411775, 0.4627451, 0.34117648, 0.247058824
vb0[499]+000 TEXCOORD1: 0.329411775, 0.4627451, 0.34117648, 0.247058824
vb0[499]+000 TEXCOORD2: 0.329411775, 0.4627451, 0.34117648, 0.247058824
vb0[499]+000 TEXCOORD3: 0.329411775, 0.4627451, 0.34117648, 0.247058824
vb0[499]+024 TANGENT: 0.224318713, 0.729787886, -0.645825684, 1

vb0[500]+000 POSITION: 1.69335949, 1.77633071, 1.80794156
vb0[500]+012 NORMAL: -0.525464654, 0.654895782, 0.54313755
vb0[500]+000 COLOR: 0.00392156886, 0.752941191, 0.847058833, 0.247058824
vb0[500]+000 TEXCOORD: 0.00392156886, 0.752941191, 0.847058833, 0.247058824
vb0[500]+000 TEXCOORD1: 0.00392156886, 0.752941191, 0.847058833, 0.247058824
vb0[500]+000 TEXCOORD2: 0.00392156886, 0.752941191, 0.847058833, 0.247058824
vb0[500]+000 TEXCOORD3: 0.00392156886, 0.752941191, 0.847058833, 0.247058824
vb0[500]+024 TANGENT: 0.269160211, 0.733541071, -0.624075413, 1

vb0[501]+000 POSITION: 0.791049957, 1.05458975, 1.8079412
vb0[501]+012 NORMAL: -0.519772828, 0.649811804, 0.554599643
vb0[501]+000 COLOR: 0.250980407, 0.509803951, 0.290196091, 0.247058824
vb0[501]+000 TEXCOORD: 0.250980407, 0.509803951, 0.290196091, 0.247058824
vb0[501]+000 TEXCOORD1: 0.250980407, 0.509803951, 0.290196091, 0.247058824
vb0[501]+000 TEXCOORD2: 0.250980407, 0.509803951, 0.290196091, 0.247058824
vb0[501]+000 TEXCOORD3: 0.250980407, 0.509803951, 0.290196091, 0.247058824
vb0[501]+024 TANGENT: 0.221658021, 0.729529798, -0.647034824, 1

vb0[502]+000 POSITION: 1.74785531, 1.74751985, 1.89554846
vb0[502]+012 NORMAL: -0.525769114, 0.655166745, 0.542515874
vb0[502]+000 COLOR: 0.725490212, 0.725490212, 0.874509811, 0.247058824
vb0[502]+000 TEXCOORD: 0.725490212, 0.725490212, 0.874509811, 0.247058824
vb0[502]+000 TEXCOORD1: 0.725490212, 0.725490212, 0.874509811, 0.247058824
vb0[502]+000 TEXCOORD2: 0.725490212, 0.725490212, 0.874509811, 0.247058824
vb0[502]+000 TEXCOORD3: 0.725490212, 0.725490212, 0.874509811, 0.247058824
vb0[502]+024 TANGENT: 0.271687686, 0.733718395, -0.622770488, 1

vb0[503]+000 POSITION: 1.74785471, 3.6351831, 1.6353215
vb0[503]+012 NORMAL: 4.43453064e-06, 2.02120106e-07, -1
vb0[503]+000 COLOR: 0.70588237, 0.725490212, 0.874509811, 0.247058824
vb0[503]+000 TEXCOORD: 0.70588237, 0.725490212, 0.874509811, 0.247058824
vb0[503]+000 TEXCOORD1: 0.70588237, 0.725490212, 0.874509811, 0.247058824
vb0[503]+000 TEXCOORD2: 0.70588237, 0.725490212, 0.874509811, 0.247058824
vb0[503]+000 TEXCOORD3: 0.70588237, 0.725490212, 0.874509811, 0.247058824
vb0[503]+024 TANGENT: 0, 1, 0, -1

vb0[504]+000 POSITION: 1.93116891, 1.02028263, 1.63532257
vb0[504]+012 NORMAL: 3.71968235e-06, -2.34919321e-06, -1
vb0[504]+000 COLOR: 0.545098066, 0.188235298, 0.968627453, 0.247058824
vb0[504]+000 TEXCOORD: 0.545098066, 0.188235298, 0.968627453, 0.247058824
vb0[504]+000 TEXCOORD1: 0.545098066, 0.188235298, 0.968627453, 0.247058824
vb0[504]+000 TEXCOORD2: 0.545098066, 0.188235298, 0.968627453, 0.247058824
vb0[504]+000 TEXCOORD3: 0.545098066, 0.188235298, 0.968627453, 0.247058824
vb0[504]+024 TANGENT: 0, 1, 0, -1

vb0[505]+000 POSITION: 1.74785471, 2.99906635, 1.63532066
vb0[505]+012 NORMAL: 1.8693072e-05, 1.18188677e-06, -1
vb0[505]+000 COLOR: 0.70588237, 0.725490212, 0.874509811, 0.247058824
vb0[505]+000 TEXCOORD: 0.70588237, 0.725490212, 0.874509811, 0.247058824
vb0[505]+000 TEXCOORD1: 0.70588237, 0.725490212, 0.874509811, 0.247058824
vb0[505]+000 TEXCOORD2: 0.70588237, 0.725490212, 0.874509811, 0.247058824
vb0[505]+000 TEXCOORD3: 0.70588237, 0.725490212, 0.874509811, 0.247058824
vb0[505]+024 TANGENT: 0, 1, 0, -1

vb0[506]+000 POSITION: 1.93108106, 5.87685633, 1.63532233
vb0[506]+012 NORMAL: 4.31226169e-07, 1.43741531e-07, -1
vb0[506]+000 COLOR: 0.666666687, 0.176470593, 0.968627453, 0.247058824
vb0[506]+000 TEXCOORD: 0.666666687, 0.176470593, 0.968627453, 0.247058824
vb0[506]+000 TEXCOORD1: 0.666666687, 0.176470593, 0.968627453, 0.247058824
vb0[506]+000 TEXCOORD2: 0.666666687, 0.176470593, 0.968627453, 0.247058824
vb0[506]+000 TEXCOORD3: 0.666666687, 0.176470593, 0.968627453, 0.247058824
vb0[506]+024 TANGENT: -0.001782062, 0.99999845, 0, -1

vb0[507]+000 POSITION: 1.52267039, 3.31541586, 1.6353215
vb0[507]+012 NORMAL: -1.7031349e-06, 1.19937056e-06, -1
vb0[507]+000 COLOR: 0.866666675, 0.90196079, 0.760784328, 0.247058824
vb0[507]+000 TEXCOORD: 0.866666675, 0.90196079, 0.760784328, 0.247058824
vb0[507]+000 TEXCOORD1: 0.866666675, 0.90196079, 0.760784328, 0.247058824
vb0[507]+000 TEXCOORD2: 0.866666675, 0.90196079, 0.760784328, 0.247058824
vb0[507]+000 TEXCOORD3: 0.866666675, 0.90196079, 0.760784328, 0.247058824
vb0[507]+024 TANGENT: 0, 1, 0, -1

vb0[508]+000 POSITION: 1.74785292, 4.77242136, 1.63532197
vb0[508]+012 NORMAL: -2.58303771e-07, 2.67282644e-07, -1
vb0[508]+000 COLOR: 0.647058845, 0.725490212, 0.874509811, 0.247058824
vb0[508]+000 TEXCOORD: 0.647058845, 0.725490212, 0.874509811, 0.247058824
vb0[508]+000 TEXCOORD1: 0.647058845, 0.725490212, 0.874509811, 0.247058824
vb0[508]+000 TEXCOORD2: 0.647058845, 0.725490212, 0.874509811, 0.247058824
vb0[508]+000 TEXCOORD3: 0.647058845, 0.725490212, 0.874509811, 0.247058824
vb0[508]+024 TANGENT: 0.00539116794, 0.999985456, 0, -1

vb0[509]+000 POSITION: 1.43404853, 5.36892223, 1.63532221
vb0[509]+012 NORMAL: -2.09445531e-07, 0, -1
vb0[509]+000 COLOR: 0.905882359, 0.556862772, 0.717647076, 0.247058824
vb0[509]+000 TEXCOORD: 0.905882359, 0.556862772, 0.717647076, 0.247058824
vb0[509]+000 TEXCOORD1: 0.905882359, 0.556862772, 0.717647076, 0.247058824
vb0[509]+000 TEXCOORD2: 0.905882359, 0.556862772, 0.717647076, 0.247058824
vb0[509]+000 TEXCOORD3: 0.905882359, 0.556862772, 0.717647076, 0.247058824
vb0[509]+024 TANGENT: 0.00432979129, 0.999990702, 0, -1

vb0[510]+000 POSITION: 0.785482645, 5.87660265, 1.63532197
vb0[510]+012 NORMAL: 3.99604858e-07, 0, -1
vb0[510]+000 COLOR: 0.392156869, 0.0823529437, 0.286274523, 0.247058824
vb0[510]+000 TEXCOORD: 0.392156869, 0.0823529437, 0.286274523, 0.247058824
vb0[510]+000 TEXCOORD1: 0.392156869, 0.0823529437, 0.286274523, 0.247058824
vb0[510]+000 TEXCOORD2: 0.392156869, 0.0823529437, 0.286274523, 0.247058824
vb0[510]+000 TEXCOORD3: 0.392156869, 0.0823529437, 0.286274523, 0.247058824
vb0[510]+024 TANGENT: -0.00363501906, 0.999993443, 0, -1

vb0[511]+000 POSITION: 1.45064187, 5.01109743, 1.63532257
vb0[511]+012 NORMAL: -2.84441785e-06, -9.84768349e-07, -1
vb0[511]+000 COLOR: 0.635294139, 0.68235296, 0.725490212, 0.247058824
vb0[511]+000 TEXCOORD: 0.635294139, 0.68235296, 0.725490212, 0.247058824
vb0[511]+000 TEXCOORD1: 0.635294139, 0.68235296, 0.725490212, 0.247058824
vb0[511]+000 TEXCOORD2: 0.635294139, 0.68235296, 0.725490212, 0.247058824
vb0[511]+000 TEXCOORD3: 0.635294139, 0.68235296, 0.725490212, 0.247058824
vb0[511]+024 TANGENT: 0.0528346337, 0.998603284, 0, -1

vb0[512]+000 POSITION: 1.74785531, 1.74751985, 1.63532007
vb0[512]+012 NORMAL: 1.1493742e-05, -4.59887247e-07, -1
vb0[512]+000 COLOR: 0.725490212, 0.725490212, 0.874509811, 0.247058824
vb0[512]+000 TEXCOORD: 0.725490212, 0.725490212, 0.874509811, 0.247058824
vb0[512]+000 TEXCOORD1: 0.725490212, 0.725490212, 0.874509811, 0.247058824
vb0[512]+000 TEXCOORD2: 0.725490212, 0.725490212, 0.874509811, 0.247058824
vb0[512]+000 TEXCOORD3: 0.725490212, 0.725490212, 0.874509811, 0.247058824
vb0[512]+024 TANGENT: 0, 1, 0, -1

vb0[513]+000 POSITION: 0.841649294, 1.0202924, 1.63532043
vb0[513]+012 NORMAL: 1.96068277e-06, -2.86287104e-06, -1
vb0[513]+000 COLOR: 0.329411775, 0.4627451, 0.34117648, 0.247058824
vb0[513]+000 TEXCOORD: 0.329411775, 0.4627451, 0.34117648, 0.247058824
vb0[513]+000 TEXCOORD1: 0.329411775, 0.4627451, 0.34117648, 0.247058824
vb0[513]+000 TEXCOORD2: 0.329411775, 0.4627451, 0.34117648, 0.247058824
vb0[513]+000 TEXCOORD3: 0.329411775, 0.4627451, 0.34117648, 0.247058824
vb0[513]+024 TANGENT: 0, 1, 0, -1

vb0[514]+000 POSITION: 1.45064187, 5.01109743, 1.63532257
vb0[514]+012 NORMAL: -0.513238907, -0.638534844, -0.573462307
vb0[514]+000 COLOR: 0.635294139, 0.68235296, 0.725490212, 0.247058824
vb0[514]+000 TEXCOORD: 0.635294139, 0.68235296, 0.725490212, 0.247058824
vb0[514]+000 TEXCOORD1: 0.635294139, 0.68235296, 0.725490212, 0.247058824
vb0[514]+000 TEXCOORD2: 0.635294139, 0.68235296, 0.725490212, 0.247058824
vb0[514]+000 TEXCOORD3: 0.635294139, 0.68235296, 0.725490212, 0.247058824
vb0[514]+024 TANGENT: -0.280241549, 0.756239712, -0.591241121, -1

vb0[515]+000 POSITION: 1.69335699, 4.73733044, 1.72292888
vb0[515]+012 NORMAL: -0.512663722, -0.638280034, -0.574259996
vb0[515]+000 COLOR: 0.925490201, 0.749019623, 0.847058833, 0.247058824
vb0[515]+000 TEXCOORD: 0.925490201, 0.749019623, 0.847058833, 0.247058824
vb0[515]+000 TEXCOORD1: 0.925490201, 0.749019623, 0.847058833, 0.247058824
vb0[515]+000 TEXCOORD2: 0.925490201, 0.749019623, 0.847058833, 0.247058824
vb0[515]+000 TEXCOORD3: 0.925490201, 0.749019623, 0.847058833, 0.247058824
vb0[515]+024 TANGENT: -0.303728312, 0.760414422, -0.574037552, -1

vb0[516]+000 POSITION: 1.39388072, 4.97808361, 1.72292948
vb0[516]+012 NORMAL: -0.513376296, -0.638595641, -0.573271513
vb0[516]+000 COLOR: 0.686274529, 0.41568628, 0.698039234, 0.247058824
vb0[516]+000 TEXCOORD: 0.686274529, 0.41568628, 0.698039234, 0.247058824
vb0[516]+000 TEXCOORD1: 0.686274529, 0.41568628, 0.698039234, 0.247058824
vb0[516]+000 TEXCOORD2: 0.686274529, 0.41568628, 0.698039234, 0.247058824
vb0[516]+000 TEXCOORD3: 0.686274529, 0.41568628, 0.698039234, 0.247058824
vb0[516]+024 TANGENT: -0.274595529, 0.755140066, -0.595282137, -1

vb0[517]+000 POSITION: 1.74785292, 4.77242136, 1.63532197
vb0[517]+012 NORMAL: -0.512524128, -0.638218164, -0.574453354
vb0[517]+000 COLOR: 0.647058845, 0.725490212, 0.874509811, 0.247058824
vb0[517]+000 TEXCOORD: 0.647058845, 0.725490212, 0.874509811, 0.247058824
vb0[517]+000 TEXCOORD1: 0.647058845, 0.725490212, 0.874509811, 0.247058824
vb0[517]+000 TEXCOORD2: 0.647058845, 0.725490212, 0.874509811, 0.247058824
vb0[517]+000 TEXCOORD3: 0.647058845, 0.725490212, 0.874509811, 0.247058824
vb0[517]+024 TANGENT: -0.309390336, 0.761322856, -0.56979394, -1

vb0[518]+000 POSITION: 1.45064187, 5.01109743, 1.63532257
vb0[518]+012 NORMAL: -0.835795999, -0.0320578292, -0.548103452
vb0[518]+000 COLOR: 0.635294139, 0.68235296, 0.725490212, 0.247058824
vb0[518]+000 TEXCOORD: 0.635294139, 0.68235296, 0.725490212, 0.247058824
vb0[518]+000 TEXCOORD1: 0.635294139, 0.68235296, 0.725490212, 0.247058824
vb0[518]+000 TEXCOORD2: 0.635294139, 0.68235296, 0.725490212, 0.247058824
vb0[518]+000 TEXCOORD3: 0.635294139, 0.68235296, 0.725490212, 0.247058824
vb0[518]+024 TANGENT: 0.0175932385, 0.99621743, -0.0850951076, -1

vb0[519]+000 POSITION: 1.38075757, 5.33524704, 1.72292924
vb0[519]+012 NORMAL: -0.844731629, -0.037836235, -0.533851147
vb0[519]+000 COLOR: 0.666666687, 0.737254918, 0.690196097, 0.247058824
vb0[519]+000 TEXCOORD: 0.666666687, 0.737254918, 0.690196097, 0.247058824
vb0[519]+000 TEXCOORD1: 0.666666687, 0.737254918, 0.690196097, 0.247058824
vb0[519]+000 TEXCOORD2: 0.666666687, 0.737254918, 0.690196097, 0.247058824
vb0[519]+000 TEXCOORD3: 0.666666687, 0.737254918, 0.690196097, 0.247058824
vb0[519]+024 TANGENT: 0.00806481112, 0.996484637, -0.08338622, -1

vb0[520]+000 POSITION: 1.43404853, 5.36892223, 1.63532221
vb0[520]+012 NORMAL: -0.846916735, -0.0392743647, -0.53027308
vb0[520]+000 COLOR: 0.905882359, 0.556862772, 0.717647076, 0.247058824
vb0[520]+000 TEXCOORD: 0.905882359, 0.556862772, 0.717647076, 0.247058824
vb0[520]+000 TEXCOORD1: 0.905882359, 0.556862772, 0.717647076, 0.247058824
vb0[520]+000 TEXCOORD2: 0.905882359, 0.556862772, 0.717647076, 0.247058824
vb0[520]+000 TEXCOORD3: 0.905882359, 0.556862772, 0.717647076, 0.247058824
vb0[520]+024 TANGENT: 0.00571876997, 0.996538043, -0.0829416439, -1

vb0[521]+000 POSITION: 1.39388072, 4.97808361, 1.72292948
vb0[521]+012 NORMAL: -0.833545268, -0.0306271967, -0.55160147
vb0[521]+000 COLOR: 0.686274529, 0.41568628, 0.698039234, 0.247058824
vb0[521]+000 TEXCOORD: 0.686274529, 0.41568628, 0.698039234, 0.247058824
vb0[521]+000 TEXCOORD1: 0.686274529, 0.41568628, 0.698039234, 0.247058824
vb0[521]+000 TEXCOORD2: 0.686274529, 0.41568628, 0.698039234, 0.247058824
vb0[521]+000 TEXCOORD3: 0.686274529, 0.41568628, 0.698039234, 0.247058824
vb0[521]+024 TANGENT: 0.0199770909, 0.996138036, -0.0854978189, -1

vb0[522]+000 POSITION: 0.785482645, 5.87660265, 1.63532197
vb0[522]+012 NORMAL: -0.543804646, -0.678002357, -0.494559586
vb0[522]+000 COLOR: 0.392156869, 0.0823529437, 0.286274523, 0.247058824
vb0[522]+000 TEXCOORD: 0.392156869, 0.0823529437, 0.286274523, 0.247058824
vb0[522]+000 TEXCOORD1: 0.392156869, 0.0823529437, 0.286274523, 0.247058824
vb0[522]+000 TEXCOORD2: 0.392156869, 0.0823529437, 0.286274523, 0.247058824
vb0[522]+000 TEXCOORD3: 0.392156869, 0.0823529437, 0.286274523, 0.247058824
vb0[522]+024 TANGENT: -0.265849113, 0.698139966, -0.664774299, -1

vb0[523]+000 POSITION: 1.38075757, 5.33524704, 1.72292924
vb0[523]+012 NORMAL: -0.512952864, -0.654020607, -0.556000412
vb0[523]+000 COLOR: 0.666666687, 0.737254918, 0.690196097, 0.247058824
vb0[523]+000 TEXCOORD: 0.666666687, 0.737254918, 0.690196097, 0.247058824
vb0[523]+000 TEXCOORD1: 0.666666687, 0.737254918, 0.690196097, 0.247058824
vb0[523]+000 TEXCOORD2: 0.666666687, 0.737254918, 0.690196097, 0.247058824
vb0[523]+000 TEXCOORD3: 0.666666687, 0.737254918, 0.690196097, 0.247058824
vb0[523]+024 TANGENT: -0.275416821, 0.738852024, -0.615014911, -1

vb0[524]+000 POSITION: 0.748222172, 5.8435874, 1.72292876
vb0[524]+012 NORMAL: -0.546522379, -0.68004626, -0.488723248
vb0[524]+000 COLOR: 0.490196079, 0.545098066, 0.247058824, 0.247058824
vb0[524]+000 TEXCOORD: 0.490196079, 0.545098066, 0.247058824, 0.247058824
vb0[524]+000 TEXCOORD1: 0.490196079, 0.545098066, 0.247058824, 0.247058824
vb0[524]+000 TEXCOORD2: 0.490196079, 0.545098066, 0.247058824, 0.247058824
vb0[524]+000 TEXCOORD3: 0.490196079, 0.545098066, 0.247058824, 0.247058824
vb0[524]+024 TANGENT: -0.265042007, 0.694048941, -0.669364452, -1

vb0[525]+000 POSITION: 1.43404853, 5.36892223, 1.63532221
vb0[525]+012 NORMAL: -0.510270178, -0.651874363, -0.560967267
vb0[525]+000 COLOR: 0.905882359, 0.556862772, 0.717647076, 0.247058824
vb0[525]+000 TEXCOORD: 0.905882359, 0.556862772, 0.717647076, 0.247058824
vb0[525]+000 TEXCOORD1: 0.905882359, 0.556862772, 0.717647076, 0.247058824
vb0[525]+000 TEXCOORD2: 0.905882359, 0.556862772, 0.717647076, 0.247058824
vb0[525]+000 TEXCOORD3: 0.905882359, 0.556862772, 0.717647076, 0.247058824
vb0[525]+024 TANGENT: -0.276262283, 0.741950572, -0.61089164, -1

vb0[526]+000 POSITION: 1.74785292, 4.77242136, 1.63532197
vb0[526]+012 NORMAL: -0.849122286, -9.2527506e-07, -0.528196454
vb0[526]+000 COLOR: 0.647058845, 0.725490212, 0.874509811, 0.247058824
vb0[526]+000 TEXCOORD: 0.647058845, 0.725490212, 0.874509811, 0.247058824
vb0[526]+000 TEXCOORD1: 0.647058845, 0.725490212, 0.874509811, 0.247058824
vb0[526]+000 TEXCOORD2: 0.647058845, 0.725490212, 0.874509811, 0.247058824
vb0[526]+000 TEXCOORD3: 0.647058845, 0.725490212, 0.874509811, 0.247058824
vb0[526]+024 TANGENT: 0, 1, 0, -1

vb0[527]+000 POSITION: 1.69335854, 3.66399431, 1.72292829
vb0[527]+012 NORMAL: -0.849120975, -1.14207114e-06, -0.528198481
vb0[527]+000 COLOR: 0.97647059, 0.749019623, 0.847058833, 0.247058824
vb0[527]+000 TEXCOORD: 0.97647059, 0.749019623, 0.847058833, 0.247058824
vb0[527]+000 TEXCOORD1: 0.97647059, 0.749019623, 0.847058833, 0.247058824
vb0[527]+000 TEXCOORD2: 0.97647059, 0.749019623, 0.847058833, 0.247058824
vb0[527]+000 TEXCOORD3: 0.97647059, 0.749019623, 0.847058833, 0.247058824
vb0[527]+024 TANGENT: 0, 1, 0, -1

vb0[528]+000 POSITION: 1.69335699, 4.73733044, 1.72292888
vb0[528]+012 NORMAL: -0.849122286, -9.06773096e-07, -0.528196275
vb0[528]+000 COLOR: 0.925490201, 0.749019623, 0.847058833, 0.247058824
vb0[528]+000 TEXCOORD: 0.925490201, 0.749019623, 0.847058833, 0.247058824
vb0[528]+000 TEXCOORD1: 0.925490201, 0.749019623, 0.847058833, 0.247058824
vb0[528]+000 TEXCOORD2: 0.925490201, 0.749019623, 0.847058833, 0.247058824
vb0[528]+000 TEXCOORD3: 0.925490201, 0.749019623, 0.847058833, 0.247058824
vb0[528]+024 TANGENT: 0, 1, 0, -1

vb0[529]+000 POSITION: 1.74785471, 3.6351831, 1.6353215
vb0[529]+012 NORMAL: -0.849120915, -1.15454839e-06, -0.5281986
vb0[529]+000 COLOR: 0.70588237, 0.725490212, 0.874509811, 0.247058824
vb0[529]+000 TEXCOORD: 0.70588237, 0.725490212, 0.874509811, 0.247058824
vb0[529]+000 TEXCOORD1: 0.70588237, 0.725490212, 0.874509811, 0.247058824
vb0[529]+000 TEXCOORD2: 0.70588237, 0.725490212, 0.874509811, 0.247058824
vb0[529]+000 TEXCOORD3: 0.70588237, 0.725490212, 0.874509811, 0.247058824
vb0[529]+024 TANGENT: 0, 1, 0, -1

vb0[530]+000 POSITION: 1.52267039, 3.31541586, 1.6353215
vb0[530]+012 NORMAL: -0.692379594, 0.475441426, -0.542739272
vb0[530]+000 COLOR: 0.866666675, 0.90196079, 0.760784328, 0.247058824
vb0[530]+000 TEXCOORD: 0.866666675, 0.90196079, 0.760784328, 0.247058824
vb0[530]+000 TEXCOORD1: 0.866666675, 0.90196079, 0.760784328, 0.247058824
vb0[530]+000 TEXCOORD2: 0.866666675, 0.90196079, 0.760784328, 0.247058824
vb0[530]+000 TEXCOORD3: 0.866666675, 0.90196079, 0.760784328, 0.247058824
vb0[530]+024 TANGENT: 0.214542955, 0.853838086, 0.474269867, -1

vb0[531]+000 POSITION: 1.69335854, 3.66399431, 1.72292829
vb0[531]+012 NORMAL: -0.674647033, 0.472813517, -0.566832185
vb0[531]+000 COLOR: 0.97647059, 0.749019623, 0.847058833, 0.247058824
vb0[531]+000 TEXCOORD: 0.97647059, 0.749019623, 0.847058833, 0.247058824
vb0[531]+000 TEXCOORD1: 0.97647059, 0.749019623, 0.847058833, 0.247058824
vb0[531]+000 TEXCOORD2: 0.97647059, 0.749019623, 0.847058833, 0.247058824
vb0[531]+000 TEXCOORD3: 0.97647059, 0.749019623, 0.847058833, 0.247058824
vb0[531]+024 TANGENT: 0.217997581, 0.861291826, 0.45897001, -1

vb0[532]+000 POSITION: 1.74785471, 3.6351831, 1.6353215
vb0[532]+012 NORMAL: -0.670456707, 0.472144634, -0.572334826
vb0[532]+000 COLOR: 0.70588237, 0.725490212, 0.874509811, 0.247058824
vb0[532]+000 TEXCOORD: 0.70588237, 0.725490212, 0.874509811, 0.247058824
vb0[532]+000 TEXCOORD1: 0.70588237, 0.725490212, 0.874509811, 0.247058824
vb0[532]+000 TEXCOORD2: 0.70588237, 0.725490212, 0.874509811, 0.247058824
vb0[532]+000 TEXCOORD3: 0.70588237, 0.725490212, 0.874509811, 0.247058824
vb0[532]+024 TANGENT: 0.21886462, 0.862924278, 0.455477774, -1

vb0[533]+000 POSITION: 1.45496261, 3.31541586, 1.72292829
vb0[533]+012 NORMAL: -0.695881486, 0.475919694, -0.537819147
vb0[533]+000 COLOR: 0.215686277, 0.235294119, 0.729411781, 0.247058824
vb0[533]+000 TEXCOORD: 0.215686277, 0.235294119, 0.729411781, 0.247058824
vb0[533]+000 TEXCOORD1: 0.215686277, 0.235294119, 0.729411781, 0.247058824
vb0[533]+000 TEXCOORD2: 0.215686277, 0.235294119, 0.729411781, 0.247058824
vb0[533]+000 TEXCOORD3: 0.215686277, 0.235294119, 0.729411781, 0.247058824
vb0[533]+024 TANGENT: 0.213908747, 0.85225606, 0.477391452, -1

vb0[534]+000 POSITION: 1.74785531, 1.74751985, 1.63532007
vb0[534]+012 NORMAL: -0.849121332, 3.85171631e-07, -0.528197825
vb0[534]+000 COLOR: 0.725490212, 0.725490212, 0.874509811, 0.247058824
vb0[534]+000 TEXCOORD: 0.725490212, 0.725490212, 0.874509811, 0.247058824
vb0[534]+000 TEXCOORD1: 0.725490212, 0.725490212, 0.874509811, 0.247058824
vb0[534]+000 TEXCOORD2: 0.725490212, 0.725490212, 0.874509811, 0.247058824
vb0[534]+000 TEXCOORD3: 0.725490212, 0.725490212, 0.874509811, 0.247058824
vb0[534]+024 TANGENT: 0, 1, 0, -1

vb0[535]+000 POSITION: 1.69335949, 2.96040726, 1.72292757
vb0[535]+012 NORMAL: -0.849124491, -1.31019547e-07, -0.528192699
vb0[535]+000 COLOR: 0.00392156886, 0.752941191, 0.847058833, 0.247058824
vb0[535]+000 TEXCOORD: 0.00392156886, 0.752941191, 0.847058833, 0.247058824
vb0[535]+000 TEXCOORD1: 0.00392156886, 0.752941191, 0.847058833, 0.247058824
vb0[535]+000 TEXCOORD2: 0.00392156886, 0.752941191, 0.847058833, 0.247058824
vb0[535]+000 TEXCOORD3: 0.00392156886, 0.752941191, 0.847058833, 0.247058824
vb0[535]+024 TANGENT: 0, 1, 0, -1

vb0[536]+000 POSITION: 1.74785471, 2.99906635, 1.63532066
vb0[536]+012 NORMAL: -0.84912467, -1.56511547e-07, -0.52819258
vb0[536]+000 COLOR: 0.70588237, 0.725490212, 0.874509811, 0.247058824
vb0[536]+000 TEXCOORD: 0.70588237, 0.725490212, 0.874509811, 0.247058824
vb0[536]+000 TEXCOORD1: 0.70588237, 0.725490212, 0.874509811, 0.247058824
vb0[536]+000 TEXCOORD2: 0.70588237, 0.725490212, 0.874509811, 0.247058824
vb0[536]+000 TEXCOORD3: 0.70588237, 0.725490212, 0.874509811, 0.247058824
vb0[536]+024 TANGENT: 0, 1, 0, -1

vb0[537]+000 POSITION: 1.69335914, 1.77633071, 1.72292709
vb0[537]+012 NORMAL: -0.849121094, 4.23047908e-07, -0.528198242
vb0[537]+000 COLOR: 0.996078432, 0.749019623, 0.847058833, 0.247058824
vb0[537]+000 TEXCOORD: 0.996078432, 0.749019623, 0.847058833, 0.247058824
vb0[537]+000 TEXCOORD1: 0.996078432, 0.749019623, 0.847058833, 0.247058824
vb0[537]+000 TEXCOORD2: 0.996078432, 0.749019623, 0.847058833, 0.247058824
vb0[537]+000 TEXCOORD3: 0.996078432, 0.749019623, 0.847058833, 0.247058824
vb0[537]+024 TANGENT: 0, 1, 0, -1

vb0[538]+000 POSITION: 1.52267039, 3.31541586, 1.6353215
vb0[538]+012 NORMAL: -0.691744447, -0.468255609, -0.549751103
vb0[538]+000 COLOR: 0.866666675, 0.90196079, 0.760784328, 0.247058824
vb0[538]+000 TEXCOORD: 0.866666675, 0.90196079, 0.760784328, 0.247058824
vb0[538]+000 TEXCOORD1: 0.866666675, 0.90196079, 0.760784328, 0.247058824
vb0[538]+000 TEXCOORD2: 0.866666675, 0.90196079, 0.760784328, 0.247058824
vb0[538]+000 TEXCOORD3: 0.866666675, 0.90196079, 0.760784328, 0.247058824
vb0[538]+024 TANGENT: -0.216007903, 0.860592246, -0.461217552, -1

vb0[539]+000 POSITION: 1.69335949, 2.96040726, 1.72292757
vb0[539]+012 NORMAL: -0.656650603, -0.462693542, -0.595587552
vb0[539]+000 COLOR: 0.00392156886, 0.752941191, 0.847058833, 0.247058824
vb0[539]+000 TEXCOORD: 0.00392156886, 0.752941191, 0.847058833, 0.247058824
vb0[539]+000 TEXCOORD1: 0.00392156886, 0.752941191, 0.847058833, 0.247058824
vb0[539]+000 TEXCOORD2: 0.00392156886, 0.752941191, 0.847058833, 0.247058824
vb0[539]+000 TEXCOORD3: 0.00392156886, 0.752941191, 0.847058833, 0.247058824
vb0[539]+024 TANGENT: -0.215911433, 0.871976018, -0.439363301, -1

vb0[540]+000 POSITION: 1.45496261, 3.31541586, 1.72292829
vb0[540]+012 NORMAL: -0.698727548, -0.469211429, -0.540018797
vb0[540]+000 COLOR: 0.215686277, 0.235294119, 0.729411781, 0.247058824
vb0[540]+000 TEXCOORD: 0.215686277, 0.235294119, 0.729411781, 0.247058824
vb0[540]+000 TEXCOORD1: 0.215686277, 0.235294119, 0.729411781, 0.247058824
vb0[540]+000 TEXCOORD2: 0.215686277, 0.235294119, 0.729411781, 0.247058824
vb0[540]+000 TEXCOORD3: 0.215686277, 0.235294119, 0.729411781, 0.247058824
vb0[540]+024 TANGENT: -0.216181874, 0.858058691, -0.465833277, -1

vb0[541]+000 POSITION: 1.74785471, 2.99906635, 1.63532066
vb0[541]+012 NORMAL: -0.647785902, -0.46110639, -0.60642755
vb0[541]+000 COLOR: 0.70588237, 0.725490212, 0.874509811, 0.247058824
vb0[541]+000 TEXCOORD: 0.70588237, 0.725490212, 0.874509811, 0.247058824
vb0[541]+000 TEXCOORD1: 0.70588237, 0.725490212, 0.874509811, 0.247058824
vb0[541]+000 TEXCOORD2: 0.70588237, 0.725490212, 0.874509811, 0.247058824
vb0[541]+000 TEXCOORD3: 0.70588237, 0.725490212, 0.874509811, 0.247058824
vb0[541]+024 TANGENT: -0.216043875, 0.87453264, -0.434186161, -1

vb0[542]+000 POSITION: 0.841649294, 1.0202924, 1.63532043
vb0[542]+012 NORMAL: -0.520091057, 0.650096595, -0.553967178
vb0[542]+000 COLOR: 0.329411775, 0.4627451, 0.34117648, 0.247058824
vb0[542]+000 TEXCOORD: 0.329411775, 0.4627451, 0.34117648, 0.247058824
vb0[542]+000 TEXCOORD1: 0.329411775, 0.4627451, 0.34117648, 0.247058824
vb0[542]+000 TEXCOORD2: 0.329411775, 0.4627451, 0.34117648, 0.247058824
vb0[542]+000 TEXCOORD3: 0.329411775, 0.4627451, 0.34117648, 0.247058824
vb0[542]+024 TANGENT: 0.224319369, 0.729787827, 0.645825446, -1

vb0[543]+000 POSITION: 1.69335914, 1.77633071, 1.72292709
vb0[543]+012 NORMAL: -0.525464296, 0.654894948, -0.543138742
vb0[543]+000 COLOR: 0.996078432, 0.749019623, 0.847058833, 0.247058824
vb0[543]+000 TEXCOORD: 0.996078432, 0.749019623, 0.847058833, 0.247058824
vb0[543]+000 TEXCOORD1: 0.996078432, 0.749019623, 0.847058833, 0.247058824
vb0[543]+000 TEXCOORD2: 0.996078432, 0.749019623, 0.847058833, 0.247058824
vb0[543]+000 TEXCOORD3: 0.996078432, 0.749019623, 0.847058833, 0.247058824
vb0[543]+024 TANGENT: 0.269158155, 0.733541667, 0.62407577, -1

vb0[544]+000 POSITION: 1.74785531, 1.74751985, 1.63532007
vb0[544]+012 NORMAL: -0.525768638, 0.655165911, -0.542517185
vb0[544]+000 COLOR: 0.725490212, 0.725490212, 0.874509811, 0.247058824
vb0[544]+000 TEXCOORD: 0.725490212, 0.725490212, 0.874509811, 0.247058824
vb0[544]+000 TEXCOORD1: 0.725490212, 0.725490212, 0.874509811, 0.247058824
vb0[544]+000 TEXCOORD2: 0.725490212, 0.725490212, 0.874509811, 0.247058824
vb0[544]+000 TEXCOORD3: 0.725490212, 0.725490212, 0.874509811, 0.247058824
vb0[544]+024 TANGENT: 0.271685451, 0.733718932, 0.622770846, -1

vb0[545]+000 POSITION: 0.791050076, 1.05458939, 1.72292733
vb0[545]+012 NORMAL: -0.519773364, 0.649811864, -0.554599106
vb0[545]+000 COLOR: 0.258823544, 0.509803951, 0.290196091, 0.247058824
vb0[545]+000 TEXCOORD: 0.258823544, 0.509803951, 0.290196091, 0.247058824
vb0[545]+000 TEXCOORD1: 0.258823544, 0.509803951, 0.290196091, 0.247058824
vb0[545]+000 TEXCOORD2: 0.258823544, 0.509803951, 0.290196091, 0.247058824
vb0[545]+000 TEXCOORD3: 0.258823544, 0.509803951, 0.290196091, 0.247058824
vb0[545]+024 TANGENT: 0.221658692, 0.729529738, 0.647034526, -1

vb0[546]+000 POSITION: 1.92275643, 1.77392375, 1.90717185
vb0[546]+012 NORMAL: 8.97218683e-07, 0, 1
vb0[546]+000 COLOR: 0.886274517, 0.109803922, 0.964705884, 0.247058824
vb0[546]+000 TEXCOORD: 0.886274517, 0.109803922, 0.964705884, 0.247058824
vb0[546]+000 TEXCOORD1: 0.886274517, 0.109803922, 0.964705884, 0.247058824
vb0[546]+000 TEXCOORD2: 0.886274517, 0.109803922, 0.964705884, 0.247058824
vb0[546]+000 TEXCOORD3: 0.886274517, 0.109803922, 0.964705884, 0.247058824
vb0[546]+024 TANGENT: 0.746064484, 0.665873766, 0, 1

vb0[547]+000 POSITION: 1.9531666, 1.60759699, 1.90717185
vb0[547]+012 NORMAL: 7.11516748e-07, -3.15509254e-07, 1
vb0[547]+000 COLOR: 0.36470589, 0.00392156886, 0.980392158, 0.247058824
vb0[547]+000 TEXCOORD: 0.36470589, 0.00392156886, 0.980392158, 0.247058824
vb0[547]+000 TEXCOORD1: 0.36470589, 0.00392156886, 0.980392158, 0.247058824
vb0[547]+000 TEXCOORD2: 0.36470589, 0.00392156886, 0.980392158, 0.247058824
vb0[547]+000 TEXCOORD3: 0.36470589, 0.00392156886, 0.980392158, 0.247058824
vb0[547]+024 TANGENT: 0.691727698, 0.722158492, 0, 1

vb0[548]+000 POSITION: 2.14128256, 1.6075933, 1.90717185
vb0[548]+012 NORMAL: 0, -1.17879061e-07, 1
vb0[548]+000 COLOR: 0.776470602, 0.0392156877, 0.0352941193, 0.250980407
vb0[548]+000 TEXCOORD: 0.776470602, 0.0392156877, 0.0352941193, 0.250980407
vb0[548]+000 TEXCOORD1: 0.776470602, 0.0392156877, 0.0352941193, 0.250980407
vb0[548]+000 TEXCOORD2: 0.776470602, 0.0392156877, 0.0352941193, 0.250980407
vb0[548]+000 TEXCOORD3: 0.776470602, 0.0392156877, 0.0352941193, 0.250980407
vb0[548]+024 TANGENT: 0.577295542, 0.816535354, 0, 1

vb0[549]+000 POSITION: 1.80292737, 1.77383888, 1.9071722
vb0[549]+012 NORMAL: 1.88691808e-06, -1.30452221e-07, 1
vb0[549]+000 COLOR: 0.325490206, 0.776470602, 0.90196079, 0.247058824
vb0[549]+000 TEXCOORD: 0.325490206, 0.776470602, 0.90196079, 0.247058824
vb0[549]+000 TEXCOORD1: 0.325490206, 0.776470602, 0.90196079, 0.247058824
vb0[549]+000 TEXCOORD2: 0.325490206, 0.776470602, 0.90196079, 0.247058824
vb0[549]+000 TEXCOORD3: 0.325490206, 0.776470602, 0.90196079, 0.247058824
vb0[549]+024 TANGENT: 0.751054287, 0.660240471, 0, 1

vb0[550]+000 POSITION: 1.80293345, 1.01940536, 1.90717161
vb0[550]+012 NORMAL: -1.52709288e-06, -1.28794454e-07, 1
vb0[550]+000 COLOR: 0.525490224, 0.776470602, 0.90196079, 0.247058824
vb0[550]+000 TEXCOORD: 0.525490224, 0.776470602, 0.90196079, 0.247058824
vb0[550]+000 TEXCOORD1: 0.525490224, 0.776470602, 0.90196079, 0.247058824
vb0[550]+000 TEXCOORD2: 0.525490224, 0.776470602, 0.90196079, 0.247058824
vb0[550]+000 TEXCOORD3: 0.525490224, 0.776470602, 0.90196079, 0.247058824
vb0[550]+024 TANGENT: 0, 1, 0, 1

vb0[551]+000 POSITION: 1.95318222, 1.01931763, 1.90717185
vb0[551]+012 NORMAL: -2.03113746e-06, 0, 1
vb0[551]+000 COLOR: 0.87843138, 0.00392156886, 0.980392158, 0.247058824
vb0[551]+000 TEXCOORD: 0.87843138, 0.00392156886, 0.980392158, 0.247058824
vb0[551]+000 TEXCOORD1: 0.87843138, 0.00392156886, 0.980392158, 0.247058824
vb0[551]+000 TEXCOORD2: 0.87843138, 0.00392156886, 0.980392158, 0.247058824
vb0[551]+000 TEXCOORD3: 0.87843138, 0.00392156886, 0.980392158, 0.247058824
vb0[551]+024 TANGENT: 0, 1, 0, 1

vb0[552]+000 POSITION: 2.14128208, 5.3991785, 1.90717268
vb0[552]+012 NORMAL: 8.50002891e-07, 5.71083092e-07, 1
vb0[552]+000 COLOR: 0.768627465, 0.0392156877, 0.0352941193, 0.250980407
vb0[552]+000 TEXCOORD: 0.768627465, 0.0392156877, 0.0352941193, 0.250980407
vb0[552]+000 TEXCOORD1: 0.768627465, 0.0392156877, 0.0352941193, 0.250980407
vb0[552]+000 TEXCOORD2: 0.768627465, 0.0392156877, 0.0352941193, 0.250980407
vb0[552]+000 TEXCOORD3: 0.768627465, 0.0392156877, 0.0352941193, 0.250980407
vb0[552]+024 TANGENT: -0.626131773, 0.779717207, 0, 1

vb0[553]+000 POSITION: 1.92275524, 5.21526623, 1.90717292
vb0[553]+012 NORMAL: 7.99355064e-07, 7.10092593e-07, 1
vb0[553]+000 COLOR: 0.847058833, 0.109803922, 0.964705884, 0.247058824
vb0[553]+000 TEXCOORD: 0.847058833, 0.109803922, 0.964705884, 0.247058824
vb0[553]+000 TEXCOORD1: 0.847058833, 0.109803922, 0.964705884, 0.247058824
vb0[553]+000 TEXCOORD2: 0.847058833, 0.109803922, 0.964705884, 0.247058824
vb0[553]+000 TEXCOORD3: 0.847058833, 0.109803922, 0.964705884, 0.247058824
vb0[553]+024 TANGENT: -0.732026339, 0.681276321, 0, 1

vb0[554]+000 POSITION: 1.95580423, 5.3991766, 1.90717268
vb0[554]+012 NORMAL: 8.31120133e-07, 8.26937082e-07, 1
vb0[554]+000 COLOR: 0.796078444, 0.34117648, 0.980392158, 0.247058824
vb0[554]+000 TEXCOORD: 0.796078444, 0.34117648, 0.980392158, 0.247058824
vb0[554]+000 TEXCOORD1: 0.796078444, 0.34117648, 0.980392158, 0.247058824
vb0[554]+000 TEXCOORD2: 0.796078444, 0.34117648, 0.980392158, 0.247058824
vb0[554]+000 TEXCOORD3: 0.796078444, 0.34117648, 0.980392158, 0.247058824
vb0[554]+024 TANGENT: -0.655177295, 0.755475163, 0, 1

vb0[555]+000 POSITION: 1.82511115, 5.21535015, 1.90717292
vb0[555]+012 NORMAL: 7.91675916e-07, 1.09728194e-06, 1
vb0[555]+000 COLOR: 0.243137255, 0.615686297, 0.913725495, 0.247058824
vb0[555]+000 TEXCOORD: 0.243137255, 0.615686297, 0.913725495, 0.247058824
vb0[555]+000 TEXCOORD1: 0.243137255, 0.615686297, 0.913725495, 0.247058824
vb0[555]+000 TEXCOORD2: 0.243137255, 0.615686297, 0.913725495, 0.247058824
vb0[555]+000 TEXCOORD3: 0.243137255, 0.615686297, 0.913725495, 0.247058824
vb0[555]+024 TANGENT: -0.838839054, 0.544379413, 0, 1

vb0[556]+000 POSITION: 1.8251121, 5.87762547, 1.9071728
vb0[556]+012 NORMAL: -1.59718218e-06, -7.55204724e-07, 1
vb0[556]+000 COLOR: 0.274509817, 0.615686297, 0.913725495, 0.247058824
vb0[556]+000 TEXCOORD: 0.274509817, 0.615686297, 0.913725495, 0.247058824
vb0[556]+000 TEXCOORD1: 0.274509817, 0.615686297, 0.913725495, 0.247058824
vb0[556]+000 TEXCOORD2: 0.274509817, 0.615686297, 0.913725495, 0.247058824
vb0[556]+000 TEXCOORD3: 0.274509817, 0.615686297, 0.913725495, 0.247058824
vb0[556]+024 TANGENT: 0, 1, 0, 1

vb0[557]+000 POSITION: 1.95580947, 5.87764072, 1.90717316
vb0[557]+012 NORMAL: -2.33486935e-06, -9.56709869e-07, 1
vb0[557]+000 COLOR: 0.968627453, 0.34117648, 0.980392158, 0.247058824
vb0[557]+000 TEXCOORD: 0.968627453, 0.34117648, 0.980392158, 0.247058824
vb0[557]+000 TEXCOORD1: 0.968627453, 0.34117648, 0.980392158, 0.247058824
vb0[557]+000 TEXCOORD2: 0.968627453, 0.34117648, 0.980392158, 0.247058824
vb0[557]+000 TEXCOORD3: 0.968627453, 0.34117648, 0.980392158, 0.247058824
vb0[557]+024 TANGENT: 0, 1, 0, 1

vb0[558]+000 POSITION: 1.95580888, 5.87764025, 1.62069952
vb0[558]+012 NORMAL: 1, -1.0185825e-05, -1.03294713e-06
vb0[558]+000 COLOR: 0.949019611, 0.34117648, 0.980392158, 0.247058824
vb0[558]+000 TEXCOORD: 0.949019611, 0.34117648, 0.980392158, 0.247058824
vb0[558]+000 TEXCOORD1: 0.949019611, 0.34117648, 0.980392158, 0.247058824
vb0[558]+000 TEXCOORD2: 0.949019611, 0.34117648, 0.980392158, 0.247058824
vb0[558]+000 TEXCOORD3: 0.949019611, 0.34117648, 0.980392158, 0.247058824
vb0[558]+024 TANGENT: 0, 1, 0, 1

vb0[559]+000 POSITION: 1.95580423, 5.3991766, 1.90717268
vb0[559]+012 NORMAL: 1, -9.58672445e-06, 0
vb0[559]+000 COLOR: 0.796078444, 0.34117648, 0.980392158, 0.247058824
vb0[559]+000 TEXCOORD: 0.796078444, 0.34117648, 0.980392158, 0.247058824
vb0[559]+000 TEXCOORD1: 0.796078444, 0.34117648, 0.980392158, 0.247058824
vb0[559]+000 TEXCOORD2: 0.796078444, 0.34117648, 0.980392158, 0.247058824
vb0[559]+000 TEXCOORD3: 0.796078444, 0.34117648, 0.980392158, 0.247058824
vb0[559]+024 TANGENT: 0, 1, 0, 1

vb0[560]+000 POSITION: 1.95580459, 5.39917707, 1.62069952
vb0[560]+012 NORMAL: 1, -8.92955177e-06, 1.06526704e-06
vb0[560]+000 COLOR: 0.807843149, 0.34117648, 0.980392158, 0.247058824
vb0[560]+000 TEXCOORD: 0.807843149, 0.34117648, 0.980392158, 0.247058824
vb0[560]+000 TEXCOORD1: 0.807843149, 0.34117648, 0.980392158, 0.247058824
vb0[560]+000 TEXCOORD2: 0.807843149, 0.34117648, 0.980392158, 0.247058824
vb0[560]+000 TEXCOORD3: 0.807843149, 0.34117648, 0.980392158, 0.247058824
vb0[560]+024 TANGENT: 0, 1, 0, 1

vb0[561]+000 POSITION: 1.95580947, 5.87764072, 1.90717316
vb0[561]+012 NORMAL: 1, -1.08429949e-05, -2.13054568e-06
vb0[561]+000 COLOR: 0.968627453, 0.34117648, 0.980392158, 0.247058824
vb0[561]+000 TEXCOORD: 0.968627453, 0.34117648, 0.980392158, 0.247058824
vb0[561]+000 TEXCOORD1: 0.968627453, 0.34117648, 0.980392158, 0.247058824
vb0[561]+000 TEXCOORD2: 0.968627453, 0.34117648, 0.980392158, 0.247058824
vb0[561]+000 TEXCOORD3: 0.968627453, 0.34117648, 0.980392158, 0.247058824
vb0[561]+024 TANGENT: 0, 1, 0, 1

vb0[562]+000 POSITION: 1.9531672, 1.60759461, 1.62069869
vb0[562]+012 NORMAL: 1, 2.63071051e-05, 1.82303074e-06
vb0[562]+000 COLOR: 0.384313732, 0.00392156886, 0.980392158, 0.247058824
vb0[562]+000 TEXCOORD: 0.384313732, 0.00392156886, 0.980392158, 0.247058824
vb0[562]+000 TEXCOORD1: 0.384313732, 0.00392156886, 0.980392158, 0.247058824
vb0[562]+000 TEXCOORD2: 0.384313732, 0.00392156886, 0.980392158, 0.247058824
vb0[562]+000 TEXCOORD3: 0.384313732, 0.00392156886, 0.980392158, 0.247058824
vb0[562]+024 TANGENT: 0, 1, 0, 1

vb0[563]+000 POSITION: 1.95318222, 1.01931763, 1.90717185
vb0[563]+012 NORMAL: 1, 2.60876732e-05, 1.37242455e-06
vb0[563]+000 COLOR: 0.87843138, 0.00392156886, 0.980392158, 0.247058824
vb0[563]+000 TEXCOORD: 0.87843138, 0.00392156886, 0.980392158, 0.247058824
vb0[563]+000 TEXCOORD1: 0.87843138, 0.00392156886, 0.980392158, 0.247058824
vb0[563]+000 TEXCOORD2: 0.87843138, 0.00392156886, 0.980392158, 0.247058824
vb0[563]+000 TEXCOORD3: 0.87843138, 0.00392156886, 0.980392158, 0.247058824
vb0[563]+024 TANGENT: 0, 1, 0, 1

vb0[564]+000 POSITION: 1.95318246, 1.01931572, 1.62069941
vb0[564]+012 NORMAL: 1, 2.59380213e-05, 1.06510879e-06
vb0[564]+000 COLOR: 0.886274517, 0.00392156886, 0.980392158, 0.247058824
vb0[564]+000 TEXCOORD: 0.886274517, 0.00392156886, 0.980392158, 0.247058824
vb0[564]+000 TEXCOORD1: 0.886274517, 0.00392156886, 0.980392158, 0.247058824
vb0[564]+000 TEXCOORD2: 0.886274517, 0.00392156886, 0.980392158, 0.247058824
vb0[564]+000 TEXCOORD3: 0.886274517, 0.00392156886, 0.980392158, 0.247058824
vb0[564]+024 TANGENT: 0, 1, 0, 1

vb0[565]+000 POSITION: 1.9531666, 1.60759699, 1.90717185
vb0[565]+012 NORMAL: 1, 2.64567607e-05, 2.13034559e-06
vb0[565]+000 COLOR: 0.36470589, 0.00392156886, 0.980392158, 0.247058824
vb0[565]+000 TEXCOORD: 0.36470589, 0.00392156886, 0.980392158, 0.247058824
vb0[565]+000 TEXCOORD1: 0.36470589, 0.00392156886, 0.980392158, 0.247058824
vb0[565]+000 TEXCOORD2: 0.36470589, 0.00392156886, 0.980392158, 0.247058824
vb0[565]+000 TEXCOORD3: 0.36470589, 0.00392156886, 0.980392158, 0.247058824
vb0[565]+024 TANGENT: 0, 1, 0, 1

vb0[566]+000 POSITION: 1.92275524, 1.77392197, 1.62069833
vb0[566]+012 NORMAL: 6.98552526e-07, -8.72837177e-07, -1
vb0[566]+000 COLOR: 0.847058833, 0.109803922, 0.964705884, 0.247058824
vb0[566]+000 TEXCOORD: 0.847058833, 0.109803922, 0.964705884, 0.247058824
vb0[566]+000 TEXCOORD1: 0.847058833, 0.109803922, 0.964705884, 0.247058824
vb0[566]+000 TEXCOORD2: 0.847058833, 0.109803922, 0.964705884, 0.247058824
vb0[566]+000 TEXCOORD3: 0.847058833, 0.109803922, 0.964705884, 0.247058824
vb0[566]+024 TANGENT: 0.746065736, 0.665872276, 0, 1

vb0[567]+000 POSITION: 1.9531672, 1.60759461, 1.62069869
vb0[567]+012 NORMAL: 9.9436761e-07, -1.15163368e-06, -1
vb0[567]+000 COLOR: 0.384313732, 0.00392156886, 0.980392158, 0.247058824
vb0[567]+000 TEXCOORD: 0.384313732, 0.00392156886, 0.980392158, 0.247058824
vb0[567]+000 TEXCOORD1: 0.384313732, 0.00392156886, 0.980392158, 0.247058824
vb0[567]+000 TEXCOORD2: 0.384313732, 0.00392156886, 0.980392158, 0.247058824
vb0[567]+000 TEXCOORD3: 0.384313732, 0.00392156886, 0.980392158, 0.247058824
vb0[567]+024 TANGENT: 0.691722393, 0.722163498, 0, 1

vb0[568]+000 POSITION: 1.80292737, 1.77383721, 1.62069833
vb0[568]+012 NORMAL: 7.41254325e-07, -1.16582476e-06, -1
vb0[568]+000 COLOR: 0.325490206, 0.776470602, 0.90196079, 0.247058824
vb0[568]+000 TEXCOORD: 0.325490206, 0.776470602, 0.90196079, 0.247058824
vb0[568]+000 TEXCOORD1: 0.325490206, 0.776470602, 0.90196079, 0.247058824
vb0[568]+000 TEXCOORD2: 0.325490206, 0.776470602, 0.90196079, 0.247058824
vb0[568]+000 TEXCOORD3: 0.325490206, 0.776470602, 0.90196079, 0.247058824
vb0[568]+024 TANGENT: 0.751054406, 0.660240233, 0, 1

vb0[569]+000 POSITION: 2.14128256, 1.6075933, 1.62069869
vb0[569]+012 NORMAL: 9.07827712e-07, -6.42046643e-07, -1
vb0[569]+000 COLOR: 0.776470602, 0.0392156877, 0.0352941193, 0.250980407
vb0[569]+000 TEXCOORD: 0.776470602, 0.0392156877, 0.0352941193, 0.250980407
vb0[569]+000 TEXCOORD1: 0.776470602, 0.0392156877, 0.0352941193, 0.250980407
vb0[569]+000 TEXCOORD2: 0.776470602, 0.0392156877, 0.0352941193, 0.250980407
vb0[569]+000 TEXCOORD3: 0.776470602, 0.0392156877, 0.0352941193, 0.250980407
vb0[569]+024 TANGENT: 0.577291548, 0.816538095, 0, 1

vb0[570]+000 POSITION: 1.80293345, 1.0194037, 1.62069869
vb0[570]+012 NORMAL: 4.52111726e-06, -1.15476894e-06, -1
vb0[570]+000 COLOR: 0.525490224, 0.776470602, 0.90196079, 0.247058824
vb0[570]+000 TEXCOORD: 0.525490224, 0.776470602, 0.90196079, 0.247058824
vb0[570]+000 TEXCOORD1: 0.525490224, 0.776470602, 0.90196079, 0.247058824
vb0[570]+000 TEXCOORD2: 0.525490224, 0.776470602, 0.90196079, 0.247058824
vb0[570]+000 TEXCOORD3: 0.525490224, 0.776470602, 0.90196079, 0.247058824
vb0[570]+024 TANGENT: 0, 1, 0, 1

vb0[571]+000 POSITION: 1.95318246, 1.01931572, 1.62069941
vb0[571]+012 NORMAL: 5.07707318e-06, -1.29676914e-06, -1
vb0[571]+000 COLOR: 0.886274517, 0.00392156886, 0.980392158, 0.247058824
vb0[571]+000 TEXCOORD: 0.886274517, 0.00392156886, 0.980392158, 0.247058824
vb0[571]+000 TEXCOORD1: 0.886274517, 0.00392156886, 0.980392158, 0.247058824
vb0[571]+000 TEXCOORD2: 0.886274517, 0.00392156886, 0.980392158, 0.247058824
vb0[571]+000 TEXCOORD3: 0.886274517, 0.00392156886, 0.980392158, 0.247058824
vb0[571]+024 TANGENT: 0, 1, 0, 1

vb0[572]+000 POSITION: 2.14128113, 5.3991785, 1.62069941
vb0[572]+012 NORMAL: -8.21644562e-07, 2.56695415e-07, -1
vb0[572]+000 COLOR: 0.752941191, 0.0392156877, 0.0352941193, 0.250980407
vb0[572]+000 TEXCOORD: 0.752941191, 0.0392156877, 0.0352941193, 0.250980407
vb0[572]+000 TEXCOORD1: 0.752941191, 0.0392156877, 0.0352941193, 0.250980407
vb0[572]+000 TEXCOORD2: 0.752941191, 0.0392156877, 0.0352941193, 0.250980407
vb0[572]+000 TEXCOORD3: 0.752941191, 0.0392156877, 0.0352941193, 0.250980407
vb0[572]+024 TANGENT: -0.626131296, 0.779717684, 0, 1

vb0[573]+000 POSITION: 1.92275524, 5.21526718, 1.62069952
vb0[573]+012 NORMAL: 0, 0, -1
vb0[573]+000 COLOR: 0.847058833, 0.109803922, 0.964705884, 0.247058824
vb0[573]+000 TEXCOORD: 0.847058833, 0.109803922, 0.964705884, 0.247058824
vb0[573]+000 TEXCOORD1: 0.847058833, 0.109803922, 0.964705884, 0.247058824
vb0[573]+000 TEXCOORD2: 0.847058833, 0.109803922, 0.964705884, 0.247058824
vb0[573]+000 TEXCOORD3: 0.847058833, 0.109803922, 0.964705884, 0.247058824
vb0[573]+024 TANGENT: -0.732038736, 0.681263089, 0, 1

vb0[574]+000 POSITION: 1.95580459, 5.39917707, 1.62069952
vb0[574]+012 NORMAL: 2.44652711e-07, 1.38970691e-07, -1
vb0[574]+000 COLOR: 0.807843149, 0.34117648, 0.980392158, 0.247058824
vb0[574]+000 TEXCOORD: 0.807843149, 0.34117648, 0.980392158, 0.247058824
vb0[574]+000 TEXCOORD1: 0.807843149, 0.34117648, 0.980392158, 0.247058824
vb0[574]+000 TEXCOORD2: 0.807843149, 0.34117648, 0.980392158, 0.247058824
vb0[574]+000 TEXCOORD3: 0.807843149, 0.34117648, 0.980392158, 0.247058824
vb0[574]+024 TANGENT: -0.655176163, 0.755476117, 0, 1

vb0[575]+000 POSITION: 1.82511115, 5.21534824, 1.62069941
vb0[575]+012 NORMAL: 1.27971657e-06, 0, -1
vb0[575]+000 COLOR: 0.243137255, 0.615686297, 0.913725495, 0.247058824
vb0[575]+000 TEXCOORD: 0.243137255, 0.615686297, 0.913725495, 0.247058824
vb0[575]+000 TEXCOORD1: 0.243137255, 0.615686297, 0.913725495, 0.247058824
vb0[575]+000 TEXCOORD2: 0.243137255, 0.615686297, 0.913725495, 0.247058824
vb0[575]+000 TEXCOORD3: 0.243137255, 0.615686297, 0.913725495, 0.247058824
vb0[575]+024 TANGENT: -0.838846803, 0.544367671, 0, 1

vb0[576]+000 POSITION: 1.82511306, 5.87762547, 1.62069952
vb0[576]+012 NORMAL: 1.43173068e-07, 0, -1
vb0[576]+000 COLOR: 0.305882365, 0.615686297, 0.913725495, 0.247058824
vb0[576]+000 TEXCOORD: 0.305882365, 0.615686297, 0.913725495, 0.247058824
vb0[576]+000 TEXCOORD1: 0.305882365, 0.615686297, 0.913725495, 0.247058824
vb0[576]+000 TEXCOORD2: 0.305882365, 0.615686297, 0.913725495, 0.247058824
vb0[576]+000 TEXCOORD3: 0.305882365, 0.615686297, 0.913725495, 0.247058824
vb0[576]+024 TANGENT: 0, 1, 0, 1

vb0[577]+000 POSITION: 1.95580888, 5.87764025, 1.62069952
vb0[577]+012 NORMAL: 0, 0, -1
vb0[577]+000 COLOR: 0.949019611, 0.34117648, 0.980392158, 0.247058824
vb0[577]+000 TEXCOORD: 0.949019611, 0.34117648, 0.980392158, 0.247058824
vb0[577]+000 TEXCOORD1: 0.949019611, 0.34117648, 0.980392158, 0.247058824
vb0[577]+000 TEXCOORD2: 0.949019611, 0.34117648, 0.980392158, 0.247058824
vb0[577]+000 TEXCOORD3: 0.949019611, 0.34117648, 0.980392158, 0.247058824
vb0[577]+024 TANGENT: 0, 1, 0, 1

vb0[578]+000 POSITION: 2.14128113, 5.3991785, 1.62069941
vb0[578]+012 NORMAL: 1, 0, -3.04242621e-06
vb0[578]+000 COLOR: 0.752941191, 0.0392156877, 0.0352941193, 0.250980407
vb0[578]+000 TEXCOORD: 0.752941191, 0.0392156877, 0.0352941193, 0.250980407
vb0[578]+000 TEXCOORD1: 0.752941191, 0.0392156877, 0.0352941193, 0.250980407
vb0[578]+000 TEXCOORD2: 0.752941191, 0.0392156877, 0.0352941193, 0.250980407
vb0[578]+000 TEXCOORD3: 0.752941191, 0.0392156877, 0.0352941193, 0.250980407
vb0[578]+024 TANGENT: 0, 1, 0, 1

vb0[579]+000 POSITION: 2.14128256, 1.6075933, 1.90717185
vb0[579]+012 NORMAL: 1, 3.10358217e-07, -1.53430406e-07
vb0[579]+000 COLOR: 0.776470602, 0.0392156877, 0.0352941193, 0.250980407
vb0[579]+000 TEXCOORD: 0.776470602, 0.0392156877, 0.0352941193, 0.250980407
vb0[579]+000 TEXCOORD1: 0.776470602, 0.0392156877, 0.0352941193, 0.250980407
vb0[579]+000 TEXCOORD2: 0.776470602, 0.0392156877, 0.0352941193, 0.250980407
vb0[579]+000 TEXCOORD3: 0.776470602, 0.0392156877, 0.0352941193, 0.250980407
vb0[579]+024 TANGENT: 0, 1, 0, 1

vb0[580]+000 POSITION: 2.14128256, 1.6075933, 1.62069869
vb0[580]+012 NORMAL: 1, 3.21950637e-07, 0
vb0[580]+000 COLOR: 0.776470602, 0.0392156877, 0.0352941193, 0.250980407
vb0[580]+000 TEXCOORD: 0.776470602, 0.0392156877, 0.0352941193, 0.250980407
vb0[580]+000 TEXCOORD1: 0.776470602, 0.0392156877, 0.0352941193, 0.250980407
vb0[580]+000 TEXCOORD2: 0.776470602, 0.0392156877, 0.0352941193, 0.250980407
vb0[580]+000 TEXCOORD3: 0.776470602, 0.0392156877, 0.0352941193, 0.250980407
vb0[580]+024 TANGENT: 0, 1, 0, 1

vb0[581]+000 POSITION: 2.14128208, 5.3991785, 1.90717268
vb0[581]+012 NORMAL: 1, 0, -3.19585661e-06
vb0[581]+000 COLOR: 0.768627465, 0.0392156877, 0.0352941193, 0.250980407
vb0[581]+000 TEXCOORD: 0.768627465, 0.0392156877, 0.0352941193, 0.250980407
vb0[581]+000 TEXCOORD1: 0.768627465, 0.0392156877, 0.0352941193, 0.250980407
vb0[581]+000 TEXCOORD2: 0.768627465, 0.0392156877, 0.0352941193, 0.250980407
vb0[581]+000 TEXCOORD3: 0.768627465, 0.0392156877, 0.0352941193, 0.250980407
vb0[581]+024 TANGENT: 0, 1, 0, 1

vb0[582]+000 POSITION: 0.124844357, 5.87612391, 1.88774848
vb0[582]+012 NORMAL: 7.43876399e-07, -2.26097723e-06, 1
vb0[582]+000 COLOR: 0.400000006, 0.68235296, 1, 0.239215687
vb0[582]+000 TEXCOORD: 0.400000006, 0.68235296, 1, 0.239215687
vb0[582]+000 TEXCOORD1: 0.400000006, 0.68235296, 1, 0.239215687
vb0[582]+000 TEXCOORD2: 0.400000006, 0.68235296, 1, 0.239215687
vb0[582]+000 TEXCOORD3: 0.400000006, 0.68235296, 1, 0.239215687
vb0[582]+024 TANGENT: 0.711618602, 0.702566028, 0, 1

vb0[583]+000 POSITION: 0.125007629, 5.47125244, 1.88774765
vb0[583]+012 NORMAL: 7.43876399e-07, -2.26097723e-06, 1
vb0[583]+000 COLOR: 0, 0.00784313772, 0, 0.243137255
vb0[583]+000 TEXCOORD: 0, 0.00784313772, 0, 0.243137255
vb0[583]+000 TEXCOORD1: 0, 0.00784313772, 0, 0.243137255
vb0[583]+000 TEXCOORD2: 0, 0.00784313772, 0, 0.243137255
vb0[583]+000 TEXCOORD3: 0, 0.00784313772, 0, 0.243137255
vb0[583]+024 TANGENT: 0.711618543, 0.702566028, 0, 1

vb0[584]+000 POSITION: 0.535096884, 5.87612486, 1.88774824
vb0[584]+012 NORMAL: 7.43876399e-07, -2.26097723e-06, 1
vb0[584]+000 COLOR: 0.109803922, 0.988235295, 0.0313725509, 0.247058824
vb0[584]+000 TEXCOORD: 0.109803922, 0.988235295, 0.0313725509, 0.247058824
vb0[584]+000 TEXCOORD1: 0.109803922, 0.988235295, 0.0313725509, 0.247058824
vb0[584]+000 TEXCOORD2: 0.109803922, 0.988235295, 0.0313725509, 0.247058824
vb0[584]+000 TEXCOORD3: 0.109803922, 0.988235295, 0.0313725509, 0.247058824
vb0[584]+024 TANGENT: 0.711618602, 0.702566028, 0, 1

vb0[585]+000 POSITION: 0.124844357, 5.87612391, 1.65120268
vb0[585]+012 NORMAL: -3.71937574e-07, 7.53608958e-07, -1
vb0[585]+000 COLOR: 0.400000006, 0.68235296, 1, 0.239215687
vb0[585]+000 TEXCOORD: 0.400000006, 0.68235296, 1, 0.239215687
vb0[585]+000 TEXCOORD1: 0.400000006, 0.68235296, 1, 0.239215687
vb0[585]+000 TEXCOORD2: 0.400000006, 0.68235296, 1, 0.239215687
vb0[585]+000 TEXCOORD3: 0.400000006, 0.68235296, 1, 0.239215687
vb0[585]+024 TANGENT: -0.711618602, -0.702566028, 0, 1

vb0[586]+000 POSITION: 0.535096884, 5.87612486, 1.65120256
vb0[586]+012 NORMAL: -3.71937631e-07, 7.53608958e-07, -1
vb0[586]+000 COLOR: 0.109803922, 0.988235295, 0.0313725509, 0.247058824
vb0[586]+000 TEXCOORD: 0.109803922, 0.988235295, 0.0313725509, 0.247058824
vb0[586]+000 TEXCOORD1: 0.109803922, 0.988235295, 0.0313725509, 0.247058824
vb0[586]+000 TEXCOORD2: 0.109803922, 0.988235295, 0.0313725509, 0.247058824
vb0[586]+000 TEXCOORD3: 0.109803922, 0.988235295, 0.0313725509, 0.247058824
vb0[586]+024 TANGENT: -0.711618602, -0.702566028, 0, 1

vb0[587]+000 POSITION: 0.125007629, 5.47125244, 1.65120232
vb0[587]+012 NORMAL: -3.71937602e-07, 7.53608958e-07, -1
vb0[587]+000 COLOR: 0, 0.00784313772, 0, 0.243137255
vb0[587]+000 TEXCOORD: 0, 0.00784313772, 0, 0.243137255
vb0[587]+000 TEXCOORD1: 0, 0.00784313772, 0, 0.243137255
vb0[587]+000 TEXCOORD2: 0, 0.00784313772, 0, 0.243137255
vb0[587]+000 TEXCOORD3: 0, 0.00784313772, 0, 0.243137255
vb0[587]+024 TANGENT: -0.711618543, -0.702566028, 0, 1

vb0[588]+000 POSITION: 0.106128693, 1.17466116, 1.87926137
vb0[588]+012 NORMAL: -3.2002572e-07, -1.95948292e-06, 1
vb0[588]+000 COLOR: 0, 0.352941185, 0.850980401, 0.239215687
vb0[588]+000 TEXCOORD: 0, 0.352941185, 0.850980401, 0.239215687
vb0[588]+000 TEXCOORD1: 0, 0.352941185, 0.850980401, 0.239215687
vb0[588]+000 TEXCOORD2: 0, 0.352941185, 0.850980401, 0.239215687
vb0[588]+000 TEXCOORD3: 0, 0.352941185, 0.850980401, 0.239215687
vb0[588]+024 TANGENT: 1, 0, 0, 1

vb0[589]+000 POSITION: 1.05983806, 1.01889992, 1.87926137
vb0[589]+012 NORMAL: -3.19992353e-07, -1.95927873e-06, 1
vb0[589]+000 COLOR: 0.776470602, 0.65882355, 0.529411793, 0.247058824
vb0[589]+000 TEXCOORD: 0.776470602, 0.65882355, 0.529411793, 0.247058824
vb0[589]+000 TEXCOORD1: 0.776470602, 0.65882355, 0.529411793, 0.247058824
vb0[589]+000 TEXCOORD2: 0.776470602, 0.65882355, 0.529411793, 0.247058824
vb0[589]+000 TEXCOORD3: 0.776470602, 0.65882355, 0.529411793, 0.247058824
vb0[589]+024 TANGENT: 1, 0, 0, 1

vb0[590]+000 POSITION: 1.05983865, 1.17466116, 1.87926173
vb0[590]+012 NORMAL: -3.19988061e-07, -1.95925213e-06, 1
vb0[590]+000 COLOR: 0.796078444, 0.65882355, 0.529411793, 0.247058824
vb0[590]+000 TEXCOORD: 0.796078444, 0.65882355, 0.529411793, 0.247058824
vb0[590]+000 TEXCOORD1: 0.796078444, 0.65882355, 0.529411793, 0.247058824
vb0[590]+000 TEXCOORD2: 0.796078444, 0.65882355, 0.529411793, 0.247058824
vb0[590]+000 TEXCOORD3: 0.796078444, 0.65882355, 0.529411793, 0.247058824
vb0[590]+024 TANGENT: 1, 0, 0, 1

vb0[591]+000 POSITION: 0.106249541, 1.01890051, 1.87926114
vb0[591]+012 NORMAL: -3.20030097e-07, -1.95950952e-06, 1
vb0[591]+000 COLOR: 0.360784322, 0.600000024, 0.850980401, 0.239215687
vb0[591]+000 TEXCOORD: 0.360784322, 0.600000024, 0.850980401, 0.239215687
vb0[591]+000 TEXCOORD1: 0.360784322, 0.600000024, 0.850980401, 0.239215687
vb0[591]+000 TEXCOORD2: 0.360784322, 0.600000024, 0.850980401, 0.239215687
vb0[591]+000 TEXCOORD3: 0.360784322, 0.600000024, 0.850980401, 0.239215687
vb0[591]+024 TANGENT: 1, 0, 0, 1

vb0[592]+000 POSITION: 0.106250457, 1.02317417, 1.64681435
vb0[592]+012 NORMAL: -3.03951964e-07, 1.91331651e-06, -1
vb0[592]+000 COLOR: 0.843137264, 0.600000024, 0.850980401, 0.239215687
vb0[592]+000 TEXCOORD: 0.843137264, 0.600000024, 0.850980401, 0.239215687
vb0[592]+000 TEXCOORD1: 0.843137264, 0.600000024, 0.850980401, 0.239215687
vb0[592]+000 TEXCOORD2: 0.843137264, 0.600000024, 0.850980401, 0.239215687
vb0[592]+000 TEXCOORD3: 0.843137264, 0.600000024, 0.850980401, 0.239215687
vb0[592]+024 TANGENT: -1, 0, 0, 1

vb0[593]+000 POSITION: 1.05983806, 1.17466235, 1.64681435
vb0[593]+012 NORMAL: -1.76059146e-07, 1.10825692e-06, -1
vb0[593]+000 COLOR: 0.776470602, 0.65882355, 0.529411793, 0.247058824
vb0[593]+000 TEXCOORD: 0.776470602, 0.65882355, 0.529411793, 0.247058824
vb0[593]+000 TEXCOORD1: 0.776470602, 0.65882355, 0.529411793, 0.247058824
vb0[593]+000 TEXCOORD2: 0.776470602, 0.65882355, 0.529411793, 0.247058824
vb0[593]+000 TEXCOORD3: 0.776470602, 0.65882355, 0.529411793, 0.247058824
vb0[593]+024 TANGENT: -1, 0, 0, 1

vb0[594]+000 POSITION: 1.05983865, 1.02317417, 1.64681423
vb0[594]+012 NORMAL: -1.60014466e-07, 1.00725867e-06, -1
vb0[594]+000 COLOR: 0.796078444, 0.65882355, 0.529411793, 0.247058824
vb0[594]+000 TEXCOORD: 0.796078444, 0.65882355, 0.529411793, 0.247058824
vb0[594]+000 TEXCOORD1: 0.796078444, 0.65882355, 0.529411793, 0.247058824
vb0[594]+000 TEXCOORD2: 0.796078444, 0.65882355, 0.529411793, 0.247058824
vb0[594]+000 TEXCOORD3: 0.796078444, 0.65882355, 0.529411793, 0.247058824
vb0[594]+024 TANGENT: -1, 0, 0, 1

vb0[595]+000 POSITION: 0.106128387, 1.17466223, 1.6468147
vb0[595]+012 NORMAL: -3.19988516e-07, 2.01426315e-06, -1
vb0[595]+000 COLOR: 0.843137264, 0.349019617, 0.850980401, 0.239215687
vb0[595]+000 TEXCOORD: 0.843137264, 0.349019617, 0.850980401, 0.239215687
vb0[595]+000 TEXCOORD1: 0.843137264, 0.349019617, 0.850980401, 0.239215687
vb0[595]+000 TEXCOORD2: 0.843137264, 0.349019617, 0.850980401, 0.239215687
vb0[595]+000 TEXCOORD3: 0.843137264, 0.349019617, 0.850980401, 0.239215687
vb0[595]+024 TANGENT: -1, 0, 0, 1

vb0[596]+000 POSITION: 1.05988717, 5.7215929, 1.87455785
vb0[596]+012 NORMAL: 3.2002572e-07, 9.79861738e-07, 1
vb0[596]+000 COLOR: 0.384313732, 0.666666687, 0.529411793, 0.247058824
vb0[596]+000 TEXCOORD: 0.384313732, 0.666666687, 0.529411793, 0.247058824
vb0[596]+000 TEXCOORD1: 0.384313732, 0.666666687, 0.529411793, 0.247058824
vb0[596]+000 TEXCOORD2: 0.384313732, 0.666666687, 0.529411793, 0.247058824
vb0[596]+000 TEXCOORD3: 0.384313732, 0.666666687, 0.529411793, 0.247058824
vb0[596]+024 TANGENT: -1, 0, 0, 1

vb0[597]+000 POSITION: 0.106177516, 5.87735319, 1.87455809
vb0[597]+012 NORMAL: 3.19992239e-07, 9.79656761e-07, 1
vb0[597]+000 COLOR: 0.600000024, 0.450980395, 0.850980401, 0.239215687
vb0[597]+000 TEXCOORD: 0.600000024, 0.450980395, 0.850980401, 0.239215687
vb0[597]+000 TEXCOORD1: 0.600000024, 0.450980395, 0.850980401, 0.239215687
vb0[597]+000 TEXCOORD2: 0.600000024, 0.450980395, 0.850980401, 0.239215687
vb0[597]+000 TEXCOORD3: 0.600000024, 0.450980395, 0.850980401, 0.239215687
vb0[597]+024 TANGENT: -1, 0, 0, 1

vb0[598]+000 POSITION: 0.106176905, 5.7215929, 1.87455821
vb0[598]+012 NORMAL: 3.19987919e-07, 9.79630272e-07, 1
vb0[598]+000 COLOR: 0.278431386, 0.450980395, 0.850980401, 0.239215687
vb0[598]+000 TEXCOORD: 0.278431386, 0.450980395, 0.850980401, 0.239215687
vb0[598]+000 TEXCOORD1: 0.278431386, 0.450980395, 0.850980401, 0.239215687
vb0[598]+000 TEXCOORD2: 0.278431386, 0.450980395, 0.850980401, 0.239215687
vb0[598]+000 TEXCOORD3: 0.278431386, 0.450980395, 0.850980401, 0.239215687
vb0[598]+024 TANGENT: -1, 0, 0, 1

vb0[599]+000 POSITION: 1.05976605, 5.87735224, 1.87455773
vb0[599]+012 NORMAL: 3.20030097e-07, 9.79888227e-07, 1
vb0[599]+000 COLOR: 0.41568628, 0.650980413, 0.529411793, 0.247058824
vb0[599]+000 TEXCOORD: 0.41568628, 0.650980413, 0.529411793, 0.247058824
vb0[599]+000 TEXCOORD1: 0.41568628, 0.650980413, 0.529411793, 0.247058824
vb0[599]+000 TEXCOORD2: 0.41568628, 0.650980413, 0.529411793, 0.247058824
vb0[599]+000 TEXCOORD3: 0.41568628, 0.650980413, 0.529411793, 0.247058824
vb0[599]+024 TANGENT: -1, 0, 0, 1

vb0[600]+000 POSITION: 1.0597651, 5.87307835, 1.6668303
vb0[600]+012 NORMAL: 1.59995992e-07, -1.0071517e-06, -1
vb0[600]+000 COLOR: 0.384313732, 0.650980413, 0.529411793, 0.247058824
vb0[600]+000 TEXCOORD: 0.384313732, 0.650980413, 0.529411793, 0.247058824
vb0[600]+000 TEXCOORD1: 0.384313732, 0.650980413, 0.529411793, 0.247058824
vb0[600]+000 TEXCOORD2: 0.384313732, 0.650980413, 0.529411793, 0.247058824
vb0[600]+000 TEXCOORD3: 0.384313732, 0.650980413, 0.529411793, 0.247058824
vb0[600]+024 TANGENT: 1, 0, 0, 1

vb0[601]+000 POSITION: 0.106177516, 5.72159147, 1.6668303
vb0[601]+012 NORMAL: 1.60011808e-07, -1.00725117e-06, -1
vb0[601]+000 COLOR: 0.600000024, 0.450980395, 0.850980401, 0.239215687
vb0[601]+000 TEXCOORD: 0.600000024, 0.450980395, 0.850980401, 0.239215687
vb0[601]+000 TEXCOORD1: 0.600000024, 0.450980395, 0.850980401, 0.239215687
vb0[601]+000 TEXCOORD2: 0.600000024, 0.450980395, 0.850980401, 0.239215687
vb0[601]+000 TEXCOORD3: 0.600000024, 0.450980395, 0.850980401, 0.239215687
vb0[601]+024 TANGENT: 1, 0, 0, 1

vb0[602]+000 POSITION: 0.106176905, 5.8730793, 1.66683006
vb0[602]+012 NORMAL: 1.60013812e-07, -1.00726379e-06, -1
vb0[602]+000 COLOR: 0.278431386, 0.450980395, 0.850980401, 0.239215687
vb0[602]+000 TEXCOORD: 0.278431386, 0.450980395, 0.850980401, 0.239215687
vb0[602]+000 TEXCOORD1: 0.278431386, 0.450980395, 0.850980401, 0.239215687
vb0[602]+000 TEXCOORD2: 0.278431386, 0.450980395, 0.850980401, 0.239215687
vb0[602]+000 TEXCOORD3: 0.278431386, 0.450980395, 0.850980401, 0.239215687
vb0[602]+024 TANGENT: 1, 0, 0, 1

vb0[603]+000 POSITION: 1.05988753, 5.72159147, 1.66683042
vb0[603]+012 NORMAL: 1.59994002e-07, -1.00713919e-06, -1
vb0[603]+000 COLOR: 0.396078438, 0.666666687, 0.529411793, 0.247058824
vb0[603]+000 TEXCOORD: 0.396078438, 0.666666687, 0.529411793, 0.247058824
vb0[603]+000 TEXCOORD1: 0.396078438, 0.666666687, 0.529411793, 0.247058824
vb0[603]+000 TEXCOORD2: 0.396078438, 0.666666687, 0.529411793, 0.247058824
vb0[603]+000 TEXCOORD3: 0.396078438, 0.666666687, 0.529411793, 0.247058824
vb0[603]+024 TANGENT: 1, 0, 0, 1

vb0[604]+000 POSITION: 2.02776217, 5.41311979, 1.62122071
vb0[604]+012 NORMAL: 0.000189665356, 1.10396604e-06, -1
vb0[604]+000 COLOR: 0.858823538, 0.776470602, 0.00392156886, 0.250980407
vb0[604]+000 TEXCOORD: 0.858823538, 0.776470602, 0.00392156886, 0.250980407
vb0[604]+000 TEXCOORD1: 0.858823538, 0.776470602, 0.00392156886, 0.250980407
vb0[604]+000 TEXCOORD2: 0.858823538, 0.776470602, 0.00392156886, 0.250980407
vb0[604]+000 TEXCOORD3: 0.858823538, 0.776470602, 0.00392156886, 0.250980407
vb0[604]+024 TANGENT: 1, 0, 0, -1

vb0[605]+000 POSITION: 2.12816477, 5.87801504, 1.6631608
vb0[605]+012 NORMAL: 0.709194601, 9.99431563e-07, -0.705012918
vb0[605]+000 COLOR: 0.854901969, 0.200000003, 0.0313725509, 0.250980407
vb0[605]+000 TEXCOORD: 0.854901969, 0.200000003, 0.0313725509, 0.250980407
vb0[605]+000 TEXCOORD1: 0.854901969, 0.200000003, 0.0313725509, 0.250980407
vb0[605]+000 TEXCOORD2: 0.854901969, 0.200000003, 0.0313725509, 0.250980407
vb0[605]+000 TEXCOORD3: 0.854901969, 0.200000003, 0.0313725509, 0.250980407
vb0[605]+024 TANGENT: 0.705012858, 0, 0.709194601, -1

vb0[606]+000 POSITION: 2.12816477, 5.41312075, 1.66316056
vb0[606]+012 NORMAL: 0.709194243, 6.85492296e-07, -0.705013037
vb0[606]+000 COLOR: 0.854901969, 0.200000003, 0.0313725509, 0.250980407
vb0[606]+000 TEXCOORD: 0.854901969, 0.200000003, 0.0313725509, 0.250980407
vb0[606]+000 TEXCOORD1: 0.854901969, 0.200000003, 0.0313725509, 0.250980407
vb0[606]+000 TEXCOORD2: 0.854901969, 0.200000003, 0.0313725509, 0.250980407
vb0[606]+000 TEXCOORD3: 0.854901969, 0.200000003, 0.0313725509, 0.250980407
vb0[606]+024 TANGENT: 0.705013037, 0, 0.709194303, -1

vb0[607]+000 POSITION: 2.02776194, 5.87801361, 1.62122142
vb0[607]+012 NORMAL: 0.000188819919, 1.22092376e-06, -1
vb0[607]+000 COLOR: 0.854901969, 0.776470602, 0.00392156886, 0.250980407
vb0[607]+000 TEXCOORD: 0.854901969, 0.776470602, 0.00392156886, 0.250980407
vb0[607]+000 TEXCOORD1: 0.854901969, 0.776470602, 0.00392156886, 0.250980407
vb0[607]+000 TEXCOORD2: 0.854901969, 0.776470602, 0.00392156886, 0.250980407
vb0[607]+000 TEXCOORD3: 0.854901969, 0.776470602, 0.00392156886, 0.250980407
vb0[607]+024 TANGENT: 1, 0, 0, -1

vb0[608]+000 POSITION: 2.16974139, 5.87801361, 1.76437354
vb0[608]+012 NORMAL: 1, 4.33950817e-07, 0.000154416543
vb0[608]+000 COLOR: 0.0431372561, 0.866666675, 0.0392156877, 0.250980407
vb0[608]+000 TEXCOORD: 0.0431372561, 0.866666675, 0.0392156877, 0.250980407
vb0[608]+000 TEXCOORD1: 0.0431372561, 0.866666675, 0.0392156877, 0.250980407
vb0[608]+000 TEXCOORD2: 0.0431372561, 0.866666675, 0.0392156877, 0.250980407
vb0[608]+000 TEXCOORD3: 0.0431372561, 0.866666675, 0.0392156877, 0.250980407
vb0[608]+024 TANGENT: 0, 0, 1, -1

vb0[609]+000 POSITION: 2.16974163, 5.41312122, 1.76437342
vb0[609]+012 NORMAL: 1, 9.93836579e-07, 0.000154267589
vb0[609]+000 COLOR: 0.0470588244, 0.866666675, 0.0392156877, 0.250980407
vb0[609]+000 TEXCOORD: 0.0470588244, 0.866666675, 0.0392156877, 0.250980407
vb0[609]+000 TEXCOORD1: 0.0470588244, 0.866666675, 0.0392156877, 0.250980407
vb0[609]+000 TEXCOORD2: 0.0470588244, 0.866666675, 0.0392156877, 0.250980407
vb0[609]+000 TEXCOORD3: 0.0470588244, 0.866666675, 0.0392156877, 0.250980407
vb0[609]+024 TANGENT: 0, 0, 1, -1

vb0[610]+000 POSITION: 2.12813497, 5.87801504, 1.86557019
vb0[610]+012 NORMAL: 0.708954275, 5.92940353e-07, 0.705254376
vb0[610]+000 COLOR: 0.36470589, 0.200000003, 0.0313725509, 0.250980407
vb0[610]+000 TEXCOORD: 0.36470589, 0.200000003, 0.0313725509, 0.250980407
vb0[610]+000 TEXCOORD1: 0.36470589, 0.200000003, 0.0313725509, 0.250980407
vb0[610]+000 TEXCOORD2: 0.36470589, 0.200000003, 0.0313725509, 0.250980407
vb0[610]+000 TEXCOORD3: 0.36470589, 0.200000003, 0.0313725509, 0.250980407
vb0[610]+024 TANGENT: -0.705251634, 0.00278666057, 0.708951533, -1

vb0[611]+000 POSITION: 2.12813544, 5.41311884, 1.86557019
vb0[611]+012 NORMAL: 0.708954513, 1.30428418e-06, 0.705254257
vb0[611]+000 COLOR: 0.372549027, 0.200000003, 0.0313725509, 0.250980407
vb0[611]+000 TEXCOORD: 0.372549027, 0.200000003, 0.0313725509, 0.250980407
vb0[611]+000 TEXCOORD1: 0.372549027, 0.200000003, 0.0313725509, 0.250980407
vb0[611]+000 TEXCOORD2: 0.372549027, 0.200000003, 0.0313725509, 0.250980407
vb0[611]+000 TEXCOORD3: 0.372549027, 0.200000003, 0.0313725509, 0.250980407
vb0[611]+024 TANGENT: -0.705251515, 0.00274002645, 0.708951831, -1

vb0[612]+000 POSITION: 2.02771807, 5.87801266, 1.9074713
vb0[612]+012 NORMAL: -0.000187956131, 0, 1
vb0[612]+000 COLOR: 0.13333334, 0.776470602, 0.00392156886, 0.250980407
vb0[612]+000 TEXCOORD: 0.13333334, 0.776470602, 0.00392156886, 0.250980407
vb0[612]+000 TEXCOORD1: 0.13333334, 0.776470602, 0.00392156886, 0.250980407
vb0[612]+000 TEXCOORD2: 0.13333334, 0.776470602, 0.00392156886, 0.250980407
vb0[612]+000 TEXCOORD3: 0.13333334, 0.776470602, 0.00392156886, 0.250980407
vb0[612]+024 TANGENT: -0.999987721, 0.00495828502, 0, -1

vb0[613]+000 POSITION: 2.02771926, 5.41311979, 1.90747142
vb0[613]+012 NORMAL: -0.000186230274, 2.58577103e-07, 1
vb0[613]+000 COLOR: 0.152941182, 0.776470602, 0.00392156886, 0.250980407
vb0[613]+000 TEXCOORD: 0.152941182, 0.776470602, 0.00392156886, 0.250980407
vb0[613]+000 TEXCOORD1: 0.152941182, 0.776470602, 0.00392156886, 0.250980407
vb0[613]+000 TEXCOORD2: 0.152941182, 0.776470602, 0.00392156886, 0.250980407
vb0[613]+000 TEXCOORD3: 0.152941182, 0.776470602, 0.00392156886, 0.250980407
vb0[613]+024 TANGENT: -0.999987841, 0.00494608888, 0, -1

vb0[614]+000 POSITION: 1.92731547, 5.87801361, 1.86553156
vb0[614]+012 NORMAL: -0.385439962, -7.31102716e-07, 0.92273289
vb0[614]+000 COLOR: 0.274509817, 0.698039234, 0.964705884, 0.247058824
vb0[614]+000 TEXCOORD: 0.274509817, 0.698039234, 0.964705884, 0.247058824
vb0[614]+000 TEXCOORD1: 0.274509817, 0.698039234, 0.964705884, 0.247058824
vb0[614]+000 TEXCOORD2: 0.274509817, 0.698039234, 0.964705884, 0.247058824
vb0[614]+000 TEXCOORD3: 0.274509817, 0.698039234, 0.964705884, 0.247058824
vb0[614]+024 TANGENT: -0.922723532, 0.00451005204, -0.385436058, -1

vb0[615]+000 POSITION: 1.92731583, 5.41311932, 1.86553133
vb0[615]+012 NORMAL: -0.385440469, -8.58738588e-07, 0.922732651
vb0[615]+000 COLOR: 0.286274523, 0.698039234, 0.964705884, 0.247058824
vb0[615]+000 TEXCOORD: 0.286274523, 0.698039234, 0.964705884, 0.247058824
vb0[615]+000 TEXCOORD1: 0.286274523, 0.698039234, 0.964705884, 0.247058824
vb0[615]+000 TEXCOORD2: 0.286274523, 0.698039234, 0.964705884, 0.247058824
vb0[615]+000 TEXCOORD3: 0.286274523, 0.698039234, 0.964705884, 0.247058824
vb0[615]+024 TANGENT: -0.922723234, 0.0045395433, -0.385436535, -1

vb0[616]+000 POSITION: 1.92734563, 5.41312075, 1.66312158
vb0[616]+012 NORMAL: -0.385090172, 1.12874568e-06, -0.922878981
vb0[616]+000 COLOR: 0.262745112, 0.701960802, 0.964705884, 0.247058824
vb0[616]+000 TEXCOORD: 0.262745112, 0.701960802, 0.964705884, 0.247058824
vb0[616]+000 TEXCOORD1: 0.262745112, 0.701960802, 0.964705884, 0.247058824
vb0[616]+000 TEXCOORD2: 0.262745112, 0.701960802, 0.964705884, 0.247058824
vb0[616]+000 TEXCOORD3: 0.262745112, 0.701960802, 0.964705884, 0.247058824
vb0[616]+024 TANGENT: 0.922878981, 0, -0.385090172, -1

vb0[617]+000 POSITION: 2.02776194, 5.87801361, 1.62122142
vb0[617]+012 NORMAL: 0.000188819919, 1.22092376e-06, -1
vb0[617]+000 COLOR: 0.854901969, 0.776470602, 0.00392156886, 0.250980407
vb0[617]+000 TEXCOORD: 0.854901969, 0.776470602, 0.00392156886, 0.250980407
vb0[617]+000 TEXCOORD1: 0.854901969, 0.776470602, 0.00392156886, 0.250980407
vb0[617]+000 TEXCOORD2: 0.854901969, 0.776470602, 0.00392156886, 0.250980407
vb0[617]+000 TEXCOORD3: 0.854901969, 0.776470602, 0.00392156886, 0.250980407
vb0[617]+024 TANGENT: 1, 0, 0, -1

vb0[618]+000 POSITION: 2.02776217, 5.41311979, 1.62122071
vb0[618]+012 NORMAL: 0.000189665356, 1.10396604e-06, -1
vb0[618]+000 COLOR: 0.858823538, 0.776470602, 0.00392156886, 0.250980407
vb0[618]+000 TEXCOORD: 0.858823538, 0.776470602, 0.00392156886, 0.250980407
vb0[618]+000 TEXCOORD1: 0.858823538, 0.776470602, 0.00392156886, 0.250980407
vb0[618]+000 TEXCOORD2: 0.858823538, 0.776470602, 0.00392156886, 0.250980407
vb0[618]+000 TEXCOORD3: 0.858823538, 0.776470602, 0.00392156886, 0.250980407
vb0[618]+024 TANGENT: 1, 0, 0, -1

vb0[619]+000 POSITION: 1.9273454, 5.87801504, 1.66312194
vb0[619]+012 NORMAL: -0.385087103, 3.5302952e-07, -0.922880292
vb0[619]+000 COLOR: 0.254901975, 0.701960802, 0.964705884, 0.247058824
vb0[619]+000 TEXCOORD: 0.254901975, 0.701960802, 0.964705884, 0.247058824
vb0[619]+000 TEXCOORD1: 0.254901975, 0.701960802, 0.964705884, 0.247058824
vb0[619]+000 TEXCOORD2: 0.254901975, 0.701960802, 0.964705884, 0.247058824
vb0[619]+000 TEXCOORD3: 0.254901975, 0.701960802, 0.964705884, 0.247058824
vb0[619]+024 TANGENT: 0.922880292, 0, -0.385087132, -1

vb0[620]+000 POSITION: 2.02776194, 1.01973164, 1.62122142
vb0[620]+012 NORMAL: 0.00019313916, 0, -1
vb0[620]+000 COLOR: 0.854901969, 0.776470602, 0.00392156886, 0.250980407
vb0[620]+000 TEXCOORD: 0.854901969, 0.776470602, 0.00392156886, 0.250980407
vb0[620]+000 TEXCOORD1: 0.854901969, 0.776470602, 0.00392156886, 0.250980407
vb0[620]+000 TEXCOORD2: 0.854901969, 0.776470602, 0.00392156886, 0.250980407
vb0[620]+000 TEXCOORD3: 0.854901969, 0.776470602, 0.00392156886, 0.250980407
vb0[620]+024 TANGENT: 0.999999285, 0.00124606374, 0, -1

vb0[621]+000 POSITION: 2.12816477, 1.60236716, 1.66316116
vb0[621]+012 NORMAL: 0.709195554, 0, -0.705011904
vb0[621]+000 COLOR: 0.854901969, 0.200000003, 0.0313725509, 0.250980407
vb0[621]+000 TEXCOORD: 0.854901969, 0.200000003, 0.0313725509, 0.250980407
vb0[621]+000 TEXCOORD1: 0.854901969, 0.200000003, 0.0313725509, 0.250980407
vb0[621]+000 TEXCOORD2: 0.854901969, 0.200000003, 0.0313725509, 0.250980407
vb0[621]+000 TEXCOORD3: 0.854901969, 0.200000003, 0.0313725509, 0.250980407
vb0[621]+024 TANGENT: 0.705011904, 0, 0.709195495, -1

vb0[622]+000 POSITION: 2.12816477, 1.01973224, 1.66316128
vb0[622]+012 NORMAL: 0.709195733, -1.37147282e-07, -0.705011725
vb0[622]+000 COLOR: 0.854901969, 0.200000003, 0.0313725509, 0.250980407
vb0[622]+000 TEXCOORD: 0.854901969, 0.200000003, 0.0313725509, 0.250980407
vb0[622]+000 TEXCOORD1: 0.854901969, 0.200000003, 0.0313725509, 0.250980407
vb0[622]+000 TEXCOORD2: 0.854901969, 0.200000003, 0.0313725509, 0.250980407
vb0[622]+000 TEXCOORD3: 0.854901969, 0.200000003, 0.0313725509, 0.250980407
vb0[622]+024 TANGENT: 0.705011666, 0, 0.709195733, -1

vb0[623]+000 POSITION: 2.02776194, 1.60236716, 1.62122154
vb0[623]+012 NORMAL: 0.000188739315, 1.07168012e-06, -1
vb0[623]+000 COLOR: 0.854901969, 0.776470602, 0.00392156886, 0.250980407
vb0[623]+000 TEXCOORD: 0.854901969, 0.776470602, 0.00392156886, 0.250980407
vb0[623]+000 TEXCOORD1: 0.854901969, 0.776470602, 0.00392156886, 0.250980407
vb0[623]+000 TEXCOORD2: 0.854901969, 0.776470602, 0.00392156886, 0.250980407
vb0[623]+000 TEXCOORD3: 0.854901969, 0.776470602, 0.00392156886, 0.250980407
vb0[623]+024 TANGENT: 0.999999285, 0.00122724462, 0, -1

vb0[624]+000 POSITION: 2.16974092, 1.60236716, 1.76437378
vb0[624]+012 NORMAL: 1, 0, 0.000156591967
vb0[624]+000 COLOR: 0.0352941193, 0.866666675, 0.0392156877, 0.250980407
vb0[624]+000 TEXCOORD: 0.0352941193, 0.866666675, 0.0392156877, 0.250980407
vb0[624]+000 TEXCOORD1: 0.0352941193, 0.866666675, 0.0392156877, 0.250980407
vb0[624]+000 TEXCOORD2: 0.0352941193, 0.866666675, 0.0392156877, 0.250980407
vb0[624]+000 TEXCOORD3: 0.0352941193, 0.866666675, 0.0392156877, 0.250980407
vb0[624]+024 TANGENT: 0, 0, 1, -1

vb0[625]+000 POSITION: 2.16974092, 1.01973224, 1.76437378
vb0[625]+012 NORMAL: 1, -2.78400933e-07, 0.000157640781
vb0[625]+000 COLOR: 0.0352941193, 0.866666675, 0.0392156877, 0.250980407
vb0[625]+000 TEXCOORD: 0.0352941193, 0.866666675, 0.0392156877, 0.250980407
vb0[625]+000 TEXCOORD1: 0.0352941193, 0.866666675, 0.0392156877, 0.250980407
vb0[625]+000 TEXCOORD2: 0.0352941193, 0.866666675, 0.0392156877, 0.250980407
vb0[625]+000 TEXCOORD3: 0.0352941193, 0.866666675, 0.0392156877, 0.250980407
vb0[625]+024 TANGENT: 0, 0, 1, -1

vb0[626]+000 POSITION: 2.12813425, 1.60236716, 1.86557043
vb0[626]+012 NORMAL: 0.708956897, -2.77320567e-07, 0.705251753
vb0[626]+000 COLOR: 0.352941185, 0.200000003, 0.0313725509, 0.250980407
vb0[626]+000 TEXCOORD: 0.352941185, 0.200000003, 0.0313725509, 0.250980407
vb0[626]+000 TEXCOORD1: 0.352941185, 0.200000003, 0.0313725509, 0.250980407
vb0[626]+000 TEXCOORD2: 0.352941185, 0.200000003, 0.0313725509, 0.250980407
vb0[626]+000 TEXCOORD3: 0.352941185, 0.200000003, 0.0313725509, 0.250980407
vb0[626]+024 TANGENT: -0.705247521, 0.00349643198, 0.708952546, -1

vb0[627]+000 POSITION: 2.12813401, 1.01973224, 1.86557031
vb0[627]+012 NORMAL: 0.708953142, -5.56040675e-07, 0.705255628
vb0[627]+000 COLOR: 0.349019617, 0.200000003, 0.0313725509, 0.250980407
vb0[627]+000 TEXCOORD: 0.349019617, 0.200000003, 0.0313725509, 0.250980407
vb0[627]+000 TEXCOORD1: 0.349019617, 0.200000003, 0.0313725509, 0.250980407
vb0[627]+000 TEXCOORD2: 0.349019617, 0.200000003, 0.0313725509, 0.250980407
vb0[627]+000 TEXCOORD3: 0.349019617, 0.200000003, 0.0313725509, 0.250980407
vb0[627]+024 TANGENT: -0.705251455, 0.00343403104, 0.70894897, -1

vb0[628]+000 POSITION: 2.02771902, 1.60236585, 1.90747201
vb0[628]+012 NORMAL: -0.00018234404, -2.61797226e-07, 1
vb0[628]+000 COLOR: 0.149019614, 0.776470602, 0.00392156886, 0.250980407
vb0[628]+000 TEXCOORD: 0.149019614, 0.776470602, 0.00392156886, 0.250980407
vb0[628]+000 TEXCOORD1: 0.149019614, 0.776470602, 0.00392156886, 0.250980407
vb0[628]+000 TEXCOORD2: 0.149019614, 0.776470602, 0.00392156886, 0.250980407
vb0[628]+000 TEXCOORD3: 0.149019614, 0.776470602, 0.00392156886, 0.250980407
vb0[628]+024 TANGENT: -0.999980688, 0.00621997472, 0, -1

vb0[629]+000 POSITION: 2.02771854, 1.01973045, 1.9074719
vb0[629]+012 NORMAL: -0.000183501455, -4.35841145e-07, 1
vb0[629]+000 COLOR: 0.141176477, 0.776470602, 0.00392156886, 0.250980407
vb0[629]+000 TEXCOORD: 0.141176477, 0.776470602, 0.00392156886, 0.250980407
vb0[629]+000 TEXCOORD1: 0.141176477, 0.776470602, 0.00392156886, 0.250980407
vb0[629]+000 TEXCOORD2: 0.141176477, 0.776470602, 0.00392156886, 0.250980407
vb0[629]+000 TEXCOORD3: 0.141176477, 0.776470602, 0.00392156886, 0.250980407
vb0[629]+024 TANGENT: -0.999980807, 0.00619407371, 0, -1

vb0[630]+000 POSITION: 1.92731452, 1.60236716, 1.86553204
vb0[630]+012 NORMAL: -0.385436505, 0, 0.92273432
vb0[630]+000 COLOR: 0.243137255, 0.698039234, 0.964705884, 0.247058824
vb0[630]+000 TEXCOORD: 0.243137255, 0.698039234, 0.964705884, 0.247058824
vb0[630]+000 TEXCOORD1: 0.243137255, 0.698039234, 0.964705884, 0.247058824
vb0[630]+000 TEXCOORD2: 0.243137255, 0.698039234, 0.964705884, 0.247058824
vb0[630]+000 TEXCOORD3: 0.243137255, 0.698039234, 0.964705884, 0.247058824
vb0[630]+024 TANGENT: -0.922719598, 0.0056524761, -0.385430366, -1

vb0[631]+000 POSITION: 1.92731512, 1.01973224, 1.86553204
vb0[631]+012 NORMAL: -0.385438144, -4.03773839e-07, 0.922733665
vb0[631]+000 COLOR: 0.262745112, 0.698039234, 0.964705884, 0.247058824
vb0[631]+000 TEXCOORD: 0.262745112, 0.698039234, 0.964705884, 0.247058824
vb0[631]+000 TEXCOORD1: 0.262745112, 0.698039234, 0.964705884, 0.247058824
vb0[631]+000 TEXCOORD2: 0.262745112, 0.698039234, 0.964705884, 0.247058824
vb0[631]+000 TEXCOORD3: 0.262745112, 0.698039234, 0.964705884, 0.247058824
vb0[631]+024 TANGENT: -0.922718585, 0.00571306935, -0.385431826, -1

vb0[632]+000 POSITION: 1.92734385, 1.01973164, 1.66312194
vb0[632]+012 NORMAL: -0.385083139, 4.4075648e-07, -0.922881901
vb0[632]+000 COLOR: 0.203921571, 0.701960802, 0.964705884, 0.247058824
vb0[632]+000 TEXCOORD: 0.203921571, 0.701960802, 0.964705884, 0.247058824
vb0[632]+000 TEXCOORD1: 0.203921571, 0.701960802, 0.964705884, 0.247058824
vb0[632]+000 TEXCOORD2: 0.203921571, 0.701960802, 0.964705884, 0.247058824
vb0[632]+000 TEXCOORD3: 0.203921571, 0.701960802, 0.964705884, 0.247058824
vb0[632]+024 TANGENT: 0.922881424, 0.00105431001, -0.38508299, -1

vb0[633]+000 POSITION: 2.02776194, 1.60236716, 1.62122154
vb0[633]+012 NORMAL: 0.000188739315, 1.07168012e-06, -1
vb0[633]+000 COLOR: 0.854901969, 0.776470602, 0.00392156886, 0.250980407
vb0[633]+000 TEXCOORD: 0.854901969, 0.776470602, 0.00392156886, 0.250980407
vb0[633]+000 TEXCOORD1: 0.854901969, 0.776470602, 0.00392156886, 0.250980407
vb0[633]+000 TEXCOORD2: 0.854901969, 0.776470602, 0.00392156886, 0.250980407
vb0[633]+000 TEXCOORD3: 0.854901969, 0.776470602, 0.00392156886, 0.250980407
vb0[633]+024 TANGENT: 0.999999404, 0.00114925217, 0, -1

vb0[634]+000 POSITION: 2.02776194, 1.01973164, 1.62122142
vb0[634]+012 NORMAL: 0.00019313916, 0, -1
vb0[634]+000 COLOR: 0.854901969, 0.776470602, 0.00392156886, 0.250980407
vb0[634]+000 TEXCOORD: 0.854901969, 0.776470602, 0.00392156886, 0.250980407
vb0[634]+000 TEXCOORD1: 0.854901969, 0.776470602, 0.00392156886, 0.250980407
vb0[634]+000 TEXCOORD2: 0.854901969, 0.776470602, 0.00392156886, 0.250980407
vb0[634]+000 TEXCOORD3: 0.854901969, 0.776470602, 0.00392156886, 0.250980407
vb0[634]+024 TANGENT: 0.999999404, 0.00114139612, 0, -1

vb0[635]+000 POSITION: 1.92734563, 1.60236704, 1.66312242
vb0[635]+012 NORMAL: -0.3850905, 1.93531355e-06, -0.922878742
vb0[635]+000 COLOR: 0.262745112, 0.701960802, 0.964705884, 0.247058824
vb0[635]+000 TEXCOORD: 0.262745112, 0.701960802, 0.964705884, 0.247058824
vb0[635]+000 TEXCOORD1: 0.262745112, 0.701960802, 0.964705884, 0.247058824
vb0[635]+000 TEXCOORD2: 0.262745112, 0.701960802, 0.964705884, 0.247058824
vb0[635]+000 TEXCOORD3: 0.262745112, 0.701960802, 0.964705884, 0.247058824
vb0[635]+024 TANGENT: 0.922878265, 0.00106188271, -0.385090262, -1

vb0[636]+000 POSITION: -7.62939436e-08, 6.51363802, 2.58835101
vb0[636]+012 NORMAL: 2.89368785e-07, 0, 1
vb0[636]+000 COLOR: 0.0392156877, 0.843137264, 0.639215708, 0.701960802
vb0[636]+000 TEXCOORD: 0.0392156877, 0.843137264, 0.639215708, 0.701960802
vb0[636]+000 TEXCOORD1: 0.0392156877, 0.843137264, 0.639215708, 0.701960802
vb0[636]+000 TEXCOORD2: 0.0392156877, 0.843137264, 0.639215708, 0.701960802
vb0[636]+000 TEXCOORD3: 0.0392156877, 0.843137264, 0.639215708, 0.701960802
vb0[636]+024 TANGENT: -0.999687433, 0.0250004623, 0, -1

vb0[637]+000 POSITION: 2.10925174, 8.47151184, 2.58835053
vb0[637]+012 NORMAL: 2.89368785e-07, 0, 1
vb0[637]+000 COLOR: 0.984313726, 0.992156863, 0.0235294122, 0.250980407
vb0[637]+000 TEXCOORD: 0.984313726, 0.992156863, 0.0235294122, 0.250980407
vb0[637]+000 TEXCOORD1: 0.984313726, 0.992156863, 0.0235294122, 0.250980407
vb0[637]+000 TEXCOORD2: 0.984313726, 0.992156863, 0.0235294122, 0.250980407
vb0[637]+000 TEXCOORD3: 0.984313726, 0.992156863, 0.0235294122, 0.250980407
vb0[637]+024 TANGENT: -0.999687433, 0.0250004604, 0, -1

vb0[638]+000 POSITION: 3.05175774e-07, 10.5348825, 2.58835101
vb0[638]+012 NORMAL: 2.89368813e-07, 0, 1
vb0[638]+000 COLOR: 0.0392156877, 0.843137264, 0.639215708, 0.203921571
vb0[638]+000 TEXCOORD: 0.0392156877, 0.843137264, 0.639215708, 0.203921571
vb0[638]+000 TEXCOORD1: 0.0392156877, 0.843137264, 0.639215708, 0.203921571
vb0[638]+000 TEXCOORD2: 0.0392156877, 0.843137264, 0.639215708, 0.203921571
vb0[638]+000 TEXCOORD3: 0.0392156877, 0.843137264, 0.639215708, 0.203921571
vb0[638]+024 TANGENT: -0.999687433, 0.0250004642, 0, -1

vb0[639]+000 POSITION: 3.05175774e-07, 10.5348825, 2.58835101
vb0[639]+012 NORMAL: 0.699289441, 0.714838743, -1.2349534e-07
vb0[639]+000 COLOR: 0.0392156877, 0.843137264, 0.639215708, 0.203921571
vb0[639]+000 TEXCOORD: 0.0392156877, 0.843137264, 0.639215708, 0.203921571
vb0[639]+000 TEXCOORD1: 0.0392156877, 0.843137264, 0.639215708, 0.203921571
vb0[639]+000 TEXCOORD2: 0.0392156877, 0.843137264, 0.639215708, 0.203921571
vb0[639]+000 TEXCOORD3: 0.0392156877, 0.843137264, 0.639215708, 0.203921571
vb0[639]+024 TANGENT: -0.276959628, 0.270935297, 0.921893358, -1

vb0[640]+000 POSITION: 2.10925126, 8.47151184, 1.72432625
vb0[640]+012 NORMAL: 0.699289441, 0.714838743, -1.2349534e-07
vb0[640]+000 COLOR: 0.97647059, 0.992156863, 0.0235294122, 0.250980407
vb0[640]+000 TEXCOORD: 0.97647059, 0.992156863, 0.0235294122, 0.250980407
vb0[640]+000 TEXCOORD1: 0.97647059, 0.992156863, 0.0235294122, 0.250980407
vb0[640]+000 TEXCOORD2: 0.97647059, 0.992156863, 0.0235294122, 0.250980407
vb0[640]+000 TEXCOORD3: 0.97647059, 0.992156863, 0.0235294122, 0.250980407
vb0[640]+024 TANGENT: -0.276959628, 0.270935297, 0.921893358, -1

vb0[641]+000 POSITION: 1.52587887e-07, 10.5348825, 1.72432578
vb0[641]+012 NORMAL: 0.699289382, 0.714838624, -1.23495312e-07
vb0[641]+000 COLOR: 0.0392156877, 0.843137264, 0.137254909, 0.203921571
vb0[641]+000 TEXCOORD: 0.0392156877, 0.843137264, 0.137254909, 0.203921571
vb0[641]+000 TEXCOORD1: 0.0392156877, 0.843137264, 0.137254909, 0.203921571
vb0[641]+000 TEXCOORD2: 0.0392156877, 0.843137264, 0.137254909, 0.203921571
vb0[641]+000 TEXCOORD3: 0.0392156877, 0.843137264, 0.137254909, 0.203921571
vb0[641]+024 TANGENT: -0.276959598, 0.270935327, 0.921893358, -1

vb0[642]+000 POSITION: 2.10925174, 8.47151184, 2.58835053
vb0[642]+012 NORMAL: 0.699289441, 0.714838624, 2.57975046e-07
vb0[642]+000 COLOR: 0.984313726, 0.992156863, 0.0235294122, 0.250980407
vb0[642]+000 TEXCOORD: 0.984313726, 0.992156863, 0.0235294122, 0.250980407
vb0[642]+000 TEXCOORD1: 0.984313726, 0.992156863, 0.0235294122, 0.250980407
vb0[642]+000 TEXCOORD2: 0.984313726, 0.992156863, 0.0235294122, 0.250980407
vb0[642]+000 TEXCOORD3: 0.984313726, 0.992156863, 0.0235294122, 0.250980407
vb0[642]+024 TANGENT: -0.276960433, 0.270935655, 0.92189306, -1

vb0[643]+000 POSITION: -7.62939436e-08, 6.51363802, 2.58835101
vb0[643]+012 NORMAL: 0.680317283, -0.732917845, -7.58027284e-07
vb0[643]+000 COLOR: 0.0392156877, 0.843137264, 0.639215708, 0.701960802
vb0[643]+000 TEXCOORD: 0.0392156877, 0.843137264, 0.639215708, 0.701960802
vb0[643]+000 TEXCOORD1: 0.0392156877, 0.843137264, 0.639215708, 0.701960802
vb0[643]+000 TEXCOORD2: 0.0392156877, 0.843137264, 0.639215708, 0.701960802
vb0[643]+000 TEXCOORD3: 0.0392156877, 0.843137264, 0.639215708, 0.701960802
vb0[643]+024 TANGENT: -0.277979314, -0.258029997, 0.925282657, -1

vb0[644]+000 POSITION: 2.10925126, 8.47151184, 1.72432625
vb0[644]+012 NORMAL: 0.680317342, -0.732917786, -7.58027227e-07
vb0[644]+000 COLOR: 0.97647059, 0.992156863, 0.0235294122, 0.250980407
vb0[644]+000 TEXCOORD: 0.97647059, 0.992156863, 0.0235294122, 0.250980407
vb0[644]+000 TEXCOORD1: 0.97647059, 0.992156863, 0.0235294122, 0.250980407
vb0[644]+000 TEXCOORD2: 0.97647059, 0.992156863, 0.0235294122, 0.250980407
vb0[644]+000 TEXCOORD3: 0.97647059, 0.992156863, 0.0235294122, 0.250980407
vb0[644]+024 TANGENT: -0.277979255, -0.258029997, 0.925282657, -1

vb0[645]+000 POSITION: 2.10925174, 8.47151184, 2.58835053
vb0[645]+012 NORMAL: 0.680317342, -0.732917786, -7.58027227e-07
vb0[645]+000 COLOR: 0.984313726, 0.992156863, 0.0235294122, 0.250980407
vb0[645]+000 TEXCOORD: 0.984313726, 0.992156863, 0.0235294122, 0.250980407
vb0[645]+000 TEXCOORD1: 0.984313726, 0.992156863, 0.0235294122, 0.250980407
vb0[645]+000 TEXCOORD2: 0.984313726, 0.992156863, 0.0235294122, 0.250980407
vb0[645]+000 TEXCOORD3: 0.984313726, 0.992156863, 0.0235294122, 0.250980407
vb0[645]+024 TANGENT: -0.277979255, -0.258029997, 0.925282657, -1

vb0[646]+000 POSITION: 0, 6.51363897, 1.72432566
vb0[646]+012 NORMAL: 0.680317342, -0.732917666, -4.57664072e-07
vb0[646]+000 COLOR: 0, 0, 0, 0
vb0[646]+000 TEXCOORD: 0, 0, 0, 0
vb0[646]+000 TEXCOORD1: 0, 0, 0, 0
vb0[646]+000 TEXCOORD2: 0, 0, 0, 0
vb0[646]+000 TEXCOORD3: 0, 0, 0, 0
vb0[646]+024 TANGENT: -0.277979851, -0.258030266, 0.925282359, -1

vb0[647]+000 POSITION: 0, 6.51363897, 1.72432566
vb0[647]+012 NORMAL: 2.5414667e-07, 0, -1
vb0[647]+000 COLOR: 0, 0, 0, 0
vb0[647]+000 TEXCOORD: 0, 0, 0, 0
vb0[647]+000 TEXCOORD1: 0, 0, 0, 0
vb0[647]+000 TEXCOORD2: 0, 0, 0, 0
vb0[647]+000 TEXCOORD3: 0, 0, 0, 0
vb0[647]+024 TANGENT: -0.999687433, 0.0250003505, 0, 1

vb0[648]+000 POSITION: 1.52587887e-07, 10.5348825, 1.72432578
vb0[648]+012 NORMAL: 2.5414667e-07, 0, -1
vb0[648]+000 COLOR: 0.0392156877, 0.843137264, 0.137254909, 0.203921571
vb0[648]+000 TEXCOORD: 0.0392156877, 0.843137264, 0.137254909, 0.203921571
vb0[648]+000 TEXCOORD1: 0.0392156877, 0.843137264, 0.137254909, 0.203921571
vb0[648]+000 TEXCOORD2: 0.0392156877, 0.843137264, 0.137254909, 0.203921571
vb0[648]+000 TEXCOORD3: 0.0392156877, 0.843137264, 0.137254909, 0.203921571
vb0[648]+024 TANGENT: -0.999687433, 0.0250003524, 0, 1

vb0[649]+000 POSITION: 2.10925126, 8.47151184, 1.72432625
vb0[649]+012 NORMAL: 2.5414667e-07, 0, -1
vb0[649]+000 COLOR: 0.97647059, 0.992156863, 0.0235294122, 0.250980407
vb0[649]+000 TEXCOORD: 0.97647059, 0.992156863, 0.0235294122, 0.250980407
vb0[649]+000 TEXCOORD1: 0.97647059, 0.992156863, 0.0235294122, 0.250980407
vb0[649]+000 TEXCOORD2: 0.97647059, 0.992156863, 0.0235294122, 0.250980407
vb0[649]+000 TEXCOORD3: 0.97647059, 0.992156863, 0.0235294122, 0.250980407
vb0[649]+024 TANGENT: -0.999687433, 0.0250003505, 0, 1

vb0[650]+000 POSITION: 3.05175774e-07, 10.5348825, 2.58835101
vb0[650]+012 NORMAL: -2.89368842e-07, 0, 1
vb0[650]+000 COLOR: 0.0392156877, 0.843137264, 0.639215708, 0.203921571
vb0[650]+000 TEXCOORD: 0.0392156877, 0.843137264, 0.639215708, 0.203921571
vb0[650]+000 TEXCOORD1: 0.0392156877, 0.843137264, 0.639215708, 0.203921571
vb0[650]+000 TEXCOORD2: 0.0392156877, 0.843137264, 0.639215708, 0.203921571
vb0[650]+000 TEXCOORD3: 0.0392156877, 0.843137264, 0.639215708, 0.203921571
vb0[650]+024 TANGENT: 0.999687433, 0.0250004642, 0, -1

vb0[651]+000 POSITION: -2.10925126, 8.47151184, 2.58835053
vb0[651]+012 NORMAL: -2.89368842e-07, 0, 1
vb0[651]+000 COLOR: 0.97647059, 0.992156863, 0.0235294122, 0.752941191
vb0[651]+000 TEXCOORD: 0.97647059, 0.992156863, 0.0235294122, 0.752941191
vb0[651]+000 TEXCOORD1: 0.97647059, 0.992156863, 0.0235294122, 0.752941191
vb0[651]+000 TEXCOORD2: 0.97647059, 0.992156863, 0.0235294122, 0.752941191
vb0[651]+000 TEXCOORD3: 0.97647059, 0.992156863, 0.0235294122, 0.752941191
vb0[651]+024 TANGENT: 0.999687433, 0.0250004623, 0, -1

vb0[652]+000 POSITION: -7.62939436e-08, 6.51363802, 2.58835101
vb0[652]+012 NORMAL: -2.8936887e-07, 0, 1
vb0[652]+000 COLOR: 0.0392156877, 0.843137264, 0.639215708, 0.701960802
vb0[652]+000 TEXCOORD: 0.0392156877, 0.843137264, 0.639215708, 0.701960802
vb0[652]+000 TEXCOORD1: 0.0392156877, 0.843137264, 0.639215708, 0.701960802
vb0[652]+000 TEXCOORD2: 0.0392156877, 0.843137264, 0.639215708, 0.701960802
vb0[652]+000 TEXCOORD3: 0.0392156877, 0.843137264, 0.639215708, 0.701960802
vb0[652]+024 TANGENT: 0.999687433, 0.0250004623, 0, -1

vb0[653]+000 POSITION: -7.62939436e-08, 6.51363802, 2.58835101
vb0[653]+012 NORMAL: -0.680317342, -0.732917666, -5.77808919e-07
vb0[653]+000 COLOR: 0.0392156877, 0.843137264, 0.639215708, 0.701960802
vb0[653]+000 TEXCOORD: 0.0392156877, 0.843137264, 0.639215708, 0.701960802
vb0[653]+000 TEXCOORD1: 0.0392156877, 0.843137264, 0.639215708, 0.701960802
vb0[653]+000 TEXCOORD2: 0.0392156877, 0.843137264, 0.639215708, 0.701960802
vb0[653]+000 TEXCOORD3: 0.0392156877, 0.843137264, 0.639215708, 0.701960802
vb0[653]+024 TANGENT: 0.277978003, -0.258028746, 0.925283372, -1

vb0[654]+000 POSITION: -2.10925126, 8.47151184, 1.72432625
vb0[654]+012 NORMAL: -0.680317342, -0.732917666, -5.77808919e-07
vb0[654]+000 COLOR: 0.97647059, 0.992156863, 0.0235294122, 0.752941191
vb0[654]+000 TEXCOORD: 0.97647059, 0.992156863, 0.0235294122, 0.752941191
vb0[654]+000 TEXCOORD1: 0.97647059, 0.992156863, 0.0235294122, 0.752941191
vb0[654]+000 TEXCOORD2: 0.97647059, 0.992156863, 0.0235294122, 0.752941191
vb0[654]+000 TEXCOORD3: 0.97647059, 0.992156863, 0.0235294122, 0.752941191
vb0[654]+024 TANGENT: 0.277978092, -0.258028746, 0.925283372, -1

vb0[655]+000 POSITION: 0, 6.51363897, 1.72432566
vb0[655]+012 NORMAL: -0.680317342, -0.732917666, -5.77808919e-07
vb0[655]+000 COLOR: 0, 0, 0, 0
vb0[655]+000 TEXCOORD: 0, 0, 0, 0
vb0[655]+000 TEXCOORD1: 0, 0, 0, 0
vb0[655]+000 TEXCOORD2: 0, 0, 0, 0
vb0[655]+000 TEXCOORD3: 0, 0, 0, 0
vb0[655]+024 TANGENT: 0.277978092, -0.258028746, 0.925283372, -1

vb0[656]+000 POSITION: -2.10925126, 8.47151184, 2.58835053
vb0[656]+012 NORMAL: -0.680317342, -0.732917666, -5.17737135e-07
vb0[656]+000 COLOR: 0.97647059, 0.992156863, 0.0235294122, 0.752941191
vb0[656]+000 TEXCOORD: 0.97647059, 0.992156863, 0.0235294122, 0.752941191
vb0[656]+000 TEXCOORD1: 0.97647059, 0.992156863, 0.0235294122, 0.752941191
vb0[656]+000 TEXCOORD2: 0.97647059, 0.992156863, 0.0235294122, 0.752941191
vb0[656]+000 TEXCOORD3: 0.97647059, 0.992156863, 0.0235294122, 0.752941191
vb0[656]+024 TANGENT: 0.277979046, -0.25802961, 0.925282896, -1

vb0[657]+000 POSITION: 3.05175774e-07, 10.5348825, 2.58835101
vb0[657]+012 NORMAL: -0.699289441, 0.714838624, 5.04966067e-07
vb0[657]+000 COLOR: 0.0392156877, 0.843137264, 0.639215708, 0.203921571
vb0[657]+000 TEXCOORD: 0.0392156877, 0.843137264, 0.639215708, 0.203921571
vb0[657]+000 TEXCOORD1: 0.0392156877, 0.843137264, 0.639215708, 0.203921571
vb0[657]+000 TEXCOORD2: 0.0392156877, 0.843137264, 0.639215708, 0.203921571
vb0[657]+000 TEXCOORD3: 0.0392156877, 0.843137264, 0.639215708, 0.203921571
vb0[657]+024 TANGENT: 0.276961088, 0.270935953, 0.921892703, -1

vb0[658]+000 POSITION: -2.10925126, 8.47151184, 1.72432625
vb0[658]+012 NORMAL: -0.699289441, 0.714838624, 5.04966124e-07
vb0[658]+000 COLOR: 0.97647059, 0.992156863, 0.0235294122, 0.752941191
vb0[658]+000 TEXCOORD: 0.97647059, 0.992156863, 0.0235294122, 0.752941191
vb0[658]+000 TEXCOORD1: 0.97647059, 0.992156863, 0.0235294122, 0.752941191
vb0[658]+000 TEXCOORD2: 0.97647059, 0.992156863, 0.0235294122, 0.752941191
vb0[658]+000 TEXCOORD3: 0.97647059, 0.992156863, 0.0235294122, 0.752941191
vb0[658]+024 TANGENT: 0.276961058, 0.270935923, 0.921892703, -1

vb0[659]+000 POSITION: -2.10925126, 8.47151184, 2.58835053
vb0[659]+012 NORMAL: -0.699289382, 0.714838624, 5.0496601e-07
vb0[659]+000 COLOR: 0.97647059, 0.992156863, 0.0235294122, 0.752941191
vb0[659]+000 TEXCOORD: 0.97647059, 0.992156863, 0.0235294122, 0.752941191
vb0[659]+000 TEXCOORD1: 0.97647059, 0.992156863, 0.0235294122, 0.752941191
vb0[659]+000 TEXCOORD2: 0.97647059, 0.992156863, 0.0235294122, 0.752941191
vb0[659]+000 TEXCOORD3: 0.97647059, 0.992156863, 0.0235294122, 0.752941191
vb0[659]+024 TANGENT: 0.276961058, 0.270935923, 0.921892703, -1

vb0[660]+000 POSITION: 1.52587887e-07, 10.5348825, 1.72432578
vb0[660]+012 NORMAL: -0.699289382, 0.714838743, 1.2349534e-07
vb0[660]+000 COLOR: 0.0392156877, 0.843137264, 0.137254909, 0.203921571
vb0[660]+000 TEXCOORD: 0.0392156877, 0.843137264, 0.137254909, 0.203921571
vb0[660]+000 TEXCOORD1: 0.0392156877, 0.843137264, 0.137254909, 0.203921571
vb0[660]+000 TEXCOORD2: 0.0392156877, 0.843137264, 0.137254909, 0.203921571
vb0[660]+000 TEXCOORD3: 0.0392156877, 0.843137264, 0.137254909, 0.203921571
vb0[660]+024 TANGENT: 0.276961535, 0.270936787, 0.921892345, -1

vb0[661]+000 POSITION: 1.52587887e-07, 10.5348825, 1.72432578
vb0[661]+012 NORMAL: -2.5414667e-07, 0, -1
vb0[661]+000 COLOR: 0.0392156877, 0.843137264, 0.137254909, 0.203921571
vb0[661]+000 TEXCOORD: 0.0392156877, 0.843137264, 0.137254909, 0.203921571
vb0[661]+000 TEXCOORD1: 0.0392156877, 0.843137264, 0.137254909, 0.203921571
vb0[661]+000 TEXCOORD2: 0.0392156877, 0.843137264, 0.137254909, 0.203921571
vb0[661]+000 TEXCOORD3: 0.0392156877, 0.843137264, 0.137254909, 0.203921571
vb0[661]+024 TANGENT: 0.999687433, 0.0250002407, 0, 1

vb0[662]+000 POSITION: 0, 6.51363897, 1.72432566
vb0[662]+012 NORMAL: -2.54146698e-07, 0, -1
vb0[662]+000 COLOR: 0, 0, 0, 0
vb0[662]+000 TEXCOORD: 0, 0, 0, 0
vb0[662]+000 TEXCOORD1: 0, 0, 0, 0
vb0[662]+000 TEXCOORD2: 0, 0, 0, 0
vb0[662]+000 TEXCOORD3: 0, 0, 0, 0
vb0[662]+024 TANGENT: 0.999687433, 0.0250002425, 0, 1

vb0[663]+000 POSITION: -2.10925126, 8.47151184, 1.72432625
vb0[663]+012 NORMAL: -2.5414667e-07, 0, -1
vb0[663]+000 COLOR: 0.97647059, 0.992156863, 0.0235294122, 0.752941191
vb0[663]+000 TEXCOORD: 0.97647059, 0.992156863, 0.0235294122, 0.752941191
vb0[663]+000 TEXCOORD1: 0.97647059, 0.992156863, 0.0235294122, 0.752941191
vb0[663]+000 TEXCOORD2: 0.97647059, 0.992156863, 0.0235294122, 0.752941191
vb0[663]+000 TEXCOORD3: 0.97647059, 0.992156863, 0.0235294122, 0.752941191
vb0[663]+024 TANGENT: 0.999687433, 0.0250002425, 0, 1

vb0[664]+000 POSITION: -0.00259269704, 3.14994645, 1.91368341
vb0[664]+012 NORMAL: 0.568512738, -0.473640084, 0.672650337
vb0[664]+000 COLOR: 0.239215687, 0.917647064, 0.160784319, 0.733333349
vb0[664]+000 TEXCOORD: 0.239215687, 0.917647064, 0.160784319, 0.733333349
vb0[664]+000 TEXCOORD1: 0.239215687, 0.917647064, 0.160784319, 0.733333349
vb0[664]+000 TEXCOORD2: 0.239215687, 0.917647064, 0.160784319, 0.733333349
vb0[664]+000 TEXCOORD3: 0.239215687, 0.917647064, 0.160784319, 0.733333349
vb0[664]+024 TANGENT: -0.81121093, -0.186729744, 0.554137886, 1

vb0[665]+000 POSITION: -0.260087729, 2.89120197, 1.94912148
vb0[665]+012 NORMAL: 0.281543255, -0.234561205, 0.930437744
vb0[665]+000 COLOR: 0.219607845, 0.164705887, 0.521568656, 0.745098054
vb0[665]+000 TEXCOORD: 0.219607845, 0.164705887, 0.521568656, 0.745098054
vb0[665]+000 TEXCOORD1: 0.219607845, 0.164705887, 0.521568656, 0.745098054
vb0[665]+000 TEXCOORD2: 0.219607845, 0.164705887, 0.521568656, 0.745098054
vb0[665]+000 TEXCOORD3: 0.219607845, 0.164705887, 0.521568656, 0.745098054
vb0[665]+024 TANGENT: -0.958421826, -0.115718216, 0.260838747, 1

vb0[666]+000 POSITION: -0.24511978, 2.85883999, 1.91368353
vb0[666]+012 NORMAL: 0.568511784, -0.473638892, 0.672651947
vb0[666]+000 COLOR: 0.68235296, 0, 0.482352942, 0.745098054
vb0[666]+000 TEXCOORD: 0.68235296, 0, 0.482352942, 0.745098054
vb0[666]+000 TEXCOORD1: 0.68235296, 0, 0.482352942, 0.745098054
vb0[666]+000 TEXCOORD2: 0.68235296, 0, 0.482352942, 0.745098054
vb0[666]+000 TEXCOORD3: 0.68235296, 0, 0.482352942, 0.745098054
vb0[666]+024 TANGENT: -0.811228633, -0.186835036, 0.554076552, 1

vb0[667]+000 POSITION: -0.00259262091, 3.20027518, 1.94912183
vb0[667]+012 NORMAL: 0.218031168, -0.102662653, 0.970527053
vb0[667]+000 COLOR: 0.964705884, 0.909803927, 0.160784319, 0.733333349
vb0[667]+000 TEXCOORD: 0.964705884, 0.909803927, 0.160784319, 0.733333349
vb0[667]+000 TEXCOORD1: 0.964705884, 0.909803927, 0.160784319, 0.733333349
vb0[667]+000 TEXCOORD2: 0.964705884, 0.909803927, 0.160784319, 0.733333349
vb0[667]+000 TEXCOORD3: 0.964705884, 0.909803927, 0.160784319, 0.733333349
vb0[667]+024 TANGENT: -0.966640413, -0.15968591, 0.200266421, 1

vb0[668]+000 POSITION: -0.24511978, 2.85883999, 1.91368353
vb0[668]+012 NORMAL: 0.00133387325, -0.737919033, 0.674888015
vb0[668]+000 COLOR: 0.68235296, 0, 0.482352942, 0.745098054
vb0[668]+000 TEXCOORD: 0.68235296, 0, 0.482352942, 0.745098054
vb0[668]+000 TEXCOORD1: 0.68235296, 0, 0.482352942, 0.745098054
vb0[668]+000 TEXCOORD2: 0.68235296, 0, 0.482352942, 0.745098054
vb0[668]+000 TEXCOORD3: 0.68235296, 0, 0.482352942, 0.745098054
vb0[668]+024 TANGENT: -0.999893546, -0.0107880989, -0.00981942285, 1

vb0[669]+000 POSITION: -0.982354999, 2.88991594, 1.94911909
vb0[669]+012 NORMAL: 0.00129821128, -0.55265069, 0.833412051
vb0[669]+000 COLOR: 0.619607866, 0.482352942, 0.482352942, 0.749019623
vb0[669]+000 TEXCOORD: 0.619607866, 0.482352942, 0.482352942, 0.749019623
vb0[669]+000 TEXCOORD1: 0.619607866, 0.482352942, 0.482352942, 0.749019623
vb0[669]+000 TEXCOORD2: 0.619607866, 0.482352942, 0.482352942, 0.749019623
vb0[669]+000 TEXCOORD3: 0.619607866, 0.482352942, 0.482352942, 0.749019623
vb0[669]+024 TANGENT: -0.999626279, -0.0234737303, -0.0140087344, 1

vb0[670]+000 POSITION: -1.0409621, 2.85695434, 1.91368127
vb0[670]+012 NORMAL: 0.00173637574, -0.733653545, 0.679521382
vb0[670]+000 COLOR: 0.247058824, 0.243137255, 0.521568656, 0.749019623
vb0[670]+000 TEXCOORD: 0.247058824, 0.243137255, 0.521568656, 0.749019623
vb0[670]+000 TEXCOORD1: 0.247058824, 0.243137255, 0.521568656, 0.749019623
vb0[670]+000 TEXCOORD2: 0.247058824, 0.243137255, 0.521568656, 0.749019623
vb0[670]+000 TEXCOORD3: 0.247058824, 0.243137255, 0.521568656, 0.749019623
vb0[670]+024 TANGENT: -0.999605238, -0.0203298442, -0.0193950795, 1

vb0[671]+000 POSITION: -0.260087729, 2.89120197, 1.94912148
vb0[671]+012 NORMAL: 0.00131200952, -0.738149762, 0.674635589
vb0[671]+000 COLOR: 0.219607845, 0.164705887, 0.521568656, 0.745098054
vb0[671]+000 TEXCOORD: 0.219607845, 0.164705887, 0.521568656, 0.745098054
vb0[671]+000 TEXCOORD1: 0.219607845, 0.164705887, 0.521568656, 0.745098054
vb0[671]+000 TEXCOORD2: 0.219607845, 0.164705887, 0.521568656, 0.745098054
vb0[671]+000 TEXCOORD3: 0.219607845, 0.164705887, 0.521568656, 0.745098054
vb0[671]+024 TANGENT: -0.999904037, -0.0102733737, -0.0092959879, 1

vb0[672]+000 POSITION: -1.0409621, 2.85695434, 1.91368127
vb0[672]+012 NORMAL: -0.623799026, 0.358521968, 0.694504738
vb0[672]+000 COLOR: 0.247058824, 0.243137255, 0.521568656, 0.749019623
vb0[672]+000 TEXCOORD: 0.247058824, 0.243137255, 0.521568656, 0.749019623
vb0[672]+000 TEXCOORD1: 0.247058824, 0.243137255, 0.521568656, 0.749019623
vb0[672]+000 TEXCOORD2: 0.247058824, 0.243137255, 0.521568656, 0.749019623
vb0[672]+000 TEXCOORD3: 0.247058824, 0.243137255, 0.521568656, 0.749019623
vb0[672]+024 TANGENT: -0.742064953, 0.00730454223, -0.670288086, 1

vb0[673]+000 POSITION: -0.620118558, 3.52053499, 1.94912171
vb0[673]+012 NORMAL: -0.316730589, 0.18307139, 0.930680752
vb0[673]+000 COLOR: 0.0901960805, 0.752941191, 0.117647059, 0.749019623
vb0[673]+000 TEXCOORD: 0.0901960805, 0.752941191, 0.117647059, 0.749019623
vb0[673]+000 TEXCOORD1: 0.0901960805, 0.752941191, 0.117647059, 0.749019623
vb0[673]+000 TEXCOORD2: 0.0901960805, 0.752941191, 0.117647059, 0.749019623
vb0[673]+000 TEXCOORD3: 0.0901960805, 0.752941191, 0.117647059, 0.749019623
vb0[673]+024 TANGENT: -0.948443711, -0.0490496084, -0.313127279, 1

vb0[674]+000 POSITION: -0.640405238, 3.54979873, 1.91368389
vb0[674]+012 NORMAL: -0.640649259, 0.370378405, 0.672598302
vb0[674]+000 COLOR: 0.600000024, 0.945098042, 0.137254909, 0.749019623
vb0[674]+000 TEXCOORD: 0.600000024, 0.945098042, 0.137254909, 0.749019623
vb0[674]+000 TEXCOORD1: 0.600000024, 0.945098042, 0.137254909, 0.749019623
vb0[674]+000 TEXCOORD2: 0.600000024, 0.945098042, 0.137254909, 0.749019623
vb0[674]+000 TEXCOORD3: 0.600000024, 0.945098042, 0.137254909, 0.749019623
vb0[674]+024 TANGENT: -0.751104891, -0.120440848, -0.649103642, 1

vb0[675]+000 POSITION: -0.982354999, 2.88991594, 1.94911909
vb0[675]+012 NORMAL: -0.622177005, 0.357384443, 0.696542978
vb0[675]+000 COLOR: 0.619607866, 0.482352942, 0.482352942, 0.749019623
vb0[675]+000 TEXCOORD: 0.619607866, 0.482352942, 0.482352942, 0.749019623
vb0[675]+000 TEXCOORD1: 0.619607866, 0.482352942, 0.482352942, 0.749019623
vb0[675]+000 TEXCOORD2: 0.619607866, 0.482352942, 0.482352942, 0.749019623
vb0[675]+000 TEXCOORD3: 0.619607866, 0.482352942, 0.482352942, 0.749019623
vb0[675]+024 TANGENT: -0.740680575, 0.0194391217, -0.671576083, 1

vb0[676]+000 POSITION: -0.640405238, 3.54979873, 1.91368389
vb0[676]+012 NORMAL: -0.130073965, 0.726685107, 0.674543917
vb0[676]+000 COLOR: 0.600000024, 0.945098042, 0.137254909, 0.749019623
vb0[676]+000 TEXCOORD: 0.600000024, 0.945098042, 0.137254909, 0.749019623
vb0[676]+000 TEXCOORD1: 0.600000024, 0.945098042, 0.137254909, 0.749019623
vb0[676]+000 TEXCOORD2: 0.600000024, 0.945098042, 0.137254909, 0.749019623
vb0[676]+000 TEXCOORD3: 0.600000024, 0.945098042, 0.137254909, 0.749019623
vb0[676]+024 TANGENT: -0.988772571, -0.0446035862, -0.142616063, 1

vb0[677]+000 POSITION: -0.226148218, 3.59105372, 1.94912231
vb0[677]+012 NORMAL: 0.0467534289, 0.118286483, 0.991878271
vb0[677]+000 COLOR: 0.400000006, 0.576470613, 0.403921574, 0.745098054
vb0[677]+000 TEXCOORD: 0.400000006, 0.576470613, 0.403921574, 0.745098054
vb0[677]+000 TEXCOORD1: 0.400000006, 0.576470613, 0.403921574, 0.745098054
vb0[677]+000 TEXCOORD2: 0.400000006, 0.576470613, 0.403921574, 0.745098054
vb0[677]+000 TEXCOORD3: 0.400000006, 0.576470613, 0.403921574, 0.745098054
vb0[677]+024 TANGENT: -0.998687923, -0.0152365174, 0.048891414, 1

vb0[678]+000 POSITION: -0.269335926, 3.61621737, 1.91368437
vb0[678]+012 NORMAL: -0.130074069, 0.726698458, 0.674529552
vb0[678]+000 COLOR: 0.400000006, 0.90196079, 0.53725493, 0.745098054
vb0[678]+000 TEXCOORD: 0.400000006, 0.90196079, 0.53725493, 0.745098054
vb0[678]+000 TEXCOORD1: 0.400000006, 0.90196079, 0.53725493, 0.745098054
vb0[678]+000 TEXCOORD2: 0.400000006, 0.90196079, 0.53725493, 0.745098054
vb0[678]+000 TEXCOORD3: 0.400000006, 0.90196079, 0.53725493, 0.745098054
vb0[678]+024 TANGENT: -0.987966597, -0.0375769883, -0.150032982, 1

vb0[679]+000 POSITION: -0.620118558, 3.52053499, 1.94912171
vb0[679]+012 NORMAL: -0.13007395, 0.726683795, 0.674545348
vb0[679]+000 COLOR: 0.0901960805, 0.752941191, 0.117647059, 0.749019623
vb0[679]+000 TEXCOORD: 0.0901960805, 0.752941191, 0.117647059, 0.749019623
vb0[679]+000 TEXCOORD1: 0.0901960805, 0.752941191, 0.117647059, 0.749019623
vb0[679]+000 TEXCOORD2: 0.0901960805, 0.752941191, 0.117647059, 0.749019623
vb0[679]+000 TEXCOORD3: 0.0901960805, 0.752941191, 0.117647059, 0.749019623
vb0[679]+024 TANGENT: -0.988847136, -0.0453030355, -0.141876712, 1

vb0[680]+000 POSITION: -0.269335926, 3.61621737, 1.91368437
vb0[680]+012 NORMAL: -0.697175682, -0.250657499, 0.671652377
vb0[680]+000 COLOR: 0.400000006, 0.90196079, 0.53725493, 0.745098054
vb0[680]+000 TEXCOORD: 0.400000006, 0.90196079, 0.53725493, 0.745098054
vb0[680]+000 TEXCOORD1: 0.400000006, 0.90196079, 0.53725493, 0.745098054
vb0[680]+000 TEXCOORD2: 0.400000006, 0.90196079, 0.53725493, 0.745098054
vb0[680]+000 TEXCOORD3: 0.400000006, 0.90196079, 0.53725493, 0.745098054
vb0[680]+024 TANGENT: -0.656435013, -0.153388232, -0.738623857, 1

vb0[681]+000 POSITION: -0.362622529, 3.97063947, 1.94912148
vb0[681]+012 NORMAL: -0.343587279, -0.1235293, 0.930960953
vb0[681]+000 COLOR: 0.662745118, 0.662745118, 0.725490212, 0.745098054
vb0[681]+000 TEXCOORD: 0.662745118, 0.662745118, 0.725490212, 0.745098054
vb0[681]+000 TEXCOORD1: 0.662745118, 0.662745118, 0.725490212, 0.745098054
vb0[681]+000 TEXCOORD2: 0.662745118, 0.662745118, 0.725490212, 0.745098054
vb0[681]+000 TEXCOORD3: 0.662745118, 0.662745118, 0.725490212, 0.745098054
vb0[681]+024 TANGENT: -0.920173705, -0.153839484, -0.360019058, 1

vb0[682]+000 POSITION: -0.397877187, 3.97373867, 1.9136833
vb0[682]+012 NORMAL: -0.697179437, -0.250658035, 0.671648324
vb0[682]+000 COLOR: 0.56078434, 0.713725507, 0.796078444, 0.745098054
vb0[682]+000 TEXCOORD: 0.56078434, 0.713725507, 0.796078444, 0.745098054
vb0[682]+000 TEXCOORD1: 0.56078434, 0.713725507, 0.796078444, 0.745098054
vb0[682]+000 TEXCOORD2: 0.56078434, 0.713725507, 0.796078444, 0.745098054
vb0[682]+000 TEXCOORD3: 0.56078434, 0.713725507, 0.796078444, 0.745098054
vb0[682]+024 TANGENT: -0.676745057, -0.0790288374, -0.731963456, 1

vb0[683]+000 POSITION: -0.226148218, 3.59105372, 1.94912231
vb0[683]+012 NORMAL: -0.697175443, -0.250657469, 0.671652675
vb0[683]+000 COLOR: 0.400000006, 0.576470613, 0.403921574, 0.745098054
vb0[683]+000 TEXCOORD: 0.400000006, 0.576470613, 0.403921574, 0.745098054
vb0[683]+000 TEXCOORD1: 0.400000006, 0.576470613, 0.403921574, 0.745098054
vb0[683]+000 TEXCOORD2: 0.400000006, 0.576470613, 0.403921574, 0.745098054
vb0[683]+000 TEXCOORD3: 0.400000006, 0.576470613, 0.403921574, 0.745098054
vb0[683]+024 TANGENT: -0.65505594, -0.157937378, -0.738889456, 1

vb0[684]+000 POSITION: -0.397877187, 3.97373867, 1.9136833
vb0[684]+012 NORMAL: -0.643369436, 0.3665618, 0.672092497
vb0[684]+000 COLOR: 0.56078434, 0.713725507, 0.796078444, 0.745098054
vb0[684]+000 TEXCOORD: 0.56078434, 0.713725507, 0.796078444, 0.745098054
vb0[684]+000 TEXCOORD1: 0.56078434, 0.713725507, 0.796078444, 0.745098054
vb0[684]+000 TEXCOORD2: 0.56078434, 0.713725507, 0.796078444, 0.745098054
vb0[684]+000 TEXCOORD3: 0.56078434, 0.713725507, 0.796078444, 0.745098054
vb0[684]+024 TANGENT: -0.735952258, -0.0543688685, -0.674847007, 1

vb0[685]+000 POSITION: -0.00259269704, 4.60254812, 1.94911957
vb0[685]+012 NORMAL: 0.417981118, 0.345726758, 0.840098083
vb0[685]+000 COLOR: 0.239215687, 0.917647064, 0.160784319, 0.733333349
vb0[685]+000 TEXCOORD: 0.239215687, 0.917647064, 0.160784319, 0.733333349
vb0[685]+000 TEXCOORD1: 0.239215687, 0.917647064, 0.160784319, 0.733333349
vb0[685]+000 TEXCOORD2: 0.239215687, 0.917647064, 0.160784319, 0.733333349
vb0[685]+000 TEXCOORD3: 0.239215687, 0.917647064, 0.160784319, 0.733333349
vb0[685]+024 TANGENT: -0.827888489, 0.525694072, 0.195566863, 1

vb0[686]+000 POSITION: -0.00259269704, 4.66752386, 1.91368127
vb0[686]+012 NORMAL: 0.0867673531, 0.47701332, 0.874602556
vb0[686]+000 COLOR: 0.239215687, 0.917647064, 0.160784319, 0.733333349
vb0[686]+000 TEXCOORD: 0.239215687, 0.917647064, 0.160784319, 0.733333349
vb0[686]+000 TEXCOORD1: 0.239215687, 0.917647064, 0.160784319, 0.733333349
vb0[686]+000 TEXCOORD2: 0.239215687, 0.917647064, 0.160784319, 0.733333349
vb0[686]+000 TEXCOORD3: 0.239215687, 0.917647064, 0.160784319, 0.733333349
vb0[686]+024 TANGENT: -0.935330927, 0.34124279, -0.0933238119, 1

vb0[687]+000 POSITION: -0.362622529, 3.97063947, 1.94912148
vb0[687]+012 NORMAL: -0.643369317, 0.36656177, 0.672092557
vb0[687]+000 COLOR: 0.662745118, 0.662745118, 0.725490212, 0.745098054
vb0[687]+000 TEXCOORD: 0.662745118, 0.662745118, 0.725490212, 0.745098054
vb0[687]+000 TEXCOORD1: 0.662745118, 0.662745118, 0.725490212, 0.745098054
vb0[687]+000 TEXCOORD2: 0.662745118, 0.662745118, 0.725490212, 0.745098054
vb0[687]+000 TEXCOORD3: 0.662745118, 0.662745118, 0.725490212, 0.745098054
vb0[687]+024 TANGENT: -0.735665917, -0.0531103835, -0.675259173, 1

vb0[688]+000 POSITION: -0.982354999, 2.88991594, 1.94911909
vb0[688]+012 NORMAL: 0.00129821128, -0.55265069, 0.833412051
vb0[688]+000 COLOR: 0.619607866, 0.482352942, 0.482352942, 0.749019623
vb0[688]+000 TEXCOORD: 0.619607866, 0.482352942, 0.482352942, 0.749019623
vb0[688]+000 TEXCOORD1: 0.619607866, 0.482352942, 0.482352942, 0.749019623
vb0[688]+000 TEXCOORD2: 0.619607866, 0.482352942, 0.482352942, 0.749019623
vb0[688]+000 TEXCOORD3: 0.619607866, 0.482352942, 0.482352942, 0.749019623
vb0[688]+024 TANGENT: -0.999413967, 0.0277894512, 0.0199844856, 1

vb0[689]+000 POSITION: -0.260087729, 2.89120197, 1.94912148
vb0[689]+012 NORMAL: 0.281543255, -0.234561205, 0.930437744
vb0[689]+000 COLOR: 0.219607845, 0.164705887, 0.521568656, 0.745098054
vb0[689]+000 TEXCOORD: 0.219607845, 0.164705887, 0.521568656, 0.745098054
vb0[689]+000 TEXCOORD1: 0.219607845, 0.164705887, 0.521568656, 0.745098054
vb0[689]+000 TEXCOORD2: 0.219607845, 0.164705887, 0.521568656, 0.745098054
vb0[689]+000 TEXCOORD3: 0.219607845, 0.164705887, 0.521568656, 0.745098054
vb0[689]+024 TANGENT: -0.959109187, -0.0394538119, 0.280272782, 1

vb0[690]+000 POSITION: -0.620118558, 3.52053499, 1.94912171
vb0[690]+012 NORMAL: -0.316730589, 0.18307139, 0.930680752
vb0[690]+000 COLOR: 0.0901960805, 0.752941191, 0.117647059, 0.749019623
vb0[690]+000 TEXCOORD: 0.0901960805, 0.752941191, 0.117647059, 0.749019623
vb0[690]+000 TEXCOORD1: 0.0901960805, 0.752941191, 0.117647059, 0.749019623
vb0[690]+000 TEXCOORD2: 0.0901960805, 0.752941191, 0.117647059, 0.749019623
vb0[690]+000 TEXCOORD3: 0.0901960805, 0.752941191, 0.117647059, 0.749019623
vb0[690]+024 TANGENT: -0.948081613, -0.0314270668, -0.316470563, 1

vb0[691]+000 POSITION: -0.00259262091, 3.20027518, 1.94912183
vb0[691]+012 NORMAL: 0.218031168, -0.102662653, 0.970527053
vb0[691]+000 COLOR: 0.964705884, 0.909803927, 0.160784319, 0.733333349
vb0[691]+000 TEXCOORD: 0.964705884, 0.909803927, 0.160784319, 0.733333349
vb0[691]+000 TEXCOORD1: 0.964705884, 0.909803927, 0.160784319, 0.733333349
vb0[691]+000 TEXCOORD2: 0.964705884, 0.909803927, 0.160784319, 0.733333349
vb0[691]+000 TEXCOORD3: 0.964705884, 0.909803927, 0.160784319, 0.733333349
vb0[691]+024 TANGENT: -0.975526631, 0.00607999042, 0.219797477, 1

vb0[692]+000 POSITION: -0.226148218, 3.59105372, 1.94912231
vb0[692]+012 NORMAL: 0.0467534289, 0.118286483, 0.991878271
vb0[692]+000 COLOR: 0.400000006, 0.576470613, 0.403921574, 0.745098054
vb0[692]+000 TEXCOORD: 0.400000006, 0.576470613, 0.403921574, 0.745098054
vb0[692]+000 TEXCOORD1: 0.400000006, 0.576470613, 0.403921574, 0.745098054
vb0[692]+000 TEXCOORD2: 0.400000006, 0.576470613, 0.403921574, 0.745098054
vb0[692]+000 TEXCOORD3: 0.400000006, 0.576470613, 0.403921574, 0.745098054
vb0[692]+024 TANGENT: -0.998781025, 0.0212711673, 0.044542104, 1

vb0[693]+000 POSITION: -0.00259262091, 3.38058519, 1.91371131
vb0[693]+012 NORMAL: 0.33669436, 0.125002846, 0.933279753
vb0[693]+000 COLOR: 0.964705884, 0.909803927, 0.160784319, 0.733333349
vb0[693]+000 TEXCOORD: 0.964705884, 0.909803927, 0.160784319, 0.733333349
vb0[693]+000 TEXCOORD1: 0.964705884, 0.909803927, 0.160784319, 0.733333349
vb0[693]+000 TEXCOORD2: 0.964705884, 0.909803927, 0.160784319, 0.733333349
vb0[693]+000 TEXCOORD3: 0.964705884, 0.909803927, 0.160784319, 0.733333349
vb0[693]+024 TANGENT: -0.941495478, 0.0289707128, 0.335778058, 1

vb0[694]+000 POSITION: -0.24511978, 2.85883999, 1.91368353
vb0[694]+012 NORMAL: -1.5324124e-06, -2.8621173e-07, 1
vb0[694]+000 COLOR: 0.68235296, 0, 0.482352942, 0.745098054
vb0[694]+000 TEXCOORD: 0.68235296, 0, 0.482352942, 0.745098054
vb0[694]+000 TEXCOORD1: 0.68235296, 0, 0.482352942, 0.745098054
vb0[694]+000 TEXCOORD2: 0.68235296, 0, 0.482352942, 0.745098054
vb0[694]+000 TEXCOORD3: 0.68235296, 0, 0.482352942, 0.745098054
vb0[694]+024 TANGENT: -0.999576867, -0.02908751, 0, 1

vb0[695]+000 POSITION: -0.00259246817, 3.01964617, 1.91368377
vb0[695]+012 NORMAL: -1.98091129e-06, 2.038709e-06, 1
vb0[695]+000 COLOR: 0.400000006, 0.90196079, 0.160784319, 0.733333349
vb0[695]+000 TEXCOORD: 0.400000006, 0.90196079, 0.160784319, 0.733333349
vb0[695]+000 TEXCOORD1: 0.400000006, 0.90196079, 0.160784319, 0.733333349
vb0[695]+000 TEXCOORD2: 0.400000006, 0.90196079, 0.160784319, 0.733333349
vb0[695]+000 TEXCOORD3: 0.400000006, 0.90196079, 0.160784319, 0.733333349
vb0[695]+024 TANGENT: -0.999426126, -0.0338748731, 0, 1

vb0[696]+000 POSITION: -0.00259269704, 3.14994645, 1.91368341
vb0[696]+012 NORMAL: -2.18206787e-06, 2.34209233e-06, 1
vb0[696]+000 COLOR: 0.239215687, 0.917647064, 0.160784319, 0.733333349
vb0[696]+000 TEXCOORD: 0.239215687, 0.917647064, 0.160784319, 0.733333349
vb0[696]+000 TEXCOORD1: 0.239215687, 0.917647064, 0.160784319, 0.733333349
vb0[696]+000 TEXCOORD2: 0.239215687, 0.917647064, 0.160784319, 0.733333349
vb0[696]+000 TEXCOORD3: 0.239215687, 0.917647064, 0.160784319, 0.733333349
vb0[696]+024 TANGENT: -0.999352396, -0.0359845795, 0, 1

vb0[697]+000 POSITION: -0.207987666, 2.77310896, 1.91368353
vb0[697]+012 NORMAL: -1.43641137e-06, -6.22144228e-07, 1
vb0[697]+000 COLOR: 0.721568644, 0.980392158, 0.329411775, 0.745098054
vb0[697]+000 TEXCOORD: 0.721568644, 0.980392158, 0.329411775, 0.745098054
vb0[697]+000 TEXCOORD1: 0.721568644, 0.980392158, 0.329411775, 0.745098054
vb0[697]+000 TEXCOORD2: 0.721568644, 0.980392158, 0.329411775, 0.745098054
vb0[697]+000 TEXCOORD3: 0.721568644, 0.980392158, 0.329411775, 0.745098054
vb0[697]+024 TANGENT: -0.99959296, -0.0285296626, 0, 1

vb0[698]+000 POSITION: -1.18740058, 2.76991653, 1.91368127
vb0[698]+012 NORMAL: 0, -2.95351612e-07, 1
vb0[698]+000 COLOR: 0.745098054, 0.988235295, 0.592156887, 0.749019623
vb0[698]+000 TEXCOORD: 0.745098054, 0.988235295, 0.592156887, 0.749019623
vb0[698]+000 TEXCOORD1: 0.745098054, 0.988235295, 0.592156887, 0.749019623
vb0[698]+000 TEXCOORD2: 0.745098054, 0.988235295, 0.592156887, 0.749019623
vb0[698]+000 TEXCOORD3: 0.745098054, 0.988235295, 0.592156887, 0.749019623
vb0[698]+024 TANGENT: -0.991873682, -0.127227068, 0, 1

vb0[699]+000 POSITION: -1.0409621, 2.85695434, 1.91368127
vb0[699]+012 NORMAL: -1.7783151e-07, 1.62345017e-07, 1
vb0[699]+000 COLOR: 0.247058824, 0.243137255, 0.521568656, 0.749019623
vb0[699]+000 TEXCOORD: 0.247058824, 0.243137255, 0.521568656, 0.749019623
vb0[699]+000 TEXCOORD1: 0.247058824, 0.243137255, 0.521568656, 0.749019623
vb0[699]+000 TEXCOORD2: 0.247058824, 0.243137255, 0.521568656, 0.749019623
vb0[699]+000 TEXCOORD3: 0.247058824, 0.243137255, 0.521568656, 0.749019623
vb0[699]+024 TANGENT: -0.992471814, -0.122472987, 0, 1

vb0[700]+000 POSITION: -0.698555112, 3.62566924, 1.91368389
vb0[700]+012 NORMAL: -2.02021351e-06, -1.84306862e-06, 1
vb0[700]+000 COLOR: 0.509803951, 0.831372559, 0.196078435, 0.749019623
vb0[700]+000 TEXCOORD: 0.509803951, 0.831372559, 0.196078435, 0.749019623
vb0[700]+000 TEXCOORD1: 0.509803951, 0.831372559, 0.196078435, 0.749019623
vb0[700]+000 TEXCOORD2: 0.509803951, 0.831372559, 0.196078435, 0.749019623
vb0[700]+000 TEXCOORD3: 0.509803951, 0.831372559, 0.196078435, 0.749019623
vb0[700]+024 TANGENT: -0.999994993, -0.00318879471, 0, 1

vb0[701]+000 POSITION: -0.640405238, 3.54979873, 1.91368389
vb0[701]+012 NORMAL: -2.1528781e-06, -1.86750981e-06, 1
vb0[701]+000 COLOR: 0.600000024, 0.945098042, 0.137254909, 0.749019623
vb0[701]+000 TEXCOORD: 0.600000024, 0.945098042, 0.137254909, 0.749019623
vb0[701]+000 TEXCOORD1: 0.600000024, 0.945098042, 0.137254909, 0.749019623
vb0[701]+000 TEXCOORD2: 0.600000024, 0.945098042, 0.137254909, 0.749019623
vb0[701]+000 TEXCOORD3: 0.600000024, 0.945098042, 0.137254909, 0.749019623
vb0[701]+024 TANGENT: -0.999964356, 0.00844401307, 0, 1

vb0[702]+000 POSITION: -0.383401334, 3.68177056, 1.91368449
vb0[702]+012 NORMAL: 1.34140782e-06, 5.89003264e-07, 1
vb0[702]+000 COLOR: 0.180392161, 0.301960796, 0.768627465, 0.745098054
vb0[702]+000 TEXCOORD: 0.180392161, 0.301960796, 0.768627465, 0.745098054
vb0[702]+000 TEXCOORD1: 0.180392161, 0.301960796, 0.768627465, 0.745098054
vb0[702]+000 TEXCOORD2: 0.180392161, 0.301960796, 0.768627465, 0.745098054
vb0[702]+000 TEXCOORD3: 0.180392161, 0.301960796, 0.768627465, 0.745098054
vb0[702]+024 TANGENT: -0.998862743, -0.0476776473, 0, 1

vb0[703]+000 POSITION: -0.269335926, 3.61621737, 1.91368437
vb0[703]+012 NORMAL: 1.62210608e-06, 4.94838446e-07, 1
vb0[703]+000 COLOR: 0.400000006, 0.90196079, 0.53725493, 0.745098054
vb0[703]+000 TEXCOORD: 0.400000006, 0.90196079, 0.53725493, 0.745098054
vb0[703]+000 TEXCOORD1: 0.400000006, 0.90196079, 0.53725493, 0.745098054
vb0[703]+000 TEXCOORD2: 0.400000006, 0.90196079, 0.53725493, 0.745098054
vb0[703]+000 TEXCOORD3: 0.400000006, 0.90196079, 0.53725493, 0.745098054
vb0[703]+024 TANGENT: -0.998714805, -0.0506826006, 0, 1

vb0[704]+000 POSITION: -0.397877187, 3.97373867, 1.9136833
vb0[704]+012 NORMAL: 6.39622328e-07, 3.46762408e-06, 1
vb0[704]+000 COLOR: 0.56078434, 0.713725507, 0.796078444, 0.745098054
vb0[704]+000 TEXCOORD: 0.56078434, 0.713725507, 0.796078444, 0.745098054
vb0[704]+000 TEXCOORD1: 0.56078434, 0.713725507, 0.796078444, 0.745098054
vb0[704]+000 TEXCOORD2: 0.56078434, 0.713725507, 0.796078444, 0.745098054
vb0[704]+000 TEXCOORD3: 0.56078434, 0.713725507, 0.796078444, 0.745098054
vb0[704]+024 TANGENT: -0.999997616, -0.0022120201, 0, 1

vb0[705]+000 POSITION: -0.490010828, 3.98415089, 1.9136833
vb0[705]+012 NORMAL: 5.3946286e-07, 3.32533705e-06, 1
vb0[705]+000 COLOR: 0.701960802, 0.886274517, 0.980392158, 0.745098054
vb0[705]+000 TEXCOORD: 0.701960802, 0.886274517, 0.980392158, 0.745098054
vb0[705]+000 TEXCOORD1: 0.701960802, 0.886274517, 0.980392158, 0.745098054
vb0[705]+000 TEXCOORD2: 0.701960802, 0.886274517, 0.980392158, 0.745098054
vb0[705]+000 TEXCOORD3: 0.701960802, 0.886274517, 0.980392158, 0.745098054
vb0[705]+024 TANGENT: -0.99996984, 0.0077628307, 0, 1

vb0[706]+000 POSITION: -0.00259269704, 4.66752386, 1.91368127
vb0[706]+012 NORMAL: 3.92373204e-06, 1.04107748e-07, 1
vb0[706]+000 COLOR: 0.239215687, 0.917647064, 0.160784319, 0.733333349
vb0[706]+000 TEXCOORD: 0.239215687, 0.917647064, 0.160784319, 0.733333349
vb0[706]+000 TEXCOORD1: 0.239215687, 0.917647064, 0.160784319, 0.733333349
vb0[706]+000 TEXCOORD2: 0.239215687, 0.917647064, 0.160784319, 0.733333349
vb0[706]+000 TEXCOORD3: 0.239215687, 0.917647064, 0.160784319, 0.733333349
vb0[706]+024 TANGENT: -0.992987931, 0.118215829, 0, 1

vb0[707]+000 POSITION: -0.00259269704, 4.81967735, 1.91368127
vb0[707]+012 NORMAL: 4.06969411e-06, 0, 1
vb0[707]+000 COLOR: 0.239215687, 0.917647064, 0.160784319, 0.733333349
vb0[707]+000 TEXCOORD: 0.239215687, 0.917647064, 0.160784319, 0.733333349
vb0[707]+000 TEXCOORD1: 0.239215687, 0.917647064, 0.160784319, 0.733333349
vb0[707]+000 TEXCOORD2: 0.239215687, 0.917647064, 0.160784319, 0.733333349
vb0[707]+000 TEXCOORD3: 0.239215687, 0.917647064, 0.160784319, 0.733333349
vb0[707]+024 TANGENT: -0.992490947, 0.122318037, 0, 1

vb0[708]+000 POSITION: -0.00259269704, 3.14994645, 1.91368341
vb0[708]+012 NORMAL: 1, -3.30590325e-07, -1.68336601e-06
vb0[708]+000 COLOR: 0.239215687, 0.917647064, 0.160784319, 0.733333349
vb0[708]+000 TEXCOORD: 0.239215687, 0.917647064, 0.160784319, 0.733333349
vb0[708]+000 TEXCOORD1: 0.239215687, 0.917647064, 0.160784319, 0.733333349
vb0[708]+000 TEXCOORD2: 0.239215687, 0.917647064, 0.160784319, 0.733333349
vb0[708]+000 TEXCOORD3: 0.239215687, 0.917647064, 0.160784319, 0.733333349
vb0[708]+024 TANGENT: 0, 1, 0, -1

vb0[709]+000 POSITION: -0.00259262091, 3.38058519, 1.91371131
vb0[709]+012 NORMAL: 0.33669436, 0.125002846, 0.933279753
vb0[709]+000 COLOR: 0.964705884, 0.909803927, 0.160784319, 0.733333349
vb0[709]+000 TEXCOORD: 0.964705884, 0.909803927, 0.160784319, 0.733333349
vb0[709]+000 TEXCOORD1: 0.964705884, 0.909803927, 0.160784319, 0.733333349
vb0[709]+000 TEXCOORD2: 0.964705884, 0.909803927, 0.160784319, 0.733333349
vb0[709]+000 TEXCOORD3: 0.964705884, 0.909803927, 0.160784319, 0.733333349
vb0[709]+024 TANGENT: -0.0424192213, 0.992156386, -0.117585376, -1

vb0[710]+000 POSITION: -0.00259262091, 3.20027518, 1.94912183
vb0[710]+012 NORMAL: 1, -3.30590325e-07, -1.68336601e-06
vb0[710]+000 COLOR: 0.964705884, 0.909803927, 0.160784319, 0.733333349
vb0[710]+000 TEXCOORD: 0.964705884, 0.909803927, 0.160784319, 0.733333349
vb0[710]+000 TEXCOORD1: 0.964705884, 0.909803927, 0.160784319, 0.733333349
vb0[710]+000 TEXCOORD2: 0.964705884, 0.909803927, 0.160784319, 0.733333349
vb0[710]+000 TEXCOORD3: 0.964705884, 0.909803927, 0.160784319, 0.733333349
vb0[710]+024 TANGENT: 0, 1, 0, -1

vb0[711]+000 POSITION: -0.00259262091, 3.38058519, 1.91371131
vb0[711]+012 NORMAL: 0.33669436, 0.125002846, 0.933279753
vb0[711]+000 COLOR: 0.964705884, 0.909803927, 0.160784319, 0.733333349
vb0[711]+000 TEXCOORD: 0.964705884, 0.909803927, 0.160784319, 0.733333349
vb0[711]+000 TEXCOORD1: 0.964705884, 0.909803927, 0.160784319, 0.733333349
vb0[711]+000 TEXCOORD2: 0.964705884, 0.909803927, 0.160784319, 0.733333349
vb0[711]+000 TEXCOORD3: 0.964705884, 0.909803927, 0.160784319, 0.733333349
vb0[711]+024 TANGENT: -0.941520631, 0.0586493723, 0.331811965, 1

vb0[712]+000 POSITION: -0.00259269704, 4.60254812, 1.94911957
vb0[712]+012 NORMAL: 0.417981118, 0.345726758, 0.840098083
vb0[712]+000 COLOR: 0.239215687, 0.917647064, 0.160784319, 0.733333349
vb0[712]+000 TEXCOORD: 0.239215687, 0.917647064, 0.160784319, 0.733333349
vb0[712]+000 TEXCOORD1: 0.239215687, 0.917647064, 0.160784319, 0.733333349
vb0[712]+000 TEXCOORD2: 0.239215687, 0.917647064, 0.160784319, 0.733333349
vb0[712]+000 TEXCOORD3: 0.239215687, 0.917647064, 0.160784319, 0.733333349
vb0[712]+024 TANGENT: -0.626561522, -0.559900522, 0.542155087, 1

vb0[713]+000 POSITION: -0.226148218, 3.59105372, 1.94912231
vb0[713]+012 NORMAL: 0.0467534289, 0.118286483, 0.991878271
vb0[713]+000 COLOR: 0.400000006, 0.576470613, 0.403921574, 0.745098054
vb0[713]+000 TEXCOORD: 0.400000006, 0.576470613, 0.403921574, 0.745098054
vb0[713]+000 TEXCOORD1: 0.400000006, 0.576470613, 0.403921574, 0.745098054
vb0[713]+000 TEXCOORD2: 0.400000006, 0.576470613, 0.403921574, 0.745098054
vb0[713]+000 TEXCOORD3: 0.400000006, 0.576470613, 0.403921574, 0.745098054
vb0[713]+024 TANGENT: -0.99821353, 0.0425103828, 0.0419824719, 1

vb0[714]+000 POSITION: -0.00259269704, 4.66752386, 1.91368127
vb0[714]+012 NORMAL: 0.0867673531, 0.47701332, 0.874602556
vb0[714]+000 COLOR: 0.239215687, 0.917647064, 0.160784319, 0.733333349
vb0[714]+000 TEXCOORD: 0.239215687, 0.917647064, 0.160784319, 0.733333349
vb0[714]+000 TEXCOORD1: 0.239215687, 0.917647064, 0.160784319, 0.733333349
vb0[714]+000 TEXCOORD2: 0.239215687, 0.917647064, 0.160784319, 0.733333349
vb0[714]+000 TEXCOORD3: 0.239215687, 0.917647064, 0.160784319, 0.733333349
vb0[714]+024 TANGENT: -0.115022771, -0.867245555, 0.484411985, 1

vb0[715]+000 POSITION: -0.362622529, 3.97063947, 1.94912148
vb0[715]+012 NORMAL: -0.343587279, -0.1235293, 0.930960953
vb0[715]+000 COLOR: 0.662745118, 0.662745118, 0.725490212, 0.745098054
vb0[715]+000 TEXCOORD: 0.662745118, 0.662745118, 0.725490212, 0.745098054
vb0[715]+000 TEXCOORD1: 0.662745118, 0.662745118, 0.725490212, 0.745098054
vb0[715]+000 TEXCOORD2: 0.662745118, 0.662745118, 0.725490212, 0.745098054
vb0[715]+000 TEXCOORD3: 0.662745118, 0.662745118, 0.725490212, 0.745098054
vb0[715]+024 TANGENT: -0.935153782, 0.136022538, -0.327085853, 1

vb0[716]+000 POSITION: 0.00259269704, 3.14994645, 1.91368341
vb0[716]+012 NORMAL: -0.568512738, -0.473640084, 0.672650337
vb0[716]+000 COLOR: 0.239215687, 0.917647064, 0.160784319, 0.23137255
vb0[716]+000 TEXCOORD: 0.239215687, 0.917647064, 0.160784319, 0.23137255
vb0[716]+000 TEXCOORD1: 0.239215687, 0.917647064, 0.160784319, 0.23137255
vb0[716]+000 TEXCOORD2: 0.239215687, 0.917647064, 0.160784319, 0.23137255
vb0[716]+000 TEXCOORD3: 0.239215687, 0.917647064, 0.160784319, 0.23137255
vb0[716]+024 TANGENT: 0.81121093, -0.186729804, 0.554137826, -1

vb0[717]+000 POSITION: 0.260087729, 2.89120197, 1.94912148
vb0[717]+012 NORMAL: -0.281543255, -0.234561205, 0.930437744
vb0[717]+000 COLOR: 0.219607845, 0.164705887, 0.521568656, 0.243137255
vb0[717]+000 TEXCOORD: 0.219607845, 0.164705887, 0.521568656, 0.243137255
vb0[717]+000 TEXCOORD1: 0.219607845, 0.164705887, 0.521568656, 0.243137255
vb0[717]+000 TEXCOORD2: 0.219607845, 0.164705887, 0.521568656, 0.243137255
vb0[717]+000 TEXCOORD3: 0.219607845, 0.164705887, 0.521568656, 0.243137255
vb0[717]+024 TANGENT: 0.958421826, -0.115718342, 0.260838747, -1

vb0[718]+000 POSITION: 0.00259262091, 3.20027518, 1.94912183
vb0[718]+012 NORMAL: -0.218031168, -0.102662653, 0.970527053
vb0[718]+000 COLOR: 0.964705884, 0.909803927, 0.160784319, 0.23137255
vb0[718]+000 TEXCOORD: 0.964705884, 0.909803927, 0.160784319, 0.23137255
vb0[718]+000 TEXCOORD1: 0.964705884, 0.909803927, 0.160784319, 0.23137255
vb0[718]+000 TEXCOORD2: 0.964705884, 0.909803927, 0.160784319, 0.23137255
vb0[718]+000 TEXCOORD3: 0.964705884, 0.909803927, 0.160784319, 0.23137255
vb0[718]+024 TANGENT: 0.966640413, -0.159686029, 0.200266391, -1

vb0[719]+000 POSITION: 0.24511978, 2.85883999, 1.91368353
vb0[719]+012 NORMAL: -0.568511784, -0.473638892, 0.672651947
vb0[719]+000 COLOR: 0.68235296, 0, 0.482352942, 0.243137255
vb0[719]+000 TEXCOORD: 0.68235296, 0, 0.482352942, 0.243137255
vb0[719]+000 TEXCOORD1: 0.68235296, 0, 0.482352942, 0.243137255
vb0[719]+000 TEXCOORD2: 0.68235296, 0, 0.482352942, 0.243137255
vb0[719]+000 TEXCOORD3: 0.68235296, 0, 0.482352942, 0.243137255
vb0[719]+024 TANGENT: 0.811228633, -0.186835095, 0.554076493, -1

vb0[720]+000 POSITION: 0.24511978, 2.85883999, 1.91368353
vb0[720]+012 NORMAL: -0.00133387325, -0.737919033, 0.674888015
vb0[720]+000 COLOR: 0.68235296, 0, 0.482352942, 0.243137255
vb0[720]+000 TEXCOORD: 0.68235296, 0, 0.482352942, 0.243137255
vb0[720]+000 TEXCOORD1: 0.68235296, 0, 0.482352942, 0.243137255
vb0[720]+000 TEXCOORD2: 0.68235296, 0, 0.482352942, 0.243137255
vb0[720]+000 TEXCOORD3: 0.68235296, 0, 0.482352942, 0.243137255
vb0[720]+024 TANGENT: 0.999893546, -0.0107880989, -0.00981942285, -1

vb0[721]+000 POSITION: 0.982354999, 2.88991594, 1.94911909
vb0[721]+012 NORMAL: -0.00129821128, -0.55265069, 0.833412051
vb0[721]+000 COLOR: 0.619607866, 0.482352942, 0.482352942, 0.247058824
vb0[721]+000 TEXCOORD: 0.619607866, 0.482352942, 0.482352942, 0.247058824
vb0[721]+000 TEXCOORD1: 0.619607866, 0.482352942, 0.482352942, 0.247058824
vb0[721]+000 TEXCOORD2: 0.619607866, 0.482352942, 0.482352942, 0.247058824
vb0[721]+000 TEXCOORD3: 0.619607866, 0.482352942, 0.482352942, 0.247058824
vb0[721]+024 TANGENT: 0.999626279, -0.0234737303, -0.0140087316, -1

vb0[722]+000 POSITION: 0.260087729, 2.89120197, 1.94912148
vb0[722]+012 NORMAL: -0.00131200952, -0.738149762, 0.674635589
vb0[722]+000 COLOR: 0.219607845, 0.164705887, 0.521568656, 0.243137255
vb0[722]+000 TEXCOORD: 0.219607845, 0.164705887, 0.521568656, 0.243137255
vb0[722]+000 TEXCOORD1: 0.219607845, 0.164705887, 0.521568656, 0.243137255
vb0[722]+000 TEXCOORD2: 0.219607845, 0.164705887, 0.521568656, 0.243137255
vb0[722]+000 TEXCOORD3: 0.219607845, 0.164705887, 0.521568656, 0.243137255
vb0[722]+024 TANGENT: 0.999904037, -0.0102733718, -0.0092959879, -1

vb0[723]+000 POSITION: 1.0409621, 2.85695434, 1.91368127
vb0[723]+012 NORMAL: -0.00173637574, -0.733653545, 0.679521382
vb0[723]+000 COLOR: 0.247058824, 0.243137255, 0.521568656, 0.247058824
vb0[723]+000 TEXCOORD: 0.247058824, 0.243137255, 0.521568656, 0.247058824
vb0[723]+000 TEXCOORD1: 0.247058824, 0.243137255, 0.521568656, 0.247058824
vb0[723]+000 TEXCOORD2: 0.247058824, 0.243137255, 0.521568656, 0.247058824
vb0[723]+000 TEXCOORD3: 0.247058824, 0.243137255, 0.521568656, 0.247058824
vb0[723]+024 TANGENT: 0.999605238, -0.0203298442, -0.0193950795, -1

vb0[724]+000 POSITION: 1.0409621, 2.85695434, 1.91368127
vb0[724]+012 NORMAL: 0.623799026, 0.358521968, 0.694504738
vb0[724]+000 COLOR: 0.247058824, 0.243137255, 0.521568656, 0.247058824
vb0[724]+000 TEXCOORD: 0.247058824, 0.243137255, 0.521568656, 0.247058824
vb0[724]+000 TEXCOORD1: 0.247058824, 0.243137255, 0.521568656, 0.247058824
vb0[724]+000 TEXCOORD2: 0.247058824, 0.243137255, 0.521568656, 0.247058824
vb0[724]+000 TEXCOORD3: 0.247058824, 0.243137255, 0.521568656, 0.247058824
vb0[724]+024 TANGENT: 0.742065012, 0.00730438577, -0.670288026, -1

vb0[725]+000 POSITION: 0.620118558, 3.52053499, 1.94912171
vb0[725]+012 NORMAL: 0.316730589, 0.18307139, 0.930680752
vb0[725]+000 COLOR: 0.0901960805, 0.752941191, 0.117647059, 0.247058824
vb0[725]+000 TEXCOORD: 0.0901960805, 0.752941191, 0.117647059, 0.247058824
vb0[725]+000 TEXCOORD1: 0.0901960805, 0.752941191, 0.117647059, 0.247058824
vb0[725]+000 TEXCOORD2: 0.0901960805, 0.752941191, 0.117647059, 0.247058824
vb0[725]+000 TEXCOORD3: 0.0901960805, 0.752941191, 0.117647059, 0.247058824
vb0[725]+024 TANGENT: 0.948443711, -0.0490504429, -0.31312713, -1

vb0[726]+000 POSITION: 0.982354999, 2.88991594, 1.94911909
vb0[726]+012 NORMAL: 0.622177005, 0.357384443, 0.696542978
vb0[726]+000 COLOR: 0.619607866, 0.482352942, 0.482352942, 0.247058824
vb0[726]+000 TEXCOORD: 0.619607866, 0.482352942, 0.482352942, 0.247058824
vb0[726]+000 TEXCOORD1: 0.619607866, 0.482352942, 0.482352942, 0.247058824
vb0[726]+000 TEXCOORD2: 0.619607866, 0.482352942, 0.482352942, 0.247058824
vb0[726]+000 TEXCOORD3: 0.619607866, 0.482352942, 0.482352942, 0.247058824
vb0[726]+024 TANGENT: 0.740680516, 0.0194390174, -0.671576202, -1

vb0[727]+000 POSITION: 0.640405238, 3.54979873, 1.91368389
vb0[727]+012 NORMAL: 0.640649259, 0.370378405, 0.672598302
vb0[727]+000 COLOR: 0.600000024, 0.945098042, 0.137254909, 0.247058824
vb0[727]+000 TEXCOORD: 0.600000024, 0.945098042, 0.137254909, 0.247058824
vb0[727]+000 TEXCOORD1: 0.600000024, 0.945098042, 0.137254909, 0.247058824
vb0[727]+000 TEXCOORD2: 0.600000024, 0.945098042, 0.137254909, 0.247058824
vb0[727]+000 TEXCOORD3: 0.600000024, 0.945098042, 0.137254909, 0.247058824
vb0[727]+024 TANGENT: 0.751104951, -0.120441534, -0.649103403, -1

vb0[728]+000 POSITION: 0.640405238, 3.54979873, 1.91368389
vb0[728]+012 NORMAL: 0.130073965, 0.726685107, 0.674543917
vb0[728]+000 COLOR: 0.600000024, 0.945098042, 0.137254909, 0.247058824
vb0[728]+000 TEXCOORD: 0.600000024, 0.945098042, 0.137254909, 0.247058824
vb0[728]+000 TEXCOORD1: 0.600000024, 0.945098042, 0.137254909, 0.247058824
vb0[728]+000 TEXCOORD2: 0.600000024, 0.945098042, 0.137254909, 0.247058824
vb0[728]+000 TEXCOORD3: 0.600000024, 0.945098042, 0.137254909, 0.247058824
vb0[728]+024 TANGENT: 0.988772571, -0.0446035825, -0.142616063, -1

vb0[729]+000 POSITION: 0.226148218, 3.59105372, 1.94912231
vb0[729]+012 NORMAL: -0.0467534289, 0.118286483, 0.991878271
vb0[729]+000 COLOR: 0.400000006, 0.576470613, 0.403921574, 0.243137255
vb0[729]+000 TEXCOORD: 0.400000006, 0.576470613, 0.403921574, 0.243137255
vb0[729]+000 TEXCOORD1: 0.400000006, 0.576470613, 0.403921574, 0.243137255
vb0[729]+000 TEXCOORD2: 0.400000006, 0.576470613, 0.403921574, 0.243137255
vb0[729]+000 TEXCOORD3: 0.400000006, 0.576470613, 0.403921574, 0.243137255
vb0[729]+024 TANGENT: 0.998687923, -0.0152365202, 0.048891414, -1

vb0[730]+000 POSITION: 0.620118558, 3.52053499, 1.94912171
vb0[730]+012 NORMAL: 0.13007395, 0.726683795, 0.674545348
vb0[730]+000 COLOR: 0.0901960805, 0.752941191, 0.117647059, 0.247058824
vb0[730]+000 TEXCOORD: 0.0901960805, 0.752941191, 0.117647059, 0.247058824
vb0[730]+000 TEXCOORD1: 0.0901960805, 0.752941191, 0.117647059, 0.247058824
vb0[730]+000 TEXCOORD2: 0.0901960805, 0.752941191, 0.117647059, 0.247058824
vb0[730]+000 TEXCOORD3: 0.0901960805, 0.752941191, 0.117647059, 0.247058824
vb0[730]+024 TANGENT: 0.988847136, -0.0453030281, -0.141876712, -1

vb0[731]+000 POSITION: 0.269335926, 3.61621737, 1.91368437
vb0[731]+012 NORMAL: 0.130074069, 0.726698458, 0.674529552
vb0[731]+000 COLOR: 0.400000006, 0.90196079, 0.53725493, 0.243137255
vb0[731]+000 TEXCOORD: 0.400000006, 0.90196079, 0.53725493, 0.243137255
vb0[731]+000 TEXCOORD1: 0.400000006, 0.90196079, 0.53725493, 0.243137255
vb0[731]+000 TEXCOORD2: 0.400000006, 0.90196079, 0.53725493, 0.243137255
vb0[731]+000 TEXCOORD3: 0.400000006, 0.90196079, 0.53725493, 0.243137255
vb0[731]+024 TANGENT: 0.987966597, -0.0375769883, -0.150032982, -1

vb0[732]+000 POSITION: 0.269335926, 3.61621737, 1.91368437
vb0[732]+012 NORMAL: 0.697175682, -0.250657499, 0.671652377
vb0[732]+000 COLOR: 0.400000006, 0.90196079, 0.53725493, 0.243137255
vb0[732]+000 TEXCOORD: 0.400000006, 0.90196079, 0.53725493, 0.243137255
vb0[732]+000 TEXCOORD1: 0.400000006, 0.90196079, 0.53725493, 0.243137255
vb0[732]+000 TEXCOORD2: 0.400000006, 0.90196079, 0.53725493, 0.243137255
vb0[732]+000 TEXCOORD3: 0.400000006, 0.90196079, 0.53725493, 0.243137255
vb0[732]+024 TANGENT: 0.656434894, -0.15338856, -0.738623857, -1

vb0[733]+000 POSITION: 0.362622529, 3.97063947, 1.94912148
vb0[733]+012 NORMAL: 0.343587279, -0.1235293, 0.930960953
vb0[733]+000 COLOR: 0.662745118, 0.662745118, 0.725490212, 0.243137255
vb0[733]+000 TEXCOORD: 0.662745118, 0.662745118, 0.725490212, 0.243137255
vb0[733]+000 TEXCOORD1: 0.662745118, 0.662745118, 0.725490212, 0.243137255
vb0[733]+000 TEXCOORD2: 0.662745118, 0.662745118, 0.725490212, 0.243137255
vb0[733]+000 TEXCOORD3: 0.662745118, 0.662745118, 0.725490212, 0.243137255
vb0[733]+024 TANGENT: 0.920173824, -0.153839245, -0.360019028, -1

vb0[734]+000 POSITION: 0.226148218, 3.59105372, 1.94912231
vb0[734]+012 NORMAL: 0.697175443, -0.250657469, 0.671652675
vb0[734]+000 COLOR: 0.400000006, 0.576470613, 0.403921574, 0.243137255
vb0[734]+000 TEXCOORD: 0.400000006, 0.576470613, 0.403921574, 0.243137255
vb0[734]+000 TEXCOORD1: 0.400000006, 0.576470613, 0.403921574, 0.243137255
vb0[734]+000 TEXCOORD2: 0.400000006, 0.576470613, 0.403921574, 0.243137255
vb0[734]+000 TEXCOORD3: 0.400000006, 0.576470613, 0.403921574, 0.243137255
vb0[734]+024 TANGENT: 0.655055821, -0.157937706, -0.738889456, -1

vb0[735]+000 POSITION: 0.397877187, 3.97373867, 1.9136833
vb0[735]+012 NORMAL: 0.697179437, -0.250658035, 0.671648324
vb0[735]+000 COLOR: 0.56078434, 0.713725507, 0.796078444, 0.243137255
vb0[735]+000 TEXCOORD: 0.56078434, 0.713725507, 0.796078444, 0.243137255
vb0[735]+000 TEXCOORD1: 0.56078434, 0.713725507, 0.796078444, 0.243137255
vb0[735]+000 TEXCOORD2: 0.56078434, 0.713725507, 0.796078444, 0.243137255
vb0[735]+000 TEXCOORD3: 0.56078434, 0.713725507, 0.796078444, 0.243137255
vb0[735]+024 TANGENT: 0.676745117, -0.0790285692, -0.731963456, -1

vb0[736]+000 POSITION: 0.397877187, 3.97373867, 1.9136833
vb0[736]+012 NORMAL: 0.643369436, 0.3665618, 0.672092497
vb0[736]+000 COLOR: 0.56078434, 0.713725507, 0.796078444, 0.243137255
vb0[736]+000 TEXCOORD: 0.56078434, 0.713725507, 0.796078444, 0.243137255
vb0[736]+000 TEXCOORD1: 0.56078434, 0.713725507, 0.796078444, 0.243137255
vb0[736]+000 TEXCOORD2: 0.56078434, 0.713725507, 0.796078444, 0.243137255
vb0[736]+000 TEXCOORD3: 0.56078434, 0.713725507, 0.796078444, 0.243137255
vb0[736]+024 TANGENT: 0.735952318, -0.0543694124, -0.674846888, -1

vb0[737]+000 POSITION: 0.00259269704, 4.60254812, 1.94911957
vb0[737]+012 NORMAL: -0.417981118, 0.345726758, 0.840098083
vb0[737]+000 COLOR: 0.239215687, 0.917647064, 0.160784319, 0.23137255
vb0[737]+000 TEXCOORD: 0.239215687, 0.917647064, 0.160784319, 0.23137255
vb0[737]+000 TEXCOORD1: 0.239215687, 0.917647064, 0.160784319, 0.23137255
vb0[737]+000 TEXCOORD2: 0.239215687, 0.917647064, 0.160784319, 0.23137255
vb0[737]+000 TEXCOORD3: 0.239215687, 0.917647064, 0.160784319, 0.23137255
vb0[737]+024 TANGENT: 0.82788837, 0.52569443, 0.195566624, -1

vb0[738]+000 POSITION: 0.362622529, 3.97063947, 1.94912148
vb0[738]+012 NORMAL: 0.643369317, 0.36656177, 0.672092557
vb0[738]+000 COLOR: 0.662745118, 0.662745118, 0.725490212, 0.243137255
vb0[738]+000 TEXCOORD: 0.662745118, 0.662745118, 0.725490212, 0.243137255
vb0[738]+000 TEXCOORD1: 0.662745118, 0.662745118, 0.725490212, 0.243137255
vb0[738]+000 TEXCOORD2: 0.662745118, 0.662745118, 0.725490212, 0.243137255
vb0[738]+000 TEXCOORD3: 0.662745118, 0.662745118, 0.725490212, 0.243137255
vb0[738]+024 TANGENT: 0.735666037, -0.0531109609, -0.675258994, -1

vb0[739]+000 POSITION: 0.00259269704, 4.66752386, 1.91368127
vb0[739]+012 NORMAL: -0.0867673531, 0.47701332, 0.874602556
vb0[739]+000 COLOR: 0.239215687, 0.917647064, 0.160784319, 0.23137255
vb0[739]+000 TEXCOORD: 0.239215687, 0.917647064, 0.160784319, 0.23137255
vb0[739]+000 TEXCOORD1: 0.239215687, 0.917647064, 0.160784319, 0.23137255
vb0[739]+000 TEXCOORD2: 0.239215687, 0.917647064, 0.160784319, 0.23137255
vb0[739]+000 TEXCOORD3: 0.239215687, 0.917647064, 0.160784319, 0.23137255
vb0[739]+024 TANGENT: 0.935330927, 0.341242909, -0.0933238119, -1

vb0[740]+000 POSITION: 0.982354999, 2.88991594, 1.94911909
vb0[740]+012 NORMAL: -0.00129821128, -0.55265069, 0.833412051
vb0[740]+000 COLOR: 0.619607866, 0.482352942, 0.482352942, 0.247058824
vb0[740]+000 TEXCOORD: 0.619607866, 0.482352942, 0.482352942, 0.247058824
vb0[740]+000 TEXCOORD1: 0.619607866, 0.482352942, 0.482352942, 0.247058824
vb0[740]+000 TEXCOORD2: 0.619607866, 0.482352942, 0.482352942, 0.247058824
vb0[740]+000 TEXCOORD3: 0.619607866, 0.482352942, 0.482352942, 0.247058824
vb0[740]+024 TANGENT: 0.999413967, 0.0277894512, 0.0199844856, -1

vb0[741]+000 POSITION: 0.620118558, 3.52053499, 1.94912171
vb0[741]+012 NORMAL: 0.316730589, 0.18307139, 0.930680752
vb0[741]+000 COLOR: 0.0901960805, 0.752941191, 0.117647059, 0.247058824
vb0[741]+000 TEXCOORD: 0.0901960805, 0.752941191, 0.117647059, 0.247058824
vb0[741]+000 TEXCOORD1: 0.0901960805, 0.752941191, 0.117647059, 0.247058824
vb0[741]+000 TEXCOORD2: 0.0901960805, 0.752941191, 0.117647059, 0.247058824
vb0[741]+000 TEXCOORD3: 0.0901960805, 0.752941191, 0.117647059, 0.247058824
vb0[741]+024 TANGENT: 0.948081613, -0.0314270519, -0.316470563, -1

vb0[742]+000 POSITION: 0.260087729, 2.89120197, 1.94912148
vb0[742]+012 NORMAL: -0.281543255, -0.234561205, 0.930437744
vb0[742]+000 COLOR: 0.219607845, 0.164705887, 0.521568656, 0.243137255
vb0[742]+000 TEXCOORD: 0.219607845, 0.164705887, 0.521568656, 0.243137255
vb0[742]+000 TEXCOORD1: 0.219607845, 0.164705887, 0.521568656, 0.243137255
vb0[742]+000 TEXCOORD2: 0.219607845, 0.164705887, 0.521568656, 0.243137255
vb0[742]+000 TEXCOORD3: 0.219607845, 0.164705887, 0.521568656, 0.243137255
vb0[742]+024 TANGENT: 0.959109187, -0.0394537933, 0.280272782, -1

vb0[743]+000 POSITION: 0.00259262091, 3.20027518, 1.94912183
vb0[743]+012 NORMAL: -0.218031168, -0.102662653, 0.970527053
vb0[743]+000 COLOR: 0.964705884, 0.909803927, 0.160784319, 0.23137255
vb0[743]+000 TEXCOORD: 0.964705884, 0.909803927, 0.160784319, 0.23137255
vb0[743]+000 TEXCOORD1: 0.964705884, 0.909803927, 0.160784319, 0.23137255
vb0[743]+000 TEXCOORD2: 0.964705884, 0.909803927, 0.160784319, 0.23137255
vb0[743]+000 TEXCOORD3: 0.964705884, 0.909803927, 0.160784319, 0.23137255
vb0[743]+024 TANGENT: 0.975526631, 0.00608000904, 0.219797477, -1

vb0[744]+000 POSITION: 0.226148218, 3.59105372, 1.94912231
vb0[744]+012 NORMAL: -0.0467534289, 0.118286483, 0.991878271
vb0[744]+000 COLOR: 0.400000006, 0.576470613, 0.403921574, 0.243137255
vb0[744]+000 TEXCOORD: 0.400000006, 0.576470613, 0.403921574, 0.243137255
vb0[744]+000 TEXCOORD1: 0.400000006, 0.576470613, 0.403921574, 0.243137255
vb0[744]+000 TEXCOORD2: 0.400000006, 0.576470613, 0.403921574, 0.243137255
vb0[744]+000 TEXCOORD3: 0.400000006, 0.576470613, 0.403921574, 0.243137255
vb0[744]+024 TANGENT: 0.998781025, 0.0212711915, 0.0445421003, -1

vb0[745]+000 POSITION: 0.00259262091, 3.38058519, 1.91371131
vb0[745]+012 NORMAL: -0.33669436, 0.125002846, 0.933279753
vb0[745]+000 COLOR: 0.964705884, 0.909803927, 0.160784319, 0.23137255
vb0[745]+000 TEXCOORD: 0.964705884, 0.909803927, 0.160784319, 0.23137255
vb0[745]+000 TEXCOORD1: 0.964705884, 0.909803927, 0.160784319, 0.23137255
vb0[745]+000 TEXCOORD2: 0.964705884, 0.909803927, 0.160784319, 0.23137255
vb0[745]+000 TEXCOORD3: 0.964705884, 0.909803927, 0.160784319, 0.23137255
vb0[745]+024 TANGENT: 0.941495478, 0.0289707128, 0.335778058, -1

vb0[746]+000 POSITION: 0.24511978, 2.85883999, 1.91368353
vb0[746]+012 NORMAL: 1.53228564e-06, -2.86094291e-07, 1
vb0[746]+000 COLOR: 0.68235296, 0, 0.482352942, 0.243137255
vb0[746]+000 TEXCOORD: 0.68235296, 0, 0.482352942, 0.243137255
vb0[746]+000 TEXCOORD1: 0.68235296, 0, 0.482352942, 0.243137255
vb0[746]+000 TEXCOORD2: 0.68235296, 0, 0.482352942, 0.243137255
vb0[746]+000 TEXCOORD3: 0.68235296, 0, 0.482352942, 0.243137255
vb0[746]+024 TANGENT: 0.999577582, -0.0290628187, 0, -1

vb0[747]+000 POSITION: 0.00259246817, 3.01964617, 1.91368377
vb0[747]+012 NORMAL: 1.98091129e-06, 2.038709e-06, 1
vb0[747]+000 COLOR: 0.400000006, 0.90196079, 0.160784319, 0.23137255
vb0[747]+000 TEXCOORD: 0.400000006, 0.90196079, 0.160784319, 0.23137255
vb0[747]+000 TEXCOORD1: 0.400000006, 0.90196079, 0.160784319, 0.23137255
vb0[747]+000 TEXCOORD2: 0.400000006, 0.90196079, 0.160784319, 0.23137255
vb0[747]+000 TEXCOORD3: 0.400000006, 0.90196079, 0.160784319, 0.23137255
vb0[747]+024 TANGENT: 0.999426126, -0.0338748656, 0, -1

vb0[748]+000 POSITION: 0.207987666, 2.77310896, 1.91368353
vb0[748]+012 NORMAL: 1.43626278e-06, -6.22079824e-07, 1
vb0[748]+000 COLOR: 0.721568644, 0.980392158, 0.329411775, 0.243137255
vb0[748]+000 TEXCOORD: 0.721568644, 0.980392158, 0.329411775, 0.243137255
vb0[748]+000 TEXCOORD1: 0.721568644, 0.980392158, 0.329411775, 0.243137255
vb0[748]+000 TEXCOORD2: 0.721568644, 0.980392158, 0.329411775, 0.243137255
vb0[748]+000 TEXCOORD3: 0.721568644, 0.980392158, 0.329411775, 0.243137255
vb0[748]+024 TANGENT: 0.999593794, -0.0285025444, 0, -1

vb0[749]+000 POSITION: 0.00259269704, 3.14994645, 1.91368341
vb0[749]+012 NORMAL: 2.18206787e-06, 2.34209233e-06, 1
vb0[749]+000 COLOR: 0.239215687, 0.917647064, 0.160784319, 0.23137255
vb0[749]+000 TEXCOORD: 0.239215687, 0.917647064, 0.160784319, 0.23137255
vb0[749]+000 TEXCOORD1: 0.239215687, 0.917647064, 0.160784319, 0.23137255
vb0[749]+000 TEXCOORD2: 0.239215687, 0.917647064, 0.160784319, 0.23137255
vb0[749]+000 TEXCOORD3: 0.239215687, 0.917647064, 0.160784319, 0.23137255
vb0[749]+024 TANGENT: 0.999352396, -0.0359845795, 0, -1

vb0[750]+000 POSITION: 1.1875267, 2.76996231, 1.91368127
vb0[750]+012 NORMAL: 0, -2.95993175e-07, 1
vb0[750]+000 COLOR: 0.87843138, 0, 0.596078455, 0.247058824
vb0[750]+000 TEXCOORD: 0.87843138, 0, 0.596078455, 0.247058824
vb0[750]+000 TEXCOORD1: 0.87843138, 0, 0.596078455, 0.247058824
vb0[750]+000 TEXCOORD2: 0.87843138, 0, 0.596078455, 0.247058824
vb0[750]+000 TEXCOORD3: 0.87843138, 0, 0.596078455, 0.247058824
vb0[750]+024 TANGENT: 0.991899014, -0.12702845, 0, -1

vb0[751]+000 POSITION: 1.0409621, 2.85695434, 1.91368127
vb0[751]+012 NORMAL: 1.80969934e-07, 1.67917335e-07, 1
vb0[751]+000 COLOR: 0.247058824, 0.243137255, 0.521568656, 0.247058824
vb0[751]+000 TEXCOORD: 0.247058824, 0.243137255, 0.521568656, 0.247058824
vb0[751]+000 TEXCOORD1: 0.247058824, 0.243137255, 0.521568656, 0.247058824
vb0[751]+000 TEXCOORD2: 0.247058824, 0.243137255, 0.521568656, 0.247058824
vb0[751]+000 TEXCOORD3: 0.247058824, 0.243137255, 0.521568656, 0.247058824
vb0[751]+024 TANGENT: 0.992510557, -0.122158661, 0, -1

vb0[752]+000 POSITION: 0.698555112, 3.62566924, 1.91368389
vb0[752]+012 NORMAL: 2.02016213e-06, -1.84312876e-06, 1
vb0[752]+000 COLOR: 0.509803951, 0.831372559, 0.196078435, 0.247058824
vb0[752]+000 TEXCOORD: 0.509803951, 0.831372559, 0.196078435, 0.247058824
vb0[752]+000 TEXCOORD1: 0.509803951, 0.831372559, 0.196078435, 0.247058824
vb0[752]+000 TEXCOORD2: 0.509803951, 0.831372559, 0.196078435, 0.247058824
vb0[752]+000 TEXCOORD3: 0.509803951, 0.831372559, 0.196078435, 0.247058824
vb0[752]+024 TANGENT: 0.999994993, -0.00317647331, 0, -1

vb0[753]+000 POSITION: 0.640405238, 3.54979873, 1.91368389
vb0[753]+012 NORMAL: 2.1528781e-06, -1.86750981e-06, 1
vb0[753]+000 COLOR: 0.600000024, 0.945098042, 0.137254909, 0.247058824
vb0[753]+000 TEXCOORD: 0.600000024, 0.945098042, 0.137254909, 0.247058824
vb0[753]+000 TEXCOORD1: 0.600000024, 0.945098042, 0.137254909, 0.247058824
vb0[753]+000 TEXCOORD2: 0.600000024, 0.945098042, 0.137254909, 0.247058824
vb0[753]+000 TEXCOORD3: 0.600000024, 0.945098042, 0.137254909, 0.247058824
vb0[753]+024 TANGENT: 0.999964356, 0.00844401959, 0, -1

vb0[754]+000 POSITION: 0.383401334, 3.68177056, 1.91368449
vb0[754]+012 NORMAL: -1.34140782e-06, 5.89003378e-07, 1
vb0[754]+000 COLOR: 0.180392161, 0.301960796, 0.768627465, 0.243137255
vb0[754]+000 TEXCOORD: 0.180392161, 0.301960796, 0.768627465, 0.243137255
vb0[754]+000 TEXCOORD1: 0.180392161, 0.301960796, 0.768627465, 0.243137255
vb0[754]+000 TEXCOORD2: 0.180392161, 0.301960796, 0.768627465, 0.243137255
vb0[754]+000 TEXCOORD3: 0.180392161, 0.301960796, 0.768627465, 0.243137255
vb0[754]+024 TANGENT: 0.998862743, -0.047677651, 0, -1

vb0[755]+000 POSITION: 0.269335926, 3.61621737, 1.91368437
vb0[755]+012 NORMAL: -1.62210608e-06, 4.94838446e-07, 1
vb0[755]+000 COLOR: 0.400000006, 0.90196079, 0.53725493, 0.243137255
vb0[755]+000 TEXCOORD: 0.400000006, 0.90196079, 0.53725493, 0.243137255
vb0[755]+000 TEXCOORD1: 0.400000006, 0.90196079, 0.53725493, 0.243137255
vb0[755]+000 TEXCOORD2: 0.400000006, 0.90196079, 0.53725493, 0.243137255
vb0[755]+000 TEXCOORD3: 0.400000006, 0.90196079, 0.53725493, 0.243137255
vb0[755]+024 TANGENT: 0.998714805, -0.0506825931, 0, -1

vb0[756]+000 POSITION: 0.397877187, 3.97373867, 1.9136833
vb0[756]+012 NORMAL: -6.39622328e-07, 3.46762408e-06, 1
vb0[756]+000 COLOR: 0.56078434, 0.713725507, 0.796078444, 0.243137255
vb0[756]+000 TEXCOORD: 0.56078434, 0.713725507, 0.796078444, 0.243137255
vb0[756]+000 TEXCOORD1: 0.56078434, 0.713725507, 0.796078444, 0.243137255
vb0[756]+000 TEXCOORD2: 0.56078434, 0.713725507, 0.796078444, 0.243137255
vb0[756]+000 TEXCOORD3: 0.56078434, 0.713725507, 0.796078444, 0.243137255
vb0[756]+024 TANGENT: 0.999997616, -0.0022119151, 0, -1

vb0[757]+000 POSITION: 0.490010828, 3.98415089, 1.9136833
vb0[757]+012 NORMAL: -5.3946286e-07, 3.32533705e-06, 1
vb0[757]+000 COLOR: 0.701960802, 0.886274517, 0.980392158, 0.243137255
vb0[757]+000 TEXCOORD: 0.701960802, 0.886274517, 0.980392158, 0.243137255
vb0[757]+000 TEXCOORD1: 0.701960802, 0.886274517, 0.980392158, 0.243137255
vb0[757]+000 TEXCOORD2: 0.701960802, 0.886274517, 0.980392158, 0.243137255
vb0[757]+000 TEXCOORD3: 0.701960802, 0.886274517, 0.980392158, 0.243137255
vb0[757]+024 TANGENT: 0.99996984, 0.00776294712, 0, -1

vb0[758]+000 POSITION: 0.00259269704, 4.66752386, 1.91368127
vb0[758]+012 NORMAL: -3.92373204e-06, 1.04107748e-07, 1
vb0[758]+000 COLOR: 0.239215687, 0.917647064, 0.160784319, 0.23137255
vb0[758]+000 TEXCOORD: 0.239215687, 0.917647064, 0.160784319, 0.23137255
vb0[758]+000 TEXCOORD1: 0.239215687, 0.917647064, 0.160784319, 0.23137255
vb0[758]+000 TEXCOORD2: 0.239215687, 0.917647064, 0.160784319, 0.23137255
vb0[758]+000 TEXCOORD3: 0.239215687, 0.917647064, 0.160784319, 0.23137255
vb0[758]+024 TANGENT: 0.992987931, 0.118216313, 0, -1

vb0[759]+000 POSITION: 0.00259269704, 4.81967735, 1.91368127
vb0[759]+012 NORMAL: -4.06969411e-06, 0, 1
vb0[759]+000 COLOR: 0.239215687, 0.917647064, 0.160784319, 0.23137255
vb0[759]+000 TEXCOORD: 0.239215687, 0.917647064, 0.160784319, 0.23137255
vb0[759]+000 TEXCOORD1: 0.239215687, 0.917647064, 0.160784319, 0.23137255
vb0[759]+000 TEXCOORD2: 0.239215687, 0.917647064, 0.160784319, 0.23137255
vb0[759]+000 TEXCOORD3: 0.239215687, 0.917647064, 0.160784319, 0.23137255
vb0[759]+024 TANGENT: 0.992490947, 0.122318529, 0, -1

vb0[760]+000 POSITION: 0.00259269704, 3.14994645, 1.91368341
vb0[760]+012 NORMAL: -1, -3.30590325e-07, -1.68336601e-06
vb0[760]+000 COLOR: 0.239215687, 0.917647064, 0.160784319, 0.23137255
vb0[760]+000 TEXCOORD: 0.239215687, 0.917647064, 0.160784319, 0.23137255
vb0[760]+000 TEXCOORD1: 0.239215687, 0.917647064, 0.160784319, 0.23137255
vb0[760]+000 TEXCOORD2: 0.239215687, 0.917647064, 0.160784319, 0.23137255
vb0[760]+000 TEXCOORD3: 0.239215687, 0.917647064, 0.160784319, 0.23137255
vb0[760]+024 TANGENT: 0, 1, 0, 1

vb0[761]+000 POSITION: 0.00259262091, 3.20027518, 1.94912183
vb0[761]+012 NORMAL: -1, -3.30590325e-07, -1.68336601e-06
vb0[761]+000 COLOR: 0.964705884, 0.909803927, 0.160784319, 0.23137255
vb0[761]+000 TEXCOORD: 0.964705884, 0.909803927, 0.160784319, 0.23137255
vb0[761]+000 TEXCOORD1: 0.964705884, 0.909803927, 0.160784319, 0.23137255
vb0[761]+000 TEXCOORD2: 0.964705884, 0.909803927, 0.160784319, 0.23137255
vb0[761]+000 TEXCOORD3: 0.964705884, 0.909803927, 0.160784319, 0.23137255
vb0[761]+024 TANGENT: 0, 1, 0, 1

vb0[762]+000 POSITION: 0.00259262091, 3.38058519, 1.91371131
vb0[762]+012 NORMAL: -0.33669436, 0.125002846, 0.933279753
vb0[762]+000 COLOR: 0.964705884, 0.909803927, 0.160784319, 0.23137255
vb0[762]+000 TEXCOORD: 0.964705884, 0.909803927, 0.160784319, 0.23137255
vb0[762]+000 TEXCOORD1: 0.964705884, 0.909803927, 0.160784319, 0.23137255
vb0[762]+000 TEXCOORD2: 0.964705884, 0.909803927, 0.160784319, 0.23137255
vb0[762]+000 TEXCOORD3: 0.964705884, 0.909803927, 0.160784319, 0.23137255
vb0[762]+024 TANGENT: 0.0424192213, 0.992156386, -0.117585376, 1

vb0[763]+000 POSITION: 0.00259262091, 3.38058519, 1.91371131
vb0[763]+012 NORMAL: -0.33669436, 0.125002846, 0.933279753
vb0[763]+000 COLOR: 0.964705884, 0.909803927, 0.160784319, 0.23137255
vb0[763]+000 TEXCOORD: 0.964705884, 0.909803927, 0.160784319, 0.23137255
vb0[763]+000 TEXCOORD1: 0.964705884, 0.909803927, 0.160784319, 0.23137255
vb0[763]+000 TEXCOORD2: 0.964705884, 0.909803927, 0.160784319, 0.23137255
vb0[763]+000 TEXCOORD3: 0.964705884, 0.909803927, 0.160784319, 0.23137255
vb0[763]+024 TANGENT: 0.941520631, 0.0586496703, 0.331811875, -1

vb0[764]+000 POSITION: 0.00259269704, 4.60254812, 1.94911957
vb0[764]+012 NORMAL: -0.417981118, 0.345726758, 0.840098083
vb0[764]+000 COLOR: 0.239215687, 0.917647064, 0.160784319, 0.23137255
vb0[764]+000 TEXCOORD: 0.239215687, 0.917647064, 0.160784319, 0.23137255
vb0[764]+000 TEXCOORD1: 0.239215687, 0.917647064, 0.160784319, 0.23137255
vb0[764]+000 TEXCOORD2: 0.239215687, 0.917647064, 0.160784319, 0.23137255
vb0[764]+000 TEXCOORD3: 0.239215687, 0.917647064, 0.160784319, 0.23137255
vb0[764]+024 TANGENT: 0.626562655, -0.559899092, 0.542155206, -1

vb0[765]+000 POSITION: 0.00259269704, 4.66752386, 1.91368127
vb0[765]+012 NORMAL: -0.0867673531, 0.47701332, 0.874602556
vb0[765]+000 COLOR: 0.239215687, 0.917647064, 0.160784319, 0.23137255
vb0[765]+000 TEXCOORD: 0.239215687, 0.917647064, 0.160784319, 0.23137255
vb0[765]+000 TEXCOORD1: 0.239215687, 0.917647064, 0.160784319, 0.23137255
vb0[765]+000 TEXCOORD2: 0.239215687, 0.917647064, 0.160784319, 0.23137255
vb0[765]+000 TEXCOORD3: 0.239215687, 0.917647064, 0.160784319, 0.23137255
vb0[765]+024 TANGENT: 0.115023226, -0.867245376, 0.484412104, -1

vb0[766]+000 POSITION: 0.226148218, 3.59105372, 1.94912231
vb0[766]+012 NORMAL: -0.0467534289, 0.118286483, 0.991878271
vb0[766]+000 COLOR: 0.400000006, 0.576470613, 0.403921574, 0.243137255
vb0[766]+000 TEXCOORD: 0.400000006, 0.576470613, 0.403921574, 0.243137255
vb0[766]+000 TEXCOORD1: 0.400000006, 0.576470613, 0.403921574, 0.243137255
vb0[766]+000 TEXCOORD2: 0.400000006, 0.576470613, 0.403921574, 0.243137255
vb0[766]+000 TEXCOORD3: 0.400000006, 0.576470613, 0.403921574, 0.243137255
vb0[766]+024 TANGENT: 0.99821353, 0.042510584, 0.0419824533, -1

vb0[767]+000 POSITION: 0.362622529, 3.97063947, 1.94912148
vb0[767]+012 NORMAL: 0.343587279, -0.1235293, 0.930960953
vb0[767]+000 COLOR: 0.662745118, 0.662745118, 0.725490212, 0.243137255
vb0[767]+000 TEXCOORD: 0.662745118, 0.662745118, 0.725490212, 0.243137255
vb0[767]+000 TEXCOORD1: 0.662745118, 0.662745118, 0.725490212, 0.243137255
vb0[767]+000 TEXCOORD2: 0.662745118, 0.662745118, 0.725490212, 0.243137255
vb0[767]+000 TEXCOORD3: 0.662745118, 0.662745118, 0.725490212, 0.243137255
vb0[767]+024 TANGENT: 0.935153782, 0.136022538, -0.327085853, -1

vb0[768]+000 POSITION: -0.00259269704, 3.14994645, 1.6141839
vb0[768]+012 NORMAL: 0.568511128, -0.473638117, -0.67265296
vb0[768]+000 COLOR: 0.239215687, 0.917647064, 0.160784319, 0.733333349
vb0[768]+000 TEXCOORD: 0.239215687, 0.917647064, 0.160784319, 0.733333349
vb0[768]+000 TEXCOORD1: 0.239215687, 0.917647064, 0.160784319, 0.733333349
vb0[768]+000 TEXCOORD2: 0.239215687, 0.917647064, 0.160784319, 0.733333349
vb0[768]+000 TEXCOORD3: 0.239215687, 0.917647064, 0.160784319, 0.733333349
vb0[768]+024 TANGENT: -0.81121254, -0.186730191, -0.554135382, -1

vb0[769]+000 POSITION: -0.260087729, 2.89120197, 1.57874584
vb0[769]+012 NORMAL: 0.281543285, -0.234560803, -0.930437863
vb0[769]+000 COLOR: 0.219607845, 0.164705887, 0.521568656, 0.745098054
vb0[769]+000 TEXCOORD: 0.219607845, 0.164705887, 0.521568656, 0.745098054
vb0[769]+000 TEXCOORD1: 0.219607845, 0.164705887, 0.521568656, 0.745098054
vb0[769]+000 TEXCOORD2: 0.219607845, 0.164705887, 0.521568656, 0.745098054
vb0[769]+000 TEXCOORD3: 0.219607845, 0.164705887, 0.521568656, 0.745098054
vb0[769]+024 TANGENT: -0.958421826, -0.115718566, -0.260838717, -1

vb0[770]+000 POSITION: -0.00259262091, 3.20027518, 1.57874584
vb0[770]+012 NORMAL: 0.218030453, -0.102661468, -0.970527291
vb0[770]+000 COLOR: 0.964705884, 0.909803927, 0.160784319, 0.733333349
vb0[770]+000 TEXCOORD: 0.964705884, 0.909803927, 0.160784319, 0.733333349
vb0[770]+000 TEXCOORD1: 0.964705884, 0.909803927, 0.160784319, 0.733333349
vb0[770]+000 TEXCOORD2: 0.964705884, 0.909803927, 0.160784319, 0.733333349
vb0[770]+000 TEXCOORD3: 0.964705884, 0.909803927, 0.160784319, 0.733333349
vb0[770]+024 TANGENT: -0.966640413, -0.159687042, -0.200265795, -1

vb0[771]+000 POSITION: -0.24511978, 2.85883999, 1.61418378
vb0[771]+012 NORMAL: 0.568511784, -0.473638892, -0.672651947
vb0[771]+000 COLOR: 0.68235296, 0, 0.482352942, 0.745098054
vb0[771]+000 TEXCOORD: 0.68235296, 0, 0.482352942, 0.745098054
vb0[771]+000 TEXCOORD1: 0.68235296, 0, 0.482352942, 0.745098054
vb0[771]+000 TEXCOORD2: 0.68235296, 0, 0.482352942, 0.745098054
vb0[771]+000 TEXCOORD3: 0.68235296, 0, 0.482352942, 0.745098054
vb0[771]+024 TANGENT: -0.811228633, -0.186835095, -0.554076493, -1

vb0[772]+000 POSITION: -0.24511978, 2.85883999, 1.61418378
vb0[772]+012 NORMAL: 0.00133387325, -0.737919033, -0.674888015
vb0[772]+000 COLOR: 0.68235296, 0, 0.482352942, 0.745098054
vb0[772]+000 TEXCOORD: 0.68235296, 0, 0.482352942, 0.745098054
vb0[772]+000 TEXCOORD1: 0.68235296, 0, 0.482352942, 0.745098054
vb0[772]+000 TEXCOORD2: 0.68235296, 0, 0.482352942, 0.745098054
vb0[772]+000 TEXCOORD3: 0.68235296, 0, 0.482352942, 0.745098054
vb0[772]+024 TANGENT: -0.999893546, -0.0107880989, 0.00981942285, -1

vb0[773]+000 POSITION: -0.982354999, 2.88991594, 1.57874835
vb0[773]+012 NORMAL: 0.00129821093, -0.55265063, -0.833412051
vb0[773]+000 COLOR: 0.619607866, 0.482352942, 0.482352942, 0.749019623
vb0[773]+000 TEXCOORD: 0.619607866, 0.482352942, 0.482352942, 0.749019623
vb0[773]+000 TEXCOORD1: 0.619607866, 0.482352942, 0.482352942, 0.749019623
vb0[773]+000 TEXCOORD2: 0.619607866, 0.482352942, 0.482352942, 0.749019623
vb0[773]+000 TEXCOORD3: 0.619607866, 0.482352942, 0.482352942, 0.749019623
vb0[773]+024 TANGENT: -0.999626279, -0.0234737303, 0.0140087306, -1

vb0[774]+000 POSITION: -0.260087729, 2.89120197, 1.57874584
vb0[774]+012 NORMAL: 0.00131200952, -0.738149762, -0.674635589
vb0[774]+000 COLOR: 0.219607845, 0.164705887, 0.521568656, 0.745098054
vb0[774]+000 TEXCOORD: 0.219607845, 0.164705887, 0.521568656, 0.745098054
vb0[774]+000 TEXCOORD1: 0.219607845, 0.164705887, 0.521568656, 0.745098054
vb0[774]+000 TEXCOORD2: 0.219607845, 0.164705887, 0.521568656, 0.745098054
vb0[774]+000 TEXCOORD3: 0.219607845, 0.164705887, 0.521568656, 0.745098054
vb0[774]+024 TANGENT: -0.999904037, -0.0102733718, 0.0092959879, -1

vb0[775]+000 POSITION: -1.0409621, 2.85695434, 1.61418605
vb0[775]+012 NORMAL: 0.00173637574, -0.733653545, -0.679521382
vb0[775]+000 COLOR: 0.247058824, 0.243137255, 0.521568656, 0.749019623
vb0[775]+000 TEXCOORD: 0.247058824, 0.243137255, 0.521568656, 0.749019623
vb0[775]+000 TEXCOORD1: 0.247058824, 0.243137255, 0.521568656, 0.749019623
vb0[775]+000 TEXCOORD2: 0.247058824, 0.243137255, 0.521568656, 0.749019623
vb0[775]+000 TEXCOORD3: 0.247058824, 0.243137255, 0.521568656, 0.749019623
vb0[775]+024 TANGENT: -0.999605238, -0.0203298442, 0.0193950795, -1

vb0[776]+000 POSITION: -1.0409621, 2.85695434, 1.61418605
vb0[776]+012 NORMAL: -0.623799026, 0.358522296, -0.694504559
vb0[776]+000 COLOR: 0.247058824, 0.243137255, 0.521568656, 0.749019623
vb0[776]+000 TEXCOORD: 0.247058824, 0.243137255, 0.521568656, 0.749019623
vb0[776]+000 TEXCOORD1: 0.247058824, 0.243137255, 0.521568656, 0.749019623
vb0[776]+000 TEXCOORD2: 0.247058824, 0.243137255, 0.521568656, 0.749019623
vb0[776]+000 TEXCOORD3: 0.247058824, 0.243137255, 0.521568656, 0.749019623
vb0[776]+024 TANGENT: -0.742064953, 0.00730424793, 0.670288146, -1

vb0[777]+000 POSITION: -0.620118558, 3.52053499, 1.57874596
vb0[777]+012 NORMAL: -0.316730261, 0.183071613, -0.930680752
vb0[777]+000 COLOR: 0.0901960805, 0.752941191, 0.117647059, 0.749019623
vb0[777]+000 TEXCOORD: 0.0901960805, 0.752941191, 0.117647059, 0.749019623
vb0[777]+000 TEXCOORD1: 0.0901960805, 0.752941191, 0.117647059, 0.749019623
vb0[777]+000 TEXCOORD2: 0.0901960805, 0.752941191, 0.117647059, 0.749019623
vb0[777]+000 TEXCOORD3: 0.0901960805, 0.752941191, 0.117647059, 0.749019623
vb0[777]+024 TANGENT: -0.94844383, -0.0490503684, 0.313126892, -1

vb0[778]+000 POSITION: -0.982354999, 2.88991594, 1.57874835
vb0[778]+012 NORMAL: -0.622177064, 0.357384831, -0.69654268
vb0[778]+000 COLOR: 0.619607866, 0.482352942, 0.482352942, 0.749019623
vb0[778]+000 TEXCOORD: 0.619607866, 0.482352942, 0.482352942, 0.749019623
vb0[778]+000 TEXCOORD1: 0.619607866, 0.482352942, 0.482352942, 0.749019623
vb0[778]+000 TEXCOORD2: 0.619607866, 0.482352942, 0.482352942, 0.749019623
vb0[778]+000 TEXCOORD3: 0.619607866, 0.482352942, 0.482352942, 0.749019623
vb0[778]+024 TANGENT: -0.740680337, 0.0194390099, 0.671576262, -1

vb0[779]+000 POSITION: -0.640405238, 3.54979873, 1.61418378
vb0[779]+012 NORMAL: -0.640648961, 0.370378584, -0.672598362
vb0[779]+000 COLOR: 0.600000024, 0.945098042, 0.137254909, 0.749019623
vb0[779]+000 TEXCOORD: 0.600000024, 0.945098042, 0.137254909, 0.749019623
vb0[779]+000 TEXCOORD1: 0.600000024, 0.945098042, 0.137254909, 0.749019623
vb0[779]+000 TEXCOORD2: 0.600000024, 0.945098042, 0.137254909, 0.749019623
vb0[779]+000 TEXCOORD3: 0.600000024, 0.945098042, 0.137254909, 0.749019623
vb0[779]+024 TANGENT: -0.75110513, -0.120441563, 0.649103224, -1

vb0[780]+000 POSITION: -0.640405238, 3.54979873, 1.61418378
vb0[780]+012 NORMAL: -0.130073965, 0.726685107, -0.674543917
vb0[780]+000 COLOR: 0.600000024, 0.945098042, 0.137254909, 0.749019623
vb0[780]+000 TEXCOORD: 0.600000024, 0.945098042, 0.137254909, 0.749019623
vb0[780]+000 TEXCOORD1: 0.600000024, 0.945098042, 0.137254909, 0.749019623
vb0[780]+000 TEXCOORD2: 0.600000024, 0.945098042, 0.137254909, 0.749019623
vb0[780]+000 TEXCOORD3: 0.600000024, 0.945098042, 0.137254909, 0.749019623
vb0[780]+024 TANGENT: -0.988772571, -0.0446035825, 0.142616063, -1

vb0[781]+000 POSITION: -0.226148218, 3.59105372, 1.57874537
vb0[781]+012 NORMAL: 0.0467534997, 0.118286535, -0.991878271
vb0[781]+000 COLOR: 0.400000006, 0.576470613, 0.403921574, 0.745098054
vb0[781]+000 TEXCOORD: 0.400000006, 0.576470613, 0.403921574, 0.745098054
vb0[781]+000 TEXCOORD1: 0.400000006, 0.576470613, 0.403921574, 0.745098054
vb0[781]+000 TEXCOORD2: 0.400000006, 0.576470613, 0.403921574, 0.745098054
vb0[781]+000 TEXCOORD3: 0.400000006, 0.576470613, 0.403921574, 0.745098054
vb0[781]+024 TANGENT: -0.998687923, -0.0152365109, -0.0488915034, -1

vb0[782]+000 POSITION: -0.620118558, 3.52053499, 1.57874596
vb0[782]+012 NORMAL: -0.13007395, 0.726683795, -0.674545348
vb0[782]+000 COLOR: 0.0901960805, 0.752941191, 0.117647059, 0.749019623
vb0[782]+000 TEXCOORD: 0.0901960805, 0.752941191, 0.117647059, 0.749019623
vb0[782]+000 TEXCOORD1: 0.0901960805, 0.752941191, 0.117647059, 0.749019623
vb0[782]+000 TEXCOORD2: 0.0901960805, 0.752941191, 0.117647059, 0.749019623
vb0[782]+000 TEXCOORD3: 0.0901960805, 0.752941191, 0.117647059, 0.749019623
vb0[782]+024 TANGENT: -0.988847136, -0.0453030281, 0.141876712, -1

vb0[783]+000 POSITION: -0.269335926, 3.61621737, 1.61418331
vb0[783]+012 NORMAL: -0.130074069, 0.726698458, -0.674529552
vb0[783]+000 COLOR: 0.400000006, 0.90196079, 0.53725493, 0.745098054
vb0[783]+000 TEXCOORD: 0.400000006, 0.90196079, 0.53725493, 0.745098054
vb0[783]+000 TEXCOORD1: 0.400000006, 0.90196079, 0.53725493, 0.745098054
vb0[783]+000 TEXCOORD2: 0.400000006, 0.90196079, 0.53725493, 0.745098054
vb0[783]+000 TEXCOORD3: 0.400000006, 0.90196079, 0.53725493, 0.745098054
vb0[783]+024 TANGENT: -0.987966597, -0.0375769883, 0.150032982, -1

vb0[784]+000 POSITION: -0.269335926, 3.61621737, 1.61418331
vb0[784]+012 NORMAL: -0.697175682, -0.250657499, -0.671652377
vb0[784]+000 COLOR: 0.400000006, 0.90196079, 0.53725493, 0.745098054
vb0[784]+000 TEXCOORD: 0.400000006, 0.90196079, 0.53725493, 0.745098054
vb0[784]+000 TEXCOORD1: 0.400000006, 0.90196079, 0.53725493, 0.745098054
vb0[784]+000 TEXCOORD2: 0.400000006, 0.90196079, 0.53725493, 0.745098054
vb0[784]+000 TEXCOORD3: 0.400000006, 0.90196079, 0.53725493, 0.745098054
vb0[784]+024 TANGENT: -0.656434894, -0.15338856, 0.738623857, -1

vb0[785]+000 POSITION: -0.362622529, 3.97063947, 1.5787462
vb0[785]+012 NORMAL: -0.34358716, -0.123529263, -0.930961072
vb0[785]+000 COLOR: 0.662745118, 0.662745118, 0.725490212, 0.745098054
vb0[785]+000 TEXCOORD: 0.662745118, 0.662745118, 0.725490212, 0.745098054
vb0[785]+000 TEXCOORD1: 0.662745118, 0.662745118, 0.725490212, 0.745098054
vb0[785]+000 TEXCOORD2: 0.662745118, 0.662745118, 0.725490212, 0.745098054
vb0[785]+000 TEXCOORD3: 0.662745118, 0.662745118, 0.725490212, 0.745098054
vb0[785]+024 TANGENT: -0.920173824, -0.153839245, 0.360018998, -1

vb0[786]+000 POSITION: -0.226148218, 3.59105372, 1.57874537
vb0[786]+012 NORMAL: -0.697175443, -0.250657469, -0.671652675
vb0[786]+000 COLOR: 0.400000006, 0.576470613, 0.403921574, 0.745098054
vb0[786]+000 TEXCOORD: 0.400000006, 0.576470613, 0.403921574, 0.745098054
vb0[786]+000 TEXCOORD1: 0.400000006, 0.576470613, 0.403921574, 0.745098054
vb0[786]+000 TEXCOORD2: 0.400000006, 0.576470613, 0.403921574, 0.745098054
vb0[786]+000 TEXCOORD3: 0.400000006, 0.576470613, 0.403921574, 0.745098054
vb0[786]+024 TANGENT: -0.655055821, -0.157937706, 0.738889456, -1

vb0[787]+000 POSITION: -0.397877187, 3.97373867, 1.61418438
vb0[787]+012 NORMAL: -0.697179437, -0.250658035, -0.671648324
vb0[787]+000 COLOR: 0.56078434, 0.713725507, 0.796078444, 0.745098054
vb0[787]+000 TEXCOORD: 0.56078434, 0.713725507, 0.796078444, 0.745098054
vb0[787]+000 TEXCOORD1: 0.56078434, 0.713725507, 0.796078444, 0.745098054
vb0[787]+000 TEXCOORD2: 0.56078434, 0.713725507, 0.796078444, 0.745098054
vb0[787]+000 TEXCOORD3: 0.56078434, 0.713725507, 0.796078444, 0.745098054
vb0[787]+024 TANGENT: -0.676745117, -0.0790285692, 0.731963456, -1

vb0[788]+000 POSITION: -0.397877187, 3.97373867, 1.61418438
vb0[788]+012 NORMAL: -0.643369377, 0.366561919, -0.672092497
vb0[788]+000 COLOR: 0.56078434, 0.713725507, 0.796078444, 0.745098054
vb0[788]+000 TEXCOORD: 0.56078434, 0.713725507, 0.796078444, 0.745098054
vb0[788]+000 TEXCOORD1: 0.56078434, 0.713725507, 0.796078444, 0.745098054
vb0[788]+000 TEXCOORD2: 0.56078434, 0.713725507, 0.796078444, 0.745098054
vb0[788]+000 TEXCOORD3: 0.56078434, 0.713725507, 0.796078444, 0.745098054
vb0[788]+024 TANGENT: -0.735952318, -0.0543694124, 0.674846828, -1

vb0[789]+000 POSITION: -0.00259269704, 4.60254812, 1.57874835
vb0[789]+012 NORMAL: 0.417980939, 0.345726877, -0.840098202
vb0[789]+000 COLOR: 0.239215687, 0.917647064, 0.160784319, 0.733333349
vb0[789]+000 TEXCOORD: 0.239215687, 0.917647064, 0.160784319, 0.733333349
vb0[789]+000 TEXCOORD1: 0.239215687, 0.917647064, 0.160784319, 0.733333349
vb0[789]+000 TEXCOORD2: 0.239215687, 0.917647064, 0.160784319, 0.733333349
vb0[789]+000 TEXCOORD3: 0.239215687, 0.917647064, 0.160784319, 0.733333349
vb0[789]+024 TANGENT: -0.827888787, 0.525693834, -0.19556646, -1

vb0[790]+000 POSITION: -0.362622529, 3.97063947, 1.5787462
vb0[790]+012 NORMAL: -0.643369257, 0.36656189, -0.672092557
vb0[790]+000 COLOR: 0.662745118, 0.662745118, 0.725490212, 0.745098054
vb0[790]+000 TEXCOORD: 0.662745118, 0.662745118, 0.725490212, 0.745098054
vb0[790]+000 TEXCOORD1: 0.662745118, 0.662745118, 0.725490212, 0.745098054
vb0[790]+000 TEXCOORD2: 0.662745118, 0.662745118, 0.725490212, 0.745098054
vb0[790]+000 TEXCOORD3: 0.662745118, 0.662745118, 0.725490212, 0.745098054
vb0[790]+024 TANGENT: -0.735666037, -0.0531109609, 0.675258994, -1

vb0[791]+000 POSITION: -0.00259269704, 4.66752386, 1.61418653
vb0[791]+012 NORMAL: 0.0867674127, 0.47701332, -0.874602556
vb0[791]+000 COLOR: 0.239215687, 0.917647064, 0.160784319, 0.733333349
vb0[791]+000 TEXCOORD: 0.239215687, 0.917647064, 0.160784319, 0.733333349
vb0[791]+000 TEXCOORD1: 0.239215687, 0.917647064, 0.160784319, 0.733333349
vb0[791]+000 TEXCOORD2: 0.239215687, 0.917647064, 0.160784319, 0.733333349
vb0[791]+000 TEXCOORD3: 0.239215687, 0.917647064, 0.160784319, 0.733333349
vb0[791]+024 TANGENT: -0.935330927, 0.341242731, 0.093323715, -1

vb0[792]+000 POSITION: -0.982354999, 2.88991594, 1.57874835
vb0[792]+012 NORMAL: 0.00129821093, -0.55265063, -0.833412051
vb0[792]+000 COLOR: 0.619607866, 0.482352942, 0.482352942, 0.749019623
vb0[792]+000 TEXCOORD: 0.619607866, 0.482352942, 0.482352942, 0.749019623
vb0[792]+000 TEXCOORD1: 0.619607866, 0.482352942, 0.482352942, 0.749019623
vb0[792]+000 TEXCOORD2: 0.619607866, 0.482352942, 0.482352942, 0.749019623
vb0[792]+000 TEXCOORD3: 0.619607866, 0.482352942, 0.482352942, 0.749019623
vb0[792]+024 TANGENT: -0.999413967, 0.0277894437, -0.0199844837, -1

vb0[793]+000 POSITION: -0.620118558, 3.52053499, 1.57874596
vb0[793]+012 NORMAL: -0.316730261, 0.183071613, -0.930680752
vb0[793]+000 COLOR: 0.0901960805, 0.752941191, 0.117647059, 0.749019623
vb0[793]+000 TEXCOORD: 0.0901960805, 0.752941191, 0.117647059, 0.749019623
vb0[793]+000 TEXCOORD1: 0.0901960805, 0.752941191, 0.117647059, 0.749019623
vb0[793]+000 TEXCOORD2: 0.0901960805, 0.752941191, 0.117647059, 0.749019623
vb0[793]+000 TEXCOORD3: 0.0901960805, 0.752941191, 0.117647059, 0.749019623
vb0[793]+024 TANGENT: -0.948081732, -0.0314270742, 0.316470265, -1

vb0[794]+000 POSITION: -0.260087729, 2.89120197, 1.57874584
vb0[794]+012 NORMAL: 0.281543285, -0.234560803, -0.930437863
vb0[794]+000 COLOR: 0.219607845, 0.164705887, 0.521568656, 0.745098054
vb0[794]+000 TEXCOORD: 0.219607845, 0.164705887, 0.521568656, 0.745098054
vb0[794]+000 TEXCOORD1: 0.219607845, 0.164705887, 0.521568656, 0.745098054
vb0[794]+000 TEXCOORD2: 0.219607845, 0.164705887, 0.521568656, 0.745098054
vb0[794]+000 TEXCOORD3: 0.219607845, 0.164705887, 0.521568656, 0.745098054
vb0[794]+024 TANGENT: -0.959109187, -0.0394536257, -0.280272782, -1

vb0[795]+000 POSITION: -0.00259262091, 3.20027518, 1.57874584
vb0[795]+012 NORMAL: 0.218030453, -0.102661468, -0.970527291
vb0[795]+000 COLOR: 0.964705884, 0.909803927, 0.160784319, 0.733333349
vb0[795]+000 TEXCOORD: 0.964705884, 0.909803927, 0.160784319, 0.733333349
vb0[795]+000 TEXCOORD1: 0.964705884, 0.909803927, 0.160784319, 0.733333349
vb0[795]+000 TEXCOORD2: 0.964705884, 0.909803927, 0.160784319, 0.733333349
vb0[795]+000 TEXCOORD3: 0.964705884, 0.909803927, 0.160784319, 0.733333349
vb0[795]+024 TANGENT: -0.97552675, 0.00608027913, -0.219796762, -1

vb0[796]+000 POSITION: -0.226148218, 3.59105372, 1.57874537
vb0[796]+012 NORMAL: 0.0467534997, 0.118286535, -0.991878271
vb0[796]+000 COLOR: 0.400000006, 0.576470613, 0.403921574, 0.745098054
vb0[796]+000 TEXCOORD: 0.400000006, 0.576470613, 0.403921574, 0.745098054
vb0[796]+000 TEXCOORD1: 0.400000006, 0.576470613, 0.403921574, 0.745098054
vb0[796]+000 TEXCOORD2: 0.400000006, 0.576470613, 0.403921574, 0.745098054
vb0[796]+000 TEXCOORD3: 0.400000006, 0.576470613, 0.403921574, 0.745098054
vb0[796]+024 TANGENT: -0.998781025, 0.021271199, -0.0445421711, -1

vb0[797]+000 POSITION: -0.00259262091, 3.38058519, 1.61415625
vb0[797]+012 NORMAL: 0.336694032, 0.125002906, -0.933279872
vb0[797]+000 COLOR: 0.964705884, 0.909803927, 0.160784319, 0.733333349
vb0[797]+000 TEXCOORD: 0.964705884, 0.909803927, 0.160784319, 0.733333349
vb0[797]+000 TEXCOORD1: 0.964705884, 0.909803927, 0.160784319, 0.733333349
vb0[797]+000 TEXCOORD2: 0.964705884, 0.909803927, 0.160784319, 0.733333349
vb0[797]+000 TEXCOORD3: 0.964705884, 0.909803927, 0.160784319, 0.733333349
vb0[797]+024 TANGENT: -0.941495717, 0.02897067, -0.3357777, -1

vb0[798]+000 POSITION: -0.24511978, 2.85883999, 1.61418378
vb0[798]+012 NORMAL: -1.54234749e-06, -2.96415749e-07, -1
vb0[798]+000 COLOR: 0.68235296, 0, 0.482352942, 0.745098054
vb0[798]+000 TEXCOORD: 0.68235296, 0, 0.482352942, 0.745098054
vb0[798]+000 TEXCOORD1: 0.68235296, 0, 0.482352942, 0.745098054
vb0[798]+000 TEXCOORD2: 0.68235296, 0, 0.482352942, 0.745098054
vb0[798]+000 TEXCOORD3: 0.68235296, 0, 0.482352942, 0.745098054
vb0[798]+024 TANGENT: -0.999629021, -0.0272373836, 0, -1

vb0[799]+000 POSITION: -0.00259246817, 3.01964617, 1.61418366
vb0[799]+012 NORMAL: -1.98091129e-06, 2.038709e-06, -1
vb0[799]+000 COLOR: 0.400000006, 0.90196079, 0.160784319, 0.733333349
vb0[799]+000 TEXCOORD: 0.400000006, 0.90196079, 0.160784319, 0.733333349
vb0[799]+000 TEXCOORD1: 0.400000006, 0.90196079, 0.160784319, 0.733333349
vb0[799]+000 TEXCOORD2: 0.400000006, 0.90196079, 0.160784319, 0.733333349
vb0[799]+000 TEXCOORD3: 0.400000006, 0.90196079, 0.160784319, 0.733333349
vb0[799]+024 TANGENT: -0.999426126, -0.0338748656, 0, -1

vb0[800]+000 POSITION: -0.207987666, 2.77310896, 1.61418378
vb0[800]+012 NORMAL: -1.44613796e-06, -6.26357121e-07, -1
vb0[800]+000 COLOR: 0.721568644, 0.980392158, 0.329411775, 0.745098054
vb0[800]+000 TEXCOORD: 0.721568644, 0.980392158, 0.329411775, 0.745098054
vb0[800]+000 TEXCOORD1: 0.721568644, 0.980392158, 0.329411775, 0.745098054
vb0[800]+000 TEXCOORD2: 0.721568644, 0.980392158, 0.329411775, 0.745098054
vb0[800]+000 TEXCOORD3: 0.721568644, 0.980392158, 0.329411775, 0.745098054
vb0[800]+024 TANGENT: -0.99964869, -0.026506722, 0, -1

vb0[801]+000 POSITION: -0.00259269704, 3.14994645, 1.6141839
vb0[801]+012 NORMAL: -2.18206787e-06, 2.34209233e-06, -1
vb0[801]+000 COLOR: 0.239215687, 0.917647064, 0.160784319, 0.733333349
vb0[801]+000 TEXCOORD: 0.239215687, 0.917647064, 0.160784319, 0.733333349
vb0[801]+000 TEXCOORD1: 0.239215687, 0.917647064, 0.160784319, 0.733333349
vb0[801]+000 TEXCOORD2: 0.239215687, 0.917647064, 0.160784319, 0.733333349
vb0[801]+000 TEXCOORD3: 0.239215687, 0.917647064, 0.160784319, 0.733333349
vb0[801]+024 TANGENT: -0.999352396, -0.0359845795, 0, -1

vb0[802]+000 POSITION: -1.17992377, 2.77395296, 1.61418605
vb0[802]+012 NORMAL: -2.39807292e-07, 0, -1
vb0[802]+000 COLOR: 0.745098054, 0.0274509806, 0.592156887, 0.749019623
vb0[802]+000 TEXCOORD: 0.745098054, 0.0274509806, 0.592156887, 0.749019623
vb0[802]+000 TEXCOORD1: 0.745098054, 0.0274509806, 0.592156887, 0.749019623
vb0[802]+000 TEXCOORD2: 0.745098054, 0.0274509806, 0.592156887, 0.749019623
vb0[802]+000 TEXCOORD3: 0.745098054, 0.0274509806, 0.592156887, 0.749019623
vb0[802]+024 TANGENT: -0.993159235, -0.116767816, 0, -1

vb0[803]+000 POSITION: -1.0409621, 2.85695434, 1.61418605
vb0[803]+012 NORMAL: -3.15970965e-07, 4.08657428e-07, -1
vb0[803]+000 COLOR: 0.247058824, 0.243137255, 0.521568656, 0.749019623
vb0[803]+000 TEXCOORD: 0.247058824, 0.243137255, 0.521568656, 0.749019623
vb0[803]+000 TEXCOORD1: 0.247058824, 0.243137255, 0.521568656, 0.749019623
vb0[803]+000 TEXCOORD2: 0.247058824, 0.243137255, 0.521568656, 0.749019623
vb0[803]+000 TEXCOORD3: 0.247058824, 0.243137255, 0.521568656, 0.749019623
vb0[803]+024 TANGENT: -0.993610919, -0.112859011, 0, -1

vb0[804]+000 POSITION: -0.698555112, 3.62566924, 1.61418378
vb0[804]+012 NORMAL: -2.09319501e-06, -1.8537221e-06, -1
vb0[804]+000 COLOR: 0.509803951, 0.831372559, 0.196078435, 0.749019623
vb0[804]+000 TEXCOORD: 0.509803951, 0.831372559, 0.196078435, 0.749019623
vb0[804]+000 TEXCOORD1: 0.509803951, 0.831372559, 0.196078435, 0.749019623
vb0[804]+000 TEXCOORD2: 0.509803951, 0.831372559, 0.196078435, 0.749019623
vb0[804]+000 TEXCOORD3: 0.509803951, 0.831372559, 0.196078435, 0.749019623
vb0[804]+024 TANGENT: -0.999998212, -0.00193649204, 0, -1

vb0[805]+000 POSITION: -0.640405238, 3.54979873, 1.61418378
vb0[805]+012 NORMAL: -2.15488944e-06, -2.01864009e-06, -1
vb0[805]+000 COLOR: 0.600000024, 0.945098042, 0.137254909, 0.749019623
vb0[805]+000 TEXCOORD: 0.600000024, 0.945098042, 0.137254909, 0.749019623
vb0[805]+000 TEXCOORD1: 0.600000024, 0.945098042, 0.137254909, 0.749019623
vb0[805]+000 TEXCOORD2: 0.600000024, 0.945098042, 0.137254909, 0.749019623
vb0[805]+000 TEXCOORD3: 0.600000024, 0.945098042, 0.137254909, 0.749019623
vb0[805]+024 TANGENT: -0.999964356, 0.00844401959, 0, -1

vb0[806]+000 POSITION: -0.383401334, 3.68177056, 1.61418295
vb0[806]+012 NORMAL: 2.19949629e-06, 0, -1
vb0[806]+000 COLOR: 0.180392161, 0.301960796, 0.768627465, 0.745098054
vb0[806]+000 TEXCOORD: 0.180392161, 0.301960796, 0.768627465, 0.745098054
vb0[806]+000 TEXCOORD1: 0.180392161, 0.301960796, 0.768627465, 0.745098054
vb0[806]+000 TEXCOORD2: 0.180392161, 0.301960796, 0.768627465, 0.745098054
vb0[806]+000 TEXCOORD3: 0.180392161, 0.301960796, 0.768627465, 0.745098054
vb0[806]+024 TANGENT: -0.998862743, -0.047677651, 0, -1

vb0[807]+000 POSITION: -0.269335926, 3.61621737, 1.61418331
vb0[807]+012 NORMAL: 2.62660478e-06, 0, -1
vb0[807]+000 COLOR: 0.400000006, 0.90196079, 0.53725493, 0.745098054
vb0[807]+000 TEXCOORD: 0.400000006, 0.90196079, 0.53725493, 0.745098054
vb0[807]+000 TEXCOORD1: 0.400000006, 0.90196079, 0.53725493, 0.745098054
vb0[807]+000 TEXCOORD2: 0.400000006, 0.90196079, 0.53725493, 0.745098054
vb0[807]+000 TEXCOORD3: 0.400000006, 0.90196079, 0.53725493, 0.745098054
vb0[807]+024 TANGENT: -0.998714805, -0.0506825931, 0, -1

vb0[808]+000 POSITION: -0.397877187, 3.97373867, 1.61418438
vb0[808]+012 NORMAL: 8.01308829e-07, 3.84175883e-06, -1
vb0[808]+000 COLOR: 0.56078434, 0.713725507, 0.796078444, 0.745098054
vb0[808]+000 TEXCOORD: 0.56078434, 0.713725507, 0.796078444, 0.745098054
vb0[808]+000 TEXCOORD1: 0.56078434, 0.713725507, 0.796078444, 0.745098054
vb0[808]+000 TEXCOORD2: 0.56078434, 0.713725507, 0.796078444, 0.745098054
vb0[808]+000 TEXCOORD3: 0.56078434, 0.713725507, 0.796078444, 0.745098054
vb0[808]+024 TANGENT: -0.999997616, -0.0022119151, 0, -1

vb0[809]+000 POSITION: -0.490010828, 3.98415089, 1.61418438
vb0[809]+012 NORMAL: 6.48743253e-07, 3.6402771e-06, -1
vb0[809]+000 COLOR: 0.701960802, 0.886274517, 0.980392158, 0.745098054
vb0[809]+000 TEXCOORD: 0.701960802, 0.886274517, 0.980392158, 0.745098054
vb0[809]+000 TEXCOORD1: 0.701960802, 0.886274517, 0.980392158, 0.745098054
vb0[809]+000 TEXCOORD2: 0.701960802, 0.886274517, 0.980392158, 0.745098054
vb0[809]+000 TEXCOORD3: 0.701960802, 0.886274517, 0.980392158, 0.745098054
vb0[809]+024 TANGENT: -0.99996984, 0.00776294712, 0, -1

vb0[810]+000 POSITION: -0.00259269704, 4.66752386, 1.61418653
vb0[810]+012 NORMAL: 5.57709564e-06, -8.51872983e-07, -1
vb0[810]+000 COLOR: 0.239215687, 0.917647064, 0.160784319, 0.733333349
vb0[810]+000 TEXCOORD: 0.239215687, 0.917647064, 0.160784319, 0.733333349
vb0[810]+000 TEXCOORD1: 0.239215687, 0.917647064, 0.160784319, 0.733333349
vb0[810]+000 TEXCOORD2: 0.239215687, 0.917647064, 0.160784319, 0.733333349
vb0[810]+000 TEXCOORD3: 0.239215687, 0.917647064, 0.160784319, 0.733333349
vb0[810]+024 TANGENT: -0.992987931, 0.118216313, 0, -1

vb0[811]+000 POSITION: -0.00259269704, 4.81967735, 1.61418641
vb0[811]+012 NORMAL: 5.78877825e-06, -1.00285627e-06, -1
vb0[811]+000 COLOR: 0.239215687, 0.917647064, 0.160784319, 0.733333349
vb0[811]+000 TEXCOORD: 0.239215687, 0.917647064, 0.160784319, 0.733333349
vb0[811]+000 TEXCOORD1: 0.239215687, 0.917647064, 0.160784319, 0.733333349
vb0[811]+000 TEXCOORD2: 0.239215687, 0.917647064, 0.160784319, 0.733333349
vb0[811]+000 TEXCOORD3: 0.239215687, 0.917647064, 0.160784319, 0.733333349
vb0[811]+024 TANGENT: -0.992490947, 0.122318529, 0, -1

vb0[812]+000 POSITION: -0.00259269704, 3.14994645, 1.6141839
vb0[812]+012 NORMAL: 1, -3.3059257e-07, 1.68337715e-06
vb0[812]+000 COLOR: 0.239215687, 0.917647064, 0.160784319, 0.733333349
vb0[812]+000 TEXCOORD: 0.239215687, 0.917647064, 0.160784319, 0.733333349
vb0[812]+000 TEXCOORD1: 0.239215687, 0.917647064, 0.160784319, 0.733333349
vb0[812]+000 TEXCOORD2: 0.239215687, 0.917647064, 0.160784319, 0.733333349
vb0[812]+000 TEXCOORD3: 0.239215687, 0.917647064, 0.160784319, 0.733333349
vb0[812]+024 TANGENT: 0, 1, 0, 1

vb0[813]+000 POSITION: -0.00259262091, 3.20027518, 1.57874584
vb0[813]+012 NORMAL: 1, -3.3059257e-07, 1.68337715e-06
vb0[813]+000 COLOR: 0.964705884, 0.909803927, 0.160784319, 0.733333349
vb0[813]+000 TEXCOORD: 0.964705884, 0.909803927, 0.160784319, 0.733333349
vb0[813]+000 TEXCOORD1: 0.964705884, 0.909803927, 0.160784319, 0.733333349
vb0[813]+000 TEXCOORD2: 0.964705884, 0.909803927, 0.160784319, 0.733333349
vb0[813]+000 TEXCOORD3: 0.964705884, 0.909803927, 0.160784319, 0.733333349
vb0[813]+024 TANGENT: 0, 1, 0, 1

vb0[814]+000 POSITION: -0.00259262091, 3.38058519, 1.61415625
vb0[814]+012 NORMAL: 0.336694032, 0.125002906, -0.933279872
vb0[814]+000 COLOR: 0.964705884, 0.909803927, 0.160784319, 0.733333349
vb0[814]+000 TEXCOORD: 0.964705884, 0.909803927, 0.160784319, 0.733333349
vb0[814]+000 TEXCOORD1: 0.964705884, 0.909803927, 0.160784319, 0.733333349
vb0[814]+000 TEXCOORD2: 0.964705884, 0.909803927, 0.160784319, 0.733333349
vb0[814]+000 TEXCOORD3: 0.964705884, 0.909803927, 0.160784319, 0.733333349
vb0[814]+024 TANGENT: -0.0424187705, 0.992156386, 0.117585614, 1

vb0[815]+000 POSITION: -0.00259262091, 3.38058519, 1.61415625
vb0[815]+012 NORMAL: 0.336694032, 0.125002906, -0.933279872
vb0[815]+000 COLOR: 0.964705884, 0.909803927, 0.160784319, 0.733333349
vb0[815]+000 TEXCOORD: 0.964705884, 0.909803927, 0.160784319, 0.733333349
vb0[815]+000 TEXCOORD1: 0.964705884, 0.909803927, 0.160784319, 0.733333349
vb0[815]+000 TEXCOORD2: 0.964705884, 0.909803927, 0.160784319, 0.733333349
vb0[815]+000 TEXCOORD3: 0.964705884, 0.909803927, 0.160784319, 0.733333349
vb0[815]+024 TANGENT: -0.941520631, 0.0586544387, -0.331810862, -1

vb0[816]+000 POSITION: -0.00259269704, 4.60254812, 1.57874835
vb0[816]+012 NORMAL: 0.417980939, 0.345726877, -0.840098202
vb0[816]+000 COLOR: 0.239215687, 0.917647064, 0.160784319, 0.733333349
vb0[816]+000 TEXCOORD: 0.239215687, 0.917647064, 0.160784319, 0.733333349
vb0[816]+000 TEXCOORD1: 0.239215687, 0.917647064, 0.160784319, 0.733333349
vb0[816]+000 TEXCOORD2: 0.239215687, 0.917647064, 0.160784319, 0.733333349
vb0[816]+000 TEXCOORD3: 0.239215687, 0.917647064, 0.160784319, 0.733333349
vb0[816]+024 TANGENT: -0.626562536, -0.55989939, -0.542155027, -1

vb0[817]+000 POSITION: -0.00259269704, 4.66752386, 1.61418653
vb0[817]+012 NORMAL: 0.0867674127, 0.47701332, -0.874602556
vb0[817]+000 COLOR: 0.239215687, 0.917647064, 0.160784319, 0.733333349
vb0[817]+000 TEXCOORD: 0.239215687, 0.917647064, 0.160784319, 0.733333349
vb0[817]+000 TEXCOORD1: 0.239215687, 0.917647064, 0.160784319, 0.733333349
vb0[817]+000 TEXCOORD2: 0.239215687, 0.917647064, 0.160784319, 0.733333349
vb0[817]+000 TEXCOORD3: 0.239215687, 0.917647064, 0.160784319, 0.733333349
vb0[817]+024 TANGENT: -0.115023293, -0.867245317, -0.484412163, -1

vb0[818]+000 POSITION: -0.226148218, 3.59105372, 1.57874537
vb0[818]+012 NORMAL: 0.0467534997, 0.118286535, -0.991878271
vb0[818]+000 COLOR: 0.400000006, 0.576470613, 0.403921574, 0.745098054
vb0[818]+000 TEXCOORD: 0.400000006, 0.576470613, 0.403921574, 0.745098054
vb0[818]+000 TEXCOORD1: 0.400000006, 0.576470613, 0.403921574, 0.745098054
vb0[818]+000 TEXCOORD2: 0.400000006, 0.576470613, 0.403921574, 0.745098054
vb0[818]+000 TEXCOORD3: 0.400000006, 0.576470613, 0.403921574, 0.745098054
vb0[818]+024 TANGENT: -0.99821353, 0.0425105654, -0.0419825166, -1

vb0[819]+000 POSITION: -0.362622529, 3.97063947, 1.5787462
vb0[819]+012 NORMAL: -0.34358716, -0.123529263, -0.930961072
vb0[819]+000 COLOR: 0.662745118, 0.662745118, 0.725490212, 0.745098054
vb0[819]+000 TEXCOORD: 0.662745118, 0.662745118, 0.725490212, 0.745098054
vb0[819]+000 TEXCOORD1: 0.662745118, 0.662745118, 0.725490212, 0.745098054
vb0[819]+000 TEXCOORD2: 0.662745118, 0.662745118, 0.725490212, 0.745098054
vb0[819]+000 TEXCOORD3: 0.662745118, 0.662745118, 0.725490212, 0.745098054
vb0[819]+024 TANGENT: -0.935153902, 0.136022523, 0.327085644, -1

vb0[820]+000 POSITION: 0.00259269704, 3.14994645, 1.6141839
vb0[820]+012 NORMAL: -0.568511128, -0.473638117, -0.67265296
vb0[820]+000 COLOR: 0.239215687, 0.917647064, 0.160784319, 0.23137255
vb0[820]+000 TEXCOORD: 0.239215687, 0.917647064, 0.160784319, 0.23137255
vb0[820]+000 TEXCOORD1: 0.239215687, 0.917647064, 0.160784319, 0.23137255
vb0[820]+000 TEXCOORD2: 0.239215687, 0.917647064, 0.160784319, 0.23137255
vb0[820]+000 TEXCOORD3: 0.239215687, 0.917647064, 0.160784319, 0.23137255
vb0[820]+024 TANGENT: 0.81121254, -0.186730117, -0.554135442, 1

vb0[821]+000 POSITION: 0.260087729, 2.89120197, 1.57874584
vb0[821]+012 NORMAL: -0.281543285, -0.234560803, -0.930437863
vb0[821]+000 COLOR: 0.219607845, 0.164705887, 0.521568656, 0.243137255
vb0[821]+000 TEXCOORD: 0.219607845, 0.164705887, 0.521568656, 0.243137255
vb0[821]+000 TEXCOORD1: 0.219607845, 0.164705887, 0.521568656, 0.243137255
vb0[821]+000 TEXCOORD2: 0.219607845, 0.164705887, 0.521568656, 0.243137255
vb0[821]+000 TEXCOORD3: 0.219607845, 0.164705887, 0.521568656, 0.243137255
vb0[821]+024 TANGENT: 0.958421826, -0.115718462, -0.260838807, 1

vb0[822]+000 POSITION: 0.24511978, 2.85883999, 1.61418378
vb0[822]+012 NORMAL: -0.568511784, -0.473638892, -0.672651947
vb0[822]+000 COLOR: 0.68235296, 0, 0.482352942, 0.243137255
vb0[822]+000 TEXCOORD: 0.68235296, 0, 0.482352942, 0.243137255
vb0[822]+000 TEXCOORD1: 0.68235296, 0, 0.482352942, 0.243137255
vb0[822]+000 TEXCOORD2: 0.68235296, 0, 0.482352942, 0.243137255
vb0[822]+000 TEXCOORD3: 0.68235296, 0, 0.482352942, 0.243137255
vb0[822]+024 TANGENT: 0.811228633, -0.186835036, -0.554076552, 1

vb0[823]+000 POSITION: 0.00259262091, 3.20027518, 1.57874584
vb0[823]+012 NORMAL: -0.218030483, -0.102661476, -0.970527291
vb0[823]+000 COLOR: 0.964705884, 0.909803927, 0.160784319, 0.23137255
vb0[823]+000 TEXCOORD: 0.964705884, 0.909803927, 0.160784319, 0.23137255
vb0[823]+000 TEXCOORD1: 0.964705884, 0.909803927, 0.160784319, 0.23137255
vb0[823]+000 TEXCOORD2: 0.964705884, 0.909803927, 0.160784319, 0.23137255
vb0[823]+000 TEXCOORD3: 0.964705884, 0.909803927, 0.160784319, 0.23137255
vb0[823]+024 TANGENT: 0.966640413, -0.159686908, -0.20026578, 1

vb0[824]+000 POSITION: 0.24511978, 2.85883999, 1.61418378
vb0[824]+012 NORMAL: -0.00133387325, -0.737919033, -0.674888015
vb0[824]+000 COLOR: 0.68235296, 0, 0.482352942, 0.243137255
vb0[824]+000 TEXCOORD: 0.68235296, 0, 0.482352942, 0.243137255
vb0[824]+000 TEXCOORD1: 0.68235296, 0, 0.482352942, 0.243137255
vb0[824]+000 TEXCOORD2: 0.68235296, 0, 0.482352942, 0.243137255
vb0[824]+000 TEXCOORD3: 0.68235296, 0, 0.482352942, 0.243137255
vb0[824]+024 TANGENT: 0.999893546, -0.0107880989, 0.00981942285, 1

vb0[825]+000 POSITION: 0.982354999, 2.88991594, 1.57874835
vb0[825]+012 NORMAL: -0.00129821093, -0.55265063, -0.833412051
vb0[825]+000 COLOR: 0.619607866, 0.482352942, 0.482352942, 0.247058824
vb0[825]+000 TEXCOORD: 0.619607866, 0.482352942, 0.482352942, 0.247058824
vb0[825]+000 TEXCOORD1: 0.619607866, 0.482352942, 0.482352942, 0.247058824
vb0[825]+000 TEXCOORD2: 0.619607866, 0.482352942, 0.482352942, 0.247058824
vb0[825]+000 TEXCOORD3: 0.619607866, 0.482352942, 0.482352942, 0.247058824
vb0[825]+024 TANGENT: 0.999626279, -0.0234737303, 0.0140087306, 1

vb0[826]+000 POSITION: 1.0409621, 2.85695434, 1.61418605
vb0[826]+012 NORMAL: -0.00173637574, -0.733653545, -0.679521382
vb0[826]+000 COLOR: 0.247058824, 0.243137255, 0.521568656, 0.247058824
vb0[826]+000 TEXCOORD: 0.247058824, 0.243137255, 0.521568656, 0.247058824
vb0[826]+000 TEXCOORD1: 0.247058824, 0.243137255, 0.521568656, 0.247058824
vb0[826]+000 TEXCOORD2: 0.247058824, 0.243137255, 0.521568656, 0.247058824
vb0[826]+000 TEXCOORD3: 0.247058824, 0.243137255, 0.521568656, 0.247058824
vb0[826]+024 TANGENT: 0.999605238, -0.0203298442, 0.0193950795, 1

vb0[827]+000 POSITION: 0.260087729, 2.89120197, 1.57874584
vb0[827]+012 NORMAL: -0.00131200952, -0.738149762, -0.674635589
vb0[827]+000 COLOR: 0.219607845, 0.164705887, 0.521568656, 0.243137255
vb0[827]+000 TEXCOORD: 0.219607845, 0.164705887, 0.521568656, 0.243137255
vb0[827]+000 TEXCOORD1: 0.219607845, 0.164705887, 0.521568656, 0.243137255
vb0[827]+000 TEXCOORD2: 0.219607845, 0.164705887, 0.521568656, 0.243137255
vb0[827]+000 TEXCOORD3: 0.219607845, 0.164705887, 0.521568656, 0.243137255
vb0[827]+024 TANGENT: 0.999904037, -0.0102733737, 0.0092959879, 1

vb0[828]+000 POSITION: 1.0409621, 2.85695434, 1.61418605
vb0[828]+012 NORMAL: 0.623799026, 0.358522296, -0.694504559
vb0[828]+000 COLOR: 0.247058824, 0.243137255, 0.521568656, 0.247058824
vb0[828]+000 TEXCOORD: 0.247058824, 0.243137255, 0.521568656, 0.247058824
vb0[828]+000 TEXCOORD1: 0.247058824, 0.243137255, 0.521568656, 0.247058824
vb0[828]+000 TEXCOORD2: 0.247058824, 0.243137255, 0.521568656, 0.247058824
vb0[828]+000 TEXCOORD3: 0.247058824, 0.243137255, 0.521568656, 0.247058824
vb0[828]+024 TANGENT: 0.742064953, 0.00730440952, 0.670288146, 1

vb0[829]+000 POSITION: 0.620118558, 3.52053499, 1.57874596
vb0[829]+012 NORMAL: 0.316730261, 0.183071613, -0.930680752
vb0[829]+000 COLOR: 0.0901960805, 0.752941191, 0.117647059, 0.247058824
vb0[829]+000 TEXCOORD: 0.0901960805, 0.752941191, 0.117647059, 0.247058824
vb0[829]+000 TEXCOORD1: 0.0901960805, 0.752941191, 0.117647059, 0.247058824
vb0[829]+000 TEXCOORD2: 0.0901960805, 0.752941191, 0.117647059, 0.247058824
vb0[829]+000 TEXCOORD3: 0.0901960805, 0.752941191, 0.117647059, 0.247058824
vb0[829]+024 TANGENT: 0.94844383, -0.0490495041, 0.313126981, 1

vb0[830]+000 POSITION: 0.640405238, 3.54979873, 1.61418378
vb0[830]+012 NORMAL: 0.640648961, 0.370378584, -0.672598362
vb0[830]+000 COLOR: 0.600000024, 0.945098042, 0.137254909, 0.247058824
vb0[830]+000 TEXCOORD: 0.600000024, 0.945098042, 0.137254909, 0.247058824
vb0[830]+000 TEXCOORD1: 0.600000024, 0.945098042, 0.137254909, 0.247058824
vb0[830]+000 TEXCOORD2: 0.600000024, 0.945098042, 0.137254909, 0.247058824
vb0[830]+000 TEXCOORD3: 0.600000024, 0.945098042, 0.137254909, 0.247058824
vb0[830]+024 TANGENT: 0.751104951, -0.120440841, 0.649103522, 1

vb0[831]+000 POSITION: 0.982354999, 2.88991594, 1.57874835
vb0[831]+012 NORMAL: 0.622177064, 0.357384831, -0.69654268
vb0[831]+000 COLOR: 0.619607866, 0.482352942, 0.482352942, 0.247058824
vb0[831]+000 TEXCOORD: 0.619607866, 0.482352942, 0.482352942, 0.247058824
vb0[831]+000 TEXCOORD1: 0.619607866, 0.482352942, 0.482352942, 0.247058824
vb0[831]+000 TEXCOORD2: 0.619607866, 0.482352942, 0.482352942, 0.247058824
vb0[831]+000 TEXCOORD3: 0.619607866, 0.482352942, 0.482352942, 0.247058824
vb0[831]+024 TANGENT: 0.740680337, 0.0194391161, 0.671576262, 1

vb0[832]+000 POSITION: 0.640405238, 3.54979873, 1.61418378
vb0[832]+012 NORMAL: 0.130073965, 0.726685107, -0.674543917
vb0[832]+000 COLOR: 0.600000024, 0.945098042, 0.137254909, 0.247058824
vb0[832]+000 TEXCOORD: 0.600000024, 0.945098042, 0.137254909, 0.247058824
vb0[832]+000 TEXCOORD1: 0.600000024, 0.945098042, 0.137254909, 0.247058824
vb0[832]+000 TEXCOORD2: 0.600000024, 0.945098042, 0.137254909, 0.247058824
vb0[832]+000 TEXCOORD3: 0.600000024, 0.945098042, 0.137254909, 0.247058824
vb0[832]+024 TANGENT: 0.988772571, -0.0446035862, 0.142616063, 1

vb0[833]+000 POSITION: 0.226148218, 3.59105372, 1.57874537
vb0[833]+012 NORMAL: -0.0467534997, 0.118286535, -0.991878271
vb0[833]+000 COLOR: 0.400000006, 0.576470613, 0.403921574, 0.243137255
vb0[833]+000 TEXCOORD: 0.400000006, 0.576470613, 0.403921574, 0.243137255
vb0[833]+000 TEXCOORD1: 0.400000006, 0.576470613, 0.403921574, 0.243137255
vb0[833]+000 TEXCOORD2: 0.400000006, 0.576470613, 0.403921574, 0.243137255
vb0[833]+000 TEXCOORD3: 0.400000006, 0.576470613, 0.403921574, 0.243137255
vb0[833]+024 TANGENT: 0.998687923, -0.0152365081, -0.0488915034, 1

vb0[834]+000 POSITION: 0.269335926, 3.61621737, 1.61418331
vb0[834]+012 NORMAL: 0.130074069, 0.726698458, -0.674529552
vb0[834]+000 COLOR: 0.400000006, 0.90196079, 0.53725493, 0.243137255
vb0[834]+000 TEXCOORD: 0.400000006, 0.90196079, 0.53725493, 0.243137255
vb0[834]+000 TEXCOORD1: 0.400000006, 0.90196079, 0.53725493, 0.243137255
vb0[834]+000 TEXCOORD2: 0.400000006, 0.90196079, 0.53725493, 0.243137255
vb0[834]+000 TEXCOORD3: 0.400000006, 0.90196079, 0.53725493, 0.243137255
vb0[834]+024 TANGENT: 0.987966597, -0.0375769883, 0.150032982, 1

vb0[835]+000 POSITION: 0.620118558, 3.52053499, 1.57874596
vb0[835]+012 NORMAL: 0.13007395, 0.726683795, -0.674545348
vb0[835]+000 COLOR: 0.0901960805, 0.752941191, 0.117647059, 0.247058824
vb0[835]+000 TEXCOORD: 0.0901960805, 0.752941191, 0.117647059, 0.247058824
vb0[835]+000 TEXCOORD1: 0.0901960805, 0.752941191, 0.117647059, 0.247058824
vb0[835]+000 TEXCOORD2: 0.0901960805, 0.752941191, 0.117647059, 0.247058824
vb0[835]+000 TEXCOORD3: 0.0901960805, 0.752941191, 0.117647059, 0.247058824
vb0[835]+024 TANGENT: 0.988847136, -0.0453030355, 0.141876712, 1

vb0[836]+000 POSITION: 0.269335926, 3.61621737, 1.61418331
vb0[836]+012 NORMAL: 0.697175682, -0.250657499, -0.671652377
vb0[836]+000 COLOR: 0.400000006, 0.90196079, 0.53725493, 0.243137255
vb0[836]+000 TEXCOORD: 0.400000006, 0.90196079, 0.53725493, 0.243137255
vb0[836]+000 TEXCOORD1: 0.400000006, 0.90196079, 0.53725493, 0.243137255
vb0[836]+000 TEXCOORD2: 0.400000006, 0.90196079, 0.53725493, 0.243137255
vb0[836]+000 TEXCOORD3: 0.400000006, 0.90196079, 0.53725493, 0.243137255
vb0[836]+024 TANGENT: 0.656435013, -0.153388232, 0.738623857, 1

vb0[837]+000 POSITION: 0.362622529, 3.97063947, 1.5787462
vb0[837]+012 NORMAL: 0.34358716, -0.123529263, -0.930961072
vb0[837]+000 COLOR: 0.662745118, 0.662745118, 0.725490212, 0.243137255
vb0[837]+000 TEXCOORD: 0.662745118, 0.662745118, 0.725490212, 0.243137255
vb0[837]+000 TEXCOORD1: 0.662745118, 0.662745118, 0.725490212, 0.243137255
vb0[837]+000 TEXCOORD2: 0.662745118, 0.662745118, 0.725490212, 0.243137255
vb0[837]+000 TEXCOORD3: 0.662745118, 0.662745118, 0.725490212, 0.243137255
vb0[837]+024 TANGENT: 0.920173705, -0.153839469, 0.360018969, 1

vb0[838]+000 POSITION: 0.397877187, 3.97373867, 1.61418438
vb0[838]+012 NORMAL: 0.697179437, -0.250658035, -0.671648324
vb0[838]+000 COLOR: 0.56078434, 0.713725507, 0.796078444, 0.243137255
vb0[838]+000 TEXCOORD: 0.56078434, 0.713725507, 0.796078444, 0.243137255
vb0[838]+000 TEXCOORD1: 0.56078434, 0.713725507, 0.796078444, 0.243137255
vb0[838]+000 TEXCOORD2: 0.56078434, 0.713725507, 0.796078444, 0.243137255
vb0[838]+000 TEXCOORD3: 0.56078434, 0.713725507, 0.796078444, 0.243137255
vb0[838]+024 TANGENT: 0.676745057, -0.0790288374, 0.731963456, 1

vb0[839]+000 POSITION: 0.226148218, 3.59105372, 1.57874537
vb0[839]+012 NORMAL: 0.697175443, -0.250657469, -0.671652675
vb0[839]+000 COLOR: 0.400000006, 0.576470613, 0.403921574, 0.243137255
vb0[839]+000 TEXCOORD: 0.400000006, 0.576470613, 0.403921574, 0.243137255
vb0[839]+000 TEXCOORD1: 0.400000006, 0.576470613, 0.403921574, 0.243137255
vb0[839]+000 TEXCOORD2: 0.400000006, 0.576470613, 0.403921574, 0.243137255
vb0[839]+000 TEXCOORD3: 0.400000006, 0.576470613, 0.403921574, 0.243137255
vb0[839]+024 TANGENT: 0.65505594, -0.157937378, 0.738889456, 1

vb0[840]+000 POSITION: 0.397877187, 3.97373867, 1.61418438
vb0[840]+012 NORMAL: 0.643369377, 0.366561919, -0.672092497
vb0[840]+000 COLOR: 0.56078434, 0.713725507, 0.796078444, 0.243137255
vb0[840]+000 TEXCOORD: 0.56078434, 0.713725507, 0.796078444, 0.243137255
vb0[840]+000 TEXCOORD1: 0.56078434, 0.713725507, 0.796078444, 0.243137255
vb0[840]+000 TEXCOORD2: 0.56078434, 0.713725507, 0.796078444, 0.243137255
vb0[840]+000 TEXCOORD3: 0.56078434, 0.713725507, 0.796078444, 0.243137255
vb0[840]+024 TANGENT: 0.735952079, -0.0543688498, 0.674847007, 1

vb0[841]+000 POSITION: 0.00259269704, 4.60254812, 1.57874835
vb0[841]+012 NORMAL: -0.417980939, 0.345726877, -0.840098202
vb0[841]+000 COLOR: 0.239215687, 0.917647064, 0.160784319, 0.23137255
vb0[841]+000 TEXCOORD: 0.239215687, 0.917647064, 0.160784319, 0.23137255
vb0[841]+000 TEXCOORD1: 0.239215687, 0.917647064, 0.160784319, 0.23137255
vb0[841]+000 TEXCOORD2: 0.239215687, 0.917647064, 0.160784319, 0.23137255
vb0[841]+000 TEXCOORD3: 0.239215687, 0.917647064, 0.160784319, 0.23137255
vb0[841]+024 TANGENT: 0.827888787, 0.525693774, -0.195566684, 1

vb0[842]+000 POSITION: 0.00259269704, 4.66752386, 1.61418653
vb0[842]+012 NORMAL: -0.0867674127, 0.47701332, -0.874602556
vb0[842]+000 COLOR: 0.239215687, 0.917647064, 0.160784319, 0.23137255
vb0[842]+000 TEXCOORD: 0.239215687, 0.917647064, 0.160784319, 0.23137255
vb0[842]+000 TEXCOORD1: 0.239215687, 0.917647064, 0.160784319, 0.23137255
vb0[842]+000 TEXCOORD2: 0.239215687, 0.917647064, 0.160784319, 0.23137255
vb0[842]+000 TEXCOORD3: 0.239215687, 0.917647064, 0.160784319, 0.23137255
vb0[842]+024 TANGENT: 0.935331047, 0.34124276, 0.0933236405, 1

vb0[843]+000 POSITION: 0.362622529, 3.97063947, 1.5787462
vb0[843]+012 NORMAL: 0.643369257, 0.36656189, -0.672092557
vb0[843]+000 COLOR: 0.662745118, 0.662745118, 0.725490212, 0.243137255
vb0[843]+000 TEXCOORD: 0.662745118, 0.662745118, 0.725490212, 0.243137255
vb0[843]+000 TEXCOORD1: 0.662745118, 0.662745118, 0.725490212, 0.243137255
vb0[843]+000 TEXCOORD2: 0.662745118, 0.662745118, 0.725490212, 0.243137255
vb0[843]+000 TEXCOORD3: 0.662745118, 0.662745118, 0.725490212, 0.243137255
vb0[843]+024 TANGENT: 0.735665917, -0.0531103611, 0.675259173, 1

vb0[844]+000 POSITION: 0.982354999, 2.88991594, 1.57874835
vb0[844]+012 NORMAL: -0.00129821093, -0.55265063, -0.833412051
vb0[844]+000 COLOR: 0.619607866, 0.482352942, 0.482352942, 0.247058824
vb0[844]+000 TEXCOORD: 0.619607866, 0.482352942, 0.482352942, 0.247058824
vb0[844]+000 TEXCOORD1: 0.619607866, 0.482352942, 0.482352942, 0.247058824
vb0[844]+000 TEXCOORD2: 0.619607866, 0.482352942, 0.482352942, 0.247058824
vb0[844]+000 TEXCOORD3: 0.619607866, 0.482352942, 0.482352942, 0.247058824
vb0[844]+024 TANGENT: 0.999413967, 0.0277894437, -0.0199844837, 1

vb0[845]+000 POSITION: 0.260087729, 2.89120197, 1.57874584
vb0[845]+012 NORMAL: -0.281543285, -0.234560803, -0.930437863
vb0[845]+000 COLOR: 0.219607845, 0.164705887, 0.521568656, 0.243137255
vb0[845]+000 TEXCOORD: 0.219607845, 0.164705887, 0.521568656, 0.243137255
vb0[845]+000 TEXCOORD1: 0.219607845, 0.164705887, 0.521568656, 0.243137255
vb0[845]+000 TEXCOORD2: 0.219607845, 0.164705887, 0.521568656, 0.243137255
vb0[845]+000 TEXCOORD3: 0.219607845, 0.164705887, 0.521568656, 0.243137255
vb0[845]+024 TANGENT: 0.959109187, -0.0394536331, -0.280272782, 1

vb0[846]+000 POSITION: 0.620118558, 3.52053499, 1.57874596
vb0[846]+012 NORMAL: 0.316730261, 0.183071613, -0.930680752
vb0[846]+000 COLOR: 0.0901960805, 0.752941191, 0.117647059, 0.247058824
vb0[846]+000 TEXCOORD: 0.0901960805, 0.752941191, 0.117647059, 0.247058824
vb0[846]+000 TEXCOORD1: 0.0901960805, 0.752941191, 0.117647059, 0.247058824
vb0[846]+000 TEXCOORD2: 0.0901960805, 0.752941191, 0.117647059, 0.247058824
vb0[846]+000 TEXCOORD3: 0.0901960805, 0.752941191, 0.117647059, 0.247058824
vb0[846]+024 TANGENT: 0.948081732, -0.0314270891, 0.316470265, 1

vb0[847]+000 POSITION: 0.00259262091, 3.20027518, 1.57874584
vb0[847]+012 NORMAL: -0.218030483, -0.102661476, -0.970527291
vb0[847]+000 COLOR: 0.964705884, 0.909803927, 0.160784319, 0.23137255
vb0[847]+000 TEXCOORD: 0.964705884, 0.909803927, 0.160784319, 0.23137255
vb0[847]+000 TEXCOORD1: 0.964705884, 0.909803927, 0.160784319, 0.23137255
vb0[847]+000 TEXCOORD2: 0.964705884, 0.909803927, 0.160784319, 0.23137255
vb0[847]+000 TEXCOORD3: 0.964705884, 0.909803927, 0.160784319, 0.23137255
vb0[847]+024 TANGENT: 0.97552675, 0.00608025678, -0.219796777, 1

vb0[848]+000 POSITION: 0.226148218, 3.59105372, 1.57874537
vb0[848]+012 NORMAL: -0.0467534997, 0.118286535, -0.991878271
vb0[848]+000 COLOR: 0.400000006, 0.576470613, 0.403921574, 0.243137255
vb0[848]+000 TEXCOORD: 0.400000006, 0.576470613, 0.403921574, 0.243137255
vb0[848]+000 TEXCOORD1: 0.400000006, 0.576470613, 0.403921574, 0.243137255
vb0[848]+000 TEXCOORD2: 0.400000006, 0.576470613, 0.403921574, 0.243137255
vb0[848]+000 TEXCOORD3: 0.400000006, 0.576470613, 0.403921574, 0.243137255
vb0[848]+024 TANGENT: 0.998781025, 0.0212711748, -0.0445421748, 1

vb0[849]+000 POSITION: 0.00259262091, 3.38058519, 1.61415625
vb0[849]+012 NORMAL: -0.336694032, 0.125002906, -0.933279872
vb0[849]+000 COLOR: 0.964705884, 0.909803927, 0.160784319, 0.23137255
vb0[849]+000 TEXCOORD: 0.964705884, 0.909803927, 0.160784319, 0.23137255
vb0[849]+000 TEXCOORD1: 0.964705884, 0.909803927, 0.160784319, 0.23137255
vb0[849]+000 TEXCOORD2: 0.964705884, 0.909803927, 0.160784319, 0.23137255
vb0[849]+000 TEXCOORD3: 0.964705884, 0.909803927, 0.160784319, 0.23137255
vb0[849]+024 TANGENT: 0.941495717, 0.02897067, -0.3357777, 1

vb0[850]+000 POSITION: 0.24511978, 2.85883999, 1.61418378
vb0[850]+012 NORMAL: 1.53876022e-06, -2.92631057e-07, -1
vb0[850]+000 COLOR: 0.68235296, 0, 0.482352942, 0.243137255
vb0[850]+000 TEXCOORD: 0.68235296, 0, 0.482352942, 0.243137255
vb0[850]+000 TEXCOORD1: 0.68235296, 0, 0.482352942, 0.243137255
vb0[850]+000 TEXCOORD2: 0.68235296, 0, 0.482352942, 0.243137255
vb0[850]+000 TEXCOORD3: 0.68235296, 0, 0.482352942, 0.243137255
vb0[850]+024 TANGENT: 0.999599516, -0.0282975435, 0, 1

vb0[851]+000 POSITION: 0.00259246817, 3.01964617, 1.61418366
vb0[851]+012 NORMAL: 1.98091129e-06, 2.038709e-06, -1
vb0[851]+000 COLOR: 0.400000006, 0.90196079, 0.160784319, 0.23137255
vb0[851]+000 TEXCOORD: 0.400000006, 0.90196079, 0.160784319, 0.23137255
vb0[851]+000 TEXCOORD1: 0.400000006, 0.90196079, 0.160784319, 0.23137255
vb0[851]+000 TEXCOORD2: 0.400000006, 0.90196079, 0.160784319, 0.23137255
vb0[851]+000 TEXCOORD3: 0.400000006, 0.90196079, 0.160784319, 0.23137255
vb0[851]+024 TANGENT: 0.999426126, -0.0338748731, 0, 1

vb0[852]+000 POSITION: 0.00259269704, 3.14994645, 1.6141839
vb0[852]+012 NORMAL: 2.18206787e-06, 2.34209233e-06, -1
vb0[852]+000 COLOR: 0.239215687, 0.917647064, 0.160784319, 0.23137255
vb0[852]+000 TEXCOORD: 0.239215687, 0.917647064, 0.160784319, 0.23137255
vb0[852]+000 TEXCOORD1: 0.239215687, 0.917647064, 0.160784319, 0.23137255
vb0[852]+000 TEXCOORD2: 0.239215687, 0.917647064, 0.160784319, 0.23137255
vb0[852]+000 TEXCOORD3: 0.239215687, 0.917647064, 0.160784319, 0.23137255
vb0[852]+024 TANGENT: 0.999352396, -0.0359845795, 0, 1

vb0[853]+000 POSITION: 0.207987666, 2.77310896, 1.61418378
vb0[853]+012 NORMAL: 1.44283558e-06, -6.24926827e-07, -1
vb0[853]+000 COLOR: 0.721568644, 0.980392158, 0.329411775, 0.243137255
vb0[853]+000 TEXCOORD: 0.721568644, 0.980392158, 0.329411775, 0.243137255
vb0[853]+000 TEXCOORD1: 0.721568644, 0.980392158, 0.329411775, 0.243137255
vb0[853]+000 TEXCOORD2: 0.721568644, 0.980392158, 0.329411775, 0.243137255
vb0[853]+000 TEXCOORD3: 0.721568644, 0.980392158, 0.329411775, 0.243137255
vb0[853]+024 TANGENT: 0.999617219, -0.0276646521, 0, 1

vb0[854]+000 POSITION: 1.18236089, 2.7717154, 1.61418605
vb0[854]+012 NORMAL: 2.41550964e-07, 0, -1
vb0[854]+000 COLOR: 0.603921592, 0.34117648, 0.592156887, 0.247058824
vb0[854]+000 TEXCOORD: 0.603921592, 0.34117648, 0.592156887, 0.247058824
vb0[854]+000 TEXCOORD1: 0.603921592, 0.34117648, 0.592156887, 0.247058824
vb0[854]+000 TEXCOORD2: 0.603921592, 0.34117648, 0.592156887, 0.247058824
vb0[854]+000 TEXCOORD3: 0.603921592, 0.34117648, 0.592156887, 0.247058824
vb0[854]+024 TANGENT: 0.992353559, -0.123427771, 0, 1

vb0[855]+000 POSITION: 1.0409621, 2.85695434, 1.61418605
vb0[855]+012 NORMAL: 2.96973184e-07, 3.73047612e-07, -1
vb0[855]+000 COLOR: 0.247058824, 0.243137255, 0.521568656, 0.247058824
vb0[855]+000 TEXCOORD: 0.247058824, 0.243137255, 0.521568656, 0.247058824
vb0[855]+000 TEXCOORD1: 0.247058824, 0.243137255, 0.521568656, 0.247058824
vb0[855]+000 TEXCOORD2: 0.247058824, 0.243137255, 0.521568656, 0.247058824
vb0[855]+000 TEXCOORD3: 0.247058824, 0.243137255, 0.521568656, 0.247058824
vb0[855]+024 TANGENT: 0.992763817, -0.120083421, 0, 1

vb0[856]+000 POSITION: 0.698555112, 3.62566924, 1.61418378
vb0[856]+012 NORMAL: 2.08981146e-06, -1.85531712e-06, -1
vb0[856]+000 COLOR: 0.509803951, 0.831372559, 0.196078435, 0.247058824
vb0[856]+000 TEXCOORD: 0.509803951, 0.831372559, 0.196078435, 0.247058824
vb0[856]+000 TEXCOORD1: 0.509803951, 0.831372559, 0.196078435, 0.247058824
vb0[856]+000 TEXCOORD2: 0.509803951, 0.831372559, 0.196078435, 0.247058824
vb0[856]+000 TEXCOORD3: 0.509803951, 0.831372559, 0.196078435, 0.247058824
vb0[856]+024 TANGENT: 0.999996543, -0.00262334314, 0, 1

vb0[857]+000 POSITION: 0.640405238, 3.54979873, 1.61418378
vb0[857]+012 NORMAL: 2.15488944e-06, -2.01864009e-06, -1
vb0[857]+000 COLOR: 0.600000024, 0.945098042, 0.137254909, 0.247058824
vb0[857]+000 TEXCOORD: 0.600000024, 0.945098042, 0.137254909, 0.247058824
vb0[857]+000 TEXCOORD1: 0.600000024, 0.945098042, 0.137254909, 0.247058824
vb0[857]+000 TEXCOORD2: 0.600000024, 0.945098042, 0.137254909, 0.247058824
vb0[857]+000 TEXCOORD3: 0.600000024, 0.945098042, 0.137254909, 0.247058824
vb0[857]+024 TANGENT: 0.999964356, 0.00844401307, 0, 1

vb0[858]+000 POSITION: 0.383401334, 3.68177056, 1.61418295
vb0[858]+012 NORMAL: -2.19949607e-06, 0, -1
vb0[858]+000 COLOR: 0.180392161, 0.301960796, 0.768627465, 0.243137255
vb0[858]+000 TEXCOORD: 0.180392161, 0.301960796, 0.768627465, 0.243137255
vb0[858]+000 TEXCOORD1: 0.180392161, 0.301960796, 0.768627465, 0.243137255
vb0[858]+000 TEXCOORD2: 0.180392161, 0.301960796, 0.768627465, 0.243137255
vb0[858]+000 TEXCOORD3: 0.180392161, 0.301960796, 0.768627465, 0.243137255
vb0[858]+024 TANGENT: 0.998862743, -0.0476776473, 0, 1

vb0[859]+000 POSITION: 0.269335926, 3.61621737, 1.61418331
vb0[859]+012 NORMAL: -2.62660478e-06, 0, -1
vb0[859]+000 COLOR: 0.400000006, 0.90196079, 0.53725493, 0.243137255
vb0[859]+000 TEXCOORD: 0.400000006, 0.90196079, 0.53725493, 0.243137255
vb0[859]+000 TEXCOORD1: 0.400000006, 0.90196079, 0.53725493, 0.243137255
vb0[859]+000 TEXCOORD2: 0.400000006, 0.90196079, 0.53725493, 0.243137255
vb0[859]+000 TEXCOORD3: 0.400000006, 0.90196079, 0.53725493, 0.243137255
vb0[859]+024 TANGENT: 0.998714805, -0.0506826006, 0, 1

vb0[860]+000 POSITION: 0.397877187, 3.97373867, 1.61418438
vb0[860]+012 NORMAL: -8.01308829e-07, 3.84175883e-06, -1
vb0[860]+000 COLOR: 0.56078434, 0.713725507, 0.796078444, 0.243137255
vb0[860]+000 TEXCOORD: 0.56078434, 0.713725507, 0.796078444, 0.243137255
vb0[860]+000 TEXCOORD1: 0.56078434, 0.713725507, 0.796078444, 0.243137255
vb0[860]+000 TEXCOORD2: 0.56078434, 0.713725507, 0.796078444, 0.243137255
vb0[860]+000 TEXCOORD3: 0.56078434, 0.713725507, 0.796078444, 0.243137255
vb0[860]+024 TANGENT: 0.999997616, -0.0022120201, 0, 1

vb0[861]+000 POSITION: 0.490010828, 3.98415089, 1.61418438
vb0[861]+012 NORMAL: -6.48743253e-07, 3.6402771e-06, -1
vb0[861]+000 COLOR: 0.701960802, 0.886274517, 0.980392158, 0.243137255
vb0[861]+000 TEXCOORD: 0.701960802, 0.886274517, 0.980392158, 0.243137255
vb0[861]+000 TEXCOORD1: 0.701960802, 0.886274517, 0.980392158, 0.243137255
vb0[861]+000 TEXCOORD2: 0.701960802, 0.886274517, 0.980392158, 0.243137255
vb0[861]+000 TEXCOORD3: 0.701960802, 0.886274517, 0.980392158, 0.243137255
vb0[861]+024 TANGENT: 0.99996984, 0.0077628307, 0, 1

vb0[862]+000 POSITION: 0.00259269704, 4.66752386, 1.61418653
vb0[862]+012 NORMAL: -5.57709564e-06, -8.51872983e-07, -1
vb0[862]+000 COLOR: 0.239215687, 0.917647064, 0.160784319, 0.23137255
vb0[862]+000 TEXCOORD: 0.239215687, 0.917647064, 0.160784319, 0.23137255
vb0[862]+000 TEXCOORD1: 0.239215687, 0.917647064, 0.160784319, 0.23137255
vb0[862]+000 TEXCOORD2: 0.239215687, 0.917647064, 0.160784319, 0.23137255
vb0[862]+000 TEXCOORD3: 0.239215687, 0.917647064, 0.160784319, 0.23137255
vb0[862]+024 TANGENT: 0.992987931, 0.118215829, 0, 1

vb0[863]+000 POSITION: 0.00259269704, 4.81967735, 1.61418641
vb0[863]+012 NORMAL: -5.78877825e-06, -1.00285627e-06, -1
vb0[863]+000 COLOR: 0.239215687, 0.917647064, 0.160784319, 0.23137255
vb0[863]+000 TEXCOORD: 0.239215687, 0.917647064, 0.160784319, 0.23137255
vb0[863]+000 TEXCOORD1: 0.239215687, 0.917647064, 0.160784319, 0.23137255
vb0[863]+000 TEXCOORD2: 0.239215687, 0.917647064, 0.160784319, 0.23137255
vb0[863]+000 TEXCOORD3: 0.239215687, 0.917647064, 0.160784319, 0.23137255
vb0[863]+024 TANGENT: 0.992490947, 0.122318037, 0, 1

vb0[864]+000 POSITION: 0.00259269704, 3.14994645, 1.6141839
vb0[864]+012 NORMAL: -1, -3.3059257e-07, 1.68337715e-06
vb0[864]+000 COLOR: 0.239215687, 0.917647064, 0.160784319, 0.23137255
vb0[864]+000 TEXCOORD: 0.239215687, 0.917647064, 0.160784319, 0.23137255
vb0[864]+000 TEXCOORD1: 0.239215687, 0.917647064, 0.160784319, 0.23137255
vb0[864]+000 TEXCOORD2: 0.239215687, 0.917647064, 0.160784319, 0.23137255
vb0[864]+000 TEXCOORD3: 0.239215687, 0.917647064, 0.160784319, 0.23137255
vb0[864]+024 TANGENT: 0, 1, 0, -1

vb0[865]+000 POSITION: 0.00259262091, 3.38058519, 1.61415625
vb0[865]+012 NORMAL: -0.336694032, 0.125002906, -0.933279872
vb0[865]+000 COLOR: 0.964705884, 0.909803927, 0.160784319, 0.23137255
vb0[865]+000 TEXCOORD: 0.964705884, 0.909803927, 0.160784319, 0.23137255
vb0[865]+000 TEXCOORD1: 0.964705884, 0.909803927, 0.160784319, 0.23137255
vb0[865]+000 TEXCOORD2: 0.964705884, 0.909803927, 0.160784319, 0.23137255
vb0[865]+000 TEXCOORD3: 0.964705884, 0.909803927, 0.160784319, 0.23137255
vb0[865]+024 TANGENT: 0.0424187705, 0.992156386, 0.117585614, -1

vb0[866]+000 POSITION: 0.00259262091, 3.20027518, 1.57874584
vb0[866]+012 NORMAL: -1, -3.3059257e-07, 1.68337715e-06
vb0[866]+000 COLOR: 0.964705884, 0.909803927, 0.160784319, 0.23137255
vb0[866]+000 TEXCOORD: 0.964705884, 0.909803927, 0.160784319, 0.23137255
vb0[866]+000 TEXCOORD1: 0.964705884, 0.909803927, 0.160784319, 0.23137255
vb0[866]+000 TEXCOORD2: 0.964705884, 0.909803927, 0.160784319, 0.23137255
vb0[866]+000 TEXCOORD3: 0.964705884, 0.909803927, 0.160784319, 0.23137255
vb0[866]+024 TANGENT: 0, 1, 0, -1

vb0[867]+000 POSITION: 0.00259262091, 3.38058519, 1.61415625
vb0[867]+012 NORMAL: -0.336694032, 0.125002906, -0.933279872
vb0[867]+000 COLOR: 0.964705884, 0.909803927, 0.160784319, 0.23137255
vb0[867]+000 TEXCOORD: 0.964705884, 0.909803927, 0.160784319, 0.23137255
vb0[867]+000 TEXCOORD1: 0.964705884, 0.909803927, 0.160784319, 0.23137255
vb0[867]+000 TEXCOORD2: 0.964705884, 0.909803927, 0.160784319, 0.23137255
vb0[867]+000 TEXCOORD3: 0.964705884, 0.909803927, 0.160784319, 0.23137255
vb0[867]+024 TANGENT: 0.941520631, 0.058654137, -0.331810862, 1

vb0[868]+000 POSITION: 0.00259269704, 4.60254812, 1.57874835
vb0[868]+012 NORMAL: -0.417980939, 0.345726877, -0.840098202
vb0[868]+000 COLOR: 0.239215687, 0.917647064, 0.160784319, 0.23137255
vb0[868]+000 TEXCOORD: 0.239215687, 0.917647064, 0.160784319, 0.23137255
vb0[868]+000 TEXCOORD1: 0.239215687, 0.917647064, 0.160784319, 0.23137255
vb0[868]+000 TEXCOORD2: 0.239215687, 0.917647064, 0.160784319, 0.23137255
vb0[868]+000 TEXCOORD3: 0.239215687, 0.917647064, 0.160784319, 0.23137255
vb0[868]+024 TANGENT: 0.626561344, -0.559900761, -0.542154968, 1

vb0[869]+000 POSITION: 0.226148218, 3.59105372, 1.57874537
vb0[869]+012 NORMAL: -0.0467534997, 0.118286535, -0.991878271
vb0[869]+000 COLOR: 0.400000006, 0.576470613, 0.403921574, 0.243137255
vb0[869]+000 TEXCOORD: 0.400000006, 0.576470613, 0.403921574, 0.243137255
vb0[869]+000 TEXCOORD1: 0.400000006, 0.576470613, 0.403921574, 0.243137255
vb0[869]+000 TEXCOORD2: 0.400000006, 0.576470613, 0.403921574, 0.243137255
vb0[869]+000 TEXCOORD3: 0.400000006, 0.576470613, 0.403921574, 0.243137255
vb0[869]+024 TANGENT: 0.99821353, 0.0425103717, -0.041982539, 1

vb0[870]+000 POSITION: 0.00259269704, 4.66752386, 1.61418653
vb0[870]+012 NORMAL: -0.0867674127, 0.47701332, -0.874602556
vb0[870]+000 COLOR: 0.239215687, 0.917647064, 0.160784319, 0.23137255
vb0[870]+000 TEXCOORD: 0.239215687, 0.917647064, 0.160784319, 0.23137255
vb0[870]+000 TEXCOORD1: 0.239215687, 0.917647064, 0.160784319, 0.23137255
vb0[870]+000 TEXCOORD2: 0.239215687, 0.917647064, 0.160784319, 0.23137255
vb0[870]+000 TEXCOORD3: 0.239215687, 0.917647064, 0.160784319, 0.23137255
vb0[870]+024 TANGENT: 0.115022853, -0.867245495, -0.484412014, 1

vb0[871]+000 POSITION: 0.362622529, 3.97063947, 1.5787462
vb0[871]+012 NORMAL: 0.34358716, -0.123529263, -0.930961072
vb0[871]+000 COLOR: 0.662745118, 0.662745118, 0.725490212, 0.243137255
vb0[871]+000 TEXCOORD: 0.662745118, 0.662745118, 0.725490212, 0.243137255
vb0[871]+000 TEXCOORD1: 0.662745118, 0.662745118, 0.725490212, 0.243137255
vb0[871]+000 TEXCOORD2: 0.662745118, 0.662745118, 0.725490212, 0.243137255
vb0[871]+000 TEXCOORD3: 0.662745118, 0.662745118, 0.725490212, 0.243137255
vb0[871]+024 TANGENT: 0.935153902, 0.136022523, 0.327085644, 1

vb0[872]+000 POSITION: -1.45535839, 5.01988983, 1.67051864
vb0[872]+012 NORMAL: 0, 2.74303829e-07, -1
vb0[872]+000 COLOR: 0.184313729, 0.286274523, 0.729411781, 0.749019623
vb0[872]+000 TEXCOORD: 0.184313729, 0.286274523, 0.729411781, 0.749019623
vb0[872]+000 TEXCOORD1: 0.184313729, 0.286274523, 0.729411781, 0.749019623
vb0[872]+000 TEXCOORD2: 0.184313729, 0.286274523, 0.729411781, 0.749019623
vb0[872]+000 TEXCOORD3: 0.184313729, 0.286274523, 0.729411781, 0.749019623
vb0[872]+024 TANGENT: 0, 1, 0, 1

vb0[873]+000 POSITION: -1.43741035, 5.36283875, 1.67051876
vb0[873]+012 NORMAL: -1.19672862e-07, 4.51191994e-07, -1
vb0[873]+000 COLOR: 0.0627451017, 0.992156863, 0.717647076, 0.749019623
vb0[873]+000 TEXCOORD: 0.0627451017, 0.992156863, 0.717647076, 0.749019623
vb0[873]+000 TEXCOORD1: 0.0627451017, 0.992156863, 0.717647076, 0.749019623
vb0[873]+000 TEXCOORD2: 0.0627451017, 0.992156863, 0.717647076, 0.749019623
vb0[873]+000 TEXCOORD3: 0.0627451017, 0.992156863, 0.717647076, 0.749019623
vb0[873]+024 TANGENT: 0, 1, 0, 1

vb0[874]+000 POSITION: -0.77811569, 5.87589645, 1.67051888
vb0[874]+012 NORMAL: 0, 3.65679057e-07, -1
vb0[874]+000 COLOR: 0.592156887, 0.196078435, 0.278431386, 0.749019623
vb0[874]+000 TEXCOORD: 0.592156887, 0.196078435, 0.278431386, 0.749019623
vb0[874]+000 TEXCOORD1: 0.592156887, 0.196078435, 0.278431386, 0.749019623
vb0[874]+000 TEXCOORD2: 0.592156887, 0.196078435, 0.278431386, 0.749019623
vb0[874]+000 TEXCOORD3: 0.592156887, 0.196078435, 0.278431386, 0.749019623
vb0[874]+024 TANGENT: 0, 1, 0, 1

vb0[875]+000 POSITION: -0.0626641065, 5.87589693, 1.67051888
vb0[875]+012 NORMAL: 0, 2.93421778e-07, -1
vb0[875]+000 COLOR: 0.0392156877, 0.337254912, 0.501960814, 0.741176486
vb0[875]+000 TEXCOORD: 0.0392156877, 0.337254912, 0.501960814, 0.741176486
vb0[875]+000 TEXCOORD1: 0.0392156877, 0.337254912, 0.501960814, 0.741176486
vb0[875]+000 TEXCOORD2: 0.0392156877, 0.337254912, 0.501960814, 0.741176486
vb0[875]+000 TEXCOORD3: 0.0392156877, 0.337254912, 0.501960814, 0.741176486
vb0[875]+024 TANGENT: 0, 1, 0, 1

vb0[876]+000 POSITION: -0.0626641065, 1.16863406, 1.67051768
vb0[876]+012 NORMAL: 0, 2.24402868e-07, -1
vb0[876]+000 COLOR: 0.0392156877, 0.337254912, 0.501960814, 0.741176486
vb0[876]+000 TEXCOORD: 0.0392156877, 0.337254912, 0.501960814, 0.741176486
vb0[876]+000 TEXCOORD1: 0.0392156877, 0.337254912, 0.501960814, 0.741176486
vb0[876]+000 TEXCOORD2: 0.0392156877, 0.337254912, 0.501960814, 0.741176486
vb0[876]+000 TEXCOORD3: 0.0392156877, 0.337254912, 0.501960814, 0.741176486
vb0[876]+024 TANGENT: 0, 1, 0, 1

vb0[877]+000 POSITION: -1.79547071, 4.76146984, 1.67051864
vb0[877]+012 NORMAL: 0, 2.10033392e-07, -1
vb0[877]+000 COLOR: 0.988235295, 0.819607854, 0.898039222, 0.749019623
vb0[877]+000 TEXCOORD: 0.988235295, 0.819607854, 0.898039222, 0.749019623
vb0[877]+000 TEXCOORD1: 0.988235295, 0.819607854, 0.898039222, 0.749019623
vb0[877]+000 TEXCOORD2: 0.988235295, 0.819607854, 0.898039222, 0.749019623
vb0[877]+000 TEXCOORD3: 0.988235295, 0.819607854, 0.898039222, 0.749019623
vb0[877]+024 TANGENT: 0, 1, 0, 1

vb0[878]+000 POSITION: -1.79563153, 1.73839617, 1.67051768
vb0[878]+012 NORMAL: 0, 2.60142713e-07, -1
vb0[878]+000 COLOR: 0.254901975, 0.843137264, 0.898039222, 0.749019623
vb0[878]+000 TEXCOORD: 0.254901975, 0.843137264, 0.898039222, 0.749019623
vb0[878]+000 TEXCOORD1: 0.254901975, 0.843137264, 0.898039222, 0.749019623
vb0[878]+000 TEXCOORD2: 0.254901975, 0.843137264, 0.898039222, 0.749019623
vb0[878]+000 TEXCOORD3: 0.254901975, 0.843137264, 0.898039222, 0.749019623
vb0[878]+024 TANGENT: 0, 1, 0, 1

vb0[879]+000 POSITION: -1.01022935, 1.16863441, 1.67051768
vb0[879]+012 NORMAL: 0, 0, -1
vb0[879]+000 COLOR: 0.196078435, 0.309803933, 0.505882382, 0.749019623
vb0[879]+000 TEXCOORD: 0.196078435, 0.309803933, 0.505882382, 0.749019623
vb0[879]+000 TEXCOORD1: 0.196078435, 0.309803933, 0.505882382, 0.749019623
vb0[879]+000 TEXCOORD2: 0.196078435, 0.309803933, 0.505882382, 0.749019623
vb0[879]+000 TEXCOORD3: 0.196078435, 0.309803933, 0.505882382, 0.749019623
vb0[879]+024 TANGENT: 0, 1, 0, 1

vb0[880]+000 POSITION: 1.45535839, 5.01988983, 1.67051864
vb0[880]+012 NORMAL: 0, 2.74113262e-07, -1
vb0[880]+000 COLOR: 0.184313729, 0.286274523, 0.729411781, 0.247058824
vb0[880]+000 TEXCOORD: 0.184313729, 0.286274523, 0.729411781, 0.247058824
vb0[880]+000 TEXCOORD1: 0.184313729, 0.286274523, 0.729411781, 0.247058824
vb0[880]+000 TEXCOORD2: 0.184313729, 0.286274523, 0.729411781, 0.247058824
vb0[880]+000 TEXCOORD3: 0.184313729, 0.286274523, 0.729411781, 0.247058824
vb0[880]+024 TANGENT: 0, 1, 0, -1

vb0[881]+000 POSITION: 0.77811569, 5.87589645, 1.67051888
vb0[881]+012 NORMAL: 0, 2.83080709e-07, -1
vb0[881]+000 COLOR: 0.592156887, 0.196078435, 0.278431386, 0.247058824
vb0[881]+000 TEXCOORD: 0.592156887, 0.196078435, 0.278431386, 0.247058824
vb0[881]+000 TEXCOORD1: 0.592156887, 0.196078435, 0.278431386, 0.247058824
vb0[881]+000 TEXCOORD2: 0.592156887, 0.196078435, 0.278431386, 0.247058824
vb0[881]+000 TEXCOORD3: 0.592156887, 0.196078435, 0.278431386, 0.247058824
vb0[881]+024 TANGENT: 0, 1, 0, -1

vb0[882]+000 POSITION: 1.43741035, 5.36283875, 1.67051876
vb0[882]+012 NORMAL: 1.19672848e-07, 4.51191966e-07, -1
vb0[882]+000 COLOR: 0.0627451017, 0.992156863, 0.717647076, 0.247058824
vb0[882]+000 TEXCOORD: 0.0627451017, 0.992156863, 0.717647076, 0.247058824
vb0[882]+000 TEXCOORD1: 0.0627451017, 0.992156863, 0.717647076, 0.247058824
vb0[882]+000 TEXCOORD2: 0.0627451017, 0.992156863, 0.717647076, 0.247058824
vb0[882]+000 TEXCOORD3: 0.0627451017, 0.992156863, 0.717647076, 0.247058824
vb0[882]+024 TANGENT: 0, 1, 0, -1

vb0[883]+000 POSITION: 0.0626641065, 1.16863406, 1.67051768
vb0[883]+012 NORMAL: 0, 2.26358551e-07, -1
vb0[883]+000 COLOR: 0.0392156877, 0.337254912, 0.501960814, 0.239215687
vb0[883]+000 TEXCOORD: 0.0392156877, 0.337254912, 0.501960814, 0.239215687
vb0[883]+000 TEXCOORD1: 0.0392156877, 0.337254912, 0.501960814, 0.239215687
vb0[883]+000 TEXCOORD2: 0.0392156877, 0.337254912, 0.501960814, 0.239215687
vb0[883]+000 TEXCOORD3: 0.0392156877, 0.337254912, 0.501960814, 0.239215687
vb0[883]+024 TANGENT: 0, 1, 0, -1

vb0[884]+000 POSITION: 0.0626641065, 5.87589693, 1.67051888
vb0[884]+012 NORMAL: 0, 2.59323343e-07, -1
vb0[884]+000 COLOR: 0.0392156877, 0.337254912, 0.501960814, 0.239215687
vb0[884]+000 TEXCOORD: 0.0392156877, 0.337254912, 0.501960814, 0.239215687
vb0[884]+000 TEXCOORD1: 0.0392156877, 0.337254912, 0.501960814, 0.239215687
vb0[884]+000 TEXCOORD2: 0.0392156877, 0.337254912, 0.501960814, 0.239215687
vb0[884]+000 TEXCOORD3: 0.0392156877, 0.337254912, 0.501960814, 0.239215687
vb0[884]+024 TANGENT: 0, 1, 0, -1

vb0[885]+000 POSITION: 1.79547071, 4.76146984, 1.67051864
vb0[885]+012 NORMAL: 0, 2.10033392e-07, -1
vb0[885]+000 COLOR: 0.988235295, 0.819607854, 0.898039222, 0.247058824
vb0[885]+000 TEXCOORD: 0.988235295, 0.819607854, 0.898039222, 0.247058824
vb0[885]+000 TEXCOORD1: 0.988235295, 0.819607854, 0.898039222, 0.247058824
vb0[885]+000 TEXCOORD2: 0.988235295, 0.819607854, 0.898039222, 0.247058824
vb0[885]+000 TEXCOORD3: 0.988235295, 0.819607854, 0.898039222, 0.247058824
vb0[885]+024 TANGENT: 0, 1, 0, -1

vb0[886]+000 POSITION: 1.79563153, 1.73839617, 1.67051768
vb0[886]+012 NORMAL: 0, 2.60142627e-07, -1
vb0[886]+000 COLOR: 0.254901975, 0.843137264, 0.898039222, 0.247058824
vb0[886]+000 TEXCOORD: 0.254901975, 0.843137264, 0.898039222, 0.247058824
vb0[886]+000 TEXCOORD1: 0.254901975, 0.843137264, 0.898039222, 0.247058824
vb0[886]+000 TEXCOORD2: 0.254901975, 0.843137264, 0.898039222, 0.247058824
vb0[886]+000 TEXCOORD3: 0.254901975, 0.843137264, 0.898039222, 0.247058824
vb0[886]+024 TANGENT: 0, 1, 0, -1

vb0[887]+000 POSITION: 1.01022935, 1.16863406, 1.67051768
vb0[887]+012 NORMAL: 0, 0, -1
vb0[887]+000 COLOR: 0.196078435, 0.309803933, 0.505882382, 0.247058824
vb0[887]+000 TEXCOORD: 0.196078435, 0.309803933, 0.505882382, 0.247058824
vb0[887]+000 TEXCOORD1: 0.196078435, 0.309803933, 0.505882382, 0.247058824
vb0[887]+000 TEXCOORD2: 0.196078435, 0.309803933, 0.505882382, 0.247058824
vb0[887]+000 TEXCOORD3: 0.196078435, 0.309803933, 0.505882382, 0.247058824
vb0[887]+024 TANGENT: 0, 1, 0, -1

vb0[888]+000 POSITION: 0.000361785875, 1.02252662, 1.9083569
vb0[888]+012 NORMAL: 9.86736495e-07, -2.20000359e-07, 1
vb0[888]+000 COLOR: 0.0784313753, 0.68235296, 0.741176486, 0.223529413
vb0[888]+000 TEXCOORD: 0.0784313753, 0.68235296, 0.741176486, 0.223529413
vb0[888]+000 TEXCOORD1: 0.0784313753, 0.68235296, 0.741176486, 0.223529413
vb0[888]+000 TEXCOORD2: 0.0784313753, 0.68235296, 0.741176486, 0.223529413
vb0[888]+000 TEXCOORD3: 0.0784313753, 0.68235296, 0.741176486, 0.223529413
vb0[888]+024 TANGENT: 1, 0, 0, -1

vb0[889]+000 POSITION: 0.154894099, 5.87710905, 1.90835786
vb0[889]+012 NORMAL: 1.0080015e-06, -2.20677279e-07, 1
vb0[889]+000 COLOR: 0.56078434, 0.611764729, 0.117647059, 0.243137255
vb0[889]+000 TEXCOORD: 0.56078434, 0.611764729, 0.117647059, 0.243137255
vb0[889]+000 TEXCOORD1: 0.56078434, 0.611764729, 0.117647059, 0.243137255
vb0[889]+000 TEXCOORD2: 0.56078434, 0.611764729, 0.117647059, 0.243137255
vb0[889]+000 TEXCOORD3: 0.56078434, 0.611764729, 0.117647059, 0.243137255
vb0[889]+024 TANGENT: 1, 0, 0, -1

vb0[890]+000 POSITION: 0.00354187004, 5.87691259, 1.90835798
vb0[890]+012 NORMAL: 1.00845068e-06, -2.20691575e-07, 1
vb0[890]+000 COLOR: 0.721568644, 0.117647059, 0.407843143, 0.23137255
vb0[890]+000 TEXCOORD: 0.721568644, 0.117647059, 0.407843143, 0.23137255
vb0[890]+000 TEXCOORD1: 0.721568644, 0.117647059, 0.407843143, 0.23137255
vb0[890]+000 TEXCOORD2: 0.721568644, 0.117647059, 0.407843143, 0.23137255
vb0[890]+000 TEXCOORD3: 0.721568644, 0.117647059, 0.407843143, 0.23137255
vb0[890]+024 TANGENT: 1, 0, 0, -1

vb0[891]+000 POSITION: 0.154894099, 1.02174044, 1.90835679
vb0[891]+012 NORMAL: 9.86298232e-07, -2.19986418e-07, 1
vb0[891]+000 COLOR: 0.56078434, 0.611764729, 0.117647059, 0.243137255
vb0[891]+000 TEXCOORD: 0.56078434, 0.611764729, 0.117647059, 0.243137255
vb0[891]+000 TEXCOORD1: 0.56078434, 0.611764729, 0.117647059, 0.243137255
vb0[891]+000 TEXCOORD2: 0.56078434, 0.611764729, 0.117647059, 0.243137255
vb0[891]+000 TEXCOORD3: 0.56078434, 0.611764729, 0.117647059, 0.243137255
vb0[891]+024 TANGENT: 1, 0, 0, -1

vb0[892]+000 POSITION: 0.00354187004, 1.02223313, 1.63286185
vb0[892]+012 NORMAL: -0.999942541, 0.000607744791, -0.010709431
vb0[892]+000 COLOR: 0.721568644, 0.117647059, 0.407843143, 0.23137255
vb0[892]+000 TEXCOORD: 0.721568644, 0.117647059, 0.407843143, 0.23137255
vb0[892]+000 TEXCOORD1: 0.721568644, 0.117647059, 0.407843143, 0.23137255
vb0[892]+000 TEXCOORD2: 0.721568644, 0.117647059, 0.407843143, 0.23137255
vb0[892]+000 TEXCOORD3: 0.721568644, 0.117647059, 0.407843143, 0.23137255
vb0[892]+024 TANGENT: 0, 1, 0, -1

vb0[893]+000 POSITION: 0.00354187004, 5.87691259, 1.90835798
vb0[893]+012 NORMAL: -0.999942541, -0.000607742521, 0.0107093919
vb0[893]+000 COLOR: 0.721568644, 0.117647059, 0.407843143, 0.23137255
vb0[893]+000 TEXCOORD: 0.721568644, 0.117647059, 0.407843143, 0.23137255
vb0[893]+000 TEXCOORD1: 0.721568644, 0.117647059, 0.407843143, 0.23137255
vb0[893]+000 TEXCOORD2: 0.721568644, 0.117647059, 0.407843143, 0.23137255
vb0[893]+000 TEXCOORD3: 0.721568644, 0.117647059, 0.407843143, 0.23137255
vb0[893]+024 TANGENT: 0, 1, 0, -1

vb0[894]+000 POSITION: 0.000361785875, 5.87661934, 1.63286233
vb0[894]+012 NORMAL: -0.999933243, -0.000655052427, 0.011543069
vb0[894]+000 COLOR: 0.0784313753, 0.68235296, 0.741176486, 0.223529413
vb0[894]+000 TEXCOORD: 0.0784313753, 0.68235296, 0.741176486, 0.223529413
vb0[894]+000 TEXCOORD1: 0.0784313753, 0.68235296, 0.741176486, 0.223529413
vb0[894]+000 TEXCOORD2: 0.0784313753, 0.68235296, 0.741176486, 0.223529413
vb0[894]+000 TEXCOORD3: 0.0784313753, 0.68235296, 0.741176486, 0.223529413
vb0[894]+024 TANGENT: 0, 1, 0, -1

vb0[895]+000 POSITION: 0.000361785875, 1.02252662, 1.9083569
vb0[895]+012 NORMAL: -0.999933243, 0.000655053998, -0.0115430942
vb0[895]+000 COLOR: 0.0784313753, 0.68235296, 0.741176486, 0.223529413
vb0[895]+000 TEXCOORD: 0.0784313753, 0.68235296, 0.741176486, 0.223529413
vb0[895]+000 TEXCOORD1: 0.0784313753, 0.68235296, 0.741176486, 0.223529413
vb0[895]+000 TEXCOORD2: 0.0784313753, 0.68235296, 0.741176486, 0.223529413
vb0[895]+000 TEXCOORD3: 0.0784313753, 0.68235296, 0.741176486, 0.223529413
vb0[895]+024 TANGENT: 0, 1, 0, -1

vb0[896]+000 POSITION: 0.000361785875, 5.87661934, 1.63286233
vb0[896]+012 NORMAL: 9.87360067e-07, 0, -1
vb0[896]+000 COLOR: 0.0784313753, 0.68235296, 0.741176486, 0.223529413
vb0[896]+000 TEXCOORD: 0.0784313753, 0.68235296, 0.741176486, 0.223529413
vb0[896]+000 TEXCOORD1: 0.0784313753, 0.68235296, 0.741176486, 0.223529413
vb0[896]+000 TEXCOORD2: 0.0784313753, 0.68235296, 0.741176486, 0.223529413
vb0[896]+000 TEXCOORD3: 0.0784313753, 0.68235296, 0.741176486, 0.223529413
vb0[896]+024 TANGENT: 1, 0, 0, -1

vb0[897]+000 POSITION: 0.154894099, 1.02203643, 1.63286209
vb0[897]+012 NORMAL: 1.00785462e-06, 0, -1
vb0[897]+000 COLOR: 0.56078434, 0.611764729, 0.117647059, 0.243137255
vb0[897]+000 TEXCOORD: 0.56078434, 0.611764729, 0.117647059, 0.243137255
vb0[897]+000 TEXCOORD1: 0.56078434, 0.611764729, 0.117647059, 0.243137255
vb0[897]+000 TEXCOORD2: 0.56078434, 0.611764729, 0.117647059, 0.243137255
vb0[897]+000 TEXCOORD3: 0.56078434, 0.611764729, 0.117647059, 0.243137255
vb0[897]+024 TANGENT: 1, 0, 0, -1

vb0[898]+000 POSITION: 0.00354187004, 1.02223313, 1.63286185
vb0[898]+012 NORMAL: 1.00828754e-06, 0, -1
vb0[898]+000 COLOR: 0.721568644, 0.117647059, 0.407843143, 0.23137255
vb0[898]+000 TEXCOORD: 0.721568644, 0.117647059, 0.407843143, 0.23137255
vb0[898]+000 TEXCOORD1: 0.721568644, 0.117647059, 0.407843143, 0.23137255
vb0[898]+000 TEXCOORD2: 0.721568644, 0.117647059, 0.407843143, 0.23137255
vb0[898]+000 TEXCOORD3: 0.721568644, 0.117647059, 0.407843143, 0.23137255
vb0[898]+024 TANGENT: 1, 0, 0, -1

vb0[899]+000 POSITION: 0.154894099, 5.87740517, 1.63286257
vb0[899]+012 NORMAL: 9.86937721e-07, 0, -1
vb0[899]+000 COLOR: 0.56078434, 0.611764729, 0.117647059, 0.243137255
vb0[899]+000 TEXCOORD: 0.56078434, 0.611764729, 0.117647059, 0.243137255
vb0[899]+000 TEXCOORD1: 0.56078434, 0.611764729, 0.117647059, 0.243137255
vb0[899]+000 TEXCOORD2: 0.56078434, 0.611764729, 0.117647059, 0.243137255
vb0[899]+000 TEXCOORD3: 0.56078434, 0.611764729, 0.117647059, 0.243137255
vb0[899]+024 TANGENT: 1, 0, 0, -1

vb0[900]+000 POSITION: -4.79422188, 0.607155204, 3.38144207
vb0[900]+012 NORMAL: 0, 1, 0
vb0[900]+000 COLOR: 0.266666681, 0.41568628, 0.600000024, 0.752941191
vb0[900]+000 TEXCOORD: 0.266666681, 0.41568628, 0.600000024, 0.752941191
vb0[900]+000 TEXCOORD1: 0.266666681, 0.41568628, 0.600000024, 0.752941191
vb0[900]+000 TEXCOORD2: 0.266666681, 0.41568628, 0.600000024, 0.752941191
vb0[900]+000 TEXCOORD3: 0.266666681, 0.41568628, 0.600000024, 0.752941191
vb0[900]+024 TANGENT: -1, 0, 0, -1

vb0[901]+000 POSITION: -1.6151495, 0.607155502, 0.202371836
vb0[901]+012 NORMAL: 0, 1, 0
vb0[901]+000 COLOR: 0.219607845, 0.741176486, 0.807843149, 0.749019623
vb0[901]+000 TEXCOORD: 0.219607845, 0.741176486, 0.807843149, 0.749019623
vb0[901]+000 TEXCOORD1: 0.219607845, 0.741176486, 0.807843149, 0.749019623
vb0[901]+000 TEXCOORD2: 0.219607845, 0.741176486, 0.807843149, 0.749019623
vb0[901]+000 TEXCOORD3: 0.219607845, 0.741176486, 0.807843149, 0.749019623
vb0[901]+024 TANGENT: -1, 0, 0, -1

vb0[902]+000 POSITION: -4.79422188, 0.607155502, 0.202371836
vb0[902]+012 NORMAL: 0, 1, 0
vb0[902]+000 COLOR: 0.266666681, 0.41568628, 0.600000024, 0.752941191
vb0[902]+000 TEXCOORD: 0.266666681, 0.41568628, 0.600000024, 0.752941191
vb0[902]+000 TEXCOORD1: 0.266666681, 0.41568628, 0.600000024, 0.752941191
vb0[902]+000 TEXCOORD2: 0.266666681, 0.41568628, 0.600000024, 0.752941191
vb0[902]+000 TEXCOORD3: 0.266666681, 0.41568628, 0.600000024, 0.752941191
vb0[902]+024 TANGENT: -1, 0, 0, -1

vb0[903]+000 POSITION: -1.6151495, 0.607155204, 3.38144207
vb0[903]+012 NORMAL: 0, 1, 0
vb0[903]+000 COLOR: 0.219607845, 0.741176486, 0.807843149, 0.749019623
vb0[903]+000 TEXCOORD: 0.219607845, 0.741176486, 0.807843149, 0.749019623
vb0[903]+000 TEXCOORD1: 0.219607845, 0.741176486, 0.807843149, 0.749019623
vb0[903]+000 TEXCOORD2: 0.219607845, 0.741176486, 0.807843149, 0.749019623
vb0[903]+000 TEXCOORD3: 0.219607845, 0.741176486, 0.807843149, 0.749019623
vb0[903]+024 TANGENT: -1, 0, 0, -1

vb0[904]+000 POSITION: -4.79422188, -0.0307545364, 3.38144207
vb0[904]+012 NORMAL: 0, 0, 1
vb0[904]+000 COLOR: 0.266666681, 0.41568628, 0.600000024, 0.752941191
vb0[904]+000 TEXCOORD: 0.266666681, 0.41568628, 0.600000024, 0.752941191
vb0[904]+000 TEXCOORD1: 0.266666681, 0.41568628, 0.600000024, 0.752941191
vb0[904]+000 TEXCOORD2: 0.266666681, 0.41568628, 0.600000024, 0.752941191
vb0[904]+000 TEXCOORD3: 0.266666681, 0.41568628, 0.600000024, 0.752941191
vb0[904]+024 TANGENT: -1, 0, 0, -1

vb0[905]+000 POSITION: -1.6151495, 0.607155204, 3.38144207
vb0[905]+012 NORMAL: 0, 0, 1
vb0[905]+000 COLOR: 0.219607845, 0.741176486, 0.807843149, 0.749019623
vb0[905]+000 TEXCOORD: 0.219607845, 0.741176486, 0.807843149, 0.749019623
vb0[905]+000 TEXCOORD1: 0.219607845, 0.741176486, 0.807843149, 0.749019623
vb0[905]+000 TEXCOORD2: 0.219607845, 0.741176486, 0.807843149, 0.749019623
vb0[905]+000 TEXCOORD3: 0.219607845, 0.741176486, 0.807843149, 0.749019623
vb0[905]+024 TANGENT: -1, 0, 0, -1

vb0[906]+000 POSITION: -4.79422188, 0.607155204, 3.38144207
vb0[906]+012 NORMAL: 0, 0, 1
vb0[906]+000 COLOR: 0.266666681, 0.41568628, 0.600000024, 0.752941191
vb0[906]+000 TEXCOORD: 0.266666681, 0.41568628, 0.600000024, 0.752941191
vb0[906]+000 TEXCOORD1: 0.266666681, 0.41568628, 0.600000024, 0.752941191
vb0[906]+000 TEXCOORD2: 0.266666681, 0.41568628, 0.600000024, 0.752941191
vb0[906]+000 TEXCOORD3: 0.266666681, 0.41568628, 0.600000024, 0.752941191
vb0[906]+024 TANGENT: -1, 0, 0, -1

vb0[907]+000 POSITION: -1.6151495, -0.0307545364, 3.38144207
vb0[907]+012 NORMAL: 0, 0, 1
vb0[907]+000 COLOR: 0.219607845, 0.741176486, 0.807843149, 0.749019623
vb0[907]+000 TEXCOORD: 0.219607845, 0.741176486, 0.807843149, 0.749019623
vb0[907]+000 TEXCOORD1: 0.219607845, 0.741176486, 0.807843149, 0.749019623
vb0[907]+000 TEXCOORD2: 0.219607845, 0.741176486, 0.807843149, 0.749019623
vb0[907]+000 TEXCOORD3: 0.219607845, 0.741176486, 0.807843149, 0.749019623
vb0[907]+024 TANGENT: -1, 0, 0, -1

vb0[908]+000 POSITION: -1.6151495, -0.0307545364, 3.38144207
vb0[908]+012 NORMAL: 1, 0, 0
vb0[908]+000 COLOR: 0.219607845, 0.741176486, 0.807843149, 0.749019623
vb0[908]+000 TEXCOORD: 0.219607845, 0.741176486, 0.807843149, 0.749019623
vb0[908]+000 TEXCOORD1: 0.219607845, 0.741176486, 0.807843149, 0.749019623
vb0[908]+000 TEXCOORD2: 0.219607845, 0.741176486, 0.807843149, 0.749019623
vb0[908]+000 TEXCOORD3: 0.219607845, 0.741176486, 0.807843149, 0.749019623
vb0[908]+024 TANGENT: 0, 0, 1, -1

vb0[909]+000 POSITION: -1.6151495, 0.607155502, 0.202371836
vb0[909]+012 NORMAL: 1, 0, 0
vb0[909]+000 COLOR: 0.219607845, 0.741176486, 0.807843149, 0.749019623
vb0[909]+000 TEXCOORD: 0.219607845, 0.741176486, 0.807843149, 0.749019623
vb0[909]+000 TEXCOORD1: 0.219607845, 0.741176486, 0.807843149, 0.749019623
vb0[909]+000 TEXCOORD2: 0.219607845, 0.741176486, 0.807843149, 0.749019623
vb0[909]+000 TEXCOORD3: 0.219607845, 0.741176486, 0.807843149, 0.749019623
vb0[909]+024 TANGENT: 0, 0, 1, -1

vb0[910]+000 POSITION: -1.6151495, 0.607155204, 3.38144207
vb0[910]+012 NORMAL: 1, 0, 0
vb0[910]+000 COLOR: 0.219607845, 0.741176486, 0.807843149, 0.749019623
vb0[910]+000 TEXCOORD: 0.219607845, 0.741176486, 0.807843149, 0.749019623
vb0[910]+000 TEXCOORD1: 0.219607845, 0.741176486, 0.807843149, 0.749019623
vb0[910]+000 TEXCOORD2: 0.219607845, 0.741176486, 0.807843149, 0.749019623
vb0[910]+000 TEXCOORD3: 0.219607845, 0.741176486, 0.807843149, 0.749019623
vb0[910]+024 TANGENT: 0, 0, 1, -1

vb0[911]+000 POSITION: -1.6151495, -0.0307542607, 0.202371821
vb0[911]+012 NORMAL: 1, 0, 0
vb0[911]+000 COLOR: 0.219607845, 0.741176486, 0.807843149, 0.749019623
vb0[911]+000 TEXCOORD: 0.219607845, 0.741176486, 0.807843149, 0.749019623
vb0[911]+000 TEXCOORD1: 0.219607845, 0.741176486, 0.807843149, 0.749019623
vb0[911]+000 TEXCOORD2: 0.219607845, 0.741176486, 0.807843149, 0.749019623
vb0[911]+000 TEXCOORD3: 0.219607845, 0.741176486, 0.807843149, 0.749019623
vb0[911]+024 TANGENT: 0, 0, 1, -1

vb0[912]+000 POSITION: -4.79422188, -0.0307542607, 0.202371821
vb0[912]+012 NORMAL: -1, 0, 0
vb0[912]+000 COLOR: 0.266666681, 0.41568628, 0.600000024, 0.752941191
vb0[912]+000 TEXCOORD: 0.266666681, 0.41568628, 0.600000024, 0.752941191
vb0[912]+000 TEXCOORD1: 0.266666681, 0.41568628, 0.600000024, 0.752941191
vb0[912]+000 TEXCOORD2: 0.266666681, 0.41568628, 0.600000024, 0.752941191
vb0[912]+000 TEXCOORD3: 0.266666681, 0.41568628, 0.600000024, 0.752941191
vb0[912]+024 TANGENT: 0, 0, -1, -1

vb0[913]+000 POSITION: -4.79422188, 0.607155204, 3.38144207
vb0[913]+012 NORMAL: -1, 0, 0
vb0[913]+000 COLOR: 0.266666681, 0.41568628, 0.600000024, 0.752941191
vb0[913]+000 TEXCOORD: 0.266666681, 0.41568628, 0.600000024, 0.752941191
vb0[913]+000 TEXCOORD1: 0.266666681, 0.41568628, 0.600000024, 0.752941191
vb0[913]+000 TEXCOORD2: 0.266666681, 0.41568628, 0.600000024, 0.752941191
vb0[913]+000 TEXCOORD3: 0.266666681, 0.41568628, 0.600000024, 0.752941191
vb0[913]+024 TANGENT: 0, 0, -1, -1

vb0[914]+000 POSITION: -4.79422188, 0.607155502, 0.202371836
vb0[914]+012 NORMAL: -1, 0, 0
vb0[914]+000 COLOR: 0.266666681, 0.41568628, 0.600000024, 0.752941191
vb0[914]+000 TEXCOORD: 0.266666681, 0.41568628, 0.600000024, 0.752941191
vb0[914]+000 TEXCOORD1: 0.266666681, 0.41568628, 0.600000024, 0.752941191
vb0[914]+000 TEXCOORD2: 0.266666681, 0.41568628, 0.600000024, 0.752941191
vb0[914]+000 TEXCOORD3: 0.266666681, 0.41568628, 0.600000024, 0.752941191
vb0[914]+024 TANGENT: 0, 0, -1, -1

vb0[915]+000 POSITION: -4.79422188, -0.0307545364, 3.38144207
vb0[915]+012 NORMAL: -1, 0, 0
vb0[915]+000 COLOR: 0.266666681, 0.41568628, 0.600000024, 0.752941191
vb0[915]+000 TEXCOORD: 0.266666681, 0.41568628, 0.600000024, 0.752941191
vb0[915]+000 TEXCOORD1: 0.266666681, 0.41568628, 0.600000024, 0.752941191
vb0[915]+000 TEXCOORD2: 0.266666681, 0.41568628, 0.600000024, 0.752941191
vb0[915]+000 TEXCOORD3: 0.266666681, 0.41568628, 0.600000024, 0.752941191
vb0[915]+024 TANGENT: 0, 0, -1, -1

vb0[916]+000 POSITION: -4.79422188, 0.607155502, 0.202371836
vb0[916]+012 NORMAL: 0, 0, -1
vb0[916]+000 COLOR: 0.266666681, 0.41568628, 0.600000024, 0.752941191
vb0[916]+000 TEXCOORD: 0.266666681, 0.41568628, 0.600000024, 0.752941191
vb0[916]+000 TEXCOORD1: 0.266666681, 0.41568628, 0.600000024, 0.752941191
vb0[916]+000 TEXCOORD2: 0.266666681, 0.41568628, 0.600000024, 0.752941191
vb0[916]+000 TEXCOORD3: 0.266666681, 0.41568628, 0.600000024, 0.752941191
vb0[916]+024 TANGENT: 1, 0, 0, -1

vb0[917]+000 POSITION: -1.6151495, -0.0307542607, 0.202371821
vb0[917]+012 NORMAL: 0, 0, -1
vb0[917]+000 COLOR: 0.219607845, 0.741176486, 0.807843149, 0.749019623
vb0[917]+000 TEXCOORD: 0.219607845, 0.741176486, 0.807843149, 0.749019623
vb0[917]+000 TEXCOORD1: 0.219607845, 0.741176486, 0.807843149, 0.749019623
vb0[917]+000 TEXCOORD2: 0.219607845, 0.741176486, 0.807843149, 0.749019623
vb0[917]+000 TEXCOORD3: 0.219607845, 0.741176486, 0.807843149, 0.749019623
vb0[917]+024 TANGENT: 1, 0, 0, -1

vb0[918]+000 POSITION: -4.79422188, -0.0307542607, 0.202371821
vb0[918]+012 NORMAL: 0, 0, -1
vb0[918]+000 COLOR: 0.266666681, 0.41568628, 0.600000024, 0.752941191
vb0[918]+000 TEXCOORD: 0.266666681, 0.41568628, 0.600000024, 0.752941191
vb0[918]+000 TEXCOORD1: 0.266666681, 0.41568628, 0.600000024, 0.752941191
vb0[918]+000 TEXCOORD2: 0.266666681, 0.41568628, 0.600000024, 0.752941191
vb0[918]+000 TEXCOORD3: 0.266666681, 0.41568628, 0.600000024, 0.752941191
vb0[918]+024 TANGENT: 1, 0, 0, -1

vb0[919]+000 POSITION: -1.6151495, 0.607155502, 0.202371836
vb0[919]+012 NORMAL: 0, 0, -1
vb0[919]+000 COLOR: 0.219607845, 0.741176486, 0.807843149, 0.749019623
vb0[919]+000 TEXCOORD: 0.219607845, 0.741176486, 0.807843149, 0.749019623
vb0[919]+000 TEXCOORD1: 0.219607845, 0.741176486, 0.807843149, 0.749019623
vb0[919]+000 TEXCOORD2: 0.219607845, 0.741176486, 0.807843149, 0.749019623
vb0[919]+000 TEXCOORD3: 0.219607845, 0.741176486, 0.807843149, 0.749019623
vb0[919]+024 TANGENT: 1, 0, 0, -1

vb0[920]+000 POSITION: -4.31223202, 1.08432698, 2.89945436
vb0[920]+012 NORMAL: 0, 1, 0
vb0[920]+000 COLOR: 0.807843149, 0.992156863, 0.53725493, 0.752941191
vb0[920]+000 TEXCOORD: 0.807843149, 0.992156863, 0.53725493, 0.752941191
vb0[920]+000 TEXCOORD1: 0.807843149, 0.992156863, 0.53725493, 0.752941191
vb0[920]+000 TEXCOORD2: 0.807843149, 0.992156863, 0.53725493, 0.752941191
vb0[920]+000 TEXCOORD3: 0.807843149, 0.992156863, 0.53725493, 0.752941191
vb0[920]+024 TANGENT: -1, 0, 0, -1

vb0[921]+000 POSITION: -2.09303045, 1.0843271, 0.680255175
vb0[921]+012 NORMAL: 0, 1, 0
vb0[921]+000 COLOR: 0.211764708, 0.956862748, 0.0196078438, 0.752941191
vb0[921]+000 TEXCOORD: 0.211764708, 0.956862748, 0.0196078438, 0.752941191
vb0[921]+000 TEXCOORD1: 0.211764708, 0.956862748, 0.0196078438, 0.752941191
vb0[921]+000 TEXCOORD2: 0.211764708, 0.956862748, 0.0196078438, 0.752941191
vb0[921]+000 TEXCOORD3: 0.211764708, 0.956862748, 0.0196078438, 0.752941191
vb0[921]+024 TANGENT: -1, 0, 0, -1

vb0[922]+000 POSITION: -4.31223202, 1.0843271, 0.680255175
vb0[922]+012 NORMAL: 0, 1, 0
vb0[922]+000 COLOR: 0.807843149, 0.992156863, 0.53725493, 0.752941191
vb0[922]+000 TEXCOORD: 0.807843149, 0.992156863, 0.53725493, 0.752941191
vb0[922]+000 TEXCOORD1: 0.807843149, 0.992156863, 0.53725493, 0.752941191
vb0[922]+000 TEXCOORD2: 0.807843149, 0.992156863, 0.53725493, 0.752941191
vb0[922]+000 TEXCOORD3: 0.807843149, 0.992156863, 0.53725493, 0.752941191
vb0[922]+024 TANGENT: -1, 0, 0, -1

vb0[923]+000 POSITION: -2.09303045, 1.08432698, 2.89945436
vb0[923]+012 NORMAL: 0, 1, 0
vb0[923]+000 COLOR: 0.211764708, 0.956862748, 0.0196078438, 0.752941191
vb0[923]+000 TEXCOORD: 0.211764708, 0.956862748, 0.0196078438, 0.752941191
vb0[923]+000 TEXCOORD1: 0.211764708, 0.956862748, 0.0196078438, 0.752941191
vb0[923]+000 TEXCOORD2: 0.211764708, 0.956862748, 0.0196078438, 0.752941191
vb0[923]+000 TEXCOORD3: 0.211764708, 0.956862748, 0.0196078438, 0.752941191
vb0[923]+024 TANGENT: -1, 0, 0, -1

vb0[924]+000 POSITION: -4.31223202, 0.607155323, 2.89945436
vb0[924]+012 NORMAL: 0, 0, 1
vb0[924]+000 COLOR: 0.807843149, 0.992156863, 0.53725493, 0.752941191
vb0[924]+000 TEXCOORD: 0.807843149, 0.992156863, 0.53725493, 0.752941191
vb0[924]+000 TEXCOORD1: 0.807843149, 0.992156863, 0.53725493, 0.752941191
vb0[924]+000 TEXCOORD2: 0.807843149, 0.992156863, 0.53725493, 0.752941191
vb0[924]+000 TEXCOORD3: 0.807843149, 0.992156863, 0.53725493, 0.752941191
vb0[924]+024 TANGENT: -1, 0, 0, -1

vb0[925]+000 POSITION: -2.09303045, 1.08432698, 2.89945436
vb0[925]+012 NORMAL: 0, 0, 1
vb0[925]+000 COLOR: 0.211764708, 0.956862748, 0.0196078438, 0.752941191
vb0[925]+000 TEXCOORD: 0.211764708, 0.956862748, 0.0196078438, 0.752941191
vb0[925]+000 TEXCOORD1: 0.211764708, 0.956862748, 0.0196078438, 0.752941191
vb0[925]+000 TEXCOORD2: 0.211764708, 0.956862748, 0.0196078438, 0.752941191
vb0[925]+000 TEXCOORD3: 0.211764708, 0.956862748, 0.0196078438, 0.752941191
vb0[925]+024 TANGENT: -1, 0, 0, -1

vb0[926]+000 POSITION: -4.31223202, 1.08432698, 2.89945436
vb0[926]+012 NORMAL: 0, 0, 1
vb0[926]+000 COLOR: 0.807843149, 0.992156863, 0.53725493, 0.752941191
vb0[926]+000 TEXCOORD: 0.807843149, 0.992156863, 0.53725493, 0.752941191
vb0[926]+000 TEXCOORD1: 0.807843149, 0.992156863, 0.53725493, 0.752941191
vb0[926]+000 TEXCOORD2: 0.807843149, 0.992156863, 0.53725493, 0.752941191
vb0[926]+000 TEXCOORD3: 0.807843149, 0.992156863, 0.53725493, 0.752941191
vb0[926]+024 TANGENT: -1, 0, 0, -1

vb0[927]+000 POSITION: -2.09303045, 0.607155323, 2.89945436
vb0[927]+012 NORMAL: 0, 0, 1
vb0[927]+000 COLOR: 0.211764708, 0.956862748, 0.0196078438, 0.752941191
vb0[927]+000 TEXCOORD: 0.211764708, 0.956862748, 0.0196078438, 0.752941191
vb0[927]+000 TEXCOORD1: 0.211764708, 0.956862748, 0.0196078438, 0.752941191
vb0[927]+000 TEXCOORD2: 0.211764708, 0.956862748, 0.0196078438, 0.752941191
vb0[927]+000 TEXCOORD3: 0.211764708, 0.956862748, 0.0196078438, 0.752941191
vb0[927]+024 TANGENT: -1, 0, 0, -1

vb0[928]+000 POSITION: -2.09303045, 0.607155323, 2.89945436
vb0[928]+012 NORMAL: 1, 0, 0
vb0[928]+000 COLOR: 0.211764708, 0.956862748, 0.0196078438, 0.752941191
vb0[928]+000 TEXCOORD: 0.211764708, 0.956862748, 0.0196078438, 0.752941191
vb0[928]+000 TEXCOORD1: 0.211764708, 0.956862748, 0.0196078438, 0.752941191
vb0[928]+000 TEXCOORD2: 0.211764708, 0.956862748, 0.0196078438, 0.752941191
vb0[928]+000 TEXCOORD3: 0.211764708, 0.956862748, 0.0196078438, 0.752941191
vb0[928]+024 TANGENT: 0, 0, 1, -1

vb0[929]+000 POSITION: -2.09303045, 1.0843271, 0.680255175
vb0[929]+012 NORMAL: 1, 0, 0
vb0[929]+000 COLOR: 0.211764708, 0.956862748, 0.0196078438, 0.752941191
vb0[929]+000 TEXCOORD: 0.211764708, 0.956862748, 0.0196078438, 0.752941191
vb0[929]+000 TEXCOORD1: 0.211764708, 0.956862748, 0.0196078438, 0.752941191
vb0[929]+000 TEXCOORD2: 0.211764708, 0.956862748, 0.0196078438, 0.752941191
vb0[929]+000 TEXCOORD3: 0.211764708, 0.956862748, 0.0196078438, 0.752941191
vb0[929]+024 TANGENT: 0, 0, 1, -1

vb0[930]+000 POSITION: -2.09303045, 1.08432698, 2.89945436
vb0[930]+012 NORMAL: 1, 0, 0
vb0[930]+000 COLOR: 0.211764708, 0.956862748, 0.0196078438, 0.752941191
vb0[930]+000 TEXCOORD: 0.211764708, 0.956862748, 0.0196078438, 0.752941191
vb0[930]+000 TEXCOORD1: 0.211764708, 0.956862748, 0.0196078438, 0.752941191
vb0[930]+000 TEXCOORD2: 0.211764708, 0.956862748, 0.0196078438, 0.752941191
vb0[930]+000 TEXCOORD3: 0.211764708, 0.956862748, 0.0196078438, 0.752941191
vb0[930]+024 TANGENT: 0, 0, 1, -1

vb0[931]+000 POSITION: -2.09303045, 0.607155502, 0.680255115
vb0[931]+012 NORMAL: 1, 0, 0
vb0[931]+000 COLOR: 0.211764708, 0.956862748, 0.0196078438, 0.752941191
vb0[931]+000 TEXCOORD: 0.211764708, 0.956862748, 0.0196078438, 0.752941191
vb0[931]+000 TEXCOORD1: 0.211764708, 0.956862748, 0.0196078438, 0.752941191
vb0[931]+000 TEXCOORD2: 0.211764708, 0.956862748, 0.0196078438, 0.752941191
vb0[931]+000 TEXCOORD3: 0.211764708, 0.956862748, 0.0196078438, 0.752941191
vb0[931]+024 TANGENT: 0, 0, 1, -1

vb0[932]+000 POSITION: -4.31223202, 0.607155502, 0.680255115
vb0[932]+012 NORMAL: -1, 0, 0
vb0[932]+000 COLOR: 0.807843149, 0.992156863, 0.53725493, 0.752941191
vb0[932]+000 TEXCOORD: 0.807843149, 0.992156863, 0.53725493, 0.752941191
vb0[932]+000 TEXCOORD1: 0.807843149, 0.992156863, 0.53725493, 0.752941191
vb0[932]+000 TEXCOORD2: 0.807843149, 0.992156863, 0.53725493, 0.752941191
vb0[932]+000 TEXCOORD3: 0.807843149, 0.992156863, 0.53725493, 0.752941191
vb0[932]+024 TANGENT: 0, 0, -1, -1

vb0[933]+000 POSITION: -4.31223202, 1.08432698, 2.89945436
vb0[933]+012 NORMAL: -1, 0, 0
vb0[933]+000 COLOR: 0.807843149, 0.992156863, 0.53725493, 0.752941191
vb0[933]+000 TEXCOORD: 0.807843149, 0.992156863, 0.53725493, 0.752941191
vb0[933]+000 TEXCOORD1: 0.807843149, 0.992156863, 0.53725493, 0.752941191
vb0[933]+000 TEXCOORD2: 0.807843149, 0.992156863, 0.53725493, 0.752941191
vb0[933]+000 TEXCOORD3: 0.807843149, 0.992156863, 0.53725493, 0.752941191
vb0[933]+024 TANGENT: 0, 0, -1, -1

vb0[934]+000 POSITION: -4.31223202, 1.0843271, 0.680255175
vb0[934]+012 NORMAL: -1, 0, 0
vb0[934]+000 COLOR: 0.807843149, 0.992156863, 0.53725493, 0.752941191
vb0[934]+000 TEXCOORD: 0.807843149, 0.992156863, 0.53725493, 0.752941191
vb0[934]+000 TEXCOORD1: 0.807843149, 0.992156863, 0.53725493, 0.752941191
vb0[934]+000 TEXCOORD2: 0.807843149, 0.992156863, 0.53725493, 0.752941191
vb0[934]+000 TEXCOORD3: 0.807843149, 0.992156863, 0.53725493, 0.752941191
vb0[934]+024 TANGENT: 0, 0, -1, -1

vb0[935]+000 POSITION: -4.31223202, 0.607155323, 2.89945436
vb0[935]+012 NORMAL: -1, 0, 0
vb0[935]+000 COLOR: 0.807843149, 0.992156863, 0.53725493, 0.752941191
vb0[935]+000 TEXCOORD: 0.807843149, 0.992156863, 0.53725493, 0.752941191
vb0[935]+000 TEXCOORD1: 0.807843149, 0.992156863, 0.53725493, 0.752941191
vb0[935]+000 TEXCOORD2: 0.807843149, 0.992156863, 0.53725493, 0.752941191
vb0[935]+000 TEXCOORD3: 0.807843149, 0.992156863, 0.53725493, 0.752941191
vb0[935]+024 TANGENT: 0, 0, -1, -1

vb0[936]+000 POSITION: -4.31223202, 1.0843271, 0.680255175
vb0[936]+012 NORMAL: 0, 1.59887875e-07, -1
vb0[936]+000 COLOR: 0.807843149, 0.992156863, 0.53725493, 0.752941191
vb0[936]+000 TEXCOORD: 0.807843149, 0.992156863, 0.53725493, 0.752941191
vb0[936]+000 TEXCOORD1: 0.807843149, 0.992156863, 0.53725493, 0.752941191
vb0[936]+000 TEXCOORD2: 0.807843149, 0.992156863, 0.53725493, 0.752941191
vb0[936]+000 TEXCOORD3: 0.807843149, 0.992156863, 0.53725493, 0.752941191
vb0[936]+024 TANGENT: 1, 0, 0, -1

vb0[937]+000 POSITION: -2.09303045, 0.607155502, 0.680255115
vb0[937]+012 NORMAL: 0, 1.59887875e-07, -1
vb0[937]+000 COLOR: 0.211764708, 0.956862748, 0.0196078438, 0.752941191
vb0[937]+000 TEXCOORD: 0.211764708, 0.956862748, 0.0196078438, 0.752941191
vb0[937]+000 TEXCOORD1: 0.211764708, 0.956862748, 0.0196078438, 0.752941191
vb0[937]+000 TEXCOORD2: 0.211764708, 0.956862748, 0.0196078438, 0.752941191
vb0[937]+000 TEXCOORD3: 0.211764708, 0.956862748, 0.0196078438, 0.752941191
vb0[937]+024 TANGENT: 1, 0, 0, -1

vb0[938]+000 POSITION: -4.31223202, 0.607155502, 0.680255115
vb0[938]+012 NORMAL: 0, 1.59887861e-07, -1
vb0[938]+000 COLOR: 0.807843149, 0.992156863, 0.53725493, 0.752941191
vb0[938]+000 TEXCOORD: 0.807843149, 0.992156863, 0.53725493, 0.752941191
vb0[938]+000 TEXCOORD1: 0.807843149, 0.992156863, 0.53725493, 0.752941191
vb0[938]+000 TEXCOORD2: 0.807843149, 0.992156863, 0.53725493, 0.752941191
vb0[938]+000 TEXCOORD3: 0.807843149, 0.992156863, 0.53725493, 0.752941191
vb0[938]+024 TANGENT: 1, 0, 0, -1

vb0[939]+000 POSITION: -2.09303045, 1.0843271, 0.680255175
vb0[939]+012 NORMAL: 0, 1.59887861e-07, -1
vb0[939]+000 COLOR: 0.211764708, 0.956862748, 0.0196078438, 0.752941191
vb0[939]+000 TEXCOORD: 0.211764708, 0.956862748, 0.0196078438, 0.752941191
vb0[939]+000 TEXCOORD1: 0.211764708, 0.956862748, 0.0196078438, 0.752941191
vb0[939]+000 TEXCOORD2: 0.211764708, 0.956862748, 0.0196078438, 0.752941191
vb0[939]+000 TEXCOORD3: 0.211764708, 0.956862748, 0.0196078438, 0.752941191
vb0[939]+024 TANGENT: 1, 0, 0, -1

vb0[940]+000 POSITION: -4.07313776, 1.85294533, 2.6716888
vb0[940]+012 NORMAL: 0, 0, 1
vb0[940]+000 COLOR: 0.145098045, 0.34117648, 0.509803951, 0.752941191
vb0[940]+000 TEXCOORD: 0.145098045, 0.34117648, 0.509803951, 0.752941191
vb0[940]+000 TEXCOORD1: 0.145098045, 0.34117648, 0.509803951, 0.752941191
vb0[940]+000 TEXCOORD2: 0.145098045, 0.34117648, 0.509803951, 0.752941191
vb0[940]+000 TEXCOORD3: 0.145098045, 0.34117648, 0.509803951, 0.752941191
vb0[940]+024 TANGENT: -1, 0, 0, -1

vb0[941]+000 POSITION: -2.28905582, 1.0843271, 2.6716888
vb0[941]+012 NORMAL: 0, 0, 1
vb0[941]+000 COLOR: 0.894117653, 0.498039216, 0.0705882385, 0.752941191
vb0[941]+000 TEXCOORD: 0.894117653, 0.498039216, 0.0705882385, 0.752941191
vb0[941]+000 TEXCOORD1: 0.894117653, 0.498039216, 0.0705882385, 0.752941191
vb0[941]+000 TEXCOORD2: 0.894117653, 0.498039216, 0.0705882385, 0.752941191
vb0[941]+000 TEXCOORD3: 0.894117653, 0.498039216, 0.0705882385, 0.752941191
vb0[941]+024 TANGENT: -1, 0, 0, -1

vb0[942]+000 POSITION: -2.28905582, 1.85294533, 2.6716888
vb0[942]+012 NORMAL: 0, 0, 1
vb0[942]+000 COLOR: 0.894117653, 0.498039216, 0.0705882385, 0.752941191
vb0[942]+000 TEXCOORD: 0.894117653, 0.498039216, 0.0705882385, 0.752941191
vb0[942]+000 TEXCOORD1: 0.894117653, 0.498039216, 0.0705882385, 0.752941191
vb0[942]+000 TEXCOORD2: 0.894117653, 0.498039216, 0.0705882385, 0.752941191
vb0[942]+000 TEXCOORD3: 0.894117653, 0.498039216, 0.0705882385, 0.752941191
vb0[942]+024 TANGENT: -1, 0, 0, -1

vb0[943]+000 POSITION: -4.07313776, 1.0843271, 2.6716888
vb0[943]+012 NORMAL: 0, 0, 1
vb0[943]+000 COLOR: 0.145098045, 0.34117648, 0.509803951, 0.752941191
vb0[943]+000 TEXCOORD: 0.145098045, 0.34117648, 0.509803951, 0.752941191
vb0[943]+000 TEXCOORD1: 0.145098045, 0.34117648, 0.509803951, 0.752941191
vb0[943]+000 TEXCOORD2: 0.145098045, 0.34117648, 0.509803951, 0.752941191
vb0[943]+000 TEXCOORD3: 0.145098045, 0.34117648, 0.509803951, 0.752941191
vb0[943]+024 TANGENT: -1, 0, 0, -1

vb0[944]+000 POSITION: -2.28905582, 1.85294533, 2.6716888
vb0[944]+012 NORMAL: 1, 0, 0
vb0[944]+000 COLOR: 0.894117653, 0.498039216, 0.0705882385, 0.752941191
vb0[944]+000 TEXCOORD: 0.894117653, 0.498039216, 0.0705882385, 0.752941191
vb0[944]+000 TEXCOORD1: 0.894117653, 0.498039216, 0.0705882385, 0.752941191
vb0[944]+000 TEXCOORD2: 0.894117653, 0.498039216, 0.0705882385, 0.752941191
vb0[944]+000 TEXCOORD3: 0.894117653, 0.498039216, 0.0705882385, 0.752941191
vb0[944]+024 TANGENT: 0, 0, 1, -1

vb0[945]+000 POSITION: -2.28905582, 1.08432734, 0.914442778
vb0[945]+012 NORMAL: 1, 0, 0
vb0[945]+000 COLOR: 0.894117653, 0.498039216, 0.0705882385, 0.752941191
vb0[945]+000 TEXCOORD: 0.894117653, 0.498039216, 0.0705882385, 0.752941191
vb0[945]+000 TEXCOORD1: 0.894117653, 0.498039216, 0.0705882385, 0.752941191
vb0[945]+000 TEXCOORD2: 0.894117653, 0.498039216, 0.0705882385, 0.752941191
vb0[945]+000 TEXCOORD3: 0.894117653, 0.498039216, 0.0705882385, 0.752941191
vb0[945]+024 TANGENT: 0, 0, 1, -1

vb0[946]+000 POSITION: -2.28905582, 1.85294533, 0.914442778
vb0[946]+012 NORMAL: 1, 0, 0
vb0[946]+000 COLOR: 0.894117653, 0.498039216, 0.0705882385, 0.752941191
vb0[946]+000 TEXCOORD: 0.894117653, 0.498039216, 0.0705882385, 0.752941191
vb0[946]+000 TEXCOORD1: 0.894117653, 0.498039216, 0.0705882385, 0.752941191
vb0[946]+000 TEXCOORD2: 0.894117653, 0.498039216, 0.0705882385, 0.752941191
vb0[946]+000 TEXCOORD3: 0.894117653, 0.498039216, 0.0705882385, 0.752941191
vb0[946]+024 TANGENT: 0, 0, 1, -1

vb0[947]+000 POSITION: -2.28905582, 1.0843271, 2.6716888
vb0[947]+012 NORMAL: 1, 0, 0
vb0[947]+000 COLOR: 0.894117653, 0.498039216, 0.0705882385, 0.752941191
vb0[947]+000 TEXCOORD: 0.894117653, 0.498039216, 0.0705882385, 0.752941191
vb0[947]+000 TEXCOORD1: 0.894117653, 0.498039216, 0.0705882385, 0.752941191
vb0[947]+000 TEXCOORD2: 0.894117653, 0.498039216, 0.0705882385, 0.752941191
vb0[947]+000 TEXCOORD3: 0.894117653, 0.498039216, 0.0705882385, 0.752941191
vb0[947]+024 TANGENT: 0, 0, 1, -1

vb0[948]+000 POSITION: -4.07313776, 1.85294533, 0.914442778
vb0[948]+012 NORMAL: -1, 0, 0
vb0[948]+000 COLOR: 0.145098045, 0.34117648, 0.509803951, 0.752941191
vb0[948]+000 TEXCOORD: 0.145098045, 0.34117648, 0.509803951, 0.752941191
vb0[948]+000 TEXCOORD1: 0.145098045, 0.34117648, 0.509803951, 0.752941191
vb0[948]+000 TEXCOORD2: 0.145098045, 0.34117648, 0.509803951, 0.752941191
vb0[948]+000 TEXCOORD3: 0.145098045, 0.34117648, 0.509803951, 0.752941191
vb0[948]+024 TANGENT: 0, 0, -1, -1

vb0[949]+000 POSITION: -4.07313776, 1.0843271, 2.6716888
vb0[949]+012 NORMAL: -1, 0, 0
vb0[949]+000 COLOR: 0.145098045, 0.34117648, 0.509803951, 0.752941191
vb0[949]+000 TEXCOORD: 0.145098045, 0.34117648, 0.509803951, 0.752941191
vb0[949]+000 TEXCOORD1: 0.145098045, 0.34117648, 0.509803951, 0.752941191
vb0[949]+000 TEXCOORD2: 0.145098045, 0.34117648, 0.509803951, 0.752941191
vb0[949]+000 TEXCOORD3: 0.145098045, 0.34117648, 0.509803951, 0.752941191
vb0[949]+024 TANGENT: 0, 0, -1, -1

vb0[950]+000 POSITION: -4.07313776, 1.85294533, 2.6716888
vb0[950]+012 NORMAL: -1, 0, 0
vb0[950]+000 COLOR: 0.145098045, 0.34117648, 0.509803951, 0.752941191
vb0[950]+000 TEXCOORD: 0.145098045, 0.34117648, 0.509803951, 0.752941191
vb0[950]+000 TEXCOORD1: 0.145098045, 0.34117648, 0.509803951, 0.752941191
vb0[950]+000 TEXCOORD2: 0.145098045, 0.34117648, 0.509803951, 0.752941191
vb0[950]+000 TEXCOORD3: 0.145098045, 0.34117648, 0.509803951, 0.752941191
vb0[950]+024 TANGENT: 0, 0, -1, -1

vb0[951]+000 POSITION: -4.07313776, 1.08432734, 0.914442778
vb0[951]+012 NORMAL: -1, 0, 0
vb0[951]+000 COLOR: 0.145098045, 0.34117648, 0.509803951, 0.752941191
vb0[951]+000 TEXCOORD: 0.145098045, 0.34117648, 0.509803951, 0.752941191
vb0[951]+000 TEXCOORD1: 0.145098045, 0.34117648, 0.509803951, 0.752941191
vb0[951]+000 TEXCOORD2: 0.145098045, 0.34117648, 0.509803951, 0.752941191
vb0[951]+000 TEXCOORD3: 0.145098045, 0.34117648, 0.509803951, 0.752941191
vb0[951]+024 TANGENT: 0, 0, -1, -1

vb0[952]+000 POSITION: -2.28905582, 1.08432734, 0.914442778
vb0[952]+012 NORMAL: 0, 0, -1
vb0[952]+000 COLOR: 0.894117653, 0.498039216, 0.0705882385, 0.752941191
vb0[952]+000 TEXCOORD: 0.894117653, 0.498039216, 0.0705882385, 0.752941191
vb0[952]+000 TEXCOORD1: 0.894117653, 0.498039216, 0.0705882385, 0.752941191
vb0[952]+000 TEXCOORD2: 0.894117653, 0.498039216, 0.0705882385, 0.752941191
vb0[952]+000 TEXCOORD3: 0.894117653, 0.498039216, 0.0705882385, 0.752941191
vb0[952]+024 TANGENT: 1, 0, 0, -1

vb0[953]+000 POSITION: -4.07313776, 1.85294533, 0.914442778
vb0[953]+012 NORMAL: 0, 0, -1
vb0[953]+000 COLOR: 0.145098045, 0.34117648, 0.509803951, 0.752941191
vb0[953]+000 TEXCOORD: 0.145098045, 0.34117648, 0.509803951, 0.752941191
vb0[953]+000 TEXCOORD1: 0.145098045, 0.34117648, 0.509803951, 0.752941191
vb0[953]+000 TEXCOORD2: 0.145098045, 0.34117648, 0.509803951, 0.752941191
vb0[953]+000 TEXCOORD3: 0.145098045, 0.34117648, 0.509803951, 0.752941191
vb0[953]+024 TANGENT: 1, 0, 0, -1

vb0[954]+000 POSITION: -2.28905582, 1.85294533, 0.914442778
vb0[954]+012 NORMAL: 0, 0, -1
vb0[954]+000 COLOR: 0.894117653, 0.498039216, 0.0705882385, 0.752941191
vb0[954]+000 TEXCOORD: 0.894117653, 0.498039216, 0.0705882385, 0.752941191
vb0[954]+000 TEXCOORD1: 0.894117653, 0.498039216, 0.0705882385, 0.752941191
vb0[954]+000 TEXCOORD2: 0.894117653, 0.498039216, 0.0705882385, 0.752941191
vb0[954]+000 TEXCOORD3: 0.894117653, 0.498039216, 0.0705882385, 0.752941191
vb0[954]+024 TANGENT: 1, 0, 0, -1

vb0[955]+000 POSITION: -4.07313776, 1.08432734, 0.914442778
vb0[955]+012 NORMAL: 0, 0, -1
vb0[955]+000 COLOR: 0.145098045, 0.34117648, 0.509803951, 0.752941191
vb0[955]+000 TEXCOORD: 0.145098045, 0.34117648, 0.509803951, 0.752941191
vb0[955]+000 TEXCOORD1: 0.145098045, 0.34117648, 0.509803951, 0.752941191
vb0[955]+000 TEXCOORD2: 0.145098045, 0.34117648, 0.509803951, 0.752941191
vb0[955]+000 TEXCOORD3: 0.145098045, 0.34117648, 0.509803951, 0.752941191
vb0[955]+024 TANGENT: 1, 0, 0, -1

vb0[956]+000 POSITION: -4.07313776, 1.85294533, 2.6716888
vb0[956]+012 NORMAL: 0, 0.808357418, 0.58869189
vb0[956]+000 COLOR: 0.145098045, 0.34117648, 0.509803951, 0.752941191
vb0[956]+000 TEXCOORD: 0.145098045, 0.34117648, 0.509803951, 0.752941191
vb0[956]+000 TEXCOORD1: 0.145098045, 0.34117648, 0.509803951, 0.752941191
vb0[956]+000 TEXCOORD2: 0.145098045, 0.34117648, 0.509803951, 0.752941191
vb0[956]+000 TEXCOORD3: 0.145098045, 0.34117648, 0.509803951, 0.752941191
vb0[956]+024 TANGENT: -1, 0, 0, -1

vb0[957]+000 POSITION: -2.50965929, 1.99412549, 2.4778285
vb0[957]+012 NORMAL: 0, 0.808357537, 0.58869195
vb0[957]+000 COLOR: 0.258823544, 0.619607866, 0.125490203, 0.752941191
vb0[957]+000 TEXCOORD: 0.258823544, 0.619607866, 0.125490203, 0.752941191
vb0[957]+000 TEXCOORD1: 0.258823544, 0.619607866, 0.125490203, 0.752941191
vb0[957]+000 TEXCOORD2: 0.258823544, 0.619607866, 0.125490203, 0.752941191
vb0[957]+000 TEXCOORD3: 0.258823544, 0.619607866, 0.125490203, 0.752941191
vb0[957]+024 TANGENT: -1, 0, 0, -1

vb0[958]+000 POSITION: -3.83977723, 1.99412549, 2.4778285
vb0[958]+012 NORMAL: 0, 0.808357537, 0.58869189
vb0[958]+000 COLOR: 0.913725495, 0.745098054, 0.458823532, 0.752941191
vb0[958]+000 TEXCOORD: 0.913725495, 0.745098054, 0.458823532, 0.752941191
vb0[958]+000 TEXCOORD1: 0.913725495, 0.745098054, 0.458823532, 0.752941191
vb0[958]+000 TEXCOORD2: 0.913725495, 0.745098054, 0.458823532, 0.752941191
vb0[958]+000 TEXCOORD3: 0.913725495, 0.745098054, 0.458823532, 0.752941191
vb0[958]+024 TANGENT: -1, 0, 0, -1

vb0[959]+000 POSITION: -2.28905582, 1.85294533, 2.6716888
vb0[959]+012 NORMAL: 0, 0.808357418, 0.58869189
vb0[959]+000 COLOR: 0.894117653, 0.498039216, 0.0705882385, 0.752941191
vb0[959]+000 TEXCOORD: 0.894117653, 0.498039216, 0.0705882385, 0.752941191
vb0[959]+000 TEXCOORD1: 0.894117653, 0.498039216, 0.0705882385, 0.752941191
vb0[959]+000 TEXCOORD2: 0.894117653, 0.498039216, 0.0705882385, 0.752941191
vb0[959]+000 TEXCOORD3: 0.894117653, 0.498039216, 0.0705882385, 0.752941191
vb0[959]+024 TANGENT: -1, 0, 0, -1

vb0[960]+000 POSITION: -2.28905582, 1.85294533, 2.6716888
vb0[960]+012 NORMAL: 0.53903693, 0.842282176, 0
vb0[960]+000 COLOR: 0.894117653, 0.498039216, 0.0705882385, 0.752941191
vb0[960]+000 TEXCOORD: 0.894117653, 0.498039216, 0.0705882385, 0.752941191
vb0[960]+000 TEXCOORD1: 0.894117653, 0.498039216, 0.0705882385, 0.752941191
vb0[960]+000 TEXCOORD2: 0.894117653, 0.498039216, 0.0705882385, 0.752941191
vb0[960]+000 TEXCOORD3: 0.894117653, 0.498039216, 0.0705882385, 0.752941191
vb0[960]+024 TANGENT: 0, 0, 1, -1

vb0[961]+000 POSITION: -2.50965929, 1.9941256, 1.15418947
vb0[961]+012 NORMAL: 0.539037228, 0.842281878, 0
vb0[961]+000 COLOR: 0.258823544, 0.619607866, 0.125490203, 0.752941191
vb0[961]+000 TEXCOORD: 0.258823544, 0.619607866, 0.125490203, 0.752941191
vb0[961]+000 TEXCOORD1: 0.258823544, 0.619607866, 0.125490203, 0.752941191
vb0[961]+000 TEXCOORD2: 0.258823544, 0.619607866, 0.125490203, 0.752941191
vb0[961]+000 TEXCOORD3: 0.258823544, 0.619607866, 0.125490203, 0.752941191
vb0[961]+024 TANGENT: 0, 0, 1, -1

vb0[962]+000 POSITION: -2.50965929, 1.99412549, 2.4778285
vb0[962]+012 NORMAL: 0.53903681, 0.842282236, 0
vb0[962]+000 COLOR: 0.258823544, 0.619607866, 0.125490203, 0.752941191
vb0[962]+000 TEXCOORD: 0.258823544, 0.619607866, 0.125490203, 0.752941191
vb0[962]+000 TEXCOORD1: 0.258823544, 0.619607866, 0.125490203, 0.752941191
vb0[962]+000 TEXCOORD2: 0.258823544, 0.619607866, 0.125490203, 0.752941191
vb0[962]+000 TEXCOORD3: 0.258823544, 0.619607866, 0.125490203, 0.752941191
vb0[962]+024 TANGENT: 0, 0, 1, -1

vb0[963]+000 POSITION: -2.28905582, 1.85294533, 0.914442778
vb0[963]+012 NORMAL: 0.539037287, 0.842281878, 0
vb0[963]+000 COLOR: 0.894117653, 0.498039216, 0.0705882385, 0.752941191
vb0[963]+000 TEXCOORD: 0.894117653, 0.498039216, 0.0705882385, 0.752941191
vb0[963]+000 TEXCOORD1: 0.894117653, 0.498039216, 0.0705882385, 0.752941191
vb0[963]+000 TEXCOORD2: 0.894117653, 0.498039216, 0.0705882385, 0.752941191
vb0[963]+000 TEXCOORD3: 0.894117653, 0.498039216, 0.0705882385, 0.752941191
vb0[963]+024 TANGENT: 0, 0, 1, -1

vb0[964]+000 POSITION: -2.28905582, 1.85294533, 0.914442778
vb0[964]+012 NORMAL: 0, 0.861694157, -0.50742805
vb0[964]+000 COLOR: 0.894117653, 0.498039216, 0.0705882385, 0.752941191
vb0[964]+000 TEXCOORD: 0.894117653, 0.498039216, 0.0705882385, 0.752941191
vb0[964]+000 TEXCOORD1: 0.894117653, 0.498039216, 0.0705882385, 0.752941191
vb0[964]+000 TEXCOORD2: 0.894117653, 0.498039216, 0.0705882385, 0.752941191
vb0[964]+000 TEXCOORD3: 0.894117653, 0.498039216, 0.0705882385, 0.752941191
vb0[964]+024 TANGENT: 1, 0, 0, -1

vb0[965]+000 POSITION: -3.83977723, 1.9941256, 1.15418947
vb0[965]+012 NORMAL: 0, 0.861694157, -0.50742811
vb0[965]+000 COLOR: 0.913725495, 0.745098054, 0.458823532, 0.752941191
vb0[965]+000 TEXCOORD: 0.913725495, 0.745098054, 0.458823532, 0.752941191
vb0[965]+000 TEXCOORD1: 0.913725495, 0.745098054, 0.458823532, 0.752941191
vb0[965]+000 TEXCOORD2: 0.913725495, 0.745098054, 0.458823532, 0.752941191
vb0[965]+000 TEXCOORD3: 0.913725495, 0.745098054, 0.458823532, 0.752941191
vb0[965]+024 TANGENT: 1, 0, 0, -1

vb0[966]+000 POSITION: -2.50965929, 1.9941256, 1.15418947
vb0[966]+012 NORMAL: 0, 0.861694157, -0.50742811
vb0[966]+000 COLOR: 0.258823544, 0.619607866, 0.125490203, 0.752941191
vb0[966]+000 TEXCOORD: 0.258823544, 0.619607866, 0.125490203, 0.752941191
vb0[966]+000 TEXCOORD1: 0.258823544, 0.619607866, 0.125490203, 0.752941191
vb0[966]+000 TEXCOORD2: 0.258823544, 0.619607866, 0.125490203, 0.752941191
vb0[966]+000 TEXCOORD3: 0.258823544, 0.619607866, 0.125490203, 0.752941191
vb0[966]+024 TANGENT: 1, 0, 0, -1

vb0[967]+000 POSITION: -4.07313776, 1.85294533, 0.914442778
vb0[967]+012 NORMAL: 0, 0.861694157, -0.507428169
vb0[967]+000 COLOR: 0.145098045, 0.34117648, 0.509803951, 0.752941191
vb0[967]+000 TEXCOORD: 0.145098045, 0.34117648, 0.509803951, 0.752941191
vb0[967]+000 TEXCOORD1: 0.145098045, 0.34117648, 0.509803951, 0.752941191
vb0[967]+000 TEXCOORD2: 0.145098045, 0.34117648, 0.509803951, 0.752941191
vb0[967]+000 TEXCOORD3: 0.145098045, 0.34117648, 0.509803951, 0.752941191
vb0[967]+024 TANGENT: 1, 0, 0, -1

vb0[968]+000 POSITION: -4.07313776, 1.85294533, 0.914442778
vb0[968]+012 NORMAL: -0.5176301, 0.855604529, 0
vb0[968]+000 COLOR: 0.145098045, 0.34117648, 0.509803951, 0.752941191
vb0[968]+000 TEXCOORD: 0.145098045, 0.34117648, 0.509803951, 0.752941191
vb0[968]+000 TEXCOORD1: 0.145098045, 0.34117648, 0.509803951, 0.752941191
vb0[968]+000 TEXCOORD2: 0.145098045, 0.34117648, 0.509803951, 0.752941191
vb0[968]+000 TEXCOORD3: 0.145098045, 0.34117648, 0.509803951, 0.752941191
vb0[968]+024 TANGENT: 0, 0, -1, -1

vb0[969]+000 POSITION: -3.83977723, 1.99412549, 2.4778285
vb0[969]+012 NORMAL: -0.517629743, 0.855604708, 0
vb0[969]+000 COLOR: 0.913725495, 0.745098054, 0.458823532, 0.752941191
vb0[969]+000 TEXCOORD: 0.913725495, 0.745098054, 0.458823532, 0.752941191
vb0[969]+000 TEXCOORD1: 0.913725495, 0.745098054, 0.458823532, 0.752941191
vb0[969]+000 TEXCOORD2: 0.913725495, 0.745098054, 0.458823532, 0.752941191
vb0[969]+000 TEXCOORD3: 0.913725495, 0.745098054, 0.458823532, 0.752941191
vb0[969]+024 TANGENT: 0, 0, -1, -1

vb0[970]+000 POSITION: -3.83977723, 1.9941256, 1.15418947
vb0[970]+012 NORMAL: -0.517630219, 0.85560447, 0
vb0[970]+000 COLOR: 0.913725495, 0.745098054, 0.458823532, 0.752941191
vb0[970]+000 TEXCOORD: 0.913725495, 0.745098054, 0.458823532, 0.752941191
vb0[970]+000 TEXCOORD1: 0.913725495, 0.745098054, 0.458823532, 0.752941191
vb0[970]+000 TEXCOORD2: 0.913725495, 0.745098054, 0.458823532, 0.752941191
vb0[970]+000 TEXCOORD3: 0.913725495, 0.745098054, 0.458823532, 0.752941191
vb0[970]+024 TANGENT: 0, 0, -1, -1

vb0[971]+000 POSITION: -4.07313776, 1.85294533, 2.6716888
vb0[971]+012 NORMAL: -0.517629743, 0.855604708, 0
vb0[971]+000 COLOR: 0.145098045, 0.34117648, 0.509803951, 0.752941191
vb0[971]+000 TEXCOORD: 0.145098045, 0.34117648, 0.509803951, 0.752941191
vb0[971]+000 TEXCOORD1: 0.145098045, 0.34117648, 0.509803951, 0.752941191
vb0[971]+000 TEXCOORD2: 0.145098045, 0.34117648, 0.509803951, 0.752941191
vb0[971]+000 TEXCOORD3: 0.145098045, 0.34117648, 0.509803951, 0.752941191
vb0[971]+024 TANGENT: 0, 0, -1, -1

vb0[972]+000 POSITION: -4.2152667, 7.28769064, 2.89096284
vb0[972]+012 NORMAL: 0, 1, 2.87724504e-07
vb0[972]+000 COLOR: 0.466666669, 0.890196085, 0.525490224, 0.752941191
vb0[972]+000 TEXCOORD: 0.466666669, 0.890196085, 0.525490224, 0.752941191
vb0[972]+000 TEXCOORD1: 0.466666669, 0.890196085, 0.525490224, 0.752941191
vb0[972]+000 TEXCOORD2: 0.466666669, 0.890196085, 0.525490224, 0.752941191
vb0[972]+000 TEXCOORD3: 0.466666669, 0.890196085, 0.525490224, 0.752941191
vb0[972]+024 TANGENT: -1, 0, 0, -1

vb0[973]+000 POSITION: -2.11659002, 7.28769159, 0.770448923
vb0[973]+012 NORMAL: 0.721920729, 0.691458344, 0.0267548691
vb0[973]+000 COLOR: 0.211764708, 0.4627451, 0.0274509806, 0.752941191
vb0[973]+000 TEXCOORD: 0.211764708, 0.4627451, 0.0274509806, 0.752941191
vb0[973]+000 TEXCOORD1: 0.211764708, 0.4627451, 0.0274509806, 0.752941191
vb0[973]+000 TEXCOORD2: 0.211764708, 0.4627451, 0.0274509806, 0.752941191
vb0[973]+000 TEXCOORD3: 0.211764708, 0.4627451, 0.0274509806, 0.752941191
vb0[973]+024 TANGENT: -0.691975713, 0.721380949, 0.0279125292, -1

vb0[974]+000 POSITION: -4.2152667, 7.28769159, 0.770448923
vb0[974]+012 NORMAL: 0, 1, 2.87831881e-07
vb0[974]+000 COLOR: 0.466666669, 0.890196085, 0.525490224, 0.752941191
vb0[974]+000 TEXCOORD: 0.466666669, 0.890196085, 0.525490224, 0.752941191
vb0[974]+000 TEXCOORD1: 0.466666669, 0.890196085, 0.525490224, 0.752941191
vb0[974]+000 TEXCOORD2: 0.466666669, 0.890196085, 0.525490224, 0.752941191
vb0[974]+000 TEXCOORD3: 0.466666669, 0.890196085, 0.525490224, 0.752941191
vb0[974]+024 TANGENT: -1, 0, 0, -1

vb0[975]+000 POSITION: -2.19523311, 7.28769064, 2.89247632
vb0[975]+012 NORMAL: 0.70347017, 0.710514605, 0.0172852352
vb0[975]+000 COLOR: 0.701960802, 0.494117647, 0.0470588244, 0.752941191
vb0[975]+000 TEXCOORD: 0.701960802, 0.494117647, 0.0470588244, 0.752941191
vb0[975]+000 TEXCOORD1: 0.701960802, 0.494117647, 0.0470588244, 0.752941191
vb0[975]+000 TEXCOORD2: 0.701960802, 0.494117647, 0.0470588244, 0.752941191
vb0[975]+000 TEXCOORD3: 0.701960802, 0.494117647, 0.0470588244, 0.752941191
vb0[975]+024 TANGENT: -0.710724711, 0.70326215, 0.017108405, -1

vb0[976]+000 POSITION: -3.83977723, 1.99412549, 2.4778285
vb0[976]+012 NORMAL: 0, -0.000771563442, 0.999999762
vb0[976]+000 COLOR: 0.913725495, 0.745098054, 0.458823532, 0.752941191
vb0[976]+000 TEXCOORD: 0.913725495, 0.745098054, 0.458823532, 0.752941191
vb0[976]+000 TEXCOORD1: 0.913725495, 0.745098054, 0.458823532, 0.752941191
vb0[976]+000 TEXCOORD2: 0.913725495, 0.745098054, 0.458823532, 0.752941191
vb0[976]+000 TEXCOORD3: 0.913725495, 0.745098054, 0.458823532, 0.752941191
vb0[976]+024 TANGENT: -1, 0, 0, -1

vb0[977]+000 POSITION: -2.50907707, 2.44502854, 2.47817636
vb0[977]+012 NORMAL: 0, -0.0007715635, 0.999999762
vb0[977]+000 COLOR: 0.721568644, 0.580392182, 0.125490203, 0.752941191
vb0[977]+000 TEXCOORD: 0.721568644, 0.580392182, 0.125490203, 0.752941191
vb0[977]+000 TEXCOORD1: 0.721568644, 0.580392182, 0.125490203, 0.752941191
vb0[977]+000 TEXCOORD2: 0.721568644, 0.580392182, 0.125490203, 0.752941191
vb0[977]+000 TEXCOORD3: 0.721568644, 0.580392182, 0.125490203, 0.752941191
vb0[977]+024 TANGENT: -1, 0, 0, -1

vb0[978]+000 POSITION: -3.84011149, 2.44502854, 2.47817636
vb0[978]+012 NORMAL: 0, -0.0007715635, 0.999999762
vb0[978]+000 COLOR: 0.388235301, 0.768627465, 0.458823532, 0.752941191
vb0[978]+000 TEXCOORD: 0.388235301, 0.768627465, 0.458823532, 0.752941191
vb0[978]+000 TEXCOORD1: 0.388235301, 0.768627465, 0.458823532, 0.752941191
vb0[978]+000 TEXCOORD2: 0.388235301, 0.768627465, 0.458823532, 0.752941191
vb0[978]+000 TEXCOORD3: 0.388235301, 0.768627465, 0.458823532, 0.752941191
vb0[978]+024 TANGENT: -1, 0, 0, -1

vb0[979]+000 POSITION: -2.50965929, 1.99412549, 2.4778285
vb0[979]+012 NORMAL: 0, -0.0007715635, 0.999999762
vb0[979]+000 COLOR: 0.258823544, 0.619607866, 0.125490203, 0.752941191
vb0[979]+000 TEXCOORD: 0.258823544, 0.619607866, 0.125490203, 0.752941191
vb0[979]+000 TEXCOORD1: 0.258823544, 0.619607866, 0.125490203, 0.752941191
vb0[979]+000 TEXCOORD2: 0.258823544, 0.619607866, 0.125490203, 0.752941191
vb0[979]+000 TEXCOORD3: 0.258823544, 0.619607866, 0.125490203, 0.752941191
vb0[979]+024 TANGENT: -1, 0, 0, -1

vb0[980]+000 POSITION: -2.50965929, 1.99412549, 2.4778285
vb0[980]+012 NORMAL: 0.999999166, -0.00129135291, 0
vb0[980]+000 COLOR: 0.258823544, 0.619607866, 0.125490203, 0.752941191
vb0[980]+000 TEXCOORD: 0.258823544, 0.619607866, 0.125490203, 0.752941191
vb0[980]+000 TEXCOORD1: 0.258823544, 0.619607866, 0.125490203, 0.752941191
vb0[980]+000 TEXCOORD2: 0.258823544, 0.619607866, 0.125490203, 0.752941191
vb0[980]+000 TEXCOORD3: 0.258823544, 0.619607866, 0.125490203, 0.752941191
vb0[980]+024 TANGENT: 0, 0, 1, -1

vb0[981]+000 POSITION: -2.50907707, 2.44502854, 1.15412295
vb0[981]+012 NORMAL: 0.999999166, -0.00129135291, 0
vb0[981]+000 COLOR: 0.721568644, 0.580392182, 0.125490203, 0.752941191
vb0[981]+000 TEXCOORD: 0.721568644, 0.580392182, 0.125490203, 0.752941191
vb0[981]+000 TEXCOORD1: 0.721568644, 0.580392182, 0.125490203, 0.752941191
vb0[981]+000 TEXCOORD2: 0.721568644, 0.580392182, 0.125490203, 0.752941191
vb0[981]+000 TEXCOORD3: 0.721568644, 0.580392182, 0.125490203, 0.752941191
vb0[981]+024 TANGENT: 0, 0, 1, -1

vb0[982]+000 POSITION: -2.50907707, 2.44502854, 2.47817636
vb0[982]+012 NORMAL: 0.999999166, -0.00129135302, 0
vb0[982]+000 COLOR: 0.721568644, 0.580392182, 0.125490203, 0.752941191
vb0[982]+000 TEXCOORD: 0.721568644, 0.580392182, 0.125490203, 0.752941191
vb0[982]+000 TEXCOORD1: 0.721568644, 0.580392182, 0.125490203, 0.752941191
vb0[982]+000 TEXCOORD2: 0.721568644, 0.580392182, 0.125490203, 0.752941191
vb0[982]+000 TEXCOORD3: 0.721568644, 0.580392182, 0.125490203, 0.752941191
vb0[982]+024 TANGENT: 0, 0, 1, -1

vb0[983]+000 POSITION: -2.50965929, 1.9941256, 1.15418947
vb0[983]+012 NORMAL: 0.999999166, -0.00129135291, 0
vb0[983]+000 COLOR: 0.258823544, 0.619607866, 0.125490203, 0.752941191
vb0[983]+000 TEXCOORD: 0.258823544, 0.619607866, 0.125490203, 0.752941191
vb0[983]+000 TEXCOORD1: 0.258823544, 0.619607866, 0.125490203, 0.752941191
vb0[983]+000 TEXCOORD2: 0.258823544, 0.619607866, 0.125490203, 0.752941191
vb0[983]+000 TEXCOORD3: 0.258823544, 0.619607866, 0.125490203, 0.752941191
vb0[983]+024 TANGENT: 0, 0, 1, -1

vb0[984]+000 POSITION: -3.83977723, 1.9941256, 1.15418947
vb0[984]+012 NORMAL: -0.999999762, -0.000741783821, 0
vb0[984]+000 COLOR: 0.913725495, 0.745098054, 0.458823532, 0.752941191
vb0[984]+000 TEXCOORD: 0.913725495, 0.745098054, 0.458823532, 0.752941191
vb0[984]+000 TEXCOORD1: 0.913725495, 0.745098054, 0.458823532, 0.752941191
vb0[984]+000 TEXCOORD2: 0.913725495, 0.745098054, 0.458823532, 0.752941191
vb0[984]+000 TEXCOORD3: 0.913725495, 0.745098054, 0.458823532, 0.752941191
vb0[984]+024 TANGENT: 0, 0, -1, -1

vb0[985]+000 POSITION: -3.84011149, 2.44502854, 2.47817636
vb0[985]+012 NORMAL: -0.999999762, -0.000741783937, 0
vb0[985]+000 COLOR: 0.388235301, 0.768627465, 0.458823532, 0.752941191
vb0[985]+000 TEXCOORD: 0.388235301, 0.768627465, 0.458823532, 0.752941191
vb0[985]+000 TEXCOORD1: 0.388235301, 0.768627465, 0.458823532, 0.752941191
vb0[985]+000 TEXCOORD2: 0.388235301, 0.768627465, 0.458823532, 0.752941191
vb0[985]+000 TEXCOORD3: 0.388235301, 0.768627465, 0.458823532, 0.752941191
vb0[985]+024 TANGENT: 0, 0, -1, -1

vb0[986]+000 POSITION: -3.84011149, 2.44502854, 1.15412295
vb0[986]+012 NORMAL: -0.999999762, -0.000741783879, 0
vb0[986]+000 COLOR: 0.388235301, 0.768627465, 0.458823532, 0.752941191
vb0[986]+000 TEXCOORD: 0.388235301, 0.768627465, 0.458823532, 0.752941191
vb0[986]+000 TEXCOORD1: 0.388235301, 0.768627465, 0.458823532, 0.752941191
vb0[986]+000 TEXCOORD2: 0.388235301, 0.768627465, 0.458823532, 0.752941191
vb0[986]+000 TEXCOORD3: 0.388235301, 0.768627465, 0.458823532, 0.752941191
vb0[986]+024 TANGENT: 0, 0, -1, -1

vb0[987]+000 POSITION: -3.83977723, 1.99412549, 2.4778285
vb0[987]+012 NORMAL: -0.999999762, -0.000741783879, 0
vb0[987]+000 COLOR: 0.913725495, 0.745098054, 0.458823532, 0.752941191
vb0[987]+000 TEXCOORD: 0.913725495, 0.745098054, 0.458823532, 0.752941191
vb0[987]+000 TEXCOORD1: 0.913725495, 0.745098054, 0.458823532, 0.752941191
vb0[987]+000 TEXCOORD2: 0.913725495, 0.745098054, 0.458823532, 0.752941191
vb0[987]+000 TEXCOORD3: 0.913725495, 0.745098054, 0.458823532, 0.752941191
vb0[987]+024 TANGENT: 0, 0, -1, -1

vb0[988]+000 POSITION: -3.84011149, 2.44502854, 1.15412295
vb0[988]+012 NORMAL: 0, -0.000147544648, -1
vb0[988]+000 COLOR: 0.388235301, 0.768627465, 0.458823532, 0.752941191
vb0[988]+000 TEXCOORD: 0.388235301, 0.768627465, 0.458823532, 0.752941191
vb0[988]+000 TEXCOORD1: 0.388235301, 0.768627465, 0.458823532, 0.752941191
vb0[988]+000 TEXCOORD2: 0.388235301, 0.768627465, 0.458823532, 0.752941191
vb0[988]+000 TEXCOORD3: 0.388235301, 0.768627465, 0.458823532, 0.752941191
vb0[988]+024 TANGENT: 1, 0, 0, -1

vb0[989]+000 POSITION: -2.50965929, 1.9941256, 1.15418947
vb0[989]+012 NORMAL: 0, -0.000147544633, -1
vb0[989]+000 COLOR: 0.258823544, 0.619607866, 0.125490203, 0.752941191
vb0[989]+000 TEXCOORD: 0.258823544, 0.619607866, 0.125490203, 0.752941191
vb0[989]+000 TEXCOORD1: 0.258823544, 0.619607866, 0.125490203, 0.752941191
vb0[989]+000 TEXCOORD2: 0.258823544, 0.619607866, 0.125490203, 0.752941191
vb0[989]+000 TEXCOORD3: 0.258823544, 0.619607866, 0.125490203, 0.752941191
vb0[989]+024 TANGENT: 1, 0, 0, -1

vb0[990]+000 POSITION: -3.83977723, 1.9941256, 1.15418947
vb0[990]+012 NORMAL: 0, -0.000147544648, -1
vb0[990]+000 COLOR: 0.913725495, 0.745098054, 0.458823532, 0.752941191
vb0[990]+000 TEXCOORD: 0.913725495, 0.745098054, 0.458823532, 0.752941191
vb0[990]+000 TEXCOORD1: 0.913725495, 0.745098054, 0.458823532, 0.752941191
vb0[990]+000 TEXCOORD2: 0.913725495, 0.745098054, 0.458823532, 0.752941191
vb0[990]+000 TEXCOORD3: 0.913725495, 0.745098054, 0.458823532, 0.752941191
vb0[990]+024 TANGENT: 1, 0, 0, -1

vb0[991]+000 POSITION: -2.50907707, 2.44502854, 1.15412295
vb0[991]+012 NORMAL: 0, -0.000147544633, -1
vb0[991]+000 COLOR: 0.721568644, 0.580392182, 0.125490203, 0.752941191
vb0[991]+000 TEXCOORD: 0.721568644, 0.580392182, 0.125490203, 0.752941191
vb0[991]+000 TEXCOORD1: 0.721568644, 0.580392182, 0.125490203, 0.752941191
vb0[991]+000 TEXCOORD2: 0.721568644, 0.580392182, 0.125490203, 0.752941191
vb0[991]+000 TEXCOORD3: 0.721568644, 0.580392182, 0.125490203, 0.752941191
vb0[991]+024 TANGENT: 1, 0, 0, -1

vb0[992]+000 POSITION: -3.84011149, 2.44502854, 2.47817636
vb0[992]+012 NORMAL: 0, 0.427886754, 0.903832316
vb0[992]+000 COLOR: 0.388235301, 0.768627465, 0.458823532, 0.752941191
vb0[992]+000 TEXCOORD: 0.388235301, 0.768627465, 0.458823532, 0.752941191
vb0[992]+000 TEXCOORD1: 0.388235301, 0.768627465, 0.458823532, 0.752941191
vb0[992]+000 TEXCOORD2: 0.388235301, 0.768627465, 0.458823532, 0.752941191
vb0[992]+000 TEXCOORD3: 0.388235301, 0.768627465, 0.458823532, 0.752941191
vb0[992]+024 TANGENT: -1, 0, 0, -1

vb0[993]+000 POSITION: -2.60303044, 2.60940719, 2.40035725
vb0[993]+012 NORMAL: 0, 0.427886784, 0.903832316
vb0[993]+000 COLOR: 0.0509803928, 0.596078455, 0.149019614, 0.752941191
vb0[993]+000 TEXCOORD: 0.0509803928, 0.596078455, 0.149019614, 0.752941191
vb0[993]+000 TEXCOORD1: 0.0509803928, 0.596078455, 0.149019614, 0.752941191
vb0[993]+000 TEXCOORD2: 0.0509803928, 0.596078455, 0.149019614, 0.752941191
vb0[993]+000 TEXCOORD3: 0.0509803928, 0.596078455, 0.149019614, 0.752941191
vb0[993]+024 TANGENT: -1, 0, 0, -1

vb0[994]+000 POSITION: -3.73440981, 2.60940719, 2.40035725
vb0[994]+012 NORMAL: 0, 0.427886754, 0.903832316
vb0[994]+000 COLOR: 0.572549045, 0, 0.435294122, 0.752941191
vb0[994]+000 TEXCOORD: 0.572549045, 0, 0.435294122, 0.752941191
vb0[994]+000 TEXCOORD1: 0.572549045, 0, 0.435294122, 0.752941191
vb0[994]+000 TEXCOORD2: 0.572549045, 0, 0.435294122, 0.752941191
vb0[994]+000 TEXCOORD3: 0.572549045, 0, 0.435294122, 0.752941191
vb0[994]+024 TANGENT: -1, 0, 0, -1

vb0[995]+000 POSITION: -2.50907707, 2.44502854, 2.47817636
vb0[995]+012 NORMAL: 0, 0.427886784, 0.903832316
vb0[995]+000 COLOR: 0.721568644, 0.580392182, 0.125490203, 0.752941191
vb0[995]+000 TEXCOORD: 0.721568644, 0.580392182, 0.125490203, 0.752941191
vb0[995]+000 TEXCOORD1: 0.721568644, 0.580392182, 0.125490203, 0.752941191
vb0[995]+000 TEXCOORD2: 0.721568644, 0.580392182, 0.125490203, 0.752941191
vb0[995]+000 TEXCOORD3: 0.721568644, 0.580392182, 0.125490203, 0.752941191
vb0[995]+024 TANGENT: -1, 0, 0, -1

vb0[996]+000 POSITION: -2.50907707, 2.44502854, 2.47817636
vb0[996]+012 NORMAL: 0.868191957, 0.496228516, 0
vb0[996]+000 COLOR: 0.721568644, 0.580392182, 0.125490203, 0.752941191
vb0[996]+000 TEXCOORD: 0.721568644, 0.580392182, 0.125490203, 0.752941191
vb0[996]+000 TEXCOORD1: 0.721568644, 0.580392182, 0.125490203, 0.752941191
vb0[996]+000 TEXCOORD2: 0.721568644, 0.580392182, 0.125490203, 0.752941191
vb0[996]+000 TEXCOORD3: 0.721568644, 0.580392182, 0.125490203, 0.752941191
vb0[996]+024 TANGENT: 0, 0, 1, -1

vb0[997]+000 POSITION: -2.60303044, 2.60940719, 1.25428414
vb0[997]+012 NORMAL: 0.868191779, 0.496228725, 0
vb0[997]+000 COLOR: 0.0509803928, 0.596078455, 0.149019614, 0.752941191
vb0[997]+000 TEXCOORD: 0.0509803928, 0.596078455, 0.149019614, 0.752941191
vb0[997]+000 TEXCOORD1: 0.0509803928, 0.596078455, 0.149019614, 0.752941191
vb0[997]+000 TEXCOORD2: 0.0509803928, 0.596078455, 0.149019614, 0.752941191
vb0[997]+000 TEXCOORD3: 0.0509803928, 0.596078455, 0.149019614, 0.752941191
vb0[997]+024 TANGENT: 0, 0, 1, -1

vb0[998]+000 POSITION: -2.60303044, 2.60940719, 2.40035725
vb0[998]+012 NORMAL: 0.868191957, 0.496228486, 0
vb0[998]+000 COLOR: 0.0509803928, 0.596078455, 0.149019614, 0.752941191
vb0[998]+000 TEXCOORD: 0.0509803928, 0.596078455, 0.149019614, 0.752941191
vb0[998]+000 TEXCOORD1: 0.0509803928, 0.596078455, 0.149019614, 0.752941191
vb0[998]+000 TEXCOORD2: 0.0509803928, 0.596078455, 0.149019614, 0.752941191
vb0[998]+000 TEXCOORD3: 0.0509803928, 0.596078455, 0.149019614, 0.752941191
vb0[998]+024 TANGENT: 0, 0, 1, -1

vb0[999]+000 POSITION: -2.50907707, 2.44502854, 1.15412295
vb0[999]+012 NORMAL: 0.868191779, 0.496228784, 0
vb0[999]+000 COLOR: 0.721568644, 0.580392182, 0.125490203, 0.752941191
vb0[999]+000 TEXCOORD: 0.721568644, 0.580392182, 0.125490203, 0.752941191
vb0[999]+000 TEXCOORD1: 0.721568644, 0.580392182, 0.125490203, 0.752941191
vb0[999]+000 TEXCOORD2: 0.721568644, 0.580392182, 0.125490203, 0.752941191
vb0[999]+000 TEXCOORD3: 0.721568644, 0.580392182, 0.125490203, 0.752941191
vb0[999]+024 TANGENT: 0, 0, 1, -1

vb0[1000]+000 POSITION: -2.50907707, 2.44502854, 1.15412295
vb0[1000]+012 NORMAL: 0, 0.520343244, -0.853957236
vb0[1000]+000 COLOR: 0.721568644, 0.580392182, 0.125490203, 0.752941191
vb0[1000]+000 TEXCOORD: 0.721568644, 0.580392182, 0.125490203, 0.752941191
vb0[1000]+000 TEXCOORD1: 0.721568644, 0.580392182, 0.125490203, 0.752941191
vb0[1000]+000 TEXCOORD2: 0.721568644, 0.580392182, 0.125490203, 0.752941191
vb0[1000]+000 TEXCOORD3: 0.721568644, 0.580392182, 0.125490203, 0.752941191
vb0[1000]+024 TANGENT: 1, 0, 0, -1

vb0[1001]+000 POSITION: -3.73440981, 2.60940719, 1.25428414
vb0[1001]+012 NORMAL: 0, 0.520343244, -0.853957236
vb0[1001]+000 COLOR: 0.572549045, 0, 0.435294122, 0.752941191
vb0[1001]+000 TEXCOORD: 0.572549045, 0, 0.435294122, 0.752941191
vb0[1001]+000 TEXCOORD1: 0.572549045, 0, 0.435294122, 0.752941191
vb0[1001]+000 TEXCOORD2: 0.572549045, 0, 0.435294122, 0.752941191
vb0[1001]+000 TEXCOORD3: 0.572549045, 0, 0.435294122, 0.752941191
vb0[1001]+024 TANGENT: 1, 0, 0, -1

vb0[1002]+000 POSITION: -2.60303044, 2.60940719, 1.25428414
vb0[1002]+012 NORMAL: 0, 0.520343244, -0.853957236
vb0[1002]+000 COLOR: 0.0509803928, 0.596078455, 0.149019614, 0.752941191
vb0[1002]+000 TEXCOORD: 0.0509803928, 0.596078455, 0.149019614, 0.752941191
vb0[1002]+000 TEXCOORD1: 0.0509803928, 0.596078455, 0.149019614, 0.752941191
vb0[1002]+000 TEXCOORD2: 0.0509803928, 0.596078455, 0.149019614, 0.752941191
vb0[1002]+000 TEXCOORD3: 0.0509803928, 0.596078455, 0.149019614, 0.752941191
vb0[1002]+024 TANGENT: 1, 0, 0, -1

vb0[1003]+000 POSITION: -3.84011149, 2.44502854, 1.15412295
vb0[1003]+012 NORMAL: 0, 0.520343244, -0.853957236
vb0[1003]+000 COLOR: 0.388235301, 0.768627465, 0.458823532, 0.752941191
vb0[1003]+000 TEXCOORD: 0.388235301, 0.768627465, 0.458823532, 0.752941191
vb0[1003]+000 TEXCOORD1: 0.388235301, 0.768627465, 0.458823532, 0.752941191
vb0[1003]+000 TEXCOORD2: 0.388235301, 0.768627465, 0.458823532, 0.752941191
vb0[1003]+000 TEXCOORD3: 0.388235301, 0.768627465, 0.458823532, 0.752941191
vb0[1003]+024 TANGENT: 1, 0, 0, -1

vb0[1004]+000 POSITION: -3.84011149, 2.44502854, 1.15412295
vb0[1004]+012 NORMAL: -0.841108918, 0.540865839, 0
vb0[1004]+000 COLOR: 0.388235301, 0.768627465, 0.458823532, 0.752941191
vb0[1004]+000 TEXCOORD: 0.388235301, 0.768627465, 0.458823532, 0.752941191
vb0[1004]+000 TEXCOORD1: 0.388235301, 0.768627465, 0.458823532, 0.752941191
vb0[1004]+000 TEXCOORD2: 0.388235301, 0.768627465, 0.458823532, 0.752941191
vb0[1004]+000 TEXCOORD3: 0.388235301, 0.768627465, 0.458823532, 0.752941191
vb0[1004]+024 TANGENT: 0, 0, -1, -1

vb0[1005]+000 POSITION: -3.73440981, 2.60940719, 2.40035725
vb0[1005]+012 NORMAL: -0.841109097, 0.540865481, 0
vb0[1005]+000 COLOR: 0.572549045, 0, 0.435294122, 0.752941191
vb0[1005]+000 TEXCOORD: 0.572549045, 0, 0.435294122, 0.752941191
vb0[1005]+000 TEXCOORD1: 0.572549045, 0, 0.435294122, 0.752941191
vb0[1005]+000 TEXCOORD2: 0.572549045, 0, 0.435294122, 0.752941191
vb0[1005]+000 TEXCOORD3: 0.572549045, 0, 0.435294122, 0.752941191
vb0[1005]+024 TANGENT: 0, 0, -1, -1

vb0[1006]+000 POSITION: -3.73440981, 2.60940719, 1.25428414
vb0[1006]+012 NORMAL: -0.841108859, 0.540865839, 0
vb0[1006]+000 COLOR: 0.572549045, 0, 0.435294122, 0.752941191
vb0[1006]+000 TEXCOORD: 0.572549045, 0, 0.435294122, 0.752941191
vb0[1006]+000 TEXCOORD1: 0.572549045, 0, 0.435294122, 0.752941191
vb0[1006]+000 TEXCOORD2: 0.572549045, 0, 0.435294122, 0.752941191
vb0[1006]+000 TEXCOORD3: 0.572549045, 0, 0.435294122, 0.752941191
vb0[1006]+024 TANGENT: 0, 0, -1, -1

vb0[1007]+000 POSITION: -3.84011149, 2.44502854, 2.47817636
vb0[1007]+012 NORMAL: -0.841109097, 0.540865541, 0
vb0[1007]+000 COLOR: 0.388235301, 0.768627465, 0.458823532, 0.752941191
vb0[1007]+000 TEXCOORD: 0.388235301, 0.768627465, 0.458823532, 0.752941191
vb0[1007]+000 TEXCOORD1: 0.388235301, 0.768627465, 0.458823532, 0.752941191
vb0[1007]+000 TEXCOORD2: 0.388235301, 0.768627465, 0.458823532, 0.752941191
vb0[1007]+000 TEXCOORD3: 0.388235301, 0.768627465, 0.458823532, 0.752941191
vb0[1007]+024 TANGENT: 0, 0, -1, -1

vb0[1008]+000 POSITION: -3.73440981, 2.60940719, 2.40035725
vb0[1008]+012 NORMAL: 0, 0, 1
vb0[1008]+000 COLOR: 0.572549045, 0, 0.435294122, 0.752941191
vb0[1008]+000 TEXCOORD: 0.572549045, 0, 0.435294122, 0.752941191
vb0[1008]+000 TEXCOORD1: 0.572549045, 0, 0.435294122, 0.752941191
vb0[1008]+000 TEXCOORD2: 0.572549045, 0, 0.435294122, 0.752941191
vb0[1008]+000 TEXCOORD3: 0.572549045, 0, 0.435294122, 0.752941191
vb0[1008]+024 TANGENT: -1, 0, 0, -1

vb0[1009]+000 POSITION: -2.60303044, 4.3240037, 2.40035725
vb0[1009]+012 NORMAL: 0, 0, 1
vb0[1009]+000 COLOR: 0.0509803928, 0.596078455, 0.149019614, 0.752941191
vb0[1009]+000 TEXCOORD: 0.0509803928, 0.596078455, 0.149019614, 0.752941191
vb0[1009]+000 TEXCOORD1: 0.0509803928, 0.596078455, 0.149019614, 0.752941191
vb0[1009]+000 TEXCOORD2: 0.0509803928, 0.596078455, 0.149019614, 0.752941191
vb0[1009]+000 TEXCOORD3: 0.0509803928, 0.596078455, 0.149019614, 0.752941191
vb0[1009]+024 TANGENT: -1, 0, 0, -1

vb0[1010]+000 POSITION: -3.73440981, 4.3240037, 2.40035725
vb0[1010]+012 NORMAL: 0, 0, 1
vb0[1010]+000 COLOR: 0.572549045, 0, 0.435294122, 0.752941191
vb0[1010]+000 TEXCOORD: 0.572549045, 0, 0.435294122, 0.752941191
vb0[1010]+000 TEXCOORD1: 0.572549045, 0, 0.435294122, 0.752941191
vb0[1010]+000 TEXCOORD2: 0.572549045, 0, 0.435294122, 0.752941191
vb0[1010]+000 TEXCOORD3: 0.572549045, 0, 0.435294122, 0.752941191
vb0[1010]+024 TANGENT: -1, 0, 0, -1

vb0[1011]+000 POSITION: -2.60303044, 2.60940719, 2.40035725
vb0[1011]+012 NORMAL: 0, 0, 1
vb0[1011]+000 COLOR: 0.0509803928, 0.596078455, 0.149019614, 0.752941191
vb0[1011]+000 TEXCOORD: 0.0509803928, 0.596078455, 0.149019614, 0.752941191
vb0[1011]+000 TEXCOORD1: 0.0509803928, 0.596078455, 0.149019614, 0.752941191
vb0[1011]+000 TEXCOORD2: 0.0509803928, 0.596078455, 0.149019614, 0.752941191
vb0[1011]+000 TEXCOORD3: 0.0509803928, 0.596078455, 0.149019614, 0.752941191
vb0[1011]+024 TANGENT: -1, 0, 0, -1

vb0[1012]+000 POSITION: -2.60303044, 2.60940719, 2.40035725
vb0[1012]+012 NORMAL: 1, 0, 0
vb0[1012]+000 COLOR: 0.0509803928, 0.596078455, 0.149019614, 0.752941191
vb0[1012]+000 TEXCOORD: 0.0509803928, 0.596078455, 0.149019614, 0.752941191
vb0[1012]+000 TEXCOORD1: 0.0509803928, 0.596078455, 0.149019614, 0.752941191
vb0[1012]+000 TEXCOORD2: 0.0509803928, 0.596078455, 0.149019614, 0.752941191
vb0[1012]+000 TEXCOORD3: 0.0509803928, 0.596078455, 0.149019614, 0.752941191
vb0[1012]+024 TANGENT: 0, 0, 1, -1

vb0[1013]+000 POSITION: -2.60303044, 4.3240037, 1.25428414
vb0[1013]+012 NORMAL: 1, 0, 0
vb0[1013]+000 COLOR: 0.0509803928, 0.596078455, 0.149019614, 0.752941191
vb0[1013]+000 TEXCOORD: 0.0509803928, 0.596078455, 0.149019614, 0.752941191
vb0[1013]+000 TEXCOORD1: 0.0509803928, 0.596078455, 0.149019614, 0.752941191
vb0[1013]+000 TEXCOORD2: 0.0509803928, 0.596078455, 0.149019614, 0.752941191
vb0[1013]+000 TEXCOORD3: 0.0509803928, 0.596078455, 0.149019614, 0.752941191
vb0[1013]+024 TANGENT: 0, 0, 1, -1

vb0[1014]+000 POSITION: -2.60303044, 4.3240037, 2.40035725
vb0[1014]+012 NORMAL: 1, 0, 0
vb0[1014]+000 COLOR: 0.0509803928, 0.596078455, 0.149019614, 0.752941191
vb0[1014]+000 TEXCOORD: 0.0509803928, 0.596078455, 0.149019614, 0.752941191
vb0[1014]+000 TEXCOORD1: 0.0509803928, 0.596078455, 0.149019614, 0.752941191
vb0[1014]+000 TEXCOORD2: 0.0509803928, 0.596078455, 0.149019614, 0.752941191
vb0[1014]+000 TEXCOORD3: 0.0509803928, 0.596078455, 0.149019614, 0.752941191
vb0[1014]+024 TANGENT: 0, 0, 1, -1

vb0[1015]+000 POSITION: -2.60303044, 2.60940719, 1.25428414
vb0[1015]+012 NORMAL: 1, 0, 0
vb0[1015]+000 COLOR: 0.0509803928, 0.596078455, 0.149019614, 0.752941191
vb0[1015]+000 TEXCOORD: 0.0509803928, 0.596078455, 0.149019614, 0.752941191
vb0[1015]+000 TEXCOORD1: 0.0509803928, 0.596078455, 0.149019614, 0.752941191
vb0[1015]+000 TEXCOORD2: 0.0509803928, 0.596078455, 0.149019614, 0.752941191
vb0[1015]+000 TEXCOORD3: 0.0509803928, 0.596078455, 0.149019614, 0.752941191
vb0[1015]+024 TANGENT: 0, 0, 1, -1

vb0[1016]+000 POSITION: -2.60303044, 2.60940719, 1.25428414
vb0[1016]+012 NORMAL: 0, 0, -1
vb0[1016]+000 COLOR: 0.0509803928, 0.596078455, 0.149019614, 0.752941191
vb0[1016]+000 TEXCOORD: 0.0509803928, 0.596078455, 0.149019614, 0.752941191
vb0[1016]+000 TEXCOORD1: 0.0509803928, 0.596078455, 0.149019614, 0.752941191
vb0[1016]+000 TEXCOORD2: 0.0509803928, 0.596078455, 0.149019614, 0.752941191
vb0[1016]+000 TEXCOORD3: 0.0509803928, 0.596078455, 0.149019614, 0.752941191
vb0[1016]+024 TANGENT: 1, 0, 0, -1

vb0[1017]+000 POSITION: -3.73440981, 4.3240037, 1.25428414
vb0[1017]+012 NORMAL: 0, 0, -1
vb0[1017]+000 COLOR: 0.572549045, 0, 0.435294122, 0.752941191
vb0[1017]+000 TEXCOORD: 0.572549045, 0, 0.435294122, 0.752941191
vb0[1017]+000 TEXCOORD1: 0.572549045, 0, 0.435294122, 0.752941191
vb0[1017]+000 TEXCOORD2: 0.572549045, 0, 0.435294122, 0.752941191
vb0[1017]+000 TEXCOORD3: 0.572549045, 0, 0.435294122, 0.752941191
vb0[1017]+024 TANGENT: 1, 0, 0, -1

vb0[1018]+000 POSITION: -2.60303044, 4.3240037, 1.25428414
vb0[1018]+012 NORMAL: 0, 0, -1
vb0[1018]+000 COLOR: 0.0509803928, 0.596078455, 0.149019614, 0.752941191
vb0[1018]+000 TEXCOORD: 0.0509803928, 0.596078455, 0.149019614, 0.752941191
vb0[1018]+000 TEXCOORD1: 0.0509803928, 0.596078455, 0.149019614, 0.752941191
vb0[1018]+000 TEXCOORD2: 0.0509803928, 0.596078455, 0.149019614, 0.752941191
vb0[1018]+000 TEXCOORD3: 0.0509803928, 0.596078455, 0.149019614, 0.752941191
vb0[1018]+024 TANGENT: 1, 0, 0, -1

vb0[1019]+000 POSITION: -3.73440981, 2.60940719, 1.25428414
vb0[1019]+012 NORMAL: 0, 0, -1
vb0[1019]+000 COLOR: 0.572549045, 0, 0.435294122, 0.752941191
vb0[1019]+000 TEXCOORD: 0.572549045, 0, 0.435294122, 0.752941191
vb0[1019]+000 TEXCOORD1: 0.572549045, 0, 0.435294122, 0.752941191
vb0[1019]+000 TEXCOORD2: 0.572549045, 0, 0.435294122, 0.752941191
vb0[1019]+000 TEXCOORD3: 0.572549045, 0, 0.435294122, 0.752941191
vb0[1019]+024 TANGENT: 1, 0, 0, -1

vb0[1020]+000 POSITION: -3.73440981, 2.60940719, 1.25428414
vb0[1020]+012 NORMAL: -1, 0, 0
vb0[1020]+000 COLOR: 0.572549045, 0, 0.435294122, 0.752941191
vb0[1020]+000 TEXCOORD: 0.572549045, 0, 0.435294122, 0.752941191
vb0[1020]+000 TEXCOORD1: 0.572549045, 0, 0.435294122, 0.752941191
vb0[1020]+000 TEXCOORD2: 0.572549045, 0, 0.435294122, 0.752941191
vb0[1020]+000 TEXCOORD3: 0.572549045, 0, 0.435294122, 0.752941191
vb0[1020]+024 TANGENT: 0, 0, -1, -1

vb0[1021]+000 POSITION: -3.73440981, 4.3240037, 2.40035725
vb0[1021]+012 NORMAL: -1, 0, 0
vb0[1021]+000 COLOR: 0.572549045, 0, 0.435294122, 0.752941191
vb0[1021]+000 TEXCOORD: 0.572549045, 0, 0.435294122, 0.752941191
vb0[1021]+000 TEXCOORD1: 0.572549045, 0, 0.435294122, 0.752941191
vb0[1021]+000 TEXCOORD2: 0.572549045, 0, 0.435294122, 0.752941191
vb0[1021]+000 TEXCOORD3: 0.572549045, 0, 0.435294122, 0.752941191
vb0[1021]+024 TANGENT: 0, 0, -1, -1

vb0[1022]+000 POSITION: -3.73440981, 4.3240037, 1.25428414
vb0[1022]+012 NORMAL: -1, 0, 0
vb0[1022]+000 COLOR: 0.572549045, 0, 0.435294122, 0.752941191
vb0[1022]+000 TEXCOORD: 0.572549045, 0, 0.435294122, 0.752941191
vb0[1022]+000 TEXCOORD1: 0.572549045, 0, 0.435294122, 0.752941191
vb0[1022]+000 TEXCOORD2: 0.572549045, 0, 0.435294122, 0.752941191
vb0[1022]+000 TEXCOORD3: 0.572549045, 0, 0.435294122, 0.752941191
vb0[1022]+024 TANGENT: 0, 0, -1, -1

vb0[1023]+000 POSITION: -3.73440981, 2.60940719, 2.40035725
vb0[1023]+012 NORMAL: -1, 0, 0
vb0[1023]+000 COLOR: 0.572549045, 0, 0.435294122, 0.752941191
vb0[1023]+000 TEXCOORD: 0.572549045, 0, 0.435294122, 0.752941191
vb0[1023]+000 TEXCOORD1: 0.572549045, 0, 0.435294122, 0.752941191
vb0[1023]+000 TEXCOORD2: 0.572549045, 0, 0.435294122, 0.752941191
vb0[1023]+000 TEXCOORD3: 0.572549045, 0, 0.435294122, 0.752941191
vb0[1023]+024 TANGENT: 0, 0, -1, -1

vb0[1024]+000 POSITION: -3.73440981, 4.3240037, 2.40035725
vb0[1024]+012 NORMAL: 0, -0.804981828, 0.593299329
vb0[1024]+000 COLOR: 0.572549045, 0, 0.435294122, 0.752941191
vb0[1024]+000 TEXCOORD: 0.572549045, 0, 0.435294122, 0.752941191
vb0[1024]+000 TEXCOORD1: 0.572549045, 0, 0.435294122, 0.752941191
vb0[1024]+000 TEXCOORD2: 0.572549045, 0, 0.435294122, 0.752941191
vb0[1024]+000 TEXCOORD3: 0.572549045, 0, 0.435294122, 0.752941191
vb0[1024]+024 TANGENT: -1, 0, 0, -1

vb0[1025]+000 POSITION: -2.36447573, 4.50073338, 2.64014244
vb0[1025]+012 NORMAL: 0, -0.804981828, 0.593299448
vb0[1025]+000 COLOR: 0.572549045, 0.325490206, 0.0901960805, 0.752941191
vb0[1025]+000 TEXCOORD: 0.572549045, 0.325490206, 0.0901960805, 0.752941191
vb0[1025]+000 TEXCOORD1: 0.572549045, 0.325490206, 0.0901960805, 0.752941191
vb0[1025]+000 TEXCOORD2: 0.572549045, 0.325490206, 0.0901960805, 0.752941191
vb0[1025]+000 TEXCOORD3: 0.572549045, 0.325490206, 0.0901960805, 0.752941191
vb0[1025]+024 TANGENT: -1, 0, 0, -1

vb0[1026]+000 POSITION: -3.97345757, 4.50073338, 2.64014244
vb0[1026]+012 NORMAL: 0, -0.804981828, 0.593299448
vb0[1026]+000 COLOR: 0.129411772, 0.301960796, 0.494117647, 0.752941191
vb0[1026]+000 TEXCOORD: 0.129411772, 0.301960796, 0.494117647, 0.752941191
vb0[1026]+000 TEXCOORD1: 0.129411772, 0.301960796, 0.494117647, 0.752941191
vb0[1026]+000 TEXCOORD2: 0.129411772, 0.301960796, 0.494117647, 0.752941191
vb0[1026]+000 TEXCOORD3: 0.129411772, 0.301960796, 0.494117647, 0.752941191
vb0[1026]+024 TANGENT: -1, 0, 0, -1

vb0[1027]+000 POSITION: -2.60303044, 4.3240037, 2.40035725
vb0[1027]+012 NORMAL: 0, -0.804981828, 0.593299389
vb0[1027]+000 COLOR: 0.0509803928, 0.596078455, 0.149019614, 0.752941191
vb0[1027]+000 TEXCOORD: 0.0509803928, 0.596078455, 0.149019614, 0.752941191
vb0[1027]+000 TEXCOORD1: 0.0509803928, 0.596078455, 0.149019614, 0.752941191
vb0[1027]+000 TEXCOORD2: 0.0509803928, 0.596078455, 0.149019614, 0.752941191
vb0[1027]+000 TEXCOORD3: 0.0509803928, 0.596078455, 0.149019614, 0.752941191
vb0[1027]+024 TANGENT: -1, 0, 0, -1

vb0[1028]+000 POSITION: -2.60303044, 4.3240037, 2.40035725
vb0[1028]+012 NORMAL: 0.595277309, -0.803520262, 0
vb0[1028]+000 COLOR: 0.0509803928, 0.596078455, 0.149019614, 0.752941191
vb0[1028]+000 TEXCOORD: 0.0509803928, 0.596078455, 0.149019614, 0.752941191
vb0[1028]+000 TEXCOORD1: 0.0509803928, 0.596078455, 0.149019614, 0.752941191
vb0[1028]+000 TEXCOORD2: 0.0509803928, 0.596078455, 0.149019614, 0.752941191
vb0[1028]+000 TEXCOORD3: 0.0509803928, 0.596078455, 0.149019614, 0.752941191
vb0[1028]+024 TANGENT: 0, 0, 1, -1

vb0[1029]+000 POSITION: -2.36447573, 4.50073338, 1.02625203
vb0[1029]+012 NORMAL: 0.595277309, -0.803520262, 0
vb0[1029]+000 COLOR: 0.572549045, 0.325490206, 0.0901960805, 0.752941191
vb0[1029]+000 TEXCOORD: 0.572549045, 0.325490206, 0.0901960805, 0.752941191
vb0[1029]+000 TEXCOORD1: 0.572549045, 0.325490206, 0.0901960805, 0.752941191
vb0[1029]+000 TEXCOORD2: 0.572549045, 0.325490206, 0.0901960805, 0.752941191
vb0[1029]+000 TEXCOORD3: 0.572549045, 0.325490206, 0.0901960805, 0.752941191
vb0[1029]+024 TANGENT: 0, 0, 1, -1

vb0[1030]+000 POSITION: -2.36447573, 4.50073338, 2.64014244
vb0[1030]+012 NORMAL: 0.59527725, -0.803520381, 0
vb0[1030]+000 COLOR: 0.572549045, 0.325490206, 0.0901960805, 0.752941191
vb0[1030]+000 TEXCOORD: 0.572549045, 0.325490206, 0.0901960805, 0.752941191
vb0[1030]+000 TEXCOORD1: 0.572549045, 0.325490206, 0.0901960805, 0.752941191
vb0[1030]+000 TEXCOORD2: 0.572549045, 0.325490206, 0.0901960805, 0.752941191
vb0[1030]+000 TEXCOORD3: 0.572549045, 0.325490206, 0.0901960805, 0.752941191
vb0[1030]+024 TANGENT: 0, 0, 1, -1

vb0[1031]+000 POSITION: -2.60303044, 4.3240037, 1.25428414
vb0[1031]+012 NORMAL: 0.595277309, -0.803520262, 0
vb0[1031]+000 COLOR: 0.0509803928, 0.596078455, 0.149019614, 0.752941191
vb0[1031]+000 TEXCOORD: 0.0509803928, 0.596078455, 0.149019614, 0.752941191
vb0[1031]+000 TEXCOORD1: 0.0509803928, 0.596078455, 0.149019614, 0.752941191
vb0[1031]+000 TEXCOORD2: 0.0509803928, 0.596078455, 0.149019614, 0.752941191
vb0[1031]+000 TEXCOORD3: 0.0509803928, 0.596078455, 0.149019614, 0.752941191
vb0[1031]+024 TANGENT: 0, 0, 1, -1

vb0[1032]+000 POSITION: -2.60303044, 4.3240037, 1.25428414
vb0[1032]+012 NORMAL: 0, -0.790406525, -0.612582743
vb0[1032]+000 COLOR: 0.0509803928, 0.596078455, 0.149019614, 0.752941191
vb0[1032]+000 TEXCOORD: 0.0509803928, 0.596078455, 0.149019614, 0.752941191
vb0[1032]+000 TEXCOORD1: 0.0509803928, 0.596078455, 0.149019614, 0.752941191
vb0[1032]+000 TEXCOORD2: 0.0509803928, 0.596078455, 0.149019614, 0.752941191
vb0[1032]+000 TEXCOORD3: 0.0509803928, 0.596078455, 0.149019614, 0.752941191
vb0[1032]+024 TANGENT: 1, 0, 0, -1

vb0[1033]+000 POSITION: -3.97345757, 4.50073338, 1.02625203
vb0[1033]+012 NORMAL: 0, -0.790406406, -0.612582743
vb0[1033]+000 COLOR: 0.129411772, 0.301960796, 0.494117647, 0.752941191
vb0[1033]+000 TEXCOORD: 0.129411772, 0.301960796, 0.494117647, 0.752941191
vb0[1033]+000 TEXCOORD1: 0.129411772, 0.301960796, 0.494117647, 0.752941191
vb0[1033]+000 TEXCOORD2: 0.129411772, 0.301960796, 0.494117647, 0.752941191
vb0[1033]+000 TEXCOORD3: 0.129411772, 0.301960796, 0.494117647, 0.752941191
vb0[1033]+024 TANGENT: 1, 0, 0, -1

vb0[1034]+000 POSITION: -2.36447573, 4.50073338, 1.02625203
vb0[1034]+012 NORMAL: 0, -0.790406406, -0.612582743
vb0[1034]+000 COLOR: 0.572549045, 0.325490206, 0.0901960805, 0.752941191
vb0[1034]+000 TEXCOORD: 0.572549045, 0.325490206, 0.0901960805, 0.752941191
vb0[1034]+000 TEXCOORD1: 0.572549045, 0.325490206, 0.0901960805, 0.752941191
vb0[1034]+000 TEXCOORD2: 0.572549045, 0.325490206, 0.0901960805, 0.752941191
vb0[1034]+000 TEXCOORD3: 0.572549045, 0.325490206, 0.0901960805, 0.752941191
vb0[1034]+024 TANGENT: 1, 0, 0, -1

vb0[1035]+000 POSITION: -3.73440981, 4.3240037, 1.25428414
vb0[1035]+012 NORMAL: 0, -0.790406406, -0.612582743
vb0[1035]+000 COLOR: 0.572549045, 0, 0.435294122, 0.752941191
vb0[1035]+000 TEXCOORD: 0.572549045, 0, 0.435294122, 0.752941191
vb0[1035]+000 TEXCOORD1: 0.572549045, 0, 0.435294122, 0.752941191
vb0[1035]+000 TEXCOORD2: 0.572549045, 0, 0.435294122, 0.752941191
vb0[1035]+000 TEXCOORD3: 0.572549045, 0, 0.435294122, 0.752941191
vb0[1035]+024 TANGENT: 1, 0, 0, -1

vb0[1036]+000 POSITION: -3.73440981, 4.3240037, 1.25428414
vb0[1036]+012 NORMAL: -0.594483495, -0.804107726, 0
vb0[1036]+000 COLOR: 0.572549045, 0, 0.435294122, 0.752941191
vb0[1036]+000 TEXCOORD: 0.572549045, 0, 0.435294122, 0.752941191
vb0[1036]+000 TEXCOORD1: 0.572549045, 0, 0.435294122, 0.752941191
vb0[1036]+000 TEXCOORD2: 0.572549045, 0, 0.435294122, 0.752941191
vb0[1036]+000 TEXCOORD3: 0.572549045, 0, 0.435294122, 0.752941191
vb0[1036]+024 TANGENT: 0, 0, -1, -1

vb0[1037]+000 POSITION: -3.97345757, 4.50073338, 2.64014244
vb0[1037]+012 NORMAL: -0.594483495, -0.804107845, 0
vb0[1037]+000 COLOR: 0.129411772, 0.301960796, 0.494117647, 0.752941191
vb0[1037]+000 TEXCOORD: 0.129411772, 0.301960796, 0.494117647, 0.752941191
vb0[1037]+000 TEXCOORD1: 0.129411772, 0.301960796, 0.494117647, 0.752941191
vb0[1037]+000 TEXCOORD2: 0.129411772, 0.301960796, 0.494117647, 0.752941191
vb0[1037]+000 TEXCOORD3: 0.129411772, 0.301960796, 0.494117647, 0.752941191
vb0[1037]+024 TANGENT: 0, 0, -1, -1

vb0[1038]+000 POSITION: -3.97345757, 4.50073338, 1.02625203
vb0[1038]+012 NORMAL: -0.594483495, -0.804107845, 0
vb0[1038]+000 COLOR: 0.129411772, 0.301960796, 0.494117647, 0.752941191
vb0[1038]+000 TEXCOORD: 0.129411772, 0.301960796, 0.494117647, 0.752941191
vb0[1038]+000 TEXCOORD1: 0.129411772, 0.301960796, 0.494117647, 0.752941191
vb0[1038]+000 TEXCOORD2: 0.129411772, 0.301960796, 0.494117647, 0.752941191
vb0[1038]+000 TEXCOORD3: 0.129411772, 0.301960796, 0.494117647, 0.752941191
vb0[1038]+024 TANGENT: 0, 0, -1, -1

vb0[1039]+000 POSITION: -3.73440981, 4.3240037, 2.40035725
vb0[1039]+012 NORMAL: -0.594483495, -0.804107845, 0
vb0[1039]+000 COLOR: 0.572549045, 0, 0.435294122, 0.752941191
vb0[1039]+000 TEXCOORD: 0.572549045, 0, 0.435294122, 0.752941191
vb0[1039]+000 TEXCOORD1: 0.572549045, 0, 0.435294122, 0.752941191
vb0[1039]+000 TEXCOORD2: 0.572549045, 0, 0.435294122, 0.752941191
vb0[1039]+000 TEXCOORD3: 0.572549045, 0, 0.435294122, 0.752941191
vb0[1039]+024 TANGENT: 0, 0, -1, -1

vb0[1040]+000 POSITION: -2.19523311, 7.28769064, 2.89247632
vb0[1040]+012 NORMAL: -0.000496435619, -0.0898579732, 0.995954514
vb0[1040]+000 COLOR: 0.701960802, 0.494117647, 0.0470588244, 0.752941191
vb0[1040]+000 TEXCOORD: 0.701960802, 0.494117647, 0.0470588244, 0.752941191
vb0[1040]+000 TEXCOORD1: 0.701960802, 0.494117647, 0.0470588244, 0.752941191
vb0[1040]+000 TEXCOORD2: 0.701960802, 0.494117647, 0.0470588244, 0.752941191
vb0[1040]+000 TEXCOORD3: 0.701960802, 0.494117647, 0.0470588244, 0.752941191
vb0[1040]+024 TANGENT: -1, 0, 0, -1

vb0[1041]+000 POSITION: -3.97345757, 4.50073338, 2.64014244
vb0[1041]+012 NORMAL: -0.000293786929, -0.0899862498, 0.99594301
vb0[1041]+000 COLOR: 0.129411772, 0.301960796, 0.494117647, 0.752941191
vb0[1041]+000 TEXCOORD: 0.129411772, 0.301960796, 0.494117647, 0.752941191
vb0[1041]+000 TEXCOORD1: 0.129411772, 0.301960796, 0.494117647, 0.752941191
vb0[1041]+000 TEXCOORD2: 0.129411772, 0.301960796, 0.494117647, 0.752941191
vb0[1041]+000 TEXCOORD3: 0.129411772, 0.301960796, 0.494117647, 0.752941191
vb0[1041]+024 TANGENT: -1, 0, 0, -1

vb0[1042]+000 POSITION: -2.36447573, 4.50073338, 2.64014244
vb0[1042]+012 NORMAL: 0, -0.090172179, 0.995926261
vb0[1042]+000 COLOR: 0.572549045, 0.325490206, 0.0901960805, 0.752941191
vb0[1042]+000 TEXCOORD: 0.572549045, 0.325490206, 0.0901960805, 0.752941191
vb0[1042]+000 TEXCOORD1: 0.572549045, 0.325490206, 0.0901960805, 0.752941191
vb0[1042]+000 TEXCOORD2: 0.572549045, 0.325490206, 0.0901960805, 0.752941191
vb0[1042]+000 TEXCOORD3: 0.572549045, 0.325490206, 0.0901960805, 0.752941191
vb0[1042]+024 TANGENT: -1, 0, 0, -1

vb0[1043]+000 POSITION: -4.2152667, 7.28769064, 2.89096284
vb0[1043]+012 NORMAL: -0.000746309117, -0.0896998271, 0.99596858
vb0[1043]+000 COLOR: 0.466666669, 0.890196085, 0.525490224, 0.752941191
vb0[1043]+000 TEXCOORD: 0.466666669, 0.890196085, 0.525490224, 0.752941191
vb0[1043]+000 TEXCOORD1: 0.466666669, 0.890196085, 0.525490224, 0.752941191
vb0[1043]+000 TEXCOORD2: 0.466666669, 0.890196085, 0.525490224, 0.752941191
vb0[1043]+000 TEXCOORD3: 0.466666669, 0.890196085, 0.525490224, 0.752941191
vb0[1043]+024 TANGENT: -1, 0, 0, -1

vb0[1044]+000 POSITION: -2.19523311, 7.28769064, 2.89247632
vb0[1044]+012 NORMAL: 0.70347017, 0.710514605, 0.0172852352
vb0[1044]+000 COLOR: 0.701960802, 0.494117647, 0.0470588244, 0.752941191
vb0[1044]+000 TEXCOORD: 0.701960802, 0.494117647, 0.0470588244, 0.752941191
vb0[1044]+000 TEXCOORD1: 0.701960802, 0.494117647, 0.0470588244, 0.752941191
vb0[1044]+000 TEXCOORD2: 0.701960802, 0.494117647, 0.0470588244, 0.752941191
vb0[1044]+000 TEXCOORD3: 0.701960802, 0.494117647, 0.0470588244, 0.752941191
vb0[1044]+024 TANGENT: -0.0227238853, -0.00182285777, 0.999740064, -1

vb0[1045]+000 POSITION: -2.36447573, 4.50073338, 1.02625203
vb0[1045]+012 NORMAL: 0.997383773, -0.0706902072, 0.0151165398
vb0[1045]+000 COLOR: 0.572549045, 0.325490206, 0.0901960805, 0.752941191
vb0[1045]+000 TEXCOORD: 0.572549045, 0.325490206, 0.0901960805, 0.752941191
vb0[1045]+000 TEXCOORD1: 0.572549045, 0.325490206, 0.0901960805, 0.752941191
vb0[1045]+000 TEXCOORD2: 0.572549045, 0.325490206, 0.0901960805, 0.752941191
vb0[1045]+000 TEXCOORD3: 0.572549045, 0.325490206, 0.0901960805, 0.752941191
vb0[1045]+024 TANGENT: -0.0150853666, 0, 0.999886274, -1

vb0[1046]+000 POSITION: -2.11659002, 7.28769159, 0.770448923
vb0[1046]+012 NORMAL: 0.721920729, 0.691458344, 0.0267548691
vb0[1046]+000 COLOR: 0.211764708, 0.4627451, 0.0274509806, 0.752941191
vb0[1046]+000 TEXCOORD: 0.211764708, 0.4627451, 0.0274509806, 0.752941191
vb0[1046]+000 TEXCOORD1: 0.211764708, 0.4627451, 0.0274509806, 0.752941191
vb0[1046]+000 TEXCOORD2: 0.211764708, 0.4627451, 0.0274509806, 0.752941191
vb0[1046]+000 TEXCOORD3: 0.211764708, 0.4627451, 0.0274509806, 0.752941191
vb0[1046]+024 TANGENT: -0.0381227657, 0.00113703404, 0.999272406, -1

vb0[1047]+000 POSITION: -2.36447573, 4.50073338, 2.64014244
vb0[1047]+012 NORMAL: 0.998161256, -0.0606149845, 0
vb0[1047]+000 COLOR: 0.572549045, 0.325490206, 0.0901960805, 0.752941191
vb0[1047]+000 TEXCOORD: 0.572549045, 0.325490206, 0.0901960805, 0.752941191
vb0[1047]+000 TEXCOORD1: 0.572549045, 0.325490206, 0.0901960805, 0.752941191
vb0[1047]+000 TEXCOORD2: 0.572549045, 0.325490206, 0.0901960805, 0.752941191
vb0[1047]+000 TEXCOORD3: 0.572549045, 0.325490206, 0.0901960805, 0.752941191
vb0[1047]+024 TANGENT: 0, 0, 1, -1

vb0[1048]+000 POSITION: -4.2152667, 7.28769159, 0.770448923
vb0[1048]+012 NORMAL: 0, -0.091401577, -0.995814145
vb0[1048]+000 COLOR: 0.466666669, 0.890196085, 0.525490224, 0.752941191
vb0[1048]+000 TEXCOORD: 0.466666669, 0.890196085, 0.525490224, 0.752941191
vb0[1048]+000 TEXCOORD1: 0.466666669, 0.890196085, 0.525490224, 0.752941191
vb0[1048]+000 TEXCOORD2: 0.466666669, 0.890196085, 0.525490224, 0.752941191
vb0[1048]+000 TEXCOORD3: 0.466666669, 0.890196085, 0.525490224, 0.752941191
vb0[1048]+024 TANGENT: 1, 0, 0, -1

vb0[1049]+000 POSITION: -2.36447573, 4.50073338, 1.02625203
vb0[1049]+012 NORMAL: 0, -0.0914015844, -0.995814145
vb0[1049]+000 COLOR: 0.572549045, 0.325490206, 0.0901960805, 0.752941191
vb0[1049]+000 TEXCOORD: 0.572549045, 0.325490206, 0.0901960805, 0.752941191
vb0[1049]+000 TEXCOORD1: 0.572549045, 0.325490206, 0.0901960805, 0.752941191
vb0[1049]+000 TEXCOORD2: 0.572549045, 0.325490206, 0.0901960805, 0.752941191
vb0[1049]+000 TEXCOORD3: 0.572549045, 0.325490206, 0.0901960805, 0.752941191
vb0[1049]+024 TANGENT: 1, 0, 0, -1

vb0[1050]+000 POSITION: -3.97345757, 4.50073338, 1.02625203
vb0[1050]+012 NORMAL: 0, -0.091401577, -0.995814145
vb0[1050]+000 COLOR: 0.129411772, 0.301960796, 0.494117647, 0.752941191
vb0[1050]+000 TEXCOORD: 0.129411772, 0.301960796, 0.494117647, 0.752941191
vb0[1050]+000 TEXCOORD1: 0.129411772, 0.301960796, 0.494117647, 0.752941191
vb0[1050]+000 TEXCOORD2: 0.129411772, 0.301960796, 0.494117647, 0.752941191
vb0[1050]+000 TEXCOORD3: 0.129411772, 0.301960796, 0.494117647, 0.752941191
vb0[1050]+024 TANGENT: 1, 0, 0, -1

vb0[1051]+000 POSITION: -2.11659002, 7.28769159, 0.770448923
vb0[1051]+012 NORMAL: 0, -0.0914015844, -0.995814145
vb0[1051]+000 COLOR: 0.211764708, 0.4627451, 0.0274509806, 0.752941191
vb0[1051]+000 TEXCOORD: 0.211764708, 0.4627451, 0.0274509806, 0.752941191
vb0[1051]+000 TEXCOORD1: 0.211764708, 0.4627451, 0.0274509806, 0.752941191
vb0[1051]+000 TEXCOORD2: 0.211764708, 0.4627451, 0.0274509806, 0.752941191
vb0[1051]+000 TEXCOORD3: 0.211764708, 0.4627451, 0.0274509806, 0.752941191
vb0[1051]+024 TANGENT: 1, 0, 0, -1

vb0[1052]+000 POSITION: -4.2152667, 7.28769064, 2.89096284
vb0[1052]+012 NORMAL: -0.996257067, -0.0864397734, 0
vb0[1052]+000 COLOR: 0.466666669, 0.890196085, 0.525490224, 0.752941191
vb0[1052]+000 TEXCOORD: 0.466666669, 0.890196085, 0.525490224, 0.752941191
vb0[1052]+000 TEXCOORD1: 0.466666669, 0.890196085, 0.525490224, 0.752941191
vb0[1052]+000 TEXCOORD2: 0.466666669, 0.890196085, 0.525490224, 0.752941191
vb0[1052]+000 TEXCOORD3: 0.466666669, 0.890196085, 0.525490224, 0.752941191
vb0[1052]+024 TANGENT: 0, 0, -1, -1

vb0[1053]+000 POSITION: -3.97345757, 4.50073338, 1.02625203
vb0[1053]+012 NORMAL: -0.996257067, -0.0864397734, 0
vb0[1053]+000 COLOR: 0.129411772, 0.301960796, 0.494117647, 0.752941191
vb0[1053]+000 TEXCOORD: 0.129411772, 0.301960796, 0.494117647, 0.752941191
vb0[1053]+000 TEXCOORD1: 0.129411772, 0.301960796, 0.494117647, 0.752941191
vb0[1053]+000 TEXCOORD2: 0.129411772, 0.301960796, 0.494117647, 0.752941191
vb0[1053]+000 TEXCOORD3: 0.129411772, 0.301960796, 0.494117647, 0.752941191
vb0[1053]+024 TANGENT: 0, 0, -1, -1

vb0[1054]+000 POSITION: -3.97345757, 4.50073338, 2.64014244
vb0[1054]+012 NORMAL: -0.996257067, -0.0864397958, 0
vb0[1054]+000 COLOR: 0.129411772, 0.301960796, 0.494117647, 0.752941191
vb0[1054]+000 TEXCOORD: 0.129411772, 0.301960796, 0.494117647, 0.752941191
vb0[1054]+000 TEXCOORD1: 0.129411772, 0.301960796, 0.494117647, 0.752941191
vb0[1054]+000 TEXCOORD2: 0.129411772, 0.301960796, 0.494117647, 0.752941191
vb0[1054]+000 TEXCOORD3: 0.129411772, 0.301960796, 0.494117647, 0.752941191
vb0[1054]+024 TANGENT: 0, 0, -1, -1

vb0[1055]+000 POSITION: -4.2152667, 7.28769159, 0.770448923
vb0[1055]+012 NORMAL: -0.996257067, -0.0864397734, 0
vb0[1055]+000 COLOR: 0.466666669, 0.890196085, 0.525490224, 0.752941191
vb0[1055]+000 TEXCOORD: 0.466666669, 0.890196085, 0.525490224, 0.752941191
vb0[1055]+000 TEXCOORD1: 0.466666669, 0.890196085, 0.525490224, 0.752941191
vb0[1055]+000 TEXCOORD2: 0.466666669, 0.890196085, 0.525490224, 0.752941191
vb0[1055]+000 TEXCOORD3: 0.466666669, 0.890196085, 0.525490224, 0.752941191
vb0[1055]+024 TANGENT: 0, 0, -1, -1

vb0[1056]+000 POSITION: 4.79421568, 0.607155204, 3.38144207
vb0[1056]+012 NORMAL: 0, 1, 0
vb0[1056]+000 COLOR: 0.215686277, 0.41568628, 0.600000024, 0.250980407
vb0[1056]+000 TEXCOORD: 0.215686277, 0.41568628, 0.600000024, 0.250980407
vb0[1056]+000 TEXCOORD1: 0.215686277, 0.41568628, 0.600000024, 0.250980407
vb0[1056]+000 TEXCOORD2: 0.215686277, 0.41568628, 0.600000024, 0.250980407
vb0[1056]+000 TEXCOORD3: 0.215686277, 0.41568628, 0.600000024, 0.250980407
vb0[1056]+024 TANGENT: 1, 0, 0, 1

vb0[1057]+000 POSITION: 1.61514342, 0.607155502, 0.202371836
vb0[1057]+012 NORMAL: 0, 1, 0
vb0[1057]+000 COLOR: 0.0196078438, 0.741176486, 0.807843149, 0.247058824
vb0[1057]+000 TEXCOORD: 0.0196078438, 0.741176486, 0.807843149, 0.247058824
vb0[1057]+000 TEXCOORD1: 0.0196078438, 0.741176486, 0.807843149, 0.247058824
vb0[1057]+000 TEXCOORD2: 0.0196078438, 0.741176486, 0.807843149, 0.247058824
vb0[1057]+000 TEXCOORD3: 0.0196078438, 0.741176486, 0.807843149, 0.247058824
vb0[1057]+024 TANGENT: 1, 0, 0, 1

vb0[1058]+000 POSITION: 1.61514342, 0.607155204, 3.38144207
vb0[1058]+012 NORMAL: 0, 1, 0
vb0[1058]+000 COLOR: 0.0196078438, 0.741176486, 0.807843149, 0.247058824
vb0[1058]+000 TEXCOORD: 0.0196078438, 0.741176486, 0.807843149, 0.247058824
vb0[1058]+000 TEXCOORD1: 0.0196078438, 0.741176486, 0.807843149, 0.247058824
vb0[1058]+000 TEXCOORD2: 0.0196078438, 0.741176486, 0.807843149, 0.247058824
vb0[1058]+000 TEXCOORD3: 0.0196078438, 0.741176486, 0.807843149, 0.247058824
vb0[1058]+024 TANGENT: 1, 0, 0, 1

vb0[1059]+000 POSITION: 4.79421568, 0.607155502, 0.202371836
vb0[1059]+012 NORMAL: 0, 1, 0
vb0[1059]+000 COLOR: 0.215686277, 0.41568628, 0.600000024, 0.250980407
vb0[1059]+000 TEXCOORD: 0.215686277, 0.41568628, 0.600000024, 0.250980407
vb0[1059]+000 TEXCOORD1: 0.215686277, 0.41568628, 0.600000024, 0.250980407
vb0[1059]+000 TEXCOORD2: 0.215686277, 0.41568628, 0.600000024, 0.250980407
vb0[1059]+000 TEXCOORD3: 0.215686277, 0.41568628, 0.600000024, 0.250980407
vb0[1059]+024 TANGENT: 1, 0, 0, 1

vb0[1060]+000 POSITION: 4.79421568, -0.0307545364, 3.38144207
vb0[1060]+012 NORMAL: 0, 0, 1
vb0[1060]+000 COLOR: 0.215686277, 0.41568628, 0.600000024, 0.250980407
vb0[1060]+000 TEXCOORD: 0.215686277, 0.41568628, 0.600000024, 0.250980407
vb0[1060]+000 TEXCOORD1: 0.215686277, 0.41568628, 0.600000024, 0.250980407
vb0[1060]+000 TEXCOORD2: 0.215686277, 0.41568628, 0.600000024, 0.250980407
vb0[1060]+000 TEXCOORD3: 0.215686277, 0.41568628, 0.600000024, 0.250980407
vb0[1060]+024 TANGENT: 1, 0, 0, 1

vb0[1061]+000 POSITION: 1.61514342, 0.607155204, 3.38144207
vb0[1061]+012 NORMAL: 0, 0, 1
vb0[1061]+000 COLOR: 0.0196078438, 0.741176486, 0.807843149, 0.247058824
vb0[1061]+000 TEXCOORD: 0.0196078438, 0.741176486, 0.807843149, 0.247058824
vb0[1061]+000 TEXCOORD1: 0.0196078438, 0.741176486, 0.807843149, 0.247058824
vb0[1061]+000 TEXCOORD2: 0.0196078438, 0.741176486, 0.807843149, 0.247058824
vb0[1061]+000 TEXCOORD3: 0.0196078438, 0.741176486, 0.807843149, 0.247058824
vb0[1061]+024 TANGENT: 1, 0, 0, 1

vb0[1062]+000 POSITION: 1.61514342, -0.0307545364, 3.38144207
vb0[1062]+012 NORMAL: 0, 0, 1
vb0[1062]+000 COLOR: 0.0196078438, 0.741176486, 0.807843149, 0.247058824
vb0[1062]+000 TEXCOORD: 0.0196078438, 0.741176486, 0.807843149, 0.247058824
vb0[1062]+000 TEXCOORD1: 0.0196078438, 0.741176486, 0.807843149, 0.247058824
vb0[1062]+000 TEXCOORD2: 0.0196078438, 0.741176486, 0.807843149, 0.247058824
vb0[1062]+000 TEXCOORD3: 0.0196078438, 0.741176486, 0.807843149, 0.247058824
vb0[1062]+024 TANGENT: 1, 0, 0, 1

vb0[1063]+000 POSITION: 4.79421568, 0.607155204, 3.38144207
vb0[1063]+012 NORMAL: 0, 0, 1
vb0[1063]+000 COLOR: 0.215686277, 0.41568628, 0.600000024, 0.250980407
vb0[1063]+000 TEXCOORD: 0.215686277, 0.41568628, 0.600000024, 0.250980407
vb0[1063]+000 TEXCOORD1: 0.215686277, 0.41568628, 0.600000024, 0.250980407
vb0[1063]+000 TEXCOORD2: 0.215686277, 0.41568628, 0.600000024, 0.250980407
vb0[1063]+000 TEXCOORD3: 0.215686277, 0.41568628, 0.600000024, 0.250980407
vb0[1063]+024 TANGENT: 1, 0, 0, 1

vb0[1064]+000 POSITION: 1.61514342, -0.0307545364, 3.38144207
vb0[1064]+012 NORMAL: -1, 0, 0
vb0[1064]+000 COLOR: 0.0196078438, 0.741176486, 0.807843149, 0.247058824
vb0[1064]+000 TEXCOORD: 0.0196078438, 0.741176486, 0.807843149, 0.247058824
vb0[1064]+000 TEXCOORD1: 0.0196078438, 0.741176486, 0.807843149, 0.247058824
vb0[1064]+000 TEXCOORD2: 0.0196078438, 0.741176486, 0.807843149, 0.247058824
vb0[1064]+000 TEXCOORD3: 0.0196078438, 0.741176486, 0.807843149, 0.247058824
vb0[1064]+024 TANGENT: 0, 0, 1, 1

vb0[1065]+000 POSITION: 1.61514342, 0.607155502, 0.202371836
vb0[1065]+012 NORMAL: -1, 0, 0
vb0[1065]+000 COLOR: 0.0196078438, 0.741176486, 0.807843149, 0.247058824
vb0[1065]+000 TEXCOORD: 0.0196078438, 0.741176486, 0.807843149, 0.247058824
vb0[1065]+000 TEXCOORD1: 0.0196078438, 0.741176486, 0.807843149, 0.247058824
vb0[1065]+000 TEXCOORD2: 0.0196078438, 0.741176486, 0.807843149, 0.247058824
vb0[1065]+000 TEXCOORD3: 0.0196078438, 0.741176486, 0.807843149, 0.247058824
vb0[1065]+024 TANGENT: 0, 0, 1, 1

vb0[1066]+000 POSITION: 1.61514342, -0.0307542607, 0.202371821
vb0[1066]+012 NORMAL: -1, 0, 0
vb0[1066]+000 COLOR: 0.0196078438, 0.741176486, 0.807843149, 0.247058824
vb0[1066]+000 TEXCOORD: 0.0196078438, 0.741176486, 0.807843149, 0.247058824
vb0[1066]+000 TEXCOORD1: 0.0196078438, 0.741176486, 0.807843149, 0.247058824
vb0[1066]+000 TEXCOORD2: 0.0196078438, 0.741176486, 0.807843149, 0.247058824
vb0[1066]+000 TEXCOORD3: 0.0196078438, 0.741176486, 0.807843149, 0.247058824
vb0[1066]+024 TANGENT: 0, 0, 1, 1

vb0[1067]+000 POSITION: 1.61514342, 0.607155204, 3.38144207
vb0[1067]+012 NORMAL: -1, 0, 0
vb0[1067]+000 COLOR: 0.0196078438, 0.741176486, 0.807843149, 0.247058824
vb0[1067]+000 TEXCOORD: 0.0196078438, 0.741176486, 0.807843149, 0.247058824
vb0[1067]+000 TEXCOORD1: 0.0196078438, 0.741176486, 0.807843149, 0.247058824
vb0[1067]+000 TEXCOORD2: 0.0196078438, 0.741176486, 0.807843149, 0.247058824
vb0[1067]+000 TEXCOORD3: 0.0196078438, 0.741176486, 0.807843149, 0.247058824
vb0[1067]+024 TANGENT: 0, 0, 1, 1

vb0[1068]+000 POSITION: 4.79421568, -0.0307542607, 0.202371821
vb0[1068]+012 NORMAL: 1, 0, 0
vb0[1068]+000 COLOR: 0.215686277, 0.41568628, 0.600000024, 0.250980407
vb0[1068]+000 TEXCOORD: 0.215686277, 0.41568628, 0.600000024, 0.250980407
vb0[1068]+000 TEXCOORD1: 0.215686277, 0.41568628, 0.600000024, 0.250980407
vb0[1068]+000 TEXCOORD2: 0.215686277, 0.41568628, 0.600000024, 0.250980407
vb0[1068]+000 TEXCOORD3: 0.215686277, 0.41568628, 0.600000024, 0.250980407
vb0[1068]+024 TANGENT: 0, 0, -1, 1

vb0[1069]+000 POSITION: 4.79421568, 0.607155204, 3.38144207
vb0[1069]+012 NORMAL: 1, 0, 0
vb0[1069]+000 COLOR: 0.215686277, 0.41568628, 0.600000024, 0.250980407
vb0[1069]+000 TEXCOORD: 0.215686277, 0.41568628, 0.600000024, 0.250980407
vb0[1069]+000 TEXCOORD1: 0.215686277, 0.41568628, 0.600000024, 0.250980407
vb0[1069]+000 TEXCOORD2: 0.215686277, 0.41568628, 0.600000024, 0.250980407
vb0[1069]+000 TEXCOORD3: 0.215686277, 0.41568628, 0.600000024, 0.250980407
vb0[1069]+024 TANGENT: 0, 0, -1, 1

vb0[1070]+000 POSITION: 4.79421568, -0.0307545364, 3.38144207
vb0[1070]+012 NORMAL: 1, 0, 0
vb0[1070]+000 COLOR: 0.215686277, 0.41568628, 0.600000024, 0.250980407
vb0[1070]+000 TEXCOORD: 0.215686277, 0.41568628, 0.600000024, 0.250980407
vb0[1070]+000 TEXCOORD1: 0.215686277, 0.41568628, 0.600000024, 0.250980407
vb0[1070]+000 TEXCOORD2: 0.215686277, 0.41568628, 0.600000024, 0.250980407
vb0[1070]+000 TEXCOORD3: 0.215686277, 0.41568628, 0.600000024, 0.250980407
vb0[1070]+024 TANGENT: 0, 0, -1, 1

vb0[1071]+000 POSITION: 4.79421568, 0.607155502, 0.202371836
vb0[1071]+012 NORMAL: 1, 0, 0
vb0[1071]+000 COLOR: 0.215686277, 0.41568628, 0.600000024, 0.250980407
vb0[1071]+000 TEXCOORD: 0.215686277, 0.41568628, 0.600000024, 0.250980407
vb0[1071]+000 TEXCOORD1: 0.215686277, 0.41568628, 0.600000024, 0.250980407
vb0[1071]+000 TEXCOORD2: 0.215686277, 0.41568628, 0.600000024, 0.250980407
vb0[1071]+000 TEXCOORD3: 0.215686277, 0.41568628, 0.600000024, 0.250980407
vb0[1071]+024 TANGENT: 0, 0, -1, 1

vb0[1072]+000 POSITION: 4.79421568, 0.607155502, 0.202371836
vb0[1072]+012 NORMAL: 0, 0, -1
vb0[1072]+000 COLOR: 0.215686277, 0.41568628, 0.600000024, 0.250980407
vb0[1072]+000 TEXCOORD: 0.215686277, 0.41568628, 0.600000024, 0.250980407
vb0[1072]+000 TEXCOORD1: 0.215686277, 0.41568628, 0.600000024, 0.250980407
vb0[1072]+000 TEXCOORD2: 0.215686277, 0.41568628, 0.600000024, 0.250980407
vb0[1072]+000 TEXCOORD3: 0.215686277, 0.41568628, 0.600000024, 0.250980407
vb0[1072]+024 TANGENT: -1, 0, 0, 1

vb0[1073]+000 POSITION: 1.61514342, -0.0307542607, 0.202371821
vb0[1073]+012 NORMAL: 0, 0, -1
vb0[1073]+000 COLOR: 0.0196078438, 0.741176486, 0.807843149, 0.247058824
vb0[1073]+000 TEXCOORD: 0.0196078438, 0.741176486, 0.807843149, 0.247058824
vb0[1073]+000 TEXCOORD1: 0.0196078438, 0.741176486, 0.807843149, 0.247058824
vb0[1073]+000 TEXCOORD2: 0.0196078438, 0.741176486, 0.807843149, 0.247058824
vb0[1073]+000 TEXCOORD3: 0.0196078438, 0.741176486, 0.807843149, 0.247058824
vb0[1073]+024 TANGENT: -1, 0, 0, 1

vb0[1074]+000 POSITION: 1.61514342, 0.607155502, 0.202371836
vb0[1074]+012 NORMAL: 0, 0, -1
vb0[1074]+000 COLOR: 0.0196078438, 0.741176486, 0.807843149, 0.247058824
vb0[1074]+000 TEXCOORD: 0.0196078438, 0.741176486, 0.807843149, 0.247058824
vb0[1074]+000 TEXCOORD1: 0.0196078438, 0.741176486, 0.807843149, 0.247058824
vb0[1074]+000 TEXCOORD2: 0.0196078438, 0.741176486, 0.807843149, 0.247058824
vb0[1074]+000 TEXCOORD3: 0.0196078438, 0.741176486, 0.807843149, 0.247058824
vb0[1074]+024 TANGENT: -1, 0, 0, 1

vb0[1075]+000 POSITION: 4.79421568, -0.0307542607, 0.202371821
vb0[1075]+012 NORMAL: 0, 0, -1
vb0[1075]+000 COLOR: 0.215686277, 0.41568628, 0.600000024, 0.250980407
vb0[1075]+000 TEXCOORD: 0.215686277, 0.41568628, 0.600000024, 0.250980407
vb0[1075]+000 TEXCOORD1: 0.215686277, 0.41568628, 0.600000024, 0.250980407
vb0[1075]+000 TEXCOORD2: 0.215686277, 0.41568628, 0.600000024, 0.250980407
vb0[1075]+000 TEXCOORD3: 0.215686277, 0.41568628, 0.600000024, 0.250980407
vb0[1075]+024 TANGENT: -1, 0, 0, 1

vb0[1076]+000 POSITION: 4.31222582, 1.08432698, 2.89945436
vb0[1076]+012 NORMAL: 0, 1, 0
vb0[1076]+000 COLOR: 0.75686276, 0.992156863, 0.53725493, 0.250980407
vb0[1076]+000 TEXCOORD: 0.75686276, 0.992156863, 0.53725493, 0.250980407
vb0[1076]+000 TEXCOORD1: 0.75686276, 0.992156863, 0.53725493, 0.250980407
vb0[1076]+000 TEXCOORD2: 0.75686276, 0.992156863, 0.53725493, 0.250980407
vb0[1076]+000 TEXCOORD3: 0.75686276, 0.992156863, 0.53725493, 0.250980407
vb0[1076]+024 TANGENT: 1, 0, 0, 1

vb0[1077]+000 POSITION: 2.09302425, 1.0843271, 0.680255175
vb0[1077]+012 NORMAL: 0, 1, 0
vb0[1077]+000 COLOR: 0.109803922, 0.956862748, 0.0196078438, 0.250980407
vb0[1077]+000 TEXCOORD: 0.109803922, 0.956862748, 0.0196078438, 0.250980407
vb0[1077]+000 TEXCOORD1: 0.109803922, 0.956862748, 0.0196078438, 0.250980407
vb0[1077]+000 TEXCOORD2: 0.109803922, 0.956862748, 0.0196078438, 0.250980407
vb0[1077]+000 TEXCOORD3: 0.109803922, 0.956862748, 0.0196078438, 0.250980407
vb0[1077]+024 TANGENT: 1, 0, 0, 1

vb0[1078]+000 POSITION: 2.09302425, 1.08432698, 2.89945436
vb0[1078]+012 NORMAL: 0, 1, 0
vb0[1078]+000 COLOR: 0.109803922, 0.956862748, 0.0196078438, 0.250980407
vb0[1078]+000 TEXCOORD: 0.109803922, 0.956862748, 0.0196078438, 0.250980407
vb0[1078]+000 TEXCOORD1: 0.109803922, 0.956862748, 0.0196078438, 0.250980407
vb0[1078]+000 TEXCOORD2: 0.109803922, 0.956862748, 0.0196078438, 0.250980407
vb0[1078]+000 TEXCOORD3: 0.109803922, 0.956862748, 0.0196078438, 0.250980407
vb0[1078]+024 TANGENT: 1, 0, 0, 1

vb0[1079]+000 POSITION: 4.31222582, 1.0843271, 0.680255175
vb0[1079]+012 NORMAL: 0, 1, 0
vb0[1079]+000 COLOR: 0.75686276, 0.992156863, 0.53725493, 0.250980407
vb0[1079]+000 TEXCOORD: 0.75686276, 0.992156863, 0.53725493, 0.250980407
vb0[1079]+000 TEXCOORD1: 0.75686276, 0.992156863, 0.53725493, 0.250980407
vb0[1079]+000 TEXCOORD2: 0.75686276, 0.992156863, 0.53725493, 0.250980407
vb0[1079]+000 TEXCOORD3: 0.75686276, 0.992156863, 0.53725493, 0.250980407
vb0[1079]+024 TANGENT: 1, 0, 0, 1

vb0[1080]+000 POSITION: 4.31222582, 0.607155323, 2.89945436
vb0[1080]+012 NORMAL: 0, 0, 1
vb0[1080]+000 COLOR: 0.75686276, 0.992156863, 0.53725493, 0.250980407
vb0[1080]+000 TEXCOORD: 0.75686276, 0.992156863, 0.53725493, 0.250980407
vb0[1080]+000 TEXCOORD1: 0.75686276, 0.992156863, 0.53725493, 0.250980407
vb0[1080]+000 TEXCOORD2: 0.75686276, 0.992156863, 0.53725493, 0.250980407
vb0[1080]+000 TEXCOORD3: 0.75686276, 0.992156863, 0.53725493, 0.250980407
vb0[1080]+024 TANGENT: 1, 0, 0, 1

vb0[1081]+000 POSITION: 2.09302425, 1.08432698, 2.89945436
vb0[1081]+012 NORMAL: 0, 0, 1
vb0[1081]+000 COLOR: 0.109803922, 0.956862748, 0.0196078438, 0.250980407
vb0[1081]+000 TEXCOORD: 0.109803922, 0.956862748, 0.0196078438, 0.250980407
vb0[1081]+000 TEXCOORD1: 0.109803922, 0.956862748, 0.0196078438, 0.250980407
vb0[1081]+000 TEXCOORD2: 0.109803922, 0.956862748, 0.0196078438, 0.250980407
vb0[1081]+000 TEXCOORD3: 0.109803922, 0.956862748, 0.0196078438, 0.250980407
vb0[1081]+024 TANGENT: 1, 0, 0, 1

vb0[1082]+000 POSITION: 2.09302425, 0.607155323, 2.89945436
vb0[1082]+012 NORMAL: 0, 0, 1
vb0[1082]+000 COLOR: 0.109803922, 0.956862748, 0.0196078438, 0.250980407
vb0[1082]+000 TEXCOORD: 0.109803922, 0.956862748, 0.0196078438, 0.250980407
vb0[1082]+000 TEXCOORD1: 0.109803922, 0.956862748, 0.0196078438, 0.250980407
vb0[1082]+000 TEXCOORD2: 0.109803922, 0.956862748, 0.0196078438, 0.250980407
vb0[1082]+000 TEXCOORD3: 0.109803922, 0.956862748, 0.0196078438, 0.250980407
vb0[1082]+024 TANGENT: 1, 0, 0, 1

vb0[1083]+000 POSITION: 4.31222582, 1.08432698, 2.89945436
vb0[1083]+012 NORMAL: 0, 0, 1
vb0[1083]+000 COLOR: 0.75686276, 0.992156863, 0.53725493, 0.250980407
vb0[1083]+000 TEXCOORD: 0.75686276, 0.992156863, 0.53725493, 0.250980407
vb0[1083]+000 TEXCOORD1: 0.75686276, 0.992156863, 0.53725493, 0.250980407
vb0[1083]+000 TEXCOORD2: 0.75686276, 0.992156863, 0.53725493, 0.250980407
vb0[1083]+000 TEXCOORD3: 0.75686276, 0.992156863, 0.53725493, 0.250980407
vb0[1083]+024 TANGENT: 1, 0, 0, 1

vb0[1084]+000 POSITION: 2.09302425, 0.607155323, 2.89945436
vb0[1084]+012 NORMAL: -1, 0, 0
vb0[1084]+000 COLOR: 0.109803922, 0.956862748, 0.0196078438, 0.250980407
vb0[1084]+000 TEXCOORD: 0.109803922, 0.956862748, 0.0196078438, 0.250980407
vb0[1084]+000 TEXCOORD1: 0.109803922, 0.956862748, 0.0196078438, 0.250980407
vb0[1084]+000 TEXCOORD2: 0.109803922, 0.956862748, 0.0196078438, 0.250980407
vb0[1084]+000 TEXCOORD3: 0.109803922, 0.956862748, 0.0196078438, 0.250980407
vb0[1084]+024 TANGENT: 0, 0, 1, 1

vb0[1085]+000 POSITION: 2.09302425, 1.0843271, 0.680255175
vb0[1085]+012 NORMAL: -1, 0, 0
vb0[1085]+000 COLOR: 0.109803922, 0.956862748, 0.0196078438, 0.250980407
vb0[1085]+000 TEXCOORD: 0.109803922, 0.956862748, 0.0196078438, 0.250980407
vb0[1085]+000 TEXCOORD1: 0.109803922, 0.956862748, 0.0196078438, 0.250980407
vb0[1085]+000 TEXCOORD2: 0.109803922, 0.956862748, 0.0196078438, 0.250980407
vb0[1085]+000 TEXCOORD3: 0.109803922, 0.956862748, 0.0196078438, 0.250980407
vb0[1085]+024 TANGENT: 0, 0, 1, 1

vb0[1086]+000 POSITION: 2.09302425, 0.607155502, 0.680255115
vb0[1086]+012 NORMAL: -1, 0, 0
vb0[1086]+000 COLOR: 0.109803922, 0.956862748, 0.0196078438, 0.250980407
vb0[1086]+000 TEXCOORD: 0.109803922, 0.956862748, 0.0196078438, 0.250980407
vb0[1086]+000 TEXCOORD1: 0.109803922, 0.956862748, 0.0196078438, 0.250980407
vb0[1086]+000 TEXCOORD2: 0.109803922, 0.956862748, 0.0196078438, 0.250980407
vb0[1086]+000 TEXCOORD3: 0.109803922, 0.956862748, 0.0196078438, 0.250980407
vb0[1086]+024 TANGENT: 0, 0, 1, 1

vb0[1087]+000 POSITION: 2.09302425, 1.08432698, 2.89945436
vb0[1087]+012 NORMAL: -1, 0, 0
vb0[1087]+000 COLOR: 0.109803922, 0.956862748, 0.0196078438, 0.250980407
vb0[1087]+000 TEXCOORD: 0.109803922, 0.956862748, 0.0196078438, 0.250980407
vb0[1087]+000 TEXCOORD1: 0.109803922, 0.956862748, 0.0196078438, 0.250980407
vb0[1087]+000 TEXCOORD2: 0.109803922, 0.956862748, 0.0196078438, 0.250980407
vb0[1087]+000 TEXCOORD3: 0.109803922, 0.956862748, 0.0196078438, 0.250980407
vb0[1087]+024 TANGENT: 0, 0, 1, 1

vb0[1088]+000 POSITION: 4.31222582, 0.607155502, 0.680255115
vb0[1088]+012 NORMAL: 1, 0, 0
vb0[1088]+000 COLOR: 0.75686276, 0.992156863, 0.53725493, 0.250980407
vb0[1088]+000 TEXCOORD: 0.75686276, 0.992156863, 0.53725493, 0.250980407
vb0[1088]+000 TEXCOORD1: 0.75686276, 0.992156863, 0.53725493, 0.250980407
vb0[1088]+000 TEXCOORD2: 0.75686276, 0.992156863, 0.53725493, 0.250980407
vb0[1088]+000 TEXCOORD3: 0.75686276, 0.992156863, 0.53725493, 0.250980407
vb0[1088]+024 TANGENT: 0, 0, -1, 1

vb0[1089]+000 POSITION: 4.31222582, 1.08432698, 2.89945436
vb0[1089]+012 NORMAL: 1, 0, 0
vb0[1089]+000 COLOR: 0.75686276, 0.992156863, 0.53725493, 0.250980407
vb0[1089]+000 TEXCOORD: 0.75686276, 0.992156863, 0.53725493, 0.250980407
vb0[1089]+000 TEXCOORD1: 0.75686276, 0.992156863, 0.53725493, 0.250980407
vb0[1089]+000 TEXCOORD2: 0.75686276, 0.992156863, 0.53725493, 0.250980407
vb0[1089]+000 TEXCOORD3: 0.75686276, 0.992156863, 0.53725493, 0.250980407
vb0[1089]+024 TANGENT: 0, 0, -1, 1

vb0[1090]+000 POSITION: 4.31222582, 0.607155323, 2.89945436
vb0[1090]+012 NORMAL: 1, 0, 0
vb0[1090]+000 COLOR: 0.75686276, 0.992156863, 0.53725493, 0.250980407
vb0[1090]+000 TEXCOORD: 0.75686276, 0.992156863, 0.53725493, 0.250980407
vb0[1090]+000 TEXCOORD1: 0.75686276, 0.992156863, 0.53725493, 0.250980407
vb0[1090]+000 TEXCOORD2: 0.75686276, 0.992156863, 0.53725493, 0.250980407
vb0[1090]+000 TEXCOORD3: 0.75686276, 0.992156863, 0.53725493, 0.250980407
vb0[1090]+024 TANGENT: 0, 0, -1, 1

vb0[1091]+000 POSITION: 4.31222582, 1.0843271, 0.680255175
vb0[1091]+012 NORMAL: 1, 0, 0
vb0[1091]+000 COLOR: 0.75686276, 0.992156863, 0.53725493, 0.250980407
vb0[1091]+000 TEXCOORD: 0.75686276, 0.992156863, 0.53725493, 0.250980407
vb0[1091]+000 TEXCOORD1: 0.75686276, 0.992156863, 0.53725493, 0.250980407
vb0[1091]+000 TEXCOORD2: 0.75686276, 0.992156863, 0.53725493, 0.250980407
vb0[1091]+000 TEXCOORD3: 0.75686276, 0.992156863, 0.53725493, 0.250980407
vb0[1091]+024 TANGENT: 0, 0, -1, 1

vb0[1092]+000 POSITION: 4.31222582, 1.0843271, 0.680255175
vb0[1092]+012 NORMAL: 0, 1.59887875e-07, -1
vb0[1092]+000 COLOR: 0.75686276, 0.992156863, 0.53725493, 0.250980407
vb0[1092]+000 TEXCOORD: 0.75686276, 0.992156863, 0.53725493, 0.250980407
vb0[1092]+000 TEXCOORD1: 0.75686276, 0.992156863, 0.53725493, 0.250980407
vb0[1092]+000 TEXCOORD2: 0.75686276, 0.992156863, 0.53725493, 0.250980407
vb0[1092]+000 TEXCOORD3: 0.75686276, 0.992156863, 0.53725493, 0.250980407
vb0[1092]+024 TANGENT: -1, 0, 0, 1

vb0[1093]+000 POSITION: 2.09302425, 0.607155502, 0.680255115
vb0[1093]+012 NORMAL: 0, 1.59887875e-07, -1
vb0[1093]+000 COLOR: 0.109803922, 0.956862748, 0.0196078438, 0.250980407
vb0[1093]+000 TEXCOORD: 0.109803922, 0.956862748, 0.0196078438, 0.250980407
vb0[1093]+000 TEXCOORD1: 0.109803922, 0.956862748, 0.0196078438, 0.250980407
vb0[1093]+000 TEXCOORD2: 0.109803922, 0.956862748, 0.0196078438, 0.250980407
vb0[1093]+000 TEXCOORD3: 0.109803922, 0.956862748, 0.0196078438, 0.250980407
vb0[1093]+024 TANGENT: -1, 0, 0, 1

vb0[1094]+000 POSITION: 2.09302425, 1.0843271, 0.680255175
vb0[1094]+012 NORMAL: 0, 1.59887861e-07, -1
vb0[1094]+000 COLOR: 0.109803922, 0.956862748, 0.0196078438, 0.250980407
vb0[1094]+000 TEXCOORD: 0.109803922, 0.956862748, 0.0196078438, 0.250980407
vb0[1094]+000 TEXCOORD1: 0.109803922, 0.956862748, 0.0196078438, 0.250980407
vb0[1094]+000 TEXCOORD2: 0.109803922, 0.956862748, 0.0196078438, 0.250980407
vb0[1094]+000 TEXCOORD3: 0.109803922, 0.956862748, 0.0196078438, 0.250980407
vb0[1094]+024 TANGENT: -1, 0, 0, 1

vb0[1095]+000 POSITION: 4.31222582, 0.607155502, 0.680255115
vb0[1095]+012 NORMAL: 0, 1.59887861e-07, -1
vb0[1095]+000 COLOR: 0.75686276, 0.992156863, 0.53725493, 0.250980407
vb0[1095]+000 TEXCOORD: 0.75686276, 0.992156863, 0.53725493, 0.250980407
vb0[1095]+000 TEXCOORD1: 0.75686276, 0.992156863, 0.53725493, 0.250980407
vb0[1095]+000 TEXCOORD2: 0.75686276, 0.992156863, 0.53725493, 0.250980407
vb0[1095]+000 TEXCOORD3: 0.75686276, 0.992156863, 0.53725493, 0.250980407
vb0[1095]+024 TANGENT: -1, 0, 0, 1

vb0[1096]+000 POSITION: 4.07313156, 1.85294533, 2.6716888
vb0[1096]+012 NORMAL: 0, 0, 1
vb0[1096]+000 COLOR: 0.0941176489, 0.34117648, 0.509803951, 0.250980407
vb0[1096]+000 TEXCOORD: 0.0941176489, 0.34117648, 0.509803951, 0.250980407
vb0[1096]+000 TEXCOORD1: 0.0941176489, 0.34117648, 0.509803951, 0.250980407
vb0[1096]+000 TEXCOORD2: 0.0941176489, 0.34117648, 0.509803951, 0.250980407
vb0[1096]+000 TEXCOORD3: 0.0941176489, 0.34117648, 0.509803951, 0.250980407
vb0[1096]+024 TANGENT: 1, 0, 0, 1

vb0[1097]+000 POSITION: 2.28904963, 1.0843271, 2.6716888
vb0[1097]+012 NORMAL: 0, 0, 1
vb0[1097]+000 COLOR: 0.792156875, 0.498039216, 0.0705882385, 0.250980407
vb0[1097]+000 TEXCOORD: 0.792156875, 0.498039216, 0.0705882385, 0.250980407
vb0[1097]+000 TEXCOORD1: 0.792156875, 0.498039216, 0.0705882385, 0.250980407
vb0[1097]+000 TEXCOORD2: 0.792156875, 0.498039216, 0.0705882385, 0.250980407
vb0[1097]+000 TEXCOORD3: 0.792156875, 0.498039216, 0.0705882385, 0.250980407
vb0[1097]+024 TANGENT: 1, 0, 0, 1

vb0[1098]+000 POSITION: 4.07313156, 1.0843271, 2.6716888
vb0[1098]+012 NORMAL: 0, 0, 1
vb0[1098]+000 COLOR: 0.0941176489, 0.34117648, 0.509803951, 0.250980407
vb0[1098]+000 TEXCOORD: 0.0941176489, 0.34117648, 0.509803951, 0.250980407
vb0[1098]+000 TEXCOORD1: 0.0941176489, 0.34117648, 0.509803951, 0.250980407
vb0[1098]+000 TEXCOORD2: 0.0941176489, 0.34117648, 0.509803951, 0.250980407
vb0[1098]+000 TEXCOORD3: 0.0941176489, 0.34117648, 0.509803951, 0.250980407
vb0[1098]+024 TANGENT: 1, 0, 0, 1

vb0[1099]+000 POSITION: 2.28904963, 1.85294533, 2.6716888
vb0[1099]+012 NORMAL: 0, 0, 1
vb0[1099]+000 COLOR: 0.792156875, 0.498039216, 0.0705882385, 0.250980407
vb0[1099]+000 TEXCOORD: 0.792156875, 0.498039216, 0.0705882385, 0.250980407
vb0[1099]+000 TEXCOORD1: 0.792156875, 0.498039216, 0.0705882385, 0.250980407
vb0[1099]+000 TEXCOORD2: 0.792156875, 0.498039216, 0.0705882385, 0.250980407
vb0[1099]+000 TEXCOORD3: 0.792156875, 0.498039216, 0.0705882385, 0.250980407
vb0[1099]+024 TANGENT: 1, 0, 0, 1

vb0[1100]+000 POSITION: 2.28904963, 1.85294533, 2.6716888
vb0[1100]+012 NORMAL: -1, 0, 0
vb0[1100]+000 COLOR: 0.792156875, 0.498039216, 0.0705882385, 0.250980407
vb0[1100]+000 TEXCOORD: 0.792156875, 0.498039216, 0.0705882385, 0.250980407
vb0[1100]+000 TEXCOORD1: 0.792156875, 0.498039216, 0.0705882385, 0.250980407
vb0[1100]+000 TEXCOORD2: 0.792156875, 0.498039216, 0.0705882385, 0.250980407
vb0[1100]+000 TEXCOORD3: 0.792156875, 0.498039216, 0.0705882385, 0.250980407
vb0[1100]+024 TANGENT: 0, 0, 1, 1

vb0[1101]+000 POSITION: 2.28904963, 1.08432734, 0.914442778
vb0[1101]+012 NORMAL: -1, 0, 0
vb0[1101]+000 COLOR: 0.792156875, 0.498039216, 0.0705882385, 0.250980407
vb0[1101]+000 TEXCOORD: 0.792156875, 0.498039216, 0.0705882385, 0.250980407
vb0[1101]+000 TEXCOORD1: 0.792156875, 0.498039216, 0.0705882385, 0.250980407
vb0[1101]+000 TEXCOORD2: 0.792156875, 0.498039216, 0.0705882385, 0.250980407
vb0[1101]+000 TEXCOORD3: 0.792156875, 0.498039216, 0.0705882385, 0.250980407
vb0[1101]+024 TANGENT: 0, 0, 1, 1

vb0[1102]+000 POSITION: 2.28904963, 1.0843271, 2.6716888
vb0[1102]+012 NORMAL: -1, 0, 0
vb0[1102]+000 COLOR: 0.792156875, 0.498039216, 0.0705882385, 0.250980407
vb0[1102]+000 TEXCOORD: 0.792156875, 0.498039216, 0.0705882385, 0.250980407
vb0[1102]+000 TEXCOORD1: 0.792156875, 0.498039216, 0.0705882385, 0.250980407
vb0[1102]+000 TEXCOORD2: 0.792156875, 0.498039216, 0.0705882385, 0.250980407
vb0[1102]+000 TEXCOORD3: 0.792156875, 0.498039216, 0.0705882385, 0.250980407
vb0[1102]+024 TANGENT: 0, 0, 1, 1

vb0[1103]+000 POSITION: 2.28904963, 1.85294533, 0.914442778
vb0[1103]+012 NORMAL: -1, 0, 0
vb0[1103]+000 COLOR: 0.792156875, 0.498039216, 0.0705882385, 0.250980407
vb0[1103]+000 TEXCOORD: 0.792156875, 0.498039216, 0.0705882385, 0.250980407
vb0[1103]+000 TEXCOORD1: 0.792156875, 0.498039216, 0.0705882385, 0.250980407
vb0[1103]+000 TEXCOORD2: 0.792156875, 0.498039216, 0.0705882385, 0.250980407
vb0[1103]+000 TEXCOORD3: 0.792156875, 0.498039216, 0.0705882385, 0.250980407
vb0[1103]+024 TANGENT: 0, 0, 1, 1

vb0[1104]+000 POSITION: 4.07313156, 1.85294533, 0.914442778
vb0[1104]+012 NORMAL: 1, 0, 0
vb0[1104]+000 COLOR: 0.0941176489, 0.34117648, 0.509803951, 0.250980407
vb0[1104]+000 TEXCOORD: 0.0941176489, 0.34117648, 0.509803951, 0.250980407
vb0[1104]+000 TEXCOORD1: 0.0941176489, 0.34117648, 0.509803951, 0.250980407
vb0[1104]+000 TEXCOORD2: 0.0941176489, 0.34117648, 0.509803951, 0.250980407
vb0[1104]+000 TEXCOORD3: 0.0941176489, 0.34117648, 0.509803951, 0.250980407
vb0[1104]+024 TANGENT: 0, 0, -1, 1

vb0[1105]+000 POSITION: 4.07313156, 1.0843271, 2.6716888
vb0[1105]+012 NORMAL: 1, 0, 0
vb0[1105]+000 COLOR: 0.0941176489, 0.34117648, 0.509803951, 0.250980407
vb0[1105]+000 TEXCOORD: 0.0941176489, 0.34117648, 0.509803951, 0.250980407
vb0[1105]+000 TEXCOORD1: 0.0941176489, 0.34117648, 0.509803951, 0.250980407
vb0[1105]+000 TEXCOORD2: 0.0941176489, 0.34117648, 0.509803951, 0.250980407
vb0[1105]+000 TEXCOORD3: 0.0941176489, 0.34117648, 0.509803951, 0.250980407
vb0[1105]+024 TANGENT: 0, 0, -1, 1

vb0[1106]+000 POSITION: 4.07313156, 1.08432734, 0.914442778
vb0[1106]+012 NORMAL: 1, 0, 0
vb0[1106]+000 COLOR: 0.0941176489, 0.34117648, 0.509803951, 0.250980407
vb0[1106]+000 TEXCOORD: 0.0941176489, 0.34117648, 0.509803951, 0.250980407
vb0[1106]+000 TEXCOORD1: 0.0941176489, 0.34117648, 0.509803951, 0.250980407
vb0[1106]+000 TEXCOORD2: 0.0941176489, 0.34117648, 0.509803951, 0.250980407
vb0[1106]+000 TEXCOORD3: 0.0941176489, 0.34117648, 0.509803951, 0.250980407
vb0[1106]+024 TANGENT: 0, 0, -1, 1

vb0[1107]+000 POSITION: 4.07313156, 1.85294533, 2.6716888
vb0[1107]+012 NORMAL: 1, 0, 0
vb0[1107]+000 COLOR: 0.0941176489, 0.34117648, 0.509803951, 0.250980407
vb0[1107]+000 TEXCOORD: 0.0941176489, 0.34117648, 0.509803951, 0.250980407
vb0[1107]+000 TEXCOORD1: 0.0941176489, 0.34117648, 0.509803951, 0.250980407
vb0[1107]+000 TEXCOORD2: 0.0941176489, 0.34117648, 0.509803951, 0.250980407
vb0[1107]+000 TEXCOORD3: 0.0941176489, 0.34117648, 0.509803951, 0.250980407
vb0[1107]+024 TANGENT: 0, 0, -1, 1

vb0[1108]+000 POSITION: 2.28904963, 1.08432734, 0.914442778
vb0[1108]+012 NORMAL: 0, 0, -1
vb0[1108]+000 COLOR: 0.792156875, 0.498039216, 0.0705882385, 0.250980407
vb0[1108]+000 TEXCOORD: 0.792156875, 0.498039216, 0.0705882385, 0.250980407
vb0[1108]+000 TEXCOORD1: 0.792156875, 0.498039216, 0.0705882385, 0.250980407
vb0[1108]+000 TEXCOORD2: 0.792156875, 0.498039216, 0.0705882385, 0.250980407
vb0[1108]+000 TEXCOORD3: 0.792156875, 0.498039216, 0.0705882385, 0.250980407
vb0[1108]+024 TANGENT: -1, 0, 0, 1

vb0[1109]+000 POSITION: 4.07313156, 1.85294533, 0.914442778
vb0[1109]+012 NORMAL: 0, 0, -1
vb0[1109]+000 COLOR: 0.0941176489, 0.34117648, 0.509803951, 0.250980407
vb0[1109]+000 TEXCOORD: 0.0941176489, 0.34117648, 0.509803951, 0.250980407
vb0[1109]+000 TEXCOORD1: 0.0941176489, 0.34117648, 0.509803951, 0.250980407
vb0[1109]+000 TEXCOORD2: 0.0941176489, 0.34117648, 0.509803951, 0.250980407
vb0[1109]+000 TEXCOORD3: 0.0941176489, 0.34117648, 0.509803951, 0.250980407
vb0[1109]+024 TANGENT: -1, 0, 0, 1

vb0[1110]+000 POSITION: 4.07313156, 1.08432734, 0.914442778
vb0[1110]+012 NORMAL: 0, 0, -1
vb0[1110]+000 COLOR: 0.0941176489, 0.34117648, 0.509803951, 0.250980407
vb0[1110]+000 TEXCOORD: 0.0941176489, 0.34117648, 0.509803951, 0.250980407
vb0[1110]+000 TEXCOORD1: 0.0941176489, 0.34117648, 0.509803951, 0.250980407
vb0[1110]+000 TEXCOORD2: 0.0941176489, 0.34117648, 0.509803951, 0.250980407
vb0[1110]+000 TEXCOORD3: 0.0941176489, 0.34117648, 0.509803951, 0.250980407
vb0[1110]+024 TANGENT: -1, 0, 0, 1

vb0[1111]+000 POSITION: 2.28904963, 1.85294533, 0.914442778
vb0[1111]+012 NORMAL: 0, 0, -1
vb0[1111]+000 COLOR: 0.792156875, 0.498039216, 0.0705882385, 0.250980407
vb0[1111]+000 TEXCOORD: 0.792156875, 0.498039216, 0.0705882385, 0.250980407
vb0[1111]+000 TEXCOORD1: 0.792156875, 0.498039216, 0.0705882385, 0.250980407
vb0[1111]+000 TEXCOORD2: 0.792156875, 0.498039216, 0.0705882385, 0.250980407
vb0[1111]+000 TEXCOORD3: 0.792156875, 0.498039216, 0.0705882385, 0.250980407
vb0[1111]+024 TANGENT: -1, 0, 0, 1

vb0[1112]+000 POSITION: 4.07313156, 1.85294533, 2.6716888
vb0[1112]+012 NORMAL: 0, 0.808357537, 0.58869195
vb0[1112]+000 COLOR: 0.0941176489, 0.34117648, 0.509803951, 0.250980407
vb0[1112]+000 TEXCOORD: 0.0941176489, 0.34117648, 0.509803951, 0.250980407
vb0[1112]+000 TEXCOORD1: 0.0941176489, 0.34117648, 0.509803951, 0.250980407
vb0[1112]+000 TEXCOORD2: 0.0941176489, 0.34117648, 0.509803951, 0.250980407
vb0[1112]+000 TEXCOORD3: 0.0941176489, 0.34117648, 0.509803951, 0.250980407
vb0[1112]+024 TANGENT: 1, 0, 0, 1

vb0[1113]+000 POSITION: 2.50965333, 1.99412549, 2.4778285
vb0[1113]+012 NORMAL: 0, 0.808357537, 0.58869195
vb0[1113]+000 COLOR: 0.160784319, 0.619607866, 0.125490203, 0.250980407
vb0[1113]+000 TEXCOORD: 0.160784319, 0.619607866, 0.125490203, 0.250980407
vb0[1113]+000 TEXCOORD1: 0.160784319, 0.619607866, 0.125490203, 0.250980407
vb0[1113]+000 TEXCOORD2: 0.160784319, 0.619607866, 0.125490203, 0.250980407
vb0[1113]+000 TEXCOORD3: 0.160784319, 0.619607866, 0.125490203, 0.250980407
vb0[1113]+024 TANGENT: 1, 0, 0, 1

vb0[1114]+000 POSITION: 2.28904963, 1.85294533, 2.6716888
vb0[1114]+012 NORMAL: 0, 0.808357418, 0.58869189
vb0[1114]+000 COLOR: 0.792156875, 0.498039216, 0.0705882385, 0.250980407
vb0[1114]+000 TEXCOORD: 0.792156875, 0.498039216, 0.0705882385, 0.250980407
vb0[1114]+000 TEXCOORD1: 0.792156875, 0.498039216, 0.0705882385, 0.250980407
vb0[1114]+000 TEXCOORD2: 0.792156875, 0.498039216, 0.0705882385, 0.250980407
vb0[1114]+000 TEXCOORD3: 0.792156875, 0.498039216, 0.0705882385, 0.250980407
vb0[1114]+024 TANGENT: 1, 0, 0, 1

vb0[1115]+000 POSITION: 3.83977079, 1.99412549, 2.4778285
vb0[1115]+012 NORMAL: 0, 0.808357537, 0.58869195
vb0[1115]+000 COLOR: 0.807843149, 0.745098054, 0.458823532, 0.250980407
vb0[1115]+000 TEXCOORD: 0.807843149, 0.745098054, 0.458823532, 0.250980407
vb0[1115]+000 TEXCOORD1: 0.807843149, 0.745098054, 0.458823532, 0.250980407
vb0[1115]+000 TEXCOORD2: 0.807843149, 0.745098054, 0.458823532, 0.250980407
vb0[1115]+000 TEXCOORD3: 0.807843149, 0.745098054, 0.458823532, 0.250980407
vb0[1115]+024 TANGENT: 1, 0, 0, 1

vb0[1116]+000 POSITION: 2.28904963, 1.85294533, 2.6716888
vb0[1116]+012 NORMAL: -0.53903693, 0.842282176, 0
vb0[1116]+000 COLOR: 0.792156875, 0.498039216, 0.0705882385, 0.250980407
vb0[1116]+000 TEXCOORD: 0.792156875, 0.498039216, 0.0705882385, 0.250980407
vb0[1116]+000 TEXCOORD1: 0.792156875, 0.498039216, 0.0705882385, 0.250980407
vb0[1116]+000 TEXCOORD2: 0.792156875, 0.498039216, 0.0705882385, 0.250980407
vb0[1116]+000 TEXCOORD3: 0.792156875, 0.498039216, 0.0705882385, 0.250980407
vb0[1116]+024 TANGENT: 0, 0, 1, 1

vb0[1117]+000 POSITION: 2.50965333, 1.9941256, 1.15418947
vb0[1117]+012 NORMAL: -0.539037228, 0.842281878, 0
vb0[1117]+000 COLOR: 0.160784319, 0.619607866, 0.125490203, 0.250980407
vb0[1117]+000 TEXCOORD: 0.160784319, 0.619607866, 0.125490203, 0.250980407
vb0[1117]+000 TEXCOORD1: 0.160784319, 0.619607866, 0.125490203, 0.250980407
vb0[1117]+000 TEXCOORD2: 0.160784319, 0.619607866, 0.125490203, 0.250980407
vb0[1117]+000 TEXCOORD3: 0.160784319, 0.619607866, 0.125490203, 0.250980407
vb0[1117]+024 TANGENT: 0, 0, 1, 1

vb0[1118]+000 POSITION: 2.28904963, 1.85294533, 0.914442778
vb0[1118]+012 NORMAL: -0.539037287, 0.842281878, 0
vb0[1118]+000 COLOR: 0.792156875, 0.498039216, 0.0705882385, 0.250980407
vb0[1118]+000 TEXCOORD: 0.792156875, 0.498039216, 0.0705882385, 0.250980407
vb0[1118]+000 TEXCOORD1: 0.792156875, 0.498039216, 0.0705882385, 0.250980407
vb0[1118]+000 TEXCOORD2: 0.792156875, 0.498039216, 0.0705882385, 0.250980407
vb0[1118]+000 TEXCOORD3: 0.792156875, 0.498039216, 0.0705882385, 0.250980407
vb0[1118]+024 TANGENT: 0, 0, 1, 1

vb0[1119]+000 POSITION: 2.50965333, 1.99412549, 2.4778285
vb0[1119]+012 NORMAL: -0.53903681, 0.842282236, 0
vb0[1119]+000 COLOR: 0.160784319, 0.619607866, 0.125490203, 0.250980407
vb0[1119]+000 TEXCOORD: 0.160784319, 0.619607866, 0.125490203, 0.250980407
vb0[1119]+000 TEXCOORD1: 0.160784319, 0.619607866, 0.125490203, 0.250980407
vb0[1119]+000 TEXCOORD2: 0.160784319, 0.619607866, 0.125490203, 0.250980407
vb0[1119]+000 TEXCOORD3: 0.160784319, 0.619607866, 0.125490203, 0.250980407
vb0[1119]+024 TANGENT: 0, 0, 1, 1

vb0[1120]+000 POSITION: 2.28904963, 1.85294533, 0.914442778
vb0[1120]+012 NORMAL: 0, 0.861694157, -0.50742805
vb0[1120]+000 COLOR: 0.792156875, 0.498039216, 0.0705882385, 0.250980407
vb0[1120]+000 TEXCOORD: 0.792156875, 0.498039216, 0.0705882385, 0.250980407
vb0[1120]+000 TEXCOORD1: 0.792156875, 0.498039216, 0.0705882385, 0.250980407
vb0[1120]+000 TEXCOORD2: 0.792156875, 0.498039216, 0.0705882385, 0.250980407
vb0[1120]+000 TEXCOORD3: 0.792156875, 0.498039216, 0.0705882385, 0.250980407
vb0[1120]+024 TANGENT: -1, 0, 0, 1

vb0[1121]+000 POSITION: 3.83977079, 1.9941256, 1.15418947
vb0[1121]+012 NORMAL: 0, 0.861694157, -0.50742811
vb0[1121]+000 COLOR: 0.807843149, 0.745098054, 0.458823532, 0.250980407
vb0[1121]+000 TEXCOORD: 0.807843149, 0.745098054, 0.458823532, 0.250980407
vb0[1121]+000 TEXCOORD1: 0.807843149, 0.745098054, 0.458823532, 0.250980407
vb0[1121]+000 TEXCOORD2: 0.807843149, 0.745098054, 0.458823532, 0.250980407
vb0[1121]+000 TEXCOORD3: 0.807843149, 0.745098054, 0.458823532, 0.250980407
vb0[1121]+024 TANGENT: -1, 0, 0, 1

vb0[1122]+000 POSITION: 4.07313156, 1.85294533, 0.914442778
vb0[1122]+012 NORMAL: 0, 0.861694157, -0.507428169
vb0[1122]+000 COLOR: 0.0941176489, 0.34117648, 0.509803951, 0.250980407
vb0[1122]+000 TEXCOORD: 0.0941176489, 0.34117648, 0.509803951, 0.250980407
vb0[1122]+000 TEXCOORD1: 0.0941176489, 0.34117648, 0.509803951, 0.250980407
vb0[1122]+000 TEXCOORD2: 0.0941176489, 0.34117648, 0.509803951, 0.250980407
vb0[1122]+000 TEXCOORD3: 0.0941176489, 0.34117648, 0.509803951, 0.250980407
vb0[1122]+024 TANGENT: -1, 0, 0, 1

vb0[1123]+000 POSITION: 2.50965333, 1.9941256, 1.15418947
vb0[1123]+012 NORMAL: 0, 0.861694157, -0.50742805
vb0[1123]+000 COLOR: 0.160784319, 0.619607866, 0.125490203, 0.250980407
vb0[1123]+000 TEXCOORD: 0.160784319, 0.619607866, 0.125490203, 0.250980407
vb0[1123]+000 TEXCOORD1: 0.160784319, 0.619607866, 0.125490203, 0.250980407
vb0[1123]+000 TEXCOORD2: 0.160784319, 0.619607866, 0.125490203, 0.250980407
vb0[1123]+000 TEXCOORD3: 0.160784319, 0.619607866, 0.125490203, 0.250980407
vb0[1123]+024 TANGENT: -1, 0, 0, 1

vb0[1124]+000 POSITION: 4.07313156, 1.85294533, 0.914442778
vb0[1124]+012 NORMAL: 0.517629623, 0.855604827, 0
vb0[1124]+000 COLOR: 0.0941176489, 0.34117648, 0.509803951, 0.250980407
vb0[1124]+000 TEXCOORD: 0.0941176489, 0.34117648, 0.509803951, 0.250980407
vb0[1124]+000 TEXCOORD1: 0.0941176489, 0.34117648, 0.509803951, 0.250980407
vb0[1124]+000 TEXCOORD2: 0.0941176489, 0.34117648, 0.509803951, 0.250980407
vb0[1124]+000 TEXCOORD3: 0.0941176489, 0.34117648, 0.509803951, 0.250980407
vb0[1124]+024 TANGENT: 0, 0, -1, 1

vb0[1125]+000 POSITION: 3.83977079, 1.99412549, 2.4778285
vb0[1125]+012 NORMAL: 0.517629206, 0.855605066, 0
vb0[1125]+000 COLOR: 0.807843149, 0.745098054, 0.458823532, 0.250980407
vb0[1125]+000 TEXCOORD: 0.807843149, 0.745098054, 0.458823532, 0.250980407
vb0[1125]+000 TEXCOORD1: 0.807843149, 0.745098054, 0.458823532, 0.250980407
vb0[1125]+000 TEXCOORD2: 0.807843149, 0.745098054, 0.458823532, 0.250980407
vb0[1125]+000 TEXCOORD3: 0.807843149, 0.745098054, 0.458823532, 0.250980407
vb0[1125]+024 TANGENT: 0, 0, -1, 1

vb0[1126]+000 POSITION: 4.07313156, 1.85294533, 2.6716888
vb0[1126]+012 NORMAL: 0.517629266, 0.855605066, 0
vb0[1126]+000 COLOR: 0.0941176489, 0.34117648, 0.509803951, 0.250980407
vb0[1126]+000 TEXCOORD: 0.0941176489, 0.34117648, 0.509803951, 0.250980407
vb0[1126]+000 TEXCOORD1: 0.0941176489, 0.34117648, 0.509803951, 0.250980407
vb0[1126]+000 TEXCOORD2: 0.0941176489, 0.34117648, 0.509803951, 0.250980407
vb0[1126]+000 TEXCOORD3: 0.0941176489, 0.34117648, 0.509803951, 0.250980407
vb0[1126]+024 TANGENT: 0, 0, -1, 1

vb0[1127]+000 POSITION: 3.83977079, 1.9941256, 1.15418947
vb0[1127]+012 NORMAL: 0.517629683, 0.855604708, 0
vb0[1127]+000 COLOR: 0.807843149, 0.745098054, 0.458823532, 0.250980407
vb0[1127]+000 TEXCOORD: 0.807843149, 0.745098054, 0.458823532, 0.250980407
vb0[1127]+000 TEXCOORD1: 0.807843149, 0.745098054, 0.458823532, 0.250980407
vb0[1127]+000 TEXCOORD2: 0.807843149, 0.745098054, 0.458823532, 0.250980407
vb0[1127]+000 TEXCOORD3: 0.807843149, 0.745098054, 0.458823532, 0.250980407
vb0[1127]+024 TANGENT: 0, 0, -1, 1

vb0[1128]+000 POSITION: 4.21526051, 7.28769064, 2.89096284
vb0[1128]+012 NORMAL: 0, 1, 2.87724504e-07
vb0[1128]+000 COLOR: 0.41568628, 0.890196085, 0.525490224, 0.250980407
vb0[1128]+000 TEXCOORD: 0.41568628, 0.890196085, 0.525490224, 0.250980407
vb0[1128]+000 TEXCOORD1: 0.41568628, 0.890196085, 0.525490224, 0.250980407
vb0[1128]+000 TEXCOORD2: 0.41568628, 0.890196085, 0.525490224, 0.250980407
vb0[1128]+000 TEXCOORD3: 0.41568628, 0.890196085, 0.525490224, 0.250980407
vb0[1128]+024 TANGENT: 1, 0, 0, 1

vb0[1129]+000 POSITION: 2.11658382, 7.28769159, 0.770448923
vb0[1129]+012 NORMAL: -0.721920729, 0.691458344, 0.0267548691
vb0[1129]+000 COLOR: 0.109803922, 0.4627451, 0.0274509806, 0.250980407
vb0[1129]+000 TEXCOORD: 0.109803922, 0.4627451, 0.0274509806, 0.250980407
vb0[1129]+000 TEXCOORD1: 0.109803922, 0.4627451, 0.0274509806, 0.250980407
vb0[1129]+000 TEXCOORD2: 0.109803922, 0.4627451, 0.0274509806, 0.250980407
vb0[1129]+000 TEXCOORD3: 0.109803922, 0.4627451, 0.0274509806, 0.250980407
vb0[1129]+024 TANGENT: 0.691975713, 0.721380949, 0.0279124994, 1

vb0[1130]+000 POSITION: 2.19522691, 7.28769064, 2.89247632
vb0[1130]+012 NORMAL: -0.70347017, 0.710514605, 0.0172852352
vb0[1130]+000 COLOR: 0.600000024, 0.494117647, 0.0470588244, 0.250980407
vb0[1130]+000 TEXCOORD: 0.600000024, 0.494117647, 0.0470588244, 0.250980407
vb0[1130]+000 TEXCOORD1: 0.600000024, 0.494117647, 0.0470588244, 0.250980407
vb0[1130]+000 TEXCOORD2: 0.600000024, 0.494117647, 0.0470588244, 0.250980407
vb0[1130]+000 TEXCOORD3: 0.600000024, 0.494117647, 0.0470588244, 0.250980407
vb0[1130]+024 TANGENT: 0.710724652, 0.70326215, 0.0171083305, 1

vb0[1131]+000 POSITION: 4.21526051, 7.28769159, 0.770448923
vb0[1131]+012 NORMAL: 0, 1, 2.87831881e-07
vb0[1131]+000 COLOR: 0.41568628, 0.890196085, 0.525490224, 0.250980407
vb0[1131]+000 TEXCOORD: 0.41568628, 0.890196085, 0.525490224, 0.250980407
vb0[1131]+000 TEXCOORD1: 0.41568628, 0.890196085, 0.525490224, 0.250980407
vb0[1131]+000 TEXCOORD2: 0.41568628, 0.890196085, 0.525490224, 0.250980407
vb0[1131]+000 TEXCOORD3: 0.41568628, 0.890196085, 0.525490224, 0.250980407
vb0[1131]+024 TANGENT: 1, 0, 0, 1

vb0[1132]+000 POSITION: 3.83977079, 1.99412549, 2.4778285
vb0[1132]+012 NORMAL: 0, -0.000771563442, 0.999999762
vb0[1132]+000 COLOR: 0.807843149, 0.745098054, 0.458823532, 0.250980407
vb0[1132]+000 TEXCOORD: 0.807843149, 0.745098054, 0.458823532, 0.250980407
vb0[1132]+000 TEXCOORD1: 0.807843149, 0.745098054, 0.458823532, 0.250980407
vb0[1132]+000 TEXCOORD2: 0.807843149, 0.745098054, 0.458823532, 0.250980407
vb0[1132]+000 TEXCOORD3: 0.807843149, 0.745098054, 0.458823532, 0.250980407
vb0[1132]+024 TANGENT: 1, 0, 0, 1

vb0[1133]+000 POSITION: 2.50907087, 2.44502854, 2.47817636
vb0[1133]+012 NORMAL: 0, -0.000771563442, 0.999999762
vb0[1133]+000 COLOR: 0.619607866, 0.580392182, 0.125490203, 0.250980407
vb0[1133]+000 TEXCOORD: 0.619607866, 0.580392182, 0.125490203, 0.250980407
vb0[1133]+000 TEXCOORD1: 0.619607866, 0.580392182, 0.125490203, 0.250980407
vb0[1133]+000 TEXCOORD2: 0.619607866, 0.580392182, 0.125490203, 0.250980407
vb0[1133]+000 TEXCOORD3: 0.619607866, 0.580392182, 0.125490203, 0.250980407
vb0[1133]+024 TANGENT: 1, 0, 0, 1

vb0[1134]+000 POSITION: 2.50965333, 1.99412549, 2.4778285
vb0[1134]+012 NORMAL: 0, -0.0007715635, 0.999999762
vb0[1134]+000 COLOR: 0.160784319, 0.619607866, 0.125490203, 0.250980407
vb0[1134]+000 TEXCOORD: 0.160784319, 0.619607866, 0.125490203, 0.250980407
vb0[1134]+000 TEXCOORD1: 0.160784319, 0.619607866, 0.125490203, 0.250980407
vb0[1134]+000 TEXCOORD2: 0.160784319, 0.619607866, 0.125490203, 0.250980407
vb0[1134]+000 TEXCOORD3: 0.160784319, 0.619607866, 0.125490203, 0.250980407
vb0[1134]+024 TANGENT: 1, 0, 0, 1

vb0[1135]+000 POSITION: 3.84010577, 2.44502854, 2.47817636
vb0[1135]+012 NORMAL: 0, -0.0007715635, 0.999999762
vb0[1135]+000 COLOR: 0.294117659, 0.768627465, 0.458823532, 0.250980407
vb0[1135]+000 TEXCOORD: 0.294117659, 0.768627465, 0.458823532, 0.250980407
vb0[1135]+000 TEXCOORD1: 0.294117659, 0.768627465, 0.458823532, 0.250980407
vb0[1135]+000 TEXCOORD2: 0.294117659, 0.768627465, 0.458823532, 0.250980407
vb0[1135]+000 TEXCOORD3: 0.294117659, 0.768627465, 0.458823532, 0.250980407
vb0[1135]+024 TANGENT: 1, 0, 0, 1

vb0[1136]+000 POSITION: 2.50965333, 1.99412549, 2.4778285
vb0[1136]+012 NORMAL: -0.999999166, -0.00129135291, 0
vb0[1136]+000 COLOR: 0.160784319, 0.619607866, 0.125490203, 0.250980407
vb0[1136]+000 TEXCOORD: 0.160784319, 0.619607866, 0.125490203, 0.250980407
vb0[1136]+000 TEXCOORD1: 0.160784319, 0.619607866, 0.125490203, 0.250980407
vb0[1136]+000 TEXCOORD2: 0.160784319, 0.619607866, 0.125490203, 0.250980407
vb0[1136]+000 TEXCOORD3: 0.160784319, 0.619607866, 0.125490203, 0.250980407
vb0[1136]+024 TANGENT: 0, 0, 1, 1

vb0[1137]+000 POSITION: 2.50907087, 2.44502854, 1.15412295
vb0[1137]+012 NORMAL: -0.999999166, -0.00129135291, 0
vb0[1137]+000 COLOR: 0.619607866, 0.580392182, 0.125490203, 0.250980407
vb0[1137]+000 TEXCOORD: 0.619607866, 0.580392182, 0.125490203, 0.250980407
vb0[1137]+000 TEXCOORD1: 0.619607866, 0.580392182, 0.125490203, 0.250980407
vb0[1137]+000 TEXCOORD2: 0.619607866, 0.580392182, 0.125490203, 0.250980407
vb0[1137]+000 TEXCOORD3: 0.619607866, 0.580392182, 0.125490203, 0.250980407
vb0[1137]+024 TANGENT: 0, 0, 1, 1

vb0[1138]+000 POSITION: 2.50965333, 1.9941256, 1.15418947
vb0[1138]+012 NORMAL: -0.999999166, -0.00129135291, 0
vb0[1138]+000 COLOR: 0.160784319, 0.619607866, 0.125490203, 0.250980407
vb0[1138]+000 TEXCOORD: 0.160784319, 0.619607866, 0.125490203, 0.250980407
vb0[1138]+000 TEXCOORD1: 0.160784319, 0.619607866, 0.125490203, 0.250980407
vb0[1138]+000 TEXCOORD2: 0.160784319, 0.619607866, 0.125490203, 0.250980407
vb0[1138]+000 TEXCOORD3: 0.160784319, 0.619607866, 0.125490203, 0.250980407
vb0[1138]+024 TANGENT: 0, 0, 1, 1

vb0[1139]+000 POSITION: 2.50907087, 2.44502854, 2.47817636
vb0[1139]+012 NORMAL: -0.999999166, -0.00129135302, 0
vb0[1139]+000 COLOR: 0.619607866, 0.580392182, 0.125490203, 0.250980407
vb0[1139]+000 TEXCOORD: 0.619607866, 0.580392182, 0.125490203, 0.250980407
vb0[1139]+000 TEXCOORD1: 0.619607866, 0.580392182, 0.125490203, 0.250980407
vb0[1139]+000 TEXCOORD2: 0.619607866, 0.580392182, 0.125490203, 0.250980407
vb0[1139]+000 TEXCOORD3: 0.619607866, 0.580392182, 0.125490203, 0.250980407
vb0[1139]+024 TANGENT: 0, 0, 1, 1

vb0[1140]+000 POSITION: 3.83977079, 1.9941256, 1.15418947
vb0[1140]+012 NORMAL: 0.999999762, -0.000743137382, 0
vb0[1140]+000 COLOR: 0.807843149, 0.745098054, 0.458823532, 0.250980407
vb0[1140]+000 TEXCOORD: 0.807843149, 0.745098054, 0.458823532, 0.250980407
vb0[1140]+000 TEXCOORD1: 0.807843149, 0.745098054, 0.458823532, 0.250980407
vb0[1140]+000 TEXCOORD2: 0.807843149, 0.745098054, 0.458823532, 0.250980407
vb0[1140]+000 TEXCOORD3: 0.807843149, 0.745098054, 0.458823532, 0.250980407
vb0[1140]+024 TANGENT: 0, 0, -1, 1

vb0[1141]+000 POSITION: 3.84010577, 2.44502854, 2.47817636
vb0[1141]+012 NORMAL: 0.999999762, -0.000743137556, 0
vb0[1141]+000 COLOR: 0.294117659, 0.768627465, 0.458823532, 0.250980407
vb0[1141]+000 TEXCOORD: 0.294117659, 0.768627465, 0.458823532, 0.250980407
vb0[1141]+000 TEXCOORD1: 0.294117659, 0.768627465, 0.458823532, 0.250980407
vb0[1141]+000 TEXCOORD2: 0.294117659, 0.768627465, 0.458823532, 0.250980407
vb0[1141]+000 TEXCOORD3: 0.294117659, 0.768627465, 0.458823532, 0.250980407
vb0[1141]+024 TANGENT: 0, 0, -1, 1

vb0[1142]+000 POSITION: 3.83977079, 1.99412549, 2.4778285
vb0[1142]+012 NORMAL: 0.999999762, -0.000743137498, 0
vb0[1142]+000 COLOR: 0.807843149, 0.745098054, 0.458823532, 0.250980407
vb0[1142]+000 TEXCOORD: 0.807843149, 0.745098054, 0.458823532, 0.250980407
vb0[1142]+000 TEXCOORD1: 0.807843149, 0.745098054, 0.458823532, 0.250980407
vb0[1142]+000 TEXCOORD2: 0.807843149, 0.745098054, 0.458823532, 0.250980407
vb0[1142]+000 TEXCOORD3: 0.807843149, 0.745098054, 0.458823532, 0.250980407
vb0[1142]+024 TANGENT: 0, 0, -1, 1

vb0[1143]+000 POSITION: 3.84010577, 2.44502854, 1.15412295
vb0[1143]+012 NORMAL: 0.999999762, -0.000743137556, 0
vb0[1143]+000 COLOR: 0.294117659, 0.768627465, 0.458823532, 0.250980407
vb0[1143]+000 TEXCOORD: 0.294117659, 0.768627465, 0.458823532, 0.250980407
vb0[1143]+000 TEXCOORD1: 0.294117659, 0.768627465, 0.458823532, 0.250980407
vb0[1143]+000 TEXCOORD2: 0.294117659, 0.768627465, 0.458823532, 0.250980407
vb0[1143]+000 TEXCOORD3: 0.294117659, 0.768627465, 0.458823532, 0.250980407
vb0[1143]+024 TANGENT: 0, 0, -1, 1

vb0[1144]+000 POSITION: 3.84010577, 2.44502854, 1.15412295
vb0[1144]+012 NORMAL: 0, -0.000147544619, -1
vb0[1144]+000 COLOR: 0.294117659, 0.768627465, 0.458823532, 0.250980407
vb0[1144]+000 TEXCOORD: 0.294117659, 0.768627465, 0.458823532, 0.250980407
vb0[1144]+000 TEXCOORD1: 0.294117659, 0.768627465, 0.458823532, 0.250980407
vb0[1144]+000 TEXCOORD2: 0.294117659, 0.768627465, 0.458823532, 0.250980407
vb0[1144]+000 TEXCOORD3: 0.294117659, 0.768627465, 0.458823532, 0.250980407
vb0[1144]+024 TANGENT: -1, 0, 0, 1

vb0[1145]+000 POSITION: 2.50965333, 1.9941256, 1.15418947
vb0[1145]+012 NORMAL: 0, -0.000147544633, -1
vb0[1145]+000 COLOR: 0.160784319, 0.619607866, 0.125490203, 0.250980407
vb0[1145]+000 TEXCOORD: 0.160784319, 0.619607866, 0.125490203, 0.250980407
vb0[1145]+000 TEXCOORD1: 0.160784319, 0.619607866, 0.125490203, 0.250980407
vb0[1145]+000 TEXCOORD2: 0.160784319, 0.619607866, 0.125490203, 0.250980407
vb0[1145]+000 TEXCOORD3: 0.160784319, 0.619607866, 0.125490203, 0.250980407
vb0[1145]+024 TANGENT: -1, 0, 0, 1

vb0[1146]+000 POSITION: 2.50907087, 2.44502854, 1.15412295
vb0[1146]+012 NORMAL: 0, -0.000147544633, -1
vb0[1146]+000 COLOR: 0.619607866, 0.580392182, 0.125490203, 0.250980407
vb0[1146]+000 TEXCOORD: 0.619607866, 0.580392182, 0.125490203, 0.250980407
vb0[1146]+000 TEXCOORD1: 0.619607866, 0.580392182, 0.125490203, 0.250980407
vb0[1146]+000 TEXCOORD2: 0.619607866, 0.580392182, 0.125490203, 0.250980407
vb0[1146]+000 TEXCOORD3: 0.619607866, 0.580392182, 0.125490203, 0.250980407
vb0[1146]+024 TANGENT: -1, 0, 0, 1

vb0[1147]+000 POSITION: 3.83977079, 1.9941256, 1.15418947
vb0[1147]+012 NORMAL: 0, -0.000147544648, -1
vb0[1147]+000 COLOR: 0.807843149, 0.745098054, 0.458823532, 0.250980407
vb0[1147]+000 TEXCOORD: 0.807843149, 0.745098054, 0.458823532, 0.250980407
vb0[1147]+000 TEXCOORD1: 0.807843149, 0.745098054, 0.458823532, 0.250980407
vb0[1147]+000 TEXCOORD2: 0.807843149, 0.745098054, 0.458823532, 0.250980407
vb0[1147]+000 TEXCOORD3: 0.807843149, 0.745098054, 0.458823532, 0.250980407
vb0[1147]+024 TANGENT: -1, 0, 0, 1

vb0[1148]+000 POSITION: 3.84010577, 2.44502854, 2.47817636
vb0[1148]+012 NORMAL: 0, 0.427886754, 0.903832316
vb0[1148]+000 COLOR: 0.294117659, 0.768627465, 0.458823532, 0.250980407
vb0[1148]+000 TEXCOORD: 0.294117659, 0.768627465, 0.458823532, 0.250980407
vb0[1148]+000 TEXCOORD1: 0.294117659, 0.768627465, 0.458823532, 0.250980407
vb0[1148]+000 TEXCOORD2: 0.294117659, 0.768627465, 0.458823532, 0.250980407
vb0[1148]+000 TEXCOORD3: 0.294117659, 0.768627465, 0.458823532, 0.250980407
vb0[1148]+024 TANGENT: 1, 0, 0, 1

vb0[1149]+000 POSITION: 2.60302424, 2.60940719, 2.40035725
vb0[1149]+012 NORMAL: 0, 0.427886814, 0.903832316
vb0[1149]+000 COLOR: 0.952941179, 0.592156887, 0.149019614, 0.250980407
vb0[1149]+000 TEXCOORD: 0.952941179, 0.592156887, 0.149019614, 0.250980407
vb0[1149]+000 TEXCOORD1: 0.952941179, 0.592156887, 0.149019614, 0.250980407
vb0[1149]+000 TEXCOORD2: 0.952941179, 0.592156887, 0.149019614, 0.250980407
vb0[1149]+000 TEXCOORD3: 0.952941179, 0.592156887, 0.149019614, 0.250980407
vb0[1149]+024 TANGENT: 1, 0, 0, 1

vb0[1150]+000 POSITION: 2.50907087, 2.44502854, 2.47817636
vb0[1150]+012 NORMAL: 0, 0.427886814, 0.903832316
vb0[1150]+000 COLOR: 0.619607866, 0.580392182, 0.125490203, 0.250980407
vb0[1150]+000 TEXCOORD: 0.619607866, 0.580392182, 0.125490203, 0.250980407
vb0[1150]+000 TEXCOORD1: 0.619607866, 0.580392182, 0.125490203, 0.250980407
vb0[1150]+000 TEXCOORD2: 0.619607866, 0.580392182, 0.125490203, 0.250980407
vb0[1150]+000 TEXCOORD3: 0.619607866, 0.580392182, 0.125490203, 0.250980407
vb0[1150]+024 TANGENT: 1, 0, 0, 1

vb0[1151]+000 POSITION: 3.73440361, 2.60940719, 2.40035725
vb0[1151]+012 NORMAL: 0, 0.427886754, 0.903832316
vb0[1151]+000 COLOR: 0.470588237, 0, 0.435294122, 0.250980407
vb0[1151]+000 TEXCOORD: 0.470588237, 0, 0.435294122, 0.250980407
vb0[1151]+000 TEXCOORD1: 0.470588237, 0, 0.435294122, 0.250980407
vb0[1151]+000 TEXCOORD2: 0.470588237, 0, 0.435294122, 0.250980407
vb0[1151]+000 TEXCOORD3: 0.470588237, 0, 0.435294122, 0.250980407
vb0[1151]+024 TANGENT: 1, 0, 0, 1

vb0[1152]+000 POSITION: 2.50907087, 2.44502854, 2.47817636
vb0[1152]+012 NORMAL: -0.868191957, 0.496228516, 0
vb0[1152]+000 COLOR: 0.619607866, 0.580392182, 0.125490203, 0.250980407
vb0[1152]+000 TEXCOORD: 0.619607866, 0.580392182, 0.125490203, 0.250980407
vb0[1152]+000 TEXCOORD1: 0.619607866, 0.580392182, 0.125490203, 0.250980407
vb0[1152]+000 TEXCOORD2: 0.619607866, 0.580392182, 0.125490203, 0.250980407
vb0[1152]+000 TEXCOORD3: 0.619607866, 0.580392182, 0.125490203, 0.250980407
vb0[1152]+024 TANGENT: 0, 0, 1, 1

vb0[1153]+000 POSITION: 2.60302424, 2.60940719, 1.25428414
vb0[1153]+012 NORMAL: -0.868191779, 0.496228725, 0
vb0[1153]+000 COLOR: 0.952941179, 0.592156887, 0.149019614, 0.250980407
vb0[1153]+000 TEXCOORD: 0.952941179, 0.592156887, 0.149019614, 0.250980407
vb0[1153]+000 TEXCOORD1: 0.952941179, 0.592156887, 0.149019614, 0.250980407
vb0[1153]+000 TEXCOORD2: 0.952941179, 0.592156887, 0.149019614, 0.250980407
vb0[1153]+000 TEXCOORD3: 0.952941179, 0.592156887, 0.149019614, 0.250980407
vb0[1153]+024 TANGENT: 0, 0, 1, 1

vb0[1154]+000 POSITION: 2.50907087, 2.44502854, 1.15412295
vb0[1154]+012 NORMAL: -0.868191779, 0.496228784, 0
vb0[1154]+000 COLOR: 0.619607866, 0.580392182, 0.125490203, 0.250980407
vb0[1154]+000 TEXCOORD: 0.619607866, 0.580392182, 0.125490203, 0.250980407
vb0[1154]+000 TEXCOORD1: 0.619607866, 0.580392182, 0.125490203, 0.250980407
vb0[1154]+000 TEXCOORD2: 0.619607866, 0.580392182, 0.125490203, 0.250980407
vb0[1154]+000 TEXCOORD3: 0.619607866, 0.580392182, 0.125490203, 0.250980407
vb0[1154]+024 TANGENT: 0, 0, 1, 1

vb0[1155]+000 POSITION: 2.60302424, 2.60940719, 2.40035725
vb0[1155]+012 NORMAL: -0.868191957, 0.496228486, 0
vb0[1155]+000 COLOR: 0.952941179, 0.592156887, 0.149019614, 0.250980407
vb0[1155]+000 TEXCOORD: 0.952941179, 0.592156887, 0.149019614, 0.250980407
vb0[1155]+000 TEXCOORD1: 0.952941179, 0.592156887, 0.149019614, 0.250980407
vb0[1155]+000 TEXCOORD2: 0.952941179, 0.592156887, 0.149019614, 0.250980407
vb0[1155]+000 TEXCOORD3: 0.952941179, 0.592156887, 0.149019614, 0.250980407
vb0[1155]+024 TANGENT: 0, 0, 1, 1

vb0[1156]+000 POSITION: 2.50907087, 2.44502854, 1.15412295
vb0[1156]+012 NORMAL: 0, 0.520343244, -0.853957236
vb0[1156]+000 COLOR: 0.619607866, 0.580392182, 0.125490203, 0.250980407
vb0[1156]+000 TEXCOORD: 0.619607866, 0.580392182, 0.125490203, 0.250980407
vb0[1156]+000 TEXCOORD1: 0.619607866, 0.580392182, 0.125490203, 0.250980407
vb0[1156]+000 TEXCOORD2: 0.619607866, 0.580392182, 0.125490203, 0.250980407
vb0[1156]+000 TEXCOORD3: 0.619607866, 0.580392182, 0.125490203, 0.250980407
vb0[1156]+024 TANGENT: -1, 0, 0, 1

vb0[1157]+000 POSITION: 3.73440361, 2.60940719, 1.25428414
vb0[1157]+012 NORMAL: 0, 0.520343184, -0.853957295
vb0[1157]+000 COLOR: 0.470588237, 0, 0.435294122, 0.250980407
vb0[1157]+000 TEXCOORD: 0.470588237, 0, 0.435294122, 0.250980407
vb0[1157]+000 TEXCOORD1: 0.470588237, 0, 0.435294122, 0.250980407
vb0[1157]+000 TEXCOORD2: 0.470588237, 0, 0.435294122, 0.250980407
vb0[1157]+000 TEXCOORD3: 0.470588237, 0, 0.435294122, 0.250980407
vb0[1157]+024 TANGENT: -1, 0, 0, 1

vb0[1158]+000 POSITION: 3.84010577, 2.44502854, 1.15412295
vb0[1158]+012 NORMAL: 0, 0.520343184, -0.853957236
vb0[1158]+000 COLOR: 0.294117659, 0.768627465, 0.458823532, 0.250980407
vb0[1158]+000 TEXCOORD: 0.294117659, 0.768627465, 0.458823532, 0.250980407
vb0[1158]+000 TEXCOORD1: 0.294117659, 0.768627465, 0.458823532, 0.250980407
vb0[1158]+000 TEXCOORD2: 0.294117659, 0.768627465, 0.458823532, 0.250980407
vb0[1158]+000 TEXCOORD3: 0.294117659, 0.768627465, 0.458823532, 0.250980407
vb0[1158]+024 TANGENT: -1, 0, 0, 1

vb0[1159]+000 POSITION: 2.60302424, 2.60940719, 1.25428414
vb0[1159]+012 NORMAL: 0, 0.520343244, -0.853957236
vb0[1159]+000 COLOR: 0.952941179, 0.592156887, 0.149019614, 0.250980407
vb0[1159]+000 TEXCOORD: 0.952941179, 0.592156887, 0.149019614, 0.250980407
vb0[1159]+000 TEXCOORD1: 0.952941179, 0.592156887, 0.149019614, 0.250980407
vb0[1159]+000 TEXCOORD2: 0.952941179, 0.592156887, 0.149019614, 0.250980407
vb0[1159]+000 TEXCOORD3: 0.952941179, 0.592156887, 0.149019614, 0.250980407
vb0[1159]+024 TANGENT: -1, 0, 0, 1

vb0[1160]+000 POSITION: 3.84010577, 2.44502854, 1.15412295
vb0[1160]+012 NORMAL: 0.841108143, 0.540866911, 0
vb0[1160]+000 COLOR: 0.294117659, 0.768627465, 0.458823532, 0.250980407
vb0[1160]+000 TEXCOORD: 0.294117659, 0.768627465, 0.458823532, 0.250980407
vb0[1160]+000 TEXCOORD1: 0.294117659, 0.768627465, 0.458823532, 0.250980407
vb0[1160]+000 TEXCOORD2: 0.294117659, 0.768627465, 0.458823532, 0.250980407
vb0[1160]+000 TEXCOORD3: 0.294117659, 0.768627465, 0.458823532, 0.250980407
vb0[1160]+024 TANGENT: 0, 0, -1, 1

vb0[1161]+000 POSITION: 3.73440361, 2.60940719, 2.40035725
vb0[1161]+012 NORMAL: 0.841108322, 0.540866673, 0
vb0[1161]+000 COLOR: 0.470588237, 0, 0.435294122, 0.250980407
vb0[1161]+000 TEXCOORD: 0.470588237, 0, 0.435294122, 0.250980407
vb0[1161]+000 TEXCOORD1: 0.470588237, 0, 0.435294122, 0.250980407
vb0[1161]+000 TEXCOORD2: 0.470588237, 0, 0.435294122, 0.250980407
vb0[1161]+000 TEXCOORD3: 0.470588237, 0, 0.435294122, 0.250980407
vb0[1161]+024 TANGENT: 0, 0, -1, 1

vb0[1162]+000 POSITION: 3.84010577, 2.44502854, 2.47817636
vb0[1162]+012 NORMAL: 0.841108382, 0.540866613, 0
vb0[1162]+000 COLOR: 0.294117659, 0.768627465, 0.458823532, 0.250980407
vb0[1162]+000 TEXCOORD: 0.294117659, 0.768627465, 0.458823532, 0.250980407
vb0[1162]+000 TEXCOORD1: 0.294117659, 0.768627465, 0.458823532, 0.250980407
vb0[1162]+000 TEXCOORD2: 0.294117659, 0.768627465, 0.458823532, 0.250980407
vb0[1162]+000 TEXCOORD3: 0.294117659, 0.768627465, 0.458823532, 0.250980407
vb0[1162]+024 TANGENT: 0, 0, -1, 1

vb0[1163]+000 POSITION: 3.73440361, 2.60940719, 1.25428414
vb0[1163]+012 NORMAL: 0.841108143, 0.540867031, 0
vb0[1163]+000 COLOR: 0.470588237, 0, 0.435294122, 0.250980407
vb0[1163]+000 TEXCOORD: 0.470588237, 0, 0.435294122, 0.250980407
vb0[1163]+000 TEXCOORD1: 0.470588237, 0, 0.435294122, 0.250980407
vb0[1163]+000 TEXCOORD2: 0.470588237, 0, 0.435294122, 0.250980407
vb0[1163]+000 TEXCOORD3: 0.470588237, 0, 0.435294122, 0.250980407
vb0[1163]+024 TANGENT: 0, 0, -1, 1

vb0[1164]+000 POSITION: 3.73440361, 2.60940719, 2.40035725
vb0[1164]+012 NORMAL: 0, 0, 1
vb0[1164]+000 COLOR: 0.470588237, 0, 0.435294122, 0.250980407
vb0[1164]+000 TEXCOORD: 0.470588237, 0, 0.435294122, 0.250980407
vb0[1164]+000 TEXCOORD1: 0.470588237, 0, 0.435294122, 0.250980407
vb0[1164]+000 TEXCOORD2: 0.470588237, 0, 0.435294122, 0.250980407
vb0[1164]+000 TEXCOORD3: 0.470588237, 0, 0.435294122, 0.250980407
vb0[1164]+024 TANGENT: 1, 0, 0, 1

vb0[1165]+000 POSITION: 2.60302424, 4.3240037, 2.40035725
vb0[1165]+012 NORMAL: 0, 0, 1
vb0[1165]+000 COLOR: 0.952941179, 0.592156887, 0.149019614, 0.250980407
vb0[1165]+000 TEXCOORD: 0.952941179, 0.592156887, 0.149019614, 0.250980407
vb0[1165]+000 TEXCOORD1: 0.952941179, 0.592156887, 0.149019614, 0.250980407
vb0[1165]+000 TEXCOORD2: 0.952941179, 0.592156887, 0.149019614, 0.250980407
vb0[1165]+000 TEXCOORD3: 0.952941179, 0.592156887, 0.149019614, 0.250980407
vb0[1165]+024 TANGENT: 1, 0, 0, 1

vb0[1166]+000 POSITION: 2.60302424, 2.60940719, 2.40035725
vb0[1166]+012 NORMAL: 0, 0, 1
vb0[1166]+000 COLOR: 0.952941179, 0.592156887, 0.149019614, 0.250980407
vb0[1166]+000 TEXCOORD: 0.952941179, 0.592156887, 0.149019614, 0.250980407
vb0[1166]+000 TEXCOORD1: 0.952941179, 0.592156887, 0.149019614, 0.250980407
vb0[1166]+000 TEXCOORD2: 0.952941179, 0.592156887, 0.149019614, 0.250980407
vb0[1166]+000 TEXCOORD3: 0.952941179, 0.592156887, 0.149019614, 0.250980407
vb0[1166]+024 TANGENT: 1, 0, 0, 1

vb0[1167]+000 POSITION: 3.73440361, 4.3240037, 2.40035725
vb0[1167]+012 NORMAL: 0, 0, 1
vb0[1167]+000 COLOR: 0.470588237, 0, 0.435294122, 0.250980407
vb0[1167]+000 TEXCOORD: 0.470588237, 0, 0.435294122, 0.250980407
vb0[1167]+000 TEXCOORD1: 0.470588237, 0, 0.435294122, 0.250980407
vb0[1167]+000 TEXCOORD2: 0.470588237, 0, 0.435294122, 0.250980407
vb0[1167]+000 TEXCOORD3: 0.470588237, 0, 0.435294122, 0.250980407
vb0[1167]+024 TANGENT: 1, 0, 0, 1

vb0[1168]+000 POSITION: 2.60302424, 2.60940719, 2.40035725
vb0[1168]+012 NORMAL: -1, 0, 0
vb0[1168]+000 COLOR: 0.952941179, 0.592156887, 0.149019614, 0.250980407
vb0[1168]+000 TEXCOORD: 0.952941179, 0.592156887, 0.149019614, 0.250980407
vb0[1168]+000 TEXCOORD1: 0.952941179, 0.592156887, 0.149019614, 0.250980407
vb0[1168]+000 TEXCOORD2: 0.952941179, 0.592156887, 0.149019614, 0.250980407
vb0[1168]+000 TEXCOORD3: 0.952941179, 0.592156887, 0.149019614, 0.250980407
vb0[1168]+024 TANGENT: 0, 0, 1, 1

vb0[1169]+000 POSITION: 2.60302424, 4.3240037, 1.25428414
vb0[1169]+012 NORMAL: -1, 0, 0
vb0[1169]+000 COLOR: 0.952941179, 0.592156887, 0.149019614, 0.250980407
vb0[1169]+000 TEXCOORD: 0.952941179, 0.592156887, 0.149019614, 0.250980407
vb0[1169]+000 TEXCOORD1: 0.952941179, 0.592156887, 0.149019614, 0.250980407
vb0[1169]+000 TEXCOORD2: 0.952941179, 0.592156887, 0.149019614, 0.250980407
vb0[1169]+000 TEXCOORD3: 0.952941179, 0.592156887, 0.149019614, 0.250980407
vb0[1169]+024 TANGENT: 0, 0, 1, 1

vb0[1170]+000 POSITION: 2.60302424, 2.60940719, 1.25428414
vb0[1170]+012 NORMAL: -1, 0, 0
vb0[1170]+000 COLOR: 0.952941179, 0.592156887, 0.149019614, 0.250980407
vb0[1170]+000 TEXCOORD: 0.952941179, 0.592156887, 0.149019614, 0.250980407
vb0[1170]+000 TEXCOORD1: 0.952941179, 0.592156887, 0.149019614, 0.250980407
vb0[1170]+000 TEXCOORD2: 0.952941179, 0.592156887, 0.149019614, 0.250980407
vb0[1170]+000 TEXCOORD3: 0.952941179, 0.592156887, 0.149019614, 0.250980407
vb0[1170]+024 TANGENT: 0, 0, 1, 1

vb0[1171]+000 POSITION: 2.60302424, 4.3240037, 2.40035725
vb0[1171]+012 NORMAL: -1, 0, 0
vb0[1171]+000 COLOR: 0.952941179, 0.592156887, 0.149019614, 0.250980407
vb0[1171]+000 TEXCOORD: 0.952941179, 0.592156887, 0.149019614, 0.250980407
vb0[1171]+000 TEXCOORD1: 0.952941179, 0.592156887, 0.149019614, 0.250980407
vb0[1171]+000 TEXCOORD2: 0.952941179, 0.592156887, 0.149019614, 0.250980407
vb0[1171]+000 TEXCOORD3: 0.952941179, 0.592156887, 0.149019614, 0.250980407
vb0[1171]+024 TANGENT: 0, 0, 1, 1

vb0[1172]+000 POSITION: 2.60302424, 2.60940719, 1.25428414
vb0[1172]+012 NORMAL: 0, 0, -1
vb0[1172]+000 COLOR: 0.952941179, 0.592156887, 0.149019614, 0.250980407
vb0[1172]+000 TEXCOORD: 0.952941179, 0.592156887, 0.149019614, 0.250980407
vb0[1172]+000 TEXCOORD1: 0.952941179, 0.592156887, 0.149019614, 0.250980407
vb0[1172]+000 TEXCOORD2: 0.952941179, 0.592156887, 0.149019614, 0.250980407
vb0[1172]+000 TEXCOORD3: 0.952941179, 0.592156887, 0.149019614, 0.250980407
vb0[1172]+024 TANGENT: -1, 0, 0, 1

vb0[1173]+000 POSITION: 3.73440361, 4.3240037, 1.25428414
vb0[1173]+012 NORMAL: 0, 0, -1
vb0[1173]+000 COLOR: 0.470588237, 0, 0.435294122, 0.250980407
vb0[1173]+000 TEXCOORD: 0.470588237, 0, 0.435294122, 0.250980407
vb0[1173]+000 TEXCOORD1: 0.470588237, 0, 0.435294122, 0.250980407
vb0[1173]+000 TEXCOORD2: 0.470588237, 0, 0.435294122, 0.250980407
vb0[1173]+000 TEXCOORD3: 0.470588237, 0, 0.435294122, 0.250980407
vb0[1173]+024 TANGENT: -1, 0, 0, 1

vb0[1174]+000 POSITION: 3.73440361, 2.60940719, 1.25428414
vb0[1174]+012 NORMAL: 0, 0, -1
vb0[1174]+000 COLOR: 0.470588237, 0, 0.435294122, 0.250980407
vb0[1174]+000 TEXCOORD: 0.470588237, 0, 0.435294122, 0.250980407
vb0[1174]+000 TEXCOORD1: 0.470588237, 0, 0.435294122, 0.250980407
vb0[1174]+000 TEXCOORD2: 0.470588237, 0, 0.435294122, 0.250980407
vb0[1174]+000 TEXCOORD3: 0.470588237, 0, 0.435294122, 0.250980407
vb0[1174]+024 TANGENT: -1, 0, 0, 1

vb0[1175]+000 POSITION: 2.60302424, 4.3240037, 1.25428414
vb0[1175]+012 NORMAL: 0, 0, -1
vb0[1175]+000 COLOR: 0.952941179, 0.592156887, 0.149019614, 0.250980407
vb0[1175]+000 TEXCOORD: 0.952941179, 0.592156887, 0.149019614, 0.250980407
vb0[1175]+000 TEXCOORD1: 0.952941179, 0.592156887, 0.149019614, 0.250980407
vb0[1175]+000 TEXCOORD2: 0.952941179, 0.592156887, 0.149019614, 0.250980407
vb0[1175]+000 TEXCOORD3: 0.952941179, 0.592156887, 0.149019614, 0.250980407
vb0[1175]+024 TANGENT: -1, 0, 0, 1

vb0[1176]+000 POSITION: 3.73440361, 2.60940719, 1.25428414
vb0[1176]+012 NORMAL: 1, 0, 0
vb0[1176]+000 COLOR: 0.470588237, 0, 0.435294122, 0.250980407
vb0[1176]+000 TEXCOORD: 0.470588237, 0, 0.435294122, 0.250980407
vb0[1176]+000 TEXCOORD1: 0.470588237, 0, 0.435294122, 0.250980407
vb0[1176]+000 TEXCOORD2: 0.470588237, 0, 0.435294122, 0.250980407
vb0[1176]+000 TEXCOORD3: 0.470588237, 0, 0.435294122, 0.250980407
vb0[1176]+024 TANGENT: 0, 0, -1, 1

vb0[1177]+000 POSITION: 3.73440361, 4.3240037, 2.40035725
vb0[1177]+012 NORMAL: 1, 0, 0
vb0[1177]+000 COLOR: 0.470588237, 0, 0.435294122, 0.250980407
vb0[1177]+000 TEXCOORD: 0.470588237, 0, 0.435294122, 0.250980407
vb0[1177]+000 TEXCOORD1: 0.470588237, 0, 0.435294122, 0.250980407
vb0[1177]+000 TEXCOORD2: 0.470588237, 0, 0.435294122, 0.250980407
vb0[1177]+000 TEXCOORD3: 0.470588237, 0, 0.435294122, 0.250980407
vb0[1177]+024 TANGENT: 0, 0, -1, 1

vb0[1178]+000 POSITION: 3.73440361, 2.60940719, 2.40035725
vb0[1178]+012 NORMAL: 1, 0, 0
vb0[1178]+000 COLOR: 0.470588237, 0, 0.435294122, 0.250980407
vb0[1178]+000 TEXCOORD: 0.470588237, 0, 0.435294122, 0.250980407
vb0[1178]+000 TEXCOORD1: 0.470588237, 0, 0.435294122, 0.250980407
vb0[1178]+000 TEXCOORD2: 0.470588237, 0, 0.435294122, 0.250980407
vb0[1178]+000 TEXCOORD3: 0.470588237, 0, 0.435294122, 0.250980407
vb0[1178]+024 TANGENT: 0, 0, -1, 1

vb0[1179]+000 POSITION: 3.73440361, 4.3240037, 1.25428414
vb0[1179]+012 NORMAL: 1, 0, 0
vb0[1179]+000 COLOR: 0.470588237, 0, 0.435294122, 0.250980407
vb0[1179]+000 TEXCOORD: 0.470588237, 0, 0.435294122, 0.250980407
vb0[1179]+000 TEXCOORD1: 0.470588237, 0, 0.435294122, 0.250980407
vb0[1179]+000 TEXCOORD2: 0.470588237, 0, 0.435294122, 0.250980407
vb0[1179]+000 TEXCOORD3: 0.470588237, 0, 0.435294122, 0.250980407
vb0[1179]+024 TANGENT: 0, 0, -1, 1

vb0[1180]+000 POSITION: 3.73440361, 4.3240037, 2.40035725
vb0[1180]+012 NORMAL: 0, -0.804981828, 0.593299329
vb0[1180]+000 COLOR: 0.470588237, 0, 0.435294122, 0.250980407
vb0[1180]+000 TEXCOORD: 0.470588237, 0, 0.435294122, 0.250980407
vb0[1180]+000 TEXCOORD1: 0.470588237, 0, 0.435294122, 0.250980407
vb0[1180]+000 TEXCOORD2: 0.470588237, 0, 0.435294122, 0.250980407
vb0[1180]+000 TEXCOORD3: 0.470588237, 0, 0.435294122, 0.250980407
vb0[1180]+024 TANGENT: 1, 0, 0, 1

vb0[1181]+000 POSITION: 2.36446953, 4.50073338, 2.64014244
vb0[1181]+012 NORMAL: 0, -0.804981828, 0.593299448
vb0[1181]+000 COLOR: 0.470588237, 0.325490206, 0.0901960805, 0.250980407
vb0[1181]+000 TEXCOORD: 0.470588237, 0.325490206, 0.0901960805, 0.250980407
vb0[1181]+000 TEXCOORD1: 0.470588237, 0.325490206, 0.0901960805, 0.250980407
vb0[1181]+000 TEXCOORD2: 0.470588237, 0.325490206, 0.0901960805, 0.250980407
vb0[1181]+000 TEXCOORD3: 0.470588237, 0.325490206, 0.0901960805, 0.250980407
vb0[1181]+024 TANGENT: 1, 0, 0, 1

vb0[1182]+000 POSITION: 2.60302424, 4.3240037, 2.40035725
vb0[1182]+012 NORMAL: 0, -0.804981828, 0.593299389
vb0[1182]+000 COLOR: 0.952941179, 0.592156887, 0.149019614, 0.250980407
vb0[1182]+000 TEXCOORD: 0.952941179, 0.592156887, 0.149019614, 0.250980407
vb0[1182]+000 TEXCOORD1: 0.952941179, 0.592156887, 0.149019614, 0.250980407
vb0[1182]+000 TEXCOORD2: 0.952941179, 0.592156887, 0.149019614, 0.250980407
vb0[1182]+000 TEXCOORD3: 0.952941179, 0.592156887, 0.149019614, 0.250980407
vb0[1182]+024 TANGENT: 1, 0, 0, 1

vb0[1183]+000 POSITION: 3.97345138, 4.50073338, 2.64014244
vb0[1183]+012 NORMAL: 0, -0.804981828, 0.593299448
vb0[1183]+000 COLOR: 0.0274509806, 0.301960796, 0.494117647, 0.250980407
vb0[1183]+000 TEXCOORD: 0.0274509806, 0.301960796, 0.494117647, 0.250980407
vb0[1183]+000 TEXCOORD1: 0.0274509806, 0.301960796, 0.494117647, 0.250980407
vb0[1183]+000 TEXCOORD2: 0.0274509806, 0.301960796, 0.494117647, 0.250980407
vb0[1183]+000 TEXCOORD3: 0.0274509806, 0.301960796, 0.494117647, 0.250980407
vb0[1183]+024 TANGENT: 1, 0, 0, 1

vb0[1184]+000 POSITION: 2.60302424, 4.3240037, 2.40035725
vb0[1184]+012 NORMAL: -0.595277309, -0.803520262, 0
vb0[1184]+000 COLOR: 0.952941179, 0.592156887, 0.149019614, 0.250980407
vb0[1184]+000 TEXCOORD: 0.952941179, 0.592156887, 0.149019614, 0.250980407
vb0[1184]+000 TEXCOORD1: 0.952941179, 0.592156887, 0.149019614, 0.250980407
vb0[1184]+000 TEXCOORD2: 0.952941179, 0.592156887, 0.149019614, 0.250980407
vb0[1184]+000 TEXCOORD3: 0.952941179, 0.592156887, 0.149019614, 0.250980407
vb0[1184]+024 TANGENT: 0, 0, 1, 1

vb0[1185]+000 POSITION: 2.36446953, 4.50073338, 1.02625203
vb0[1185]+012 NORMAL: -0.595277309, -0.803520262, 0
vb0[1185]+000 COLOR: 0.470588237, 0.325490206, 0.0901960805, 0.250980407
vb0[1185]+000 TEXCOORD: 0.470588237, 0.325490206, 0.0901960805, 0.250980407
vb0[1185]+000 TEXCOORD1: 0.470588237, 0.325490206, 0.0901960805, 0.250980407
vb0[1185]+000 TEXCOORD2: 0.470588237, 0.325490206, 0.0901960805, 0.250980407
vb0[1185]+000 TEXCOORD3: 0.470588237, 0.325490206, 0.0901960805, 0.250980407
vb0[1185]+024 TANGENT: 0, 0, 1, 1

vb0[1186]+000 POSITION: 2.60302424, 4.3240037, 1.25428414
vb0[1186]+012 NORMAL: -0.595277309, -0.803520262, 0
vb0[1186]+000 COLOR: 0.952941179, 0.592156887, 0.149019614, 0.250980407
vb0[1186]+000 TEXCOORD: 0.952941179, 0.592156887, 0.149019614, 0.250980407
vb0[1186]+000 TEXCOORD1: 0.952941179, 0.592156887, 0.149019614, 0.250980407
vb0[1186]+000 TEXCOORD2: 0.952941179, 0.592156887, 0.149019614, 0.250980407
vb0[1186]+000 TEXCOORD3: 0.952941179, 0.592156887, 0.149019614, 0.250980407
vb0[1186]+024 TANGENT: 0, 0, 1, 1

vb0[1187]+000 POSITION: 2.36446953, 4.50073338, 2.64014244
vb0[1187]+012 NORMAL: -0.59527725, -0.803520381, 0
vb0[1187]+000 COLOR: 0.470588237, 0.325490206, 0.0901960805, 0.250980407
vb0[1187]+000 TEXCOORD: 0.470588237, 0.325490206, 0.0901960805, 0.250980407
vb0[1187]+000 TEXCOORD1: 0.470588237, 0.325490206, 0.0901960805, 0.250980407
vb0[1187]+000 TEXCOORD2: 0.470588237, 0.325490206, 0.0901960805, 0.250980407
vb0[1187]+000 TEXCOORD3: 0.470588237, 0.325490206, 0.0901960805, 0.250980407
vb0[1187]+024 TANGENT: 0, 0, 1, 1

vb0[1188]+000 POSITION: 2.60302424, 4.3240037, 1.25428414
vb0[1188]+012 NORMAL: 0, -0.790406525, -0.612582743
vb0[1188]+000 COLOR: 0.952941179, 0.592156887, 0.149019614, 0.250980407
vb0[1188]+000 TEXCOORD: 0.952941179, 0.592156887, 0.149019614, 0.250980407
vb0[1188]+000 TEXCOORD1: 0.952941179, 0.592156887, 0.149019614, 0.250980407
vb0[1188]+000 TEXCOORD2: 0.952941179, 0.592156887, 0.149019614, 0.250980407
vb0[1188]+000 TEXCOORD3: 0.952941179, 0.592156887, 0.149019614, 0.250980407
vb0[1188]+024 TANGENT: -1, 0, 0, 1

vb0[1189]+000 POSITION: 3.97345138, 4.50073338, 1.02625203
vb0[1189]+012 NORMAL: 0, -0.790406406, -0.612582743
vb0[1189]+000 COLOR: 0.0274509806, 0.301960796, 0.494117647, 0.250980407
vb0[1189]+000 TEXCOORD: 0.0274509806, 0.301960796, 0.494117647, 0.250980407
vb0[1189]+000 TEXCOORD1: 0.0274509806, 0.301960796, 0.494117647, 0.250980407
vb0[1189]+000 TEXCOORD2: 0.0274509806, 0.301960796, 0.494117647, 0.250980407
vb0[1189]+000 TEXCOORD3: 0.0274509806, 0.301960796, 0.494117647, 0.250980407
vb0[1189]+024 TANGENT: -1, 0, 0, 1

vb0[1190]+000 POSITION: 3.73440361, 4.3240037, 1.25428414
vb0[1190]+012 NORMAL: 0, -0.790406406, -0.612582743
vb0[1190]+000 COLOR: 0.470588237, 0, 0.435294122, 0.250980407
vb0[1190]+000 TEXCOORD: 0.470588237, 0, 0.435294122, 0.250980407
vb0[1190]+000 TEXCOORD1: 0.470588237, 0, 0.435294122, 0.250980407
vb0[1190]+000 TEXCOORD2: 0.470588237, 0, 0.435294122, 0.250980407
vb0[1190]+000 TEXCOORD3: 0.470588237, 0, 0.435294122, 0.250980407
vb0[1190]+024 TANGENT: -1, 0, 0, 1

vb0[1191]+000 POSITION: 2.36446953, 4.50073338, 1.02625203
vb0[1191]+012 NORMAL: 0, -0.790406406, -0.612582743
vb0[1191]+000 COLOR: 0.470588237, 0.325490206, 0.0901960805, 0.250980407
vb0[1191]+000 TEXCOORD: 0.470588237, 0.325490206, 0.0901960805, 0.250980407
vb0[1191]+000 TEXCOORD1: 0.470588237, 0.325490206, 0.0901960805, 0.250980407
vb0[1191]+000 TEXCOORD2: 0.470588237, 0.325490206, 0.0901960805, 0.250980407
vb0[1191]+000 TEXCOORD3: 0.470588237, 0.325490206, 0.0901960805, 0.250980407
vb0[1191]+024 TANGENT: -1, 0, 0, 1

vb0[1192]+000 POSITION: 3.73440361, 4.3240037, 1.25428414
vb0[1192]+012 NORMAL: 0.594483495, -0.804107726, 0
vb0[1192]+000 COLOR: 0.470588237, 0, 0.435294122, 0.250980407
vb0[1192]+000 TEXCOORD: 0.470588237, 0, 0.435294122, 0.250980407
vb0[1192]+000 TEXCOORD1: 0.470588237, 0, 0.435294122, 0.250980407
vb0[1192]+000 TEXCOORD2: 0.470588237, 0, 0.435294122, 0.250980407
vb0[1192]+000 TEXCOORD3: 0.470588237, 0, 0.435294122, 0.250980407
vb0[1192]+024 TANGENT: 0, 0, -1, 1

vb0[1193]+000 POSITION: 3.97345138, 4.50073338, 2.64014244
vb0[1193]+012 NORMAL: 0.594483495, -0.804107845, 0
vb0[1193]+000 COLOR: 0.0274509806, 0.301960796, 0.494117647, 0.250980407
vb0[1193]+000 TEXCOORD: 0.0274509806, 0.301960796, 0.494117647, 0.250980407
vb0[1193]+000 TEXCOORD1: 0.0274509806, 0.301960796, 0.494117647, 0.250980407
vb0[1193]+000 TEXCOORD2: 0.0274509806, 0.301960796, 0.494117647, 0.250980407
vb0[1193]+000 TEXCOORD3: 0.0274509806, 0.301960796, 0.494117647, 0.250980407
vb0[1193]+024 TANGENT: 0, 0, -1, 1

vb0[1194]+000 POSITION: 3.73440361, 4.3240037, 2.40035725
vb0[1194]+012 NORMAL: 0.594483495, -0.804107845, 0
vb0[1194]+000 COLOR: 0.470588237, 0, 0.435294122, 0.250980407
vb0[1194]+000 TEXCOORD: 0.470588237, 0, 0.435294122, 0.250980407
vb0[1194]+000 TEXCOORD1: 0.470588237, 0, 0.435294122, 0.250980407
vb0[1194]+000 TEXCOORD2: 0.470588237, 0, 0.435294122, 0.250980407
vb0[1194]+000 TEXCOORD3: 0.470588237, 0, 0.435294122, 0.250980407
vb0[1194]+024 TANGENT: 0, 0, -1, 1

vb0[1195]+000 POSITION: 3.97345138, 4.50073338, 1.02625203
vb0[1195]+012 NORMAL: 0.594483495, -0.804107845, 0
vb0[1195]+000 COLOR: 0.0274509806, 0.301960796, 0.494117647, 0.250980407
vb0[1195]+000 TEXCOORD: 0.0274509806, 0.301960796, 0.494117647, 0.250980407
vb0[1195]+000 TEXCOORD1: 0.0274509806, 0.301960796, 0.494117647, 0.250980407
vb0[1195]+000 TEXCOORD2: 0.0274509806, 0.301960796, 0.494117647, 0.250980407
vb0[1195]+000 TEXCOORD3: 0.0274509806, 0.301960796, 0.494117647, 0.250980407
vb0[1195]+024 TANGENT: 0, 0, -1, 1

vb0[1196]+000 POSITION: 2.19522691, 7.28769064, 2.89247632
vb0[1196]+012 NORMAL: 0.000496435619, -0.0898579732, 0.995954514
vb0[1196]+000 COLOR: 0.600000024, 0.494117647, 0.0470588244, 0.250980407
vb0[1196]+000 TEXCOORD: 0.600000024, 0.494117647, 0.0470588244, 0.250980407
vb0[1196]+000 TEXCOORD1: 0.600000024, 0.494117647, 0.0470588244, 0.250980407
vb0[1196]+000 TEXCOORD2: 0.600000024, 0.494117647, 0.0470588244, 0.250980407
vb0[1196]+000 TEXCOORD3: 0.600000024, 0.494117647, 0.0470588244, 0.250980407
vb0[1196]+024 TANGENT: 1, 0, 0, 1

vb0[1197]+000 POSITION: 3.97345138, 4.50073338, 2.64014244
vb0[1197]+012 NORMAL: 0.000293786929, -0.0899862498, 0.99594301
vb0[1197]+000 COLOR: 0.0274509806, 0.301960796, 0.494117647, 0.250980407
vb0[1197]+000 TEXCOORD: 0.0274509806, 0.301960796, 0.494117647, 0.250980407
vb0[1197]+000 TEXCOORD1: 0.0274509806, 0.301960796, 0.494117647, 0.250980407
vb0[1197]+000 TEXCOORD2: 0.0274509806, 0.301960796, 0.494117647, 0.250980407
vb0[1197]+000 TEXCOORD3: 0.0274509806, 0.301960796, 0.494117647, 0.250980407
vb0[1197]+024 TANGENT: 1, 0, 0, 1

vb0[1198]+000 POSITION: 4.21526051, 7.28769064, 2.89096284
vb0[1198]+012 NORMAL: 0.000746309117, -0.0896998271, 0.99596858
vb0[1198]+000 COLOR: 0.41568628, 0.890196085, 0.525490224, 0.250980407
vb0[1198]+000 TEXCOORD: 0.41568628, 0.890196085, 0.525490224, 0.250980407
vb0[1198]+000 TEXCOORD1: 0.41568628, 0.890196085, 0.525490224, 0.250980407
vb0[1198]+000 TEXCOORD2: 0.41568628, 0.890196085, 0.525490224, 0.250980407
vb0[1198]+000 TEXCOORD3: 0.41568628, 0.890196085, 0.525490224, 0.250980407
vb0[1198]+024 TANGENT: 1, 0, 0, 1

vb0[1199]+000 POSITION: 2.36446953, 4.50073338, 2.64014244
vb0[1199]+012 NORMAL: 0, -0.090172179, 0.995926261
vb0[1199]+000 COLOR: 0.470588237, 0.325490206, 0.0901960805, 0.250980407
vb0[1199]+000 TEXCOORD: 0.470588237, 0.325490206, 0.0901960805, 0.250980407
vb0[1199]+000 TEXCOORD1: 0.470588237, 0.325490206, 0.0901960805, 0.250980407
vb0[1199]+000 TEXCOORD2: 0.470588237, 0.325490206, 0.0901960805, 0.250980407
vb0[1199]+000 TEXCOORD3: 0.470588237, 0.325490206, 0.0901960805, 0.250980407
vb0[1199]+024 TANGENT: 1, 0, 0, 1

vb0[1200]+000 POSITION: 2.19522691, 7.28769064, 2.89247632
vb0[1200]+012 NORMAL: -0.70347017, 0.710514605, 0.0172852352
vb0[1200]+000 COLOR: 0.600000024, 0.494117647, 0.0470588244, 0.250980407
vb0[1200]+000 TEXCOORD: 0.600000024, 0.494117647, 0.0470588244, 0.250980407
vb0[1200]+000 TEXCOORD1: 0.600000024, 0.494117647, 0.0470588244, 0.250980407
vb0[1200]+000 TEXCOORD2: 0.600000024, 0.494117647, 0.0470588244, 0.250980407
vb0[1200]+000 TEXCOORD3: 0.600000024, 0.494117647, 0.0470588244, 0.250980407
vb0[1200]+024 TANGENT: 0.022723889, -0.0018228495, 0.999740064, 1

vb0[1201]+000 POSITION: 2.36446953, 4.50073338, 1.02625203
vb0[1201]+012 NORMAL: -0.997383773, -0.0706902072, 0.0151165398
vb0[1201]+000 COLOR: 0.470588237, 0.325490206, 0.0901960805, 0.250980407
vb0[1201]+000 TEXCOORD: 0.470588237, 0.325490206, 0.0901960805, 0.250980407
vb0[1201]+000 TEXCOORD1: 0.470588237, 0.325490206, 0.0901960805, 0.250980407
vb0[1201]+000 TEXCOORD2: 0.470588237, 0.325490206, 0.0901960805, 0.250980407
vb0[1201]+000 TEXCOORD3: 0.470588237, 0.325490206, 0.0901960805, 0.250980407
vb0[1201]+024 TANGENT: 0.0150853666, 0, 0.999886274, 1

vb0[1202]+000 POSITION: 2.36446953, 4.50073338, 2.64014244
vb0[1202]+012 NORMAL: -0.998161256, -0.0606149845, 0
vb0[1202]+000 COLOR: 0.470588237, 0.325490206, 0.0901960805, 0.250980407
vb0[1202]+000 TEXCOORD: 0.470588237, 0.325490206, 0.0901960805, 0.250980407
vb0[1202]+000 TEXCOORD1: 0.470588237, 0.325490206, 0.0901960805, 0.250980407
vb0[1202]+000 TEXCOORD2: 0.470588237, 0.325490206, 0.0901960805, 0.250980407
vb0[1202]+000 TEXCOORD3: 0.470588237, 0.325490206, 0.0901960805, 0.250980407
vb0[1202]+024 TANGENT: 0, 0, 1, 1

vb0[1203]+000 POSITION: 2.11658382, 7.28769159, 0.770448923
vb0[1203]+012 NORMAL: -0.721920729, 0.691458344, 0.0267548691
vb0[1203]+000 COLOR: 0.109803922, 0.4627451, 0.0274509806, 0.250980407
vb0[1203]+000 TEXCOORD: 0.109803922, 0.4627451, 0.0274509806, 0.250980407
vb0[1203]+000 TEXCOORD1: 0.109803922, 0.4627451, 0.0274509806, 0.250980407
vb0[1203]+000 TEXCOORD2: 0.109803922, 0.4627451, 0.0274509806, 0.250980407
vb0[1203]+000 TEXCOORD3: 0.109803922, 0.4627451, 0.0274509806, 0.250980407
vb0[1203]+024 TANGENT: 0.0381227843, 0.00113705907, 0.999272406, 1

vb0[1204]+000 POSITION: 4.21526051, 7.28769159, 0.770448923
vb0[1204]+012 NORMAL: 0, -0.091401577, -0.995814145
vb0[1204]+000 COLOR: 0.41568628, 0.890196085, 0.525490224, 0.250980407
vb0[1204]+000 TEXCOORD: 0.41568628, 0.890196085, 0.525490224, 0.250980407
vb0[1204]+000 TEXCOORD1: 0.41568628, 0.890196085, 0.525490224, 0.250980407
vb0[1204]+000 TEXCOORD2: 0.41568628, 0.890196085, 0.525490224, 0.250980407
vb0[1204]+000 TEXCOORD3: 0.41568628, 0.890196085, 0.525490224, 0.250980407
vb0[1204]+024 TANGENT: -1, 0, 0, 1

vb0[1205]+000 POSITION: 2.36446953, 4.50073338, 1.02625203
vb0[1205]+012 NORMAL: 0, -0.0914015844, -0.995814145
vb0[1205]+000 COLOR: 0.470588237, 0.325490206, 0.0901960805, 0.250980407
vb0[1205]+000 TEXCOORD: 0.470588237, 0.325490206, 0.0901960805, 0.250980407
vb0[1205]+000 TEXCOORD1: 0.470588237, 0.325490206, 0.0901960805, 0.250980407
vb0[1205]+000 TEXCOORD2: 0.470588237, 0.325490206, 0.0901960805, 0.250980407
vb0[1205]+000 TEXCOORD3: 0.470588237, 0.325490206, 0.0901960805, 0.250980407
vb0[1205]+024 TANGENT: -1, 0, 0, 1

vb0[1206]+000 POSITION: 2.11658382, 7.28769159, 0.770448923
vb0[1206]+012 NORMAL: 0, -0.0914015844, -0.995814145
vb0[1206]+000 COLOR: 0.109803922, 0.4627451, 0.0274509806, 0.250980407
vb0[1206]+000 TEXCOORD: 0.109803922, 0.4627451, 0.0274509806, 0.250980407
vb0[1206]+000 TEXCOORD1: 0.109803922, 0.4627451, 0.0274509806, 0.250980407
vb0[1206]+000 TEXCOORD2: 0.109803922, 0.4627451, 0.0274509806, 0.250980407
vb0[1206]+000 TEXCOORD3: 0.109803922, 0.4627451, 0.0274509806, 0.250980407
vb0[1206]+024 TANGENT: -1, 0, 0, 1

vb0[1207]+000 POSITION: 3.97345138, 4.50073338, 1.02625203
vb0[1207]+012 NORMAL: 0, -0.091401577, -0.995814145
vb0[1207]+000 COLOR: 0.0274509806, 0.301960796, 0.494117647, 0.250980407
vb0[1207]+000 TEXCOORD: 0.0274509806, 0.301960796, 0.494117647, 0.250980407
vb0[1207]+000 TEXCOORD1: 0.0274509806, 0.301960796, 0.494117647, 0.250980407
vb0[1207]+000 TEXCOORD2: 0.0274509806, 0.301960796, 0.494117647, 0.250980407
vb0[1207]+000 TEXCOORD3: 0.0274509806, 0.301960796, 0.494117647, 0.250980407
vb0[1207]+024 TANGENT: -1, 0, 0, 1

vb0[1208]+000 POSITION: 4.21526051, 7.28769064, 2.89096284
vb0[1208]+012 NORMAL: 0.996257067, -0.0864397734, 0
vb0[1208]+000 COLOR: 0.41568628, 0.890196085, 0.525490224, 0.250980407
vb0[1208]+000 TEXCOORD: 0.41568628, 0.890196085, 0.525490224, 0.250980407
vb0[1208]+000 TEXCOORD1: 0.41568628, 0.890196085, 0.525490224, 0.250980407
vb0[1208]+000 TEXCOORD2: 0.41568628, 0.890196085, 0.525490224, 0.250980407
vb0[1208]+000 TEXCOORD3: 0.41568628, 0.890196085, 0.525490224, 0.250980407
vb0[1208]+024 TANGENT: 0, 0, -1, 1

vb0[1209]+000 POSITION: 3.97345138, 4.50073338, 1.02625203
vb0[1209]+012 NORMAL: 0.996257067, -0.0864397734, 0
vb0[1209]+000 COLOR: 0.0274509806, 0.301960796, 0.494117647, 0.250980407
vb0[1209]+000 TEXCOORD: 0.0274509806, 0.301960796, 0.494117647, 0.250980407
vb0[1209]+000 TEXCOORD1: 0.0274509806, 0.301960796, 0.494117647, 0.250980407
vb0[1209]+000 TEXCOORD2: 0.0274509806, 0.301960796, 0.494117647, 0.250980407
vb0[1209]+000 TEXCOORD3: 0.0274509806, 0.301960796, 0.494117647, 0.250980407
vb0[1209]+024 TANGENT: 0, 0, -1, 1

vb0[1210]+000 POSITION: 4.21526051, 7.28769159, 0.770448923
vb0[1210]+012 NORMAL: 0.996257067, -0.0864397734, 0
vb0[1210]+000 COLOR: 0.41568628, 0.890196085, 0.525490224, 0.250980407
vb0[1210]+000 TEXCOORD: 0.41568628, 0.890196085, 0.525490224, 0.250980407
vb0[1210]+000 TEXCOORD1: 0.41568628, 0.890196085, 0.525490224, 0.250980407
vb0[1210]+000 TEXCOORD2: 0.41568628, 0.890196085, 0.525490224, 0.250980407
vb0[1210]+000 TEXCOORD3: 0.41568628, 0.890196085, 0.525490224, 0.250980407
vb0[1210]+024 TANGENT: 0, 0, -1, 1

vb0[1211]+000 POSITION: 3.97345138, 4.50073338, 2.64014244
vb0[1211]+012 NORMAL: 0.996257067, -0.0864397958, 0
vb0[1211]+000 COLOR: 0.0274509806, 0.301960796, 0.494117647, 0.250980407
vb0[1211]+000 TEXCOORD: 0.0274509806, 0.301960796, 0.494117647, 0.250980407
vb0[1211]+000 TEXCOORD1: 0.0274509806, 0.301960796, 0.494117647, 0.250980407
vb0[1211]+000 TEXCOORD2: 0.0274509806, 0.301960796, 0.494117647, 0.250980407
vb0[1211]+000 TEXCOORD3: 0.0274509806, 0.301960796, 0.494117647, 0.250980407
vb0[1211]+024 TANGENT: 0, 0, -1, 1
