stride: 20
first vertex: 0
vertex count: 444
first instance: 0
instance count: 5
topology: trianglelist
element[0]:
  SemanticName: POSITION
  SemanticIndex: 0
  Format: R16G16B16A16_FLOAT
  InputSlot: 0
  AlignedByteOffset: 0
  InputSlotClass: per-vertex
  InstanceDataStepRate: 0
element[1]:
  SemanticName: NORMAL
  SemanticIndex: 0
  Format: R8G8B8A8_SNORM
  InputSlot: 0
  AlignedByteOffset: 8
  InputSlotClass: per-vertex
  InstanceDataStepRate: 0
element[2]:
  SemanticName: COLOR
  SemanticIndex: 0
  Format: R8G8B8A8_UNORM
  InputSlot: 0
  AlignedByteOffset: 12
  InputSlotClass: per-vertex
  InstanceDataStepRate: 0
element[3]:
  SemanticName: TEXCOORD
  SemanticIndex: 0
  Format: R16G16_FLOAT
  InputSlot: 0
  AlignedByteOffset: 16
  InputSlotClass: per-vertex
  InstanceDataStepRate: 0
element[4]:
  SemanticName: TEXCOORD
  SemanticIndex: 1
  Format: R8G8B8A8_UNORM
  InputSlot: 0
  AlignedByteOffset: 0
  InputSlotClass: per-vertex
  InstanceDataStepRate: 0
element[5]:
  SemanticName: TEXCOORD
  SemanticIndex: 2
  Format: R8G8B8A8_UNORM
  InputSlot: 0
  AlignedByteOffset: 0
  InputSlotClass: per-vertex
  InstanceDataStepRate: 0
element[6]:
  SemanticName: TEXCOORD
  SemanticIndex: 3
  Format: R8G8B8A8_UNORM
  InputSlot: 0
  AlignedByteOffset: 0
  InputSlotClass: per-vertex
  InstanceDataStepRate: 0
element[7]:
  SemanticName: TANGENT
  SemanticIndex: 0
  Format: R8G8B8A8_UNORM
  InputSlot: 1
  AlignedByteOffset: 4
  InputSlotClass: per-vertex
  InstanceDataStepRate: 0

vertex-data:

vb0[0]+000 POSITION: -0.64453125, 0.55078125, 0.077331543, 1
vb0[0]+008 NORMAL: 0.795275569, 0.370078743, 0.48031497, 0
vb0[0]+012 COLOR: 0.917647064, 0.745098054, 0.627451003, 0.101960786
vb0[0]+016 TEXCOORD: 0.057434082, 0.971191406
vb0[0]+000 TEXCOORD1: 0.156862751, 0.725490212, 0.407843143, 0.219607845
vb0[0]+000 TEXCOORD2: 0.156862751, 0.725490212, 0.407843143, 0.219607845
vb0[0]+000 TEXCOORD3: 0.156862751, 0.725490212, 0.407843143, 0.219607845

vb0[1]+000 POSITION: -0.397949219, 0.233398438, -0.0928955078, 1
vb0[1]+008 NORMAL: 0.267716527, 0.472440958, -0.842519701, 0
vb0[1]+012 COLOR: 0.862745106, 0.811764717, 0.356862754, 0.352941185
vb0[1]+016 TEXCOORD: 0.0304107666, 0.963378906
vb0[1]+000 TEXCOORD1: 0.368627459, 0.713725507, 0.470588237, 0.200000003
vb0[1]+000 TEXCOORD2: 0.368627459, 0.713725507, 0.470588237, 0.200000003
vb0[1]+000 TEXCOORD3: 0.368627459, 0.713725507, 0.470588237, 0.200000003

vb0[2]+000 POSITION: -0.657226563, 0.552734375, 0.0518798828, 1
vb0[2]+008 NORMAL: 0.212598428, 0.385826766, -0.897637784, 0
vb0[2]+012 COLOR: 0.886274517, 0.768627465, 0.333333343, 0.258823544
vb0[2]+016 TEXCOORD: 0.0552062988, 0.964355469
vb0[2]+000 TEXCOORD1: 0.258823544, 0.725490212, 0.423529416, 0.219607845
vb0[2]+000 TEXCOORD2: 0.258823544, 0.725490212, 0.423529416, 0.219607845
vb0[2]+000 TEXCOORD3: 0.258823544, 0.725490212, 0.423529416, 0.219607845

vb0[3]+000 POSITION: -0.380615234, 0.228271484, -0.0572509766, 1
vb0[3]+008 NORMAL: 0.811023593, 0.409448832, 0.409448832, 0
vb0[3]+012 COLOR: 0.909803927, 0.686274529, 0.721568644, 0.345098048
vb0[3]+016 TEXCOORD: 0.0327453613, 0.970214844
vb0[3]+000 TEXCOORD1: 0.0901960805, 0.713725507, 0.305882365, 0.200000003
vb0[3]+000 TEXCOORD2: 0.0901960805, 0.713725507, 0.305882365, 0.200000003
vb0[3]+000 TEXCOORD3: 0.0901960805, 0.713725507, 0.305882365, 0.200000003

vb0[4]+000 POSITION: -0.666992188, 0.539550781, 0.0872192383, 1
vb0[4]+008 NORMAL: -0.314960629, -0.377952754, 0.866141737, 0
vb0[4]+012 COLOR: 0.443137258, 0.360784322, 0.97647059, 0.345098048
vb0[4]+016 TEXCOORD: 0.0597839355, 0.978515625
vb0[4]+000 TEXCOORD1: 0.337254912, 0.725490212, 0.31764707, 0.219607845
vb0[4]+000 TEXCOORD2: 0.337254912, 0.725490212, 0.31764707, 0.219607845
vb0[4]+000 TEXCOORD3: 0.337254912, 0.725490212, 0.31764707, 0.219607845

vb0[5]+000 POSITION: -0.410888672, 0.203735352, -0.0454711914, 1
vb0[5]+008 NORMAL: -0.275590539, -0.433070868, 0.858267725, 0
vb0[5]+012 COLOR: 0.360784322, 0.274509817, 0.925490201, 0.266666681
vb0[5]+016 TEXCOORD: 0.0350646973, 0.977050781
vb0[5]+000 TEXCOORD1: 0.576470613, 0.713725507, 0.521568656, 0.196078435
vb0[5]+000 TEXCOORD2: 0.576470613, 0.713725507, 0.521568656, 0.196078435
vb0[5]+000 TEXCOORD3: 0.576470613, 0.713725507, 0.521568656, 0.196078435

vb0[6]+000 POSITION: -0.682128906, 0.547851563, 0.0629882813, 1
vb0[6]+008 NORMAL: -0.874015749, -0.338582665, -0.338582665, 0
vb0[6]+012 COLOR: 0.0705882385, 0.282352954, 0.368627459, 0.101960786
vb0[6]+016 TEXCOORD: 0.0623168945, 0.985351563
vb0[6]+000 TEXCOORD1: 0.458823532, 0.725490212, 0.384313732, 0.219607845
vb0[6]+000 TEXCOORD2: 0.458823532, 0.725490212, 0.384313732, 0.219607845
vb0[6]+000 TEXCOORD3: 0.458823532, 0.725490212, 0.384313732, 0.219607845

vb0[7]+000 POSITION: -0.426757813, 0.209960938, -0.0814208984, 1
vb0[7]+008 NORMAL: -0.795275569, -0.346456707, -0.496062994, 0
vb0[7]+012 COLOR: 0.0862745121, 0.329411775, 0.270588249, 0.623529434
vb0[7]+016 TEXCOORD: 0.0373840332, 0.984375
vb0[7]+000 TEXCOORD1: 0.831372559, 0.713725507, 0.721568644, 0.196078435
vb0[7]+000 TEXCOORD2: 0.831372559, 0.713725507, 0.721568644, 0.196078435
vb0[7]+000 TEXCOORD3: 0.831372559, 0.713725507, 0.721568644, 0.196078435

vb0[8]+000 POSITION: -0.657226563, 0.552734375, 0.0518798828, 1
vb0[8]+008 NORMAL: 0.212598428, 0.385826766, -0.897637784, 0
vb0[8]+012 COLOR: 0.294117659, 0.517647088, 0.0470588244, 0.258823544
vb0[8]+016 TEXCOORD: 0.0645141602, 0.9921875
vb0[8]+000 TEXCOORD1: 0.258823544, 0.725490212, 0.423529416, 0.219607845
vb0[8]+000 TEXCOORD2: 0.258823544, 0.725490212, 0.423529416, 0.219607845
vb0[8]+000 TEXCOORD3: 0.258823544, 0.725490212, 0.423529416, 0.219607845

vb0[9]+000 POSITION: -0.397949219, 0.233398438, -0.0928955078, 1
vb0[9]+008 NORMAL: 0.267716527, 0.472440958, -0.842519701, 0
vb0[9]+012 COLOR: 0.298039228, 0.517647088, 0.0431372561, 0.352941185
vb0[9]+016 TEXCOORD: 0.0397033691, 0.991210938
vb0[9]+000 TEXCOORD1: 0.368627459, 0.713725507, 0.470588237, 0.200000003
vb0[9]+000 TEXCOORD2: 0.368627459, 0.713725507, 0.470588237, 0.200000003
vb0[9]+000 TEXCOORD3: 0.368627459, 0.713725507, 0.470588237, 0.200000003

vb0[10]+000 POSITION: -0.816894531, 0.962890625, 0.111816406, 1
vb0[10]+008 NORMAL: -0.346456707, 0.929133832, 0.0944881886, 0
vb0[10]+012 COLOR: 0.921568632, 0.690196097, 0.309803933, 0.101960786
vb0[10]+016 TEXCOORD: 0.067565918, 0.971679688
vb0[10]+000 TEXCOORD1: 0.53725493, 0.729411781, 0.70588237, 0.23137255
vb0[10]+000 TEXCOORD2: 0.53725493, 0.729411781, 0.70588237, 0.23137255
vb0[10]+000 TEXCOORD3: 0.53725493, 0.729411781, 0.70588237, 0.23137255

vb0[11]+000 POSITION: -0.816894531, 0.962890625, 0.111816406, 1
vb0[11]+008 NORMAL: -0.346456707, 0.929133832, 0.0944881886, 0
vb0[11]+012 COLOR: 0.68235296, 0.53725493, 0.964705884, 0.101960786
vb0[11]+016 TEXCOORD: 0.0698852539, 0.978515625
vb0[11]+000 TEXCOORD1: 0.53725493, 0.729411781, 0.70588237, 0.23137255
vb0[11]+000 TEXCOORD2: 0.53725493, 0.729411781, 0.70588237, 0.23137255
vb0[11]+000 TEXCOORD3: 0.53725493, 0.729411781, 0.70588237, 0.23137255

vb0[12]+000 POSITION: -0.816894531, 0.962890625, 0.111816406, 1
vb0[12]+008 NORMAL: -0.346456707, 0.929133832, 0.0944881886, 0
vb0[12]+012 COLOR: 0.0745098069, 0.337254912, 0.70588237, 0.101960786
vb0[12]+016 TEXCOORD: 0.0722045898, 0.985839844
vb0[12]+000 TEXCOORD1: 0.53725493, 0.729411781, 0.70588237, 0.23137255
vb0[12]+000 TEXCOORD2: 0.53725493, 0.729411781, 0.70588237, 0.23137255
vb0[12]+000 TEXCOORD3: 0.53725493, 0.729411781, 0.70588237, 0.23137255

vb0[13]+000 POSITION: -0.816894531, 0.962890625, 0.111816406, 1
vb0[13]+008 NORMAL: -0.346456707, 0.929133832, 0.0944881886, 0
vb0[13]+012 COLOR: 0.298039228, 0.486274511, 0.0431372561, 0.101960786
vb0[13]+016 TEXCOORD: 0.0745239258, 0.992675781
vb0[13]+000 TEXCOORD1: 0.53725493, 0.729411781, 0.70588237, 0.23137255
vb0[13]+000 TEXCOORD2: 0.53725493, 0.729411781, 0.70588237, 0.23137255
vb0[13]+000 TEXCOORD3: 0.53725493, 0.729411781, 0.70588237, 0.23137255

vb0[14]+000 POSITION: -0.247802734, -0.0456848145, -0.163574219, 1
vb0[14]+008 NORMAL: 0.338582665, 0.393700778, -0.858267725, 0
vb0[14]+012 COLOR: 0.898039222, 0.75686276, 0.34117648, 0.631372571
vb0[14]+016 TEXCOORD: 0.00555801392, 0.962402344
vb0[14]+000 TEXCOORD1: 0.933333337, 0.701960802, 0.850980401, 0.662745118
vb0[14]+000 TEXCOORD2: 0.933333337, 0.701960802, 0.850980401, 0.662745118
vb0[14]+000 TEXCOORD3: 0.933333337, 0.701960802, 0.850980401, 0.662745118

vb0[15]+000 POSITION: -0.229492188, -0.0476989746, -0.120056152, 1
vb0[15]+008 NORMAL: 0.842519701, 0.370078743, 0.393700778, 0
vb0[15]+012 COLOR: 0.847058833, 0.611764729, 0.843137264, 0.125490203
vb0[15]+016 TEXCOORD: 0.00787353516, 0.969238281
vb0[15]+000 TEXCOORD1: 0.345098048, 0.701960802, 0.105882354, 0.666666687
vb0[15]+000 TEXCOORD2: 0.345098048, 0.701960802, 0.105882354, 0.666666687
vb0[15]+000 TEXCOORD3: 0.345098048, 0.701960802, 0.105882354, 0.666666687

vb0[16]+000 POSITION: -0.268310547, -0.0640258789, -0.104064941, 1
vb0[16]+008 NORMAL: -0.283464581, -0.346456707, 0.897637784, 0
vb0[16]+012 COLOR: 0.20784314, 0.270588249, 0.835294127, 0.827450991
vb0[16]+016 TEXCOORD: 0.0101928711, 0.9765625
vb0[16]+000 TEXCOORD1: 0.294117659, 0.70588237, 0.0980392173, 0.674509823
vb0[16]+000 TEXCOORD2: 0.294117659, 0.70588237, 0.0980392173, 0.674509823
vb0[16]+000 TEXCOORD3: 0.294117659, 0.70588237, 0.0980392173, 0.674509823

vb0[17]+000 POSITION: -0.283447266, -0.0609130859, -0.147827148, 1
vb0[17]+008 NORMAL: -0.818897665, -0.314960629, -0.48031497, 0
vb0[17]+012 COLOR: 0.149019614, 0.400000006, 0.156862751, 0.874509811
vb0[17]+016 TEXCOORD: 0.012512207, 0.983398438
vb0[17]+000 TEXCOORD1: 0.53725493, 0.70588237, 0.800000012, 0.670588255
vb0[17]+000 TEXCOORD2: 0.53725493, 0.70588237, 0.800000012, 0.670588255
vb0[17]+000 TEXCOORD3: 0.53725493, 0.70588237, 0.800000012, 0.670588255

vb0[18]+000 POSITION: -0.247802734, -0.0456848145, -0.163574219, 1
vb0[18]+008 NORMAL: 0.338582665, 0.393700778, -0.858267725, 0
vb0[18]+012 COLOR: 0.298039228, 0.505882382, 0.0431372561, 0.631372571
vb0[18]+016 TEXCOORD: 0.0148391724, 0.990234375
vb0[18]+000 TEXCOORD1: 0.933333337, 0.701960802, 0.850980401, 0.662745118
vb0[18]+000 TEXCOORD2: 0.933333337, 0.701960802, 0.850980401, 0.662745118
vb0[18]+000 TEXCOORD3: 0.933333337, 0.701960802, 0.850980401, 0.662745118

vb0[19]+000 POSITION: 0.436279297, 0.361572266, 0.00771331787, 1
vb0[19]+008 NORMAL: -0.204724416, -0.0157480314, -0.976377964, 0
vb0[19]+012 COLOR: 0.309803933, 0.513725519, 0.0392156877, 0.101960786
vb0[19]+016 TEXCOORD: 0.0531616211, 0.984863281
vb0[19]+000 TEXCOORD1: 0.984313726, 0.211764708, 0.788235307, 0.20784314
vb0[19]+000 TEXCOORD2: 0.984313726, 0.211764708, 0.788235307, 0.20784314
vb0[19]+000 TEXCOORD3: 0.984313726, 0.211764708, 0.788235307, 0.20784314

vb0[20]+000 POSITION: 0.324462891, -0.0593566895, 0.0673217773, 1
vb0[20]+008 NORMAL: -0.96062994, 0.22047244, 0.188976377, 0
vb0[20]+012 COLOR: 0.0901960805, 0.568627477, 0.223529413, 0.647058845
vb0[20]+016 TEXCOORD: 0.02734375, 0.990722656
vb0[20]+000 TEXCOORD1: 0.192156866, 0.20784314, 0.600000024, 0.670588255
vb0[20]+000 TEXCOORD2: 0.192156866, 0.20784314, 0.600000024, 0.670588255
vb0[20]+000 TEXCOORD3: 0.192156866, 0.20784314, 0.600000024, 0.670588255

vb0[21]+000 POSITION: 0.413330078, 0.373046875, 0.039276123, 1
vb0[21]+008 NORMAL: -0.944881916, 0.275590539, 0.173228353, 0
vb0[21]+012 COLOR: 0.113725491, 0.568627477, 0.192156866, 0.101960786
vb0[21]+016 TEXCOORD: 0.0552368164, 0.9921875
vb0[21]+000 TEXCOORD1: 0.615686297, 0.211764708, 0.972549021, 0.20784314
vb0[21]+000 TEXCOORD2: 0.615686297, 0.211764708, 0.972549021, 0.20784314
vb0[21]+000 TEXCOORD3: 0.615686297, 0.211764708, 0.972549021, 0.20784314

vb0[22]+000 POSITION: 0.349609375, -0.0596008301, 0.0228271484, 1
vb0[22]+008 NORMAL: -0.307086617, 0.0236220472, -0.952755928, 0
vb0[22]+012 COLOR: 0.552941203, 0.470588237, 0.00392156886, 0.717647076
vb0[22]+016 TEXCOORD: 0.0250244141, 0.983886719
vb0[22]+000 TEXCOORD1: 0.596078455, 0.20784314, 0.631372571, 0.670588255
vb0[22]+000 TEXCOORD2: 0.596078455, 0.20784314, 0.631372571, 0.670588255
vb0[22]+000 TEXCOORD3: 0.596078455, 0.20784314, 0.631372571, 0.670588255

vb0[23]+000 POSITION: 0.471435547, 0.356933594, 0.0292510986, 1
vb0[23]+008 NORMAL: 0.968503952, -0.196850389, -0.14173229, 0
vb0[23]+012 COLOR: 0.956862748, 0.400000006, 0.321568638, 0.101960786
vb0[23]+016 TEXCOORD: 0.050994873, 0.978027344
vb0[23]+000 TEXCOORD1: 0.545098066, 0.215686277, 0.713725507, 0.20784314
vb0[23]+000 TEXCOORD2: 0.545098066, 0.215686277, 0.713725507, 0.20784314
vb0[23]+000 TEXCOORD3: 0.545098066, 0.215686277, 0.713725507, 0.20784314

vb0[24]+000 POSITION: 0.392822266, -0.0598144531, 0.0540771484, 1
vb0[24]+008 NORMAL: 0.968503952, -0.181102365, -0.173228353, 0
vb0[24]+012 COLOR: 0.984313726, 0.41568628, 0.58431375, 0.874509811
vb0[24]+016 TEXCOORD: 0.0227050781, 0.977050781
vb0[24]+000 TEXCOORD1: 0.286274523, 0.211764708, 0.65882355, 0.670588255
vb0[24]+000 TEXCOORD2: 0.286274523, 0.211764708, 0.65882355, 0.670588255
vb0[24]+000 TEXCOORD3: 0.286274523, 0.211764708, 0.65882355, 0.670588255

vb0[25]+000 POSITION: 0.446044922, 0.366455078, 0.0603942871, 1
vb0[25]+008 NORMAL: 0.157480314, 0.0944881886, 0.984251976, 0
vb0[25]+012 COLOR: 0.68235296, 0.521568656, 0.964705884, 0.101960786
vb0[25]+016 TEXCOORD: 0.0483398438, 0.971191406
vb0[25]+000 TEXCOORD1: 0.137254909, 0.215686277, 0.866666675, 0.20784314
vb0[25]+000 TEXCOORD2: 0.137254909, 0.215686277, 0.866666675, 0.20784314
vb0[25]+000 TEXCOORD3: 0.137254909, 0.215686277, 0.866666675, 0.20784314

vb0[26]+000 POSITION: 0.364746094, -0.0595703125, 0.0994873047, 1
vb0[26]+008 NORMAL: 0.0866141766, 0.0629921257, 0.992125988, 0
vb0[26]+012 COLOR: 0.435294122, 0.552941203, 0.992156863, 0.764705896
vb0[26]+016 TEXCOORD: 0.0203857422, 0.969726563
vb0[26]+000 TEXCOORD1: 0.839215696, 0.20784314, 0.627451003, 0.670588255
vb0[26]+000 TEXCOORD2: 0.839215696, 0.20784314, 0.627451003, 0.670588255
vb0[26]+000 TEXCOORD3: 0.839215696, 0.20784314, 0.627451003, 0.670588255

vb0[27]+000 POSITION: 0.413330078, 0.373046875, 0.039276123, 1
vb0[27]+008 NORMAL: -0.944881916, 0.275590539, 0.173228353, 0
vb0[27]+012 COLOR: 0.23137255, 0.603921592, 0.909803927, 0.101960786
vb0[27]+016 TEXCOORD: 0.0459594727, 0.964355469
vb0[27]+000 TEXCOORD1: 0.615686297, 0.211764708, 0.972549021, 0.20784314
vb0[27]+000 TEXCOORD2: 0.615686297, 0.211764708, 0.972549021, 0.20784314
vb0[27]+000 TEXCOORD3: 0.615686297, 0.211764708, 0.972549021, 0.20784314

vb0[28]+000 POSITION: 0.324462891, -0.0593566895, 0.0673217773, 1
vb0[28]+008 NORMAL: -0.96062994, 0.22047244, 0.188976377, 0
vb0[28]+012 COLOR: 0.192156866, 0.588235319, 0.886274517, 0.647058845
vb0[28]+016 TEXCOORD: 0.0180664063, 0.962890625
vb0[28]+000 TEXCOORD1: 0.192156866, 0.20784314, 0.600000024, 0.670588255
vb0[28]+000 TEXCOORD2: 0.192156866, 0.20784314, 0.600000024, 0.670588255
vb0[28]+000 TEXCOORD3: 0.192156866, 0.20784314, 0.600000024, 0.670588255

vb0[29]+000 POSITION: 0.575683594, 0.874023438, -0.0339050293, 1
vb0[29]+008 NORMAL: 0.251968503, 0.96062994, -0.125984251, 0
vb0[29]+012 COLOR: 0.113725491, 0.580392182, 0.192156866, 0.101960786
vb0[29]+016 TEXCOORD: 0.0814208984, 0.985839844
vb0[29]+000 TEXCOORD1: 0.607843161, 0.219607845, 0.996078432, 0.227450982
vb0[29]+000 TEXCOORD2: 0.607843161, 0.219607845, 0.996078432, 0.227450982
vb0[29]+000 TEXCOORD3: 0.607843161, 0.219607845, 0.996078432, 0.227450982

vb0[30]+000 POSITION: 0.575683594, 0.874023438, -0.0339050293, 1
vb0[30]+008 NORMAL: 0.251968503, 0.96062994, -0.125984251, 0
vb0[30]+012 COLOR: 0.745098054, 0.400000006, 0.0784313753, 0.101960786
vb0[30]+016 TEXCOORD: 0.0791015625, 0.979003906
vb0[30]+000 TEXCOORD1: 0.607843161, 0.219607845, 0.996078432, 0.227450982
vb0[30]+000 TEXCOORD2: 0.607843161, 0.219607845, 0.996078432, 0.227450982
vb0[30]+000 TEXCOORD3: 0.607843161, 0.219607845, 0.996078432, 0.227450982

vb0[31]+000 POSITION: 0.575683594, 0.874023438, -0.0339050293, 1
vb0[31]+008 NORMAL: 0.251968503, 0.96062994, -0.125984251, 0
vb0[31]+012 COLOR: 0.87843138, 0.4627451, 0.823529422, 0.101960786
vb0[31]+016 TEXCOORD: 0.0767822266, 0.972167969
vb0[31]+000 TEXCOORD1: 0.607843161, 0.219607845, 0.996078432, 0.227450982
vb0[31]+000 TEXCOORD2: 0.607843161, 0.219607845, 0.996078432, 0.227450982
vb0[31]+000 TEXCOORD3: 0.607843161, 0.219607845, 0.996078432, 0.227450982

vb0[32]+000 POSITION: 0.575683594, 0.874023438, -0.0339050293, 1
vb0[32]+008 NORMAL: 0.251968503, 0.96062994, -0.125984251, 0
vb0[32]+012 COLOR: 0.258823544, 0.639215708, 0.913725495, 0.101960786
vb0[32]+016 TEXCOORD: 0.0744628906, 0.96484375
vb0[32]+000 TEXCOORD1: 0.607843161, 0.219607845, 0.996078432, 0.227450982
vb0[32]+000 TEXCOORD2: 0.607843161, 0.219607845, 0.996078432, 0.227450982
vb0[32]+000 TEXCOORD3: 0.607843161, 0.219607845, 0.996078432, 0.227450982

vb0[33]+000 POSITION: 0.308349609, 0.369140625, -0.163574219, 1
vb0[33]+008 NORMAL: -0.433070868, 0.173228353, 0.88188976, 0
vb0[33]+012 COLOR: 0.380392164, 0.600000024, 0.97647059, 0.250980407
vb0[33]+016 TEXCOORD: 0.0417480469, 0.970703125
vb0[33]+000 TEXCOORD1: 0.937254906, 0.203921571, 0.909803927, 0.20784314
vb0[33]+000 TEXCOORD2: 0.937254906, 0.203921571, 0.909803927, 0.20784314
vb0[33]+000 TEXCOORD3: 0.937254906, 0.203921571, 0.909803927, 0.20784314

vb0[34]+000 POSITION: 0.385253906, -0.0436096191, -0.0900878906, 1
vb0[34]+008 NORMAL: 0.937007844, 0.181102365, 0.299212605, 0
vb0[34]+012 COLOR: 0.670588255, 0.611764729, 0.956862748, 0.725490212
vb0[34]+016 TEXCOORD: 0.00555801392, 0.962402344
vb0[34]+000 TEXCOORD1: 0.164705887, 0.211764708, 0.58431375, 0.662745118
vb0[34]+000 TEXCOORD2: 0.164705887, 0.211764708, 0.58431375, 0.662745118
vb0[34]+000 TEXCOORD3: 0.164705887, 0.211764708, 0.58431375, 0.662745118

vb0[35]+000 POSITION: 0.331054688, 0.374511719, -0.173217773, 1
vb0[35]+008 NORMAL: 0.905511796, 0.204724416, 0.370078743, 0
vb0[35]+012 COLOR: 0.666666687, 0.619607866, 0.956862748, 0.407843143
vb0[35]+016 TEXCOORD: 0.0396728516, 0.963378906
vb0[35]+000 TEXCOORD1: 0.298039228, 0.20784314, 0.996078432, 0.20784314
vb0[35]+000 TEXCOORD2: 0.298039228, 0.20784314, 0.996078432, 0.20784314
vb0[35]+000 TEXCOORD3: 0.298039228, 0.20784314, 0.996078432, 0.20784314

vb0[36]+000 POSITION: 0.348144531, -0.0425720215, -0.0759887695, 1
vb0[36]+008 NORMAL: -0.448818892, 0.14173229, 0.88188976, 0
vb0[36]+012 COLOR: 0.156862751, 0.545098066, 0.862745106, 0.592156887
vb0[36]+016 TEXCOORD: 0.00787353516, 0.969238281
vb0[36]+000 TEXCOORD1: 0.572549045, 0.20784314, 0.450980395, 0.662745118
vb0[36]+000 TEXCOORD2: 0.572549045, 0.20784314, 0.450980395, 0.662745118
vb0[36]+000 TEXCOORD3: 0.572549045, 0.20784314, 0.450980395, 0.662745118

vb0[37]+000 POSITION: 0.300537109, 0.363769531, -0.184570313, 1
vb0[37]+008 NORMAL: -0.905511796, -0.133858263, -0.409448832, 0
vb0[37]+012 COLOR: 0.0156862754, 0.447058827, 0.384313732, 0.529411793
vb0[37]+016 TEXCOORD: 0.0440979004, 0.977539063
vb0[37]+000 TEXCOORD1: 0.811764717, 0.203921571, 0.823529422, 0.20784314
vb0[37]+000 TEXCOORD2: 0.811764717, 0.203921571, 0.823529422, 0.20784314
vb0[37]+000 TEXCOORD3: 0.811764717, 0.203921571, 0.823529422, 0.20784314

vb0[38]+000 POSITION: 0.336669922, -0.0557250977, -0.107177734, 1
vb0[38]+008 NORMAL: -0.88188976, -0.157480314, -0.44094488, 0
vb0[38]+012 COLOR: 0.137254909, 0.407843143, 0.168627456, 0.78039217
vb0[38]+016 TEXCOORD: 0.0101928711, 0.9765625
vb0[38]+000 TEXCOORD1: 0.388235301, 0.20784314, 0.13333334, 0.670588255
vb0[38]+000 TEXCOORD2: 0.388235301, 0.20784314, 0.13333334, 0.670588255
vb0[38]+000 TEXCOORD3: 0.388235301, 0.20784314, 0.13333334, 0.670588255

vb0[39]+000 POSITION: 0.322509766, 0.364746094, -0.192626953, 1
vb0[39]+008 NORMAL: 0.393700778, -0.11023622, -0.913385808, 0
vb0[39]+012 COLOR: 0.607843161, 0.431372553, 0.0156862754, 0.717647076
vb0[39]+016 TEXCOORD: 0.0465393066, 0.984863281
vb0[39]+000 TEXCOORD1: 0.160784319, 0.20784314, 0.839215696, 0.20784314
vb0[39]+000 TEXCOORD2: 0.160784319, 0.20784314, 0.839215696, 0.20784314
vb0[39]+000 TEXCOORD3: 0.160784319, 0.20784314, 0.839215696, 0.20784314

vb0[40]+000 POSITION: 0.37109375, -0.0550231934, -0.121032715, 1
vb0[40]+008 NORMAL: 0.346456707, -0.11811024, -0.929133832, 0
vb0[40]+012 COLOR: 0.819607854, 0.470588237, 0.113725491, 0.843137264
vb0[40]+016 TEXCOORD: 0.012512207, 0.983398438
vb0[40]+000 TEXCOORD1: 0.941176474, 0.20784314, 0.0431372561, 0.670588255
vb0[40]+000 TEXCOORD2: 0.941176474, 0.20784314, 0.0431372561, 0.670588255
vb0[40]+000 TEXCOORD3: 0.941176474, 0.20784314, 0.0431372561, 0.670588255

vb0[41]+000 POSITION: 0.331054688, 0.374511719, -0.173217773, 1
vb0[41]+008 NORMAL: 0.905511796, 0.204724416, 0.370078743, 0
vb0[41]+012 COLOR: 0.952941179, 0.517647088, 0.290196091, 0.407843143
vb0[41]+016 TEXCOORD: 0.0489501953, 0.991699219
vb0[41]+000 TEXCOORD1: 0.298039228, 0.20784314, 0.996078432, 0.20784314
vb0[41]+000 TEXCOORD2: 0.298039228, 0.20784314, 0.996078432, 0.20784314
vb0[41]+000 TEXCOORD3: 0.298039228, 0.20784314, 0.996078432, 0.20784314

vb0[42]+000 POSITION: 0.385253906, -0.0436096191, -0.0900878906, 1
vb0[42]+008 NORMAL: 0.937007844, 0.181102365, 0.299212605, 0
vb0[42]+012 COLOR: 0.952941179, 0.517647088, 0.286274523, 0.725490212
vb0[42]+016 TEXCOORD: 0.0148391724, 0.990234375
vb0[42]+000 TEXCOORD1: 0.164705887, 0.211764708, 0.58431375, 0.662745118
vb0[42]+000 TEXCOORD2: 0.164705887, 0.211764708, 0.58431375, 0.662745118
vb0[42]+000 TEXCOORD3: 0.164705887, 0.211764708, 0.58431375, 0.662745118

vb0[43]+000 POSITION: 0.288818359, 0.684082031, -0.244750977, 1
vb0[43]+008 NORMAL: -0.0866141766, 0.976377964, -0.204724416, 0
vb0[43]+012 COLOR: 0.662745118, 0.627451003, 0.952941179, 0.101960786
vb0[43]+016 TEXCOORD: 0.0629882813, 0.971679688
vb0[43]+000 TEXCOORD1: 0.623529434, 0.203921571, 0.474509805, 0.223529413
vb0[43]+000 TEXCOORD2: 0.623529434, 0.203921571, 0.474509805, 0.223529413
vb0[43]+000 TEXCOORD3: 0.623529434, 0.203921571, 0.474509805, 0.223529413

vb0[44]+000 POSITION: 0.288818359, 0.684082031, -0.244750977, 1
vb0[44]+008 NORMAL: -0.0866141766, 0.976377964, -0.204724416, 0
vb0[44]+012 COLOR: 0.0313725509, 0.513725519, 0.670588255, 0.101960786
vb0[44]+016 TEXCOORD: 0.0653076172, 0.978515625
vb0[44]+000 TEXCOORD1: 0.623529434, 0.203921571, 0.474509805, 0.223529413
vb0[44]+000 TEXCOORD2: 0.623529434, 0.203921571, 0.474509805, 0.223529413
vb0[44]+000 TEXCOORD3: 0.623529434, 0.203921571, 0.474509805, 0.223529413

vb0[45]+000 POSITION: 0.288818359, 0.684082031, -0.244750977, 1
vb0[45]+008 NORMAL: -0.0866141766, 0.976377964, -0.204724416, 0
vb0[45]+012 COLOR: 0.337254912, 0.407843143, 0.0352941193, 0.101960786
vb0[45]+016 TEXCOORD: 0.0676269531, 0.985351563
vb0[45]+000 TEXCOORD1: 0.623529434, 0.203921571, 0.474509805, 0.223529413
vb0[45]+000 TEXCOORD2: 0.623529434, 0.203921571, 0.474509805, 0.223529413
vb0[45]+000 TEXCOORD3: 0.623529434, 0.203921571, 0.474509805, 0.223529413

vb0[46]+000 POSITION: 0.288818359, 0.684082031, -0.244750977, 1
vb0[46]+008 NORMAL: -0.0866141766, 0.976377964, -0.204724416, 0
vb0[46]+012 COLOR: 0.956862748, 0.513725519, 0.294117659, 0.101960786
vb0[46]+016 TEXCOORD: 0.0699462891, 0.992675781
vb0[46]+000 TEXCOORD1: 0.623529434, 0.203921571, 0.474509805, 0.223529413
vb0[46]+000 TEXCOORD2: 0.623529434, 0.203921571, 0.474509805, 0.223529413
vb0[46]+000 TEXCOORD3: 0.623529434, 0.203921571, 0.474509805, 0.223529413

vb0[47]+000 POSITION: -0.195678711, 0.311767578, -0.192016602, 1
vb0[47]+008 NORMAL: -0.944881916, 0, -0.314960629, 0
vb0[47]+012 COLOR: 0.0313725509, 0.470588237, 0.325490206, 0.203921571
vb0[47]+016 TEXCOORD: 0.0458374023, 0.984863281
vb0[47]+000 TEXCOORD1: 0.262745112, 0.698039234, 0.992156863, 0.203921571
vb0[47]+000 TEXCOORD2: 0.262745112, 0.698039234, 0.992156863, 0.203921571
vb0[47]+000 TEXCOORD3: 0.262745112, 0.698039234, 0.992156863, 0.203921571

vb0[48]+000 POSITION: -0.265136719, -0.0512390137, -0.0678710938, 1
vb0[48]+008 NORMAL: -0.425196856, 0.314960629, 0.850393713, 0
vb0[48]+012 COLOR: 0.0549019612, 0.647058845, 0.678431392, 0.686274529
vb0[48]+016 TEXCOORD: 0.0148696899, 0.990234375
vb0[48]+000 TEXCOORD1: 0.243137255, 0.70588237, 0.56078434, 0.666666687
vb0[48]+000 TEXCOORD2: 0.243137255, 0.70588237, 0.56078434, 0.666666687
vb0[48]+000 TEXCOORD3: 0.243137255, 0.70588237, 0.56078434, 0.666666687

vb0[49]+000 POSITION: -0.181762695, 0.324951172, -0.167236328, 1
vb0[49]+008 NORMAL: -0.314960629, 0.425196856, 0.850393713, 0
vb0[49]+012 COLOR: 0.0470588244, 0.619607866, 0.674509823, 0.101960786
vb0[49]+016 TEXCOORD: 0.0479431152, 0.991699219
vb0[49]+000 TEXCOORD1: 0.819607854, 0.694117665, 0.200000003, 0.20784314
vb0[49]+000 TEXCOORD2: 0.819607854, 0.694117665, 0.200000003, 0.20784314
vb0[49]+000 TEXCOORD3: 0.819607854, 0.694117665, 0.200000003, 0.20784314

vb0[50]+000 POSITION: -0.285400391, -0.051574707, -0.116394043, 1
vb0[50]+008 NORMAL: -0.937007844, 0.165354326, -0.314960629, 0
vb0[50]+012 COLOR: 0.149019614, 0.513725519, 0.145098045, 0.654901981
vb0[50]+016 TEXCOORD: 0.012550354, 0.983398438
vb0[50]+000 TEXCOORD1: 0.568627477, 0.70588237, 0.603921592, 0.666666687
vb0[50]+000 TEXCOORD2: 0.568627477, 0.70588237, 0.603921592, 0.666666687
vb0[50]+000 TEXCOORD3: 0.568627477, 0.70588237, 0.603921592, 0.666666687

vb0[51]+000 POSITION: -0.167236328, 0.302490234, -0.201293945, 1
vb0[51]+008 NORMAL: 0.433070868, -0.354330719, -0.834645689, 0
vb0[51]+012 COLOR: 0.698039234, 0.345098048, 0.0666666701, 0.125490203
vb0[51]+016 TEXCOORD: 0.0433959961, 0.977539063
vb0[51]+000 TEXCOORD1: 0.352941185, 0.694117665, 0.843137264, 0.203921571
vb0[51]+000 TEXCOORD2: 0.352941185, 0.694117665, 0.843137264, 0.203921571
vb0[51]+000 TEXCOORD3: 0.352941185, 0.694117665, 0.843137264, 0.203921571

vb0[52]+000 POSITION: -0.233886719, -0.051940918, -0.131713867, 1
vb0[52]+008 NORMAL: 0.409448832, -0.251968503, -0.874015749, 0
vb0[52]+012 COLOR: 0.831372559, 0.368627459, 0.152941182, 0.796078444
vb0[52]+016 TEXCOORD: 0.0102310181, 0.9765625
vb0[52]+000 TEXCOORD1: 0.486274511, 0.701960802, 0.650980413, 0.666666687
vb0[52]+000 TEXCOORD2: 0.486274511, 0.701960802, 0.650980413, 0.666666687
vb0[52]+000 TEXCOORD3: 0.486274511, 0.701960802, 0.650980413, 0.666666687

vb0[53]+000 POSITION: -0.152954102, 0.314941406, -0.173950195, 1
vb0[53]+008 NORMAL: 0.897637784, 0.102362208, 0.425196856, 0
vb0[53]+012 COLOR: 0.964705884, 0.56078434, 0.678431392, 0.188235298
vb0[53]+016 TEXCOORD: 0.040802002, 0.970703125
vb0[53]+000 TEXCOORD1: 0.898039222, 0.690196097, 0.0392156877, 0.20784314
vb0[53]+000 TEXCOORD2: 0.898039222, 0.690196097, 0.0392156877, 0.20784314
vb0[53]+000 TEXCOORD3: 0.898039222, 0.690196097, 0.0392156877, 0.20784314

vb0[54]+000 POSITION: -0.217773438, -0.051574707, -0.083190918, 1
vb0[54]+008 NORMAL: 0.826771677, -0.00787401572, 0.566929162, 0
vb0[54]+012 COLOR: 0.847058833, 0.529411793, 0.858823538, 0.749019623
vb0[54]+016 TEXCOORD: 0.00791168213, 0.969238281
vb0[54]+000 TEXCOORD1: 0.972549021, 0.698039234, 0.603921592, 0.666666687
vb0[54]+000 TEXCOORD2: 0.972549021, 0.698039234, 0.603921592, 0.666666687
vb0[54]+000 TEXCOORD3: 0.972549021, 0.698039234, 0.603921592, 0.666666687

vb0[55]+000 POSITION: -0.181762695, 0.324951172, -0.167236328, 1
vb0[55]+008 NORMAL: -0.314960629, 0.425196856, 0.850393713, 0
vb0[55]+012 COLOR: 0.662745118, 0.647058845, 0.949019611, 0.101960786
vb0[55]+016 TEXCOORD: 0.0386657715, 0.963867188
vb0[55]+000 TEXCOORD1: 0.819607854, 0.694117665, 0.200000003, 0.20784314
vb0[55]+000 TEXCOORD2: 0.819607854, 0.694117665, 0.200000003, 0.20784314
vb0[55]+000 TEXCOORD3: 0.819607854, 0.694117665, 0.200000003, 0.20784314

vb0[56]+000 POSITION: -0.265136719, -0.0512390137, -0.0678710938, 1
vb0[56]+008 NORMAL: -0.425196856, 0.314960629, 0.850393713, 0
vb0[56]+012 COLOR: 0.650980413, 0.588235319, 0.968627453, 0.686274529
vb0[56]+016 TEXCOORD: 0.00559234619, 0.962402344
vb0[56]+000 TEXCOORD1: 0.243137255, 0.70588237, 0.56078434, 0.666666687
vb0[56]+000 TEXCOORD2: 0.243137255, 0.70588237, 0.56078434, 0.666666687
vb0[56]+000 TEXCOORD3: 0.243137255, 0.70588237, 0.56078434, 0.666666687

vb0[57]+000 POSITION: -0.193603516, 0.612792969, -0.378662109, 1
vb0[57]+008 NORMAL: -0.937007844, -0.188976377, -0.283464581, 0
vb0[57]+012 COLOR: 0.00784313772, 0.443137258, 0.423529416, 0.101960786
vb0[57]+016 TEXCOORD: 0.0629272461, 0.985351563
vb0[57]+000 TEXCOORD1: 0.196078435, 0.698039234, 0.905882359, 0.219607845
vb0[57]+000 TEXCOORD2: 0.196078435, 0.698039234, 0.905882359, 0.219607845
vb0[57]+000 TEXCOORD3: 0.196078435, 0.698039234, 0.905882359, 0.219607845

vb0[58]+000 POSITION: -0.185302734, 0.627929688, -0.363037109, 1
vb0[58]+008 NORMAL: -0.393700778, 0.614173234, 0.685039341, 0
vb0[58]+012 COLOR: 0.0313725509, 0.627451003, 0.623529434, 0.101960786
vb0[58]+016 TEXCOORD: 0.0653076172, 0.992675781
vb0[58]+000 TEXCOORD1: 0.933333337, 0.694117665, 0.0235294122, 0.223529413
vb0[58]+000 TEXCOORD2: 0.933333337, 0.694117665, 0.0235294122, 0.223529413
vb0[58]+000 TEXCOORD3: 0.933333337, 0.694117665, 0.0235294122, 0.223529413

vb0[59]+000 POSITION: -0.172119141, 0.608398438, -0.386230469, 1
vb0[59]+008 NORMAL: 0.425196856, -0.566929162, -0.700787425, 0
vb0[59]+012 COLOR: 0.603921592, 0.203921571, 0.109803922, 0.109803922
vb0[59]+016 TEXCOORD: 0.060546875, 0.978515625
vb0[59]+000 TEXCOORD1: 0.509803951, 0.694117665, 0.870588243, 0.219607845
vb0[59]+000 TEXCOORD2: 0.509803951, 0.694117665, 0.870588243, 0.219607845
vb0[59]+000 TEXCOORD3: 0.509803951, 0.694117665, 0.870588243, 0.219607845

vb0[60]+000 POSITION: -0.164306641, 0.627929688, -0.373779297, 1
vb0[60]+008 NORMAL: 0.874015749, 0.338582665, 0.338582665, 0
vb0[60]+012 COLOR: 0.988235295, 0.58431375, 0.564705908, 0.101960786
vb0[60]+016 TEXCOORD: 0.0584411621, 0.971191406
vb0[60]+000 TEXCOORD1: 0.258823544, 0.694117665, 0.0235294122, 0.223529413
vb0[60]+000 TEXCOORD2: 0.258823544, 0.694117665, 0.0235294122, 0.223529413
vb0[60]+000 TEXCOORD3: 0.258823544, 0.694117665, 0.0235294122, 0.223529413

vb0[61]+000 POSITION: -0.185302734, 0.627929688, -0.363037109, 1
vb0[61]+008 NORMAL: -0.393700778, 0.614173234, 0.685039341, 0
vb0[61]+012 COLOR: 0.678431392, 0.796078444, 0.862745106, 0.101960786
vb0[61]+016 TEXCOORD: 0.0560302734, 0.964355469
vb0[61]+000 TEXCOORD1: 0.933333337, 0.694117665, 0.0235294122, 0.223529413
vb0[61]+000 TEXCOORD2: 0.933333337, 0.694117665, 0.0235294122, 0.223529413
vb0[61]+000 TEXCOORD3: 0.933333337, 0.694117665, 0.0235294122, 0.223529413

vb0[62]+000 POSITION: -0.165893555, 0.83984375, -0.63671875, 1
vb0[62]+008 NORMAL: 0.0393700786, 0.645669281, -0.763779521, 0
vb0[62]+012 COLOR: 0.0352941193, 0.65882355, 0.592156887, 0.101960786
vb0[62]+016 TEXCOORD: 0.0756835938, 0.985839844
vb0[62]+000 TEXCOORD1: 0.309803933, 0.694117665, 0.721568644, 0.227450982
vb0[62]+000 TEXCOORD2: 0.309803933, 0.694117665, 0.721568644, 0.227450982
vb0[62]+000 TEXCOORD3: 0.309803933, 0.694117665, 0.721568644, 0.227450982

vb0[63]+000 POSITION: -0.165893555, 0.83984375, -0.63671875, 1
vb0[63]+008 NORMAL: 0.0393700786, 0.645669281, -0.763779521, 0
vb0[63]+012 COLOR: 0.31764707, 0.160784319, 0.180392161, 0.101960786
vb0[63]+016 TEXCOORD: 0.0733642578, 0.979003906
vb0[63]+000 TEXCOORD1: 0.309803933, 0.694117665, 0.721568644, 0.227450982
vb0[63]+000 TEXCOORD2: 0.309803933, 0.694117665, 0.721568644, 0.227450982
vb0[63]+000 TEXCOORD3: 0.309803933, 0.694117665, 0.721568644, 0.227450982

vb0[64]+000 POSITION: -0.165893555, 0.83984375, -0.63671875, 1
vb0[64]+008 NORMAL: 0.0393700786, 0.645669281, -0.763779521, 0
vb0[64]+012 COLOR: 0.972549021, 0.376470596, 0.396078438, 0.101960786
vb0[64]+016 TEXCOORD: 0.0710449219, 0.971679688
vb0[64]+000 TEXCOORD1: 0.309803933, 0.694117665, 0.721568644, 0.227450982
vb0[64]+000 TEXCOORD2: 0.309803933, 0.694117665, 0.721568644, 0.227450982
vb0[64]+000 TEXCOORD3: 0.309803933, 0.694117665, 0.721568644, 0.227450982

vb0[65]+000 POSITION: -0.165893555, 0.83984375, -0.63671875, 1
vb0[65]+008 NORMAL: 0.0393700786, 0.645669281, -0.763779521, 0
vb0[65]+012 COLOR: 0.654901981, 0.870588243, 0.796078444, 0.101960786
vb0[65]+016 TEXCOORD: 0.0687255859, 0.96484375
vb0[65]+000 TEXCOORD1: 0.309803933, 0.694117665, 0.721568644, 0.227450982
vb0[65]+000 TEXCOORD2: 0.309803933, 0.694117665, 0.721568644, 0.227450982
vb0[65]+000 TEXCOORD3: 0.309803933, 0.694117665, 0.721568644, 0.227450982

vb0[66]+000 POSITION: -0.523925781, 0.612792969, -0.319091797, 1
vb0[66]+008 NORMAL: -0.551181078, 0.811023593, -0.181102365, 0
vb0[66]+012 COLOR: 0.745098054, 0.764705896, 0.847058833, 0.101960786
vb0[66]+016 TEXCOORD: 0.0754394531, 0.971679688
vb0[66]+000 TEXCOORD1: 0.192156866, 0.721568644, 0.905882359, 0.219607845
vb0[66]+000 TEXCOORD2: 0.192156866, 0.721568644, 0.905882359, 0.219607845
vb0[66]+000 TEXCOORD3: 0.192156866, 0.721568644, 0.905882359, 0.219607845

vb0[67]+000 POSITION: -0.308105469, 0.296386719, -0.231079102, 1
vb0[67]+008 NORMAL: -0.11811024, 0.173228353, 0.976377964, 0
vb0[67]+012 COLOR: 0.376470596, 0.541176498, 0.980392158, 0.101960786
vb0[67]+016 TEXCOORD: 0.0586242676, 0.971191406
vb0[67]+000 TEXCOORD1: 0.933333337, 0.70588237, 0.745098054, 0.203921571
vb0[67]+000 TEXCOORD2: 0.933333337, 0.70588237, 0.745098054, 0.203921571
vb0[67]+000 TEXCOORD3: 0.933333337, 0.70588237, 0.745098054, 0.203921571

vb0[68]+000 POSITION: -0.286865234, 0.289794922, -0.240844727, 1
vb0[68]+008 NORMAL: 0.897637784, 0.291338593, 0.322834641, 0
vb0[68]+012 COLOR: 0.729411781, 0.607843161, 0.929411769, 0.101960786
vb0[68]+016 TEXCOORD: 0.0562133789, 0.964355469
vb0[68]+000 TEXCOORD1: 0.592156887, 0.70588237, 0.639215708, 0.203921571
vb0[68]+000 TEXCOORD2: 0.592156887, 0.70588237, 0.639215708, 0.203921571
vb0[68]+000 TEXCOORD3: 0.592156887, 0.70588237, 0.639215708, 0.203921571

vb0[69]+000 POSITION: -0.297607422, -0.065612793, -0.214599609, 1
vb0[69]+008 NORMAL: -0.330708653, 0.0314960629, 0.944881916, 0
vb0[69]+012 COLOR: 0.337254912, 0.517647088, 0.972549021, 0.733333349
vb0[69]+016 TEXCOORD: 0.026260376, 0.970214844
vb0[69]+000 TEXCOORD1: 0.764705896, 0.70588237, 0.200000003, 0.674509823
vb0[69]+000 TEXCOORD2: 0.764705896, 0.70588237, 0.200000003, 0.674509823
vb0[69]+000 TEXCOORD3: 0.764705896, 0.70588237, 0.200000003, 0.674509823

vb0[70]+000 POSITION: -0.265380859, -0.0650024414, -0.229003906, 1
vb0[70]+008 NORMAL: 0.92125982, 0.0708661452, 0.377952754, 0
vb0[70]+012 COLOR: 0.701960802, 0.529411793, 0.956862748, 0.670588255
vb0[70]+016 TEXCOORD: 0.02394104, 0.962890625
vb0[70]+000 TEXCOORD1: 0.247058824, 0.70588237, 0.160784319, 0.674509823
vb0[70]+000 TEXCOORD2: 0.247058824, 0.70588237, 0.160784319, 0.674509823
vb0[70]+000 TEXCOORD3: 0.247058824, 0.70588237, 0.160784319, 0.674509823

vb0[71]+000 POSITION: -0.320556641, 0.287109375, -0.253173828, 1
vb0[71]+008 NORMAL: -0.913385808, -0.283464581, -0.283464581, 0
vb0[71]+012 COLOR: 0.0156862754, 0.384313732, 0.454901963, 0.686274529
vb0[71]+016 TEXCOORD: 0.0607299805, 0.978515625
vb0[71]+000 TEXCOORD1: 0.129411772, 0.709803939, 0.596078455, 0.203921571
vb0[71]+000 TEXCOORD2: 0.129411772, 0.709803939, 0.596078455, 0.203921571
vb0[71]+000 TEXCOORD3: 0.129411772, 0.709803939, 0.596078455, 0.203921571

vb0[72]+000 POSITION: -0.523925781, 0.612792969, -0.319091797, 1
vb0[72]+008 NORMAL: -0.551181078, 0.811023593, -0.181102365, 0
vb0[72]+012 COLOR: 0.129411772, 0.325490206, 0.784313738, 0.101960786
vb0[72]+016 TEXCOORD: 0.0777587891, 0.979003906
vb0[72]+000 TEXCOORD1: 0.192156866, 0.721568644, 0.905882359, 0.219607845
vb0[72]+000 TEXCOORD2: 0.192156866, 0.721568644, 0.905882359, 0.219607845
vb0[72]+000 TEXCOORD3: 0.192156866, 0.721568644, 0.905882359, 0.219607845

vb0[73]+000 POSITION: -0.312988281, -0.0655517578, -0.247436523, 1
vb0[73]+008 NORMAL: -0.937007844, -0.0236220472, -0.338582665, 0
vb0[73]+012 COLOR: 0.113725491, 0.486274511, 0.184313729, 0.796078444
vb0[73]+016 TEXCOORD: 0.0285797119, 0.977050781
vb0[73]+000 TEXCOORD1: 0.00784313772, 0.709803939, 0.196078435, 0.674509823
vb0[73]+000 TEXCOORD2: 0.00784313772, 0.709803939, 0.196078435, 0.674509823
vb0[73]+000 TEXCOORD3: 0.00784313772, 0.709803939, 0.196078435, 0.674509823

vb0[74]+000 POSITION: -0.296630859, 0.291992188, -0.263916016, 1
vb0[74]+008 NORMAL: 0.48031497, 0.149606302, -0.866141737, 0
vb0[74]+012 COLOR: 0.588235319, 0.521568656, 0.00784313772, 0.454901963
vb0[74]+016 TEXCOORD: 0.0631713867, 0.985351563
vb0[74]+000 TEXCOORD1: 0.749019623, 0.70588237, 0.674509823, 0.203921571
vb0[74]+000 TEXCOORD2: 0.749019623, 0.70588237, 0.674509823, 0.203921571
vb0[74]+000 TEXCOORD3: 0.749019623, 0.70588237, 0.674509823, 0.203921571

vb0[75]+000 POSITION: -0.523925781, 0.612792969, -0.319091797, 1
vb0[75]+008 NORMAL: -0.551181078, 0.811023593, -0.181102365, 0
vb0[75]+012 COLOR: 0.34117648, 0.313725501, 0.0627451017, 0.101960786
vb0[75]+016 TEXCOORD: 0.080078125, 0.985839844
vb0[75]+000 TEXCOORD1: 0.192156866, 0.721568644, 0.905882359, 0.219607845
vb0[75]+000 TEXCOORD2: 0.192156866, 0.721568644, 0.905882359, 0.219607845
vb0[75]+000 TEXCOORD3: 0.192156866, 0.721568644, 0.905882359, 0.219607845

vb0[76]+000 POSITION: -0.279052734, -0.0649414063, -0.262695313, 1
vb0[76]+008 NORMAL: 0.385826766, 0.0157480314, -0.92125982, 0
vb0[76]+012 COLOR: 0.827450991, 0.513725519, 0.121568628, 0.78039217
vb0[76]+016 TEXCOORD: 0.0308990479, 0.983886719
vb0[76]+000 TEXCOORD1: 0.466666669, 0.70588237, 0.156862751, 0.674509823
vb0[76]+000 TEXCOORD2: 0.466666669, 0.70588237, 0.156862751, 0.674509823
vb0[76]+000 TEXCOORD3: 0.466666669, 0.70588237, 0.156862751, 0.674509823

vb0[77]+000 POSITION: -0.286865234, 0.289794922, -0.240844727, 1
vb0[77]+008 NORMAL: 0.897637784, 0.291338593, 0.322834641, 0
vb0[77]+012 COLOR: 0.952941179, 0.603921592, 0.31764707, 0.101960786
vb0[77]+016 TEXCOORD: 0.0654907227, 0.9921875
vb0[77]+000 TEXCOORD1: 0.592156887, 0.70588237, 0.639215708, 0.203921571
vb0[77]+000 TEXCOORD2: 0.592156887, 0.70588237, 0.639215708, 0.203921571
vb0[77]+000 TEXCOORD3: 0.592156887, 0.70588237, 0.639215708, 0.203921571

vb0[78]+000 POSITION: -0.523925781, 0.612792969, -0.319091797, 1
vb0[78]+008 NORMAL: -0.551181078, 0.811023593, -0.181102365, 0
vb0[78]+012 COLOR: 0.90196079, 0.760784328, 0.352941185, 0.101960786
vb0[78]+016 TEXCOORD: 0.0823974609, 0.993164063
vb0[78]+000 TEXCOORD1: 0.192156866, 0.721568644, 0.905882359, 0.219607845
vb0[78]+000 TEXCOORD2: 0.192156866, 0.721568644, 0.905882359, 0.219607845
vb0[78]+000 TEXCOORD3: 0.192156866, 0.721568644, 0.905882359, 0.219607845

vb0[79]+000 POSITION: -0.265380859, -0.0650024414, -0.229003906, 1
vb0[79]+008 NORMAL: 0.92125982, 0.0708661452, 0.377952754, 0
vb0[79]+012 COLOR: 0.960784316, 0.521568656, 0.313725501, 0.670588255
vb0[79]+016 TEXCOORD: 0.0332336426, 0.991210938
vb0[79]+000 TEXCOORD1: 0.247058824, 0.70588237, 0.160784319, 0.674509823
vb0[79]+000 TEXCOORD2: 0.247058824, 0.70588237, 0.160784319, 0.674509823
vb0[79]+000 TEXCOORD3: 0.247058824, 0.70588237, 0.160784319, 0.674509823

vb0[80]+000 POSITION: -0.407226563, 0.181274414, -0.0776977539, 1
vb0[80]+008 NORMAL: -0.669291317, -0.330708653, -0.669291317, 0
vb0[80]+012 COLOR: 0.125490203, 0.262745112, 0.729411781, 0.101960786
vb0[80]+016 TEXCOORD: 0.592285156, 0.114379883
vb0[80]+000 TEXCOORD1: 0.517647088, 0.713725507, 0.80392158, 0.192156866
vb0[80]+000 TEXCOORD2: 0.517647088, 0.713725507, 0.80392158, 0.192156866
vb0[80]+000 TEXCOORD3: 0.517647088, 0.713725507, 0.80392158, 0.192156866

vb0[81]+000 POSITION: 0.0123443604, 0.505859375, 0.946289063, 1
vb0[81]+008 NORMAL: 0, -0.330708653, 0.944881916, 0
vb0[81]+012 COLOR: 0.117647059, 0.239215687, 0.694117665, 0.858823538
vb0[81]+016 TEXCOORD: 0.171386719, 0.557128906
vb0[81]+000 TEXCOORD1: 0.321568638, 0.13333334, 0.0470588244, 0.219607845
vb0[81]+000 TEXCOORD2: 0.321568638, 0.13333334, 0.0470588244, 0.219607845
vb0[81]+000 TEXCOORD3: 0.321568638, 0.13333334, 0.0470588244, 0.219607845

vb0[82]+000 POSITION: -0.59375, 1.17773438, 0.652832031, 1
vb0[82]+008 NORMAL: -0.645669281, 0.716535449, 0.267716527, 0
vb0[82]+012 COLOR: 0.121568628, 0.239215687, 0.701960802, 0.101960786
vb0[82]+016 TEXCOORD: 0.986328125, 0.557128906
vb0[82]+000 TEXCOORD1: 0.752941191, 0.721568644, 0.713725507, 0.235294119
vb0[82]+000 TEXCOORD2: 0.752941191, 0.721568644, 0.713725507, 0.235294119
vb0[82]+000 TEXCOORD3: 0.752941191, 0.721568644, 0.713725507, 0.235294119

vb0[83]+000 POSITION: -0.0542602539, 0.731445313, 1.18945313, 1
vb0[83]+008 NORMAL: 0, 0.181102365, 0.984251976, 0
vb0[83]+012 COLOR: 0.105882354, 0.254901975, 0.690196097, 0.639215708
vb0[83]+016 TEXCOORD: 0.171386719, 0.936035156
vb0[83]+000 TEXCOORD1: 0.949019611, 0.666666687, 0.854901969, 0.223529413
vb0[83]+000 TEXCOORD2: 0.949019611, 0.666666687, 0.854901969, 0.223529413
vb0[83]+000 TEXCOORD3: 0.949019611, 0.666666687, 0.854901969, 0.223529413

vb0[84]+000 POSITION: -0.242797852, 1.125, 1.21386719, 1
vb0[84]+008 NORMAL: -0.267716527, 0.716535449, 0.645669281, 0
vb0[84]+012 COLOR: 0.125490203, 0.239215687, 0.709803939, 0.960784316
vb0[84]+016 TEXCOORD: 0.576171875, 0.999511719
vb0[84]+000 TEXCOORD1: 0.772549033, 0.701960802, 0.501960814, 0.235294119
vb0[84]+000 TEXCOORD2: 0.772549033, 0.701960802, 0.501960814, 0.235294119
vb0[84]+000 TEXCOORD3: 0.772549033, 0.701960802, 0.501960814, 0.235294119

vb0[85]+000 POSITION: -0.556152344, 1.31445313, 0.954101563, 1
vb0[85]+008 NORMAL: -0.496062994, 0.716535449, 0.496062994, 0
vb0[85]+012 COLOR: 0.156862751, 0.188235298, 0.686274529, 0.345098048
vb0[85]+016 TEXCOORD: 0.986328125, 0.936035156
vb0[85]+000 TEXCOORD1: 0.450980395, 0.721568644, 0.258823544, 0.239215687
vb0[85]+000 TEXCOORD2: 0.450980395, 0.721568644, 0.258823544, 0.239215687
vb0[85]+000 TEXCOORD3: 0.450980395, 0.721568644, 0.258823544, 0.239215687

vb0[86]+000 POSITION: -0.605957031, 1.36328125, 0.889648438, 1
vb0[86]+008 NORMAL: -0.582677186, 0.716535449, 0.385826766, 0
vb0[86]+012 COLOR: 0.552941203, 0.776470602, 0.913725495, 0.101960786
vb0[86]+016 TEXCOORD: 0.00852966309, 0.388183594
vb0[86]+000 TEXCOORD1: 0.850980401, 0.721568644, 0.454901963, 0.239215687
vb0[86]+000 TEXCOORD2: 0.850980401, 0.721568644, 0.454901963, 0.239215687
vb0[86]+000 TEXCOORD3: 0.850980401, 0.721568644, 0.454901963, 0.239215687

vb0[87]+000 POSITION: -0.635742188, 0.73828125, 1.3125, 1
vb0[87]+008 NORMAL: -0.543307066, 0.181102365, 0.818897665, 0
vb0[87]+012 COLOR: 0.552941203, 0.776470602, 0.913725495, 0.968627453
vb0[87]+016 TEXCOORD: 0.392089844, 0.388183594
vb0[87]+000 TEXCOORD1: 0.0862745121, 0.725490212, 0.909803927, 0.223529413
vb0[87]+000 TEXCOORD2: 0.0862745121, 0.725490212, 0.909803927, 0.223529413
vb0[87]+000 TEXCOORD3: 0.0862745121, 0.725490212, 0.909803927, 0.223529413

vb0[88]+000 POSITION: 0.0770263672, 0.669433594, 1.26464844, 1
vb0[88]+008 NORMAL: 0, 0.181102365, 0.984251976, 0
vb0[88]+012 COLOR: 0.552941203, 0.776470602, 0.913725495, 0.968627453
vb0[88]+016 TEXCOORD: 0.392089844, 0.00441741943
vb0[88]+000 TEXCOORD1: 0.933333337, 0.172549024, 0.356862754, 0.223529413
vb0[88]+000 TEXCOORD2: 0.933333337, 0.172549024, 0.356862754, 0.223529413
vb0[88]+000 TEXCOORD3: 0.933333337, 0.172549024, 0.356862754, 0.223529413

vb0[89]+000 POSITION: 0.106567383, 1.29492188, 0.841796875, 1
vb0[89]+008 NORMAL: 0.0629921257, 0.937007844, 0.330708653, 0
vb0[89]+012 COLOR: 0.552941203, 0.776470602, 0.913725495, 0.905882359
vb0[89]+016 TEXCOORD: 0.00852966309, 0.00441741943
vb0[89]+000 TEXCOORD1: 0.823529422, 0.180392161, 0.180392161, 0.239215687
vb0[89]+000 TEXCOORD2: 0.823529422, 0.180392161, 0.180392161, 0.239215687
vb0[89]+000 TEXCOORD3: 0.823529422, 0.180392161, 0.180392161, 0.239215687

vb0[90]+000 POSITION: -0.407226563, 0.181274414, -0.0776977539, 1
vb0[90]+008 NORMAL: -0.669291317, -0.330708653, -0.669291317, 0
vb0[90]+012 COLOR: 0.831372559, 0.184313729, 0.698039234, 0.101960786
vb0[90]+016 TEXCOORD: 0.592285156, 0.114379883
vb0[90]+000 TEXCOORD1: 0.517647088, 0.713725507, 0.80392158, 0.192156866
vb0[90]+000 TEXCOORD2: 0.517647088, 0.713725507, 0.80392158, 0.192156866
vb0[90]+000 TEXCOORD3: 0.517647088, 0.713725507, 0.80392158, 0.192156866

vb0[91]+000 POSITION: 0.0166015625, 0.959472656, 0.455078125, 1
vb0[91]+008 NORMAL: 0, 1, 0, 0
vb0[91]+012 COLOR: 0.831372559, 0.180392161, 0.698039234, 0.101960786
vb0[91]+016 TEXCOORD: 0.171386719, 0.557128906
vb0[91]+000 TEXCOORD1: 0.250980407, 0.141176477, 0.678431392, 0.23137255
vb0[91]+000 TEXCOORD2: 0.250980407, 0.141176477, 0.678431392, 0.23137255
vb0[91]+000 TEXCOORD3: 0.250980407, 0.141176477, 0.678431392, 0.23137255

vb0[92]+000 POSITION: -0.687988281, 0.59765625, 1.04882813, 1
vb0[92]+008 NORMAL: -0.692913413, 0.181102365, 0.692913413, 0
vb0[92]+012 COLOR: 0.843137264, 0.172549024, 0.662745118, 0.858823538
vb0[92]+016 TEXCOORD: 0.986328125, 0.557128906
vb0[92]+000 TEXCOORD1: 0.505882382, 0.725490212, 0.784313738, 0.219607845
vb0[92]+000 TEXCOORD2: 0.505882382, 0.725490212, 0.784313738, 0.219607845
vb0[92]+000 TEXCOORD3: 0.505882382, 0.725490212, 0.784313738, 0.219607845

vb0[93]+000 POSITION: 0.0494384766, 1.33789063, 1.0234375, 1
vb0[93]+008 NORMAL: 0, 0.866141737, 0.503937006, 0
vb0[93]+012 COLOR: 0.835294127, 0.172549024, 0.670588255, 0.937254906
vb0[93]+016 TEXCOORD: 0.171386719, 0.936035156
vb0[93]+000 TEXCOORD1: 0.329411775, 0.164705887, 0.352941185, 0.239215687
vb0[93]+000 TEXCOORD2: 0.329411775, 0.164705887, 0.352941185, 0.239215687
vb0[93]+000 TEXCOORD3: 0.329411775, 0.164705887, 0.352941185, 0.239215687

vb0[94]+000 POSITION: -0.242797852, 1.125, 1.21386719, 1
vb0[94]+008 NORMAL: -0.267716527, 0.716535449, 0.645669281, 0
vb0[94]+012 COLOR: 0.850980401, 0.164705887, 0.623529434, 0.960784316
vb0[94]+016 TEXCOORD: 0.576171875, 0.999511719
vb0[94]+000 TEXCOORD1: 0.772549033, 0.701960802, 0.501960814, 0.235294119
vb0[94]+000 TEXCOORD2: 0.772549033, 0.701960802, 0.501960814, 0.235294119
vb0[94]+000 TEXCOORD3: 0.772549033, 0.701960802, 0.501960814, 0.235294119

vb0[95]+000 POSITION: -0.52734375, 0.845703125, 1.30566406, 1
vb0[95]+008 NORMAL: -0.488188982, 0.464566916, 0.732283473, 0
vb0[95]+012 COLOR: 0.858823538, 0.164705887, 0.596078455, 0.968627453
vb0[95]+016 TEXCOORD: 0.986328125, 0.936035156
vb0[95]+000 TEXCOORD1: 0.219607845, 0.721568644, 0.768627465, 0.227450982
vb0[95]+000 TEXCOORD2: 0.219607845, 0.721568644, 0.768627465, 0.227450982
vb0[95]+000 TEXCOORD3: 0.219607845, 0.721568644, 0.768627465, 0.227450982

vb0[96]+000 POSITION: -0.412597656, 0.247436523, -0.0746459961, 1
vb0[96]+008 NORMAL: -0.669291317, -0.330708653, -0.669291317, 0
vb0[96]+012 COLOR: 0.0156862754, 0.549019635, 0.388235301, 0.101960786
vb0[96]+016 TEXCOORD: 0.592285156, 0.114379883
vb0[96]+000 TEXCOORD1: 0.603921592, 0.713725507, 0.921568632, 0.200000003
vb0[96]+000 TEXCOORD2: 0.603921592, 0.713725507, 0.921568632, 0.200000003
vb0[96]+000 TEXCOORD3: 0.603921592, 0.713725507, 0.921568632, 0.200000003

vb0[97]+000 POSITION: -0.580566406, 0.917480469, 0.954101563, 1
vb0[97]+008 NORMAL: -0.622047246, 0.464566916, 0.622047246, 0
vb0[97]+012 COLOR: 0.0313725509, 0.447058827, 0.333333343, 0.423529416
vb0[97]+016 TEXCOORD: 0.171386719, 0.557128906
vb0[97]+000 TEXCOORD1: 0.647058845, 0.721568644, 0.34117648, 0.23137255
vb0[97]+000 TEXCOORD2: 0.647058845, 0.721568644, 0.34117648, 0.23137255
vb0[97]+000 TEXCOORD3: 0.647058845, 0.721568644, 0.34117648, 0.23137255

vb0[98]+000 POSITION: -0.357666016, 1.41113281, 0.181396484, 1
vb0[98]+008 NORMAL: -0.283464581, 0.937007844, -0.188976377, 0
vb0[98]+012 COLOR: 0.0392156877, 0.419607848, 0.321568638, 0.101960786
vb0[98]+016 TEXCOORD: 0.986328125, 0.557128906
vb0[98]+000 TEXCOORD1: 0.725490212, 0.709803939, 0.647058845, 0.239215687
vb0[98]+000 TEXCOORD2: 0.725490212, 0.709803939, 0.647058845, 0.239215687
vb0[98]+000 TEXCOORD3: 0.725490212, 0.709803939, 0.647058845, 0.239215687

vb0[99]+000 POSITION: -0.704101563, 1.28613281, 0.945800781, 1
vb0[99]+008 NORMAL: -0.582677186, 0.716535449, 0.385826766, 0
vb0[99]+012 COLOR: 0.0627451017, 0.396078438, 0.282352954, 0.56078434
vb0[99]+016 TEXCOORD: 0.171386719, 0.936035156
vb0[99]+000 TEXCOORD1: 0.635294139, 0.725490212, 0.145098045, 0.239215687
vb0[99]+000 TEXCOORD2: 0.635294139, 0.725490212, 0.145098045, 0.239215687
vb0[99]+000 TEXCOORD3: 0.635294139, 0.725490212, 0.145098045, 0.239215687

vb0[100]+000 POSITION: -0.6484375, 1.69238281, 0.712890625, 1
vb0[100]+008 NORMAL: -0.464566916, 0.866141737, 0.188976377, 0
vb0[100]+012 COLOR: 0.0509803928, 0.388235301, 0.313725501, 0.937254906
vb0[100]+016 TEXCOORD: 0.576171875, 0.999511719
vb0[100]+000 TEXCOORD1: 0.188235298, 0.725490212, 0.772549033, 0.243137255
vb0[100]+000 TEXCOORD2: 0.188235298, 0.725490212, 0.772549033, 0.243137255
vb0[100]+000 TEXCOORD3: 0.188235298, 0.725490212, 0.772549033, 0.243137255

vb0[101]+000 POSITION: -0.513671875, 1.7265625, 0.302978516, 1
vb0[101]+008 NORMAL: -0.330708653, 0.937007844, -0.0629921257, 0
vb0[101]+012 COLOR: 0.0549019612, 0.34117648, 0.34117648, 0.670588255
vb0[101]+016 TEXCOORD: 0.986328125, 0.936035156
vb0[101]+000 TEXCOORD1: 0.109803922, 0.721568644, 0.909803927, 0.243137255
vb0[101]+000 TEXCOORD2: 0.109803922, 0.721568644, 0.909803927, 0.243137255
vb0[101]+000 TEXCOORD3: 0.109803922, 0.721568644, 0.909803927, 0.243137255

vb0[102]+000 POSITION: -0.468017578, 1.73730469, 0.225219727, 1
vb0[102]+008 NORMAL: -0.314960629, 0.937007844, -0.133858263, 0
vb0[102]+012 COLOR: 0.305882365, 0.929411769, 0.670588255, 0.101960786
vb0[102]+016 TEXCOORD: 0.00852966309, 0.388183594
vb0[102]+000 TEXCOORD1: 0.490196079, 0.717647076, 0.952941179, 0.243137255
vb0[102]+000 TEXCOORD2: 0.490196079, 0.717647076, 0.952941179, 0.243137255
vb0[102]+000 TEXCOORD3: 0.490196079, 0.717647076, 0.952941179, 0.243137255

vb0[103]+000 POSITION: -1.04980469, 1.37011719, 0.486816406, 1
vb0[103]+008 NORMAL: -0.700787425, 0.716535449, 0, 0
vb0[103]+012 COLOR: 0.305882365, 0.929411769, 0.670588255, 0.654901981
vb0[103]+016 TEXCOORD: 0.392089844, 0.388183594
vb0[103]+000 TEXCOORD1: 0.200000003, 0.737254918, 0.482352942, 0.239215687
vb0[103]+000 TEXCOORD2: 0.200000003, 0.737254918, 0.482352942, 0.239215687
vb0[103]+000 TEXCOORD3: 0.200000003, 0.737254918, 0.482352942, 0.239215687

vb0[104]+000 POSITION: -0.727050781, 1.26855469, 1.10058594, 1
vb0[104]+008 NORMAL: -0.496062994, 0.716535449, 0.496062994, 0
vb0[104]+012 COLOR: 0.305882365, 0.929411769, 0.670588255, 0.968627453
vb0[104]+016 TEXCOORD: 0.392089844, 0.00441741943
vb0[104]+000 TEXCOORD1: 0.819607854, 0.725490212, 0.0745098069, 0.239215687
vb0[104]+000 TEXCOORD2: 0.819607854, 0.725490212, 0.0745098069, 0.239215687
vb0[104]+000 TEXCOORD3: 0.819607854, 0.725490212, 0.0745098069, 0.239215687

vb0[105]+000 POSITION: -0.145019531, 1.63671875, 0.838867188, 1
vb0[105]+008 NORMAL: -0.133858263, 0.937007844, 0.314960629, 0
vb0[105]+012 COLOR: 0.305882365, 0.929411769, 0.670588255, 0.968627453
vb0[105]+016 TEXCOORD: 0.00852966309, 0.00441741943
vb0[105]+000 TEXCOORD1: 0.643137276, 0.690196097, 0.549019635, 0.243137255
vb0[105]+000 TEXCOORD2: 0.643137276, 0.690196097, 0.549019635, 0.243137255
vb0[105]+000 TEXCOORD3: 0.643137276, 0.690196097, 0.549019635, 0.243137255

vb0[106]+000 POSITION: -0.412597656, 0.247436523, -0.0746459961, 1
vb0[106]+008 NORMAL: -0.669291317, -0.330708653, -0.669291317, 0
vb0[106]+012 COLOR: 0.368627459, 0.211764708, 0.886274517, 0.101960786
vb0[106]+016 TEXCOORD: 0.592285156, 0.114379883
vb0[106]+000 TEXCOORD1: 0.603921592, 0.713725507, 0.921568632, 0.200000003
vb0[106]+000 TEXCOORD2: 0.603921592, 0.713725507, 0.921568632, 0.200000003
vb0[106]+000 TEXCOORD3: 0.603921592, 0.713725507, 0.921568632, 0.200000003

vb0[107]+000 POSITION: -0.0265655518, 1.07421875, 0.678222656, 1
vb0[107]+008 NORMAL: -0.0629921257, 0.937007844, 0.330708653, 0
vb0[107]+012 COLOR: 0.356862754, 0.270588249, 0.921568632, 0.188235298
vb0[107]+016 TEXCOORD: 0.171386719, 0.557128906
vb0[107]+000 TEXCOORD1: 0.80392158, 0.650980413, 0.298039228, 0.235294119
vb0[107]+000 TEXCOORD2: 0.80392158, 0.650980413, 0.298039228, 0.235294119
vb0[107]+000 TEXCOORD3: 0.80392158, 0.650980413, 0.298039228, 0.235294119

vb0[108]+000 POSITION: -0.930664063, 1.07324219, 0.367431641, 1
vb0[108]+008 NORMAL: -0.88188976, 0.464566916, 0, 0
vb0[108]+012 COLOR: 0.380392164, 0.282352954, 0.933333337, 0.101960786
vb0[108]+016 TEXCOORD: 0.986328125, 0.557128906
vb0[108]+000 TEXCOORD1: 0.447058827, 0.733333349, 0.294117659, 0.235294119
vb0[108]+000 TEXCOORD2: 0.447058827, 0.733333349, 0.294117659, 0.235294119
vb0[108]+000 TEXCOORD3: 0.447058827, 0.733333349, 0.294117659, 0.235294119

vb0[109]+000 POSITION: -0.290771484, 1.78808594, 0.851074219, 1
vb0[109]+008 NORMAL: -0.188976377, 0.937007844, 0.283464581, 0
vb0[109]+012 COLOR: 0.36470589, 0.321568638, 0.945098042, 0.968627453
vb0[109]+016 TEXCOORD: 0.171386719, 0.936035156
vb0[109]+000 TEXCOORD1: 0.654901981, 0.70588237, 0.152941182, 0.247058824
vb0[109]+000 TEXCOORD2: 0.654901981, 0.70588237, 0.152941182, 0.247058824
vb0[109]+000 TEXCOORD3: 0.654901981, 0.70588237, 0.152941182, 0.247058824

vb0[110]+000 POSITION: -0.6484375, 1.69238281, 0.712890625, 1
vb0[110]+008 NORMAL: -0.464566916, 0.866141737, 0.188976377, 0
vb0[110]+012 COLOR: 0.403921574, 0.294117659, 0.945098042, 0.937254906
vb0[110]+016 TEXCOORD: 0.576171875, 0.999511719
vb0[110]+000 TEXCOORD1: 0.188235298, 0.725490212, 0.772549033, 0.243137255
vb0[110]+000 TEXCOORD2: 0.188235298, 0.725490212, 0.772549033, 0.243137255
vb0[110]+000 TEXCOORD3: 0.188235298, 0.725490212, 0.772549033, 0.243137255

vb0[111]+000 POSITION: -0.954589844, 1.47167969, 0.556640625, 1
vb0[111]+008 NORMAL: -0.685039341, 0.716535449, 0.133858263, 0
vb0[111]+012 COLOR: 0.427450985, 0.282352954, 0.945098042, 0.607843161
vb0[111]+016 TEXCOORD: 0.986328125, 0.936035156
vb0[111]+000 TEXCOORD1: 0.639215708, 0.733333349, 0.890196085, 0.239215687
vb0[111]+000 TEXCOORD2: 0.639215708, 0.733333349, 0.890196085, 0.239215687
vb0[111]+000 TEXCOORD3: 0.639215708, 0.733333349, 0.890196085, 0.239215687

vb0[112]+000 POSITION: -0.409667969, 0.130737305, -0.076965332, 1
vb0[112]+008 NORMAL: -0.669291317, -0.330708653, -0.669291317, 0
vb0[112]+012 COLOR: 0.180392161, 0.203921571, 0.749019623, 0.827450991
vb0[112]+016 TEXCOORD: 0.592285156, 0.114379883
vb0[112]+000 TEXCOORD1: 0.556862772, 0.713725507, 0.184313729, 0.188235298
vb0[112]+000 TEXCOORD2: 0.556862772, 0.713725507, 0.184313729, 0.188235298
vb0[112]+000 TEXCOORD3: 0.556862772, 0.713725507, 0.184313729, 0.188235298

vb0[113]+000 POSITION: -0.473144531, 0.954589844, 0.825683594, 1
vb0[113]+008 NORMAL: -0.622047246, 0.464566916, 0.622047246, 0
vb0[113]+012 COLOR: 0.203921571, 0.164705887, 0.725490212, 0.101960786
vb0[113]+016 TEXCOORD: 0.171386719, 0.557128906
vb0[113]+000 TEXCOORD1: 0.572549045, 0.717647076, 0.639215708, 0.23137255
vb0[113]+000 TEXCOORD2: 0.572549045, 0.717647076, 0.639215708, 0.23137255
vb0[113]+000 TEXCOORD3: 0.572549045, 0.717647076, 0.639215708, 0.23137255

vb0[114]+000 POSITION: -1.12304688, 1.00976563, 0.0580749512, 1
vb0[114]+008 NORMAL: -0.866141737, 0.464566916, -0.173228353, 0
vb0[114]+012 COLOR: 0.203921571, 0.168627456, 0.733333349, 0.701960802
vb0[114]+016 TEXCOORD: 0.986328125, 0.557128906
vb0[114]+000 TEXCOORD1: 0.494117647, 0.737254918, 0.0392156877, 0.235294119
vb0[114]+000 TEXCOORD2: 0.494117647, 0.737254918, 0.0392156877, 0.235294119
vb0[114]+000 TEXCOORD3: 0.494117647, 0.737254918, 0.0392156877, 0.235294119

vb0[115]+000 POSITION: -0.740234375, 1.19726563, 0.909667969, 1
vb0[115]+008 NORMAL: -0.582677186, 0.716535449, 0.385826766, 0
vb0[115]+012 COLOR: 0.192156866, 0.168627456, 0.713725507, 0.56078434
vb0[115]+016 TEXCOORD: 0.171386719, 0.936035156
vb0[115]+000 TEXCOORD1: 0.925490201, 0.725490212, 0.792156875, 0.235294119
vb0[115]+000 TEXCOORD2: 0.925490201, 0.725490212, 0.792156875, 0.235294119
vb0[115]+000 TEXCOORD3: 0.925490201, 0.725490212, 0.792156875, 0.235294119

vb0[116]+000 POSITION: -1.07128906, 1.4140625, 0.676269531, 1
vb0[116]+008 NORMAL: -0.685039341, 0.716535449, 0.133858263, 0
vb0[116]+012 COLOR: 0.20784314, 0.172549024, 0.737254918, 0.952941179
vb0[116]+016 TEXCOORD: 0.576171875, 0.999511719
vb0[116]+000 TEXCOORD1: 0.286274523, 0.737254918, 0.65882355, 0.239215687
vb0[116]+000 TEXCOORD2: 0.286274523, 0.737254918, 0.65882355, 0.239215687
vb0[116]+000 TEXCOORD3: 0.286274523, 0.737254918, 0.65882355, 0.239215687

vb0[117]+000 POSITION: -1.29296875, 1.26855469, 0.265380859, 1
vb0[117]+008 NORMAL: -0.866141737, 0.464566916, -0.173228353, 0
vb0[117]+012 COLOR: 0.262745112, 0.141176477, 0.75686276, 0.921568632
vb0[117]+016 TEXCOORD: 0.986328125, 0.936035156
vb0[117]+000 TEXCOORD1: 0.172549024, 0.741176486, 0.0745098069, 0.239215687
vb0[117]+000 TEXCOORD2: 0.172549024, 0.741176486, 0.0745098069, 0.239215687
vb0[117]+000 TEXCOORD3: 0.172549024, 0.741176486, 0.0745098069, 0.239215687

vb0[118]+000 POSITION: -1.32421875, 1.25097656, 0.169799805, 1
vb0[118]+008 NORMAL: -0.866141737, 0.464566916, -0.173228353, 0
vb0[118]+012 COLOR: 0.239215687, 0.87843138, 0.701960802, 0.937254906
vb0[118]+016 TEXCOORD: 0.00852966309, 0.388183594
vb0[118]+000 TEXCOORD1: 0.298039228, 0.741176486, 0.00392156886, 0.239215687
vb0[118]+000 TEXCOORD2: 0.298039228, 0.741176486, 0.00392156886, 0.239215687
vb0[118]+000 TEXCOORD3: 0.298039228, 0.741176486, 0.00392156886, 0.239215687

vb0[119]+000 POSITION: -1.31738281, 0.877441406, 0.878417969, 1
vb0[119]+008 NORMAL: -0.905511796, 0.181102365, 0.377952754, 0
vb0[119]+012 COLOR: 0.239215687, 0.87843138, 0.701960802, 0.968627453
vb0[119]+016 TEXCOORD: 0.392089844, 0.388183594
vb0[119]+000 TEXCOORD1: 0.270588249, 0.741176486, 0.0196078438, 0.23137255
vb0[119]+000 TEXCOORD2: 0.270588249, 0.741176486, 0.0196078438, 0.23137255
vb0[119]+000 TEXCOORD3: 0.270588249, 0.741176486, 0.0196078438, 0.23137255

vb0[120]+000 POSITION: -0.637207031, 1.25976563, 1.04101563, 1
vb0[120]+008 NORMAL: -0.496062994, 0.716535449, 0.496062994, 0
vb0[120]+012 COLOR: 0.239215687, 0.87843138, 0.701960802, 0.607843161
vb0[120]+016 TEXCOORD: 0.392089844, 0.00441741943
vb0[120]+000 TEXCOORD1: 0.0980392173, 0.725490212, 0.0392156877, 0.239215687
vb0[120]+000 TEXCOORD2: 0.0980392173, 0.725490212, 0.0392156877, 0.239215687
vb0[120]+000 TEXCOORD3: 0.0980392173, 0.725490212, 0.0392156877, 0.239215687

vb0[121]+000 POSITION: -0.644042969, 1.63378906, 0.332763672, 1
vb0[121]+008 NORMAL: -0.496062994, 0.866141737, -0.0944881886, 0
vb0[121]+012 COLOR: 0.239215687, 0.87843138, 0.701960802, 0.266666681
vb0[121]+016 TEXCOORD: 0.00852966309, 0.00441741943
vb0[121]+000 TEXCOORD1: 0.152941182, 0.725490212, 0.53725493, 0.243137255
vb0[121]+000 TEXCOORD2: 0.152941182, 0.725490212, 0.53725493, 0.243137255
vb0[121]+000 TEXCOORD3: 0.152941182, 0.725490212, 0.53725493, 0.243137255

vb0[122]+000 POSITION: -0.409667969, 0.130737305, -0.076965332, 1
vb0[122]+008 NORMAL: -0.669291317, -0.330708653, -0.669291317, 0
vb0[122]+012 COLOR: 0.850980401, 0.423529416, 0.847058833, 0.827450991
vb0[122]+016 TEXCOORD: 0.592285156, 0.114379883
vb0[122]+000 TEXCOORD1: 0.556862772, 0.713725507, 0.184313729, 0.188235298
vb0[122]+000 TEXCOORD2: 0.556862772, 0.713725507, 0.184313729, 0.188235298
vb0[122]+000 TEXCOORD3: 0.556862772, 0.713725507, 0.184313729, 0.188235298

vb0[123]+000 POSITION: -0.402099609, 1.14160156, 0.141479492, 1
vb0[123]+008 NORMAL: -0.417322844, 0.866141737, -0.283464581, 0
vb0[123]+012 COLOR: 0.839215696, 0.466666669, 0.866666675, 0.101960786
vb0[123]+016 TEXCOORD: 0.171386719, 0.557128906
vb0[123]+000 TEXCOORD1: 0.435294122, 0.713725507, 0.568627477, 0.235294119
vb0[123]+000 TEXCOORD2: 0.435294122, 0.713725507, 0.568627477, 0.235294119
vb0[123]+000 TEXCOORD3: 0.435294122, 0.713725507, 0.568627477, 0.235294119

vb0[124]+000 POSITION: -1.04882813, 0.747558594, 0.703125, 1
vb0[124]+008 NORMAL: -0.96062994, 0.181102365, 0.188976377, 0
vb0[124]+012 COLOR: 0.843137264, 0.498039216, 0.862745106, 0.717647076
vb0[124]+016 TEXCOORD: 0.986328125, 0.557128906
vb0[124]+000 TEXCOORD1: 0.196078435, 0.737254918, 0.984313726, 0.223529413
vb0[124]+000 TEXCOORD2: 0.196078435, 0.737254918, 0.984313726, 0.223529413
vb0[124]+000 TEXCOORD3: 0.196078435, 0.737254918, 0.984313726, 0.223529413

vb0[125]+000 POSITION: -0.801757813, 1.70507813, 0.460693359, 1
vb0[125]+008 NORMAL: -0.503937006, 0.866141737, 0, 0
vb0[125]+012 COLOR: 0.807843149, 0.521568656, 0.894117653, 0.921568632
vb0[125]+016 TEXCOORD: 0.171386719, 0.936035156
vb0[125]+000 TEXCOORD1: 0.41568628, 0.729411781, 0.823529422, 0.243137255
vb0[125]+000 TEXCOORD2: 0.41568628, 0.729411781, 0.823529422, 0.243137255
vb0[125]+000 TEXCOORD3: 0.41568628, 0.729411781, 0.823529422, 0.243137255

vb0[126]+000 POSITION: -1.07128906, 1.4140625, 0.676269531, 1
vb0[126]+008 NORMAL: -0.685039341, 0.716535449, 0.133858263, 0
vb0[126]+012 COLOR: 0.843137264, 0.525490224, 0.862745106, 0.952941179
vb0[126]+016 TEXCOORD: 0.576171875, 0.999511719
vb0[126]+000 TEXCOORD1: 0.286274523, 0.737254918, 0.65882355, 0.239215687
vb0[126]+000 TEXCOORD2: 0.286274523, 0.737254918, 0.65882355, 0.239215687
vb0[126]+000 TEXCOORD3: 0.286274523, 0.737254918, 0.65882355, 0.239215687

vb0[127]+000 POSITION: -1.18066406, 1.078125, 0.840820313, 1
vb0[127]+008 NORMAL: -0.818897665, 0.464566916, 0.338582665, 0
vb0[127]+012 COLOR: 0.890196085, 0.525490224, 0.811764717, 0.968627453
vb0[127]+016 TEXCOORD: 0.986328125, 0.936035156
vb0[127]+000 TEXCOORD1: 0.725490212, 0.737254918, 0.313725501, 0.235294119
vb0[127]+000 TEXCOORD2: 0.725490212, 0.737254918, 0.313725501, 0.235294119
vb0[127]+000 TEXCOORD3: 0.725490212, 0.737254918, 0.313725501, 0.235294119

vb0[128]+000 POSITION: 0.434570313, 0.102600098, 0.0453491211, 1
vb0[128]+008 NORMAL: 0.669291317, -0.330708653, -0.669291317, 0
vb0[128]+012 COLOR: 0.13333334, 0.407843143, 0.827450991, 0.600000024
vb0[128]+016 TEXCOORD: 0.592285156, 0.114379883
vb0[128]+000 TEXCOORD1: 0.956862748, 0.211764708, 0.568627477, 0.180392161
vb0[128]+000 TEXCOORD2: 0.956862748, 0.211764708, 0.568627477, 0.180392161
vb0[128]+000 TEXCOORD3: 0.956862748, 0.211764708, 0.568627477, 0.180392161

vb0[129]+000 POSITION: 0.906738281, 0.579589844, 0.70703125, 1
vb0[129]+008 NORMAL: 0.905511796, 0.181102365, 0.377952754, 0
vb0[129]+012 COLOR: 0.109803922, 0.31764707, 0.75686276, 0.639215708
vb0[129]+016 TEXCOORD: 0.171386719, 0.557128906
vb0[129]+000 TEXCOORD1: 0.254901975, 0.23137255, 0.639215708, 0.219607845
vb0[129]+000 TEXCOORD2: 0.254901975, 0.23137255, 0.639215708, 0.219607845
vb0[129]+000 TEXCOORD3: 0.254901975, 0.23137255, 0.639215708, 0.219607845

vb0[130]+000 POSITION: 0.355957031, 1.09667969, 0.234619141, 1
vb0[130]+008 NORMAL: 0.314960629, 0.937007844, -0.133858263, 0
vb0[130]+012 COLOR: 0.109803922, 0.294117659, 0.737254918, 0.101960786
vb0[130]+016 TEXCOORD: 0.986328125, 0.557128906
vb0[130]+000 TEXCOORD1: 0.698039234, 0.20784314, 0.388235301, 0.235294119
vb0[130]+000 TEXCOORD2: 0.698039234, 0.20784314, 0.388235301, 0.235294119
vb0[130]+000 TEXCOORD3: 0.698039234, 0.20784314, 0.388235301, 0.235294119

vb0[131]+000 POSITION: 0.807128906, 0.837402344, 0.877929688, 1
vb0[131]+008 NORMAL: 0.732283473, 0.464566916, 0.488188982, 0
vb0[131]+012 COLOR: 0.0941176489, 0.282352954, 0.694117665, 0.266666681
vb0[131]+016 TEXCOORD: 0.171386719, 0.936035156
vb0[131]+000 TEXCOORD1: 0.458823532, 0.227450982, 0.701960802, 0.227450982
vb0[131]+000 TEXCOORD2: 0.458823532, 0.227450982, 0.701960802, 0.227450982
vb0[131]+000 TEXCOORD3: 0.458823532, 0.227450982, 0.701960802, 0.227450982

vb0[132]+000 POSITION: 0.615722656, 1.19433594, 0.799804688, 1
vb0[132]+008 NORMAL: 0.582677186, 0.716535449, 0.385826766, 0
vb0[132]+012 COLOR: 0.113725491, 0.270588249, 0.717647076, 0.654901981
vb0[132]+016 TEXCOORD: 0.576171875, 0.999511719
vb0[132]+000 TEXCOORD1: 0.929411769, 0.219607845, 0.78039217, 0.235294119
vb0[132]+000 TEXCOORD2: 0.929411769, 0.219607845, 0.78039217, 0.235294119
vb0[132]+000 TEXCOORD3: 0.929411769, 0.219607845, 0.78039217, 0.235294119

vb0[133]+000 POSITION: 0.349365234, 1.29199219, 0.487548828, 1
vb0[133]+008 NORMAL: 0.330708653, 0.937007844, 0.0629921257, 0
vb0[133]+012 COLOR: 0.149019614, 0.215686277, 0.709803939, 0.109803922
vb0[133]+016 TEXCOORD: 0.986328125, 0.936035156
vb0[133]+000 TEXCOORD1: 0.592156887, 0.20784314, 0.168627456, 0.239215687
vb0[133]+000 TEXCOORD2: 0.592156887, 0.20784314, 0.168627456, 0.239215687
vb0[133]+000 TEXCOORD3: 0.592156887, 0.20784314, 0.168627456, 0.239215687

vb0[134]+000 POSITION: 0.309082031, 1.3203125, 0.413330078, 1
vb0[134]+008 NORMAL: 0.338582665, 0.937007844, 0, 0
vb0[134]+012 COLOR: 0.490196079, 0.862745106, 0.843137264, 0.101960786
vb0[134]+016 TEXCOORD: 0.00852966309, 0.388183594
vb0[134]+000 TEXCOORD1: 0.949019611, 0.203921571, 0.282352954, 0.239215687
vb0[134]+000 TEXCOORD2: 0.949019611, 0.203921571, 0.282352954, 0.239215687
vb0[134]+000 TEXCOORD3: 0.949019611, 0.203921571, 0.282352954, 0.239215687

vb0[135]+000 POSITION: 0.24597168, 0.834960938, 0.921386719, 1
vb0[135]+008 NORMAL: 0.338582665, 0.464566916, 0.818897665, 0
vb0[135]+012 COLOR: 0.490196079, 0.862745106, 0.843137264, 0.764705896
vb0[135]+016 TEXCOORD: 0.392089844, 0.388183594
vb0[135]+000 TEXCOORD1: 0.874509811, 0.200000003, 0.68235296, 0.227450982
vb0[135]+000 TEXCOORD2: 0.874509811, 0.200000003, 0.68235296, 0.227450982
vb0[135]+000 TEXCOORD3: 0.874509811, 0.200000003, 0.68235296, 0.227450982

vb0[136]+000 POSITION: 0.922851563, 0.805175781, 0.973632813, 1
vb0[136]+008 NORMAL: 0.818897665, 0.181102365, 0.543307066, 0
vb0[136]+012 COLOR: 0.490196079, 0.862745106, 0.843137264, 0.937254906
vb0[136]+016 TEXCOORD: 0.392089844, 0.00441741943
vb0[136]+000 TEXCOORD1: 0.384313732, 0.23137255, 0.443137258, 0.227450982
vb0[136]+000 TEXCOORD2: 0.384313732, 0.23137255, 0.443137258, 0.227450982
vb0[136]+000 TEXCOORD3: 0.384313732, 0.23137255, 0.443137258, 0.227450982

vb0[137]+000 POSITION: 0.985839844, 1.29003906, 0.465820313, 1
vb0[137]+008 NORMAL: 0.700787425, 0.716535449, 0, 0
vb0[137]+012 COLOR: 0.490196079, 0.862745106, 0.843137264, 0.101960786
vb0[137]+016 TEXCOORD: 0.00852966309, 0.00441741943
vb0[137]+000 TEXCOORD1: 0.890196085, 0.23137255, 0.160784319, 0.239215687
vb0[137]+000 TEXCOORD2: 0.890196085, 0.23137255, 0.160784319, 0.239215687
vb0[137]+000 TEXCOORD3: 0.890196085, 0.23137255, 0.160784319, 0.239215687

vb0[138]+000 POSITION: 0.434570313, 0.102600098, 0.0453491211, 1
vb0[138]+008 NORMAL: 0.669291317, -0.330708653, -0.669291317, 0
vb0[138]+012 COLOR: 0.807843149, 0.247058824, 0.80392158, 0.600000024
vb0[138]+016 TEXCOORD: 0.592285156, 0.114379883
vb0[138]+000 TEXCOORD1: 0.956862748, 0.211764708, 0.568627477, 0.180392161
vb0[138]+000 TEXCOORD2: 0.956862748, 0.211764708, 0.568627477, 0.180392161
vb0[138]+000 TEXCOORD3: 0.956862748, 0.211764708, 0.568627477, 0.180392161

vb0[139]+000 POSITION: 0.959960938, 0.889648438, 0.16809082, 1
vb0[139]+008 NORMAL: 0.866141737, 0.464566916, -0.173228353, 0
vb0[139]+012 COLOR: 0.807843149, 0.247058824, 0.80392158, 0.101960786
vb0[139]+016 TEXCOORD: 0.171386719, 0.557128906
vb0[139]+000 TEXCOORD1: 0.68235296, 0.23137255, 0.117647059, 0.23137255
vb0[139]+000 TEXCOORD2: 0.68235296, 0.23137255, 0.117647059, 0.23137255
vb0[139]+000 TEXCOORD3: 0.68235296, 0.23137255, 0.117647059, 0.23137255

vb0[140]+000 POSITION: 0.234008789, 0.643554688, 0.701660156, 1
vb0[140]+008 NORMAL: 0.488188982, 0.464566916, 0.732283473, 0
vb0[140]+012 COLOR: 0.823529422, 0.235294119, 0.772549033, 0.607843161
vb0[140]+016 TEXCOORD: 0.986328125, 0.557128906
vb0[140]+000 TEXCOORD1: 0.490196079, 0.200000003, 0.149019614, 0.223529413
vb0[140]+000 TEXCOORD2: 0.490196079, 0.200000003, 0.149019614, 0.223529413
vb0[140]+000 TEXCOORD3: 0.490196079, 0.200000003, 0.149019614, 0.223529413

vb0[141]+000 POSITION: 0.908203125, 1.36621094, 0.6171875, 1
vb0[141]+008 NORMAL: 0.685039341, 0.716535449, 0.133858263, 0
vb0[141]+012 COLOR: 0.815686285, 0.239215687, 0.784313738, 0.843137264
vb0[141]+016 TEXCOORD: 0.171386719, 0.936035156
vb0[141]+000 TEXCOORD1: 0.266666681, 0.23137255, 0.466666669, 0.239215687
vb0[141]+000 TEXCOORD2: 0.266666681, 0.23137255, 0.466666669, 0.239215687
vb0[141]+000 TEXCOORD3: 0.266666681, 0.23137255, 0.466666669, 0.239215687

vb0[142]+000 POSITION: 0.615722656, 1.19433594, 0.799804688, 1
vb0[142]+008 NORMAL: 0.582677186, 0.716535449, 0.385826766, 0
vb0[142]+012 COLOR: 0.839215696, 0.223529413, 0.741176486, 0.654901981
vb0[142]+016 TEXCOORD: 0.576171875, 0.999511719
vb0[142]+000 TEXCOORD1: 0.929411769, 0.219607845, 0.78039217, 0.235294119
vb0[142]+000 TEXCOORD2: 0.929411769, 0.219607845, 0.78039217, 0.235294119
vb0[142]+000 TEXCOORD3: 0.929411769, 0.219607845, 0.78039217, 0.235294119

vb0[143]+000 POSITION: 0.344970703, 0.938964844, 0.90625, 1
vb0[143]+008 NORMAL: 0.385826766, 0.716535449, 0.582677186, 0
vb0[143]+012 COLOR: 0.850980401, 0.219607845, 0.717647076, 0.890196085
vb0[143]+016 TEXCOORD: 0.986328125, 0.936035156
vb0[143]+000 TEXCOORD1: 0.521568656, 0.20784314, 0.513725519, 0.23137255
vb0[143]+000 TEXCOORD2: 0.521568656, 0.20784314, 0.513725519, 0.23137255
vb0[143]+000 TEXCOORD3: 0.521568656, 0.20784314, 0.513725519, 0.23137255

vb0[144]+000 POSITION: 0.435058594, 0.0176696777, 0.038848877, 1
vb0[144]+008 NORMAL: 0.669291317, -0.330708653, -0.669291317, 0
vb0[144]+012 COLOR: 0.619607866, 0.262745112, 0.921568632, 0.968627453
vb0[144]+016 TEXCOORD: 0.592285156, 0.114379883
vb0[144]+000 TEXCOORD1: 0.964705884, 0.211764708, 0.525490224, 0.141176477
vb0[144]+000 TEXCOORD2: 0.964705884, 0.211764708, 0.525490224, 0.141176477
vb0[144]+000 TEXCOORD3: 0.964705884, 0.211764708, 0.525490224, 0.141176477

vb0[145]+000 POSITION: 1.21484375, 0.604980469, 0.146972656, 1
vb0[145]+008 NORMAL: 0.96062994, 0.181102365, -0.188976377, 0
vb0[145]+012 COLOR: 0.564705908, 0.196078435, 0.894117653, 0.329411775
vb0[145]+016 TEXCOORD: 0.171386719, 0.557128906
vb0[145]+000 TEXCOORD1: 0.862745106, 0.235294119, 0.843137264, 0.219607845
vb0[145]+000 TEXCOORD2: 0.862745106, 0.235294119, 0.843137264, 0.219607845
vb0[145]+000 TEXCOORD3: 0.862745106, 0.235294119, 0.843137264, 0.219607845

vb0[146]+000 POSITION: 0.462890625, 1.04296875, 0.609863281, 1
vb0[146]+008 NORMAL: 0.464566916, 0.866141737, 0.188976377, 0
vb0[146]+012 COLOR: 0.56078434, 0.184313729, 0.882352948, 0.101960786
vb0[146]+016 TEXCOORD: 0.986328125, 0.557128906
vb0[146]+000 TEXCOORD1: 0.407843143, 0.215686277, 0.172549024, 0.235294119
vb0[146]+000 TEXCOORD2: 0.407843143, 0.215686277, 0.172549024, 0.235294119
vb0[146]+000 TEXCOORD3: 0.407843143, 0.215686277, 0.172549024, 0.235294119

vb0[147]+000 POSITION: 1.33300781, 0.84375, 0.386230469, 1
vb0[147]+008 NORMAL: 0.984251976, 0.181102365, 0, 0
vb0[147]+012 COLOR: 0.525490224, 0.180392161, 0.886274517, 0.298039228
vb0[147]+016 TEXCOORD: 0.171386719, 0.936035156
vb0[147]+000 TEXCOORD1: 0.333333343, 0.239215687, 0.752941191, 0.227450982
vb0[147]+000 TEXCOORD2: 0.333333343, 0.239215687, 0.752941191, 0.227450982
vb0[147]+000 TEXCOORD3: 0.333333343, 0.239215687, 0.752941191, 0.227450982

vb0[148]+000 POSITION: 1.15234375, 1.18164063, 0.629882813, 1
vb0[148]+008 NORMAL: 0.866141737, 0.464566916, 0.173228353, 0
vb0[148]+012 COLOR: 0.552941203, 0.172549024, 0.874509811, 0.749019623
vb0[148]+016 TEXCOORD: 0.576171875, 0.999511719
vb0[148]+000 TEXCOORD1: 0.611764729, 0.235294119, 0.729411781, 0.235294119
vb0[148]+000 TEXCOORD2: 0.611764729, 0.235294119, 0.729411781, 0.235294119
vb0[148]+000 TEXCOORD3: 0.611764729, 0.235294119, 0.729411781, 0.235294119

vb0[149]+000 POSITION: 0.709472656, 1.23535156, 0.778320313, 1
vb0[149]+008 NORMAL: 0.582677186, 0.716535449, 0.385826766, 0
vb0[149]+012 COLOR: 0.564705908, 0.129411772, 0.827450991, 0.968627453
vb0[149]+016 TEXCOORD: 0.986328125, 0.936035156
vb0[149]+000 TEXCOORD1: 0.678431392, 0.223529413, 0.945098042, 0.235294119
vb0[149]+000 TEXCOORD2: 0.678431392, 0.223529413, 0.945098042, 0.235294119
vb0[149]+000 TEXCOORD3: 0.678431392, 0.223529413, 0.945098042, 0.235294119

vb0[150]+000 POSITION: 0.614746094, 1.25878906, 0.791992188, 1
vb0[150]+008 NORMAL: 0.582677186, 0.716535449, 0.385826766, 0
vb0[150]+012 COLOR: 0.792156875, 0.827450991, 0.737254918, 0.905882359
vb0[150]+016 TEXCOORD: 0.00852966309, 0.388183594
vb0[150]+000 TEXCOORD1: 0.921568632, 0.219607845, 0.0352941193, 0.239215687
vb0[150]+000 TEXCOORD2: 0.921568632, 0.219607845, 0.0352941193, 0.239215687
vb0[150]+000 TEXCOORD3: 0.921568632, 0.219607845, 0.0352941193, 0.239215687

vb0[151]+000 POSITION: 1.12597656, 0.679199219, 0.959472656, 1
vb0[151]+008 NORMAL: 0.905511796, 0.181102365, 0.377952754, 0
vb0[151]+012 COLOR: 0.792156875, 0.827450991, 0.737254918, 0.968627453
vb0[151]+016 TEXCOORD: 0.392089844, 0.388183594
vb0[151]+000 TEXCOORD1: 0.505882382, 0.235294119, 0.435294122, 0.223529413
vb0[151]+000 TEXCOORD2: 0.505882382, 0.235294119, 0.435294122, 0.223529413
vb0[151]+000 TEXCOORD3: 0.505882382, 0.235294119, 0.435294122, 0.223529413

vb0[152]+000 POSITION: 1.484375, 0.834472656, 0.306640625, 1
vb0[152]+008 NORMAL: 0.984251976, 0.181102365, 0, 0
vb0[152]+012 COLOR: 0.792156875, 0.827450991, 0.737254918, 0.937254906
vb0[152]+016 TEXCOORD: 0.392089844, 0.00441741943
vb0[152]+000 TEXCOORD1: 0.941176474, 0.239215687, 0.678431392, 0.227450982
vb0[152]+000 TEXCOORD2: 0.941176474, 0.239215687, 0.678431392, 0.227450982
vb0[152]+000 TEXCOORD3: 0.941176474, 0.239215687, 0.678431392, 0.227450982

vb0[153]+000 POSITION: 0.973144531, 1.4140625, 0.139282227, 1
vb0[153]+008 NORMAL: 0.685039341, 0.716535449, -0.133858263, 0
vb0[153]+012 COLOR: 0.792156875, 0.827450991, 0.737254918, 0.101960786
vb0[153]+016 TEXCOORD: 0.00852966309, 0.00441741943
vb0[153]+000 TEXCOORD1: 0.788235307, 0.23137255, 0.65882355, 0.239215687
vb0[153]+000 TEXCOORD2: 0.788235307, 0.23137255, 0.65882355, 0.239215687
vb0[153]+000 TEXCOORD3: 0.788235307, 0.23137255, 0.65882355, 0.239215687

vb0[154]+000 POSITION: 0.506835938, 0.288330078, -0.0307617188, 1
vb0[154]+008 NORMAL: 0.669291317, -0.330708653, -0.669291317, 0
vb0[154]+012 COLOR: 0.811764717, 0.180392161, 0.729411781, 0.623529434
vb0[154]+016 TEXCOORD: 0.592285156, 0.114379883
vb0[154]+000 TEXCOORD1: 0.0549019612, 0.219607845, 0.615686297, 0.203921571
vb0[154]+000 TEXCOORD2: 0.0549019612, 0.219607845, 0.615686297, 0.203921571
vb0[154]+000 TEXCOORD3: 0.0549019612, 0.219607845, 0.615686297, 0.203921571

vb0[155]+000 POSITION: 1.17285156, 0.661621094, -0.415283203, 1
vb0[155]+008 NORMAL: 0.818897665, 0.181102365, -0.543307066, 0
vb0[155]+012 COLOR: 0.729411781, 0.13333334, 0.752941191, 0.686274529
vb0[155]+016 TEXCOORD: 0.171386719, 0.557128906
vb0[155]+000 TEXCOORD1: 0.694117665, 0.235294119, 0.294117659, 0.223529413
vb0[155]+000 TEXCOORD2: 0.694117665, 0.235294119, 0.294117659, 0.223529413
vb0[155]+000 TEXCOORD3: 0.694117665, 0.235294119, 0.294117659, 0.223529413

vb0[156]+000 POSITION: 1.10839844, 1.17480469, 0.386962891, 1
vb0[156]+008 NORMAL: 0.88188976, 0.464566916, 0, 0
vb0[156]+012 COLOR: 0.713725507, 0.125490203, 0.752941191, 0.235294119
vb0[156]+016 TEXCOORD: 0.986328125, 0.557128906
vb0[156]+000 TEXCOORD1: 0.435294122, 0.235294119, 0.701960802, 0.235294119
vb0[156]+000 TEXCOORD2: 0.435294122, 0.235294119, 0.701960802, 0.235294119
vb0[156]+000 TEXCOORD3: 0.435294122, 0.235294119, 0.701960802, 0.235294119

vb0[157]+000 POSITION: 1.46875, 0.812011719, -0.345214844, 1
vb0[157]+008 NORMAL: 0.905511796, 0.181102365, -0.377952754, 0
vb0[157]+012 COLOR: 0.686274529, 0.129411772, 0.776470602, 0.968627453
vb0[157]+016 TEXCOORD: 0.171386719, 0.936035156
vb0[157]+000 TEXCOORD1: 0.87843138, 0.239215687, 0.498039216, 0.227450982
vb0[157]+000 TEXCOORD2: 0.87843138, 0.239215687, 0.498039216, 0.227450982
vb0[157]+000 TEXCOORD3: 0.87843138, 0.239215687, 0.498039216, 0.227450982

vb0[158]+000 POSITION: 1.59960938, 1.12792969, -0.0745849609, 1
vb0[158]+008 NORMAL: 0.866141737, 0.464566916, -0.173228353, 0
vb0[158]+012 COLOR: 0.698039234, 0.113725491, 0.749019623, 0.968627453
vb0[158]+016 TEXCOORD: 0.576171875, 0.999511719
vb0[158]+000 TEXCOORD1: 0.400000006, 0.243137255, 0.513725519, 0.235294119
vb0[158]+000 TEXCOORD2: 0.400000006, 0.243137255, 0.513725519, 0.235294119
vb0[158]+000 TEXCOORD3: 0.400000006, 0.243137255, 0.513725519, 0.235294119

vb0[159]+000 POSITION: 1.42773438, 1.26171875, 0.32421875, 1
vb0[159]+008 NORMAL: 0.88188976, 0.464566916, 0, 0
vb0[159]+012 COLOR: 0.65882355, 0.0745098069, 0.709803939, 0.968627453
vb0[159]+016 TEXCOORD: 0.986328125, 0.936035156
vb0[159]+000 TEXCOORD1: 0.713725507, 0.239215687, 0.0470588244, 0.239215687
vb0[159]+000 TEXCOORD2: 0.713725507, 0.239215687, 0.0470588244, 0.239215687
vb0[159]+000 TEXCOORD3: 0.713725507, 0.239215687, 0.0470588244, 0.239215687

vb0[160]+000 POSITION: 1.34765625, 1.20410156, 0.384277344, 1
vb0[160]+008 NORMAL: 0.88188976, 0.464566916, 0, 0
vb0[160]+012 COLOR: 0.933333337, 0.717647076, 0.380392164, 0.874509811
vb0[160]+016 TEXCOORD: 0.00852966309, 0.388183594
vb0[160]+000 TEXCOORD1: 0.392156869, 0.239215687, 0.819607854, 0.235294119
vb0[160]+000 TEXCOORD2: 0.392156869, 0.239215687, 0.819607854, 0.235294119
vb0[160]+000 TEXCOORD3: 0.392156869, 0.239215687, 0.819607854, 0.235294119

vb0[161]+000 POSITION: 1.59570313, 0.536621094, 0.0861206055, 1
vb0[161]+008 NORMAL: 0.968503952, -0.149606302, -0.188976377, 0
vb0[161]+012 COLOR: 0.933333337, 0.717647076, 0.380392164, 0.968627453
vb0[161]+016 TEXCOORD: 0.392089844, 0.388183594
vb0[161]+000 TEXCOORD1: 0.384313732, 0.243137255, 0.294117659, 0.219607845
vb0[161]+000 TEXCOORD2: 0.384313732, 0.243137255, 0.294117659, 0.219607845
vb0[161]+000 TEXCOORD3: 0.384313732, 0.243137255, 0.294117659, 0.219607845

vb0[162]+000 POSITION: 1.31054688, 0.75, -0.555175781, 1
vb0[162]+008 NORMAL: 0.818897665, 0.181102365, -0.543307066, 0
vb0[162]+012 COLOR: 0.933333337, 0.717647076, 0.380392164, 0.968627453
vb0[162]+016 TEXCOORD: 0.392089844, 0.00441741943
vb0[162]+000 TEXCOORD1: 0.243137255, 0.239215687, 0, 0.227450982
vb0[162]+000 TEXCOORD2: 0.243137255, 0.239215687, 0, 0.227450982
vb0[162]+000 TEXCOORD3: 0.243137255, 0.239215687, 0, 0.227450982

vb0[163]+000 POSITION: 1.06152344, 1.41699219, -0.257324219, 1
vb0[163]+008 NORMAL: 0.582677186, 0.716535449, -0.385826766, 0
vb0[163]+012 COLOR: 0.933333337, 0.717647076, 0.380392164, 0.905882359
vb0[163]+016 TEXCOORD: 0.00852966309, 0.00441741943
vb0[163]+000 TEXCOORD1: 0.247058824, 0.235294119, 0.670588255, 0.239215687
vb0[163]+000 TEXCOORD2: 0.247058824, 0.235294119, 0.670588255, 0.239215687
vb0[163]+000 TEXCOORD3: 0.247058824, 0.235294119, 0.670588255, 0.239215687

vb0[164]+000 POSITION: 0.430664063, 0.202392578, 0.0357055664, 1
vb0[164]+008 NORMAL: 0.669291317, -0.330708653, -0.669291317, 0
vb0[164]+012 COLOR: 0.635294139, 0.392156869, 0.0313725509, 0.141176477
vb0[164]+016 TEXCOORD: 0.592285156, 0.114379883
vb0[164]+000 TEXCOORD1: 0.894117653, 0.211764708, 0.478431374, 0.196078435
vb0[164]+000 TEXCOORD2: 0.894117653, 0.211764708, 0.478431374, 0.196078435
vb0[164]+000 TEXCOORD3: 0.894117653, 0.211764708, 0.478431374, 0.196078435

vb0[165]+000 POSITION: 0.646972656, 1.12890625, -0.115722656, 1
vb0[165]+008 NORMAL: 0.582677186, 0.716535449, -0.385826766, 0
vb0[165]+012 COLOR: 0.568627477, 0.325490206, 0.0352941193, 0.101960786
vb0[165]+016 TEXCOORD: 0.171386719, 0.557128906
vb0[165]+000 TEXCOORD1: 0.176470593, 0.223529413, 0.517647088, 0.235294119
vb0[165]+000 TEXCOORD2: 0.176470593, 0.223529413, 0.517647088, 0.235294119
vb0[165]+000 TEXCOORD3: 0.176470593, 0.223529413, 0.517647088, 0.235294119

vb0[166]+000 POSITION: 1.25683594, 0.530273438, 0.197509766, 1
vb0[166]+008 NORMAL: 0.96062994, 0.181102365, -0.188976377, 0
vb0[166]+012 COLOR: 0.494117647, 0.294117659, 0.0431372561, 0.623529434
vb0[166]+016 TEXCOORD: 0.986328125, 0.557128906
vb0[166]+000 TEXCOORD1: 0.0274509806, 0.239215687, 0.243137255, 0.219607845
vb0[166]+000 TEXCOORD2: 0.0274509806, 0.239215687, 0.243137255, 0.219607845
vb0[166]+000 TEXCOORD3: 0.0274509806, 0.239215687, 0.243137255, 0.219607845

vb0[167]+000 POSITION: 1.25976563, 1.40722656, -0.264404297, 1
vb0[167]+008 NORMAL: 0.818897665, 0.464566916, -0.338582665, 0
vb0[167]+012 COLOR: 0.454901963, 0.266666681, 0.0588235296, 0.952941179
vb0[167]+016 TEXCOORD: 0.171386719, 0.936035156
vb0[167]+000 TEXCOORD1: 0.0392156877, 0.239215687, 0.631372571, 0.239215687
vb0[167]+000 TEXCOORD2: 0.0392156877, 0.239215687, 0.631372571, 0.239215687
vb0[167]+000 TEXCOORD3: 0.0392156877, 0.239215687, 0.631372571, 0.239215687

vb0[168]+000 POSITION: 1.4765625, 1.06542969, -0.129394531, 1
vb0[168]+008 NORMAL: 0.818897665, 0.464566916, -0.338582665, 0
vb0[168]+012 COLOR: 0.419607848, 0.266666681, 0.0666666701, 0.733333349
vb0[168]+016 TEXCOORD: 0.576171875, 0.999511719
vb0[168]+000 TEXCOORD1: 0.909803927, 0.239215687, 0.262745112, 0.235294119
vb0[168]+000 TEXCOORD2: 0.909803927, 0.239215687, 0.262745112, 0.235294119
vb0[168]+000 TEXCOORD3: 0.909803927, 0.239215687, 0.262745112, 0.235294119

vb0[169]+000 POSITION: 1.50683594, 0.784667969, 0.0193023682, 1
vb0[169]+008 NORMAL: 0.96062994, 0.181102365, -0.188976377, 0
vb0[169]+012 COLOR: 0.431372553, 0.262745112, 0.0666666701, 0.952941179
vb0[169]+016 TEXCOORD: 0.986328125, 0.936035156
vb0[169]+000 TEXCOORD1: 0.0274509806, 0.243137255, 0.278431386, 0.227450982
vb0[169]+000 TEXCOORD2: 0.0274509806, 0.243137255, 0.278431386, 0.227450982
vb0[169]+000 TEXCOORD3: 0.0274509806, 0.243137255, 0.278431386, 0.227450982

vb0[170]+000 POSITION: 0.436035156, 0.270996094, 0.044128418, 1
vb0[170]+008 NORMAL: 0.669291317, -0.330708653, -0.669291317, 0
vb0[170]+012 COLOR: 0.184313729, 0.623529434, 0.866666675, 0.313725501
vb0[170]+016 TEXCOORD: 0.592285156, 0.114379883
vb0[170]+000 TEXCOORD1: 0.980392158, 0.211764708, 0.337254912, 0.203921571
vb0[170]+000 TEXCOORD2: 0.980392158, 0.211764708, 0.337254912, 0.203921571
vb0[170]+000 TEXCOORD3: 0.980392158, 0.211764708, 0.337254912, 0.203921571

vb0[171]+000 POSITION: 1.15234375, 0.873535156, 0.451171875, 1
vb0[171]+008 NORMAL: 0.88188976, 0.464566916, 0, 0
vb0[171]+012 COLOR: 0.137254909, 0.529411793, 0.843137264, 0.188235298
vb0[171]+016 TEXCOORD: 0.171386719, 0.557128906
vb0[171]+000 TEXCOORD1: 0.611764729, 0.235294119, 0.992156863, 0.227450982
vb0[171]+000 TEXCOORD2: 0.611764729, 0.235294119, 0.992156863, 0.227450982
vb0[171]+000 TEXCOORD3: 0.611764729, 0.235294119, 0.992156863, 0.227450982

vb0[172]+000 POSITION: 0.564941406, 1.32910156, -0.204223633, 1
vb0[172]+008 NORMAL: 0.496062994, 0.716535449, -0.496062994, 0
vb0[172]+012 COLOR: 0.141176477, 0.513725519, 0.847058833, 0.101960786
vb0[172]+016 TEXCOORD: 0.986328125, 0.557128906
vb0[172]+000 TEXCOORD1: 0.521568656, 0.219607845, 0.31764707, 0.239215687
vb0[172]+000 TEXCOORD2: 0.521568656, 0.219607845, 0.31764707, 0.239215687
vb0[172]+000 TEXCOORD3: 0.521568656, 0.219607845, 0.31764707, 0.239215687

vb0[173]+000 POSITION: 1.13671875, 1.24121094, 0.515136719, 1
vb0[173]+008 NORMAL: 0.866141737, 0.464566916, 0.173228353, 0
vb0[173]+012 COLOR: 0.109803922, 0.521568656, 0.811764717, 0.701960802
vb0[173]+016 TEXCOORD: 0.171386719, 0.936035156
vb0[173]+000 TEXCOORD1: 0.549019635, 0.235294119, 0.968627453, 0.235294119
vb0[173]+000 TEXCOORD2: 0.549019635, 0.235294119, 0.968627453, 0.235294119
vb0[173]+000 TEXCOORD3: 0.549019635, 0.235294119, 0.968627453, 0.235294119

vb0[174]+000 POSITION: 1.06347656, 1.61816406, 0.292724609, 1
vb0[174]+008 NORMAL: 0.685039341, 0.716535449, -0.133858263, 0
vb0[174]+012 COLOR: 0.145098045, 0.501960814, 0.854901969, 0.913725495
vb0[174]+016 TEXCOORD: 0.576171875, 0.999511719
vb0[174]+000 TEXCOORD1: 0.254901975, 0.235294119, 0.474509805, 0.243137255
vb0[174]+000 TEXCOORD2: 0.254901975, 0.235294119, 0.474509805, 0.243137255
vb0[174]+000 TEXCOORD3: 0.254901975, 0.235294119, 0.474509805, 0.243137255

vb0[175]+000 POSITION: 0.653320313, 1.64550781, -0.0391540527, 1
vb0[175]+008 NORMAL: 0.417322844, 0.866141737, -0.283464581, 0
vb0[175]+012 COLOR: 0.188235298, 0.392156869, 0.874509811, 0.937254906
vb0[175]+016 TEXCOORD: 0.986328125, 0.936035156
vb0[175]+000 TEXCOORD1: 0.227450982, 0.223529413, 0.58431375, 0.243137255
vb0[175]+000 TEXCOORD2: 0.227450982, 0.223529413, 0.58431375, 0.243137255
vb0[175]+000 TEXCOORD3: 0.227450982, 0.223529413, 0.58431375, 0.243137255

vb0[176]+000 POSITION: 0.600097656, 1.64941406, -0.122131348, 1
vb0[176]+008 NORMAL: 0.354330719, 0.866141737, -0.354330719, 0
vb0[176]+012 COLOR: 0.627451003, 0.960784316, 0.650980413, 0.56078434
vb0[176]+016 TEXCOORD: 0.00852966309, 0.388183594
vb0[176]+000 TEXCOORD1: 0.80392158, 0.219607845, 0.600000024, 0.243137255
vb0[176]+000 TEXCOORD2: 0.80392158, 0.219607845, 0.600000024, 0.243137255
vb0[176]+000 TEXCOORD3: 0.80392158, 0.219607845, 0.600000024, 0.243137255

vb0[177]+000 POSITION: 0.540527344, 1.43652344, 0.616210938, 1
vb0[177]+008 NORMAL: 0.464566916, 0.866141737, 0.188976377, 0
vb0[177]+012 COLOR: 0.635294139, 0.960784316, 0.643137276, 0.607843161
vb0[177]+016 TEXCOORD: 0.392089844, 0.388183594
vb0[177]+000 TEXCOORD1: 0.325490206, 0.219607845, 0.749019623, 0.239215687
vb0[177]+000 TEXCOORD2: 0.325490206, 0.219607845, 0.749019623, 0.239215687
vb0[177]+000 TEXCOORD3: 0.325490206, 0.219607845, 0.749019623, 0.239215687

vb0[178]+000 POSITION: 1.27441406, 1.21875, 0.614257813, 1
vb0[178]+008 NORMAL: 0.866141737, 0.464566916, 0.173228353, 0
vb0[178]+012 COLOR: 0.627451003, 0.960784316, 0.650980413, 0.968627453
vb0[178]+016 TEXCOORD: 0.392089844, 0.00441741943
vb0[178]+000 TEXCOORD1: 0.0980392173, 0.239215687, 0.87843138, 0.235294119
vb0[178]+000 TEXCOORD2: 0.0980392173, 0.239215687, 0.87843138, 0.235294119
vb0[178]+000 TEXCOORD3: 0.0980392173, 0.239215687, 0.87843138, 0.235294119

vb0[179]+000 POSITION: 1.41015625, 1.43554688, -0.123962402, 1
vb0[179]+008 NORMAL: 0.818897665, 0.464566916, -0.338582665, 0
vb0[179]+012 COLOR: 0.623529434, 0.960784316, 0.65882355, 0.968627453
vb0[179]+016 TEXCOORD: 0.00852966309, 0.00441741943
vb0[179]+000 TEXCOORD1: 0.643137276, 0.239215687, 0.745098054, 0.239215687
vb0[179]+000 TEXCOORD2: 0.643137276, 0.239215687, 0.745098054, 0.239215687
vb0[179]+000 TEXCOORD3: 0.643137276, 0.239215687, 0.745098054, 0.239215687

vb0[180]+000 POSITION: 0.436035156, 0.270996094, 0.044128418, 1
vb0[180]+008 NORMAL: 0.669291317, -0.330708653, -0.669291317, 0
vb0[180]+012 COLOR: 0.800000012, 0.31764707, 0.858823538, 0.313725501
vb0[180]+016 TEXCOORD: 0.592285156, 0.114379883
vb0[180]+000 TEXCOORD1: 0.980392158, 0.211764708, 0.337254912, 0.203921571
vb0[180]+000 TEXCOORD2: 0.980392158, 0.211764708, 0.337254912, 0.203921571
vb0[180]+000 TEXCOORD3: 0.980392158, 0.211764708, 0.337254912, 0.203921571

vb0[181]+000 POSITION: 1.15820313, 0.90234375, -0.237304688, 1
vb0[181]+008 NORMAL: 0.818897665, 0.181102365, -0.543307066, 0
vb0[181]+012 COLOR: 0.792156875, 0.305882365, 0.854901969, 0.203921571
vb0[181]+016 TEXCOORD: 0.171386719, 0.557128906
vb0[181]+000 TEXCOORD1: 0.635294139, 0.235294119, 0.219607845, 0.23137255
vb0[181]+000 TEXCOORD2: 0.635294139, 0.235294119, 0.219607845, 0.23137255
vb0[181]+000 TEXCOORD3: 0.635294139, 0.235294119, 0.219607845, 0.23137255

vb0[182]+000 POSITION: 0.439941406, 1.14648438, 0.484619141, 1
vb0[182]+008 NORMAL: 0.496062994, 0.866141737, 0.0944881886, 0
vb0[182]+012 COLOR: 0.788235307, 0.278431386, 0.843137264, 0.172549024
vb0[182]+016 TEXCOORD: 0.986328125, 0.557128906
vb0[182]+000 TEXCOORD1: 0.0392156877, 0.215686277, 0.588235319, 0.235294119
vb0[182]+000 TEXCOORD2: 0.0392156877, 0.215686277, 0.588235319, 0.235294119
vb0[182]+000 TEXCOORD3: 0.0392156877, 0.215686277, 0.588235319, 0.235294119

vb0[183]+000 POSITION: 1.375, 1.60839844, 0.00133514404, 1
vb0[183]+008 NORMAL: 0.685039341, 0.716535449, -0.133858263, 0
vb0[183]+012 COLOR: 0.788235307, 0.270588249, 0.835294127, 0.968627453
vb0[183]+016 TEXCOORD: 0.171386719, 0.936035156
vb0[183]+000 TEXCOORD1: 0.501960814, 0.239215687, 0.435294122, 0.243137255
vb0[183]+000 TEXCOORD2: 0.501960814, 0.239215687, 0.435294122, 0.243137255
vb0[183]+000 TEXCOORD3: 0.501960814, 0.239215687, 0.435294122, 0.243137255

vb0[184]+000 POSITION: 1.06347656, 1.61816406, 0.292724609, 1
vb0[184]+008 NORMAL: 0.685039341, 0.716535449, -0.133858263, 0
vb0[184]+012 COLOR: 0.788235307, 0.254901975, 0.827450991, 0.913725495
vb0[184]+016 TEXCOORD: 0.576171875, 0.999511719
vb0[184]+000 TEXCOORD1: 0.254901975, 0.235294119, 0.474509805, 0.243137255
vb0[184]+000 TEXCOORD2: 0.254901975, 0.235294119, 0.474509805, 0.243137255
vb0[184]+000 TEXCOORD3: 0.254901975, 0.235294119, 0.474509805, 0.243137255

vb0[185]+000 POSITION: 0.666015625, 1.5, 0.543457031, 1
vb0[185]+008 NORMAL: 0.496062994, 0.866141737, 0.0944881886, 0
vb0[185]+012 COLOR: 0.784313738, 0.262745112, 0.839215696, 0.952941179
vb0[185]+016 TEXCOORD: 0.986328125, 0.936035156
vb0[185]+000 TEXCOORD1: 0.329411775, 0.223529413, 0, 0.243137255
vb0[185]+000 TEXCOORD2: 0.329411775, 0.223529413, 0, 0.243137255
vb0[185]+000 TEXCOORD3: 0.329411775, 0.223529413, 0, 0.243137255

vb0[186]+000 POSITION: 0.435302734, 0.108032227, 0.0439758301, 1
vb0[186]+008 NORMAL: 0.669291317, -0.330708653, -0.669291317, 0
vb0[186]+012 COLOR: 0.149019614, 0.53725493, 0.850980401, 0.576470613
vb0[186]+016 TEXCOORD: 0.592285156, 0.114379883
vb0[186]+000 TEXCOORD1: 0.968627453, 0.211764708, 0.917647064, 0.180392161
vb0[186]+000 TEXCOORD2: 0.968627453, 0.211764708, 0.917647064, 0.180392161
vb0[186]+000 TEXCOORD3: 0.968627453, 0.211764708, 0.917647064, 0.180392161

vb0[187]+000 POSITION: 0.884277344, 1.12792969, 0.386230469, 1
vb0[187]+008 NORMAL: 0.88188976, 0.464566916, 0, 0
vb0[187]+012 COLOR: 0.145098045, 0.435294122, 0.843137264, 0.101960786
vb0[187]+016 TEXCOORD: 0.171386719, 0.557128906
vb0[187]+000 TEXCOORD1: 0.0745098069, 0.23137255, 0.513725519, 0.235294119
vb0[187]+000 TEXCOORD2: 0.0745098069, 0.23137255, 0.513725519, 0.235294119
vb0[187]+000 TEXCOORD3: 0.0745098069, 0.23137255, 0.513725519, 0.235294119

vb0[188]+000 POSITION: 0.146606445, 1.20410156, -0.359863281, 1
vb0[188]+008 NORMAL: 0.133858263, 0.716535449, -0.685039341, 0
vb0[188]+012 COLOR: 0.149019614, 0.407843143, 0.843137264, 0.101960786
vb0[188]+016 TEXCOORD: 0.986328125, 0.557128906
vb0[188]+000 TEXCOORD1: 0.694117665, 0.188235298, 0.819607854, 0.235294119
vb0[188]+000 TEXCOORD2: 0.694117665, 0.188235298, 0.819607854, 0.235294119
vb0[188]+000 TEXCOORD3: 0.694117665, 0.188235298, 0.819607854, 0.235294119

vb0[189]+000 POSITION: 0.715820313, 1.52050781, 0.409667969, 1
vb0[189]+008 NORMAL: 0.503937006, 0.866141737, 0, 0
vb0[189]+012 COLOR: 0.137254909, 0.376470596, 0.819607854, 0.921568632
vb0[189]+016 TEXCOORD: 0.171386719, 0.936035156
vb0[189]+000 TEXCOORD1: 0.729411781, 0.223529413, 0.0823529437, 0.243137255
vb0[189]+000 TEXCOORD2: 0.729411781, 0.223529413, 0.0823529437, 0.243137255
vb0[189]+000 TEXCOORD3: 0.729411781, 0.223529413, 0.0823529437, 0.243137255

vb0[190]+000 POSITION: 0.426025391, 1.80859375, 0.12902832, 1
vb0[190]+008 NORMAL: 0.283464581, 0.937007844, -0.188976377, 0
vb0[190]+012 COLOR: 0.156862751, 0.380392164, 0.843137264, 0.937254906
vb0[190]+016 TEXCOORD: 0.576171875, 0.999511719
vb0[190]+000 TEXCOORD1: 0.819607854, 0.211764708, 0.235294119, 0.247058824
vb0[190]+000 TEXCOORD2: 0.819607854, 0.211764708, 0.235294119, 0.247058824
vb0[190]+000 TEXCOORD3: 0.819607854, 0.211764708, 0.235294119, 0.247058824

vb0[191]+000 POSITION: 0.0979614258, 1.61328125, -0.223876953, 1
vb0[191]+008 NORMAL: 0.0944881886, 0.866141737, -0.496062994, 0
vb0[191]+012 COLOR: 0.200000003, 0.34117648, 0.866666675, 0.203921571
vb0[191]+016 TEXCOORD: 0.986328125, 0.936035156
vb0[191]+000 TEXCOORD1: 0.270588249, 0.180392161, 0.454901963, 0.243137255
vb0[191]+000 TEXCOORD2: 0.270588249, 0.180392161, 0.454901963, 0.243137255
vb0[191]+000 TEXCOORD3: 0.270588249, 0.180392161, 0.454901963, 0.243137255

vb0[192]+000 POSITION: 0.0468444824, 1.51074219, -0.312011719, 1
vb0[192]+008 NORMAL: 0, 0.866141737, -0.503937006, 0
vb0[192]+012 COLOR: 0.403921574, 0.984313726, 0.588235319, 0.101960786
vb0[192]+016 TEXCOORD: 0.00852966309, 0.388183594
vb0[192]+000 TEXCOORD1: 1, 0.160784319, 0.0431372561, 0.243137255
vb0[192]+000 TEXCOORD2: 1, 0.160784319, 0.0431372561, 0.243137255
vb0[192]+000 TEXCOORD3: 1, 0.160784319, 0.0431372561, 0.243137255

vb0[193]+000 POSITION: 0.0461425781, 1.36035156, 0.502441406, 1
vb0[193]+008 NORMAL: 0.0629921257, 0.984251976, 0.157480314, 0
vb0[193]+012 COLOR: 0.403921574, 0.984313726, 0.588235319, 0.529411793
vb0[193]+016 TEXCOORD: 0.392089844, 0.388183594
vb0[193]+000 TEXCOORD1: 0.909803927, 0.160784319, 0.443137258, 0.239215687
vb0[193]+000 TEXCOORD2: 0.909803927, 0.160784319, 0.443137258, 0.239215687
vb0[193]+000 TEXCOORD3: 0.909803927, 0.160784319, 0.443137258, 0.239215687

vb0[194]+000 POSITION: 0.856933594, 1.51855469, 0.516113281, 1
vb0[194]+008 NORMAL: 0.496062994, 0.866141737, 0.0944881886, 0
vb0[194]+012 COLOR: 0.403921574, 0.984313726, 0.588235319, 0.890196085
vb0[194]+016 TEXCOORD: 0.392089844, 0.00441741943
vb0[194]+000 TEXCOORD1: 0.858823538, 0.227450982, 0.0745098069, 0.243137255
vb0[194]+000 TEXCOORD2: 0.858823538, 0.227450982, 0.0745098069, 0.243137255
vb0[194]+000 TEXCOORD3: 0.858823538, 0.227450982, 0.0745098069, 0.243137255

vb0[195]+000 POSITION: 0.857910156, 1.66894531, -0.298583984, 1
vb0[195]+008 NORMAL: 0.496062994, 0.716535449, -0.496062994, 0
vb0[195]+012 COLOR: 0.403921574, 0.984313726, 0.588235319, 0.968627453
vb0[195]+016 TEXCOORD: 0.00852966309, 0.00441741943
vb0[195]+000 TEXCOORD1: 0.866666675, 0.227450982, 0.678431392, 0.243137255
vb0[195]+000 TEXCOORD2: 0.866666675, 0.227450982, 0.678431392, 0.243137255
vb0[195]+000 TEXCOORD3: 0.866666675, 0.227450982, 0.678431392, 0.243137255

vb0[196]+000 POSITION: 0.391845703, 0.245849609, 0.0439758301, 1
vb0[196]+008 NORMAL: 0.669291317, -0.330708653, -0.669291317, 0
vb0[196]+012 COLOR: 0.831372559, 0.552941203, 0.870588243, 0.513725519
vb0[196]+016 TEXCOORD: 0.592285156, 0.114379883
vb0[196]+000 TEXCOORD1: 0.270588249, 0.211764708, 0.870588243, 0.200000003
vb0[196]+000 TEXCOORD2: 0.270588249, 0.211764708, 0.870588243, 0.200000003
vb0[196]+000 TEXCOORD3: 0.270588249, 0.211764708, 0.870588243, 0.200000003

vb0[197]+000 POSITION: 0.6796875, 1.25878906, -0.352050781, 1
vb0[197]+008 NORMAL: 0.496062994, 0.716535449, -0.496062994, 0
vb0[197]+012 COLOR: 0.827450991, 0.56078434, 0.870588243, 0.101960786
vb0[197]+016 TEXCOORD: 0.171386719, 0.557128906
vb0[197]+000 TEXCOORD1: 0.43921569, 0.223529413, 0.0352941193, 0.239215687
vb0[197]+000 TEXCOORD2: 0.43921569, 0.223529413, 0.0352941193, 0.239215687
vb0[197]+000 TEXCOORD3: 0.43921569, 0.223529413, 0.0352941193, 0.239215687

vb0[198]+000 POSITION: -0.134887695, 1.06933594, 0.399169922, 1
vb0[198]+008 NORMAL: -0.173228353, 0.984251976, 0, 0
vb0[198]+012 COLOR: 0.850980401, 0.541176498, 0.854901969, 0.101960786
vb0[198]+016 TEXCOORD: 0.986328125, 0.557128906
vb0[198]+000 TEXCOORD1: 0.31764707, 0.690196097, 0.278431386, 0.235294119
vb0[198]+000 TEXCOORD2: 0.31764707, 0.690196097, 0.278431386, 0.235294119
vb0[198]+000 TEXCOORD3: 0.31764707, 0.690196097, 0.278431386, 0.235294119

vb0[199]+000 POSITION: 0.365966797, 1.81152344, -0.185424805, 1
vb0[199]+008 NORMAL: 0.188976377, 0.937007844, -0.283464581, 0
vb0[199]+012 COLOR: 0.839215696, 0.556862772, 0.862745106, 0.858823538
vb0[199]+016 TEXCOORD: 0.171386719, 0.936035156
vb0[199]+000 TEXCOORD1: 0.858823538, 0.20784314, 0.247058824, 0.247058824
vb0[199]+000 TEXCOORD2: 0.858823538, 0.20784314, 0.247058824, 0.247058824
vb0[199]+000 TEXCOORD3: 0.858823538, 0.20784314, 0.247058824, 0.247058824

vb0[200]+000 POSITION: 0.0708007813, 1.63476563, 0.12902832, 1
vb0[200]+008 NORMAL: 0.0314960629, 0.984251976, -0.173228353, 0
vb0[200]+012 COLOR: 0.870588243, 0.525490224, 0.831372559, 0.454901963
vb0[200]+016 TEXCOORD: 0.576171875, 0.999511719
vb0[200]+000 TEXCOORD1: 0.533333361, 0.172549024, 0.541176498, 0.243137255
vb0[200]+000 TEXCOORD2: 0.533333361, 0.172549024, 0.541176498, 0.243137255
vb0[200]+000 TEXCOORD3: 0.533333361, 0.172549024, 0.541176498, 0.243137255

vb0[201]+000 POSITION: -0.154052734, 1.44628906, 0.415283203, 1
vb0[201]+008 NORMAL: -0.173228353, 0.984251976, 0.0314960629, 0
vb0[201]+012 COLOR: 0.890196085, 0.505882382, 0.811764717, 0.282352954
vb0[201]+016 TEXCOORD: 0.986328125, 0.936035156
vb0[201]+000 TEXCOORD1: 0.933333337, 0.690196097, 0.788235307, 0.239215687
vb0[201]+000 TEXCOORD2: 0.933333337, 0.690196097, 0.788235307, 0.239215687
vb0[201]+000 TEXCOORD3: 0.933333337, 0.690196097, 0.788235307, 0.239215687

vb0[202]+000 POSITION: -0.240478516, 0.376953125, -0.333984375, 1
vb0[202]+008 NORMAL: -0.362204731, -0.330708653, -0.874015749, 0
vb0[202]+012 COLOR: 0, 0.490196079, 0.498039216, 0.101960786
vb0[202]+016 TEXCOORD: 0.592285156, 0.114379883
vb0[202]+000 TEXCOORD1: 0.698039234, 0.701960802, 0.0313725509, 0.211764708
vb0[202]+000 TEXCOORD2: 0.698039234, 0.701960802, 0.0313725509, 0.211764708
vb0[202]+000 TEXCOORD3: 0.698039234, 0.701960802, 0.0313725509, 0.211764708

vb0[203]+000 POSITION: -0.265136719, 1.27929688, 0.329101563, 1
vb0[203]+008 NORMAL: -0.330708653, 0.937007844, -0.0629921257, 0
vb0[203]+012 COLOR: 0.0156862754, 0.392156869, 0.450980395, 0.407843143
vb0[203]+016 TEXCOORD: 0.171386719, 0.557128906
vb0[203]+000 TEXCOORD1: 0.243137255, 0.70588237, 0.117647059, 0.239215687
vb0[203]+000 TEXCOORD2: 0.243137255, 0.70588237, 0.117647059, 0.239215687
vb0[203]+000 TEXCOORD3: 0.243137255, 0.70588237, 0.117647059, 0.239215687

vb0[204]+000 POSITION: -0.267333984, 1.71875, -0.659179688, 1
vb0[204]+008 NORMAL: -0.133858263, 0.716535449, -0.685039341, 0
vb0[204]+012 COLOR: 0.0235294122, 0.36470589, 0.447058827, 0.101960786
vb0[204]+016 TEXCOORD: 0.986328125, 0.557128906
vb0[204]+000 TEXCOORD1: 0.278431386, 0.70588237, 0.87843138, 0.243137255
vb0[204]+000 TEXCOORD2: 0.278431386, 0.70588237, 0.87843138, 0.243137255
vb0[204]+000 TEXCOORD3: 0.278431386, 0.70588237, 0.87843138, 0.243137255

vb0[205]+000 POSITION: -0.451660156, 1.69335938, 0.329101563, 1
vb0[205]+008 NORMAL: -0.330708653, 0.937007844, -0.0629921257, 0
vb0[205]+012 COLOR: 0.0352941193, 0.34117648, 0.407843143, 0.470588237
vb0[205]+016 TEXCOORD: 0.171386719, 0.936035156
vb0[205]+000 TEXCOORD1: 0.227450982, 0.717647076, 0.776470602, 0.243137255
vb0[205]+000 TEXCOORD2: 0.227450982, 0.717647076, 0.776470602, 0.243137255
vb0[205]+000 TEXCOORD3: 0.227450982, 0.717647076, 0.776470602, 0.243137255

vb0[206]+000 POSITION: -0.494628906, 2.12109375, 0.0174560547, 1
vb0[206]+008 NORMAL: -0.283464581, 0.937007844, -0.188976377, 0
vb0[206]+012 COLOR: 0.0313725509, 0.337254912, 0.43921569, 0.968627453
vb0[206]+016 TEXCOORD: 0.576171875, 0.999511719
vb0[206]+000 TEXCOORD1: 0.917647064, 0.717647076, 0.243137255, 0.250980407
vb0[206]+000 TEXCOORD2: 0.917647064, 0.717647076, 0.243137255, 0.250980407
vb0[206]+000 TEXCOORD3: 0.917647064, 0.717647076, 0.243137255, 0.250980407

vb0[207]+000 POSITION: -0.451171875, 2.09375, -0.496337891, 1
vb0[207]+008 NORMAL: -0.188976377, 0.866141737, -0.464566916, 0
vb0[207]+012 COLOR: 0.0470588244, 0.290196091, 0.474509805, 0.968627453
vb0[207]+016 TEXCOORD: 0.986328125, 0.936035156
vb0[207]+000 TEXCOORD1: 0.219607845, 0.717647076, 0.188235298, 0.250980407
vb0[207]+000 TEXCOORD2: 0.219607845, 0.717647076, 0.188235298, 0.250980407
vb0[207]+000 TEXCOORD3: 0.219607845, 0.717647076, 0.188235298, 0.250980407

vb0[208]+000 POSITION: -0.259277344, 0.485839844, -0.315185547, 1
vb0[208]+008 NORMAL: -0.377952754, -0.149606302, -0.913385808, 0
vb0[208]+012 COLOR: 0.4627451, 0.435294122, 0.996078432, 0.156862751
vb0[208]+016 TEXCOORD: 0.592285156, 0.114379883
vb0[208]+000 TEXCOORD1: 0.149019614, 0.70588237, 0.776470602, 0.215686277
vb0[208]+000 TEXCOORD2: 0.149019614, 0.70588237, 0.776470602, 0.215686277
vb0[208]+000 TEXCOORD3: 0.149019614, 0.70588237, 0.776470602, 0.215686277

vb0[209]+000 POSITION: 0.216796875, 1.46972656, -0.152832031, 1
vb0[209]+008 NORMAL: 0.188976377, 0.866141737, -0.464566916, 0
vb0[209]+012 COLOR: 0.466666669, 0.396078438, 0.988235295, 0.101960786
vb0[209]+016 TEXCOORD: 0.171386719, 0.557128906
vb0[209]+000 TEXCOORD1: 0.941176474, 0.196078435, 0.882352948, 0.239215687
vb0[209]+000 TEXCOORD2: 0.941176474, 0.196078435, 0.882352948, 0.239215687
vb0[209]+000 TEXCOORD3: 0.941176474, 0.196078435, 0.882352948, 0.239215687

vb0[210]+000 POSITION: -0.8046875, 1.33984375, -0.248046875, 1
vb0[210]+008 NORMAL: -0.582677186, 0.716535449, -0.385826766, 0
vb0[210]+012 COLOR: 0.501960814, 0.360784322, 0.980392158, 0.101960786
vb0[210]+016 TEXCOORD: 0.986328125, 0.557128906
vb0[210]+000 TEXCOORD1: 0.43921569, 0.729411781, 0.360784322, 0.239215687
vb0[210]+000 TEXCOORD2: 0.43921569, 0.729411781, 0.360784322, 0.239215687
vb0[210]+000 TEXCOORD3: 0.43921569, 0.729411781, 0.360784322, 0.239215687

vb0[211]+000 POSITION: -0.21081543, 2.23828125, 0.0529785156, 1
vb0[211]+008 NORMAL: -0.0944881886, 0.984251976, -0.14173229, 0
vb0[211]+012 COLOR: 0.494117647, 0.345098048, 0.97647059, 0.968627453
vb0[211]+016 TEXCOORD: 0.171386719, 0.936035156
vb0[211]+000 TEXCOORD1: 0.749019623, 0.698039234, 0.478431374, 0.250980407
vb0[211]+000 TEXCOORD2: 0.749019623, 0.698039234, 0.478431374, 0.250980407
vb0[211]+000 TEXCOORD3: 0.749019623, 0.698039234, 0.478431374, 0.250980407

vb0[212]+000 POSITION: -0.491210938, 2.07617188, 0.00527572632, 1
vb0[212]+008 NORMAL: -0.283464581, 0.937007844, -0.188976377, 0
vb0[212]+012 COLOR: 0.53725493, 0.325490206, 0.964705884, 0.592156887
vb0[212]+016 TEXCOORD: 0.576171875, 0.999511719
vb0[212]+000 TEXCOORD1: 0.862745106, 0.717647076, 0.152941182, 0.250980407
vb0[212]+000 TEXCOORD2: 0.862745106, 0.717647076, 0.152941182, 0.250980407
vb0[212]+000 TEXCOORD3: 0.862745106, 0.717647076, 0.152941182, 0.250980407

vb0[213]+000 POSITION: -0.826171875, 1.79101563, -0.067199707, 1
vb0[213]+008 NORMAL: -0.417322844, 0.866141737, -0.283464581, 0
vb0[213]+012 COLOR: 0.556862772, 0.31764707, 0.960784316, 0.968627453
vb0[213]+016 TEXCOORD: 0.986328125, 0.936035156
vb0[213]+000 TEXCOORD1: 0.611764729, 0.729411781, 0.164705887, 0.247058824
vb0[213]+000 TEXCOORD2: 0.611764729, 0.729411781, 0.164705887, 0.247058824
vb0[213]+000 TEXCOORD3: 0.611764729, 0.729411781, 0.164705887, 0.247058824

vb0[214]+000 POSITION: -0.411865234, 0.231201172, -0.0764770508, 1
vb0[214]+008 NORMAL: -0.669291317, -0.330708653, -0.669291317, 0
vb0[214]+012 COLOR: 0.0509803928, 0.662745118, 0.349019617, 0.101960786
vb0[214]+016 TEXCOORD: 0.592285156, 0.114379883
vb0[214]+000 TEXCOORD1: 0.592156887, 0.713725507, 0.400000006, 0.200000003
vb0[214]+000 TEXCOORD2: 0.592156887, 0.713725507, 0.400000006, 0.200000003
vb0[214]+000 TEXCOORD3: 0.592156887, 0.713725507, 0.400000006, 0.200000003

vb0[215]+000 POSITION: -0.382324219, 0.962402344, 0.609863281, 1
vb0[215]+008 NORMAL: -0.464566916, 0.866141737, 0.188976377, 0
vb0[215]+012 COLOR: 0.0235294122, 0.521568656, 0.352941185, 0.101960786
vb0[215]+016 TEXCOORD: 0.171386719, 0.557128906
vb0[215]+000 TEXCOORD1: 0.117647059, 0.713725507, 0.701960802, 0.23137255
vb0[215]+000 TEXCOORD2: 0.117647059, 0.713725507, 0.701960802, 0.23137255
vb0[215]+000 TEXCOORD3: 0.117647059, 0.713725507, 0.701960802, 0.23137255

vb0[216]+000 POSITION: -0.141479492, 0.884765625, -0.178344727, 1
vb0[216]+008 NORMAL: -0.173228353, 0.464566916, -0.866141737, 0
vb0[216]+012 COLOR: 0.0196078438, 0.478431374, 0.360784322, 0.101960786
vb0[216]+016 TEXCOORD: 0.986328125, 0.557128906
vb0[216]+000 TEXCOORD1: 0.529411793, 0.690196097, 0.0784313753, 0.23137255
vb0[216]+000 TEXCOORD2: 0.529411793, 0.690196097, 0.0784313753, 0.23137255
vb0[216]+000 TEXCOORD3: 0.529411793, 0.690196097, 0.0784313753, 0.23137255

vb0[217]+000 POSITION: -0.415527344, 1.24023438, 0.47265625, 1
vb0[217]+008 NORMAL: -0.330708653, 0.937007844, 0.0629921257, 0
vb0[217]+012 COLOR: 0.0313725509, 0.423529416, 0.345098048, 0.219607845
vb0[217]+016 TEXCOORD: 0.171386719, 0.936035156
vb0[217]+000 TEXCOORD1: 0.650980413, 0.713725507, 0.964705884, 0.235294119
vb0[217]+000 TEXCOORD2: 0.650980413, 0.713725507, 0.964705884, 0.235294119
vb0[217]+000 TEXCOORD3: 0.650980413, 0.713725507, 0.964705884, 0.235294119

vb0[218]+000 POSITION: -0.299804688, 1.39160156, 0.1484375, 1
vb0[218]+008 NORMAL: -0.283464581, 0.937007844, -0.188976377, 0
vb0[218]+012 COLOR: 0.0196078438, 0.435294122, 0.372549027, 0.101960786
vb0[218]+016 TEXCOORD: 0.576171875, 0.999511719
vb0[218]+000 TEXCOORD1: 0.800000012, 0.70588237, 0.568627477, 0.239215687
vb0[218]+000 TEXCOORD2: 0.800000012, 0.70588237, 0.568627477, 0.239215687
vb0[218]+000 TEXCOORD3: 0.800000012, 0.70588237, 0.568627477, 0.239215687

vb0[219]+000 POSITION: -0.204711914, 1.19433594, -0.192871094, 1
vb0[219]+008 NORMAL: -0.267716527, 0.716535449, -0.645669281, 0
vb0[219]+012 COLOR: 0.0156862754, 0.396078438, 0.423529416, 0.101960786
vb0[219]+016 TEXCOORD: 0.986328125, 0.936035156
vb0[219]+000 TEXCOORD1: 0.552941203, 0.698039234, 0.78039217, 0.235294119
vb0[219]+000 TEXCOORD2: 0.552941203, 0.698039234, 0.78039217, 0.235294119
vb0[219]+000 TEXCOORD3: 0.552941203, 0.698039234, 0.78039217, 0.235294119

vb0[220]+000 POSITION: -0.411865234, 0.231201172, -0.0764770508, 1
vb0[220]+008 NORMAL: -0.669291317, -0.330708653, -0.669291317, 0
vb0[220]+012 COLOR: 0.31764707, 0.333333343, 0.933333337, 0.101960786
vb0[220]+016 TEXCOORD: 0.592285156, 0.114379883
vb0[220]+000 TEXCOORD1: 0.592156887, 0.713725507, 0.400000006, 0.200000003
vb0[220]+000 TEXCOORD2: 0.592156887, 0.713725507, 0.400000006, 0.200000003
vb0[220]+000 TEXCOORD3: 0.592156887, 0.713725507, 0.400000006, 0.200000003

vb0[221]+000 POSITION: 0.118774414, 0.787109375, 0.360351563, 1
vb0[221]+008 NORMAL: 0.157480314, 0.984251976, -0.0629921257, 0
vb0[221]+012 COLOR: 0.321568638, 0.447058827, 0.964705884, 0.101960786
vb0[221]+016 TEXCOORD: 0.171386719, 0.557128906
vb0[221]+000 TEXCOORD1: 0.603921592, 0.184313729, 0.298039228, 0.227450982
vb0[221]+000 TEXCOORD2: 0.603921592, 0.184313729, 0.298039228, 0.227450982
vb0[221]+000 TEXCOORD3: 0.603921592, 0.184313729, 0.298039228, 0.227450982

vb0[222]+000 POSITION: -0.703125, 0.904296875, 0.0576782227, 1
vb0[222]+008 NORMAL: -0.818897665, 0.464566916, -0.338582665, 0
vb0[222]+012 COLOR: 0.349019617, 0.478431374, 0.97647059, 0.101960786
vb0[222]+016 TEXCOORD: 0.986328125, 0.557128906
vb0[222]+000 TEXCOORD1: 0.627451003, 0.725490212, 0.235294119, 0.23137255
vb0[222]+000 TEXCOORD2: 0.627451003, 0.725490212, 0.235294119, 0.23137255
vb0[222]+000 TEXCOORD3: 0.627451003, 0.725490212, 0.235294119, 0.23137255

vb0[223]+000 POSITION: 0.0462341309, 1.41601563, 0.248413086, 1
vb0[223]+008 NORMAL: 0.0314960629, 0.984251976, -0.173228353, 0
vb0[223]+012 COLOR: 0.349019617, 0.545098066, 0.972549021, 0.101960786
vb0[223]+016 TEXCOORD: 0.171386719, 0.936035156
vb0[223]+000 TEXCOORD1: 0.921568632, 0.160784319, 0.666666687, 0.239215687
vb0[223]+000 TEXCOORD2: 0.921568632, 0.160784319, 0.666666687, 0.239215687
vb0[223]+000 TEXCOORD3: 0.921568632, 0.160784319, 0.666666687, 0.239215687

vb0[224]+000 POSITION: -0.299804688, 1.39160156, 0.1484375, 1
vb0[224]+008 NORMAL: -0.283464581, 0.937007844, -0.188976377, 0
vb0[224]+012 COLOR: 0.376470596, 0.509803951, 0.984313726, 0.101960786
vb0[224]+016 TEXCOORD: 0.576171875, 0.999511719
vb0[224]+000 TEXCOORD1: 0.800000012, 0.70588237, 0.568627477, 0.239215687
vb0[224]+000 TEXCOORD2: 0.800000012, 0.70588237, 0.568627477, 0.239215687
vb0[224]+000 TEXCOORD3: 0.800000012, 0.70588237, 0.568627477, 0.239215687

vb0[225]+000 POSITION: -0.627929688, 1.26171875, 0.0779418945, 1
vb0[225]+008 NORMAL: -0.645669281, 0.716535449, -0.267716527, 0
vb0[225]+012 COLOR: 0.396078438, 0.494117647, 0.988235295, 0.101960786
vb0[225]+016 TEXCOORD: 0.986328125, 0.936035156
vb0[225]+000 TEXCOORD1: 0.0235294122, 0.725490212, 0.0470588244, 0.239215687
vb0[225]+000 TEXCOORD2: 0.0235294122, 0.725490212, 0.0470588244, 0.239215687
vb0[225]+000 TEXCOORD3: 0.0235294122, 0.725490212, 0.0470588244, 0.239215687

vb0[226]+000 POSITION: 0.4296875, 0.116088867, 0.0484619141, 1
vb0[226]+008 NORMAL: 0.669291317, -0.330708653, -0.669291317, 0
vb0[226]+012 COLOR: 0.00392156886, 0.498039216, 0.427450985, 0.376470596
vb0[226]+016 TEXCOORD: 0.592285156, 0.114379883
vb0[226]+000 TEXCOORD1: 0.87843138, 0.211764708, 0.431372553, 0.184313729
vb0[226]+000 TEXCOORD2: 0.87843138, 0.211764708, 0.431372553, 0.184313729
vb0[226]+000 TEXCOORD3: 0.87843138, 0.211764708, 0.431372553, 0.184313729

vb0[227]+000 POSITION: 0.315917969, 0.737792969, 0.793945313, 1
vb0[227]+008 NORMAL: 0.488188982, 0.464566916, 0.732283473, 0
vb0[227]+012 COLOR: 0.0392156877, 0.360784322, 0.356862754, 0.43921569
vb0[227]+016 TEXCOORD: 0.171386719, 0.557128906
vb0[227]+000 TEXCOORD1: 0.0549019612, 0.20784314, 0.905882359, 0.223529413
vb0[227]+000 TEXCOORD2: 0.0549019612, 0.20784314, 0.905882359, 0.223529413
vb0[227]+000 TEXCOORD3: 0.0549019612, 0.20784314, 0.905882359, 0.223529413

vb0[228]+000 POSITION: 0.440185547, 1.19335938, -0.052734375, 1
vb0[228]+008 NORMAL: 0.354330719, 0.866141737, -0.354330719, 0
vb0[228]+012 COLOR: 0.0627451017, 0.31764707, 0.345098048, 0.101960786
vb0[228]+016 TEXCOORD: 0.986328125, 0.557128906
vb0[228]+000 TEXCOORD1: 0.0431372561, 0.215686277, 0.776470602, 0.235294119
vb0[228]+000 TEXCOORD2: 0.0431372561, 0.215686277, 0.776470602, 0.235294119
vb0[228]+000 TEXCOORD3: 0.0431372561, 0.215686277, 0.776470602, 0.235294119

vb0[229]+000 POSITION: 0.120056152, 1.03710938, 0.776855469, 1
vb0[229]+008 NORMAL: 0.0944881886, 0.866141737, 0.496062994, 0
vb0[229]+012 COLOR: 0.0941176489, 0.286274523, 0.301960796, 0.623529434
vb0[229]+016 TEXCOORD: 0.171386719, 0.936035156
vb0[229]+000 TEXCOORD1: 0.686274529, 0.184313729, 0.149019614, 0.235294119
vb0[229]+000 TEXCOORD2: 0.686274529, 0.184313729, 0.149019614, 0.235294119
vb0[229]+000 TEXCOORD3: 0.686274529, 0.184313729, 0.149019614, 0.235294119

vb0[230]+000 POSITION: 0.0993652344, 1.40039063, 0.514160156, 1
vb0[230]+008 NORMAL: 0.0944881886, 0.984251976, 0.14173229, 0
vb0[230]+012 COLOR: 0.0862745121, 0.278431386, 0.333333343, 0.568627477
vb0[230]+016 TEXCOORD: 0.576171875, 0.999511719
vb0[230]+000 TEXCOORD1: 0.360784322, 0.180392161, 0.603921592, 0.239215687
vb0[230]+000 TEXCOORD2: 0.360784322, 0.180392161, 0.603921592, 0.239215687
vb0[230]+000 TEXCOORD3: 0.360784322, 0.180392161, 0.603921592, 0.239215687

vb0[231]+000 POSITION: 0.223388672, 1.44335938, 0.0717163086, 1
vb0[231]+008 NORMAL: 0.188976377, 0.937007844, -0.283464581, 0
vb0[231]+012 COLOR: 0.105882354, 0.227450982, 0.360784322, 0.101960786
vb0[231]+016 TEXCOORD: 0.986328125, 0.936035156
vb0[231]+000 TEXCOORD1: 0.149019614, 0.200000003, 0.776470602, 0.239215687
vb0[231]+000 TEXCOORD2: 0.149019614, 0.200000003, 0.776470602, 0.239215687
vb0[231]+000 TEXCOORD3: 0.149019614, 0.200000003, 0.776470602, 0.239215687

vb0[232]+000 POSITION: 0.267333984, 1.45898438, -0.0129241943, 1
vb0[232]+008 NORMAL: 0.188976377, 0.937007844, -0.283464581, 0
vb0[232]+012 COLOR: 0.239215687, 0.90196079, 0.639215708, 0.101960786
vb0[232]+016 TEXCOORD: 0.00852966309, 0.388183594
vb0[232]+000 TEXCOORD1: 0.278431386, 0.203921571, 0.839215696, 0.239215687
vb0[232]+000 TEXCOORD2: 0.278431386, 0.203921571, 0.839215696, 0.239215687
vb0[232]+000 TEXCOORD3: 0.278431386, 0.203921571, 0.839215696, 0.239215687

vb0[233]+000 POSITION: -0.266601563, 1.00488281, 0.297119141, 1
vb0[233]+008 NORMAL: -0.314960629, 0.937007844, -0.133858263, 0
vb0[233]+012 COLOR: 0.239215687, 0.90196079, 0.639215708, 0.156862751
vb0[233]+016 TEXCOORD: 0.392089844, 0.388183594
vb0[233]+000 TEXCOORD1: 0.266666681, 0.70588237, 0.0196078438, 0.235294119
vb0[233]+000 TEXCOORD2: 0.266666681, 0.70588237, 0.0196078438, 0.235294119
vb0[233]+000 TEXCOORD3: 0.266666681, 0.70588237, 0.0196078438, 0.235294119

vb0[234]+000 POSITION: 0.102966309, 1.0234375, 0.943359375, 1
vb0[234]+008 NORMAL: 0.133858263, 0.716535449, 0.685039341, 0
vb0[234]+012 COLOR: 0.239215687, 0.90196079, 0.639215708, 0.545098066
vb0[234]+016 TEXCOORD: 0.392089844, 0.00441741943
vb0[234]+000 TEXCOORD1: 0.592156887, 0.180392161, 0.0941176489, 0.235294119
vb0[234]+000 TEXCOORD2: 0.592156887, 0.180392161, 0.0941176489, 0.235294119
vb0[234]+000 TEXCOORD3: 0.592156887, 0.180392161, 0.0941176489, 0.235294119

vb0[235]+000 POSITION: 0.63671875, 1.47753906, 0.633300781, 1
vb0[235]+008 NORMAL: 0.464566916, 0.866141737, 0.188976377, 0
vb0[235]+012 COLOR: 0.239215687, 0.90196079, 0.639215708, 0.937254906
vb0[235]+016 TEXCOORD: 0.00852966309, 0.00441741943
vb0[235]+000 TEXCOORD1: 0.0941176489, 0.223529413, 0.913725495, 0.239215687
vb0[235]+000 TEXCOORD2: 0.0941176489, 0.223529413, 0.913725495, 0.239215687
vb0[235]+000 TEXCOORD3: 0.0941176489, 0.223529413, 0.913725495, 0.239215687

vb0[236]+000 POSITION: 0.4296875, 0.116088867, 0.0484619141, 1
vb0[236]+008 NORMAL: 0.669291317, -0.330708653, -0.669291317, 0
vb0[236]+012 COLOR: 0.396078438, 0.325490206, 0.956862748, 0.376470596
vb0[236]+016 TEXCOORD: 0.592285156, 0.114379883
vb0[236]+000 TEXCOORD1: 0.87843138, 0.211764708, 0.431372553, 0.184313729
vb0[236]+000 TEXCOORD2: 0.87843138, 0.211764708, 0.431372553, 0.184313729
vb0[236]+000 TEXCOORD3: 0.87843138, 0.211764708, 0.431372553, 0.184313729

vb0[237]+000 POSITION: 0.857910156, 0.997070313, 0.4765625, 1
vb0[237]+008 NORMAL: 0.88188976, 0.464566916, 0, 0
vb0[237]+012 COLOR: 0.400000006, 0.313725501, 0.952941179, 0.101960786
vb0[237]+016 TEXCOORD: 0.171386719, 0.557128906
vb0[237]+000 TEXCOORD1: 0.866666675, 0.227450982, 0.980392158, 0.23137255
vb0[237]+000 TEXCOORD2: 0.866666675, 0.227450982, 0.980392158, 0.23137255
vb0[237]+000 TEXCOORD3: 0.866666675, 0.227450982, 0.980392158, 0.23137255

vb0[238]+000 POSITION: -0.0911865234, 0.763671875, 0.17565918, 1
vb0[238]+008 NORMAL: -0.188976377, 0.866141737, -0.464566916, 0
vb0[238]+012 COLOR: 0.435294122, 0.294117659, 0.949019611, 0.101960786
vb0[238]+016 TEXCOORD: 0.986328125, 0.557128906
vb0[238]+000 TEXCOORD1: 0.839215696, 0.678431392, 0.109803922, 0.227450982
vb0[238]+000 TEXCOORD2: 0.839215696, 0.678431392, 0.109803922, 0.227450982
vb0[238]+000 TEXCOORD3: 0.839215696, 0.678431392, 0.109803922, 0.227450982

vb0[239]+000 POSITION: 0.458007813, 1.578125, 0.646484375, 1
vb0[239]+008 NORMAL: 0.283464581, 0.937007844, 0.188976377, 0
vb0[239]+012 COLOR: 0.427450985, 0.290196091, 0.949019611, 0.952941179
vb0[239]+016 TEXCOORD: 0.171386719, 0.936035156
vb0[239]+000 TEXCOORD1: 0.329411775, 0.215686277, 0.313725501, 0.243137255
vb0[239]+000 TEXCOORD2: 0.329411775, 0.215686277, 0.313725501, 0.243137255
vb0[239]+000 TEXCOORD3: 0.329411775, 0.215686277, 0.313725501, 0.243137255

vb0[240]+000 POSITION: 0.0993652344, 1.40039063, 0.514160156, 1
vb0[240]+008 NORMAL: 0.0944881886, 0.984251976, 0.14173229, 0
vb0[240]+012 COLOR: 0.470588237, 0.270588249, 0.945098042, 0.568627477
vb0[240]+016 TEXCOORD: 0.576171875, 0.999511719
vb0[240]+000 TEXCOORD1: 0.360784322, 0.180392161, 0.603921592, 0.239215687
vb0[240]+000 TEXCOORD2: 0.360784322, 0.180392161, 0.603921592, 0.239215687
vb0[240]+000 TEXCOORD3: 0.360784322, 0.180392161, 0.603921592, 0.239215687

vb0[241]+000 POSITION: -0.18371582, 1.12207031, 0.364990234, 1
vb0[241]+008 NORMAL: -0.173228353, 0.984251976, -0.0314960629, 0
vb0[241]+012 COLOR: 0.498039216, 0.266666681, 0.941176474, 0.345098048
vb0[241]+016 TEXCOORD: 0.986328125, 0.936035156
vb0[241]+000 TEXCOORD1: 0.882352948, 0.694117665, 0.490196079, 0.235294119
vb0[241]+000 TEXCOORD2: 0.882352948, 0.694117665, 0.490196079, 0.235294119
vb0[241]+000 TEXCOORD3: 0.882352948, 0.694117665, 0.490196079, 0.235294119

vb0[242]+000 POSITION: 0.424316406, 0.145019531, 0.0386047363, 1
vb0[242]+008 NORMAL: 0.669291317, -0.330708653, -0.669291317, 0
vb0[242]+012 COLOR: 0.800000012, 0.36470589, 0.125490203, 0.250980407
vb0[242]+016 TEXCOORD: 0.592285156, 0.114379883
vb0[242]+000 TEXCOORD1: 0.792156875, 0.211764708, 0.643137276, 0.188235298
vb0[242]+000 TEXCOORD2: 0.792156875, 0.211764708, 0.643137276, 0.188235298
vb0[242]+000 TEXCOORD3: 0.792156875, 0.211764708, 0.643137276, 0.188235298

vb0[243]+000 POSITION: 0.265869141, 0.935058594, -0.371582031, 1
vb0[243]+008 NORMAL: 0.338582665, 0.464566916, -0.818897665, 0
vb0[243]+012 COLOR: 0.792156875, 0.243137255, 0.188235298, 0.101960786
vb0[243]+016 TEXCOORD: 0.171386719, 0.557128906
vb0[243]+000 TEXCOORD1: 0.254901975, 0.203921571, 0.482352942, 0.23137255
vb0[243]+000 TEXCOORD2: 0.254901975, 0.203921571, 0.482352942, 0.23137255
vb0[243]+000 TEXCOORD3: 0.254901975, 0.203921571, 0.482352942, 0.23137255

vb0[244]+000 POSITION: 1.1015625, 1.1796875, 0.213134766, 1
vb0[244]+008 NORMAL: 0.866141737, 0.464566916, -0.173228353, 0
vb0[244]+012 COLOR: 0.784313738, 0.20784314, 0.20784314, 0.101960786
vb0[244]+016 TEXCOORD: 0.986328125, 0.557128906
vb0[244]+000 TEXCOORD1: 0.407843143, 0.235294119, 0.721568644, 0.235294119
vb0[244]+000 TEXCOORD2: 0.407843143, 0.235294119, 0.721568644, 0.235294119
vb0[244]+000 TEXCOORD3: 0.407843143, 0.235294119, 0.721568644, 0.235294119

vb0[245]+000 POSITION: 0.479003906, 1.20214844, -0.55078125, 1
vb0[245]+008 NORMAL: 0.338582665, 0.464566916, -0.818897665, 0
vb0[245]+012 COLOR: 0.792156875, 0.180392161, 0.250980407, 0.486274511
vb0[245]+016 TEXCOORD: 0.171386719, 0.936035156
vb0[245]+000 TEXCOORD1: 0.666666687, 0.215686277, 0.811764717, 0.235294119
vb0[245]+000 TEXCOORD2: 0.666666687, 0.215686277, 0.811764717, 0.235294119
vb0[245]+000 TEXCOORD3: 0.666666687, 0.215686277, 0.811764717, 0.235294119

vb0[246]+000 POSITION: 0.839355469, 1.49609375, -0.428466797, 1
vb0[246]+008 NORMAL: 0.496062994, 0.716535449, -0.496062994, 0
vb0[246]+012 COLOR: 0.768627465, 0.176470593, 0.23137255, 0.960784316
vb0[246]+016 TEXCOORD: 0.576171875, 0.999511719
vb0[246]+000 TEXCOORD1: 0.717647076, 0.227450982, 0.988235295, 0.239215687
vb0[246]+000 TEXCOORD2: 0.717647076, 0.227450982, 0.988235295, 0.239215687
vb0[246]+000 TEXCOORD3: 0.717647076, 0.227450982, 0.988235295, 0.239215687

vb0[247]+000 POSITION: 1.18359375, 1.43359375, -0.0643310547, 1
vb0[247]+008 NORMAL: 0.645669281, 0.716535449, -0.267716527, 0
vb0[247]+012 COLOR: 0.717647076, 0.137254909, 0.23137255, 0.313725501
vb0[247]+016 TEXCOORD: 0.986328125, 0.936035156
vb0[247]+000 TEXCOORD1: 0.737254918, 0.235294119, 0.737254918, 0.239215687
vb0[247]+000 TEXCOORD2: 0.737254918, 0.235294119, 0.737254918, 0.239215687
vb0[247]+000 TEXCOORD3: 0.737254918, 0.235294119, 0.737254918, 0.239215687

vb0[248]+000 POSITION: 1.24121094, 1.43359375, 0.0242462158, 1
vb0[248]+008 NORMAL: 0.818897665, 0.464566916, -0.338582665, 0
vb0[248]+012 COLOR: 0.647058845, 0.870588243, 0.200000003, 0.345098048
vb0[248]+016 TEXCOORD: 0.00852966309, 0.388183594
vb0[248]+000 TEXCOORD1: 0.968627453, 0.235294119, 0.737254918, 0.239215687
vb0[248]+000 TEXCOORD2: 0.968627453, 0.235294119, 0.737254918, 0.239215687
vb0[248]+000 TEXCOORD3: 0.968627453, 0.235294119, 0.737254918, 0.239215687

vb0[249]+000 POSITION: 1.10351563, 0.946777344, -0.643066406, 1
vb0[249]+008 NORMAL: 0.692913413, 0.181102365, -0.692913413, 0
vb0[249]+012 COLOR: 0.647058845, 0.870588243, 0.200000003, 0.968627453
vb0[249]+016 TEXCOORD: 0.392089844, 0.388183594
vb0[249]+000 TEXCOORD1: 0.41568628, 0.235294119, 0.576470613, 0.23137255
vb0[249]+000 TEXCOORD2: 0.41568628, 0.235294119, 0.576470613, 0.23137255
vb0[249]+000 TEXCOORD3: 0.41568628, 0.235294119, 0.576470613, 0.23137255

vb0[250]+000 POSITION: 0.334716797, 1.234375, -0.66015625, 1
vb0[250]+008 NORMAL: 0.173228353, 0.464566916, -0.866141737, 0
vb0[250]+012 COLOR: 0.647058845, 0.870588243, 0.200000003, 0.219607845
vb0[250]+016 TEXCOORD: 0.392089844, 0.00441741943
vb0[250]+000 TEXCOORD1: 0.356862754, 0.20784314, 0.941176474, 0.235294119
vb0[250]+000 TEXCOORD2: 0.356862754, 0.20784314, 0.941176474, 0.235294119
vb0[250]+000 TEXCOORD3: 0.356862754, 0.20784314, 0.941176474, 0.235294119

vb0[251]+000 POSITION: 0.47265625, 1.72070313, 0.00749206543, 1
vb0[251]+008 NORMAL: 0.244094491, 0.937007844, -0.244094491, 0
vb0[251]+012 COLOR: 0.647058845, 0.870588243, 0.200000003, 0.843137264
vb0[251]+016 TEXCOORD: 0.00852966309, 0.00441741943
vb0[251]+000 TEXCOORD1: 0.564705908, 0.215686277, 0.886274517, 0.243137255
vb0[251]+000 TEXCOORD2: 0.564705908, 0.215686277, 0.886274517, 0.243137255
vb0[251]+000 TEXCOORD3: 0.564705908, 0.215686277, 0.886274517, 0.243137255

vb0[252]+000 POSITION: 0.424316406, 0.145019531, 0.0386047363, 1
vb0[252]+008 NORMAL: 0.669291317, -0.330708653, -0.669291317, 0
vb0[252]+012 COLOR: 0.172549024, 0.568627477, 0.129411772, 0.250980407
vb0[252]+016 TEXCOORD: 0.592285156, 0.114379883
vb0[252]+000 TEXCOORD1: 0.792156875, 0.211764708, 0.643137276, 0.188235298
vb0[252]+000 TEXCOORD2: 0.792156875, 0.211764708, 0.643137276, 0.188235298
vb0[252]+000 TEXCOORD3: 0.792156875, 0.211764708, 0.643137276, 0.188235298

vb0[253]+000 POSITION: 0.344238281, 1.21875, 0.311035156, 1
vb0[253]+008 NORMAL: 0.330708653, 0.937007844, -0.0629921257, 0
vb0[253]+012 COLOR: 0.137254909, 0.486274511, 0.156862751, 0.101960786
vb0[253]+016 TEXCOORD: 0.171386719, 0.557128906
vb0[253]+000 TEXCOORD1: 0.509803951, 0.20784314, 0.87843138, 0.235294119
vb0[253]+000 TEXCOORD2: 0.509803951, 0.20784314, 0.87843138, 0.235294119
vb0[253]+000 TEXCOORD3: 0.509803951, 0.20784314, 0.87843138, 0.235294119

vb0[254]+000 POSITION: 1.04296875, 0.694335938, -0.406494141, 1
vb0[254]+008 NORMAL: 0.818897665, 0.181102365, -0.543307066, 0
vb0[254]+012 COLOR: 0.101960786, 0.435294122, 0.200000003, 0.529411793
vb0[254]+016 TEXCOORD: 0.986328125, 0.557128906
vb0[254]+000 TEXCOORD1: 0.172549024, 0.235294119, 0.556862772, 0.223529413
vb0[254]+000 TEXCOORD2: 0.172549024, 0.235294119, 0.556862772, 0.223529413
vb0[254]+000 TEXCOORD3: 0.172549024, 0.235294119, 0.556862772, 0.223529413

vb0[255]+000 POSITION: 0.587402344, 1.79394531, -0.169311523, 1
vb0[255]+008 NORMAL: 0.354330719, 0.866141737, -0.354330719, 0
vb0[255]+012 COLOR: 0.105882354, 0.396078438, 0.211764708, 0.968627453
vb0[255]+016 TEXCOORD: 0.171386719, 0.936035156
vb0[255]+000 TEXCOORD1: 0.701960802, 0.219607845, 0.176470593, 0.247058824
vb0[255]+000 TEXCOORD2: 0.701960802, 0.219607845, 0.176470593, 0.247058824
vb0[255]+000 TEXCOORD3: 0.701960802, 0.219607845, 0.176470593, 0.247058824

vb0[256]+000 POSITION: 0.839355469, 1.49609375, -0.428466797, 1
vb0[256]+008 NORMAL: 0.496062994, 0.716535449, -0.496062994, 0
vb0[256]+012 COLOR: 0.0784313753, 0.388235301, 0.254901975, 0.960784316
vb0[256]+016 TEXCOORD: 0.576171875, 0.999511719
vb0[256]+000 TEXCOORD1: 0.717647076, 0.227450982, 0.988235295, 0.239215687
vb0[256]+000 TEXCOORD2: 0.717647076, 0.227450982, 0.988235295, 0.239215687
vb0[256]+000 TEXCOORD3: 0.717647076, 0.227450982, 0.988235295, 0.239215687

vb0[257]+000 POSITION: 1.03515625, 1.10546875, -0.60546875, 1
vb0[257]+008 NORMAL: 0.622047246, 0.464566916, -0.622047246, 0
vb0[257]+012 COLOR: 0.0666666701, 0.384313732, 0.278431386, 0.968627453
vb0[257]+016 TEXCOORD: 0.986328125, 0.936035156
vb0[257]+000 TEXCOORD1: 0.141176477, 0.235294119, 0.423529416, 0.235294119
vb0[257]+000 TEXCOORD2: 0.141176477, 0.235294119, 0.423529416, 0.235294119
vb0[257]+000 TEXCOORD3: 0.141176477, 0.235294119, 0.423529416, 0.235294119

vb0[258]+000 POSITION: 0.458496094, 1.20410156, -0.595214844, 1
vb0[258]+008 NORMAL: 0.338582665, 0.464566916, -0.818897665, 0
vb0[258]+012 COLOR: 0.215686277, 0.800000012, 0.223529413, 0.141176477
vb0[258]+016 TEXCOORD: 0.00852966309, 0.388183594
vb0[258]+000 TEXCOORD1: 0.337254912, 0.215686277, 0.819607854, 0.235294119
vb0[258]+000 TEXCOORD2: 0.337254912, 0.215686277, 0.819607854, 0.235294119
vb0[258]+000 TEXCOORD3: 0.337254912, 0.215686277, 0.819607854, 0.235294119

vb0[259]+000 POSITION: -0.0624084473, 0.737792969, -0.566894531, 1
vb0[259]+008 NORMAL: 0, 0.181102365, -0.984251976, 0
vb0[259]+012 COLOR: 0.215686277, 0.800000012, 0.223529413, 0.266666681
vb0[259]+016 TEXCOORD: 0.392089844, 0.388183594
vb0[259]+000 TEXCOORD1: 0.992156863, 0.670588255, 0.905882359, 0.223529413
vb0[259]+000 TEXCOORD2: 0.992156863, 0.670588255, 0.905882359, 0.223529413
vb0[259]+000 TEXCOORD3: 0.992156863, 0.670588255, 0.905882359, 0.223529413

vb0[260]+000 POSITION: -0.275878906, 1.05859375, -0.000180363655, 1
vb0[260]+008 NORMAL: -0.283464581, 0.866141737, -0.417322844, 0
vb0[260]+012 COLOR: 0.215686277, 0.800000012, 0.223529413, 0.141176477
vb0[260]+016 TEXCOORD: 0.392089844, 0.00441741943
vb0[260]+000 TEXCOORD1: 0.41568628, 0.70588237, 0.235294119, 0.235294119
vb0[260]+000 TEXCOORD2: 0.41568628, 0.70588237, 0.235294119, 0.235294119
vb0[260]+000 TEXCOORD3: 0.41568628, 0.70588237, 0.235294119, 0.235294119

vb0[261]+000 POSITION: 0.245117188, 1.52539063, -0.0284576416, 1
vb0[261]+008 NORMAL: 0.188976377, 0.937007844, -0.283464581, 0
vb0[261]+012 COLOR: 0.215686277, 0.800000012, 0.223529413, 0.101960786
vb0[261]+016 TEXCOORD: 0.00852966309, 0.00441741943
vb0[261]+000 TEXCOORD1: 0.847058833, 0.200000003, 0.101960786, 0.243137255
vb0[261]+000 TEXCOORD2: 0.847058833, 0.200000003, 0.101960786, 0.243137255
vb0[261]+000 TEXCOORD3: 0.847058833, 0.200000003, 0.101960786, 0.243137255

vb0[262]+000 POSITION: 0.425292969, 0.259277344, 0.044708252, 1
vb0[262]+008 NORMAL: 0.669291317, -0.330708653, -0.669291317, 0
vb0[262]+012 COLOR: 0.0705882385, 0.490196079, 0.75686276, 0.282352954
vb0[262]+016 TEXCOORD: 0.592285156, 0.114379883
vb0[262]+000 TEXCOORD1: 0.807843149, 0.211764708, 0.149019614, 0.203921571
vb0[262]+000 TEXCOORD2: 0.807843149, 0.211764708, 0.149019614, 0.203921571
vb0[262]+000 TEXCOORD3: 0.807843149, 0.211764708, 0.149019614, 0.203921571

vb0[263]+000 POSITION: 0.497314453, 1.16992188, 0.202148438, 1
vb0[263]+008 NORMAL: 0.464566916, 0.866141737, -0.188976377, 0
vb0[263]+012 COLOR: 0.0901960805, 0.450980395, 0.78039217, 0.101960786
vb0[263]+016 TEXCOORD: 0.171386719, 0.557128906
vb0[263]+000 TEXCOORD1: 0.960784316, 0.215686277, 0.68235296, 0.235294119
vb0[263]+000 TEXCOORD2: 0.960784316, 0.215686277, 0.68235296, 0.235294119
vb0[263]+000 TEXCOORD3: 0.960784316, 0.215686277, 0.68235296, 0.235294119

vb0[264]+000 POSITION: 0.131835938, 0.569824219, -0.436279297, 1
vb0[264]+008 NORMAL: 0.188976377, 0.181102365, -0.96062994, 0
vb0[264]+012 COLOR: 0.121568628, 0.427450985, 0.819607854, 0.470588237
vb0[264]+016 TEXCOORD: 0.986328125, 0.557128906
vb0[264]+000 TEXCOORD1: 0.219607845, 0.188235298, 0.56078434, 0.219607845
vb0[264]+000 TEXCOORD2: 0.219607845, 0.188235298, 0.56078434, 0.219607845
vb0[264]+000 TEXCOORD3: 0.219607845, 0.188235298, 0.56078434, 0.219607845

vb0[265]+000 POSITION: 0.125610352, 1.54785156, -0.166381836, 1
vb0[265]+008 NORMAL: 0.0629921257, 0.937007844, -0.330708653, 0
vb0[265]+012 COLOR: 0.125490203, 0.407843143, 0.819607854, 0.101960786
vb0[265]+016 TEXCOORD: 0.171386719, 0.936035156
vb0[265]+000 TEXCOORD1: 0.0196078438, 0.188235298, 0.192156866, 0.243137255
vb0[265]+000 TEXCOORD2: 0.0196078438, 0.188235298, 0.192156866, 0.243137255
vb0[265]+000 TEXCOORD3: 0.0196078438, 0.188235298, 0.192156866, 0.243137255

vb0[266]+000 POSITION: 0.00232315063, 1.24316406, -0.3828125, 1
vb0[266]+008 NORMAL: 0, 0.716535449, -0.700787425, 0
vb0[266]+012 COLOR: 0.160784319, 0.407843143, 0.854901969, 0.101960786
vb0[266]+016 TEXCOORD: 0.576171875, 0.999511719
vb0[266]+000 TEXCOORD1: 0.760784328, 0.0941176489, 0.97647059, 0.235294119
vb0[266]+000 TEXCOORD2: 0.760784328, 0.0941176489, 0.97647059, 0.235294119
vb0[266]+000 TEXCOORD3: 0.760784328, 0.0941176489, 0.97647059, 0.235294119

vb0[267]+000 POSITION: -0.061126709, 0.879394531, -0.525390625, 1
vb0[267]+008 NORMAL: 0, 0.464566916, -0.88188976, 0
vb0[267]+012 COLOR: 0.180392161, 0.407843143, 0.874509811, 0.188235298
vb0[267]+016 TEXCOORD: 0.986328125, 0.936035156
vb0[267]+000 TEXCOORD1: 0.827450991, 0.670588255, 0.0352941193, 0.23137255
vb0[267]+000 TEXCOORD2: 0.827450991, 0.670588255, 0.0352941193, 0.23137255
vb0[267]+000 TEXCOORD3: 0.827450991, 0.670588255, 0.0352941193, 0.23137255

vb0[268]+000 POSITION: -0.205810547, 0.174560547, -0.139038086, 1
vb0[268]+008 NORMAL: -0.362204731, -0.330708653, -0.874015749, 0
vb0[268]+012 COLOR: 0.384313732, 0.75686276, 0.913725495, 0.53725493
vb0[268]+016 TEXCOORD: 0.592285156, 0.114379883
vb0[268]+000 TEXCOORD1: 0.588235319, 0.698039234, 0.588235319, 0.192156866
vb0[268]+000 TEXCOORD2: 0.588235319, 0.698039234, 0.588235319, 0.192156866
vb0[268]+000 TEXCOORD3: 0.588235319, 0.698039234, 0.588235319, 0.192156866

vb0[269]+000 POSITION: 0.470703125, 0.802734375, -0.339355469, 1
vb0[269]+008 NORMAL: 0.488188982, 0.464566916, -0.732283473, 0
vb0[269]+012 COLOR: 0.294117659, 0.615686297, 0.941176474, 0.545098066
vb0[269]+016 TEXCOORD: 0.171386719, 0.557128906
vb0[269]+000 TEXCOORD1: 0.533333361, 0.215686277, 0.423529416, 0.227450982
vb0[269]+000 TEXCOORD2: 0.533333361, 0.215686277, 0.423529416, 0.227450982
vb0[269]+000 TEXCOORD3: 0.533333361, 0.215686277, 0.423529416, 0.227450982

vb0[270]+000 POSITION: -0.325927734, 1.22460938, -0.821777344, 1
vb0[270]+008 NORMAL: -0.173228353, 0.464566916, -0.866141737, 0
vb0[270]+012 COLOR: 0.274509817, 0.564705908, 0.941176474, 0.109803922
vb0[270]+016 TEXCOORD: 0.986328125, 0.557128906
vb0[270]+000 TEXCOORD1: 0.215686277, 0.709803939, 0.90196079, 0.235294119
vb0[270]+000 TEXCOORD2: 0.215686277, 0.709803939, 0.90196079, 0.235294119
vb0[270]+000 TEXCOORD3: 0.215686277, 0.709803939, 0.90196079, 0.235294119

vb0[271]+000 POSITION: 0.474853516, 1.1875, -0.304931641, 1
vb0[271]+008 NORMAL: 0.385826766, 0.716535449, -0.582677186, 0
vb0[271]+012 COLOR: 0.23137255, 0.517647088, 0.921568632, 0.670588255
vb0[271]+016 TEXCOORD: 0.171386719, 0.936035156
vb0[271]+000 TEXCOORD1: 0.600000024, 0.215686277, 0.752941191, 0.235294119
vb0[271]+000 TEXCOORD2: 0.600000024, 0.215686277, 0.752941191, 0.235294119
vb0[271]+000 TEXCOORD3: 0.600000024, 0.215686277, 0.752941191, 0.235294119

vb0[272]+000 POSITION: 0.254150391, 1.5546875, -0.505371094, 1
vb0[272]+008 NORMAL: 0.133858263, 0.716535449, -0.685039341, 0
vb0[272]+012 COLOR: 0.254901975, 0.513725519, 0.937254906, 0.545098066
vb0[272]+016 TEXCOORD: 0.576171875, 0.999511719
vb0[272]+000 TEXCOORD1: 0.0666666701, 0.203921571, 0.219607845, 0.243137255
vb0[272]+000 TEXCOORD2: 0.0666666701, 0.203921571, 0.219607845, 0.243137255
vb0[272]+000 TEXCOORD3: 0.0666666701, 0.203921571, 0.219607845, 0.243137255

vb0[273]+000 POSITION: -0.184692383, 1.56445313, -0.719238281, 1
vb0[273]+008 NORMAL: -0.133858263, 0.716535449, -0.685039341, 0
vb0[273]+012 COLOR: 0.282352954, 0.454901963, 0.949019611, 0.376470596
vb0[273]+016 TEXCOORD: 0.986328125, 0.936035156
vb0[273]+000 TEXCOORD1: 0.913725495, 0.694117665, 0.258823544, 0.243137255
vb0[273]+000 TEXCOORD2: 0.913725495, 0.694117665, 0.258823544, 0.243137255
vb0[273]+000 TEXCOORD3: 0.913725495, 0.694117665, 0.258823544, 0.243137255

vb0[274]+000 POSITION: -0.264892578, 1.56152344, -0.782226563, 1
vb0[274]+008 NORMAL: -0.133858263, 0.716535449, -0.685039341, 0
vb0[274]+012 COLOR: 0.674509823, 0.964705884, 0.545098066, 0.423529416
vb0[274]+016 TEXCOORD: 0.00852966309, 0.388183594
vb0[274]+000 TEXCOORD1: 0.239215687, 0.70588237, 0.247058824, 0.243137255
vb0[274]+000 TEXCOORD2: 0.239215687, 0.70588237, 0.247058824, 0.243137255
vb0[274]+000 TEXCOORD3: 0.239215687, 0.70588237, 0.247058824, 0.243137255

vb0[275]+000 POSITION: -0.07421875, 1.41699219, -0.0247192383, 1
vb0[275]+008 NORMAL: -0.0629921257, 0.937007844, -0.330708653, 0
vb0[275]+012 COLOR: 0.674509823, 0.964705884, 0.545098066, 0.188235298
vb0[275]+016 TEXCOORD: 0.392089844, 0.388183594
vb0[275]+000 TEXCOORD1: 0.752941191, 0.674509823, 0.670588255, 0.239215687
vb0[275]+000 TEXCOORD2: 0.752941191, 0.674509823, 0.670588255, 0.239215687
vb0[275]+000 TEXCOORD3: 0.752941191, 0.674509823, 0.670588255, 0.239215687

vb0[276]+000 POSITION: 0.643554688, 1.16992188, -0.252929688, 1
vb0[276]+008 NORMAL: 0.496062994, 0.716535449, -0.496062994, 0
vb0[276]+012 COLOR: 0.674509823, 0.964705884, 0.545098066, 0.188235298
vb0[276]+016 TEXCOORD: 0.392089844, 0.00441741943
vb0[276]+000 TEXCOORD1: 0.149019614, 0.223529413, 0.68235296, 0.235294119
vb0[276]+000 TEXCOORD2: 0.149019614, 0.223529413, 0.68235296, 0.235294119
vb0[276]+000 TEXCOORD3: 0.149019614, 0.223529413, 0.68235296, 0.235294119

vb0[277]+000 POSITION: 0.452880859, 1.31445313, -1.01074219, 1
vb0[277]+008 NORMAL: 0.338582665, 0.464566916, -0.818897665, 0
vb0[277]+012 COLOR: 0.674509823, 0.964705884, 0.545098066, 0.968627453
vb0[277]+016 TEXCOORD: 0.00852966309, 0.00441741943
vb0[277]+000 TEXCOORD1: 0.247058824, 0.215686277, 0.258823544, 0.239215687
vb0[277]+000 TEXCOORD2: 0.247058824, 0.215686277, 0.258823544, 0.239215687
vb0[277]+000 TEXCOORD3: 0.247058824, 0.215686277, 0.258823544, 0.239215687

vb0[278]+000 POSITION: -0.205810547, 0.174560547, -0.139038086, 1
vb0[278]+008 NORMAL: -0.362204731, -0.330708653, -0.874015749, 0
vb0[278]+012 COLOR: 0.945098042, 0.494117647, 0.725490212, 0.53725493
vb0[278]+016 TEXCOORD: 0.592285156, 0.114379883
vb0[278]+000 TEXCOORD1: 0.588235319, 0.698039234, 0.588235319, 0.192156866
vb0[278]+000 TEXCOORD2: 0.588235319, 0.698039234, 0.588235319, 0.192156866
vb0[278]+000 TEXCOORD3: 0.588235319, 0.698039234, 0.588235319, 0.192156866

vb0[279]+000 POSITION: 0.243896484, 0.764160156, -1.01367188, 1
vb0[279]+008 NORMAL: 0.188976377, 0.181102365, -0.96062994, 0
vb0[279]+012 COLOR: 0.929411769, 0.41568628, 0.745098054, 0.890196085
vb0[279]+016 TEXCOORD: 0.171386719, 0.557128906
vb0[279]+000 TEXCOORD1: 0.807843149, 0.200000003, 0.113725491, 0.227450982
vb0[279]+000 TEXCOORD2: 0.807843149, 0.200000003, 0.113725491, 0.227450982
vb0[279]+000 TEXCOORD3: 0.807843149, 0.200000003, 0.113725491, 0.227450982

vb0[280]+000 POSITION: -0.215942383, 1.10839844, -0.0928344727, 1
vb0[280]+008 NORMAL: -0.188976377, 0.866141737, -0.464566916, 0
vb0[280]+012 COLOR: 0.913725495, 0.349019617, 0.733333349, 0.141176477
vb0[280]+016 TEXCOORD: 0.986328125, 0.557128906
vb0[280]+000 TEXCOORD1: 0.913725495, 0.698039234, 0.435294122, 0.235294119
vb0[280]+000 TEXCOORD2: 0.913725495, 0.698039234, 0.435294122, 0.235294119
vb0[280]+000 TEXCOORD3: 0.913725495, 0.698039234, 0.435294122, 0.235294119

vb0[281]+000 POSITION: 0.460449219, 1.50585938, -0.892578125, 1
vb0[281]+008 NORMAL: 0.338582665, 0.464566916, -0.818897665, 0
vb0[281]+012 COLOR: 0.898039222, 0.321568638, 0.745098054, 0.968627453
vb0[281]+016 TEXCOORD: 0.171386719, 0.936035156
vb0[281]+000 TEXCOORD1: 0.368627459, 0.215686277, 0.0235294122, 0.243137255
vb0[281]+000 TEXCOORD2: 0.368627459, 0.215686277, 0.0235294122, 0.243137255
vb0[281]+000 TEXCOORD3: 0.368627459, 0.215686277, 0.0235294122, 0.243137255

vb0[282]+000 POSITION: 0.254150391, 1.5546875, -0.505371094, 1
vb0[282]+008 NORMAL: 0.133858263, 0.716535449, -0.685039341, 0
vb0[282]+012 COLOR: 0.894117653, 0.282352954, 0.717647076, 0.545098066
vb0[282]+016 TEXCOORD: 0.576171875, 0.999511719
vb0[282]+000 TEXCOORD1: 0.0666666701, 0.203921571, 0.219607845, 0.243137255
vb0[282]+000 TEXCOORD2: 0.0666666701, 0.203921571, 0.219607845, 0.243137255
vb0[282]+000 TEXCOORD3: 0.0666666701, 0.203921571, 0.219607845, 0.243137255

vb0[283]+000 POSITION: 0.0237884521, 1.47167969, -0.143188477, 1
vb0[283]+008 NORMAL: 0, 0.937007844, -0.338582665, 0
vb0[283]+012 COLOR: 0.894117653, 0.266666681, 0.698039234, 0.423529416
vb0[283]+016 TEXCOORD: 0.986328125, 0.936035156
vb0[283]+000 TEXCOORD1: 0.0901960805, 0.149019614, 0.890196085, 0.239215687
vb0[283]+000 TEXCOORD2: 0.0901960805, 0.149019614, 0.890196085, 0.239215687
vb0[283]+000 TEXCOORD3: 0.0901960805, 0.149019614, 0.890196085, 0.239215687

vb0[284]+000 POSITION: -0.255126953, 0.173583984, -0.137573242, 1
vb0[284]+008 NORMAL: -0.362204731, -0.330708653, -0.874015749, 0
vb0[284]+012 COLOR: 0.258823544, 0.498039216, 0.937254906, 0.858823538
vb0[284]+016 TEXCOORD: 0.592285156, 0.114379883
vb0[284]+000 TEXCOORD1: 0.0823529437, 0.70588237, 0.556862772, 0.192156866
vb0[284]+000 TEXCOORD2: 0.0823529437, 0.70588237, 0.556862772, 0.192156866
vb0[284]+000 TEXCOORD3: 0.0823529437, 0.70588237, 0.556862772, 0.192156866

vb0[285]+000 POSITION: -0.155151367, 1.27929688, -0.0731811523, 1
vb0[285]+008 NORMAL: -0.188976377, 0.866141737, -0.464566916, 0
vb0[285]+012 COLOR: 0.290196091, 0.337254912, 0.925490201, 0.360784322
vb0[285]+016 TEXCOORD: 0.171386719, 0.557128906
vb0[285]+000 TEXCOORD1: 0.968627453, 0.690196097, 0.117647059, 0.239215687
vb0[285]+000 TEXCOORD2: 0.968627453, 0.690196097, 0.117647059, 0.239215687
vb0[285]+000 TEXCOORD3: 0.968627453, 0.690196097, 0.117647059, 0.239215687

vb0[286]+000 POSITION: -1.17871094, 1.10253906, -0.643554688, 1
vb0[286]+008 NORMAL: -0.622047246, 0.464566916, -0.622047246, 0
vb0[286]+012 COLOR: 0.313725501, 0.290196091, 0.913725495, 0.843137264
vb0[286]+016 TEXCOORD: 0.986328125, 0.557128906
vb0[286]+000 TEXCOORD1: 0.717647076, 0.737254918, 0.411764711, 0.235294119
vb0[286]+000 TEXCOORD2: 0.717647076, 0.737254918, 0.411764711, 0.235294119
vb0[286]+000 TEXCOORD3: 0.717647076, 0.737254918, 0.411764711, 0.235294119

vb0[287]+000 POSITION: -0.437744141, 1.58398438, 0.059387207, 1
vb0[287]+008 NORMAL: -0.283464581, 0.937007844, -0.188976377, 0
vb0[287]+012 COLOR: 0.309803933, 0.235294119, 0.87843138, 0.56078434
vb0[287]+016 TEXCOORD: 0.171386719, 0.936035156
vb0[287]+000 TEXCOORD1: 0.00392156886, 0.717647076, 0.337254912, 0.243137255
vb0[287]+000 TEXCOORD2: 0.00392156886, 0.717647076, 0.337254912, 0.243137255
vb0[287]+000 TEXCOORD3: 0.00392156886, 0.717647076, 0.337254912, 0.243137255

vb0[288]+000 POSITION: -0.913574219, 1.75976563, -0.113586426, 1
vb0[288]+008 NORMAL: -0.582677186, 0.716535449, -0.385826766, 0
vb0[288]+012 COLOR: 0.333333343, 0.247058824, 0.898039222, 0.968627453
vb0[288]+016 TEXCOORD: 0.576171875, 0.999511719
vb0[288]+000 TEXCOORD1: 0.309803933, 0.733333349, 0.0392156877, 0.247058824
vb0[288]+000 TEXCOORD2: 0.309803933, 0.733333349, 0.0392156877, 0.247058824
vb0[288]+000 TEXCOORD3: 0.309803933, 0.733333349, 0.0392156877, 0.247058824

vb0[289]+000 POSITION: -1.30664063, 1.46582031, -0.423339844, 1
vb0[289]+008 NORMAL: -0.732283473, 0.464566916, -0.488188982, 0
vb0[289]+012 COLOR: 0.396078438, 0.219607845, 0.90196079, 0.937254906
vb0[289]+016 TEXCOORD: 0.986328125, 0.936035156
vb0[289]+000 TEXCOORD1: 0.227450982, 0.741176486, 0.866666675, 0.239215687
vb0[289]+000 TEXCOORD2: 0.227450982, 0.741176486, 0.866666675, 0.239215687
vb0[289]+000 TEXCOORD3: 0.227450982, 0.741176486, 0.866666675, 0.239215687

vb0[290]+000 POSITION: -1.33007813, 1.42285156, -0.5078125, 1
vb0[290]+008 NORMAL: -0.732283473, 0.464566916, -0.488188982, 0
vb0[290]+012 COLOR: 0.290196091, 0.917647064, 0.674509823, 0.968627453
vb0[290]+016 TEXCOORD: 0.00852966309, 0.388183594
vb0[290]+000 TEXCOORD1: 0.321568638, 0.741176486, 0.694117665, 0.239215687
vb0[290]+000 TEXCOORD2: 0.321568638, 0.741176486, 0.694117665, 0.239215687
vb0[290]+000 TEXCOORD3: 0.321568638, 0.741176486, 0.694117665, 0.239215687

vb0[291]+000 POSITION: -1.01171875, 1.22558594, 0.343994141, 1
vb0[291]+008 NORMAL: -0.88188976, 0.464566916, 0, 0
vb0[291]+012 COLOR: 0.290196091, 0.917647064, 0.674509823, 0.345098048
vb0[291]+016 TEXCOORD: 0.392089844, 0.388183594
vb0[291]+000 TEXCOORD1: 0.0470588244, 0.737254918, 0.905882359, 0.235294119
vb0[291]+000 TEXCOORD2: 0.0470588244, 0.737254918, 0.905882359, 0.235294119
vb0[291]+000 TEXCOORD3: 0.0470588244, 0.737254918, 0.905882359, 0.235294119

vb0[292]+000 POSITION: -0.230957031, 1.703125, 0.141113281, 1
vb0[292]+008 NORMAL: -0.125984251, 0.984251976, -0.125984251, 0
vb0[292]+012 COLOR: 0.290196091, 0.917647064, 0.674509823, 0.298039228
vb0[292]+016 TEXCOORD: 0.392089844, 0.00441741943
vb0[292]+000 TEXCOORD1: 0.392156869, 0.701960802, 0.815686285, 0.243137255
vb0[292]+000 TEXCOORD2: 0.392156869, 0.701960802, 0.815686285, 0.243137255
vb0[292]+000 TEXCOORD3: 0.392156869, 0.701960802, 0.815686285, 0.243137255

vb0[293]+000 POSITION: -0.549316406, 1.90039063, -0.7109375, 1
vb0[293]+008 NORMAL: -0.267716527, 0.716535449, -0.645669281, 0
vb0[293]+012 COLOR: 0.290196091, 0.917647064, 0.674509823, 0.968627453
vb0[293]+016 TEXCOORD: 0.00852966309, 0.00441741943
vb0[293]+000 TEXCOORD1: 0.396078438, 0.721568644, 0.603921592, 0.247058824
vb0[293]+000 TEXCOORD2: 0.396078438, 0.721568644, 0.603921592, 0.247058824
vb0[293]+000 TEXCOORD3: 0.396078438, 0.721568644, 0.603921592, 0.247058824

vb0[294]+000 POSITION: -0.208129883, 0.180297852, -0.137573242, 1
vb0[294]+008 NORMAL: -0.362204731, -0.330708653, -0.874015749, 0
vb0[294]+012 COLOR: 0.847058833, 0.725490212, 0.78039217, 0.737254918
vb0[294]+016 TEXCOORD: 0.592285156, 0.114379883
vb0[294]+000 TEXCOORD1: 0.662745118, 0.698039234, 0.772549033, 0.192156866
vb0[294]+000 TEXCOORD2: 0.662745118, 0.698039234, 0.772549033, 0.192156866
vb0[294]+000 TEXCOORD3: 0.662745118, 0.698039234, 0.772549033, 0.192156866

vb0[295]+000 POSITION: -0.314697266, 1.27832031, -0.880859375, 1
vb0[295]+008 NORMAL: -0.173228353, 0.464566916, -0.866141737, 0
vb0[295]+012 COLOR: 0.886274517, 0.654901981, 0.776470602, 0.43921569
vb0[295]+016 TEXCOORD: 0.171386719, 0.557128906
vb0[295]+000 TEXCOORD1: 0.0352941193, 0.709803939, 0.113725491, 0.239215687
vb0[295]+000 TEXCOORD2: 0.0352941193, 0.709803939, 0.113725491, 0.239215687
vb0[295]+000 TEXCOORD3: 0.0352941193, 0.709803939, 0.113725491, 0.239215687

vb0[296]+000 POSITION: -0.905273438, 0.876464844, 0.169677734, 1
vb0[296]+008 NORMAL: -0.866141737, 0.464566916, -0.173228353, 0
vb0[296]+012 COLOR: 0.925490201, 0.600000024, 0.745098054, 0.141176477
vb0[296]+016 TEXCOORD: 0.986328125, 0.557128906
vb0[296]+000 TEXCOORD1: 0.243137255, 0.733333349, 0.0117647061, 0.23137255
vb0[296]+000 TEXCOORD2: 0.243137255, 0.733333349, 0.0117647061, 0.23137255
vb0[296]+000 TEXCOORD3: 0.243137255, 0.733333349, 0.0117647061, 0.23137255

vb0[297]+000 POSITION: -0.678710938, 2.0234375, -0.529785156, 1
vb0[297]+008 NORMAL: -0.283464581, 0.866141737, -0.417322844, 0
vb0[297]+012 COLOR: 0.929411769, 0.568627477, 0.749019623, 0.968627453
vb0[297]+016 TEXCOORD: 0.171386719, 0.936035156
vb0[297]+000 TEXCOORD1: 0.431372553, 0.725490212, 0.0470588244, 0.250980407
vb0[297]+000 TEXCOORD2: 0.431372553, 0.725490212, 0.0470588244, 0.250980407
vb0[297]+000 TEXCOORD3: 0.431372553, 0.725490212, 0.0470588244, 0.250980407

vb0[298]+000 POSITION: -0.866699219, 1.76660156, -0.113586426, 1
vb0[298]+008 NORMAL: -0.417322844, 0.866141737, -0.283464581, 0
vb0[298]+012 COLOR: 0.952941179, 0.545098066, 0.709803939, 0.686274529
vb0[298]+016 TEXCOORD: 0.576171875, 0.999511719
vb0[298]+000 TEXCOORD1: 0.937254906, 0.729411781, 0.0666666701, 0.247058824
vb0[298]+000 TEXCOORD2: 0.937254906, 0.729411781, 0.0666666701, 0.247058824
vb0[298]+000 TEXCOORD3: 0.937254906, 0.729411781, 0.0666666701, 0.247058824

vb0[299]+000 POSITION: -0.977050781, 1.38964844, 0.238891602, 1
vb0[299]+008 NORMAL: -0.685039341, 0.716535449, -0.133858263, 0
vb0[299]+012 COLOR: 0.960784316, 0.541176498, 0.686274529, 0.811764717
vb0[299]+016 TEXCOORD: 0.986328125, 0.936035156
vb0[299]+000 TEXCOORD1: 0.819607854, 0.733333349, 0.56078434, 0.239215687
vb0[299]+000 TEXCOORD2: 0.819607854, 0.733333349, 0.56078434, 0.239215687
vb0[299]+000 TEXCOORD3: 0.819607854, 0.733333349, 0.56078434, 0.239215687

vb0[300]+000 POSITION: -0.212402344, 0.17980957, -0.134033203, 1
vb0[300]+008 NORMAL: -0.362204731, -0.330708653, -0.874015749, 0
vb0[300]+012 COLOR: 0.0156862754, 0.380392164, 0.474509805, 0.568627477
vb0[300]+016 TEXCOORD: 0.592285156, 0.114379883
vb0[300]+000 TEXCOORD1: 0.800000012, 0.698039234, 0.75686276, 0.192156866
vb0[300]+000 TEXCOORD2: 0.800000012, 0.698039234, 0.75686276, 0.192156866
vb0[300]+000 TEXCOORD3: 0.800000012, 0.698039234, 0.75686276, 0.192156866

vb0[301]+000 POSITION: -0.467041016, 1.20800781, -0.0946044922, 1
vb0[301]+008 NORMAL: -0.496062994, 0.716535449, -0.496062994, 0
vb0[301]+012 COLOR: 0.0549019612, 0.274509817, 0.490196079, 0.329411775
vb0[301]+016 TEXCOORD: 0.171386719, 0.557128906
vb0[301]+000 TEXCOORD1: 0.474509805, 0.717647076, 0.835294127, 0.235294119
vb0[301]+000 TEXCOORD2: 0.474509805, 0.717647076, 0.835294127, 0.235294119
vb0[301]+000 TEXCOORD3: 0.474509805, 0.717647076, 0.835294127, 0.235294119

vb0[302]+000 POSITION: -0.374023438, 1.07714844, -1.20214844, 1
vb0[302]+008 NORMAL: -0.173228353, 0.464566916, -0.866141737, 0
vb0[302]+012 COLOR: 0.0666666701, 0.250980407, 0.498039216, 0.874509811
vb0[302]+016 TEXCOORD: 0.986328125, 0.557128906
vb0[302]+000 TEXCOORD1: 0.988235295, 0.709803939, 0.309803933, 0.235294119
vb0[302]+000 TEXCOORD2: 0.988235295, 0.709803939, 0.309803933, 0.235294119
vb0[302]+000 TEXCOORD3: 0.988235295, 0.709803939, 0.309803933, 0.235294119

vb0[303]+000 POSITION: -0.705566406, 1.48925781, -0.278320313, 1
vb0[303]+008 NORMAL: -0.496062994, 0.716535449, -0.496062994, 0
vb0[303]+012 COLOR: 0.0901960805, 0.215686277, 0.478431374, 0.43921569
vb0[303]+016 TEXCOORD: 0.171386719, 0.936035156
vb0[303]+000 TEXCOORD1: 0.647058845, 0.725490212, 0.960784316, 0.239215687
vb0[303]+000 TEXCOORD2: 0.647058845, 0.725490212, 0.960784316, 0.239215687
vb0[303]+000 TEXCOORD3: 0.647058845, 0.725490212, 0.960784316, 0.239215687

vb0[304]+000 POSITION: -0.752441406, 1.66699219, -0.750976563, 1
vb0[304]+008 NORMAL: -0.385826766, 0.716535449, -0.582677186, 0
vb0[304]+012 COLOR: 0.0823529437, 0.227450982, 0.509803951, 0.960784316
vb0[304]+016 TEXCOORD: 0.576171875, 0.999511719
vb0[304]+000 TEXCOORD1: 0.0196078438, 0.729411781, 0.670588255, 0.243137255
vb0[304]+000 TEXCOORD2: 0.0196078438, 0.729411781, 0.670588255, 0.243137255
vb0[304]+000 TEXCOORD3: 0.0196078438, 0.729411781, 0.670588255, 0.243137255

vb0[305]+000 POSITION: -0.629394531, 1.40722656, -1.21777344, 1
vb0[305]+008 NORMAL: -0.338582665, 0.464566916, -0.818897665, 0
vb0[305]+012 COLOR: 0.105882354, 0.200000003, 0.564705908, 0.952941179
vb0[305]+016 TEXCOORD: 0.986328125, 0.936035156
vb0[305]+000 TEXCOORD1: 0.0352941193, 0.725490212, 0.631372571, 0.239215687
vb0[305]+000 TEXCOORD2: 0.0352941193, 0.725490212, 0.631372571, 0.239215687
vb0[305]+000 TEXCOORD3: 0.0352941193, 0.725490212, 0.631372571, 0.239215687

vb0[306]+000 POSITION: -0.58203125, 1.36523438, -1.3125, 1
vb0[306]+008 NORMAL: -0.338582665, 0.464566916, -0.818897665, 0
vb0[306]+012 COLOR: 0.23137255, 0.909803927, 0.392156869, 0.968627453
vb0[306]+016 TEXCOORD: 0.00852966309, 0.388183594
vb0[306]+000 TEXCOORD1: 0.65882355, 0.721568644, 0.4627451, 0.239215687
vb0[306]+000 TEXCOORD2: 0.65882355, 0.721568644, 0.4627451, 0.239215687
vb0[306]+000 TEXCOORD3: 0.65882355, 0.721568644, 0.4627451, 0.239215687

vb0[307]+000 POSITION: -1.17871094, 1.12988281, -0.708007813, 1
vb0[307]+008 NORMAL: -0.622047246, 0.464566916, -0.622047246, 0
vb0[307]+012 COLOR: 0.23137255, 0.909803927, 0.392156869, 0.952941179
vb0[307]+016 TEXCOORD: 0.392089844, 0.388183594
vb0[307]+000 TEXCOORD1: 0.717647076, 0.737254918, 0.521568656, 0.235294119
vb0[307]+000 TEXCOORD2: 0.717647076, 0.737254918, 0.521568656, 0.235294119
vb0[307]+000 TEXCOORD3: 0.717647076, 0.737254918, 0.521568656, 0.235294119

vb0[308]+000 POSITION: -0.717285156, 1.58984375, -0.106201172, 1
vb0[308]+008 NORMAL: -0.417322844, 0.866141737, -0.283464581, 0
vb0[308]+012 COLOR: 0.23137255, 0.909803927, 0.392156869, 0.101960786
vb0[308]+016 TEXCOORD: 0.392089844, 0.00441741943
vb0[308]+000 TEXCOORD1: 0.741176486, 0.725490212, 0.360784322, 0.243137255
vb0[308]+000 TEXCOORD2: 0.741176486, 0.725490212, 0.360784322, 0.243137255
vb0[308]+000 TEXCOORD3: 0.741176486, 0.725490212, 0.360784322, 0.243137255

vb0[309]+000 POSITION: -0.120666504, 1.82519531, -0.710449219, 1
vb0[309]+008 NORMAL: -0.133858263, 0.716535449, -0.685039341, 0
vb0[309]+012 COLOR: 0.23137255, 0.909803927, 0.392156869, 0.407843143
vb0[309]+016 TEXCOORD: 0.00852966309, 0.00441741943
vb0[309]+000 TEXCOORD1: 0.725490212, 0.686274529, 0.301960796, 0.247058824
vb0[309]+000 TEXCOORD2: 0.725490212, 0.686274529, 0.301960796, 0.247058824
vb0[309]+000 TEXCOORD3: 0.725490212, 0.686274529, 0.301960796, 0.247058824

vb0[310]+000 POSITION: -0.212402344, 0.17980957, -0.134033203, 1
vb0[310]+008 NORMAL: -0.362204731, -0.330708653, -0.874015749, 0
vb0[310]+012 COLOR: 0.372549027, 0.725490212, 0.929411769, 0.568627477
vb0[310]+016 TEXCOORD: 0.592285156, 0.114379883
vb0[310]+000 TEXCOORD1: 0.800000012, 0.698039234, 0.75686276, 0.192156866
vb0[310]+000 TEXCOORD2: 0.800000012, 0.698039234, 0.75686276, 0.192156866
vb0[310]+000 TEXCOORD3: 0.800000012, 0.698039234, 0.75686276, 0.192156866

vb0[311]+000 POSITION: 0.144775391, 1.24609375, -0.590332031, 1
vb0[311]+008 NORMAL: 0.133858263, 0.716535449, -0.685039341, 0
vb0[311]+012 COLOR: 0.400000006, 0.647058845, 0.968627453, 0.101960786
vb0[311]+016 TEXCOORD: 0.171386719, 0.557128906
vb0[311]+000 TEXCOORD1: 0.635294139, 0.188235298, 0.988235295, 0.235294119
vb0[311]+000 TEXCOORD2: 0.635294139, 0.188235298, 0.988235295, 0.235294119
vb0[311]+000 TEXCOORD3: 0.635294139, 0.188235298, 0.988235295, 0.235294119

vb0[312]+000 POSITION: -0.972167969, 0.810546875, -0.693359375, 1
vb0[312]+008 NORMAL: -0.692913413, 0.181102365, -0.692913413, 0
vb0[312]+012 COLOR: 0.447058827, 0.592156887, 0.988235295, 0.858823538
vb0[312]+016 TEXCOORD: 0.986328125, 0.557128906
vb0[312]+000 TEXCOORD1: 0.78039217, 0.733333349, 0.486274511, 0.227450982
vb0[312]+000 TEXCOORD2: 0.78039217, 0.733333349, 0.486274511, 0.227450982
vb0[312]+000 TEXCOORD3: 0.78039217, 0.733333349, 0.486274511, 0.227450982

vb0[313]+000 POSITION: -0.332275391, 1.93261719, -0.747558594, 1
vb0[313]+008 NORMAL: -0.133858263, 0.716535449, -0.685039341, 0
vb0[313]+012 COLOR: 0.450980395, 0.552941203, 0.996078432, 0.968627453
vb0[313]+016 TEXCOORD: 0.171386719, 0.936035156
vb0[313]+000 TEXCOORD1: 0.31764707, 0.709803939, 0.733333349, 0.247058824
vb0[313]+000 TEXCOORD2: 0.31764707, 0.709803939, 0.733333349, 0.247058824
vb0[313]+000 TEXCOORD3: 0.31764707, 0.709803939, 0.733333349, 0.247058824

vb0[314]+000 POSITION: -0.752441406, 1.66699219, -0.750976563, 1
vb0[314]+008 NORMAL: -0.385826766, 0.716535449, -0.582677186, 0
vb0[314]+012 COLOR: 0.494117647, 0.533333361, 1, 0.960784316
vb0[314]+016 TEXCOORD: 0.576171875, 0.999511719
vb0[314]+000 TEXCOORD1: 0.0196078438, 0.729411781, 0.670588255, 0.243137255
vb0[314]+000 TEXCOORD2: 0.0196078438, 0.729411781, 0.670588255, 0.243137255
vb0[314]+000 TEXCOORD3: 0.0196078438, 0.729411781, 0.670588255, 0.243137255

vb0[315]+000 POSITION: -1.08203125, 1.29199219, -0.715820313, 1
vb0[315]+008 NORMAL: -0.622047246, 0.464566916, -0.622047246, 0
vb0[315]+012 COLOR: 0.521568656, 0.529411793, 1, 0.952941179
vb0[315]+016 TEXCOORD: 0.986328125, 0.936035156
vb0[315]+000 TEXCOORD1: 0.329411775, 0.737254918, 0.168627456, 0.239215687
vb0[315]+000 TEXCOORD2: 0.329411775, 0.737254918, 0.168627456, 0.239215687
vb0[315]+000 TEXCOORD3: 0.329411775, 0.737254918, 0.168627456, 0.239215687

vb0[316]+000 POSITION: -0.206787109, 0.176025391, -0.136962891, 1
vb0[316]+008 NORMAL: -0.362204731, -0.330708653, -0.874015749, 0
vb0[316]+012 COLOR: 0.31764707, 0.458823532, 0.964705884, 0.352941185
vb0[316]+016 TEXCOORD: 0.592285156, 0.114379883
vb0[316]+000 TEXCOORD1: 0.619607866, 0.698039234, 0.635294139, 0.192156866
vb0[316]+000 TEXCOORD2: 0.619607866, 0.698039234, 0.635294139, 0.192156866
vb0[316]+000 TEXCOORD3: 0.619607866, 0.698039234, 0.635294139, 0.192156866

vb0[317]+000 POSITION: 0.248291016, 0.806152344, 0.0991210938, 1
vb0[317]+008 NORMAL: 0.385826766, 0.716535449, -0.582677186, 0
vb0[317]+012 COLOR: 0.262745112, 0.305882365, 0.894117653, 0.250980407
vb0[317]+016 TEXCOORD: 0.171386719, 0.557128906
vb0[317]+000 TEXCOORD1: 0.949019611, 0.200000003, 0.450980395, 0.227450982
vb0[317]+000 TEXCOORD2: 0.949019611, 0.200000003, 0.450980395, 0.227450982
vb0[317]+000 TEXCOORD3: 0.949019611, 0.200000003, 0.450980395, 0.227450982

vb0[318]+000 POSITION: -0.588867188, 1.22363281, -0.193725586, 1
vb0[318]+008 NORMAL: -0.496062994, 0.716535449, -0.496062994, 0
vb0[318]+012 COLOR: 0.258823544, 0.250980407, 0.858823538, 0.101960786
vb0[318]+016 TEXCOORD: 0.986328125, 0.557128906
vb0[318]+000 TEXCOORD1: 0.713725507, 0.721568644, 0.898039222, 0.235294119
vb0[318]+000 TEXCOORD2: 0.713725507, 0.721568644, 0.898039222, 0.235294119
vb0[318]+000 TEXCOORD3: 0.713725507, 0.721568644, 0.898039222, 0.235294119

vb0[319]+000 POSITION: 0.15234375, 1.07128906, 0.321289063, 1
vb0[319]+008 NORMAL: 0.14173229, 0.984251976, -0.0944881886, 0
vb0[319]+012 COLOR: 0.227450982, 0.215686277, 0.807843149, 0.360784322
vb0[319]+016 TEXCOORD: 0.171386719, 0.936035156
vb0[319]+000 TEXCOORD1: 0.87843138, 0.188235298, 0.286274523, 0.235294119
vb0[319]+000 TEXCOORD2: 0.87843138, 0.188235298, 0.286274523, 0.235294119
vb0[319]+000 TEXCOORD3: 0.87843138, 0.188235298, 0.286274523, 0.235294119

vb0[320]+000 POSITION: -0.144287109, 1.41308594, 0.315429688, 1
vb0[320]+008 NORMAL: -0.157480314, 0.984251976, -0.0629921257, 0
vb0[320]+012 COLOR: 0.254901975, 0.20784314, 0.823529422, 0.211764708
vb0[320]+016 TEXCOORD: 0.576171875, 0.999511719
vb0[320]+000 TEXCOORD1: 0.619607866, 0.690196097, 0.654901981, 0.239215687
vb0[320]+000 TEXCOORD2: 0.619607866, 0.690196097, 0.654901981, 0.239215687
vb0[320]+000 TEXCOORD3: 0.619607866, 0.690196097, 0.654901981, 0.239215687

vb0[321]+000 POSITION: -0.547851563, 1.4453125, 0.0810546875, 1
vb0[321]+008 NORMAL: -0.417322844, 0.866141737, -0.283464581, 0
vb0[321]+012 COLOR: 0.294117659, 0.160784319, 0.80392158, 0.101960786
vb0[321]+016 TEXCOORD: 0.986328125, 0.936035156
vb0[321]+000 TEXCOORD1: 0.384313732, 0.721568644, 0.784313738, 0.239215687
vb0[321]+000 TEXCOORD2: 0.384313732, 0.721568644, 0.784313738, 0.239215687
vb0[321]+000 TEXCOORD3: 0.384313732, 0.721568644, 0.784313738, 0.239215687

vb0[322]+000 POSITION: -0.620605469, 1.46289063, 0.017578125, 1
vb0[322]+008 NORMAL: -0.417322844, 0.866141737, -0.283464581, 0
vb0[322]+012 COLOR: 0.521568656, 0.862745106, 0.843137264, 0.101960786
vb0[322]+016 TEXCOORD: 0.00852966309, 0.388183594
vb0[322]+000 TEXCOORD1: 0.968627453, 0.721568644, 0.854901969, 0.239215687
vb0[322]+000 TEXCOORD2: 0.968627453, 0.721568644, 0.854901969, 0.239215687
vb0[322]+000 TEXCOORD3: 0.968627453, 0.721568644, 0.854901969, 0.239215687

vb0[323]+000 POSITION: -0.412353516, 0.94140625, 0.561523438, 1
vb0[323]+008 NORMAL: -0.645669281, 0.716535449, 0.267716527, 0
vb0[323]+012 COLOR: 0.521568656, 0.862745106, 0.843137264, 0.266666681
vb0[323]+016 TEXCOORD: 0.392089844, 0.388183594
vb0[323]+000 TEXCOORD1: 0.600000024, 0.713725507, 0.533333361, 0.23137255
vb0[323]+000 TEXCOORD2: 0.600000024, 0.713725507, 0.533333361, 0.23137255
vb0[323]+000 TEXCOORD3: 0.600000024, 0.713725507, 0.533333361, 0.23137255

vb0[324]+000 POSITION: 0.311523438, 1.06640625, 0.381347656, 1
vb0[324]+008 NORMAL: 0.338582665, 0.937007844, 0, 0
vb0[324]+012 COLOR: 0.521568656, 0.862745106, 0.843137264, 0.109803922
vb0[324]+016 TEXCOORD: 0.392089844, 0.00441741943
vb0[324]+000 TEXCOORD1: 0.988235295, 0.203921571, 0.266666681, 0.235294119
vb0[324]+000 TEXCOORD2: 0.988235295, 0.203921571, 0.266666681, 0.235294119
vb0[324]+000 TEXCOORD3: 0.988235295, 0.203921571, 0.266666681, 0.235294119

vb0[325]+000 POSITION: 0.103149414, 1.58789063, -0.162719727, 1
vb0[325]+008 NORMAL: 0.0629921257, 0.937007844, -0.330708653, 0
vb0[325]+012 COLOR: 0.521568656, 0.862745106, 0.843137264, 0.101960786
vb0[325]+016 TEXCOORD: 0.00852966309, 0.00441741943
vb0[325]+000 TEXCOORD1: 0.603921592, 0.180392161, 0.352941185, 0.243137255
vb0[325]+000 TEXCOORD2: 0.603921592, 0.180392161, 0.352941185, 0.243137255
vb0[325]+000 TEXCOORD3: 0.603921592, 0.180392161, 0.352941185, 0.243137255

vb0[326]+000 POSITION: -0.206787109, 0.176025391, -0.136962891, 1
vb0[326]+008 NORMAL: -0.362204731, -0.330708653, -0.874015749, 0
vb0[326]+012 COLOR: 0.925490201, 0.478431374, 0.760784328, 0.352941185
vb0[326]+016 TEXCOORD: 0.592285156, 0.114379883
vb0[326]+000 TEXCOORD1: 0.619607866, 0.698039234, 0.635294139, 0.192156866
vb0[326]+000 TEXCOORD2: 0.619607866, 0.698039234, 0.635294139, 0.192156866
vb0[326]+000 TEXCOORD3: 0.619607866, 0.698039234, 0.635294139, 0.192156866

vb0[327]+000 POSITION: 0.0540466309, 1.13378906, -0.479248047, 1
vb0[327]+008 NORMAL: 0, 0.464566916, -0.88188976, 0
vb0[327]+012 COLOR: 0.933333337, 0.396078438, 0.725490212, 0.101960786
vb0[327]+016 TEXCOORD: 0.171386719, 0.557128906
vb0[327]+000 TEXCOORD1: 0.921568632, 0.164705887, 0.53725493, 0.235294119
vb0[327]+000 TEXCOORD2: 0.921568632, 0.164705887, 0.53725493, 0.235294119
vb0[327]+000 TEXCOORD3: 0.921568632, 0.164705887, 0.53725493, 0.235294119

vb0[328]+000 POSITION: -0.461914063, 0.721191406, 0.328857422, 1
vb0[328]+008 NORMAL: -0.866141737, 0.464566916, -0.173228353, 0
vb0[328]+012 COLOR: 0.945098042, 0.345098048, 0.670588255, 0.101960786
vb0[328]+016 TEXCOORD: 0.986328125, 0.557128906
vb0[328]+000 TEXCOORD1: 0.392156869, 0.717647076, 0.772549033, 0.223529413
vb0[328]+000 TEXCOORD2: 0.392156869, 0.717647076, 0.772549033, 0.223529413
vb0[328]+000 TEXCOORD3: 0.392156869, 0.717647076, 0.772549033, 0.223529413

vb0[329]+000 POSITION: 0.0597839355, 1.66015625, 0.0264892578, 1
vb0[329]+008 NORMAL: 0.0314960629, 0.984251976, -0.173228353, 0
vb0[329]+012 COLOR: 0.933333337, 0.309803933, 0.662745118, 0.101960786
vb0[329]+016 TEXCOORD: 0.171386719, 0.936035156
vb0[329]+000 TEXCOORD1: 0.654901981, 0.168627456, 0.643137276, 0.243137255
vb0[329]+000 TEXCOORD2: 0.654901981, 0.168627456, 0.643137276, 0.243137255
vb0[329]+000 TEXCOORD3: 0.654901981, 0.168627456, 0.643137276, 0.243137255

vb0[330]+000 POSITION: -0.144287109, 1.41308594, 0.315429688, 1
vb0[330]+008 NORMAL: -0.157480314, 0.984251976, -0.0629921257, 0
vb0[330]+012 COLOR: 0.945098042, 0.298039228, 0.611764729, 0.211764708
vb0[330]+016 TEXCOORD: 0.576171875, 0.999511719
vb0[330]+000 TEXCOORD1: 0.619607866, 0.690196097, 0.654901981, 0.239215687
vb0[330]+000 TEXCOORD2: 0.619607866, 0.690196097, 0.654901981, 0.239215687
vb0[330]+000 TEXCOORD3: 0.619607866, 0.690196097, 0.654901981, 0.239215687

vb0[331]+000 POSITION: -0.3359375, 1.07714844, 0.514160156, 1
vb0[331]+008 NORMAL: -0.314960629, 0.937007844, 0.133858263, 0
vb0[331]+012 COLOR: 0.949019611, 0.294117659, 0.588235319, 0.345098048
vb0[331]+016 TEXCOORD: 0.986328125, 0.936035156
vb0[331]+000 TEXCOORD1: 0.376470596, 0.709803939, 0.309803933, 0.235294119
vb0[331]+000 TEXCOORD2: 0.376470596, 0.709803939, 0.309803933, 0.235294119
vb0[331]+000 TEXCOORD3: 0.376470596, 0.709803939, 0.309803933, 0.235294119

vb0[332]+000 POSITION: -0.206665039, 0.178222656, -0.136352539, 1
vb0[332]+008 NORMAL: -0.362204731, -0.330708653, -0.874015749, 0
vb0[332]+012 COLOR: 0.156862751, 0.607843161, 0.847058833, 0.525490224
vb0[332]+016 TEXCOORD: 0.592285156, 0.114379883
vb0[332]+000 TEXCOORD1: 0.615686297, 0.698039234, 0.70588237, 0.192156866
vb0[332]+000 TEXCOORD2: 0.615686297, 0.698039234, 0.70588237, 0.192156866
vb0[332]+000 TEXCOORD3: 0.615686297, 0.698039234, 0.70588237, 0.192156866

vb0[333]+000 POSITION: 0.184082031, 1.22070313, -0.0746459961, 1
vb0[333]+008 NORMAL: 0.188976377, 0.866141737, -0.464566916, 0
vb0[333]+012 COLOR: 0.137254909, 0.470588237, 0.843137264, 0.470588237
vb0[333]+016 TEXCOORD: 0.171386719, 0.557128906
vb0[333]+000 TEXCOORD1: 0.894117653, 0.192156866, 0.886274517, 0.235294119
vb0[333]+000 TEXCOORD2: 0.894117653, 0.192156866, 0.886274517, 0.235294119
vb0[333]+000 TEXCOORD3: 0.894117653, 0.192156866, 0.886274517, 0.235294119

vb0[334]+000 POSITION: -0.58203125, 1.390625, -0.876953125, 1
vb0[334]+008 NORMAL: -0.338582665, 0.464566916, -0.818897665, 0
vb0[334]+012 COLOR: 0.137254909, 0.427450985, 0.839215696, 0.156862751
vb0[334]+016 TEXCOORD: 0.986328125, 0.557128906
vb0[334]+000 TEXCOORD1: 0.65882355, 0.721568644, 0.564705908, 0.239215687
vb0[334]+000 TEXCOORD2: 0.65882355, 0.721568644, 0.564705908, 0.239215687
vb0[334]+000 TEXCOORD3: 0.65882355, 0.721568644, 0.564705908, 0.239215687

vb0[335]+000 POSITION: 0.020111084, 1.6484375, -0.038848877, 1
vb0[335]+008 NORMAL: 0, 0.937007844, -0.338582665, 0
vb0[335]+012 COLOR: 0.125490203, 0.380392164, 0.807843149, 0.623529434
vb0[335]+016 TEXCOORD: 0.171386719, 0.936035156
vb0[335]+000 TEXCOORD1: 0.149019614, 0.145098045, 0.596078455, 0.243137255
vb0[335]+000 TEXCOORD2: 0.149019614, 0.145098045, 0.596078455, 0.243137255
vb0[335]+000 TEXCOORD3: 0.149019614, 0.145098045, 0.596078455, 0.243137255

vb0[336]+000 POSITION: -0.270751953, 1.98632813, -0.331787109, 1
vb0[336]+008 NORMAL: -0.133858263, 0.937007844, -0.314960629, 0
vb0[336]+012 COLOR: 0.145098045, 0.384313732, 0.831372559, 0.733333349
vb0[336]+016 TEXCOORD: 0.576171875, 0.999511719
vb0[336]+000 TEXCOORD1: 0.333333343, 0.70588237, 0.949019611, 0.247058824
vb0[336]+000 TEXCOORD2: 0.333333343, 0.70588237, 0.949019611, 0.247058824
vb0[336]+000 TEXCOORD3: 0.333333343, 0.70588237, 0.949019611, 0.247058824

vb0[337]+000 POSITION: -0.620117188, 1.82128906, -0.71875, 1
vb0[337]+008 NORMAL: -0.385826766, 0.716535449, -0.582677186, 0
vb0[337]+012 COLOR: 0.184313729, 0.34117648, 0.854901969, 0.843137264
vb0[337]+016 TEXCOORD: 0.986328125, 0.936035156
vb0[337]+000 TEXCOORD1: 0.964705884, 0.721568644, 0.286274523, 0.247058824
vb0[337]+000 TEXCOORD2: 0.964705884, 0.721568644, 0.286274523, 0.247058824
vb0[337]+000 TEXCOORD3: 0.964705884, 0.721568644, 0.286274523, 0.247058824

vb0[338]+000 POSITION: -0.673828125, 1.79101563, -0.814941406, 1
vb0[338]+008 NORMAL: -0.385826766, 0.716535449, -0.582677186, 0
vb0[338]+012 COLOR: 0.435294122, 0.984313726, 0.607843161, 0.968627453
vb0[338]+016 TEXCOORD: 0.00852966309, 0.388183594
vb0[338]+000 TEXCOORD1: 0.392156869, 0.725490212, 0.164705887, 0.247058824
vb0[338]+000 TEXCOORD2: 0.392156869, 0.725490212, 0.164705887, 0.247058824
vb0[338]+000 TEXCOORD3: 0.392156869, 0.725490212, 0.164705887, 0.247058824

vb0[339]+000 POSITION: -0.695800781, 1.59375, 0.0459899902, 1
vb0[339]+008 NORMAL: -0.464566916, 0.866141737, -0.188976377, 0
vb0[339]+012 COLOR: 0.435294122, 0.984313726, 0.607843161, 0.203921571
vb0[339]+016 TEXCOORD: 0.392089844, 0.388183594
vb0[339]+000 TEXCOORD1: 0.568627477, 0.725490212, 0.376470596, 0.243137255
vb0[339]+000 TEXCOORD2: 0.568627477, 0.725490212, 0.376470596, 0.243137255
vb0[339]+000 TEXCOORD3: 0.568627477, 0.725490212, 0.376470596, 0.243137255

vb0[340]+000 POSITION: 0.170654297, 1.70117188, 0.0788574219, 1
vb0[340]+008 NORMAL: 0.0629921257, 0.984251976, -0.157480314, 0
vb0[340]+012 COLOR: 0.435294122, 0.984313726, 0.607843161, 0.701960802
vb0[340]+016 TEXCOORD: 0.392089844, 0.00441741943
vb0[340]+000 TEXCOORD1: 0.4627451, 0.192156866, 0.807843149, 0.243137255
vb0[340]+000 TEXCOORD2: 0.4627451, 0.192156866, 0.807843149, 0.243137255
vb0[340]+000 TEXCOORD3: 0.4627451, 0.192156866, 0.807843149, 0.243137255

vb0[341]+000 POSITION: 0.192260742, 1.8984375, -0.781738281, 1
vb0[341]+008 NORMAL: 0.133858263, 0.716535449, -0.685039341, 0
vb0[341]+012 COLOR: 0.435294122, 0.984313726, 0.607843161, 0.968627453
vb0[341]+016 TEXCOORD: 0.00852966309, 0.00441741943
vb0[341]+000 TEXCOORD1: 0.152941182, 0.196078435, 0.596078455, 0.247058824
vb0[341]+000 TEXCOORD2: 0.152941182, 0.196078435, 0.596078455, 0.247058824
vb0[341]+000 TEXCOORD3: 0.152941182, 0.196078435, 0.596078455, 0.247058824

vb0[342]+000 POSITION: -0.206665039, 0.178222656, -0.136352539, 1
vb0[342]+008 NORMAL: -0.362204731, -0.330708653, -0.874015749, 0
vb0[342]+012 COLOR: 0.819607854, 0.627451003, 0.862745106, 0.525490224
vb0[342]+016 TEXCOORD: 0.592285156, 0.114379883
vb0[342]+000 TEXCOORD1: 0.615686297, 0.698039234, 0.70588237, 0.192156866
vb0[342]+000 TEXCOORD2: 0.615686297, 0.698039234, 0.70588237, 0.192156866
vb0[342]+000 TEXCOORD3: 0.615686297, 0.698039234, 0.70588237, 0.192156866

vb0[343]+000 POSITION: 0.216552734, 1.18261719, -0.861816406, 1
vb0[343]+008 NORMAL: 0.173228353, 0.464566916, -0.866141737, 0
vb0[343]+012 COLOR: 0.827450991, 0.545098066, 0.874509811, 0.313725501
vb0[343]+016 TEXCOORD: 0.171386719, 0.557128906
vb0[343]+000 TEXCOORD1: 0.933333337, 0.196078435, 0.733333349, 0.235294119
vb0[343]+000 TEXCOORD2: 0.933333337, 0.196078435, 0.733333349, 0.235294119
vb0[343]+000 TEXCOORD3: 0.933333337, 0.196078435, 0.733333349, 0.235294119

vb0[344]+000 POSITION: -0.682617188, 1.19140625, -0.0767211914, 1
vb0[344]+008 NORMAL: -0.582677186, 0.716535449, -0.385826766, 0
vb0[344]+012 COLOR: 0.847058833, 0.482352942, 0.858823538, 0.101960786
vb0[344]+016 TEXCOORD: 0.986328125, 0.557128906
vb0[344]+000 TEXCOORD1: 0.4627451, 0.725490212, 0.768627465, 0.235294119
vb0[344]+000 TEXCOORD2: 0.4627451, 0.725490212, 0.768627465, 0.235294119
vb0[344]+000 TEXCOORD3: 0.4627451, 0.725490212, 0.768627465, 0.235294119

vb0[345]+000 POSITION: 0.0808105469, 2.09570313, -0.657226563, 1
vb0[345]+008 NORMAL: 0, 0.866141737, -0.503937006, 0
vb0[345]+012 COLOR: 0.839215696, 0.447058827, 0.866666675, 0.968627453
vb0[345]+016 TEXCOORD: 0.171386719, 0.936035156
vb0[345]+000 TEXCOORD1: 0.172549024, 0.176470593, 0.192156866, 0.250980407
vb0[345]+000 TEXCOORD2: 0.172549024, 0.176470593, 0.192156866, 0.250980407
vb0[345]+000 TEXCOORD3: 0.172549024, 0.176470593, 0.192156866, 0.250980407

vb0[346]+000 POSITION: -0.270751953, 1.98632813, -0.331787109, 1
vb0[346]+008 NORMAL: -0.133858263, 0.937007844, -0.314960629, 0
vb0[346]+012 COLOR: 0.862745106, 0.419607848, 0.835294127, 0.733333349
vb0[346]+016 TEXCOORD: 0.576171875, 0.999511719
vb0[346]+000 TEXCOORD1: 0.333333343, 0.70588237, 0.949019611, 0.247058824
vb0[346]+000 TEXCOORD2: 0.333333343, 0.70588237, 0.949019611, 0.247058824
vb0[346]+000 TEXCOORD3: 0.333333343, 0.70588237, 0.949019611, 0.247058824

vb0[347]+000 POSITION: -0.583007813, 1.72167969, -0.040802002, 1
vb0[347]+008 NORMAL: -0.417322844, 0.866141737, -0.283464581, 0
vb0[347]+012 COLOR: 0.874509811, 0.407843143, 0.819607854, 0.639215708
vb0[347]+016 TEXCOORD: 0.986328125, 0.936035156
vb0[347]+000 TEXCOORD1: 0.666666687, 0.721568644, 0.890196085, 0.243137255
vb0[347]+000 TEXCOORD2: 0.666666687, 0.721568644, 0.890196085, 0.243137255
vb0[347]+000 TEXCOORD3: 0.666666687, 0.721568644, 0.890196085, 0.243137255

vb0[348]+000 POSITION: -0.210571289, 0.178344727, -0.136352539, 1
vb0[348]+008 NORMAL: -0.362204731, -0.330708653, -0.874015749, 0
vb0[348]+012 COLOR: 0.00392156886, 0.549019635, 0.482352942, 0.611764729
vb0[348]+016 TEXCOORD: 0.592285156, 0.114379883
vb0[348]+000 TEXCOORD1: 0.741176486, 0.698039234, 0.709803939, 0.192156866
vb0[348]+000 TEXCOORD2: 0.741176486, 0.698039234, 0.709803939, 0.192156866
vb0[348]+000 TEXCOORD3: 0.741176486, 0.698039234, 0.709803939, 0.192156866

vb0[349]+000 POSITION: -0.12512207, 0.993164063, -0.339111328, 1
vb0[349]+008 NORMAL: -0.173228353, 0.464566916, -0.866141737, 0
vb0[349]+012 COLOR: 0.00392156886, 0.447058827, 0.525490224, 0.407843143
vb0[349]+016 TEXCOORD: 0.171386719, 0.557128906
vb0[349]+000 TEXCOORD1: 0.00392156886, 0.690196097, 0.949019611, 0.23137255
vb0[349]+000 TEXCOORD2: 0.00392156886, 0.690196097, 0.949019611, 0.23137255
vb0[349]+000 TEXCOORD3: 0.00392156886, 0.690196097, 0.949019611, 0.23137255

vb0[350]+000 POSITION: -0.131103516, 0.665527344, -1.12988281, 1
vb0[350]+008 NORMAL: 0, 0.181102365, -0.984251976, 0
vb0[350]+012 COLOR: 0.00784313772, 0.423529416, 0.541176498, 0.890196085
vb0[350]+016 TEXCOORD: 0.986328125, 0.557128906
vb0[350]+000 TEXCOORD1: 0.196078435, 0.690196097, 0.325490206, 0.223529413
vb0[350]+000 TEXCOORD2: 0.196078435, 0.690196097, 0.325490206, 0.223529413
vb0[350]+000 TEXCOORD3: 0.196078435, 0.690196097, 0.325490206, 0.223529413

vb0[351]+000 POSITION: -0.22668457, 1.22070313, -0.529296875, 1
vb0[351]+008 NORMAL: -0.133858263, 0.716535449, -0.685039341, 0
vb0[351]+012 COLOR: 0.0156862754, 0.384313732, 0.529411793, 0.43921569
vb0[351]+016 TEXCOORD: 0.171386719, 0.936035156
vb0[351]+000 TEXCOORD1: 0.254901975, 0.701960802, 0.886274517, 0.235294119
vb0[351]+000 TEXCOORD2: 0.254901975, 0.701960802, 0.886274517, 0.235294119
vb0[351]+000 TEXCOORD3: 0.254901975, 0.701960802, 0.886274517, 0.235294119

vb0[352]+000 POSITION: -0.230102539, 1.26660156, -0.908203125, 1
vb0[352]+008 NORMAL: -0.173228353, 0.464566916, -0.866141737, 0
vb0[352]+012 COLOR: 0.0117647061, 0.400000006, 0.556862772, 0.631372571
vb0[352]+016 TEXCOORD: 0.576171875, 0.999511719
vb0[352]+000 TEXCOORD1: 0.36470589, 0.701960802, 0.0666666701, 0.239215687
vb0[352]+000 TEXCOORD2: 0.36470589, 0.701960802, 0.0666666701, 0.239215687
vb0[352]+000 TEXCOORD3: 0.36470589, 0.701960802, 0.0666666701, 0.239215687

vb0[353]+000 POSITION: -0.226196289, 0.963378906, -1.20410156, 1
vb0[353]+008 NORMAL: -0.188976377, 0.181102365, -0.96062994, 0
vb0[353]+012 COLOR: 0.0274509806, 0.380392164, 0.615686297, 0.78039217
vb0[353]+016 TEXCOORD: 0.986328125, 0.936035156
vb0[353]+000 TEXCOORD1: 0.239215687, 0.701960802, 0.709803939, 0.23137255
vb0[353]+000 TEXCOORD2: 0.239215687, 0.701960802, 0.709803939, 0.23137255
vb0[353]+000 TEXCOORD3: 0.239215687, 0.701960802, 0.709803939, 0.23137255

vb0[354]+000 POSITION: -0.20703125, 0.903320313, -1.3125, 1
vb0[354]+008 NORMAL: -0.188976377, 0.181102365, -0.96062994, 0
vb0[354]+012 COLOR: 0.403921574, 0.937254906, 0.282352954, 0.968627453
vb0[354]+016 TEXCOORD: 0.00852966309, 0.388183594
vb0[354]+000 TEXCOORD1: 0.627451003, 0.698039234, 0.227450982, 0.23137255
vb0[354]+000 TEXCOORD2: 0.627451003, 0.698039234, 0.227450982, 0.23137255
vb0[354]+000 TEXCOORD3: 0.627451003, 0.698039234, 0.227450982, 0.23137255

vb0[355]+000 POSITION: -0.66796875, 1.03417969, -0.849121094, 1
vb0[355]+008 NORMAL: -0.488188982, 0.464566916, -0.732283473, 0
vb0[355]+012 COLOR: 0.403921574, 0.937254906, 0.282352954, 0.529411793
vb0[355]+016 TEXCOORD: 0.392089844, 0.388183594
vb0[355]+000 TEXCOORD1: 0.345098048, 0.725490212, 0.137254909, 0.235294119
vb0[355]+000 TEXCOORD2: 0.345098048, 0.725490212, 0.137254909, 0.235294119
vb0[355]+000 TEXCOORD3: 0.345098048, 0.725490212, 0.137254909, 0.235294119

vb0[356]+000 POSITION: -0.20324707, 1.32617188, -0.466552734, 1
vb0[356]+008 NORMAL: -0.133858263, 0.716535449, -0.685039341, 0
vb0[356]+012 COLOR: 0.403921574, 0.937254906, 0.282352954, 0.101960786
vb0[356]+016 TEXCOORD: 0.392089844, 0.00441741943
vb0[356]+000 TEXCOORD1: 0.505882382, 0.698039234, 0.305882365, 0.239215687
vb0[356]+000 TEXCOORD2: 0.505882382, 0.698039234, 0.305882365, 0.239215687
vb0[356]+000 TEXCOORD3: 0.505882382, 0.698039234, 0.305882365, 0.239215687

vb0[357]+000 POSITION: 0.257568359, 1.1953125, -0.930175781, 1
vb0[357]+008 NORMAL: 0.173228353, 0.464566916, -0.866141737, 0
vb0[357]+012 COLOR: 0.403921574, 0.937254906, 0.282352954, 0.811764717
vb0[357]+016 TEXCOORD: 0.00852966309, 0.00441741943
vb0[357]+000 TEXCOORD1: 0.121568628, 0.203921571, 0.784313738, 0.235294119
vb0[357]+000 TEXCOORD2: 0.121568628, 0.203921571, 0.784313738, 0.235294119
vb0[357]+000 TEXCOORD3: 0.121568628, 0.203921571, 0.784313738, 0.235294119

vb0[358]+000 POSITION: -0.210571289, 0.178344727, -0.136352539, 1
vb0[358]+008 NORMAL: -0.362204731, -0.330708653, -0.874015749, 0
vb0[358]+012 COLOR: 0.490196079, 0.854901969, 0.850980401, 0.611764729
vb0[358]+016 TEXCOORD: 0.592285156, 0.114379883
vb0[358]+000 TEXCOORD1: 0.741176486, 0.698039234, 0.709803939, 0.192156866
vb0[358]+000 TEXCOORD2: 0.741176486, 0.698039234, 0.709803939, 0.192156866
vb0[358]+000 TEXCOORD3: 0.741176486, 0.698039234, 0.709803939, 0.192156866

vb0[359]+000 POSITION: 0.299316406, 0.744140625, -0.689453125, 1
vb0[359]+008 NORMAL: 0.188976377, 0.181102365, -0.96062994, 0
vb0[359]+012 COLOR: 0.486274511, 0.776470602, 0.913725495, 0.607843161
vb0[359]+016 TEXCOORD: 0.171386719, 0.557128906
vb0[359]+000 TEXCOORD1: 0.792156875, 0.203921571, 0.956862748, 0.223529413
vb0[359]+000 TEXCOORD2: 0.792156875, 0.203921571, 0.956862748, 0.223529413
vb0[359]+000 TEXCOORD3: 0.792156875, 0.203921571, 0.956862748, 0.223529413

vb0[360]+000 POSITION: -0.604492188, 0.757324219, -0.730957031, 1
vb0[360]+008 NORMAL: -0.543307066, 0.181102365, -0.818897665, 0
vb0[360]+012 COLOR: 0.509803951, 0.713725507, 0.952941179, 0.101960786
vb0[360]+016 TEXCOORD: 0.986328125, 0.557128906
vb0[360]+000 TEXCOORD1: 0.839215696, 0.721568644, 0.0588235296, 0.227450982
vb0[360]+000 TEXCOORD2: 0.839215696, 0.721568644, 0.0588235296, 0.227450982
vb0[360]+000 TEXCOORD3: 0.839215696, 0.721568644, 0.0588235296, 0.227450982

vb0[361]+000 POSITION: 0.134765625, 1.32421875, -0.935546875, 1
vb0[361]+008 NORMAL: 0, 0.464566916, -0.88188976, 0
vb0[361]+012 COLOR: 0.498039216, 0.674509823, 0.968627453, 0.796078444
vb0[361]+016 TEXCOORD: 0.171386719, 0.936035156
vb0[361]+000 TEXCOORD1: 0.313725501, 0.188235298, 0.298039228, 0.239215687
vb0[361]+000 TEXCOORD2: 0.313725501, 0.188235298, 0.298039228, 0.239215687
vb0[361]+000 TEXCOORD3: 0.313725501, 0.188235298, 0.298039228, 0.239215687

vb0[362]+000 POSITION: -0.230102539, 1.26660156, -0.908203125, 1
vb0[362]+008 NORMAL: -0.173228353, 0.464566916, -0.866141737, 0
vb0[362]+012 COLOR: 0.533333361, 0.643137276, 0.97647059, 0.631372571
vb0[362]+016 TEXCOORD: 0.576171875, 0.999511719
vb0[362]+000 TEXCOORD1: 0.36470589, 0.701960802, 0.0666666701, 0.239215687
vb0[362]+000 TEXCOORD2: 0.36470589, 0.701960802, 0.0666666701, 0.239215687
vb0[362]+000 TEXCOORD3: 0.36470589, 0.701960802, 0.0666666701, 0.239215687

vb0[363]+000 POSITION: -0.558105469, 1.11425781, -0.831542969, 1
vb0[363]+008 NORMAL: -0.338582665, 0.464566916, -0.818897665, 0
vb0[363]+012 COLOR: 0.552941203, 0.627451003, 0.980392158, 0.470588237
vb0[363]+016 TEXCOORD: 0.986328125, 0.936035156
vb0[363]+000 TEXCOORD1: 0.466666669, 0.721568644, 0.458823532, 0.235294119
vb0[363]+000 TEXCOORD2: 0.466666669, 0.721568644, 0.458823532, 0.235294119
vb0[363]+000 TEXCOORD3: 0.466666669, 0.721568644, 0.458823532, 0.235294119

vb0[364]+000 POSITION: -0.424804688, 1.25683594, 0.0608215332, 1
vb0[364]+008 NORMAL: -0.417322844, 0.866141737, -0.283464581, 0
vb0[364]+012 COLOR: 0.31764707, 0.964705884, 0.53725493, 0.101960786
vb0[364]+016 TEXCOORD: 0.00852966309, 0.388183594
vb0[364]+000 TEXCOORD1: 0.800000012, 0.713725507, 0.0274509806, 0.239215687
vb0[364]+000 TEXCOORD2: 0.800000012, 0.713725507, 0.0274509806, 0.239215687
vb0[364]+000 TEXCOORD3: 0.800000012, 0.713725507, 0.0274509806, 0.239215687

vb0[365]+000 POSITION: -0.973632813, 1.02734375, 0.25, 1
vb0[365]+008 NORMAL: -0.866141737, 0.464566916, -0.173228353, 0
vb0[365]+012 COLOR: 0.31764707, 0.964705884, 0.53725493, 0.125490203
vb0[365]+016 TEXCOORD: 0.392089844, 0.388183594
vb0[365]+000 TEXCOORD1: 0.792156875, 0.733333349, 0.109803922, 0.235294119
vb0[365]+000 TEXCOORD2: 0.792156875, 0.733333349, 0.109803922, 0.235294119
vb0[365]+000 TEXCOORD3: 0.792156875, 0.733333349, 0.109803922, 0.235294119

vb0[366]+000 POSITION: -0.777832031, 1.05566406, 0.83203125, 1
vb0[366]+008 NORMAL: -0.732283473, 0.464566916, 0.488188982, 0
vb0[366]+012 COLOR: 0.31764707, 0.964705884, 0.53725493, 0.345098048
vb0[366]+016 TEXCOORD: 0.392089844, 0.00441741943
vb0[366]+000 TEXCOORD1: 0.223529413, 0.729411781, 0.223529413, 0.235294119
vb0[366]+000 TEXCOORD2: 0.223529413, 0.729411781, 0.223529413, 0.235294119
vb0[366]+000 TEXCOORD3: 0.223529413, 0.729411781, 0.223529413, 0.235294119

vb0[367]+000 POSITION: -0.228881836, 1.28417969, 0.643066406, 1
vb0[367]+008 NORMAL: -0.244094491, 0.937007844, 0.244094491, 0
vb0[367]+012 COLOR: 0.31764707, 0.964705884, 0.53725493, 0.250980407
vb0[367]+016 TEXCOORD: 0.00852966309, 0.00441741943
vb0[367]+000 TEXCOORD1: 0.325490206, 0.701960802, 0.137254909, 0.239215687
vb0[367]+000 TEXCOORD2: 0.325490206, 0.701960802, 0.137254909, 0.239215687
vb0[367]+000 TEXCOORD3: 0.325490206, 0.701960802, 0.137254909, 0.239215687

vb0[368]+000 POSITION: -0.387451172, 0.229858398, 0.136108398, 1
vb0[368]+008 NORMAL: -0.787401557, -0.330708653, -0.527559042, 0
vb0[368]+012 COLOR: 0.0823529437, 0.741176486, 0.368627459, 0.576470613
vb0[368]+016 TEXCOORD: 0.592285156, 0.114379883
vb0[368]+000 TEXCOORD1: 0.200000003, 0.713725507, 0.356862754, 0.200000003
vb0[368]+000 TEXCOORD2: 0.200000003, 0.713725507, 0.356862754, 0.200000003
vb0[368]+000 TEXCOORD3: 0.200000003, 0.713725507, 0.356862754, 0.200000003

vb0[369]+000 POSITION: -0.275878906, 0.81640625, 0.858398438, 1
vb0[369]+008 NORMAL: -0.488188982, 0.464566916, 0.732283473, 0
vb0[369]+012 COLOR: 0.0313725509, 0.607843161, 0.356862754, 0.188235298
vb0[369]+016 TEXCOORD: 0.171386719, 0.557128906
vb0[369]+000 TEXCOORD1: 0.41568628, 0.70588237, 0.533333361, 0.227450982
vb0[369]+000 TEXCOORD2: 0.41568628, 0.70588237, 0.533333361, 0.227450982
vb0[369]+000 TEXCOORD3: 0.41568628, 0.70588237, 0.533333361, 0.227450982

vb0[370]+000 POSITION: -0.0678710938, 0.793945313, 0.160522461, 1
vb0[370]+008 NORMAL: -0.188976377, 0.866141737, -0.464566916, 0
vb0[370]+012 COLOR: 0.0235294122, 0.564705908, 0.360784322, 0.101960786
vb0[370]+016 TEXCOORD: 0.986328125, 0.557128906
vb0[370]+000 TEXCOORD1: 0.345098048, 0.674509823, 0.352941185, 0.227450982
vb0[370]+000 TEXCOORD2: 0.345098048, 0.674509823, 0.352941185, 0.227450982
vb0[370]+000 TEXCOORD3: 0.345098048, 0.674509823, 0.352941185, 0.227450982

vb0[371]+000 POSITION: -0.266601563, 1.07617188, 0.763671875, 1
vb0[371]+008 NORMAL: -0.283464581, 0.866141737, 0.417322844, 0
vb0[371]+012 COLOR: 0.0274509806, 0.513725519, 0.337254912, 0.101960786
vb0[371]+016 TEXCOORD: 0.171386719, 0.936035156
vb0[371]+000 TEXCOORD1: 0.266666681, 0.70588237, 0.305882365, 0.235294119
vb0[371]+000 TEXCOORD2: 0.266666681, 0.70588237, 0.305882365, 0.235294119
vb0[371]+000 TEXCOORD3: 0.266666681, 0.70588237, 0.305882365, 0.235294119

vb0[372]+000 POSITION: -0.141967773, 1.22265625, 0.492919922, 1
vb0[372]+008 NORMAL: -0.14173229, 0.984251976, 0.0944881886, 0
vb0[372]+012 COLOR: 0.0196078438, 0.521568656, 0.36470589, 0.235294119
vb0[372]+016 TEXCOORD: 0.576171875, 0.999511719
vb0[372]+000 TEXCOORD1: 0.545098066, 0.690196097, 0.894117653, 0.235294119
vb0[372]+000 TEXCOORD2: 0.545098066, 0.690196097, 0.894117653, 0.235294119
vb0[372]+000 TEXCOORD3: 0.545098066, 0.690196097, 0.894117653, 0.235294119

vb0[373]+000 POSITION: -0.0816650391, 1.07226563, 0.17590332, 1
vb0[373]+008 NORMAL: -0.133858263, 0.937007844, -0.314960629, 0
vb0[373]+012 COLOR: 0.00784313772, 0.478431374, 0.41568628, 0.125490203
vb0[373]+016 TEXCOORD: 0.986328125, 0.936035156
vb0[373]+000 TEXCOORD1: 0.227450982, 0.678431392, 0.290196091, 0.235294119
vb0[373]+000 TEXCOORD2: 0.227450982, 0.678431392, 0.290196091, 0.235294119
vb0[373]+000 TEXCOORD3: 0.227450982, 0.678431392, 0.290196091, 0.235294119

vb0[374]+000 POSITION: 0.427490234, 1.45410156, 0.22644043, 1
vb0[374]+008 NORMAL: 0.314960629, 0.937007844, -0.133858263, 0
vb0[374]+012 COLOR: 0.729411781, 0.713725507, 0.890196085, 0.101960786
vb0[374]+016 TEXCOORD: 0.00852966309, 0.388183594
vb0[374]+000 TEXCOORD1: 0.843137264, 0.211764708, 0.819607854, 0.239215687
vb0[374]+000 TEXCOORD2: 0.843137264, 0.211764708, 0.819607854, 0.239215687
vb0[374]+000 TEXCOORD3: 0.843137264, 0.211764708, 0.819607854, 0.239215687

vb0[375]+000 POSITION: 0.401855469, 0.752929688, 0.624511719, 1
vb0[375]+008 NORMAL: 0.732283473, 0.464566916, 0.488188982, 0
vb0[375]+012 COLOR: 0.729411781, 0.713725507, 0.890196085, 0.407843143
vb0[375]+016 TEXCOORD: 0.392089844, 0.388183594
vb0[375]+000 TEXCOORD1: 0.431372553, 0.211764708, 0.0235294122, 0.227450982
vb0[375]+000 TEXCOORD2: 0.431372553, 0.211764708, 0.0235294122, 0.227450982
vb0[375]+000 TEXCOORD3: 0.431372553, 0.211764708, 0.0235294122, 0.227450982

vb0[376]+000 POSITION: 1.08203125, 0.546875, 0.340087891, 1
vb0[376]+008 NORMAL: 0.984251976, 0.181102365, 0, 0
vb0[376]+012 COLOR: 0.729411781, 0.713725507, 0.890196085, 0.576470613
vb0[376]+016 TEXCOORD: 0.392089844, 0.00441741943
vb0[376]+000 TEXCOORD1: 0.329411775, 0.235294119, 0.376470596, 0.219607845
vb0[376]+000 TEXCOORD2: 0.329411775, 0.235294119, 0.376470596, 0.219607845
vb0[376]+000 TEXCOORD3: 0.329411775, 0.235294119, 0.376470596, 0.219607845

vb0[377]+000 POSITION: 1.10742188, 1.24707031, -0.0580749512, 1
vb0[377]+008 NORMAL: 0.818897665, 0.464566916, -0.338582665, 0
vb0[377]+012 COLOR: 0.729411781, 0.713725507, 0.890196085, 0.101960786
vb0[377]+016 TEXCOORD: 0.00852966309, 0.00441741943
vb0[377]+000 TEXCOORD1: 0.431372553, 0.235294119, 0.992156863, 0.235294119
vb0[377]+000 TEXCOORD2: 0.431372553, 0.235294119, 0.992156863, 0.235294119
vb0[377]+000 TEXCOORD3: 0.431372553, 0.235294119, 0.992156863, 0.235294119

vb0[378]+000 POSITION: 0.525878906, 1.45410156, -0.10736084, 1
vb0[378]+008 NORMAL: 0.354330719, 0.866141737, -0.354330719, 0
vb0[378]+012 COLOR: 0.113725491, 0.713725507, 0.737254918, 0.101960786
vb0[378]+016 TEXCOORD: 0.00852966309, 0.388183594
vb0[378]+000 TEXCOORD1: 0.20784314, 0.219607845, 0.819607854, 0.239215687
vb0[378]+000 TEXCOORD2: 0.20784314, 0.219607845, 0.819607854, 0.239215687
vb0[378]+000 TEXCOORD3: 0.20784314, 0.219607845, 0.819607854, 0.239215687

vb0[379]+000 POSITION: 0.127441406, 0.752929688, -0.123413086, 1
vb0[379]+008 NORMAL: 0.173228353, 0.464566916, -0.866141737, 0
vb0[379]+012 COLOR: 0.113725491, 0.713725507, 0.737254918, 0.454901963
vb0[379]+016 TEXCOORD: 0.392089844, 0.388183594
vb0[379]+000 TEXCOORD1: 0.0784313753, 0.188235298, 0.0235294122, 0.227450982
vb0[379]+000 TEXCOORD2: 0.0784313753, 0.188235298, 0.0235294122, 0.227450982
vb0[379]+000 TEXCOORD3: 0.0784313753, 0.188235298, 0.0235294122, 0.227450982

vb0[380]+000 POSITION: 0.428222656, 0.546875, 0.549804688, 1
vb0[380]+008 NORMAL: 0.905511796, 0.181102365, 0.377952754, 0
vb0[380]+012 COLOR: 0.113725491, 0.713725507, 0.737254918, 0.513725519
vb0[380]+016 TEXCOORD: 0.392089844, 0.00441741943
vb0[380]+000 TEXCOORD1: 0.854901969, 0.211764708, 0.376470596, 0.219607845
vb0[380]+000 TEXCOORD2: 0.854901969, 0.211764708, 0.376470596, 0.219607845
vb0[380]+000 TEXCOORD3: 0.854901969, 0.211764708, 0.376470596, 0.219607845

vb0[381]+000 POSITION: 0.826660156, 1.24707031, 0.565917969, 1
vb0[381]+008 NORMAL: 0.685039341, 0.716535449, 0.133858263, 0
vb0[381]+012 COLOR: 0.113725491, 0.713725507, 0.737254918, 0.109803922
vb0[381]+016 TEXCOORD: 0.00852966309, 0.00441741943
vb0[381]+000 TEXCOORD1: 0.615686297, 0.227450982, 0.992156863, 0.235294119
vb0[381]+000 TEXCOORD2: 0.615686297, 0.227450982, 0.992156863, 0.235294119
vb0[381]+000 TEXCOORD3: 0.615686297, 0.227450982, 0.992156863, 0.235294119

vb0[382]+000 POSITION: 0.873535156, 1.45410156, 0.217895508, 1
vb0[382]+008 NORMAL: 0.685039341, 0.716535449, -0.133858263, 0
vb0[382]+012 COLOR: 0.607843161, 0.713725507, 0.0588235296, 0.101960786
vb0[382]+016 TEXCOORD: 0.00852966309, 0.388183594
vb0[382]+000 TEXCOORD1: 0.992156863, 0.227450982, 0.819607854, 0.239215687
vb0[382]+000 TEXCOORD2: 0.992156863, 0.227450982, 0.819607854, 0.239215687
vb0[382]+000 TEXCOORD3: 0.992156863, 0.227450982, 0.819607854, 0.239215687

vb0[383]+000 POSITION: 1.16796875, 0.752929688, -0.0508117676, 1
vb0[383]+008 NORMAL: 0.905511796, 0.181102365, -0.377952754, 0
vb0[383]+012 COLOR: 0.607843161, 0.713725507, 0.0588235296, 0.298039228
vb0[383]+016 TEXCOORD: 0.392089844, 0.388183594
vb0[383]+000 TEXCOORD1: 0.674509823, 0.235294119, 0.0235294122, 0.227450982
vb0[383]+000 TEXCOORD2: 0.674509823, 0.235294119, 0.0235294122, 0.227450982
vb0[383]+000 TEXCOORD3: 0.674509823, 0.235294119, 0.0235294122, 0.227450982

vb0[384]+000 POSITION: 0.481445313, 0.546875, -0.318115234, 1
vb0[384]+008 NORMAL: 0.543307066, 0.181102365, -0.818897665, 0
vb0[384]+012 COLOR: 0.607843161, 0.713725507, 0.0588235296, 0.639215708
vb0[384]+016 TEXCOORD: 0.392089844, 0.00441741943
vb0[384]+000 TEXCOORD1: 0.70588237, 0.215686277, 0.376470596, 0.219607845
vb0[384]+000 TEXCOORD2: 0.70588237, 0.215686277, 0.376470596, 0.219607845
vb0[384]+000 TEXCOORD3: 0.70588237, 0.215686277, 0.376470596, 0.219607845

vb0[385]+000 POSITION: 0.186645508, 1.24707031, -0.0494384766, 1
vb0[385]+008 NORMAL: 0.188976377, 0.866141737, -0.464566916, 0
vb0[385]+012 COLOR: 0.607843161, 0.713725507, 0.0588235296, 0.188235298
vb0[385]+016 TEXCOORD: 0.00852966309, 0.00441741943
vb0[385]+000 TEXCOORD1: 0.97647059, 0.192156866, 0.992156863, 0.235294119
vb0[385]+000 TEXCOORD2: 0.97647059, 0.192156866, 0.992156863, 0.235294119
vb0[385]+000 TEXCOORD3: 0.97647059, 0.192156866, 0.992156863, 0.235294119

vb0[386]+000 POSITION: -0.0895996094, 1.99902344, -0.481201172, 1
vb0[386]+008 NORMAL: -0.0944881886, 0.866141737, -0.496062994, 0
vb0[386]+012 COLOR: 0.733333349, 0.811764717, 0.811764717, 0.454901963
vb0[386]+016 TEXCOORD: 0.00852966309, 0.388183594
vb0[386]+000 TEXCOORD1: 0.737254918, 0.678431392, 1, 0.247058824
vb0[386]+000 TEXCOORD2: 0.737254918, 0.678431392, 1, 0.247058824
vb0[386]+000 TEXCOORD3: 0.737254918, 0.678431392, 1, 0.247058824

vb0[387]+000 POSITION: -0.484375, 1.63574219, 0.182373047, 1
vb0[387]+008 NORMAL: -0.314960629, 0.937007844, -0.133858263, 0
vb0[387]+012 COLOR: 0.733333349, 0.811764717, 0.811764717, 0.376470596
vb0[387]+016 TEXCOORD: 0.392089844, 0.388183594
vb0[387]+000 TEXCOORD1: 0.752941191, 0.717647076, 0.545098066, 0.243137255
vb0[387]+000 TEXCOORD2: 0.752941191, 0.717647076, 0.545098066, 0.243137255
vb0[387]+000 TEXCOORD3: 0.752941191, 0.717647076, 0.545098066, 0.243137255

vb0[388]+000 POSITION: 0.146606445, 1.0703125, 0.274414063, 1
vb0[388]+008 NORMAL: 0.125984251, 0.984251976, -0.125984251, 0
vb0[388]+012 COLOR: 0.733333349, 0.811764717, 0.811764717, 0.313725501
vb0[388]+016 TEXCOORD: 0.392089844, 0.00441741943
vb0[388]+000 TEXCOORD1: 0.694117665, 0.188235298, 0.282352954, 0.235294119
vb0[388]+000 TEXCOORD2: 0.694117665, 0.188235298, 0.282352954, 0.235294119
vb0[388]+000 TEXCOORD3: 0.694117665, 0.188235298, 0.282352954, 0.235294119

vb0[389]+000 POSITION: 0.541503906, 1.43261719, -0.389160156, 1
vb0[389]+008 NORMAL: 0.385826766, 0.716535449, -0.582677186, 0
vb0[389]+012 COLOR: 0.733333349, 0.811764717, 0.811764717, 0.764705896
vb0[389]+016 TEXCOORD: 0.00852966309, 0.00441741943
vb0[389]+000 TEXCOORD1: 0.333333343, 0.219607845, 0.733333349, 0.239215687
vb0[389]+000 TEXCOORD2: 0.333333343, 0.219607845, 0.733333349, 0.239215687
vb0[389]+000 TEXCOORD3: 0.333333343, 0.219607845, 0.733333349, 0.239215687

vb0[390]+000 POSITION: 0.220581055, 1.9921875, -0.0114364624, 1
vb0[390]+008 NORMAL: 0.0629921257, 0.984251976, -0.157480314, 0
vb0[390]+012 COLOR: 0.87843138, 0.639215708, 0.203921571, 0.937254906
vb0[390]+016 TEXCOORD: 0.00852966309, 0.388183594
vb0[390]+000 TEXCOORD1: 0.0588235296, 0.200000003, 0.972549021, 0.247058824
vb0[390]+000 TEXCOORD2: 0.0588235296, 0.200000003, 0.972549021, 0.247058824
vb0[390]+000 TEXCOORD3: 0.0588235296, 0.200000003, 0.972549021, 0.247058824

vb0[391]+000 POSITION: 0.40234375, 1.21972656, -0.14465332, 1
vb0[391]+008 NORMAL: 0.385826766, 0.716535449, -0.582677186, 0
vb0[391]+012 COLOR: 0.87843138, 0.639215708, 0.203921571, 0.172549024
vb0[391]+016 TEXCOORD: 0.392089844, 0.388183594
vb0[391]+000 TEXCOORD1: 0.43921569, 0.211764708, 0.882352948, 0.235294119
vb0[391]+000 TEXCOORD2: 0.43921569, 0.211764708, 0.882352948, 0.235294119
vb0[391]+000 TEXCOORD3: 0.43921569, 0.211764708, 0.882352948, 0.235294119

vb0[392]+000 POSITION: -0.0629882813, 1.21777344, -0.734863281, 1
vb0[392]+008 NORMAL: 0, 0.464566916, -0.88188976, 0
vb0[392]+012 COLOR: 0.87843138, 0.639215708, 0.203921571, 0.101960786
vb0[392]+016 TEXCOORD: 0.392089844, 0.00441741943
vb0[392]+000 TEXCOORD1: 0.0313725509, 0.674509823, 0.874509811, 0.235294119
vb0[392]+000 TEXCOORD2: 0.0313725509, 0.674509823, 0.874509811, 0.235294119
vb0[392]+000 TEXCOORD3: 0.0313725509, 0.674509823, 0.874509811, 0.235294119

vb0[393]+000 POSITION: -0.244873047, 1.99023438, -0.6015625, 1
vb0[393]+008 NORMAL: -0.0944881886, 0.866141737, -0.496062994, 0
vb0[393]+012 COLOR: 0.87843138, 0.639215708, 0.203921571, 0.968627453
vb0[393]+016 TEXCOORD: 0.00852966309, 0.00441741943
vb0[393]+000 TEXCOORD1: 0.839215696, 0.701960802, 0.964705884, 0.247058824
vb0[393]+000 TEXCOORD2: 0.839215696, 0.701960802, 0.964705884, 0.247058824
vb0[393]+000 TEXCOORD3: 0.839215696, 0.701960802, 0.964705884, 0.247058824

vb0[394]+000 POSITION: -1.17773438, 1.10351563, 0.317626953, 1
vb0[394]+008 NORMAL: -0.88188976, 0.464566916, 0, 0
vb0[394]+012 COLOR: 0.219607845, 0.709803939, 0.854901969, 0.486274511
vb0[394]+016 TEXCOORD: 0.00852966309, 0.388183594
vb0[394]+000 TEXCOORD1: 0.713725507, 0.737254918, 0.41568628, 0.235294119
vb0[394]+000 TEXCOORD2: 0.713725507, 0.737254918, 0.41568628, 0.235294119
vb0[394]+000 TEXCOORD3: 0.713725507, 0.737254918, 0.41568628, 0.235294119

vb0[395]+000 POSITION: -1.05664063, 0.448730469, 0.802734375, 1
vb0[395]+008 NORMAL: -0.913385808, -0.149606302, 0.377952754, 0
vb0[395]+012 COLOR: 0.219607845, 0.709803939, 0.854901969, 0.968627453
vb0[395]+016 TEXCOORD: 0.392089844, 0.388183594
vb0[395]+000 TEXCOORD1: 0.227450982, 0.737254918, 0.180392161, 0.215686277
vb0[395]+000 TEXCOORD2: 0.227450982, 0.737254918, 0.180392161, 0.215686277
vb0[395]+000 TEXCOORD3: 0.227450982, 0.737254918, 0.180392161, 0.215686277

vb0[396]+000 POSITION: -0.416992188, 0.831542969, 1.08398438, 1
vb0[396]+008 NORMAL: -0.488188982, 0.464566916, 0.732283473, 0
vb0[396]+012 COLOR: 0.219607845, 0.709803939, 0.854901969, 0.141176477
vb0[396]+016 TEXCOORD: 0.392089844, 0.00441741943
vb0[396]+000 TEXCOORD1: 0.674509823, 0.713725507, 0.654901981, 0.227450982
vb0[396]+000 TEXCOORD2: 0.674509823, 0.713725507, 0.654901981, 0.227450982
vb0[396]+000 TEXCOORD3: 0.674509823, 0.713725507, 0.654901981, 0.227450982

vb0[397]+000 POSITION: -0.538085938, 1.48632813, 0.599121094, 1
vb0[397]+008 NORMAL: -0.464566916, 0.866141737, 0.188976377, 0
vb0[397]+012 COLOR: 0.219607845, 0.709803939, 0.854901969, 0.101960786
vb0[397]+016 TEXCOORD: 0.00852966309, 0.00441741943
vb0[397]+000 TEXCOORD1: 0.305882365, 0.721568644, 0.949019611, 0.239215687
vb0[397]+000 TEXCOORD2: 0.305882365, 0.721568644, 0.949019611, 0.239215687
vb0[397]+000 TEXCOORD3: 0.305882365, 0.721568644, 0.949019611, 0.239215687

vb0[398]+000 POSITION: -0.305908203, 2.2109375, -0.00947570801, 1
vb0[398]+008 NORMAL: -0.0944881886, 0.984251976, -0.14173229, 0
vb0[398]+012 COLOR: 0.200000003, 0.788235307, 0.772549033, 0.968627453
vb0[398]+016 TEXCOORD: 0.00852966309, 0.388183594
vb0[398]+000 TEXCOORD1: 0.898039222, 0.70588237, 0.423529416, 0.250980407
vb0[398]+000 TEXCOORD2: 0.898039222, 0.70588237, 0.423529416, 0.250980407
vb0[398]+000 TEXCOORD3: 0.898039222, 0.70588237, 0.423529416, 0.250980407

vb0[399]+000 POSITION: -0.975097656, 1.70507813, -0.2109375, 1
vb0[399]+008 NORMAL: -0.582677186, 0.716535449, -0.385826766, 0
vb0[399]+012 COLOR: 0.200000003, 0.788235307, 0.772549033, 0.407843143
vb0[399]+016 TEXCOORD: 0.392089844, 0.388183594
vb0[399]+000 TEXCOORD1: 0.80392158, 0.733333349, 0.823529422, 0.243137255
vb0[399]+000 TEXCOORD2: 0.80392158, 0.733333349, 0.823529422, 0.243137255
vb0[399]+000 TEXCOORD3: 0.80392158, 0.733333349, 0.823529422, 0.243137255

vb0[400]+000 POSITION: -0.838378906, 1.2109375, 0.462646484, 1
vb0[400]+008 NORMAL: -0.700787425, 0.716535449, 0, 0
vb0[400]+012 COLOR: 0.200000003, 0.788235307, 0.772549033, 0.188235298
vb0[400]+016 TEXCOORD: 0.392089844, 0.00441741943
vb0[400]+000 TEXCOORD1: 0.709803939, 0.729411781, 0.847058833, 0.235294119
vb0[400]+000 TEXCOORD2: 0.709803939, 0.729411781, 0.847058833, 0.235294119
vb0[400]+000 TEXCOORD3: 0.709803939, 0.729411781, 0.847058833, 0.235294119

vb0[401]+000 POSITION: -0.169311523, 1.71582031, 0.6640625, 1
vb0[401]+008 NORMAL: -0.0944881886, 0.984251976, 0.14173229, 0
vb0[401]+012 COLOR: 0.200000003, 0.788235307, 0.772549033, 0.937254906
vb0[401]+016 TEXCOORD: 0.00852966309, 0.00441741943
vb0[401]+000 TEXCOORD1: 0.419607848, 0.694117665, 0.866666675, 0.243137255
vb0[401]+000 TEXCOORD2: 0.419607848, 0.694117665, 0.866666675, 0.243137255
vb0[401]+000 TEXCOORD3: 0.419607848, 0.694117665, 0.866666675, 0.243137255

vb0[402]+000 POSITION: -0.530273438, 1.35839844, 0.313964844, 1
vb0[402]+008 NORMAL: -0.496062994, 0.866141737, -0.0944881886, 0
vb0[402]+012 COLOR: 0.70588237, 0.894117653, 0.725490212, 0.101960786
vb0[402]+016 TEXCOORD: 0.00852966309, 0.388183594
vb0[402]+000 TEXCOORD1: 0.243137255, 0.721568644, 0.435294122, 0.239215687
vb0[402]+000 TEXCOORD2: 0.243137255, 0.721568644, 0.435294122, 0.239215687
vb0[402]+000 TEXCOORD3: 0.243137255, 0.721568644, 0.435294122, 0.239215687

vb0[403]+000 POSITION: -0.793945313, 1.13183594, 0.95703125, 1
vb0[403]+008 NORMAL: -0.732283473, 0.464566916, 0.488188982, 0
vb0[403]+012 COLOR: 0.70588237, 0.894117653, 0.725490212, 0.43921569
vb0[403]+016 TEXCOORD: 0.392089844, 0.388183594
vb0[403]+000 TEXCOORD1: 0.352941185, 0.729411781, 0.529411793, 0.235294119
vb0[403]+000 TEXCOORD2: 0.352941185, 0.729411781, 0.529411793, 0.235294119
vb0[403]+000 TEXCOORD3: 0.352941185, 0.729411781, 0.529411793, 0.235294119

vb0[404]+000 POSITION: -0.188964844, 0.747070313, 1.07617188, 1
vb0[404]+008 NORMAL: -0.173228353, 0.464566916, 0.866141737, 0
vb0[404]+012 COLOR: 0.70588237, 0.894117653, 0.725490212, 0.360784322
vb0[404]+016 TEXCOORD: 0.392089844, 0.00441741943
vb0[404]+000 TEXCOORD1: 0.0470588244, 0.698039234, 0.980392158, 0.223529413
vb0[404]+000 TEXCOORD2: 0.0470588244, 0.698039234, 0.980392158, 0.223529413
vb0[404]+000 TEXCOORD3: 0.0470588244, 0.698039234, 0.980392158, 0.223529413

vb0[405]+000 POSITION: 0.0748901367, 0.973632813, 0.433105469, 1
vb0[405]+008 NORMAL: 0.14173229, 0.984251976, 0.0944881886, 0
vb0[405]+012 COLOR: 0.70588237, 0.894117653, 0.725490212, 0.156862751
vb0[405]+016 TEXCOORD: 0.00852966309, 0.00441741943
vb0[405]+000 TEXCOORD1: 0.796078444, 0.172549024, 0.792156875, 0.23137255
vb0[405]+000 TEXCOORD2: 0.796078444, 0.172549024, 0.792156875, 0.23137255
vb0[405]+000 TEXCOORD3: 0.796078444, 0.172549024, 0.792156875, 0.23137255

vb0[406]+000 POSITION: -0.0495910645, 1.67578125, -0.364746094, 1
vb0[406]+008 NORMAL: 0, 0.866141737, -0.503937006, 0
vb0[406]+012 COLOR: 0.505882382, 0.917647064, 0.776470602, 0.101960786
vb0[406]+016 TEXCOORD: 0.00852966309, 0.388183594
vb0[406]+000 TEXCOORD1: 0.349019617, 0.666666687, 0.70588237, 0.243137255
vb0[406]+000 TEXCOORD2: 0.349019617, 0.666666687, 0.70588237, 0.243137255
vb0[406]+000 TEXCOORD3: 0.349019617, 0.666666687, 0.70588237, 0.243137255

vb0[407]+000 POSITION: -0.275390625, 1.21972656, 0.327148438, 1
vb0[407]+008 NORMAL: -0.330708653, 0.937007844, -0.0629921257, 0
vb0[407]+012 COLOR: 0.505882382, 0.917647064, 0.776470602, 0.250980407
vb0[407]+016 TEXCOORD: 0.392089844, 0.388183594
vb0[407]+000 TEXCOORD1: 0.407843143, 0.70588237, 0.882352948, 0.235294119
vb0[407]+000 TEXCOORD2: 0.407843143, 0.70588237, 0.882352948, 0.235294119
vb0[407]+000 TEXCOORD3: 0.407843143, 0.70588237, 0.882352948, 0.235294119

vb0[408]+000 POSITION: 0.525390625, 1.09375, 0.502929688, 1
vb0[408]+008 NORMAL: 0.496062994, 0.866141737, 0.0944881886, 0
vb0[408]+012 COLOR: 0.505882382, 0.917647064, 0.776470602, 0.172549024
vb0[408]+016 TEXCOORD: 0.392089844, 0.00441741943
vb0[408]+000 TEXCOORD1: 0.203921571, 0.219607845, 0.376470596, 0.235294119
vb0[408]+000 TEXCOORD2: 0.203921571, 0.219607845, 0.376470596, 0.235294119
vb0[408]+000 TEXCOORD3: 0.203921571, 0.219607845, 0.376470596, 0.235294119

vb0[409]+000 POSITION: 0.750976563, 1.54980469, -0.188964844, 1
vb0[409]+008 NORMAL: 0.582677186, 0.716535449, -0.385826766, 0
vb0[409]+012 COLOR: 0.505882382, 0.917647064, 0.776470602, 0.313725501
vb0[409]+016 TEXCOORD: 0.00852966309, 0.00441741943
vb0[409]+000 TEXCOORD1: 0.00784313772, 0.227450982, 0.200000003, 0.243137255
vb0[409]+000 TEXCOORD2: 0.00784313772, 0.227450982, 0.200000003, 0.243137255
vb0[409]+000 TEXCOORD3: 0.00784313772, 0.227450982, 0.200000003, 0.243137255

vb0[410]+000 POSITION: -0.848144531, 1.88183594, -0.226318359, 1
vb0[410]+008 NORMAL: -0.417322844, 0.866141737, -0.283464581, 0
vb0[410]+012 COLOR: 0.521568656, 0.478431374, 1, 0.968627453
vb0[410]+016 TEXCOORD: 0.00852966309, 0.388183594
vb0[410]+000 TEXCOORD1: 0.788235307, 0.729411781, 0.529411793, 0.247058824
vb0[410]+000 TEXCOORD2: 0.788235307, 0.729411781, 0.529411793, 0.247058824
vb0[410]+000 TEXCOORD3: 0.788235307, 0.729411781, 0.529411793, 0.247058824

vb0[411]+000 POSITION: -1.43359375, 1.57128906, -0.212646484, 1
vb0[411]+008 NORMAL: -0.818897665, 0.464566916, -0.338582665, 0
vb0[411]+012 COLOR: 0.521568656, 0.478431374, 1, 0.968627453
vb0[411]+016 TEXCOORD: 0.392089844, 0.388183594
vb0[411]+000 TEXCOORD1: 0.737254918, 0.741176486, 0.286274523, 0.243137255
vb0[411]+000 TEXCOORD2: 0.737254918, 0.741176486, 0.286274523, 0.243137255
vb0[411]+000 TEXCOORD3: 0.737254918, 0.741176486, 0.286274523, 0.243137255

vb0[412]+000 POSITION: -1.14257813, 0.960449219, -0.252685547, 1
vb0[412]+008 NORMAL: -0.732283473, 0.464566916, -0.488188982, 0
vb0[412]+012 COLOR: 0.521568656, 0.478431374, 1, 0.952941179
vb0[412]+016 TEXCOORD: 0.392089844, 0.00441741943
vb0[412]+000 TEXCOORD1: 0.572549045, 0.737254918, 0.686274529, 0.23137255
vb0[412]+000 TEXCOORD2: 0.572549045, 0.737254918, 0.686274529, 0.23137255
vb0[412]+000 TEXCOORD3: 0.572549045, 0.737254918, 0.686274529, 0.23137255

vb0[413]+000 POSITION: -0.556640625, 1.27148438, -0.266357422, 1
vb0[413]+008 NORMAL: -0.496062994, 0.716535449, -0.496062994, 0
vb0[413]+012 COLOR: 0.521568656, 0.478431374, 1, 0.686274529
vb0[413]+016 TEXCOORD: 0.00852966309, 0.00441741943
vb0[413]+000 TEXCOORD1: 0.454901963, 0.721568644, 0.0862745121, 0.239215687
vb0[413]+000 TEXCOORD2: 0.454901963, 0.721568644, 0.0862745121, 0.239215687
vb0[413]+000 TEXCOORD3: 0.454901963, 0.721568644, 0.0862745121, 0.239215687

vb0[414]+000 POSITION: -0.829589844, 0.374511719, -0.623535156, 1
vb0[414]+008 NORMAL: -0.700787425, -0.149606302, -0.700787425, 0
vb0[414]+012 COLOR: 0.00392156886, 0.513725519, 0.552941203, 0.968627453
vb0[414]+016 TEXCOORD: 0.00852966309, 0.388183594
vb0[414]+000 TEXCOORD1: 0.639215708, 0.729411781, 0.996078432, 0.20784314
vb0[414]+000 TEXCOORD2: 0.639215708, 0.729411781, 0.996078432, 0.20784314
vb0[414]+000 TEXCOORD3: 0.639215708, 0.729411781, 0.996078432, 0.20784314

vb0[415]+000 POSITION: -0.747070313, 0.504882813, 0.134399414, 1
vb0[415]+008 NORMAL: -0.913385808, -0.149606302, -0.377952754, 0
vb0[415]+012 COLOR: 0.00392156886, 0.513725519, 0.552941203, 0.843137264
vb0[415]+016 TEXCOORD: 0.392089844, 0.388183594
vb0[415]+000 TEXCOORD1: 0.980392158, 0.725490212, 0.0392156877, 0.219607845
vb0[415]+000 TEXCOORD2: 0.980392158, 0.725490212, 0.0392156877, 0.219607845
vb0[415]+000 TEXCOORD3: 0.980392158, 0.725490212, 0.0392156877, 0.219607845

vb0[416]+000 POSITION: -0.737304688, 1.31347656, 0.00598907471, 1
vb0[416]+008 NORMAL: -0.645669281, 0.716535449, -0.267716527, 0
vb0[416]+012 COLOR: 0.00392156886, 0.513725519, 0.552941203, 0.101960786
vb0[416]+016 TEXCOORD: 0.392089844, 0.00441741943
vb0[416]+000 TEXCOORD1: 0.90196079, 0.725490212, 0.254901975, 0.239215687
vb0[416]+000 TEXCOORD2: 0.90196079, 0.725490212, 0.254901975, 0.239215687
vb0[416]+000 TEXCOORD3: 0.90196079, 0.725490212, 0.254901975, 0.239215687

vb0[417]+000 POSITION: -0.819824219, 1.18359375, -0.751953125, 1
vb0[417]+008 NORMAL: -0.488188982, 0.464566916, -0.732283473, 0
vb0[417]+012 COLOR: 0.00392156886, 0.513725519, 0.552941203, 0.376470596
vb0[417]+016 TEXCOORD: 0.00852966309, 0.00441741943
vb0[417]+000 TEXCOORD1: 0.56078434, 0.729411781, 0.737254918, 0.235294119
vb0[417]+000 TEXCOORD2: 0.56078434, 0.729411781, 0.737254918, 0.235294119
vb0[417]+000 TEXCOORD3: 0.56078434, 0.729411781, 0.737254918, 0.235294119

vb0[418]+000 POSITION: -0.640136719, 0.276123047, -0.78515625, 1
vb0[418]+008 NORMAL: -0.551181078, -0.149606302, -0.818897665, 0
vb0[418]+012 COLOR: 0.258823544, 0.556862772, 0.0666666701, 0.968627453
vb0[418]+016 TEXCOORD: 0.00852966309, 0.388183594
vb0[418]+000 TEXCOORD1: 0.121568628, 0.725490212, 0.419607848, 0.203921571
vb0[418]+000 TEXCOORD2: 0.121568628, 0.725490212, 0.419607848, 0.203921571
vb0[418]+000 TEXCOORD3: 0.121568628, 0.725490212, 0.419607848, 0.203921571

vb0[419]+000 POSITION: -1.01660156, 0.922851563, -0.487304688, 1
vb0[419]+008 NORMAL: -0.692913413, 0.181102365, -0.692913413, 0
vb0[419]+012 COLOR: 0.258823544, 0.556862772, 0.0666666701, 0.654901981
vb0[419]+016 TEXCOORD: 0.392089844, 0.388183594
vb0[419]+000 TEXCOORD1: 0.0666666701, 0.737254918, 0.384313732, 0.23137255
vb0[419]+000 TEXCOORD2: 0.0666666701, 0.737254918, 0.384313732, 0.23137255
vb0[419]+000 TEXCOORD3: 0.0666666701, 0.737254918, 0.384313732, 0.23137255

vb0[420]+000 POSITION: -0.457519531, 1.41796875, -0.734375, 1
vb0[420]+008 NORMAL: -0.267716527, 0.716535449, -0.645669281, 0
vb0[420]+012 COLOR: 0.258823544, 0.556862772, 0.0666666701, 0.109803922
vb0[420]+016 TEXCOORD: 0.392089844, 0.00441741943
vb0[420]+000 TEXCOORD1: 0.321568638, 0.717647076, 0.674509823, 0.239215687
vb0[420]+000 TEXCOORD2: 0.321568638, 0.717647076, 0.674509823, 0.239215687
vb0[420]+000 TEXCOORD3: 0.321568638, 0.717647076, 0.674509823, 0.239215687

vb0[421]+000 POSITION: -0.0807495117, 0.771972656, -1.03222656, 1
vb0[421]+008 NORMAL: 0, 0.181102365, -0.984251976, 0
vb0[421]+012 COLOR: 0.258823544, 0.556862772, 0.0666666701, 0.607843161
vb0[421]+016 TEXCOORD: 0.00852966309, 0.00441741943
vb0[421]+000 TEXCOORD1: 0.168627456, 0.678431392, 0.176470593, 0.227450982
vb0[421]+000 TEXCOORD2: 0.168627456, 0.678431392, 0.176470593, 0.227450982
vb0[421]+000 TEXCOORD3: 0.168627456, 0.678431392, 0.176470593, 0.227450982

vb0[422]+000 POSITION: 0.292724609, 1.71582031, -0.586914063, 1
vb0[422]+008 NORMAL: 0.133858263, 0.716535449, -0.685039341, 0
vb0[422]+012 COLOR: 0.250980407, 0.113725491, 0.305882365, 0.858823538
vb0[422]+016 TEXCOORD: 0.00852966309, 0.388183594
vb0[422]+000 TEXCOORD1: 0.686274529, 0.203921571, 0.866666675, 0.243137255
vb0[422]+000 TEXCOORD2: 0.686274529, 0.203921571, 0.866666675, 0.243137255
vb0[422]+000 TEXCOORD3: 0.686274529, 0.203921571, 0.866666675, 0.243137255

vb0[423]+000 POSITION: 0.420166016, 1.21875, 0.236938477, 1
vb0[423]+008 NORMAL: 0.314960629, 0.937007844, -0.133858263, 0
vb0[423]+012 COLOR: 0.250980407, 0.113725491, 0.305882365, 0.811764717
vb0[423]+016 TEXCOORD: 0.392089844, 0.388183594
vb0[423]+000 TEXCOORD1: 0.725490212, 0.211764708, 0.87843138, 0.235294119
vb0[423]+000 TEXCOORD2: 0.725490212, 0.211764708, 0.87843138, 0.235294119
vb0[423]+000 TEXCOORD3: 0.725490212, 0.211764708, 0.87843138, 0.235294119

vb0[424]+000 POSITION: -0.393310547, 1.55664063, 0.601074219, 1
vb0[424]+008 NORMAL: -0.314960629, 0.937007844, 0.133858263, 0
vb0[424]+012 COLOR: 0.250980407, 0.113725491, 0.305882365, 0.101960786
vb0[424]+016 TEXCOORD: 0.392089844, 0.00441741943
vb0[424]+000 TEXCOORD1: 0.294117659, 0.713725507, 0.227450982, 0.243137255
vb0[424]+000 TEXCOORD2: 0.294117659, 0.713725507, 0.227450982, 0.243137255
vb0[424]+000 TEXCOORD3: 0.294117659, 0.713725507, 0.227450982, 0.243137255

vb0[425]+000 POSITION: -0.520996094, 2.05273438, -0.22277832, 1
vb0[425]+008 NORMAL: -0.244094491, 0.937007844, -0.244094491, 0
vb0[425]+012 COLOR: 0.250980407, 0.113725491, 0.305882365, 0.811764717
vb0[425]+016 TEXCOORD: 0.00852966309, 0.00441741943
vb0[425]+000 TEXCOORD1: 0.168627456, 0.721568644, 0.105882354, 0.250980407
vb0[425]+000 TEXCOORD2: 0.168627456, 0.721568644, 0.105882354, 0.250980407
vb0[425]+000 TEXCOORD3: 0.168627456, 0.721568644, 0.105882354, 0.250980407

vb0[426]+000 POSITION: -0.938964844, 0.833007813, -0.304931641, 1
vb0[426]+008 NORMAL: -0.818897665, 0.181102365, -0.543307066, 0
vb0[426]+012 COLOR: 0.0196078438, 0.596078455, 0.596078455, 0.701960802
vb0[426]+016 TEXCOORD: 0.00852966309, 0.388183594
vb0[426]+000 TEXCOORD1: 0.513725519, 0.733333349, 0.666666687, 0.227450982
vb0[426]+000 TEXCOORD2: 0.513725519, 0.733333349, 0.666666687, 0.227450982
vb0[426]+000 TEXCOORD3: 0.513725519, 0.733333349, 0.666666687, 0.227450982

vb0[427]+000 POSITION: -0.770507813, 0.923339844, 0.444335938, 1
vb0[427]+008 NORMAL: -0.88188976, 0.464566916, 0, 0
vb0[427]+012 COLOR: 0.0196078438, 0.596078455, 0.596078455, 0.407843143
vb0[427]+016 TEXCOORD: 0.392089844, 0.388183594
vb0[427]+000 TEXCOORD1: 0.164705887, 0.729411781, 0.388235301, 0.23137255
vb0[427]+000 TEXCOORD2: 0.164705887, 0.729411781, 0.388235301, 0.23137255
vb0[427]+000 TEXCOORD3: 0.164705887, 0.729411781, 0.388235301, 0.23137255

vb0[428]+000 POSITION: -0.630859375, 1.72265625, 0.328613281, 1
vb0[428]+008 NORMAL: -0.330708653, 0.937007844, -0.0629921257, 0
vb0[428]+012 COLOR: 0.0196078438, 0.596078455, 0.596078455, 0.811764717
vb0[428]+016 TEXCOORD: 0.392089844, 0.00441741943
vb0[428]+000 TEXCOORD1: 0.0470588244, 0.725490212, 0.894117653, 0.243137255
vb0[428]+000 TEXCOORD2: 0.0470588244, 0.725490212, 0.894117653, 0.243137255
vb0[428]+000 TEXCOORD3: 0.0470588244, 0.725490212, 0.894117653, 0.243137255

vb0[429]+000 POSITION: -0.799316406, 1.63183594, -0.420654297, 1
vb0[429]+008 NORMAL: -0.496062994, 0.716535449, -0.496062994, 0
vb0[429]+012 COLOR: 0.0196078438, 0.596078455, 0.596078455, 0.219607845
vb0[429]+016 TEXCOORD: 0.00852966309, 0.00441741943
vb0[429]+000 TEXCOORD1: 0.396078438, 0.729411781, 0.529411793, 0.243137255
vb0[429]+000 TEXCOORD2: 0.396078438, 0.729411781, 0.529411793, 0.243137255
vb0[429]+000 TEXCOORD3: 0.396078438, 0.729411781, 0.529411793, 0.243137255

vb0[430]+000 POSITION: 0.20690918, 0.850585938, 0.446533203, 1
vb0[430]+008 NORMAL: 0.188976377, 0.842519701, 0.503937006, 0
vb0[430]+012 COLOR: 0.854901969, 0.274509817, 0.772549033, 0.101960786
vb0[430]+016 TEXCOORD: 0.067565918, 0.971679688
vb0[430]+000 TEXCOORD1: 0.623529434, 0.196078435, 0.807843149, 0.227450982
vb0[430]+000 TEXCOORD2: 0.623529434, 0.196078435, 0.807843149, 0.227450982
vb0[430]+000 TEXCOORD3: 0.623529434, 0.196078435, 0.807843149, 0.227450982

vb0[431]+000 POSITION: 0.12512207, 0.479003906, 0.24621582, 1
vb0[431]+008 NORMAL: -0.0314960629, -0.40157479, 0.913385808, 0
vb0[431]+012 COLOR: 0.600000024, 0.305882365, 0.949019611, 0.607843161
vb0[431]+016 TEXCOORD: 0.0521240234, 0.971191406
vb0[431]+000 TEXCOORD1: 0.00392156886, 0.188235298, 0.666666687, 0.215686277
vb0[431]+000 TEXCOORD2: 0.00392156886, 0.188235298, 0.666666687, 0.215686277
vb0[431]+000 TEXCOORD3: 0.00392156886, 0.188235298, 0.666666687, 0.215686277

vb0[432]+000 POSITION: 0.142456055, 0.487792969, 0.230712891, 1
vb0[432]+008 NORMAL: 1, -0.0314960629, -0.0866141766, 0
vb0[432]+012 COLOR: 0.858823538, 0.329411775, 0.80392158, 0.329411775
vb0[432]+016 TEXCOORD: 0.0498352051, 0.963867188
vb0[432]+000 TEXCOORD1: 0.56078434, 0.188235298, 0.807843149, 0.215686277
vb0[432]+000 TEXCOORD2: 0.56078434, 0.188235298, 0.807843149, 0.215686277
vb0[432]+000 TEXCOORD3: 0.56078434, 0.188235298, 0.807843149, 0.215686277

vb0[433]+000 POSITION: 0.163574219, -0.0496826172, 0.020111084, 1
vb0[433]+008 NORMAL: 1, 0.0393700786, 0, 0
vb0[433]+012 COLOR: 0.847058833, 0.380392164, 0.839215696, 0.772549033
vb0[433]+016 TEXCOORD: 0.00555801392, 0.962402344
vb0[433]+000 TEXCOORD1: 0.235294119, 0.192156866, 0.360784322, 0.666666687
vb0[433]+000 TEXCOORD2: 0.235294119, 0.192156866, 0.360784322, 0.666666687
vb0[433]+000 TEXCOORD3: 0.235294119, 0.192156866, 0.360784322, 0.666666687

vb0[434]+000 POSITION: 0.127685547, -0.0598449707, 0.0514831543, 1
vb0[434]+008 NORMAL: 0.0314960629, -0.338582665, 0.937007844, 0
vb0[434]+012 COLOR: 0.352941185, 0.337254912, 0.949019611, 0.843137264
vb0[434]+016 TEXCOORD: 0.00787353516, 0.969238281
vb0[434]+000 TEXCOORD1: 0.0862745121, 0.188235298, 0.662745118, 0.670588255
vb0[434]+000 TEXCOORD2: 0.0862745121, 0.188235298, 0.662745118, 0.670588255
vb0[434]+000 TEXCOORD3: 0.0862745121, 0.188235298, 0.662745118, 0.670588255

vb0[435]+000 POSITION: 0.108032227, 0.489746094, 0.232666016, 1
vb0[435]+008 NORMAL: -0.992125988, 0.11811024, 0.00787401572, 0
vb0[435]+012 COLOR: 0.0156862754, 0.509803951, 0.619607866, 0.282352954
vb0[435]+016 TEXCOORD: 0.0544433594, 0.978027344
vb0[435]+000 TEXCOORD1: 0.917647064, 0.180392161, 0.839215696, 0.215686277
vb0[435]+000 TEXCOORD2: 0.917647064, 0.180392161, 0.839215696, 0.215686277
vb0[435]+000 TEXCOORD3: 0.917647064, 0.180392161, 0.839215696, 0.215686277

vb0[436]+000 POSITION: 0.20690918, 0.850585938, 0.446533203, 1
vb0[436]+008 NORMAL: 0.188976377, 0.842519701, 0.503937006, 0
vb0[436]+012 COLOR: 0.156862751, 0.388235301, 0.847058833, 0.101960786
vb0[436]+016 TEXCOORD: 0.0698852539, 0.978515625
vb0[436]+000 TEXCOORD1: 0.623529434, 0.196078435, 0.807843149, 0.227450982
vb0[436]+000 TEXCOORD2: 0.623529434, 0.196078435, 0.807843149, 0.227450982
vb0[436]+000 TEXCOORD3: 0.623529434, 0.196078435, 0.807843149, 0.227450982

vb0[437]+000 POSITION: 0.0913696289, -0.0460205078, 0.0216674805, 1
vb0[437]+008 NORMAL: -1, 0.0393700786, -0.0236220472, 0
vb0[437]+012 COLOR: 0.0392156877, 0.580392182, 0.329411775, 0.670588255
vb0[437]+016 TEXCOORD: 0.0101928711, 0.9765625
vb0[437]+000 TEXCOORD1: 0.850980401, 0.176470593, 0.894117653, 0.662745118
vb0[437]+000 TEXCOORD2: 0.850980401, 0.176470593, 0.894117653, 0.662745118
vb0[437]+000 TEXCOORD3: 0.850980401, 0.176470593, 0.894117653, 0.662745118

vb0[438]+000 POSITION: 0.126586914, 0.501953125, 0.220458984, 1
vb0[438]+008 NORMAL: -0.0314960629, 0.488188982, -0.874015749, 0
vb0[438]+012 COLOR: 0.419607848, 0.721568644, 0.0588235296, 0.125490203
vb0[438]+016 TEXCOORD: 0.0569152832, 0.984863281
vb0[438]+000 TEXCOORD1: 0.0509803928, 0.188235298, 0.0156862754, 0.219607845
vb0[438]+000 TEXCOORD2: 0.0509803928, 0.188235298, 0.0156862754, 0.219607845
vb0[438]+000 TEXCOORD3: 0.0509803928, 0.188235298, 0.0156862754, 0.219607845

vb0[439]+000 POSITION: 0.20690918, 0.850585938, 0.446533203, 1
vb0[439]+008 NORMAL: 0.188976377, 0.842519701, 0.503937006, 0
vb0[439]+012 COLOR: 0.160784319, 0.752941191, 0.235294119, 0.101960786
vb0[439]+016 TEXCOORD: 0.0722045898, 0.985839844
vb0[439]+000 TEXCOORD1: 0.623529434, 0.196078435, 0.807843149, 0.227450982
vb0[439]+000 TEXCOORD2: 0.623529434, 0.196078435, 0.807843149, 0.227450982
vb0[439]+000 TEXCOORD3: 0.623529434, 0.196078435, 0.807843149, 0.227450982

vb0[440]+000 POSITION: 0.12902832, -0.037109375, -0.00689697266, 1
vb0[440]+008 NORMAL: 0.0472440943, 0.385826766, -0.92125982, 0
vb0[440]+012 COLOR: 0.650980413, 0.686274529, 0.0627451017, 0.607843161
vb0[440]+016 TEXCOORD: 0.012512207, 0.983398438
vb0[440]+000 TEXCOORD1: 0.129411772, 0.188235298, 0.752941191, 0.65882355
vb0[440]+000 TEXCOORD2: 0.129411772, 0.188235298, 0.752941191, 0.65882355
vb0[440]+000 TEXCOORD3: 0.129411772, 0.188235298, 0.752941191, 0.65882355

vb0[441]+000 POSITION: 0.142456055, 0.487792969, 0.230712891, 1
vb0[441]+008 NORMAL: 1, -0.0314960629, -0.0866141766, 0
vb0[441]+012 COLOR: 0.835294127, 0.643137276, 0.160784319, 0.329411775
vb0[441]+016 TEXCOORD: 0.0591125488, 0.9921875
vb0[441]+000 TEXCOORD1: 0.56078434, 0.188235298, 0.807843149, 0.215686277
vb0[441]+000 TEXCOORD2: 0.56078434, 0.188235298, 0.807843149, 0.215686277
vb0[441]+000 TEXCOORD3: 0.56078434, 0.188235298, 0.807843149, 0.215686277

vb0[442]+000 POSITION: 0.20690918, 0.850585938, 0.446533203, 1
vb0[442]+008 NORMAL: 0.188976377, 0.842519701, 0.503937006, 0
vb0[442]+012 COLOR: 0.843137264, 0.639215708, 0.160784319, 0.101960786
vb0[442]+016 TEXCOORD: 0.0745239258, 0.992675781
vb0[442]+000 TEXCOORD1: 0.623529434, 0.196078435, 0.807843149, 0.227450982
vb0[442]+000 TEXCOORD2: 0.623529434, 0.196078435, 0.807843149, 0.227450982
vb0[442]+000 TEXCOORD3: 0.623529434, 0.196078435, 0.807843149, 0.227450982

vb0[443]+000 POSITION: 0.163574219, -0.0496826172, 0.020111084, 1
vb0[443]+008 NORMAL: 1, 0.0393700786, 0, 0
vb0[443]+012 COLOR: 0.827450991, 0.650980413, 0.152941182, 0.772549033
vb0[443]+016 TEXCOORD: 0.0148391724, 0.990234375
vb0[443]+000 TEXCOORD1: 0.235294119, 0.192156866, 0.360784322, 0.666666687
vb0[443]+000 TEXCOORD2: 0.235294119, 0.192156866, 0.360784322, 0.666666687
vb0[443]+000 TEXCOORD3: 0.235294119, 0.192156866, 0.360784322, 0.666666687
