stride: 40
first vertex: 0
vertex count: 365
topology: pointlist
element[0]:
  SemanticName: POSITION
  SemanticIndex: 0
  Format: R32G32B32_FLOAT
  InputSlot: 0
  AlignedByteOffset: 0
  InputSlotClass: per-vertex
  InstanceDataStepRate: 0
element[1]:
  SemanticName: NORMAL
  SemanticIndex: 0
  Format: R32G32B32_FLOAT
  InputSlot: 0
  AlignedByteOffset: 12
  InputSlotClass: per-vertex
  InstanceDataStepRate: 0
element[2]:
  SemanticName: COLOR
  SemanticIndex: 0
  Format: R8G8B8A8_UNORM
  InputSlot: 0
  AlignedByteOffset: 0
  InputSlotClass: per-vertex
  InstanceDataStepRate: 0
element[3]:
  SemanticName: TEXCOORD
  SemanticIndex: 0
  Format: R8G8B8A8_UNORM
  InputSlot: 0
  AlignedByteOffset: 0
  InputSlotClass: per-vertex
  InstanceDataStepRate: 0
element[4]:
  SemanticName: TEXCOORD
  SemanticIndex: 1
  Format: R8G8B8A8_UNORM
  InputSlot: 0
  AlignedByteOffset: 0
  InputSlotClass: per-vertex
  InstanceDataStepRate: 0
element[5]:
  SemanticName: TEXCOORD
  SemanticIndex: 2
  Format: R8G8B8A8_UNORM
  InputSlot: 0
  AlignedByteOffset: 0
  InputSlotClass: per-vertex
  InstanceDataStepRate: 0
element[6]:
  SemanticName: TEXCOORD
  SemanticIndex: 3
  Format: R8G8B8A8_UNORM
  InputSlot: 0
  AlignedByteOffset: 0
  InputSlotClass: per-vertex
  InstanceDataStepRate: 0
element[7]:
  SemanticName: TANGENT
  SemanticIndex: 0
  Format: R32G32B32A32_FLOAT
  InputSlot: 0
  AlignedByteOffset: 24
  InputSlotClass: per-vertex
  InstanceDataStepRate: 0
element[8]:
  SemanticName: BLENDWEIGHT
  SemanticIndex: 0
  Format: R32G32B32A32_FLOAT
  InputSlot: 1
  AlignedByteOffset: 0
  InputSlotClass: per-vertex
  InstanceDataStepRate: 0
element[9]:
  SemanticName: BLENDINDICES
  SemanticIndex: 0
  Format: R32G32B32A32_SINT
  InputSlot: 1
  AlignedByteOffset: 16
  InputSlotClass: per-vertex
  InstanceDataStepRate: 0

vertex-data:

vb0[0]+000 POSITION: 0.0325938351, -0.0218831543, 0.113122635
vb0[0]+012 NORMAL: -0.334126621, -0.65186739, 0.680755615
vb0[0]+000 COLOR: 0.113725491, 0.505882382, 0.0196078438, 0.239215687
vb0[0]+000 TEXCOORD: 0.113725491, 0.505882382, 0.0196078438, 0.239215687
vb0[0]+000 TEXCOORD1: 0.113725491, 0.505882382, 0.0196078438, 0.239215687
vb0[0]+000 TEXCOORD2: 0.113725491, 0.505882382, 0.0196078438, 0.239215687
vb0[0]+000 TEXCOORD3: 0.113725491, 0.505882382, 0.0196078438, 0.239215687
vb0[0]+024 TANGENT: 0.906760573, -0.419401318, 0.0434500091, -1

vb0[1]+000 POSITION: 0.091324605, 0.09557271, 0.254420251
vb0[1]+012 NORMAL: -0.334126621, -0.65186733, 0.680755615
vb0[1]+000 COLOR: 0.396078438, 0.0313725509, 0.733333349, 0.239215687
vb0[1]+000 TEXCOORD: 0.396078438, 0.0313725509, 0.733333349, 0.239215687
vb0[1]+000 TEXCOORD1: 0.396078438, 0.0313725509, 0.733333349, 0.239215687
vb0[1]+000 TEXCOORD2: 0.396078438, 0.0313725509, 0.733333349, 0.239215687
vb0[1]+000 TEXCOORD3: 0.396078438, 0.0313725509, 0.733333349, 0.239215687
vb0[1]+024 TANGENT: 0.906760573, -0.419401258, 0.0434500352, -1

vb0[2]+000 POSITION: -0.076002866, -0.00777916424, 0.0733269751
vb0[2]+012 NORMAL: -0.334126621, -0.65186733, 0.680755615
vb0[2]+000 COLOR: 0.392156869, 0.654901981, 0.607843161, 0.741176486
vb0[2]+000 TEXCOORD: 0.392156869, 0.654901981, 0.607843161, 0.741176486
vb0[2]+000 TEXCOORD1: 0.392156869, 0.654901981, 0.607843161, 0.741176486
vb0[2]+000 TEXCOORD2: 0.392156869, 0.654901981, 0.607843161, 0.741176486
vb0[2]+000 TEXCOORD3: 0.392156869, 0.654901981, 0.607843161, 0.741176486
vb0[2]+024 TANGENT: 0.906760573, -0.419401348, 0.0434500128, -1

vb0[3]+000 POSITION: 0.0325938351, -0.0218831543, 0.113122635
vb0[3]+012 NORMAL: 0.757353663, -0.621129692, 0.201527536
vb0[3]+000 COLOR: 0.113725491, 0.505882382, 0.0196078438, 0.239215687
vb0[3]+000 TEXCOORD: 0.113725491, 0.505882382, 0.0196078438, 0.239215687
vb0[3]+000 TEXCOORD1: 0.113725491, 0.505882382, 0.0196078438, 0.239215687
vb0[3]+000 TEXCOORD2: 0.113725491, 0.505882382, 0.0196078438, 0.239215687
vb0[3]+000 TEXCOORD3: 0.113725491, 0.505882382, 0.0196078438, 0.239215687
vb0[3]+024 TANGENT: 0.554479063, 0.448681563, -0.700883508, -1

vb0[4]+000 POSITION: 0.0697024539, -0.00999664236, 0.010301535
vb0[4]+012 NORMAL: 0.757353663, -0.621129692, 0.201527536
vb0[4]+000 COLOR: 0.160784319, 0.752941191, 0.556862772, 0.239215687
vb0[4]+000 TEXCOORD: 0.160784319, 0.752941191, 0.556862772, 0.239215687
vb0[4]+000 TEXCOORD1: 0.160784319, 0.752941191, 0.556862772, 0.239215687
vb0[4]+000 TEXCOORD2: 0.160784319, 0.752941191, 0.556862772, 0.239215687
vb0[4]+000 TEXCOORD3: 0.160784319, 0.752941191, 0.556862772, 0.239215687
vb0[4]+024 TANGENT: 0.554479003, 0.448681563, -0.700883508, -1

vb0[5]+000 POSITION: 0.091324605, 0.09557271, 0.254420251
vb0[5]+012 NORMAL: 0.757353663, -0.621129692, 0.201527566
vb0[5]+000 COLOR: 0.396078438, 0.0313725509, 0.733333349, 0.239215687
vb0[5]+000 TEXCOORD: 0.396078438, 0.0313725509, 0.733333349, 0.239215687
vb0[5]+000 TEXCOORD1: 0.396078438, 0.0313725509, 0.733333349, 0.239215687
vb0[5]+000 TEXCOORD2: 0.396078438, 0.0313725509, 0.733333349, 0.239215687
vb0[5]+000 TEXCOORD3: 0.396078438, 0.0313725509, 0.733333349, 0.239215687
vb0[5]+024 TANGENT: 0.554479003, 0.448681533, -0.700883508, -1

vb0[6]+000 POSITION: 0.0226521064, 0.667302787, -0.0118804891
vb0[6]+012 NORMAL: 0.859006286, -0.232068315, 0.456346989
vb0[6]+000 COLOR: 0.913725495, 0.564705908, 0.725490212, 0.235294119
vb0[6]+000 TEXCOORD: 0.913725495, 0.564705908, 0.725490212, 0.235294119
vb0[6]+000 TEXCOORD1: 0.913725495, 0.564705908, 0.725490212, 0.235294119
vb0[6]+000 TEXCOORD2: 0.913725495, 0.564705908, 0.725490212, 0.235294119
vb0[6]+000 TEXCOORD3: 0.913725495, 0.564705908, 0.725490212, 0.235294119
vb0[6]+024 TANGENT: -0.233404532, 0.615824223, 0.75251776, -1

vb0[7]+000 POSITION: -0.0308810268, 0.571326673, 0.0400806181
vb0[7]+012 NORMAL: 0.859006226, -0.2320683, 0.456347018
vb0[7]+000 COLOR: 0.20784314, 0.980392158, 0.988235295, 0.737254918
vb0[7]+000 TEXCOORD: 0.20784314, 0.980392158, 0.988235295, 0.737254918
vb0[7]+000 TEXCOORD1: 0.20784314, 0.980392158, 0.988235295, 0.737254918
vb0[7]+000 TEXCOORD2: 0.20784314, 0.980392158, 0.988235295, 0.737254918
vb0[7]+000 TEXCOORD3: 0.20784314, 0.980392158, 0.988235295, 0.737254918
vb0[7]+024 TANGENT: -0.233404532, 0.615824223, 0.75251776, -1

vb0[8]+000 POSITION: -0.0191815086, 0.567757189, 0.0162427593
vb0[8]+012 NORMAL: 0.859006226, -0.2320683, 0.456347018
vb0[8]+000 COLOR: 0.541176498, 0.13333334, 0.615686297, 0.737254918
vb0[8]+000 TEXCOORD: 0.541176498, 0.13333334, 0.615686297, 0.737254918
vb0[8]+000 TEXCOORD1: 0.541176498, 0.13333334, 0.615686297, 0.737254918
vb0[8]+000 TEXCOORD2: 0.541176498, 0.13333334, 0.615686297, 0.737254918
vb0[8]+000 TEXCOORD3: 0.541176498, 0.13333334, 0.615686297, 0.737254918
vb0[8]+024 TANGENT: -0.233404532, 0.615824282, 0.75251776, -1

vb0[9]+000 POSITION: -0.0442528911, 0.583566666, 0.0077540176
vb0[9]+012 NORMAL: 0.119367599, -0.316067338, -0.941197574
vb0[9]+000 COLOR: 0.521568656, 0.258823544, 0.20784314, 0.741176486
vb0[9]+000 TEXCOORD: 0.521568656, 0.258823544, 0.20784314, 0.741176486
vb0[9]+000 TEXCOORD1: 0.521568656, 0.258823544, 0.20784314, 0.741176486
vb0[9]+000 TEXCOORD2: 0.521568656, 0.258823544, 0.20784314, 0.741176486
vb0[9]+000 TEXCOORD3: 0.521568656, 0.258823544, 0.20784314, 0.741176486
vb0[9]+024 TANGENT: 0.91622591, 0.400248051, -0.0182083622, -1

vb0[10]+000 POSITION: 0.0226521064, 0.667302787, -0.0118804891
vb0[10]+012 NORMAL: 0.119367614, -0.316067368, -0.941197574
vb0[10]+000 COLOR: 0.913725495, 0.564705908, 0.725490212, 0.235294119
vb0[10]+000 TEXCOORD: 0.913725495, 0.564705908, 0.725490212, 0.235294119
vb0[10]+000 TEXCOORD1: 0.913725495, 0.564705908, 0.725490212, 0.235294119
vb0[10]+000 TEXCOORD2: 0.913725495, 0.564705908, 0.725490212, 0.235294119
vb0[10]+000 TEXCOORD3: 0.913725495, 0.564705908, 0.725490212, 0.235294119
vb0[10]+024 TANGENT: 0.91622591, 0.400248021, -0.0182083547, -1

vb0[11]+000 POSITION: -0.0191815086, 0.567757189, 0.0162427593
vb0[11]+012 NORMAL: 0.119367599, -0.316067368, -0.941197574
vb0[11]+000 COLOR: 0.541176498, 0.13333334, 0.615686297, 0.737254918
vb0[11]+000 TEXCOORD: 0.541176498, 0.13333334, 0.615686297, 0.737254918
vb0[11]+000 TEXCOORD1: 0.541176498, 0.13333334, 0.615686297, 0.737254918
vb0[11]+000 TEXCOORD2: 0.541176498, 0.13333334, 0.615686297, 0.737254918
vb0[11]+000 TEXCOORD3: 0.541176498, 0.13333334, 0.615686297, 0.737254918
vb0[11]+024 TANGENT: 0.91622591, 0.400248051, -0.0182083603, -1

vb0[12]+000 POSITION: -0.0469130427, 0.437601, 0.0316634327
vb0[12]+012 NORMAL: -0.825068057, -0.289641231, -0.485150039
vb0[12]+000 COLOR: 0.894117653, 0.152941182, 0.250980407, 0.741176486
vb0[12]+000 TEXCOORD: 0.894117653, 0.152941182, 0.250980407, 0.741176486
vb0[12]+000 TEXCOORD1: 0.894117653, 0.152941182, 0.250980407, 0.741176486
vb0[12]+000 TEXCOORD2: 0.894117653, 0.152941182, 0.250980407, 0.741176486
vb0[12]+000 TEXCOORD3: 0.894117653, 0.152941182, 0.250980407, 0.741176486
vb0[12]+024 TANGENT: -0.222379342, -0.622872293, 0.750051737, -1

vb0[13]+000 POSITION: -0.111828536, 0.560545385, 0.0686621368
vb0[13]+012 NORMAL: -0.825068057, -0.289641231, -0.485150039
vb0[13]+000 COLOR: 0.360784322, 0.0235294122, 0.898039222, 0.741176486
vb0[13]+000 TEXCOORD: 0.360784322, 0.0235294122, 0.898039222, 0.741176486
vb0[13]+000 TEXCOORD1: 0.360784322, 0.0235294122, 0.898039222, 0.741176486
vb0[13]+000 TEXCOORD2: 0.360784322, 0.0235294122, 0.898039222, 0.741176486
vb0[13]+000 TEXCOORD3: 0.360784322, 0.0235294122, 0.898039222, 0.741176486
vb0[13]+024 TANGENT: -0.222379327, -0.622872293, 0.750051677, -1

vb0[14]+000 POSITION: -0.0370174609, 0.449241668, 0.00788493175
vb0[14]+012 NORMAL: -0.825068057, -0.289641261, -0.485150099
vb0[14]+000 COLOR: 0.623529434, 0.623529434, 0.0901960805, 0.741176486
vb0[14]+000 TEXCOORD: 0.623529434, 0.623529434, 0.0901960805, 0.741176486
vb0[14]+000 TEXCOORD1: 0.623529434, 0.623529434, 0.0901960805, 0.741176486
vb0[14]+000 TEXCOORD2: 0.623529434, 0.623529434, 0.0901960805, 0.741176486
vb0[14]+000 TEXCOORD3: 0.623529434, 0.623529434, 0.0901960805, 0.741176486
vb0[14]+024 TANGENT: -0.222379342, -0.622872293, 0.750051677, -1

vb0[15]+000 POSITION: -0.111828536, 0.560545385, 0.0686621368
vb0[15]+012 NORMAL: -0.15872027, -0.360423803, 0.919185758
vb0[15]+000 COLOR: 0.360784322, 0.0235294122, 0.898039222, 0.741176486
vb0[15]+000 TEXCOORD: 0.360784322, 0.0235294122, 0.898039222, 0.741176486
vb0[15]+000 TEXCOORD1: 0.360784322, 0.0235294122, 0.898039222, 0.741176486
vb0[15]+000 TEXCOORD2: 0.360784322, 0.0235294122, 0.898039222, 0.741176486
vb0[15]+000 TEXCOORD3: 0.360784322, 0.0235294122, 0.898039222, 0.741176486
vb0[15]+024 TANGENT: 0.917082012, 0.29105562, 0.272483468, -1

vb0[16]+000 POSITION: -0.0469130427, 0.437601, 0.0316634327
vb0[16]+012 NORMAL: -0.158720255, -0.360423774, 0.919185758
vb0[16]+000 COLOR: 0.894117653, 0.152941182, 0.250980407, 0.741176486
vb0[16]+000 TEXCOORD: 0.894117653, 0.152941182, 0.250980407, 0.741176486
vb0[16]+000 TEXCOORD1: 0.894117653, 0.152941182, 0.250980407, 0.741176486
vb0[16]+000 TEXCOORD2: 0.894117653, 0.152941182, 0.250980407, 0.741176486
vb0[16]+000 TEXCOORD3: 0.894117653, 0.152941182, 0.250980407, 0.741176486
vb0[16]+024 TANGENT: 0.917082012, 0.29105559, 0.272483408, -1

vb0[17]+000 POSITION: -0.0234670881, 0.454803884, 0.0424574129
vb0[17]+012 NORMAL: -0.158720285, -0.360423803, 0.919185877
vb0[17]+000 COLOR: 0.0509803928, 0.243137255, 0.752941191, 0.737254918
vb0[17]+000 TEXCOORD: 0.0509803928, 0.243137255, 0.752941191, 0.737254918
vb0[17]+000 TEXCOORD1: 0.0509803928, 0.243137255, 0.752941191, 0.737254918
vb0[17]+000 TEXCOORD2: 0.0509803928, 0.243137255, 0.752941191, 0.737254918
vb0[17]+000 TEXCOORD3: 0.0509803928, 0.243137255, 0.752941191, 0.737254918
vb0[17]+024 TANGENT: 0.917082012, 0.29105562, 0.272483468, -1

vb0[18]+000 POSITION: -0.0752733424, 0.766602516, 0.03118705
vb0[18]+012 NORMAL: -0.655239761, -0.635596156, -0.40826267
vb0[18]+000 COLOR: 0.913725495, 0.156862751, 0.603921592, 0.741176486
vb0[18]+000 TEXCOORD: 0.913725495, 0.156862751, 0.603921592, 0.741176486
vb0[18]+000 TEXCOORD1: 0.913725495, 0.156862751, 0.603921592, 0.741176486
vb0[18]+000 TEXCOORD2: 0.913725495, 0.156862751, 0.603921592, 0.741176486
vb0[18]+000 TEXCOORD3: 0.913725495, 0.156862751, 0.603921592, 0.741176486
vb0[18]+024 TANGENT: 0.276703686, 0.300945133, -0.912615538, -1

vb0[19]+000 POSITION: -0.176003411, 0.862857819, 0.0430002213
vb0[19]+012 NORMAL: -0.655239761, -0.635596156, -0.408262581
vb0[19]+000 COLOR: 0.239215687, 0.227450982, 0.203921571, 0.745098054
vb0[19]+000 TEXCOORD: 0.239215687, 0.227450982, 0.203921571, 0.745098054
vb0[19]+000 TEXCOORD1: 0.239215687, 0.227450982, 0.203921571, 0.745098054
vb0[19]+000 TEXCOORD2: 0.239215687, 0.227450982, 0.203921571, 0.745098054
vb0[19]+000 TEXCOORD3: 0.239215687, 0.227450982, 0.203921571, 0.745098054
vb0[19]+024 TANGENT: 0.276703626, 0.300945133, -0.912615538, -1

vb0[20]+000 POSITION: -0.0612008981, 0.768332183, 0.0059087323
vb0[20]+012 NORMAL: -0.655239761, -0.635596156, -0.408262581
vb0[20]+000 COLOR: 0.796078444, 0.678431392, 0.478431374, 0.741176486
vb0[20]+000 TEXCOORD: 0.796078444, 0.678431392, 0.478431374, 0.741176486
vb0[20]+000 TEXCOORD1: 0.796078444, 0.678431392, 0.478431374, 0.741176486
vb0[20]+000 TEXCOORD2: 0.796078444, 0.678431392, 0.478431374, 0.741176486
vb0[20]+000 TEXCOORD3: 0.796078444, 0.678431392, 0.478431374, 0.741176486
vb0[20]+024 TANGENT: 0.276703626, 0.300945133, -0.912615538, -1

vb0[21]+000 POSITION: -0.0465162471, 0.768332064, 0.0418115892
vb0[21]+012 NORMAL: -0.293645918, -0.413094163, 0.862047195
vb0[21]+000 COLOR: 0.823529422, 0.529411793, 0.243137255, 0.741176486
vb0[21]+000 TEXCOORD: 0.823529422, 0.529411793, 0.243137255, 0.741176486
vb0[21]+000 TEXCOORD1: 0.823529422, 0.529411793, 0.243137255, 0.741176486
vb0[21]+000 TEXCOORD2: 0.823529422, 0.529411793, 0.243137255, 0.741176486
vb0[21]+000 TEXCOORD3: 0.823529422, 0.529411793, 0.243137255, 0.741176486
vb0[21]+024 TANGENT: -0.613731802, -0.609916747, -0.501333117, -1

vb0[22]+000 POSITION: -0.176003411, 0.862857819, 0.0430002213
vb0[22]+012 NORMAL: -0.293645948, -0.413094163, 0.862047195
vb0[22]+000 COLOR: 0.239215687, 0.227450982, 0.203921571, 0.745098054
vb0[22]+000 TEXCOORD: 0.239215687, 0.227450982, 0.203921571, 0.745098054
vb0[22]+000 TEXCOORD1: 0.239215687, 0.227450982, 0.203921571, 0.745098054
vb0[22]+000 TEXCOORD2: 0.239215687, 0.227450982, 0.203921571, 0.745098054
vb0[22]+000 TEXCOORD3: 0.239215687, 0.227450982, 0.203921571, 0.745098054
vb0[22]+024 TANGENT: -0.613731742, -0.609916747, -0.501333237, -1

vb0[23]+000 POSITION: -0.0752733424, 0.766602516, 0.03118705
vb0[23]+012 NORMAL: -0.293645948, -0.413094133, 0.862047195
vb0[23]+000 COLOR: 0.913725495, 0.156862751, 0.603921592, 0.741176486
vb0[23]+000 TEXCOORD: 0.913725495, 0.156862751, 0.603921592, 0.741176486
vb0[23]+000 TEXCOORD1: 0.913725495, 0.156862751, 0.603921592, 0.741176486
vb0[23]+000 TEXCOORD2: 0.913725495, 0.156862751, 0.603921592, 0.741176486
vb0[23]+000 TEXCOORD3: 0.913725495, 0.156862751, 0.603921592, 0.741176486
vb0[23]+024 TANGENT: -0.613731802, -0.609916747, -0.501333177, -1

vb0[24]+000 POSITION: 0.0383358486, 0.843013585, 0.00365595217
vb0[24]+012 NORMAL: 0.286489934, -0.4394871, -0.851336956
vb0[24]+000 COLOR: 0.0509803928, 0.0235294122, 0.113725491, 0.239215687
vb0[24]+000 TEXCOORD: 0.0509803928, 0.0235294122, 0.113725491, 0.239215687
vb0[24]+000 TEXCOORD1: 0.0509803928, 0.0235294122, 0.113725491, 0.239215687
vb0[24]+000 TEXCOORD2: 0.0509803928, 0.0235294122, 0.113725491, 0.239215687
vb0[24]+000 TEXCOORD3: 0.0509803928, 0.0235294122, 0.113725491, 0.239215687
vb0[24]+024 TANGENT: 0.724771023, -0.481733769, 0.492584527, -1

vb0[25]+000 POSITION: -0.0335749313, 0.774857938, 0.0146408174
vb0[25]+012 NORMAL: 0.286489993, -0.4394871, -0.851336896
vb0[25]+000 COLOR: 0.870588243, 0.521568656, 0.0352941193, 0.741176486
vb0[25]+000 TEXCOORD: 0.870588243, 0.521568656, 0.0352941193, 0.741176486
vb0[25]+000 TEXCOORD1: 0.870588243, 0.521568656, 0.0352941193, 0.741176486
vb0[25]+000 TEXCOORD2: 0.870588243, 0.521568656, 0.0352941193, 0.741176486
vb0[25]+000 TEXCOORD3: 0.870588243, 0.521568656, 0.0352941193, 0.741176486
vb0[25]+024 TANGENT: 0.724771023, -0.481733769, 0.492584527, -1

vb0[26]+000 POSITION: -0.0673756078, 0.776587367, 0.00237350212
vb0[26]+012 NORMAL: 0.286489964, -0.4394871, -0.851336956
vb0[26]+000 COLOR: 0.223529413, 0.988235295, 0.53725493, 0.741176486
vb0[26]+000 TEXCOORD: 0.223529413, 0.988235295, 0.53725493, 0.741176486
vb0[26]+000 TEXCOORD1: 0.223529413, 0.988235295, 0.53725493, 0.741176486
vb0[26]+000 TEXCOORD2: 0.223529413, 0.988235295, 0.53725493, 0.741176486
vb0[26]+000 TEXCOORD3: 0.223529413, 0.988235295, 0.53725493, 0.741176486
vb0[26]+024 TANGENT: 0.724771023, -0.481733769, 0.492584497, -1

vb0[27]+000 POSITION: 0.0325938389, -0.0205638539, 0.113122605
vb0[27]+012 NORMAL: 0.334127337, 0.651866734, -0.680755973
vb0[27]+000 COLOR: 0.117647059, 0.505882382, 0.0196078438, 0.239215687
vb0[27]+000 TEXCOORD: 0.117647059, 0.505882382, 0.0196078438, 0.239215687
vb0[27]+000 TEXCOORD1: 0.117647059, 0.505882382, 0.0196078438, 0.239215687
vb0[27]+000 TEXCOORD2: 0.117647059, 0.505882382, 0.0196078438, 0.239215687
vb0[27]+000 TEXCOORD3: 0.117647059, 0.505882382, 0.0196078438, 0.239215687
vb0[27]+024 TANGENT: 0.906760097, -0.419402152, 0.0434502587, 1

vb0[28]+000 POSITION: -0.0760029033, -0.00645977026, 0.0733269155
vb0[28]+012 NORMAL: 0.334127337, 0.651866734, -0.680755973
vb0[28]+000 COLOR: 0.411764711, 0.654901981, 0.607843161, 0.741176486
vb0[28]+000 TEXCOORD: 0.411764711, 0.654901981, 0.607843161, 0.741176486
vb0[28]+000 TEXCOORD1: 0.411764711, 0.654901981, 0.607843161, 0.741176486
vb0[28]+000 TEXCOORD2: 0.411764711, 0.654901981, 0.607843161, 0.741176486
vb0[28]+000 TEXCOORD3: 0.411764711, 0.654901981, 0.607843161, 0.741176486
vb0[28]+024 TANGENT: 0.906760097, -0.419402093, 0.0434502512, 1

vb0[29]+000 POSITION: 0.0913246498, 0.0968921036, 0.254420251
vb0[29]+012 NORMAL: 0.334127337, 0.651866734, -0.680755973
vb0[29]+000 COLOR: 0.419607848, 0.0313725509, 0.733333349, 0.239215687
vb0[29]+000 TEXCOORD: 0.419607848, 0.0313725509, 0.733333349, 0.239215687
vb0[29]+000 TEXCOORD1: 0.419607848, 0.0313725509, 0.733333349, 0.239215687
vb0[29]+000 TEXCOORD2: 0.419607848, 0.0313725509, 0.733333349, 0.239215687
vb0[29]+000 TEXCOORD3: 0.419607848, 0.0313725509, 0.733333349, 0.239215687
vb0[29]+024 TANGENT: 0.906760097, -0.419402152, 0.0434502549, 1

vb0[30]+000 POSITION: 0.0325938389, -0.0205638539, 0.113122605
vb0[30]+012 NORMAL: -0.757354259, 0.621129096, -0.20152697
vb0[30]+000 COLOR: 0.117647059, 0.505882382, 0.0196078438, 0.239215687
vb0[30]+000 TEXCOORD: 0.117647059, 0.505882382, 0.0196078438, 0.239215687
vb0[30]+000 TEXCOORD1: 0.117647059, 0.505882382, 0.0196078438, 0.239215687
vb0[30]+000 TEXCOORD2: 0.117647059, 0.505882382, 0.0196078438, 0.239215687
vb0[30]+000 TEXCOORD3: 0.117647059, 0.505882382, 0.0196078438, 0.239215687
vb0[30]+024 TANGENT: 0.554479063, 0.448683441, -0.700882494, 1

vb0[31]+000 POSITION: 0.0913246498, 0.0968921036, 0.254420251
vb0[31]+012 NORMAL: -0.757354259, 0.621129096, -0.20152697
vb0[31]+000 COLOR: 0.419607848, 0.0313725509, 0.733333349, 0.239215687
vb0[31]+000 TEXCOORD: 0.419607848, 0.0313725509, 0.733333349, 0.239215687
vb0[31]+000 TEXCOORD1: 0.419607848, 0.0313725509, 0.733333349, 0.239215687
vb0[31]+000 TEXCOORD2: 0.419607848, 0.0313725509, 0.733333349, 0.239215687
vb0[31]+000 TEXCOORD3: 0.419607848, 0.0313725509, 0.733333349, 0.239215687
vb0[31]+024 TANGENT: 0.554479003, 0.44868347, -0.700882494, 1

vb0[32]+000 POSITION: 0.0697024986, -0.00867714826, 0.0103015257
vb0[32]+012 NORMAL: -0.757354259, 0.621129096, -0.201526999
vb0[32]+000 COLOR: 0.184313729, 0.752941191, 0.556862772, 0.239215687
vb0[32]+000 TEXCOORD: 0.184313729, 0.752941191, 0.556862772, 0.239215687
vb0[32]+000 TEXCOORD1: 0.184313729, 0.752941191, 0.556862772, 0.239215687
vb0[32]+000 TEXCOORD2: 0.184313729, 0.752941191, 0.556862772, 0.239215687
vb0[32]+000 TEXCOORD3: 0.184313729, 0.752941191, 0.556862772, 0.239215687
vb0[32]+024 TANGENT: 0.554479063, 0.448683381, -0.700882494, 1

vb0[33]+000 POSITION: -0.0308810268, 0.57243675, 0.0400806516
vb0[33]+012 NORMAL: -0.859127164, 0.231635109, -0.4563393
vb0[33]+000 COLOR: 0.20784314, 0.980392158, 0.988235295, 0.737254918
vb0[33]+000 TEXCOORD: 0.20784314, 0.980392158, 0.988235295, 0.737254918
vb0[33]+000 TEXCOORD1: 0.20784314, 0.980392158, 0.988235295, 0.737254918
vb0[33]+000 TEXCOORD2: 0.20784314, 0.980392158, 0.988235295, 0.737254918
vb0[33]+000 TEXCOORD3: 0.20784314, 0.980392158, 0.988235295, 0.737254918
vb0[33]+024 TANGENT: -0.233257234, 0.616452157, 0.752049088, 1

vb0[34]+000 POSITION: 0.0226521529, 0.668622136, -0.0118804593
vb0[34]+012 NORMAL: -0.859127164, 0.231635079, -0.456339359
vb0[34]+000 COLOR: 0.00784313772, 0.568627477, 0.725490212, 0.235294119
vb0[34]+000 TEXCOORD: 0.00784313772, 0.568627477, 0.725490212, 0.235294119
vb0[34]+000 TEXCOORD1: 0.00784313772, 0.568627477, 0.725490212, 0.235294119
vb0[34]+000 TEXCOORD2: 0.00784313772, 0.568627477, 0.725490212, 0.235294119
vb0[34]+000 TEXCOORD3: 0.00784313772, 0.568627477, 0.725490212, 0.235294119
vb0[34]+024 TANGENT: -0.233257264, 0.616452157, 0.752049088, 1

vb0[35]+000 POSITION: -0.0191815477, 0.568867266, 0.0162428003
vb0[35]+012 NORMAL: -0.859127164, 0.231635109, -0.4563393
vb0[35]+000 COLOR: 0.623529434, 0.13333334, 0.615686297, 0.737254918
vb0[35]+000 TEXCOORD: 0.623529434, 0.13333334, 0.615686297, 0.737254918
vb0[35]+000 TEXCOORD1: 0.623529434, 0.13333334, 0.615686297, 0.737254918
vb0[35]+000 TEXCOORD2: 0.623529434, 0.13333334, 0.615686297, 0.737254918
vb0[35]+000 TEXCOORD3: 0.623529434, 0.13333334, 0.615686297, 0.737254918
vb0[35]+024 TANGENT: -0.233257219, 0.616452157, 0.752049088, 1

vb0[36]+000 POSITION: 0.0226521529, 0.668622136, -0.0118804593
vb0[36]+012 NORMAL: -0.119713277, 0.315582961, 0.941316068
vb0[36]+000 COLOR: 0.00784313772, 0.568627477, 0.725490212, 0.235294119
vb0[36]+000 TEXCOORD: 0.00784313772, 0.568627477, 0.725490212, 0.235294119
vb0[36]+000 TEXCOORD1: 0.00784313772, 0.568627477, 0.725490212, 0.235294119
vb0[36]+000 TEXCOORD2: 0.00784313772, 0.568627477, 0.725490212, 0.235294119
vb0[36]+000 TEXCOORD3: 0.00784313772, 0.568627477, 0.725490212, 0.235294119
vb0[36]+024 TANGENT: 0.915629566, 0.40161103, -0.018196417, 1

vb0[37]+000 POSITION: -0.0442528725, 0.584676862, 0.00775404787
vb0[37]+012 NORMAL: -0.119713277, 0.315582961, 0.941316068
vb0[37]+000 COLOR: 0.501960814, 0.258823544, 0.20784314, 0.741176486
vb0[37]+000 TEXCOORD: 0.501960814, 0.258823544, 0.20784314, 0.741176486
vb0[37]+000 TEXCOORD1: 0.501960814, 0.258823544, 0.20784314, 0.741176486
vb0[37]+000 TEXCOORD2: 0.501960814, 0.258823544, 0.20784314, 0.741176486
vb0[37]+000 TEXCOORD3: 0.501960814, 0.258823544, 0.20784314, 0.741176486
vb0[37]+024 TANGENT: 0.915629447, 0.40161103, -0.0181964114, 1

vb0[38]+000 POSITION: -0.0191815477, 0.568867266, 0.0162428003
vb0[38]+012 NORMAL: -0.119713262, 0.315582931, 0.941316068
vb0[38]+000 COLOR: 0.623529434, 0.13333334, 0.615686297, 0.737254918
vb0[38]+000 TEXCOORD: 0.623529434, 0.13333334, 0.615686297, 0.737254918
vb0[38]+000 TEXCOORD1: 0.623529434, 0.13333334, 0.615686297, 0.737254918
vb0[38]+000 TEXCOORD2: 0.623529434, 0.13333334, 0.615686297, 0.737254918
vb0[38]+000 TEXCOORD3: 0.623529434, 0.13333334, 0.615686297, 0.737254918
vb0[38]+024 TANGENT: 0.915629447, 0.40161103, -0.0181964096, 1

vb0[39]+000 POSITION: -0.111828551, 0.561864734, 0.0686621368
vb0[39]+012 NORMAL: 0.825068116, 0.289642274, 0.485149384
vb0[39]+000 COLOR: 0.368627459, 0.0235294122, 0.898039222, 0.741176486
vb0[39]+000 TEXCOORD: 0.368627459, 0.0235294122, 0.898039222, 0.741176486
vb0[39]+000 TEXCOORD1: 0.368627459, 0.0235294122, 0.898039222, 0.741176486
vb0[39]+000 TEXCOORD2: 0.368627459, 0.0235294122, 0.898039222, 0.741176486
vb0[39]+000 TEXCOORD3: 0.368627459, 0.0235294122, 0.898039222, 0.741176486
vb0[39]+024 TANGENT: -0.22237882, -0.622871399, 0.750052571, 1

vb0[40]+000 POSITION: -0.0469129793, 0.438920379, 0.0316634402
vb0[40]+012 NORMAL: 0.825068116, 0.289642274, 0.485149384
vb0[40]+000 COLOR: 0.827450991, 0.152941182, 0.250980407, 0.741176486
vb0[40]+000 TEXCOORD: 0.827450991, 0.152941182, 0.250980407, 0.741176486
vb0[40]+000 TEXCOORD1: 0.827450991, 0.152941182, 0.250980407, 0.741176486
vb0[40]+000 TEXCOORD2: 0.827450991, 0.152941182, 0.250980407, 0.741176486
vb0[40]+000 TEXCOORD3: 0.827450991, 0.152941182, 0.250980407, 0.741176486
vb0[40]+024 TANGENT: -0.22237882, -0.622871459, 0.750052571, 1

vb0[41]+000 POSITION: -0.0370174162, 0.450561017, 0.00788493175
vb0[41]+012 NORMAL: 0.825068116, 0.289642215, 0.485149384
vb0[41]+000 COLOR: 0.576470613, 0.623529434, 0.0901960805, 0.741176486
vb0[41]+000 TEXCOORD: 0.576470613, 0.623529434, 0.0901960805, 0.741176486
vb0[41]+000 TEXCOORD1: 0.576470613, 0.623529434, 0.0901960805, 0.741176486
vb0[41]+000 TEXCOORD2: 0.576470613, 0.623529434, 0.0901960805, 0.741176486
vb0[41]+000 TEXCOORD3: 0.576470613, 0.623529434, 0.0901960805, 0.741176486
vb0[41]+024 TANGENT: -0.22237882, -0.622871399, 0.750052571, 1

vb0[42]+000 POSITION: -0.111828551, 0.561864734, 0.0686621368
vb0[42]+012 NORMAL: 0.158720687, 0.360424191, -0.919185579
vb0[42]+000 COLOR: 0.368627459, 0.0235294122, 0.898039222, 0.741176486
vb0[42]+000 TEXCOORD: 0.368627459, 0.0235294122, 0.898039222, 0.741176486
vb0[42]+000 TEXCOORD1: 0.368627459, 0.0235294122, 0.898039222, 0.741176486
vb0[42]+000 TEXCOORD2: 0.368627459, 0.0235294122, 0.898039222, 0.741176486
vb0[42]+000 TEXCOORD3: 0.368627459, 0.0235294122, 0.898039222, 0.741176486
vb0[42]+024 TANGENT: 0.917082608, 0.291053712, 0.272483408, 1

vb0[43]+000 POSITION: -0.0234670471, 0.456123203, 0.0424574092
vb0[43]+012 NORMAL: 0.158720702, 0.360424191, -0.919185579
vb0[43]+000 COLOR: 0.968627453, 0.239215687, 0.752941191, 0.737254918
vb0[43]+000 TEXCOORD: 0.968627453, 0.239215687, 0.752941191, 0.737254918
vb0[43]+000 TEXCOORD1: 0.968627453, 0.239215687, 0.752941191, 0.737254918
vb0[43]+000 TEXCOORD2: 0.968627453, 0.239215687, 0.752941191, 0.737254918
vb0[43]+000 TEXCOORD3: 0.968627453, 0.239215687, 0.752941191, 0.737254918
vb0[43]+024 TANGENT: 0.917082608, 0.291053712, 0.272483408, 1

vb0[44]+000 POSITION: -0.0469129793, 0.438920379, 0.0316634402
vb0[44]+012 NORMAL: 0.158720732, 0.36042425, -0.919185579
vb0[44]+000 COLOR: 0.827450991, 0.152941182, 0.250980407, 0.741176486
vb0[44]+000 TEXCOORD: 0.827450991, 0.152941182, 0.250980407, 0.741176486
vb0[44]+000 TEXCOORD1: 0.827450991, 0.152941182, 0.250980407, 0.741176486
vb0[44]+000 TEXCOORD2: 0.827450991, 0.152941182, 0.250980407, 0.741176486
vb0[44]+000 TEXCOORD3: 0.827450991, 0.152941182, 0.250980407, 0.741176486
vb0[44]+024 TANGENT: 0.917082548, 0.291053742, 0.272483408, 1

vb0[45]+000 POSITION: -0.175339937, 0.863091111, 0.0430031903
vb0[45]+012 NORMAL: 0.654913843, 0.636031866, 0.408106983
vb0[45]+000 COLOR: 0.313725501, 0.549019635, 0.200000003, 0.745098054
vb0[45]+000 TEXCOORD: 0.313725501, 0.549019635, 0.200000003, 0.745098054
vb0[45]+000 TEXCOORD1: 0.313725501, 0.549019635, 0.200000003, 0.745098054
vb0[45]+000 TEXCOORD2: 0.313725501, 0.549019635, 0.200000003, 0.745098054
vb0[45]+000 TEXCOORD3: 0.313725501, 0.549019635, 0.200000003, 0.745098054
vb0[45]+024 TANGENT: 0.278374135, 0.299017906, -0.912741065, 1

vb0[46]+000 POSITION: -0.0752733797, 0.767635643, 0.03118705
vb0[46]+012 NORMAL: 0.654913783, 0.636031866, 0.408106953
vb0[46]+000 COLOR: 0.933333337, 0.156862751, 0.603921592, 0.741176486
vb0[46]+000 TEXCOORD: 0.933333337, 0.156862751, 0.603921592, 0.741176486
vb0[46]+000 TEXCOORD1: 0.933333337, 0.156862751, 0.603921592, 0.741176486
vb0[46]+000 TEXCOORD2: 0.933333337, 0.156862751, 0.603921592, 0.741176486
vb0[46]+000 TEXCOORD3: 0.933333337, 0.156862751, 0.603921592, 0.741176486
vb0[46]+024 TANGENT: 0.278374106, 0.299017906, -0.912741065, 1

vb0[47]+000 POSITION: -0.0612009428, 0.769365132, 0.0059087472
vb0[47]+012 NORMAL: 0.654913902, 0.636031866, 0.408106983
vb0[47]+000 COLOR: 0.843137264, 0.678431392, 0.478431374, 0.741176486
vb0[47]+000 TEXCOORD: 0.843137264, 0.678431392, 0.478431374, 0.741176486
vb0[47]+000 TEXCOORD1: 0.843137264, 0.678431392, 0.478431374, 0.741176486
vb0[47]+000 TEXCOORD2: 0.843137264, 0.678431392, 0.478431374, 0.741176486
vb0[47]+000 TEXCOORD3: 0.843137264, 0.678431392, 0.478431374, 0.741176486
vb0[47]+024 TANGENT: 0.278374106, 0.299017906, -0.912741065, 1

vb0[48]+000 POSITION: -0.175339937, 0.863091111, 0.0430031903
vb0[48]+012 NORMAL: 0.293406248, 0.414232254, -0.861582518
vb0[48]+000 COLOR: 0.313725501, 0.549019635, 0.200000003, 0.745098054
vb0[48]+000 TEXCOORD: 0.313725501, 0.549019635, 0.200000003, 0.745098054
vb0[48]+000 TEXCOORD1: 0.313725501, 0.549019635, 0.200000003, 0.745098054
vb0[48]+000 TEXCOORD2: 0.313725501, 0.549019635, 0.200000003, 0.745098054
vb0[48]+000 TEXCOORD3: 0.313725501, 0.549019635, 0.200000003, 0.745098054
vb0[48]+024 TANGENT: -0.61771065, -0.605695605, -0.501564085, 1

vb0[49]+000 POSITION: -0.0465162806, 0.769365132, 0.0418116041
vb0[49]+012 NORMAL: 0.293406248, 0.414232314, -0.861582458
vb0[49]+000 COLOR: 0.858823538, 0.529411793, 0.243137255, 0.741176486
vb0[49]+000 TEXCOORD: 0.858823538, 0.529411793, 0.243137255, 0.741176486
vb0[49]+000 TEXCOORD1: 0.858823538, 0.529411793, 0.243137255, 0.741176486
vb0[49]+000 TEXCOORD2: 0.858823538, 0.529411793, 0.243137255, 0.741176486
vb0[49]+000 TEXCOORD3: 0.858823538, 0.529411793, 0.243137255, 0.741176486
vb0[49]+024 TANGENT: -0.61771059, -0.605695546, -0.501564026, 1

vb0[50]+000 POSITION: -0.0752733797, 0.767635643, 0.03118705
vb0[50]+012 NORMAL: 0.293406248, 0.414232284, -0.861582458
vb0[50]+000 COLOR: 0.933333337, 0.156862751, 0.603921592, 0.741176486
vb0[50]+000 TEXCOORD: 0.933333337, 0.156862751, 0.603921592, 0.741176486
vb0[50]+000 TEXCOORD1: 0.933333337, 0.156862751, 0.603921592, 0.741176486
vb0[50]+000 TEXCOORD2: 0.933333337, 0.156862751, 0.603921592, 0.741176486
vb0[50]+000 TEXCOORD3: 0.933333337, 0.156862751, 0.603921592, 0.741176486
vb0[50]+024 TANGENT: -0.617710531, -0.605695605, -0.501564085, 1

vb0[51]+000 POSITION: 0.0383359455, 0.844332993, 0.00365598919
vb0[51]+012 NORMAL: -0.286791742, 0.438066244, 0.851967454
vb0[51]+000 COLOR: 0.152941182, 0.0235294122, 0.113725491, 0.239215687
vb0[51]+000 TEXCOORD: 0.152941182, 0.0235294122, 0.113725491, 0.239215687
vb0[51]+000 TEXCOORD1: 0.152941182, 0.0235294122, 0.113725491, 0.239215687
vb0[51]+000 TEXCOORD2: 0.152941182, 0.0235294122, 0.113725491, 0.239215687
vb0[51]+000 TEXCOORD3: 0.152941182, 0.0235294122, 0.113725491, 0.239215687
vb0[51]+024 TANGENT: 0.724152625, -0.483092159, 0.492163599, 1

vb0[52]+000 POSITION: -0.0673755556, 0.777620316, 0.00237355707
vb0[52]+012 NORMAL: -0.286791742, 0.438066244, 0.851967454
vb0[52]+000 COLOR: 0.196078435, 0.988235295, 0.53725493, 0.741176486
vb0[52]+000 TEXCOORD: 0.196078435, 0.988235295, 0.53725493, 0.741176486
vb0[52]+000 TEXCOORD1: 0.196078435, 0.988235295, 0.53725493, 0.741176486
vb0[52]+000 TEXCOORD2: 0.196078435, 0.988235295, 0.53725493, 0.741176486
vb0[52]+000 TEXCOORD3: 0.196078435, 0.988235295, 0.53725493, 0.741176486
vb0[52]+024 TANGENT: 0.724152625, -0.483092189, 0.492163569, 1

vb0[53]+000 POSITION: -0.0335748941, 0.775890946, 0.0146408333
vb0[53]+012 NORMAL: -0.286791712, 0.438066214, 0.851967454
vb0[53]+000 COLOR: 0.831372559, 0.521568656, 0.0352941193, 0.741176486
vb0[53]+000 TEXCOORD: 0.831372559, 0.521568656, 0.0352941193, 0.741176486
vb0[53]+000 TEXCOORD1: 0.831372559, 0.521568656, 0.0352941193, 0.741176486
vb0[53]+000 TEXCOORD2: 0.831372559, 0.521568656, 0.0352941193, 0.741176486
vb0[53]+000 TEXCOORD3: 0.831372559, 0.521568656, 0.0352941193, 0.741176486
vb0[53]+024 TANGENT: 0.724152625, -0.483092159, 0.492163599, 1

vb0[54]+000 POSITION: 0.0177868307, 1.13711703, 0.0540935993
vb0[54]+012 NORMAL: 0.767459571, 0.160600364, 0.620655537
vb0[54]+000 COLOR: 0.690196097, 0.709803939, 0.568627477, 0.235294119
vb0[54]+000 TEXCOORD: 0.690196097, 0.709803939, 0.568627477, 0.235294119
vb0[54]+000 TEXCOORD1: 0.690196097, 0.709803939, 0.568627477, 0.235294119
vb0[54]+000 TEXCOORD2: 0.690196097, 0.709803939, 0.568627477, 0.235294119
vb0[54]+000 TEXCOORD3: 0.690196097, 0.709803939, 0.568627477, 0.235294119
vb0[54]+024 TANGENT: -0.168508321, -0.883541048, 0.436990082, -1

vb0[55]+000 POSITION: 0.011009044, 1.06428778, 0.0813197717
vb0[55]+012 NORMAL: 0.732769668, 0.177395746, 0.656947017
vb0[55]+000 COLOR: 0.278431386, 0.372549027, 0.203921571, 0.235294119
vb0[55]+000 TEXCOORD: 0.278431386, 0.372549027, 0.203921571, 0.235294119
vb0[55]+000 TEXCOORD1: 0.278431386, 0.372549027, 0.203921571, 0.235294119
vb0[55]+000 TEXCOORD2: 0.278431386, 0.372549027, 0.203921571, 0.235294119
vb0[55]+000 TEXCOORD3: 0.278431386, 0.372549027, 0.203921571, 0.235294119
vb0[55]+024 TANGENT: -0.172772959, -0.885283291, 0.431767374, -1

vb0[56]+000 POSITION: 0.0267614406, 1.05636716, 0.0350317135
vb0[56]+012 NORMAL: 0.947820783, 0.0304280911, 0.317348301
vb0[56]+000 COLOR: 0.811764717, 0.227450982, 0.858823538, 0.235294119
vb0[56]+000 TEXCOORD: 0.811764717, 0.227450982, 0.858823538, 0.235294119
vb0[56]+000 TEXCOORD1: 0.811764717, 0.227450982, 0.858823538, 0.235294119
vb0[56]+000 TEXCOORD2: 0.811764717, 0.227450982, 0.858823538, 0.235294119
vb0[56]+000 TEXCOORD3: 0.811764717, 0.227450982, 0.858823538, 0.235294119
vb0[56]+024 TANGENT: -0.131546527, -0.869414449, 0.476250052, -1

vb0[57]+000 POSITION: -0.0300477687, 1.07641566, 0.0977742672
vb0[57]+012 NORMAL: 0.427440733, 0.281395614, 0.85913378
vb0[57]+000 COLOR: 0.741176486, 0.149019614, 0.964705884, 0.737254918
vb0[57]+000 TEXCOORD: 0.741176486, 0.149019614, 0.964705884, 0.737254918
vb0[57]+000 TEXCOORD1: 0.741176486, 0.149019614, 0.964705884, 0.737254918
vb0[57]+000 TEXCOORD2: 0.741176486, 0.149019614, 0.964705884, 0.737254918
vb0[57]+000 TEXCOORD3: 0.741176486, 0.149019614, 0.964705884, 0.737254918
vb0[57]+024 TANGENT: -0.204387605, -0.895638824, 0.395040244, -1

vb0[58]+000 POSITION: -0.0517267659, 1.1666497, 0.00273918826
vb0[58]+012 NORMAL: -0.768766284, 0.637332082, -0.0529741123
vb0[58]+000 COLOR: 0.447058827, 0.874509811, 0.325490206, 0.741176486
vb0[58]+000 TEXCOORD: 0.447058827, 0.874509811, 0.325490206, 0.741176486
vb0[58]+000 TEXCOORD1: 0.447058827, 0.874509811, 0.325490206, 0.741176486
vb0[58]+000 TEXCOORD2: 0.447058827, 0.874509811, 0.325490206, 0.741176486
vb0[58]+000 TEXCOORD3: 0.447058827, 0.874509811, 0.325490206, 0.741176486
vb0[58]+024 TANGENT: 0.637236357, 0.756367862, -0.147775248, -1

vb0[59]+000 POSITION: -0.1154975, 1.09123182, 0.0208341051
vb0[59]+012 NORMAL: -0.769372463, 0.635856092, -0.0612622947
vb0[59]+000 COLOR: 0.956862748, 0.53725493, 0.925490201, 0.741176486
vb0[59]+000 TEXCOORD: 0.956862748, 0.53725493, 0.925490201, 0.741176486
vb0[59]+000 TEXCOORD1: 0.956862748, 0.53725493, 0.925490201, 0.741176486
vb0[59]+000 TEXCOORD2: 0.956862748, 0.53725493, 0.925490201, 0.741176486
vb0[59]+000 TEXCOORD3: 0.956862748, 0.53725493, 0.925490201, 0.741176486
vb0[59]+024 TANGENT: 0.637022614, 0.756544888, -0.147790253, -1

vb0[60]+000 POSITION: -0.0880079716, 1.09815621, 0.0731641054
vb0[60]+012 NORMAL: -0.698878288, 0.65813756, 0.280042946
vb0[60]+000 COLOR: 0.525490224, 0.239215687, 0.70588237, 0.741176486
vb0[60]+000 TEXCOORD: 0.525490224, 0.239215687, 0.70588237, 0.741176486
vb0[60]+000 TEXCOORD1: 0.525490224, 0.239215687, 0.70588237, 0.741176486
vb0[60]+000 TEXCOORD2: 0.525490224, 0.239215687, 0.70588237, 0.741176486
vb0[60]+000 TEXCOORD3: 0.525490224, 0.239215687, 0.70588237, 0.741176486
vb0[60]+024 TANGENT: 0.646224558, 0.748830974, -0.147125781, -1

vb0[61]+000 POSITION: -0.0972025692, 1.0777005, -0.0333093926
vb0[61]+012 NORMAL: -0.747712076, 0.539285004, -0.387425154
vb0[61]+000 COLOR: 0.141176477, 0.0705882385, 0.78039217, 0.741176486
vb0[61]+000 TEXCOORD: 0.141176477, 0.0705882385, 0.78039217, 0.741176486
vb0[61]+000 TEXCOORD1: 0.141176477, 0.0705882385, 0.78039217, 0.741176486
vb0[61]+000 TEXCOORD2: 0.141176477, 0.0705882385, 0.78039217, 0.741176486
vb0[61]+000 TEXCOORD3: 0.141176477, 0.0705882385, 0.78039217, 0.741176486
vb0[61]+024 TANGENT: 0.627927721, 0.763988316, -0.148420155, -1

vb0[62]+000 POSITION: -0.0475920178, 1.12838709, -0.0483919717
vb0[62]+012 NORMAL: -0.036622759, 0.160681903, -0.986326575
vb0[62]+000 COLOR: 0.850980401, 0.937254906, 0.258823544, 0.741176486
vb0[62]+000 TEXCOORD: 0.850980401, 0.937254906, 0.258823544, 0.741176486
vb0[62]+000 TEXCOORD1: 0.850980401, 0.937254906, 0.258823544, 0.741176486
vb0[62]+000 TEXCOORD2: 0.850980401, 0.937254906, 0.258823544, 0.741176486
vb0[62]+000 TEXCOORD3: 0.850980401, 0.937254906, 0.258823544, 0.741176486
vb0[62]+024 TANGENT: 0.116400115, 0.980956376, 0.155485064, -1

vb0[63]+000 POSITION: -0.0579989888, 1.05198324, -0.0604524538
vb0[63]+012 NORMAL: 0.0158387218, 0.15379639, -0.987975538
vb0[63]+000 COLOR: 0.349019617, 0.564705908, 0.427450985, 0.741176486
vb0[63]+000 TEXCOORD: 0.349019617, 0.564705908, 0.427450985, 0.741176486
vb0[63]+000 TEXCOORD1: 0.349019617, 0.564705908, 0.427450985, 0.741176486
vb0[63]+000 TEXCOORD2: 0.349019617, 0.564705908, 0.427450985, 0.741176486
vb0[63]+000 TEXCOORD3: 0.349019617, 0.564705908, 0.427450985, 0.741176486
vb0[63]+024 TANGENT: 0.116516672, 0.98108381, 0.154591501, -1

vb0[64]+000 POSITION: -0.100617103, 1.06468713, -0.0386404283
vb0[64]+012 NORMAL: -0.399898499, 0.195810646, -0.895399094
vb0[64]+000 COLOR: 0.34117648, 0.0627451017, 0.807843149, 0.741176486
vb0[64]+000 TEXCOORD: 0.34117648, 0.0627451017, 0.807843149, 0.741176486
vb0[64]+000 TEXCOORD1: 0.34117648, 0.0627451017, 0.807843149, 0.741176486
vb0[64]+000 TEXCOORD2: 0.34117648, 0.0627451017, 0.807843149, 0.741176486
vb0[64]+000 TEXCOORD3: 0.34117648, 0.0627451017, 0.807843149, 0.741176486
vb0[64]+024 TANGENT: 0.115778901, 0.979879558, 0.16257669, -1

vb0[65]+000 POSITION: -0.015887076, 1.04561615, -0.0434359685
vb0[65]+012 NORMAL: 0.385032475, 0.0925030559, -0.918255568
vb0[65]+000 COLOR: 0.615686297, 0.145098045, 0.509803951, 0.737254918
vb0[65]+000 TEXCOORD: 0.615686297, 0.145098045, 0.509803951, 0.737254918
vb0[65]+000 TEXCOORD1: 0.615686297, 0.145098045, 0.509803951, 0.737254918
vb0[65]+000 TEXCOORD2: 0.615686297, 0.145098045, 0.509803951, 0.737254918
vb0[65]+000 TEXCOORD3: 0.615686297, 0.145098045, 0.509803951, 0.737254918
vb0[65]+024 TANGENT: 0.117153727, 0.982016385, 0.148049772, -1

vb0[66]+000 POSITION: 0.0110090394, 1.06515276, 0.0813197792
vb0[66]+012 NORMAL: -0.732769668, -0.177395791, -0.656947017
vb0[66]+000 COLOR: 0.258823544, 0.372549027, 0.203921571, 0.235294119
vb0[66]+000 TEXCOORD: 0.258823544, 0.372549027, 0.203921571, 0.235294119
vb0[66]+000 TEXCOORD1: 0.258823544, 0.372549027, 0.203921571, 0.235294119
vb0[66]+000 TEXCOORD2: 0.258823544, 0.372549027, 0.203921571, 0.235294119
vb0[66]+000 TEXCOORD3: 0.258823544, 0.372549027, 0.203921571, 0.235294119
vb0[66]+024 TANGENT: -0.17277275, -0.885283351, 0.431767195, 1

vb0[67]+000 POSITION: 0.0177868269, 1.13798213, 0.0540935881
vb0[67]+012 NORMAL: -0.767459571, -0.160600364, -0.620655537
vb0[67]+000 COLOR: 0.68235296, 0.709803939, 0.568627477, 0.235294119
vb0[67]+000 TEXCOORD: 0.68235296, 0.709803939, 0.568627477, 0.235294119
vb0[67]+000 TEXCOORD1: 0.68235296, 0.709803939, 0.568627477, 0.235294119
vb0[67]+000 TEXCOORD2: 0.68235296, 0.709803939, 0.568627477, 0.235294119
vb0[67]+000 TEXCOORD3: 0.68235296, 0.709803939, 0.568627477, 0.235294119
vb0[67]+024 TANGENT: -0.168508157, -0.883541107, 0.436989933, 1

vb0[68]+000 POSITION: 0.0267614312, 1.05723214, 0.0350317024
vb0[68]+012 NORMAL: -0.947820783, -0.0304280724, -0.317348212
vb0[68]+000 COLOR: 0.792156875, 0.227450982, 0.858823538, 0.235294119
vb0[68]+000 TEXCOORD: 0.792156875, 0.227450982, 0.858823538, 0.235294119
vb0[68]+000 TEXCOORD1: 0.792156875, 0.227450982, 0.858823538, 0.235294119
vb0[68]+000 TEXCOORD2: 0.792156875, 0.227450982, 0.858823538, 0.235294119
vb0[68]+000 TEXCOORD3: 0.792156875, 0.227450982, 0.858823538, 0.235294119
vb0[68]+024 TANGENT: -0.131546453, -0.869414449, 0.476249844, 1

vb0[69]+000 POSITION: -0.030047778, 1.07728076, 0.0977742672
vb0[69]+012 NORMAL: -0.427440494, -0.281395614, -0.85913384
vb0[69]+000 COLOR: 0.760784328, 0.149019614, 0.964705884, 0.737254918
vb0[69]+000 TEXCOORD: 0.760784328, 0.149019614, 0.964705884, 0.737254918
vb0[69]+000 TEXCOORD1: 0.760784328, 0.149019614, 0.964705884, 0.737254918
vb0[69]+000 TEXCOORD2: 0.760784328, 0.149019614, 0.964705884, 0.737254918
vb0[69]+000 TEXCOORD3: 0.760784328, 0.149019614, 0.964705884, 0.737254918
vb0[69]+024 TANGENT: -0.204387352, -0.895638943, 0.395040065, 1

vb0[70]+000 POSITION: -0.1154975, 1.09209681, 0.0208341051
vb0[70]+012 NORMAL: 0.769372463, -0.635855973, 0.0612628311
vb0[70]+000 COLOR: 0.956862748, 0.53725493, 0.925490201, 0.741176486
vb0[70]+000 TEXCOORD: 0.956862748, 0.53725493, 0.925490201, 0.741176486
vb0[70]+000 TEXCOORD1: 0.956862748, 0.53725493, 0.925490201, 0.741176486
vb0[70]+000 TEXCOORD2: 0.956862748, 0.53725493, 0.925490201, 0.741176486
vb0[70]+000 TEXCOORD3: 0.956862748, 0.53725493, 0.925490201, 0.741176486
vb0[70]+024 TANGENT: 0.637022614, 0.756544888, -0.147790223, 1

vb0[71]+000 POSITION: -0.0517267659, 1.16751468, 0.00273918943
vb0[71]+012 NORMAL: 0.768766224, -0.637332141, 0.0529743582
vb0[71]+000 COLOR: 0.447058827, 0.874509811, 0.325490206, 0.741176486
vb0[71]+000 TEXCOORD: 0.447058827, 0.874509811, 0.325490206, 0.741176486
vb0[71]+000 TEXCOORD1: 0.447058827, 0.874509811, 0.325490206, 0.741176486
vb0[71]+000 TEXCOORD2: 0.447058827, 0.874509811, 0.325490206, 0.741176486
vb0[71]+000 TEXCOORD3: 0.447058827, 0.874509811, 0.325490206, 0.741176486
vb0[71]+024 TANGENT: 0.637236357, 0.756367862, -0.147775248, 1

vb0[72]+000 POSITION: -0.0880079716, 1.09902132, 0.0731641129
vb0[72]+012 NORMAL: 0.698878586, -0.658137679, -0.280042201
vb0[72]+000 COLOR: 0.525490224, 0.239215687, 0.70588237, 0.741176486
vb0[72]+000 TEXCOORD: 0.525490224, 0.239215687, 0.70588237, 0.741176486
vb0[72]+000 TEXCOORD1: 0.525490224, 0.239215687, 0.70588237, 0.741176486
vb0[72]+000 TEXCOORD2: 0.525490224, 0.239215687, 0.70588237, 0.741176486
vb0[72]+000 TEXCOORD3: 0.525490224, 0.239215687, 0.70588237, 0.741176486
vb0[72]+024 TANGENT: 0.646224558, 0.748830974, -0.147125781, 1

vb0[73]+000 POSITION: -0.0972025692, 1.0785656, -0.0333093926
vb0[73]+012 NORMAL: 0.747712076, -0.539285004, 0.387425214
vb0[73]+000 COLOR: 0.141176477, 0.0705882385, 0.78039217, 0.741176486
vb0[73]+000 TEXCOORD: 0.141176477, 0.0705882385, 0.78039217, 0.741176486
vb0[73]+000 TEXCOORD1: 0.141176477, 0.0705882385, 0.78039217, 0.741176486
vb0[73]+000 TEXCOORD2: 0.141176477, 0.0705882385, 0.78039217, 0.741176486
vb0[73]+000 TEXCOORD3: 0.141176477, 0.0705882385, 0.78039217, 0.741176486
vb0[73]+024 TANGENT: 0.627927721, 0.763988316, -0.14842014, 1

vb0[74]+000 POSITION: -0.0579989888, 1.05284822, -0.0604524538
vb0[74]+012 NORMAL: -0.0158390924, -0.15379627, 0.987975657
vb0[74]+000 COLOR: 0.349019617, 0.564705908, 0.427450985, 0.741176486
vb0[74]+000 TEXCOORD: 0.349019617, 0.564705908, 0.427450985, 0.741176486
vb0[74]+000 TEXCOORD1: 0.349019617, 0.564705908, 0.427450985, 0.741176486
vb0[74]+000 TEXCOORD2: 0.349019617, 0.564705908, 0.427450985, 0.741176486
vb0[74]+000 TEXCOORD3: 0.349019617, 0.564705908, 0.427450985, 0.741176486
vb0[74]+024 TANGENT: 0.116516665, 0.98108381, 0.154591426, 1

vb0[75]+000 POSITION: -0.0475920141, 1.1292522, -0.0483919643
vb0[75]+012 NORMAL: 0.0366228633, -0.160681814, 0.986326575
vb0[75]+000 COLOR: 0.847058833, 0.937254906, 0.258823544, 0.741176486
vb0[75]+000 TEXCOORD: 0.847058833, 0.937254906, 0.258823544, 0.741176486
vb0[75]+000 TEXCOORD1: 0.847058833, 0.937254906, 0.258823544, 0.741176486
vb0[75]+000 TEXCOORD2: 0.847058833, 0.937254906, 0.258823544, 0.741176486
vb0[75]+000 TEXCOORD3: 0.847058833, 0.937254906, 0.258823544, 0.741176486
vb0[75]+024 TANGENT: 0.116400085, 0.980956376, 0.155484945, 1

vb0[76]+000 POSITION: -0.100617103, 1.06555223, -0.0386404283
vb0[76]+012 NORMAL: 0.399898261, -0.195810512, 0.895399153
vb0[76]+000 COLOR: 0.34117648, 0.0627451017, 0.807843149, 0.741176486
vb0[76]+000 TEXCOORD: 0.34117648, 0.0627451017, 0.807843149, 0.741176486
vb0[76]+000 TEXCOORD1: 0.34117648, 0.0627451017, 0.807843149, 0.741176486
vb0[76]+000 TEXCOORD2: 0.34117648, 0.0627451017, 0.807843149, 0.741176486
vb0[76]+000 TEXCOORD3: 0.34117648, 0.0627451017, 0.807843149, 0.741176486
vb0[76]+024 TANGENT: 0.115778841, 0.979879558, 0.162576616, 1

vb0[77]+000 POSITION: -0.0158870742, 1.04648125, -0.0434359647
vb0[77]+012 NORMAL: -0.385032505, -0.0925029814, 0.918255568
vb0[77]+000 COLOR: 0.611764729, 0.145098045, 0.509803951, 0.737254918
vb0[77]+000 TEXCOORD: 0.611764729, 0.145098045, 0.509803951, 0.737254918
vb0[77]+000 TEXCOORD1: 0.611764729, 0.145098045, 0.509803951, 0.737254918
vb0[77]+000 TEXCOORD2: 0.611764729, 0.145098045, 0.509803951, 0.737254918
vb0[77]+000 TEXCOORD3: 0.611764729, 0.145098045, 0.509803951, 0.737254918
vb0[77]+024 TANGENT: 0.117153764, 0.982016504, 0.148049682, 1

vb0[78]+000 POSITION: -0.0335749313, 0.774857938, 0.0146408174
vb0[78]+012 NORMAL: 0.661916673, -0.633912086, 0.400027424
vb0[78]+000 COLOR: 0.870588243, 0.521568656, 0.0352941193, 0.741176486
vb0[78]+000 TEXCOORD: 0.870588243, 0.521568656, 0.0352941193, 0.741176486
vb0[78]+000 TEXCOORD1: 0.870588243, 0.521568656, 0.0352941193, 0.741176486
vb0[78]+000 TEXCOORD2: 0.870588243, 0.521568656, 0.0352941193, 0.741176486
vb0[78]+000 TEXCOORD3: 0.870588243, 0.521568656, 0.0352941193, 0.741176486
vb0[78]+024 TANGENT: -0.437894464, 0.106120944, 0.892741203, -1

vb0[79]+000 POSITION: 0.0383358486, 0.843013585, 0.00365595217
vb0[79]+012 NORMAL: 0.661916673, -0.633912027, 0.400027424
vb0[79]+000 COLOR: 0.0509803928, 0.0235294122, 0.113725491, 0.239215687
vb0[79]+000 TEXCOORD: 0.0509803928, 0.0235294122, 0.113725491, 0.239215687
vb0[79]+000 TEXCOORD1: 0.0509803928, 0.0235294122, 0.113725491, 0.239215687
vb0[79]+000 TEXCOORD2: 0.0509803928, 0.0235294122, 0.113725491, 0.239215687
vb0[79]+000 TEXCOORD3: 0.0509803928, 0.0235294122, 0.113725491, 0.239215687
vb0[79]+024 TANGENT: -0.437894464, 0.106120929, 0.892741203, -1

vb0[80]+000 POSITION: -0.0489626415, 0.776587486, 0.0428433456
vb0[80]+012 NORMAL: 0.661916673, -0.633912027, 0.400027454
vb0[80]+000 COLOR: 0.0509803928, 0.552941203, 0.282352954, 0.741176486
vb0[80]+000 TEXCOORD: 0.0509803928, 0.552941203, 0.282352954, 0.741176486
vb0[80]+000 TEXCOORD1: 0.0509803928, 0.552941203, 0.282352954, 0.741176486
vb0[80]+000 TEXCOORD2: 0.0509803928, 0.552941203, 0.282352954, 0.741176486
vb0[80]+000 TEXCOORD3: 0.0509803928, 0.552941203, 0.282352954, 0.741176486
vb0[80]+024 TANGENT: -0.437894464, 0.106120944, 0.892741203, -1

vb0[81]+000 POSITION: -0.048962567, 0.777620554, 0.0428433828
vb0[81]+012 NORMAL: -0.663062155, 0.632378519, -0.40055719
vb0[81]+000 COLOR: 0.97647059, 0.549019635, 0.282352954, 0.741176486
vb0[81]+000 TEXCOORD: 0.97647059, 0.549019635, 0.282352954, 0.741176486
vb0[81]+000 TEXCOORD1: 0.97647059, 0.549019635, 0.282352954, 0.741176486
vb0[81]+000 TEXCOORD2: 0.97647059, 0.549019635, 0.282352954, 0.741176486
vb0[81]+000 TEXCOORD3: 0.97647059, 0.549019635, 0.282352954, 0.741176486
vb0[81]+024 TANGENT: -0.437883228, 0.106332265, 0.892721474, 1

vb0[82]+000 POSITION: 0.0383359455, 0.844332993, 0.00365598919
vb0[82]+012 NORMAL: -0.663062155, 0.632378519, -0.40055719
vb0[82]+000 COLOR: 0.152941182, 0.0235294122, 0.113725491, 0.239215687
vb0[82]+000 TEXCOORD: 0.152941182, 0.0235294122, 0.113725491, 0.239215687
vb0[82]+000 TEXCOORD1: 0.152941182, 0.0235294122, 0.113725491, 0.239215687
vb0[82]+000 TEXCOORD2: 0.152941182, 0.0235294122, 0.113725491, 0.239215687
vb0[82]+000 TEXCOORD3: 0.152941182, 0.0235294122, 0.113725491, 0.239215687
vb0[82]+024 TANGENT: -0.437883228, 0.106332257, 0.892721534, 1

vb0[83]+000 POSITION: -0.0335748941, 0.775890946, 0.0146408333
vb0[83]+012 NORMAL: -0.663062155, 0.632378519, -0.40055719
vb0[83]+000 COLOR: 0.831372559, 0.521568656, 0.0352941193, 0.741176486
vb0[83]+000 TEXCOORD: 0.831372559, 0.521568656, 0.0352941193, 0.741176486
vb0[83]+000 TEXCOORD1: 0.831372559, 0.521568656, 0.0352941193, 0.741176486
vb0[83]+000 TEXCOORD2: 0.831372559, 0.521568656, 0.0352941193, 0.741176486
vb0[83]+000 TEXCOORD3: 0.831372559, 0.521568656, 0.0352941193, 0.741176486
vb0[83]+024 TANGENT: -0.437883228, 0.10633228, 0.892721474, 1

vb0[84]+000 POSITION: 0.0235713646, -0.0334853381, 0.0706225857
vb0[84]+012 NORMAL: 0.769014955, -0.61486733, -0.174797416
vb0[84]+000 COLOR: 0.737254918, 0.0941176489, 0.75686276, 0.235294119
vb0[84]+000 TEXCOORD: 0.737254918, 0.0941176489, 0.75686276, 0.235294119
vb0[84]+000 TEXCOORD1: 0.737254918, 0.0941176489, 0.75686276, 0.235294119
vb0[84]+000 TEXCOORD2: 0.737254918, 0.0941176489, 0.75686276, 0.235294119
vb0[84]+000 TEXCOORD3: 0.737254918, 0.0941176489, 0.75686276, 0.235294119
vb0[84]+024 TANGENT: -0.128239363, -0.416286409, 0.900144517, -1

vb0[85]+000 POSITION: 0.00109071017, -0.0334853008, -0.0282803643
vb0[85]+012 NORMAL: 0.769014955, -0.614867389, -0.174797416
vb0[85]+000 COLOR: 0.160784319, 0.964705884, 0.556862772, 0.227450982
vb0[85]+000 TEXCOORD: 0.160784319, 0.964705884, 0.556862772, 0.227450982
vb0[85]+000 TEXCOORD1: 0.160784319, 0.964705884, 0.556862772, 0.227450982
vb0[85]+000 TEXCOORD2: 0.160784319, 0.964705884, 0.556862772, 0.227450982
vb0[85]+000 TEXCOORD3: 0.160784319, 0.964705884, 0.556862772, 0.227450982
vb0[85]+024 TANGENT: -0.128239393, -0.416286439, 0.900144517, -1

vb0[86]+000 POSITION: 0.366504133, 0.357030869, 0.205663145
vb0[86]+012 NORMAL: 0.769014895, -0.614867389, -0.174797416
vb0[86]+000 COLOR: 0.431372553, 0.650980413, 0.733333349, 0.243137255
vb0[86]+000 TEXCOORD: 0.431372553, 0.650980413, 0.733333349, 0.243137255
vb0[86]+000 TEXCOORD1: 0.431372553, 0.650980413, 0.733333349, 0.243137255
vb0[86]+000 TEXCOORD2: 0.431372553, 0.650980413, 0.733333349, 0.243137255
vb0[86]+000 TEXCOORD3: 0.431372553, 0.650980413, 0.733333349, 0.243137255
vb0[86]+024 TANGENT: -0.128239393, -0.416286409, 0.900144517, -1

vb0[87]+000 POSITION: 0.366504133, 0.357030869, 0.205663145
vb0[87]+012 NORMAL: -0.076654695, -0.265061617, 0.961179674
vb0[87]+000 COLOR: 0.431372553, 0.650980413, 0.733333349, 0.243137255
vb0[87]+000 TEXCOORD: 0.431372553, 0.650980413, 0.733333349, 0.243137255
vb0[87]+000 TEXCOORD1: 0.431372553, 0.650980413, 0.733333349, 0.243137255
vb0[87]+000 TEXCOORD2: 0.431372553, 0.650980413, 0.733333349, 0.243137255
vb0[87]+000 TEXCOORD3: 0.431372553, 0.650980413, 0.733333349, 0.243137255
vb0[87]+024 TANGENT: -0.857840955, 0.508858979, 0.0719131231, -1

vb0[88]+000 POSITION: -0.0775333568, -0.0334855281, 0.0625593662
vb0[88]+012 NORMAL: -0.076654695, -0.265061617, 0.961179674
vb0[88]+000 COLOR: 0.811764717, 0.788235307, 0.619607866, 0.741176486
vb0[88]+000 TEXCOORD: 0.811764717, 0.788235307, 0.619607866, 0.741176486
vb0[88]+000 TEXCOORD1: 0.811764717, 0.788235307, 0.619607866, 0.741176486
vb0[88]+000 TEXCOORD2: 0.811764717, 0.788235307, 0.619607866, 0.741176486
vb0[88]+000 TEXCOORD3: 0.811764717, 0.788235307, 0.619607866, 0.741176486
vb0[88]+024 TANGENT: -0.857840955, 0.508858979, 0.0719131231, -1

vb0[89]+000 POSITION: 0.0235713646, -0.0334853381, 0.0706225857
vb0[89]+012 NORMAL: -0.0766547024, -0.265061617, 0.961179674
vb0[89]+000 COLOR: 0.737254918, 0.0941176489, 0.75686276, 0.235294119
vb0[89]+000 TEXCOORD: 0.737254918, 0.0941176489, 0.75686276, 0.235294119
vb0[89]+000 TEXCOORD1: 0.737254918, 0.0941176489, 0.75686276, 0.235294119
vb0[89]+000 TEXCOORD2: 0.737254918, 0.0941176489, 0.75686276, 0.235294119
vb0[89]+000 TEXCOORD3: 0.737254918, 0.0941176489, 0.75686276, 0.235294119
vb0[89]+024 TANGENT: -0.857840896, 0.508858979, 0.0719131231, -1

vb0[90]+000 POSITION: -0.0881141275, -0.0401587971, 0.0585385598
vb0[90]+012 NORMAL: 0.0766550452, 0.26506117, -0.961179793
vb0[90]+000 COLOR: 0.180392161, 0.458823532, 0.70588237, 0.741176486
vb0[90]+000 TEXCOORD: 0.180392161, 0.458823532, 0.70588237, 0.741176486
vb0[90]+000 TEXCOORD1: 0.180392161, 0.458823532, 0.70588237, 0.741176486
vb0[90]+000 TEXCOORD2: 0.180392161, 0.458823532, 0.70588237, 0.741176486
vb0[90]+000 TEXCOORD3: 0.180392161, 0.458823532, 0.70588237, 0.741176486
vb0[90]+024 TANGENT: -0.857840717, 0.508859456, 0.0719127133, 1

vb0[91]+000 POSITION: 0.355923176, 0.350357592, 0.201642275
vb0[91]+012 NORMAL: 0.0766550377, 0.26506114, -0.961179793
vb0[91]+000 COLOR: 0.564705908, 0.23137255, 0.713725507, 0.243137255
vb0[91]+000 TEXCOORD: 0.564705908, 0.23137255, 0.713725507, 0.243137255
vb0[91]+000 TEXCOORD1: 0.564705908, 0.23137255, 0.713725507, 0.243137255
vb0[91]+000 TEXCOORD2: 0.564705908, 0.23137255, 0.713725507, 0.243137255
vb0[91]+000 TEXCOORD3: 0.564705908, 0.23137255, 0.713725507, 0.243137255
vb0[91]+024 TANGENT: -0.857840717, 0.508859396, 0.0719126984, 1

vb0[92]+000 POSITION: 0.0129906246, -0.0401586816, 0.0666017979
vb0[92]+012 NORMAL: 0.0766550377, 0.26506111, -0.961179793
vb0[92]+000 COLOR: 0.631372571, 0.839215696, 0.329411775, 0.235294119
vb0[92]+000 TEXCOORD: 0.631372571, 0.839215696, 0.329411775, 0.235294119
vb0[92]+000 TEXCOORD1: 0.631372571, 0.839215696, 0.329411775, 0.235294119
vb0[92]+000 TEXCOORD2: 0.631372571, 0.839215696, 0.329411775, 0.235294119
vb0[92]+000 TEXCOORD3: 0.631372571, 0.839215696, 0.329411775, 0.235294119
vb0[92]+024 TANGENT: -0.857840717, 0.508859456, 0.071912691, 1

vb0[93]+000 POSITION: 0.0129906246, -0.0401586816, 0.0666017979
vb0[93]+012 NORMAL: -0.769015133, 0.614866853, 0.174798295
vb0[93]+000 COLOR: 0.631372571, 0.839215696, 0.329411775, 0.235294119
vb0[93]+000 TEXCOORD: 0.631372571, 0.839215696, 0.329411775, 0.235294119
vb0[93]+000 TEXCOORD1: 0.631372571, 0.839215696, 0.329411775, 0.235294119
vb0[93]+000 TEXCOORD2: 0.631372571, 0.839215696, 0.329411775, 0.235294119
vb0[93]+000 TEXCOORD3: 0.631372571, 0.839215696, 0.329411775, 0.235294119
vb0[93]+024 TANGENT: -0.128237873, -0.41628629, 0.900144815, 1

vb0[94]+000 POSITION: 0.355923176, 0.350357592, 0.201642275
vb0[94]+012 NORMAL: -0.769015133, 0.614866853, 0.174798325
vb0[94]+000 COLOR: 0.564705908, 0.23137255, 0.713725507, 0.243137255
vb0[94]+000 TEXCOORD: 0.564705908, 0.23137255, 0.713725507, 0.243137255
vb0[94]+000 TEXCOORD1: 0.564705908, 0.23137255, 0.713725507, 0.243137255
vb0[94]+000 TEXCOORD2: 0.564705908, 0.23137255, 0.713725507, 0.243137255
vb0[94]+000 TEXCOORD3: 0.564705908, 0.23137255, 0.713725507, 0.243137255
vb0[94]+024 TANGENT: -0.128237873, -0.41628629, 0.900144815, 1

vb0[95]+000 POSITION: -0.00949015282, -0.040158648, -0.0323012136
vb0[95]+012 NORMAL: -0.769015133, 0.614866853, 0.174798325
vb0[95]+000 COLOR: 0.588235319, 0.486274511, 0.105882354, 0.737254918
vb0[95]+000 TEXCOORD: 0.588235319, 0.486274511, 0.105882354, 0.737254918
vb0[95]+000 TEXCOORD1: 0.588235319, 0.486274511, 0.105882354, 0.737254918
vb0[95]+000 TEXCOORD2: 0.588235319, 0.486274511, 0.105882354, 0.737254918
vb0[95]+000 TEXCOORD3: 0.588235319, 0.486274511, 0.105882354, 0.737254918
vb0[95]+024 TANGENT: -0.128237873, -0.416286349, 0.900144815, 1

vb0[96]+000 POSITION: 0.054879874, -0.0134721892, -0.00529297208
vb0[96]+012 NORMAL: 0.528127849, -0.57071656, -0.628779411
vb0[96]+000 COLOR: 0.721568644, 0.788235307, 0.376470596, 0.239215687
vb0[96]+000 TEXCOORD: 0.721568644, 0.788235307, 0.376470596, 0.239215687
vb0[96]+000 TEXCOORD1: 0.721568644, 0.788235307, 0.376470596, 0.239215687
vb0[96]+000 TEXCOORD2: 0.721568644, 0.788235307, 0.376470596, 0.239215687
vb0[96]+000 TEXCOORD3: 0.721568644, 0.788235307, 0.376470596, 0.239215687
vb0[96]+024 TANGENT: 0.238770679, -0.610787272, 0.754935384, -1

vb0[97]+000 POSITION: -0.00455590524, -0.0134721696, -0.0552146174
vb0[97]+012 NORMAL: 0.52812773, -0.57071656, -0.628779411
vb0[97]+000 COLOR: 0.70588237, 0.286274523, 0.58431375, 0.733333349
vb0[97]+000 TEXCOORD: 0.70588237, 0.286274523, 0.58431375, 0.733333349
vb0[97]+000 TEXCOORD1: 0.70588237, 0.286274523, 0.58431375, 0.733333349
vb0[97]+000 TEXCOORD2: 0.70588237, 0.286274523, 0.58431375, 0.733333349
vb0[97]+000 TEXCOORD3: 0.70588237, 0.286274523, 0.58431375, 0.733333349
vb0[97]+024 TANGENT: 0.238770694, -0.610787272, 0.754935384, -1

vb0[98]+000 POSITION: 0.439008057, 0.504431069, -0.152732909
vb0[98]+012 NORMAL: 0.528127789, -0.57071656, -0.628779471
vb0[98]+000 COLOR: 0.666666687, 0.772549033, 0.87843138, 0.243137255
vb0[98]+000 TEXCOORD: 0.666666687, 0.772549033, 0.87843138, 0.243137255
vb0[98]+000 TEXCOORD1: 0.666666687, 0.772549033, 0.87843138, 0.243137255
vb0[98]+000 TEXCOORD2: 0.666666687, 0.772549033, 0.87843138, 0.243137255
vb0[98]+000 TEXCOORD3: 0.666666687, 0.772549033, 0.87843138, 0.243137255
vb0[98]+024 TANGENT: 0.238770679, -0.610787213, 0.754935384, -1

vb0[99]+000 POSITION: 0.439008057, 0.504431069, -0.152732909
vb0[99]+012 NORMAL: 0.698215425, -0.338245571, 0.630939901
vb0[99]+000 COLOR: 0.666666687, 0.772549033, 0.87843138, 0.243137255
vb0[99]+000 TEXCOORD: 0.666666687, 0.772549033, 0.87843138, 0.243137255
vb0[99]+000 TEXCOORD1: 0.666666687, 0.772549033, 0.87843138, 0.243137255
vb0[99]+000 TEXCOORD2: 0.666666687, 0.772549033, 0.87843138, 0.243137255
vb0[99]+000 TEXCOORD3: 0.666666687, 0.772549033, 0.87843138, 0.243137255
vb0[99]+024 TANGENT: -0.202761799, 0.751813054, 0.627427101, -1

vb0[100]+000 POSITION: 0.00180557906, -0.0134722106, 0.0534405075
vb0[100]+012 NORMAL: 0.698215425, -0.338245571, 0.630939841
vb0[100]+000 COLOR: 0.180392161, 0.662745118, 0.925490201, 0.227450982
vb0[100]+000 TEXCOORD: 0.180392161, 0.662745118, 0.925490201, 0.227450982
vb0[100]+000 TEXCOORD1: 0.180392161, 0.662745118, 0.925490201, 0.227450982
vb0[100]+000 TEXCOORD2: 0.180392161, 0.662745118, 0.925490201, 0.227450982
vb0[100]+000 TEXCOORD3: 0.180392161, 0.662745118, 0.925490201, 0.227450982
vb0[100]+024 TANGENT: -0.202761829, 0.751813054, 0.627427161, -1

vb0[101]+000 POSITION: 0.054879874, -0.0134721892, -0.00529297208
vb0[101]+012 NORMAL: 0.698215425, -0.338245511, 0.630939841
vb0[101]+000 COLOR: 0.721568644, 0.788235307, 0.376470596, 0.239215687
vb0[101]+000 TEXCOORD: 0.721568644, 0.788235307, 0.376470596, 0.239215687
vb0[101]+000 TEXCOORD1: 0.721568644, 0.788235307, 0.376470596, 0.239215687
vb0[101]+000 TEXCOORD2: 0.721568644, 0.788235307, 0.376470596, 0.239215687
vb0[101]+000 TEXCOORD3: 0.721568644, 0.788235307, 0.376470596, 0.239215687
vb0[101]+024 TANGENT: -0.202761799, 0.751813054, 0.627427101, -1

vb0[102]+000 POSITION: 0.00180548232, -0.0121527184, 0.0534404777
vb0[102]+012 NORMAL: -0.698175728, 0.338391155, -0.630905747
vb0[102]+000 COLOR: 0.937254906, 0.647058845, 0.925490201, 0.227450982
vb0[102]+000 TEXCOORD: 0.937254906, 0.647058845, 0.925490201, 0.227450982
vb0[102]+000 TEXCOORD1: 0.937254906, 0.647058845, 0.925490201, 0.227450982
vb0[102]+000 TEXCOORD2: 0.937254906, 0.647058845, 0.925490201, 0.227450982
vb0[102]+000 TEXCOORD3: 0.937254906, 0.647058845, 0.925490201, 0.227450982
vb0[102]+024 TANGENT: -0.20256196, 0.751865506, 0.62742883, 1

vb0[103]+000 POSITION: 0.439158648, 0.505741298, -0.152768806
vb0[103]+012 NORMAL: -0.698175728, 0.338391155, -0.630905747
vb0[103]+000 COLOR: 0.403921574, 0.850980401, 0.87843138, 0.243137255
vb0[103]+000 TEXCOORD: 0.403921574, 0.850980401, 0.87843138, 0.243137255
vb0[103]+000 TEXCOORD1: 0.403921574, 0.850980401, 0.87843138, 0.243137255
vb0[103]+000 TEXCOORD2: 0.403921574, 0.850980401, 0.87843138, 0.243137255
vb0[103]+000 TEXCOORD3: 0.403921574, 0.850980401, 0.87843138, 0.243137255
vb0[103]+024 TANGENT: -0.202561945, 0.751865447, 0.62742883, 1

vb0[104]+000 POSITION: 0.054879874, -0.0121527929, -0.00529297767
vb0[104]+012 NORMAL: -0.698175728, 0.338391155, -0.630905807
vb0[104]+000 COLOR: 0.721568644, 0.788235307, 0.376470596, 0.239215687
vb0[104]+000 TEXCOORD: 0.721568644, 0.788235307, 0.376470596, 0.239215687
vb0[104]+000 TEXCOORD1: 0.721568644, 0.788235307, 0.376470596, 0.239215687
vb0[104]+000 TEXCOORD2: 0.721568644, 0.788235307, 0.376470596, 0.239215687
vb0[104]+000 TEXCOORD3: 0.721568644, 0.788235307, 0.376470596, 0.239215687
vb0[104]+024 TANGENT: -0.202561975, 0.751865506, 0.62742871, 1

vb0[105]+000 POSITION: 0.054879874, -0.0121527929, -0.00529297767
vb0[105]+012 NORMAL: -0.528065026, 0.570856214, 0.628705323
vb0[105]+000 COLOR: 0.721568644, 0.788235307, 0.376470596, 0.239215687
vb0[105]+000 TEXCOORD: 0.721568644, 0.788235307, 0.376470596, 0.239215687
vb0[105]+000 TEXCOORD1: 0.721568644, 0.788235307, 0.376470596, 0.239215687
vb0[105]+000 TEXCOORD2: 0.721568644, 0.788235307, 0.376470596, 0.239215687
vb0[105]+000 TEXCOORD3: 0.721568644, 0.788235307, 0.376470596, 0.239215687
vb0[105]+024 TANGENT: 0.238596424, -0.61078763, 0.75499022, 1

vb0[106]+000 POSITION: 0.439158648, 0.505741298, -0.152768806
vb0[106]+012 NORMAL: -0.528065026, 0.570856214, 0.628705382
vb0[106]+000 COLOR: 0.403921574, 0.850980401, 0.87843138, 0.243137255
vb0[106]+000 TEXCOORD: 0.403921574, 0.850980401, 0.87843138, 0.243137255
vb0[106]+000 TEXCOORD1: 0.403921574, 0.850980401, 0.87843138, 0.243137255
vb0[106]+000 TEXCOORD2: 0.403921574, 0.850980401, 0.87843138, 0.243137255
vb0[106]+000 TEXCOORD3: 0.403921574, 0.850980401, 0.87843138, 0.243137255
vb0[106]+024 TANGENT: 0.238596454, -0.61078769, 0.75499016, 1

vb0[107]+000 POSITION: -0.00455585681, -0.0121526765, -0.0552146174
vb0[107]+012 NORMAL: -0.528065026, 0.570856273, 0.628705323
vb0[107]+000 COLOR: 0.298039228, 0.286274523, 0.58431375, 0.733333349
vb0[107]+000 TEXCOORD: 0.298039228, 0.286274523, 0.58431375, 0.733333349
vb0[107]+000 TEXCOORD1: 0.298039228, 0.286274523, 0.58431375, 0.733333349
vb0[107]+000 TEXCOORD2: 0.298039228, 0.286274523, 0.58431375, 0.733333349
vb0[107]+000 TEXCOORD3: 0.298039228, 0.286274523, 0.58431375, 0.733333349
vb0[107]+024 TANGENT: 0.238596454, -0.61078763, 0.75499022, 1

vb0[108]+000 POSITION: -0.0714725405, 0.0162498336, -0.0042622583
vb0[108]+012 NORMAL: -0.74222672, -0.63616842, 0.210687324
vb0[108]+000 COLOR: 0.196078435, 0.376470596, 0.572549045, 0.741176486
vb0[108]+000 TEXCOORD: 0.196078435, 0.376470596, 0.572549045, 0.741176486
vb0[108]+000 TEXCOORD1: 0.196078435, 0.376470596, 0.572549045, 0.741176486
vb0[108]+000 TEXCOORD2: 0.196078435, 0.376470596, 0.572549045, 0.741176486
vb0[108]+000 TEXCOORD3: 0.196078435, 0.376470596, 0.572549045, 0.741176486
vb0[108]+024 TANGENT: 0.108195148, -0.42402032, -0.899166644, -1

vb0[109]+000 POSITION: -0.0440081693, 0.0162496995, 0.0924910977
vb0[109]+012 NORMAL: -0.742226779, -0.636168361, 0.210687324
vb0[109]+000 COLOR: 0.913725495, 0.254901975, 0.203921571, 0.741176486
vb0[109]+000 TEXCOORD: 0.913725495, 0.254901975, 0.203921571, 0.741176486
vb0[109]+000 TEXCOORD1: 0.913725495, 0.254901975, 0.203921571, 0.741176486
vb0[109]+000 TEXCOORD2: 0.913725495, 0.254901975, 0.203921571, 0.741176486
vb0[109]+000 TEXCOORD3: 0.913725495, 0.254901975, 0.203921571, 0.741176486
vb0[109]+024 TANGENT: 0.108195111, -0.42402032, -0.899166644, -1

vb0[110]+000 POSITION: -0.440276176, 0.403494298, -0.134233266
vb0[110]+012 NORMAL: -0.742226779, -0.636168361, 0.210687324
vb0[110]+000 COLOR: 0.882352948, 0.419607848, 0.882352948, 0.745098054
vb0[110]+000 TEXCOORD: 0.882352948, 0.419607848, 0.882352948, 0.745098054
vb0[110]+000 TEXCOORD1: 0.882352948, 0.419607848, 0.882352948, 0.745098054
vb0[110]+000 TEXCOORD2: 0.882352948, 0.419607848, 0.882352948, 0.745098054
vb0[110]+000 TEXCOORD3: 0.882352948, 0.419607848, 0.882352948, 0.745098054
vb0[110]+024 TANGENT: 0.108195111, -0.42402032, -0.899166644, -1

vb0[111]+000 POSITION: -0.440276176, 0.403494298, -0.134233266
vb0[111]+012 NORMAL: 0.0253081713, -0.296339363, -0.954747379
vb0[111]+000 COLOR: 0.882352948, 0.419607848, 0.882352948, 0.745098054
vb0[111]+000 TEXCOORD: 0.882352948, 0.419607848, 0.882352948, 0.745098054
vb0[111]+000 TEXCOORD1: 0.882352948, 0.419607848, 0.882352948, 0.745098054
vb0[111]+000 TEXCOORD2: 0.882352948, 0.419607848, 0.882352948, 0.745098054
vb0[111]+000 TEXCOORD3: 0.882352948, 0.419607848, 0.882352948, 0.745098054
vb0[111]+024 TANGENT: 0.839567184, 0.52474159, -0.140616953, -1

vb0[112]+000 POSITION: 0.0290681142, 0.0162498318, -0.00159715593
vb0[112]+012 NORMAL: 0.0253081713, -0.296339363, -0.954747379
vb0[112]+000 COLOR: 0.254901975, 0.125490203, 0.933333337, 0.235294119
vb0[112]+000 TEXCOORD: 0.254901975, 0.125490203, 0.933333337, 0.235294119
vb0[112]+000 TEXCOORD1: 0.254901975, 0.125490203, 0.933333337, 0.235294119
vb0[112]+000 TEXCOORD2: 0.254901975, 0.125490203, 0.933333337, 0.235294119
vb0[112]+000 TEXCOORD3: 0.254901975, 0.125490203, 0.933333337, 0.235294119
vb0[112]+024 TANGENT: 0.839567184, 0.52474153, -0.140616953, -1

vb0[113]+000 POSITION: -0.0714725405, 0.0162498336, -0.0042622583
vb0[113]+012 NORMAL: 0.0253081713, -0.296339303, -0.954747379
vb0[113]+000 COLOR: 0.196078435, 0.376470596, 0.572549045, 0.741176486
vb0[113]+000 TEXCOORD: 0.196078435, 0.376470596, 0.572549045, 0.741176486
vb0[113]+000 TEXCOORD1: 0.196078435, 0.376470596, 0.572549045, 0.741176486
vb0[113]+000 TEXCOORD2: 0.196078435, 0.376470596, 0.572549045, 0.741176486
vb0[113]+000 TEXCOORD3: 0.196078435, 0.376470596, 0.572549045, 0.741176486
vb0[113]+024 TANGENT: 0.839567184, 0.52474159, -0.140616953, -1

vb0[114]+000 POSITION: 0.0290681142, 0.0175691303, -0.00159717991
vb0[114]+012 NORMAL: -0.0253082719, 0.296339035, 0.954747498
vb0[114]+000 COLOR: 0.254901975, 0.125490203, 0.933333337, 0.235294119
vb0[114]+000 TEXCOORD: 0.254901975, 0.125490203, 0.933333337, 0.235294119
vb0[114]+000 TEXCOORD1: 0.254901975, 0.125490203, 0.933333337, 0.235294119
vb0[114]+000 TEXCOORD2: 0.254901975, 0.125490203, 0.933333337, 0.235294119
vb0[114]+000 TEXCOORD3: 0.254901975, 0.125490203, 0.933333337, 0.235294119
vb0[114]+024 TANGENT: 0.839567065, 0.524741948, -0.140616834, 1

vb0[115]+000 POSITION: -0.440276176, 0.404813647, -0.134233266
vb0[115]+012 NORMAL: -0.0253082737, 0.296339035, 0.954747498
vb0[115]+000 COLOR: 0.882352948, 0.419607848, 0.882352948, 0.745098054
vb0[115]+000 TEXCOORD: 0.882352948, 0.419607848, 0.882352948, 0.745098054
vb0[115]+000 TEXCOORD1: 0.882352948, 0.419607848, 0.882352948, 0.745098054
vb0[115]+000 TEXCOORD2: 0.882352948, 0.419607848, 0.882352948, 0.745098054
vb0[115]+000 TEXCOORD3: 0.882352948, 0.419607848, 0.882352948, 0.745098054
vb0[115]+024 TANGENT: 0.839567065, 0.524741948, -0.140616789, 1

vb0[116]+000 POSITION: -0.0714724883, 0.0175691321, -0.00426229229
vb0[116]+012 NORMAL: -0.0253082719, 0.296339035, 0.954747498
vb0[116]+000 COLOR: 0.168627456, 0.376470596, 0.572549045, 0.741176486
vb0[116]+000 TEXCOORD: 0.168627456, 0.376470596, 0.572549045, 0.741176486
vb0[116]+000 TEXCOORD1: 0.168627456, 0.376470596, 0.572549045, 0.741176486
vb0[116]+000 TEXCOORD2: 0.168627456, 0.376470596, 0.572549045, 0.741176486
vb0[116]+000 TEXCOORD3: 0.168627456, 0.376470596, 0.572549045, 0.741176486
vb0[116]+024 TANGENT: 0.839567065, 0.524741948, -0.140616819, 1

vb0[117]+000 POSITION: -0.0714724883, 0.0175691321, -0.00426229229
vb0[117]+012 NORMAL: 0.742226899, 0.63616842, -0.210687175
vb0[117]+000 COLOR: 0.168627456, 0.376470596, 0.572549045, 0.741176486
vb0[117]+000 TEXCOORD: 0.168627456, 0.376470596, 0.572549045, 0.741176486
vb0[117]+000 TEXCOORD1: 0.168627456, 0.376470596, 0.572549045, 0.741176486
vb0[117]+000 TEXCOORD2: 0.168627456, 0.376470596, 0.572549045, 0.741176486
vb0[117]+000 TEXCOORD3: 0.168627456, 0.376470596, 0.572549045, 0.741176486
vb0[117]+024 TANGENT: 0.108196072, -0.424021035, -0.899166167, 1

vb0[118]+000 POSITION: -0.440276176, 0.404813647, -0.134233266
vb0[118]+012 NORMAL: 0.742226899, 0.63616842, -0.210687175
vb0[118]+000 COLOR: 0.882352948, 0.419607848, 0.882352948, 0.745098054
vb0[118]+000 TEXCOORD: 0.882352948, 0.419607848, 0.882352948, 0.745098054
vb0[118]+000 TEXCOORD1: 0.882352948, 0.419607848, 0.882352948, 0.745098054
vb0[118]+000 TEXCOORD2: 0.882352948, 0.419607848, 0.882352948, 0.745098054
vb0[118]+000 TEXCOORD3: 0.882352948, 0.419607848, 0.882352948, 0.745098054
vb0[118]+024 TANGENT: 0.108196072, -0.424021035, -0.899166167, 1

vb0[119]+000 POSITION: -0.044008214, 0.0175690968, 0.0924910977
vb0[119]+012 NORMAL: 0.742226779, 0.63616842, -0.210687146
vb0[119]+000 COLOR: 0.960784316, 0.254901975, 0.203921571, 0.741176486
vb0[119]+000 TEXCOORD: 0.960784316, 0.254901975, 0.203921571, 0.741176486
vb0[119]+000 TEXCOORD1: 0.960784316, 0.254901975, 0.203921571, 0.741176486
vb0[119]+000 TEXCOORD2: 0.960784316, 0.254901975, 0.203921571, 0.741176486
vb0[119]+000 TEXCOORD3: 0.960784316, 0.254901975, 0.203921571, 0.741176486
vb0[119]+024 TANGENT: 0.108196072, -0.424021035, -0.899166167, 1

vb0[120]+000 POSITION: -0.0327888466, -0.024592068, 0.0385146216
vb0[120]+012 NORMAL: -0.190468714, -0.692932546, 0.695389152
vb0[120]+000 COLOR: 0.600000024, 0.301960796, 0.0235294122, 0.741176486
vb0[120]+000 TEXCOORD: 0.600000024, 0.301960796, 0.0235294122, 0.741176486
vb0[120]+000 TEXCOORD1: 0.600000024, 0.301960796, 0.0235294122, 0.741176486
vb0[120]+000 TEXCOORD2: 0.600000024, 0.301960796, 0.0235294122, 0.741176486
vb0[120]+000 TEXCOORD3: 0.600000024, 0.301960796, 0.0235294122, 0.741176486
vb0[120]+024 TANGENT: 0.828630686, 0.266348541, 0.49237144, -1

vb0[121]+000 POSITION: 0.0869757161, -0.0315897055, 0.0643454939
vb0[121]+012 NORMAL: -0.190468729, -0.692932546, 0.695389152
vb0[121]+000 COLOR: 0.325490206, 0.125490203, 0.698039234, 0.239215687
vb0[121]+000 TEXCOORD: 0.325490206, 0.125490203, 0.698039234, 0.239215687
vb0[121]+000 TEXCOORD1: 0.325490206, 0.125490203, 0.698039234, 0.239215687
vb0[121]+000 TEXCOORD2: 0.325490206, 0.125490203, 0.698039234, 0.239215687
vb0[121]+000 TEXCOORD3: 0.325490206, 0.125490203, 0.698039234, 0.239215687
vb0[121]+024 TANGENT: 0.828630686, 0.266348481, 0.49237147, -1

vb0[122]+000 POSITION: -0.246454507, 0.156507954, 0.160451353
vb0[122]+012 NORMAL: -0.190468714, -0.692932606, 0.695389152
vb0[122]+000 COLOR: 0.572549045, 0.368627459, 0.486274511, 0.745098054
vb0[122]+000 TEXCOORD: 0.572549045, 0.368627459, 0.486274511, 0.745098054
vb0[122]+000 TEXCOORD1: 0.572549045, 0.368627459, 0.486274511, 0.745098054
vb0[122]+000 TEXCOORD2: 0.572549045, 0.368627459, 0.486274511, 0.745098054
vb0[122]+000 TEXCOORD3: 0.572549045, 0.368627459, 0.486274511, 0.745098054
vb0[122]+024 TANGENT: 0.828630686, 0.266348511, 0.49237147, -1

vb0[123]+000 POSITION: -0.246454507, 0.156507954, 0.160451353
vb0[123]+012 NORMAL: -0.707346976, -0.654086351, -0.268013746
vb0[123]+000 COLOR: 0.572549045, 0.368627459, 0.486274511, 0.745098054
vb0[123]+000 TEXCOORD: 0.572549045, 0.368627459, 0.486274511, 0.745098054
vb0[123]+000 TEXCOORD1: 0.572549045, 0.368627459, 0.486274511, 0.745098054
vb0[123]+000 TEXCOORD2: 0.572549045, 0.368627459, 0.486274511, 0.745098054
vb0[123]+000 TEXCOORD3: 0.572549045, 0.368627459, 0.486274511, 0.745098054
vb0[123]+024 TANGENT: -0.0627170205, -0.319588631, 0.945478559, -1

vb0[124]+000 POSITION: 0.0122272503, -0.0265014172, -0.0756329298
vb0[124]+012 NORMAL: -0.707347035, -0.654086292, -0.268013716
vb0[124]+000 COLOR: 0.807843149, 0.329411775, 0.282352954, 0.235294119
vb0[124]+000 TEXCOORD: 0.807843149, 0.329411775, 0.282352954, 0.235294119
vb0[124]+000 TEXCOORD1: 0.807843149, 0.329411775, 0.282352954, 0.235294119
vb0[124]+000 TEXCOORD2: 0.807843149, 0.329411775, 0.282352954, 0.235294119
vb0[124]+000 TEXCOORD3: 0.807843149, 0.329411775, 0.282352954, 0.235294119
vb0[124]+024 TANGENT: -0.0627170205, -0.319588631, 0.945478559, -1

vb0[125]+000 POSITION: -0.0327888466, -0.024592068, 0.0385146216
vb0[125]+012 NORMAL: -0.707346976, -0.654086351, -0.268013746
vb0[125]+000 COLOR: 0.600000024, 0.301960796, 0.0235294122, 0.741176486
vb0[125]+000 TEXCOORD: 0.600000024, 0.301960796, 0.0235294122, 0.741176486
vb0[125]+000 TEXCOORD1: 0.600000024, 0.301960796, 0.0235294122, 0.741176486
vb0[125]+000 TEXCOORD2: 0.600000024, 0.301960796, 0.0235294122, 0.741176486
vb0[125]+000 TEXCOORD3: 0.600000024, 0.301960796, 0.0235294122, 0.741176486
vb0[125]+024 TANGENT: -0.0627170205, -0.319588631, 0.945478559, -1

vb0[126]+000 POSITION: 0.0122273052, -0.025182208, -0.0756329671
vb0[126]+012 NORMAL: 0.707346916, 0.654086649, 0.26801303
vb0[126]+000 COLOR: 0.0352941193, 0.333333343, 0.282352954, 0.235294119
vb0[126]+000 TEXCOORD: 0.0352941193, 0.333333343, 0.282352954, 0.235294119
vb0[126]+000 TEXCOORD1: 0.0352941193, 0.333333343, 0.282352954, 0.235294119
vb0[126]+000 TEXCOORD2: 0.0352941193, 0.333333343, 0.282352954, 0.235294119
vb0[126]+000 TEXCOORD3: 0.0352941193, 0.333333343, 0.282352954, 0.235294119
vb0[126]+024 TANGENT: -0.0627175793, -0.319587052, 0.945479095, 1

vb0[127]+000 POSITION: -0.246454522, 0.157827348, 0.160451353
vb0[127]+012 NORMAL: 0.707346916, 0.654086649, 0.26801303
vb0[127]+000 COLOR: 0.576470613, 0.368627459, 0.486274511, 0.745098054
vb0[127]+000 TEXCOORD: 0.576470613, 0.368627459, 0.486274511, 0.745098054
vb0[127]+000 TEXCOORD1: 0.576470613, 0.368627459, 0.486274511, 0.745098054
vb0[127]+000 TEXCOORD2: 0.576470613, 0.368627459, 0.486274511, 0.745098054
vb0[127]+000 TEXCOORD3: 0.576470613, 0.368627459, 0.486274511, 0.745098054
vb0[127]+024 TANGENT: -0.0627175793, -0.319587052, 0.945479095, 1

vb0[128]+000 POSITION: -0.0327888466, -0.0232726764, 0.0385146067
vb0[128]+012 NORMAL: 0.707346916, 0.654086649, 0.26801303
vb0[128]+000 COLOR: 0.600000024, 0.301960796, 0.0235294122, 0.741176486
vb0[128]+000 TEXCOORD: 0.600000024, 0.301960796, 0.0235294122, 0.741176486
vb0[128]+000 TEXCOORD1: 0.600000024, 0.301960796, 0.0235294122, 0.741176486
vb0[128]+000 TEXCOORD2: 0.600000024, 0.301960796, 0.0235294122, 0.741176486
vb0[128]+000 TEXCOORD3: 0.600000024, 0.301960796, 0.0235294122, 0.741176486
vb0[128]+024 TANGENT: -0.0627175793, -0.319587052, 0.945479095, 1

vb0[129]+000 POSITION: -0.0327888466, -0.0232726764, 0.0385146067
vb0[129]+012 NORMAL: 0.190468907, 0.692932725, -0.695388913
vb0[129]+000 COLOR: 0.600000024, 0.301960796, 0.0235294122, 0.741176486
vb0[129]+000 TEXCOORD: 0.600000024, 0.301960796, 0.0235294122, 0.741176486
vb0[129]+000 TEXCOORD1: 0.600000024, 0.301960796, 0.0235294122, 0.741176486
vb0[129]+000 TEXCOORD2: 0.600000024, 0.301960796, 0.0235294122, 0.741176486
vb0[129]+000 TEXCOORD3: 0.600000024, 0.301960796, 0.0235294122, 0.741176486
vb0[129]+024 TANGENT: 0.828630388, 0.2663486, 0.492371887, 1

vb0[130]+000 POSITION: -0.246454522, 0.157827348, 0.160451353
vb0[130]+012 NORMAL: 0.190468907, 0.692932725, -0.695388913
vb0[130]+000 COLOR: 0.576470613, 0.368627459, 0.486274511, 0.745098054
vb0[130]+000 TEXCOORD: 0.576470613, 0.368627459, 0.486274511, 0.745098054
vb0[130]+000 TEXCOORD1: 0.576470613, 0.368627459, 0.486274511, 0.745098054
vb0[130]+000 TEXCOORD2: 0.576470613, 0.368627459, 0.486274511, 0.745098054
vb0[130]+000 TEXCOORD3: 0.576470613, 0.368627459, 0.486274511, 0.745098054
vb0[130]+024 TANGENT: 0.828630447, 0.266348571, 0.492371917, 1

vb0[131]+000 POSITION: 0.0869757086, -0.0302703008, 0.0643455312
vb0[131]+012 NORMAL: 0.190468907, 0.692932725, -0.695388973
vb0[131]+000 COLOR: 0.321568638, 0.125490203, 0.698039234, 0.239215687
vb0[131]+000 TEXCOORD: 0.321568638, 0.125490203, 0.698039234, 0.239215687
vb0[131]+000 TEXCOORD1: 0.321568638, 0.125490203, 0.698039234, 0.239215687
vb0[131]+000 TEXCOORD2: 0.321568638, 0.125490203, 0.698039234, 0.239215687
vb0[131]+000 TEXCOORD3: 0.321568638, 0.125490203, 0.698039234, 0.239215687
vb0[131]+024 TANGENT: 0.828630388, 0.2663486, 0.492371947, 1

vb0[132]+000 POSITION: -0.0860510841, -0.0190221444, -0.0639674962
vb0[132]+012 NORMAL: -0.217495143, -0.36189878, -0.906490624
vb0[132]+000 COLOR: 0.552941203, 0.23137255, 0.690196097, 0.741176486
vb0[132]+000 TEXCOORD: 0.552941203, 0.23137255, 0.690196097, 0.741176486
vb0[132]+000 TEXCOORD1: 0.552941203, 0.23137255, 0.690196097, 0.741176486
vb0[132]+000 TEXCOORD2: 0.552941203, 0.23137255, 0.690196097, 0.741176486
vb0[132]+000 TEXCOORD3: 0.552941203, 0.23137255, 0.690196097, 0.741176486
vb0[132]+024 TANGENT: -0.926911652, -0.214414507, 0.307995558, -1

vb0[133]+000 POSITION: -0.21931307, 0.213893503, -0.124980867
vb0[133]+012 NORMAL: -0.217495129, -0.36189875, -0.906490505
vb0[133]+000 COLOR: 0.607843161, 0.576470613, 0.376470596, 0.745098054
vb0[133]+000 TEXCOORD: 0.607843161, 0.576470613, 0.376470596, 0.745098054
vb0[133]+000 TEXCOORD1: 0.607843161, 0.576470613, 0.376470596, 0.745098054
vb0[133]+000 TEXCOORD2: 0.607843161, 0.576470613, 0.376470596, 0.745098054
vb0[133]+000 TEXCOORD3: 0.607843161, 0.576470613, 0.376470596, 0.745098054
vb0[133]+024 TANGENT: -0.926911533, -0.214414448, 0.307995588, -1

vb0[134]+000 POSITION: 0.0328476578, -0.0150418412, -0.0940840393
vb0[134]+012 NORMAL: -0.217495143, -0.36189878, -0.906490624
vb0[134]+000 COLOR: 0.266666681, 0.545098066, 0.0235294122, 0.239215687
vb0[134]+000 TEXCOORD: 0.266666681, 0.545098066, 0.0235294122, 0.239215687
vb0[134]+000 TEXCOORD1: 0.266666681, 0.545098066, 0.0235294122, 0.239215687
vb0[134]+000 TEXCOORD2: 0.266666681, 0.545098066, 0.0235294122, 0.239215687
vb0[134]+000 TEXCOORD3: 0.266666681, 0.545098066, 0.0235294122, 0.239215687
vb0[134]+024 TANGENT: -0.926911533, -0.214414448, 0.307995617, -1

vb0[135]+000 POSITION: -0.0860510841, -0.0190221444, -0.0639674962
vb0[135]+012 NORMAL: -0.851920903, -0.398392349, 0.33987388
vb0[135]+000 COLOR: 0.552941203, 0.23137255, 0.690196097, 0.741176486
vb0[135]+000 TEXCOORD: 0.552941203, 0.23137255, 0.690196097, 0.741176486
vb0[135]+000 TEXCOORD1: 0.552941203, 0.23137255, 0.690196097, 0.741176486
vb0[135]+000 TEXCOORD2: 0.552941203, 0.23137255, 0.690196097, 0.741176486
vb0[135]+000 TEXCOORD3: 0.552941203, 0.23137255, 0.690196097, 0.741176486
vb0[135]+024 TANGENT: 0.227187708, 0.303587109, 0.925321877, -1

vb0[136]+000 POSITION: -0.0367101878, -0.0290581025, 0.0479454659
vb0[136]+012 NORMAL: -0.851920903, -0.398392349, 0.33987388
vb0[136]+000 COLOR: 0.423529416, 0.36470589, 0.0862745121, 0.741176486
vb0[136]+000 TEXCOORD: 0.423529416, 0.36470589, 0.0862745121, 0.741176486
vb0[136]+000 TEXCOORD1: 0.423529416, 0.36470589, 0.0862745121, 0.741176486
vb0[136]+000 TEXCOORD2: 0.423529416, 0.36470589, 0.0862745121, 0.741176486
vb0[136]+000 TEXCOORD3: 0.423529416, 0.36470589, 0.0862745121, 0.741176486
vb0[136]+024 TANGENT: 0.227187678, 0.303587139, 0.925321877, -1

vb0[137]+000 POSITION: -0.21931307, 0.213893503, -0.124980867
vb0[137]+012 NORMAL: -0.851920903, -0.398392349, 0.33987388
vb0[137]+000 COLOR: 0.607843161, 0.576470613, 0.376470596, 0.745098054
vb0[137]+000 TEXCOORD: 0.607843161, 0.576470613, 0.376470596, 0.745098054
vb0[137]+000 TEXCOORD1: 0.607843161, 0.576470613, 0.376470596, 0.745098054
vb0[137]+000 TEXCOORD2: 0.607843161, 0.576470613, 0.376470596, 0.745098054
vb0[137]+000 TEXCOORD3: 0.607843161, 0.576470613, 0.376470596, 0.745098054
vb0[137]+024 TANGENT: 0.227187663, 0.303587109, 0.925321937, -1

vb0[138]+000 POSITION: -0.0860510543, -0.0177027285, -0.0639674738
vb0[138]+012 NORMAL: 0.21749486, 0.36189872, 0.906490743
vb0[138]+000 COLOR: 0.53725493, 0.23137255, 0.690196097, 0.741176486
vb0[138]+000 TEXCOORD: 0.53725493, 0.23137255, 0.690196097, 0.741176486
vb0[138]+000 TEXCOORD1: 0.53725493, 0.23137255, 0.690196097, 0.741176486
vb0[138]+000 TEXCOORD2: 0.53725493, 0.23137255, 0.690196097, 0.741176486
vb0[138]+000 TEXCOORD3: 0.53725493, 0.23137255, 0.690196097, 0.741176486
vb0[138]+024 TANGENT: -0.926911473, -0.214415252, 0.307995528, 1

vb0[139]+000 POSITION: 0.0328476205, -0.0137223415, -0.0940839946
vb0[139]+012 NORMAL: 0.217494845, 0.36189872, 0.906490743
vb0[139]+000 COLOR: 0.227450982, 0.545098066, 0.0235294122, 0.239215687
vb0[139]+000 TEXCOORD: 0.227450982, 0.545098066, 0.0235294122, 0.239215687
vb0[139]+000 TEXCOORD1: 0.227450982, 0.545098066, 0.0235294122, 0.239215687
vb0[139]+000 TEXCOORD2: 0.227450982, 0.545098066, 0.0235294122, 0.239215687
vb0[139]+000 TEXCOORD3: 0.227450982, 0.545098066, 0.0235294122, 0.239215687
vb0[139]+024 TANGENT: -0.926911473, -0.214415252, 0.307995558, 1

vb0[140]+000 POSITION: -0.21931307, 0.215212837, -0.124980837
vb0[140]+012 NORMAL: 0.217494845, 0.36189872, 0.906490743
vb0[140]+000 COLOR: 0.607843161, 0.576470613, 0.376470596, 0.745098054
vb0[140]+000 TEXCOORD: 0.607843161, 0.576470613, 0.376470596, 0.745098054
vb0[140]+000 TEXCOORD1: 0.607843161, 0.576470613, 0.376470596, 0.745098054
vb0[140]+000 TEXCOORD2: 0.607843161, 0.576470613, 0.376470596, 0.745098054
vb0[140]+000 TEXCOORD3: 0.607843161, 0.576470613, 0.376470596, 0.745098054
vb0[140]+024 TANGENT: -0.926911473, -0.214415252, 0.307995528, 1

vb0[141]+000 POSITION: -0.0860510543, -0.0177027285, -0.0639674738
vb0[141]+012 NORMAL: 0.851920724, 0.398392498, -0.339874148
vb0[141]+000 COLOR: 0.53725493, 0.23137255, 0.690196097, 0.741176486
vb0[141]+000 TEXCOORD: 0.53725493, 0.23137255, 0.690196097, 0.741176486
vb0[141]+000 TEXCOORD1: 0.53725493, 0.23137255, 0.690196097, 0.741176486
vb0[141]+000 TEXCOORD2: 0.53725493, 0.23137255, 0.690196097, 0.741176486
vb0[141]+000 TEXCOORD3: 0.53725493, 0.23137255, 0.690196097, 0.741176486
vb0[141]+024 TANGENT: 0.227187648, 0.303587675, 0.925321758, 1

vb0[142]+000 POSITION: -0.21931307, 0.215212837, -0.124980837
vb0[142]+012 NORMAL: 0.851920724, 0.398392558, -0.339874148
vb0[142]+000 COLOR: 0.607843161, 0.576470613, 0.376470596, 0.745098054
vb0[142]+000 TEXCOORD: 0.607843161, 0.576470613, 0.376470596, 0.745098054
vb0[142]+000 TEXCOORD1: 0.607843161, 0.576470613, 0.376470596, 0.745098054
vb0[142]+000 TEXCOORD2: 0.607843161, 0.576470613, 0.376470596, 0.745098054
vb0[142]+000 TEXCOORD3: 0.607843161, 0.576470613, 0.376470596, 0.745098054
vb0[142]+024 TANGENT: 0.227187648, 0.303587675, 0.925321758, 1

vb0[143]+000 POSITION: -0.0367101505, -0.0277386159, 0.0479454733
vb0[143]+012 NORMAL: 0.851920724, 0.398392498, -0.339874119
vb0[143]+000 COLOR: 0.384313732, 0.36470589, 0.0862745121, 0.741176486
vb0[143]+000 TEXCOORD: 0.384313732, 0.36470589, 0.0862745121, 0.741176486
vb0[143]+000 TEXCOORD1: 0.384313732, 0.36470589, 0.0862745121, 0.741176486
vb0[143]+000 TEXCOORD2: 0.384313732, 0.36470589, 0.0862745121, 0.741176486
vb0[143]+000 TEXCOORD3: 0.384313732, 0.36470589, 0.0862745121, 0.741176486
vb0[143]+024 TANGENT: 0.227187678, 0.303587675, 0.925321758, 1

vb0[144]+000 POSITION: -0.0252797175, -0.00360639929, -0.0477570556
vb0[144]+012 NORMAL: -0.832069933, -0.532401562, -0.155590072
vb0[144]+000 COLOR: 0.411764711, 0.0901960805, 0.811764717, 0.737254918
vb0[144]+000 TEXCOORD: 0.411764711, 0.0901960805, 0.811764717, 0.737254918
vb0[144]+000 TEXCOORD1: 0.411764711, 0.0901960805, 0.811764717, 0.737254918
vb0[144]+000 TEXCOORD2: 0.411764711, 0.0901960805, 0.811764717, 0.737254918
vb0[144]+000 TEXCOORD3: 0.411764711, 0.0901960805, 0.811764717, 0.737254918
vb0[144]+024 TANGENT: 0.456908882, -0.498861134, -0.736458957, -1

vb0[145]+000 POSITION: -0.0440811664, -0.00360643794, 0.052790124
vb0[145]+012 NORMAL: -0.832069933, -0.532401502, -0.155590072
vb0[145]+000 COLOR: 0.454901963, 0.556862772, 0.203921571, 0.741176486
vb0[145]+000 TEXCOORD: 0.454901963, 0.556862772, 0.203921571, 0.741176486
vb0[145]+000 TEXCOORD1: 0.454901963, 0.556862772, 0.203921571, 0.741176486
vb0[145]+000 TEXCOORD2: 0.454901963, 0.556862772, 0.203921571, 0.741176486
vb0[145]+000 TEXCOORD3: 0.454901963, 0.556862772, 0.203921571, 0.741176486
vb0[145]+024 TANGENT: 0.456908852, -0.498861104, -0.736458957, -1

vb0[146]+000 POSITION: -0.293315202, 0.491680235, -0.309130311
vb0[146]+012 NORMAL: -0.832069933, -0.532401502, -0.155590072
vb0[146]+000 COLOR: 0.411764711, 0.176470593, 0.588235319, 0.745098054
vb0[146]+000 TEXCOORD: 0.411764711, 0.176470593, 0.588235319, 0.745098054
vb0[146]+000 TEXCOORD1: 0.411764711, 0.176470593, 0.588235319, 0.745098054
vb0[146]+000 TEXCOORD2: 0.411764711, 0.176470593, 0.588235319, 0.745098054
vb0[146]+000 TEXCOORD3: 0.411764711, 0.176470593, 0.588235319, 0.745098054
vb0[146]+024 TANGENT: 0.456908792, -0.498861134, -0.736458957, -1

vb0[147]+000 POSITION: -0.293315202, 0.491680235, -0.309130311
vb0[147]+012 NORMAL: 0.45857662, -0.207792431, -0.864019573
vb0[147]+000 COLOR: 0.411764711, 0.176470593, 0.588235319, 0.745098054
vb0[147]+000 TEXCOORD: 0.411764711, 0.176470593, 0.588235319, 0.745098054
vb0[147]+000 TEXCOORD1: 0.411764711, 0.176470593, 0.588235319, 0.745098054
vb0[147]+000 TEXCOORD2: 0.411764711, 0.176470593, 0.588235319, 0.745098054
vb0[147]+000 TEXCOORD3: 0.411764711, 0.176470593, 0.588235319, 0.745098054
vb0[147]+024 TANGENT: 0.756855428, 0.600848496, 0.257198334, -1

vb0[148]+000 POSITION: 0.0650729239, -0.00360651431, 0.000197436093
vb0[148]+012 NORMAL: 0.45857662, -0.207792431, -0.864019573
vb0[148]+000 COLOR: 0.956862748, 0.266666681, 0.521568656, 0.239215687
vb0[148]+000 TEXCOORD: 0.956862748, 0.266666681, 0.521568656, 0.239215687
vb0[148]+000 TEXCOORD1: 0.956862748, 0.266666681, 0.521568656, 0.239215687
vb0[148]+000 TEXCOORD2: 0.956862748, 0.266666681, 0.521568656, 0.239215687
vb0[148]+000 TEXCOORD3: 0.956862748, 0.266666681, 0.521568656, 0.239215687
vb0[148]+024 TANGENT: 0.756855369, 0.600848496, 0.257198334, -1

vb0[149]+000 POSITION: -0.0252797175, -0.00360639929, -0.0477570556
vb0[149]+012 NORMAL: 0.45857662, -0.207792416, -0.864019573
vb0[149]+000 COLOR: 0.411764711, 0.0901960805, 0.811764717, 0.737254918
vb0[149]+000 TEXCOORD: 0.411764711, 0.0901960805, 0.811764717, 0.737254918
vb0[149]+000 TEXCOORD1: 0.411764711, 0.0901960805, 0.811764717, 0.737254918
vb0[149]+000 TEXCOORD2: 0.411764711, 0.0901960805, 0.811764717, 0.737254918
vb0[149]+000 TEXCOORD3: 0.411764711, 0.0901960805, 0.811764717, 0.737254918
vb0[149]+024 TANGENT: 0.756855369, 0.600848556, 0.257198364, -1

vb0[150]+000 POSITION: 0.0650728419, -0.002287118, 0.000197387766
vb0[150]+012 NORMAL: -0.4585765, 0.20779258, 0.864019573
vb0[150]+000 COLOR: 0.913725495, 0.266666681, 0.521568656, 0.239215687
vb0[150]+000 TEXCOORD: 0.913725495, 0.266666681, 0.521568656, 0.239215687
vb0[150]+000 TEXCOORD1: 0.913725495, 0.266666681, 0.521568656, 0.239215687
vb0[150]+000 TEXCOORD2: 0.913725495, 0.266666681, 0.521568656, 0.239215687
vb0[150]+000 TEXCOORD3: 0.913725495, 0.266666681, 0.521568656, 0.239215687
vb0[150]+024 TANGENT: 0.756855071, 0.600849092, 0.257197857, 1

vb0[151]+000 POSITION: -0.293315202, 0.492999554, -0.309130311
vb0[151]+012 NORMAL: -0.458576471, 0.20779255, 0.864019573
vb0[151]+000 COLOR: 0.411764711, 0.176470593, 0.588235319, 0.745098054
vb0[151]+000 TEXCOORD: 0.411764711, 0.176470593, 0.588235319, 0.745098054
vb0[151]+000 TEXCOORD1: 0.411764711, 0.176470593, 0.588235319, 0.745098054
vb0[151]+000 TEXCOORD2: 0.411764711, 0.176470593, 0.588235319, 0.745098054
vb0[151]+000 TEXCOORD3: 0.411764711, 0.176470593, 0.588235319, 0.745098054
vb0[151]+024 TANGENT: 0.75685519, 0.600849092, 0.257197887, 1

vb0[152]+000 POSITION: -0.0252797175, -0.00228700298, -0.0477570556
vb0[152]+012 NORMAL: -0.4585765, 0.20779258, 0.864019573
vb0[152]+000 COLOR: 0.411764711, 0.0901960805, 0.811764717, 0.737254918
vb0[152]+000 TEXCOORD: 0.411764711, 0.0901960805, 0.811764717, 0.737254918
vb0[152]+000 TEXCOORD1: 0.411764711, 0.0901960805, 0.811764717, 0.737254918
vb0[152]+000 TEXCOORD2: 0.411764711, 0.0901960805, 0.811764717, 0.737254918
vb0[152]+000 TEXCOORD3: 0.411764711, 0.0901960805, 0.811764717, 0.737254918
vb0[152]+024 TANGENT: 0.756855071, 0.600849092, 0.257197857, 1

vb0[153]+000 POSITION: -0.0252797175, -0.00228700298, -0.0477570556
vb0[153]+012 NORMAL: 0.832069755, 0.532401621, 0.155590326
vb0[153]+000 COLOR: 0.411764711, 0.0901960805, 0.811764717, 0.737254918
vb0[153]+000 TEXCOORD: 0.411764711, 0.0901960805, 0.811764717, 0.737254918
vb0[153]+000 TEXCOORD1: 0.411764711, 0.0901960805, 0.811764717, 0.737254918
vb0[153]+000 TEXCOORD2: 0.411764711, 0.0901960805, 0.811764717, 0.737254918
vb0[153]+000 TEXCOORD3: 0.411764711, 0.0901960805, 0.811764717, 0.737254918
vb0[153]+024 TANGENT: 0.456908911, -0.498860419, -0.736459434, 1

vb0[154]+000 POSITION: -0.293315202, 0.492999554, -0.309130311
vb0[154]+012 NORMAL: 0.832069695, 0.532401681, 0.15559034
vb0[154]+000 COLOR: 0.411764711, 0.176470593, 0.588235319, 0.745098054
vb0[154]+000 TEXCOORD: 0.411764711, 0.176470593, 0.588235319, 0.745098054
vb0[154]+000 TEXCOORD1: 0.411764711, 0.176470593, 0.588235319, 0.745098054
vb0[154]+000 TEXCOORD2: 0.411764711, 0.176470593, 0.588235319, 0.745098054
vb0[154]+000 TEXCOORD3: 0.411764711, 0.176470593, 0.588235319, 0.745098054
vb0[154]+024 TANGENT: 0.456908911, -0.498860419, -0.736459434, 1

vb0[155]+000 POSITION: -0.044081144, -0.00228713825, 0.052790124
vb0[155]+012 NORMAL: 0.832069755, 0.532401621, 0.155590355
vb0[155]+000 COLOR: 0.431372553, 0.556862772, 0.203921571, 0.741176486
vb0[155]+000 TEXCOORD: 0.431372553, 0.556862772, 0.203921571, 0.741176486
vb0[155]+000 TEXCOORD1: 0.431372553, 0.556862772, 0.203921571, 0.741176486
vb0[155]+000 TEXCOORD2: 0.431372553, 0.556862772, 0.203921571, 0.741176486
vb0[155]+000 TEXCOORD3: 0.431372553, 0.556862772, 0.203921571, 0.741176486
vb0[155]+024 TANGENT: 0.456908911, -0.498860419, -0.736459434, 1

vb0[156]+000 POSITION: 0.0246565603, -0.0216135755, 0.0581513643
vb0[156]+012 NORMAL: -0.400464296, -0.222191766, 0.888965189
vb0[156]+000 COLOR: 0.556862772, 0.988235295, 0.788235307, 0.235294119
vb0[156]+000 TEXCOORD: 0.556862772, 0.988235295, 0.788235307, 0.235294119
vb0[156]+000 TEXCOORD1: 0.556862772, 0.988235295, 0.788235307, 0.235294119
vb0[156]+000 TEXCOORD2: 0.556862772, 0.988235295, 0.788235307, 0.235294119
vb0[156]+000 TEXCOORD3: 0.556862772, 0.988235295, 0.788235307, 0.235294119
vb0[156]+024 TANGENT: -0.910598457, -0.0116728554, -0.413127333, -1

vb0[157]+000 POSITION: 0.0417342335, 0.270744532, 0.138917819
vb0[157]+012 NORMAL: -0.400464296, -0.222191766, 0.888965189
vb0[157]+000 COLOR: 0.517647088, 0.945098042, 0.164705887, 0.239215687
vb0[157]+000 TEXCOORD: 0.517647088, 0.945098042, 0.164705887, 0.239215687
vb0[157]+000 TEXCOORD1: 0.517647088, 0.945098042, 0.164705887, 0.239215687
vb0[157]+000 TEXCOORD2: 0.517647088, 0.945098042, 0.164705887, 0.239215687
vb0[157]+000 TEXCOORD3: 0.517647088, 0.945098042, 0.164705887, 0.239215687
vb0[157]+024 TANGENT: -0.910598457, -0.0116728535, -0.413127303, -1

vb0[158]+000 POSITION: -0.0271754041, -0.0215263665, 0.0348237045
vb0[158]+012 NORMAL: -0.400464296, -0.222191766, 0.888965189
vb0[158]+000 COLOR: 0.956862748, 0.619607866, 0.870588243, 0.737254918
vb0[158]+000 TEXCOORD: 0.956862748, 0.619607866, 0.870588243, 0.737254918
vb0[158]+000 TEXCOORD1: 0.956862748, 0.619607866, 0.870588243, 0.737254918
vb0[158]+000 TEXCOORD2: 0.956862748, 0.619607866, 0.870588243, 0.737254918
vb0[158]+000 TEXCOORD3: 0.956862748, 0.619607866, 0.870588243, 0.737254918
vb0[158]+024 TANGENT: -0.910598457, -0.0116728665, -0.413127303, -1

vb0[159]+000 POSITION: 0.0474682078, -0.0209440198, 0.00442281878
vb0[159]+012 NORMAL: 0.909438908, -0.159244999, 0.384138048
vb0[159]+000 COLOR: 0.0235294122, 0.431372553, 0.258823544, 0.239215687
vb0[159]+000 TEXCOORD: 0.0235294122, 0.431372553, 0.258823544, 0.239215687
vb0[159]+000 TEXCOORD1: 0.0235294122, 0.431372553, 0.258823544, 0.239215687
vb0[159]+000 TEXCOORD2: 0.0235294122, 0.431372553, 0.258823544, 0.239215687
vb0[159]+000 TEXCOORD3: 0.0235294122, 0.431372553, 0.258823544, 0.239215687
vb0[159]+024 TANGENT: -0.405495852, -0.134870499, 0.904092312, -1

vb0[160]+000 POSITION: 0.0417342335, 0.270744532, 0.138917819
vb0[160]+012 NORMAL: 0.909438908, -0.159244984, 0.384137958
vb0[160]+000 COLOR: 0.517647088, 0.945098042, 0.164705887, 0.239215687
vb0[160]+000 TEXCOORD: 0.517647088, 0.945098042, 0.164705887, 0.239215687
vb0[160]+000 TEXCOORD1: 0.517647088, 0.945098042, 0.164705887, 0.239215687
vb0[160]+000 TEXCOORD2: 0.517647088, 0.945098042, 0.164705887, 0.239215687
vb0[160]+000 TEXCOORD3: 0.517647088, 0.945098042, 0.164705887, 0.239215687
vb0[160]+024 TANGENT: -0.405495852, -0.134870529, 0.904092431, -1

vb0[161]+000 POSITION: 0.0246565603, -0.0216135755, 0.0581513643
vb0[161]+012 NORMAL: 0.909438908, -0.159244969, 0.384138018
vb0[161]+000 COLOR: 0.556862772, 0.988235295, 0.788235307, 0.235294119
vb0[161]+000 TEXCOORD: 0.556862772, 0.988235295, 0.788235307, 0.235294119
vb0[161]+000 TEXCOORD1: 0.556862772, 0.988235295, 0.788235307, 0.235294119
vb0[161]+000 TEXCOORD2: 0.556862772, 0.988235295, 0.788235307, 0.235294119
vb0[161]+000 TEXCOORD3: 0.556862772, 0.988235295, 0.788235307, 0.235294119
vb0[161]+024 TANGENT: -0.405495852, -0.134870499, 0.904092312, -1

vb0[162]+000 POSITION: -0.0271754041, -0.020207068, 0.034823671
vb0[162]+012 NORMAL: 0.400464535, 0.222191885, -0.88896507
vb0[162]+000 COLOR: 0.956862748, 0.619607866, 0.870588243, 0.737254918
vb0[162]+000 TEXCOORD: 0.956862748, 0.619607866, 0.870588243, 0.737254918
vb0[162]+000 TEXCOORD1: 0.956862748, 0.619607866, 0.870588243, 0.737254918
vb0[162]+000 TEXCOORD2: 0.956862748, 0.619607866, 0.870588243, 0.737254918
vb0[162]+000 TEXCOORD3: 0.956862748, 0.619607866, 0.870588243, 0.737254918
vb0[162]+024 TANGENT: -0.910598397, -0.0116728311, -0.413127512, 1

vb0[163]+000 POSITION: 0.0417341813, 0.272063881, 0.138917819
vb0[163]+012 NORMAL: 0.400464535, 0.222191885, -0.88896507
vb0[163]+000 COLOR: 0.4627451, 0.945098042, 0.164705887, 0.239215687
vb0[163]+000 TEXCOORD: 0.4627451, 0.945098042, 0.164705887, 0.239215687
vb0[163]+000 TEXCOORD1: 0.4627451, 0.945098042, 0.164705887, 0.239215687
vb0[163]+000 TEXCOORD2: 0.4627451, 0.945098042, 0.164705887, 0.239215687
vb0[163]+000 TEXCOORD3: 0.4627451, 0.945098042, 0.164705887, 0.239215687
vb0[163]+024 TANGENT: -0.910598397, -0.0116728395, -0.413127571, 1

vb0[164]+000 POSITION: 0.0246566571, -0.020294277, 0.0581513867
vb0[164]+012 NORMAL: 0.400464565, 0.222191885, -0.88896507
vb0[164]+000 COLOR: 0.760784328, 0.988235295, 0.788235307, 0.235294119
vb0[164]+000 TEXCOORD: 0.760784328, 0.988235295, 0.788235307, 0.235294119
vb0[164]+000 TEXCOORD1: 0.760784328, 0.988235295, 0.788235307, 0.235294119
vb0[164]+000 TEXCOORD2: 0.760784328, 0.988235295, 0.788235307, 0.235294119
vb0[164]+000 TEXCOORD3: 0.760784328, 0.988235295, 0.788235307, 0.235294119
vb0[164]+024 TANGENT: -0.910598397, -0.011672833, -0.413127601, 1

vb0[165]+000 POSITION: 0.0417341813, 0.272063881, 0.138917819
vb0[165]+012 NORMAL: -0.909440279, 0.159243733, -0.384135067
vb0[165]+000 COLOR: 0.4627451, 0.945098042, 0.164705887, 0.239215687
vb0[165]+000 TEXCOORD: 0.4627451, 0.945098042, 0.164705887, 0.239215687
vb0[165]+000 TEXCOORD1: 0.4627451, 0.945098042, 0.164705887, 0.239215687
vb0[165]+000 TEXCOORD2: 0.4627451, 0.945098042, 0.164705887, 0.239215687
vb0[165]+000 TEXCOORD3: 0.4627451, 0.945098042, 0.164705887, 0.239215687
vb0[165]+024 TANGENT: -0.405492783, -0.134870812, 0.904093683, 1

vb0[166]+000 POSITION: 0.0474681146, -0.0196247231, 0.0044228062
vb0[166]+012 NORMAL: -0.909440279, 0.159243733, -0.384135067
vb0[166]+000 COLOR: 0.929411769, 0.427450985, 0.258823544, 0.239215687
vb0[166]+000 TEXCOORD: 0.929411769, 0.427450985, 0.258823544, 0.239215687
vb0[166]+000 TEXCOORD1: 0.929411769, 0.427450985, 0.258823544, 0.239215687
vb0[166]+000 TEXCOORD2: 0.929411769, 0.427450985, 0.258823544, 0.239215687
vb0[166]+000 TEXCOORD3: 0.929411769, 0.427450985, 0.258823544, 0.239215687
vb0[166]+024 TANGENT: -0.405492783, -0.134870812, 0.904093683, 1

vb0[167]+000 POSITION: 0.0246566571, -0.020294277, 0.0581513867
vb0[167]+012 NORMAL: -0.909440279, 0.159243733, -0.384135067
vb0[167]+000 COLOR: 0.760784328, 0.988235295, 0.788235307, 0.235294119
vb0[167]+000 TEXCOORD: 0.760784328, 0.988235295, 0.788235307, 0.235294119
vb0[167]+000 TEXCOORD1: 0.760784328, 0.988235295, 0.788235307, 0.235294119
vb0[167]+000 TEXCOORD2: 0.760784328, 0.988235295, 0.788235307, 0.235294119
vb0[167]+000 TEXCOORD3: 0.760784328, 0.988235295, 0.788235307, 0.235294119
vb0[167]+024 TANGENT: -0.405492723, -0.134870827, 0.904093683, 1

vb0[168]+000 POSITION: -0.0319614634, -0.0244777557, 0.100889213
vb0[168]+012 NORMAL: 0.597603023, -0.526899874, 0.604356766
vb0[168]+000 COLOR: 0.0235294122, 0.917647064, 0.00784313772, 0.741176486
vb0[168]+000 TEXCOORD: 0.0235294122, 0.917647064, 0.00784313772, 0.741176486
vb0[168]+000 TEXCOORD1: 0.0235294122, 0.917647064, 0.00784313772, 0.741176486
vb0[168]+000 TEXCOORD2: 0.0235294122, 0.917647064, 0.00784313772, 0.741176486
vb0[168]+000 TEXCOORD3: 0.0235294122, 0.917647064, 0.00784313772, 0.741176486
vb0[168]+024 TANGENT: 0.795929015, 0.298856825, -0.526480377, -1

vb0[169]+000 POSITION: 0.0455201715, -0.0236773789, 0.0249712374
vb0[169]+012 NORMAL: 0.597603083, -0.526899874, 0.604356766
vb0[169]+000 COLOR: 0.360784322, 0.450980395, 0.227450982, 0.239215687
vb0[169]+000 TEXCOORD: 0.360784322, 0.450980395, 0.227450982, 0.239215687
vb0[169]+000 TEXCOORD1: 0.360784322, 0.450980395, 0.227450982, 0.239215687
vb0[169]+000 TEXCOORD2: 0.360784322, 0.450980395, 0.227450982, 0.239215687
vb0[169]+000 TEXCOORD3: 0.360784322, 0.450980395, 0.227450982, 0.239215687
vb0[169]+024 TANGENT: 0.795929015, 0.298856854, -0.526480436, -1

vb0[170]+000 POSITION: -0.0415757969, 0.158023998, 0.269507676
vb0[170]+012 NORMAL: 0.597603023, -0.526899874, 0.604356766
vb0[170]+000 COLOR: 0.384313732, 0.294117659, 0.164705887, 0.741176486
vb0[170]+000 TEXCOORD: 0.384313732, 0.294117659, 0.164705887, 0.741176486
vb0[170]+000 TEXCOORD1: 0.384313732, 0.294117659, 0.164705887, 0.741176486
vb0[170]+000 TEXCOORD2: 0.384313732, 0.294117659, 0.164705887, 0.741176486
vb0[170]+000 TEXCOORD3: 0.384313732, 0.294117659, 0.164705887, 0.741176486
vb0[170]+024 TANGENT: 0.795929015, 0.298856854, -0.526480377, -1

vb0[171]+000 POSITION: -0.0415757969, 0.158023998, 0.269507676
vb0[171]+012 NORMAL: -0.507533252, -0.598990977, 0.619370401
vb0[171]+000 COLOR: 0.384313732, 0.294117659, 0.164705887, 0.741176486
vb0[171]+000 TEXCOORD: 0.384313732, 0.294117659, 0.164705887, 0.741176486
vb0[171]+000 TEXCOORD1: 0.384313732, 0.294117659, 0.164705887, 0.741176486
vb0[171]+000 TEXCOORD2: 0.384313732, 0.294117659, 0.164705887, 0.741176486
vb0[171]+000 TEXCOORD3: 0.384313732, 0.294117659, 0.164705887, 0.741176486
vb0[171]+024 TANGENT: 0.840750635, -0.186981425, 0.508110642, -1

vb0[172]+000 POSITION: -0.112601548, -0.0358257666, 0.0238353554
vb0[172]+012 NORMAL: -0.507533252, -0.598990977, 0.619370401
vb0[172]+000 COLOR: 0.643137276, 0.607843161, 0.90196079, 0.741176486
vb0[172]+000 TEXCOORD: 0.643137276, 0.607843161, 0.90196079, 0.741176486
vb0[172]+000 TEXCOORD1: 0.643137276, 0.607843161, 0.90196079, 0.741176486
vb0[172]+000 TEXCOORD2: 0.643137276, 0.607843161, 0.90196079, 0.741176486
vb0[172]+000 TEXCOORD3: 0.643137276, 0.607843161, 0.90196079, 0.741176486
vb0[172]+024 TANGENT: 0.840750575, -0.18698144, 0.508110583, -1

vb0[173]+000 POSITION: -0.0319614634, -0.0244777557, 0.100889213
vb0[173]+012 NORMAL: -0.507533252, -0.598990977, 0.619370401
vb0[173]+000 COLOR: 0.0235294122, 0.917647064, 0.00784313772, 0.741176486
vb0[173]+000 TEXCOORD: 0.0235294122, 0.917647064, 0.00784313772, 0.741176486
vb0[173]+000 TEXCOORD1: 0.0235294122, 0.917647064, 0.00784313772, 0.741176486
vb0[173]+000 TEXCOORD2: 0.0235294122, 0.917647064, 0.00784313772, 0.741176486
vb0[173]+000 TEXCOORD3: 0.0235294122, 0.917647064, 0.00784313772, 0.741176486
vb0[173]+024 TANGENT: 0.840750635, -0.18698141, 0.508110642, -1

vb0[174]+000 POSITION: -0.112601519, -0.0345062725, 0.0238353442
vb0[174]+012 NORMAL: 0.507533431, 0.598990917, -0.619370341
vb0[174]+000 COLOR: 0.627451003, 0.607843161, 0.90196079, 0.741176486
vb0[174]+000 TEXCOORD: 0.627451003, 0.607843161, 0.90196079, 0.741176486
vb0[174]+000 TEXCOORD1: 0.627451003, 0.607843161, 0.90196079, 0.741176486
vb0[174]+000 TEXCOORD2: 0.627451003, 0.607843161, 0.90196079, 0.741176486
vb0[174]+000 TEXCOORD3: 0.627451003, 0.607843161, 0.90196079, 0.741176486
vb0[174]+024 TANGENT: 0.840750694, -0.186982304, 0.508110106, 1

vb0[175]+000 POSITION: -0.0415757969, 0.159343481, 0.269507676
vb0[175]+012 NORMAL: 0.507533431, 0.598990977, -0.619370401
vb0[175]+000 COLOR: 0.384313732, 0.294117659, 0.164705887, 0.741176486
vb0[175]+000 TEXCOORD: 0.384313732, 0.294117659, 0.164705887, 0.741176486
vb0[175]+000 TEXCOORD1: 0.384313732, 0.294117659, 0.164705887, 0.741176486
vb0[175]+000 TEXCOORD2: 0.384313732, 0.294117659, 0.164705887, 0.741176486
vb0[175]+000 TEXCOORD3: 0.384313732, 0.294117659, 0.164705887, 0.741176486
vb0[175]+024 TANGENT: 0.840750694, -0.186982304, 0.508110046, 1

vb0[176]+000 POSITION: -0.0319613703, -0.0231583584, 0.100889184
vb0[176]+012 NORMAL: 0.507533431, 0.598990977, -0.619370401
vb0[176]+000 COLOR: 0.929411769, 0.913725495, 0.00784313772, 0.741176486
vb0[176]+000 TEXCOORD: 0.929411769, 0.913725495, 0.00784313772, 0.741176486
vb0[176]+000 TEXCOORD1: 0.929411769, 0.913725495, 0.00784313772, 0.741176486
vb0[176]+000 TEXCOORD2: 0.929411769, 0.913725495, 0.00784313772, 0.741176486
vb0[176]+000 TEXCOORD3: 0.929411769, 0.913725495, 0.00784313772, 0.741176486
vb0[176]+024 TANGENT: 0.840750694, -0.186982304, 0.508109987, 1

vb0[177]+000 POSITION: -0.0319613703, -0.0231583584, 0.100889184
vb0[177]+012 NORMAL: -0.597602725, 0.526899815, -0.604357123
vb0[177]+000 COLOR: 0.929411769, 0.913725495, 0.00784313772, 0.741176486
vb0[177]+000 TEXCOORD: 0.929411769, 0.913725495, 0.00784313772, 0.741176486
vb0[177]+000 TEXCOORD1: 0.929411769, 0.913725495, 0.00784313772, 0.741176486
vb0[177]+000 TEXCOORD2: 0.929411769, 0.913725495, 0.00784313772, 0.741176486
vb0[177]+000 TEXCOORD3: 0.929411769, 0.913725495, 0.00784313772, 0.741176486
vb0[177]+024 TANGENT: 0.795929253, 0.298856258, -0.526480377, 1

vb0[178]+000 POSITION: -0.0415757969, 0.159343481, 0.269507676
vb0[178]+012 NORMAL: -0.597602725, 0.526899874, -0.604357183
vb0[178]+000 COLOR: 0.384313732, 0.294117659, 0.164705887, 0.741176486
vb0[178]+000 TEXCOORD: 0.384313732, 0.294117659, 0.164705887, 0.741176486
vb0[178]+000 TEXCOORD1: 0.384313732, 0.294117659, 0.164705887, 0.741176486
vb0[178]+000 TEXCOORD2: 0.384313732, 0.294117659, 0.164705887, 0.741176486
vb0[178]+000 TEXCOORD3: 0.384313732, 0.294117659, 0.164705887, 0.741176486
vb0[178]+024 TANGENT: 0.795929313, 0.298856258, -0.526480258, 1

vb0[179]+000 POSITION: 0.04552022, -0.0223580804, 0.0249712598
vb0[179]+012 NORMAL: -0.597602725, 0.526899815, -0.604357183
vb0[179]+000 COLOR: 0.411764711, 0.450980395, 0.227450982, 0.239215687
vb0[179]+000 TEXCOORD: 0.411764711, 0.450980395, 0.227450982, 0.239215687
vb0[179]+000 TEXCOORD1: 0.411764711, 0.450980395, 0.227450982, 0.239215687
vb0[179]+000 TEXCOORD2: 0.411764711, 0.450980395, 0.227450982, 0.239215687
vb0[179]+000 TEXCOORD3: 0.411764711, 0.450980395, 0.227450982, 0.239215687
vb0[179]+024 TANGENT: 0.795929313, 0.298856258, -0.526480317, 1

vb0[180]+000 POSITION: 0.0237372462, 0.000561562658, -0.0777130947
vb0[180]+012 NORMAL: -0.397826672, -0.614866853, -0.680935204
vb0[180]+000 COLOR: 0.615686297, 0.454901963, 0.760784328, 0.235294119
vb0[180]+000 TEXCOORD: 0.615686297, 0.454901963, 0.760784328, 0.235294119
vb0[180]+000 TEXCOORD1: 0.615686297, 0.454901963, 0.760784328, 0.235294119
vb0[180]+000 TEXCOORD2: 0.615686297, 0.454901963, 0.760784328, 0.235294119
vb0[180]+000 TEXCOORD3: 0.615686297, 0.454901963, 0.760784328, 0.235294119
vb0[180]+024 TANGENT: 0.9164536, -0.231559753, -0.32633248, -1

vb0[181]+000 POSITION: -0.0491829664, 0.000561558525, -0.0351104923
vb0[181]+012 NORMAL: -0.397826701, -0.614866853, -0.680935204
vb0[181]+000 COLOR: 0.0784313753, 0.454901963, 0.286274523, 0.741176486
vb0[181]+000 TEXCOORD: 0.0784313753, 0.454901963, 0.286274523, 0.741176486
vb0[181]+000 TEXCOORD1: 0.0784313753, 0.454901963, 0.286274523, 0.741176486
vb0[181]+000 TEXCOORD2: 0.0784313753, 0.454901963, 0.286274523, 0.741176486
vb0[181]+000 TEXCOORD3: 0.0784313753, 0.454901963, 0.286274523, 0.741176486
vb0[181]+024 TANGENT: 0.91645354, -0.231559753, -0.32633248, -1

vb0[182]+000 POSITION: 0.0451683328, 0.325729638, -0.383852214
vb0[182]+012 NORMAL: -0.397826672, -0.614866793, -0.680935204
vb0[182]+000 COLOR: 0.431372553, 0.00784313772, 0.223529413, 0.239215687
vb0[182]+000 TEXCOORD: 0.431372553, 0.00784313772, 0.223529413, 0.239215687
vb0[182]+000 TEXCOORD1: 0.431372553, 0.00784313772, 0.223529413, 0.239215687
vb0[182]+000 TEXCOORD2: 0.431372553, 0.00784313772, 0.223529413, 0.239215687
vb0[182]+000 TEXCOORD3: 0.431372553, 0.00784313772, 0.223529413, 0.239215687
vb0[182]+024 TANGENT: 0.91645354, -0.231559753, -0.32633248, -1

vb0[183]+000 POSITION: 0.0451683328, 0.325729638, -0.383852214
vb0[183]+012 NORMAL: 0.939784527, -0.265061677, -0.21574831
vb0[183]+000 COLOR: 0.431372553, 0.00784313772, 0.223529413, 0.239215687
vb0[183]+000 TEXCOORD: 0.431372553, 0.00784313772, 0.223529413, 0.239215687
vb0[183]+000 TEXCOORD1: 0.431372553, 0.00784313772, 0.223529413, 0.239215687
vb0[183]+000 TEXCOORD2: 0.431372553, 0.00784313772, 0.223529413, 0.239215687
vb0[183]+000 TEXCOORD3: 0.431372553, 0.00784313772, 0.223529413, 0.239215687
vb0[183]+024 TANGENT: 0.329960465, 0.539185464, 0.774858117, -1

vb0[184]+000 POSITION: 0.0426338241, 0.000561543449, 0.00459906785
vb0[184]+012 NORMAL: 0.939784527, -0.265061677, -0.215748325
vb0[184]+000 COLOR: 0.807843149, 0.627451003, 0.180392161, 0.239215687
vb0[184]+000 TEXCOORD: 0.807843149, 0.627451003, 0.180392161, 0.239215687
vb0[184]+000 TEXCOORD1: 0.807843149, 0.627451003, 0.180392161, 0.239215687
vb0[184]+000 TEXCOORD2: 0.807843149, 0.627451003, 0.180392161, 0.239215687
vb0[184]+000 TEXCOORD3: 0.807843149, 0.627451003, 0.180392161, 0.239215687
vb0[184]+024 TANGENT: 0.329960465, 0.539185464, 0.774858117, -1

vb0[185]+000 POSITION: 0.0237372462, 0.000561562658, -0.0777130947
vb0[185]+012 NORMAL: 0.939784527, -0.265061706, -0.215748325
vb0[185]+000 COLOR: 0.615686297, 0.454901963, 0.760784328, 0.235294119
vb0[185]+000 TEXCOORD: 0.615686297, 0.454901963, 0.760784328, 0.235294119
vb0[185]+000 TEXCOORD1: 0.615686297, 0.454901963, 0.760784328, 0.235294119
vb0[185]+000 TEXCOORD2: 0.615686297, 0.454901963, 0.760784328, 0.235294119
vb0[185]+000 TEXCOORD3: 0.615686297, 0.454901963, 0.760784328, 0.235294119
vb0[185]+024 TANGENT: 0.329960525, 0.539185464, 0.774858117, -1

vb0[186]+000 POSITION: 0.0426337756, 0.00188092783, 0.00459906785
vb0[186]+012 NORMAL: -0.939783931, 0.265062958, 0.215749204
vb0[186]+000 COLOR: 0.75686276, 0.627451003, 0.180392161, 0.239215687
vb0[186]+000 TEXCOORD: 0.75686276, 0.627451003, 0.180392161, 0.239215687
vb0[186]+000 TEXCOORD1: 0.75686276, 0.627451003, 0.180392161, 0.239215687
vb0[186]+000 TEXCOORD2: 0.75686276, 0.627451003, 0.180392161, 0.239215687
vb0[186]+000 TEXCOORD3: 0.75686276, 0.627451003, 0.180392161, 0.239215687
vb0[186]+024 TANGENT: 0.329961836, 0.539183855, 0.774858654, 1

vb0[187]+000 POSITION: 0.0451683328, 0.327048957, -0.383852214
vb0[187]+012 NORMAL: -0.939783931, 0.265062958, 0.215749204
vb0[187]+000 COLOR: 0.431372553, 0.00784313772, 0.223529413, 0.239215687
vb0[187]+000 TEXCOORD: 0.431372553, 0.00784313772, 0.223529413, 0.239215687
vb0[187]+000 TEXCOORD1: 0.431372553, 0.00784313772, 0.223529413, 0.239215687
vb0[187]+000 TEXCOORD2: 0.431372553, 0.00784313772, 0.223529413, 0.239215687
vb0[187]+000 TEXCOORD3: 0.431372553, 0.00784313772, 0.223529413, 0.239215687
vb0[187]+024 TANGENT: 0.329961866, 0.539183915, 0.774858654, 1

vb0[188]+000 POSITION: 0.0237371512, 0.00188104378, -0.0777130574
vb0[188]+012 NORMAL: -0.939783931, 0.265062958, 0.215749204
vb0[188]+000 COLOR: 0.41568628, 0.454901963, 0.760784328, 0.235294119
vb0[188]+000 TEXCOORD: 0.41568628, 0.454901963, 0.760784328, 0.235294119
vb0[188]+000 TEXCOORD1: 0.41568628, 0.454901963, 0.760784328, 0.235294119
vb0[188]+000 TEXCOORD2: 0.41568628, 0.454901963, 0.760784328, 0.235294119
vb0[188]+000 TEXCOORD3: 0.41568628, 0.454901963, 0.760784328, 0.235294119
vb0[188]+024 TANGENT: 0.329961866, 0.539183855, 0.774858654, 1

vb0[189]+000 POSITION: 0.0237371512, 0.00188104378, -0.0777130574
vb0[189]+012 NORMAL: 0.397826523, 0.614866972, 0.680935144
vb0[189]+000 COLOR: 0.41568628, 0.454901963, 0.760784328, 0.235294119
vb0[189]+000 TEXCOORD: 0.41568628, 0.454901963, 0.760784328, 0.235294119
vb0[189]+000 TEXCOORD1: 0.41568628, 0.454901963, 0.760784328, 0.235294119
vb0[189]+000 TEXCOORD2: 0.41568628, 0.454901963, 0.760784328, 0.235294119
vb0[189]+000 TEXCOORD3: 0.41568628, 0.454901963, 0.760784328, 0.235294119
vb0[189]+024 TANGENT: 0.9164536, -0.23155874, -0.326333106, 1

vb0[190]+000 POSITION: 0.0451683328, 0.327048957, -0.383852214
vb0[190]+012 NORMAL: 0.397826523, 0.614867032, 0.680935085
vb0[190]+000 COLOR: 0.431372553, 0.00784313772, 0.223529413, 0.239215687
vb0[190]+000 TEXCOORD: 0.431372553, 0.00784313772, 0.223529413, 0.239215687
vb0[190]+000 TEXCOORD1: 0.431372553, 0.00784313772, 0.223529413, 0.239215687
vb0[190]+000 TEXCOORD2: 0.431372553, 0.00784313772, 0.223529413, 0.239215687
vb0[190]+000 TEXCOORD3: 0.431372553, 0.00784313772, 0.223529413, 0.239215687
vb0[190]+024 TANGENT: 0.9164536, -0.23155877, -0.326333076, 1

vb0[191]+000 POSITION: -0.0491829664, 0.00188094238, -0.0351104401
vb0[191]+012 NORMAL: 0.397826552, 0.614866972, 0.680935204
vb0[191]+000 COLOR: 0.0784313753, 0.454901963, 0.286274523, 0.741176486
vb0[191]+000 TEXCOORD: 0.0784313753, 0.454901963, 0.286274523, 0.741176486
vb0[191]+000 TEXCOORD1: 0.0784313753, 0.454901963, 0.286274523, 0.741176486
vb0[191]+000 TEXCOORD2: 0.0784313753, 0.454901963, 0.286274523, 0.741176486
vb0[191]+000 TEXCOORD3: 0.0784313753, 0.454901963, 0.286274523, 0.741176486
vb0[191]+024 TANGENT: 0.9164536, -0.23155877, -0.326333106, 1

vb0[192]+000 POSITION: 0.0545960143, -0.0243387595, -0.0619150475
vb0[192]+012 NORMAL: -0.244387582, -0.477657527, -0.843870878
vb0[192]+000 COLOR: 0.0705882385, 0.627451003, 0.372549027, 0.239215687
vb0[192]+000 TEXCOORD: 0.0705882385, 0.627451003, 0.372549027, 0.239215687
vb0[192]+000 TEXCOORD1: 0.0705882385, 0.627451003, 0.372549027, 0.239215687
vb0[192]+000 TEXCOORD2: 0.0705882385, 0.627451003, 0.372549027, 0.239215687
vb0[192]+000 TEXCOORD3: 0.0705882385, 0.627451003, 0.372549027, 0.239215687
vb0[192]+024 TANGENT: -0.945381761, 0.310955733, 0.0977746844, -1

vb0[193]+000 POSITION: -0.0619717166, -0.0313366055, -0.0241956804
vb0[193]+012 NORMAL: -0.244387612, -0.477657527, -0.843870878
vb0[193]+000 COLOR: 0.0549019612, 0.839215696, 0.490196079, 0.741176486
vb0[193]+000 TEXCOORD: 0.0549019612, 0.839215696, 0.490196079, 0.741176486
vb0[193]+000 TEXCOORD1: 0.0549019612, 0.839215696, 0.490196079, 0.741176486
vb0[193]+000 TEXCOORD2: 0.0549019612, 0.839215696, 0.490196079, 0.741176486
vb0[193]+000 TEXCOORD3: 0.0549019612, 0.839215696, 0.490196079, 0.741176486
vb0[193]+024 TANGENT: -0.945381761, 0.310955733, 0.0977746993, -1

vb0[194]+000 POSITION: 0.159108043, 0.239500761, -0.241523534
vb0[194]+012 NORMAL: -0.244387582, -0.477657467, -0.843870878
vb0[194]+000 COLOR: 0.219607845, 0.929411769, 0.13333334, 0.243137255
vb0[194]+000 TEXCOORD: 0.219607845, 0.929411769, 0.13333334, 0.243137255
vb0[194]+000 TEXCOORD1: 0.219607845, 0.929411769, 0.13333334, 0.243137255
vb0[194]+000 TEXCOORD2: 0.219607845, 0.929411769, 0.13333334, 0.243137255
vb0[194]+000 TEXCOORD3: 0.219607845, 0.929411769, 0.13333334, 0.243137255
vb0[194]+024 TANGENT: -0.945381761, 0.310955763, 0.0977746919, -1

vb0[195]+000 POSITION: 0.159108043, 0.239500761, -0.241523534
vb0[195]+012 NORMAL: 0.884070873, -0.445768327, -0.140390158
vb0[195]+000 COLOR: 0.219607845, 0.929411769, 0.13333334, 0.243137255
vb0[195]+000 TEXCOORD: 0.219607845, 0.929411769, 0.13333334, 0.243137255
vb0[195]+000 TEXCOORD1: 0.219607845, 0.929411769, 0.13333334, 0.243137255
vb0[195]+000 TEXCOORD2: 0.219607845, 0.929411769, 0.13333334, 0.243137255
vb0[195]+000 TEXCOORD3: 0.219607845, 0.929411769, 0.13333334, 0.243137255
vb0[195]+024 TANGENT: -0.317544639, -0.352537781, -0.880274057, -1

vb0[196]+000 POSITION: 0.0729004145, -0.0262482669, 0.0594152994
vb0[196]+012 NORMAL: 0.884070873, -0.445768327, -0.140390173
vb0[196]+000 COLOR: 0.815686285, 0.298039228, 0.58431375, 0.239215687
vb0[196]+000 TEXCOORD: 0.815686285, 0.298039228, 0.58431375, 0.239215687
vb0[196]+000 TEXCOORD1: 0.815686285, 0.298039228, 0.58431375, 0.239215687
vb0[196]+000 TEXCOORD2: 0.815686285, 0.298039228, 0.58431375, 0.239215687
vb0[196]+000 TEXCOORD3: 0.815686285, 0.298039228, 0.58431375, 0.239215687
vb0[196]+024 TANGENT: -0.317544699, -0.352537751, -0.880274057, -1

vb0[197]+000 POSITION: 0.0545960143, -0.0243387595, -0.0619150475
vb0[197]+012 NORMAL: 0.884070873, -0.445768386, -0.140390173
vb0[197]+000 COLOR: 0.0705882385, 0.627451003, 0.372549027, 0.239215687
vb0[197]+000 TEXCOORD: 0.0705882385, 0.627451003, 0.372549027, 0.239215687
vb0[197]+000 TEXCOORD1: 0.0705882385, 0.627451003, 0.372549027, 0.239215687
vb0[197]+000 TEXCOORD2: 0.0705882385, 0.627451003, 0.372549027, 0.239215687
vb0[197]+000 TEXCOORD3: 0.0705882385, 0.627451003, 0.372549027, 0.239215687
vb0[197]+024 TANGENT: -0.317544699, -0.352537781, -0.880274057, -1

vb0[198]+000 POSITION: 0.0729003251, -0.0249289628, 0.0594152585
vb0[198]+012 NORMAL: -0.88407135, 0.445767581, 0.140389249
vb0[198]+000 COLOR: 0.768627465, 0.298039228, 0.58431375, 0.239215687
vb0[198]+000 TEXCOORD: 0.768627465, 0.298039228, 0.58431375, 0.239215687
vb0[198]+000 TEXCOORD1: 0.768627465, 0.298039228, 0.58431375, 0.239215687
vb0[198]+000 TEXCOORD2: 0.768627465, 0.298039228, 0.58431375, 0.239215687
vb0[198]+000 TEXCOORD3: 0.768627465, 0.298039228, 0.58431375, 0.239215687
vb0[198]+024 TANGENT: -0.317543834, -0.352538943, -0.880273879, 1

vb0[199]+000 POSITION: 0.159107998, 0.240820065, -0.241523504
vb0[199]+012 NORMAL: -0.88407135, 0.445767581, 0.140389234
vb0[199]+000 COLOR: 0.20784314, 0.929411769, 0.13333334, 0.243137255
vb0[199]+000 TEXCOORD: 0.20784314, 0.929411769, 0.13333334, 0.243137255
vb0[199]+000 TEXCOORD1: 0.20784314, 0.929411769, 0.13333334, 0.243137255
vb0[199]+000 TEXCOORD2: 0.20784314, 0.929411769, 0.13333334, 0.243137255
vb0[199]+000 TEXCOORD3: 0.20784314, 0.929411769, 0.13333334, 0.243137255
vb0[199]+024 TANGENT: -0.317543834, -0.352538913, -0.880273879, 1

vb0[200]+000 POSITION: 0.0545960143, -0.0230195522, -0.0619150475
vb0[200]+012 NORMAL: -0.88407135, 0.445767581, 0.140389234
vb0[200]+000 COLOR: 0.0705882385, 0.627451003, 0.372549027, 0.239215687
vb0[200]+000 TEXCOORD: 0.0705882385, 0.627451003, 0.372549027, 0.239215687
vb0[200]+000 TEXCOORD1: 0.0705882385, 0.627451003, 0.372549027, 0.239215687
vb0[200]+000 TEXCOORD2: 0.0705882385, 0.627451003, 0.372549027, 0.239215687
vb0[200]+000 TEXCOORD3: 0.0705882385, 0.627451003, 0.372549027, 0.239215687
vb0[200]+024 TANGENT: -0.317543834, -0.352538913, -0.880273998, 1

vb0[201]+000 POSITION: 0.0545960143, -0.0230195522, -0.0619150475
vb0[201]+012 NORMAL: 0.244388625, 0.477656901, 0.843870938
vb0[201]+000 COLOR: 0.0705882385, 0.627451003, 0.372549027, 0.239215687
vb0[201]+000 TEXCOORD: 0.0705882385, 0.627451003, 0.372549027, 0.239215687
vb0[201]+000 TEXCOORD1: 0.0705882385, 0.627451003, 0.372549027, 0.239215687
vb0[201]+000 TEXCOORD2: 0.0705882385, 0.627451003, 0.372549027, 0.239215687
vb0[201]+000 TEXCOORD3: 0.0705882385, 0.627451003, 0.372549027, 0.239215687
vb0[201]+024 TANGENT: -0.945381045, 0.310958087, 0.0977745354, 1

vb0[202]+000 POSITION: 0.159107998, 0.240820065, -0.241523504
vb0[202]+012 NORMAL: 0.24438861, 0.477656901, 0.843870938
vb0[202]+000 COLOR: 0.20784314, 0.929411769, 0.13333334, 0.243137255
vb0[202]+000 TEXCOORD: 0.20784314, 0.929411769, 0.13333334, 0.243137255
vb0[202]+000 TEXCOORD1: 0.20784314, 0.929411769, 0.13333334, 0.243137255
vb0[202]+000 TEXCOORD2: 0.20784314, 0.929411769, 0.13333334, 0.243137255
vb0[202]+000 TEXCOORD3: 0.20784314, 0.929411769, 0.13333334, 0.243137255
vb0[202]+024 TANGENT: -0.945381045, 0.310958087, 0.0977745205, 1

vb0[203]+000 POSITION: -0.0619718097, -0.0300171059, -0.0241956823
vb0[203]+012 NORMAL: 0.244388625, 0.477656901, 0.843870938
vb0[203]+000 COLOR: 0.152941182, 0.839215696, 0.490196079, 0.741176486
vb0[203]+000 TEXCOORD: 0.152941182, 0.839215696, 0.490196079, 0.741176486
vb0[203]+000 TEXCOORD1: 0.152941182, 0.839215696, 0.490196079, 0.741176486
vb0[203]+000 TEXCOORD2: 0.152941182, 0.839215696, 0.490196079, 0.741176486
vb0[203]+000 TEXCOORD3: 0.152941182, 0.839215696, 0.490196079, 0.741176486
vb0[203]+024 TANGENT: -0.945381045, 0.310958087, 0.0977745205, 1

vb0[204]+000 POSITION: 0.0425271988, 0.216797575, -0.0725580901
vb0[204]+012 NORMAL: -0.920372009, 0.0939675421, -0.379585981
vb0[204]+000 COLOR: 0, 0.192156866, 0.180392161, 0.239215687
vb0[204]+000 TEXCOORD: 0, 0.192156866, 0.180392161, 0.239215687
vb0[204]+000 TEXCOORD1: 0, 0.192156866, 0.180392161, 0.239215687
vb0[204]+000 TEXCOORD2: 0, 0.192156866, 0.180392161, 0.239215687
vb0[204]+000 TEXCOORD3: 0, 0.192156866, 0.180392161, 0.239215687
vb0[204]+024 TANGENT: -0.36534068, 0.139491335, 0.920363188, -1

vb0[205]+000 POSITION: -0.00576127926, 0.0183183104, -0.00460838946
vb0[205]+012 NORMAL: -0.920372009, 0.0939675495, -0.379585981
vb0[205]+000 COLOR: 0.113725491, 0.788235307, 0.737254918, 0.733333349
vb0[205]+000 TEXCOORD: 0.113725491, 0.788235307, 0.737254918, 0.733333349
vb0[205]+000 TEXCOORD1: 0.113725491, 0.788235307, 0.737254918, 0.733333349
vb0[205]+000 TEXCOORD2: 0.113725491, 0.788235307, 0.737254918, 0.733333349
vb0[205]+000 TEXCOORD3: 0.113725491, 0.788235307, 0.737254918, 0.733333349
vb0[205]+024 TANGENT: -0.36534068, 0.139491335, 0.920363188, -1

vb0[206]+000 POSITION: -0.0222561993, 0.0197635591, 0.0357441865
vb0[206]+012 NORMAL: -0.920372009, 0.093967557, -0.379586011
vb0[206]+000 COLOR: 0.635294139, 0.321568638, 0.713725507, 0.737254918
vb0[206]+000 TEXCOORD: 0.635294139, 0.321568638, 0.713725507, 0.737254918
vb0[206]+000 TEXCOORD1: 0.635294139, 0.321568638, 0.713725507, 0.737254918
vb0[206]+000 TEXCOORD2: 0.635294139, 0.321568638, 0.713725507, 0.737254918
vb0[206]+000 TEXCOORD3: 0.635294139, 0.321568638, 0.713725507, 0.737254918
vb0[206]+024 TANGENT: -0.36534068, 0.13949132, 0.920363188, -1

vb0[207]+000 POSITION: -0.00576127926, 0.0183183104, -0.00460838946
vb0[207]+012 NORMAL: 0.41519019, -0.383444786, -0.82497704
vb0[207]+000 COLOR: 0.113725491, 0.788235307, 0.737254918, 0.733333349
vb0[207]+000 TEXCOORD: 0.113725491, 0.788235307, 0.737254918, 0.733333349
vb0[207]+000 TEXCOORD1: 0.113725491, 0.788235307, 0.737254918, 0.733333349
vb0[207]+000 TEXCOORD2: 0.113725491, 0.788235307, 0.737254918, 0.733333349
vb0[207]+000 TEXCOORD3: 0.113725491, 0.788235307, 0.737254918, 0.733333349
vb0[207]+024 TANGENT: -0.90785116, -0.116313621, -0.40283671, -1

vb0[208]+000 POSITION: 0.0425271988, 0.216797575, -0.0725580901
vb0[208]+012 NORMAL: 0.41519019, -0.383444816, -0.82497704
vb0[208]+000 COLOR: 0, 0.192156866, 0.180392161, 0.239215687
vb0[208]+000 TEXCOORD: 0, 0.192156866, 0.180392161, 0.239215687
vb0[208]+000 TEXCOORD1: 0, 0.192156866, 0.180392161, 0.239215687
vb0[208]+000 TEXCOORD2: 0, 0.192156866, 0.180392161, 0.239215687
vb0[208]+000 TEXCOORD3: 0, 0.192156866, 0.180392161, 0.239215687
vb0[208]+024 TANGENT: -0.90785116, -0.116313621, -0.40283677, -1

vb0[209]+000 POSITION: 0.0345357917, 0.0254192296, 0.0123716434
vb0[209]+012 NORMAL: 0.41519019, -0.383444816, -0.82497704
vb0[209]+000 COLOR: 0.403921574, 0.458823532, 0.0509803928, 0.239215687
vb0[209]+000 TEXCOORD: 0.403921574, 0.458823532, 0.0509803928, 0.239215687
vb0[209]+000 TEXCOORD1: 0.403921574, 0.458823532, 0.0509803928, 0.239215687
vb0[209]+000 TEXCOORD2: 0.403921574, 0.458823532, 0.0509803928, 0.239215687
vb0[209]+000 TEXCOORD3: 0.403921574, 0.458823532, 0.0509803928, 0.239215687
vb0[209]+024 TANGENT: -0.90785116, -0.116313621, -0.40283671, -1

vb0[210]+000 POSITION: 0.0425271466, 0.218116894, -0.0725580901
vb0[210]+012 NORMAL: 0.920371056, -0.0939657912, 0.379588693
vb0[210]+000 COLOR: 0.949019611, 0.188235298, 0.180392161, 0.239215687
vb0[210]+000 TEXCOORD: 0.949019611, 0.188235298, 0.180392161, 0.239215687
vb0[210]+000 TEXCOORD1: 0.949019611, 0.188235298, 0.180392161, 0.239215687
vb0[210]+000 TEXCOORD2: 0.949019611, 0.188235298, 0.180392161, 0.239215687
vb0[210]+000 TEXCOORD3: 0.949019611, 0.188235298, 0.180392161, 0.239215687
vb0[210]+024 TANGENT: -0.365343899, 0.139489189, 0.920362175, 1

vb0[211]+000 POSITION: -0.0222562477, 0.0210828539, 0.0357441381
vb0[211]+012 NORMAL: 0.920370996, -0.0939657837, 0.379588753
vb0[211]+000 COLOR: 0.737254918, 0.321568638, 0.713725507, 0.737254918
vb0[211]+000 TEXCOORD: 0.737254918, 0.321568638, 0.713725507, 0.737254918
vb0[211]+000 TEXCOORD1: 0.737254918, 0.321568638, 0.713725507, 0.737254918
vb0[211]+000 TEXCOORD2: 0.737254918, 0.321568638, 0.713725507, 0.737254918
vb0[211]+000 TEXCOORD3: 0.737254918, 0.321568638, 0.713725507, 0.737254918
vb0[211]+024 TANGENT: -0.365343899, 0.139489204, 0.920362175, 1

vb0[212]+000 POSITION: -0.00576118287, 0.0196377076, -0.00460841274
vb0[212]+012 NORMAL: 0.920371056, -0.0939657912, 0.379588753
vb0[212]+000 COLOR: 0.305882365, 0.784313738, 0.737254918, 0.733333349
vb0[212]+000 TEXCOORD: 0.305882365, 0.784313738, 0.737254918, 0.733333349
vb0[212]+000 TEXCOORD1: 0.305882365, 0.784313738, 0.737254918, 0.733333349
vb0[212]+000 TEXCOORD2: 0.305882365, 0.784313738, 0.737254918, 0.733333349
vb0[212]+000 TEXCOORD3: 0.305882365, 0.784313738, 0.737254918, 0.733333349
vb0[212]+024 TANGENT: -0.365343869, 0.139489219, 0.920362175, 1

vb0[213]+000 POSITION: 0.0425271466, 0.218116894, -0.0725580901
vb0[213]+012 NORMAL: -0.415190905, 0.383444637, 0.824976861
vb0[213]+000 COLOR: 0.949019611, 0.188235298, 0.180392161, 0.239215687
vb0[213]+000 TEXCOORD: 0.949019611, 0.188235298, 0.180392161, 0.239215687
vb0[213]+000 TEXCOORD1: 0.949019611, 0.188235298, 0.180392161, 0.239215687
vb0[213]+000 TEXCOORD2: 0.949019611, 0.188235298, 0.180392161, 0.239215687
vb0[213]+000 TEXCOORD3: 0.949019611, 0.188235298, 0.180392161, 0.239215687
vb0[213]+024 TANGENT: -0.907850862, -0.116314113, -0.402837217, 1

vb0[214]+000 POSITION: -0.00576118287, 0.0196377076, -0.00460841274
vb0[214]+012 NORMAL: -0.415190905, 0.383444637, 0.824976861
vb0[214]+000 COLOR: 0.305882365, 0.784313738, 0.737254918, 0.733333349
vb0[214]+000 TEXCOORD: 0.305882365, 0.784313738, 0.737254918, 0.733333349
vb0[214]+000 TEXCOORD1: 0.305882365, 0.784313738, 0.737254918, 0.733333349
vb0[214]+000 TEXCOORD2: 0.305882365, 0.784313738, 0.737254918, 0.733333349
vb0[214]+000 TEXCOORD3: 0.305882365, 0.784313738, 0.737254918, 0.733333349
vb0[214]+024 TANGENT: -0.907850862, -0.116314113, -0.402837217, 1

vb0[215]+000 POSITION: 0.0345357917, 0.0267386269, 0.012371609
vb0[215]+012 NORMAL: -0.415190905, 0.383444637, 0.824976861
vb0[215]+000 COLOR: 0.403921574, 0.458823532, 0.0509803928, 0.239215687
vb0[215]+000 TEXCOORD: 0.403921574, 0.458823532, 0.0509803928, 0.239215687
vb0[215]+000 TEXCOORD1: 0.403921574, 0.458823532, 0.0509803928, 0.239215687
vb0[215]+000 TEXCOORD2: 0.403921574, 0.458823532, 0.0509803928, 0.239215687
vb0[215]+000 TEXCOORD3: 0.403921574, 0.458823532, 0.0509803928, 0.239215687
vb0[215]+024 TANGENT: -0.907850862, -0.116314128, -0.402837247, 1

vb0[216]+000 POSITION: 0.0482221767, 0.447756976, -0.0342333131
vb0[216]+012 NORMAL: 0.312624544, -0.326212674, -0.892104924
vb0[216]+000 COLOR: 0.619607866, 0.517647088, 0.270588249, 0.239215687
vb0[216]+000 TEXCOORD: 0.619607866, 0.517647088, 0.270588249, 0.239215687
vb0[216]+000 TEXCOORD1: 0.619607866, 0.517647088, 0.270588249, 0.239215687
vb0[216]+000 TEXCOORD2: 0.619607866, 0.517647088, 0.270588249, 0.239215687
vb0[216]+000 TEXCOORD3: 0.619607866, 0.517647088, 0.270588249, 0.239215687
vb0[216]+024 TANGENT: -0.941969454, 0.0144620566, -0.335387051, -1

vb0[217]+000 POSITION: 0.0103811678, 0.278737336, 0.0143106766
vb0[217]+012 NORMAL: 0.312624514, -0.326212674, -0.892104924
vb0[217]+000 COLOR: 0.776470602, 0.0823529437, 0.164705887, 0.235294119
vb0[217]+000 TEXCOORD: 0.776470602, 0.0823529437, 0.164705887, 0.235294119
vb0[217]+000 TEXCOORD1: 0.776470602, 0.0823529437, 0.164705887, 0.235294119
vb0[217]+000 TEXCOORD2: 0.776470602, 0.0823529437, 0.164705887, 0.235294119
vb0[217]+000 TEXCOORD3: 0.776470602, 0.0823529437, 0.164705887, 0.235294119
vb0[217]+024 TANGENT: -0.941969335, 0.0144620547, -0.335387051, -1

vb0[218]+000 POSITION: -0.0247292556, 0.285118163, -0.000326486363
vb0[218]+012 NORMAL: 0.312624514, -0.326212674, -0.892104924
vb0[218]+000 COLOR: 0.00784313772, 0.58431375, 0.792156875, 0.737254918
vb0[218]+000 TEXCOORD: 0.00784313772, 0.58431375, 0.792156875, 0.737254918
vb0[218]+000 TEXCOORD1: 0.00784313772, 0.58431375, 0.792156875, 0.737254918
vb0[218]+000 TEXCOORD2: 0.00784313772, 0.58431375, 0.792156875, 0.737254918
vb0[218]+000 TEXCOORD3: 0.00784313772, 0.58431375, 0.792156875, 0.737254918
vb0[218]+024 TANGENT: -0.941969454, 0.0144620556, -0.335387051, -1

vb0[219]+000 POSITION: 0.0103811678, 0.278737336, 0.0143106766
vb0[219]+012 NORMAL: 0.90765053, -0.0851680562, 0.410994917
vb0[219]+000 COLOR: 0.776470602, 0.0823529437, 0.164705887, 0.235294119
vb0[219]+000 TEXCOORD: 0.776470602, 0.0823529437, 0.164705887, 0.235294119
vb0[219]+000 TEXCOORD1: 0.776470602, 0.0823529437, 0.164705887, 0.235294119
vb0[219]+000 TEXCOORD2: 0.776470602, 0.0823529437, 0.164705887, 0.235294119
vb0[219]+000 TEXCOORD3: 0.776470602, 0.0823529437, 0.164705887, 0.235294119
vb0[219]+024 TANGENT: 0.412288964, -0.00261048321, -0.911049366, -1

vb0[220]+000 POSITION: 0.0482221767, 0.447756976, -0.0342333131
vb0[220]+012 NORMAL: 0.90765053, -0.0851680562, 0.410994917
vb0[220]+000 COLOR: 0.619607866, 0.517647088, 0.270588249, 0.239215687
vb0[220]+000 TEXCOORD: 0.619607866, 0.517647088, 0.270588249, 0.239215687
vb0[220]+000 TEXCOORD1: 0.619607866, 0.517647088, 0.270588249, 0.239215687
vb0[220]+000 TEXCOORD2: 0.619607866, 0.517647088, 0.270588249, 0.239215687
vb0[220]+000 TEXCOORD3: 0.619607866, 0.517647088, 0.270588249, 0.239215687
vb0[220]+024 TANGENT: 0.412288994, -0.00261048344, -0.911049366, -1

vb0[221]+000 POSITION: -0.00452985056, 0.286937803, 0.0489398427
vb0[221]+012 NORMAL: 0.90765053, -0.0851680636, 0.410994947
vb0[221]+000 COLOR: 0.141176477, 0.435294122, 0.580392182, 0.733333349
vb0[221]+000 TEXCOORD: 0.141176477, 0.435294122, 0.580392182, 0.733333349
vb0[221]+000 TEXCOORD1: 0.141176477, 0.435294122, 0.580392182, 0.733333349
vb0[221]+000 TEXCOORD2: 0.141176477, 0.435294122, 0.580392182, 0.733333349
vb0[221]+000 TEXCOORD3: 0.141176477, 0.435294122, 0.580392182, 0.733333349
vb0[221]+024 TANGENT: 0.412289053, -0.00261048623, -0.911049366, -1

vb0[222]+000 POSITION: 0.0482221767, 0.449076295, -0.0342332684
vb0[222]+012 NORMAL: -0.312624425, 0.326212823, 0.892104924
vb0[222]+000 COLOR: 0.619607866, 0.517647088, 0.270588249, 0.239215687
vb0[222]+000 TEXCOORD: 0.619607866, 0.517647088, 0.270588249, 0.239215687
vb0[222]+000 TEXCOORD1: 0.619607866, 0.517647088, 0.270588249, 0.239215687
vb0[222]+000 TEXCOORD2: 0.619607866, 0.517647088, 0.270588249, 0.239215687
vb0[222]+000 TEXCOORD3: 0.619607866, 0.517647088, 0.270588249, 0.239215687
vb0[222]+024 TANGENT: -0.941969633, 0.0144608449, -0.335386574, 1

vb0[223]+000 POSITION: -0.024729304, 0.286437511, -0.000326449837
vb0[223]+012 NORMAL: -0.312624454, 0.326212823, 0.892104924
vb0[223]+000 COLOR: 0.109803922, 0.58431375, 0.792156875, 0.737254918
vb0[223]+000 TEXCOORD: 0.109803922, 0.58431375, 0.792156875, 0.737254918
vb0[223]+000 TEXCOORD1: 0.109803922, 0.58431375, 0.792156875, 0.737254918
vb0[223]+000 TEXCOORD2: 0.109803922, 0.58431375, 0.792156875, 0.737254918
vb0[223]+000 TEXCOORD3: 0.109803922, 0.58431375, 0.792156875, 0.737254918
vb0[223]+024 TANGENT: -0.941969514, 0.0144608328, -0.335386544, 1

vb0[224]+000 POSITION: 0.0103811193, 0.280056745, 0.0143106887
vb0[224]+012 NORMAL: -0.312624425, 0.326212794, 0.892104924
vb0[224]+000 COLOR: 0.572549045, 0.0823529437, 0.164705887, 0.235294119
vb0[224]+000 TEXCOORD: 0.572549045, 0.0823529437, 0.164705887, 0.235294119
vb0[224]+000 TEXCOORD1: 0.572549045, 0.0823529437, 0.164705887, 0.235294119
vb0[224]+000 TEXCOORD2: 0.572549045, 0.0823529437, 0.164705887, 0.235294119
vb0[224]+000 TEXCOORD3: 0.572549045, 0.0823529437, 0.164705887, 0.235294119
vb0[224]+024 TANGENT: -0.941969633, 0.0144608356, -0.335386574, 1

vb0[225]+000 POSITION: 0.0482221767, 0.449076295, -0.0342332684
vb0[225]+012 NORMAL: -0.907651007, 0.0851688683, -0.410993814
vb0[225]+000 COLOR: 0.619607866, 0.517647088, 0.270588249, 0.239215687
vb0[225]+000 TEXCOORD: 0.619607866, 0.517647088, 0.270588249, 0.239215687
vb0[225]+000 TEXCOORD1: 0.619607866, 0.517647088, 0.270588249, 0.239215687
vb0[225]+000 TEXCOORD2: 0.619607866, 0.517647088, 0.270588249, 0.239215687
vb0[225]+000 TEXCOORD3: 0.619607866, 0.517647088, 0.270588249, 0.239215687
vb0[225]+024 TANGENT: 0.412287951, -0.00260900753, -0.911049843, 1

vb0[226]+000 POSITION: 0.0103811193, 0.280056745, 0.0143106887
vb0[226]+012 NORMAL: -0.907651007, 0.0851688683, -0.410993814
vb0[226]+000 COLOR: 0.572549045, 0.0823529437, 0.164705887, 0.235294119
vb0[226]+000 TEXCOORD: 0.572549045, 0.0823529437, 0.164705887, 0.235294119
vb0[226]+000 TEXCOORD1: 0.572549045, 0.0823529437, 0.164705887, 0.235294119
vb0[226]+000 TEXCOORD2: 0.572549045, 0.0823529437, 0.164705887, 0.235294119
vb0[226]+000 TEXCOORD3: 0.572549045, 0.0823529437, 0.164705887, 0.235294119
vb0[226]+024 TANGENT: 0.41228801, -0.00260900776, -0.911049843, 1

vb0[227]+000 POSITION: -0.00452985056, 0.288257152, 0.0489398502
vb0[227]+012 NORMAL: -0.907651007, 0.0851688683, -0.410993844
vb0[227]+000 COLOR: 0.141176477, 0.435294122, 0.580392182, 0.733333349
vb0[227]+000 TEXCOORD: 0.141176477, 0.435294122, 0.580392182, 0.733333349
vb0[227]+000 TEXCOORD1: 0.141176477, 0.435294122, 0.580392182, 0.733333349
vb0[227]+000 TEXCOORD2: 0.141176477, 0.435294122, 0.580392182, 0.733333349
vb0[227]+000 TEXCOORD3: 0.141176477, 0.435294122, 0.580392182, 0.733333349
vb0[227]+024 TANGENT: 0.41228804, -0.00260901032, -0.911049843, 1

vb0[228]+000 POSITION: -0.125564501, 0.392341882, 0.0989185944
vb0[228]+012 NORMAL: -0.234314144, -0.42358914, 0.875025272
vb0[228]+000 COLOR: 0.984313726, 0.576470613, 0, 0.745098054
vb0[228]+000 TEXCOORD: 0.984313726, 0.576470613, 0, 0.745098054
vb0[228]+000 TEXCOORD1: 0.984313726, 0.576470613, 0, 0.745098054
vb0[228]+000 TEXCOORD2: 0.984313726, 0.576470613, 0, 0.745098054
vb0[228]+000 TEXCOORD3: 0.984313726, 0.576470613, 0, 0.745098054
vb0[228]+024 TANGENT: -0.887530029, -0.274099588, -0.370350987, -1

vb0[229]+000 POSITION: -0.0345324129, 0.209188819, 0.0346329696
vb0[229]+012 NORMAL: -0.234314173, -0.42358914, 0.875025272
vb0[229]+000 COLOR: 0.862745106, 0.443137258, 0.0509803928, 0.741176486
vb0[229]+000 TEXCOORD: 0.862745106, 0.443137258, 0.0509803928, 0.741176486
vb0[229]+000 TEXCOORD1: 0.862745106, 0.443137258, 0.0509803928, 0.741176486
vb0[229]+000 TEXCOORD2: 0.862745106, 0.443137258, 0.0509803928, 0.741176486
vb0[229]+000 TEXCOORD3: 0.862745106, 0.443137258, 0.0509803928, 0.741176486
vb0[229]+024 TANGENT: -0.887530088, -0.274099618, -0.370350957, -1

vb0[230]+000 POSITION: 0.00130918005, 0.220857248, 0.0498791672
vb0[230]+012 NORMAL: -0.234314114, -0.42358914, 0.875025272
vb0[230]+000 COLOR: 0.796078444, 0.596078455, 0.670588255, 0.227450982
vb0[230]+000 TEXCOORD: 0.796078444, 0.596078455, 0.670588255, 0.227450982
vb0[230]+000 TEXCOORD1: 0.796078444, 0.596078455, 0.670588255, 0.227450982
vb0[230]+000 TEXCOORD2: 0.796078444, 0.596078455, 0.670588255, 0.227450982
vb0[230]+000 TEXCOORD3: 0.796078444, 0.596078455, 0.670588255, 0.227450982
vb0[230]+024 TANGENT: -0.887530029, -0.274099648, -0.370350957, -1

vb0[231]+000 POSITION: -0.0345324129, 0.209188819, 0.0346329696
vb0[231]+012 NORMAL: -0.865966439, -0.286547363, -0.409869283
vb0[231]+000 COLOR: 0.862745106, 0.443137258, 0.0509803928, 0.741176486
vb0[231]+000 TEXCOORD: 0.862745106, 0.443137258, 0.0509803928, 0.741176486
vb0[231]+000 TEXCOORD1: 0.862745106, 0.443137258, 0.0509803928, 0.741176486
vb0[231]+000 TEXCOORD2: 0.862745106, 0.443137258, 0.0509803928, 0.741176486
vb0[231]+000 TEXCOORD3: 0.862745106, 0.443137258, 0.0509803928, 0.741176486
vb0[231]+024 TANGENT: 0.337139457, 0.270842344, -0.90165484, -1

vb0[232]+000 POSITION: -0.125564501, 0.392341882, 0.0989185944
vb0[232]+012 NORMAL: -0.865966439, -0.286547363, -0.409869283
vb0[232]+000 COLOR: 0.984313726, 0.576470613, 0, 0.745098054
vb0[232]+000 TEXCOORD: 0.984313726, 0.576470613, 0, 0.745098054
vb0[232]+000 TEXCOORD1: 0.984313726, 0.576470613, 0, 0.745098054
vb0[232]+000 TEXCOORD2: 0.984313726, 0.576470613, 0, 0.745098054
vb0[232]+000 TEXCOORD3: 0.984313726, 0.576470613, 0, 0.745098054
vb0[232]+024 TANGENT: 0.337139457, 0.270842373, -0.90165484, -1

vb0[233]+000 POSITION: -0.0196811669, 0.216975167, -0.00218813564
vb0[233]+012 NORMAL: -0.865966439, -0.286547363, -0.409869254
vb0[233]+000 COLOR: 0.400000006, 0.227450982, 0.631372571, 0.737254918
vb0[233]+000 TEXCOORD: 0.400000006, 0.227450982, 0.631372571, 0.737254918
vb0[233]+000 TEXCOORD1: 0.400000006, 0.227450982, 0.631372571, 0.737254918
vb0[233]+000 TEXCOORD2: 0.400000006, 0.227450982, 0.631372571, 0.737254918
vb0[233]+000 TEXCOORD3: 0.400000006, 0.227450982, 0.631372571, 0.737254918
vb0[233]+024 TANGENT: 0.337139398, 0.270842344, -0.90165484, -1

vb0[234]+000 POSITION: -0.125564545, 0.393661261, 0.0989185721
vb0[234]+012 NORMAL: 0.234313503, 0.423588693, -0.87502563
vb0[234]+000 COLOR: 0.996078432, 0.576470613, 0, 0.745098054
vb0[234]+000 TEXCOORD: 0.996078432, 0.576470613, 0, 0.745098054
vb0[234]+000 TEXCOORD1: 0.996078432, 0.576470613, 0, 0.745098054
vb0[234]+000 TEXCOORD2: 0.996078432, 0.576470613, 0, 0.745098054
vb0[234]+000 TEXCOORD3: 0.996078432, 0.576470613, 0, 0.745098054
vb0[234]+024 TANGENT: -0.887529731, -0.274101049, -0.370350629, 1

vb0[235]+000 POSITION: 0.00130908343, 0.222176611, 0.0498791337
vb0[235]+012 NORMAL: 0.234313533, 0.423588693, -0.87502563
vb0[235]+000 COLOR: 0.552941203, 0.58431375, 0.670588255, 0.227450982
vb0[235]+000 TEXCOORD: 0.552941203, 0.58431375, 0.670588255, 0.227450982
vb0[235]+000 TEXCOORD1: 0.552941203, 0.58431375, 0.670588255, 0.227450982
vb0[235]+000 TEXCOORD2: 0.552941203, 0.58431375, 0.670588255, 0.227450982
vb0[235]+000 TEXCOORD3: 0.552941203, 0.58431375, 0.670588255, 0.227450982
vb0[235]+024 TANGENT: -0.887529731, -0.274101049, -0.370350599, 1

vb0[236]+000 POSITION: -0.0345324613, 0.210508108, 0.0346329547
vb0[236]+012 NORMAL: 0.234313533, 0.423588693, -0.87502563
vb0[236]+000 COLOR: 0.913725495, 0.443137258, 0.0509803928, 0.741176486
vb0[236]+000 TEXCOORD: 0.913725495, 0.443137258, 0.0509803928, 0.741176486
vb0[236]+000 TEXCOORD1: 0.913725495, 0.443137258, 0.0509803928, 0.741176486
vb0[236]+000 TEXCOORD2: 0.913725495, 0.443137258, 0.0509803928, 0.741176486
vb0[236]+000 TEXCOORD3: 0.913725495, 0.443137258, 0.0509803928, 0.741176486
vb0[236]+024 TANGENT: -0.887529731, -0.274101019, -0.370350689, 1

vb0[237]+000 POSITION: -0.125564545, 0.393661261, 0.0989185721
vb0[237]+012 NORMAL: 0.865966141, 0.286546826, 0.409870088
vb0[237]+000 COLOR: 0.996078432, 0.576470613, 0, 0.745098054
vb0[237]+000 TEXCOORD: 0.996078432, 0.576470613, 0, 0.745098054
vb0[237]+000 TEXCOORD1: 0.996078432, 0.576470613, 0, 0.745098054
vb0[237]+000 TEXCOORD2: 0.996078432, 0.576470613, 0, 0.745098054
vb0[237]+000 TEXCOORD3: 0.996078432, 0.576470613, 0, 0.745098054
vb0[237]+024 TANGENT: 0.337140441, 0.270842254, -0.901654541, 1

vb0[238]+000 POSITION: -0.0345324613, 0.210508108, 0.0346329547
vb0[238]+012 NORMAL: 0.86596626, 0.286546826, 0.409870058
vb0[238]+000 COLOR: 0.913725495, 0.443137258, 0.0509803928, 0.741176486
vb0[238]+000 TEXCOORD: 0.913725495, 0.443137258, 0.0509803928, 0.741176486
vb0[238]+000 TEXCOORD1: 0.913725495, 0.443137258, 0.0509803928, 0.741176486
vb0[238]+000 TEXCOORD2: 0.913725495, 0.443137258, 0.0509803928, 0.741176486
vb0[238]+000 TEXCOORD3: 0.913725495, 0.443137258, 0.0509803928, 0.741176486
vb0[238]+024 TANGENT: 0.337140411, 0.270842254, -0.901654541, 1

vb0[239]+000 POSITION: -0.0196811669, 0.218294457, -0.0021881354
vb0[239]+012 NORMAL: 0.865966141, 0.286546826, 0.409870088
vb0[239]+000 COLOR: 0.400000006, 0.227450982, 0.631372571, 0.737254918
vb0[239]+000 TEXCOORD: 0.400000006, 0.227450982, 0.631372571, 0.737254918
vb0[239]+000 TEXCOORD1: 0.400000006, 0.227450982, 0.631372571, 0.737254918
vb0[239]+000 TEXCOORD2: 0.400000006, 0.227450982, 0.631372571, 0.737254918
vb0[239]+000 TEXCOORD3: 0.400000006, 0.227450982, 0.631372571, 0.737254918
vb0[239]+024 TANGENT: 0.337140441, 0.270842284, -0.901654422, 1

vb0[240]+000 POSITION: -0.033884801, 0.156848907, 0.0353689939
vb0[240]+012 NORMAL: -0.925478041, -0.0590832718, 0.374164999
vb0[240]+000 COLOR: 0.792156875, 0.792156875, 0.0392156877, 0.741176486
vb0[240]+000 TEXCOORD: 0.792156875, 0.792156875, 0.0392156877, 0.741176486
vb0[240]+000 TEXCOORD1: 0.792156875, 0.792156875, 0.0392156877, 0.741176486
vb0[240]+000 TEXCOORD2: 0.792156875, 0.792156875, 0.0392156877, 0.741176486
vb0[240]+000 TEXCOORD3: 0.792156875, 0.792156875, 0.0392156877, 0.741176486
vb0[240]+024 TANGENT: -0.374778956, 0, -0.927114189, -1

vb0[241]+000 POSITION: -0.0165665671, 0.15728128, -0.0038524149
vb0[241]+012 NORMAL: -0.374261737, -0.0155691002, -0.927192509
vb0[241]+000 COLOR: 0.611764729, 0.713725507, 0.529411793, 0.737254918
vb0[241]+000 TEXCOORD: 0.611764729, 0.713725507, 0.529411793, 0.737254918
vb0[241]+000 TEXCOORD1: 0.611764729, 0.713725507, 0.529411793, 0.737254918
vb0[241]+000 TEXCOORD2: 0.611764729, 0.713725507, 0.529411793, 0.737254918
vb0[241]+000 TEXCOORD3: 0.611764729, 0.713725507, 0.529411793, 0.737254918
vb0[241]+024 TANGENT: 0.927196562, 0.0102365185, -0.374435276, -1

vb0[242]+000 POSITION: -0.00150913, -0.0451416709, -0.00704675261
vb0[242]+012 NORMAL: -0.345227957, -0.0131295044, -0.938427091
vb0[242]+000 COLOR: 0, 0.807843149, 0.772549033, 0.729411781
vb0[242]+000 TEXCOORD: 0, 0.807843149, 0.772549033, 0.729411781
vb0[242]+000 TEXCOORD1: 0, 0.807843149, 0.772549033, 0.729411781
vb0[242]+000 TEXCOORD2: 0, 0.807843149, 0.772549033, 0.729411781
vb0[242]+000 TEXCOORD3: 0, 0.807843149, 0.772549033, 0.729411781
vb0[242]+024 TANGENT: 0.938501596, 0.00123920676, -0.34527269, -1

vb0[243]+000 POSITION: -0.0199093688, -0.0451416783, 0.0368223339
vb0[243]+012 NORMAL: -0.919066668, -0.058642745, 0.389714688
vb0[243]+000 COLOR: 0.97647059, 0.0941176489, 0.639215708, 0.737254918
vb0[243]+000 TEXCOORD: 0.97647059, 0.0941176489, 0.639215708, 0.737254918
vb0[243]+000 TEXCOORD1: 0.97647059, 0.0941176489, 0.639215708, 0.737254918
vb0[243]+000 TEXCOORD2: 0.97647059, 0.0941176489, 0.639215708, 0.737254918
vb0[243]+000 TEXCOORD3: 0.97647059, 0.0941176489, 0.639215708, 0.737254918
vb0[243]+024 TANGENT: -0.390334904, 0, -0.920673013, -1

vb0[244]+000 POSITION: 0.0237574484, 0.157450944, 0.0126048541
vb0[244]+012 NORMAL: 0.923626244, 0.0899087861, -0.372600436
vb0[244]+000 COLOR: 0.984313726, 0.619607866, 0.760784328, 0.235294119
vb0[244]+000 TEXCOORD: 0.984313726, 0.619607866, 0.760784328, 0.235294119
vb0[244]+000 TEXCOORD1: 0.984313726, 0.619607866, 0.760784328, 0.235294119
vb0[244]+000 TEXCOORD2: 0.984313726, 0.619607866, 0.760784328, 0.235294119
vb0[244]+000 TEXCOORD3: 0.984313726, 0.619607866, 0.760784328, 0.235294119
vb0[244]+024 TANGENT: 0.379943609, -0.0864988863, 0.920956433, -1

vb0[245]+000 POSITION: 0.0423600338, -0.0451415703, 0.0113534117
vb0[245]+012 NORMAL: 0.927639842, 0.0901083574, -0.362442851
vb0[245]+000 COLOR: 0.717647076, 0.505882382, 0.176470593, 0.239215687
vb0[245]+000 TEXCOORD: 0.717647076, 0.505882382, 0.176470593, 0.239215687
vb0[245]+000 TEXCOORD1: 0.717647076, 0.505882382, 0.176470593, 0.239215687
vb0[245]+000 TEXCOORD2: 0.717647076, 0.505882382, 0.176470593, 0.239215687
vb0[245]+000 TEXCOORD3: 0.717647076, 0.505882382, 0.176470593, 0.239215687
vb0[245]+024 TANGENT: 0.370131224, -0.0922180414, 0.924391031, -1

vb0[246]+000 POSITION: 0.00620626798, 0.15728128, 0.0518252365
vb0[246]+012 NORMAL: 0.36996007, 0.04545068, 0.927935243
vb0[246]+000 COLOR: 0.952941179, 0.36470589, 0.796078444, 0.23137255
vb0[246]+000 TEXCOORD: 0.952941179, 0.36470589, 0.796078444, 0.23137255
vb0[246]+000 TEXCOORD1: 0.952941179, 0.36470589, 0.796078444, 0.23137255
vb0[246]+000 TEXCOORD2: 0.952941179, 0.36470589, 0.796078444, 0.23137255
vb0[246]+000 TEXCOORD3: 0.952941179, 0.36470589, 0.796078444, 0.23137255
vb0[246]+024 TANGENT: -0.928699136, -0.00926109403, 0.370718241, -1

vb0[247]+000 POSITION: 0.0239597391, -0.0451416038, 0.0552225038
vb0[247]+012 NORMAL: 0.404165566, 0.0482488535, 0.913412452
vb0[247]+000 COLOR: 0.215686277, 0.278431386, 0.768627465, 0.235294119
vb0[247]+000 TEXCOORD: 0.215686277, 0.278431386, 0.768627465, 0.235294119
vb0[247]+000 TEXCOORD1: 0.215686277, 0.278431386, 0.768627465, 0.235294119
vb0[247]+000 TEXCOORD2: 0.215686277, 0.278431386, 0.768627465, 0.235294119
vb0[247]+000 TEXCOORD3: 0.215686277, 0.278431386, 0.768627465, 0.235294119
vb0[247]+024 TANGENT: -0.914483786, 0, 0.404622704, -1

vb0[248]+000 POSITION: 0.0423600338, -0.0451415703, 0.0113534117
vb0[248]+012 NORMAL: 0.927639842, 0.0901083574, -0.362442851
vb0[248]+000 COLOR: 0.717647076, 0.505882382, 0.176470593, 0.239215687
vb0[248]+000 TEXCOORD: 0.717647076, 0.505882382, 0.176470593, 0.239215687
vb0[248]+000 TEXCOORD1: 0.717647076, 0.505882382, 0.176470593, 0.239215687
vb0[248]+000 TEXCOORD2: 0.717647076, 0.505882382, 0.176470593, 0.239215687
vb0[248]+000 TEXCOORD3: 0.717647076, 0.505882382, 0.176470593, 0.239215687
vb0[248]+024 TANGENT: 0.355259418, 0.0864935964, 0.930757582, -1

vb0[249]+000 POSITION: 0.0237574484, 0.157450944, 0.0126048541
vb0[249]+012 NORMAL: 0.923626244, 0.0899087861, -0.372600436
vb0[249]+000 COLOR: 0.984313726, 0.619607866, 0.760784328, 0.235294119
vb0[249]+000 TEXCOORD: 0.984313726, 0.619607866, 0.760784328, 0.235294119
vb0[249]+000 TEXCOORD1: 0.984313726, 0.619607866, 0.760784328, 0.235294119
vb0[249]+000 TEXCOORD2: 0.984313726, 0.619607866, 0.760784328, 0.235294119
vb0[249]+000 TEXCOORD3: 0.984313726, 0.619607866, 0.760784328, 0.235294119
vb0[249]+024 TANGENT: 0.365409672, 0.0869317502, 0.926778615, -1

vb0[250]+000 POSITION: -0.0408725142, 0.25784418, 0.0346423239
vb0[250]+012 NORMAL: -0.927024126, -0.0590392016, 0.370324939
vb0[250]+000 COLOR: 0.941176474, 0.411764711, 0.152941182, 0.741176486
vb0[250]+000 TEXCOORD: 0.941176474, 0.411764711, 0.152941182, 0.741176486
vb0[250]+000 TEXCOORD1: 0.941176474, 0.411764711, 0.152941182, 0.741176486
vb0[250]+000 TEXCOORD2: 0.941176474, 0.411764711, 0.152941182, 0.741176486
vb0[250]+000 TEXCOORD3: 0.941176474, 0.411764711, 0.152941182, 0.741176486
vb0[250]+024 TANGENT: -0.370940953, 0, -0.928656399, -1

vb0[251]+000 POSITION: -0.0240952875, 0.258492768, -0.00225524628
vb0[251]+012 NORMAL: -0.371015966, -0.0154409297, -0.928498089
vb0[251]+000 COLOR: 0.482352942, 0.388235301, 0.772549033, 0.737254918
vb0[251]+000 TEXCOORD: 0.482352942, 0.388235301, 0.772549033, 0.737254918
vb0[251]+000 TEXCOORD1: 0.482352942, 0.388235301, 0.772549033, 0.737254918
vb0[251]+000 TEXCOORD2: 0.482352942, 0.388235301, 0.772549033, 0.737254918
vb0[251]+000 TEXCOORD3: 0.482352942, 0.388235301, 0.772549033, 0.737254918
vb0[251]+024 TANGENT: 0.92840153, 0.0158409476, -0.371240795, -1

vb0[252]+000 POSITION: 0.0144561548, 0.25874722, 0.0132305752
vb0[252]+012 NORMAL: 0.925485015, 0.0902753025, -0.367869377
vb0[252]+000 COLOR: 0.509803951, 0.850980401, 0.423529416, 0.235294119
vb0[252]+000 TEXCOORD: 0.509803951, 0.850980401, 0.423529416, 0.235294119
vb0[252]+000 TEXCOORD1: 0.509803951, 0.850980401, 0.423529416, 0.235294119
vb0[252]+000 TEXCOORD2: 0.509803951, 0.850980401, 0.423529416, 0.235294119
vb0[252]+000 TEXCOORD3: 0.509803951, 0.850980401, 0.423529416, 0.235294119
vb0[252]+024 TANGENT: 0.375221878, -0.0856117234, 0.922972977, -1

vb0[253]+000 POSITION: -0.0026704669, 0.258492738, 0.0501265973
vb0[253]+012 NORMAL: 0.364685416, 0.044878561, 0.930048645
vb0[253]+000 COLOR: 0, 0.0117647061, 0.184313729, 0.733333349
vb0[253]+000 TEXCOORD: 0, 0.0117647061, 0.184313729, 0.733333349
vb0[253]+000 TEXCOORD1: 0, 0.0117647061, 0.184313729, 0.733333349
vb0[253]+000 TEXCOORD2: 0, 0.0117647061, 0.184313729, 0.733333349
vb0[253]+000 TEXCOORD3: 0, 0.0117647061, 0.184313729, 0.733333349
vb0[253]+024 TANGENT: -0.930642247, -0.0147836106, 0.365631551, -1

vb0[254]+000 POSITION: 0.0144561548, 0.25874722, 0.0132305752
vb0[254]+012 NORMAL: 0.925485015, 0.0902753025, -0.367869377
vb0[254]+000 COLOR: 0.509803951, 0.850980401, 0.423529416, 0.235294119
vb0[254]+000 TEXCOORD: 0.509803951, 0.850980401, 0.423529416, 0.235294119
vb0[254]+000 TEXCOORD1: 0.509803951, 0.850980401, 0.423529416, 0.235294119
vb0[254]+000 TEXCOORD2: 0.509803951, 0.850980401, 0.423529416, 0.235294119
vb0[254]+000 TEXCOORD3: 0.509803951, 0.850980401, 0.423529416, 0.235294119
vb0[254]+024 TANGENT: 0.360802561, 0.0855786875, 0.9287076, -1

vb0[255]+000 POSITION: -0.047860235, 0.358839482, 0.0339156538
vb0[255]+012 NORMAL: -0.928443432, -0.0589956641, 0.366759181
vb0[255]+000 COLOR: 0.0941176489, 0.0352941193, 0.266666681, 0.741176486
vb0[255]+000 TEXCOORD: 0.0941176489, 0.0352941193, 0.266666681, 0.741176486
vb0[255]+000 TEXCOORD1: 0.0941176489, 0.0352941193, 0.266666681, 0.741176486
vb0[255]+000 TEXCOORD2: 0.0941176489, 0.0352941193, 0.266666681, 0.741176486
vb0[255]+000 TEXCOORD3: 0.0941176489, 0.0352941193, 0.266666681, 0.741176486
vb0[255]+024 TANGENT: -0.367376775, 0, -0.930072248, -1

vb0[256]+000 POSITION: -0.0316240042, 0.359704226, -0.000658077595
vb0[256]+012 NORMAL: -0.367989391, -0.0153169101, -0.929703832
vb0[256]+000 COLOR: 0.172549024, 0.533333361, 0.00392156886, 0.741176486
vb0[256]+000 TEXCOORD: 0.172549024, 0.533333361, 0.00392156886, 0.741176486
vb0[256]+000 TEXCOORD1: 0.172549024, 0.533333361, 0.00392156886, 0.741176486
vb0[256]+000 TEXCOORD2: 0.172549024, 0.533333361, 0.00392156886, 0.741176486
vb0[256]+000 TEXCOORD3: 0.172549024, 0.533333361, 0.00392156886, 0.741176486
vb0[256]+024 TANGENT: 0.929464638, 0.0219690092, -0.368256599, -1

vb0[257]+000 POSITION: -0.0548479557, 0.459834784, 0.0331889875
vb0[257]+012 NORMAL: -0.930044711, -0.0589437298, 0.362687796
vb0[257]+000 COLOR: 0.250980407, 0.65882355, 0.376470596, 0.741176486
vb0[257]+000 TEXCOORD: 0.250980407, 0.65882355, 0.376470596, 0.741176486
vb0[257]+000 TEXCOORD1: 0.250980407, 0.65882355, 0.376470596, 0.741176486
vb0[257]+000 TEXCOORD2: 0.250980407, 0.65882355, 0.376470596, 0.741176486
vb0[257]+000 TEXCOORD3: 0.250980407, 0.65882355, 0.376470596, 0.741176486
vb0[257]+024 TANGENT: -0.363311023, 0, -0.931667864, -1

vb0[258]+000 POSITION: -0.0391527228, 0.460915744, 0.000939091144
vb0[258]+012 NORMAL: -0.364494592, -0.0151675539, -0.931081951
vb0[258]+000 COLOR: 0.607843161, 0.368627459, 0.125490203, 0.741176486
vb0[258]+000 TEXCOORD: 0.607843161, 0.368627459, 0.125490203, 0.741176486
vb0[258]+000 TEXCOORD1: 0.607843161, 0.368627459, 0.125490203, 0.741176486
vb0[258]+000 TEXCOORD2: 0.607843161, 0.368627459, 0.125490203, 0.741176486
vb0[258]+000 TEXCOORD3: 0.607843161, 0.368627459, 0.125490203, 0.741176486
vb0[258]+024 TANGENT: 0.930645943, 0.0287256893, -0.36479187, -1

vb0[259]+000 POSITION: -0.00414642552, 0.461339712, 0.0144820176
vb0[259]+012 NORMAL: 0.929100633, 0.090998739, -0.35845685
vb0[259]+000 COLOR: 0.741176486, 0.870588243, 0.529411793, 0.733333349
vb0[259]+000 TEXCOORD: 0.741176486, 0.870588243, 0.529411793, 0.733333349
vb0[259]+000 TEXCOORD1: 0.741176486, 0.870588243, 0.529411793, 0.733333349
vb0[259]+000 TEXCOORD2: 0.741176486, 0.870588243, 0.529411793, 0.733333349
vb0[259]+000 TEXCOORD3: 0.741176486, 0.870588243, 0.529411793, 0.733333349
vb0[259]+024 TANGENT: 0.365777105, -0.083056204, 0.926989079, -1

vb0[260]+000 POSITION: 0.00515486486, 0.360043466, 0.0138562964
vb0[260]+012 NORMAL: 0.927187264, 0.0906137228, -0.363473475
vb0[260]+000 COLOR: 0.141176477, 0.917647064, 0.65882355, 0.23137255
vb0[260]+000 TEXCOORD: 0.141176477, 0.917647064, 0.65882355, 0.23137255
vb0[260]+000 TEXCOORD1: 0.141176477, 0.917647064, 0.65882355, 0.23137255
vb0[260]+000 TEXCOORD2: 0.141176477, 0.917647064, 0.65882355, 0.23137255
vb0[260]+000 TEXCOORD3: 0.141176477, 0.917647064, 0.65882355, 0.23137255
vb0[260]+024 TANGENT: 0.370811045, -0.0843917429, 0.924866021, -1

vb0[261]+000 POSITION: -0.0204239357, 0.460915595, 0.0467293337
vb0[261]+012 NORMAL: 0.354158819, 0.0437520519, 0.934161305
vb0[261]+000 COLOR: 0.0980392173, 0.313725501, 0.654901981, 0.737254918
vb0[261]+000 TEXCOORD: 0.0980392173, 0.313725501, 0.654901981, 0.737254918
vb0[261]+000 TEXCOORD1: 0.0980392173, 0.313725501, 0.654901981, 0.737254918
vb0[261]+000 TEXCOORD2: 0.0980392173, 0.313725501, 0.654901981, 0.737254918
vb0[261]+000 TEXCOORD3: 0.0980392173, 0.313725501, 0.654901981, 0.737254918
vb0[261]+024 TANGENT: -0.934287131, -0.0272155069, 0.355481118, -1

vb0[262]+000 POSITION: -0.0115472004, 0.359704167, 0.0484279655
vb0[262]+012 NORMAL: 0.359754205, 0.0443489179, 0.93199259
vb0[262]+000 COLOR: 0.470588237, 0.188235298, 0.239215687, 0.737254918
vb0[262]+000 TEXCOORD: 0.470588237, 0.188235298, 0.239215687, 0.737254918
vb0[262]+000 TEXCOORD1: 0.470588237, 0.188235298, 0.239215687, 0.737254918
vb0[262]+000 TEXCOORD2: 0.470588237, 0.188235298, 0.239215687, 0.737254918
vb0[262]+000 TEXCOORD3: 0.470588237, 0.188235298, 0.239215687, 0.737254918
vb0[262]+024 TANGENT: -0.93237865, -0.0207164958, 0.360888988, -1

vb0[263]+000 POSITION: 0.00515486486, 0.360043466, 0.0138562964
vb0[263]+012 NORMAL: 0.927187264, 0.0906137228, -0.363473475
vb0[263]+000 COLOR: 0.141176477, 0.917647064, 0.65882355, 0.23137255
vb0[263]+000 TEXCOORD: 0.141176477, 0.917647064, 0.65882355, 0.23137255
vb0[263]+000 TEXCOORD1: 0.141176477, 0.917647064, 0.65882355, 0.23137255
vb0[263]+000 TEXCOORD2: 0.141176477, 0.917647064, 0.65882355, 0.23137255
vb0[263]+000 TEXCOORD3: 0.141176477, 0.917647064, 0.65882355, 0.23137255
vb0[263]+024 TANGENT: 0.356542051, 0.0841426924, 0.930482507, -1

vb0[264]+000 POSITION: -0.00414642552, 0.461339712, 0.0144820176
vb0[264]+012 NORMAL: 0.929100633, 0.090998739, -0.35845685
vb0[264]+000 COLOR: 0.741176486, 0.870588243, 0.529411793, 0.733333349
vb0[264]+000 TEXCOORD: 0.741176486, 0.870588243, 0.529411793, 0.733333349
vb0[264]+000 TEXCOORD1: 0.741176486, 0.870588243, 0.529411793, 0.733333349
vb0[264]+000 TEXCOORD2: 0.741176486, 0.870588243, 0.529411793, 0.733333349
vb0[264]+000 TEXCOORD3: 0.741176486, 0.870588243, 0.529411793, 0.733333349
vb0[264]+024 TANGENT: 0.351680517, 0.0824901313, 0.932478547, -1

vb0[265]+000 POSITION: -0.061835669, 0.560830057, 0.0324623138
vb0[265]+012 NORMAL: -0.93186295, -0.0588808097, 0.358000576
vb0[265]+000 COLOR: 0.400000006, 0.278431386, 0.490196079, 0.741176486
vb0[265]+000 TEXCOORD: 0.400000006, 0.278431386, 0.490196079, 0.741176486
vb0[265]+000 TEXCOORD1: 0.400000006, 0.278431386, 0.490196079, 0.741176486
vb0[265]+000 TEXCOORD2: 0.400000006, 0.278431386, 0.490196079, 0.741176486
vb0[265]+000 TEXCOORD3: 0.400000006, 0.278431386, 0.490196079, 0.741176486
vb0[265]+024 TANGENT: -0.358635157, 0, -0.933477819, -1

vb0[266]+000 POSITION: -0.0466814414, 0.562127233, 0.00253625982
vb0[266]+012 NORMAL: -0.360422462, -0.0149861276, -0.932668805
vb0[266]+000 COLOR: 0.0392156877, 0.20784314, 0.247058824, 0.741176486
vb0[266]+000 TEXCOORD: 0.0392156877, 0.20784314, 0.247058824, 0.741176486
vb0[266]+000 TEXCOORD1: 0.0392156877, 0.20784314, 0.247058824, 0.741176486
vb0[266]+000 TEXCOORD2: 0.0392156877, 0.20784314, 0.247058824, 0.741176486
vb0[266]+000 TEXCOORD3: 0.0392156877, 0.20784314, 0.247058824, 0.741176486
vb0[266]+024 TANGENT: 0.931965947, 0.0362127461, -0.360732794, -1

vb0[267]+000 POSITION: -0.0688233823, 0.661825418, 0.0317356475
vb0[267]+012 NORMAL: -0.93394196, -0.0588032193, 0.352554411
vb0[267]+000 COLOR: 0.274509817, 0.952941179, 0.549019635, 0.741176486
vb0[267]+000 TEXCOORD: 0.274509817, 0.952941179, 0.549019635, 0.741176486
vb0[267]+000 TEXCOORD1: 0.274509817, 0.952941179, 0.549019635, 0.741176486
vb0[267]+000 TEXCOORD2: 0.274509817, 0.952941179, 0.549019635, 0.741176486
vb0[267]+000 TEXCOORD3: 0.274509817, 0.952941179, 0.549019635, 0.741176486
vb0[267]+024 TANGENT: -0.353208125, 0, -0.935544789, -1

vb0[268]+000 POSITION: -0.0542101599, 0.663338661, 0.00413342845
vb0[268]+012 NORMAL: -0.355628639, -0.0147635965, -0.934510767
vb0[268]+000 COLOR: 0.474509805, 0.0431372561, 0.368627459, 0.741176486
vb0[268]+000 TEXCOORD: 0.474509805, 0.0431372561, 0.368627459, 0.741176486
vb0[268]+000 TEXCOORD1: 0.474509805, 0.0431372561, 0.368627459, 0.741176486
vb0[268]+000 TEXCOORD2: 0.474509805, 0.0431372561, 0.368627459, 0.741176486
vb0[268]+000 TEXCOORD3: 0.474509805, 0.0431372561, 0.368627459, 0.741176486
vb0[268]+024 TANGENT: 0.933450401, 0.0445521362, -0.355928928, -1

vb0[269]+000 POSITION: -0.0227490067, 0.663932264, 0.0157334618
vb0[269]+012 NORMAL: 0.933719516, 0.091951631, -0.345995456
vb0[269]+000 COLOR: 0.125490203, 0.360784322, 0.729411781, 0.737254918
vb0[269]+000 TEXCOORD: 0.125490203, 0.360784322, 0.729411781, 0.737254918
vb0[269]+000 TEXCOORD1: 0.125490203, 0.360784322, 0.729411781, 0.737254918
vb0[269]+000 TEXCOORD2: 0.125490203, 0.360784322, 0.729411781, 0.737254918
vb0[269]+000 TEXCOORD3: 0.125490203, 0.360784322, 0.729411781, 0.737254918
vb0[269]+024 TANGENT: 0.353268534, -0.0799498186, 0.932099462, -1

vb0[270]+000 POSITION: -0.0134477159, 0.562635958, 0.0151077388
vb0[270]+012 NORMAL: 0.931262732, 0.0914403126, -0.352687329
vb0[270]+000 COLOR: 0.811764717, 0.325490206, 0.360784322, 0.737254918
vb0[270]+000 TEXCOORD: 0.811764717, 0.325490206, 0.360784322, 0.737254918
vb0[270]+000 TEXCOORD1: 0.811764717, 0.325490206, 0.360784322, 0.737254918
vb0[270]+000 TEXCOORD2: 0.811764717, 0.325490206, 0.360784322, 0.737254918
vb0[270]+000 TEXCOORD3: 0.811764717, 0.325490206, 0.360784322, 0.737254918
vb0[270]+024 TANGENT: 0.359986186, -0.0815824792, 0.929383814, -1

vb0[271]+000 POSITION: -0.0381774046, 0.663338482, 0.0433320664
vb0[271]+012 NORMAL: 0.340392113, 0.0422999971, 0.939331591
vb0[271]+000 COLOR: 0.913725495, 0.372549027, 0.109803922, 0.741176486
vb0[271]+000 TEXCOORD: 0.913725495, 0.372549027, 0.109803922, 0.741176486
vb0[271]+000 TEXCOORD1: 0.913725495, 0.372549027, 0.109803922, 0.741176486
vb0[271]+000 TEXCOORD2: 0.913725495, 0.372549027, 0.109803922, 0.741176486
vb0[271]+000 TEXCOORD3: 0.913725495, 0.372549027, 0.109803922, 0.741176486
vb0[271]+024 TANGENT: -0.938721955, -0.0422629677, 0.342074335, -1

vb0[272]+000 POSITION: -0.0293006692, 0.562127054, 0.0450306982
vb0[272]+012 NORMAL: 0.347762883, 0.0430746786, 0.936592519
vb0[272]+000 COLOR: 0.960784316, 0.0274509806, 0.941176474, 0.737254918
vb0[272]+000 TEXCOORD: 0.960784316, 0.0274509806, 0.941176474, 0.737254918
vb0[272]+000 TEXCOORD1: 0.960784316, 0.0274509806, 0.941176474, 0.737254918
vb0[272]+000 TEXCOORD2: 0.960784316, 0.0274509806, 0.941176474, 0.737254918
vb0[272]+000 TEXCOORD3: 0.960784316, 0.0274509806, 0.941176474, 0.737254918
vb0[272]+024 TANGENT: -0.936392128, -0.034364704, 0.349268913, -1

vb0[273]+000 POSITION: -0.0134477159, 0.562635958, 0.0151077388
vb0[273]+012 NORMAL: 0.931262732, 0.0914403126, -0.352687329
vb0[273]+000 COLOR: 0.811764717, 0.325490206, 0.360784322, 0.737254918
vb0[273]+000 TEXCOORD: 0.811764717, 0.325490206, 0.360784322, 0.737254918
vb0[273]+000 TEXCOORD1: 0.811764717, 0.325490206, 0.360784322, 0.737254918
vb0[273]+000 TEXCOORD2: 0.811764717, 0.325490206, 0.360784322, 0.737254918
vb0[273]+000 TEXCOORD3: 0.811764717, 0.325490206, 0.360784322, 0.737254918
vb0[273]+024 TANGENT: 0.346091449, 0.0805688724, 0.934735, -1

vb0[274]+000 POSITION: -0.0227490067, 0.663932264, 0.0157334618
vb0[274]+012 NORMAL: 0.933719516, 0.091951631, -0.345995456
vb0[274]+000 COLOR: 0.125490203, 0.360784322, 0.729411781, 0.737254918
vb0[274]+000 TEXCOORD: 0.125490203, 0.360784322, 0.729411781, 0.737254918
vb0[274]+000 TEXCOORD1: 0.125490203, 0.360784322, 0.729411781, 0.737254918
vb0[274]+000 TEXCOORD2: 0.125490203, 0.360784322, 0.729411781, 0.737254918
vb0[274]+000 TEXCOORD3: 0.125490203, 0.360784322, 0.729411781, 0.737254918
vb0[274]+024 TANGENT: 0.339610815, 0.0783078372, 0.937300622, -1

vb0[275]+000 POSITION: -0.0758110955, 0.762820661, 0.0310089774
vb0[275]+012 NORMAL: -0.916091919, -0.193393379, 0.351247251
vb0[275]+000 COLOR: 0.850980401, 0.258823544, 0.607843161, 0.741176486
vb0[275]+000 TEXCOORD: 0.850980401, 0.258823544, 0.607843161, 0.741176486
vb0[275]+000 TEXCOORD1: 0.850980401, 0.258823544, 0.607843161, 0.741176486
vb0[275]+000 TEXCOORD2: 0.850980401, 0.258823544, 0.607843161, 0.741176486
vb0[275]+000 TEXCOORD3: 0.850980401, 0.258823544, 0.607843161, 0.741176486
vb0[275]+024 TANGENT: -0.357743472, -0.00142382877, -0.933818758, -1

vb0[276]+000 POSITION: -0.0617388822, 0.764550149, 0.0057305973
vb0[276]+012 NORMAL: -0.34458077, -0.133124843, -0.929269552
vb0[276]+000 COLOR: 0.913725495, 0.882352948, 0.486274511, 0.741176486
vb0[276]+000 TEXCOORD: 0.913725495, 0.882352948, 0.486274511, 0.741176486
vb0[276]+000 TEXCOORD1: 0.913725495, 0.882352948, 0.486274511, 0.741176486
vb0[276]+000 TEXCOORD2: 0.913725495, 0.882352948, 0.486274511, 0.741176486
vb0[276]+000 TEXCOORD3: 0.913725495, 0.882352948, 0.486274511, 0.741176486
vb0[276]+024 TANGENT: 0.934002519, 0.0508807451, -0.353624821, -1

vb0[277]+000 POSITION: -0.0807161182, 0.858816266, -0.0146320872
vb0[277]+012 NORMAL: -0.387467414, -0.244289204, -0.888927341
vb0[277]+000 COLOR: 0.494117647, 0.305882365, 0.647058845, 0.741176486
vb0[277]+000 TEXCOORD: 0.494117647, 0.305882365, 0.647058845, 0.741176486
vb0[277]+000 TEXCOORD1: 0.494117647, 0.305882365, 0.647058845, 0.741176486
vb0[277]+000 TEXCOORD2: 0.494117647, 0.305882365, 0.647058845, 0.741176486
vb0[277]+000 TEXCOORD3: 0.494117647, 0.305882365, 0.647058845, 0.741176486
vb0[277]+024 TANGENT: 0.917433381, -0.00754959136, -0.39781788, -1

vb0[278]+000 POSITION: -0.106649004, 0.871187627, 0.0394329801
vb0[278]+012 NORMAL: -0.891462028, -0.305013597, 0.33505547
vb0[278]+000 COLOR: 0.796078444, 0.41568628, 0.854901969, 0.741176486
vb0[278]+000 TEXCOORD: 0.796078444, 0.41568628, 0.854901969, 0.741176486
vb0[278]+000 TEXCOORD1: 0.796078444, 0.41568628, 0.854901969, 0.741176486
vb0[278]+000 TEXCOORD2: 0.796078444, 0.41568628, 0.854901969, 0.741176486
vb0[278]+000 TEXCOORD3: 0.796078444, 0.41568628, 0.854901969, 0.741176486
vb0[278]+024 TANGENT: -0.34808138, -0.0123729231, -0.937382698, -1

vb0[279]+000 POSITION: -0.0320502967, 0.76522851, 0.0163591821
vb0[279]+012 NORMAL: 0.939062536, -0.0206731055, -0.3431243
vb0[279]+000 COLOR: 0.172549024, 0.278431386, 0.0117647061, 0.741176486
vb0[279]+000 TEXCOORD: 0.172549024, 0.278431386, 0.0117647061, 0.741176486
vb0[279]+000 TEXCOORD1: 0.172549024, 0.278431386, 0.0117647061, 0.741176486
vb0[279]+000 TEXCOORD2: 0.172549024, 0.278431386, 0.0117647061, 0.741176486
vb0[279]+000 TEXCOORD3: 0.172549024, 0.278431386, 0.0117647061, 0.741176486
vb0[279]+024 TANGENT: 0.343535662, 0.0913967267, 0.934681654, -1

vb0[280]+000 POSITION: -0.0233865343, 0.871187806, 0.0080651436
vb0[280]+012 NORMAL: 0.919413745, -0.125437587, -0.372751713
vb0[280]+000 COLOR: 0.117647059, 0.58431375, 0.749019623, 0.737254918
vb0[280]+000 TEXCOORD: 0.117647059, 0.58431375, 0.749019623, 0.737254918
vb0[280]+000 TEXCOORD1: 0.117647059, 0.58431375, 0.749019623, 0.737254918
vb0[280]+000 TEXCOORD2: 0.117647059, 0.58431375, 0.749019623, 0.737254918
vb0[280]+000 TEXCOORD3: 0.117647059, 0.58431375, 0.749019623, 0.737254918
vb0[280]+024 TANGENT: 0.391430885, 0.38394326, 0.836283147, -1

vb0[281]+000 POSITION: -0.0493193865, 0.858816147, 0.0621301979
vb0[281]+012 NORMAL: 0.314117521, -0.171103939, 0.933838129
vb0[281]+000 COLOR: 0.125490203, 0.0117647061, 0.290196091, 0.741176486
vb0[281]+000 TEXCOORD: 0.125490203, 0.0117647061, 0.290196091, 0.741176486
vb0[281]+000 TEXCOORD1: 0.125490203, 0.0117647061, 0.290196091, 0.741176486
vb0[281]+000 TEXCOORD2: 0.125490203, 0.0117647061, 0.290196091, 0.741176486
vb0[281]+000 TEXCOORD3: 0.125490203, 0.0117647061, 0.290196091, 0.741176486
vb0[281]+024 TANGENT: -0.947952688, -0.0025333839, 0.318401098, -1

vb0[282]+000 POSITION: -0.047054138, 0.764549911, 0.0416334346
vb0[282]+012 NORMAL: 0.349267364, -0.0648122877, 0.934778929
vb0[282]+000 COLOR: 0.843137264, 0.733333349, 0.250980407, 0.741176486
vb0[282]+000 TEXCOORD: 0.843137264, 0.733333349, 0.250980407, 0.741176486
vb0[282]+000 TEXCOORD1: 0.843137264, 0.733333349, 0.250980407, 0.741176486
vb0[282]+000 TEXCOORD2: 0.843137264, 0.733333349, 0.250980407, 0.741176486
vb0[282]+000 TEXCOORD3: 0.843137264, 0.733333349, 0.250980407, 0.741176486
vb0[282]+024 TANGENT: -0.936655939, -0.0520722643, 0.346358299, -1

vb0[283]+000 POSITION: -0.0320502967, 0.76522851, 0.0163591821
vb0[283]+012 NORMAL: 0.939062536, -0.0206731055, -0.3431243
vb0[283]+000 COLOR: 0.172549024, 0.278431386, 0.0117647061, 0.741176486
vb0[283]+000 TEXCOORD: 0.172549024, 0.278431386, 0.0117647061, 0.741176486
vb0[283]+000 TEXCOORD1: 0.172549024, 0.278431386, 0.0117647061, 0.741176486
vb0[283]+000 TEXCOORD2: 0.172549024, 0.278431386, 0.0117647061, 0.741176486
vb0[283]+000 TEXCOORD3: 0.172549024, 0.278431386, 0.0117647061, 0.741176486
vb0[283]+024 TANGENT: 0.339837611, -0.0942718461, 0.935747445, -1

vb0[284]+000 POSITION: -0.0233865343, 0.871187806, 0.0080651436
vb0[284]+012 NORMAL: 0.919413745, -0.125437587, -0.372751713
vb0[284]+000 COLOR: 0.117647059, 0.58431375, 0.749019623, 0.737254918
vb0[284]+000 TEXCOORD: 0.117647059, 0.58431375, 0.749019623, 0.737254918
vb0[284]+000 TEXCOORD1: 0.117647059, 0.58431375, 0.749019623, 0.737254918
vb0[284]+000 TEXCOORD2: 0.117647059, 0.58431375, 0.749019623, 0.737254918
vb0[284]+000 TEXCOORD3: 0.117647059, 0.58431375, 0.749019623, 0.737254918
vb0[284]+024 TANGENT: 0.296666622, -0.401027054, 0.866698444, -1

vb0[285]+000 POSITION: -0.201919258, 1.01105344, -0.0603536032
vb0[285]+012 NORMAL: -0.977798343, -0.171368346, -0.120595858
vb0[285]+000 COLOR: 0.925490201, 0.764705896, 0.305882365, 0.745098054
vb0[285]+000 TEXCOORD: 0.925490201, 0.764705896, 0.305882365, 0.745098054
vb0[285]+000 TEXCOORD1: 0.925490201, 0.764705896, 0.305882365, 0.745098054
vb0[285]+000 TEXCOORD2: 0.925490201, 0.764705896, 0.305882365, 0.745098054
vb0[285]+000 TEXCOORD3: 0.925490201, 0.764705896, 0.305882365, 0.745098054
vb0[285]+024 TANGENT: 0.137906775, -0.959563553, 0.245396599, 1

vb0[286]+000 POSITION: -0.159360588, 0.910766959, -0.0397025533
vb0[286]+012 NORMAL: -0.838035583, -0.545231164, -0.0204780735
vb0[286]+000 COLOR: 0.423529416, 0.184313729, 0.137254909, 0.745098054
vb0[286]+000 TEXCOORD: 0.423529416, 0.184313729, 0.137254909, 0.745098054
vb0[286]+000 TEXCOORD1: 0.423529416, 0.184313729, 0.137254909, 0.745098054
vb0[286]+000 TEXCOORD2: 0.423529416, 0.184313729, 0.137254909, 0.745098054
vb0[286]+000 TEXCOORD3: 0.423529416, 0.184313729, 0.137254909, 0.745098054
vb0[286]+024 TANGENT: 0.523661852, -0.814288557, 0.250424236, 1

vb0[287]+000 POSITION: -0.217260227, 1.03321409, 0.0367679819
vb0[287]+012 NORMAL: -0.97823596, -0.16833432, -0.121317752
vb0[287]+000 COLOR: 0.466666669, 0.474509805, 0.368627459, 0.745098054
vb0[287]+000 TEXCOORD: 0.466666669, 0.474509805, 0.368627459, 0.745098054
vb0[287]+000 TEXCOORD1: 0.466666669, 0.474509805, 0.368627459, 0.745098054
vb0[287]+000 TEXCOORD2: 0.466666669, 0.474509805, 0.368627459, 0.745098054
vb0[287]+000 TEXCOORD3: 0.466666669, 0.474509805, 0.368627459, 0.745098054
vb0[287]+024 TANGENT: 0.135812432, -0.961478412, 0.238985777, 1

vb0[288]+000 POSITION: -0.177882984, 0.934237897, 0.0706723258
vb0[288]+012 NORMAL: -0.837523699, -0.546025932, -0.0202396065
vb0[288]+000 COLOR: 0.960784316, 0.149019614, 0.211764708, 0.745098054
vb0[288]+000 TEXCOORD: 0.960784316, 0.149019614, 0.211764708, 0.745098054
vb0[288]+000 TEXCOORD1: 0.960784316, 0.149019614, 0.211764708, 0.745098054
vb0[288]+000 TEXCOORD2: 0.960784316, 0.149019614, 0.211764708, 0.745098054
vb0[288]+000 TEXCOORD3: 0.960784316, 0.149019614, 0.211764708, 0.745098054
vb0[288]+024 TANGENT: 0.525298119, -0.814819634, 0.245216072, 1

vb0[289]+000 POSITION: -0.090436697, 0.850357473, 0.0454326756
vb0[289]+012 NORMAL: -0.685743749, -0.726772189, 0.0394690111
vb0[289]+000 COLOR: 0.87843138, 0.211764708, 0.725490212, 0.741176486
vb0[289]+000 TEXCOORD: 0.87843138, 0.211764708, 0.725490212, 0.741176486
vb0[289]+000 TEXCOORD1: 0.87843138, 0.211764708, 0.725490212, 0.741176486
vb0[289]+000 TEXCOORD2: 0.87843138, 0.211764708, 0.725490212, 0.741176486
vb0[289]+000 TEXCOORD3: 0.87843138, 0.211764708, 0.725490212, 0.741176486
vb0[289]+024 TANGENT: 0.710095584, -0.656136394, 0.255439341, 1

vb0[290]+000 POSITION: -0.189558849, 1.09837246, -0.0260463636
vb0[290]+012 NORMAL: -0.956203103, 0.213870436, -0.199837938
vb0[290]+000 COLOR: 0.717647076, 0.105882354, 0.258823544, 0.745098054
vb0[290]+000 TEXCOORD: 0.717647076, 0.105882354, 0.258823544, 0.745098054
vb0[290]+000 TEXCOORD1: 0.717647076, 0.105882354, 0.258823544, 0.745098054
vb0[290]+000 TEXCOORD2: 0.717647076, 0.105882354, 0.258823544, 0.745098054
vb0[290]+000 TEXCOORD3: 0.717647076, 0.105882354, 0.258823544, 0.745098054
vb0[290]+024 TANGENT: -0.255154818, -0.943587303, 0.211042926, 1

vb0[291]+000 POSITION: -0.159359381, 0.912430644, -0.0397047922
vb0[291]+012 NORMAL: 0.838443995, 0.544595063, 0.0206848588
vb0[291]+000 COLOR: 0.105882354, 0.184313729, 0.137254909, 0.745098054
vb0[291]+000 TEXCOORD: 0.105882354, 0.184313729, 0.137254909, 0.745098054
vb0[291]+000 TEXCOORD1: 0.105882354, 0.184313729, 0.137254909, 0.745098054
vb0[291]+000 TEXCOORD2: 0.105882354, 0.184313729, 0.137254909, 0.745098054
vb0[291]+000 TEXCOORD3: 0.105882354, 0.184313729, 0.137254909, 0.745098054
vb0[291]+024 TANGENT: 0.522982955, -0.814686775, 0.250547975, -1

vb0[292]+000 POSITION: -0.201750413, 1.01269746, -0.0603531823
vb0[292]+012 NORMAL: 0.978042603, 0.169668123, 0.121017806
vb0[292]+000 COLOR: 0.662745118, 0.592156887, 0.305882365, 0.745098054
vb0[292]+000 TEXCOORD: 0.662745118, 0.592156887, 0.305882365, 0.745098054
vb0[292]+000 TEXCOORD1: 0.662745118, 0.592156887, 0.305882365, 0.745098054
vb0[292]+000 TEXCOORD2: 0.662745118, 0.592156887, 0.305882365, 0.745098054
vb0[292]+000 TEXCOORD3: 0.662745118, 0.592156887, 0.305882365, 0.745098054
vb0[292]+024 TANGENT: 0.136124417, -0.959790468, 0.245504081, -1

vb0[293]+000 POSITION: -0.217091382, 1.03485811, 0.0367684364
vb0[293]+012 NORMAL: 0.978457332, 0.166757464, 0.12170966
vb0[293]+000 COLOR: 0.203921571, 0.301960796, 0.368627459, 0.745098054
vb0[293]+000 TEXCOORD: 0.203921571, 0.301960796, 0.368627459, 0.745098054
vb0[293]+000 TEXCOORD1: 0.203921571, 0.301960796, 0.368627459, 0.745098054
vb0[293]+000 TEXCOORD2: 0.203921571, 0.301960796, 0.368627459, 0.745098054
vb0[293]+000 TEXCOORD3: 0.203921571, 0.301960796, 0.368627459, 0.745098054
vb0[293]+024 TANGENT: 0.134159073, -0.96168524, 0.239087582, -1

vb0[294]+000 POSITION: -0.177881792, 0.935901523, 0.0706700832
vb0[294]+012 NORMAL: 0.837913036, 0.545421004, 0.0204371046
vb0[294]+000 COLOR: 0.647058845, 0.149019614, 0.211764708, 0.745098054
vb0[294]+000 TEXCOORD: 0.647058845, 0.149019614, 0.211764708, 0.745098054
vb0[294]+000 TEXCOORD1: 0.647058845, 0.149019614, 0.211764708, 0.745098054
vb0[294]+000 TEXCOORD2: 0.647058845, 0.149019614, 0.211764708, 0.745098054
vb0[294]+000 TEXCOORD3: 0.647058845, 0.149019614, 0.211764708, 0.745098054
vb0[294]+024 TANGENT: 0.5246526, -0.815199852, 0.245334029, -1

vb0[295]+000 POSITION: -0.09043549, 0.852021217, 0.0454304367
vb0[295]+012 NORMAL: 0.685743332, 0.726772547, -0.0394690707
vb0[295]+000 COLOR: 0.243137255, 0.211764708, 0.725490212, 0.741176486
vb0[295]+000 TEXCOORD: 0.243137255, 0.211764708, 0.725490212, 0.741176486
vb0[295]+000 TEXCOORD1: 0.243137255, 0.211764708, 0.725490212, 0.741176486
vb0[295]+000 TEXCOORD2: 0.243137255, 0.211764708, 0.725490212, 0.741176486
vb0[295]+000 TEXCOORD3: 0.243137255, 0.211764708, 0.725490212, 0.741176486
vb0[295]+024 TANGENT: 0.710096002, -0.656135976, 0.25543949, -1

vb0[296]+000 POSITION: -0.189202547, 1.09997344, -0.0260408614
vb0[296]+012 NORMAL: 0.955608964, -0.21612075, 0.200257838
vb0[296]+000 COLOR: 0.313725501, 0.745098054, 0.254901975, 0.745098054
vb0[296]+000 TEXCOORD: 0.313725501, 0.745098054, 0.254901975, 0.745098054
vb0[296]+000 TEXCOORD1: 0.313725501, 0.745098054, 0.254901975, 0.745098054
vb0[296]+000 TEXCOORD2: 0.313725501, 0.745098054, 0.254901975, 0.745098054
vb0[296]+000 TEXCOORD3: 0.313725501, 0.745098054, 0.254901975, 0.745098054
vb0[296]+024 TANGENT: -0.257472992, -0.942975283, 0.210962936, -1

vb0[297]+000 POSITION: -0.106704317, 0.951579034, 0.132695049
vb0[297]+012 NORMAL: -0.365724266, -0.246520728, 0.89748162
vb0[297]+000 COLOR: 0.796078444, 0.529411793, 0.854901969, 0.741176486
vb0[297]+000 TEXCOORD: 0.796078444, 0.529411793, 0.854901969, 0.741176486
vb0[297]+000 TEXCOORD1: 0.796078444, 0.529411793, 0.854901969, 0.741176486
vb0[297]+000 TEXCOORD2: 0.796078444, 0.529411793, 0.854901969, 0.741176486
vb0[297]+000 TEXCOORD3: 0.796078444, 0.529411793, 0.854901969, 0.741176486
vb0[297]+024 TANGENT: 0.106078796, 0.946959853, 0.303338557, -1

vb0[298]+000 POSITION: -0.126352176, 1.06818986, 0.103208348
vb0[298]+012 NORMAL: -0.622819185, 0.482524186, 0.615846217
vb0[298]+000 COLOR: 0.466666669, 0.384313732, 0.00392156886, 0.745098054
vb0[298]+000 TEXCOORD: 0.466666669, 0.384313732, 0.00392156886, 0.745098054
vb0[298]+000 TEXCOORD1: 0.466666669, 0.384313732, 0.00392156886, 0.745098054
vb0[298]+000 TEXCOORD2: 0.466666669, 0.384313732, 0.00392156886, 0.745098054
vb0[298]+000 TEXCOORD3: 0.466666669, 0.384313732, 0.00392156886, 0.745098054
vb0[298]+024 TANGENT: 0.0745957047, 0.820197642, -0.567196071, -1

vb0[299]+000 POSITION: -0.160153836, 1.0611397, 0.0315527283
vb0[299]+012 NORMAL: -0.906813323, 0.421025932, 0.0206569377
vb0[299]+000 COLOR: 0.368627459, 1, 0.137254909, 0.745098054
vb0[299]+000 TEXCOORD: 0.368627459, 1, 0.137254909, 0.745098054
vb0[299]+000 TEXCOORD1: 0.368627459, 1, 0.137254909, 0.745098054
vb0[299]+000 TEXCOORD2: 0.368627459, 1, 0.137254909, 0.745098054
vb0[299]+000 TEXCOORD3: 0.368627459, 1, 0.137254909, 0.745098054
vb0[299]+024 TANGENT: 0.312018007, 0.703366041, -0.638686895, -1

vb0[300]+000 POSITION: -0.161892563, 0.940116405, 0.016625911
vb0[300]+012 NORMAL: -0.902850211, -0.357561171, -0.238770649
vb0[300]+000 COLOR: 0.164705887, 0.78039217, 0.145098045, 0.745098054
vb0[300]+000 TEXCOORD: 0.164705887, 0.78039217, 0.145098045, 0.745098054
vb0[300]+000 TEXCOORD1: 0.164705887, 0.78039217, 0.145098045, 0.745098054
vb0[300]+000 TEXCOORD2: 0.164705887, 0.78039217, 0.145098045, 0.745098054
vb0[300]+000 TEXCOORD3: 0.164705887, 0.78039217, 0.145098045, 0.745098054
vb0[300]+024 TANGENT: -0.334223896, 0.933005095, -0.133400932, -1

vb0[301]+000 POSITION: -0.133992195, 1.04366899, -0.0415028408
vb0[301]+012 NORMAL: -0.652652204, 0.226084813, -0.723139465
vb0[301]+000 COLOR: 0.250980407, 0.20784314, 0.0352941193, 0.745098054
vb0[301]+000 TEXCOORD: 0.250980407, 0.20784314, 0.0352941193, 0.745098054
vb0[301]+000 TEXCOORD1: 0.250980407, 0.20784314, 0.0352941193, 0.745098054
vb0[301]+000 TEXCOORD2: 0.250980407, 0.20784314, 0.0352941193, 0.745098054
vb0[301]+000 TEXCOORD3: 0.250980407, 0.20784314, 0.0352941193, 0.745098054
vb0[301]+024 TANGENT: 0.71476227, 0.500314891, -0.488671511, -1

vb0[302]+000 POSITION: -0.052387815, 1.06068969, 0.131489024
vb0[302]+012 NORMAL: 0.122291036, 0.396242529, 0.909965336
vb0[302]+000 COLOR: 0.607843161, 0.580392182, 0.337254912, 0.741176486
vb0[302]+000 TEXCOORD: 0.607843161, 0.580392182, 0.337254912, 0.741176486
vb0[302]+000 TEXCOORD1: 0.607843161, 0.580392182, 0.337254912, 0.741176486
vb0[302]+000 TEXCOORD2: 0.607843161, 0.580392182, 0.337254912, 0.741176486
vb0[302]+000 TEXCOORD3: 0.607843161, 0.580392182, 0.337254912, 0.741176486
vb0[302]+024 TANGENT: 0.0415561348, 0.913998604, -0.403583467, -1

vb0[303]+000 POSITION: 0.00817380287, 0.922870934, 0.0816517621
vb0[303]+012 NORMAL: 0.746687412, -0.535588324, 0.394465685
vb0[303]+000 COLOR: 0.41568628, 0.921568632, 0.0196078438, 0.235294119
vb0[303]+000 TEXCOORD: 0.41568628, 0.921568632, 0.0196078438, 0.235294119
vb0[303]+000 TEXCOORD1: 0.41568628, 0.921568632, 0.0196078438, 0.235294119
vb0[303]+000 TEXCOORD2: 0.41568628, 0.921568632, 0.0196078438, 0.235294119
vb0[303]+000 TEXCOORD3: 0.41568628, 0.921568632, 0.0196078438, 0.235294119
vb0[303]+024 TANGENT: 0.62604624, 0.766248584, -0.144669309, -1

vb0[304]+000 POSITION: 0.0184117854, 1.04303241, 0.0998283476
vb0[304]+012 NORMAL: 0.720098615, 0.225759968, 0.656117678
vb0[304]+000 COLOR: 0.313725501, 0.831372559, 0.588235319, 0.235294119
vb0[304]+000 TEXCOORD: 0.313725501, 0.831372559, 0.588235319, 0.235294119
vb0[304]+000 TEXCOORD1: 0.313725501, 0.831372559, 0.588235319, 0.235294119
vb0[304]+000 TEXCOORD2: 0.313725501, 0.831372559, 0.588235319, 0.235294119
vb0[304]+000 TEXCOORD3: 0.313725501, 0.831372559, 0.588235319, 0.235294119
vb0[304]+024 TANGENT: 0.110382058, 0.896275997, -0.429540604, -1

vb0[305]+000 POSITION: 0.0445734523, 1.02556145, 0.0267727971
vb0[305]+012 NORMAL: 0.99576062, 0.0226851311, -0.0891419649
vb0[305]+000 COLOR: 0.654901981, 0.572549045, 0.211764708, 0.239215687
vb0[305]+000 TEXCOORD: 0.654901981, 0.572549045, 0.211764708, 0.239215687
vb0[305]+000 TEXCOORD1: 0.654901981, 0.572549045, 0.211764708, 0.239215687
vb0[305]+000 TEXCOORD2: 0.654901981, 0.572549045, 0.211764708, 0.239215687
vb0[305]+000 TEXCOORD3: 0.654901981, 0.572549045, 0.211764708, 0.239215687
vb0[305]+024 TANGENT: -0.0679579675, 0.834533513, -0.546749949, -1

vb0[306]+000 POSITION: -0.0467826128, 0.911408365, -0.0348496437
vb0[306]+012 NORMAL: 0.216396198, -0.64569062, -0.732295156
vb0[306]+000 COLOR: 0.125490203, 0.623529434, 0.247058824, 0.741176486
vb0[306]+000 TEXCOORD: 0.125490203, 0.623529434, 0.247058824, 0.741176486
vb0[306]+000 TEXCOORD1: 0.125490203, 0.623529434, 0.247058824, 0.741176486
vb0[306]+000 TEXCOORD2: 0.125490203, 0.623529434, 0.247058824, 0.741176486
vb0[306]+000 TEXCOORD3: 0.125490203, 0.623529434, 0.247058824, 0.741176486
vb0[306]+024 TANGENT: 0.181026608, 0.763597488, -0.619796872, -1

vb0[307]+000 POSITION: 0.0107719097, 1.01851141, -0.0448827818
vb0[307]+012 NORMAL: 0.704754829, -0.0445204042, -0.708052695
vb0[307]+000 COLOR: 0.666666687, 0.486274511, 0.188235298, 0.235294119
vb0[307]+000 TEXCOORD: 0.666666687, 0.486274511, 0.188235298, 0.235294119
vb0[307]+000 TEXCOORD1: 0.666666687, 0.486274511, 0.188235298, 0.235294119
vb0[307]+000 TEXCOORD2: 0.666666687, 0.486274511, 0.188235298, 0.235294119
vb0[307]+000 TEXCOORD3: 0.666666687, 0.486274511, 0.188235298, 0.235294119
vb0[307]+024 TANGENT: -0.373290062, 0.825434744, -0.423452467, -1

vb0[308]+000 POSITION: -0.0631925911, 1.02601171, -0.0731635243
vb0[308]+012 NORMAL: -0.0598406978, 0.0502841547, -0.996940613
vb0[308]+000 COLOR: 0.117647059, 0.419607848, 0.505882382, 0.741176486
vb0[308]+000 TEXCOORD: 0.117647059, 0.419607848, 0.505882382, 0.741176486
vb0[308]+000 TEXCOORD1: 0.117647059, 0.419607848, 0.505882382, 0.741176486
vb0[308]+000 TEXCOORD2: 0.117647059, 0.419607848, 0.505882382, 0.741176486
vb0[308]+000 TEXCOORD3: 0.117647059, 0.419607848, 0.505882382, 0.741176486
vb0[308]+024 TANGENT: -0.489636779, 0.868847311, 0.0732134357, -1

vb0[309]+000 POSITION: -0.161892563, 0.940116405, 0.016625911
vb0[309]+012 NORMAL: -0.902850211, -0.357561171, -0.238770649
vb0[309]+000 COLOR: 0.164705887, 0.78039217, 0.145098045, 0.745098054
vb0[309]+000 TEXCOORD: 0.164705887, 0.78039217, 0.145098045, 0.745098054
vb0[309]+000 TEXCOORD1: 0.164705887, 0.78039217, 0.145098045, 0.745098054
vb0[309]+000 TEXCOORD2: 0.164705887, 0.78039217, 0.145098045, 0.745098054
vb0[309]+000 TEXCOORD3: 0.164705887, 0.78039217, 0.145098045, 0.745098054
vb0[309]+024 TANGENT: -0.167863622, 0.804405689, -0.569871306, -1

vb0[310]+000 POSITION: -0.133992195, 1.04366899, -0.0415028408
vb0[310]+012 NORMAL: -0.652652204, 0.226084813, -0.723139465
vb0[310]+000 COLOR: 0.250980407, 0.20784314, 0.0352941193, 0.745098054
vb0[310]+000 TEXCOORD: 0.250980407, 0.20784314, 0.0352941193, 0.745098054
vb0[310]+000 TEXCOORD1: 0.250980407, 0.20784314, 0.0352941193, 0.745098054
vb0[310]+000 TEXCOORD2: 0.250980407, 0.20784314, 0.0352941193, 0.745098054
vb0[310]+000 TEXCOORD3: 0.250980407, 0.20784314, 0.0352941193, 0.745098054
vb0[310]+024 TANGENT: -0.208969757, 0.863705814, 0.458632648, -1

vb0[311]+000 POSITION: -0.0245237984, 1.15989006, -0.00165416463
vb0[311]+012 NORMAL: 0.227672443, 0.948828399, -0.218837276
vb0[311]+000 COLOR: 0.13333334, 0.90196079, 0.784313738, 0.737254918
vb0[311]+000 TEXCOORD: 0.13333334, 0.90196079, 0.784313738, 0.737254918
vb0[311]+000 TEXCOORD1: 0.13333334, 0.90196079, 0.784313738, 0.737254918
vb0[311]+000 TEXCOORD2: 0.13333334, 0.90196079, 0.784313738, 0.737254918
vb0[311]+000 TEXCOORD3: 0.13333334, 0.90196079, 0.784313738, 0.737254918
vb0[311]+024 TANGENT: -0.699982941, 0.00324994372, -0.714152217, -1

vb0[312]+000 POSITION: -0.0989409909, 0.872610092, 0.0853633955
vb0[312]+012 NORMAL: -0.365111977, -0.50559938, 0.781704903
vb0[312]+000 COLOR: 0.576470613, 0.631372571, 0.792156875, 0.741176486
vb0[312]+000 TEXCOORD: 0.576470613, 0.631372571, 0.792156875, 0.741176486
vb0[312]+000 TEXCOORD1: 0.576470613, 0.631372571, 0.792156875, 0.741176486
vb0[312]+000 TEXCOORD2: 0.576470613, 0.631372571, 0.792156875, 0.741176486
vb0[312]+000 TEXCOORD3: 0.576470613, 0.631372571, 0.792156875, 0.741176486
vb0[312]+024 TANGENT: -0.168854207, 0.861710846, 0.478479534, -1

vb0[313]+000 POSITION: -0.114418879, 0.869381666, 0.0525521189
vb0[313]+012 NORMAL: -0.793089211, -0.595816553, -0.126538351
vb0[313]+000 COLOR: 0.447058827, 0.329411775, 0.917647064, 0.741176486
vb0[313]+000 TEXCOORD: 0.447058827, 0.329411775, 0.917647064, 0.741176486
vb0[313]+000 TEXCOORD1: 0.447058827, 0.329411775, 0.917647064, 0.741176486
vb0[313]+000 TEXCOORD2: 0.447058827, 0.329411775, 0.917647064, 0.741176486
vb0[313]+000 TEXCOORD3: 0.447058827, 0.329411775, 0.917647064, 0.741176486
vb0[313]+024 TANGENT: -0.575135052, 0.800928295, -0.166534066, -1

vb0[314]+000 POSITION: -0.114418879, 0.869381666, 0.0525521189
vb0[314]+012 NORMAL: -0.793089211, -0.595816553, -0.126538351
vb0[314]+000 COLOR: 0.447058827, 0.329411775, 0.917647064, 0.741176486
vb0[314]+000 TEXCOORD: 0.447058827, 0.329411775, 0.917647064, 0.741176486
vb0[314]+000 TEXCOORD1: 0.447058827, 0.329411775, 0.917647064, 0.741176486
vb0[314]+000 TEXCOORD2: 0.447058827, 0.329411775, 0.917647064, 0.741176486
vb0[314]+000 TEXCOORD3: 0.447058827, 0.329411775, 0.917647064, 0.741176486
vb0[314]+024 TANGENT: -0.0526751727, 0.274056077, -0.960270047, -1

vb0[315]+000 POSITION: -0.0819994807, 0.861296415, 0.0380545743
vb0[315]+012 NORMAL: 0.102546416, -0.842181861, -0.529352427
vb0[315]+000 COLOR: 0.345098048, 0.937254906, 0.654901981, 0.741176486
vb0[315]+000 TEXCOORD: 0.345098048, 0.937254906, 0.654901981, 0.741176486
vb0[315]+000 TEXCOORD1: 0.345098048, 0.937254906, 0.654901981, 0.741176486
vb0[315]+000 TEXCOORD2: 0.345098048, 0.937254906, 0.654901981, 0.741176486
vb0[315]+000 TEXCOORD3: 0.345098048, 0.937254906, 0.654901981, 0.741176486
vb0[315]+024 TANGENT: 0.578947127, 0.483269721, -0.656711876, -1

vb0[316]+000 POSITION: -0.0665215701, 0.864524662, 0.0708659142
vb0[316]+012 NORMAL: 0.533216834, -0.753148019, 0.385289252
vb0[316]+000 COLOR: 0.4627451, 0.235294119, 0.533333361, 0.741176486
vb0[316]+000 TEXCOORD: 0.4627451, 0.235294119, 0.533333361, 0.741176486
vb0[316]+000 TEXCOORD1: 0.4627451, 0.235294119, 0.533333361, 0.741176486
vb0[316]+000 TEXCOORD2: 0.4627451, 0.235294119, 0.533333361, 0.741176486
vb0[316]+000 TEXCOORD3: 0.4627451, 0.235294119, 0.533333361, 0.741176486
vb0[316]+024 TANGENT: 0.723043799, 0.642163038, 0.254626036, -1

vb0[317]+000 POSITION: -0.0991274267, 0.888933063, 0.125216156
vb0[317]+012 NORMAL: 0.13406311, -0.774514675, 0.618186176
vb0[317]+000 COLOR: 0.321568638, 0.0117647061, 0.796078444, 0.741176486
vb0[317]+000 TEXCOORD: 0.321568638, 0.0117647061, 0.796078444, 0.741176486
vb0[317]+000 TEXCOORD1: 0.321568638, 0.0117647061, 0.796078444, 0.741176486
vb0[317]+000 TEXCOORD2: 0.321568638, 0.0117647061, 0.796078444, 0.741176486
vb0[317]+000 TEXCOORD3: 0.321568638, 0.0117647061, 0.796078444, 0.741176486
vb0[317]+024 TANGENT: 0.233164787, 0.630957544, 0.739950418, -1

vb0[318]+000 POSITION: 0.00445154728, 0.884635508, 0.0973691344
vb0[318]+012 NORMAL: 0.134362459, -0.773676276, 0.619170249
vb0[318]+000 COLOR: 0.286274523, 0.870588243, 0.568627477, 0.23137255
vb0[318]+000 TEXCOORD: 0.286274523, 0.870588243, 0.568627477, 0.23137255
vb0[318]+000 TEXCOORD1: 0.286274523, 0.870588243, 0.568627477, 0.23137255
vb0[318]+000 TEXCOORD2: 0.286274523, 0.870588243, 0.568627477, 0.23137255
vb0[318]+000 TEXCOORD3: 0.286274523, 0.870588243, 0.568627477, 0.23137255
vb0[318]+024 TANGENT: 0.232870057, 0.631990254, 0.739161551, -1

vb0[319]+000 POSITION: -0.0131235803, 1.01517785, 0.218710959
vb0[319]+012 NORMAL: 0.16976966, -0.658582747, 0.733107746
vb0[319]+000 COLOR: 0.286274523, 0.0156862754, 0.34117648, 0.737254918
vb0[319]+000 TEXCOORD: 0.286274523, 0.0156862754, 0.34117648, 0.737254918
vb0[319]+000 TEXCOORD1: 0.286274523, 0.0156862754, 0.34117648, 0.737254918
vb0[319]+000 TEXCOORD2: 0.286274523, 0.0156862754, 0.34117648, 0.737254918
vb0[319]+000 TEXCOORD3: 0.286274523, 0.0156862754, 0.34117648, 0.737254918
vb0[319]+024 TANGENT: 0.192882568, 0.751724303, 0.63064003, -1

vb0[320]+000 POSITION: -0.0654313415, 0.856380761, 0.0513145998
vb0[320]+012 NORMAL: 0.0787860528, -0.898558974, 0.431722671
vb0[320]+000 COLOR: 0.870588243, 0, 0.525490224, 0.741176486
vb0[320]+000 TEXCOORD: 0.870588243, 0, 0.525490224, 0.741176486
vb0[320]+000 TEXCOORD1: 0.870588243, 0, 0.525490224, 0.741176486
vb0[320]+000 TEXCOORD2: 0.870588243, 0, 0.525490224, 0.741176486
vb0[320]+000 TEXCOORD3: 0.870588243, 0, 0.525490224, 0.741176486
vb0[320]+024 TANGENT: 0.277779967, 0.435704619, 0.856154084, -1

vb0[321]+000 POSITION: 0.00445155567, 0.885125875, 0.0973691344
vb0[321]+012 NORMAL: -0.134362772, 0.77367574, -0.619170785
vb0[321]+000 COLOR: 0.356862754, 0.870588243, 0.568627477, 0.23137255
vb0[321]+000 TEXCOORD: 0.356862754, 0.870588243, 0.568627477, 0.23137255
vb0[321]+000 TEXCOORD1: 0.356862754, 0.870588243, 0.568627477, 0.23137255
vb0[321]+000 TEXCOORD2: 0.356862754, 0.870588243, 0.568627477, 0.23137255
vb0[321]+000 TEXCOORD3: 0.356862754, 0.870588243, 0.568627477, 0.23137255
vb0[321]+024 TANGENT: 0.232869834, 0.63199079, 0.739161134, 1

vb0[322]+000 POSITION: -0.0991274416, 0.88942343, 0.125216186
vb0[322]+012 NORMAL: -0.134063438, 0.774514079, -0.618186712
vb0[322]+000 COLOR: 0.329411775, 0.0117647061, 0.796078444, 0.741176486
vb0[322]+000 TEXCOORD: 0.329411775, 0.0117647061, 0.796078444, 0.741176486
vb0[322]+000 TEXCOORD1: 0.329411775, 0.0117647061, 0.796078444, 0.741176486
vb0[322]+000 TEXCOORD2: 0.329411775, 0.0117647061, 0.796078444, 0.741176486
vb0[322]+000 TEXCOORD3: 0.329411775, 0.0117647061, 0.796078444, 0.741176486
vb0[322]+024 TANGENT: 0.233164549, 0.630958378, 0.739949942, 1

vb0[323]+000 POSITION: -0.0131235914, 1.01566803, 0.218710899
vb0[323]+012 NORMAL: -0.169769853, 0.658582866, -0.733107746
vb0[323]+000 COLOR: 0.333333343, 0.0156862754, 0.34117648, 0.737254918
vb0[323]+000 TEXCOORD: 0.333333343, 0.0156862754, 0.34117648, 0.737254918
vb0[323]+000 TEXCOORD1: 0.333333343, 0.0156862754, 0.34117648, 0.737254918
vb0[323]+000 TEXCOORD2: 0.333333343, 0.0156862754, 0.34117648, 0.737254918
vb0[323]+000 TEXCOORD3: 0.333333343, 0.0156862754, 0.34117648, 0.737254918
vb0[323]+024 TANGENT: 0.192882612, 0.751724362, 0.63064003, 1

vb0[324]+000 POSITION: -0.0654313341, 0.856870949, 0.0513146259
vb0[324]+012 NORMAL: -0.0787866712, 0.89855814, -0.431724459
vb0[324]+000 COLOR: 0.866666675, 0, 0.525490224, 0.741176486
vb0[324]+000 TEXCOORD: 0.866666675, 0, 0.525490224, 0.741176486
vb0[324]+000 TEXCOORD1: 0.866666675, 0, 0.525490224, 0.741176486
vb0[324]+000 TEXCOORD2: 0.866666675, 0, 0.525490224, 0.741176486
vb0[324]+000 TEXCOORD3: 0.866666675, 0, 0.525490224, 0.741176486
vb0[324]+024 TANGENT: 0.27777952, 0.435706466, 0.856153309, 1

vb0[325]+000 POSITION: -0.147302091, 0.901544631, -0.015797466
vb0[325]+012 NORMAL: -0.251031965, -0.664620876, -0.703748465
vb0[325]+000 COLOR: 0.360784322, 0.839215696, 0.0862745121, 0.745098054
vb0[325]+000 TEXCOORD: 0.360784322, 0.839215696, 0.0862745121, 0.745098054
vb0[325]+000 TEXCOORD1: 0.360784322, 0.839215696, 0.0862745121, 0.745098054
vb0[325]+000 TEXCOORD2: 0.360784322, 0.839215696, 0.0862745121, 0.745098054
vb0[325]+000 TEXCOORD3: 0.360784322, 0.839215696, 0.0862745121, 0.745098054
vb0[325]+024 TANGENT: 0.225189626, -0.74717921, 0.625310242, -1

vb0[326]+000 POSITION: -0.0123158591, 0.900084734, -0.0625330284
vb0[326]+012 NORMAL: -0.249602139, -0.669653356, -0.69947356
vb0[326]+000 COLOR: 0.458823532, 0.784313738, 0.286274523, 0.737254918
vb0[326]+000 TEXCOORD: 0.458823532, 0.784313738, 0.286274523, 0.737254918
vb0[326]+000 TEXCOORD1: 0.458823532, 0.784313738, 0.286274523, 0.737254918
vb0[326]+000 TEXCOORD2: 0.458823532, 0.784313738, 0.286274523, 0.737254918
vb0[326]+000 TEXCOORD3: 0.458823532, 0.784313738, 0.286274523, 0.737254918
vb0[326]+024 TANGENT: 0.169358775, -0.741391838, 0.649350107, -1

vb0[327]+000 POSITION: -0.0535655878, 0.855201483, 0.0307799578
vb0[327]+012 NORMAL: -0.178715661, -0.853479564, -0.489523709
vb0[327]+000 COLOR: 0.592156887, 0.403921574, 0.356862754, 0.741176486
vb0[327]+000 TEXCOORD: 0.592156887, 0.403921574, 0.356862754, 0.741176486
vb0[327]+000 TEXCOORD1: 0.592156887, 0.403921574, 0.356862754, 0.741176486
vb0[327]+000 TEXCOORD2: 0.592156887, 0.403921574, 0.356862754, 0.741176486
vb0[327]+000 TEXCOORD3: 0.592156887, 0.403921574, 0.356862754, 0.741176486
vb0[327]+024 TANGENT: 0.275905013, -0.521043599, 0.807706594, -1

vb0[328]+000 POSITION: -0.0504583865, 1.01659739, -0.125803202
vb0[328]+012 NORMAL: -0.31082207, -0.38144204, -0.870569706
vb0[328]+000 COLOR: 0.454901963, 0.678431392, 0.305882365, 0.741176486
vb0[328]+000 TEXCOORD: 0.454901963, 0.678431392, 0.305882365, 0.741176486
vb0[328]+000 TEXCOORD1: 0.454901963, 0.678431392, 0.305882365, 0.741176486
vb0[328]+000 TEXCOORD2: 0.454901963, 0.678431392, 0.305882365, 0.741176486
vb0[328]+000 TEXCOORD3: 0.454901963, 0.678431392, 0.305882365, 0.741176486
vb0[328]+024 TANGENT: 0.165520191, -0.923664987, 0.345609665, -1

vb0[329]+000 POSITION: -0.158487424, 1.01505542, -0.086527735
vb0[329]+012 NORMAL: -0.310899049, -0.380942971, -0.870760798
vb0[329]+000 COLOR: 0.529411793, 0.290196091, 0.13333334, 0.745098054
vb0[329]+000 TEXCOORD: 0.529411793, 0.290196091, 0.13333334, 0.745098054
vb0[329]+000 TEXCOORD1: 0.529411793, 0.290196091, 0.13333334, 0.745098054
vb0[329]+000 TEXCOORD2: 0.529411793, 0.290196091, 0.13333334, 0.745098054
vb0[329]+000 TEXCOORD3: 0.529411793, 0.290196091, 0.13333334, 0.745098054
vb0[329]+024 TANGENT: 0.233680606, -0.918677807, 0.318471909, -1

vb0[330]+000 POSITION: -0.108770423, 1.09232402, -0.112085849
vb0[330]+012 NORMAL: -0.339095205, -0.0915121958, -0.936290562
vb0[330]+000 COLOR: 0.0274509806, 0.764705896, 0.870588243, 0.741176486
vb0[330]+000 TEXCOORD: 0.0274509806, 0.764705896, 0.870588243, 0.741176486
vb0[330]+000 TEXCOORD1: 0.0274509806, 0.764705896, 0.870588243, 0.741176486
vb0[330]+000 TEXCOORD2: 0.0274509806, 0.764705896, 0.870588243, 0.741176486
vb0[330]+000 TEXCOORD3: 0.0274509806, 0.764705896, 0.870588243, 0.741176486
vb0[330]+024 TANGENT: 0.105943896, -0.992640913, 0.0586502589, -1

vb0[331]+000 POSITION: -0.158334062, 1.01663136, -0.0861253068
vb0[331]+012 NORMAL: 0.311087042, 0.379568785, 0.871293485
vb0[331]+000 COLOR: 0.325490206, 0.13333334, 0.13333334, 0.745098054
vb0[331]+000 TEXCOORD: 0.325490206, 0.13333334, 0.13333334, 0.745098054
vb0[331]+000 TEXCOORD1: 0.325490206, 0.13333334, 0.13333334, 0.745098054
vb0[331]+000 TEXCOORD2: 0.325490206, 0.13333334, 0.13333334, 0.745098054
vb0[331]+000 TEXCOORD3: 0.325490206, 0.13333334, 0.13333334, 0.745098054
vb0[331]+024 TANGENT: 0.233298376, -0.919230402, 0.317154944, 1

vb0[332]+000 POSITION: -0.0503050275, 1.01817346, -0.125400767
vb0[332]+012 NORMAL: 0.311011791, 0.38005814, 0.871106982
vb0[332]+000 COLOR: 0.647058845, 0.0470588244, 0.305882365, 0.741176486
vb0[332]+000 TEXCOORD: 0.647058845, 0.0470588244, 0.305882365, 0.741176486
vb0[332]+000 TEXCOORD1: 0.647058845, 0.0470588244, 0.305882365, 0.741176486
vb0[332]+000 TEXCOORD2: 0.647058845, 0.0470588244, 0.305882365, 0.741176486
vb0[332]+000 TEXCOORD3: 0.647058845, 0.0470588244, 0.305882365, 0.741176486
vb0[332]+024 TANGENT: 0.16495131, -0.924238443, 0.344346374, 1

vb0[333]+000 POSITION: -0.108617067, 1.09390008, -0.111683406
vb0[333]+012 NORMAL: 0.339095205, 0.0915120766, 0.936290562
vb0[333]+000 COLOR: 0.627451003, 0.447058827, 0.870588243, 0.741176486
vb0[333]+000 TEXCOORD: 0.627451003, 0.447058827, 0.870588243, 0.741176486
vb0[333]+000 TEXCOORD1: 0.627451003, 0.447058827, 0.870588243, 0.741176486
vb0[333]+000 TEXCOORD2: 0.627451003, 0.447058827, 0.870588243, 0.741176486
vb0[333]+000 TEXCOORD3: 0.627451003, 0.447058827, 0.870588243, 0.741176486
vb0[333]+024 TANGENT: 0.105943814, -0.992640913, 0.0586501658, 1

vb0[334]+000 POSITION: -0.147289023, 0.90316236, -0.0157626979
vb0[334]+012 NORMAL: 0.251332223, 0.663615465, 0.704589665
vb0[334]+000 COLOR: 0.937254906, 0.823529422, 0.0862745121, 0.745098054
vb0[334]+000 TEXCOORD: 0.937254906, 0.823529422, 0.0862745121, 0.745098054
vb0[334]+000 TEXCOORD1: 0.937254906, 0.823529422, 0.0862745121, 0.745098054
vb0[334]+000 TEXCOORD2: 0.937254906, 0.823529422, 0.0862745121, 0.745098054
vb0[334]+000 TEXCOORD3: 0.937254906, 0.823529422, 0.0862745121, 0.745098054
vb0[334]+024 TANGENT: 0.224897698, -0.748072207, 0.624346793, 1

vb0[335]+000 POSITION: -0.0123027954, 0.901702464, -0.0624982528
vb0[335]+012 NORMAL: 0.249898106, 0.668675721, 0.70030266
vb0[335]+000 COLOR: 0.666666687, 0.568627477, 0.286274523, 0.737254918
vb0[335]+000 TEXCOORD: 0.666666687, 0.568627477, 0.286274523, 0.737254918
vb0[335]+000 TEXCOORD1: 0.666666687, 0.568627477, 0.286274523, 0.737254918
vb0[335]+000 TEXCOORD2: 0.666666687, 0.568627477, 0.286274523, 0.737254918
vb0[335]+000 TEXCOORD3: 0.666666687, 0.568627477, 0.286274523, 0.737254918
vb0[335]+024 TANGENT: 0.16887936, -0.742263854, 0.648478329, 1

vb0[336]+000 POSITION: -0.0535566546, 0.856862605, 0.0308053084
vb0[336]+012 NORMAL: 0.178616196, 0.853668272, 0.489230692
vb0[336]+000 COLOR: 0.223529413, 0.368627459, 0.356862754, 0.741176486
vb0[336]+000 TEXCOORD: 0.223529413, 0.368627459, 0.356862754, 0.741176486
vb0[336]+000 TEXCOORD1: 0.223529413, 0.368627459, 0.356862754, 0.741176486
vb0[336]+000 TEXCOORD2: 0.223529413, 0.368627459, 0.356862754, 0.741176486
vb0[336]+000 TEXCOORD3: 0.223529413, 0.368627459, 0.356862754, 0.741176486
vb0[336]+024 TANGENT: 0.275956631, -0.520734072, 0.807888508, 1

vb0[337]+000 POSITION: 0.0683187544, 0.970051765, -0.0243000649
vb0[337]+012 NORMAL: 0.690409184, -0.541505575, -0.479694575
vb0[337]+000 COLOR: 0.70588237, 0.917647064, 0.545098066, 0.239215687
vb0[337]+000 TEXCOORD: 0.70588237, 0.917647064, 0.545098066, 0.239215687
vb0[337]+000 TEXCOORD1: 0.70588237, 0.917647064, 0.545098066, 0.239215687
vb0[337]+000 TEXCOORD2: 0.70588237, 0.917647064, 0.545098066, 0.239215687
vb0[337]+000 TEXCOORD3: 0.70588237, 0.917647064, 0.545098066, 0.239215687
vb0[337]+024 TANGENT: -0.420488, -0.839963853, 0.343002349, -1

vb0[338]+000 POSITION: 0.00311734108, 0.885721028, 0.0189450886
vb0[338]+012 NORMAL: 0.597156286, -0.681525886, -0.422997415
vb0[338]+000 COLOR: 0.305882365, 0.298039228, 0.298039228, 0.23137255
vb0[338]+000 TEXCOORD: 0.305882365, 0.298039228, 0.298039228, 0.23137255
vb0[338]+000 TEXCOORD1: 0.305882365, 0.298039228, 0.298039228, 0.23137255
vb0[338]+000 TEXCOORD2: 0.305882365, 0.298039228, 0.298039228, 0.23137255
vb0[338]+000 TEXCOORD3: 0.305882365, 0.298039228, 0.298039228, 0.23137255
vb0[338]+024 TANGENT: -0.568614781, -0.731619835, 0.37604475, -1

vb0[339]+000 POSITION: -0.0431354046, 0.88899076, -0.0510386974
vb0[339]+012 NORMAL: 0.597156227, -0.681525826, -0.422997445
vb0[339]+000 COLOR: 0.752941191, 0.68235296, 0.188235298, 0.741176486
vb0[339]+000 TEXCOORD: 0.752941191, 0.68235296, 0.188235298, 0.741176486
vb0[339]+000 TEXCOORD1: 0.752941191, 0.68235296, 0.188235298, 0.741176486
vb0[339]+000 TEXCOORD2: 0.752941191, 0.68235296, 0.188235298, 0.741176486
vb0[339]+000 TEXCOORD3: 0.752941191, 0.68235296, 0.188235298, 0.741176486
vb0[339]+024 TANGENT: -0.545101345, -0.731663048, 0.40930897, -1

vb0[340]+000 POSITION: 0.0150732892, 0.972531974, -0.104044572
vb0[340]+012 NORMAL: 0.698618174, -0.526416659, -0.484580517
vb0[340]+000 COLOR: 0.960784316, 0.960784316, 0.4627451, 0.235294119
vb0[340]+000 TEXCOORD: 0.960784316, 0.960784316, 0.4627451, 0.235294119
vb0[340]+000 TEXCOORD1: 0.960784316, 0.960784316, 0.4627451, 0.235294119
vb0[340]+000 TEXCOORD2: 0.960784316, 0.960784316, 0.4627451, 0.235294119
vb0[340]+000 TEXCOORD3: 0.960784316, 0.960784316, 0.4627451, 0.235294119
vb0[340]+024 TANGENT: -0.39531067, -0.848495126, 0.351831645, -1

vb0[341]+000 POSITION: 0.0665449277, 1.06925285, -0.0839740187
vb0[341]+012 NORMAL: 0.78684926, -0.307727396, -0.534950554
vb0[341]+000 COLOR: 0.709803939, 0.282352954, 0.533333361, 0.239215687
vb0[341]+000 TEXCOORD: 0.709803939, 0.282352954, 0.533333361, 0.239215687
vb0[341]+000 TEXCOORD1: 0.709803939, 0.282352954, 0.533333361, 0.239215687
vb0[341]+000 TEXCOORD2: 0.709803939, 0.282352954, 0.533333361, 0.239215687
vb0[341]+000 TEXCOORD3: 0.709803939, 0.282352954, 0.533333361, 0.239215687
vb0[341]+024 TANGENT: -0.228480101, -0.950477123, 0.21068953, -1

vb0[342]+000 POSITION: 0.00311735482, 0.887375593, 0.0189451259
vb0[342]+012 NORMAL: -0.595899582, 0.683104277, 0.422222823
vb0[342]+000 COLOR: 0.53725493, 0.298039228, 0.298039228, 0.23137255
vb0[342]+000 TEXCOORD: 0.53725493, 0.298039228, 0.298039228, 0.23137255
vb0[342]+000 TEXCOORD1: 0.53725493, 0.298039228, 0.298039228, 0.23137255
vb0[342]+000 TEXCOORD2: 0.53725493, 0.298039228, 0.298039228, 0.23137255
vb0[342]+000 TEXCOORD3: 0.53725493, 0.298039228, 0.298039228, 0.23137255
vb0[342]+024 TANGENT: -0.569213152, -0.730164587, 0.377963126, 1

vb0[343]+000 POSITION: 0.0680142865, 0.971066892, -0.0242808256
vb0[343]+012 NORMAL: -0.691356778, 0.539770961, 0.480284363
vb0[343]+000 COLOR: 0.0745098069, 0.294117659, 0.545098066, 0.239215687
vb0[343]+000 TEXCOORD: 0.0745098069, 0.294117659, 0.545098066, 0.239215687
vb0[343]+000 TEXCOORD1: 0.0745098069, 0.294117659, 0.545098066, 0.239215687
vb0[343]+000 TEXCOORD2: 0.0745098069, 0.294117659, 0.545098066, 0.239215687
vb0[343]+000 TEXCOORD3: 0.0745098069, 0.294117659, 0.545098066, 0.239215687
vb0[343]+024 TANGENT: -0.418986738, -0.841071546, 0.342123866, 1

vb0[344]+000 POSITION: -0.0431353971, 0.890645325, -0.0510386787
vb0[344]+012 NORMAL: -0.595899701, 0.683104277, 0.422222883
vb0[344]+000 COLOR: 0.745098054, 0.68235296, 0.188235298, 0.741176486
vb0[344]+000 TEXCOORD: 0.745098054, 0.68235296, 0.188235298, 0.741176486
vb0[344]+000 TEXCOORD1: 0.745098054, 0.68235296, 0.188235298, 0.741176486
vb0[344]+000 TEXCOORD2: 0.745098054, 0.68235296, 0.188235298, 0.741176486
vb0[344]+000 TEXCOORD3: 0.745098054, 0.68235296, 0.188235298, 0.741176486
vb0[344]+024 TANGENT: -0.545862973, -0.730178773, 0.410941005, 1

vb0[345]+000 POSITION: 0.0147688407, 0.973547041, -0.104025342
vb0[345]+012 NORMAL: -0.699867487, 0.524043441, 0.485349298
vb0[345]+000 COLOR: 0.00784313772, 0.97647059, 0.443137258, 0.235294119
vb0[345]+000 TEXCOORD: 0.00784313772, 0.97647059, 0.443137258, 0.235294119
vb0[345]+000 TEXCOORD1: 0.00784313772, 0.97647059, 0.443137258, 0.235294119
vb0[345]+000 TEXCOORD2: 0.00784313772, 0.97647059, 0.443137258, 0.235294119
vb0[345]+000 TEXCOORD3: 0.00784313772, 0.97647059, 0.443137258, 0.235294119
vb0[345]+024 TANGENT: -0.393400282, -0.849957168, 0.350441247, 1

vb0[346]+000 POSITION: 0.0656489655, 1.07090747, -0.0836028829
vb0[346]+012 NORMAL: -0.789043903, 0.299882621, 0.536171734
vb0[346]+000 COLOR: 0.968627453, 0.447058827, 0.525490224, 0.239215687
vb0[346]+000 TEXCOORD: 0.968627453, 0.447058827, 0.525490224, 0.239215687
vb0[346]+000 TEXCOORD1: 0.968627453, 0.447058827, 0.525490224, 0.239215687
vb0[346]+000 TEXCOORD2: 0.968627453, 0.447058827, 0.525490224, 0.239215687
vb0[346]+000 TEXCOORD3: 0.968627453, 0.447058827, 0.525490224, 0.239215687
vb0[346]+024 TANGENT: -0.222257748, -0.952991962, 0.20593144, 1

vb0[347]+000 POSITION: 0.0761097893, 0.936112821, 0.113981053
vb0[347]+012 NORMAL: 0.782706559, -0.621322751, 0.0364470594
vb0[347]+000 COLOR: 0.450980395, 0.874509811, 0.607843161, 0.239215687
vb0[347]+000 TEXCOORD: 0.450980395, 0.874509811, 0.607843161, 0.239215687
vb0[347]+000 TEXCOORD1: 0.450980395, 0.874509811, 0.607843161, 0.239215687
vb0[347]+000 TEXCOORD2: 0.450980395, 0.874509811, 0.607843161, 0.239215687
vb0[347]+000 TEXCOORD3: 0.450980395, 0.874509811, 0.607843161, 0.239215687
vb0[347]+024 TANGENT: -0.61798799, -0.782788992, -0.0730221421, -1

vb0[348]+000 POSITION: -0.0234029256, 0.866076171, 0.0895665437
vb0[348]+012 NORMAL: 0.56993705, -0.821335316, 0.0240853783
vb0[348]+000 COLOR: 0.494117647, 0.717647076, 0.749019623, 0.737254918
vb0[348]+000 TEXCOORD: 0.494117647, 0.717647076, 0.749019623, 0.737254918
vb0[348]+000 TEXCOORD1: 0.494117647, 0.717647076, 0.749019623, 0.737254918
vb0[348]+000 TEXCOORD2: 0.494117647, 0.717647076, 0.749019623, 0.737254918
vb0[348]+000 TEXCOORD3: 0.494117647, 0.717647076, 0.749019623, 0.737254918
vb0[348]+024 TANGENT: -0.812198102, -0.567554474, -0.134967178, -1

vb0[349]+000 POSITION: 0.0825672597, 0.936621249, -0.0123709375
vb0[349]+012 NORMAL: 0.77474463, -0.631250381, 0.0359682329
vb0[349]+000 COLOR: 0.0235294122, 0.0980392173, 0.662745118, 0.239215687
vb0[349]+000 TEXCOORD: 0.0235294122, 0.0980392173, 0.662745118, 0.239215687
vb0[349]+000 TEXCOORD1: 0.0235294122, 0.0980392173, 0.662745118, 0.239215687
vb0[349]+000 TEXCOORD2: 0.0235294122, 0.0980392173, 0.662745118, 0.239215687
vb0[349]+000 TEXCOORD3: 0.0235294122, 0.0980392173, 0.662745118, 0.239215687
vb0[349]+024 TANGENT: -0.628082395, -0.774901628, -0.0709917024, -1

vb0[350]+000 POSITION: -0.0176573023, 0.867143214, -0.019120615
vb0[350]+012 NORMAL: 0.56993705, -0.821335316, 0.0240853783
vb0[350]+000 COLOR: 0.0470588244, 0.650980413, 0.564705908, 0.737254918
vb0[350]+000 TEXCOORD: 0.0470588244, 0.650980413, 0.564705908, 0.737254918
vb0[350]+000 TEXCOORD1: 0.0470588244, 0.650980413, 0.564705908, 0.737254918
vb0[350]+000 TEXCOORD2: 0.0470588244, 0.650980413, 0.564705908, 0.737254918
vb0[350]+000 TEXCOORD3: 0.0470588244, 0.650980413, 0.564705908, 0.737254918
vb0[350]+024 TANGENT: -0.813263118, -0.568037629, -0.126239702, -1

vb0[351]+000 POSITION: 0.111437134, 1.05037618, 0.0498539358
vb0[351]+012 NORMAL: 0.961569607, -0.270323455, 0.0480552055
vb0[351]+000 COLOR: 0.152941182, 0.223529413, 0.894117653, 0.239215687
vb0[351]+000 TEXCOORD: 0.152941182, 0.223529413, 0.894117653, 0.239215687
vb0[351]+000 TEXCOORD1: 0.152941182, 0.223529413, 0.894117653, 0.239215687
vb0[351]+000 TEXCOORD2: 0.152941182, 0.223529413, 0.894117653, 0.239215687
vb0[351]+000 TEXCOORD3: 0.152941182, 0.223529413, 0.894117653, 0.239215687
vb0[351]+024 TANGENT: -0.271926135, -0.96183151, 0.0305971224, -1

vb0[352]+000 POSITION: 0.0825661421, 0.938267946, -0.0123703871
vb0[352]+012 NORMAL: -0.775161326, 0.630737364, -0.0359905735
vb0[352]+000 COLOR: 0.43921569, 0.0941176489, 0.662745118, 0.239215687
vb0[352]+000 TEXCOORD: 0.43921569, 0.0941176489, 0.662745118, 0.239215687
vb0[352]+000 TEXCOORD1: 0.43921569, 0.0941176489, 0.662745118, 0.239215687
vb0[352]+000 TEXCOORD2: 0.43921569, 0.0941176489, 0.662745118, 0.239215687
vb0[352]+000 TEXCOORD3: 0.43921569, 0.0941176489, 0.662745118, 0.239215687
vb0[352]+024 TANGENT: -0.627567768, -0.77531749, -0.0710028335, 1

vb0[353]+000 POSITION: -0.0176584162, 0.868789971, -0.0191200562
vb0[353]+012 NORMAL: -0.569936752, 0.821335554, -0.0240847282
vb0[353]+000 COLOR: 0.384313732, 0.65882355, 0.564705908, 0.737254918
vb0[353]+000 TEXCOORD: 0.384313732, 0.65882355, 0.564705908, 0.737254918
vb0[353]+000 TEXCOORD1: 0.384313732, 0.65882355, 0.564705908, 0.737254918
vb0[353]+000 TEXCOORD2: 0.384313732, 0.65882355, 0.564705908, 0.737254918
vb0[353]+000 TEXCOORD3: 0.384313732, 0.65882355, 0.564705908, 0.737254918
vb0[353]+024 TANGENT: -0.813263357, -0.568037152, -0.126239657, 1

vb0[354]+000 POSITION: -0.023404019, 0.867722929, 0.089567095
vb0[354]+012 NORMAL: -0.569936693, 0.821335554, -0.0240847263
vb0[354]+000 COLOR: 0.788235307, 0.725490212, 0.749019623, 0.737254918
vb0[354]+000 TEXCOORD: 0.788235307, 0.725490212, 0.749019623, 0.737254918
vb0[354]+000 TEXCOORD1: 0.788235307, 0.725490212, 0.749019623, 0.737254918
vb0[354]+000 TEXCOORD2: 0.788235307, 0.725490212, 0.749019623, 0.737254918
vb0[354]+000 TEXCOORD3: 0.788235307, 0.725490212, 0.749019623, 0.737254918
vb0[354]+024 TANGENT: -0.812198341, -0.567554057, -0.134967327, 1

vb0[355]+000 POSITION: 0.0761086941, 0.937759399, 0.113981642
vb0[355]+012 NORMAL: -0.783146799, 0.620766401, -0.036470823
vb0[355]+000 COLOR: 0.87843138, 0.870588243, 0.607843161, 0.239215687
vb0[355]+000 TEXCOORD: 0.87843138, 0.870588243, 0.607843161, 0.239215687
vb0[355]+000 TEXCOORD1: 0.87843138, 0.870588243, 0.607843161, 0.239215687
vb0[355]+000 TEXCOORD2: 0.87843138, 0.870588243, 0.607843161, 0.239215687
vb0[355]+000 TEXCOORD3: 0.87843138, 0.870588243, 0.607843161, 0.239215687
vb0[355]+024 TANGENT: -0.617429972, -0.783228338, -0.0730318725, 1

vb0[356]+000 POSITION: 0.111225441, 1.05203485, 0.0498518012
vb0[356]+012 NORMAL: -0.962037385, 0.268648267, -0.0480853505
vb0[356]+000 COLOR: 0.164705887, 0.792156875, 0.890196085, 0.239215687
vb0[356]+000 TEXCOORD: 0.164705887, 0.792156875, 0.890196085, 0.239215687
vb0[356]+000 TEXCOORD1: 0.164705887, 0.792156875, 0.890196085, 0.239215687
vb0[356]+000 TEXCOORD2: 0.164705887, 0.792156875, 0.890196085, 0.239215687
vb0[356]+000 TEXCOORD3: 0.164705887, 0.792156875, 0.890196085, 0.239215687
vb0[356]+024 TANGENT: -0.270253211, -0.96230191, 0.0306316782, 1

vb0[357]+000 POSITION: -0.0821763873, 0.899445772, 0.126517013
vb0[357]+012 NORMAL: -0.417558819, -0.650830567, 0.634085357
vb0[357]+000 COLOR: 0.0941176489, 0.298039228, 0.65882355, 0.741176486
vb0[357]+000 TEXCOORD: 0.0941176489, 0.298039228, 0.65882355, 0.741176486
vb0[357]+000 TEXCOORD1: 0.0941176489, 0.298039228, 0.65882355, 0.741176486
vb0[357]+000 TEXCOORD2: 0.0941176489, 0.298039228, 0.65882355, 0.741176486
vb0[357]+000 TEXCOORD3: 0.0941176489, 0.298039228, 0.65882355, 0.741176486
vb0[357]+024 TANGENT: 0.321503878, -0.758513153, -0.566827178, -1

vb0[358]+000 POSITION: -0.185105488, 0.903433084, 0.0628285632
vb0[358]+012 NORMAL: -0.416714698, -0.652816951, 0.632596791
vb0[358]+000 COLOR: 0.294117659, 0.549019635, 0.239215687, 0.745098054
vb0[358]+000 TEXCOORD: 0.294117659, 0.549019635, 0.239215687, 0.745098054
vb0[358]+000 TEXCOORD1: 0.294117659, 0.549019635, 0.239215687, 0.745098054
vb0[358]+000 TEXCOORD2: 0.294117659, 0.549019635, 0.239215687, 0.745098054
vb0[358]+000 TEXCOORD3: 0.294117659, 0.549019635, 0.239215687, 0.745098054
vb0[358]+024 TANGENT: 0.322578371, -0.756803393, -0.568499565, -1

vb0[359]+000 POSITION: -0.0984672606, 0.859205663, 0.0311722606
vb0[359]+012 NORMAL: -0.289447725, -0.863152683, 0.413748056
vb0[359]+000 COLOR: 0.203921571, 0.662745118, 0.788235307, 0.741176486
vb0[359]+000 TEXCOORD: 0.203921571, 0.662745118, 0.788235307, 0.741176486
vb0[359]+000 TEXCOORD1: 0.203921571, 0.662745118, 0.788235307, 0.741176486
vb0[359]+000 TEXCOORD2: 0.203921571, 0.662745118, 0.788235307, 0.741176486
vb0[359]+000 TEXCOORD3: 0.203921571, 0.662745118, 0.788235307, 0.741176486
vb0[359]+024 TANGENT: 0.438040316, -0.503779113, -0.744531631, -1

vb0[360]+000 POSITION: -0.177445173, 1.07819963, 0.172122806
vb0[360]+012 NORMAL: -0.482652843, -0.449073195, 0.751917303
vb0[360]+000 COLOR: 0.188235298, 0.70588237, 0.20784314, 0.745098054
vb0[360]+000 TEXCOORD: 0.188235298, 0.70588237, 0.20784314, 0.745098054
vb0[360]+000 TEXCOORD1: 0.188235298, 0.70588237, 0.20784314, 0.745098054
vb0[360]+000 TEXCOORD2: 0.188235298, 0.70588237, 0.20784314, 0.745098054
vb0[360]+000 TEXCOORD3: 0.188235298, 0.70588237, 0.20784314, 0.745098054
vb0[360]+024 TANGENT: 0.213267818, -0.892958164, -0.396412253, -1

vb0[361]+000 POSITION: -0.0821763575, 0.901100516, 0.126517028
vb0[361]+012 NORMAL: 0.416957766, 0.652245224, -0.633026421
vb0[361]+000 COLOR: 0.0784313753, 0.298039228, 0.65882355, 0.741176486
vb0[361]+000 TEXCOORD: 0.0784313753, 0.298039228, 0.65882355, 0.741176486
vb0[361]+000 TEXCOORD1: 0.0784313753, 0.298039228, 0.65882355, 0.741176486
vb0[361]+000 TEXCOORD2: 0.0784313753, 0.298039228, 0.65882355, 0.741176486
vb0[361]+000 TEXCOORD3: 0.0784313753, 0.298039228, 0.65882355, 0.741176486
vb0[361]+024 TANGENT: 0.32243365, -0.757302999, -0.567916214, 1

vb0[362]+000 POSITION: -0.185105473, 0.905087709, 0.0628285855
vb0[362]+012 NORMAL: 0.416184217, 0.654058814, -0.631662667
vb0[362]+000 COLOR: 0.290196091, 0.549019635, 0.239215687, 0.745098054
vb0[362]+000 TEXCOORD: 0.290196091, 0.549019635, 0.239215687, 0.745098054
vb0[362]+000 TEXCOORD1: 0.290196091, 0.549019635, 0.239215687, 0.745098054
vb0[362]+000 TEXCOORD2: 0.290196091, 0.549019635, 0.239215687, 0.745098054
vb0[362]+000 TEXCOORD3: 0.290196091, 0.549019635, 0.239215687, 0.745098054
vb0[362]+024 TANGENT: 0.323413521, -0.755736291, -0.569443762, 1

vb0[363]+000 POSITION: -0.177474871, 1.0780952, 0.171716794
vb0[363]+012 NORMAL: 0.482113153, 0.451343298, -0.750903547
vb0[363]+000 COLOR: 0.97647059, 0.733333349, 0.20784314, 0.745098054
vb0[363]+000 TEXCOORD: 0.97647059, 0.733333349, 0.20784314, 0.745098054
vb0[363]+000 TEXCOORD1: 0.97647059, 0.733333349, 0.20784314, 0.745098054
vb0[363]+000 TEXCOORD2: 0.97647059, 0.733333349, 0.20784314, 0.745098054
vb0[363]+000 TEXCOORD3: 0.97647059, 0.733333349, 0.20784314, 0.745098054
vb0[363]+024 TANGENT: 0.214751676, -0.8918221, -0.398164779, 1

vb0[364]+000 POSITION: -0.0984672233, 0.860860348, 0.0311722718
vb0[364]+012 NORMAL: 0.289447367, 0.863152564, -0.413748622
vb0[364]+000 COLOR: 0.184313729, 0.662745118, 0.788235307, 0.741176486
vb0[364]+000 TEXCOORD: 0.184313729, 0.662745118, 0.788235307, 0.741176486
vb0[364]+000 TEXCOORD1: 0.184313729, 0.662745118, 0.788235307, 0.741176486
vb0[364]+000 TEXCOORD2: 0.184313729, 0.662745118, 0.788235307, 0.741176486
vb0[364]+000 TEXCOORD3: 0.184313729, 0.662745118, 0.788235307, 0.741176486
vb0[364]+024 TANGENT: 0.438040376, -0.503779411, -0.744531453, 1
