stride: 32
first vertex: 0
vertex count: 1221
topology: trianglelist
element[0]:
  SemanticName: POSITION
  SemanticIndex: 0
  Format: R16G16B16A16_FLOAT
  InputSlot: 0
  AlignedByteOffset: 0
  InputSlotClass: per-vertex
  InstanceDataStepRate: 0
element[1]:
  SemanticName: NORMAL
  SemanticIndex: 0
  Format: R8G8B8A8_SNORM
  InputSlot: 0
  AlignedByteOffset: 8
  InputSlotClass: per-vertex
  InstanceDataStepRate: 0
element[2]:
  SemanticName: COLOR
  SemanticIndex: 0
  Format: R8G8B8A8_UNORM
  InputSlot: 0
  AlignedByteOffset: 0
  InputSlotClass: per-vertex
  InstanceDataStepRate: 0
element[3]:
  SemanticName: TEXCOORD
  SemanticIndex: 0
  Format: R16G16_FLOAT
  InputSlot: 0
  AlignedByteOffset: 12
  InputSlotClass: per-vertex
  InstanceDataStepRate: 0
element[4]:
  SemanticName: TEXCOORD
  SemanticIndex: 1
  Format: R16G16_FLOAT
  InputSlot: 0
  AlignedByteOffset: 16
  InputSlotClass: per-vertex
  InstanceDataStepRate: 0
element[5]:
  SemanticName: TEXCOORD
  SemanticIndex: 2
  Format: R16G16_FLOAT
  InputSlot: 0
  AlignedByteOffset: 20
  InputSlotClass: per-vertex
  InstanceDataStepRate: 0
element[6]:
  SemanticName: TEXCOORD
  SemanticIndex: 3
  Format: R8G8B8A8_UNORM
  InputSlot: 0
  AlignedByteOffset: 0
  InputSlotClass: per-vertex
  InstanceDataStepRate: 0
element[7]:
  SemanticName: TANGENT
  SemanticIndex: 0
  Format: R8G8B8A8_SNORM
  InputSlot: 0
  AlignedByteOffset: 28
  InputSlotClass: per-vertex
  InstanceDataStepRate: 0

vertex-data:

vb0[0]+000 POSITION: 5.73971851e-41, 1.06835938, -0.662597656, 1
vb0[0]+008 NORMAL: 0, -0.653543293, 0.755905509, 0
vb0[0]+000 COLOR: 0.0196078438, 0, 0.274509817, 0.235294119
vb0[0]+012 TEXCOORD: 0, 0.82421875
vb0[0]+016 TEXCOORD1: 0.447509766, 0.604003906
vb0[0]+020 TEXCOORD2: 0.478759766, 0.536132813
vb0[0]+000 TEXCOORD3: 0.0196078438, 0, 0.274509817, 0.235294119
vb0[0]+028 TANGENT: 1, 0.0236220472, 0.0236220472, 1

vb0[1]+000 POSITION: 4.59177481e-41, 0.985839844, -0.724121094, 1
vb0[1]+008 NORMAL: 0, -0.551181078, 0.834645689, 0
vb0[1]+000 COLOR: 0.0156862754, 0, 0.890196085, 0.23137255
vb0[1]+012 TEXCOORD: 0, 0.778808594
vb0[1]+016 TEXCOORD1: 0.439697266, 0.620117188
vb0[1]+020 TEXCOORD2: 0.473144531, 0.547851563
vb0[1]+000 TEXCOORD3: 0.0156862754, 0, 0.890196085, 0.23137255
vb0[1]+028 TANGENT: 1, 0.0236220472, 0.0157480314, 1

vb0[2]+000 POSITION: 0.0709838867, 0.985839844, -0.720703125, 1
vb0[2]+008 NORMAL: -0.0787401572, -0.551181078, 0.834645689, 0
vb0[2]+000 COLOR: 0.545098066, 0.172549024, 0.890196085, 0.23137255
vb0[2]+012 TEXCOORD: 0.015625, 0.778808594
vb0[2]+016 TEXCOORD1: 0.427978516, 0.613769531
vb0[2]+020 TEXCOORD2: 0.468261719, 0.544921875
vb0[2]+000 TEXCOORD3: 0.545098066, 0.172549024, 0.890196085, 0.23137255
vb0[2]+028 TANGENT: 0.992125988, 0, 0.0944881886, 1

vb0[3]+000 POSITION: 0.0649414063, 1.06835938, -0.659179688, 1
vb0[3]+008 NORMAL: -0.0708661452, -0.653543293, 0.755905509, 0
vb0[3]+000 COLOR: 0.156862751, 0.172549024, 0.274509817, 0.235294119
vb0[3]+012 TEXCOORD: 0.015625, 0.82421875
vb0[3]+016 TEXCOORD1: 0.437255859, 0.598144531
vb0[3]+020 TEXCOORD2: 0.474853516, 0.534179688
vb0[3]+000 TEXCOORD3: 0.156862751, 0.172549024, 0.274509817, 0.235294119
vb0[3]+028 TANGENT: 0.992125988, 0, 0.0944881886, 1

vb0[4]+000 POSITION: 0.0763549805, 0.889160156, -0.775390625, 1
vb0[4]+008 NORMAL: -0.0866141766, -0.44094488, 0.889763772, 0
vb0[4]+000 COLOR: 0.890196085, 0.172549024, 0.113725491, 0.23137255
vb0[4]+012 TEXCOORD: 0.015625, 0.718261719
vb0[4]+016 TEXCOORD1: 0.418945313, 0.628417969
vb0[4]+020 TEXCOORD2: 0.460205078, 0.55859375
vb0[4]+000 TEXCOORD3: 0.890196085, 0.172549024, 0.113725491, 0.23137255
vb0[4]+028 TANGENT: 0.992125988, 0, 0.0944881886, 1

vb0[5]+000 POSITION: 2.2958874e-41, 0.889160156, -0.778808594, 1
vb0[5]+008 NORMAL: 0, -0.44094488, 0.897637784, 0
vb0[5]+000 COLOR: 0.00784313772, 0, 0.113725491, 0.23137255
vb0[5]+012 TEXCOORD: 0, 0.718261719
vb0[5]+016 TEXCOORD1: 0.432373047, 0.635742188
vb0[5]+020 TEXCOORD2: 0.466308594, 0.562011719
vb0[5]+000 TEXCOORD3: 0.00784313772, 0, 0.113725491, 0.23137255
vb0[5]+028 TANGENT: 1, 0.0157480314, 0.00787401572, 1

vb0[6]+000 POSITION: 0.141235352, 0.985839844, -0.710449219, 1
vb0[6]+008 NORMAL: -0.165354326, -0.551181078, 0.818897665, 0
vb0[6]+000 COLOR: 0.521568656, 0.188235298, 0.890196085, 0.23137255
vb0[6]+012 TEXCOORD: 0.03125, 0.778808594
vb0[6]+016 TEXCOORD1: 0.416748047, 0.606445313
vb0[6]+020 TEXCOORD2: 0.463867188, 0.541992188
vb0[6]+000 TEXCOORD3: 0.521568656, 0.188235298, 0.890196085, 0.23137255
vb0[6]+028 TANGENT: 0.984251976, 0, 0.196850389, 1

vb0[7]+000 POSITION: 0.129272461, 1.06835938, -0.649902344, 1
vb0[7]+008 NORMAL: -0.149606302, -0.653543293, 0.740157485, 0
vb0[7]+000 COLOR: 0.137254909, 0.188235298, 0.274509817, 0.235294119
vb0[7]+012 TEXCOORD: 0.03125, 0.82421875
vb0[7]+016 TEXCOORD1: 0.427734375, 0.591796875
vb0[7]+020 TEXCOORD2: 0.471435547, 0.531738281
vb0[7]+000 TEXCOORD3: 0.137254909, 0.188235298, 0.274509817, 0.235294119
vb0[7]+028 TANGENT: 0.984251976, 0, 0.196850389, 1

vb0[8]+000 POSITION: 0.0809936523, 0.776855469, -0.822265625, 1
vb0[8]+008 NORMAL: -0.0944881886, -0.346456707, 0.937007844, 0
vb0[8]+000 COLOR: 0.184313729, 0.176470593, 0.215686277, 0.227450982
vb0[8]+012 TEXCOORD: 0.015625, 0.639160156
vb0[8]+016 TEXCOORD1: 0.41015625, 0.643554688
vb0[8]+020 TEXCOORD2: 0.449951172, 0.574707031
vb0[8]+000 TEXCOORD3: 0.184313729, 0.176470593, 0.215686277, 0.227450982
vb0[8]+028 TANGENT: 0.992125988, 0, 0.0944881886, 1

vb0[9]+000 POSITION: 0, 0.776855469, -0.826171875, 1
vb0[9]+008 NORMAL: 0, -0.346456707, 0.937007844, 0
vb0[9]+000 COLOR: 0, 0, 0.215686277, 0.227450982
vb0[9]+012 TEXCOORD: 0, 0.639160156
vb0[9]+016 TEXCOORD1: 0.424804688, 0.651367188
vb0[9]+020 TEXCOORD2: 0.458007813, 0.579101563
vb0[9]+000 TEXCOORD3: 0, 0, 0.215686277, 0.227450982
vb0[9]+028 TANGENT: 1, 0.0157480314, 0.00787401572, 1

vb0[10]+000 POSITION: 0.0848388672, 0.653320313, -0.861328125, 1
vb0[10]+008 NORMAL: -0.0944881886, -0.267716527, 0.96062994, 0
vb0[10]+000 COLOR: 0.431372553, 0.176470593, 0.227450982, 0.223529413
vb0[10]+012 TEXCOORD: 0.015625, 0.544921875
vb0[10]+016 TEXCOORD1: 0.398925781, 0.661621094
vb0[10]+020 TEXCOORD2: 0.4375, 0.595214844
vb0[10]+000 TEXCOORD3: 0.431372553, 0.176470593, 0.227450982, 0.223529413
vb0[10]+028 TANGENT: 0.992125988, 0, 0.0944881886, 1

vb0[11]+000 POSITION: 2.2958874e-41, 0.653320313, -0.865722656, 1
vb0[11]+008 NORMAL: 0, -0.267716527, 0.96062994, 0
vb0[11]+000 COLOR: 0.00784313772, 0, 0.227450982, 0.223529413
vb0[11]+012 TEXCOORD: 0, 0.544921875
vb0[11]+016 TEXCOORD1: 0.415771484, 0.670410156
vb0[11]+020 TEXCOORD2: 0.447509766, 0.600585938
vb0[11]+000 TEXCOORD3: 0.00784313772, 0, 0.227450982, 0.223529413
vb0[11]+028 TANGENT: 1, 0.0157480314, 0, 1

vb0[12]+000 POSITION: 0.151977539, 0.889160156, -0.764160156, 1
vb0[12]+008 NORMAL: -0.173228353, -0.44094488, 0.88188976, 0
vb0[12]+000 COLOR: 0.866666675, 0.188235298, 0.113725491, 0.23137255
vb0[12]+012 TEXCOORD: 0.03125, 0.718261719
vb0[12]+016 TEXCOORD1: 0.406494141, 0.620117188
vb0[12]+020 TEXCOORD2: 0.454345703, 0.554199219
vb0[12]+000 TEXCOORD3: 0.866666675, 0.188235298, 0.113725491, 0.23137255
vb0[12]+028 TANGENT: 0.984251976, 0, 0.196850389, 1

vb0[13]+000 POSITION: 0.087890625, 0.523925781, -0.892089844, 1
vb0[13]+008 NORMAL: -0.0944881886, -0.188976377, 0.976377964, 0
vb0[13]+000 COLOR: 0.627451003, 0.176470593, 0.192156866, 0.219607845
vb0[13]+012 TEXCOORD: 0.015625, 0.43359375
vb0[13]+016 TEXCOORD1: 0.380371094, 0.692382813
vb0[13]+020 TEXCOORD2: 0.419677734, 0.623535156
vb0[13]+000 TEXCOORD3: 0.627451003, 0.176470593, 0.192156866, 0.219607845
vb0[13]+028 TANGENT: 0.992125988, 0, 0.0944881886, 1

vb0[14]+000 POSITION: 2.2958874e-41, 0.523925781, -0.896484375, 1
vb0[14]+008 NORMAL: 0, -0.188976377, 0.984251976, 0
vb0[14]+000 COLOR: 0.00784313772, 0, 0.192156866, 0.219607845
vb0[14]+012 TEXCOORD: 0, 0.43359375
vb0[14]+016 TEXCOORD1: 0.400146484, 0.703125
vb0[14]+020 TEXCOORD2: 0.432617188, 0.630371094
vb0[14]+000 TEXCOORD3: 0.00784313772, 0, 0.192156866, 0.219607845
vb0[14]+028 TANGENT: 1, 0.00787401572, 0, 1

vb0[15]+000 POSITION: 0.161254883, 0.776855469, -0.810546875, 1
vb0[15]+008 NORMAL: -0.181102365, -0.346456707, 0.92125982, 0
vb0[15]+000 COLOR: 0.160784319, 0.192156866, 0.215686277, 0.227450982
vb0[15]+012 TEXCOORD: 0.03125, 0.639160156
vb0[15]+016 TEXCOORD1: 0.396240234, 0.633789063
vb0[15]+020 TEXCOORD2: 0.442626953, 0.569824219
vb0[15]+000 TEXCOORD3: 0.160784319, 0.192156866, 0.215686277, 0.227450982
vb0[15]+028 TANGENT: 0.984251976, 0, 0.196850389, 1

vb0[16]+000 POSITION: 0.0900878906, 0.375, -0.914550781, 1
vb0[16]+008 NORMAL: -0.0944881886, -0.11023622, 0.992125988, 0
vb0[16]+000 COLOR: 0.768627465, 0.176470593, 0, 0.211764708
vb0[16]+012 TEXCOORD: 0.015625, 0.3046875
vb0[16]+016 TEXCOORD1: 0.345703125, 0.749511719
vb0[16]+020 TEXCOORD2: 0.390380859, 0.669921875
vb0[16]+000 TEXCOORD3: 0.768627465, 0.176470593, 0, 0.211764708
vb0[16]+028 TANGENT: 0.992125988, 0, 0.0944881886, 1

vb0[17]+000 POSITION: 2.2958874e-41, 0.375, -0.918945313, 1
vb0[17]+008 NORMAL: 0, -0.11023622, 0.992125988, 0
vb0[17]+000 COLOR: 0.00784313772, 0, 0, 0.211764708
vb0[17]+012 TEXCOORD: 0, 0.3046875
vb0[17]+016 TEXCOORD1: 0.371337891, 0.763183594
vb0[17]+020 TEXCOORD2: 0.407958984, 0.6796875
vb0[17]+000 TEXCOORD3: 0.00784313772, 0, 0, 0.211764708
vb0[17]+028 TANGENT: 1, 0.00787401572, 0, 1

vb0[18]+000 POSITION: 0.168823242, 0.653320313, -0.849121094, 1
vb0[18]+008 NORMAL: -0.188976377, -0.267716527, 0.944881916, 0
vb0[18]+000 COLOR: 0.403921574, 0.192156866, 0.227450982, 0.223529413
vb0[18]+012 TEXCOORD: 0.03125, 0.544921875
vb0[18]+016 TEXCOORD1: 0.383300781, 0.650878906
vb0[18]+020 TEXCOORD2: 0.428222656, 0.588378906
vb0[18]+000 TEXCOORD3: 0.403921574, 0.192156866, 0.227450982, 0.223529413
vb0[18]+028 TANGENT: 0.984251976, 0, 0.196850389, 1

vb0[19]+000 POSITION: 0.0913696289, 0.18762207, -0.927734375, 1
vb0[19]+008 NORMAL: -0.0944881886, -0.0472440943, 0.992125988, 0
vb0[19]+000 COLOR: 0.850980401, 0.176470593, 0.00392156886, 0.196078435
vb0[19]+012 TEXCOORD: 0.015625, 0.160766602
vb0[19]+016 TEXCOORD1: 0.285644531, 0.847167969
vb0[19]+020 TEXCOORD2: 0.328613281, 0.768066406
vb0[19]+000 TEXCOORD3: 0.850980401, 0.176470593, 0.00392156886, 0.196078435
vb0[19]+028 TANGENT: 0.992125988, 0, 0.0944881886, 1

vb0[20]+000 POSITION: -2.2958874e-41, 0.18762207, -0.932617188, 1
vb0[20]+008 NORMAL: 0, -0.0472440943, 1, 0
vb0[20]+000 COLOR: 0.00784313772, 0.501960814, 0.00392156886, 0.196078435
vb0[20]+012 TEXCOORD: 0, 0.160766602
vb0[20]+016 TEXCOORD1: 0.321289063, 0.866210938
vb0[20]+020 TEXCOORD2: 0.356201172, 0.783203125
vb0[20]+000 TEXCOORD3: 0.00784313772, 0.501960814, 0.00392156886, 0.196078435
vb0[20]+028 TANGENT: 1, 0, 0, 1

vb0[21]+000 POSITION: 0.174926758, 0.523925781, -0.879394531, 1
vb0[21]+008 NORMAL: -0.188976377, -0.188976377, 0.96062994, 0
vb0[21]+000 COLOR: 0.600000024, 0.192156866, 0.192156866, 0.219607845
vb0[21]+012 TEXCOORD: 0.03125, 0.43359375
vb0[21]+016 TEXCOORD1: 0.361816406, 0.6796875
vb0[21]+020 TEXCOORD2: 0.407714844, 0.615234375
vb0[21]+000 TEXCOORD3: 0.600000024, 0.192156866, 0.192156866, 0.219607845
vb0[21]+028 TANGENT: 0.984251976, 0, 0.196850389, 1

vb0[22]+000 POSITION: 0.179321289, 0.375, -0.901367188, 1
vb0[22]+008 NORMAL: -0.196850389, -0.11023622, 0.976377964, 0
vb0[22]+000 COLOR: 0.741176486, 0.192156866, 0, 0.211764708
vb0[22]+012 TEXCOORD: 0.03125, 0.3046875
vb0[22]+016 TEXCOORD1: 0.321533203, 0.732910156
vb0[22]+020 TEXCOORD2: 0.373779297, 0.658203125
vb0[22]+000 TEXCOORD3: 0.741176486, 0.192156866, 0, 0.211764708
vb0[22]+028 TANGENT: 0.984251976, 0, 0.196850389, 1

vb0[23]+000 POSITION: 0.0918579102, 0, -0.932617188, 1
vb0[23]+008 NORMAL: -0.0944881886, -0.0236220472, 0.992125988, 0
vb0[23]+000 COLOR: 0.882352948, 0.176470593, 0, 0
vb0[23]+012 TEXCOORD: 0.015625, -0
vb0[23]+016 TEXCOORD1: 0.238037109, 0.924804688
vb0[23]+020 TEXCOORD2: 0.231323242, 0.923339844
vb0[23]+000 TEXCOORD3: 0.882352948, 0.176470593, 0, 0
vb0[23]+028 TANGENT: 0.992125988, 0, 0.0944881886, 1

vb0[24]+000 POSITION: 0, 0, -0.937011719, 1
vb0[24]+008 NORMAL: 0, -0.0236220472, 1, 0
vb0[24]+000 COLOR: 0, 0, 0, 0
vb0[24]+012 TEXCOORD: 0, -0
vb0[24]+016 TEXCOORD1: 0.281494141, 0.948730469
vb0[24]+020 TEXCOORD2: 0.274902344, 0.947753906
vb0[24]+000 TEXCOORD3: 0, 0, 0, 0
vb0[24]+028 TANGENT: 1, 0, 0, 1

vb0[25]+000 POSITION: 0.181884766, 0.18762207, -0.914550781, 1
vb0[25]+008 NORMAL: -0.196850389, -0.0472440943, 0.976377964, 0
vb0[25]+000 COLOR: 0.823529422, 0.192156866, 0.00392156886, 0.196078435
vb0[25]+012 TEXCOORD: 0.03125, 0.160766602
vb0[25]+016 TEXCOORD1: 0.252197266, 0.82421875
vb0[25]+020 TEXCOORD2: 0.302490234, 0.75
vb0[25]+000 TEXCOORD3: 0.823529422, 0.192156866, 0.00392156886, 0.196078435
vb0[25]+028 TANGENT: 0.984251976, 0, 0.196850389, 1

vb0[26]+000 POSITION: 0.182739258, 0, -0.918945313, 1
vb0[26]+008 NORMAL: -0.196850389, -0.0236220472, 0.984251976, 0
vb0[26]+000 COLOR: 0.850980401, 0.192156866, 0, 0
vb0[26]+012 TEXCOORD: 0.03125, -0
vb0[26]+016 TEXCOORD1: 0.197021484, 0.897460938
vb0[26]+020 TEXCOORD2: 0.190429688, 0.895019531
vb0[26]+000 TEXCOORD3: 0.850980401, 0.192156866, 0, 0
vb0[26]+028 TANGENT: 0.984251976, 0, 0.196850389, 1

vb0[27]+000 POSITION: 0.271972656, 0, -0.896484375, 1
vb0[27]+008 NORMAL: -0.291338593, -0.0236220472, 0.952755928, 0
vb0[27]+000 COLOR: 0.352941185, 0.203921571, 0, 0
vb0[27]+012 TEXCOORD: 0.046875, -0
vb0[27]+016 TEXCOORD1: 0.158935547, 0.865722656
vb0[27]+020 TEXCOORD2: 0.15246582, 0.862792969
vb0[27]+000 TEXCOORD3: 0.352941185, 0.203921571, 0, 0
vb0[27]+028 TANGENT: 0.96062994, 0, 0.291338593, 1

vb0[28]+000 POSITION: 0.270751953, 0.18762207, -0.892089844, 1
vb0[28]+008 NORMAL: -0.291338593, -0.0472440943, 0.952755928, 0
vb0[28]+000 COLOR: 0.333333343, 0.203921571, 0.00392156886, 0.196078435
vb0[28]+012 TEXCOORD: 0.046875, 0.160766602
vb0[28]+016 TEXCOORD1: 0.221069336, 0.798339844
vb0[28]+020 TEXCOORD2: 0.278564453, 0.729492188
vb0[28]+000 TEXCOORD3: 0.333333343, 0.203921571, 0.00392156886, 0.196078435
vb0[28]+028 TANGENT: 0.96062994, 0, 0.291338593, 1

vb0[29]+000 POSITION: 0.266845703, 0.375, -0.879394531, 1
vb0[29]+008 NORMAL: -0.291338593, -0.11023622, 0.952755928, 0
vb0[29]+000 COLOR: 0.270588249, 0.203921571, 0, 0.211764708
vb0[29]+012 TEXCOORD: 0.046875, 0.3046875
vb0[29]+016 TEXCOORD1: 0.299316406, 0.714355469
vb0[29]+020 TEXCOORD2: 0.358642578, 0.645019531
vb0[29]+000 TEXCOORD3: 0.270588249, 0.203921571, 0, 0.211764708
vb0[29]+028 TANGENT: 0.96062994, 0, 0.291338593, 1

vb0[30]+000 POSITION: 0.358642578, 0, -0.865722656, 1
vb0[30]+008 NORMAL: -0.385826766, -0.0236220472, 0.92125982, 0
vb0[30]+000 COLOR: 0.741176486, 0.20784314, 0, 0
vb0[30]+012 TEXCOORD: 0.0625, -0
vb0[30]+016 TEXCOORD1: 0.124084473, 0.830566406
vb0[30]+020 TEXCOORD2: 0.117919922, 0.826660156
vb0[30]+000 TEXCOORD3: 0.741176486, 0.20784314, 0, 0
vb0[30]+028 TANGENT: 0.92125982, 0, 0.385826766, 1

vb0[31]+000 POSITION: 0.356933594, 0.18762207, -0.861328125, 1
vb0[31]+008 NORMAL: -0.385826766, -0.0472440943, 0.92125982, 0
vb0[31]+000 COLOR: 0.713725507, 0.20784314, 0.00392156886, 0.196078435
vb0[31]+012 TEXCOORD: 0.0625, 0.160766602
vb0[31]+016 TEXCOORD1: 0.192749023, 0.76953125
vb0[31]+020 TEXCOORD2: 0.256835938, 0.706542969
vb0[31]+000 TEXCOORD3: 0.713725507, 0.20784314, 0.00392156886, 0.196078435
vb0[31]+028 TANGENT: 0.92125982, 0, 0.385826766, 1

vb0[32]+000 POSITION: 0.3515625, 0.375, -0.849121094, 1
vb0[32]+008 NORMAL: -0.377952754, -0.11023622, 0.92125982, 0
vb0[32]+000 COLOR: 0.627451003, 0.20784314, 0, 0.211764708
vb0[32]+012 TEXCOORD: 0.0625, 0.3046875
vb0[32]+016 TEXCOORD1: 0.279052734, 0.693359375
vb0[32]+020 TEXCOORD2: 0.344726563, 0.630859375
vb0[32]+000 TEXCOORD3: 0.627451003, 0.20784314, 0, 0.211764708
vb0[32]+028 TANGENT: 0.92125982, 0, 0.385826766, 1

vb0[33]+000 POSITION: 0.441650391, 0, -0.826171875, 1
vb0[33]+008 NORMAL: -0.472440958, -0.0236220472, 0.88188976, 0
vb0[33]+000 COLOR: 0.0666666701, 0.215686277, 0, 0
vb0[33]+012 TEXCOORD: 0.078125, -0
vb0[33]+016 TEXCOORD1: 0.092956543, 0.791503906
vb0[33]+020 TEXCOORD2: 0.0871582031, 0.787597656
vb0[33]+000 TEXCOORD3: 0.0666666701, 0.215686277, 0, 0
vb0[33]+028 TANGENT: 0.88188976, 0, 0.472440958, 1

vb0[34]+000 POSITION: 0.439453125, 0.18762207, -0.822265625, 1
vb0[34]+008 NORMAL: -0.472440958, -0.0472440943, 0.88188976, 0
vb0[34]+000 COLOR: 0.0313725509, 0.215686277, 0.00392156886, 0.196078435
vb0[34]+012 TEXCOORD: 0.078125, 0.160766602
vb0[34]+016 TEXCOORD1: 0.167358398, 0.73828125
vb0[34]+020 TEXCOORD2: 0.237304688, 0.681640625
vb0[34]+000 TEXCOORD3: 0.0313725509, 0.215686277, 0.00392156886, 0.196078435
vb0[34]+028 TANGENT: 0.88188976, 0, 0.472440958, 1

vb0[35]+000 POSITION: 0.433105469, 0.375, -0.810546875, 1
vb0[35]+008 NORMAL: -0.472440958, -0.11023622, 0.874015749, 0
vb0[35]+000 COLOR: 0.933333337, 0.211764708, 0, 0.211764708
vb0[35]+012 TEXCOORD: 0.078125, 0.3046875
vb0[35]+016 TEXCOORD1: 0.260986328, 0.670898438
vb0[35]+020 TEXCOORD2: 0.332519531, 0.614746094
vb0[35]+000 TEXCOORD3: 0.933333337, 0.211764708, 0, 0.211764708
vb0[35]+028 TANGENT: 0.88188976, 0, 0.472440958, 1

vb0[36]+000 POSITION: 0.520507813, 0, -0.778808594, 1
vb0[36]+008 NORMAL: -0.55905509, -0.0236220472, 0.834645689, 0
vb0[36]+000 COLOR: 0.164705887, 0.219607845, 0, 0
vb0[36]+012 TEXCOORD: 0.09375, -0
vb0[36]+016 TEXCOORD1: 0.0659179688, 0.75
vb0[36]+020 TEXCOORD2: 0.0607299805, 0.745117188
vb0[36]+000 TEXCOORD3: 0.164705887, 0.219607845, 0, 0
vb0[36]+028 TANGENT: 0.834645689, 0, 0.55905509, 1

vb0[37]+000 POSITION: 0.518066406, 0.18762207, -0.775390625, 1
vb0[37]+008 NORMAL: -0.551181078, -0.0472440943, 0.826771677, 0
vb0[37]+000 COLOR: 0.145098045, 0.219607845, 0.00392156886, 0.196078435
vb0[37]+012 TEXCOORD: 0.09375, 0.160766602
vb0[37]+016 TEXCOORD1: 0.145141602, 0.704101563
vb0[37]+020 TEXCOORD2: 0.220458984, 0.654785156
vb0[37]+000 TEXCOORD3: 0.145098045, 0.219607845, 0.00392156886, 0.196078435
vb0[37]+028 TANGENT: 0.834645689, 0, 0.55905509, 1

vb0[38]+000 POSITION: 0.510742188, 0.375, -0.764160156, 1
vb0[38]+008 NORMAL: -0.551181078, -0.11023622, 0.826771677, 0
vb0[38]+000 COLOR: 0.0862745121, 0.219607845, 0, 0.211764708
vb0[38]+012 TEXCOORD: 0.09375, 0.3046875
vb0[38]+016 TEXCOORD1: 0.245117188, 0.646484375
vb0[38]+020 TEXCOORD2: 0.321777344, 0.59765625
vb0[38]+000 TEXCOORD3: 0.0862745121, 0.219607845, 0, 0.211764708
vb0[38]+028 TANGENT: 0.834645689, 0, 0.55905509, 1

vb0[39]+000 POSITION: 0.594238281, 0, -0.724121094, 1
vb0[39]+008 NORMAL: -0.637795269, -0.0236220472, 0.771653533, 0
vb0[39]+000 COLOR: 0.75686276, 0.219607845, 0, 0
vb0[39]+012 TEXCOORD: 0.109375, -0
vb0[39]+016 TEXCOORD1: 0.0434570313, 0.705566406
vb0[39]+020 TEXCOORD2: 0.0394287109, 0.700195313
vb0[39]+000 TEXCOORD3: 0.75686276, 0.219607845, 0, 0
vb0[39]+028 TANGENT: 0.771653533, 0, 0.637795269, 1

vb0[40]+000 POSITION: 0.591308594, 0.18762207, -0.720703125, 1
vb0[40]+008 NORMAL: -0.629921257, -0.0472440943, 0.771653533, 0
vb0[40]+000 COLOR: 0.733333349, 0.219607845, 0.00392156886, 0.196078435
vb0[40]+012 TEXCOORD: 0.109375, 0.160766602
vb0[40]+016 TEXCOORD1: 0.126586914, 0.668457031
vb0[40]+020 TEXCOORD2: 0.206665039, 0.626464844
vb0[40]+000 TEXCOORD3: 0.733333349, 0.219607845, 0.00392156886, 0.196078435
vb0[40]+028 TANGENT: 0.771653533, 0, 0.637795269, 1

vb0[41]+000 POSITION: 0.583007813, 0.375, -0.710449219, 1
vb0[41]+008 NORMAL: -0.629921257, -0.11023622, 0.771653533, 0
vb0[41]+000 COLOR: 0.666666687, 0.219607845, 0, 0.211764708
vb0[41]+012 TEXCOORD: 0.109375, 0.3046875
vb0[41]+016 TEXCOORD1: 0.231445313, 0.62109375
vb0[41]+020 TEXCOORD2: 0.3125, 0.580078125
vb0[41]+000 TEXCOORD3: 0.666666687, 0.219607845, 0, 0.211764708
vb0[41]+028 TANGENT: 0.771653533, 0, 0.637795269, 1

vb0[42]+000 POSITION: 0.662597656, 0, -0.662597656, 1
vb0[42]+008 NORMAL: -0.708661437, -0.0236220472, 0.708661437, 0
vb0[42]+000 COLOR: 0.301960796, 0.223529413, 0, 0
vb0[42]+012 TEXCOORD: 0.125, -0
vb0[42]+016 TEXCOORD1: 0.0257263184, 0.659667969
vb0[42]+020 TEXCOORD2: 0.0230560303, 0.653808594
vb0[42]+000 TEXCOORD3: 0.301960796, 0.223529413, 0, 0
vb0[42]+028 TANGENT: 0.708661437, 0, 0.708661437, 1

vb0[43]+000 POSITION: 0.659179688, 0.18762207, -0.659179688, 1
vb0[43]+008 NORMAL: -0.708661437, -0.0472440943, 0.708661437, 0
vb0[43]+000 COLOR: 0.274509817, 0.223529413, 0.00392156886, 0.196078435
vb0[43]+012 TEXCOORD: 0.125, 0.160766602
vb0[43]+016 TEXCOORD1: 0.111572266, 0.630859375
vb0[43]+020 TEXCOORD2: 0.195922852, 0.597167969
vb0[43]+000 TEXCOORD3: 0.274509817, 0.223529413, 0.00392156886, 0.196078435
vb0[43]+028 TANGENT: 0.708661437, 0, 0.708661437, 1

vb0[44]+000 POSITION: 0.649902344, 0.375, -0.649902344, 1
vb0[44]+008 NORMAL: -0.700787425, -0.11023622, 0.700787425, 0
vb0[44]+000 COLOR: 0.200000003, 0.223529413, 0, 0.211764708
vb0[44]+012 TEXCOORD: 0.125, 0.3046875
vb0[44]+016 TEXCOORD1: 0.220336914, 0.594238281
vb0[44]+020 TEXCOORD2: 0.305175781, 0.561523438
vb0[44]+000 TEXCOORD3: 0.200000003, 0.223529413, 0, 0.211764708
vb0[44]+028 TANGENT: 0.708661437, 0, 0.708661437, 1

vb0[45]+000 POSITION: 0.724121094, 0, -0.594238281, 1
vb0[45]+008 NORMAL: -0.771653533, -0.0236220472, 0.637795269, 0
vb0[45]+000 COLOR: 0.796078444, 0.223529413, 0, 0
vb0[45]+012 TEXCOORD: 0.140625, -0
vb0[45]+016 TEXCOORD1: 0.0127334595, 0.612304688
vb0[45]+020 TEXCOORD2: 0.0115890503, 0.605957031
vb0[45]+000 TEXCOORD3: 0.796078444, 0.223529413, 0, 0
vb0[45]+028 TANGENT: 0.637795269, 0, 0.771653533, 1

vb0[46]+000 POSITION: 0.720703125, 0.18762207, -0.591308594, 1
vb0[46]+008 NORMAL: -0.771653533, -0.0472440943, 0.629921257, 0
vb0[46]+000 COLOR: 0.768627465, 0.223529413, 0.00392156886, 0.196078435
vb0[46]+012 TEXCOORD: 0.140625, 0.160766602
vb0[46]+016 TEXCOORD1: 0.100402832, 0.592285156
vb0[46]+020 TEXCOORD2: 0.188110352, 0.566894531
vb0[46]+000 TEXCOORD3: 0.768627465, 0.223529413, 0.00392156886, 0.196078435
vb0[46]+028 TANGENT: 0.637795269, 0, 0.771653533, 1

vb0[47]+000 POSITION: 0.710449219, 0.375, -0.583007813, 1
vb0[47]+008 NORMAL: -0.771653533, -0.11023622, 0.629921257, 0
vb0[47]+000 COLOR: 0.686274529, 0.223529413, 0, 0.211764708
vb0[47]+012 TEXCOORD: 0.140625, 0.3046875
vb0[47]+016 TEXCOORD1: 0.211914063, 0.56640625
vb0[47]+020 TEXCOORD2: 0.299560547, 0.542480469
vb0[47]+000 TEXCOORD3: 0.686274529, 0.223529413, 0, 0.211764708
vb0[47]+028 TANGENT: 0.637795269, 0, 0.771653533, 1

vb0[48]+000 POSITION: 0.778808594, 0, -0.520507813, 1
vb0[48]+008 NORMAL: -0.834645689, -0.0236220472, 0.55905509, 0
vb0[48]+000 COLOR: 0.23137255, 0.227450982, 0, 0
vb0[48]+012 TEXCOORD: 0.15625, -0
vb0[48]+016 TEXCOORD1: 0.00450897217, 0.564453125
vb0[48]+020 TEXCOORD2: 0.00494766235, 0.557617188
vb0[48]+000 TEXCOORD3: 0.23137255, 0.227450982, 0, 0
vb0[48]+028 TANGENT: 0.55905509, 0, 0.834645689, 1

vb0[49]+000 POSITION: 0.775390625, 0.18762207, -0.518066406, 1
vb0[49]+008 NORMAL: -0.826771677, -0.0472440943, 0.551181078, 0
vb0[49]+000 COLOR: 0.203921571, 0.227450982, 0.00392156886, 0.196078435
vb0[49]+012 TEXCOORD: 0.15625, 0.160766602
vb0[49]+016 TEXCOORD1: 0.0930786133, 0.552734375
vb0[49]+020 TEXCOORD2: 0.18347168, 0.536132813
vb0[49]+000 TEXCOORD3: 0.203921571, 0.227450982, 0.00392156886, 0.196078435
vb0[49]+028 TANGENT: 0.55905509, 0, 0.834645689, 1

vb0[50]+000 POSITION: 0.826171875, 0, -0.441650391, 1
vb0[50]+008 NORMAL: -0.88188976, -0.0236220472, 0.472440958, 0
vb0[50]+000 COLOR: 0.611764729, 0.227450982, 0, 0
vb0[50]+012 TEXCOORD: 0.171875, -0
vb0[50]+016 TEXCOORD1: 0.0010433197, 0.515625
vb0[50]+020 TEXCOORD2: 0.00306510925, 0.509277344
vb0[50]+000 TEXCOORD3: 0.611764729, 0.227450982, 0, 0
vb0[50]+028 TANGENT: 0.472440958, 0, 0.88188976, 1

vb0[51]+000 POSITION: 0.822265625, 0.18762207, -0.439453125, 1
vb0[51]+008 NORMAL: -0.88188976, -0.0472440943, 0.472440958, 0
vb0[51]+000 COLOR: 0.580392182, 0.227450982, 0.00392156886, 0.196078435
vb0[51]+012 TEXCOORD: 0.171875, 0.160766602
vb0[51]+016 TEXCOORD1: 0.0897216797, 0.513183594
vb0[51]+020 TEXCOORD2: 0.181762695, 0.505371094
vb0[51]+000 TEXCOORD3: 0.580392182, 0.227450982, 0.00392156886, 0.196078435
vb0[51]+028 TANGENT: 0.472440958, 0, 0.88188976, 1

vb0[52]+000 POSITION: 0.764160156, 0.375, -0.510742188, 1
vb0[52]+008 NORMAL: -0.826771677, -0.11023622, 0.551181078, 0
vb0[52]+000 COLOR: 0.113725491, 0.227450982, 0, 0.211764708
vb0[52]+012 TEXCOORD: 0.15625, 0.3046875
vb0[52]+016 TEXCOORD1: 0.206298828, 0.538085938
vb0[52]+020 TEXCOORD2: 0.295898438, 0.522949219
vb0[52]+000 TEXCOORD3: 0.113725491, 0.227450982, 0, 0.211764708
vb0[52]+028 TANGENT: 0.55905509, 0, 0.834645689, 1

vb0[53]+000 POSITION: 0.865722656, 0, -0.358642578, 1
vb0[53]+008 NORMAL: -0.92125982, -0.0236220472, 0.385826766, 0
vb0[53]+000 COLOR: 0.929411769, 0.227450982, 0, 0
vb0[53]+012 TEXCOORD: 0.1875, -0
vb0[53]+016 TEXCOORD1: 0.00227737427, 0.467529297
vb0[53]+020 TEXCOORD2: 0.00581741333, 0.461425781
vb0[53]+000 TEXCOORD3: 0.929411769, 0.227450982, 0, 0
vb0[53]+028 TANGENT: 0.385826766, 0, 0.92125982, 1

vb0[54]+000 POSITION: 0.861328125, 0.18762207, -0.356933594, 1
vb0[54]+008 NORMAL: -0.92125982, -0.0472440943, 0.385826766, 0
vb0[54]+000 COLOR: 0.894117653, 0.227450982, 0.00392156886, 0.196078435
vb0[54]+012 TEXCOORD: 0.1875, 0.160766602
vb0[54]+016 TEXCOORD1: 0.0901489258, 0.473388672
vb0[54]+020 TEXCOORD2: 0.183105469, 0.474609375
vb0[54]+000 TEXCOORD3: 0.894117653, 0.227450982, 0.00392156886, 0.196078435
vb0[54]+028 TANGENT: 0.385826766, 0, 0.92125982, 1

vb0[55]+000 POSITION: 0.810546875, 0.375, -0.433105469, 1
vb0[55]+008 NORMAL: -0.874015749, -0.11023622, 0.472440958, 0
vb0[55]+000 COLOR: 0.486274511, 0.227450982, 0, 0.211764708
vb0[55]+012 TEXCOORD: 0.171875, 0.3046875
vb0[55]+016 TEXCOORD1: 0.203491211, 0.509765625
vb0[55]+020 TEXCOORD2: 0.294189453, 0.502929688
vb0[55]+000 TEXCOORD3: 0.486274511, 0.227450982, 0, 0.211764708
vb0[55]+028 TANGENT: 0.472440958, 0, 0.88188976, 1

vb0[56]+000 POSITION: 0.896484375, 0, -0.271972656, 1
vb0[56]+008 NORMAL: -0.952755928, -0.0236220472, 0.291338593, 0
vb0[56]+000 COLOR: 0.172549024, 0.23137255, 0, 0
vb0[56]+012 TEXCOORD: 0.203125, -0
vb0[56]+016 TEXCOORD1: 0.00811004639, 0.419677734
vb0[56]+020 TEXCOORD2: 0.0130462646, 0.414306641
vb0[56]+000 TEXCOORD3: 0.172549024, 0.23137255, 0, 0
vb0[56]+028 TANGENT: 0.291338593, 0, 0.96062994, 1

vb0[57]+000 POSITION: 0.892089844, 0.18762207, -0.270751953, 1
vb0[57]+008 NORMAL: -0.952755928, -0.0472440943, 0.291338593, 0
vb0[57]+000 COLOR: 0.137254909, 0.23137255, 0.00392156886, 0.196078435
vb0[57]+012 TEXCOORD: 0.203125, 0.160766602
vb0[57]+016 TEXCOORD1: 0.0944824219, 0.434082031
vb0[57]+020 TEXCOORD2: 0.18737793, 0.444335938
vb0[57]+000 TEXCOORD3: 0.137254909, 0.23137255, 0.00392156886, 0.196078435
vb0[57]+028 TANGENT: 0.291338593, 0, 0.96062994, 1

vb0[58]+000 POSITION: 0.849121094, 0.375, -0.3515625, 1
vb0[58]+008 NORMAL: -0.92125982, -0.11023622, 0.377952754, 0
vb0[58]+000 COLOR: 0.796078444, 0.227450982, 0, 0.211764708
vb0[58]+012 TEXCOORD: 0.1875, 0.3046875
vb0[58]+016 TEXCOORD1: 0.203491211, 0.480957031
vb0[58]+020 TEXCOORD2: 0.294677734, 0.483154297
vb0[58]+000 TEXCOORD3: 0.796078444, 0.227450982, 0, 0.211764708
vb0[58]+028 TANGENT: 0.385826766, 0, 0.92125982, 1

vb0[59]+000 POSITION: 0.918945313, 0, -0.182739258, 1
vb0[59]+008 NORMAL: -0.984251976, -0.0236220472, 0.196850389, 0
vb0[59]+000 COLOR: 0.352941185, 0.23137255, 0, 0
vb0[59]+012 TEXCOORD: 0.21875, -0
vb0[59]+016 TEXCOORD1: 0.0184020996, 0.373046875
vb0[59]+020 TEXCOORD2: 0.024520874, 0.368164063
vb0[59]+000 TEXCOORD3: 0.352941185, 0.23137255, 0, 0
vb0[59]+028 TANGENT: 0.196850389, 0, 0.984251976, 1

vb0[60]+000 POSITION: 0.914550781, 0.18762207, -0.181884766, 1
vb0[60]+008 NORMAL: -0.976377964, -0.0472440943, 0.196850389, 0
vb0[60]+000 COLOR: 0.31764707, 0.23137255, 0.00392156886, 0.196078435
vb0[60]+012 TEXCOORD: 0.21875, 0.160766602
vb0[60]+016 TEXCOORD1: 0.102539063, 0.395263672
vb0[60]+020 TEXCOORD2: 0.194335938, 0.414794922
vb0[60]+000 TEXCOORD3: 0.31764707, 0.23137255, 0.00392156886, 0.196078435
vb0[60]+028 TANGENT: 0.196850389, 0, 0.984251976, 1

vb0[61]+000 POSITION: 0.879394531, 0.375, -0.266845703, 1
vb0[61]+008 NORMAL: -0.952755928, -0.11023622, 0.291338593, 0
vb0[61]+000 COLOR: 0.0352941193, 0.23137255, 0, 0.211764708
vb0[61]+012 TEXCOORD: 0.203125, 0.3046875
vb0[61]+016 TEXCOORD1: 0.206298828, 0.452392578
vb0[61]+020 TEXCOORD2: 0.296875, 0.463378906
vb0[61]+000 TEXCOORD3: 0.0352941193, 0.23137255, 0, 0.211764708
vb0[61]+028 TANGENT: 0.291338593, 0, 0.96062994, 1

vb0[62]+000 POSITION: 0.932617188, 0, -0.0918579102, 1
vb0[62]+008 NORMAL: -0.992125988, -0.0236220472, 0.0944881886, 0
vb0[62]+000 COLOR: 0.4627451, 0.23137255, 0, 0
vb0[62]+012 TEXCOORD: 0.234375, -0
vb0[62]+016 TEXCOORD1: 0.0329589844, 0.327636719
vb0[62]+020 TEXCOORD2: 0.0399169922, 0.323730469
vb0[62]+000 TEXCOORD3: 0.4627451, 0.23137255, 0, 0
vb0[62]+028 TANGENT: 0.0944881886, 0, 0.992125988, 1

vb0[63]+000 POSITION: 0.927734375, 0.18762207, -0.0913696289, 1
vb0[63]+008 NORMAL: -0.992125988, -0.0472440943, 0.0944881886, 0
vb0[63]+000 COLOR: 0.423529416, 0.23137255, 0.00392156886, 0.196078435
vb0[63]+012 TEXCOORD: 0.234375, 0.160766602
vb0[63]+016 TEXCOORD1: 0.114379883, 0.357666016
vb0[63]+020 TEXCOORD2: 0.204223633, 0.386230469
vb0[63]+000 TEXCOORD3: 0.423529416, 0.23137255, 0.00392156886, 0.196078435
vb0[63]+028 TANGENT: 0.0944881886, 0, 0.992125988, 1

vb0[64]+000 POSITION: 0.901367188, 0.375, -0.179321289, 1
vb0[64]+008 NORMAL: -0.976377964, -0.11023622, 0.196850389, 0
vb0[64]+000 COLOR: 0.211764708, 0.23137255, 0, 0.211764708
vb0[64]+012 TEXCOORD: 0.21875, 0.3046875
vb0[64]+016 TEXCOORD1: 0.211669922, 0.424072266
vb0[64]+020 TEXCOORD2: 0.30078125, 0.444091797
vb0[64]+000 TEXCOORD3: 0.211764708, 0.23137255, 0, 0.211764708
vb0[64]+028 TANGENT: 0.196850389, 0, 0.984251976, 1

vb0[65]+000 POSITION: 0.937011719, 0, 2.2958874e-41, 1
vb0[65]+008 NORMAL: -1, -0.0236220472, 0, 0
vb0[65]+000 COLOR: 0.498039216, 0.23137255, 0, 0
vb0[65]+012 TEXCOORD: 0.25, -0
vb0[65]+016 TEXCOORD1: 0.0514526367, 0.283935547
vb0[65]+020 TEXCOORD2: 0.0588378906, 0.280761719
vb0[65]+000 TEXCOORD3: 0.498039216, 0.23137255, 0, 0
vb0[65]+028 TANGENT: 0, 0, 1, 1

vb0[66]+000 POSITION: 0.932617188, 0.18762207, 0, 1
vb0[66]+008 NORMAL: -1, -0.0472440943, 0, 0
vb0[66]+000 COLOR: 0.4627451, 0.23137255, 0.00392156886, 0.196078435
vb0[66]+012 TEXCOORD: 0.25, 0.160766602
vb0[66]+016 TEXCOORD1: 0.129638672, 0.321533203
vb0[66]+020 TEXCOORD2: 0.216308594, 0.358398438
vb0[66]+000 TEXCOORD3: 0.4627451, 0.23137255, 0.00392156886, 0.196078435
vb0[66]+028 TANGENT: 0, 0, 1, 1

vb0[67]+000 POSITION: 0.914550781, 0.375, -0.0900878906, 1
vb0[67]+008 NORMAL: -0.992125988, -0.11023622, 0.0944881886, 0
vb0[67]+000 COLOR: 0.31764707, 0.23137255, 0, 0.211764708
vb0[67]+012 TEXCOORD: 0.234375, 0.3046875
vb0[67]+016 TEXCOORD1: 0.219970703, 0.396728516
vb0[67]+020 TEXCOORD2: 0.306640625, 0.425292969
vb0[67]+000 TEXCOORD3: 0.31764707, 0.23137255, 0, 0.211764708
vb0[67]+028 TANGENT: 0.0944881886, 0, 0.992125988, 1

vb0[68]+000 POSITION: 0.932617188, 0, 0.0918579102, 1
vb0[68]+008 NORMAL: -0.992125988, -0.0236220472, -0.0944881886, 0
vb0[68]+000 COLOR: 0.4627451, 0.23137255, 0, 0
vb0[68]+012 TEXCOORD: 0.265625, -0
vb0[68]+016 TEXCOORD1: 0.0740356445, 0.241821289
vb0[68]+020 TEXCOORD2: 0.0815429688, 0.239501953
vb0[68]+000 TEXCOORD3: 0.4627451, 0.23137255, 0, 0
vb0[68]+028 TANGENT: -0.0944881886, 0, 0.992125988, 1

vb0[69]+000 POSITION: 0.927734375, 0.18762207, 0.0913696289, 1
vb0[69]+008 NORMAL: -0.992125988, -0.0472440943, -0.0944881886, 0
vb0[69]+000 COLOR: 0.423529416, 0.23137255, 0.00392156886, 0.196078435
vb0[69]+012 TEXCOORD: 0.265625, 0.160766602
vb0[69]+016 TEXCOORD1: 0.14831543, 0.286865234
vb0[69]+020 TEXCOORD2: 0.230957031, 0.33203125
vb0[69]+000 TEXCOORD3: 0.423529416, 0.23137255, 0.00392156886, 0.196078435
vb0[69]+028 TANGENT: -0.0944881886, 0, 0.992125988, 1

vb0[70]+000 POSITION: 0.918945313, 0, 0.182739258, 1
vb0[70]+008 NORMAL: -0.984251976, -0.0236220472, -0.196850389, 0
vb0[70]+000 COLOR: 0.352941185, 0.23137255, 0, 0
vb0[70]+012 TEXCOORD: 0.28125, -0
vb0[70]+016 TEXCOORD1: 0.100524902, 0.202148438
vb0[70]+020 TEXCOORD2: 0.108032227, 0.200561523
vb0[70]+000 TEXCOORD3: 0.352941185, 0.23137255, 0, 0
vb0[70]+028 TANGENT: -0.196850389, 0, 0.984251976, 1

vb0[71]+000 POSITION: 0.914550781, 0.18762207, 0.181884766, 1
vb0[71]+008 NORMAL: -0.976377964, -0.0472440943, -0.196850389, 0
vb0[71]+000 COLOR: 0.31764707, 0.23137255, 0.00392156886, 0.196078435
vb0[71]+012 TEXCOORD: 0.28125, 0.160766602
vb0[71]+016 TEXCOORD1: 0.170410156, 0.254150391
vb0[71]+020 TEXCOORD2: 0.248168945, 0.307128906
vb0[71]+000 TEXCOORD3: 0.31764707, 0.23137255, 0.00392156886, 0.196078435
vb0[71]+028 TANGENT: -0.196850389, 0, 0.984251976, 1

vb0[72]+000 POSITION: 0.896484375, 0, 0.271972656, 1
vb0[72]+008 NORMAL: -0.952755928, -0.0236220472, -0.291338593, 0
vb0[72]+000 COLOR: 0.172549024, 0.23137255, 0, 0
vb0[72]+012 TEXCOORD: 0.296875, -0
vb0[72]+016 TEXCOORD1: 0.130737305, 0.165039063
vb0[72]+020 TEXCOORD2: 0.138183594, 0.164306641
vb0[72]+000 TEXCOORD3: 0.172549024, 0.23137255, 0, 0
vb0[72]+028 TANGENT: -0.291338593, 0, 0.96062994, 1

vb0[73]+000 POSITION: 0.892089844, 0.18762207, 0.270751953, 1
vb0[73]+008 NORMAL: -0.952755928, -0.0472440943, -0.291338593, 0
vb0[73]+000 COLOR: 0.137254909, 0.23137255, 0.00392156886, 0.196078435
vb0[73]+012 TEXCOORD: 0.296875, 0.160766602
vb0[73]+016 TEXCOORD1: 0.19543457, 0.223632813
vb0[73]+020 TEXCOORD2: 0.267578125, 0.283935547
vb0[73]+000 TEXCOORD3: 0.137254909, 0.23137255, 0.00392156886, 0.196078435
vb0[73]+028 TANGENT: -0.291338593, 0, 0.96062994, 1

vb0[74]+000 POSITION: 0.865722656, 0, 0.358642578, 1
vb0[74]+008 NORMAL: -0.92125982, -0.0236220472, -0.385826766, 0
vb0[74]+000 COLOR: 0.929411769, 0.227450982, 0, 0
vb0[74]+012 TEXCOORD: 0.3125, -0
vb0[74]+016 TEXCOORD1: 0.164428711, 0.131103516
vb0[74]+020 TEXCOORD2: 0.17175293, 0.130981445
vb0[74]+000 TEXCOORD3: 0.929411769, 0.227450982, 0, 0
vb0[74]+028 TANGENT: -0.385826766, 0, 0.92125982, 1

vb0[75]+000 POSITION: 0.861328125, 0.18762207, 0.356933594, 1
vb0[75]+008 NORMAL: -0.92125982, -0.0472440943, -0.385826766, 0
vb0[75]+000 COLOR: 0.894117653, 0.227450982, 0.00392156886, 0.196078435
vb0[75]+012 TEXCOORD: 0.3125, 0.160766602
vb0[75]+016 TEXCOORD1: 0.223266602, 0.195678711
vb0[75]+020 TEXCOORD2: 0.2890625, 0.262695313
vb0[75]+000 TEXCOORD3: 0.894117653, 0.227450982, 0.00392156886, 0.196078435
vb0[75]+028 TANGENT: -0.385826766, 0, 0.92125982, 1

vb0[76]+000 POSITION: 0.826171875, 0, 0.441650391, 1
vb0[76]+008 NORMAL: -0.88188976, -0.0236220472, -0.472440958, 0
vb0[76]+000 COLOR: 0.611764729, 0.227450982, 0, 0
vb0[76]+012 TEXCOORD: 0.328125, -0
vb0[76]+016 TEXCOORD1: 0.201293945, 0.100463867
vb0[76]+020 TEXCOORD2: 0.208374023, 0.101013184
vb0[76]+000 TEXCOORD3: 0.611764729, 0.227450982, 0, 0
vb0[76]+028 TANGENT: -0.472440958, 0, 0.88188976, 1

vb0[77]+000 POSITION: 0.822265625, 0.18762207, 0.439453125, 1
vb0[77]+008 NORMAL: -0.88188976, -0.0472440943, -0.472440958, 0
vb0[77]+000 COLOR: 0.580392182, 0.227450982, 0.00392156886, 0.196078435
vb0[77]+012 TEXCOORD: 0.328125, 0.160766602
vb0[77]+016 TEXCOORD1: 0.253662109, 0.170410156
vb0[77]+020 TEXCOORD2: 0.3125, 0.243530273
vb0[77]+000 TEXCOORD3: 0.580392182, 0.227450982, 0.00392156886, 0.196078435
vb0[77]+028 TANGENT: -0.472440958, 0, 0.88188976, 1

vb0[78]+000 POSITION: 0.778808594, 0, 0.520507813, 1
vb0[78]+008 NORMAL: -0.834645689, -0.0236220472, -0.55905509, 0
vb0[78]+000 COLOR: 0.23137255, 0.227450982, 0, 0
vb0[78]+012 TEXCOORD: 0.34375, -0
vb0[78]+016 TEXCOORD1: 0.240966797, 0.0735473633
vb0[78]+020 TEXCOORD2: 0.247802734, 0.0746459961
vb0[78]+000 TEXCOORD3: 0.23137255, 0.227450982, 0, 0
vb0[78]+028 TANGENT: -0.55905509, 0, 0.834645689, 1

vb0[79]+000 POSITION: 0.775390625, 0.18762207, 0.518066406, 1
vb0[79]+008 NORMAL: -0.826771677, -0.0472440943, -0.551181078, 0
vb0[79]+000 COLOR: 0.203921571, 0.227450982, 0.00392156886, 0.196078435
vb0[79]+012 TEXCOORD: 0.34375, 0.160766602
vb0[79]+016 TEXCOORD1: 0.286376953, 0.14831543
vb0[79]+020 TEXCOORD2: 0.337890625, 0.22668457
vb0[79]+000 TEXCOORD3: 0.203921571, 0.227450982, 0.00392156886, 0.196078435
vb0[79]+028 TANGENT: -0.55905509, 0, 0.834645689, 1

vb0[80]+000 POSITION: 0.724121094, 0, 0.594238281, 1
vb0[80]+008 NORMAL: -0.771653533, -0.0236220472, -0.637795269, 0
vb0[80]+000 COLOR: 0.796078444, 0.223529413, 0, 0
vb0[80]+012 TEXCOORD: 0.359375, -0
vb0[80]+016 TEXCOORD1: 0.282958984, 0.0505065918
vb0[80]+020 TEXCOORD2: 0.289550781, 0.0520935059
vb0[80]+000 TEXCOORD3: 0.796078444, 0.223529413, 0, 0
vb0[80]+028 TANGENT: -0.637795269, 0, 0.771653533, 1

vb0[81]+000 POSITION: 0.720703125, 0.18762207, 0.591308594, 1
vb0[81]+008 NORMAL: -0.771653533, -0.0472440943, -0.629921257, 0
vb0[81]+000 COLOR: 0.768627465, 0.223529413, 0.00392156886, 0.196078435
vb0[81]+012 TEXCOORD: 0.359375, 0.160766602
vb0[81]+016 TEXCOORD1: 0.321044922, 0.129394531
vb0[81]+020 TEXCOORD2: 0.364501953, 0.212280273
vb0[81]+000 TEXCOORD3: 0.768627465, 0.223529413, 0.00392156886, 0.196078435
vb0[81]+028 TANGENT: -0.637795269, 0, 0.771653533, 1

vb0[82]+000 POSITION: 0.662597656, 0, 0.662597656, 1
vb0[82]+008 NORMAL: -0.708661437, -0.0236220472, -0.708661437, 0
vb0[82]+000 COLOR: 0.301960796, 0.223529413, 0, 0
vb0[82]+012 TEXCOORD: 0.375, -0
vb0[82]+016 TEXCOORD1: 0.327148438, 0.0316162109
vb0[82]+020 TEXCOORD2: 0.333251953, 0.0335693359
vb0[82]+000 TEXCOORD3: 0.301960796, 0.223529413, 0, 0
vb0[82]+028 TANGENT: -0.708661437, 0, 0.708661437, 1

vb0[83]+000 POSITION: 0.659179688, 0.18762207, 0.659179688, 1
vb0[83]+008 NORMAL: -0.708661437, -0.0472440943, -0.708661437, 0
vb0[83]+000 COLOR: 0.274509817, 0.223529413, 0.00392156886, 0.196078435
vb0[83]+012 TEXCOORD: 0.375, 0.160766602
vb0[83]+016 TEXCOORD1: 0.357666016, 0.114013672
vb0[83]+020 TEXCOORD2: 0.392578125, 0.200561523
vb0[83]+000 TEXCOORD3: 0.274509817, 0.223529413, 0.00392156886, 0.196078435
vb0[83]+028 TANGENT: -0.708661437, 0, 0.708661437, 1

vb0[84]+000 POSITION: 0.594238281, 0, 0.724121094, 1
vb0[84]+008 NORMAL: -0.637795269, -0.0236220472, -0.771653533, 0
vb0[84]+000 COLOR: 0.75686276, 0.219607845, 0, 0
vb0[84]+012 TEXCOORD: 0.390625, -0
vb0[84]+016 TEXCOORD1: 0.373046875, 0.0170288086
vb0[84]+020 TEXCOORD2: 0.378662109, 0.0192871094
vb0[84]+000 TEXCOORD3: 0.75686276, 0.219607845, 0, 0
vb0[84]+028 TANGENT: -0.771653533, 0, 0.637795269, 1

vb0[85]+000 POSITION: 0.591308594, 0.18762207, 0.720703125, 1
vb0[85]+008 NORMAL: -0.629921257, -0.0472440943, -0.771653533, 0
vb0[85]+000 COLOR: 0.733333349, 0.219607845, 0.00392156886, 0.196078435
vb0[85]+012 TEXCOORD: 0.390625, 0.160766602
vb0[85]+016 TEXCOORD1: 0.395507813, 0.102172852
vb0[85]+020 TEXCOORD2: 0.421630859, 0.19152832
vb0[85]+000 TEXCOORD3: 0.733333349, 0.219607845, 0.00392156886, 0.196078435
vb0[85]+028 TANGENT: -0.771653533, 0, 0.637795269, 1

vb0[86]+000 POSITION: 0.649902344, 0.375, 0.649902344, 1
vb0[86]+008 NORMAL: -0.700787425, -0.11023622, -0.700787425, 0
vb0[86]+000 COLOR: 0.200000003, 0.223529413, 0, 0.211764708
vb0[86]+012 TEXCOORD: 0.375, 0.3046875
vb0[86]+016 TEXCOORD1: 0.396972656, 0.220458984
vb0[86]+020 TEXCOORD2: 0.429931641, 0.305175781
vb0[86]+000 TEXCOORD3: 0.200000003, 0.223529413, 0, 0.211764708
vb0[86]+028 TANGENT: -0.708661437, 0, 0.708661437, 1

vb0[87]+000 POSITION: 0.710449219, 0.375, 0.583007813, 1
vb0[87]+008 NORMAL: -0.771653533, -0.11023622, -0.629921257, 0
vb0[87]+000 COLOR: 0.686274529, 0.223529413, 0, 0.211764708
vb0[87]+012 TEXCOORD: 0.359375, 0.3046875
vb0[87]+016 TEXCOORD1: 0.370605469, 0.231567383
vb0[87]+020 TEXCOORD2: 0.411621094, 0.312744141
vb0[87]+000 TEXCOORD3: 0.686274529, 0.223529413, 0, 0.211764708
vb0[87]+028 TANGENT: -0.637795269, 0, 0.771653533, 1

vb0[88]+000 POSITION: 0.520507813, 0, 0.778808594, 1
vb0[88]+008 NORMAL: -0.55905509, -0.0236220472, -0.834645689, 0
vb0[88]+000 COLOR: 0.164705887, 0.219607845, 0, 0
vb0[88]+012 TEXCOORD: 0.40625, -0
vb0[88]+016 TEXCOORD1: 0.420166016, 0.00693130493
vb0[88]+020 TEXCOORD2: 0.425292969, 0.00943756104
vb0[88]+000 TEXCOORD3: 0.164705887, 0.219607845, 0, 0
vb0[88]+028 TANGENT: -0.834645689, 0, 0.55905509, 1

vb0[89]+000 POSITION: 0.518066406, 0.18762207, 0.775390625, 1
vb0[89]+008 NORMAL: -0.551181078, -0.0472440943, -0.826771677, 0
vb0[89]+000 COLOR: 0.145098045, 0.219607845, 0.00392156886, 0.196078435
vb0[89]+012 TEXCOORD: 0.40625, 0.160766602
vb0[89]+016 TEXCOORD1: 0.434326172, 0.0939941406
vb0[89]+020 TEXCOORD2: 0.451660156, 0.185302734
vb0[89]+000 TEXCOORD3: 0.145098045, 0.219607845, 0.00392156886, 0.196078435
vb0[89]+028 TANGENT: -0.834645689, 0, 0.55905509, 1

vb0[90]+000 POSITION: 0.441650391, 0, 0.826171875, 1
vb0[90]+008 NORMAL: -0.472440958, -0.0236220472, -0.88188976, 0
vb0[90]+000 COLOR: 0.0666666701, 0.215686277, 0, 0
vb0[90]+012 TEXCOORD: 0.421875, -0
vb0[90]+016 TEXCOORD1: 0.468017578, 0.00145530701
vb0[90]+020 TEXCOORD2: 0.472900391, 0.00414276123
vb0[90]+000 TEXCOORD3: 0.0666666701, 0.215686277, 0, 0
vb0[90]+028 TANGENT: -0.88188976, 0, 0.472440958, 1

vb0[91]+000 POSITION: 0.439453125, 0.18762207, 0.822265625, 1
vb0[91]+008 NORMAL: -0.472440958, -0.0472440943, -0.88188976, 0
vb0[91]+000 COLOR: 0.0313725509, 0.215686277, 0.00392156886, 0.196078435
vb0[91]+012 TEXCOORD: 0.421875, 0.160766602
vb0[91]+016 TEXCOORD1: 0.473632813, 0.0896606445
vb0[91]+020 TEXCOORD2: 0.481933594, 0.182128906
vb0[91]+000 TEXCOORD3: 0.0313725509, 0.215686277, 0.00392156886, 0.196078435
vb0[91]+028 TANGENT: -0.88188976, 0, 0.472440958, 1

vb0[92]+000 POSITION: 0.583007813, 0.375, 0.710449219, 1
vb0[92]+008 NORMAL: -0.629921257, -0.11023622, -0.771653533, 0
vb0[92]+000 COLOR: 0.666666687, 0.219607845, 0, 0.211764708
vb0[92]+012 TEXCOORD: 0.390625, 0.3046875
vb0[92]+016 TEXCOORD1: 0.424316406, 0.212036133
vb0[92]+020 TEXCOORD2: 0.448730469, 0.299560547
vb0[92]+000 TEXCOORD3: 0.666666687, 0.219607845, 0, 0.211764708
vb0[92]+028 TANGENT: -0.771653533, 0, 0.637795269, 1

vb0[93]+000 POSITION: 0.358642578, 0, 0.865722656, 1
vb0[93]+008 NORMAL: -0.385826766, -0.0236220472, -0.92125982, 0
vb0[93]+000 COLOR: 0.741176486, 0.20784314, 0, 0
vb0[93]+012 TEXCOORD: 0.4375, -0
vb0[93]+016 TEXCOORD1: 0.516601563, 0.000668048859
vb0[93]+020 TEXCOORD2: 0.520996094, 0.00349807739
vb0[93]+000 TEXCOORD3: 0.741176486, 0.20784314, 0, 0
vb0[93]+028 TANGENT: -0.92125982, 0, 0.385826766, 1

vb0[94]+000 POSITION: 0.356933594, 0.18762207, 0.861328125, 1
vb0[94]+008 NORMAL: -0.385826766, -0.0472440943, -0.92125982, 0
vb0[94]+000 COLOR: 0.713725507, 0.20784314, 0.00392156886, 0.196078435
vb0[94]+012 TEXCOORD: 0.4375, 0.160766602
vb0[94]+016 TEXCOORD1: 0.513671875, 0.0891723633
vb0[94]+020 TEXCOORD2: 0.512695313, 0.181762695
vb0[94]+000 TEXCOORD3: 0.713725507, 0.20784314, 0.00392156886, 0.196078435
vb0[94]+028 TANGENT: -0.92125982, 0, 0.385826766, 1

vb0[95]+000 POSITION: 0.510742188, 0.375, 0.764160156, 1
vb0[95]+008 NORMAL: -0.551181078, -0.11023622, -0.826771677, 0
vb0[95]+000 COLOR: 0.0862745121, 0.219607845, 0, 0.211764708
vb0[95]+012 TEXCOORD: 0.40625, 0.3046875
vb0[95]+016 TEXCOORD1: 0.452392578, 0.206298828
vb0[95]+020 TEXCOORD2: 0.468261719, 0.295654297
vb0[95]+000 TEXCOORD3: 0.0862745121, 0.219607845, 0, 0.211764708
vb0[95]+028 TANGENT: -0.834645689, 0, 0.55905509, 1

vb0[96]+000 POSITION: 0.271972656, 0, 0.896484375, 1
vb0[96]+008 NORMAL: -0.291338593, -0.0236220472, -0.952755928, 0
vb0[96]+000 COLOR: 0.352941185, 0.203921571, 0, 0
vb0[96]+012 TEXCOORD: 0.453125, -0
vb0[96]+016 TEXCOORD1: 0.564941406, 0.0046005249
vb0[96]+020 TEXCOORD2: 0.568847656, 0.00754165649
vb0[96]+000 TEXCOORD3: 0.352941185, 0.203921571, 0, 0
vb0[96]+028 TANGENT: -0.96062994, 0, 0.291338593, 1

vb0[97]+000 POSITION: 0.270751953, 0.18762207, 0.892089844, 1
vb0[97]+008 NORMAL: -0.291338593, -0.0472440943, -0.952755928, 0
vb0[97]+000 COLOR: 0.333333343, 0.203921571, 0.00392156886, 0.196078435
vb0[97]+012 TEXCOORD: 0.453125, 0.160766602
vb0[97]+016 TEXCOORD1: 0.553222656, 0.092590332
vb0[97]+020 TEXCOORD2: 0.543457031, 0.184448242
vb0[97]+000 TEXCOORD3: 0.333333343, 0.203921571, 0.00392156886, 0.196078435
vb0[97]+028 TANGENT: -0.96062994, 0, 0.291338593, 1

vb0[98]+000 POSITION: 0.433105469, 0.375, 0.810546875, 1
vb0[98]+008 NORMAL: -0.472440958, -0.11023622, -0.874015749, 0
vb0[98]+000 COLOR: 0.933333337, 0.211764708, 0, 0.211764708
vb0[98]+012 TEXCOORD: 0.421875, 0.3046875
vb0[98]+016 TEXCOORD1: 0.480957031, 0.20324707
vb0[98]+020 TEXCOORD2: 0.488037109, 0.293701172
vb0[98]+000 TEXCOORD3: 0.933333337, 0.211764708, 0, 0.211764708
vb0[98]+028 TANGENT: -0.88188976, 0, 0.472440958, 1

vb0[99]+000 POSITION: 0.182739258, 0, 0.918945313, 1
vb0[99]+008 NORMAL: -0.196850389, -0.0236220472, -0.984251976, 0
vb0[99]+000 COLOR: 0.850980401, 0.192156866, 0, 0
vb0[99]+012 TEXCOORD: 0.46875, -0
vb0[99]+016 TEXCOORD1: 0.612304688, 0.0132369995
vb0[99]+020 TEXCOORD2: 0.616210938, 0.0162658691
vb0[99]+000 TEXCOORD3: 0.850980401, 0.192156866, 0, 0
vb0[99]+028 TANGENT: -0.984251976, 0, 0.196850389, 1

vb0[100]+000 POSITION: 0.181884766, 0.18762207, 0.914550781, 1
vb0[100]+008 NORMAL: -0.196850389, -0.0472440943, -0.976377964, 0
vb0[100]+000 COLOR: 0.823529422, 0.192156866, 0.00392156886, 0.196078435
vb0[100]+012 TEXCOORD: 0.46875, 0.160766602
vb0[100]+016 TEXCOORD1: 0.592285156, 0.0998535156
vb0[100]+020 TEXCOORD2: 0.573730469, 0.190185547
vb0[100]+000 TEXCOORD3: 0.823529422, 0.192156866, 0.00392156886, 0.196078435
vb0[100]+028 TANGENT: -0.984251976, 0, 0.196850389, 1

vb0[101]+000 POSITION: 0.3515625, 0.375, 0.849121094, 1
vb0[101]+008 NORMAL: -0.377952754, -0.11023622, -0.92125982, 0
vb0[101]+000 COLOR: 0.627451003, 0.20784314, 0, 0.211764708
vb0[101]+012 TEXCOORD: 0.4375, 0.3046875
vb0[101]+016 TEXCOORD1: 0.509765625, 0.20300293
vb0[101]+020 TEXCOORD2: 0.5078125, 0.293701172
vb0[101]+000 TEXCOORD3: 0.627451003, 0.20784314, 0, 0.211764708
vb0[101]+028 TANGENT: -0.92125982, 0, 0.385826766, 1

vb0[102]+000 POSITION: 0.0918579102, 0, 0.932617188, 1
vb0[102]+008 NORMAL: -0.0944881886, -0.0236220472, -0.992125988, 0
vb0[102]+000 COLOR: 0.882352948, 0.176470593, 0, 0
vb0[102]+012 TEXCOORD: 0.484375, -0
vb0[102]+016 TEXCOORD1: 0.659179688, 0.0265045166
vb0[102]+020 TEXCOORD2: 0.662597656, 0.0296020508
vb0[102]+000 TEXCOORD3: 0.882352948, 0.176470593, 0, 0
vb0[102]+028 TANGENT: -0.992125988, 0, 0.0944881886, 1

vb0[103]+000 POSITION: 0.0913696289, 0.18762207, 0.927734375, 1
vb0[103]+008 NORMAL: -0.0944881886, -0.0472440943, -0.992125988, 0
vb0[103]+000 COLOR: 0.850980401, 0.176470593, 0.00392156886, 0.196078435
vb0[103]+012 TEXCOORD: 0.484375, 0.160766602
vb0[103]+016 TEXCOORD1: 0.630371094, 0.110900879
vb0[103]+020 TEXCOORD2: 0.603027344, 0.198852539
vb0[103]+000 TEXCOORD3: 0.850980401, 0.176470593, 0.00392156886, 0.196078435
vb0[103]+028 TANGENT: -0.992125988, 0, 0.0944881886, 1

vb0[104]+000 POSITION: 0.266845703, 0.375, 0.879394531, 1
vb0[104]+008 NORMAL: -0.291338593, -0.11023622, -0.952755928, 0
vb0[104]+000 COLOR: 0.270588249, 0.203921571, 0, 0.211764708
vb0[104]+012 TEXCOORD: 0.453125, 0.3046875
vb0[104]+016 TEXCOORD1: 0.538085938, 0.205566406
vb0[104]+020 TEXCOORD2: 0.52734375, 0.295654297
vb0[104]+000 TEXCOORD3: 0.270588249, 0.203921571, 0, 0.211764708
vb0[104]+028 TANGENT: -0.96062994, 0, 0.291338593, 1

vb0[105]+000 POSITION: 0, 0, 0.937011719, 1
vb0[105]+008 NORMAL: 0, -0.0236220472, -1, 0
vb0[105]+000 COLOR: 0, 0, 0, 0
vb0[105]+012 TEXCOORD: 0.5, -0
vb0[105]+016 TEXCOORD1: 0.704101563, 0.0443115234
vb0[105]+020 TEXCOORD2: 0.707519531, 0.047454834
vb0[105]+000 TEXCOORD3: 0, 0, 0, 0
vb0[105]+028 TANGENT: -1, 0, 0, 1

vb0[106]+000 POSITION: 0, 0.18762207, 0.932617188, 1
vb0[106]+008 NORMAL: 0, -0.0472440943, -1, 0
vb0[106]+000 COLOR: 0, 0, 0.00392156886, 0.196078435
vb0[106]+012 TEXCOORD: 0.5, 0.160766602
vb0[106]+016 TEXCOORD1: 0.667480469, 0.125610352
vb0[106]+020 TEXCOORD2: 0.631835938, 0.210327148
vb0[106]+000 TEXCOORD3: 0, 0, 0.00392156886, 0.196078435
vb0[106]+028 TANGENT: -1, 0, 0, 1

vb0[107]+000 POSITION: 0.179321289, 0.375, 0.901367188, 1
vb0[107]+008 NORMAL: -0.196850389, -0.11023622, -0.976377964, 0
vb0[107]+000 COLOR: 0.741176486, 0.192156866, 0, 0.211764708
vb0[107]+012 TEXCOORD: 0.46875, 0.3046875
vb0[107]+016 TEXCOORD1: 0.56640625, 0.2109375
vb0[107]+020 TEXCOORD2: 0.546875, 0.299560547
vb0[107]+000 TEXCOORD3: 0.741176486, 0.192156866, 0, 0.211764708
vb0[107]+028 TANGENT: -0.984251976, 0, 0.196850389, 1

vb0[108]+000 POSITION: 0.0900878906, 0.375, 0.914550781, 1
vb0[108]+008 NORMAL: -0.0944881886, -0.11023622, -0.992125988, 0
vb0[108]+000 COLOR: 0.768627465, 0.176470593, 0, 0.211764708
vb0[108]+012 TEXCOORD: 0.484375, 0.3046875
vb0[108]+016 TEXCOORD1: 0.594238281, 0.218994141
vb0[108]+020 TEXCOORD2: 0.565917969, 0.305419922
vb0[108]+000 TEXCOORD3: 0.768627465, 0.176470593, 0, 0.211764708
vb0[108]+028 TANGENT: -0.992125988, 0, 0.0944881886, 1

vb0[109]+000 POSITION: -0.0918579102, 0, 0.932617188, 1
vb0[109]+008 NORMAL: 0.0944881886, -0.0236220472, -0.992125988, 0
vb0[109]+000 COLOR: 0.882352948, 0.678431392, 0, 0
vb0[109]+012 TEXCOORD: 0.515625, -0
vb0[109]+016 TEXCOORD1: 0.747558594, 0.0664672852
vb0[109]+020 TEXCOORD2: 0.750488281, 0.0697021484
vb0[109]+000 TEXCOORD3: 0.882352948, 0.678431392, 0, 0
vb0[109]+028 TANGENT: -0.992125988, 0, -0.0944881886, 1

vb0[110]+000 POSITION: -0.0913696289, 0.18762207, 0.927734375, 1
vb0[110]+008 NORMAL: 0.0944881886, -0.0472440943, -0.992125988, 0
vb0[110]+000 COLOR: 0.850980401, 0.678431392, 0.00392156886, 0.196078435
vb0[110]+012 TEXCOORD: 0.515625, 0.160766602
vb0[110]+016 TEXCOORD1: 0.703125, 0.143920898
vb0[110]+020 TEXCOORD2: 0.659179688, 0.224609375
vb0[110]+000 TEXCOORD3: 0.850980401, 0.678431392, 0.00392156886, 0.196078435
vb0[110]+028 TANGENT: -0.992125988, 0, -0.0944881886, 1

vb0[111]+000 POSITION: -0.182739258, 0, 0.918945313, 1
vb0[111]+008 NORMAL: 0.196850389, -0.0236220472, -0.984251976, 0
vb0[111]+000 COLOR: 0.850980401, 0.694117665, 0, 0
vb0[111]+012 TEXCOORD: 0.53125, -0
vb0[111]+016 TEXCOORD1: 0.788574219, 0.0928344727
vb0[111]+020 TEXCOORD2: 0.791503906, 0.0960693359
vb0[111]+000 TEXCOORD3: 0.850980401, 0.694117665, 0, 0
vb0[111]+028 TANGENT: -0.984251976, 0, -0.196850389, 1

vb0[112]+000 POSITION: -0.181884766, 0.18762207, 0.914550781, 1
vb0[112]+008 NORMAL: 0.196850389, -0.0472440943, -0.976377964, 0
vb0[112]+000 COLOR: 0.823529422, 0.694117665, 0.00392156886, 0.196078435
vb0[112]+012 TEXCOORD: 0.53125, 0.160766602
vb0[112]+016 TEXCOORD1: 0.736816406, 0.165771484
vb0[112]+020 TEXCOORD2: 0.685058594, 0.241455078
vb0[112]+000 TEXCOORD3: 0.823529422, 0.694117665, 0.00392156886, 0.196078435
vb0[112]+028 TANGENT: -0.984251976, 0, -0.196850389, 1

vb0[113]+000 POSITION: -0.271972656, 0, 0.896484375, 1
vb0[113]+008 NORMAL: 0.291338593, -0.0236220472, -0.952755928, 0
vb0[113]+000 COLOR: 0.352941185, 0.70588237, 0, 0
vb0[113]+012 TEXCOORD: 0.546875, -0
vb0[113]+016 TEXCOORD1: 0.827148438, 0.12310791
vb0[113]+020 TEXCOORD2: 0.829589844, 0.126342773
vb0[113]+000 TEXCOORD3: 0.352941185, 0.70588237, 0, 0
vb0[113]+028 TANGENT: -0.96062994, 0, -0.291338593, 1

vb0[114]+000 POSITION: -0.270751953, 0.18762207, 0.892089844, 1
vb0[114]+008 NORMAL: 0.291338593, -0.0472440943, -0.952755928, 0
vb0[114]+000 COLOR: 0.333333343, 0.70588237, 0.00392156886, 0.196078435
vb0[114]+012 TEXCOORD: 0.546875, 0.160766602
vb0[114]+016 TEXCOORD1: 0.768066406, 0.190673828
vb0[114]+020 TEXCOORD2: 0.709472656, 0.260986328
vb0[114]+000 TEXCOORD3: 0.333333343, 0.70588237, 0.00392156886, 0.196078435
vb0[114]+028 TANGENT: -0.96062994, 0, -0.291338593, 1

vb0[115]+000 POSITION: -0.358642578, 0, 0.865722656, 1
vb0[115]+008 NORMAL: 0.385826766, -0.0236220472, -0.92125982, 0
vb0[115]+000 COLOR: 0.741176486, 0.709803939, 0, 0
vb0[115]+012 TEXCOORD: 0.5625, -0
vb0[115]+016 TEXCOORD1: 0.862304688, 0.156982422
vb0[115]+020 TEXCOORD2: 0.864746094, 0.160400391
vb0[115]+000 TEXCOORD3: 0.741176486, 0.709803939, 0, 0
vb0[115]+028 TANGENT: -0.92125982, 0, -0.385826766, 1

vb0[116]+000 POSITION: -0.356933594, 0.18762207, 0.861328125, 1
vb0[116]+008 NORMAL: 0.385826766, -0.0472440943, -0.92125982, 0
vb0[116]+000 COLOR: 0.713725507, 0.709803939, 0.00392156886, 0.196078435
vb0[116]+012 TEXCOORD: 0.5625, 0.160766602
vb0[116]+016 TEXCOORD1: 0.796875, 0.21862793
vb0[116]+020 TEXCOORD2: 0.731445313, 0.282714844
vb0[116]+000 TEXCOORD3: 0.713725507, 0.709803939, 0.00392156886, 0.196078435
vb0[116]+028 TANGENT: -0.92125982, 0, -0.385826766, 1

vb0[117]+000 POSITION: -0.441650391, 0, 0.826171875, 1
vb0[117]+008 NORMAL: 0.472440958, -0.0236220472, -0.88188976, 0
vb0[117]+000 COLOR: 0.0666666701, 0.717647076, 0, 0
vb0[117]+012 TEXCOORD: 0.578125, -0
vb0[117]+016 TEXCOORD1: 0.894042969, 0.194213867
vb0[117]+020 TEXCOORD2: 0.895996094, 0.197753906
vb0[117]+000 TEXCOORD3: 0.0666666701, 0.717647076, 0, 0
vb0[117]+028 TANGENT: -0.88188976, 0, -0.472440958, 1

vb0[118]+000 POSITION: -0.439453125, 0.18762207, 0.822265625, 1
vb0[118]+008 NORMAL: 0.472440958, -0.0472440943, -0.88188976, 0
vb0[118]+000 COLOR: 0.0313725509, 0.717647076, 0.00392156886, 0.196078435
vb0[118]+012 TEXCOORD: 0.578125, 0.160766602
vb0[118]+016 TEXCOORD1: 0.822753906, 0.249267578
vb0[118]+020 TEXCOORD2: 0.751464844, 0.306640625
vb0[118]+000 TEXCOORD3: 0.0313725509, 0.717647076, 0.00392156886, 0.196078435
vb0[118]+028 TANGENT: -0.88188976, 0, -0.472440958, 1

vb0[119]+000 POSITION: -0.520507813, 0, 0.778808594, 1
vb0[119]+008 NORMAL: 0.55905509, -0.0236220472, -0.834645689, 0
vb0[119]+000 COLOR: 0.164705887, 0.721568644, 0, 0
vb0[119]+012 TEXCOORD: 0.59375, -0
vb0[119]+016 TEXCOORD1: 0.921875, 0.23449707
vb0[119]+020 TEXCOORD2: 0.923828125, 0.238037109
vb0[119]+000 TEXCOORD3: 0.164705887, 0.721568644, 0, 0
vb0[119]+028 TANGENT: -0.834645689, 0, -0.55905509, 1

vb0[120]+000 POSITION: -0.518066406, 0.18762207, 0.775390625, 1
vb0[120]+008 NORMAL: 0.551181078, -0.0472440943, -0.826771677, 0
vb0[120]+000 COLOR: 0.145098045, 0.721568644, 0.00392156886, 0.196078435
vb0[120]+012 TEXCOORD: 0.59375, 0.160766602
vb0[120]+016 TEXCOORD1: 0.845214844, 0.282226563
vb0[120]+020 TEXCOORD2: 0.769042969, 0.332275391
vb0[120]+000 TEXCOORD3: 0.145098045, 0.721568644, 0.00392156886, 0.196078435
vb0[120]+028 TANGENT: -0.834645689, 0, -0.55905509, 1

vb0[121]+000 POSITION: -0.594238281, 0, 0.724121094, 1
vb0[121]+008 NORMAL: 0.637795269, -0.0236220472, -0.771653533, 0
vb0[121]+000 COLOR: 0.75686276, 0.721568644, 0, 0
vb0[121]+012 TEXCOORD: 0.609375, -0
vb0[121]+016 TEXCOORD1: 0.945800781, 0.27734375
vb0[121]+020 TEXCOORD2: 0.947753906, 0.281005859
vb0[121]+000 TEXCOORD3: 0.75686276, 0.721568644, 0, 0
vb0[121]+028 TANGENT: -0.771653533, 0, -0.637795269, 1

vb0[122]+000 POSITION: -0.591308594, 0.18762207, 0.720703125, 1
vb0[122]+008 NORMAL: 0.629921257, -0.0472440943, -0.771653533, 0
vb0[122]+000 COLOR: 0.733333349, 0.721568644, 0.00392156886, 0.196078435
vb0[122]+012 TEXCOORD: 0.609375, 0.160766602
vb0[122]+016 TEXCOORD1: 0.864746094, 0.317382813
vb0[122]+020 TEXCOORD2: 0.784179688, 0.359619141
vb0[122]+000 TEXCOORD3: 0.733333349, 0.721568644, 0.00392156886, 0.196078435
vb0[122]+028 TANGENT: -0.771653533, 0, -0.637795269, 1

vb0[123]+000 POSITION: -0.662597656, 0, 0.662597656, 1
vb0[123]+008 NORMAL: 0.708661437, -0.0236220472, -0.708661437, 0
vb0[123]+000 COLOR: 0.301960796, 0.725490212, 0, 0
vb0[123]+012 TEXCOORD: 0.625, -0
vb0[123]+016 TEXCOORD1: 0.965332031, 0.322509766
vb0[123]+020 TEXCOORD2: 0.966796875, 0.326171875
vb0[123]+000 TEXCOORD3: 0.301960796, 0.725490212, 0, 0
vb0[123]+028 TANGENT: -0.708661437, 0, -0.708661437, 1

vb0[124]+000 POSITION: -0.659179688, 0.18762207, 0.659179688, 1
vb0[124]+008 NORMAL: 0.708661437, -0.0472440943, -0.708661437, 0
vb0[124]+000 COLOR: 0.274509817, 0.725490212, 0.00392156886, 0.196078435
vb0[124]+012 TEXCOORD: 0.625, 0.160766602
vb0[124]+016 TEXCOORD1: 0.880859375, 0.354492188
vb0[124]+020 TEXCOORD2: 0.796386719, 0.388427734
vb0[124]+000 TEXCOORD3: 0.274509817, 0.725490212, 0.00392156886, 0.196078435
vb0[124]+028 TANGENT: -0.708661437, 0, -0.708661437, 1

vb0[125]+000 POSITION: -0.724121094, 0, 0.594238281, 1
vb0[125]+008 NORMAL: 0.771653533, -0.0236220472, -0.637795269, 0
vb0[125]+000 COLOR: 0.796078444, 0.725490212, 0, 0
vb0[125]+012 TEXCOORD: 0.640625, -0
vb0[125]+016 TEXCOORD1: 0.98046875, 0.369384766
vb0[125]+020 TEXCOORD2: 0.981933594, 0.373291016
vb0[125]+000 TEXCOORD3: 0.796078444, 0.725490212, 0, 0
vb0[125]+028 TANGENT: -0.637795269, 0, -0.771653533, 1

vb0[126]+000 POSITION: -0.720703125, 0.18762207, 0.591308594, 1
vb0[126]+008 NORMAL: 0.771653533, -0.0472440943, -0.629921257, 0
vb0[126]+000 COLOR: 0.768627465, 0.725490212, 0.00392156886, 0.196078435
vb0[126]+012 TEXCOORD: 0.640625, 0.160766602
vb0[126]+016 TEXCOORD1: 0.893066406, 0.392822266
vb0[126]+020 TEXCOORD2: 0.805664063, 0.418457031
vb0[126]+000 TEXCOORD3: 0.768627465, 0.725490212, 0.00392156886, 0.196078435
vb0[126]+028 TANGENT: -0.637795269, 0, -0.771653533, 1

vb0[127]+000 POSITION: -0.649902344, 0.375, 0.649902344, 1
vb0[127]+008 NORMAL: 0.700787425, -0.11023622, -0.700787425, 0
vb0[127]+000 COLOR: 0.200000003, 0.725490212, 0, 0.211764708
vb0[127]+012 TEXCOORD: 0.625, 0.3046875
vb0[127]+016 TEXCOORD1: 0.773925781, 0.395019531
vb0[127]+020 TEXCOORD2: 0.688964844, 0.427978516
vb0[127]+000 TEXCOORD3: 0.200000003, 0.725490212, 0, 0.211764708
vb0[127]+028 TANGENT: -0.708661437, 0, -0.708661437, 1

vb0[128]+000 POSITION: -0.583007813, 0.375, 0.710449219, 1
vb0[128]+008 NORMAL: 0.629921257, -0.11023622, -0.771653533, 0
vb0[128]+000 COLOR: 0.666666687, 0.721568644, 0, 0.211764708
vb0[128]+012 TEXCOORD: 0.609375, 0.3046875
vb0[128]+016 TEXCOORD1: 0.762695313, 0.368408203
vb0[128]+020 TEXCOORD2: 0.681152344, 0.409667969
vb0[128]+000 TEXCOORD3: 0.666666687, 0.721568644, 0, 0.211764708
vb0[128]+028 TANGENT: -0.771653533, 0, -0.637795269, 1

vb0[129]+000 POSITION: -0.778808594, 0, 0.520507813, 1
vb0[129]+008 NORMAL: 0.834645689, -0.0236220472, -0.55905509, 0
vb0[129]+000 COLOR: 0.23137255, 0.729411781, 0, 0
vb0[129]+012 TEXCOORD: 0.65625, -0
vb0[129]+016 TEXCOORD1: 0.990722656, 0.417480469
vb0[129]+020 TEXCOORD2: 0.991699219, 0.421630859
vb0[129]+000 TEXCOORD3: 0.23137255, 0.729411781, 0, 0
vb0[129]+028 TANGENT: -0.55905509, 0, -0.834645689, 1

vb0[130]+000 POSITION: -0.775390625, 0.18762207, 0.518066406, 1
vb0[130]+008 NORMAL: 0.826771677, -0.0472440943, -0.551181078, 0
vb0[130]+000 COLOR: 0.203921571, 0.729411781, 0.00392156886, 0.196078435
vb0[130]+012 TEXCOORD: 0.65625, 0.160766602
vb0[130]+016 TEXCOORD1: 0.901367188, 0.432373047
vb0[130]+020 TEXCOORD2: 0.812011719, 0.44921875
vb0[130]+000 TEXCOORD3: 0.203921571, 0.729411781, 0.00392156886, 0.196078435
vb0[130]+028 TANGENT: -0.55905509, 0, -0.834645689, 1

vb0[131]+000 POSITION: -0.826171875, 0, 0.441650391, 1
vb0[131]+008 NORMAL: 0.88188976, -0.0236220472, -0.472440958, 0
vb0[131]+000 COLOR: 0.611764729, 0.729411781, 0, 0
vb0[131]+012 TEXCOORD: 0.671875, -0
vb0[131]+016 TEXCOORD1: 0.99609375, 0.466552734
vb0[131]+020 TEXCOORD2: 0.997070313, 0.470703125
vb0[131]+000 TEXCOORD3: 0.611764729, 0.729411781, 0, 0
vb0[131]+028 TANGENT: -0.472440958, 0, -0.88188976, 1

vb0[132]+000 POSITION: -0.822265625, 0.18762207, 0.439453125, 1
vb0[132]+008 NORMAL: 0.88188976, -0.0472440943, -0.472440958, 0
vb0[132]+000 COLOR: 0.580392182, 0.729411781, 0.00392156886, 0.196078435
vb0[132]+012 TEXCOORD: 0.671875, 0.160766602
vb0[132]+016 TEXCOORD1: 0.905761719, 0.472412109
vb0[132]+020 TEXCOORD2: 0.814941406, 0.48046875
vb0[132]+000 TEXCOORD3: 0.580392182, 0.729411781, 0.00392156886, 0.196078435
vb0[132]+028 TANGENT: -0.472440958, 0, -0.88188976, 1

vb0[133]+000 POSITION: -0.710449219, 0.375, 0.583007813, 1
vb0[133]+008 NORMAL: 0.771653533, -0.11023622, -0.629921257, 0
vb0[133]+000 COLOR: 0.686274529, 0.725490212, 0, 0.211764708
vb0[133]+012 TEXCOORD: 0.640625, 0.3046875
vb0[133]+016 TEXCOORD1: 0.782714844, 0.422851563
vb0[133]+020 TEXCOORD2: 0.694824219, 0.447265625
vb0[133]+000 TEXCOORD3: 0.686274529, 0.725490212, 0, 0.211764708
vb0[133]+028 TANGENT: -0.637795269, 0, -0.771653533, 1

vb0[134]+000 POSITION: -0.865722656, 0, 0.358642578, 1
vb0[134]+008 NORMAL: 0.92125982, -0.0236220472, -0.385826766, 0
vb0[134]+000 COLOR: 0.929411769, 0.729411781, 0, 0
vb0[134]+012 TEXCOORD: 0.6875, -0
vb0[134]+016 TEXCOORD1: 0.996582031, 0.516113281
vb0[134]+020 TEXCOORD2: 0.997558594, 0.520019531
vb0[134]+000 TEXCOORD3: 0.929411769, 0.729411781, 0, 0
vb0[134]+028 TANGENT: -0.385826766, 0, -0.92125982, 1

vb0[135]+000 POSITION: -0.861328125, 0.18762207, 0.356933594, 1
vb0[135]+008 NORMAL: 0.92125982, -0.0472440943, -0.385826766, 0
vb0[135]+000 COLOR: 0.894117653, 0.729411781, 0.00392156886, 0.196078435
vb0[135]+012 TEXCOORD: 0.6875, 0.160766602
vb0[135]+016 TEXCOORD1: 0.90625, 0.512695313
vb0[135]+020 TEXCOORD2: 0.814941406, 0.51171875
vb0[135]+000 TEXCOORD3: 0.894117653, 0.729411781, 0.00392156886, 0.196078435
vb0[135]+028 TANGENT: -0.385826766, 0, -0.92125982, 1

vb0[136]+000 POSITION: -0.764160156, 0.375, 0.510742188, 1
vb0[136]+008 NORMAL: 0.826771677, -0.11023622, -0.551181078, 0
vb0[136]+000 COLOR: 0.113725491, 0.729411781, 0, 0.211764708
vb0[136]+012 TEXCOORD: 0.65625, 0.3046875
vb0[136]+016 TEXCOORD1: 0.788574219, 0.451171875
vb0[136]+020 TEXCOORD2: 0.698730469, 0.466796875
vb0[136]+000 TEXCOORD3: 0.113725491, 0.729411781, 0, 0.211764708
vb0[136]+028 TANGENT: -0.55905509, 0, -0.834645689, 1

vb0[137]+000 POSITION: -0.896484375, 0, 0.271972656, 1
vb0[137]+008 NORMAL: 0.952755928, -0.0236220472, -0.291338593, 0
vb0[137]+000 COLOR: 0.172549024, 0.733333349, 0, 0
vb0[137]+012 TEXCOORD: 0.703125, -0
vb0[137]+016 TEXCOORD1: 0.9921875, 0.564941406
vb0[137]+020 TEXCOORD2: 0.992675781, 0.569335938
vb0[137]+000 TEXCOORD3: 0.172549024, 0.733333349, 0, 0
vb0[137]+028 TANGENT: -0.291338593, 0, -0.96062994, 1

vb0[138]+000 POSITION: -0.892089844, 0.18762207, 0.270751953, 1
vb0[138]+008 NORMAL: 0.952755928, -0.0472440943, -0.291338593, 0
vb0[138]+000 COLOR: 0.137254909, 0.733333349, 0.00392156886, 0.196078435
vb0[138]+012 TEXCOORD: 0.703125, 0.160766602
vb0[138]+016 TEXCOORD1: 0.902832031, 0.552734375
vb0[138]+020 TEXCOORD2: 0.812011719, 0.54296875
vb0[138]+000 TEXCOORD3: 0.137254909, 0.733333349, 0.00392156886, 0.196078435
vb0[138]+028 TANGENT: -0.291338593, 0, -0.96062994, 1

vb0[139]+000 POSITION: -0.810546875, 0.375, 0.433105469, 1
vb0[139]+008 NORMAL: 0.874015749, -0.11023622, -0.472440958, 0
vb0[139]+000 COLOR: 0.486274511, 0.729411781, 0, 0.211764708
vb0[139]+012 TEXCOORD: 0.671875, 0.3046875
vb0[139]+016 TEXCOORD1: 0.791503906, 0.479980469
vb0[139]+020 TEXCOORD2: 0.700683594, 0.486816406
vb0[139]+000 TEXCOORD3: 0.486274511, 0.729411781, 0, 0.211764708
vb0[139]+028 TANGENT: -0.472440958, 0, -0.88188976, 1

vb0[140]+000 POSITION: -0.918945313, 0, 0.182739258, 1
vb0[140]+008 NORMAL: 0.984251976, -0.0236220472, -0.196850389, 0
vb0[140]+000 COLOR: 0.352941185, 0.733333349, 0, 0
vb0[140]+012 TEXCOORD: 0.71875, -0
vb0[140]+016 TEXCOORD1: 0.983398438, 0.61328125
vb0[140]+020 TEXCOORD2: 0.982910156, 0.618164063
vb0[140]+000 TEXCOORD3: 0.352941185, 0.733333349, 0, 0
vb0[140]+028 TANGENT: -0.196850389, 0, -0.984251976, 1

vb0[141]+000 POSITION: -0.914550781, 0.18762207, 0.181884766, 1
vb0[141]+008 NORMAL: 0.976377964, -0.0472440943, -0.196850389, 0
vb0[141]+000 COLOR: 0.31764707, 0.733333349, 0.00392156886, 0.196078435
vb0[141]+012 TEXCOORD: 0.71875, 0.160766602
vb0[141]+016 TEXCOORD1: 0.895019531, 0.592773438
vb0[141]+020 TEXCOORD2: 0.806152344, 0.573730469
vb0[141]+000 TEXCOORD3: 0.31764707, 0.733333349, 0.00392156886, 0.196078435
vb0[141]+028 TANGENT: -0.196850389, 0, -0.984251976, 1

vb0[142]+000 POSITION: -0.849121094, 0.375, 0.3515625, 1
vb0[142]+008 NORMAL: 0.92125982, -0.11023622, -0.377952754, 0
vb0[142]+000 COLOR: 0.796078444, 0.729411781, 0, 0.211764708
vb0[142]+012 TEXCOORD: 0.6875, 0.3046875
vb0[142]+016 TEXCOORD1: 0.791992188, 0.508789063
vb0[142]+020 TEXCOORD2: 0.700683594, 0.506835938
vb0[142]+000 TEXCOORD3: 0.796078444, 0.729411781, 0, 0.211764708
vb0[142]+028 TANGENT: -0.385826766, 0, -0.92125982, 1

vb0[143]+000 POSITION: -0.932617188, 0, 0.0918579102, 1
vb0[143]+008 NORMAL: 0.992125988, -0.0236220472, -0.0944881886, 0
vb0[143]+000 COLOR: 0.4627451, 0.733333349, 0, 0
vb0[143]+012 TEXCOORD: 0.734375, -0
vb0[143]+016 TEXCOORD1: 0.969238281, 0.660644531
vb0[143]+020 TEXCOORD2: 0.968261719, 0.665527344
vb0[143]+000 TEXCOORD3: 0.4627451, 0.733333349, 0, 0
vb0[143]+028 TANGENT: -0.0944881886, 0, -0.992125988, 1

vb0[144]+000 POSITION: -0.927734375, 0.18762207, 0.0913696289, 1
vb0[144]+008 NORMAL: 0.992125988, -0.0472440943, -0.0944881886, 0
vb0[144]+000 COLOR: 0.423529416, 0.733333349, 0.00392156886, 0.196078435
vb0[144]+012 TEXCOORD: 0.734375, 0.160766602
vb0[144]+016 TEXCOORD1: 0.883789063, 0.631347656
vb0[144]+020 TEXCOORD2: 0.796875, 0.604003906
vb0[144]+000 TEXCOORD3: 0.423529416, 0.733333349, 0.00392156886, 0.196078435
vb0[144]+028 TANGENT: -0.0944881886, 0, -0.992125988, 1

vb0[145]+000 POSITION: -0.879394531, 0.375, 0.266845703, 1
vb0[145]+008 NORMAL: 0.952755928, -0.11023622, -0.291338593, 0
vb0[145]+000 COLOR: 0.0352941193, 0.733333349, 0, 0.211764708
vb0[145]+012 TEXCOORD: 0.703125, 0.3046875
vb0[145]+016 TEXCOORD1: 0.789550781, 0.538085938
vb0[145]+020 TEXCOORD2: 0.698730469, 0.526855469
vb0[145]+000 TEXCOORD3: 0.0352941193, 0.733333349, 0, 0.211764708
vb0[145]+028 TANGENT: -0.291338593, 0, -0.96062994, 1

vb0[146]+000 POSITION: -0.937011719, 0, 2.2958874e-41, 1
vb0[146]+008 NORMAL: 1, -0.0236220472, 0, 0
vb0[146]+000 COLOR: 0.498039216, 0.733333349, 0, 0
vb0[146]+012 TEXCOORD: 0.75, -0
vb0[146]+016 TEXCOORD1: 0.950683594, 0.706542969
vb0[146]+020 TEXCOORD2: 0.94921875, 0.7109375
vb0[146]+000 TEXCOORD3: 0.498039216, 0.733333349, 0, 0
vb0[146]+028 TANGENT: 0, 0, -1, 1

vb0[147]+000 POSITION: -0.932617188, 0.18762207, 0, 1
vb0[147]+008 NORMAL: 1, -0.0472440943, 0, 0
vb0[147]+000 COLOR: 0.4627451, 0.733333349, 0.00392156886, 0.196078435
vb0[147]+012 TEXCOORD: 0.75, 0.160766602
vb0[147]+016 TEXCOORD1: 0.868652344, 0.668945313
vb0[147]+020 TEXCOORD2: 0.784667969, 0.6328125
vb0[147]+000 TEXCOORD3: 0.4627451, 0.733333349, 0.00392156886, 0.196078435
vb0[147]+028 TANGENT: 0, 0, -1, 1

vb0[148]+000 POSITION: -0.901367188, 0.375, 0.179321289, 1
vb0[148]+008 NORMAL: 0.976377964, -0.11023622, -0.196850389, 0
vb0[148]+000 COLOR: 0.211764708, 0.733333349, 0, 0.211764708
vb0[148]+012 TEXCOORD: 0.71875, 0.3046875
vb0[148]+016 TEXCOORD1: 0.784179688, 0.56640625
vb0[148]+020 TEXCOORD2: 0.694824219, 0.546386719
vb0[148]+000 TEXCOORD3: 0.211764708, 0.733333349, 0, 0.211764708
vb0[148]+028 TANGENT: -0.196850389, 0, -0.984251976, 1

vb0[149]+000 POSITION: -0.914550781, 0.375, 0.0900878906, 1
vb0[149]+008 NORMAL: 0.992125988, -0.11023622, -0.0944881886, 0
vb0[149]+000 COLOR: 0.31764707, 0.733333349, 0, 0.211764708
vb0[149]+012 TEXCOORD: 0.734375, 0.3046875
vb0[149]+016 TEXCOORD1: 0.775878906, 0.594238281
vb0[149]+020 TEXCOORD2: 0.688964844, 0.565917969
vb0[149]+000 TEXCOORD3: 0.31764707, 0.733333349, 0, 0.211764708
vb0[149]+028 TANGENT: -0.0944881886, 0, -0.992125988, 1

vb0[150]+000 POSITION: -0.932617188, 0, -0.0918579102, 1
vb0[150]+008 NORMAL: 0.992125988, -0.0236220472, 0.0944881886, 0
vb0[150]+000 COLOR: 0.4627451, 0.733333349, 0, 0
vb0[150]+012 TEXCOORD: 0.765625, -0
vb0[150]+016 TEXCOORD1: 0.927734375, 0.75
vb0[150]+020 TEXCOORD2: 0.92578125, 0.754394531
vb0[150]+000 TEXCOORD3: 0.4627451, 0.733333349, 0, 0
vb0[150]+028 TANGENT: 0.0944881886, 0, -0.992125988, 1

vb0[151]+000 POSITION: -0.927734375, 0.18762207, -0.0913696289, 1
vb0[151]+008 NORMAL: 0.992125988, -0.0472440943, 0.0944881886, 0
vb0[151]+000 COLOR: 0.423529416, 0.733333349, 0.00392156886, 0.196078435
vb0[151]+012 TEXCOORD: 0.765625, 0.160766602
vb0[151]+016 TEXCOORD1: 0.850097656, 0.704589844
vb0[151]+020 TEXCOORD2: 0.770019531, 0.660644531
vb0[151]+000 TEXCOORD3: 0.423529416, 0.733333349, 0.00392156886, 0.196078435
vb0[151]+028 TANGENT: 0.0944881886, 0, -0.992125988, 1

vb0[152]+000 POSITION: -0.918945313, 0, -0.182739258, 1
vb0[152]+008 NORMAL: 0.984251976, -0.0236220472, 0.196850389, 0
vb0[152]+000 COLOR: 0.352941185, 0.733333349, 0, 0
vb0[152]+012 TEXCOORD: 0.78125, -0
vb0[152]+016 TEXCOORD1: 0.900878906, 0.791503906
vb0[152]+020 TEXCOORD2: 0.8984375, 0.795410156
vb0[152]+000 TEXCOORD3: 0.352941185, 0.733333349, 0, 0
vb0[152]+028 TANGENT: 0.196850389, 0, -0.984251976, 1

vb0[153]+000 POSITION: -0.914550781, 0.18762207, -0.181884766, 1
vb0[153]+008 NORMAL: 0.976377964, -0.0472440943, 0.196850389, 0
vb0[153]+000 COLOR: 0.31764707, 0.733333349, 0.00392156886, 0.196078435
vb0[153]+012 TEXCOORD: 0.78125, 0.160766602
vb0[153]+016 TEXCOORD1: 0.827636719, 0.73828125
vb0[153]+020 TEXCOORD2: 0.752441406, 0.687011719
vb0[153]+000 TEXCOORD3: 0.31764707, 0.733333349, 0.00392156886, 0.196078435
vb0[153]+028 TANGENT: 0.196850389, 0, -0.984251976, 1

vb0[154]+000 POSITION: -0.896484375, 0, -0.271972656, 1
vb0[154]+008 NORMAL: 0.952755928, -0.0236220472, 0.291338593, 0
vb0[154]+000 COLOR: 0.172549024, 0.733333349, 0, 0
vb0[154]+012 TEXCOORD: 0.796875, -0
vb0[154]+016 TEXCOORD1: 0.870117188, 0.829589844
vb0[154]+020 TEXCOORD2: 0.8671875, 0.833984375
vb0[154]+000 TEXCOORD3: 0.172549024, 0.733333349, 0, 0
vb0[154]+028 TANGENT: 0.291338593, 0, -0.96062994, 1

vb0[155]+000 POSITION: -0.892089844, 0.18762207, -0.270751953, 1
vb0[155]+008 NORMAL: 0.952755928, -0.0472440943, 0.291338593, 0
vb0[155]+000 COLOR: 0.137254909, 0.733333349, 0.00392156886, 0.196078435
vb0[155]+012 TEXCOORD: 0.796875, 0.160766602
vb0[155]+016 TEXCOORD1: 0.802734375, 0.76953125
vb0[155]+020 TEXCOORD2: 0.732421875, 0.7109375
vb0[155]+000 TEXCOORD3: 0.137254909, 0.733333349, 0.00392156886, 0.196078435
vb0[155]+028 TANGENT: 0.291338593, 0, -0.96062994, 1

vb0[156]+000 POSITION: -0.865722656, 0, -0.358642578, 1
vb0[156]+008 NORMAL: 0.92125982, -0.0236220472, 0.385826766, 0
vb0[156]+000 COLOR: 0.929411769, 0.729411781, 0, 0
vb0[156]+012 TEXCOORD: 0.8125, -0
vb0[156]+016 TEXCOORD1: 0.835449219, 0.864746094
vb0[156]+020 TEXCOORD2: 0.83203125, 0.869140625
vb0[156]+000 TEXCOORD3: 0.929411769, 0.729411781, 0, 0
vb0[156]+028 TANGENT: 0.385826766, 0, -0.92125982, 1

vb0[157]+000 POSITION: -0.861328125, 0.18762207, -0.356933594, 1
vb0[157]+008 NORMAL: 0.92125982, -0.0472440943, 0.385826766, 0
vb0[157]+000 COLOR: 0.894117653, 0.729411781, 0.00392156886, 0.196078435
vb0[157]+012 TEXCOORD: 0.8125, 0.160766602
vb0[157]+016 TEXCOORD1: 0.773925781, 0.798339844
vb0[157]+020 TEXCOORD2: 0.709960938, 0.733398438
vb0[157]+000 TEXCOORD3: 0.894117653, 0.729411781, 0.00392156886, 0.196078435
vb0[157]+028 TANGENT: 0.385826766, 0, -0.92125982, 1

vb0[158]+000 POSITION: -0.826171875, 0, -0.441650391, 1
vb0[158]+008 NORMAL: 0.88188976, -0.0236220472, 0.472440958, 0
vb0[158]+000 COLOR: 0.611764729, 0.729411781, 0, 0
vb0[158]+012 TEXCOORD: 0.828125, -0
vb0[158]+016 TEXCOORD1: 0.797851563, 0.896484375
vb0[158]+020 TEXCOORD2: 0.793945313, 0.900878906
vb0[158]+000 TEXCOORD3: 0.611764729, 0.729411781, 0, 0
vb0[158]+028 TANGENT: 0.472440958, 0, -0.88188976, 1

vb0[159]+000 POSITION: -0.822265625, 0.18762207, -0.439453125, 1
vb0[159]+008 NORMAL: 0.88188976, -0.0472440943, 0.472440958, 0
vb0[159]+000 COLOR: 0.580392182, 0.729411781, 0.00392156886, 0.196078435
vb0[159]+012 TEXCOORD: 0.828125, 0.160766602
vb0[159]+016 TEXCOORD1: 0.743164063, 0.82421875
vb0[159]+020 TEXCOORD2: 0.686035156, 0.753417969
vb0[159]+000 TEXCOORD3: 0.580392182, 0.729411781, 0.00392156886, 0.196078435
vb0[159]+028 TANGENT: 0.472440958, 0, -0.88188976, 1

vb0[160]+000 POSITION: -0.778808594, 0, -0.520507813, 1
vb0[160]+008 NORMAL: 0.834645689, -0.0236220472, 0.55905509, 0
vb0[160]+000 COLOR: 0.23137255, 0.729411781, 0, 0
vb0[160]+012 TEXCOORD: 0.84375, -0
vb0[160]+016 TEXCOORD1: 0.756835938, 0.924316406
vb0[160]+020 TEXCOORD2: 0.752929688, 0.928222656
vb0[160]+000 TEXCOORD3: 0.23137255, 0.729411781, 0, 0
vb0[160]+028 TANGENT: 0.55905509, 0, -0.834645689, 1

vb0[161]+000 POSITION: -0.775390625, 0.18762207, -0.518066406, 1
vb0[161]+008 NORMAL: 0.826771677, -0.0472440943, 0.551181078, 0
vb0[161]+000 COLOR: 0.203921571, 0.729411781, 0.00392156886, 0.196078435
vb0[161]+012 TEXCOORD: 0.84375, 0.160766602
vb0[161]+016 TEXCOORD1: 0.709472656, 0.846679688
vb0[161]+020 TEXCOORD2: 0.659667969, 0.770996094
vb0[161]+000 TEXCOORD3: 0.203921571, 0.729411781, 0.00392156886, 0.196078435
vb0[161]+028 TANGENT: 0.55905509, 0, -0.834645689, 1

vb0[162]+000 POSITION: -0.724121094, 0, -0.594238281, 1
vb0[162]+008 NORMAL: 0.771653533, -0.0236220472, 0.637795269, 0
vb0[162]+000 COLOR: 0.796078444, 0.725490212, 0, 0
vb0[162]+012 TEXCOORD: 0.859375, -0
vb0[162]+016 TEXCOORD1: 0.713378906, 0.948242188
vb0[162]+020 TEXCOORD2: 0.708984375, 0.952148438
vb0[162]+000 TEXCOORD3: 0.796078444, 0.725490212, 0, 0
vb0[162]+028 TANGENT: 0.637795269, 0, -0.771653533, 1

vb0[163]+000 POSITION: -0.720703125, 0.18762207, -0.591308594, 1
vb0[163]+008 NORMAL: 0.771653533, -0.0472440943, 0.629921257, 0
vb0[163]+000 COLOR: 0.768627465, 0.725490212, 0.00392156886, 0.196078435
vb0[163]+012 TEXCOORD: 0.859375, 0.160766602
vb0[163]+016 TEXCOORD1: 0.673828125, 0.866210938
vb0[163]+020 TEXCOORD2: 0.631835938, 0.785644531
vb0[163]+000 TEXCOORD3: 0.768627465, 0.725490212, 0.00392156886, 0.196078435
vb0[163]+028 TANGENT: 0.637795269, 0, -0.771653533, 1

vb0[164]+000 POSITION: -0.662597656, 0, -0.662597656, 1
vb0[164]+008 NORMAL: 0.708661437, -0.0236220472, 0.708661437, 0
vb0[164]+000 COLOR: 0.301960796, 0.725490212, 0, 0
vb0[164]+012 TEXCOORD: 0.875, -0
vb0[164]+016 TEXCOORD1: 0.667480469, 0.967285156
vb0[164]+020 TEXCOORD2: 0.662597656, 0.971191406
vb0[164]+000 TEXCOORD3: 0.301960796, 0.725490212, 0, 0
vb0[164]+028 TANGENT: 0.708661437, 0, -0.708661437, 1

vb0[165]+000 POSITION: -0.659179688, 0.18762207, -0.659179688, 1
vb0[165]+008 NORMAL: 0.708661437, -0.0472440943, 0.708661437, 0
vb0[165]+000 COLOR: 0.274509817, 0.725490212, 0.00392156886, 0.196078435
vb0[165]+012 TEXCOORD: 0.875, 0.160766602
vb0[165]+016 TEXCOORD1: 0.63671875, 0.881835938
vb0[165]+020 TEXCOORD2: 0.602539063, 0.797851563
vb0[165]+000 TEXCOORD3: 0.274509817, 0.725490212, 0.00392156886, 0.196078435
vb0[165]+028 TANGENT: 0.708661437, 0, -0.708661437, 1

vb0[166]+000 POSITION: -0.594238281, 0, -0.724121094, 1
vb0[166]+008 NORMAL: 0.637795269, -0.0236220472, 0.771653533, 0
vb0[166]+000 COLOR: 0.75686276, 0.721568644, 0, 0
vb0[166]+012 TEXCOORD: 0.890625, -0
vb0[166]+016 TEXCOORD1: 0.620117188, 0.981933594
vb0[166]+020 TEXCOORD2: 0.614746094, 0.985351563
vb0[166]+000 TEXCOORD3: 0.75686276, 0.721568644, 0, 0
vb0[166]+028 TANGENT: 0.771653533, 0, -0.637795269, 1

vb0[167]+000 POSITION: -0.591308594, 0.18762207, -0.720703125, 1
vb0[167]+008 NORMAL: 0.629921257, -0.0472440943, 0.771653533, 0
vb0[167]+000 COLOR: 0.733333349, 0.721568644, 0.00392156886, 0.196078435
vb0[167]+012 TEXCOORD: 0.890625, 0.160766602
vb0[167]+016 TEXCOORD1: 0.59765625, 0.893554688
vb0[167]+020 TEXCOORD2: 0.572265625, 0.806640625
vb0[167]+000 TEXCOORD3: 0.733333349, 0.721568644, 0.00392156886, 0.196078435
vb0[167]+028 TANGENT: 0.771653533, 0, -0.637795269, 1

vb0[168]+000 POSITION: -0.649902344, 0.375, -0.649902344, 1
vb0[168]+008 NORMAL: 0.700787425, -0.11023622, 0.700787425, 0
vb0[168]+000 COLOR: 0.200000003, 0.725490212, 0, 0.211764708
vb0[168]+012 TEXCOORD: 0.875, 0.3046875
vb0[168]+016 TEXCOORD1: 0.59765625, 0.773925781
vb0[168]+020 TEXCOORD2: 0.564453125, 0.688964844
vb0[168]+000 TEXCOORD3: 0.200000003, 0.725490212, 0, 0.211764708
vb0[168]+028 TANGENT: 0.708661437, 0, -0.708661437, 1

vb0[169]+000 POSITION: -0.710449219, 0.375, -0.583007813, 1
vb0[169]+008 NORMAL: 0.771653533, -0.11023622, 0.629921257, 0
vb0[169]+000 COLOR: 0.686274529, 0.725490212, 0, 0.211764708
vb0[169]+012 TEXCOORD: 0.859375, 0.3046875
vb0[169]+016 TEXCOORD1: 0.624511719, 0.762695313
vb0[169]+020 TEXCOORD2: 0.583496094, 0.681152344
vb0[169]+000 TEXCOORD3: 0.686274529, 0.725490212, 0, 0.211764708
vb0[169]+028 TANGENT: 0.637795269, 0, -0.771653533, 1

vb0[170]+000 POSITION: -0.520507813, 0, -0.778808594, 1
vb0[170]+008 NORMAL: 0.55905509, -0.0236220472, 0.834645689, 0
vb0[170]+000 COLOR: 0.164705887, 0.721568644, 0, 0
vb0[170]+012 TEXCOORD: 0.90625, -0
vb0[170]+016 TEXCOORD1: 0.571289063, 0.991699219
vb0[170]+020 TEXCOORD2: 0.565917969, 0.994628906
vb0[170]+000 TEXCOORD3: 0.164705887, 0.721568644, 0, 0
vb0[170]+028 TANGENT: 0.834645689, 0, -0.55905509, 1

vb0[171]+000 POSITION: -0.518066406, 0.18762207, -0.775390625, 1
vb0[171]+008 NORMAL: 0.551181078, -0.0472440943, 0.826771677, 0
vb0[171]+000 COLOR: 0.145098045, 0.721568644, 0.00392156886, 0.196078435
vb0[171]+012 TEXCOORD: 0.90625, 0.160766602
vb0[171]+016 TEXCOORD1: 0.558105469, 0.901367188
vb0[171]+020 TEXCOORD2: 0.541015625, 0.812988281
vb0[171]+000 TEXCOORD3: 0.145098045, 0.721568644, 0.00392156886, 0.196078435
vb0[171]+028 TANGENT: 0.834645689, 0, -0.55905509, 1

vb0[172]+000 POSITION: -0.441650391, 0, -0.826171875, 1
vb0[172]+008 NORMAL: 0.472440958, -0.0236220472, 0.88188976, 0
vb0[172]+000 COLOR: 0.0666666701, 0.717647076, 0, 0
vb0[172]+012 TEXCOORD: 0.921875, -0
vb0[172]+016 TEXCOORD1: 0.521972656, 0.997070313
vb0[172]+020 TEXCOORD2: 0.516113281, 0.999023438
vb0[172]+000 TEXCOORD3: 0.0666666701, 0.717647076, 0, 0
vb0[172]+028 TANGENT: 0.88188976, 0, -0.472440958, 1

vb0[173]+000 POSITION: -0.439453125, 0.18762207, -0.822265625, 1
vb0[173]+008 NORMAL: 0.472440958, -0.0472440943, 0.88188976, 0
vb0[173]+000 COLOR: 0.0313725509, 0.717647076, 0.00392156886, 0.196078435
vb0[173]+012 TEXCOORD: 0.921875, 0.160766602
vb0[173]+016 TEXCOORD1: 0.517578125, 0.905761719
vb0[173]+020 TEXCOORD2: 0.509277344, 0.815917969
vb0[173]+000 TEXCOORD3: 0.0313725509, 0.717647076, 0.00392156886, 0.196078435
vb0[173]+028 TANGENT: 0.88188976, 0, -0.472440958, 1

vb0[174]+000 POSITION: -0.583007813, 0.375, -0.710449219, 1
vb0[174]+008 NORMAL: 0.629921257, -0.11023622, 0.771653533, 0
vb0[174]+000 COLOR: 0.666666687, 0.721568644, 0, 0.211764708
vb0[174]+012 TEXCOORD: 0.890625, 0.3046875
vb0[174]+016 TEXCOORD1: 0.569824219, 0.782714844
vb0[174]+020 TEXCOORD2: 0.545410156, 0.694824219
vb0[174]+000 TEXCOORD3: 0.666666687, 0.721568644, 0, 0.211764708
vb0[174]+028 TANGENT: 0.771653533, 0, -0.637795269, 1

vb0[175]+000 POSITION: -0.358642578, 0, -0.865722656, 1
vb0[175]+008 NORMAL: 0.385826766, -0.0236220472, 0.92125982, 0
vb0[175]+000 COLOR: 0.741176486, 0.709803939, 0, 0
vb0[175]+012 TEXCOORD: 0.9375, -0
vb0[175]+016 TEXCOORD1: 0.472412109, 0.996582031
vb0[175]+020 TEXCOORD2: 0.466308594, 0.998535156
vb0[175]+000 TEXCOORD3: 0.741176486, 0.709803939, 0, 0
vb0[175]+028 TANGENT: 0.92125982, 0, -0.385826766, 1

vb0[176]+000 POSITION: -0.356933594, 0.18762207, -0.861328125, 1
vb0[176]+008 NORMAL: 0.385826766, -0.0472440943, 0.92125982, 0
vb0[176]+000 COLOR: 0.713725507, 0.709803939, 0.00392156886, 0.196078435
vb0[176]+012 TEXCOORD: 0.9375, 0.160766602
vb0[176]+016 TEXCOORD1: 0.477294922, 0.905761719
vb0[176]+020 TEXCOORD2: 0.477783203, 0.815429688
vb0[176]+000 TEXCOORD3: 0.713725507, 0.709803939, 0.00392156886, 0.196078435
vb0[176]+028 TANGENT: 0.92125982, 0, -0.385826766, 1

vb0[177]+000 POSITION: -0.510742188, 0.375, -0.764160156, 1
vb0[177]+008 NORMAL: 0.551181078, -0.11023622, 0.826771677, 0
vb0[177]+000 COLOR: 0.0862745121, 0.721568644, 0, 0.211764708
vb0[177]+012 TEXCOORD: 0.90625, 0.3046875
vb0[177]+016 TEXCOORD1: 0.541503906, 0.788085938
vb0[177]+020 TEXCOORD2: 0.525390625, 0.698242188
vb0[177]+000 TEXCOORD3: 0.0862745121, 0.721568644, 0, 0.211764708
vb0[177]+028 TANGENT: 0.834645689, 0, -0.55905509, 1

vb0[178]+000 POSITION: -0.271972656, 0, -0.896484375, 1
vb0[178]+008 NORMAL: 0.291338593, -0.0236220472, 0.952755928, 0
vb0[178]+000 COLOR: 0.352941185, 0.70588237, 0, 0
vb0[178]+012 TEXCOORD: 0.953125, -0
vb0[178]+016 TEXCOORD1: 0.423095703, 0.991699219
vb0[178]+020 TEXCOORD2: 0.416748047, 0.993164063
vb0[178]+000 TEXCOORD3: 0.352941185, 0.70588237, 0, 0
vb0[178]+028 TANGENT: 0.96062994, 0, -0.291338593, 1

vb0[179]+000 POSITION: -0.270751953, 0.18762207, -0.892089844, 1
vb0[179]+008 NORMAL: 0.291338593, -0.0472440943, 0.952755928, 0
vb0[179]+000 COLOR: 0.333333343, 0.70588237, 0.00392156886, 0.196078435
vb0[179]+012 TEXCOORD: 0.953125, 0.160766602
vb0[179]+016 TEXCOORD1: 0.437011719, 0.901855469
vb0[179]+020 TEXCOORD2: 0.446289063, 0.812011719
vb0[179]+000 TEXCOORD3: 0.333333343, 0.70588237, 0.00392156886, 0.196078435
vb0[179]+028 TANGENT: 0.96062994, 0, -0.291338593, 1

vb0[180]+000 POSITION: -0.433105469, 0.375, -0.810546875, 1
vb0[180]+008 NORMAL: 0.472440958, -0.11023622, 0.874015749, 0
vb0[180]+000 COLOR: 0.933333337, 0.713725507, 0, 0.211764708
vb0[180]+012 TEXCOORD: 0.921875, 0.3046875
vb0[180]+016 TEXCOORD1: 0.512695313, 0.791015625
vb0[180]+020 TEXCOORD2: 0.505371094, 0.700195313
vb0[180]+000 TEXCOORD3: 0.933333337, 0.713725507, 0, 0.211764708
vb0[180]+028 TANGENT: 0.88188976, 0, -0.472440958, 1

vb0[181]+000 POSITION: -0.182739258, 0, -0.918945313, 1
vb0[181]+008 NORMAL: 0.196850389, -0.0236220472, 0.984251976, 0
vb0[181]+000 COLOR: 0.850980401, 0.694117665, 0, 0
vb0[181]+012 TEXCOORD: 0.96875, -0
vb0[181]+016 TEXCOORD1: 0.374511719, 0.981933594
vb0[181]+020 TEXCOORD2: 0.367919922, 0.982421875
vb0[181]+000 TEXCOORD3: 0.850980401, 0.694117665, 0, 0
vb0[181]+028 TANGENT: 0.984251976, 0, -0.196850389, 1

vb0[182]+000 POSITION: -0.181884766, 0.18762207, -0.914550781, 1
vb0[182]+008 NORMAL: 0.196850389, -0.0472440943, 0.976377964, 0
vb0[182]+000 COLOR: 0.823529422, 0.694117665, 0.00392156886, 0.196078435
vb0[182]+012 TEXCOORD: 0.96875, 0.160766602
vb0[182]+016 TEXCOORD1: 0.397216797, 0.893554688
vb0[182]+020 TEXCOORD2: 0.415283203, 0.805175781
vb0[182]+000 TEXCOORD3: 0.823529422, 0.694117665, 0.00392156886, 0.196078435
vb0[182]+028 TANGENT: 0.984251976, 0, -0.196850389, 1

vb0[183]+000 POSITION: -0.3515625, 0.375, -0.849121094, 1
vb0[183]+008 NORMAL: 0.377952754, -0.11023622, 0.92125982, 0
vb0[183]+000 COLOR: 0.627451003, 0.709803939, 0, 0.211764708
vb0[183]+012 TEXCOORD: 0.9375, 0.3046875
vb0[183]+016 TEXCOORD1: 0.483398438, 0.791503906
vb0[183]+020 TEXCOORD2: 0.485351563, 0.700195313
vb0[183]+000 TEXCOORD3: 0.627451003, 0.709803939, 0, 0.211764708
vb0[183]+028 TANGENT: 0.92125982, 0, -0.385826766, 1

vb0[184]+000 POSITION: -0.0918579102, 0, -0.932617188, 1
vb0[184]+008 NORMAL: 0.0944881886, -0.0236220472, 0.992125988, 0
vb0[184]+000 COLOR: 0.882352948, 0.678431392, 0, 0
vb0[184]+012 TEXCOORD: 0.984375, -0
vb0[184]+016 TEXCOORD1: 0.327148438, 0.967773438
vb0[184]+020 TEXCOORD2: 0.320556641, 0.967285156
vb0[184]+000 TEXCOORD3: 0.882352948, 0.678431392, 0, 0
vb0[184]+028 TANGENT: 0.992125988, 0, -0.0944881886, 1

vb0[185]+000 POSITION: -0.0913696289, 0.18762207, -0.927734375, 1
vb0[185]+008 NORMAL: 0.0944881886, -0.0472440943, 0.992125988, 0
vb0[185]+000 COLOR: 0.850980401, 0.678431392, 0.00392156886, 0.196078435
vb0[185]+012 TEXCOORD: 0.984375, 0.160766602
vb0[185]+016 TEXCOORD1: 0.358642578, 0.881835938
vb0[185]+020 TEXCOORD2: 0.385253906, 0.795898438
vb0[185]+000 TEXCOORD3: 0.850980401, 0.678431392, 0.00392156886, 0.196078435
vb0[185]+028 TANGENT: 0.992125988, 0, -0.0944881886, 1

vb0[186]+000 POSITION: -0.266845703, 0.375, -0.879394531, 1
vb0[186]+008 NORMAL: 0.291338593, -0.11023622, 0.952755928, 0
vb0[186]+000 COLOR: 0.270588249, 0.70588237, 0, 0.211764708
vb0[186]+012 TEXCOORD: 0.953125, 0.3046875
vb0[186]+016 TEXCOORD1: 0.454589844, 0.788574219
vb0[186]+020 TEXCOORD2: 0.465332031, 0.697753906
vb0[186]+000 TEXCOORD3: 0.270588249, 0.70588237, 0, 0.211764708
vb0[186]+028 TANGENT: 0.96062994, 0, -0.291338593, 1

vb0[187]+000 POSITION: -2.2958874e-41, 0.18762207, -0.932617188, 1
vb0[187]+008 NORMAL: 0, -0.0472440943, 1, 0
vb0[187]+000 COLOR: 0.00784313772, 0.501960814, 0.00392156886, 0.196078435
vb0[187]+012 TEXCOORD: 1, 0.160766602
vb0[187]+016 TEXCOORD1: 0.321289063, 0.866210938
vb0[187]+020 TEXCOORD2: 0.356201172, 0.783203125
vb0[187]+000 TEXCOORD3: 0.00784313772, 0.501960814, 0.00392156886, 0.196078435
vb0[187]+028 TANGENT: 1, 0, 0, 1

vb0[188]+000 POSITION: 0, 0, -0.937011719, 1
vb0[188]+008 NORMAL: 0, -0.0236220472, 1, 0
vb0[188]+000 COLOR: 0, 0, 0, 0
vb0[188]+012 TEXCOORD: 1, -0
vb0[188]+016 TEXCOORD1: 0.281494141, 0.948730469
vb0[188]+020 TEXCOORD2: 0.274902344, 0.947753906
vb0[188]+000 TEXCOORD3: 0, 0, 0, 0
vb0[188]+028 TANGENT: 1, 0, 0, 1

vb0[189]+000 POSITION: -0.179321289, 0.375, -0.901367188, 1
vb0[189]+008 NORMAL: 0.196850389, -0.11023622, 0.976377964, 0
vb0[189]+000 COLOR: 0.741176486, 0.694117665, 0, 0.211764708
vb0[189]+012 TEXCOORD: 0.96875, 0.3046875
vb0[189]+016 TEXCOORD1: 0.426025391, 0.782714844
vb0[189]+020 TEXCOORD2: 0.445556641, 0.693847656
vb0[189]+000 TEXCOORD3: 0.741176486, 0.694117665, 0, 0.211764708
vb0[189]+028 TANGENT: 0.984251976, 0, -0.196850389, 1

vb0[190]+000 POSITION: -0.0900878906, 0.375, -0.914550781, 1
vb0[190]+008 NORMAL: 0.0944881886, -0.11023622, 0.992125988, 0
vb0[190]+000 COLOR: 0.768627465, 0.678431392, 0, 0.211764708
vb0[190]+012 TEXCOORD: 0.984375, 0.3046875
vb0[190]+016 TEXCOORD1: 0.398193359, 0.774414063
vb0[190]+020 TEXCOORD2: 0.426513672, 0.6875
vb0[190]+000 TEXCOORD3: 0.768627465, 0.678431392, 0, 0.211764708
vb0[190]+028 TANGENT: 0.992125988, 0, -0.0944881886, 1

vb0[191]+000 POSITION: 2.2958874e-41, 0.375, -0.918945313, 1
vb0[191]+008 NORMAL: 0, -0.11023622, 0.992125988, 0
vb0[191]+000 COLOR: 0.00784313772, 0, 0, 0.211764708
vb0[191]+012 TEXCOORD: 1, 0.3046875
vb0[191]+016 TEXCOORD1: 0.371337891, 0.763183594
vb0[191]+020 TEXCOORD2: 0.407958984, 0.6796875
vb0[191]+000 TEXCOORD3: 0.00784313772, 0, 0, 0.211764708
vb0[191]+028 TANGENT: 1, -0.00787401572, 0, 1

vb0[192]+000 POSITION: 2.2958874e-41, 0.523925781, -0.896484375, 1
vb0[192]+008 NORMAL: 0, -0.188976377, 0.984251976, 0
vb0[192]+000 COLOR: 0.00784313772, 0, 0.192156866, 0.219607845
vb0[192]+012 TEXCOORD: 1, 0.43359375
vb0[192]+016 TEXCOORD1: 0.400146484, 0.703125
vb0[192]+020 TEXCOORD2: 0.432617188, 0.630371094
vb0[192]+000 TEXCOORD3: 0.00784313772, 0, 0.192156866, 0.219607845
vb0[192]+028 TANGENT: 1, -0.00787401572, 0, 1

vb0[193]+000 POSITION: -0.087890625, 0.523925781, -0.892089844, 1
vb0[193]+008 NORMAL: 0.0944881886, -0.188976377, 0.976377964, 0
vb0[193]+000 COLOR: 0.627451003, 0.678431392, 0.192156866, 0.219607845
vb0[193]+012 TEXCOORD: 0.984375, 0.43359375
vb0[193]+016 TEXCOORD1: 0.420898438, 0.711914063
vb0[193]+020 TEXCOORD2: 0.446044922, 0.636230469
vb0[193]+000 TEXCOORD3: 0.627451003, 0.678431392, 0.192156866, 0.219607845
vb0[193]+028 TANGENT: 0.992125988, 0, -0.0944881886, 1

vb0[194]+000 POSITION: -0.174926758, 0.523925781, -0.879394531, 1
vb0[194]+008 NORMAL: 0.188976377, -0.188976377, 0.96062994, 0
vb0[194]+000 COLOR: 0.600000024, 0.694117665, 0.192156866, 0.219607845
vb0[194]+012 TEXCOORD: 0.96875, 0.43359375
vb0[194]+016 TEXCOORD1: 0.442382813, 0.718261719
vb0[194]+020 TEXCOORD2: 0.459960938, 0.640625
vb0[194]+000 TEXCOORD3: 0.600000024, 0.694117665, 0.192156866, 0.219607845
vb0[194]+028 TANGENT: 0.984251976, 0, -0.196850389, 1

vb0[195]+000 POSITION: 2.2958874e-41, 0.653320313, -0.865722656, 1
vb0[195]+008 NORMAL: 0, -0.267716527, 0.96062994, 0
vb0[195]+000 COLOR: 0.00784313772, 0, 0.227450982, 0.223529413
vb0[195]+012 TEXCOORD: 1, 0.544921875
vb0[195]+016 TEXCOORD1: 0.415771484, 0.670410156
vb0[195]+020 TEXCOORD2: 0.447509766, 0.600585938
vb0[195]+000 TEXCOORD3: 0.00784313772, 0, 0.227450982, 0.223529413
vb0[195]+028 TANGENT: 1, -0.0157480314, 0, 1

vb0[196]+000 POSITION: -0.0848388672, 0.653320313, -0.861328125, 1
vb0[196]+008 NORMAL: 0.0944881886, -0.267716527, 0.96062994, 0
vb0[196]+000 COLOR: 0.431372553, 0.678431392, 0.227450982, 0.223529413
vb0[196]+012 TEXCOORD: 0.984375, 0.544921875
vb0[196]+016 TEXCOORD1: 0.433105469, 0.677734375
vb0[196]+020 TEXCOORD2: 0.457763672, 0.604980469
vb0[196]+000 TEXCOORD3: 0.431372553, 0.678431392, 0.227450982, 0.223529413
vb0[196]+028 TANGENT: 0.992125988, 0, -0.0944881886, 1

vb0[197]+000 POSITION: -0.168823242, 0.653320313, -0.849121094, 1
vb0[197]+008 NORMAL: 0.188976377, -0.267716527, 0.944881916, 0
vb0[197]+000 COLOR: 0.403921574, 0.694117665, 0.227450982, 0.223529413
vb0[197]+012 TEXCOORD: 0.96875, 0.544921875
vb0[197]+016 TEXCOORD1: 0.451171875, 0.68359375
vb0[197]+020 TEXCOORD2: 0.46875, 0.608398438
vb0[197]+000 TEXCOORD3: 0.403921574, 0.694117665, 0.227450982, 0.223529413
vb0[197]+028 TANGENT: 0.984251976, 0, -0.196850389, 1

vb0[198]+000 POSITION: 0, 0.776855469, -0.826171875, 1
vb0[198]+008 NORMAL: 0, -0.346456707, 0.937007844, 0
vb0[198]+000 COLOR: 0, 0, 0.215686277, 0.227450982
vb0[198]+012 TEXCOORD: 1, 0.639160156
vb0[198]+016 TEXCOORD1: 0.424804688, 0.651367188
vb0[198]+020 TEXCOORD2: 0.458007813, 0.579101563
vb0[198]+000 TEXCOORD3: 0, 0, 0.215686277, 0.227450982
vb0[198]+028 TANGENT: 1, -0.0157480314, -0.00787401572, 1

vb0[199]+000 POSITION: -0.0809936523, 0.776855469, -0.822265625, 1
vb0[199]+008 NORMAL: 0.0944881886, -0.346456707, 0.937007844, 0
vb0[199]+000 COLOR: 0.184313729, 0.678431392, 0.215686277, 0.227450982
vb0[199]+012 TEXCOORD: 0.984375, 0.639160156
vb0[199]+016 TEXCOORD1: 0.440429688, 0.657714844
vb0[199]+020 TEXCOORD2: 0.466064453, 0.582519531
vb0[199]+000 TEXCOORD3: 0.184313729, 0.678431392, 0.215686277, 0.227450982
vb0[199]+028 TANGENT: 0.992125988, 0, -0.0944881886, 1

vb0[200]+000 POSITION: -0.161254883, 0.776855469, -0.810546875, 1
vb0[200]+008 NORMAL: 0.181102365, -0.346456707, 0.92125982, 0
vb0[200]+000 COLOR: 0.160784319, 0.694117665, 0.215686277, 0.227450982
vb0[200]+012 TEXCOORD: 0.96875, 0.639160156
vb0[200]+016 TEXCOORD1: 0.456542969, 0.662597656
vb0[200]+020 TEXCOORD2: 0.474609375, 0.585449219
vb0[200]+000 TEXCOORD3: 0.160784319, 0.694117665, 0.215686277, 0.227450982
vb0[200]+028 TANGENT: 0.984251976, 0, -0.196850389, 1

vb0[201]+000 POSITION: 2.2958874e-41, 0.889160156, -0.778808594, 1
vb0[201]+008 NORMAL: 0, -0.44094488, 0.897637784, 0
vb0[201]+000 COLOR: 0.00784313772, 0, 0.113725491, 0.23137255
vb0[201]+012 TEXCOORD: 1, 0.718261719
vb0[201]+016 TEXCOORD1: 0.432373047, 0.635742188
vb0[201]+020 TEXCOORD2: 0.466308594, 0.562011719
vb0[201]+000 TEXCOORD3: 0.00784313772, 0, 0.113725491, 0.23137255
vb0[201]+028 TANGENT: 1, -0.0157480314, -0.00787401572, 1

vb0[202]+000 POSITION: -0.0763549805, 0.889160156, -0.775390625, 1
vb0[202]+008 NORMAL: 0.0866141766, -0.44094488, 0.889763772, 0
vb0[202]+000 COLOR: 0.890196085, 0.674509823, 0.113725491, 0.23137255
vb0[202]+012 TEXCOORD: 0.984375, 0.718261719
vb0[202]+016 TEXCOORD1: 0.446289063, 0.641601563
vb0[202]+020 TEXCOORD2: 0.472900391, 0.564453125
vb0[202]+000 TEXCOORD3: 0.890196085, 0.674509823, 0.113725491, 0.23137255
vb0[202]+028 TANGENT: 0.992125988, 0, -0.0944881886, 1

vb0[203]+000 POSITION: -0.151977539, 0.889160156, -0.764160156, 1
vb0[203]+008 NORMAL: 0.173228353, -0.44094488, 0.88188976, 0
vb0[203]+000 COLOR: 0.866666675, 0.690196097, 0.113725491, 0.23137255
vb0[203]+012 TEXCOORD: 0.96875, 0.718261719
vb0[203]+016 TEXCOORD1: 0.460693359, 0.645996094
vb0[203]+020 TEXCOORD2: 0.479492188, 0.566894531
vb0[203]+000 TEXCOORD3: 0.866666675, 0.690196097, 0.113725491, 0.23137255
vb0[203]+028 TANGENT: 0.984251976, 0, -0.196850389, 1

vb0[204]+000 POSITION: 4.59177481e-41, 0.985839844, -0.724121094, 1
vb0[204]+008 NORMAL: 0, -0.551181078, 0.834645689, 0
vb0[204]+000 COLOR: 0.0156862754, 0, 0.890196085, 0.23137255
vb0[204]+012 TEXCOORD: 1, 0.778808594
vb0[204]+016 TEXCOORD1: 0.439697266, 0.620117188
vb0[204]+020 TEXCOORD2: 0.473144531, 0.547851563
vb0[204]+000 TEXCOORD3: 0.0156862754, 0, 0.890196085, 0.23137255
vb0[204]+028 TANGENT: 1, -0.0236220472, -0.0157480314, 1

vb0[205]+000 POSITION: -0.0709838867, 0.985839844, -0.720703125, 1
vb0[205]+008 NORMAL: 0.0787401572, -0.551181078, 0.834645689, 0
vb0[205]+000 COLOR: 0.545098066, 0.674509823, 0.890196085, 0.23137255
vb0[205]+012 TEXCOORD: 0.984375, 0.778808594
vb0[205]+016 TEXCOORD1: 0.452148438, 0.625488281
vb0[205]+020 TEXCOORD2: 0.478271484, 0.549804688
vb0[205]+000 TEXCOORD3: 0.545098066, 0.674509823, 0.890196085, 0.23137255
vb0[205]+028 TANGENT: 0.992125988, 0, -0.0944881886, 1

vb0[206]+000 POSITION: -0.141235352, 0.985839844, -0.710449219, 1
vb0[206]+008 NORMAL: 0.165354326, -0.551181078, 0.818897665, 0
vb0[206]+000 COLOR: 0.521568656, 0.690196097, 0.890196085, 0.23137255
vb0[206]+012 TEXCOORD: 0.96875, 0.778808594
vb0[206]+016 TEXCOORD1: 0.46484375, 0.629394531
vb0[206]+020 TEXCOORD2: 0.483642578, 0.551757813
vb0[206]+000 TEXCOORD3: 0.521568656, 0.690196097, 0.890196085, 0.23137255
vb0[206]+028 TANGENT: 0.984251976, 0, -0.196850389, 1

vb0[207]+000 POSITION: 5.73971851e-41, 1.06835938, -0.662597656, 1
vb0[207]+008 NORMAL: 0, -0.653543293, 0.755905509, 0
vb0[207]+000 COLOR: 0.0196078438, 0, 0.274509817, 0.235294119
vb0[207]+012 TEXCOORD: 1, 0.82421875
vb0[207]+016 TEXCOORD1: 0.447509766, 0.604003906
vb0[207]+020 TEXCOORD2: 0.478759766, 0.536132813
vb0[207]+000 TEXCOORD3: 0.0196078438, 0, 0.274509817, 0.235294119
vb0[207]+028 TANGENT: 1, -0.0236220472, -0.0236220472, 1

vb0[208]+000 POSITION: -0.0649414063, 1.06835938, -0.659179688, 1
vb0[208]+008 NORMAL: 0.0708661452, -0.653543293, 0.755905509, 0
vb0[208]+000 COLOR: 0.156862751, 0.674509823, 0.274509817, 0.235294119
vb0[208]+012 TEXCOORD: 0.984375, 0.82421875
vb0[208]+016 TEXCOORD1: 0.458251953, 0.608398438
vb0[208]+020 TEXCOORD2: 0.482666016, 0.538085938
vb0[208]+000 TEXCOORD3: 0.156862751, 0.674509823, 0.274509817, 0.235294119
vb0[208]+028 TANGENT: 0.992125988, 0, -0.0944881886, 1

vb0[209]+000 POSITION: -0.129272461, 1.06835938, -0.649902344, 1
vb0[209]+008 NORMAL: 0.149606302, -0.653543293, 0.740157485, 0
vb0[209]+000 COLOR: 0.137254909, 0.690196097, 0.274509817, 0.235294119
vb0[209]+012 TEXCOORD: 0.96875, 0.82421875
vb0[209]+016 TEXCOORD1: 0.469482422, 0.611328125
vb0[209]+020 TEXCOORD2: 0.486816406, 0.539550781
vb0[209]+000 TEXCOORD3: 0.137254909, 0.690196097, 0.274509817, 0.235294119
vb0[209]+028 TANGENT: 0.984251976, 0, -0.196850389, 1

vb0[210]+000 POSITION: -0.0582580566, 1.13769531, -0.591308594, 1
vb0[210]+008 NORMAL: 0.0629921257, -0.740157485, 0.669291317, 0
vb0[210]+000 COLOR: 0.458823532, 0.670588255, 0.552941203, 0.235294119
vb0[210]+012 TEXCOORD: 0.984375, 0.860839844
vb0[210]+016 TEXCOORD1: 0.464599609, 0.590332031
vb0[210]+020 TEXCOORD2: 0.486328125, 0.528320313
vb0[210]+000 TEXCOORD3: 0.458823532, 0.670588255, 0.552941203, 0.235294119
vb0[210]+028 TANGENT: 0.992125988, 0, -0.0944881886, 1

vb0[211]+000 POSITION: 5.73971851e-41, 1.13769531, -0.594238281, 1
vb0[211]+008 NORMAL: 0, -0.740157485, 0.669291317, 0
vb0[211]+000 COLOR: 0.0196078438, 0, 0.552941203, 0.235294119
vb0[211]+012 TEXCOORD: 1, 0.860839844
vb0[211]+016 TEXCOORD1: 0.455566406, 0.586914063
vb0[211]+020 TEXCOORD2: 0.483154297, 0.52734375
vb0[211]+000 TEXCOORD3: 0.0196078438, 0, 0.552941203, 0.235294119
vb0[211]+028 TANGENT: 1, -0.0236220472, -0.0236220472, 1

vb0[212]+000 POSITION: -0.115966797, 1.13769531, -0.583007813, 1
vb0[212]+008 NORMAL: 0.133858263, -0.740157485, 0.661417305, 0
vb0[212]+000 COLOR: 0.423529416, 0.686274529, 0.552941203, 0.235294119
vb0[212]+012 TEXCOORD: 0.96875, 0.860839844
vb0[212]+016 TEXCOORD1: 0.473876953, 0.593261719
vb0[212]+020 TEXCOORD2: 0.489257813, 0.529296875
vb0[212]+000 TEXCOORD3: 0.423529416, 0.686274529, 0.552941203, 0.235294119
vb0[212]+028 TANGENT: 0.984251976, 0, -0.196850389, 1

vb0[213]+000 POSITION: -0.0510253906, 1.19628906, -0.518066406, 1
vb0[213]+008 NORMAL: 0.05511811, -0.826771677, 0.566929162, 0
vb0[213]+000 COLOR: 0.533333361, 0.666666687, 0.788235307, 0.235294119
vb0[213]+012 TEXCOORD: 0.984375, 0.893066406
vb0[213]+016 TEXCOORD1: 0.470947266, 0.572753906
vb0[213]+020 TEXCOORD2: 0.489013672, 0.520507813
vb0[213]+000 TEXCOORD3: 0.533333361, 0.666666687, 0.788235307, 0.235294119
vb0[213]+028 TANGENT: 0.992125988, 0, -0.0944881886, 1

vb0[214]+000 POSITION: 5.73971851e-41, 1.19628906, -0.520507813, 1
vb0[214]+008 NORMAL: 0, -0.826771677, 0.566929162, 0
vb0[214]+000 COLOR: 0.0196078438, 0, 0.788235307, 0.235294119
vb0[214]+012 TEXCOORD: 1, 0.893066406
vb0[214]+016 TEXCOORD1: 0.463623047, 0.569824219
vb0[214]+020 TEXCOORD2: 0.486816406, 0.51953125
vb0[214]+000 TEXCOORD3: 0.0196078438, 0, 0.788235307, 0.235294119
vb0[214]+028 TANGENT: 1, -0.0236220472, -0.0314960629, 1

vb0[215]+000 POSITION: -0.0433044434, 1.24316406, -0.439453125, 1
vb0[215]+008 NORMAL: 0.0472440943, -0.889763772, 0.456692904, 0
vb0[215]+000 COLOR: 0.545098066, 0.662745118, 0.97647059, 0.235294119
vb0[215]+012 TEXCOORD: 0.984375, 0.919921875
vb0[215]+016 TEXCOORD1: 0.476806641, 0.556152344
vb0[215]+020 TEXCOORD2: 0.491455078, 0.514160156
vb0[215]+000 TEXCOORD3: 0.545098066, 0.662745118, 0.97647059, 0.235294119
vb0[215]+028 TANGENT: 0.992125988, 0, -0.0944881886, 1

vb0[216]+000 POSITION: 4.59177481e-41, 1.24316406, -0.441650391, 1
vb0[216]+008 NORMAL: 0, -0.889763772, 0.464566916, 0
vb0[216]+000 COLOR: 0.0156862754, 0, 0.97647059, 0.235294119
vb0[216]+012 TEXCOORD: 1, 0.919921875
vb0[216]+016 TEXCOORD1: 0.471191406, 0.553710938
vb0[216]+020 TEXCOORD2: 0.489746094, 0.513671875
vb0[216]+000 TEXCOORD3: 0.0156862754, 0, 0.97647059, 0.235294119
vb0[216]+028 TANGENT: 1, -0.0236220472, -0.0393700786, 1

vb0[217]+000 POSITION: -0.03515625, 1.28125, -0.356933594, 1
vb0[217]+008 NORMAL: 0.0393700786, -0.929133832, 0.370078743, 0
vb0[217]+000 COLOR: 0.501960814, 0.65882355, 0.125490203, 0.239215687
vb0[217]+012 TEXCOORD: 0.984375, 0.942382813
vb0[217]+016 TEXCOORD1: 0.482177734, 0.541015625
vb0[217]+020 TEXCOORD2: 0.493164063, 0.509765625
vb0[217]+000 TEXCOORD3: 0.501960814, 0.65882355, 0.125490203, 0.239215687
vb0[217]+028 TANGENT: 0.992125988, 0, -0.0944881886, 1

vb0[218]+000 POSITION: 6.88766221e-41, 1.28125, -0.358642578, 1
vb0[218]+008 NORMAL: 0, -0.929133832, 0.370078743, 0
vb0[218]+000 COLOR: 0.0235294122, 0, 0.125490203, 0.239215687
vb0[218]+012 TEXCOORD: 1, 0.942382813
vb0[218]+016 TEXCOORD1: 0.478027344, 0.539550781
vb0[218]+020 TEXCOORD2: 0.491943359, 0.509277344
vb0[218]+000 TEXCOORD3: 0.0235294122, 0, 0.125490203, 0.239215687
vb0[218]+028 TANGENT: 1, -0.0157480314, -0.0393700786, 1

vb0[219]+000 POSITION: -0.0266571045, 1.31152344, -0.270751953, 1
vb0[219]+008 NORMAL: 0.0314960629, -0.96062994, 0.291338593, 0
vb0[219]+000 COLOR: 0.827450991, 0.650980413, 0.247058824, 0.239215687
vb0[219]+012 TEXCOORD: 0.984375, 0.960449219
vb0[219]+016 TEXCOORD1: 0.487060547, 0.527832031
vb0[219]+020 TEXCOORD2: 0.494628906, 0.505859375
vb0[219]+000 TEXCOORD3: 0.827450991, 0.650980413, 0.247058824, 0.239215687
vb0[219]+028 TANGENT: 0.992125988, 0, -0.0944881886, 1

vb0[220]+000 POSITION: 2.2958874e-41, 1.31152344, -0.271972656, 1
vb0[220]+008 NORMAL: 0, -0.96062994, 0.291338593, 0
vb0[220]+000 COLOR: 0.00784313772, 0, 0.247058824, 0.239215687
vb0[220]+012 TEXCOORD: 1, 0.960449219
vb0[220]+016 TEXCOORD1: 0.483886719, 0.526367188
vb0[220]+020 TEXCOORD2: 0.493652344, 0.505371094
vb0[220]+000 TEXCOORD3: 0.00784313772, 0, 0.247058824, 0.239215687
vb0[220]+028 TANGENT: 1, -0.0157480314, -0.0472440943, 1

vb0[221]+000 POSITION: -0.0179138184, 1.33398438, -0.181884766, 1
vb0[221]+008 NORMAL: 0.0236220472, -0.976377964, 0.204724416, 0
vb0[221]+000 COLOR: 0.588235319, 0.643137276, 0.337254912, 0.239215687
vb0[221]+012 TEXCOORD: 0.984375, 0.977050781
vb0[221]+016 TEXCOORD1: 0.491210938, 0.516113281
vb0[221]+020 TEXCOORD2: 0.495849609, 0.502441406
vb0[221]+000 TEXCOORD3: 0.588235319, 0.643137276, 0.337254912, 0.239215687
vb0[221]+028 TANGENT: 0.992125988, 0, -0.0944881886, 1

vb0[222]+000 POSITION: 5.73971851e-41, 1.33398438, -0.182739258, 1
vb0[222]+008 NORMAL: 0, -0.976377964, 0.204724416, 0
vb0[222]+000 COLOR: 0.0196078438, 0, 0.337254912, 0.239215687
vb0[222]+012 TEXCOORD: 1, 0.977050781
vb0[222]+016 TEXCOORD1: 0.489257813, 0.515136719
vb0[222]+020 TEXCOORD2: 0.495361328, 0.502441406
vb0[222]+000 TEXCOORD3: 0.0196078438, 0, 0.337254912, 0.239215687
vb0[222]+028 TANGENT: 1, -0.00787401572, -0.0472440943, 1

vb0[223]+000 POSITION: -0.00918579102, 1.34765625, -0.0933227539, 1
vb0[223]+008 NORMAL: 0.00787401572, -0.992125988, 0.11811024, 0
vb0[223]+000 COLOR: 0.70588237, 0.627451003, 0.392156869, 0.239215687
vb0[223]+012 TEXCOORD: 0.984375, 0.989746094
vb0[223]+016 TEXCOORD1: 0.494628906, 0.505859375
vb0[223]+020 TEXCOORD2: 0.496826172, 0.499511719
vb0[223]+000 TEXCOORD3: 0.70588237, 0.627451003, 0.392156869, 0.239215687
vb0[223]+028 TANGENT: 0.992125988, -0.00787401572, -0.0944881886, 1

vb0[224]+000 POSITION: 6.88766221e-41, 1.34765625, -0.09375, 1
vb0[224]+008 NORMAL: 0, -0.992125988, 0.11811024, 0
vb0[224]+000 COLOR: 0.0235294122, 0, 0.392156869, 0.239215687
vb0[224]+012 TEXCOORD: 1, 0.989746094
vb0[224]+016 TEXCOORD1: 0.493652344, 0.505859375
vb0[224]+020 TEXCOORD2: 0.496582031, 0.499511719
vb0[224]+000 TEXCOORD3: 0.0235294122, 0, 0.392156869, 0.239215687
vb0[224]+028 TANGENT: 1, -0.00787401572, -0.0472440943, 1

vb0[225]+000 POSITION: -0.00300788879, 1.35058594, -0.0612182617, 1
vb0[225]+008 NORMAL: 0, -1, 0.0629921257, 0
vb0[225]+000 COLOR: 0.160784319, 0.603921592, 0.403921574, 0.239215687
vb0[225]+012 TEXCOORD: 0.9921875, 0.993652344
vb0[225]+016 TEXCOORD1: 0.495361328, 0.502441406
vb0[225]+020 TEXCOORD2: 0.497070313, 0.498535156
vb0[225]+000 TEXCOORD3: 0.160784319, 0.603921592, 0.403921574, 0.239215687
vb0[225]+028 TANGENT: 0.622047246, 0.0472440943, 0.779527545, 1

vb0[226]+000 POSITION: -0.00525665283, 1.3515625, -0.0533752441, 1
vb0[226]+008 NORMAL: 0, -1, 0.0393700786, 0
vb0[226]+000 COLOR: 0.384313732, 0.615686297, 0.407843143, 0.239215687
vb0[226]+012 TEXCOORD: 0.984375, 0.997070313
vb0[226]+016 TEXCOORD1: 0.49609375, 0.501953125
vb0[226]+020 TEXCOORD2: 0.497314453, 0.498535156
vb0[226]+000 TEXCOORD3: 0.384313732, 0.615686297, 0.407843143, 0.239215687
vb0[226]+028 TANGENT: 0.992125988, 0, -0.0944881886, 1

vb0[227]+000 POSITION: 9.18354962e-41, 1.3515625, -0.0536193848, 1
vb0[227]+008 NORMAL: 0, -1, 0.0393700786, 0
vb0[227]+000 COLOR: 0.0313725509, 0, 0.407843143, 0.239215687
vb0[227]+012 TEXCOORD: 1, 0.997070313
vb0[227]+016 TEXCOORD1: 0.495605469, 0.501953125
vb0[227]+020 TEXCOORD2: 0.497070313, 0.498291016
vb0[227]+000 TEXCOORD3: 0.0313725509, 0, 0.407843143, 0.239215687
vb0[227]+028 TANGENT: 1, 0, -0.0472440943, 1

vb0[228]+000 POSITION: -0.00899505615, 1.35058594, -0.0606384277, 1
vb0[228]+008 NORMAL: 0, -1, 0.0629921257, 0
vb0[228]+000 COLOR: 0.607843161, 0.627451003, 0.403921574, 0.239215687
vb0[228]+012 TEXCOORD: 0.9765625, 0.993652344
vb0[228]+016 TEXCOORD1: 0.49609375, 0.502929688
vb0[228]+020 TEXCOORD2: 0.497314453, 0.498779297
vb0[228]+000 TEXCOORD3: 0.607843161, 0.627451003, 0.403921574, 0.239215687
vb0[228]+028 TANGENT: 0.992125988, -0.00787401572, -0.14173229, 1

vb0[229]+000 POSITION: -0.0182952881, 1.34765625, -0.0919189453, 1
vb0[229]+008 NORMAL: 0.0157480314, -0.992125988, 0.11023622, 0
vb0[229]+000 COLOR: 0.686274529, 0.643137276, 0.392156869, 0.239215687
vb0[229]+012 TEXCOORD: 0.96875, 0.989746094
vb0[229]+016 TEXCOORD1: 0.495605469, 0.506347656
vb0[229]+020 TEXCOORD2: 0.497070313, 0.499755859
vb0[229]+000 TEXCOORD3: 0.686274529, 0.643137276, 0.392156869, 0.239215687
vb0[229]+028 TANGENT: 0.984251976, -0.00787401572, -0.196850389, 1

vb0[230]+000 POSITION: -0.0530700684, 1.31152344, -0.266845703, 1
vb0[230]+008 NORMAL: 0.05511811, -0.96062994, 0.283464581, 0
vb0[230]+000 COLOR: 0.796078444, 0.666666687, 0.247058824, 0.239215687
vb0[230]+012 TEXCOORD: 0.96875, 0.960449219
vb0[230]+016 TEXCOORD1: 0.489990234, 0.528808594
vb0[230]+020 TEXCOORD2: 0.495361328, 0.506347656
vb0[230]+000 TEXCOORD3: 0.796078444, 0.666666687, 0.247058824, 0.239215687
vb0[230]+028 TANGENT: 0.984251976, 0, -0.196850389, 1

vb0[231]+000 POSITION: -0.0356445313, 1.33398438, -0.179321289, 1
vb0[231]+008 NORMAL: 0.0393700786, -0.976377964, 0.196850389, 0
vb0[231]+000 COLOR: 0.564705908, 0.65882355, 0.337254912, 0.239215687
vb0[231]+012 TEXCOORD: 0.96875, 0.977050781
vb0[231]+016 TEXCOORD1: 0.492919922, 0.516601563
vb0[231]+020 TEXCOORD2: 0.496337891, 0.502441406
vb0[231]+000 TEXCOORD3: 0.564705908, 0.65882355, 0.337254912, 0.239215687
vb0[231]+028 TANGENT: 0.984251976, 0, -0.196850389, 1

vb0[232]+000 POSITION: -0.0699462891, 1.28125, -0.3515625, 1
vb0[232]+008 NORMAL: 0.0708661452, -0.929133832, 0.362204731, 0
vb0[232]+000 COLOR: 0.478431374, 0.674509823, 0.125490203, 0.239215687
vb0[232]+012 TEXCOORD: 0.96875, 0.942382813
vb0[232]+016 TEXCOORD1: 0.486572266, 0.542480469
vb0[232]+020 TEXCOORD2: 0.494384766, 0.510253906
vb0[232]+000 TEXCOORD3: 0.478431374, 0.674509823, 0.125490203, 0.239215687
vb0[232]+028 TANGENT: 0.984251976, 0, -0.196850389, 1

vb0[233]+000 POSITION: -0.0861816406, 1.24316406, -0.433105469, 1
vb0[233]+008 NORMAL: 0.0866141766, -0.889763772, 0.456692904, 0
vb0[233]+000 COLOR: 0.517647088, 0.678431392, 0.97647059, 0.235294119
vb0[233]+012 TEXCOORD: 0.96875, 0.919921875
vb0[233]+016 TEXCOORD1: 0.482666016, 0.558105469
vb0[233]+020 TEXCOORD2: 0.493164063, 0.515136719
vb0[233]+000 TEXCOORD3: 0.517647088, 0.678431392, 0.97647059, 0.235294119
vb0[233]+028 TANGENT: 0.984251976, 0, -0.196850389, 1

vb0[234]+000 POSITION: -0.128173828, 1.24316406, -0.422607422, 1
vb0[234]+008 NORMAL: 0.133858263, -0.889763772, 0.44094488, 0
vb0[234]+000 COLOR: 0.101960786, 0.690196097, 0.97647059, 0.235294119
vb0[234]+012 TEXCOORD: 0.953125, 0.919921875
vb0[234]+016 TEXCOORD1: 0.488769531, 0.559082031
vb0[234]+020 TEXCOORD2: 0.494873047, 0.515136719
vb0[234]+000 TEXCOORD3: 0.101960786, 0.690196097, 0.97647059, 0.235294119
vb0[234]+028 TANGENT: 0.96062994, 0, -0.291338593, 1

vb0[235]+000 POSITION: -0.151123047, 1.19628906, -0.498046875, 1
vb0[235]+008 NORMAL: 0.165354326, -0.826771677, 0.543307066, 0
vb0[235]+000 COLOR: 0.839215696, 0.690196097, 0.788235307, 0.235294119
vb0[235]+012 TEXCOORD: 0.953125, 0.893066406
vb0[235]+016 TEXCOORD1: 0.486328125, 0.576660156
vb0[235]+020 TEXCOORD2: 0.493896484, 0.521972656
vb0[235]+000 TEXCOORD3: 0.839215696, 0.690196097, 0.788235307, 0.235294119
vb0[235]+028 TANGENT: 0.96062994, 0, -0.291338593, 1

vb0[236]+000 POSITION: -0.1015625, 1.19628906, -0.510742188, 1
vb0[236]+008 NORMAL: 0.11023622, -0.826771677, 0.55905509, 0
vb0[236]+000 COLOR: 0.501960814, 0.68235296, 0.788235307, 0.235294119
vb0[236]+012 TEXCOORD: 0.96875, 0.893066406
vb0[236]+016 TEXCOORD1: 0.478515625, 0.575195313
vb0[236]+020 TEXCOORD2: 0.491455078, 0.521484375
vb0[236]+000 TEXCOORD3: 0.501960814, 0.68235296, 0.788235307, 0.235294119
vb0[236]+028 TANGENT: 0.984251976, 0, -0.196850389, 1

vb0[237]+000 POSITION: -0.172485352, 1.13769531, -0.568847656, 1
vb0[237]+008 NORMAL: 0.196850389, -0.740157485, 0.637795269, 0
vb0[237]+000 COLOR: 0.521568656, 0.694117665, 0.552941203, 0.235294119
vb0[237]+012 TEXCOORD: 0.953125, 0.860839844
vb0[237]+016 TEXCOORD1: 0.483398438, 0.595214844
vb0[237]+020 TEXCOORD2: 0.492675781, 0.530273438
vb0[237]+000 TEXCOORD3: 0.521568656, 0.694117665, 0.552941203, 0.235294119
vb0[237]+028 TANGENT: 0.96062994, 0, -0.291338593, 1

vb0[238]+000 POSITION: -0.192260742, 1.06835938, -0.633789063, 1
vb0[238]+008 NORMAL: 0.22047244, -0.653543293, 0.724409461, 0
vb0[238]+000 COLOR: 0.152941182, 0.698039234, 0.274509817, 0.235294119
vb0[238]+012 TEXCOORD: 0.953125, 0.82421875
vb0[238]+016 TEXCOORD1: 0.480712891, 0.613769531
vb0[238]+020 TEXCOORD2: 0.490966797, 0.540039063
vb0[238]+000 TEXCOORD3: 0.152941182, 0.698039234, 0.274509817, 0.235294119
vb0[238]+028 TANGENT: 0.96062994, 0, -0.291338593, 1

vb0[239]+000 POSITION: -0.210205078, 0.985839844, -0.692871094, 1
vb0[239]+008 NORMAL: 0.244094491, -0.551181078, 0.803149581, 0
vb0[239]+000 COLOR: 0.729411781, 0.698039234, 0.890196085, 0.23137255
vb0[239]+012 TEXCOORD: 0.953125, 0.778808594
vb0[239]+016 TEXCOORD1: 0.478027344, 0.631835938
vb0[239]+020 TEXCOORD2: 0.489013672, 0.552734375
vb0[239]+000 TEXCOORD3: 0.729411781, 0.698039234, 0.890196085, 0.23137255
vb0[239]+028 TANGENT: 0.96062994, 0, -0.291338593, 1

vb0[240]+000 POSITION: -0.226196289, 0.889160156, -0.745605469, 1
vb0[240]+008 NORMAL: 0.259842515, -0.44094488, 0.858267725, 0
vb0[240]+000 COLOR: 0.239215687, 0.701960802, 0.113725491, 0.23137255
vb0[240]+012 TEXCOORD: 0.953125, 0.718261719
vb0[240]+016 TEXCOORD1: 0.475585938, 0.648925781
vb0[240]+020 TEXCOORD2: 0.486572266, 0.568359375
vb0[240]+000 TEXCOORD3: 0.239215687, 0.701960802, 0.113725491, 0.23137255
vb0[240]+028 TANGENT: 0.96062994, 0, -0.291338593, 1

vb0[241]+000 POSITION: -0.239868164, 0.776855469, -0.790527344, 1
vb0[241]+008 NORMAL: 0.275590539, -0.346456707, 0.897637784, 0
vb0[241]+000 COLOR: 0.678431392, 0.701960802, 0.215686277, 0.227450982
vb0[241]+012 TEXCOORD: 0.953125, 0.639160156
vb0[241]+016 TEXCOORD1: 0.472900391, 0.666015625
vb0[241]+020 TEXCOORD2: 0.483642578, 0.587402344
vb0[241]+000 TEXCOORD3: 0.678431392, 0.701960802, 0.215686277, 0.227450982
vb0[241]+028 TANGENT: 0.96062994, 0, -0.291338593, 1

vb0[242]+000 POSITION: -0.251220703, 0.653320313, -0.828125, 1
vb0[242]+008 NORMAL: 0.283464581, -0.267716527, 0.92125982, 0
vb0[242]+000 COLOR: 0.0196078438, 0.70588237, 0.227450982, 0.223529413
vb0[242]+012 TEXCOORD: 0.953125, 0.544921875
vb0[242]+016 TEXCOORD1: 0.469726563, 0.687011719
vb0[242]+020 TEXCOORD2: 0.479736328, 0.610839844
vb0[242]+000 TEXCOORD3: 0.0196078438, 0.70588237, 0.227450982, 0.223529413
vb0[242]+028 TANGENT: 0.96062994, 0, -0.291338593, 1

vb0[243]+000 POSITION: -0.260253906, 0.523925781, -0.857910156, 1
vb0[243]+008 NORMAL: 0.283464581, -0.188976377, 0.937007844, 0
vb0[243]+000 COLOR: 0.164705887, 0.70588237, 0.192156866, 0.219607845
vb0[243]+012 TEXCOORD: 0.953125, 0.43359375
vb0[243]+016 TEXCOORD1: 0.464355469, 0.723144531
vb0[243]+020 TEXCOORD2: 0.474365234, 0.644042969
vb0[243]+000 TEXCOORD3: 0.164705887, 0.70588237, 0.192156866, 0.219607845
vb0[243]+028 TANGENT: 0.96062994, 0, -0.291338593, 1

vb0[244]+000 POSITION: -0.343017578, 0.523925781, -0.828125, 1
vb0[244]+008 NORMAL: 0.377952754, -0.188976377, 0.905511796, 0
vb0[244]+000 COLOR: 0.490196079, 0.709803939, 0.192156866, 0.219607845
vb0[244]+012 TEXCOORD: 0.9375, 0.43359375
vb0[244]+016 TEXCOORD1: 0.486816406, 0.725097656
vb0[244]+020 TEXCOORD2: 0.489013672, 0.645507813
vb0[244]+000 TEXCOORD3: 0.490196079, 0.709803939, 0.192156866, 0.219607845
vb0[244]+028 TANGENT: 0.92125982, 0, -0.385826766, 1

vb0[245]+000 POSITION: -0.422607422, 0.523925781, -0.790527344, 1
vb0[245]+008 NORMAL: 0.464566916, -0.188976377, 0.866141737, 0
vb0[245]+000 COLOR: 0.764705896, 0.713725507, 0.192156866, 0.219607845
vb0[245]+012 TEXCOORD: 0.921875, 0.43359375
vb0[245]+016 TEXCOORD1: 0.509277344, 0.725097656
vb0[245]+020 TEXCOORD2: 0.503417969, 0.645507813
vb0[245]+000 TEXCOORD3: 0.764705896, 0.713725507, 0.192156866, 0.219607845
vb0[245]+028 TANGENT: 0.88188976, 0, -0.472440958, 1

vb0[246]+000 POSITION: -0.498046875, 0.523925781, -0.745605469, 1
vb0[246]+008 NORMAL: 0.543307066, -0.188976377, 0.818897665, 0
vb0[246]+000 COLOR: 0.972549021, 0.717647076, 0.192156866, 0.219607845
vb0[246]+012 TEXCOORD: 0.90625, 0.43359375
vb0[246]+016 TEXCOORD1: 0.531738281, 0.72265625
vb0[246]+020 TEXCOORD2: 0.518066406, 0.644042969
vb0[246]+000 TEXCOORD3: 0.972549021, 0.717647076, 0.192156866, 0.219607845
vb0[246]+028 TANGENT: 0.834645689, 0, -0.55905509, 1

vb0[247]+000 POSITION: -0.568847656, 0.523925781, -0.692871094, 1
vb0[247]+008 NORMAL: 0.622047246, -0.188976377, 0.755905509, 0
vb0[247]+000 COLOR: 0.552941203, 0.721568644, 0.192156866, 0.219607845
vb0[247]+012 TEXCOORD: 0.890625, 0.43359375
vb0[247]+016 TEXCOORD1: 0.553710938, 0.718261719
vb0[247]+020 TEXCOORD2: 0.532714844, 0.641601563
vb0[247]+000 TEXCOORD3: 0.552941203, 0.721568644, 0.192156866, 0.219607845
vb0[247]+028 TANGENT: 0.771653533, 0, -0.637795269, 1

vb0[248]+000 POSITION: -0.633789063, 0.523925781, -0.633789063, 1
vb0[248]+008 NORMAL: 0.692913413, -0.188976377, 0.692913413, 0
vb0[248]+000 COLOR: 0.0705882385, 0.725490212, 0.192156866, 0.219607845
vb0[248]+012 TEXCOORD: 0.875, 0.43359375
vb0[248]+016 TEXCOORD1: 0.575683594, 0.711914063
vb0[248]+020 TEXCOORD2: 0.546875, 0.637207031
vb0[248]+000 TEXCOORD3: 0.0705882385, 0.725490212, 0.192156866, 0.219607845
vb0[248]+028 TANGENT: 0.708661437, 0, -0.708661437, 1

vb0[249]+000 POSITION: -0.692871094, 0.523925781, -0.568847656, 1
vb0[249]+008 NORMAL: 0.755905509, -0.188976377, 0.622047246, 0
vb0[249]+000 COLOR: 0.545098066, 0.725490212, 0.192156866, 0.219607845
vb0[249]+012 TEXCOORD: 0.859375, 0.43359375
vb0[249]+016 TEXCOORD1: 0.596191406, 0.703125
vb0[249]+020 TEXCOORD2: 0.560546875, 0.631835938
vb0[249]+000 TEXCOORD3: 0.545098066, 0.725490212, 0.192156866, 0.219607845
vb0[249]+028 TANGENT: 0.637795269, 0, -0.771653533, 1

vb0[250]+000 POSITION: -0.745605469, 0.523925781, -0.498046875, 1
vb0[250]+008 NORMAL: 0.818897665, -0.188976377, 0.543307066, 0
vb0[250]+000 COLOR: 0.968627453, 0.725490212, 0.192156866, 0.219607845
vb0[250]+012 TEXCOORD: 0.84375, 0.43359375
vb0[250]+016 TEXCOORD1: 0.616210938, 0.692382813
vb0[250]+020 TEXCOORD2: 0.573242188, 0.625
vb0[250]+000 TEXCOORD3: 0.968627453, 0.725490212, 0.192156866, 0.219607845
vb0[250]+028 TANGENT: 0.55905509, 0, -0.834645689, 1

vb0[251]+000 POSITION: -0.764160156, 0.375, -0.510742188, 1
vb0[251]+008 NORMAL: 0.826771677, -0.11023622, 0.551181078, 0
vb0[251]+000 COLOR: 0.113725491, 0.729411781, 0, 0.211764708
vb0[251]+012 TEXCOORD: 0.84375, 0.3046875
vb0[251]+016 TEXCOORD1: 0.650390625, 0.749023438
vb0[251]+020 TEXCOORD2: 0.601074219, 0.671875
vb0[251]+000 TEXCOORD3: 0.113725491, 0.729411781, 0, 0.211764708
vb0[251]+028 TANGENT: 0.55905509, 0, -0.834645689, 1

vb0[252]+000 POSITION: -0.810546875, 0.375, -0.433105469, 1
vb0[252]+008 NORMAL: 0.874015749, -0.11023622, 0.472440958, 0
vb0[252]+000 COLOR: 0.486274511, 0.729411781, 0, 0.211764708
vb0[252]+012 TEXCOORD: 0.828125, 0.3046875
vb0[252]+016 TEXCOORD1: 0.674316406, 0.732910156
vb0[252]+020 TEXCOORD2: 0.617675781, 0.661132813
vb0[252]+000 TEXCOORD3: 0.486274511, 0.729411781, 0, 0.211764708
vb0[252]+028 TANGENT: 0.472440958, 0, -0.88188976, 1

vb0[253]+000 POSITION: -0.849121094, 0.375, -0.3515625, 1
vb0[253]+008 NORMAL: 0.92125982, -0.11023622, 0.377952754, 0
vb0[253]+000 COLOR: 0.796078444, 0.729411781, 0, 0.211764708
vb0[253]+012 TEXCOORD: 0.8125, 0.3046875
vb0[253]+016 TEXCOORD1: 0.696777344, 0.714355469
vb0[253]+020 TEXCOORD2: 0.633300781, 0.6484375
vb0[253]+000 TEXCOORD3: 0.796078444, 0.729411781, 0, 0.211764708
vb0[253]+028 TANGENT: 0.385826766, 0, -0.92125982, 1

vb0[254]+000 POSITION: -0.790527344, 0.523925781, -0.422607422, 1
vb0[254]+008 NORMAL: 0.866141737, -0.188976377, 0.464566916, 0
vb0[254]+000 COLOR: 0.325490206, 0.729411781, 0.192156866, 0.219607845
vb0[254]+012 TEXCOORD: 0.828125, 0.43359375
vb0[254]+016 TEXCOORD1: 0.634765625, 0.6796875
vb0[254]+020 TEXCOORD2: 0.585449219, 0.616699219
vb0[254]+000 TEXCOORD3: 0.325490206, 0.729411781, 0.192156866, 0.219607845
vb0[254]+028 TANGENT: 0.472440958, 0, -0.88188976, 1

vb0[255]+000 POSITION: -0.879394531, 0.375, -0.266845703, 1
vb0[255]+008 NORMAL: 0.952755928, -0.11023622, 0.291338593, 0
vb0[255]+000 COLOR: 0.0352941193, 0.733333349, 0, 0.211764708
vb0[255]+012 TEXCOORD: 0.796875, 0.3046875
vb0[255]+016 TEXCOORD1: 0.717285156, 0.693847656
vb0[255]+020 TEXCOORD2: 0.647949219, 0.634277344
vb0[255]+000 TEXCOORD3: 0.0352941193, 0.733333349, 0, 0.211764708
vb0[255]+028 TANGENT: 0.291338593, 0, -0.96062994, 1

vb0[256]+000 POSITION: -0.828125, 0.523925781, -0.343017578, 1
vb0[256]+008 NORMAL: 0.905511796, -0.188976377, 0.377952754, 0
vb0[256]+000 COLOR: 0.627451003, 0.729411781, 0.192156866, 0.219607845
vb0[256]+012 TEXCOORD: 0.8125, 0.43359375
vb0[256]+016 TEXCOORD1: 0.651855469, 0.665527344
vb0[256]+020 TEXCOORD2: 0.597167969, 0.607910156
vb0[256]+000 TEXCOORD3: 0.627451003, 0.729411781, 0.192156866, 0.219607845
vb0[256]+028 TANGENT: 0.385826766, 0, -0.92125982, 1

vb0[257]+000 POSITION: -0.901367188, 0.375, -0.179321289, 1
vb0[257]+008 NORMAL: 0.976377964, -0.11023622, 0.196850389, 0
vb0[257]+000 COLOR: 0.211764708, 0.733333349, 0, 0.211764708
vb0[257]+012 TEXCOORD: 0.78125, 0.3046875
vb0[257]+016 TEXCOORD1: 0.735351563, 0.670898438
vb0[257]+020 TEXCOORD2: 0.660644531, 0.618652344
vb0[257]+000 TEXCOORD3: 0.211764708, 0.733333349, 0, 0.211764708
vb0[257]+028 TANGENT: 0.196850389, 0, -0.984251976, 1

vb0[258]+000 POSITION: -0.857910156, 0.523925781, -0.260253906, 1
vb0[258]+008 NORMAL: 0.937007844, -0.188976377, 0.283464581, 0
vb0[258]+000 COLOR: 0.866666675, 0.729411781, 0.192156866, 0.219607845
vb0[258]+012 TEXCOORD: 0.796875, 0.43359375
vb0[258]+016 TEXCOORD1: 0.667480469, 0.649414063
vb0[258]+020 TEXCOORD2: 0.607421875, 0.597167969
vb0[258]+000 TEXCOORD3: 0.866666675, 0.729411781, 0.192156866, 0.219607845
vb0[258]+028 TANGENT: 0.291338593, 0, -0.96062994, 1

vb0[259]+000 POSITION: -0.914550781, 0.375, -0.0900878906, 1
vb0[259]+008 NORMAL: 0.992125988, -0.11023622, 0.0944881886, 0
vb0[259]+000 COLOR: 0.31764707, 0.733333349, 0, 0.211764708
vb0[259]+012 TEXCOORD: 0.765625, 0.3046875
vb0[259]+016 TEXCOORD1: 0.751464844, 0.646972656
vb0[259]+020 TEXCOORD2: 0.671875, 0.602050781
vb0[259]+000 TEXCOORD3: 0.31764707, 0.733333349, 0, 0.211764708
vb0[259]+028 TANGENT: 0.0944881886, 0, -0.992125988, 1

vb0[260]+000 POSITION: -0.879394531, 0.523925781, -0.174926758, 1
vb0[260]+008 NORMAL: 0.96062994, -0.188976377, 0.188976377, 0
vb0[260]+000 COLOR: 0.0352941193, 0.733333349, 0.192156866, 0.219607845
vb0[260]+012 TEXCOORD: 0.78125, 0.43359375
vb0[260]+016 TEXCOORD1: 0.681640625, 0.631835938
vb0[260]+020 TEXCOORD2: 0.616699219, 0.5859375
vb0[260]+000 TEXCOORD3: 0.0352941193, 0.733333349, 0.192156866, 0.219607845
vb0[260]+028 TANGENT: 0.196850389, 0, -0.984251976, 1

vb0[261]+000 POSITION: -0.892089844, 0.523925781, -0.087890625, 1
vb0[261]+008 NORMAL: 0.976377964, -0.188976377, 0.0944881886, 0
vb0[261]+000 COLOR: 0.137254909, 0.733333349, 0.192156866, 0.219607845
vb0[261]+012 TEXCOORD: 0.765625, 0.43359375
vb0[261]+016 TEXCOORD1: 0.693847656, 0.61328125
vb0[261]+020 TEXCOORD2: 0.625, 0.573730469
vb0[261]+000 TEXCOORD3: 0.137254909, 0.733333349, 0.192156866, 0.219607845
vb0[261]+028 TANGENT: 0.0944881886, 0, -0.992125988, 1

vb0[262]+000 POSITION: -0.918945313, 0.375, -9.18354962e-41, 1
vb0[262]+008 NORMAL: 0.992125988, -0.11023622, 0, 0
vb0[262]+000 COLOR: 0.352941185, 0.733333349, 0, 0.211764708
vb0[262]+012 TEXCOORD: 0.75, 0.3046875
vb0[262]+016 TEXCOORD1: 0.765136719, 0.62109375
vb0[262]+020 TEXCOORD2: 0.681152344, 0.584472656
vb0[262]+000 TEXCOORD3: 0.352941185, 0.733333349, 0, 0.211764708
vb0[262]+028 TANGENT: 0, 0, -1, 1

vb0[263]+000 POSITION: -0.896484375, 0.523925781, -2.2958874e-41, 1
vb0[263]+008 NORMAL: 0.984251976, -0.188976377, 0, 0
vb0[263]+000 COLOR: 0.172549024, 0.733333349, 0.192156866, 0.219607845
vb0[263]+012 TEXCOORD: 0.75, 0.43359375
vb0[263]+016 TEXCOORD1: 0.704589844, 0.593261719
vb0[263]+020 TEXCOORD2: 0.631835938, 0.561035156
vb0[263]+000 TEXCOORD3: 0.172549024, 0.733333349, 0.192156866, 0.219607845
vb0[263]+028 TANGENT: 0, 0, -1, 1

vb0[264]+000 POSITION: -0.892089844, 0.523925781, 0.087890625, 1
vb0[264]+008 NORMAL: 0.976377964, -0.188976377, -0.0944881886, 0
vb0[264]+000 COLOR: 0.137254909, 0.733333349, 0.192156866, 0.219607845
vb0[264]+012 TEXCOORD: 0.734375, 0.43359375
vb0[264]+016 TEXCOORD1: 0.712890625, 0.572265625
vb0[264]+020 TEXCOORD2: 0.637207031, 0.547363281
vb0[264]+000 TEXCOORD3: 0.137254909, 0.733333349, 0.192156866, 0.219607845
vb0[264]+028 TANGENT: -0.0944881886, 0, -0.992125988, 1

vb0[265]+000 POSITION: -0.879394531, 0.523925781, 0.174926758, 1
vb0[265]+008 NORMAL: 0.96062994, -0.188976377, -0.188976377, 0
vb0[265]+000 COLOR: 0.0352941193, 0.733333349, 0.192156866, 0.219607845
vb0[265]+012 TEXCOORD: 0.71875, 0.43359375
vb0[265]+016 TEXCOORD1: 0.719238281, 0.55078125
vb0[265]+020 TEXCOORD2: 0.641601563, 0.533691406
vb0[265]+000 TEXCOORD3: 0.0352941193, 0.733333349, 0.192156866, 0.219607845
vb0[265]+028 TANGENT: -0.196850389, 0, -0.984251976, 1

vb0[266]+000 POSITION: -0.857910156, 0.523925781, 0.260253906, 1
vb0[266]+008 NORMAL: 0.937007844, -0.188976377, -0.283464581, 0
vb0[266]+000 COLOR: 0.866666675, 0.729411781, 0.192156866, 0.219607845
vb0[266]+012 TEXCOORD: 0.703125, 0.43359375
vb0[266]+016 TEXCOORD1: 0.723144531, 0.528808594
vb0[266]+020 TEXCOORD2: 0.64453125, 0.519042969
vb0[266]+000 TEXCOORD3: 0.866666675, 0.729411781, 0.192156866, 0.219607845
vb0[266]+028 TANGENT: -0.291338593, 0, -0.96062994, 1

vb0[267]+000 POSITION: -0.828125, 0.523925781, 0.343017578, 1
vb0[267]+008 NORMAL: 0.905511796, -0.188976377, -0.377952754, 0
vb0[267]+000 COLOR: 0.627451003, 0.729411781, 0.192156866, 0.219607845
vb0[267]+012 TEXCOORD: 0.6875, 0.43359375
vb0[267]+016 TEXCOORD1: 0.725097656, 0.506347656
vb0[267]+020 TEXCOORD2: 0.645996094, 0.504882813
vb0[267]+000 TEXCOORD3: 0.627451003, 0.729411781, 0.192156866, 0.219607845
vb0[267]+028 TANGENT: -0.385826766, 0, -0.92125982, 1

vb0[268]+000 POSITION: -0.790527344, 0.523925781, 0.422607422, 1
vb0[268]+008 NORMAL: 0.866141737, -0.188976377, -0.464566916, 0
vb0[268]+000 COLOR: 0.325490206, 0.729411781, 0.192156866, 0.219607845
vb0[268]+012 TEXCOORD: 0.671875, 0.43359375
vb0[268]+016 TEXCOORD1: 0.725097656, 0.484130859
vb0[268]+020 TEXCOORD2: 0.645996094, 0.489990234
vb0[268]+000 TEXCOORD3: 0.325490206, 0.729411781, 0.192156866, 0.219607845
vb0[268]+028 TANGENT: -0.472440958, 0, -0.88188976, 1

vb0[269]+000 POSITION: -0.745605469, 0.523925781, 0.498046875, 1
vb0[269]+008 NORMAL: 0.818897665, -0.188976377, -0.543307066, 0
vb0[269]+000 COLOR: 0.968627453, 0.725490212, 0.192156866, 0.219607845
vb0[269]+012 TEXCOORD: 0.65625, 0.43359375
vb0[269]+016 TEXCOORD1: 0.72265625, 0.461914063
vb0[269]+020 TEXCOORD2: 0.64453125, 0.475585938
vb0[269]+000 TEXCOORD3: 0.968627453, 0.725490212, 0.192156866, 0.219607845
vb0[269]+028 TANGENT: -0.55905509, 0, -0.834645689, 1

vb0[270]+000 POSITION: -0.692871094, 0.523925781, 0.568847656, 1
vb0[270]+008 NORMAL: 0.755905509, -0.188976377, -0.622047246, 0
vb0[270]+000 COLOR: 0.545098066, 0.725490212, 0.192156866, 0.219607845
vb0[270]+012 TEXCOORD: 0.640625, 0.43359375
vb0[270]+016 TEXCOORD1: 0.717773438, 0.439941406
vb0[270]+020 TEXCOORD2: 0.641601563, 0.461181641
vb0[270]+000 TEXCOORD3: 0.545098066, 0.725490212, 0.192156866, 0.219607845
vb0[270]+028 TANGENT: -0.637795269, 0, -0.771653533, 1

vb0[271]+000 POSITION: -0.633789063, 0.523925781, 0.633789063, 1
vb0[271]+008 NORMAL: 0.692913413, -0.188976377, -0.692913413, 0
vb0[271]+000 COLOR: 0.0705882385, 0.725490212, 0.192156866, 0.219607845
vb0[271]+012 TEXCOORD: 0.625, 0.43359375
vb0[271]+016 TEXCOORD1: 0.7109375, 0.418701172
vb0[271]+020 TEXCOORD2: 0.637695313, 0.447265625
vb0[271]+000 TEXCOORD3: 0.0705882385, 0.725490212, 0.192156866, 0.219607845
vb0[271]+028 TANGENT: -0.708661437, 0, -0.708661437, 1

vb0[272]+000 POSITION: -0.568847656, 0.523925781, 0.692871094, 1
vb0[272]+008 NORMAL: 0.622047246, -0.188976377, -0.755905509, 0
vb0[272]+000 COLOR: 0.552941203, 0.721568644, 0.192156866, 0.219607845
vb0[272]+012 TEXCOORD: 0.609375, 0.43359375
vb0[272]+016 TEXCOORD1: 0.702148438, 0.398193359
vb0[272]+020 TEXCOORD2: 0.631835938, 0.43359375
vb0[272]+000 TEXCOORD3: 0.552941203, 0.721568644, 0.192156866, 0.219607845
vb0[272]+028 TANGENT: -0.771653533, 0, -0.637795269, 1

vb0[273]+000 POSITION: -0.498046875, 0.523925781, 0.745605469, 1
vb0[273]+008 NORMAL: 0.543307066, -0.188976377, -0.818897665, 0
vb0[273]+000 COLOR: 0.972549021, 0.717647076, 0.192156866, 0.219607845
vb0[273]+012 TEXCOORD: 0.59375, 0.43359375
vb0[273]+016 TEXCOORD1: 0.69140625, 0.378662109
vb0[273]+020 TEXCOORD2: 0.625, 0.420898438
vb0[273]+000 TEXCOORD3: 0.972549021, 0.717647076, 0.192156866, 0.219607845
vb0[273]+028 TANGENT: -0.834645689, 0, -0.55905509, 1

vb0[274]+000 POSITION: -0.510742188, 0.375, 0.764160156, 1
vb0[274]+008 NORMAL: 0.551181078, -0.11023622, -0.826771677, 0
vb0[274]+000 COLOR: 0.0862745121, 0.721568644, 0, 0.211764708
vb0[274]+012 TEXCOORD: 0.59375, 0.3046875
vb0[274]+016 TEXCOORD1: 0.748535156, 0.343017578
vb0[274]+020 TEXCOORD2: 0.671875, 0.391845703
vb0[274]+000 TEXCOORD3: 0.0862745121, 0.721568644, 0, 0.211764708
vb0[274]+028 TANGENT: -0.834645689, 0, -0.55905509, 1

vb0[275]+000 POSITION: -0.433105469, 0.375, 0.810546875, 1
vb0[275]+008 NORMAL: 0.472440958, -0.11023622, -0.874015749, 0
vb0[275]+000 COLOR: 0.933333337, 0.713725507, 0, 0.211764708
vb0[275]+012 TEXCOORD: 0.578125, 0.3046875
vb0[275]+016 TEXCOORD1: 0.732421875, 0.319091797
vb0[275]+020 TEXCOORD2: 0.660644531, 0.375488281
vb0[275]+000 TEXCOORD3: 0.933333337, 0.713725507, 0, 0.211764708
vb0[275]+028 TANGENT: -0.88188976, 0, -0.472440958, 1

vb0[276]+000 POSITION: -0.3515625, 0.375, 0.849121094, 1
vb0[276]+008 NORMAL: 0.377952754, -0.11023622, -0.92125982, 0
vb0[276]+000 COLOR: 0.627451003, 0.709803939, 0, 0.211764708
vb0[276]+012 TEXCOORD: 0.5625, 0.3046875
vb0[276]+016 TEXCOORD1: 0.713867188, 0.297119141
vb0[276]+020 TEXCOORD2: 0.647949219, 0.359863281
vb0[276]+000 TEXCOORD3: 0.627451003, 0.709803939, 0, 0.211764708
vb0[276]+028 TANGENT: -0.92125982, 0, -0.385826766, 1

vb0[277]+000 POSITION: -0.422607422, 0.523925781, 0.790527344, 1
vb0[277]+008 NORMAL: 0.464566916, -0.188976377, -0.866141737, 0
vb0[277]+000 COLOR: 0.764705896, 0.713725507, 0.192156866, 0.219607845
vb0[277]+012 TEXCOORD: 0.578125, 0.43359375
vb0[277]+016 TEXCOORD1: 0.678710938, 0.360351563
vb0[277]+020 TEXCOORD2: 0.616699219, 0.408691406
vb0[277]+000 TEXCOORD3: 0.764705896, 0.713725507, 0.192156866, 0.219607845
vb0[277]+028 TANGENT: -0.88188976, 0, -0.472440958, 1

vb0[278]+000 POSITION: -0.266845703, 0.375, 0.879394531, 1
vb0[278]+008 NORMAL: 0.291338593, -0.11023622, -0.952755928, 0
vb0[278]+000 COLOR: 0.270588249, 0.70588237, 0, 0.211764708
vb0[278]+012 TEXCOORD: 0.546875, 0.3046875
vb0[278]+016 TEXCOORD1: 0.692871094, 0.276855469
vb0[278]+020 TEXCOORD2: 0.633789063, 0.345947266
vb0[278]+000 TEXCOORD3: 0.270588249, 0.70588237, 0, 0.211764708
vb0[278]+028 TANGENT: -0.96062994, 0, -0.291338593, 1

vb0[279]+000 POSITION: -0.343017578, 0.523925781, 0.828125, 1
vb0[279]+008 NORMAL: 0.377952754, -0.188976377, -0.905511796, 0
vb0[279]+000 COLOR: 0.490196079, 0.709803939, 0.192156866, 0.219607845
vb0[279]+012 TEXCOORD: 0.5625, 0.43359375
vb0[279]+016 TEXCOORD1: 0.664550781, 0.343261719
vb0[279]+020 TEXCOORD2: 0.607910156, 0.397460938
vb0[279]+000 TEXCOORD3: 0.490196079, 0.709803939, 0.192156866, 0.219607845
vb0[279]+028 TANGENT: -0.92125982, 0, -0.385826766, 1

vb0[280]+000 POSITION: -0.179321289, 0.375, 0.901367188, 1
vb0[280]+008 NORMAL: 0.196850389, -0.11023622, -0.976377964, 0
vb0[280]+000 COLOR: 0.741176486, 0.694117665, 0, 0.211764708
vb0[280]+012 TEXCOORD: 0.53125, 0.3046875
vb0[280]+016 TEXCOORD1: 0.670410156, 0.258789063
vb0[280]+020 TEXCOORD2: 0.618652344, 0.333251953
vb0[280]+000 TEXCOORD3: 0.741176486, 0.694117665, 0, 0.211764708
vb0[280]+028 TANGENT: -0.984251976, 0, -0.196850389, 1

vb0[281]+000 POSITION: -0.260253906, 0.523925781, 0.857910156, 1
vb0[281]+008 NORMAL: 0.283464581, -0.188976377, -0.937007844, 0
vb0[281]+000 COLOR: 0.164705887, 0.70588237, 0.192156866, 0.219607845
vb0[281]+012 TEXCOORD: 0.546875, 0.43359375
vb0[281]+016 TEXCOORD1: 0.6484375, 0.327880859
vb0[281]+020 TEXCOORD2: 0.597167969, 0.387207031
vb0[281]+000 TEXCOORD3: 0.164705887, 0.70588237, 0.192156866, 0.219607845
vb0[281]+028 TANGENT: -0.96062994, 0, -0.291338593, 1

vb0[282]+000 POSITION: -0.0900878906, 0.375, 0.914550781, 1
vb0[282]+008 NORMAL: 0.0944881886, -0.11023622, -0.992125988, 0
vb0[282]+000 COLOR: 0.768627465, 0.678431392, 0, 0.211764708
vb0[282]+012 TEXCOORD: 0.515625, 0.3046875
vb0[282]+016 TEXCOORD1: 0.646484375, 0.243041992
vb0[282]+020 TEXCOORD2: 0.602050781, 0.322265625
vb0[282]+000 TEXCOORD3: 0.768627465, 0.678431392, 0, 0.211764708
vb0[282]+028 TANGENT: -0.992125988, 0, -0.0944881886, 1

vb0[283]+000 POSITION: -0.174926758, 0.523925781, 0.879394531, 1
vb0[283]+008 NORMAL: 0.188976377, -0.188976377, -0.96062994, 0
vb0[283]+000 COLOR: 0.600000024, 0.694117665, 0.192156866, 0.219607845
vb0[283]+012 TEXCOORD: 0.53125, 0.43359375
vb0[283]+016 TEXCOORD1: 0.630859375, 0.313964844
vb0[283]+020 TEXCOORD2: 0.5859375, 0.377929688
vb0[283]+000 TEXCOORD3: 0.600000024, 0.694117665, 0.192156866, 0.219607845
vb0[283]+028 TANGENT: -0.984251976, 0, -0.196850389, 1

vb0[284]+000 POSITION: -0.087890625, 0.523925781, 0.892089844, 1
vb0[284]+008 NORMAL: 0.0944881886, -0.188976377, -0.976377964, 0
vb0[284]+000 COLOR: 0.627451003, 0.678431392, 0.192156866, 0.219607845
vb0[284]+012 TEXCOORD: 0.515625, 0.43359375
vb0[284]+016 TEXCOORD1: 0.612304688, 0.302001953
vb0[284]+020 TEXCOORD2: 0.57421875, 0.369873047
vb0[284]+000 TEXCOORD3: 0.627451003, 0.678431392, 0.192156866, 0.219607845
vb0[284]+028 TANGENT: -0.992125988, 0, -0.0944881886, 1

vb0[285]+000 POSITION: 0, 0.375, 0.918945313, 1
vb0[285]+008 NORMAL: 0, -0.11023622, -0.992125988, 0
vb0[285]+000 COLOR: 0, 0, 0, 0.211764708
vb0[285]+012 TEXCOORD: 0.5, 0.3046875
vb0[285]+016 TEXCOORD1: 0.62109375, 0.229736328
vb0[285]+020 TEXCOORD2: 0.584472656, 0.312988281
vb0[285]+000 TEXCOORD3: 0, 0, 0, 0.211764708
vb0[285]+028 TANGENT: -1, 0, 0, 1

vb0[286]+000 POSITION: 2.2958874e-41, 0.523925781, 0.896484375, 1
vb0[286]+008 NORMAL: 0, -0.188976377, -0.984251976, 0
vb0[286]+000 COLOR: 0.00784313772, 0, 0.192156866, 0.219607845
vb0[286]+012 TEXCOORD: 0.5, 0.43359375
vb0[286]+016 TEXCOORD1: 0.592773438, 0.291748047
vb0[286]+020 TEXCOORD2: 0.561035156, 0.363037109
vb0[286]+000 TEXCOORD3: 0.00784313772, 0, 0.192156866, 0.219607845
vb0[286]+028 TANGENT: -1, 0, 0, 1

vb0[287]+000 POSITION: 0.087890625, 0.523925781, 0.892089844, 1
vb0[287]+008 NORMAL: -0.0944881886, -0.188976377, -0.976377964, 0
vb0[287]+000 COLOR: 0.627451003, 0.176470593, 0.192156866, 0.219607845
vb0[287]+012 TEXCOORD: 0.484375, 0.43359375
vb0[287]+016 TEXCOORD1: 0.572265625, 0.283691406
vb0[287]+020 TEXCOORD2: 0.547851563, 0.357666016
vb0[287]+000 TEXCOORD3: 0.627451003, 0.176470593, 0.192156866, 0.219607845
vb0[287]+028 TANGENT: -0.992125988, 0, 0.0944881886, 1

vb0[288]+000 POSITION: 0.174926758, 0.523925781, 0.879394531, 1
vb0[288]+008 NORMAL: -0.188976377, -0.188976377, -0.96062994, 0
vb0[288]+000 COLOR: 0.600000024, 0.192156866, 0.192156866, 0.219607845
vb0[288]+012 TEXCOORD: 0.46875, 0.43359375
vb0[288]+016 TEXCOORD1: 0.55078125, 0.277587891
vb0[288]+020 TEXCOORD2: 0.534179688, 0.353271484
vb0[288]+000 TEXCOORD3: 0.600000024, 0.192156866, 0.192156866, 0.219607845
vb0[288]+028 TANGENT: -0.984251976, 0, 0.196850389, 1

vb0[289]+000 POSITION: 0.260253906, 0.523925781, 0.857910156, 1
vb0[289]+008 NORMAL: -0.283464581, -0.188976377, -0.937007844, 0
vb0[289]+000 COLOR: 0.164705887, 0.203921571, 0.192156866, 0.219607845
vb0[289]+012 TEXCOORD: 0.453125, 0.43359375
vb0[289]+016 TEXCOORD1: 0.529296875, 0.273681641
vb0[289]+020 TEXCOORD2: 0.51953125, 0.350585938
vb0[289]+000 TEXCOORD3: 0.164705887, 0.203921571, 0.192156866, 0.219607845
vb0[289]+028 TANGENT: -0.96062994, 0, 0.291338593, 1

vb0[290]+000 POSITION: 0.343017578, 0.523925781, 0.828125, 1
vb0[290]+008 NORMAL: -0.377952754, -0.188976377, -0.905511796, 0
vb0[290]+000 COLOR: 0.490196079, 0.20784314, 0.192156866, 0.219607845
vb0[290]+012 TEXCOORD: 0.4375, 0.43359375
vb0[290]+016 TEXCOORD1: 0.507324219, 0.271728516
vb0[290]+020 TEXCOORD2: 0.505371094, 0.349121094
vb0[290]+000 TEXCOORD3: 0.490196079, 0.20784314, 0.192156866, 0.219607845
vb0[290]+028 TANGENT: -0.92125982, 0, 0.385826766, 1

vb0[291]+000 POSITION: 0.422607422, 0.523925781, 0.790527344, 1
vb0[291]+008 NORMAL: -0.464566916, -0.188976377, -0.866141737, 0
vb0[291]+000 COLOR: 0.764705896, 0.211764708, 0.192156866, 0.219607845
vb0[291]+012 TEXCOORD: 0.421875, 0.43359375
vb0[291]+016 TEXCOORD1: 0.485107422, 0.271972656
vb0[291]+020 TEXCOORD2: 0.490966797, 0.349121094
vb0[291]+000 TEXCOORD3: 0.764705896, 0.211764708, 0.192156866, 0.219607845
vb0[291]+028 TANGENT: -0.88188976, 0, 0.472440958, 1

vb0[292]+000 POSITION: 0.498046875, 0.523925781, 0.745605469, 1
vb0[292]+008 NORMAL: -0.543307066, -0.188976377, -0.818897665, 0
vb0[292]+000 COLOR: 0.972549021, 0.215686277, 0.192156866, 0.219607845
vb0[292]+012 TEXCOORD: 0.40625, 0.43359375
vb0[292]+016 TEXCOORD1: 0.463134766, 0.274414063
vb0[292]+020 TEXCOORD2: 0.4765625, 0.350341797
vb0[292]+000 TEXCOORD3: 0.972549021, 0.215686277, 0.192156866, 0.219607845
vb0[292]+028 TANGENT: -0.834645689, 0, 0.55905509, 1

vb0[293]+000 POSITION: 0.568847656, 0.523925781, 0.692871094, 1
vb0[293]+008 NORMAL: -0.622047246, -0.188976377, -0.755905509, 0
vb0[293]+000 COLOR: 0.552941203, 0.219607845, 0.192156866, 0.219607845
vb0[293]+012 TEXCOORD: 0.390625, 0.43359375
vb0[293]+016 TEXCOORD1: 0.441650391, 0.279052734
vb0[293]+020 TEXCOORD2: 0.462402344, 0.353271484
vb0[293]+000 TEXCOORD3: 0.552941203, 0.219607845, 0.192156866, 0.219607845
vb0[293]+028 TANGENT: -0.771653533, 0, 0.637795269, 1

vb0[294]+000 POSITION: 0.633789063, 0.523925781, 0.633789063, 1
vb0[294]+008 NORMAL: -0.692913413, -0.188976377, -0.692913413, 0
vb0[294]+000 COLOR: 0.0705882385, 0.223529413, 0.192156866, 0.219607845
vb0[294]+012 TEXCOORD: 0.375, 0.43359375
vb0[294]+016 TEXCOORD1: 0.420654297, 0.285644531
vb0[294]+020 TEXCOORD2: 0.448486328, 0.357177734
vb0[294]+000 TEXCOORD3: 0.0705882385, 0.223529413, 0.192156866, 0.219607845
vb0[294]+028 TANGENT: -0.708661437, 0, 0.708661437, 1

vb0[295]+000 POSITION: 0.692871094, 0.523925781, 0.568847656, 1
vb0[295]+008 NORMAL: -0.755905509, -0.188976377, -0.622047246, 0
vb0[295]+000 COLOR: 0.545098066, 0.223529413, 0.192156866, 0.219607845
vb0[295]+012 TEXCOORD: 0.359375, 0.43359375
vb0[295]+016 TEXCOORD1: 0.400634766, 0.294189453
vb0[295]+020 TEXCOORD2: 0.435058594, 0.362792969
vb0[295]+000 TEXCOORD3: 0.545098066, 0.223529413, 0.192156866, 0.219607845
vb0[295]+028 TANGENT: -0.637795269, 0, 0.771653533, 1

vb0[296]+000 POSITION: 0.745605469, 0.523925781, 0.498046875, 1
vb0[296]+008 NORMAL: -0.818897665, -0.188976377, -0.543307066, 0
vb0[296]+000 COLOR: 0.968627453, 0.223529413, 0.192156866, 0.219607845
vb0[296]+012 TEXCOORD: 0.34375, 0.43359375
vb0[296]+016 TEXCOORD1: 0.381347656, 0.3046875
vb0[296]+020 TEXCOORD2: 0.422363281, 0.369384766
vb0[296]+000 TEXCOORD3: 0.968627453, 0.223529413, 0.192156866, 0.219607845
vb0[296]+028 TANGENT: -0.55905509, 0, 0.834645689, 1

vb0[297]+000 POSITION: 0.764160156, 0.375, 0.510742188, 1
vb0[297]+008 NORMAL: -0.826771677, -0.11023622, -0.551181078, 0
vb0[297]+000 COLOR: 0.113725491, 0.227450982, 0, 0.211764708
vb0[297]+012 TEXCOORD: 0.34375, 0.3046875
vb0[297]+016 TEXCOORD1: 0.345214844, 0.245239258
vb0[297]+020 TEXCOORD2: 0.394287109, 0.321777344
vb0[297]+000 TEXCOORD3: 0.113725491, 0.227450982, 0, 0.211764708
vb0[297]+028 TANGENT: -0.55905509, 0, 0.834645689, 1

vb0[298]+000 POSITION: 0.810546875, 0.375, 0.433105469, 1
vb0[298]+008 NORMAL: -0.874015749, -0.11023622, -0.472440958, 0
vb0[298]+000 COLOR: 0.486274511, 0.227450982, 0, 0.211764708
vb0[298]+012 TEXCOORD: 0.328125, 0.3046875
vb0[298]+016 TEXCOORD1: 0.321533203, 0.261230469
vb0[298]+020 TEXCOORD2: 0.377685547, 0.332763672
vb0[298]+000 TEXCOORD3: 0.486274511, 0.227450982, 0, 0.211764708
vb0[298]+028 TANGENT: -0.472440958, 0, 0.88188976, 1

vb0[299]+000 POSITION: 0.849121094, 0.375, 0.3515625, 1
vb0[299]+008 NORMAL: -0.92125982, -0.11023622, -0.377952754, 0
vb0[299]+000 COLOR: 0.796078444, 0.227450982, 0, 0.211764708
vb0[299]+012 TEXCOORD: 0.3125, 0.3046875
vb0[299]+016 TEXCOORD1: 0.299560547, 0.279296875
vb0[299]+020 TEXCOORD2: 0.362548828, 0.344970703
vb0[299]+000 TEXCOORD3: 0.796078444, 0.227450982, 0, 0.211764708
vb0[299]+028 TANGENT: -0.385826766, 0, 0.92125982, 1

vb0[300]+000 POSITION: 0.790527344, 0.523925781, 0.422607422, 1
vb0[300]+008 NORMAL: -0.866141737, -0.188976377, -0.464566916, 0
vb0[300]+000 COLOR: 0.325490206, 0.227450982, 0.192156866, 0.219607845
vb0[300]+012 TEXCOORD: 0.328125, 0.43359375
vb0[300]+016 TEXCOORD1: 0.36328125, 0.316894531
vb0[300]+020 TEXCOORD2: 0.410400391, 0.377441406
vb0[300]+000 TEXCOORD3: 0.325490206, 0.227450982, 0.192156866, 0.219607845
vb0[300]+028 TANGENT: -0.472440958, 0, 0.88188976, 1

vb0[301]+000 POSITION: 0.879394531, 0.375, 0.266845703, 1
vb0[301]+008 NORMAL: -0.952755928, -0.11023622, -0.291338593, 0
vb0[301]+000 COLOR: 0.0352941193, 0.23137255, 0, 0.211764708
vb0[301]+012 TEXCOORD: 0.296875, 0.3046875
vb0[301]+016 TEXCOORD1: 0.279296875, 0.299560547
vb0[301]+020 TEXCOORD2: 0.348388672, 0.358886719
vb0[301]+000 TEXCOORD3: 0.0352941193, 0.23137255, 0, 0.211764708
vb0[301]+028 TANGENT: -0.291338593, 0, 0.96062994, 1

vb0[302]+000 POSITION: 0.828125, 0.523925781, 0.343017578, 1
vb0[302]+008 NORMAL: -0.905511796, -0.188976377, -0.377952754, 0
vb0[302]+000 COLOR: 0.627451003, 0.227450982, 0.192156866, 0.219607845
vb0[302]+012 TEXCOORD: 0.3125, 0.43359375
vb0[302]+016 TEXCOORD1: 0.346191406, 0.330810547
vb0[302]+020 TEXCOORD2: 0.399169922, 0.386474609
vb0[302]+000 TEXCOORD3: 0.627451003, 0.227450982, 0.192156866, 0.219607845
vb0[302]+028 TANGENT: -0.385826766, 0, 0.92125982, 1

vb0[303]+000 POSITION: 0.901367188, 0.375, 0.179321289, 1
vb0[303]+008 NORMAL: -0.976377964, -0.11023622, -0.196850389, 0
vb0[303]+000 COLOR: 0.211764708, 0.23137255, 0, 0.211764708
vb0[303]+012 TEXCOORD: 0.28125, 0.3046875
vb0[303]+016 TEXCOORD1: 0.260986328, 0.321533203
vb0[303]+020 TEXCOORD2: 0.335693359, 0.373779297
vb0[303]+000 TEXCOORD3: 0.211764708, 0.23137255, 0, 0.211764708
vb0[303]+028 TANGENT: -0.196850389, 0, 0.984251976, 1

vb0[304]+000 POSITION: 0.857910156, 0.523925781, 0.260253906, 1
vb0[304]+008 NORMAL: -0.937007844, -0.188976377, -0.283464581, 0
vb0[304]+000 COLOR: 0.866666675, 0.227450982, 0.192156866, 0.219607845
vb0[304]+012 TEXCOORD: 0.296875, 0.43359375
vb0[304]+016 TEXCOORD1: 0.330810547, 0.346435547
vb0[304]+020 TEXCOORD2: 0.388916016, 0.396484375
vb0[304]+000 TEXCOORD3: 0.866666675, 0.227450982, 0.192156866, 0.219607845
vb0[304]+028 TANGENT: -0.291338593, 0, 0.96062994, 1

vb0[305]+000 POSITION: 0.914550781, 0.375, 0.0900878906, 1
vb0[305]+008 NORMAL: -0.992125988, -0.11023622, -0.0944881886, 0
vb0[305]+000 COLOR: 0.31764707, 0.23137255, 0, 0.211764708
vb0[305]+012 TEXCOORD: 0.265625, 0.3046875
vb0[305]+016 TEXCOORD1: 0.244995117, 0.345214844
vb0[305]+020 TEXCOORD2: 0.324462891, 0.390136719
vb0[305]+000 TEXCOORD3: 0.31764707, 0.23137255, 0, 0.211764708
vb0[305]+028 TANGENT: -0.0944881886, 0, 0.992125988, 1

vb0[306]+000 POSITION: 0.879394531, 0.523925781, 0.174926758, 1
vb0[306]+008 NORMAL: -0.96062994, -0.188976377, -0.188976377, 0
vb0[306]+000 COLOR: 0.0352941193, 0.23137255, 0.192156866, 0.219607845
vb0[306]+012 TEXCOORD: 0.28125, 0.43359375
vb0[306]+016 TEXCOORD1: 0.316894531, 0.36328125
vb0[306]+020 TEXCOORD2: 0.379638672, 0.407470703
vb0[306]+000 TEXCOORD3: 0.0352941193, 0.23137255, 0.192156866, 0.219607845
vb0[306]+028 TANGENT: -0.196850389, 0, 0.984251976, 1

vb0[307]+000 POSITION: 0.892089844, 0.523925781, 0.087890625, 1
vb0[307]+008 NORMAL: -0.976377964, -0.188976377, -0.0944881886, 0
vb0[307]+000 COLOR: 0.137254909, 0.23137255, 0.192156866, 0.219607845
vb0[307]+012 TEXCOORD: 0.265625, 0.43359375
vb0[307]+016 TEXCOORD1: 0.3046875, 0.381347656
vb0[307]+020 TEXCOORD2: 0.371337891, 0.419189453
vb0[307]+000 TEXCOORD3: 0.137254909, 0.23137255, 0.192156866, 0.219607845
vb0[307]+028 TANGENT: -0.0944881886, 0, 0.992125988, 1

vb0[308]+000 POSITION: 0.918945313, 0.375, 0, 1
vb0[308]+008 NORMAL: -0.992125988, -0.11023622, 0, 0
vb0[308]+000 COLOR: 0.352941185, 0.23137255, 0, 0.211764708
vb0[308]+012 TEXCOORD: 0.25, 0.3046875
vb0[308]+016 TEXCOORD1: 0.231201172, 0.370361328
vb0[308]+020 TEXCOORD2: 0.314697266, 0.407226563
vb0[308]+000 TEXCOORD3: 0.352941185, 0.23137255, 0, 0.211764708
vb0[308]+028 TANGENT: 0, 0, 1, 1

vb0[309]+000 POSITION: 0.896484375, 0.523925781, -3.44383111e-41, 1
vb0[309]+008 NORMAL: -0.984251976, -0.188976377, 0, 0
vb0[309]+000 COLOR: 0.172549024, 0.23137255, 0.192156866, 0.219607845
vb0[309]+012 TEXCOORD: 0.25, 0.43359375
vb0[309]+016 TEXCOORD1: 0.294189453, 0.400634766
vb0[309]+020 TEXCOORD2: 0.364257813, 0.431884766
vb0[309]+000 TEXCOORD3: 0.172549024, 0.23137255, 0.192156866, 0.219607845
vb0[309]+028 TANGENT: 0, 0, 1, 1

vb0[310]+000 POSITION: 0.892089844, 0.523925781, -0.087890625, 1
vb0[310]+008 NORMAL: -0.976377964, -0.188976377, 0.0944881886, 0
vb0[310]+000 COLOR: 0.137254909, 0.23137255, 0.192156866, 0.219607845
vb0[310]+012 TEXCOORD: 0.234375, 0.43359375
vb0[310]+016 TEXCOORD1: 0.285644531, 0.420898438
vb0[310]+020 TEXCOORD2: 0.358398438, 0.445068359
vb0[310]+000 TEXCOORD3: 0.137254909, 0.23137255, 0.192156866, 0.219607845
vb0[310]+028 TANGENT: 0.0944881886, 0, 0.992125988, 1

vb0[311]+000 POSITION: 0.879394531, 0.523925781, -0.174926758, 1
vb0[311]+008 NORMAL: -0.96062994, -0.188976377, 0.188976377, 0
vb0[311]+000 COLOR: 0.0352941193, 0.23137255, 0.192156866, 0.219607845
vb0[311]+012 TEXCOORD: 0.21875, 0.43359375
vb0[311]+016 TEXCOORD1: 0.279052734, 0.441650391
vb0[311]+020 TEXCOORD2: 0.354248047, 0.458740234
vb0[311]+000 TEXCOORD3: 0.0352941193, 0.23137255, 0.192156866, 0.219607845
vb0[311]+028 TANGENT: 0.196850389, 0, 0.984251976, 1

vb0[312]+000 POSITION: 0.857910156, 0.523925781, -0.260253906, 1
vb0[312]+008 NORMAL: -0.937007844, -0.188976377, 0.283464581, 0
vb0[312]+000 COLOR: 0.866666675, 0.227450982, 0.192156866, 0.219607845
vb0[312]+012 TEXCOORD: 0.203125, 0.43359375
vb0[312]+016 TEXCOORD1: 0.274658203, 0.463378906
vb0[312]+020 TEXCOORD2: 0.351318359, 0.472900391
vb0[312]+000 TEXCOORD3: 0.866666675, 0.227450982, 0.192156866, 0.219607845
vb0[312]+028 TANGENT: 0.291338593, 0, 0.96062994, 1

vb0[313]+000 POSITION: 0.828125, 0.523925781, -0.343017578, 1
vb0[313]+008 NORMAL: -0.905511796, -0.188976377, 0.377952754, 0
vb0[313]+000 COLOR: 0.627451003, 0.227450982, 0.192156866, 0.219607845
vb0[313]+012 TEXCOORD: 0.1875, 0.43359375
vb0[313]+016 TEXCOORD1: 0.272216797, 0.485107422
vb0[313]+020 TEXCOORD2: 0.349609375, 0.487304688
vb0[313]+000 TEXCOORD3: 0.627451003, 0.227450982, 0.192156866, 0.219607845
vb0[313]+028 TANGENT: 0.385826766, 0, 0.92125982, 1

vb0[314]+000 POSITION: 0.790527344, 0.523925781, -0.422607422, 1
vb0[314]+008 NORMAL: -0.866141737, -0.188976377, 0.464566916, 0
vb0[314]+000 COLOR: 0.325490206, 0.227450982, 0.192156866, 0.219607845
vb0[314]+012 TEXCOORD: 0.171875, 0.43359375
vb0[314]+016 TEXCOORD1: 0.271972656, 0.507324219
vb0[314]+020 TEXCOORD2: 0.349609375, 0.501953125
vb0[314]+000 TEXCOORD3: 0.325490206, 0.227450982, 0.192156866, 0.219607845
vb0[314]+028 TANGENT: 0.472440958, 0, 0.88188976, 1

vb0[315]+000 POSITION: 0.745605469, 0.523925781, -0.498046875, 1
vb0[315]+008 NORMAL: -0.818897665, -0.188976377, 0.543307066, 0
vb0[315]+000 COLOR: 0.968627453, 0.223529413, 0.192156866, 0.219607845
vb0[315]+012 TEXCOORD: 0.15625, 0.43359375
vb0[315]+016 TEXCOORD1: 0.273681641, 0.529296875
vb0[315]+020 TEXCOORD2: 0.350830078, 0.516601563
vb0[315]+000 TEXCOORD3: 0.968627453, 0.223529413, 0.192156866, 0.219607845
vb0[315]+028 TANGENT: 0.55905509, 0, 0.834645689, 1

vb0[316]+000 POSITION: 0.692871094, 0.523925781, -0.568847656, 1
vb0[316]+008 NORMAL: -0.755905509, -0.188976377, 0.622047246, 0
vb0[316]+000 COLOR: 0.545098066, 0.223529413, 0.192156866, 0.219607845
vb0[316]+012 TEXCOORD: 0.140625, 0.43359375
vb0[316]+016 TEXCOORD1: 0.277832031, 0.551269531
vb0[316]+020 TEXCOORD2: 0.353515625, 0.530761719
vb0[316]+000 TEXCOORD3: 0.545098066, 0.223529413, 0.192156866, 0.219607845
vb0[316]+028 TANGENT: 0.637795269, 0, 0.771653533, 1

vb0[317]+000 POSITION: 0.633789063, 0.523925781, -0.633789063, 1
vb0[317]+008 NORMAL: -0.692913413, -0.188976377, 0.692913413, 0
vb0[317]+000 COLOR: 0.0705882385, 0.223529413, 0.192156866, 0.219607845
vb0[317]+012 TEXCOORD: 0.125, 0.43359375
vb0[317]+016 TEXCOORD1: 0.283935547, 0.572753906
vb0[317]+020 TEXCOORD2: 0.357421875, 0.544433594
vb0[317]+000 TEXCOORD3: 0.0705882385, 0.223529413, 0.192156866, 0.219607845
vb0[317]+028 TANGENT: 0.708661437, 0, 0.708661437, 1

vb0[318]+000 POSITION: 0.568847656, 0.523925781, -0.692871094, 1
vb0[318]+008 NORMAL: -0.622047246, -0.188976377, 0.755905509, 0
vb0[318]+000 COLOR: 0.552941203, 0.219607845, 0.192156866, 0.219607845
vb0[318]+012 TEXCOORD: 0.109375, 0.43359375
vb0[318]+016 TEXCOORD1: 0.292236328, 0.593261719
vb0[318]+020 TEXCOORD2: 0.363037109, 0.558105469
vb0[318]+000 TEXCOORD3: 0.552941203, 0.219607845, 0.192156866, 0.219607845
vb0[318]+028 TANGENT: 0.771653533, 0, 0.637795269, 1

vb0[319]+000 POSITION: 0.498046875, 0.523925781, -0.745605469, 1
vb0[319]+008 NORMAL: -0.543307066, -0.188976377, 0.818897665, 0
vb0[319]+000 COLOR: 0.972549021, 0.215686277, 0.192156866, 0.219607845
vb0[319]+012 TEXCOORD: 0.09375, 0.43359375
vb0[319]+016 TEXCOORD1: 0.302490234, 0.61328125
vb0[319]+020 TEXCOORD2: 0.369628906, 0.571289063
vb0[319]+000 TEXCOORD3: 0.972549021, 0.215686277, 0.192156866, 0.219607845
vb0[319]+028 TANGENT: 0.834645689, 0, 0.55905509, 1

vb0[320]+000 POSITION: 0.422607422, 0.523925781, -0.790527344, 1
vb0[320]+008 NORMAL: -0.464566916, -0.188976377, 0.866141737, 0
vb0[320]+000 COLOR: 0.764705896, 0.211764708, 0.192156866, 0.219607845
vb0[320]+012 TEXCOORD: 0.078125, 0.43359375
vb0[320]+016 TEXCOORD1: 0.314697266, 0.631835938
vb0[320]+020 TEXCOORD2: 0.377441406, 0.583496094
vb0[320]+000 TEXCOORD3: 0.764705896, 0.211764708, 0.192156866, 0.219607845
vb0[320]+028 TANGENT: 0.88188976, 0, 0.472440958, 1

vb0[321]+000 POSITION: 0.343017578, 0.523925781, -0.828125, 1
vb0[321]+008 NORMAL: -0.377952754, -0.188976377, 0.905511796, 0
vb0[321]+000 COLOR: 0.490196079, 0.20784314, 0.192156866, 0.219607845
vb0[321]+012 TEXCOORD: 0.0625, 0.43359375
vb0[321]+016 TEXCOORD1: 0.328613281, 0.649414063
vb0[321]+020 TEXCOORD2: 0.386474609, 0.595214844
vb0[321]+000 TEXCOORD3: 0.490196079, 0.20784314, 0.192156866, 0.219607845
vb0[321]+028 TANGENT: 0.92125982, 0, 0.385826766, 1

vb0[322]+000 POSITION: 0.260253906, 0.523925781, -0.857910156, 1
vb0[322]+008 NORMAL: -0.283464581, -0.188976377, 0.937007844, 0
vb0[322]+000 COLOR: 0.164705887, 0.203921571, 0.192156866, 0.219607845
vb0[322]+012 TEXCOORD: 0.046875, 0.43359375
vb0[322]+016 TEXCOORD1: 0.344482422, 0.665527344
vb0[322]+020 TEXCOORD2: 0.396484375, 0.60546875
vb0[322]+000 TEXCOORD3: 0.164705887, 0.203921571, 0.192156866, 0.219607845
vb0[322]+028 TANGENT: 0.96062994, 0, 0.291338593, 1

vb0[323]+000 POSITION: 0.251220703, 0.653320313, -0.828125, 1
vb0[323]+008 NORMAL: -0.283464581, -0.267716527, 0.92125982, 0
vb0[323]+000 COLOR: 0.0196078438, 0.203921571, 0.227450982, 0.223529413
vb0[323]+012 TEXCOORD: 0.046875, 0.544921875
vb0[323]+016 TEXCOORD1: 0.368896484, 0.639160156
vb0[323]+020 TEXCOORD2: 0.419677734, 0.581054688
vb0[323]+000 TEXCOORD3: 0.0196078438, 0.203921571, 0.227450982, 0.223529413
vb0[323]+028 TANGENT: 0.96062994, 0, 0.291338593, 1

vb0[324]+000 POSITION: 0.239868164, 0.776855469, -0.790527344, 1
vb0[324]+008 NORMAL: -0.275590539, -0.346456707, 0.897637784, 0
vb0[324]+000 COLOR: 0.678431392, 0.200000003, 0.215686277, 0.227450982
vb0[324]+012 TEXCOORD: 0.046875, 0.639160156
vb0[324]+016 TEXCOORD1: 0.383300781, 0.623046875
vb0[324]+020 TEXCOORD2: 0.435791016, 0.563964844
vb0[324]+000 TEXCOORD3: 0.678431392, 0.200000003, 0.215686277, 0.227450982
vb0[324]+028 TANGENT: 0.96062994, 0, 0.291338593, 1

vb0[325]+000 POSITION: 0.226196289, 0.889160156, -0.745605469, 1
vb0[325]+008 NORMAL: -0.259842515, -0.44094488, 0.858267725, 0
vb0[325]+000 COLOR: 0.239215687, 0.200000003, 0.113725491, 0.23137255
vb0[325]+012 TEXCOORD: 0.046875, 0.718261719
vb0[325]+016 TEXCOORD1: 0.394775391, 0.610351563
vb0[325]+020 TEXCOORD2: 0.448974609, 0.549804688
vb0[325]+000 TEXCOORD3: 0.239215687, 0.200000003, 0.113725491, 0.23137255
vb0[325]+028 TANGENT: 0.96062994, 0, 0.291338593, 1

vb0[326]+000 POSITION: 0.210205078, 0.985839844, -0.692871094, 1
vb0[326]+008 NORMAL: -0.244094491, -0.551181078, 0.803149581, 0
vb0[326]+000 COLOR: 0.729411781, 0.196078435, 0.890196085, 0.23137255
vb0[326]+012 TEXCOORD: 0.046875, 0.778808594
vb0[326]+016 TEXCOORD1: 0.406494141, 0.59765625
vb0[326]+020 TEXCOORD2: 0.459472656, 0.538574219
vb0[326]+000 TEXCOORD3: 0.729411781, 0.196078435, 0.890196085, 0.23137255
vb0[326]+028 TANGENT: 0.96062994, 0, 0.291338593, 1

vb0[327]+000 POSITION: 0.192260742, 1.06835938, -0.633789063, 1
vb0[327]+008 NORMAL: -0.22047244, -0.653543293, 0.724409461, 0
vb0[327]+000 COLOR: 0.152941182, 0.196078435, 0.274509817, 0.235294119
vb0[327]+012 TEXCOORD: 0.046875, 0.82421875
vb0[327]+016 TEXCOORD1: 0.418701172, 0.584472656
vb0[327]+020 TEXCOORD2: 0.468017578, 0.529296875
vb0[327]+000 TEXCOORD3: 0.152941182, 0.196078435, 0.274509817, 0.235294119
vb0[327]+028 TANGENT: 0.96062994, 0, 0.291338593, 1

vb0[328]+000 POSITION: 0.172485352, 1.13769531, -0.568847656, 1
vb0[328]+008 NORMAL: -0.196850389, -0.740157485, 0.637795269, 0
vb0[328]+000 COLOR: 0.521568656, 0.192156866, 0.552941203, 0.235294119
vb0[328]+012 TEXCOORD: 0.046875, 0.860839844
vb0[328]+016 TEXCOORD1: 0.431396484, 0.5703125
vb0[328]+020 TEXCOORD2: 0.475097656, 0.521484375
vb0[328]+000 TEXCOORD3: 0.521568656, 0.192156866, 0.552941203, 0.235294119
vb0[328]+028 TANGENT: 0.96062994, 0, 0.291338593, 1

vb0[329]+000 POSITION: 0.115966797, 1.13769531, -0.583007813, 1
vb0[329]+008 NORMAL: -0.133858263, -0.740157485, 0.661417305, 0
vb0[329]+000 COLOR: 0.423529416, 0.184313729, 0.552941203, 0.235294119
vb0[329]+012 TEXCOORD: 0.03125, 0.860839844
vb0[329]+016 TEXCOORD1: 0.438964844, 0.576660156
vb0[329]+020 TEXCOORD2: 0.477539063, 0.523925781
vb0[329]+000 TEXCOORD3: 0.423529416, 0.184313729, 0.552941203, 0.235294119
vb0[329]+028 TANGENT: 0.984251976, 0, 0.196850389, 1

vb0[330]+000 POSITION: 0.0582580566, 1.13769531, -0.591308594, 1
vb0[330]+008 NORMAL: -0.0629921257, -0.740157485, 0.669291317, 0
vb0[330]+000 COLOR: 0.458823532, 0.168627456, 0.552941203, 0.235294119
vb0[330]+012 TEXCOORD: 0.015625, 0.860839844
vb0[330]+016 TEXCOORD1: 0.447021484, 0.58203125
vb0[330]+020 TEXCOORD2: 0.480224609, 0.525390625
vb0[330]+000 TEXCOORD3: 0.458823532, 0.168627456, 0.552941203, 0.235294119
vb0[330]+028 TANGENT: 0.992125988, 0, 0.0944881886, 1

vb0[331]+000 POSITION: 0.0510253906, 1.19628906, -0.518066406, 1
vb0[331]+008 NORMAL: -0.05511811, -0.826771677, 0.566929162, 0
vb0[331]+000 COLOR: 0.533333361, 0.164705887, 0.788235307, 0.235294119
vb0[331]+012 TEXCOORD: 0.015625, 0.893066406
vb0[331]+016 TEXCOORD1: 0.456542969, 0.56640625
vb0[331]+020 TEXCOORD2: 0.484619141, 0.518554688
vb0[331]+000 TEXCOORD3: 0.533333361, 0.164705887, 0.788235307, 0.235294119
vb0[331]+028 TANGENT: 0.992125988, 0, 0.0944881886, 1

vb0[332]+000 POSITION: 0.1015625, 1.19628906, -0.510742188, 1
vb0[332]+008 NORMAL: -0.11023622, -0.826771677, 0.55905509, 0
vb0[332]+000 COLOR: 0.501960814, 0.180392161, 0.788235307, 0.235294119
vb0[332]+012 TEXCOORD: 0.03125, 0.893066406
vb0[332]+016 TEXCOORD1: 0.449951172, 0.562011719
vb0[332]+020 TEXCOORD2: 0.482666016, 0.517089844
vb0[332]+000 TEXCOORD3: 0.501960814, 0.180392161, 0.788235307, 0.235294119
vb0[332]+028 TANGENT: 0.984251976, 0, 0.196850389, 1

vb0[333]+000 POSITION: 0.0433044434, 1.24316406, -0.439453125, 1
vb0[333]+008 NORMAL: -0.0472440943, -0.889763772, 0.456692904, 0
vb0[333]+000 COLOR: 0.545098066, 0.160784319, 0.97647059, 0.235294119
vb0[333]+012 TEXCOORD: 0.015625, 0.919921875
vb0[333]+016 TEXCOORD1: 0.465576172, 0.551269531
vb0[333]+020 TEXCOORD2: 0.488037109, 0.512695313
vb0[333]+000 TEXCOORD3: 0.545098066, 0.160784319, 0.97647059, 0.235294119
vb0[333]+028 TANGENT: 0.992125988, 0, 0.0944881886, 1

vb0[334]+000 POSITION: 0.0861816406, 1.24316406, -0.433105469, 1
vb0[334]+008 NORMAL: -0.0866141766, -0.889763772, 0.456692904, 0
vb0[334]+000 COLOR: 0.517647088, 0.176470593, 0.97647059, 0.235294119
vb0[334]+012 TEXCOORD: 0.03125, 0.919921875
vb0[334]+016 TEXCOORD1: 0.460449219, 0.547851563
vb0[334]+020 TEXCOORD2: 0.486572266, 0.51171875
vb0[334]+000 TEXCOORD3: 0.517647088, 0.176470593, 0.97647059, 0.235294119
vb0[334]+028 TANGENT: 0.984251976, 0, 0.196850389, 1

vb0[335]+000 POSITION: 0.151123047, 1.19628906, -0.498046875, 1
vb0[335]+008 NORMAL: -0.165354326, -0.826771677, 0.543307066, 0
vb0[335]+000 COLOR: 0.839215696, 0.188235298, 0.788235307, 0.235294119
vb0[335]+012 TEXCOORD: 0.046875, 0.893066406
vb0[335]+016 TEXCOORD1: 0.443847656, 0.556640625
vb0[335]+020 TEXCOORD2: 0.480712891, 0.515625
vb0[335]+000 TEXCOORD3: 0.839215696, 0.188235298, 0.788235307, 0.235294119
vb0[335]+028 TANGENT: 0.96062994, 0, 0.291338593, 1

vb0[336]+000 POSITION: 0.03515625, 1.28125, -0.356933594, 1
vb0[336]+008 NORMAL: -0.0393700786, -0.929133832, 0.370078743, 0
vb0[336]+000 COLOR: 0.501960814, 0.156862751, 0.125490203, 0.239215687
vb0[336]+012 TEXCOORD: 0.015625, 0.942382813
vb0[336]+016 TEXCOORD1: 0.473876953, 0.537109375
vb0[336]+020 TEXCOORD2: 0.490722656, 0.508789063
vb0[336]+000 TEXCOORD3: 0.501960814, 0.156862751, 0.125490203, 0.239215687
vb0[336]+028 TANGENT: 0.992125988, 0, 0.0944881886, 1

vb0[337]+000 POSITION: 0.0699462891, 1.28125, -0.3515625, 1
vb0[337]+008 NORMAL: -0.0708661452, -0.929133832, 0.362204731, 0
vb0[337]+000 COLOR: 0.478431374, 0.172549024, 0.125490203, 0.239215687
vb0[337]+012 TEXCOORD: 0.03125, 0.942382813
vb0[337]+016 TEXCOORD1: 0.469970703, 0.534667969
vb0[337]+020 TEXCOORD2: 0.489746094, 0.5078125
vb0[337]+000 TEXCOORD3: 0.478431374, 0.172549024, 0.125490203, 0.239215687
vb0[337]+028 TANGENT: 0.984251976, 0, 0.196850389, 1

vb0[338]+000 POSITION: 0.128173828, 1.24316406, -0.422607422, 1
vb0[338]+008 NORMAL: -0.133858263, -0.889763772, 0.44094488, 0
vb0[338]+000 COLOR: 0.101960786, 0.188235298, 0.97647059, 0.235294119
vb0[338]+012 TEXCOORD: 0.046875, 0.919921875
vb0[338]+016 TEXCOORD1: 0.455810547, 0.543945313
vb0[338]+020 TEXCOORD2: 0.485351563, 0.510742188
vb0[338]+000 TEXCOORD3: 0.101960786, 0.188235298, 0.97647059, 0.235294119
vb0[338]+028 TANGENT: 0.96062994, 0, 0.291338593, 1

vb0[339]+000 POSITION: 0.0266571045, 1.31152344, -0.270751953, 1
vb0[339]+008 NORMAL: -0.0314960629, -0.96062994, 0.291338593, 0
vb0[339]+000 COLOR: 0.827450991, 0.149019614, 0.247058824, 0.239215687
vb0[339]+012 TEXCOORD: 0.015625, 0.960449219
vb0[339]+016 TEXCOORD1: 0.481201172, 0.524902344
vb0[339]+020 TEXCOORD2: 0.492919922, 0.504882813
vb0[339]+000 TEXCOORD3: 0.827450991, 0.149019614, 0.247058824, 0.239215687
vb0[339]+028 TANGENT: 0.992125988, 0, 0.0944881886, 1

vb0[340]+000 POSITION: 0.0530700684, 1.31152344, -0.266845703, 1
vb0[340]+008 NORMAL: -0.05511811, -0.96062994, 0.283464581, 0
vb0[340]+000 COLOR: 0.796078444, 0.164705887, 0.247058824, 0.239215687
vb0[340]+012 TEXCOORD: 0.03125, 0.960449219
vb0[340]+016 TEXCOORD1: 0.478515625, 0.5234375
vb0[340]+020 TEXCOORD2: 0.4921875, 0.504394531
vb0[340]+000 TEXCOORD3: 0.796078444, 0.164705887, 0.247058824, 0.239215687
vb0[340]+028 TANGENT: 0.984251976, 0, 0.196850389, 1

vb0[341]+000 POSITION: 0.104064941, 1.28125, -0.343017578, 1
vb0[341]+008 NORMAL: -0.11023622, -0.929133832, 0.354330719, 0
vb0[341]+000 COLOR: 0.662745118, 0.180392161, 0.125490203, 0.239215687
vb0[341]+012 TEXCOORD: 0.046875, 0.942382813
vb0[341]+016 TEXCOORD1: 0.466552734, 0.531738281
vb0[341]+020 TEXCOORD2: 0.488525391, 0.506835938
vb0[341]+000 TEXCOORD3: 0.662745118, 0.180392161, 0.125490203, 0.239215687
vb0[341]+028 TANGENT: 0.96062994, 0, 0.291338593, 1

vb0[342]+000 POSITION: 0.0179138184, 1.33398438, -0.181884766, 1
vb0[342]+008 NORMAL: -0.0236220472, -0.976377964, 0.204724416, 0
vb0[342]+000 COLOR: 0.588235319, 0.141176477, 0.337254912, 0.239215687
vb0[342]+012 TEXCOORD: 0.015625, 0.977050781
vb0[342]+016 TEXCOORD1: 0.487548828, 0.514160156
vb0[342]+020 TEXCOORD2: 0.494628906, 0.501953125
vb0[342]+000 TEXCOORD3: 0.588235319, 0.141176477, 0.337254912, 0.239215687
vb0[342]+028 TANGENT: 0.992125988, 0, 0.0944881886, 1

vb0[343]+000 POSITION: 0.0356750488, 1.33398438, -0.179321289, 1
vb0[343]+008 NORMAL: -0.0393700786, -0.976377964, 0.196850389, 0
vb0[343]+000 COLOR: 0.568627477, 0.156862751, 0.337254912, 0.239215687
vb0[343]+012 TEXCOORD: 0.03125, 0.977050781
vb0[343]+016 TEXCOORD1: 0.485839844, 0.513183594
vb0[343]+020 TEXCOORD2: 0.494384766, 0.501464844
vb0[343]+000 TEXCOORD3: 0.568627477, 0.156862751, 0.337254912, 0.239215687
vb0[343]+028 TANGENT: 0.984251976, 0, 0.196850389, 1

vb0[344]+000 POSITION: 0.0789794922, 1.31152344, -0.260253906, 1
vb0[344]+008 NORMAL: -0.0866141766, -0.96062994, 0.275590539, 0
vb0[344]+000 COLOR: 0.0549019612, 0.176470593, 0.247058824, 0.239215687
vb0[344]+012 TEXCOORD: 0.046875, 0.960449219
vb0[344]+016 TEXCOORD1: 0.476074219, 0.520996094
vb0[344]+020 TEXCOORD2: 0.491455078, 0.50390625
vb0[344]+000 TEXCOORD3: 0.0549019612, 0.176470593, 0.247058824, 0.239215687
vb0[344]+028 TANGENT: 0.96062994, 0, 0.291338593, 1

vb0[345]+000 POSITION: 0.00918579102, 1.34765625, -0.0933227539, 1
vb0[345]+008 NORMAL: -0.00787401572, -0.992125988, 0.11811024, 0
vb0[345]+000 COLOR: 0.70588237, 0.125490203, 0.392156869, 0.239215687
vb0[345]+012 TEXCOORD: 0.015625, 0.989746094
vb0[345]+016 TEXCOORD1: 0.492919922, 0.505371094
vb0[345]+020 TEXCOORD2: 0.496337891, 0.499267578
vb0[345]+000 TEXCOORD3: 0.70588237, 0.125490203, 0.392156869, 0.239215687
vb0[345]+028 TANGENT: 0.992125988, 0.00787401572, 0.0944881886, 1

vb0[346]+000 POSITION: 0.0182952881, 1.34765625, -0.0919189453, 1
vb0[346]+008 NORMAL: -0.0157480314, -0.992125988, 0.11023622, 0
vb0[346]+000 COLOR: 0.686274529, 0.141176477, 0.392156869, 0.239215687
vb0[346]+012 TEXCOORD: 0.03125, 0.989746094
vb0[346]+016 TEXCOORD1: 0.4921875, 0.504882813
vb0[346]+020 TEXCOORD2: 0.49609375, 0.499267578
vb0[346]+000 TEXCOORD3: 0.686274529, 0.141176477, 0.392156869, 0.239215687
vb0[346]+028 TANGENT: 0.984251976, 0.00787401572, 0.196850389, 1

vb0[347]+000 POSITION: 0.0530700684, 1.33398438, -0.174926758, 1
vb0[347]+008 NORMAL: -0.05511811, -0.976377964, 0.196850389, 0
vb0[347]+000 COLOR: 0.796078444, 0.164705887, 0.337254912, 0.239215687
vb0[347]+012 TEXCOORD: 0.046875, 0.977050781
vb0[347]+016 TEXCOORD1: 0.484375, 0.51171875
vb0[347]+020 TEXCOORD2: 0.493896484, 0.501464844
vb0[347]+000 TEXCOORD3: 0.796078444, 0.164705887, 0.337254912, 0.239215687
vb0[347]+028 TANGENT: 0.96062994, 0, 0.291338593, 1

vb0[348]+000 POSITION: 0.00899505615, 1.35058594, -0.0606384277, 1
vb0[348]+008 NORMAL: 0, -1, 0.0629921257, 0
vb0[348]+000 COLOR: 0.607843161, 0.125490203, 0.403921574, 0.239215687
vb0[348]+012 TEXCOORD: 0.0234375, 0.993652344
vb0[348]+016 TEXCOORD1: 0.494384766, 0.501953125
vb0[348]+020 TEXCOORD2: 0.496826172, 0.498535156
vb0[348]+000 TEXCOORD3: 0.607843161, 0.125490203, 0.403921574, 0.239215687
vb0[348]+028 TANGENT: 0.992125988, 0.00787401572, 0.14173229, 1

vb0[349]+000 POSITION: 0.0104598999, 1.3515625, -0.0525817871, 1
vb0[349]+008 NORMAL: 0, -1, 0.0393700786, 0
vb0[349]+000 COLOR: 0.356862754, 0.129411772, 0.407843143, 0.239215687
vb0[349]+012 TEXCOORD: 0.03125, 0.997070313
vb0[349]+016 TEXCOORD1: 0.494628906, 0.501464844
vb0[349]+020 TEXCOORD2: 0.496826172, 0.498291016
vb0[349]+000 TEXCOORD3: 0.356862754, 0.129411772, 0.407843143, 0.239215687
vb0[349]+028 TANGENT: 0.984251976, 0.00787401572, 0.196850389, 1

vb0[350]+000 POSITION: 0.00525665283, 1.3515625, -0.0533752441, 1
vb0[350]+008 NORMAL: 0, -1, 0.0393700786, 0
vb0[350]+000 COLOR: 0.384313732, 0.113725491, 0.407843143, 0.239215687
vb0[350]+012 TEXCOORD: 0.015625, 0.997070313
vb0[350]+016 TEXCOORD1: 0.495117188, 0.501464844
vb0[350]+020 TEXCOORD2: 0.497070313, 0.498291016
vb0[350]+000 TEXCOORD3: 0.384313732, 0.113725491, 0.407843143, 0.239215687
vb0[350]+028 TANGENT: 0.992125988, 0, 0.0944881886, 1

vb0[351]+000 POSITION: 0.00918579102, 1.34765625, -0.0933227539, 1
vb0[351]+008 NORMAL: -0.00787401572, -0.992125988, 0.11811024, 0
vb0[351]+000 COLOR: 0.70588237, 0.125490203, 0.392156869, 0.239215687
vb0[351]+012 TEXCOORD: 0.015625, 0.989746094
vb0[351]+016 TEXCOORD1: 0.492919922, 0.505371094
vb0[351]+020 TEXCOORD2: 0.496337891, 0.499267578
vb0[351]+000 TEXCOORD3: 0.70588237, 0.125490203, 0.392156869, 0.239215687
vb0[351]+028 TANGENT: 0.992125988, 0.00787401572, 0.0944881886, 1

vb0[352]+000 POSITION: 0.00300788879, 1.35058594, -0.0612182617, 1
vb0[352]+008 NORMAL: 0, -1, 0.0629921257, 0
vb0[352]+000 COLOR: 0.160784319, 0.101960786, 0.403921574, 0.239215687
vb0[352]+012 TEXCOORD: 0.0078125, 0.993652344
vb0[352]+016 TEXCOORD1: 0.494873047, 0.502441406
vb0[352]+020 TEXCOORD2: 0.496826172, 0.498535156
vb0[352]+000 TEXCOORD3: 0.160784319, 0.101960786, 0.403921574, 0.239215687
vb0[352]+028 TANGENT: 0.622047246, -0.0472440943, -0.779527545, 1

vb0[353]+000 POSITION: 6.88766221e-41, 1.34765625, -0.09375, 1
vb0[353]+008 NORMAL: 0, -0.992125988, 0.11811024, 0
vb0[353]+000 COLOR: 0.0235294122, 0, 0.392156869, 0.239215687
vb0[353]+012 TEXCOORD: 0, 0.989746094
vb0[353]+016 TEXCOORD1: 0.493652344, 0.505859375
vb0[353]+020 TEXCOORD2: 0.496582031, 0.499511719
vb0[353]+000 TEXCOORD3: 0.0235294122, 0, 0.392156869, 0.239215687
vb0[353]+028 TANGENT: 1, 0.00787401572, 0.0472440943, 1

vb0[354]+000 POSITION: 0.0179138184, 1.33398438, -0.181884766, 1
vb0[354]+008 NORMAL: -0.0236220472, -0.976377964, 0.204724416, 0
vb0[354]+000 COLOR: 0.588235319, 0.141176477, 0.337254912, 0.239215687
vb0[354]+012 TEXCOORD: 0.015625, 0.977050781
vb0[354]+016 TEXCOORD1: 0.487548828, 0.514160156
vb0[354]+020 TEXCOORD2: 0.494628906, 0.501953125
vb0[354]+000 TEXCOORD3: 0.588235319, 0.141176477, 0.337254912, 0.239215687
vb0[354]+028 TANGENT: 0.992125988, 0, 0.0944881886, 1

vb0[355]+000 POSITION: 5.73971851e-41, 1.33398438, -0.182739258, 1
vb0[355]+008 NORMAL: 0, -0.976377964, 0.204724416, 0
vb0[355]+000 COLOR: 0.0196078438, 0, 0.337254912, 0.239215687
vb0[355]+012 TEXCOORD: 0, 0.977050781
vb0[355]+016 TEXCOORD1: 0.489257813, 0.515136719
vb0[355]+020 TEXCOORD2: 0.495361328, 0.502441406
vb0[355]+000 TEXCOORD3: 0.0196078438, 0, 0.337254912, 0.239215687
vb0[355]+028 TANGENT: 1, 0.00787401572, 0.0472440943, 1

vb0[356]+000 POSITION: 0.0266571045, 1.31152344, -0.270751953, 1
vb0[356]+008 NORMAL: -0.0314960629, -0.96062994, 0.291338593, 0
vb0[356]+000 COLOR: 0.827450991, 0.149019614, 0.247058824, 0.239215687
vb0[356]+012 TEXCOORD: 0.015625, 0.960449219
vb0[356]+016 TEXCOORD1: 0.481201172, 0.524902344
vb0[356]+020 TEXCOORD2: 0.492919922, 0.504882813
vb0[356]+000 TEXCOORD3: 0.827450991, 0.149019614, 0.247058824, 0.239215687
vb0[356]+028 TANGENT: 0.992125988, 0, 0.0944881886, 1

vb0[357]+000 POSITION: 2.2958874e-41, 1.31152344, -0.271972656, 1
vb0[357]+008 NORMAL: 0, -0.96062994, 0.291338593, 0
vb0[357]+000 COLOR: 0.00784313772, 0, 0.247058824, 0.239215687
vb0[357]+012 TEXCOORD: 0, 0.960449219
vb0[357]+016 TEXCOORD1: 0.483886719, 0.526367188
vb0[357]+020 TEXCOORD2: 0.493652344, 0.505371094
vb0[357]+000 TEXCOORD3: 0.00784313772, 0, 0.247058824, 0.239215687
vb0[357]+028 TANGENT: 1, 0.0157480314, 0.0472440943, 1

vb0[358]+000 POSITION: 0.03515625, 1.28125, -0.356933594, 1
vb0[358]+008 NORMAL: -0.0393700786, -0.929133832, 0.370078743, 0
vb0[358]+000 COLOR: 0.501960814, 0.156862751, 0.125490203, 0.239215687
vb0[358]+012 TEXCOORD: 0.015625, 0.942382813
vb0[358]+016 TEXCOORD1: 0.473876953, 0.537109375
vb0[358]+020 TEXCOORD2: 0.490722656, 0.508789063
vb0[358]+000 TEXCOORD3: 0.501960814, 0.156862751, 0.125490203, 0.239215687
vb0[358]+028 TANGENT: 0.992125988, 0, 0.0944881886, 1

vb0[359]+000 POSITION: 6.88766221e-41, 1.28125, -0.358642578, 1
vb0[359]+008 NORMAL: 0, -0.929133832, 0.370078743, 0
vb0[359]+000 COLOR: 0.0235294122, 0, 0.125490203, 0.239215687
vb0[359]+012 TEXCOORD: 0, 0.942382813
vb0[359]+016 TEXCOORD1: 0.478027344, 0.539550781
vb0[359]+020 TEXCOORD2: 0.491943359, 0.509277344
vb0[359]+000 TEXCOORD3: 0.0235294122, 0, 0.125490203, 0.239215687
vb0[359]+028 TANGENT: 1, 0.0157480314, 0.0393700786, 1

vb0[360]+000 POSITION: 0.0433044434, 1.24316406, -0.439453125, 1
vb0[360]+008 NORMAL: -0.0472440943, -0.889763772, 0.456692904, 0
vb0[360]+000 COLOR: 0.545098066, 0.160784319, 0.97647059, 0.235294119
vb0[360]+012 TEXCOORD: 0.015625, 0.919921875
vb0[360]+016 TEXCOORD1: 0.465576172, 0.551269531
vb0[360]+020 TEXCOORD2: 0.488037109, 0.512695313
vb0[360]+000 TEXCOORD3: 0.545098066, 0.160784319, 0.97647059, 0.235294119
vb0[360]+028 TANGENT: 0.992125988, 0, 0.0944881886, 1

vb0[361]+000 POSITION: 4.59177481e-41, 1.24316406, -0.441650391, 1
vb0[361]+008 NORMAL: 0, -0.889763772, 0.464566916, 0
vb0[361]+000 COLOR: 0.0156862754, 0, 0.97647059, 0.235294119
vb0[361]+012 TEXCOORD: 0, 0.919921875
vb0[361]+016 TEXCOORD1: 0.471191406, 0.553710938
vb0[361]+020 TEXCOORD2: 0.489746094, 0.513671875
vb0[361]+000 TEXCOORD3: 0.0156862754, 0, 0.97647059, 0.235294119
vb0[361]+028 TANGENT: 1, 0.0236220472, 0.0393700786, 1

vb0[362]+000 POSITION: 0.0510253906, 1.19628906, -0.518066406, 1
vb0[362]+008 NORMAL: -0.05511811, -0.826771677, 0.566929162, 0
vb0[362]+000 COLOR: 0.533333361, 0.164705887, 0.788235307, 0.235294119
vb0[362]+012 TEXCOORD: 0.015625, 0.893066406
vb0[362]+016 TEXCOORD1: 0.456542969, 0.56640625
vb0[362]+020 TEXCOORD2: 0.484619141, 0.518554688
vb0[362]+000 TEXCOORD3: 0.533333361, 0.164705887, 0.788235307, 0.235294119
vb0[362]+028 TANGENT: 0.992125988, 0, 0.0944881886, 1

vb0[363]+000 POSITION: 5.73971851e-41, 1.19628906, -0.520507813, 1
vb0[363]+008 NORMAL: 0, -0.826771677, 0.566929162, 0
vb0[363]+000 COLOR: 0.0196078438, 0, 0.788235307, 0.235294119
vb0[363]+012 TEXCOORD: 0, 0.893066406
vb0[363]+016 TEXCOORD1: 0.463623047, 0.569824219
vb0[363]+020 TEXCOORD2: 0.486816406, 0.51953125
vb0[363]+000 TEXCOORD3: 0.0196078438, 0, 0.788235307, 0.235294119
vb0[363]+028 TANGENT: 1, 0.0236220472, 0.0314960629, 1

vb0[364]+000 POSITION: 0.0582580566, 1.13769531, -0.591308594, 1
vb0[364]+008 NORMAL: -0.0629921257, -0.740157485, 0.669291317, 0
vb0[364]+000 COLOR: 0.458823532, 0.168627456, 0.552941203, 0.235294119
vb0[364]+012 TEXCOORD: 0.015625, 0.860839844
vb0[364]+016 TEXCOORD1: 0.447021484, 0.58203125
vb0[364]+020 TEXCOORD2: 0.480224609, 0.525390625
vb0[364]+000 TEXCOORD3: 0.458823532, 0.168627456, 0.552941203, 0.235294119
vb0[364]+028 TANGENT: 0.992125988, 0, 0.0944881886, 1

vb0[365]+000 POSITION: 5.73971851e-41, 1.13769531, -0.594238281, 1
vb0[365]+008 NORMAL: 0, -0.740157485, 0.669291317, 0
vb0[365]+000 COLOR: 0.0196078438, 0, 0.552941203, 0.235294119
vb0[365]+012 TEXCOORD: 0, 0.860839844
vb0[365]+016 TEXCOORD1: 0.455566406, 0.586914063
vb0[365]+020 TEXCOORD2: 0.483154297, 0.52734375
vb0[365]+000 TEXCOORD3: 0.0196078438, 0, 0.552941203, 0.235294119
vb0[365]+028 TANGENT: 1, 0.0236220472, 0.0236220472, 1

vb0[366]+000 POSITION: 0.0649414063, 1.06835938, -0.659179688, 1
vb0[366]+008 NORMAL: -0.0708661452, -0.653543293, 0.755905509, 0
vb0[366]+000 COLOR: 0.156862751, 0.172549024, 0.274509817, 0.235294119
vb0[366]+012 TEXCOORD: 0.015625, 0.82421875
vb0[366]+016 TEXCOORD1: 0.437255859, 0.598144531
vb0[366]+020 TEXCOORD2: 0.474853516, 0.534179688
vb0[366]+000 TEXCOORD3: 0.156862751, 0.172549024, 0.274509817, 0.235294119
vb0[366]+028 TANGENT: 0.992125988, 0, 0.0944881886, 1

vb0[367]+000 POSITION: 5.73971851e-41, 1.06835938, -0.662597656, 1
vb0[367]+008 NORMAL: 0, -0.653543293, 0.755905509, 0
vb0[367]+000 COLOR: 0.0196078438, 0, 0.274509817, 0.235294119
vb0[367]+012 TEXCOORD: 0, 0.82421875
vb0[367]+016 TEXCOORD1: 0.447509766, 0.604003906
vb0[367]+020 TEXCOORD2: 0.478759766, 0.536132813
vb0[367]+000 TEXCOORD3: 0.0196078438, 0, 0.274509817, 0.235294119
vb0[367]+028 TANGENT: 1, 0.0236220472, 0.0236220472, 1

vb0[368]+000 POSITION: 0.00525665283, 1.3515625, -0.0533752441, 1
vb0[368]+008 NORMAL: 0, -1, 0.0393700786, 0
vb0[368]+000 COLOR: 0.384313732, 0.113725491, 0.407843143, 0.239215687
vb0[368]+012 TEXCOORD: 0.015625, 0.997070313
vb0[368]+016 TEXCOORD1: 0.495117188, 0.501464844
vb0[368]+020 TEXCOORD2: 0.497070313, 0.498291016
vb0[368]+000 TEXCOORD3: 0.384313732, 0.113725491, 0.407843143, 0.239215687
vb0[368]+028 TANGENT: 0.992125988, 0, 0.0944881886, 1

vb0[369]+000 POSITION: 9.18354962e-41, 1.3515625, -0.0536193848, 1
vb0[369]+008 NORMAL: 0, -1, 0.0393700786, 0
vb0[369]+000 COLOR: 0.0313725509, 0, 0.407843143, 0.239215687
vb0[369]+012 TEXCOORD: 0, 0.997070313
vb0[369]+016 TEXCOORD1: 0.495605469, 0.501953125
vb0[369]+020 TEXCOORD2: 0.497070313, 0.498291016
vb0[369]+000 TEXCOORD3: 0.0313725509, 0, 0.407843143, 0.239215687
vb0[369]+028 TANGENT: 1, 0, 0.0472440943, 1

vb0[370]+000 POSITION: 1.60712118e-40, 1.35449219, 1.03314933e-40, 1
vb0[370]+008 NORMAL: 0, -1, 0, 0
vb0[370]+000 COLOR: 0.0549019612, 0, 0.419607848, 0.239215687
vb0[370]+012 TEXCOORD: 0.03125, 1
vb0[370]+016 TEXCOORD1: 0.497802734, 0.497070313
vb0[370]+020 TEXCOORD2: 0.497802734, 0.497070313
vb0[370]+000 TEXCOORD3: 0.0549019612, 0, 0.419607848, 0.239215687
vb0[370]+028 TANGENT: 0.992125988, 0, 0.0944881886, 1

vb0[371]+000 POSITION: 0.0148925781, 1.35058594, -0.0594482422, 1
vb0[371]+008 NORMAL: 0, -1, 0.0629921257, 0
vb0[371]+000 COLOR: 0.627451003, 0.137254909, 0.403921574, 0.239215687
vb0[371]+012 TEXCOORD: 0.0390625, 0.993652344
vb0[371]+016 TEXCOORD1: 0.493896484, 0.501953125
vb0[371]+020 TEXCOORD2: 0.496582031, 0.498291016
vb0[371]+000 TEXCOORD3: 0.627451003, 0.137254909, 0.403921574, 0.239215687
vb0[371]+028 TANGENT: 0.968503952, 0.0157480314, 0.244094491, 1

vb0[372]+000 POSITION: 0.0272216797, 1.34765625, -0.0897216797, 1
vb0[372]+008 NORMAL: -0.0157480314, -0.992125988, 0.11023622, 0
vb0[372]+000 COLOR: 0.972549021, 0.149019614, 0.392156869, 0.239215687
vb0[372]+012 TEXCOORD: 0.046875, 0.989746094
vb0[372]+016 TEXCOORD1: 0.491455078, 0.50390625
vb0[372]+020 TEXCOORD2: 0.495849609, 0.499023438
vb0[372]+000 TEXCOORD3: 0.972549021, 0.149019614, 0.392156869, 0.239215687
vb0[372]+028 TANGENT: 0.96062994, 0.0157480314, 0.291338593, 1

vb0[373]+000 POSITION: 0.0155639648, 1.3515625, -0.0513305664, 1
vb0[373]+008 NORMAL: 0, -1, 0.0314960629, 0
vb0[373]+000 COLOR: 0.972549021, 0.137254909, 0.407843143, 0.239215687
vb0[373]+012 TEXCOORD: 0.046875, 0.997070313
vb0[373]+016 TEXCOORD1: 0.494140625, 0.500976563
vb0[373]+020 TEXCOORD2: 0.496826172, 0.498046875
vb0[373]+000 TEXCOORD3: 0.972549021, 0.137254909, 0.407843143, 0.239215687
vb0[373]+028 TANGENT: 0.96062994, 0.00787401572, 0.291338593, 1

vb0[374]+000 POSITION: 0.0206451416, 1.35058594, -0.0577087402, 1
vb0[374]+008 NORMAL: 0, -1, 0.0629921257, 0
vb0[374]+000 COLOR: 0.286274523, 0.145098045, 0.403921574, 0.239215687
vb0[374]+012 TEXCOORD: 0.0546875, 0.993652344
vb0[374]+016 TEXCOORD1: 0.493408203, 0.501464844
vb0[374]+020 TEXCOORD2: 0.496582031, 0.498291016
vb0[374]+000 TEXCOORD3: 0.286274523, 0.145098045, 0.403921574, 0.239215687
vb0[374]+028 TANGENT: 0.944881916, 0.0236220472, 0.338582665, 1

vb0[375]+000 POSITION: 0.0358886719, 1.34765625, -0.0866088867, 1
vb0[375]+008 NORMAL: -0.0314960629, -0.992125988, 0.11023622, 0
vb0[375]+000 COLOR: 0.596078455, 0.156862751, 0.392156869, 0.239215687
vb0[375]+012 TEXCOORD: 0.0625, 0.989746094
vb0[375]+016 TEXCOORD1: 0.490722656, 0.503417969
vb0[375]+020 TEXCOORD2: 0.495849609, 0.498779297
vb0[375]+000 TEXCOORD3: 0.596078455, 0.156862751, 0.392156869, 0.239215687
vb0[375]+028 TANGENT: 0.92125982, 0.00787401572, 0.377952754, 1

vb0[376]+000 POSITION: 0.0699462891, 1.33398438, -0.168823242, 1
vb0[376]+008 NORMAL: -0.0787401572, -0.976377964, 0.188976377, 0
vb0[376]+000 COLOR: 0.478431374, 0.172549024, 0.337254912, 0.239215687
vb0[376]+012 TEXCOORD: 0.0625, 0.977050781
vb0[376]+016 TEXCOORD1: 0.482910156, 0.510742188
vb0[376]+020 TEXCOORD2: 0.493408203, 0.500976563
vb0[376]+000 TEXCOORD3: 0.478431374, 0.172549024, 0.337254912, 0.239215687
vb0[376]+028 TANGENT: 0.92125982, 0, 0.385826766, 1

vb0[377]+000 POSITION: 0.104064941, 1.31152344, -0.251220703, 1
vb0[377]+008 NORMAL: -0.11023622, -0.96062994, 0.267716527, 0
vb0[377]+000 COLOR: 0.662745118, 0.180392161, 0.247058824, 0.239215687
vb0[377]+012 TEXCOORD: 0.0625, 0.960449219
vb0[377]+016 TEXCOORD1: 0.473876953, 0.519042969
vb0[377]+020 TEXCOORD2: 0.490722656, 0.503417969
vb0[377]+000 TEXCOORD3: 0.662745118, 0.180392161, 0.247058824, 0.239215687
vb0[377]+028 TANGENT: 0.92125982, 0, 0.385826766, 1

vb0[378]+000 POSITION: 0.0861816406, 1.33398438, -0.161254883, 1
vb0[378]+008 NORMAL: -0.0944881886, -0.976377964, 0.181102365, 0
vb0[378]+000 COLOR: 0.517647088, 0.176470593, 0.337254912, 0.239215687
vb0[378]+012 TEXCOORD: 0.078125, 0.977050781
vb0[378]+016 TEXCOORD1: 0.481689453, 0.509277344
vb0[378]+020 TEXCOORD2: 0.493164063, 0.500488281
vb0[378]+000 TEXCOORD3: 0.517647088, 0.176470593, 0.337254912, 0.239215687
vb0[378]+028 TANGENT: 0.88188976, 0, 0.472440958, 1

vb0[379]+000 POSITION: 0.128173828, 1.31152344, -0.239868164, 1
vb0[379]+008 NORMAL: -0.133858263, -0.96062994, 0.251968503, 0
vb0[379]+000 COLOR: 0.101960786, 0.188235298, 0.247058824, 0.239215687
vb0[379]+012 TEXCOORD: 0.078125, 0.960449219
vb0[379]+016 TEXCOORD1: 0.471679688, 0.516601563
vb0[379]+020 TEXCOORD2: 0.490234375, 0.502441406
vb0[379]+000 TEXCOORD3: 0.101960786, 0.188235298, 0.247058824, 0.239215687
vb0[379]+028 TANGENT: 0.88188976, 0, 0.472440958, 1

vb0[380]+000 POSITION: 0.137207031, 1.28125, -0.331298828, 1
vb0[380]+008 NORMAL: -0.14173229, -0.929133832, 0.346456707, 0
vb0[380]+000 COLOR: 0.392156869, 0.188235298, 0.125490203, 0.239215687
vb0[380]+012 TEXCOORD: 0.0625, 0.942382813
vb0[380]+016 TEXCOORD1: 0.463134766, 0.528320313
vb0[380]+020 TEXCOORD2: 0.487792969, 0.505859375
vb0[380]+000 TEXCOORD3: 0.392156869, 0.188235298, 0.125490203, 0.239215687
vb0[380]+028 TANGENT: 0.92125982, 0, 0.385826766, 1

vb0[381]+000 POSITION: 0.169067383, 1.24316406, -0.407958984, 1
vb0[381]+008 NORMAL: -0.173228353, -0.889763772, 0.425196856, 0
vb0[381]+000 COLOR: 0.411764711, 0.192156866, 0.97647059, 0.235294119
vb0[381]+012 TEXCOORD: 0.0625, 0.919921875
vb0[381]+016 TEXCOORD1: 0.451416016, 0.539550781
vb0[381]+020 TEXCOORD2: 0.483886719, 0.509277344
vb0[381]+000 TEXCOORD3: 0.411764711, 0.192156866, 0.97647059, 0.235294119
vb0[381]+028 TANGENT: 0.92125982, 0, 0.385826766, 1

vb0[382]+000 POSITION: 0.19921875, 1.19628906, -0.480957031, 1
vb0[382]+008 NORMAL: -0.22047244, -0.826771677, 0.527559042, 0
vb0[382]+000 COLOR: 0.376470596, 0.196078435, 0.788235307, 0.235294119
vb0[382]+012 TEXCOORD: 0.0625, 0.893066406
vb0[382]+016 TEXCOORD1: 0.438232422, 0.551269531
vb0[382]+020 TEXCOORD2: 0.479003906, 0.513671875
vb0[382]+000 TEXCOORD3: 0.376470596, 0.196078435, 0.788235307, 0.235294119
vb0[382]+028 TANGENT: 0.92125982, 0, 0.385826766, 1

vb0[383]+000 POSITION: 0.227416992, 1.13769531, -0.549316406, 1
vb0[383]+008 NORMAL: -0.259842515, -0.740157485, 0.622047246, 0
vb0[383]+000 COLOR: 0.278431386, 0.200000003, 0.552941203, 0.235294119
vb0[383]+012 TEXCOORD: 0.0625, 0.860839844
vb0[383]+016 TEXCOORD1: 0.424560547, 0.563476563
vb0[383]+020 TEXCOORD2: 0.472900391, 0.519042969
vb0[383]+000 TEXCOORD3: 0.278431386, 0.200000003, 0.552941203, 0.235294119
vb0[383]+028 TANGENT: 0.92125982, 0, 0.385826766, 1

vb0[384]+000 POSITION: 0.253417969, 1.06835938, -0.612304688, 1
vb0[384]+008 NORMAL: -0.291338593, -0.653543293, 0.700787425, 0
vb0[384]+000 COLOR: 0.0549019612, 0.203921571, 0.274509817, 0.235294119
vb0[384]+012 TEXCOORD: 0.0625, 0.82421875
vb0[384]+016 TEXCOORD1: 0.410644531, 0.576171875
vb0[384]+020 TEXCOORD2: 0.465087891, 0.525878906
vb0[384]+000 TEXCOORD3: 0.0549019612, 0.203921571, 0.274509817, 0.235294119
vb0[384]+028 TANGENT: 0.92125982, 0, 0.385826766, 1

vb0[385]+000 POSITION: 0.277099609, 0.985839844, -0.668945313, 1
vb0[385]+008 NORMAL: -0.322834641, -0.551181078, 0.771653533, 0
vb0[385]+000 COLOR: 0.435294122, 0.203921571, 0.890196085, 0.23137255
vb0[385]+012 TEXCOORD: 0.0625, 0.778808594
vb0[385]+016 TEXCOORD1: 0.396972656, 0.588378906
vb0[385]+020 TEXCOORD2: 0.455566406, 0.534179688
vb0[385]+000 TEXCOORD3: 0.435294122, 0.203921571, 0.890196085, 0.23137255
vb0[385]+028 TANGENT: 0.92125982, 0, 0.385826766, 1

vb0[386]+000 POSITION: 0.298095703, 0.889160156, -0.719726563, 1
vb0[386]+008 NORMAL: -0.346456707, -0.44094488, 0.826771677, 0
vb0[386]+000 COLOR: 0.772549033, 0.203921571, 0.113725491, 0.23137255
vb0[386]+012 TEXCOORD: 0.0625, 0.718261719
vb0[386]+016 TEXCOORD1: 0.384277344, 0.600097656
vb0[386]+020 TEXCOORD2: 0.443847656, 0.544921875
vb0[386]+000 TEXCOORD3: 0.772549033, 0.203921571, 0.113725491, 0.23137255
vb0[386]+028 TANGENT: 0.92125982, 0, 0.385826766, 1

vb0[387]+000 POSITION: 0.316162109, 0.776855469, -0.763183594, 1
vb0[387]+008 NORMAL: -0.362204731, -0.346456707, 0.866141737, 0
vb0[387]+000 COLOR: 0.0588235296, 0.20784314, 0.215686277, 0.227450982
vb0[387]+012 TEXCOORD: 0.0625, 0.639160156
vb0[387]+016 TEXCOORD1: 0.371337891, 0.611328125
vb0[387]+020 TEXCOORD2: 0.4296875, 0.557617188
vb0[387]+000 TEXCOORD3: 0.0588235296, 0.20784314, 0.215686277, 0.227450982
vb0[387]+028 TANGENT: 0.92125982, 0, 0.385826766, 1

vb0[388]+000 POSITION: 0.3671875, 0.889160156, -0.687011719, 1
vb0[388]+008 NORMAL: -0.425196856, -0.44094488, 0.795275569, 0
vb0[388]+000 COLOR: 0.87843138, 0.20784314, 0.113725491, 0.23137255
vb0[388]+012 TEXCOORD: 0.078125, 0.718261719
vb0[388]+016 TEXCOORD1: 0.374755859, 0.588378906
vb0[388]+020 TEXCOORD2: 0.439697266, 0.5390625
vb0[388]+000 TEXCOORD3: 0.87843138, 0.20784314, 0.113725491, 0.23137255
vb0[388]+028 TANGENT: 0.88188976, 0, 0.472440958, 1

vb0[389]+000 POSITION: 0.341308594, 0.985839844, -0.638671875, 1
vb0[389]+008 NORMAL: -0.393700778, -0.551181078, 0.740157485, 0
vb0[389]+000 COLOR: 0.4627451, 0.20784314, 0.890196085, 0.23137255
vb0[389]+012 TEXCOORD: 0.078125, 0.778808594
vb0[389]+016 TEXCOORD1: 0.388671875, 0.578125
vb0[389]+020 TEXCOORD2: 0.452148438, 0.530273438
vb0[389]+000 TEXCOORD3: 0.4627451, 0.20784314, 0.890196085, 0.23137255
vb0[389]+028 TANGENT: 0.88188976, 0, 0.472440958, 1

vb0[390]+000 POSITION: 0.331298828, 0.653320313, -0.799804688, 1
vb0[390]+008 NORMAL: -0.370078743, -0.267716527, 0.889763772, 0
vb0[390]+000 COLOR: 0.301960796, 0.20784314, 0.227450982, 0.223529413
vb0[390]+012 TEXCOORD: 0.0625, 0.544921875
vb0[390]+016 TEXCOORD1: 0.35546875, 0.625488281
vb0[390]+020 TEXCOORD2: 0.411621094, 0.573242188
vb0[390]+000 TEXCOORD3: 0.301960796, 0.20784314, 0.227450982, 0.223529413
vb0[390]+028 TANGENT: 0.92125982, 0, 0.385826766, 1

vb0[391]+000 POSITION: 0.389404297, 0.776855469, -0.728515625, 1
vb0[391]+008 NORMAL: -0.44094488, -0.346456707, 0.826771677, 0
vb0[391]+000 COLOR: 0.23137255, 0.211764708, 0.215686277, 0.227450982
vb0[391]+012 TEXCOORD: 0.078125, 0.639160156
vb0[391]+016 TEXCOORD1: 0.360839844, 0.598144531
vb0[391]+020 TEXCOORD2: 0.424072266, 0.550292969
vb0[391]+000 TEXCOORD3: 0.23137255, 0.211764708, 0.215686277, 0.227450982
vb0[391]+028 TANGENT: 0.88188976, 0, 0.472440958, 1

vb0[392]+000 POSITION: 0.407958984, 0.653320313, -0.763183594, 1
vb0[392]+008 NORMAL: -0.456692904, -0.267716527, 0.850393713, 0
vb0[392]+000 COLOR: 0.529411793, 0.211764708, 0.227450982, 0.223529413
vb0[392]+012 TEXCOORD: 0.078125, 0.544921875
vb0[392]+016 TEXCOORD1: 0.34375, 0.610839844
vb0[392]+020 TEXCOORD2: 0.404785156, 0.563964844
vb0[392]+000 TEXCOORD3: 0.529411793, 0.211764708, 0.227450982, 0.223529413
vb0[392]+028 TANGENT: 0.88188976, 0, 0.472440958, 1

vb0[393]+000 POSITION: 0.432861328, 0.889160156, -0.647949219, 1
vb0[393]+008 NORMAL: -0.496062994, -0.44094488, 0.748031497, 0
vb0[393]+000 COLOR: 0.929411769, 0.211764708, 0.113725491, 0.23137255
vb0[393]+012 TEXCOORD: 0.09375, 0.718261719
vb0[393]+016 TEXCOORD1: 0.366455078, 0.575683594
vb0[393]+020 TEXCOORD2: 0.435791016, 0.533203125
vb0[393]+000 TEXCOORD3: 0.929411769, 0.211764708, 0.113725491, 0.23137255
vb0[393]+028 TANGENT: 0.834645689, 0, 0.55905509, 1

vb0[394]+000 POSITION: 0.458984375, 0.776855469, -0.687011719, 1
vb0[394]+008 NORMAL: -0.51968503, -0.346456707, 0.779527545, 0
vb0[394]+000 COLOR: 0.345098048, 0.215686277, 0.215686277, 0.227450982
vb0[394]+012 TEXCOORD: 0.09375, 0.639160156
vb0[394]+016 TEXCOORD1: 0.3515625, 0.584472656
vb0[394]+020 TEXCOORD2: 0.419189453, 0.54296875
vb0[394]+000 TEXCOORD3: 0.345098048, 0.215686277, 0.215686277, 0.227450982
vb0[394]+028 TANGENT: 0.834645689, 0, 0.55905509, 1

vb0[395]+000 POSITION: 0.40234375, 0.985839844, -0.602050781, 1
vb0[395]+008 NORMAL: -0.464566916, -0.551181078, 0.692913413, 0
vb0[395]+000 COLOR: 0.43921569, 0.211764708, 0.890196085, 0.23137255
vb0[395]+012 TEXCOORD: 0.09375, 0.778808594
vb0[395]+016 TEXCOORD1: 0.381103516, 0.566894531
vb0[395]+020 TEXCOORD2: 0.44921875, 0.525390625
vb0[395]+000 TEXCOORD3: 0.43921569, 0.211764708, 0.890196085, 0.23137255
vb0[395]+028 TANGENT: 0.834645689, 0, 0.55905509, 1

vb0[396]+000 POSITION: 0.312255859, 1.06835938, -0.584472656, 1
vb0[396]+008 NORMAL: -0.354330719, -0.653543293, 0.669291317, 0
vb0[396]+000 COLOR: 1, 0.203921571, 0.274509817, 0.235294119
vb0[396]+012 TEXCOORD: 0.078125, 0.82421875
vb0[396]+016 TEXCOORD1: 0.403320313, 0.567382813
vb0[396]+020 TEXCOORD2: 0.462402344, 0.522460938
vb0[396]+000 TEXCOORD3: 1, 0.203921571, 0.274509817, 0.235294119
vb0[396]+028 TANGENT: 0.88188976, 0, 0.472440958, 1

vb0[397]+000 POSITION: 0.368164063, 1.06835938, -0.55078125, 1
vb0[397]+008 NORMAL: -0.425196856, -0.653543293, 0.629921257, 0
vb0[397]+000 COLOR: 0.894117653, 0.20784314, 0.274509817, 0.235294119
vb0[397]+012 TEXCOORD: 0.09375, 0.82421875
vb0[397]+016 TEXCOORD1: 0.396728516, 0.557617188
vb0[397]+020 TEXCOORD2: 0.460205078, 0.519042969
vb0[397]+000 TEXCOORD3: 0.894117653, 0.20784314, 0.274509817, 0.235294119
vb0[397]+028 TANGENT: 0.834645689, 0, 0.55905509, 1

vb0[398]+000 POSITION: 0.330322266, 1.13769531, -0.494140625, 1
vb0[398]+008 NORMAL: -0.370078743, -0.740157485, 0.55905509, 0
vb0[398]+000 COLOR: 0.286274523, 0.20784314, 0.552941203, 0.235294119
vb0[398]+012 TEXCOORD: 0.09375, 0.860839844
vb0[398]+016 TEXCOORD1: 0.412841797, 0.547851563
vb0[398]+020 TEXCOORD2: 0.468994141, 0.513671875
vb0[398]+000 TEXCOORD3: 0.286274523, 0.20784314, 0.552941203, 0.235294119
vb0[398]+028 TANGENT: 0.834645689, 0, 0.55905509, 1

vb0[399]+000 POSITION: 0.280273438, 1.13769531, -0.524414063, 1
vb0[399]+008 NORMAL: -0.314960629, -0.740157485, 0.590551198, 0
vb0[399]+000 COLOR: 0.486274511, 0.203921571, 0.552941203, 0.235294119
vb0[399]+012 TEXCOORD: 0.078125, 0.860839844
vb0[399]+016 TEXCOORD1: 0.418212891, 0.556152344
vb0[399]+020 TEXCOORD2: 0.470703125, 0.516601563
vb0[399]+000 TEXCOORD3: 0.486274511, 0.203921571, 0.552941203, 0.235294119
vb0[399]+028 TANGENT: 0.88188976, 0, 0.472440958, 1

vb0[400]+000 POSITION: 0.245361328, 1.19628906, -0.458984375, 1
vb0[400]+008 NORMAL: -0.267716527, -0.826771677, 0.503937006, 0
vb0[400]+000 COLOR: 0.854901969, 0.200000003, 0.788235307, 0.235294119
vb0[400]+012 TEXCOORD: 0.078125, 0.893066406
vb0[400]+016 TEXCOORD1: 0.433349609, 0.544921875
vb0[400]+020 TEXCOORD2: 0.477539063, 0.51171875
vb0[400]+000 TEXCOORD3: 0.854901969, 0.200000003, 0.788235307, 0.235294119
vb0[400]+028 TANGENT: 0.88188976, 0, 0.472440958, 1

vb0[401]+000 POSITION: 0.208251953, 1.24316406, -0.389404297, 1
vb0[401]+008 NORMAL: -0.22047244, -0.889763772, 0.409448832, 0
vb0[401]+000 COLOR: 0.666666687, 0.196078435, 0.97647059, 0.235294119
vb0[401]+012 TEXCOORD: 0.078125, 0.919921875
vb0[401]+016 TEXCOORD1: 0.447509766, 0.534667969
vb0[401]+020 TEXCOORD2: 0.482910156, 0.5078125
vb0[401]+000 TEXCOORD3: 0.666666687, 0.196078435, 0.97647059, 0.235294119
vb0[401]+028 TANGENT: 0.88188976, 0, 0.472440958, 1

vb0[402]+000 POSITION: 0.289306641, 1.19628906, -0.432861328, 1
vb0[402]+008 NORMAL: -0.314960629, -0.826771677, 0.472440958, 0
vb0[402]+000 COLOR: 0.631372571, 0.203921571, 0.788235307, 0.235294119
vb0[402]+012 TEXCOORD: 0.09375, 0.893066406
vb0[402]+016 TEXCOORD1: 0.428955078, 0.538574219
vb0[402]+020 TEXCOORD2: 0.476074219, 0.509765625
vb0[402]+000 TEXCOORD3: 0.631372571, 0.203921571, 0.788235307, 0.235294119
vb0[402]+028 TANGENT: 0.834645689, 0, 0.55905509, 1

vb0[403]+000 POSITION: 0.169067383, 1.28125, -0.316162109, 1
vb0[403]+008 NORMAL: -0.173228353, -0.929133832, 0.330708653, 0
vb0[403]+000 COLOR: 0.411764711, 0.192156866, 0.125490203, 0.239215687
vb0[403]+012 TEXCOORD: 0.078125, 0.942382813
vb0[403]+016 TEXCOORD1: 0.460205078, 0.524902344
vb0[403]+020 TEXCOORD2: 0.486816406, 0.504882813
vb0[403]+000 TEXCOORD3: 0.411764711, 0.192156866, 0.125490203, 0.239215687
vb0[403]+028 TANGENT: 0.88188976, 0, 0.472440958, 1

vb0[404]+000 POSITION: 0.245361328, 1.24316406, -0.3671875, 1
vb0[404]+008 NORMAL: -0.259842515, -0.889763772, 0.385826766, 0
vb0[404]+000 COLOR: 0.854901969, 0.200000003, 0.97647059, 0.235294119
vb0[404]+012 TEXCOORD: 0.09375, 0.919921875
vb0[404]+016 TEXCOORD1: 0.444091797, 0.529296875
vb0[404]+020 TEXCOORD2: 0.481933594, 0.506347656
vb0[404]+000 TEXCOORD3: 0.854901969, 0.200000003, 0.97647059, 0.235294119
vb0[404]+028 TANGENT: 0.834645689, 0, 0.55905509, 1

vb0[405]+000 POSITION: 0.19921875, 1.28125, -0.298095703, 1
vb0[405]+008 NORMAL: -0.204724416, -0.929133832, 0.307086617, 0
vb0[405]+000 COLOR: 0.376470596, 0.196078435, 0.125490203, 0.239215687
vb0[405]+012 TEXCOORD: 0.09375, 0.942382813
vb0[405]+016 TEXCOORD1: 0.457763672, 0.520996094
vb0[405]+020 TEXCOORD2: 0.486083984, 0.50390625
vb0[405]+000 TEXCOORD3: 0.376470596, 0.196078435, 0.125490203, 0.239215687
vb0[405]+028 TANGENT: 0.834645689, 0, 0.55905509, 1

vb0[406]+000 POSITION: 0.151123047, 1.31152344, -0.226196289, 1
vb0[406]+008 NORMAL: -0.157480314, -0.96062994, 0.244094491, 0
vb0[406]+000 COLOR: 0.839215696, 0.188235298, 0.247058824, 0.239215687
vb0[406]+012 TEXCOORD: 0.09375, 0.960449219
vb0[406]+016 TEXCOORD1: 0.469970703, 0.513671875
vb0[406]+020 TEXCOORD2: 0.489746094, 0.501953125
vb0[406]+000 TEXCOORD3: 0.839215696, 0.188235298, 0.247058824, 0.239215687
vb0[406]+028 TANGENT: 0.834645689, 0, 0.55905509, 1

vb0[407]+000 POSITION: 0.1015625, 1.33398438, -0.151977539, 1
vb0[407]+008 NORMAL: -0.11023622, -0.976377964, 0.165354326, 0
vb0[407]+000 COLOR: 0.501960814, 0.180392161, 0.337254912, 0.239215687
vb0[407]+012 TEXCOORD: 0.09375, 0.977050781
vb0[407]+016 TEXCOORD1: 0.480712891, 0.507324219
vb0[407]+020 TEXCOORD2: 0.492675781, 0.5
vb0[407]+000 TEXCOORD3: 0.501960814, 0.180392161, 0.337254912, 0.239215687
vb0[407]+028 TANGENT: 0.834645689, 0, 0.55905509, 1

vb0[408]+000 POSITION: 0.227416992, 1.28125, -0.277099609, 1
vb0[408]+008 NORMAL: -0.236220479, -0.929133832, 0.291338593, 0
vb0[408]+000 COLOR: 0.278431386, 0.200000003, 0.125490203, 0.239215687
vb0[408]+012 TEXCOORD: 0.109375, 0.942382813
vb0[408]+016 TEXCOORD1: 0.455566406, 0.517089844
vb0[408]+020 TEXCOORD2: 0.485595703, 0.502929688
vb0[408]+000 TEXCOORD3: 0.278431386, 0.200000003, 0.125490203, 0.239215687
vb0[408]+028 TANGENT: 0.771653533, 0, 0.637795269, 1

vb0[409]+000 POSITION: 0.280273438, 1.24316406, -0.341308594, 1
vb0[409]+008 NORMAL: -0.291338593, -0.889763772, 0.354330719, 0
vb0[409]+000 COLOR: 0.486274511, 0.203921571, 0.97647059, 0.235294119
vb0[409]+012 TEXCOORD: 0.109375, 0.919921875
vb0[409]+016 TEXCOORD1: 0.441162109, 0.523925781
vb0[409]+020 TEXCOORD2: 0.480957031, 0.504882813
vb0[409]+000 TEXCOORD3: 0.486274511, 0.203921571, 0.97647059, 0.235294119
vb0[409]+028 TANGENT: 0.771653533, 0, 0.637795269, 1

vb0[410]+000 POSITION: 0.330322266, 1.19628906, -0.40234375, 1
vb0[410]+008 NORMAL: -0.362204731, -0.826771677, 0.44094488, 0
vb0[410]+000 COLOR: 0.286274523, 0.20784314, 0.788235307, 0.235294119
vb0[410]+012 TEXCOORD: 0.109375, 0.893066406
vb0[410]+016 TEXCOORD1: 0.425292969, 0.531738281
vb0[410]+020 TEXCOORD2: 0.474853516, 0.507324219
vb0[410]+000 TEXCOORD3: 0.286274523, 0.20784314, 0.788235307, 0.235294119
vb0[410]+028 TANGENT: 0.771653533, 0, 0.637795269, 1

vb0[411]+000 POSITION: 0.376953125, 1.13769531, -0.459472656, 1
vb0[411]+008 NORMAL: -0.425196856, -0.740157485, 0.51968503, 0
vb0[411]+000 COLOR: 0.0313725509, 0.211764708, 0.552941203, 0.235294119
vb0[411]+012 TEXCOORD: 0.109375, 0.860839844
vb0[411]+016 TEXCOORD1: 0.408447266, 0.539550781
vb0[411]+020 TEXCOORD2: 0.467529297, 0.511230469
vb0[411]+000 TEXCOORD3: 0.0313725509, 0.211764708, 0.552941203, 0.235294119
vb0[411]+028 TANGENT: 0.771653533, 0, 0.637795269, 1

vb0[412]+000 POSITION: 0.420410156, 1.06835938, -0.512207031, 1
vb0[412]+008 NORMAL: -0.48031497, -0.653543293, 0.582677186, 0
vb0[412]+000 COLOR: 0.729411781, 0.211764708, 0.274509817, 0.235294119
vb0[412]+012 TEXCOORD: 0.109375, 0.82421875
vb0[412]+016 TEXCOORD1: 0.391357422, 0.547363281
vb0[412]+020 TEXCOORD2: 0.458251953, 0.515136719
vb0[412]+000 TEXCOORD3: 0.729411781, 0.211764708, 0.274509817, 0.235294119
vb0[412]+028 TANGENT: 0.771653533, 0, 0.637795269, 1

vb0[413]+000 POSITION: 0.459472656, 0.985839844, -0.560058594, 1
vb0[413]+008 NORMAL: -0.527559042, -0.551181078, 0.645669281, 0
vb0[413]+000 COLOR: 0.352941185, 0.215686277, 0.890196085, 0.23137255
vb0[413]+012 TEXCOORD: 0.109375, 0.778808594
vb0[413]+016 TEXCOORD1: 0.375, 0.555175781
vb0[413]+020 TEXCOORD2: 0.446777344, 0.520507813
vb0[413]+000 TEXCOORD3: 0.352941185, 0.215686277, 0.890196085, 0.23137255
vb0[413]+028 TANGENT: 0.771653533, 0, 0.637795269, 1

vb0[414]+000 POSITION: 0.494140625, 0.889160156, -0.602050781, 1
vb0[414]+008 NORMAL: -0.566929162, -0.44094488, 0.692913413, 0
vb0[414]+000 COLOR: 0.909803927, 0.215686277, 0.113725491, 0.23137255
vb0[414]+012 TEXCOORD: 0.109375, 0.718261719
vb0[414]+016 TEXCOORD1: 0.359375, 0.5625
vb0[414]+020 TEXCOORD2: 0.432617188, 0.526855469
vb0[414]+000 TEXCOORD3: 0.909803927, 0.215686277, 0.113725491, 0.23137255
vb0[414]+028 TANGENT: 0.771653533, 0, 0.637795269, 1

vb0[415]+000 POSITION: 0.524414063, 0.776855469, -0.638671875, 1
vb0[415]+008 NORMAL: -0.59842521, -0.346456707, 0.724409461, 0
vb0[415]+000 COLOR: 0.196078435, 0.219607845, 0.215686277, 0.227450982
vb0[415]+012 TEXCOORD: 0.109375, 0.639160156
vb0[415]+016 TEXCOORD1: 0.34375, 0.569335938
vb0[415]+020 TEXCOORD2: 0.415283203, 0.534667969
vb0[415]+000 TEXCOORD3: 0.196078435, 0.219607845, 0.215686277, 0.227450982
vb0[415]+028 TANGENT: 0.771653533, 0, 0.637795269, 1

vb0[416]+000 POSITION: 0.549316406, 0.653320313, -0.668945313, 1
vb0[416]+008 NORMAL: -0.614173234, -0.267716527, 0.748031497, 0
vb0[416]+000 COLOR: 0.396078438, 0.219607845, 0.227450982, 0.223529413
vb0[416]+012 TEXCOORD: 0.109375, 0.544921875
vb0[416]+016 TEXCOORD1: 0.324707031, 0.578125
vb0[416]+020 TEXCOORD2: 0.393554688, 0.544433594
vb0[416]+000 TEXCOORD3: 0.396078438, 0.219607845, 0.227450982, 0.223529413
vb0[416]+028 TANGENT: 0.771653533, 0, 0.637795269, 1

vb0[417]+000 POSITION: 0.480957031, 0.653320313, -0.719726563, 1
vb0[417]+008 NORMAL: -0.535433054, -0.267716527, 0.803149581, 0
vb0[417]+000 COLOR: 0.698039234, 0.215686277, 0.227450982, 0.223529413
vb0[417]+012 TEXCOORD: 0.09375, 0.544921875
vb0[417]+016 TEXCOORD1: 0.333496094, 0.595214844
vb0[417]+020 TEXCOORD2: 0.398681641, 0.5546875
vb0[417]+000 TEXCOORD3: 0.698039234, 0.215686277, 0.227450982, 0.223529413
vb0[417]+028 TANGENT: 0.834645689, 0, 0.55905509, 1

vb0[418]+000 POSITION: 0.612304688, 0.653320313, -0.612304688, 1
vb0[418]+008 NORMAL: -0.685039341, -0.267716527, 0.685039341, 0
vb0[418]+000 COLOR: 0.90196079, 0.219607845, 0.227450982, 0.223529413
vb0[418]+012 TEXCOORD: 0.125, 0.544921875
vb0[418]+016 TEXCOORD1: 0.317626953, 0.561035156
vb0[418]+020 TEXCOORD2: 0.389648438, 0.534179688
vb0[418]+000 TEXCOORD3: 0.90196079, 0.219607845, 0.227450982, 0.223529413
vb0[418]+028 TANGENT: 0.708661437, 0, 0.708661437, 1

vb0[419]+000 POSITION: 0.584472656, 0.776855469, -0.584472656, 1
vb0[419]+008 NORMAL: -0.661417305, -0.346456707, 0.661417305, 0
vb0[419]+000 COLOR: 0.678431392, 0.219607845, 0.215686277, 0.227450982
vb0[419]+012 TEXCOORD: 0.125, 0.639160156
vb0[419]+016 TEXCOORD1: 0.337646484, 0.554199219
vb0[419]+020 TEXCOORD2: 0.412109375, 0.526367188
vb0[419]+000 TEXCOORD3: 0.678431392, 0.219607845, 0.215686277, 0.227450982
vb0[419]+028 TANGENT: 0.708661437, 0, 0.708661437, 1

vb0[420]+000 POSITION: 0.668945313, 0.653320313, -0.549316406, 1
vb0[420]+008 NORMAL: -0.748031497, -0.267716527, 0.614173234, 0
vb0[420]+000 COLOR: 0.352941185, 0.223529413, 0.227450982, 0.223529413
vb0[420]+012 TEXCOORD: 0.140625, 0.544921875
vb0[420]+016 TEXCOORD1: 0.3125, 0.54296875
vb0[420]+020 TEXCOORD2: 0.38671875, 0.5234375
vb0[420]+000 TEXCOORD3: 0.352941185, 0.223529413, 0.227450982, 0.223529413
vb0[420]+028 TANGENT: 0.637795269, 0, 0.771653533, 1

vb0[421]+000 POSITION: 0.638671875, 0.776855469, -0.524414063, 1
vb0[421]+008 NORMAL: -0.724409461, -0.346456707, 0.59842521, 0
vb0[421]+000 COLOR: 0.109803922, 0.223529413, 0.215686277, 0.227450982
vb0[421]+012 TEXCOORD: 0.140625, 0.639160156
vb0[421]+016 TEXCOORD1: 0.332763672, 0.538085938
vb0[421]+020 TEXCOORD2: 0.409667969, 0.518066406
vb0[421]+000 TEXCOORD3: 0.109803922, 0.223529413, 0.215686277, 0.227450982
vb0[421]+028 TANGENT: 0.637795269, 0, 0.771653533, 1

vb0[422]+000 POSITION: 0.719726563, 0.653320313, -0.480957031, 1
vb0[422]+008 NORMAL: -0.803149581, -0.267716527, 0.535433054, 0
vb0[422]+000 COLOR: 0.760784328, 0.223529413, 0.227450982, 0.223529413
vb0[422]+012 TEXCOORD: 0.15625, 0.544921875
vb0[422]+016 TEXCOORD1: 0.309082031, 0.524414063
vb0[422]+020 TEXCOORD2: 0.384765625, 0.512207031
vb0[422]+000 TEXCOORD3: 0.760784328, 0.223529413, 0.227450982, 0.223529413
vb0[422]+028 TANGENT: 0.55905509, 0, 0.834645689, 1

vb0[423]+000 POSITION: 0.763183594, 0.653320313, -0.407958984, 1
vb0[423]+008 NORMAL: -0.850393713, -0.267716527, 0.456692904, 0
vb0[423]+000 COLOR: 0.105882354, 0.227450982, 0.227450982, 0.223529413
vb0[423]+012 TEXCOORD: 0.171875, 0.544921875
vb0[423]+016 TEXCOORD1: 0.307373047, 0.505859375
vb0[423]+020 TEXCOORD2: 0.384033203, 0.500976563
vb0[423]+000 TEXCOORD3: 0.105882354, 0.227450982, 0.227450982, 0.223529413
vb0[423]+028 TANGENT: 0.472440958, 0, 0.88188976, 1

vb0[424]+000 POSITION: 0.799804688, 0.653320313, -0.331298828, 1
vb0[424]+008 NORMAL: -0.889763772, -0.267716527, 0.370078743, 0
vb0[424]+000 COLOR: 0.400000006, 0.227450982, 0.227450982, 0.223529413
vb0[424]+012 TEXCOORD: 0.1875, 0.544921875
vb0[424]+016 TEXCOORD1: 0.307617188, 0.487304688
vb0[424]+020 TEXCOORD2: 0.384277344, 0.489990234
vb0[424]+000 TEXCOORD3: 0.400000006, 0.227450982, 0.227450982, 0.223529413
vb0[424]+028 TANGENT: 0.385826766, 0, 0.92125982, 1

vb0[425]+000 POSITION: 0.828125, 0.653320313, -0.251220703, 1
vb0[425]+008 NORMAL: -0.92125982, -0.267716527, 0.283464581, 0
vb0[425]+000 COLOR: 0.627451003, 0.227450982, 0.227450982, 0.223529413
vb0[425]+012 TEXCOORD: 0.203125, 0.544921875
vb0[425]+016 TEXCOORD1: 0.309814453, 0.46875
vb0[425]+020 TEXCOORD2: 0.385498047, 0.479003906
vb0[425]+000 TEXCOORD3: 0.627451003, 0.227450982, 0.227450982, 0.223529413
vb0[425]+028 TANGENT: 0.291338593, 0, 0.96062994, 1

vb0[426]+000 POSITION: 0.849121094, 0.653320313, -0.168823242, 1
vb0[426]+008 NORMAL: -0.944881916, -0.267716527, 0.188976377, 0
vb0[426]+000 COLOR: 0.796078444, 0.227450982, 0.227450982, 0.223529413
vb0[426]+012 TEXCOORD: 0.21875, 0.544921875
vb0[426]+016 TEXCOORD1: 0.313476563, 0.450683594
vb0[426]+020 TEXCOORD2: 0.387939453, 0.468017578
vb0[426]+000 TEXCOORD3: 0.796078444, 0.227450982, 0.227450982, 0.223529413
vb0[426]+028 TANGENT: 0.196850389, 0, 0.984251976, 1

vb0[427]+000 POSITION: 0.861328125, 0.653320313, -0.0848388672, 1
vb0[427]+008 NORMAL: -0.96062994, -0.267716527, 0.0944881886, 0
vb0[427]+000 COLOR: 0.894117653, 0.227450982, 0.227450982, 0.223529413
vb0[427]+012 TEXCOORD: 0.234375, 0.544921875
vb0[427]+016 TEXCOORD1: 0.319091797, 0.432861328
vb0[427]+020 TEXCOORD2: 0.391357422, 0.457519531
vb0[427]+000 TEXCOORD3: 0.894117653, 0.227450982, 0.227450982, 0.223529413
vb0[427]+028 TANGENT: 0.0944881886, 0, 0.992125988, 1

vb0[428]+000 POSITION: 0.865722656, 0.653320313, -2.2958874e-41, 1
vb0[428]+008 NORMAL: -0.96062994, -0.267716527, 0, 0
vb0[428]+000 COLOR: 0.929411769, 0.227450982, 0.227450982, 0.223529413
vb0[428]+012 TEXCOORD: 0.25, 0.544921875
vb0[428]+016 TEXCOORD1: 0.326171875, 0.415771484
vb0[428]+020 TEXCOORD2: 0.395751953, 0.447509766
vb0[428]+000 TEXCOORD3: 0.929411769, 0.227450982, 0.227450982, 0.223529413
vb0[428]+028 TANGENT: 0, 0, 1, 1

vb0[429]+000 POSITION: 0.861328125, 0.653320313, 0.0848388672, 1
vb0[429]+008 NORMAL: -0.96062994, -0.267716527, -0.0944881886, 0
vb0[429]+000 COLOR: 0.894117653, 0.227450982, 0.227450982, 0.223529413
vb0[429]+012 TEXCOORD: 0.265625, 0.544921875
vb0[429]+016 TEXCOORD1: 0.334960938, 0.399658203
vb0[429]+020 TEXCOORD2: 0.401123047, 0.437744141
vb0[429]+000 TEXCOORD3: 0.894117653, 0.227450982, 0.227450982, 0.223529413
vb0[429]+028 TANGENT: -0.0944881886, 0, 0.992125988, 1

vb0[430]+000 POSITION: 0.810546875, 0.776855469, -0.161254883, 1
vb0[430]+008 NORMAL: -0.92125982, -0.346456707, 0.181102365, 0
vb0[430]+000 COLOR: 0.486274511, 0.227450982, 0.215686277, 0.227450982
vb0[430]+012 TEXCOORD: 0.21875, 0.639160156
vb0[430]+016 TEXCOORD1: 0.333251953, 0.455810547
vb0[430]+020 TEXCOORD2: 0.410644531, 0.474121094
vb0[430]+000 TEXCOORD3: 0.486274511, 0.227450982, 0.215686277, 0.227450982
vb0[430]+028 TANGENT: 0.196850389, 0, 0.984251976, 1

vb0[431]+000 POSITION: 0.822265625, 0.776855469, -0.0809936523, 1
vb0[431]+008 NORMAL: -0.937007844, -0.346456707, 0.0944881886, 0
vb0[431]+000 COLOR: 0.580392182, 0.227450982, 0.215686277, 0.227450982
vb0[431]+012 TEXCOORD: 0.234375, 0.639160156
vb0[431]+016 TEXCOORD1: 0.338134766, 0.439941406
vb0[431]+020 TEXCOORD2: 0.413574219, 0.465820313
vb0[431]+000 TEXCOORD3: 0.580392182, 0.227450982, 0.215686277, 0.227450982
vb0[431]+028 TANGENT: 0.0944881886, 0, 0.992125988, 1

vb0[432]+000 POSITION: 0.849121094, 0.653320313, 0.168823242, 1
vb0[432]+008 NORMAL: -0.944881916, -0.267716527, -0.188976377, 0
vb0[432]+000 COLOR: 0.796078444, 0.227450982, 0.227450982, 0.223529413
vb0[432]+012 TEXCOORD: 0.28125, 0.544921875
vb0[432]+016 TEXCOORD1: 0.345214844, 0.384277344
vb0[432]+020 TEXCOORD2: 0.407470703, 0.428710938
vb0[432]+000 TEXCOORD3: 0.796078444, 0.227450982, 0.227450982, 0.223529413
vb0[432]+028 TANGENT: -0.196850389, 0, 0.984251976, 1

vb0[433]+000 POSITION: 0.828125, 0.653320313, 0.251220703, 1
vb0[433]+008 NORMAL: -0.92125982, -0.267716527, -0.283464581, 0
vb0[433]+000 COLOR: 0.627451003, 0.227450982, 0.227450982, 0.223529413
vb0[433]+012 TEXCOORD: 0.296875, 0.544921875
vb0[433]+016 TEXCOORD1: 0.356933594, 0.369873047
vb0[433]+020 TEXCOORD2: 0.414550781, 0.420166016
vb0[433]+000 TEXCOORD3: 0.627451003, 0.227450982, 0.227450982, 0.223529413
vb0[433]+028 TANGENT: -0.291338593, 0, 0.96062994, 1

vb0[434]+000 POSITION: 0.799804688, 0.653320313, 0.331298828, 1
vb0[434]+008 NORMAL: -0.889763772, -0.267716527, -0.370078743, 0
vb0[434]+000 COLOR: 0.400000006, 0.227450982, 0.227450982, 0.223529413
vb0[434]+012 TEXCOORD: 0.3125, 0.544921875
vb0[434]+016 TEXCOORD1: 0.369873047, 0.356933594
vb0[434]+020 TEXCOORD2: 0.422363281, 0.412597656
vb0[434]+000 TEXCOORD3: 0.400000006, 0.227450982, 0.227450982, 0.223529413
vb0[434]+028 TANGENT: -0.385826766, 0, 0.92125982, 1

vb0[435]+000 POSITION: 0.763183594, 0.653320313, 0.407958984, 1
vb0[435]+008 NORMAL: -0.850393713, -0.267716527, -0.456692904, 0
vb0[435]+000 COLOR: 0.105882354, 0.227450982, 0.227450982, 0.223529413
vb0[435]+012 TEXCOORD: 0.328125, 0.544921875
vb0[435]+016 TEXCOORD1: 0.384277344, 0.344970703
vb0[435]+020 TEXCOORD2: 0.430908203, 0.405517578
vb0[435]+000 TEXCOORD3: 0.105882354, 0.227450982, 0.227450982, 0.223529413
vb0[435]+028 TANGENT: -0.472440958, 0, 0.88188976, 1

vb0[436]+000 POSITION: 0.719726563, 0.653320313, 0.480957031, 1
vb0[436]+008 NORMAL: -0.803149581, -0.267716527, -0.535433054, 0
vb0[436]+000 COLOR: 0.760784328, 0.223529413, 0.227450982, 0.223529413
vb0[436]+012 TEXCOORD: 0.34375, 0.544921875
vb0[436]+016 TEXCOORD1: 0.399414063, 0.334716797
vb0[436]+020 TEXCOORD2: 0.440185547, 0.399414063
vb0[436]+000 TEXCOORD3: 0.760784328, 0.223529413, 0.227450982, 0.223529413
vb0[436]+028 TANGENT: -0.55905509, 0, 0.834645689, 1

vb0[437]+000 POSITION: 0.668945313, 0.653320313, 0.549316406, 1
vb0[437]+008 NORMAL: -0.748031497, -0.267716527, -0.614173234, 0
vb0[437]+000 COLOR: 0.352941185, 0.223529413, 0.227450982, 0.223529413
vb0[437]+012 TEXCOORD: 0.359375, 0.544921875
vb0[437]+016 TEXCOORD1: 0.415771484, 0.325927734
vb0[437]+020 TEXCOORD2: 0.449951172, 0.394287109
vb0[437]+000 TEXCOORD3: 0.352941185, 0.223529413, 0.227450982, 0.223529413
vb0[437]+028 TANGENT: -0.637795269, 0, 0.771653533, 1

vb0[438]+000 POSITION: 0.612304688, 0.653320313, 0.612304688, 1
vb0[438]+008 NORMAL: -0.685039341, -0.267716527, -0.685039341, 0
vb0[438]+000 COLOR: 0.90196079, 0.219607845, 0.227450982, 0.223529413
vb0[438]+012 TEXCOORD: 0.375, 0.544921875
vb0[438]+016 TEXCOORD1: 0.432861328, 0.318603516
vb0[438]+020 TEXCOORD2: 0.460205078, 0.390136719
vb0[438]+000 TEXCOORD3: 0.90196079, 0.219607845, 0.227450982, 0.223529413
vb0[438]+028 TANGENT: -0.708661437, 0, 0.708661437, 1

vb0[439]+000 POSITION: 0.549316406, 0.653320313, 0.668945313, 1
vb0[439]+008 NORMAL: -0.614173234, -0.267716527, -0.748031497, 0
vb0[439]+000 COLOR: 0.396078438, 0.219607845, 0.227450982, 0.223529413
vb0[439]+012 TEXCOORD: 0.390625, 0.544921875
vb0[439]+016 TEXCOORD1: 0.450683594, 0.312988281
vb0[439]+020 TEXCOORD2: 0.470703125, 0.386962891
vb0[439]+000 TEXCOORD3: 0.396078438, 0.219607845, 0.227450982, 0.223529413
vb0[439]+028 TANGENT: -0.771653533, 0, 0.637795269, 1

vb0[440]+000 POSITION: 0.480957031, 0.653320313, 0.719726563, 1
vb0[440]+008 NORMAL: -0.535433054, -0.267716527, -0.803149581, 0
vb0[440]+000 COLOR: 0.698039234, 0.215686277, 0.227450982, 0.223529413
vb0[440]+012 TEXCOORD: 0.40625, 0.544921875
vb0[440]+016 TEXCOORD1: 0.46875, 0.309326172
vb0[440]+020 TEXCOORD2: 0.481689453, 0.384765625
vb0[440]+000 TEXCOORD3: 0.698039234, 0.215686277, 0.227450982, 0.223529413
vb0[440]+028 TANGENT: -0.834645689, 0, 0.55905509, 1

vb0[441]+000 POSITION: 0.407958984, 0.653320313, 0.763183594, 1
vb0[441]+008 NORMAL: -0.456692904, -0.267716527, -0.850393713, 0
vb0[441]+000 COLOR: 0.529411793, 0.211764708, 0.227450982, 0.223529413
vb0[441]+012 TEXCOORD: 0.421875, 0.544921875
vb0[441]+016 TEXCOORD1: 0.487304688, 0.307373047
vb0[441]+020 TEXCOORD2: 0.492675781, 0.383544922
vb0[441]+000 TEXCOORD3: 0.529411793, 0.211764708, 0.227450982, 0.223529413
vb0[441]+028 TANGENT: -0.88188976, 0, 0.472440958, 1

vb0[442]+000 POSITION: 0.331298828, 0.653320313, 0.799804688, 1
vb0[442]+008 NORMAL: -0.370078743, -0.267716527, -0.889763772, 0
vb0[442]+000 COLOR: 0.301960796, 0.20784314, 0.227450982, 0.223529413
vb0[442]+012 TEXCOORD: 0.4375, 0.544921875
vb0[442]+016 TEXCOORD1: 0.505859375, 0.307128906
vb0[442]+020 TEXCOORD2: 0.50390625, 0.383544922
vb0[442]+000 TEXCOORD3: 0.301960796, 0.20784314, 0.227450982, 0.223529413
vb0[442]+028 TANGENT: -0.92125982, 0, 0.385826766, 1

vb0[443]+000 POSITION: 0.251220703, 0.653320313, 0.828125, 1
vb0[443]+008 NORMAL: -0.283464581, -0.267716527, -0.92125982, 0
vb0[443]+000 COLOR: 0.0196078438, 0.203921571, 0.227450982, 0.223529413
vb0[443]+012 TEXCOORD: 0.453125, 0.544921875
vb0[443]+016 TEXCOORD1: 0.524414063, 0.30859375
vb0[443]+020 TEXCOORD2: 0.514648438, 0.384765625
vb0[443]+000 TEXCOORD3: 0.0196078438, 0.203921571, 0.227450982, 0.223529413
vb0[443]+028 TANGENT: -0.96062994, 0, 0.291338593, 1

vb0[444]+000 POSITION: 0.168823242, 0.653320313, 0.849121094, 1
vb0[444]+008 NORMAL: -0.188976377, -0.267716527, -0.944881916, 0
vb0[444]+000 COLOR: 0.403921574, 0.192156866, 0.227450982, 0.223529413
vb0[444]+012 TEXCOORD: 0.46875, 0.544921875
vb0[444]+016 TEXCOORD1: 0.542480469, 0.312011719
vb0[444]+020 TEXCOORD2: 0.525878906, 0.38671875
vb0[444]+000 TEXCOORD3: 0.403921574, 0.192156866, 0.227450982, 0.223529413
vb0[444]+028 TANGENT: -0.984251976, 0, 0.196850389, 1

vb0[445]+000 POSITION: 0.0848388672, 0.653320313, 0.861328125, 1
vb0[445]+008 NORMAL: -0.0944881886, -0.267716527, -0.96062994, 0
vb0[445]+000 COLOR: 0.431372553, 0.176470593, 0.227450982, 0.223529413
vb0[445]+012 TEXCOORD: 0.484375, 0.544921875
vb0[445]+016 TEXCOORD1: 0.560546875, 0.317138672
vb0[445]+020 TEXCOORD2: 0.536621094, 0.389892578
vb0[445]+000 TEXCOORD3: 0.431372553, 0.176470593, 0.227450982, 0.223529413
vb0[445]+028 TANGENT: -0.992125988, 0, 0.0944881886, 1

vb0[446]+000 POSITION: 0.239868164, 0.776855469, 0.790527344, 1
vb0[446]+008 NORMAL: -0.275590539, -0.346456707, -0.897637784, 0
vb0[446]+000 COLOR: 0.678431392, 0.200000003, 0.215686277, 0.227450982
vb0[446]+012 TEXCOORD: 0.453125, 0.639160156
vb0[446]+016 TEXCOORD1: 0.521484375, 0.329101563
vb0[446]+020 TEXCOORD2: 0.511230469, 0.407958984
vb0[446]+000 TEXCOORD3: 0.678431392, 0.200000003, 0.215686277, 0.227450982
vb0[446]+028 TANGENT: -0.96062994, 0, 0.291338593, 1

vb0[447]+000 POSITION: 0.161254883, 0.776855469, 0.810546875, 1
vb0[447]+008 NORMAL: -0.181102365, -0.346456707, -0.92125982, 0
vb0[447]+000 COLOR: 0.160784319, 0.192156866, 0.215686277, 0.227450982
vb0[447]+012 TEXCOORD: 0.46875, 0.639160156
vb0[447]+016 TEXCOORD1: 0.537597656, 0.332275391
vb0[447]+020 TEXCOORD2: 0.520019531, 0.409667969
vb0[447]+000 TEXCOORD3: 0.160784319, 0.192156866, 0.215686277, 0.227450982
vb0[447]+028 TANGENT: -0.984251976, 0, 0.196850389, 1

vb0[448]+000 POSITION: 0, 0.653320313, 0.865722656, 1
vb0[448]+008 NORMAL: 0, -0.267716527, -0.96062994, 0
vb0[448]+000 COLOR: 0, 0, 0.227450982, 0.223529413
vb0[448]+012 TEXCOORD: 0.5, 0.544921875
vb0[448]+016 TEXCOORD1: 0.578125, 0.32421875
vb0[448]+020 TEXCOORD2: 0.546875, 0.394287109
vb0[448]+000 TEXCOORD3: 0, 0, 0.227450982, 0.223529413
vb0[448]+028 TANGENT: -1, 0, 0, 1

vb0[449]+000 POSITION: 0.0809936523, 0.776855469, 0.822265625, 1
vb0[449]+008 NORMAL: -0.0944881886, -0.346456707, -0.937007844, 0
vb0[449]+000 COLOR: 0.184313729, 0.176470593, 0.215686277, 0.227450982
vb0[449]+012 TEXCOORD: 0.484375, 0.639160156
vb0[449]+016 TEXCOORD1: 0.553710938, 0.336914063
vb0[449]+020 TEXCOORD2: 0.528320313, 0.412109375
vb0[449]+000 TEXCOORD3: 0.184313729, 0.176470593, 0.215686277, 0.227450982
vb0[449]+028 TANGENT: -0.992125988, 0, 0.0944881886, 1

vb0[450]+000 POSITION: 0, 0.776855469, 0.826171875, 1
vb0[450]+008 NORMAL: 0, -0.346456707, -0.937007844, 0
vb0[450]+000 COLOR: 0, 0, 0.215686277, 0.227450982
vb0[450]+012 TEXCOORD: 0.5, 0.639160156
vb0[450]+016 TEXCOORD1: 0.569335938, 0.343017578
vb0[450]+020 TEXCOORD2: 0.536621094, 0.415527344
vb0[450]+000 TEXCOORD3: 0, 0, 0.215686277, 0.227450982
vb0[450]+028 TANGENT: -1, 0, 0, 1

vb0[451]+000 POSITION: -0.0848388672, 0.653320313, 0.861328125, 1
vb0[451]+008 NORMAL: 0.0944881886, -0.267716527, -0.96062994, 0
vb0[451]+000 COLOR: 0.431372553, 0.678431392, 0.227450982, 0.223529413
vb0[451]+012 TEXCOORD: 0.515625, 0.544921875
vb0[451]+016 TEXCOORD1: 0.594238281, 0.332763672
vb0[451]+020 TEXCOORD2: 0.556640625, 0.399414063
vb0[451]+000 TEXCOORD3: 0.431372553, 0.678431392, 0.227450982, 0.223529413
vb0[451]+028 TANGENT: -0.992125988, 0, -0.0944881886, 1

vb0[452]+000 POSITION: -0.168823242, 0.653320313, 0.849121094, 1
vb0[452]+008 NORMAL: 0.188976377, -0.267716527, -0.944881916, 0
vb0[452]+000 COLOR: 0.403921574, 0.694117665, 0.227450982, 0.223529413
vb0[452]+012 TEXCOORD: 0.53125, 0.544921875
vb0[452]+016 TEXCOORD1: 0.610351563, 0.343017578
vb0[452]+020 TEXCOORD2: 0.565917969, 0.405517578
vb0[452]+000 TEXCOORD3: 0.403921574, 0.694117665, 0.227450982, 0.223529413
vb0[452]+028 TANGENT: -0.984251976, 0, -0.196850389, 1

vb0[453]+000 POSITION: -0.251220703, 0.653320313, 0.828125, 1
vb0[453]+008 NORMAL: 0.283464581, -0.267716527, -0.92125982, 0
vb0[453]+000 COLOR: 0.0196078438, 0.70588237, 0.227450982, 0.223529413
vb0[453]+012 TEXCOORD: 0.546875, 0.544921875
vb0[453]+016 TEXCOORD1: 0.625, 0.354492188
vb0[453]+020 TEXCOORD2: 0.574707031, 0.412597656
vb0[453]+000 TEXCOORD3: 0.0196078438, 0.70588237, 0.227450982, 0.223529413
vb0[453]+028 TANGENT: -0.96062994, 0, -0.291338593, 1

vb0[454]+000 POSITION: -0.161254883, 0.776855469, 0.810546875, 1
vb0[454]+008 NORMAL: 0.181102365, -0.346456707, -0.92125982, 0
vb0[454]+000 COLOR: 0.160784319, 0.694117665, 0.215686277, 0.227450982
vb0[454]+012 TEXCOORD: 0.53125, 0.639160156
vb0[454]+016 TEXCOORD1: 0.598144531, 0.359863281
vb0[454]+020 TEXCOORD2: 0.551757813, 0.424560547
vb0[454]+000 TEXCOORD3: 0.160784319, 0.694117665, 0.215686277, 0.227450982
vb0[454]+028 TANGENT: -0.984251976, 0, -0.196850389, 1

vb0[455]+000 POSITION: -0.239868164, 0.776855469, 0.790527344, 1
vb0[455]+008 NORMAL: 0.275590539, -0.346456707, -0.897637784, 0
vb0[455]+000 COLOR: 0.678431392, 0.701960802, 0.215686277, 0.227450982
vb0[455]+012 TEXCOORD: 0.546875, 0.639160156
vb0[455]+016 TEXCOORD1: 0.610839844, 0.370117188
vb0[455]+020 TEXCOORD2: 0.55859375, 0.430175781
vb0[455]+000 TEXCOORD3: 0.678431392, 0.701960802, 0.215686277, 0.227450982
vb0[455]+028 TANGENT: -0.96062994, 0, -0.291338593, 1

vb0[456]+000 POSITION: -0.331298828, 0.653320313, 0.799804688, 1
vb0[456]+008 NORMAL: 0.370078743, -0.267716527, -0.889763772, 0
vb0[456]+000 COLOR: 0.301960796, 0.709803939, 0.227450982, 0.223529413
vb0[456]+012 TEXCOORD: 0.5625, 0.544921875
vb0[456]+016 TEXCOORD1: 0.638183594, 0.367675781
vb0[456]+020 TEXCOORD2: 0.582519531, 0.420410156
vb0[456]+000 TEXCOORD3: 0.301960796, 0.709803939, 0.227450982, 0.223529413
vb0[456]+028 TANGENT: -0.92125982, 0, -0.385826766, 1

vb0[457]+000 POSITION: -0.407958984, 0.653320313, 0.763183594, 1
vb0[457]+008 NORMAL: 0.456692904, -0.267716527, -0.850393713, 0
vb0[457]+000 COLOR: 0.529411793, 0.713725507, 0.227450982, 0.223529413
vb0[457]+012 TEXCOORD: 0.578125, 0.544921875
vb0[457]+016 TEXCOORD1: 0.650390625, 0.382080078
vb0[457]+020 TEXCOORD2: 0.58984375, 0.429199219
vb0[457]+000 TEXCOORD3: 0.529411793, 0.713725507, 0.227450982, 0.223529413
vb0[457]+028 TANGENT: -0.88188976, 0, -0.472440958, 1

vb0[458]+000 POSITION: -0.480957031, 0.653320313, 0.719726563, 1
vb0[458]+008 NORMAL: 0.535433054, -0.267716527, -0.803149581, 0
vb0[458]+000 COLOR: 0.698039234, 0.717647076, 0.227450982, 0.223529413
vb0[458]+012 TEXCOORD: 0.59375, 0.544921875
vb0[458]+016 TEXCOORD1: 0.661132813, 0.397460938
vb0[458]+020 TEXCOORD2: 0.596191406, 0.438476563
vb0[458]+000 TEXCOORD3: 0.698039234, 0.717647076, 0.227450982, 0.223529413
vb0[458]+028 TANGENT: -0.834645689, 0, -0.55905509, 1

vb0[459]+000 POSITION: -0.549316406, 0.653320313, 0.668945313, 1
vb0[459]+008 NORMAL: 0.614173234, -0.267716527, -0.748031497, 0
vb0[459]+000 COLOR: 0.396078438, 0.721568644, 0.227450982, 0.223529413
vb0[459]+012 TEXCOORD: 0.609375, 0.544921875
vb0[459]+016 TEXCOORD1: 0.669921875, 0.413818359
vb0[459]+020 TEXCOORD2: 0.6015625, 0.448242188
vb0[459]+000 TEXCOORD3: 0.396078438, 0.721568644, 0.227450982, 0.223529413
vb0[459]+028 TANGENT: -0.771653533, 0, -0.637795269, 1

vb0[460]+000 POSITION: -0.612304688, 0.653320313, 0.612304688, 1
vb0[460]+008 NORMAL: 0.685039341, -0.267716527, -0.685039341, 0
vb0[460]+000 COLOR: 0.90196079, 0.721568644, 0.227450982, 0.223529413
vb0[460]+012 TEXCOORD: 0.625, 0.544921875
vb0[460]+016 TEXCOORD1: 0.677246094, 0.431152344
vb0[460]+020 TEXCOORD2: 0.605957031, 0.458740234
vb0[460]+000 TEXCOORD3: 0.90196079, 0.721568644, 0.227450982, 0.223529413
vb0[460]+028 TANGENT: -0.708661437, 0, -0.708661437, 1

vb0[461]+000 POSITION: -0.668945313, 0.653320313, 0.549316406, 1
vb0[461]+008 NORMAL: 0.748031497, -0.267716527, -0.614173234, 0
vb0[461]+000 COLOR: 0.352941185, 0.725490212, 0.227450982, 0.223529413
vb0[461]+012 TEXCOORD: 0.640625, 0.544921875
vb0[461]+016 TEXCOORD1: 0.683105469, 0.44921875
vb0[461]+020 TEXCOORD2: 0.608886719, 0.469482422
vb0[461]+000 TEXCOORD3: 0.352941185, 0.725490212, 0.227450982, 0.223529413
vb0[461]+028 TANGENT: -0.637795269, 0, -0.771653533, 1

vb0[462]+000 POSITION: -0.719726563, 0.653320313, 0.480957031, 1
vb0[462]+008 NORMAL: 0.803149581, -0.267716527, -0.535433054, 0
vb0[462]+000 COLOR: 0.760784328, 0.725490212, 0.227450982, 0.223529413
vb0[462]+012 TEXCOORD: 0.65625, 0.544921875
vb0[462]+016 TEXCOORD1: 0.687011719, 0.467529297
vb0[462]+020 TEXCOORD2: 0.611328125, 0.48046875
vb0[462]+000 TEXCOORD3: 0.760784328, 0.725490212, 0.227450982, 0.223529413
vb0[462]+028 TANGENT: -0.55905509, 0, -0.834645689, 1

vb0[463]+000 POSITION: -0.763183594, 0.653320313, 0.407958984, 1
vb0[463]+008 NORMAL: 0.850393713, -0.267716527, -0.456692904, 0
vb0[463]+000 COLOR: 0.105882354, 0.729411781, 0.227450982, 0.223529413
vb0[463]+012 TEXCOORD: 0.671875, 0.544921875
vb0[463]+016 TEXCOORD1: 0.688964844, 0.486328125
vb0[463]+020 TEXCOORD2: 0.612304688, 0.491699219
vb0[463]+000 TEXCOORD3: 0.105882354, 0.729411781, 0.227450982, 0.223529413
vb0[463]+028 TANGENT: -0.472440958, 0, -0.88188976, 1

vb0[464]+000 POSITION: -0.799804688, 0.653320313, 0.331298828, 1
vb0[464]+008 NORMAL: 0.889763772, -0.267716527, -0.370078743, 0
vb0[464]+000 COLOR: 0.400000006, 0.729411781, 0.227450982, 0.223529413
vb0[464]+012 TEXCOORD: 0.6875, 0.544921875
vb0[464]+016 TEXCOORD1: 0.688964844, 0.504882813
vb0[464]+020 TEXCOORD2: 0.612304688, 0.502929688
vb0[464]+000 TEXCOORD3: 0.400000006, 0.729411781, 0.227450982, 0.223529413
vb0[464]+028 TANGENT: -0.385826766, 0, -0.92125982, 1

vb0[465]+000 POSITION: -0.828125, 0.653320313, 0.251220703, 1
vb0[465]+008 NORMAL: 0.92125982, -0.267716527, -0.283464581, 0
vb0[465]+000 COLOR: 0.627451003, 0.729411781, 0.227450982, 0.223529413
vb0[465]+012 TEXCOORD: 0.703125, 0.544921875
vb0[465]+016 TEXCOORD1: 0.6875, 0.523925781
vb0[465]+020 TEXCOORD2: 0.611328125, 0.514160156
vb0[465]+000 TEXCOORD3: 0.627451003, 0.729411781, 0.227450982, 0.223529413
vb0[465]+028 TANGENT: -0.291338593, 0, -0.96062994, 1

vb0[466]+000 POSITION: -0.849121094, 0.653320313, 0.168823242, 1
vb0[466]+008 NORMAL: 0.944881916, -0.267716527, -0.188976377, 0
vb0[466]+000 COLOR: 0.796078444, 0.729411781, 0.227450982, 0.223529413
vb0[466]+012 TEXCOORD: 0.71875, 0.544921875
vb0[466]+016 TEXCOORD1: 0.684082031, 0.542480469
vb0[466]+020 TEXCOORD2: 0.609375, 0.525390625
vb0[466]+000 TEXCOORD3: 0.796078444, 0.729411781, 0.227450982, 0.223529413
vb0[466]+028 TANGENT: -0.196850389, 0, -0.984251976, 1

vb0[467]+000 POSITION: -0.861328125, 0.653320313, 0.0848388672, 1
vb0[467]+008 NORMAL: 0.96062994, -0.267716527, -0.0944881886, 0
vb0[467]+000 COLOR: 0.894117653, 0.729411781, 0.227450982, 0.223529413
vb0[467]+012 TEXCOORD: 0.734375, 0.544921875
vb0[467]+016 TEXCOORD1: 0.678710938, 0.560546875
vb0[467]+020 TEXCOORD2: 0.605957031, 0.536132813
vb0[467]+000 TEXCOORD3: 0.894117653, 0.729411781, 0.227450982, 0.223529413
vb0[467]+028 TANGENT: -0.0944881886, 0, -0.992125988, 1

vb0[468]+000 POSITION: -0.790527344, 0.776855469, 0.239868164, 1
vb0[468]+008 NORMAL: 0.897637784, -0.346456707, -0.275590539, 0
vb0[468]+000 COLOR: 0.325490206, 0.729411781, 0.215686277, 0.227450982
vb0[468]+012 TEXCOORD: 0.703125, 0.639160156
vb0[468]+016 TEXCOORD1: 0.666503906, 0.520996094
vb0[468]+020 TEXCOORD2: 0.587890625, 0.510742188
vb0[468]+000 TEXCOORD3: 0.325490206, 0.729411781, 0.215686277, 0.227450982
vb0[468]+028 TANGENT: -0.291338593, 0, -0.96062994, 1

vb0[469]+000 POSITION: -0.810546875, 0.776855469, 0.161254883, 1
vb0[469]+008 NORMAL: 0.92125982, -0.346456707, -0.181102365, 0
vb0[469]+000 COLOR: 0.486274511, 0.729411781, 0.215686277, 0.227450982
vb0[469]+012 TEXCOORD: 0.71875, 0.639160156
vb0[469]+016 TEXCOORD1: 0.663574219, 0.537597656
vb0[469]+020 TEXCOORD2: 0.5859375, 0.51953125
vb0[469]+000 TEXCOORD3: 0.486274511, 0.729411781, 0.215686277, 0.227450982
vb0[469]+028 TANGENT: -0.196850389, 0, -0.984251976, 1

vb0[470]+000 POSITION: -0.865722656, 0.653320313, 0, 1
vb0[470]+008 NORMAL: 0.96062994, -0.267716527, 0, 0
vb0[470]+000 COLOR: 0.929411769, 0.729411781, 0.227450982, 0.223529413
vb0[470]+012 TEXCOORD: 0.75, 0.544921875
vb0[470]+016 TEXCOORD1: 0.671875, 0.578125
vb0[470]+020 TEXCOORD2: 0.6015625, 0.546875
vb0[470]+000 TEXCOORD3: 0.929411769, 0.729411781, 0.227450982, 0.223529413
vb0[470]+028 TANGENT: 0, 0, -1, 1

vb0[471]+000 POSITION: -0.822265625, 0.776855469, 0.0809936523, 1
vb0[471]+008 NORMAL: 0.937007844, -0.346456707, -0.0944881886, 0
vb0[471]+000 COLOR: 0.580392182, 0.729411781, 0.215686277, 0.227450982
vb0[471]+012 TEXCOORD: 0.734375, 0.639160156
vb0[471]+016 TEXCOORD1: 0.658691406, 0.553710938
vb0[471]+020 TEXCOORD2: 0.583496094, 0.528320313
vb0[471]+000 TEXCOORD3: 0.580392182, 0.729411781, 0.215686277, 0.227450982
vb0[471]+028 TANGENT: -0.0944881886, 0, -0.992125988, 1

vb0[472]+000 POSITION: -0.861328125, 0.653320313, -0.0848388672, 1
vb0[472]+008 NORMAL: 0.96062994, -0.267716527, 0.0944881886, 0
vb0[472]+000 COLOR: 0.894117653, 0.729411781, 0.227450982, 0.223529413
vb0[472]+012 TEXCOORD: 0.765625, 0.544921875
vb0[472]+016 TEXCOORD1: 0.663085938, 0.594726563
vb0[472]+020 TEXCOORD2: 0.596191406, 0.556640625
vb0[472]+000 TEXCOORD3: 0.894117653, 0.729411781, 0.227450982, 0.223529413
vb0[472]+028 TANGENT: 0.0944881886, 0, -0.992125988, 1

vb0[473]+000 POSITION: -0.849121094, 0.653320313, -0.168823242, 1
vb0[473]+008 NORMAL: 0.944881916, -0.267716527, 0.188976377, 0
vb0[473]+000 COLOR: 0.796078444, 0.729411781, 0.227450982, 0.223529413
vb0[473]+012 TEXCOORD: 0.78125, 0.544921875
vb0[473]+016 TEXCOORD1: 0.65234375, 0.610351563
vb0[473]+020 TEXCOORD2: 0.58984375, 0.565917969
vb0[473]+000 TEXCOORD3: 0.796078444, 0.729411781, 0.227450982, 0.223529413
vb0[473]+028 TANGENT: 0.196850389, 0, -0.984251976, 1

vb0[474]+000 POSITION: -0.828125, 0.653320313, -0.251220703, 1
vb0[474]+008 NORMAL: 0.92125982, -0.267716527, 0.283464581, 0
vb0[474]+000 COLOR: 0.627451003, 0.729411781, 0.227450982, 0.223529413
vb0[474]+012 TEXCOORD: 0.796875, 0.544921875
vb0[474]+016 TEXCOORD1: 0.640625, 0.625
vb0[474]+020 TEXCOORD2: 0.582519531, 0.574707031
vb0[474]+000 TEXCOORD3: 0.627451003, 0.729411781, 0.227450982, 0.223529413
vb0[474]+028 TANGENT: 0.291338593, 0, -0.96062994, 1

vb0[475]+000 POSITION: -0.799804688, 0.653320313, -0.331298828, 1
vb0[475]+008 NORMAL: 0.889763772, -0.267716527, 0.370078743, 0
vb0[475]+000 COLOR: 0.400000006, 0.729411781, 0.227450982, 0.223529413
vb0[475]+012 TEXCOORD: 0.8125, 0.544921875
vb0[475]+016 TEXCOORD1: 0.627441406, 0.638671875
vb0[475]+020 TEXCOORD2: 0.574707031, 0.583007813
vb0[475]+000 TEXCOORD3: 0.400000006, 0.729411781, 0.227450982, 0.223529413
vb0[475]+028 TANGENT: 0.385826766, 0, -0.92125982, 1

vb0[476]+000 POSITION: -0.790527344, 0.776855469, -0.239868164, 1
vb0[476]+008 NORMAL: 0.897637784, -0.346456707, 0.275590539, 0
vb0[476]+000 COLOR: 0.325490206, 0.729411781, 0.215686277, 0.227450982
vb0[476]+012 TEXCOORD: 0.796875, 0.639160156
vb0[476]+016 TEXCOORD1: 0.625, 0.610839844
vb0[476]+020 TEXCOORD2: 0.564941406, 0.55859375
vb0[476]+000 TEXCOORD3: 0.325490206, 0.729411781, 0.215686277, 0.227450982
vb0[476]+028 TANGENT: 0.291338593, 0, -0.96062994, 1

vb0[477]+000 POSITION: -0.763183594, 0.776855469, -0.316162109, 1
vb0[477]+008 NORMAL: 0.866141737, -0.346456707, 0.362204731, 0
vb0[477]+000 COLOR: 0.105882354, 0.729411781, 0.215686277, 0.227450982
vb0[477]+012 TEXCOORD: 0.8125, 0.639160156
vb0[477]+016 TEXCOORD1: 0.612792969, 0.623046875
vb0[477]+020 TEXCOORD2: 0.55859375, 0.564941406
vb0[477]+000 TEXCOORD3: 0.105882354, 0.729411781, 0.215686277, 0.227450982
vb0[477]+028 TANGENT: 0.385826766, 0, -0.92125982, 1

vb0[478]+000 POSITION: -0.763183594, 0.653320313, -0.407958984, 1
vb0[478]+008 NORMAL: 0.850393713, -0.267716527, 0.456692904, 0
vb0[478]+000 COLOR: 0.105882354, 0.729411781, 0.227450982, 0.223529413
vb0[478]+012 TEXCOORD: 0.828125, 0.544921875
vb0[478]+016 TEXCOORD1: 0.612792969, 0.650878906
vb0[478]+020 TEXCOORD2: 0.565917969, 0.58984375
vb0[478]+000 TEXCOORD3: 0.105882354, 0.729411781, 0.227450982, 0.223529413
vb0[478]+028 TANGENT: 0.472440958, 0, -0.88188976, 1

vb0[479]+000 POSITION: -0.719726563, 0.653320313, -0.480957031, 1
vb0[479]+008 NORMAL: 0.803149581, -0.267716527, 0.535433054, 0
vb0[479]+000 COLOR: 0.760784328, 0.725490212, 0.227450982, 0.223529413
vb0[479]+012 TEXCOORD: 0.84375, 0.544921875
vb0[479]+016 TEXCOORD1: 0.597167969, 0.661132813
vb0[479]+020 TEXCOORD2: 0.556152344, 0.596191406
vb0[479]+000 TEXCOORD3: 0.760784328, 0.725490212, 0.227450982, 0.223529413
vb0[479]+028 TANGENT: 0.55905509, 0, -0.834645689, 1

vb0[480]+000 POSITION: -0.668945313, 0.653320313, -0.549316406, 1
vb0[480]+008 NORMAL: 0.748031497, -0.267716527, 0.614173234, 0
vb0[480]+000 COLOR: 0.352941185, 0.725490212, 0.227450982, 0.223529413
vb0[480]+012 TEXCOORD: 0.859375, 0.544921875
vb0[480]+016 TEXCOORD1: 0.580566406, 0.670410156
vb0[480]+020 TEXCOORD2: 0.546386719, 0.6015625
vb0[480]+000 TEXCOORD3: 0.352941185, 0.725490212, 0.227450982, 0.223529413
vb0[480]+028 TANGENT: 0.637795269, 0, -0.771653533, 1

vb0[481]+000 POSITION: -0.612304688, 0.653320313, -0.612304688, 1
vb0[481]+008 NORMAL: 0.685039341, -0.267716527, 0.685039341, 0
vb0[481]+000 COLOR: 0.90196079, 0.721568644, 0.227450982, 0.223529413
vb0[481]+012 TEXCOORD: 0.875, 0.544921875
vb0[481]+016 TEXCOORD1: 0.562988281, 0.677734375
vb0[481]+020 TEXCOORD2: 0.535644531, 0.605957031
vb0[481]+000 TEXCOORD3: 0.90196079, 0.721568644, 0.227450982, 0.223529413
vb0[481]+028 TANGENT: 0.708661437, 0, -0.708661437, 1

vb0[482]+000 POSITION: -0.549316406, 0.653320313, -0.668945313, 1
vb0[482]+008 NORMAL: 0.614173234, -0.267716527, 0.748031497, 0
vb0[482]+000 COLOR: 0.396078438, 0.721568644, 0.227450982, 0.223529413
vb0[482]+012 TEXCOORD: 0.890625, 0.544921875
vb0[482]+016 TEXCOORD1: 0.544921875, 0.683105469
vb0[482]+020 TEXCOORD2: 0.524902344, 0.608886719
vb0[482]+000 TEXCOORD3: 0.396078438, 0.721568644, 0.227450982, 0.223529413
vb0[482]+028 TANGENT: 0.771653533, 0, -0.637795269, 1

vb0[483]+000 POSITION: -0.480957031, 0.653320313, -0.719726563, 1
vb0[483]+008 NORMAL: 0.535433054, -0.267716527, 0.803149581, 0
vb0[483]+000 COLOR: 0.698039234, 0.717647076, 0.227450982, 0.223529413
vb0[483]+012 TEXCOORD: 0.90625, 0.544921875
vb0[483]+016 TEXCOORD1: 0.526367188, 0.687011719
vb0[483]+020 TEXCOORD2: 0.513671875, 0.611328125
vb0[483]+000 TEXCOORD3: 0.698039234, 0.717647076, 0.227450982, 0.223529413
vb0[483]+028 TANGENT: 0.834645689, 0, -0.55905509, 1

vb0[484]+000 POSITION: -0.584472656, 0.776855469, -0.584472656, 1
vb0[484]+008 NORMAL: 0.661417305, -0.346456707, 0.661417305, 0
vb0[484]+000 COLOR: 0.678431392, 0.721568644, 0.215686277, 0.227450982
vb0[484]+012 TEXCOORD: 0.875, 0.639160156
vb0[484]+016 TEXCOORD1: 0.555664063, 0.657714844
vb0[484]+020 TEXCOORD2: 0.527832031, 0.583496094
vb0[484]+000 TEXCOORD3: 0.678431392, 0.721568644, 0.215686277, 0.227450982
vb0[484]+028 TANGENT: 0.708661437, 0, -0.708661437, 1

vb0[485]+000 POSITION: -0.638671875, 0.776855469, -0.524414063, 1
vb0[485]+008 NORMAL: 0.724409461, -0.346456707, 0.59842521, 0
vb0[485]+000 COLOR: 0.109803922, 0.725490212, 0.215686277, 0.227450982
vb0[485]+012 TEXCOORD: 0.859375, 0.639160156
vb0[485]+016 TEXCOORD1: 0.571289063, 0.650878906
vb0[485]+020 TEXCOORD2: 0.536132813, 0.580078125
vb0[485]+000 TEXCOORD3: 0.109803922, 0.725490212, 0.215686277, 0.227450982
vb0[485]+028 TANGENT: 0.637795269, 0, -0.771653533, 1

vb0[486]+000 POSITION: -0.407958984, 0.653320313, -0.763183594, 1
vb0[486]+008 NORMAL: 0.456692904, -0.267716527, 0.850393713, 0
vb0[486]+000 COLOR: 0.529411793, 0.713725507, 0.227450982, 0.223529413
vb0[486]+012 TEXCOORD: 0.921875, 0.544921875
vb0[486]+016 TEXCOORD1: 0.5078125, 0.688964844
vb0[486]+020 TEXCOORD2: 0.502441406, 0.612304688
vb0[486]+000 TEXCOORD3: 0.529411793, 0.713725507, 0.227450982, 0.223529413
vb0[486]+028 TANGENT: 0.88188976, 0, -0.472440958, 1

vb0[487]+000 POSITION: -0.524414063, 0.776855469, -0.638671875, 1
vb0[487]+008 NORMAL: 0.59842521, -0.346456707, 0.724409461, 0
vb0[487]+000 COLOR: 0.196078435, 0.721568644, 0.215686277, 0.227450982
vb0[487]+012 TEXCOORD: 0.890625, 0.639160156
vb0[487]+016 TEXCOORD1: 0.539550781, 0.662597656
vb0[487]+020 TEXCOORD2: 0.51953125, 0.5859375
vb0[487]+000 TEXCOORD3: 0.196078435, 0.721568644, 0.215686277, 0.227450982
vb0[487]+028 TANGENT: 0.771653533, 0, -0.637795269, 1

vb0[488]+000 POSITION: -0.331298828, 0.653320313, -0.799804688, 1
vb0[488]+008 NORMAL: 0.370078743, -0.267716527, 0.889763772, 0
vb0[488]+000 COLOR: 0.301960796, 0.709803939, 0.227450982, 0.223529413
vb0[488]+012 TEXCOORD: 0.9375, 0.544921875
vb0[488]+016 TEXCOORD1: 0.488769531, 0.688964844
vb0[488]+020 TEXCOORD2: 0.490966797, 0.612304688
vb0[488]+000 TEXCOORD3: 0.301960796, 0.709803939, 0.227450982, 0.223529413
vb0[488]+028 TANGENT: 0.92125982, 0, -0.385826766, 1

vb0[489]+000 POSITION: -0.458984375, 0.776855469, -0.687011719, 1
vb0[489]+008 NORMAL: 0.51968503, -0.346456707, 0.779527545, 0
vb0[489]+000 COLOR: 0.345098048, 0.717647076, 0.215686277, 0.227450982
vb0[489]+012 TEXCOORD: 0.90625, 0.639160156
vb0[489]+016 TEXCOORD1: 0.5234375, 0.666015625
vb0[489]+020 TEXCOORD2: 0.510253906, 0.587402344
vb0[489]+000 TEXCOORD3: 0.345098048, 0.717647076, 0.215686277, 0.227450982
vb0[489]+028 TANGENT: 0.834645689, 0, -0.55905509, 1

vb0[490]+000 POSITION: -0.389404297, 0.776855469, -0.728515625, 1
vb0[490]+008 NORMAL: 0.44094488, -0.346456707, 0.826771677, 0
vb0[490]+000 COLOR: 0.23137255, 0.713725507, 0.215686277, 0.227450982
vb0[490]+012 TEXCOORD: 0.921875, 0.639160156
vb0[490]+016 TEXCOORD1: 0.506347656, 0.667480469
vb0[490]+020 TEXCOORD2: 0.501464844, 0.588378906
vb0[490]+000 TEXCOORD3: 0.23137255, 0.713725507, 0.215686277, 0.227450982
vb0[490]+028 TANGENT: 0.88188976, 0, -0.472440958, 1

vb0[491]+000 POSITION: -0.316162109, 0.776855469, -0.763183594, 1
vb0[491]+008 NORMAL: 0.362204731, -0.346456707, 0.866141737, 0
vb0[491]+000 COLOR: 0.0588235296, 0.709803939, 0.215686277, 0.227450982
vb0[491]+012 TEXCOORD: 0.9375, 0.639160156
vb0[491]+016 TEXCOORD1: 0.489746094, 0.667480469
vb0[491]+020 TEXCOORD2: 0.492431641, 0.588378906
vb0[491]+000 TEXCOORD3: 0.0588235296, 0.709803939, 0.215686277, 0.227450982
vb0[491]+028 TANGENT: 0.92125982, 0, -0.385826766, 1

vb0[492]+000 POSITION: -0.298095703, 0.889160156, -0.719726563, 1
vb0[492]+008 NORMAL: 0.346456707, -0.44094488, 0.826771677, 0
vb0[492]+000 COLOR: 0.772549033, 0.70588237, 0.113725491, 0.23137255
vb0[492]+012 TEXCOORD: 0.9375, 0.718261719
vb0[492]+016 TEXCOORD1: 0.490478516, 0.650390625
vb0[492]+020 TEXCOORD2: 0.493652344, 0.568847656
vb0[492]+000 TEXCOORD3: 0.772549033, 0.70588237, 0.113725491, 0.23137255
vb0[492]+028 TANGENT: 0.92125982, 0, -0.385826766, 1

vb0[493]+000 POSITION: -0.277099609, 0.985839844, -0.668945313, 1
vb0[493]+008 NORMAL: 0.322834641, -0.551181078, 0.771653533, 0
vb0[493]+000 COLOR: 0.435294122, 0.70588237, 0.890196085, 0.23137255
vb0[493]+012 TEXCOORD: 0.9375, 0.778808594
vb0[493]+016 TEXCOORD1: 0.491455078, 0.633300781
vb0[493]+020 TEXCOORD2: 0.494628906, 0.553222656
vb0[493]+000 TEXCOORD3: 0.435294122, 0.70588237, 0.890196085, 0.23137255
vb0[493]+028 TANGENT: 0.92125982, 0, -0.385826766, 1

vb0[494]+000 POSITION: -0.253417969, 1.06835938, -0.612304688, 1
vb0[494]+008 NORMAL: 0.291338593, -0.653543293, 0.700787425, 0
vb0[494]+000 COLOR: 0.0549019612, 0.70588237, 0.274509817, 0.235294119
vb0[494]+012 TEXCOORD: 0.9375, 0.82421875
vb0[494]+016 TEXCOORD1: 0.492431641, 0.614746094
vb0[494]+020 TEXCOORD2: 0.495361328, 0.540527344
vb0[494]+000 TEXCOORD3: 0.0549019612, 0.70588237, 0.274509817, 0.235294119
vb0[494]+028 TANGENT: 0.92125982, 0, -0.385826766, 1

vb0[495]+000 POSITION: -0.341308594, 0.985839844, -0.638671875, 1
vb0[495]+008 NORMAL: 0.393700778, -0.551181078, 0.740157485, 0
vb0[495]+000 COLOR: 0.4627451, 0.709803939, 0.890196085, 0.23137255
vb0[495]+012 TEXCOORD: 0.921875, 0.778808594
vb0[495]+016 TEXCOORD1: 0.504882813, 0.633300781
vb0[495]+020 TEXCOORD2: 0.5, 0.553222656
vb0[495]+000 TEXCOORD3: 0.4627451, 0.709803939, 0.890196085, 0.23137255
vb0[495]+028 TANGENT: 0.88188976, 0, -0.472440958, 1

vb0[496]+000 POSITION: -0.312255859, 1.06835938, -0.584472656, 1
vb0[496]+008 NORMAL: 0.354330719, -0.653543293, 0.669291317, 0
vb0[496]+000 COLOR: 1, 0.70588237, 0.274509817, 0.235294119
vb0[496]+012 TEXCOORD: 0.921875, 0.82421875
vb0[496]+016 TEXCOORD1: 0.50390625, 0.614746094
vb0[496]+020 TEXCOORD2: 0.499511719, 0.540527344
vb0[496]+000 TEXCOORD3: 1, 0.70588237, 0.274509817, 0.235294119
vb0[496]+028 TANGENT: 0.88188976, 0, -0.472440958, 1

vb0[497]+000 POSITION: -0.3671875, 0.889160156, -0.687011719, 1
vb0[497]+008 NORMAL: 0.425196856, -0.44094488, 0.795275569, 0
vb0[497]+000 COLOR: 0.87843138, 0.709803939, 0.113725491, 0.23137255
vb0[497]+012 TEXCOORD: 0.921875, 0.718261719
vb0[497]+016 TEXCOORD1: 0.505859375, 0.650390625
vb0[497]+020 TEXCOORD2: 0.500488281, 0.569335938
vb0[497]+000 TEXCOORD3: 0.87843138, 0.709803939, 0.113725491, 0.23137255
vb0[497]+028 TANGENT: 0.88188976, 0, -0.472440958, 1

vb0[498]+000 POSITION: -0.432861328, 0.889160156, -0.647949219, 1
vb0[498]+008 NORMAL: 0.496062994, -0.44094488, 0.748031497, 0
vb0[498]+000 COLOR: 0.929411769, 0.713725507, 0.113725491, 0.23137255
vb0[498]+012 TEXCOORD: 0.90625, 0.718261719
vb0[498]+016 TEXCOORD1: 0.520507813, 0.648925781
vb0[498]+020 TEXCOORD2: 0.5078125, 0.568359375
vb0[498]+000 TEXCOORD3: 0.929411769, 0.713725507, 0.113725491, 0.23137255
vb0[498]+028 TANGENT: 0.834645689, 0, -0.55905509, 1

vb0[499]+000 POSITION: -0.494140625, 0.889160156, -0.602050781, 1
vb0[499]+008 NORMAL: 0.566929162, -0.44094488, 0.692913413, 0
vb0[499]+000 COLOR: 0.909803927, 0.717647076, 0.113725491, 0.23137255
vb0[499]+012 TEXCOORD: 0.890625, 0.718261719
vb0[499]+016 TEXCOORD1: 0.535644531, 0.645507813
vb0[499]+020 TEXCOORD2: 0.514648438, 0.567382813
vb0[499]+000 TEXCOORD3: 0.909803927, 0.717647076, 0.113725491, 0.23137255
vb0[499]+028 TANGENT: 0.771653533, 0, -0.637795269, 1

vb0[500]+000 POSITION: -0.55078125, 0.889160156, -0.55078125, 1
vb0[500]+008 NORMAL: 0.637795269, -0.44094488, 0.637795269, 0
vb0[500]+000 COLOR: 0.407843143, 0.721568644, 0.113725491, 0.23137255
vb0[500]+012 TEXCOORD: 0.875, 0.718261719
vb0[500]+016 TEXCOORD1: 0.549804688, 0.641113281
vb0[500]+020 TEXCOORD2: 0.521484375, 0.564941406
vb0[500]+000 TEXCOORD3: 0.407843143, 0.721568644, 0.113725491, 0.23137255
vb0[500]+028 TANGENT: 0.708661437, 0, -0.708661437, 1

vb0[501]+000 POSITION: -0.602050781, 0.889160156, -0.494140625, 1
vb0[501]+008 NORMAL: 0.692913413, -0.44094488, 0.566929162, 0
vb0[501]+000 COLOR: 0.819607854, 0.721568644, 0.113725491, 0.23137255
vb0[501]+012 TEXCOORD: 0.859375, 0.718261719
vb0[501]+016 TEXCOORD1: 0.563964844, 0.635253906
vb0[501]+020 TEXCOORD2: 0.528320313, 0.5625
vb0[501]+000 TEXCOORD3: 0.819607854, 0.721568644, 0.113725491, 0.23137255
vb0[501]+028 TANGENT: 0.637795269, 0, -0.771653533, 1

vb0[502]+000 POSITION: -0.647949219, 0.889160156, -0.432861328, 1
vb0[502]+008 NORMAL: 0.748031497, -0.44094488, 0.496062994, 0
vb0[502]+000 COLOR: 0.184313729, 0.725490212, 0.113725491, 0.23137255
vb0[502]+012 TEXCOORD: 0.84375, 0.718261719
vb0[502]+016 TEXCOORD1: 0.577148438, 0.628417969
vb0[502]+020 TEXCOORD2: 0.534667969, 0.559082031
vb0[502]+000 TEXCOORD3: 0.184313729, 0.725490212, 0.113725491, 0.23137255
vb0[502]+028 TANGENT: 0.55905509, 0, -0.834645689, 1

vb0[503]+000 POSITION: -0.687011719, 0.776855469, -0.458984375, 1
vb0[503]+008 NORMAL: 0.779527545, -0.346456707, 0.51968503, 0
vb0[503]+000 COLOR: 0.498039216, 0.725490212, 0.215686277, 0.227450982
vb0[503]+012 TEXCOORD: 0.84375, 0.639160156
vb0[503]+016 TEXCOORD1: 0.5859375, 0.643066406
vb0[503]+020 TEXCOORD2: 0.544433594, 0.575683594
vb0[503]+000 TEXCOORD3: 0.498039216, 0.725490212, 0.215686277, 0.227450982
vb0[503]+028 TANGENT: 0.55905509, 0, -0.834645689, 1

vb0[504]+000 POSITION: -0.728515625, 0.776855469, -0.389404297, 1
vb0[504]+008 NORMAL: 0.826771677, -0.346456707, 0.44094488, 0
vb0[504]+000 COLOR: 0.831372559, 0.725490212, 0.215686277, 0.227450982
vb0[504]+012 TEXCOORD: 0.828125, 0.639160156
vb0[504]+016 TEXCOORD1: 0.600097656, 0.633789063
vb0[504]+020 TEXCOORD2: 0.551757813, 0.570800781
vb0[504]+000 TEXCOORD3: 0.831372559, 0.725490212, 0.215686277, 0.227450982
vb0[504]+028 TANGENT: 0.472440958, 0, -0.88188976, 1

vb0[505]+000 POSITION: -0.687011719, 0.889160156, -0.3671875, 1
vb0[505]+008 NORMAL: 0.795275569, -0.44094488, 0.425196856, 0
vb0[505]+000 COLOR: 0.498039216, 0.725490212, 0.113725491, 0.23137255
vb0[505]+012 TEXCOORD: 0.828125, 0.718261719
vb0[505]+016 TEXCOORD1: 0.58984375, 0.619628906
vb0[505]+020 TEXCOORD2: 0.540527344, 0.555175781
vb0[505]+000 TEXCOORD3: 0.498039216, 0.725490212, 0.113725491, 0.23137255
vb0[505]+028 TANGENT: 0.472440958, 0, -0.88188976, 1

vb0[506]+000 POSITION: -0.719726563, 0.889160156, -0.298095703, 1
vb0[506]+008 NORMAL: 0.826771677, -0.44094488, 0.346456707, 0
vb0[506]+000 COLOR: 0.760784328, 0.725490212, 0.113725491, 0.23137255
vb0[506]+012 TEXCOORD: 0.8125, 0.718261719
vb0[506]+016 TEXCOORD1: 0.6015625, 0.610351563
vb0[506]+020 TEXCOORD2: 0.545898438, 0.55078125
vb0[506]+000 TEXCOORD3: 0.760784328, 0.725490212, 0.113725491, 0.23137255
vb0[506]+028 TANGENT: 0.385826766, 0, -0.92125982, 1

vb0[507]+000 POSITION: -0.745605469, 0.889160156, -0.226196289, 1
vb0[507]+008 NORMAL: 0.858267725, -0.44094488, 0.259842515, 0
vb0[507]+000 COLOR: 0.968627453, 0.725490212, 0.113725491, 0.23137255
vb0[507]+012 TEXCOORD: 0.796875, 0.718261719
vb0[507]+016 TEXCOORD1: 0.611816406, 0.599609375
vb0[507]+020 TEXCOORD2: 0.55078125, 0.545898438
vb0[507]+000 TEXCOORD3: 0.968627453, 0.725490212, 0.113725491, 0.23137255
vb0[507]+028 TANGENT: 0.291338593, 0, -0.96062994, 1

vb0[508]+000 POSITION: -0.810546875, 0.776855469, -0.161254883, 1
vb0[508]+008 NORMAL: 0.92125982, -0.346456707, 0.181102365, 0
vb0[508]+000 COLOR: 0.486274511, 0.729411781, 0.215686277, 0.227450982
vb0[508]+012 TEXCOORD: 0.78125, 0.639160156
vb0[508]+016 TEXCOORD1: 0.635253906, 0.598144531
vb0[508]+020 TEXCOORD2: 0.570800781, 0.551757813
vb0[508]+000 TEXCOORD3: 0.486274511, 0.729411781, 0.215686277, 0.227450982
vb0[508]+028 TANGENT: 0.196850389, 0, -0.984251976, 1

vb0[509]+000 POSITION: -0.764160156, 0.889160156, -0.151977539, 1
vb0[509]+008 NORMAL: 0.88188976, -0.44094488, 0.173228353, 0
vb0[509]+000 COLOR: 0.113725491, 0.729411781, 0.113725491, 0.23137255
vb0[509]+012 TEXCOORD: 0.78125, 0.718261719
vb0[509]+016 TEXCOORD1: 0.621582031, 0.587890625
vb0[509]+020 TEXCOORD2: 0.555664063, 0.540527344
vb0[509]+000 TEXCOORD3: 0.113725491, 0.729411781, 0.113725491, 0.23137255
vb0[509]+028 TANGENT: 0.196850389, 0, -0.984251976, 1

vb0[510]+000 POSITION: -0.822265625, 0.776855469, -0.0809936523, 1
vb0[510]+008 NORMAL: 0.937007844, -0.346456707, 0.0944881886, 0
vb0[510]+000 COLOR: 0.580392182, 0.729411781, 0.215686277, 0.227450982
vb0[510]+012 TEXCOORD: 0.765625, 0.639160156
vb0[510]+016 TEXCOORD1: 0.64453125, 0.583984375
vb0[510]+020 TEXCOORD2: 0.575683594, 0.544433594
vb0[510]+000 TEXCOORD3: 0.580392182, 0.729411781, 0.215686277, 0.227450982
vb0[510]+028 TANGENT: 0.0944881886, 0, -0.992125988, 1

vb0[511]+000 POSITION: -0.775390625, 0.889160156, -0.0763549805, 1
vb0[511]+008 NORMAL: 0.889763772, -0.44094488, 0.0866141766, 0
vb0[511]+000 COLOR: 0.203921571, 0.729411781, 0.113725491, 0.23137255
vb0[511]+012 TEXCOORD: 0.765625, 0.718261719
vb0[511]+016 TEXCOORD1: 0.629882813, 0.575195313
vb0[511]+020 TEXCOORD2: 0.559570313, 0.534179688
vb0[511]+000 TEXCOORD3: 0.203921571, 0.729411781, 0.113725491, 0.23137255
vb0[511]+028 TANGENT: 0.0944881886, 0, -0.992125988, 1

vb0[512]+000 POSITION: -0.826171875, 0.776855469, 4.59177481e-41, 1
vb0[512]+008 NORMAL: 0.937007844, -0.346456707, 0, 0
vb0[512]+000 COLOR: 0.611764729, 0.729411781, 0.215686277, 0.227450982
vb0[512]+012 TEXCOORD: 0.75, 0.639160156
vb0[512]+016 TEXCOORD1: 0.65234375, 0.568847656
vb0[512]+020 TEXCOORD2: 0.580078125, 0.536621094
vb0[512]+000 TEXCOORD3: 0.611764729, 0.729411781, 0.215686277, 0.227450982
vb0[512]+028 TANGENT: 0, 0, -1, 1

vb0[513]+000 POSITION: -0.710449219, 0.985839844, -0.141235352, 1
vb0[513]+008 NORMAL: 0.818897665, -0.551181078, 0.165354326, 0
vb0[513]+000 COLOR: 0.686274529, 0.725490212, 0.890196085, 0.23137255
vb0[513]+012 TEXCOORD: 0.78125, 0.778808594
vb0[513]+016 TEXCOORD1: 0.607421875, 0.577636719
vb0[513]+020 TEXCOORD2: 0.54296875, 0.530761719
vb0[513]+000 TEXCOORD3: 0.686274529, 0.725490212, 0.890196085, 0.23137255
vb0[513]+028 TANGENT: 0.196850389, 0, -0.984251976, 1

vb0[514]+000 POSITION: -0.692871094, 0.985839844, -0.210205078, 1
vb0[514]+008 NORMAL: 0.803149581, -0.551181078, 0.244094491, 0
vb0[514]+000 COLOR: 0.545098066, 0.725490212, 0.890196085, 0.23137255
vb0[514]+012 TEXCOORD: 0.796875, 0.778808594
vb0[514]+016 TEXCOORD1: 0.599121094, 0.587890625
vb0[514]+020 TEXCOORD2: 0.539550781, 0.53515625
vb0[514]+000 TEXCOORD3: 0.545098066, 0.725490212, 0.890196085, 0.23137255
vb0[514]+028 TANGENT: 0.291338593, 0, -0.96062994, 1

vb0[515]+000 POSITION: -0.668945313, 0.985839844, -0.277099609, 1
vb0[515]+008 NORMAL: 0.771653533, -0.551181078, 0.322834641, 0
vb0[515]+000 COLOR: 0.352941185, 0.725490212, 0.890196085, 0.23137255
vb0[515]+012 TEXCOORD: 0.8125, 0.778808594
vb0[515]+016 TEXCOORD1: 0.58984375, 0.59765625
vb0[515]+020 TEXCOORD2: 0.535644531, 0.5390625
vb0[515]+000 TEXCOORD3: 0.352941185, 0.725490212, 0.890196085, 0.23137255
vb0[515]+028 TANGENT: 0.385826766, 0, -0.92125982, 1

vb0[516]+000 POSITION: -0.638671875, 0.985839844, -0.341308594, 1
vb0[516]+008 NORMAL: 0.740157485, -0.551181078, 0.393700778, 0
vb0[516]+000 COLOR: 0.109803922, 0.725490212, 0.890196085, 0.23137255
vb0[516]+012 TEXCOORD: 0.828125, 0.778808594
vb0[516]+016 TEXCOORD1: 0.579589844, 0.605957031
vb0[516]+020 TEXCOORD2: 0.53125, 0.542480469
vb0[516]+000 TEXCOORD3: 0.109803922, 0.725490212, 0.890196085, 0.23137255
vb0[516]+028 TANGENT: 0.472440958, 0, -0.88188976, 1

vb0[517]+000 POSITION: -0.612304688, 1.06835938, -0.253417969, 1
vb0[517]+008 NORMAL: 0.700787425, -0.653543293, 0.291338593, 0
vb0[517]+000 COLOR: 0.90196079, 0.721568644, 0.274509817, 0.235294119
vb0[517]+012 TEXCOORD: 0.8125, 0.82421875
vb0[517]+016 TEXCOORD1: 0.577636719, 0.583984375
vb0[517]+020 TEXCOORD2: 0.526855469, 0.529785156
vb0[517]+000 TEXCOORD3: 0.90196079, 0.721568644, 0.274509817, 0.235294119
vb0[517]+028 TANGENT: 0.385826766, 0, -0.92125982, 1

vb0[518]+000 POSITION: -0.584472656, 1.06835938, -0.312255859, 1
vb0[518]+008 NORMAL: 0.669291317, -0.653543293, 0.354330719, 0
vb0[518]+000 COLOR: 0.678431392, 0.721568644, 0.274509817, 0.235294119
vb0[518]+012 TEXCOORD: 0.828125, 0.82421875
vb0[518]+016 TEXCOORD1: 0.568359375, 0.591308594
vb0[518]+020 TEXCOORD2: 0.5234375, 0.532226563
vb0[518]+000 TEXCOORD3: 0.678431392, 0.721568644, 0.274509817, 0.235294119
vb0[518]+028 TANGENT: 0.472440958, 0, -0.88188976, 1

vb0[519]+000 POSITION: -0.633789063, 1.06835938, -0.192260742, 1
vb0[519]+008 NORMAL: 0.724409461, -0.653543293, 0.22047244, 0
vb0[519]+000 COLOR: 0.0705882385, 0.725490212, 0.274509817, 0.235294119
vb0[519]+012 TEXCOORD: 0.796875, 0.82421875
vb0[519]+016 TEXCOORD1: 0.585449219, 0.575683594
vb0[519]+020 TEXCOORD2: 0.529785156, 0.526367188
vb0[519]+000 TEXCOORD3: 0.0705882385, 0.725490212, 0.274509817, 0.235294119
vb0[519]+028 TANGENT: 0.291338593, 0, -0.96062994, 1

vb0[520]+000 POSITION: -0.602050781, 0.985839844, -0.40234375, 1
vb0[520]+008 NORMAL: 0.692913413, -0.551181078, 0.464566916, 0
vb0[520]+000 COLOR: 0.819607854, 0.721568644, 0.890196085, 0.23137255
vb0[520]+012 TEXCOORD: 0.84375, 0.778808594
vb0[520]+016 TEXCOORD1: 0.568359375, 0.613769531
vb0[520]+020 TEXCOORD2: 0.526367188, 0.545410156
vb0[520]+000 TEXCOORD3: 0.819607854, 0.721568644, 0.890196085, 0.23137255
vb0[520]+028 TANGENT: 0.55905509, 0, -0.834645689, 1

vb0[521]+000 POSITION: -0.55078125, 1.06835938, -0.368164063, 1
vb0[521]+008 NORMAL: 0.629921257, -0.653543293, 0.425196856, 0
vb0[521]+000 COLOR: 0.407843143, 0.721568644, 0.274509817, 0.235294119
vb0[521]+012 TEXCOORD: 0.84375, 0.82421875
vb0[521]+016 TEXCOORD1: 0.559082031, 0.598144531
vb0[521]+020 TEXCOORD2: 0.520019531, 0.534667969
vb0[521]+000 TEXCOORD3: 0.407843143, 0.721568644, 0.274509817, 0.235294119
vb0[521]+028 TANGENT: 0.55905509, 0, -0.834645689, 1

vb0[522]+000 POSITION: -0.560058594, 0.985839844, -0.459472656, 1
vb0[522]+008 NORMAL: 0.645669281, -0.551181078, 0.527559042, 0
vb0[522]+000 COLOR: 0.482352942, 0.721568644, 0.890196085, 0.23137255
vb0[522]+012 TEXCOORD: 0.859375, 0.778808594
vb0[522]+016 TEXCOORD1: 0.556640625, 0.620117188
vb0[522]+020 TEXCOORD2: 0.521484375, 0.548339844
vb0[522]+000 TEXCOORD3: 0.482352942, 0.721568644, 0.890196085, 0.23137255
vb0[522]+028 TANGENT: 0.637795269, 0, -0.771653533, 1

vb0[523]+000 POSITION: -0.512207031, 0.985839844, -0.512207031, 1
vb0[523]+008 NORMAL: 0.590551198, -0.551181078, 0.590551198, 0
vb0[523]+000 COLOR: 0.0980392173, 0.721568644, 0.890196085, 0.23137255
vb0[523]+012 TEXCOORD: 0.875, 0.778808594
vb0[523]+016 TEXCOORD1: 0.543945313, 0.625
vb0[523]+020 TEXCOORD2: 0.516601563, 0.550292969
vb0[523]+000 TEXCOORD3: 0.0980392173, 0.721568644, 0.890196085, 0.23137255
vb0[523]+028 TANGENT: 0.708661437, 0, -0.708661437, 1

vb0[524]+000 POSITION: -0.459472656, 0.985839844, -0.560058594, 1
vb0[524]+008 NORMAL: 0.527559042, -0.551181078, 0.645669281, 0
vb0[524]+000 COLOR: 0.352941185, 0.717647076, 0.890196085, 0.23137255
vb0[524]+012 TEXCOORD: 0.890625, 0.778808594
vb0[524]+016 TEXCOORD1: 0.53125, 0.62890625
vb0[524]+020 TEXCOORD2: 0.511230469, 0.551757813
vb0[524]+000 TEXCOORD3: 0.352941185, 0.717647076, 0.890196085, 0.23137255
vb0[524]+028 TANGENT: 0.771653533, 0, -0.637795269, 1

vb0[525]+000 POSITION: -0.40234375, 0.985839844, -0.602050781, 1
vb0[525]+008 NORMAL: 0.464566916, -0.551181078, 0.692913413, 0
vb0[525]+000 COLOR: 0.43921569, 0.713725507, 0.890196085, 0.23137255
vb0[525]+012 TEXCOORD: 0.90625, 0.778808594
vb0[525]+016 TEXCOORD1: 0.518066406, 0.631835938
vb0[525]+020 TEXCOORD2: 0.505859375, 0.552734375
vb0[525]+000 TEXCOORD3: 0.43921569, 0.713725507, 0.890196085, 0.23137255
vb0[525]+028 TANGENT: 0.834645689, 0, -0.55905509, 1

vb0[526]+000 POSITION: -0.368164063, 1.06835938, -0.55078125, 1
vb0[526]+008 NORMAL: 0.425196856, -0.653543293, 0.629921257, 0
vb0[526]+000 COLOR: 0.894117653, 0.709803939, 0.274509817, 0.235294119
vb0[526]+012 TEXCOORD: 0.90625, 0.82421875
vb0[526]+016 TEXCOORD1: 0.515625, 0.613769531
vb0[526]+020 TEXCOORD2: 0.50390625, 0.540527344
vb0[526]+000 TEXCOORD3: 0.894117653, 0.709803939, 0.274509817, 0.235294119
vb0[526]+028 TANGENT: 0.834645689, 0, -0.55905509, 1

vb0[527]+000 POSITION: -0.420410156, 1.06835938, -0.512207031, 1
vb0[527]+008 NORMAL: 0.48031497, -0.653543293, 0.582677186, 0
vb0[527]+000 COLOR: 0.729411781, 0.713725507, 0.274509817, 0.235294119
vb0[527]+012 TEXCOORD: 0.890625, 0.82421875
vb0[527]+016 TEXCOORD1: 0.526855469, 0.611328125
vb0[527]+020 TEXCOORD2: 0.508300781, 0.539550781
vb0[527]+000 TEXCOORD3: 0.729411781, 0.713725507, 0.274509817, 0.235294119
vb0[527]+028 TANGENT: 0.771653533, 0, -0.637795269, 1

vb0[528]+000 POSITION: -0.330322266, 1.13769531, -0.494140625, 1
vb0[528]+008 NORMAL: 0.370078743, -0.740157485, 0.55905509, 0
vb0[528]+000 COLOR: 0.286274523, 0.709803939, 0.552941203, 0.235294119
vb0[528]+012 TEXCOORD: 0.90625, 0.860839844
vb0[528]+016 TEXCOORD1: 0.512695313, 0.595214844
vb0[528]+020 TEXCOORD2: 0.502441406, 0.530273438
vb0[528]+000 TEXCOORD3: 0.286274523, 0.709803939, 0.552941203, 0.235294119
vb0[528]+028 TANGENT: 0.834645689, 0, -0.55905509, 1

vb0[529]+000 POSITION: -0.280273438, 1.13769531, -0.524414063, 1
vb0[529]+008 NORMAL: 0.314960629, -0.740157485, 0.590551198, 0
vb0[529]+000 COLOR: 0.486274511, 0.70588237, 0.552941203, 0.235294119
vb0[529]+012 TEXCOORD: 0.921875, 0.860839844
vb0[529]+016 TEXCOORD1: 0.502929688, 0.596191406
vb0[529]+020 TEXCOORD2: 0.499267578, 0.530273438
vb0[529]+000 TEXCOORD3: 0.486274511, 0.70588237, 0.552941203, 0.235294119
vb0[529]+028 TANGENT: 0.88188976, 0, -0.472440958, 1

vb0[530]+000 POSITION: -0.227416992, 1.13769531, -0.549316406, 1
vb0[530]+008 NORMAL: 0.259842515, -0.740157485, 0.622047246, 0
vb0[530]+000 COLOR: 0.278431386, 0.701960802, 0.552941203, 0.235294119
vb0[530]+012 TEXCOORD: 0.9375, 0.860839844
vb0[530]+016 TEXCOORD1: 0.493164063, 0.596191406
vb0[530]+020 TEXCOORD2: 0.495849609, 0.530273438
vb0[530]+000 TEXCOORD3: 0.278431386, 0.701960802, 0.552941203, 0.235294119
vb0[530]+028 TANGENT: 0.92125982, 0, -0.385826766, 1

vb0[531]+000 POSITION: -0.19921875, 1.19628906, -0.480957031, 1
vb0[531]+008 NORMAL: 0.22047244, -0.826771677, 0.527559042, 0
vb0[531]+000 COLOR: 0.376470596, 0.698039234, 0.788235307, 0.235294119
vb0[531]+012 TEXCOORD: 0.9375, 0.893066406
vb0[531]+016 TEXCOORD1: 0.494140625, 0.577636719
vb0[531]+020 TEXCOORD2: 0.496337891, 0.521972656
vb0[531]+000 TEXCOORD3: 0.376470596, 0.698039234, 0.788235307, 0.235294119
vb0[531]+028 TANGENT: 0.92125982, 0, -0.385826766, 1

vb0[532]+000 POSITION: -0.169067383, 1.24316406, -0.407958984, 1
vb0[532]+008 NORMAL: 0.173228353, -0.889763772, 0.425196856, 0
vb0[532]+000 COLOR: 0.411764711, 0.694117665, 0.97647059, 0.235294119
vb0[532]+012 TEXCOORD: 0.9375, 0.919921875
vb0[532]+016 TEXCOORD1: 0.494873047, 0.560058594
vb0[532]+020 TEXCOORD2: 0.496826172, 0.515625
vb0[532]+000 TEXCOORD3: 0.411764711, 0.694117665, 0.97647059, 0.235294119
vb0[532]+028 TANGENT: 0.92125982, 0, -0.385826766, 1

vb0[533]+000 POSITION: -0.137207031, 1.28125, -0.331298828, 1
vb0[533]+008 NORMAL: 0.14173229, -0.929133832, 0.346456707, 0
vb0[533]+000 COLOR: 0.392156869, 0.690196097, 0.125490203, 0.239215687
vb0[533]+012 TEXCOORD: 0.9375, 0.942382813
vb0[533]+016 TEXCOORD1: 0.495605469, 0.543945313
vb0[533]+020 TEXCOORD2: 0.497070313, 0.510742188
vb0[533]+000 TEXCOORD3: 0.392156869, 0.690196097, 0.125490203, 0.239215687
vb0[533]+028 TANGENT: 0.92125982, 0, -0.385826766, 1

vb0[534]+000 POSITION: -0.104064941, 1.28125, -0.343017578, 1
vb0[534]+008 NORMAL: 0.11023622, -0.929133832, 0.354330719, 0
vb0[534]+000 COLOR: 0.662745118, 0.68235296, 0.125490203, 0.239215687
vb0[534]+012 TEXCOORD: 0.953125, 0.942382813
vb0[534]+016 TEXCOORD1: 0.491210938, 0.543457031
vb0[534]+020 TEXCOORD2: 0.495605469, 0.510253906
vb0[534]+000 TEXCOORD3: 0.662745118, 0.68235296, 0.125490203, 0.239215687
vb0[534]+028 TANGENT: 0.96062994, 0, -0.291338593, 1

vb0[535]+000 POSITION: -0.0789794922, 1.31152344, -0.260253906, 1
vb0[535]+008 NORMAL: 0.0866141766, -0.96062994, 0.275590539, 0
vb0[535]+000 COLOR: 0.0549019612, 0.678431392, 0.247058824, 0.239215687
vb0[535]+012 TEXCOORD: 0.953125, 0.960449219
vb0[535]+016 TEXCOORD1: 0.493164063, 0.529296875
vb0[535]+020 TEXCOORD2: 0.496337891, 0.506347656
vb0[535]+000 TEXCOORD3: 0.0549019612, 0.678431392, 0.247058824, 0.239215687
vb0[535]+028 TANGENT: 0.96062994, 0, -0.291338593, 1

vb0[536]+000 POSITION: -0.0530700684, 1.33398438, -0.174926758, 1
vb0[536]+008 NORMAL: 0.05511811, -0.976377964, 0.196850389, 0
vb0[536]+000 COLOR: 0.796078444, 0.666666687, 0.337254912, 0.239215687
vb0[536]+012 TEXCOORD: 0.953125, 0.977050781
vb0[536]+016 TEXCOORD1: 0.494873047, 0.517089844
vb0[536]+020 TEXCOORD2: 0.496826172, 0.502929688
vb0[536]+000 TEXCOORD3: 0.796078444, 0.666666687, 0.337254912, 0.239215687
vb0[536]+028 TANGENT: 0.96062994, 0, -0.291338593, 1

vb0[537]+000 POSITION: -0.104064941, 1.31152344, -0.251220703, 1
vb0[537]+008 NORMAL: 0.11023622, -0.96062994, 0.267716527, 0
vb0[537]+000 COLOR: 0.662745118, 0.68235296, 0.247058824, 0.239215687
vb0[537]+012 TEXCOORD: 0.9375, 0.960449219
vb0[537]+016 TEXCOORD1: 0.496337891, 0.529296875
vb0[537]+020 TEXCOORD2: 0.497314453, 0.506347656
vb0[537]+000 TEXCOORD3: 0.662745118, 0.68235296, 0.247058824, 0.239215687
vb0[537]+028 TANGENT: 0.92125982, 0, -0.385826766, 1

vb0[538]+000 POSITION: -0.0699462891, 1.33398438, -0.168823242, 1
vb0[538]+008 NORMAL: 0.0787401572, -0.976377964, 0.188976377, 0
vb0[538]+000 COLOR: 0.478431374, 0.674509823, 0.337254912, 0.239215687
vb0[538]+012 TEXCOORD: 0.9375, 0.977050781
vb0[538]+016 TEXCOORD1: 0.496826172, 0.517089844
vb0[538]+020 TEXCOORD2: 0.497558594, 0.502929688
vb0[538]+000 TEXCOORD3: 0.478431374, 0.674509823, 0.337254912, 0.239215687
vb0[538]+028 TANGENT: 0.92125982, 0, -0.385826766, 1

vb0[539]+000 POSITION: -0.0272064209, 1.34765625, -0.0897216797, 1
vb0[539]+008 NORMAL: 0.0157480314, -0.992125988, 0.11023622, 0
vb0[539]+000 COLOR: 0.968627453, 0.650980413, 0.392156869, 0.239215687
vb0[539]+012 TEXCOORD: 0.953125, 0.989746094
vb0[539]+016 TEXCOORD1: 0.496337891, 0.506347656
vb0[539]+020 TEXCOORD2: 0.497314453, 0.499755859
vb0[539]+000 TEXCOORD3: 0.968627453, 0.650980413, 0.392156869, 0.239215687
vb0[539]+028 TANGENT: 0.96062994, -0.0157480314, -0.291338593, 1

vb0[540]+000 POSITION: -0.0148925781, 1.35058594, -0.0594482422, 1
vb0[540]+008 NORMAL: 0, -1, 0.0629921257, 0
vb0[540]+000 COLOR: 0.627451003, 0.639215708, 0.403921574, 0.239215687
vb0[540]+012 TEXCOORD: 0.9609375, 0.993652344
vb0[540]+016 TEXCOORD1: 0.496582031, 0.502929688
vb0[540]+020 TEXCOORD2: 0.497314453, 0.498779297
vb0[540]+000 TEXCOORD3: 0.627451003, 0.639215708, 0.403921574, 0.239215687
vb0[540]+028 TANGENT: 0.968503952, -0.0157480314, -0.244094491, 1

vb0[541]+000 POSITION: -0.0104598999, 1.3515625, -0.0525817871, 1
vb0[541]+008 NORMAL: 0, -1, 0.0393700786, 0
vb0[541]+000 COLOR: 0.356862754, 0.631372571, 0.407843143, 0.239215687
vb0[541]+012 TEXCOORD: 0.96875, 0.997070313
vb0[541]+016 TEXCOORD1: 0.496582031, 0.501953125
vb0[541]+020 TEXCOORD2: 0.497314453, 0.498535156
vb0[541]+000 TEXCOORD3: 0.356862754, 0.631372571, 0.407843143, 0.239215687
vb0[541]+028 TANGENT: 0.984251976, -0.00787401572, -0.196850389, 1

vb0[542]+000 POSITION: 1.60712118e-40, 1.35449219, 1.03314933e-40, 1
vb0[542]+008 NORMAL: 0, -1, 0, 0
vb0[542]+000 COLOR: 0.0549019612, 0, 0.419607848, 0.239215687
vb0[542]+012 TEXCOORD: 1, 1
vb0[542]+016 TEXCOORD1: 0.497802734, 0.497070313
vb0[542]+020 TEXCOORD2: 0.497802734, 0.497070313
vb0[542]+000 TEXCOORD3: 0.0549019612, 0, 0.419607848, 0.239215687
vb0[542]+028 TANGENT: 0.992125988, 0, -0.0944881886, 1

vb0[543]+000 POSITION: -0.0155639648, 1.3515625, -0.0513305664, 1
vb0[543]+008 NORMAL: 0, -1, 0.0314960629, 0
vb0[543]+000 COLOR: 0.972549021, 0.639215708, 0.407843143, 0.239215687
vb0[543]+012 TEXCOORD: 0.953125, 0.997070313
vb0[543]+016 TEXCOORD1: 0.497070313, 0.502441406
vb0[543]+020 TEXCOORD2: 0.497558594, 0.498535156
vb0[543]+000 TEXCOORD3: 0.972549021, 0.639215708, 0.407843143, 0.239215687
vb0[543]+028 TANGENT: 0.96062994, -0.00787401572, -0.291338593, 1

vb0[544]+000 POSITION: -0.0206451416, 1.35058594, -0.0577087402, 1
vb0[544]+008 NORMAL: 0, -1, 0.0629921257, 0
vb0[544]+000 COLOR: 0.286274523, 0.647058845, 0.403921574, 0.239215687
vb0[544]+012 TEXCOORD: 0.9453125, 0.993652344
vb0[544]+016 TEXCOORD1: 0.497314453, 0.502929688
vb0[544]+020 TEXCOORD2: 0.497558594, 0.498779297
vb0[544]+000 TEXCOORD3: 0.286274523, 0.647058845, 0.403921574, 0.239215687
vb0[544]+028 TANGENT: 0.944881916, -0.0236220472, -0.338582665, 1

vb0[545]+000 POSITION: -0.0358886719, 1.34765625, -0.0866088867, 1
vb0[545]+008 NORMAL: 0.0314960629, -0.992125988, 0.11023622, 0
vb0[545]+000 COLOR: 0.596078455, 0.65882355, 0.392156869, 0.239215687
vb0[545]+012 TEXCOORD: 0.9375, 0.989746094
vb0[545]+016 TEXCOORD1: 0.497314453, 0.506347656
vb0[545]+020 TEXCOORD2: 0.497558594, 0.499755859
vb0[545]+000 TEXCOORD3: 0.596078455, 0.65882355, 0.392156869, 0.239215687
vb0[545]+028 TANGENT: 0.92125982, -0.00787401572, -0.377952754, 1

vb0[546]+000 POSITION: -0.0205230713, 1.3515625, -0.0495300293, 1
vb0[546]+008 NORMAL: 0, -1, 0.0314960629, 0
vb0[546]+000 COLOR: 0.254901975, 0.647058845, 0.407843143, 0.239215687
vb0[546]+012 TEXCOORD: 0.9375, 0.997070313
vb0[546]+016 TEXCOORD1: 0.497558594, 0.502441406
vb0[546]+020 TEXCOORD2: 0.497802734, 0.498535156
vb0[546]+000 TEXCOORD3: 0.254901975, 0.647058845, 0.407843143, 0.239215687
vb0[546]+028 TANGENT: 0.92125982, -0.0157480314, -0.385826766, 1

vb0[547]+000 POSITION: -0.0262145996, 1.35058594, -0.0554199219, 1
vb0[547]+008 NORMAL: 0.00787401572, -1, 0.05511811, 0
vb0[547]+000 COLOR: 0.713725507, 0.650980413, 0.403921574, 0.239215687
vb0[547]+012 TEXCOORD: 0.9296875, 0.993652344
vb0[547]+016 TEXCOORD1: 0.497802734, 0.502929688
vb0[547]+020 TEXCOORD2: 0.497802734, 0.498779297
vb0[547]+000 TEXCOORD3: 0.713725507, 0.650980413, 0.403921574, 0.239215687
vb0[547]+028 TANGENT: 0.905511796, -0.0157480314, -0.425196856, 1

vb0[548]+000 POSITION: -0.0252838135, 1.3515625, -0.0473022461, 1
vb0[548]+008 NORMAL: 0, -1, 0.0314960629, 0
vb0[548]+000 COLOR: 0.474509805, 0.650980413, 0.407843143, 0.239215687
vb0[548]+012 TEXCOORD: 0.921875, 0.997070313
vb0[548]+016 TEXCOORD1: 0.498046875, 0.502441406
vb0[548]+020 TEXCOORD2: 0.497802734, 0.498535156
vb0[548]+000 TEXCOORD3: 0.474509805, 0.650980413, 0.407843143, 0.239215687
vb0[548]+028 TANGENT: 0.88188976, -0.0157480314, -0.472440958, 1

vb0[549]+000 POSITION: 1.60712118e-40, 1.35449219, 1.03314933e-40, 1
vb0[549]+008 NORMAL: 0, -1, 0, 0
vb0[549]+000 COLOR: 0.0549019612, 0, 0.419607848, 0.239215687
vb0[549]+012 TEXCOORD: 0.953125, 1
vb0[549]+016 TEXCOORD1: 0.497802734, 0.497070313
vb0[549]+020 TEXCOORD2: 0.497802734, 0.497070313
vb0[549]+000 TEXCOORD3: 0.0549019612, 0, 0.419607848, 0.239215687
vb0[549]+028 TANGENT: 0.92125982, 0, -0.385826766, 1

vb0[550]+000 POSITION: -0.0441894531, 1.34765625, -0.0827026367, 1
vb0[550]+008 NORMAL: 0.0472440943, -0.992125988, 0.102362208, 0
vb0[550]+000 COLOR: 0.65882355, 0.662745118, 0.392156869, 0.239215687
vb0[550]+012 TEXCOORD: 0.921875, 0.989746094
vb0[550]+016 TEXCOORD1: 0.498291016, 0.506347656
vb0[550]+020 TEXCOORD2: 0.497802734, 0.499755859
vb0[550]+000 TEXCOORD3: 0.65882355, 0.662745118, 0.392156869, 0.239215687
vb0[550]+028 TANGENT: 0.88188976, -0.00787401572, -0.472440958, 1

vb0[551]+000 POSITION: -0.0861816406, 1.33398438, -0.161254883, 1
vb0[551]+008 NORMAL: 0.0944881886, -0.976377964, 0.181102365, 0
vb0[551]+000 COLOR: 0.517647088, 0.678431392, 0.337254912, 0.239215687
vb0[551]+012 TEXCOORD: 0.921875, 0.977050781
vb0[551]+016 TEXCOORD1: 0.498779297, 0.517089844
vb0[551]+020 TEXCOORD2: 0.498046875, 0.502929688
vb0[551]+000 TEXCOORD3: 0.517647088, 0.678431392, 0.337254912, 0.239215687
vb0[551]+028 TANGENT: 0.88188976, 0, -0.472440958, 1

vb0[552]+000 POSITION: -0.0315246582, 1.35058594, -0.0525817871, 1
vb0[552]+008 NORMAL: 0.0236220472, -1, 0.05511811, 0
vb0[552]+000 COLOR: 0.0352941193, 0.65882355, 0.403921574, 0.239215687
vb0[552]+012 TEXCOORD: 0.9140625, 0.993652344
vb0[552]+016 TEXCOORD1: 0.498291016, 0.502929688
vb0[552]+020 TEXCOORD2: 0.498046875, 0.498779297
vb0[552]+000 TEXCOORD3: 0.0352941193, 0.65882355, 0.403921574, 0.239215687
vb0[552]+028 TANGENT: 0.858267725, -0.00787401572, -0.511811018, 1

vb0[553]+000 POSITION: -0.0297851563, 1.3515625, -0.0445861816, 1
vb0[553]+008 NORMAL: 0.00787401572, -1, 0.0314960629, 0
vb0[553]+000 COLOR: 0.627451003, 0.654901981, 0.407843143, 0.239215687
vb0[553]+012 TEXCOORD: 0.90625, 0.997070313
vb0[553]+016 TEXCOORD1: 0.498535156, 0.502441406
vb0[553]+020 TEXCOORD2: 0.498046875, 0.498535156
vb0[553]+000 TEXCOORD3: 0.627451003, 0.654901981, 0.407843143, 0.239215687
vb0[553]+028 TANGENT: 0.834645689, -0.00787401572, -0.55905509, 1

vb0[554]+000 POSITION: -0.0520935059, 1.34765625, -0.0779418945, 1
vb0[554]+008 NORMAL: 0.0629921257, -0.992125988, 0.0944881886, 0
vb0[554]+000 COLOR: 0.670588255, 0.666666687, 0.392156869, 0.239215687
vb0[554]+012 TEXCOORD: 0.90625, 0.989746094
vb0[554]+016 TEXCOORD1: 0.499267578, 0.506347656
vb0[554]+020 TEXCOORD2: 0.498046875, 0.499755859
vb0[554]+000 TEXCOORD3: 0.670588255, 0.666666687, 0.392156869, 0.239215687
vb0[554]+028 TANGENT: 0.834645689, 0, -0.55905509, 1

vb0[555]+000 POSITION: -0.036529541, 1.35058594, -0.0492248535, 1
vb0[555]+008 NORMAL: 0.0393700786, -1, 0.05511811, 0
vb0[555]+000 COLOR: 0.678431392, 0.65882355, 0.403921574, 0.239215687
vb0[555]+012 TEXCOORD: 0.8984375, 0.993652344
vb0[555]+016 TEXCOORD1: 0.499023438, 0.502929688
vb0[555]+020 TEXCOORD2: 0.498046875, 0.498779297
vb0[555]+000 TEXCOORD3: 0.678431392, 0.65882355, 0.403921574, 0.239215687
vb0[555]+028 TANGENT: 0.803149581, 0, -0.59842521, 1

vb0[556]+000 POSITION: -0.1015625, 1.33398438, -0.151977539, 1
vb0[556]+008 NORMAL: 0.11023622, -0.976377964, 0.165354326, 0
vb0[556]+000 COLOR: 0.501960814, 0.68235296, 0.337254912, 0.239215687
vb0[556]+012 TEXCOORD: 0.90625, 0.977050781
vb0[556]+016 TEXCOORD1: 0.500976563, 0.517089844
vb0[556]+020 TEXCOORD2: 0.498535156, 0.502929688
vb0[556]+000 TEXCOORD3: 0.501960814, 0.68235296, 0.337254912, 0.239215687
vb0[556]+028 TANGENT: 0.834645689, 0, -0.55905509, 1

vb0[557]+000 POSITION: -0.128173828, 1.31152344, -0.239868164, 1
vb0[557]+008 NORMAL: 0.133858263, -0.96062994, 0.251968503, 0
vb0[557]+000 COLOR: 0.101960786, 0.690196097, 0.247058824, 0.239215687
vb0[557]+012 TEXCOORD: 0.921875, 0.960449219
vb0[557]+016 TEXCOORD1: 0.499511719, 0.529296875
vb0[557]+020 TEXCOORD2: 0.498291016, 0.506347656
vb0[557]+000 TEXCOORD3: 0.101960786, 0.690196097, 0.247058824, 0.239215687
vb0[557]+028 TANGENT: 0.88188976, 0, -0.472440958, 1

vb0[558]+000 POSITION: -0.169067383, 1.28125, -0.316162109, 1
vb0[558]+008 NORMAL: 0.173228353, -0.929133832, 0.330708653, 0
vb0[558]+000 COLOR: 0.411764711, 0.694117665, 0.125490203, 0.239215687
vb0[558]+012 TEXCOORD: 0.921875, 0.942382813
vb0[558]+016 TEXCOORD1: 0.500488281, 0.543945313
vb0[558]+020 TEXCOORD2: 0.498291016, 0.510742188
vb0[558]+000 TEXCOORD3: 0.411764711, 0.694117665, 0.125490203, 0.239215687
vb0[558]+028 TANGENT: 0.88188976, 0, -0.472440958, 1

vb0[559]+000 POSITION: -0.208251953, 1.24316406, -0.389404297, 1
vb0[559]+008 NORMAL: 0.22047244, -0.889763772, 0.409448832, 0
vb0[559]+000 COLOR: 0.666666687, 0.698039234, 0.97647059, 0.235294119
vb0[559]+012 TEXCOORD: 0.921875, 0.919921875
vb0[559]+016 TEXCOORD1: 0.500976563, 0.560058594
vb0[559]+020 TEXCOORD2: 0.498535156, 0.515625
vb0[559]+000 TEXCOORD3: 0.666666687, 0.698039234, 0.97647059, 0.235294119
vb0[559]+028 TANGENT: 0.88188976, 0, -0.472440958, 1

vb0[560]+000 POSITION: -0.245361328, 1.19628906, -0.458984375, 1
vb0[560]+008 NORMAL: 0.267716527, -0.826771677, 0.503937006, 0
vb0[560]+000 COLOR: 0.854901969, 0.701960802, 0.788235307, 0.235294119
vb0[560]+012 TEXCOORD: 0.921875, 0.893066406
vb0[560]+016 TEXCOORD1: 0.501953125, 0.577636719
vb0[560]+020 TEXCOORD2: 0.498779297, 0.521972656
vb0[560]+000 TEXCOORD3: 0.854901969, 0.701960802, 0.788235307, 0.235294119
vb0[560]+028 TANGENT: 0.88188976, 0, -0.472440958, 1

vb0[561]+000 POSITION: -0.289306641, 1.19628906, -0.432861328, 1
vb0[561]+008 NORMAL: 0.314960629, -0.826771677, 0.472440958, 0
vb0[561]+000 COLOR: 0.631372571, 0.70588237, 0.788235307, 0.235294119
vb0[561]+012 TEXCOORD: 0.90625, 0.893066406
vb0[561]+016 TEXCOORD1: 0.509765625, 0.576660156
vb0[561]+020 TEXCOORD2: 0.501464844, 0.521972656
vb0[561]+000 TEXCOORD3: 0.631372571, 0.70588237, 0.788235307, 0.235294119
vb0[561]+028 TANGENT: 0.834645689, 0, -0.55905509, 1

vb0[562]+000 POSITION: -0.245361328, 1.24316406, -0.3671875, 1
vb0[562]+008 NORMAL: 0.259842515, -0.889763772, 0.385826766, 0
vb0[562]+000 COLOR: 0.854901969, 0.701960802, 0.97647059, 0.235294119
vb0[562]+012 TEXCOORD: 0.90625, 0.919921875
vb0[562]+016 TEXCOORD1: 0.507324219, 0.559082031
vb0[562]+020 TEXCOORD2: 0.500488281, 0.515136719
vb0[562]+000 TEXCOORD3: 0.854901969, 0.701960802, 0.97647059, 0.235294119
vb0[562]+028 TANGENT: 0.834645689, 0, -0.55905509, 1

vb0[563]+000 POSITION: -0.19921875, 1.28125, -0.298095703, 1
vb0[563]+008 NORMAL: 0.204724416, -0.929133832, 0.307086617, 0
vb0[563]+000 COLOR: 0.376470596, 0.698039234, 0.125490203, 0.239215687
vb0[563]+012 TEXCOORD: 0.90625, 0.942382813
vb0[563]+016 TEXCOORD1: 0.504882813, 0.543457031
vb0[563]+020 TEXCOORD2: 0.499755859, 0.510253906
vb0[563]+000 TEXCOORD3: 0.376470596, 0.698039234, 0.125490203, 0.239215687
vb0[563]+028 TANGENT: 0.834645689, 0, -0.55905509, 1

vb0[564]+000 POSITION: -0.151123047, 1.31152344, -0.226196289, 1
vb0[564]+008 NORMAL: 0.157480314, -0.96062994, 0.244094491, 0
vb0[564]+000 COLOR: 0.839215696, 0.690196097, 0.247058824, 0.239215687
vb0[564]+012 TEXCOORD: 0.90625, 0.960449219
vb0[564]+016 TEXCOORD1: 0.502929688, 0.529296875
vb0[564]+020 TEXCOORD2: 0.499023438, 0.506347656
vb0[564]+000 TEXCOORD3: 0.839215696, 0.690196097, 0.247058824, 0.239215687
vb0[564]+028 TANGENT: 0.834645689, 0, -0.55905509, 1

vb0[565]+000 POSITION: -0.172485352, 1.31152344, -0.210205078, 1
vb0[565]+008 NORMAL: 0.181102365, -0.96062994, 0.22047244, 0
vb0[565]+000 COLOR: 0.521568656, 0.694117665, 0.247058824, 0.239215687
vb0[565]+012 TEXCOORD: 0.890625, 0.960449219
vb0[565]+016 TEXCOORD1: 0.505859375, 0.528320313
vb0[565]+020 TEXCOORD2: 0.5, 0.506347656
vb0[565]+000 TEXCOORD3: 0.521568656, 0.694117665, 0.247058824, 0.239215687
vb0[565]+028 TANGENT: 0.771653533, 0, -0.637795269, 1

vb0[566]+000 POSITION: -0.227416992, 1.28125, -0.277099609, 1
vb0[566]+008 NORMAL: 0.236220479, -0.929133832, 0.291338593, 0
vb0[566]+000 COLOR: 0.278431386, 0.701960802, 0.125490203, 0.239215687
vb0[566]+012 TEXCOORD: 0.890625, 0.942382813
vb0[566]+016 TEXCOORD1: 0.509277344, 0.542480469
vb0[566]+020 TEXCOORD2: 0.500976563, 0.510253906
vb0[566]+000 TEXCOORD3: 0.278431386, 0.701960802, 0.125490203, 0.239215687
vb0[566]+028 TANGENT: 0.771653533, 0, -0.637795269, 1

vb0[567]+000 POSITION: -0.115966797, 1.33398438, -0.141235352, 1
vb0[567]+008 NORMAL: 0.125984251, -0.976377964, 0.157480314, 0
vb0[567]+000 COLOR: 0.423529416, 0.686274529, 0.337254912, 0.239215687
vb0[567]+012 TEXCOORD: 0.890625, 0.977050781
vb0[567]+016 TEXCOORD1: 0.502929688, 0.516601563
vb0[567]+020 TEXCOORD2: 0.499267578, 0.502441406
vb0[567]+000 TEXCOORD3: 0.423529416, 0.686274529, 0.337254912, 0.239215687
vb0[567]+028 TANGENT: 0.771653533, 0, -0.637795269, 1

vb0[568]+000 POSITION: -0.0594787598, 1.34765625, -0.0724487305, 1
vb0[568]+008 NORMAL: 0.0708661452, -0.992125988, 0.0866141766, 0
vb0[568]+000 COLOR: 0.615686297, 0.670588255, 0.392156869, 0.239215687
vb0[568]+012 TEXCOORD: 0.890625, 0.989746094
vb0[568]+016 TEXCOORD1: 0.5, 0.506347656
vb0[568]+020 TEXCOORD2: 0.498535156, 0.499755859
vb0[568]+000 TEXCOORD3: 0.615686297, 0.670588255, 0.392156869, 0.239215687
vb0[568]+028 TANGENT: 0.771653533, 0, -0.637795269, 1

vb0[569]+000 POSITION: -0.0340270996, 1.3515625, -0.0414428711, 1
vb0[569]+008 NORMAL: 0.00787401572, -1, 0.0314960629, 0
vb0[569]+000 COLOR: 0.356862754, 0.65882355, 0.407843143, 0.239215687
vb0[569]+012 TEXCOORD: 0.890625, 0.997070313
vb0[569]+016 TEXCOORD1: 0.499023438, 0.501953125
vb0[569]+020 TEXCOORD2: 0.498046875, 0.498535156
vb0[569]+000 TEXCOORD3: 0.356862754, 0.65882355, 0.407843143, 0.239215687
vb0[569]+028 TANGENT: 0.771653533, -0.00787401572, -0.637795269, 1

vb0[570]+000 POSITION: -0.0297851563, 1.3515625, -0.0445861816, 1
vb0[570]+008 NORMAL: 0.00787401572, -1, 0.0314960629, 0
vb0[570]+000 COLOR: 0.627451003, 0.654901981, 0.407843143, 0.239215687
vb0[570]+012 TEXCOORD: 0.90625, 0.997070313
vb0[570]+016 TEXCOORD1: 0.498535156, 0.502441406
vb0[570]+020 TEXCOORD2: 0.498046875, 0.498535156
vb0[570]+000 TEXCOORD3: 0.627451003, 0.654901981, 0.407843143, 0.239215687
vb0[570]+028 TANGENT: 0.834645689, -0.00787401572, -0.55905509, 1

vb0[571]+000 POSITION: -0.0411682129, 1.35058594, -0.0454101563, 1
vb0[571]+008 NORMAL: 0.0393700786, -1, 0.0472440943, 0
vb0[571]+000 COLOR: 0.270588249, 0.662745118, 0.403921574, 0.239215687
vb0[571]+012 TEXCOORD: 0.8828125, 0.993652344
vb0[571]+016 TEXCOORD1: 0.499511719, 0.502929688
vb0[571]+020 TEXCOORD2: 0.498291016, 0.498779297
vb0[571]+000 TEXCOORD3: 0.270588249, 0.662745118, 0.403921574, 0.239215687
vb0[571]+028 TANGENT: 0.740157485, 0, -0.669291317, 1

vb0[572]+000 POSITION: -0.0662841797, 1.34765625, -0.0662841797, 1
vb0[572]+008 NORMAL: 0.0787401572, -0.992125988, 0.0787401572, 0
vb0[572]+000 COLOR: 0.243137255, 0.674509823, 0.392156869, 0.239215687
vb0[572]+012 TEXCOORD: 0.875, 0.989746094
vb0[572]+016 TEXCOORD1: 0.500976563, 0.505859375
vb0[572]+020 TEXCOORD2: 0.498779297, 0.499511719
vb0[572]+000 TEXCOORD3: 0.243137255, 0.674509823, 0.392156869, 0.239215687
vb0[572]+028 TANGENT: 0.708661437, 0, -0.708661437, 1

vb0[573]+000 POSITION: -0.129272461, 1.33398438, -0.129272461, 1
vb0[573]+008 NORMAL: 0.14173229, -0.976377964, 0.14173229, 0
vb0[573]+000 COLOR: 0.137254909, 0.690196097, 0.337254912, 0.239215687
vb0[573]+012 TEXCOORD: 0.875, 0.977050781
vb0[573]+016 TEXCOORD1: 0.504394531, 0.516113281
vb0[573]+020 TEXCOORD2: 0.499755859, 0.502441406
vb0[573]+000 TEXCOORD3: 0.137254909, 0.690196097, 0.337254912, 0.239215687
vb0[573]+028 TANGENT: 0.708661437, 0, -0.708661437, 1

vb0[574]+000 POSITION: -0.0379333496, 1.3515625, -0.0379333496, 1
vb0[574]+008 NORMAL: 0.0157480314, -1, 0.0157480314, 0
vb0[574]+000 COLOR: 0.858823538, 0.65882355, 0.407843143, 0.239215687
vb0[574]+012 TEXCOORD: 0.875, 0.997070313
vb0[574]+016 TEXCOORD1: 0.499511719, 0.501953125
vb0[574]+020 TEXCOORD2: 0.498291016, 0.498535156
vb0[574]+000 TEXCOORD3: 0.858823538, 0.65882355, 0.407843143, 0.239215687
vb0[574]+028 TANGENT: 0.708661437, 0, -0.708661437, 1

vb0[575]+000 POSITION: 1.60712118e-40, 1.35449219, 1.03314933e-40, 1
vb0[575]+008 NORMAL: 0, -1, 0, 0
vb0[575]+000 COLOR: 0.0549019612, 0, 0.419607848, 0.239215687
vb0[575]+012 TEXCOORD: 0.90625, 1
vb0[575]+016 TEXCOORD1: 0.497802734, 0.497070313
vb0[575]+020 TEXCOORD2: 0.497802734, 0.497070313
vb0[575]+000 TEXCOORD3: 0.0549019612, 0, 0.419607848, 0.239215687
vb0[575]+028 TANGENT: 0.771653533, 0, -0.637795269, 1

vb0[576]+000 POSITION: -0.0454101563, 1.35058594, -0.0411682129, 1
vb0[576]+008 NORMAL: 0.0472440943, -1, 0.0393700786, 0
vb0[576]+000 COLOR: 0.815686285, 0.662745118, 0.403921574, 0.239215687
vb0[576]+012 TEXCOORD: 0.8671875, 0.993652344
vb0[576]+016 TEXCOORD1: 0.5, 0.502441406
vb0[576]+020 TEXCOORD2: 0.498535156, 0.498535156
vb0[576]+000 TEXCOORD3: 0.815686285, 0.662745118, 0.403921574, 0.239215687
vb0[576]+028 TANGENT: 0.669291317, 0, -0.740157485, 1

vb0[577]+000 POSITION: -0.192260742, 1.31152344, -0.192260742, 1
vb0[577]+008 NORMAL: 0.204724416, -0.96062994, 0.204724416, 0
vb0[577]+000 COLOR: 0.152941182, 0.698039234, 0.247058824, 0.239215687
vb0[577]+012 TEXCOORD: 0.875, 0.960449219
vb0[577]+016 TEXCOORD1: 0.508789063, 0.527832031
vb0[577]+020 TEXCOORD2: 0.500976563, 0.505859375
vb0[577]+000 TEXCOORD3: 0.152941182, 0.698039234, 0.247058824, 0.239215687
vb0[577]+028 TANGENT: 0.708661437, 0, -0.708661437, 1

vb0[578]+000 POSITION: -0.210205078, 1.31152344, -0.172485352, 1
vb0[578]+008 NORMAL: 0.22047244, -0.96062994, 0.181102365, 0
vb0[578]+000 COLOR: 0.729411781, 0.698039234, 0.247058824, 0.239215687
vb0[578]+012 TEXCOORD: 0.859375, 0.960449219
vb0[578]+016 TEXCOORD1: 0.51171875, 0.526367188
vb0[578]+020 TEXCOORD2: 0.501953125, 0.505371094
vb0[578]+000 TEXCOORD3: 0.729411781, 0.698039234, 0.247058824, 0.239215687
vb0[578]+028 TANGENT: 0.637795269, 0, -0.771653533, 1

vb0[579]+000 POSITION: -0.141235352, 1.33398438, -0.115966797, 1
vb0[579]+008 NORMAL: 0.157480314, -0.976377964, 0.125984251, 0
vb0[579]+000 COLOR: 0.521568656, 0.690196097, 0.337254912, 0.239215687
vb0[579]+012 TEXCOORD: 0.859375, 0.977050781
vb0[579]+016 TEXCOORD1: 0.506347656, 0.515136719
vb0[579]+020 TEXCOORD2: 0.5, 0.502441406
vb0[579]+000 TEXCOORD3: 0.521568656, 0.690196097, 0.337254912, 0.239215687
vb0[579]+028 TANGENT: 0.637795269, 0, -0.771653533, 1

vb0[580]+000 POSITION: -0.277099609, 1.28125, -0.227416992, 1
vb0[580]+008 NORMAL: 0.291338593, -0.929133832, 0.236220479, 0
vb0[580]+000 COLOR: 0.435294122, 0.70588237, 0.125490203, 0.239215687
vb0[580]+012 TEXCOORD: 0.859375, 0.942382813
vb0[580]+016 TEXCOORD1: 0.518066406, 0.5390625
vb0[580]+020 TEXCOORD2: 0.503417969, 0.509277344
vb0[580]+000 TEXCOORD3: 0.435294122, 0.70588237, 0.125490203, 0.239215687
vb0[580]+028 TANGENT: 0.637795269, 0, -0.771653533, 1

vb0[581]+000 POSITION: -0.253417969, 1.28125, -0.253417969, 1
vb0[581]+008 NORMAL: 0.259842515, -0.929133832, 0.259842515, 0
vb0[581]+000 COLOR: 0.0549019612, 0.70588237, 0.125490203, 0.239215687
vb0[581]+012 TEXCOORD: 0.875, 0.942382813
vb0[581]+016 TEXCOORD1: 0.513671875, 0.541015625
vb0[581]+020 TEXCOORD2: 0.502441406, 0.509765625
vb0[581]+000 TEXCOORD3: 0.0549019612, 0.70588237, 0.125490203, 0.239215687
vb0[581]+028 TANGENT: 0.708661437, 0, -0.708661437, 1

vb0[582]+000 POSITION: -0.280273438, 1.24316406, -0.341308594, 1
vb0[582]+008 NORMAL: 0.291338593, -0.889763772, 0.354330719, 0
vb0[582]+000 COLOR: 0.486274511, 0.70588237, 0.97647059, 0.235294119
vb0[582]+012 TEXCOORD: 0.890625, 0.919921875
vb0[582]+016 TEXCOORD1: 0.513183594, 0.558105469
vb0[582]+020 TEXCOORD2: 0.501953125, 0.515136719
vb0[582]+000 TEXCOORD3: 0.486274511, 0.70588237, 0.97647059, 0.235294119
vb0[582]+028 TANGENT: 0.771653533, 0, -0.637795269, 1

vb0[583]+000 POSITION: -0.312255859, 1.24316406, -0.312255859, 1
vb0[583]+008 NORMAL: 0.322834641, -0.889763772, 0.322834641, 0
vb0[583]+000 COLOR: 1, 0.70588237, 0.97647059, 0.235294119
vb0[583]+012 TEXCOORD: 0.875, 0.919921875
vb0[583]+016 TEXCOORD1: 0.519042969, 0.556152344
vb0[583]+020 TEXCOORD2: 0.50390625, 0.514648438
vb0[583]+000 TEXCOORD3: 1, 0.70588237, 0.97647059, 0.235294119
vb0[583]+028 TANGENT: 0.708661437, 0, -0.708661437, 1

vb0[584]+000 POSITION: -0.330322266, 1.19628906, -0.40234375, 1
vb0[584]+008 NORMAL: 0.362204731, -0.826771677, 0.44094488, 0
vb0[584]+000 COLOR: 0.286274523, 0.709803939, 0.788235307, 0.235294119
vb0[584]+012 TEXCOORD: 0.890625, 0.893066406
vb0[584]+016 TEXCOORD1: 0.517578125, 0.575195313
vb0[584]+020 TEXCOORD2: 0.50390625, 0.521484375
vb0[584]+000 TEXCOORD3: 0.286274523, 0.709803939, 0.788235307, 0.235294119
vb0[584]+028 TANGENT: 0.771653533, 0, -0.637795269, 1

vb0[585]+000 POSITION: -0.368164063, 1.19628906, -0.368164063, 1
vb0[585]+008 NORMAL: 0.40157479, -0.826771677, 0.40157479, 0
vb0[585]+000 COLOR: 0.894117653, 0.709803939, 0.788235307, 0.235294119
vb0[585]+012 TEXCOORD: 0.875, 0.893066406
vb0[585]+016 TEXCOORD1: 0.525390625, 0.572753906
vb0[585]+020 TEXCOORD2: 0.506347656, 0.520996094
vb0[585]+000 TEXCOORD3: 0.894117653, 0.709803939, 0.788235307, 0.235294119
vb0[585]+028 TANGENT: 0.708661437, 0, -0.708661437, 1

vb0[586]+000 POSITION: -0.376953125, 1.13769531, -0.459472656, 1
vb0[586]+008 NORMAL: 0.425196856, -0.740157485, 0.51968503, 0
vb0[586]+000 COLOR: 0.0313725509, 0.713725507, 0.552941203, 0.235294119
vb0[586]+012 TEXCOORD: 0.890625, 0.860839844
vb0[586]+016 TEXCOORD1: 0.522460938, 0.593261719
vb0[586]+020 TEXCOORD2: 0.505859375, 0.529785156
vb0[586]+000 TEXCOORD3: 0.0313725509, 0.713725507, 0.552941203, 0.235294119
vb0[586]+028 TANGENT: 0.771653533, 0, -0.637795269, 1

vb0[587]+000 POSITION: -0.420410156, 1.13769531, -0.420410156, 1
vb0[587]+008 NORMAL: 0.472440958, -0.740157485, 0.472440958, 0
vb0[587]+000 COLOR: 0.729411781, 0.713725507, 0.552941203, 0.235294119
vb0[587]+012 TEXCOORD: 0.875, 0.860839844
vb0[587]+016 TEXCOORD1: 0.531738281, 0.590332031
vb0[587]+020 TEXCOORD2: 0.508789063, 0.528808594
vb0[587]+000 TEXCOORD3: 0.729411781, 0.713725507, 0.552941203, 0.235294119
vb0[587]+028 TANGENT: 0.708661437, 0, -0.708661437, 1

vb0[588]+000 POSITION: -0.40234375, 1.19628906, -0.330322266, 1
vb0[588]+008 NORMAL: 0.44094488, -0.826771677, 0.362204731, 0
vb0[588]+000 COLOR: 0.43921569, 0.713725507, 0.788235307, 0.235294119
vb0[588]+012 TEXCOORD: 0.859375, 0.893066406
vb0[588]+016 TEXCOORD1: 0.532714844, 0.569824219
vb0[588]+020 TEXCOORD2: 0.508300781, 0.520019531
vb0[588]+000 TEXCOORD3: 0.43921569, 0.713725507, 0.788235307, 0.235294119
vb0[588]+028 TANGENT: 0.637795269, 0, -0.771653533, 1

vb0[589]+000 POSITION: -0.341308594, 1.24316406, -0.280273438, 1
vb0[589]+008 NORMAL: 0.354330719, -0.889763772, 0.291338593, 0
vb0[589]+000 COLOR: 0.4627451, 0.709803939, 0.97647059, 0.235294119
vb0[589]+012 TEXCOORD: 0.859375, 0.919921875
vb0[589]+016 TEXCOORD1: 0.524902344, 0.553710938
vb0[589]+020 TEXCOORD2: 0.505371094, 0.513671875
vb0[589]+000 TEXCOORD3: 0.4627451, 0.709803939, 0.97647059, 0.235294119
vb0[589]+028 TANGENT: 0.637795269, 0, -0.771653533, 1

vb0[590]+000 POSITION: -0.468505859, 1.06835938, -0.468505859, 1
vb0[590]+008 NORMAL: 0.535433054, -0.653543293, 0.535433054, 0
vb0[590]+000 COLOR: 0.498039216, 0.717647076, 0.274509817, 0.235294119
vb0[590]+012 TEXCOORD: 0.875, 0.82421875
vb0[590]+016 TEXCOORD1: 0.538085938, 0.607910156
vb0[590]+020 TEXCOORD2: 0.512207031, 0.538574219
vb0[590]+000 TEXCOORD3: 0.498039216, 0.717647076, 0.274509817, 0.235294119
vb0[590]+028 TANGENT: 0.708661437, 0, -0.708661437, 1

vb0[591]+000 POSITION: -0.512207031, 1.06835938, -0.420410156, 1
vb0[591]+008 NORMAL: 0.582677186, -0.653543293, 0.48031497, 0
vb0[591]+000 COLOR: 0.0980392173, 0.721568644, 0.274509817, 0.235294119
vb0[591]+012 TEXCOORD: 0.859375, 0.82421875
vb0[591]+016 TEXCOORD1: 0.548828125, 0.603515625
vb0[591]+020 TEXCOORD2: 0.516113281, 0.536621094
vb0[591]+000 TEXCOORD3: 0.0980392173, 0.721568644, 0.274509817, 0.235294119
vb0[591]+028 TANGENT: 0.637795269, 0, -0.771653533, 1

vb0[592]+000 POSITION: -0.459472656, 1.13769531, -0.376953125, 1
vb0[592]+008 NORMAL: 0.51968503, -0.740157485, 0.425196856, 0
vb0[592]+000 COLOR: 0.352941185, 0.717647076, 0.552941203, 0.235294119
vb0[592]+012 TEXCOORD: 0.859375, 0.860839844
vb0[592]+016 TEXCOORD1: 0.540527344, 0.586425781
vb0[592]+020 TEXCOORD2: 0.51171875, 0.52734375
vb0[592]+000 TEXCOORD3: 0.352941185, 0.717647076, 0.552941203, 0.235294119
vb0[592]+028 TANGENT: 0.637795269, 0, -0.771653533, 1

vb0[593]+000 POSITION: -0.494140625, 1.13769531, -0.330322266, 1
vb0[593]+008 NORMAL: 0.55905509, -0.740157485, 0.370078743, 0
vb0[593]+000 COLOR: 0.909803927, 0.717647076, 0.552941203, 0.235294119
vb0[593]+012 TEXCOORD: 0.84375, 0.860839844
vb0[593]+016 TEXCOORD1: 0.549316406, 0.58203125
vb0[593]+020 TEXCOORD2: 0.514648438, 0.525878906
vb0[593]+000 TEXCOORD3: 0.909803927, 0.717647076, 0.552941203, 0.235294119
vb0[593]+028 TANGENT: 0.55905509, 0, -0.834645689, 1

vb0[594]+000 POSITION: -0.432861328, 1.19628906, -0.289306641, 1
vb0[594]+008 NORMAL: 0.472440958, -0.826771677, 0.314960629, 0
vb0[594]+000 COLOR: 0.929411769, 0.713725507, 0.788235307, 0.235294119
vb0[594]+012 TEXCOORD: 0.84375, 0.893066406
vb0[594]+016 TEXCOORD1: 0.539550781, 0.565917969
vb0[594]+020 TEXCOORD2: 0.510742188, 0.518554688
vb0[594]+000 TEXCOORD3: 0.929411769, 0.713725507, 0.788235307, 0.235294119
vb0[594]+028 TANGENT: 0.55905509, 0, -0.834645689, 1

vb0[595]+000 POSITION: -0.3671875, 1.24316406, -0.245361328, 1
vb0[595]+008 NORMAL: 0.385826766, -0.889763772, 0.259842515, 0
vb0[595]+000 COLOR: 0.87843138, 0.709803939, 0.97647059, 0.235294119
vb0[595]+012 TEXCOORD: 0.84375, 0.919921875
vb0[595]+016 TEXCOORD1: 0.530273438, 0.55078125
vb0[595]+020 TEXCOORD2: 0.507324219, 0.512695313
vb0[595]+000 TEXCOORD3: 0.87843138, 0.709803939, 0.97647059, 0.235294119
vb0[595]+028 TANGENT: 0.55905509, 0, -0.834645689, 1

vb0[596]+000 POSITION: -0.298095703, 1.28125, -0.19921875, 1
vb0[596]+008 NORMAL: 0.307086617, -0.929133832, 0.204724416, 0
vb0[596]+000 COLOR: 0.772549033, 0.70588237, 0.125490203, 0.239215687
vb0[596]+012 TEXCOORD: 0.84375, 0.942382813
vb0[596]+016 TEXCOORD1: 0.521972656, 0.537109375
vb0[596]+020 TEXCOORD2: 0.504882813, 0.508789063
vb0[596]+000 TEXCOORD3: 0.772549033, 0.70588237, 0.125490203, 0.239215687
vb0[596]+028 TANGENT: 0.55905509, 0, -0.834645689, 1

vb0[597]+000 POSITION: -0.389404297, 1.24316406, -0.208251953, 1
vb0[597]+008 NORMAL: 0.409448832, -0.889763772, 0.22047244, 0
vb0[597]+000 COLOR: 0.23137255, 0.713725507, 0.97647059, 0.235294119
vb0[597]+012 TEXCOORD: 0.828125, 0.919921875
vb0[597]+016 TEXCOORD1: 0.535644531, 0.547363281
vb0[597]+020 TEXCOORD2: 0.508789063, 0.51171875
vb0[597]+000 TEXCOORD3: 0.23137255, 0.713725507, 0.97647059, 0.235294119
vb0[597]+028 TANGENT: 0.472440958, 0, -0.88188976, 1

vb0[598]+000 POSITION: -0.316162109, 1.28125, -0.169067383, 1
vb0[598]+008 NORMAL: 0.330708653, -0.929133832, 0.173228353, 0
vb0[598]+000 COLOR: 0.0588235296, 0.709803939, 0.125490203, 0.239215687
vb0[598]+012 TEXCOORD: 0.828125, 0.942382813
vb0[598]+016 TEXCOORD1: 0.525878906, 0.534667969
vb0[598]+020 TEXCOORD2: 0.505859375, 0.5078125
vb0[598]+000 TEXCOORD3: 0.0588235296, 0.709803939, 0.125490203, 0.239215687
vb0[598]+028 TANGENT: 0.472440958, 0, -0.88188976, 1

vb0[599]+000 POSITION: -0.458984375, 1.19628906, -0.245361328, 1
vb0[599]+008 NORMAL: 0.503937006, -0.826771677, 0.267716527, 0
vb0[599]+000 COLOR: 0.345098048, 0.717647076, 0.788235307, 0.235294119
vb0[599]+012 TEXCOORD: 0.828125, 0.893066406
vb0[599]+016 TEXCOORD1: 0.545898438, 0.561523438
vb0[599]+020 TEXCOORD2: 0.512695313, 0.517578125
vb0[599]+000 TEXCOORD3: 0.345098048, 0.717647076, 0.788235307, 0.235294119
vb0[599]+028 TANGENT: 0.472440958, 0, -0.88188976, 1

vb0[600]+000 POSITION: -0.239868164, 1.31152344, -0.128173828, 1
vb0[600]+008 NORMAL: 0.251968503, -0.96062994, 0.133858263, 0
vb0[600]+000 COLOR: 0.678431392, 0.701960802, 0.247058824, 0.239215687
vb0[600]+012 TEXCOORD: 0.828125, 0.960449219
vb0[600]+016 TEXCOORD1: 0.517089844, 0.522949219
vb0[600]+020 TEXCOORD2: 0.503417969, 0.504882813
vb0[600]+000 TEXCOORD3: 0.678431392, 0.701960802, 0.247058824, 0.239215687
vb0[600]+028 TANGENT: 0.472440958, 0, -0.88188976, 1

vb0[601]+000 POSITION: -0.226196289, 1.31152344, -0.151123047, 1
vb0[601]+008 NORMAL: 0.244094491, -0.96062994, 0.157480314, 0
vb0[601]+000 COLOR: 0.239215687, 0.701960802, 0.247058824, 0.239215687
vb0[601]+012 TEXCOORD: 0.84375, 0.960449219
vb0[601]+016 TEXCOORD1: 0.514648438, 0.524902344
vb0[601]+020 TEXCOORD2: 0.502441406, 0.505371094
vb0[601]+000 TEXCOORD3: 0.239215687, 0.701960802, 0.247058824, 0.239215687
vb0[601]+028 TANGENT: 0.55905509, 0, -0.834645689, 1

vb0[602]+000 POSITION: -0.151977539, 1.33398438, -0.1015625, 1
vb0[602]+008 NORMAL: 0.165354326, -0.976377964, 0.11023622, 0
vb0[602]+000 COLOR: 0.866666675, 0.690196097, 0.337254912, 0.239215687
vb0[602]+012 TEXCOORD: 0.84375, 0.977050781
vb0[602]+016 TEXCOORD1: 0.508300781, 0.514160156
vb0[602]+020 TEXCOORD2: 0.500976563, 0.501953125
vb0[602]+000 TEXCOORD3: 0.866666675, 0.690196097, 0.337254912, 0.239215687
vb0[602]+028 TANGENT: 0.55905509, 0, -0.834645689, 1

vb0[603]+000 POSITION: -0.0779418945, 1.34765625, -0.0520935059, 1
vb0[603]+008 NORMAL: 0.0944881886, -0.992125988, 0.0629921257, 0
vb0[603]+000 COLOR: 0.992156863, 0.674509823, 0.392156869, 0.239215687
vb0[603]+012 TEXCOORD: 0.84375, 0.989746094
vb0[603]+016 TEXCOORD1: 0.502929688, 0.505371094
vb0[603]+020 TEXCOORD2: 0.499267578, 0.499267578
vb0[603]+000 TEXCOORD3: 0.992156863, 0.674509823, 0.392156869, 0.239215687
vb0[603]+028 TANGENT: 0.55905509, 0, -0.834645689, 1

vb0[604]+000 POSITION: -0.0724487305, 1.34765625, -0.0594787598, 1
vb0[604]+008 NORMAL: 0.0866141766, -0.992125988, 0.0708661452, 0
vb0[604]+000 COLOR: 0.639215708, 0.674509823, 0.392156869, 0.239215687
vb0[604]+012 TEXCOORD: 0.859375, 0.989746094
vb0[604]+016 TEXCOORD1: 0.501953125, 0.505371094
vb0[604]+020 TEXCOORD2: 0.499023438, 0.499511719
vb0[604]+000 TEXCOORD3: 0.639215708, 0.674509823, 0.392156869, 0.239215687
vb0[604]+028 TANGENT: 0.637795269, 0, -0.771653533, 1

vb0[605]+000 POSITION: -0.0414428711, 1.3515625, -0.0340270996, 1
vb0[605]+008 NORMAL: 0.0314960629, -1, 0.00787401572, 0
vb0[605]+000 COLOR: 0.305882365, 0.662745118, 0.407843143, 0.239215687
vb0[605]+012 TEXCOORD: 0.859375, 0.997070313
vb0[605]+016 TEXCOORD1: 0.5, 0.501953125
vb0[605]+020 TEXCOORD2: 0.498291016, 0.498291016
vb0[605]+000 TEXCOORD3: 0.305882365, 0.662745118, 0.407843143, 0.239215687
vb0[605]+028 TANGENT: 0.637795269, 0.00787401572, -0.771653533, 1

vb0[606]+000 POSITION: -0.0492248535, 1.35058594, -0.036529541, 1
vb0[606]+008 NORMAL: 0.05511811, -1, 0.0393700786, 0
vb0[606]+000 COLOR: 0.301960796, 0.666666687, 0.403921574, 0.239215687
vb0[606]+012 TEXCOORD: 0.8515625, 0.993652344
vb0[606]+016 TEXCOORD1: 0.500488281, 0.502441406
vb0[606]+020 TEXCOORD2: 0.498535156, 0.498535156
vb0[606]+000 TEXCOORD3: 0.301960796, 0.666666687, 0.403921574, 0.239215687
vb0[606]+028 TANGENT: 0.59842521, 0, -0.803149581, 1

vb0[607]+000 POSITION: -0.0445861816, 1.3515625, -0.029800415, 1
vb0[607]+008 NORMAL: 0.0314960629, -1, 0.00787401572, 0
vb0[607]+000 COLOR: 0.709803939, 0.662745118, 0.407843143, 0.239215687
vb0[607]+012 TEXCOORD: 0.84375, 0.997070313
vb0[607]+016 TEXCOORD1: 0.500488281, 0.501464844
vb0[607]+020 TEXCOORD2: 0.498535156, 0.498291016
vb0[607]+000 TEXCOORD3: 0.709803939, 0.662745118, 0.407843143, 0.239215687
vb0[607]+028 TANGENT: 0.55905509, 0.00787401572, -0.834645689, 1

vb0[608]+000 POSITION: -0.0525817871, 1.35058594, -0.0315246582, 1
vb0[608]+008 NORMAL: 0.05511811, -1, 0.0236220472, 0
vb0[608]+000 COLOR: 0.733333349, 0.666666687, 0.403921574, 0.239215687
vb0[608]+012 TEXCOORD: 0.8359375, 0.993652344
vb0[608]+016 TEXCOORD1: 0.500976563, 0.501953125
vb0[608]+020 TEXCOORD2: 0.498779297, 0.498535156
vb0[608]+000 TEXCOORD3: 0.733333349, 0.666666687, 0.403921574, 0.239215687
vb0[608]+028 TANGENT: 0.511811018, 0.00787401572, -0.858267725, 1

vb0[609]+000 POSITION: -0.0827026367, 1.34765625, -0.0441894531, 1
vb0[609]+008 NORMAL: 0.102362208, -0.992125988, 0.0472440943, 0
vb0[609]+000 COLOR: 0.294117659, 0.678431392, 0.392156869, 0.239215687
vb0[609]+012 TEXCOORD: 0.828125, 0.989746094
vb0[609]+016 TEXCOORD1: 0.503417969, 0.504394531
vb0[609]+020 TEXCOORD2: 0.499267578, 0.499267578
vb0[609]+000 TEXCOORD3: 0.294117659, 0.678431392, 0.392156869, 0.239215687
vb0[609]+028 TANGENT: 0.472440958, 0.00787401572, -0.88188976, 1

vb0[610]+000 POSITION: -0.161254883, 1.33398438, -0.0861816406, 1
vb0[610]+008 NORMAL: 0.181102365, -0.976377964, 0.0944881886, 0
vb0[610]+000 COLOR: 0.160784319, 0.694117665, 0.337254912, 0.239215687
vb0[610]+012 TEXCOORD: 0.828125, 0.977050781
vb0[610]+016 TEXCOORD1: 0.509765625, 0.513183594
vb0[610]+020 TEXCOORD2: 0.500976563, 0.501953125
vb0[610]+000 TEXCOORD3: 0.160784319, 0.694117665, 0.337254912, 0.239215687
vb0[610]+028 TANGENT: 0.472440958, 0, -0.88188976, 1

vb0[611]+000 POSITION: -0.0473022461, 1.3515625, -0.0252838135, 1
vb0[611]+008 NORMAL: 0.0314960629, -1, 0, 0
vb0[611]+000 COLOR: 0.0549019612, 0.666666687, 0.407843143, 0.239215687
vb0[611]+012 TEXCOORD: 0.828125, 0.997070313
vb0[611]+016 TEXCOORD1: 0.500976563, 0.501464844
vb0[611]+020 TEXCOORD2: 0.498779297, 0.498291016
vb0[611]+000 TEXCOORD3: 0.0549019612, 0.666666687, 0.407843143, 0.239215687
vb0[611]+028 TANGENT: 0.472440958, 0.0157480314, -0.88188976, 1

vb0[612]+000 POSITION: 1.60712118e-40, 1.35449219, 1.03314933e-40, 1
vb0[612]+008 NORMAL: 0, -1, 0, 0
vb0[612]+000 COLOR: 0.0549019612, 0, 0.419607848, 0.239215687
vb0[612]+012 TEXCOORD: 0.859375, 1
vb0[612]+016 TEXCOORD1: 0.497802734, 0.497070313
vb0[612]+020 TEXCOORD2: 0.497802734, 0.497070313
vb0[612]+000 TEXCOORD3: 0.0549019612, 0, 0.419607848, 0.239215687
vb0[612]+028 TANGENT: 0.55905509, 0, -0.834645689, 1

vb0[613]+000 POSITION: -0.0554199219, 1.35058594, -0.0262145996, 1
vb0[613]+008 NORMAL: 0.05511811, -1, 0.00787401572, 0
vb0[613]+000 COLOR: 0.0941176489, 0.670588255, 0.403921574, 0.239215687
vb0[613]+012 TEXCOORD: 0.8203125, 0.993652344
vb0[613]+016 TEXCOORD1: 0.501464844, 0.501464844
vb0[613]+020 TEXCOORD2: 0.498779297, 0.498291016
vb0[613]+000 TEXCOORD3: 0.0941176489, 0.670588255, 0.403921574, 0.239215687
vb0[613]+028 TANGENT: 0.425196856, 0.0157480314, -0.905511796, 1

vb0[614]+000 POSITION: -0.0495300293, 1.3515625, -0.0205230713, 1
vb0[614]+008 NORMAL: 0.0314960629, -1, 0, 0
vb0[614]+000 COLOR: 0.34117648, 0.666666687, 0.407843143, 0.239215687
vb0[614]+012 TEXCOORD: 0.8125, 0.997070313
vb0[614]+016 TEXCOORD1: 0.501464844, 0.500976563
vb0[614]+020 TEXCOORD2: 0.498779297, 0.498046875
vb0[614]+000 TEXCOORD3: 0.34117648, 0.666666687, 0.407843143, 0.239215687
vb0[614]+028 TANGENT: 0.385826766, 0.0157480314, -0.92125982, 1

vb0[615]+000 POSITION: -0.0866088867, 1.34765625, -0.0358886719, 1
vb0[615]+008 NORMAL: 0.11023622, -0.992125988, 0.0314960629, 0
vb0[615]+000 COLOR: 0.545098066, 0.678431392, 0.392156869, 0.239215687
vb0[615]+012 TEXCOORD: 0.8125, 0.989746094
vb0[615]+016 TEXCOORD1: 0.504394531, 0.50390625
vb0[615]+020 TEXCOORD2: 0.499511719, 0.499023438
vb0[615]+000 TEXCOORD3: 0.545098066, 0.678431392, 0.392156869, 0.239215687
vb0[615]+028 TANGENT: 0.377952754, 0.00787401572, -0.92125982, 1

vb0[616]+000 POSITION: -0.168823242, 1.33398438, -0.0699462891, 1
vb0[616]+008 NORMAL: 0.188976377, -0.976377964, 0.0787401572, 0
vb0[616]+000 COLOR: 0.403921574, 0.694117665, 0.337254912, 0.239215687
vb0[616]+012 TEXCOORD: 0.8125, 0.977050781
vb0[616]+016 TEXCOORD1: 0.511230469, 0.51171875
vb0[616]+020 TEXCOORD2: 0.501464844, 0.501464844
vb0[616]+000 TEXCOORD3: 0.403921574, 0.694117665, 0.337254912, 0.239215687
vb0[616]+028 TANGENT: 0.385826766, 0, -0.92125982, 1

vb0[617]+000 POSITION: -0.0577087402, 1.35058594, -0.0206451416, 1
vb0[617]+008 NORMAL: 0.0629921257, -1, 0, 0
vb0[617]+000 COLOR: 0.388235301, 0.670588255, 0.403921574, 0.239215687
vb0[617]+012 TEXCOORD: 0.8046875, 0.993652344
vb0[617]+016 TEXCOORD1: 0.501953125, 0.501464844
vb0[617]+020 TEXCOORD2: 0.499023438, 0.498291016
vb0[617]+000 TEXCOORD3: 0.388235301, 0.670588255, 0.403921574, 0.239215687
vb0[617]+028 TANGENT: 0.338582665, 0.0236220472, -0.944881916, 1

vb0[618]+000 POSITION: -0.251220703, 1.31152344, -0.104064941, 1
vb0[618]+008 NORMAL: 0.267716527, -0.96062994, 0.11023622, 0
vb0[618]+000 COLOR: 0.0196078438, 0.70588237, 0.247058824, 0.239215687
vb0[618]+012 TEXCOORD: 0.8125, 0.960449219
vb0[618]+016 TEXCOORD1: 0.51953125, 0.520996094
vb0[618]+020 TEXCOORD2: 0.50390625, 0.50390625
vb0[618]+000 TEXCOORD3: 0.0196078438, 0.70588237, 0.247058824, 0.239215687
vb0[618]+028 TANGENT: 0.385826766, 0, -0.92125982, 1

vb0[619]+000 POSITION: -0.331298828, 1.28125, -0.137207031, 1
vb0[619]+008 NORMAL: 0.346456707, -0.929133832, 0.14173229, 0
vb0[619]+000 COLOR: 0.301960796, 0.709803939, 0.125490203, 0.239215687
vb0[619]+012 TEXCOORD: 0.8125, 0.942382813
vb0[619]+016 TEXCOORD1: 0.529296875, 0.531738281
vb0[619]+020 TEXCOORD2: 0.506835938, 0.507324219
vb0[619]+000 TEXCOORD3: 0.301960796, 0.709803939, 0.125490203, 0.239215687
vb0[619]+028 TANGENT: 0.385826766, 0, -0.92125982, 1

vb0[620]+000 POSITION: -0.407958984, 1.24316406, -0.169067383, 1
vb0[620]+008 NORMAL: 0.425196856, -0.889763772, 0.173228353, 0
vb0[620]+000 COLOR: 0.529411793, 0.713725507, 0.97647059, 0.235294119
vb0[620]+012 TEXCOORD: 0.8125, 0.919921875
vb0[620]+016 TEXCOORD1: 0.540039063, 0.543457031
vb0[620]+020 TEXCOORD2: 0.510253906, 0.510742188
vb0[620]+000 TEXCOORD3: 0.529411793, 0.713725507, 0.97647059, 0.235294119
vb0[620]+028 TANGENT: 0.385826766, 0, -0.92125982, 1

vb0[621]+000 POSITION: -0.343017578, 1.28125, -0.104064941, 1
vb0[621]+008 NORMAL: 0.354330719, -0.929133832, 0.11023622, 0
vb0[621]+000 COLOR: 0.490196079, 0.709803939, 0.125490203, 0.239215687
vb0[621]+012 TEXCOORD: 0.796875, 0.942382813
vb0[621]+016 TEXCOORD1: 0.532714844, 0.528320313
vb0[621]+020 TEXCOORD2: 0.5078125, 0.506347656
vb0[621]+000 TEXCOORD3: 0.490196079, 0.709803939, 0.125490203, 0.239215687
vb0[621]+028 TANGENT: 0.291338593, 0, -0.96062994, 1

vb0[622]+000 POSITION: -0.260253906, 1.31152344, -0.0789794922, 1
vb0[622]+008 NORMAL: 0.275590539, -0.96062994, 0.0866141766, 0
vb0[622]+000 COLOR: 0.164705887, 0.70588237, 0.247058824, 0.239215687
vb0[622]+012 TEXCOORD: 0.796875, 0.960449219
vb0[622]+016 TEXCOORD1: 0.521972656, 0.518554688
vb0[622]+020 TEXCOORD2: 0.504882813, 0.503417969
vb0[622]+000 TEXCOORD3: 0.164705887, 0.70588237, 0.247058824, 0.239215687
vb0[622]+028 TANGENT: 0.291338593, 0, -0.96062994, 1

vb0[623]+000 POSITION: -0.422607422, 1.24316406, -0.128173828, 1
vb0[623]+008 NORMAL: 0.44094488, -0.889763772, 0.133858263, 0
vb0[623]+000 COLOR: 0.764705896, 0.713725507, 0.97647059, 0.235294119
vb0[623]+012 TEXCOORD: 0.796875, 0.919921875
vb0[623]+016 TEXCOORD1: 0.544433594, 0.5390625
vb0[623]+020 TEXCOORD2: 0.511230469, 0.509277344
vb0[623]+000 TEXCOORD3: 0.764705896, 0.713725507, 0.97647059, 0.235294119
vb0[623]+028 TANGENT: 0.291338593, 0, -0.96062994, 1

vb0[624]+000 POSITION: -0.3515625, 1.28125, -0.0699462891, 1
vb0[624]+008 NORMAL: 0.362204731, -0.929133832, 0.0708661452, 0
vb0[624]+000 COLOR: 0.627451003, 0.709803939, 0.125490203, 0.239215687
vb0[624]+012 TEXCOORD: 0.78125, 0.942382813
vb0[624]+016 TEXCOORD1: 0.535644531, 0.524902344
vb0[624]+020 TEXCOORD2: 0.508789063, 0.505371094
vb0[624]+000 TEXCOORD3: 0.627451003, 0.709803939, 0.125490203, 0.239215687
vb0[624]+028 TANGENT: 0.196850389, 0, -0.984251976, 1

vb0[625]+000 POSITION: -0.433105469, 1.24316406, -0.0861816406, 1
vb0[625]+008 NORMAL: 0.456692904, -0.889763772, 0.0866141766, 0
vb0[625]+000 COLOR: 0.933333337, 0.713725507, 0.97647059, 0.235294119
vb0[625]+012 TEXCOORD: 0.78125, 0.919921875
vb0[625]+016 TEXCOORD1: 0.548339844, 0.534179688
vb0[625]+020 TEXCOORD2: 0.512695313, 0.508300781
vb0[625]+000 TEXCOORD3: 0.933333337, 0.713725507, 0.97647059, 0.235294119
vb0[625]+028 TANGENT: 0.196850389, 0, -0.984251976, 1

vb0[626]+000 POSITION: -0.266845703, 1.31152344, -0.0530700684, 1
vb0[626]+008 NORMAL: 0.283464581, -0.96062994, 0.05511811, 0
vb0[626]+000 COLOR: 0.270588249, 0.70588237, 0.247058824, 0.239215687
vb0[626]+012 TEXCOORD: 0.78125, 0.960449219
vb0[626]+016 TEXCOORD1: 0.523925781, 0.516113281
vb0[626]+020 TEXCOORD2: 0.505371094, 0.502929688
vb0[626]+000 TEXCOORD3: 0.270588249, 0.70588237, 0.247058824, 0.239215687
vb0[626]+028 TANGENT: 0.196850389, 0, -0.984251976, 1

vb0[627]+000 POSITION: -0.174926758, 1.33398438, -0.0530700684, 1
vb0[627]+008 NORMAL: 0.196850389, -0.976377964, 0.05511811, 0
vb0[627]+000 COLOR: 0.600000024, 0.694117665, 0.337254912, 0.239215687
vb0[627]+012 TEXCOORD: 0.796875, 0.977050781
vb0[627]+016 TEXCOORD1: 0.512695313, 0.510253906
vb0[627]+020 TEXCOORD2: 0.501953125, 0.500976563
vb0[627]+000 TEXCOORD3: 0.600000024, 0.694117665, 0.337254912, 0.239215687
vb0[627]+028 TANGENT: 0.291338593, 0, -0.96062994, 1

vb0[628]+000 POSITION: -0.0897216797, 1.34765625, -0.0272064209, 1
vb0[628]+008 NORMAL: 0.11023622, -0.992125988, 0.0157480314, 0
vb0[628]+000 COLOR: 0.745098054, 0.678431392, 0.392156869, 0.239215687
vb0[628]+012 TEXCOORD: 0.796875, 0.989746094
vb0[628]+016 TEXCOORD1: 0.504882813, 0.503417969
vb0[628]+020 TEXCOORD2: 0.499755859, 0.498779297
vb0[628]+000 TEXCOORD3: 0.745098054, 0.678431392, 0.392156869, 0.239215687
vb0[628]+028 TANGENT: 0.291338593, 0.0157480314, -0.96062994, 1

vb0[629]+000 POSITION: -0.179321289, 1.33398438, -0.0356750488, 1
vb0[629]+008 NORMAL: 0.196850389, -0.976377964, 0.0393700786, 0
vb0[629]+000 COLOR: 0.741176486, 0.694117665, 0.337254912, 0.239215687
vb0[629]+012 TEXCOORD: 0.78125, 0.977050781
vb0[629]+016 TEXCOORD1: 0.514160156, 0.508789063
vb0[629]+020 TEXCOORD2: 0.502441406, 0.500488281
vb0[629]+000 TEXCOORD3: 0.741176486, 0.694117665, 0.337254912, 0.239215687
vb0[629]+028 TANGENT: 0.196850389, 0, -0.984251976, 1

vb0[630]+000 POSITION: -0.0919189453, 1.34765625, -0.0182952881, 1
vb0[630]+008 NORMAL: 0.11023622, -0.992125988, 0.0157480314, 0
vb0[630]+000 COLOR: 0.886274517, 0.678431392, 0.392156869, 0.239215687
vb0[630]+012 TEXCOORD: 0.78125, 0.989746094
vb0[630]+016 TEXCOORD1: 0.505371094, 0.502441406
vb0[630]+020 TEXCOORD2: 0.5, 0.498535156
vb0[630]+000 TEXCOORD3: 0.886274517, 0.678431392, 0.392156869, 0.239215687
vb0[630]+028 TANGENT: 0.196850389, 0.00787401572, -0.984251976, 1

vb0[631]+000 POSITION: -0.0594482422, 1.35058594, -0.0148925781, 1
vb0[631]+008 NORMAL: 0.0629921257, -1, 0, 0
vb0[631]+000 COLOR: 0.611764729, 0.670588255, 0.403921574, 0.239215687
vb0[631]+012 TEXCOORD: 0.7890625, 0.993652344
vb0[631]+016 TEXCOORD1: 0.502441406, 0.500976563
vb0[631]+020 TEXCOORD2: 0.499023438, 0.498046875
vb0[631]+000 TEXCOORD3: 0.611764729, 0.670588255, 0.403921574, 0.239215687
vb0[631]+028 TANGENT: 0.244094491, 0.0157480314, -0.968503952, 1

vb0[632]+000 POSITION: -0.0513305664, 1.3515625, -0.0155639648, 1
vb0[632]+008 NORMAL: 0.0314960629, -1, 0, 0
vb0[632]+000 COLOR: 0.572549045, 0.666666687, 0.407843143, 0.239215687
vb0[632]+012 TEXCOORD: 0.796875, 0.997070313
vb0[632]+016 TEXCOORD1: 0.501953125, 0.500488281
vb0[632]+020 TEXCOORD2: 0.498779297, 0.498046875
vb0[632]+000 TEXCOORD3: 0.572549045, 0.666666687, 0.407843143, 0.239215687
vb0[632]+028 TANGENT: 0.291338593, 0.00787401572, -0.96062994, 1

vb0[633]+000 POSITION: 1.60712118e-40, 1.35449219, 1.03314933e-40, 1
vb0[633]+008 NORMAL: 0, -1, 0, 0
vb0[633]+000 COLOR: 0.0549019612, 0, 0.419607848, 0.239215687
vb0[633]+012 TEXCOORD: 0.828125, 1
vb0[633]+016 TEXCOORD1: 0.497802734, 0.497070313
vb0[633]+020 TEXCOORD2: 0.497802734, 0.497070313
vb0[633]+000 TEXCOORD3: 0.0549019612, 0, 0.419607848, 0.239215687
vb0[633]+028 TANGENT: 0.385826766, 0, -0.92125982, 1

vb0[634]+000 POSITION: -0.0525817871, 1.3515625, -0.0104598999, 1
vb0[634]+008 NORMAL: 0.0393700786, -1, 0, 0
vb0[634]+000 COLOR: 0.733333349, 0.666666687, 0.407843143, 0.239215687
vb0[634]+012 TEXCOORD: 0.78125, 0.997070313
vb0[634]+016 TEXCOORD1: 0.501953125, 0.5
vb0[634]+020 TEXCOORD2: 0.499023438, 0.497802734
vb0[634]+000 TEXCOORD3: 0.733333349, 0.666666687, 0.407843143, 0.239215687
vb0[634]+028 TANGENT: 0.196850389, 0.00787401572, -0.984251976, 1

vb0[635]+000 POSITION: -0.0606384277, 1.35058594, -0.00899505615, 1
vb0[635]+008 NORMAL: 0.0629921257, -1, 0, 0
vb0[635]+000 COLOR: 0.764705896, 0.670588255, 0.403921574, 0.239215687
vb0[635]+012 TEXCOORD: 0.7734375, 0.993652344
vb0[635]+016 TEXCOORD1: 0.502929688, 0.500488281
vb0[635]+020 TEXCOORD2: 0.499267578, 0.498046875
vb0[635]+000 TEXCOORD3: 0.764705896, 0.670588255, 0.403921574, 0.239215687
vb0[635]+028 TANGENT: 0.14173229, 0.00787401572, -0.992125988, 1

vb0[636]+000 POSITION: -0.0533752441, 1.3515625, -0.00525665283, 1
vb0[636]+008 NORMAL: 0.0393700786, -1, 0, 0
vb0[636]+000 COLOR: 0.835294127, 0.666666687, 0.407843143, 0.239215687
vb0[636]+012 TEXCOORD: 0.765625, 0.997070313
vb0[636]+016 TEXCOORD1: 0.502441406, 0.499755859
vb0[636]+020 TEXCOORD2: 0.499023438, 0.497802734
vb0[636]+000 TEXCOORD3: 0.835294127, 0.666666687, 0.407843143, 0.239215687
vb0[636]+028 TANGENT: 0.0944881886, 0, -0.992125988, 1

vb0[637]+000 POSITION: 1.60712118e-40, 1.35449219, 1.03314933e-40, 1
vb0[637]+008 NORMAL: 0, -1, 0, 0
vb0[637]+000 COLOR: 0.0549019612, 0, 0.419607848, 0.239215687
vb0[637]+012 TEXCOORD: 0.78125, 1
vb0[637]+016 TEXCOORD1: 0.497802734, 0.497070313
vb0[637]+020 TEXCOORD2: 0.497802734, 0.497070313
vb0[637]+000 TEXCOORD3: 0.0549019612, 0, 0.419607848, 0.239215687
vb0[637]+028 TANGENT: 0.196850389, 0, -0.984251976, 1

vb0[638]+000 POSITION: -0.0933227539, 1.34765625, -0.00918579102, 1
vb0[638]+008 NORMAL: 0.11811024, -0.992125988, 0.00787401572, 0
vb0[638]+000 COLOR: 0.97647059, 0.678431392, 0.392156869, 0.239215687
vb0[638]+012 TEXCOORD: 0.765625, 0.989746094
vb0[638]+016 TEXCOORD1: 0.505859375, 0.501953125
vb0[638]+020 TEXCOORD2: 0.5, 0.498535156
vb0[638]+000 TEXCOORD3: 0.97647059, 0.678431392, 0.392156869, 0.239215687
vb0[638]+028 TANGENT: 0.0944881886, 0.00787401572, -0.992125988, 1

vb0[639]+000 POSITION: -0.181884766, 1.33398438, -0.0179138184, 1
vb0[639]+008 NORMAL: 0.204724416, -0.976377964, 0.0236220472, 0
vb0[639]+000 COLOR: 0.823529422, 0.694117665, 0.337254912, 0.239215687
vb0[639]+012 TEXCOORD: 0.765625, 0.977050781
vb0[639]+016 TEXCOORD1: 0.515136719, 0.507324219
vb0[639]+020 TEXCOORD2: 0.502929688, 0.5
vb0[639]+000 TEXCOORD3: 0.823529422, 0.694117665, 0.337254912, 0.239215687
vb0[639]+028 TANGENT: 0.0944881886, 0, -0.992125988, 1

vb0[640]+000 POSITION: -0.0612182617, 1.35058594, -0.00300788879, 1
vb0[640]+008 NORMAL: 0.0629921257, -1, 0, 0
vb0[640]+000 COLOR: 0.839215696, 0.670588255, 0.403921574, 0.239215687
vb0[640]+012 TEXCOORD: 0.7578125, 0.993652344
vb0[640]+016 TEXCOORD1: 0.502929688, 0.499755859
vb0[640]+020 TEXCOORD2: 0.499267578, 0.497802734
vb0[640]+000 TEXCOORD3: 0.839215696, 0.670588255, 0.403921574, 0.239215687
vb0[640]+028 TANGENT: 0.0472440943, 0, -1, 1

vb0[641]+000 POSITION: -0.270751953, 1.31152344, -0.0266571045, 1
vb0[641]+008 NORMAL: 0.291338593, -0.96062994, 0.0314960629, 0
vb0[641]+000 COLOR: 0.333333343, 0.70588237, 0.247058824, 0.239215687
vb0[641]+012 TEXCOORD: 0.765625, 0.960449219
vb0[641]+016 TEXCOORD1: 0.525878906, 0.513671875
vb0[641]+020 TEXCOORD2: 0.505859375, 0.501953125
vb0[641]+000 TEXCOORD3: 0.333333343, 0.70588237, 0.247058824, 0.239215687
vb0[641]+028 TANGENT: 0.0944881886, 0, -0.992125988, 1

vb0[642]+000 POSITION: -0.356933594, 1.28125, -0.03515625, 1
vb0[642]+008 NORMAL: 0.370078743, -0.929133832, 0.0393700786, 0
vb0[642]+000 COLOR: 0.713725507, 0.709803939, 0.125490203, 0.239215687
vb0[642]+012 TEXCOORD: 0.765625, 0.942382813
vb0[642]+016 TEXCOORD1: 0.538085938, 0.520996094
vb0[642]+020 TEXCOORD2: 0.509277344, 0.50390625
vb0[642]+000 TEXCOORD3: 0.713725507, 0.709803939, 0.125490203, 0.239215687
vb0[642]+028 TANGENT: 0.0944881886, 0, -0.992125988, 1

vb0[643]+000 POSITION: -0.439453125, 1.24316406, -0.0433044434, 1
vb0[643]+008 NORMAL: 0.456692904, -0.889763772, 0.0472440943, 0
vb0[643]+000 COLOR: 0.0313725509, 0.717647076, 0.97647059, 0.235294119
vb0[643]+012 TEXCOORD: 0.765625, 0.919921875
vb0[643]+016 TEXCOORD1: 0.551757813, 0.528808594
vb0[643]+020 TEXCOORD2: 0.513671875, 0.506835938
vb0[643]+000 TEXCOORD3: 0.0313725509, 0.717647076, 0.97647059, 0.235294119
vb0[643]+028 TANGENT: 0.0944881886, 0, -0.992125988, 1

vb0[644]+000 POSITION: -0.358642578, 1.28125, -3.44383111e-41, 1
vb0[644]+008 NORMAL: 0.370078743, -0.929133832, 0, 0
vb0[644]+000 COLOR: 0.741176486, 0.709803939, 0.125490203, 0.239215687
vb0[644]+012 TEXCOORD: 0.75, 0.942382813
vb0[644]+016 TEXCOORD1: 0.540039063, 0.516601563
vb0[644]+020 TEXCOORD2: 0.509765625, 0.502929688
vb0[644]+000 TEXCOORD3: 0.741176486, 0.709803939, 0.125490203, 0.239215687
vb0[644]+028 TANGENT: 0, 0, -1, 1

vb0[645]+000 POSITION: -0.271972656, 1.31152344, -2.2958874e-41, 1
vb0[645]+008 NORMAL: 0.291338593, -0.96062994, 0, 0
vb0[645]+000 COLOR: 0.352941185, 0.70588237, 0.247058824, 0.239215687
vb0[645]+012 TEXCOORD: 0.75, 0.960449219
vb0[645]+016 TEXCOORD1: 0.52734375, 0.510742188
vb0[645]+020 TEXCOORD2: 0.506347656, 0.500976563
vb0[645]+000 TEXCOORD3: 0.352941185, 0.70588237, 0.247058824, 0.239215687
vb0[645]+028 TANGENT: 0, 0, -1, 1

vb0[646]+000 POSITION: -0.441650391, 1.24316406, 0, 1
vb0[646]+008 NORMAL: 0.464566916, -0.889763772, 0, 0
vb0[646]+000 COLOR: 0.0666666701, 0.717647076, 0.97647059, 0.235294119
vb0[646]+012 TEXCOORD: 0.75, 0.919921875
vb0[646]+016 TEXCOORD1: 0.5546875, 0.5234375
vb0[646]+020 TEXCOORD2: 0.514648438, 0.504882813
vb0[646]+000 TEXCOORD3: 0.0666666701, 0.717647076, 0.97647059, 0.235294119
vb0[646]+028 TANGENT: 0, 0, -1, 1

vb0[647]+000 POSITION: -0.518066406, 1.19628906, -0.0510253906, 1
vb0[647]+008 NORMAL: 0.566929162, -0.826771677, 0.05511811, 0
vb0[647]+000 COLOR: 0.145098045, 0.721568644, 0.788235307, 0.235294119
vb0[647]+012 TEXCOORD: 0.765625, 0.893066406
vb0[647]+016 TEXCOORD1: 0.566894531, 0.538085938
vb0[647]+020 TEXCOORD2: 0.51953125, 0.510253906
vb0[647]+000 TEXCOORD3: 0.145098045, 0.721568644, 0.788235307, 0.235294119
vb0[647]+028 TANGENT: 0.0944881886, 0, -0.992125988, 1

vb0[648]+000 POSITION: -0.520507813, 1.19628906, 0, 1
vb0[648]+008 NORMAL: 0.566929162, -0.826771677, 0, 0
vb0[648]+000 COLOR: 0.164705887, 0.721568644, 0.788235307, 0.235294119
vb0[648]+012 TEXCOORD: 0.75, 0.893066406
vb0[648]+016 TEXCOORD1: 0.570800781, 0.53125
vb0[648]+020 TEXCOORD2: 0.520507813, 0.5078125
vb0[648]+000 TEXCOORD3: 0.164705887, 0.721568644, 0.788235307, 0.235294119
vb0[648]+028 TANGENT: 0, 0, -1, 1

vb0[649]+000 POSITION: -0.439453125, 1.24316406, 0.0433044434, 1
vb0[649]+008 NORMAL: 0.456692904, -0.889763772, -0.0472440943, 0
vb0[649]+000 COLOR: 0.0313725509, 0.717647076, 0.97647059, 0.235294119
vb0[649]+012 TEXCOORD: 0.734375, 0.919921875
vb0[649]+016 TEXCOORD1: 0.557128906, 0.518066406
vb0[649]+020 TEXCOORD2: 0.515136719, 0.503417969
vb0[649]+000 TEXCOORD3: 0.0313725509, 0.717647076, 0.97647059, 0.235294119
vb0[649]+028 TANGENT: -0.0944881886, 0, -0.992125988, 1

vb0[650]+000 POSITION: -0.356933594, 1.28125, 0.03515625, 1
vb0[650]+008 NORMAL: 0.370078743, -0.929133832, -0.0393700786, 0
vb0[650]+000 COLOR: 0.713725507, 0.709803939, 0.125490203, 0.239215687
vb0[650]+012 TEXCOORD: 0.734375, 0.942382813
vb0[650]+016 TEXCOORD1: 0.541992188, 0.512695313
vb0[650]+020 TEXCOORD2: 0.510253906, 0.501464844
vb0[650]+000 TEXCOORD3: 0.713725507, 0.709803939, 0.125490203, 0.239215687
vb0[650]+028 TANGENT: -0.0944881886, 0, -0.992125988, 1

vb0[651]+000 POSITION: -0.518066406, 1.19628906, 0.0510253906, 1
vb0[651]+008 NORMAL: 0.566929162, -0.826771677, -0.05511811, 0
vb0[651]+000 COLOR: 0.145098045, 0.721568644, 0.788235307, 0.235294119
vb0[651]+012 TEXCOORD: 0.734375, 0.893066406
vb0[651]+016 TEXCOORD1: 0.573730469, 0.5234375
vb0[651]+020 TEXCOORD2: 0.521484375, 0.505371094
vb0[651]+000 TEXCOORD3: 0.145098045, 0.721568644, 0.788235307, 0.235294119
vb0[651]+028 TANGENT: -0.0944881886, 0, -0.992125988, 1

vb0[652]+000 POSITION: -0.270751953, 1.31152344, 0.0266571045, 1
vb0[652]+008 NORMAL: 0.291338593, -0.96062994, -0.0314960629, 0
vb0[652]+000 COLOR: 0.333333343, 0.70588237, 0.247058824, 0.239215687
vb0[652]+012 TEXCOORD: 0.734375, 0.960449219
vb0[652]+016 TEXCOORD1: 0.528320313, 0.5078125
vb0[652]+020 TEXCOORD2: 0.506835938, 0.500488281
vb0[652]+000 TEXCOORD3: 0.333333343, 0.70588237, 0.247058824, 0.239215687
vb0[652]+028 TANGENT: -0.0944881886, 0, -0.992125988, 1

vb0[653]+000 POSITION: -0.3515625, 1.28125, 0.0699462891, 1
vb0[653]+008 NORMAL: 0.362204731, -0.929133832, -0.0708661452, 0
vb0[653]+000 COLOR: 0.627451003, 0.709803939, 0.125490203, 0.239215687
vb0[653]+012 TEXCOORD: 0.71875, 0.942382813
vb0[653]+016 TEXCOORD1: 0.543457031, 0.508300781
vb0[653]+020 TEXCOORD2: 0.510742188, 0.500488281
vb0[653]+000 TEXCOORD3: 0.627451003, 0.709803939, 0.125490203, 0.239215687
vb0[653]+028 TANGENT: -0.196850389, 0, -0.984251976, 1

vb0[654]+000 POSITION: -0.433105469, 1.24316406, 0.0861816406, 1
vb0[654]+008 NORMAL: 0.456692904, -0.889763772, -0.0866141766, 0
vb0[654]+000 COLOR: 0.933333337, 0.713725507, 0.97647059, 0.235294119
vb0[654]+012 TEXCOORD: 0.71875, 0.919921875
vb0[654]+016 TEXCOORD1: 0.559082031, 0.51171875
vb0[654]+020 TEXCOORD2: 0.515625, 0.501464844
vb0[654]+000 TEXCOORD3: 0.933333337, 0.713725507, 0.97647059, 0.235294119
vb0[654]+028 TANGENT: -0.196850389, 0, -0.984251976, 1

vb0[655]+000 POSITION: -0.266845703, 1.31152344, 0.0530700684, 1
vb0[655]+008 NORMAL: 0.283464581, -0.96062994, -0.05511811, 0
vb0[655]+000 COLOR: 0.270588249, 0.70588237, 0.247058824, 0.239215687
vb0[655]+012 TEXCOORD: 0.71875, 0.960449219
vb0[655]+016 TEXCOORD1: 0.529296875, 0.504882813
vb0[655]+020 TEXCOORD2: 0.506835938, 0.499267578
vb0[655]+000 TEXCOORD3: 0.270588249, 0.70588237, 0.247058824, 0.239215687
vb0[655]+028 TANGENT: -0.196850389, 0, -0.984251976, 1

vb0[656]+000 POSITION: -0.181884766, 1.33398438, 0.0179138184, 1
vb0[656]+008 NORMAL: 0.204724416, -0.976377964, -0.0236220472, 0
vb0[656]+000 COLOR: 0.823529422, 0.694117665, 0.337254912, 0.239215687
vb0[656]+012 TEXCOORD: 0.734375, 0.977050781
vb0[656]+016 TEXCOORD1: 0.516601563, 0.503417969
vb0[656]+020 TEXCOORD2: 0.503417969, 0.499023438
vb0[656]+000 TEXCOORD3: 0.823529422, 0.694117665, 0.337254912, 0.239215687
vb0[656]+028 TANGENT: -0.0944881886, 0, -0.992125988, 1

vb0[657]+000 POSITION: -0.182739258, 1.33398438, -3.44383111e-41, 1
vb0[657]+008 NORMAL: 0.204724416, -0.976377964, 0, 0
vb0[657]+000 COLOR: 0.850980401, 0.694117665, 0.337254912, 0.239215687
vb0[657]+012 TEXCOORD: 0.75, 0.977050781
vb0[657]+016 TEXCOORD1: 0.516113281, 0.505371094
vb0[657]+020 TEXCOORD2: 0.502929688, 0.499511719
vb0[657]+000 TEXCOORD3: 0.850980401, 0.694117665, 0.337254912, 0.239215687
vb0[657]+028 TANGENT: 0, 0, -1, 1

vb0[658]+000 POSITION: -0.09375, 1.34765625, 2.2958874e-41, 1
vb0[658]+008 NORMAL: 0.11811024, -0.992125988, 0, 0
vb0[658]+000 COLOR: 0, 0.68235296, 0.392156869, 0.239215687
vb0[658]+012 TEXCOORD: 0.75, 0.989746094
vb0[658]+016 TEXCOORD1: 0.506347656, 0.500976563
vb0[658]+020 TEXCOORD2: 0.5, 0.498291016
vb0[658]+000 TEXCOORD3: 0, 0.68235296, 0.392156869, 0.239215687
vb0[658]+028 TANGENT: 0, 0, -1, 1

vb0[659]+000 POSITION: -0.0536193848, 1.3515625, 0, 1
vb0[659]+008 NORMAL: 0.0393700786, -1, 0, 0
vb0[659]+000 COLOR: 0.866666675, 0.666666687, 0.407843143, 0.239215687
vb0[659]+012 TEXCOORD: 0.75, 0.997070313
vb0[659]+016 TEXCOORD1: 0.502441406, 0.499267578
vb0[659]+020 TEXCOORD2: 0.499023438, 0.497558594
vb0[659]+000 TEXCOORD3: 0.866666675, 0.666666687, 0.407843143, 0.239215687
vb0[659]+028 TANGENT: 0, 0, -1, 1

vb0[660]+000 POSITION: -0.0612182617, 1.35058594, 0.00300788879, 1
vb0[660]+008 NORMAL: 0.0629921257, -1, 0, 0
vb0[660]+000 COLOR: 0.839215696, 0.670588255, 0.403921574, 0.239215687
vb0[660]+012 TEXCOORD: 0.7421875, 0.993652344
vb0[660]+016 TEXCOORD1: 0.503417969, 0.499267578
vb0[660]+020 TEXCOORD2: 0.499267578, 0.497802734
vb0[660]+000 TEXCOORD3: 0.839215696, 0.670588255, 0.403921574, 0.239215687
vb0[660]+028 TANGENT: -0.0472440943, 0, -1, 1

vb0[661]+000 POSITION: -0.0933227539, 1.34765625, 0.00918579102, 1
vb0[661]+008 NORMAL: 0.11811024, -0.992125988, -0.00787401572, 0
vb0[661]+000 COLOR: 0.97647059, 0.678431392, 0.392156869, 0.239215687
vb0[661]+012 TEXCOORD: 0.734375, 0.989746094
vb0[661]+016 TEXCOORD1: 0.506835938, 0.5
vb0[661]+020 TEXCOORD2: 0.500488281, 0.498046875
vb0[661]+000 TEXCOORD3: 0.97647059, 0.678431392, 0.392156869, 0.239215687
vb0[661]+028 TANGENT: -0.0944881886, -0.00787401572, -0.992125988, 1

vb0[662]+000 POSITION: -0.0533752441, 1.3515625, 0.00525665283, 1
vb0[662]+008 NORMAL: 0.0393700786, -1, 0, 0
vb0[662]+000 COLOR: 0.835294127, 0.666666687, 0.407843143, 0.239215687
vb0[662]+012 TEXCOORD: 0.734375, 0.997070313
vb0[662]+016 TEXCOORD1: 0.502929688, 0.498779297
vb0[662]+020 TEXCOORD2: 0.499267578, 0.497558594
vb0[662]+000 TEXCOORD3: 0.835294127, 0.666666687, 0.407843143, 0.239215687
vb0[662]+028 TANGENT: -0.0944881886, 0, -0.992125988, 1

vb0[663]+000 POSITION: -0.0606384277, 1.35058594, 0.00899505615, 1
vb0[663]+008 NORMAL: 0.0629921257, -1, 0, 0
vb0[663]+000 COLOR: 0.764705896, 0.670588255, 0.403921574, 0.239215687
vb0[663]+012 TEXCOORD: 0.7265625, 0.993652344
vb0[663]+016 TEXCOORD1: 0.503417969, 0.498779297
vb0[663]+020 TEXCOORD2: 0.499511719, 0.497558594
vb0[663]+000 TEXCOORD3: 0.764705896, 0.670588255, 0.403921574, 0.239215687
vb0[663]+028 TANGENT: -0.14173229, -0.00787401572, -0.992125988, 1

vb0[664]+000 POSITION: -0.0919189453, 1.34765625, 0.0182952881, 1
vb0[664]+008 NORMAL: 0.11023622, -0.992125988, -0.0157480314, 0
vb0[664]+000 COLOR: 0.886274517, 0.678431392, 0.392156869, 0.239215687
vb0[664]+012 TEXCOORD: 0.71875, 0.989746094
vb0[664]+016 TEXCOORD1: 0.506835938, 0.499267578
vb0[664]+020 TEXCOORD2: 0.500488281, 0.497802734
vb0[664]+000 TEXCOORD3: 0.886274517, 0.678431392, 0.392156869, 0.239215687
vb0[664]+028 TANGENT: -0.196850389, -0.00787401572, -0.984251976, 1

vb0[665]+000 POSITION: -0.179321289, 1.33398438, 0.0356750488, 1
vb0[665]+008 NORMAL: 0.196850389, -0.976377964, -0.0393700786, 0
vb0[665]+000 COLOR: 0.741176486, 0.694117665, 0.337254912, 0.239215687
vb0[665]+012 TEXCOORD: 0.71875, 0.977050781
vb0[665]+016 TEXCOORD1: 0.517089844, 0.501953125
vb0[665]+020 TEXCOORD2: 0.503417969, 0.498535156
vb0[665]+000 TEXCOORD3: 0.741176486, 0.694117665, 0.337254912, 0.239215687
vb0[665]+028 TANGENT: -0.196850389, 0, -0.984251976, 1

vb0[666]+000 POSITION: -0.0525817871, 1.3515625, 0.0104598999, 1
vb0[666]+008 NORMAL: 0.0393700786, -1, 0, 0
vb0[666]+000 COLOR: 0.733333349, 0.666666687, 0.407843143, 0.239215687
vb0[666]+012 TEXCOORD: 0.71875, 0.997070313
vb0[666]+016 TEXCOORD1: 0.502929688, 0.498291016
vb0[666]+020 TEXCOORD2: 0.499267578, 0.497314453
vb0[666]+000 TEXCOORD3: 0.733333349, 0.666666687, 0.407843143, 0.239215687
vb0[666]+028 TANGENT: -0.196850389, -0.00787401572, -0.984251976, 1

vb0[667]+000 POSITION: 1.60712118e-40, 1.35449219, 1.03314933e-40, 1
vb0[667]+008 NORMAL: 0, -1, 0, 0
vb0[667]+000 COLOR: 0.0549019612, 0, 0.419607848, 0.239215687
vb0[667]+012 TEXCOORD: 0.734375, 1
vb0[667]+016 TEXCOORD1: 0.497802734, 0.497070313
vb0[667]+020 TEXCOORD2: 0.497802734, 0.497070313
vb0[667]+000 TEXCOORD3: 0.0549019612, 0, 0.419607848, 0.239215687
vb0[667]+028 TANGENT: -0.0944881886, 0, -0.992125988, 1

vb0[668]+000 POSITION: -0.0594482422, 1.35058594, 0.0148925781, 1
vb0[668]+008 NORMAL: 0.0629921257, -1, 0, 0
vb0[668]+000 COLOR: 0.611764729, 0.670588255, 0.403921574, 0.239215687
vb0[668]+012 TEXCOORD: 0.7109375, 0.993652344
vb0[668]+016 TEXCOORD1: 0.50390625, 0.498046875
vb0[668]+020 TEXCOORD2: 0.499511719, 0.497314453
vb0[668]+000 TEXCOORD3: 0.611764729, 0.670588255, 0.403921574, 0.239215687
vb0[668]+028 TANGENT: -0.244094491, -0.0157480314, -0.968503952, 1

vb0[669]+000 POSITION: -0.0513305664, 1.3515625, 0.0155639648, 1
vb0[669]+008 NORMAL: 0.0314960629, -1, 0, 0
vb0[669]+000 COLOR: 0.572549045, 0.666666687, 0.407843143, 0.239215687
vb0[669]+012 TEXCOORD: 0.703125, 0.997070313
vb0[669]+016 TEXCOORD1: 0.502929688, 0.497802734
vb0[669]+020 TEXCOORD2: 0.499267578, 0.497314453
vb0[669]+000 TEXCOORD3: 0.572549045, 0.666666687, 0.407843143, 0.239215687
vb0[669]+028 TANGENT: -0.291338593, -0.00787401572, -0.96062994, 1

vb0[670]+000 POSITION: -0.0897216797, 1.34765625, 0.0272064209, 1
vb0[670]+008 NORMAL: 0.11023622, -0.992125988, -0.0157480314, 0
vb0[670]+000 COLOR: 0.745098054, 0.678431392, 0.392156869, 0.239215687
vb0[670]+012 TEXCOORD: 0.703125, 0.989746094
vb0[670]+016 TEXCOORD1: 0.507324219, 0.498291016
vb0[670]+020 TEXCOORD2: 0.500488281, 0.497314453
vb0[670]+000 TEXCOORD3: 0.745098054, 0.678431392, 0.392156869, 0.239215687
vb0[670]+028 TANGENT: -0.291338593, -0.0157480314, -0.96062994, 1

vb0[671]+000 POSITION: -0.174926758, 1.33398438, 0.0530700684, 1
vb0[671]+008 NORMAL: 0.196850389, -0.976377964, -0.05511811, 0
vb0[671]+000 COLOR: 0.600000024, 0.694117665, 0.337254912, 0.239215687
vb0[671]+012 TEXCOORD: 0.703125, 0.977050781
vb0[671]+016 TEXCOORD1: 0.517578125, 0.499755859
vb0[671]+020 TEXCOORD2: 0.503417969, 0.497802734
vb0[671]+000 TEXCOORD3: 0.600000024, 0.694117665, 0.337254912, 0.239215687
vb0[671]+028 TANGENT: -0.291338593, 0, -0.96062994, 1

vb0[672]+000 POSITION: -0.0577087402, 1.35058594, 0.0206451416, 1
vb0[672]+008 NORMAL: 0.0629921257, -1, 0, 0
vb0[672]+000 COLOR: 0.388235301, 0.670588255, 0.403921574, 0.239215687
vb0[672]+012 TEXCOORD: 0.6953125, 0.993652344
vb0[672]+016 TEXCOORD1: 0.50390625, 0.497558594
vb0[672]+020 TEXCOORD2: 0.499511719, 0.497314453
vb0[672]+000 TEXCOORD3: 0.388235301, 0.670588255, 0.403921574, 0.239215687
vb0[672]+028 TANGENT: -0.338582665, -0.0236220472, -0.944881916, 1

vb0[673]+000 POSITION: -0.260253906, 1.31152344, 0.0789794922, 1
vb0[673]+008 NORMAL: 0.275590539, -0.96062994, -0.0866141766, 0
vb0[673]+000 COLOR: 0.164705887, 0.70588237, 0.247058824, 0.239215687
vb0[673]+012 TEXCOORD: 0.703125, 0.960449219
vb0[673]+016 TEXCOORD1: 0.529785156, 0.501464844
vb0[673]+020 TEXCOORD2: 0.507324219, 0.498535156
vb0[673]+000 TEXCOORD3: 0.164705887, 0.70588237, 0.247058824, 0.239215687
vb0[673]+028 TANGENT: -0.291338593, 0, -0.96062994, 1

vb0[674]+000 POSITION: -0.343017578, 1.28125, 0.104064941, 1
vb0[674]+008 NORMAL: 0.354330719, -0.929133832, -0.11023622, 0
vb0[674]+000 COLOR: 0.490196079, 0.709803939, 0.125490203, 0.239215687
vb0[674]+012 TEXCOORD: 0.703125, 0.942382813
vb0[674]+016 TEXCOORD1: 0.543945313, 0.503417969
vb0[674]+020 TEXCOORD2: 0.511230469, 0.499023438
vb0[674]+000 TEXCOORD3: 0.490196079, 0.709803939, 0.125490203, 0.239215687
vb0[674]+028 TANGENT: -0.291338593, 0, -0.96062994, 1

vb0[675]+000 POSITION: -0.422607422, 1.24316406, 0.128173828, 1
vb0[675]+008 NORMAL: 0.44094488, -0.889763772, -0.133858263, 0
vb0[675]+000 COLOR: 0.764705896, 0.713725507, 0.97647059, 0.235294119
vb0[675]+012 TEXCOORD: 0.703125, 0.919921875
vb0[675]+016 TEXCOORD1: 0.560058594, 0.505859375
vb0[675]+020 TEXCOORD2: 0.516113281, 0.499755859
vb0[675]+000 TEXCOORD3: 0.764705896, 0.713725507, 0.97647059, 0.235294119
vb0[675]+028 TANGENT: -0.291338593, 0, -0.96062994, 1

vb0[676]+000 POSITION: -0.498046875, 1.19628906, 0.151123047, 1
vb0[676]+008 NORMAL: 0.543307066, -0.826771677, -0.165354326, 0
vb0[676]+000 COLOR: 0.972549021, 0.717647076, 0.788235307, 0.235294119
vb0[676]+012 TEXCOORD: 0.703125, 0.893066406
vb0[676]+016 TEXCOORD1: 0.577636719, 0.508300781
vb0[676]+020 TEXCOORD2: 0.522460938, 0.500976563
vb0[676]+000 TEXCOORD3: 0.972549021, 0.717647076, 0.788235307, 0.235294119
vb0[676]+028 TANGENT: -0.291338593, 0, -0.96062994, 1

vb0[677]+000 POSITION: -0.510742188, 1.19628906, 0.1015625, 1
vb0[677]+008 NORMAL: 0.55905509, -0.826771677, -0.11023622, 0
vb0[677]+000 COLOR: 0.0862745121, 0.721568644, 0.788235307, 0.235294119
vb0[677]+012 TEXCOORD: 0.71875, 0.893066406
vb0[677]+016 TEXCOORD1: 0.576171875, 0.516113281
vb0[677]+020 TEXCOORD2: 0.521972656, 0.503417969
vb0[677]+000 TEXCOORD3: 0.0862745121, 0.721568644, 0.788235307, 0.235294119
vb0[677]+028 TANGENT: -0.196850389, 0, -0.984251976, 1

vb0[678]+000 POSITION: -0.583007813, 1.13769531, 0.115966797, 1
vb0[678]+008 NORMAL: 0.661417305, -0.740157485, -0.133858263, 0
vb0[678]+000 COLOR: 0.666666687, 0.721568644, 0.552941203, 0.235294119
vb0[678]+012 TEXCOORD: 0.71875, 0.860839844
vb0[678]+016 TEXCOORD1: 0.594238281, 0.520507813
vb0[678]+020 TEXCOORD2: 0.530273438, 0.505371094
vb0[678]+000 TEXCOORD3: 0.666666687, 0.721568644, 0.552941203, 0.235294119
vb0[678]+028 TANGENT: -0.196850389, 0, -0.984251976, 1

vb0[679]+000 POSITION: -0.591308594, 1.13769531, 0.0582580566, 1
vb0[679]+008 NORMAL: 0.669291317, -0.740157485, -0.0629921257, 0
vb0[679]+000 COLOR: 0.733333349, 0.721568644, 0.552941203, 0.235294119
vb0[679]+012 TEXCOORD: 0.734375, 0.860839844
vb0[679]+016 TEXCOORD1: 0.591308594, 0.529785156
vb0[679]+020 TEXCOORD2: 0.529296875, 0.508300781
vb0[679]+000 TEXCOORD3: 0.733333349, 0.721568644, 0.552941203, 0.235294119
vb0[679]+028 TANGENT: -0.0944881886, 0, -0.992125988, 1

vb0[680]+000 POSITION: -0.594238281, 1.13769531, 2.2958874e-41, 1
vb0[680]+008 NORMAL: 0.669291317, -0.740157485, 0, 0
vb0[680]+000 COLOR: 0.75686276, 0.721568644, 0.552941203, 0.235294119
vb0[680]+012 TEXCOORD: 0.75, 0.860839844
vb0[680]+016 TEXCOORD1: 0.587890625, 0.5390625
vb0[680]+020 TEXCOORD2: 0.527832031, 0.51171875
vb0[680]+000 TEXCOORD3: 0.75686276, 0.721568644, 0.552941203, 0.235294119
vb0[680]+028 TANGENT: 0, 0, -1, 1

vb0[681]+000 POSITION: -0.591308594, 1.13769531, -0.0582580566, 1
vb0[681]+008 NORMAL: 0.669291317, -0.740157485, 0.0629921257, 0
vb0[681]+000 COLOR: 0.733333349, 0.721568644, 0.552941203, 0.235294119
vb0[681]+012 TEXCOORD: 0.765625, 0.860839844
vb0[681]+016 TEXCOORD1: 0.583007813, 0.547363281
vb0[681]+020 TEXCOORD2: 0.526367188, 0.514160156
vb0[681]+000 TEXCOORD3: 0.733333349, 0.721568644, 0.552941203, 0.235294119
vb0[681]+028 TANGENT: 0.0944881886, 0, -0.992125988, 1

vb0[682]+000 POSITION: -0.583007813, 1.13769531, -0.115966797, 1
vb0[682]+008 NORMAL: 0.661417305, -0.740157485, 0.133858263, 0
vb0[682]+000 COLOR: 0.666666687, 0.721568644, 0.552941203, 0.235294119
vb0[682]+012 TEXCOORD: 0.78125, 0.860839844
vb0[682]+016 TEXCOORD1: 0.577636719, 0.555664063
vb0[682]+020 TEXCOORD2: 0.524414063, 0.517089844
vb0[682]+000 TEXCOORD3: 0.666666687, 0.721568644, 0.552941203, 0.235294119
vb0[682]+028 TANGENT: 0.196850389, 0, -0.984251976, 1

vb0[683]+000 POSITION: -0.510742188, 1.19628906, -0.1015625, 1
vb0[683]+008 NORMAL: 0.55905509, -0.826771677, 0.11023622, 0
vb0[683]+000 COLOR: 0.0862745121, 0.721568644, 0.788235307, 0.235294119
vb0[683]+012 TEXCOORD: 0.78125, 0.893066406
vb0[683]+016 TEXCOORD1: 0.5625, 0.544433594
vb0[683]+020 TEXCOORD2: 0.518066406, 0.512207031
vb0[683]+000 TEXCOORD3: 0.0862745121, 0.721568644, 0.788235307, 0.235294119
vb0[683]+028 TANGENT: 0.196850389, 0, -0.984251976, 1

vb0[684]+000 POSITION: -0.498046875, 1.19628906, -0.151123047, 1
vb0[684]+008 NORMAL: 0.543307066, -0.826771677, 0.165354326, 0
vb0[684]+000 COLOR: 0.972549021, 0.717647076, 0.788235307, 0.235294119
vb0[684]+012 TEXCOORD: 0.796875, 0.893066406
vb0[684]+016 TEXCOORD1: 0.557617188, 0.55078125
vb0[684]+020 TEXCOORD2: 0.516113281, 0.514160156
vb0[684]+000 TEXCOORD3: 0.972549021, 0.717647076, 0.788235307, 0.235294119
vb0[684]+028 TANGENT: 0.291338593, 0, -0.96062994, 1

vb0[685]+000 POSITION: -0.568847656, 1.13769531, -0.172485352, 1
vb0[685]+008 NORMAL: 0.637795269, -0.740157485, 0.196850389, 0
vb0[685]+000 COLOR: 0.552941203, 0.721568644, 0.552941203, 0.235294119
vb0[685]+012 TEXCOORD: 0.796875, 0.860839844
vb0[685]+016 TEXCOORD1: 0.571777344, 0.563476563
vb0[685]+020 TEXCOORD2: 0.522460938, 0.51953125
vb0[685]+000 TEXCOORD3: 0.552941203, 0.721568644, 0.552941203, 0.235294119
vb0[685]+028 TANGENT: 0.291338593, 0, -0.96062994, 1

vb0[686]+000 POSITION: -0.480957031, 1.19628906, -0.19921875, 1
vb0[686]+008 NORMAL: 0.527559042, -0.826771677, 0.22047244, 0
vb0[686]+000 COLOR: 0.698039234, 0.717647076, 0.788235307, 0.235294119
vb0[686]+012 TEXCOORD: 0.8125, 0.893066406
vb0[686]+016 TEXCOORD1: 0.552246094, 0.556640625
vb0[686]+020 TEXCOORD2: 0.514648438, 0.515625
vb0[686]+000 TEXCOORD3: 0.698039234, 0.717647076, 0.788235307, 0.235294119
vb0[686]+028 TANGENT: 0.385826766, 0, -0.92125982, 1

vb0[687]+000 POSITION: -0.549316406, 1.13769531, -0.227416992, 1
vb0[687]+008 NORMAL: 0.622047246, -0.740157485, 0.259842515, 0
vb0[687]+000 COLOR: 0.396078438, 0.721568644, 0.552941203, 0.235294119
vb0[687]+012 TEXCOORD: 0.8125, 0.860839844
vb0[687]+016 TEXCOORD1: 0.564941406, 0.5703125
vb0[687]+020 TEXCOORD2: 0.520019531, 0.521972656
vb0[687]+000 TEXCOORD3: 0.396078438, 0.721568644, 0.552941203, 0.235294119
vb0[687]+028 TANGENT: 0.385826766, 0, -0.92125982, 1

vb0[688]+000 POSITION: -0.649902344, 1.06835938, -0.129272461, 1
vb0[688]+008 NORMAL: 0.740157485, -0.653543293, 0.149606302, 0
vb0[688]+000 COLOR: 0.200000003, 0.725490212, 0.274509817, 0.235294119
vb0[688]+012 TEXCOORD: 0.78125, 0.82421875
vb0[688]+016 TEXCOORD1: 0.592773438, 0.566894531
vb0[688]+020 TEXCOORD2: 0.532714844, 0.5234375
vb0[688]+000 TEXCOORD3: 0.200000003, 0.725490212, 0.274509817, 0.235294119
vb0[688]+028 TANGENT: 0.196850389, 0, -0.984251976, 1

vb0[689]+000 POSITION: -0.659179688, 1.06835938, -0.0649414063, 1
vb0[689]+008 NORMAL: 0.755905509, -0.653543293, 0.0708661452, 0
vb0[689]+000 COLOR: 0.274509817, 0.725490212, 0.274509817, 0.235294119
vb0[689]+012 TEXCOORD: 0.765625, 0.82421875
vb0[689]+016 TEXCOORD1: 0.599121094, 0.557128906
vb0[689]+020 TEXCOORD2: 0.53515625, 0.51953125
vb0[689]+000 TEXCOORD3: 0.274509817, 0.725490212, 0.274509817, 0.235294119
vb0[689]+028 TANGENT: 0.0944881886, 0, -0.992125988, 1

vb0[690]+000 POSITION: -0.524414063, 1.13769531, -0.280273438, 1
vb0[690]+008 NORMAL: 0.590551198, -0.740157485, 0.314960629, 0
vb0[690]+000 COLOR: 0.196078435, 0.721568644, 0.552941203, 0.235294119
vb0[690]+012 TEXCOORD: 0.828125, 0.860839844
vb0[690]+016 TEXCOORD1: 0.557128906, 0.576171875
vb0[690]+020 TEXCOORD2: 0.517578125, 0.523925781
vb0[690]+000 TEXCOORD3: 0.196078435, 0.721568644, 0.552941203, 0.235294119
vb0[690]+028 TANGENT: 0.472440958, 0, -0.88188976, 1

vb0[691]+000 POSITION: -0.720703125, 0.985839844, -0.0709838867, 1
vb0[691]+008 NORMAL: 0.834645689, -0.551181078, 0.0787401572, 0
vb0[691]+000 COLOR: 0.768627465, 0.725490212, 0.890196085, 0.23137255
vb0[691]+012 TEXCOORD: 0.765625, 0.778808594
vb0[691]+016 TEXCOORD1: 0.614746094, 0.56640625
vb0[691]+020 TEXCOORD2: 0.545898438, 0.526367188
vb0[691]+000 TEXCOORD3: 0.768627465, 0.725490212, 0.890196085, 0.23137255
vb0[691]+028 TANGENT: 0.0944881886, 0, -0.992125988, 1

vb0[692]+000 POSITION: -0.778808594, 0.889160156, 2.2958874e-41, 1
vb0[692]+008 NORMAL: 0.897637784, -0.44094488, 0, 0
vb0[692]+000 COLOR: 0.23137255, 0.729411781, 0.113725491, 0.23137255
vb0[692]+012 TEXCOORD: 0.75, 0.718261719
vb0[692]+016 TEXCOORD1: 0.63671875, 0.562011719
vb0[692]+020 TEXCOORD2: 0.562988281, 0.528320313
vb0[692]+000 TEXCOORD3: 0.23137255, 0.729411781, 0.113725491, 0.23137255
vb0[692]+028 TANGENT: 0, 0, -1, 1

vb0[693]+000 POSITION: -0.724121094, 0.985839844, 4.59177481e-41, 1
vb0[693]+008 NORMAL: 0.834645689, -0.551181078, 0, 0
vb0[693]+000 COLOR: 0.796078444, 0.725490212, 0.890196085, 0.23137255
vb0[693]+012 TEXCOORD: 0.75, 0.778808594
vb0[693]+016 TEXCOORD1: 0.62109375, 0.5546875
vb0[693]+020 TEXCOORD2: 0.548828125, 0.521484375
vb0[693]+000 TEXCOORD3: 0.796078444, 0.725490212, 0.890196085, 0.23137255
vb0[693]+028 TANGENT: 0, 0, -1, 1

vb0[694]+000 POSITION: -0.775390625, 0.889160156, 0.0763549805, 1
vb0[694]+008 NORMAL: 0.889763772, -0.44094488, -0.0866141766, 0
vb0[694]+000 COLOR: 0.203921571, 0.729411781, 0.113725491, 0.23137255
vb0[694]+012 TEXCOORD: 0.734375, 0.718261719
vb0[694]+016 TEXCOORD1: 0.642578125, 0.547851563
vb0[694]+020 TEXCOORD2: 0.565429688, 0.521484375
vb0[694]+000 TEXCOORD3: 0.203921571, 0.729411781, 0.113725491, 0.23137255
vb0[694]+028 TANGENT: -0.0944881886, 0, -0.992125988, 1

vb0[695]+000 POSITION: -0.764160156, 0.889160156, 0.151977539, 1
vb0[695]+008 NORMAL: 0.88188976, -0.44094488, -0.173228353, 0
vb0[695]+000 COLOR: 0.113725491, 0.729411781, 0.113725491, 0.23137255
vb0[695]+012 TEXCOORD: 0.71875, 0.718261719
vb0[695]+016 TEXCOORD1: 0.646484375, 0.533203125
vb0[695]+020 TEXCOORD2: 0.567382813, 0.514648438
vb0[695]+000 TEXCOORD3: 0.113725491, 0.729411781, 0.113725491, 0.23137255
vb0[695]+028 TANGENT: -0.196850389, 0, -0.984251976, 1

vb0[696]+000 POSITION: -0.720703125, 0.985839844, 0.0709838867, 1
vb0[696]+008 NORMAL: 0.834645689, -0.551181078, -0.0787401572, 0
vb0[696]+000 COLOR: 0.768627465, 0.725490212, 0.890196085, 0.23137255
vb0[696]+012 TEXCOORD: 0.734375, 0.778808594
vb0[696]+016 TEXCOORD1: 0.625976563, 0.541992188
vb0[696]+020 TEXCOORD2: 0.55078125, 0.516113281
vb0[696]+000 TEXCOORD3: 0.768627465, 0.725490212, 0.890196085, 0.23137255
vb0[696]+028 TANGENT: -0.0944881886, 0, -0.992125988, 1

vb0[697]+000 POSITION: -0.710449219, 0.985839844, 0.141235352, 1
vb0[697]+008 NORMAL: 0.818897665, -0.551181078, -0.165354326, 0
vb0[697]+000 COLOR: 0.686274529, 0.725490212, 0.890196085, 0.23137255
vb0[697]+012 TEXCOORD: 0.71875, 0.778808594
vb0[697]+016 TEXCOORD1: 0.629882813, 0.529296875
vb0[697]+020 TEXCOORD2: 0.552246094, 0.510742188
vb0[697]+000 TEXCOORD3: 0.686274529, 0.725490212, 0.890196085, 0.23137255
vb0[697]+028 TANGENT: -0.196850389, 0, -0.984251976, 1

vb0[698]+000 POSITION: -0.649902344, 1.06835938, 0.129272461, 1
vb0[698]+008 NORMAL: 0.740157485, -0.653543293, -0.149606302, 0
vb0[698]+000 COLOR: 0.200000003, 0.725490212, 0.274509817, 0.235294119
vb0[698]+012 TEXCOORD: 0.71875, 0.82421875
vb0[698]+016 TEXCOORD1: 0.612304688, 0.524902344
vb0[698]+020 TEXCOORD2: 0.540039063, 0.5078125
vb0[698]+000 TEXCOORD3: 0.200000003, 0.725490212, 0.274509817, 0.235294119
vb0[698]+028 TANGENT: -0.196850389, 0, -0.984251976, 1

vb0[699]+000 POSITION: -0.659179688, 1.06835938, 0.0649414063, 1
vb0[699]+008 NORMAL: 0.755905509, -0.653543293, -0.0708661452, 0
vb0[699]+000 COLOR: 0.274509817, 0.725490212, 0.274509817, 0.235294119
vb0[699]+012 TEXCOORD: 0.734375, 0.82421875
vb0[699]+016 TEXCOORD1: 0.608886719, 0.536132813
vb0[699]+020 TEXCOORD2: 0.5390625, 0.51171875
vb0[699]+000 TEXCOORD3: 0.274509817, 0.725490212, 0.274509817, 0.235294119
vb0[699]+028 TANGENT: -0.0944881886, 0, -0.992125988, 1

vb0[700]+000 POSITION: -0.662597656, 1.06835938, 4.59177481e-41, 1
vb0[700]+008 NORMAL: 0.755905509, -0.653543293, 0, 0
vb0[700]+000 COLOR: 0.301960796, 0.725490212, 0.274509817, 0.235294119
vb0[700]+012 TEXCOORD: 0.75, 0.82421875
vb0[700]+016 TEXCOORD1: 0.604492188, 0.546875
vb0[700]+020 TEXCOORD2: 0.537109375, 0.516113281
vb0[700]+000 TEXCOORD3: 0.301960796, 0.725490212, 0.274509817, 0.235294119
vb0[700]+028 TANGENT: 0, 0, -1, 1

vb0[701]+000 POSITION: -0.745605469, 0.889160156, 0.226196289, 1
vb0[701]+008 NORMAL: 0.858267725, -0.44094488, -0.259842515, 0
vb0[701]+000 COLOR: 0.968627453, 0.725490212, 0.113725491, 0.23137255
vb0[701]+012 TEXCOORD: 0.703125, 0.718261719
vb0[701]+016 TEXCOORD1: 0.649414063, 0.518554688
vb0[701]+020 TEXCOORD2: 0.568847656, 0.5078125
vb0[701]+000 TEXCOORD3: 0.968627453, 0.725490212, 0.113725491, 0.23137255
vb0[701]+028 TANGENT: -0.291338593, 0, -0.96062994, 1

vb0[702]+000 POSITION: -0.692871094, 0.985839844, 0.210205078, 1
vb0[702]+008 NORMAL: 0.803149581, -0.551181078, -0.244094491, 0
vb0[702]+000 COLOR: 0.545098066, 0.725490212, 0.890196085, 0.23137255
vb0[702]+012 TEXCOORD: 0.703125, 0.778808594
vb0[702]+016 TEXCOORD1: 0.632324219, 0.516113281
vb0[702]+020 TEXCOORD2: 0.553222656, 0.505371094
vb0[702]+000 TEXCOORD3: 0.545098066, 0.725490212, 0.890196085, 0.23137255
vb0[702]+028 TANGENT: -0.291338593, 0, -0.96062994, 1

vb0[703]+000 POSITION: -0.633789063, 1.06835938, 0.192260742, 1
vb0[703]+008 NORMAL: 0.724409461, -0.653543293, -0.22047244, 0
vb0[703]+000 COLOR: 0.0705882385, 0.725490212, 0.274509817, 0.235294119
vb0[703]+012 TEXCOORD: 0.703125, 0.82421875
vb0[703]+016 TEXCOORD1: 0.614746094, 0.513671875
vb0[703]+020 TEXCOORD2: 0.541015625, 0.503417969
vb0[703]+000 TEXCOORD3: 0.0705882385, 0.725490212, 0.274509817, 0.235294119
vb0[703]+028 TANGENT: -0.291338593, 0, -0.96062994, 1

vb0[704]+000 POSITION: -0.568847656, 1.13769531, 0.172485352, 1
vb0[704]+008 NORMAL: 0.637795269, -0.740157485, -0.196850389, 0
vb0[704]+000 COLOR: 0.552941203, 0.721568644, 0.552941203, 0.235294119
vb0[704]+012 TEXCOORD: 0.703125, 0.860839844
vb0[704]+016 TEXCOORD1: 0.595703125, 0.510742188
vb0[704]+020 TEXCOORD2: 0.530761719, 0.501953125
vb0[704]+000 TEXCOORD3: 0.552941203, 0.721568644, 0.552941203, 0.235294119
vb0[704]+028 TANGENT: -0.291338593, 0, -0.96062994, 1

vb0[705]+000 POSITION: -0.480957031, 1.19628906, 0.19921875, 1
vb0[705]+008 NORMAL: 0.527559042, -0.826771677, -0.22047244, 0
vb0[705]+000 COLOR: 0.698039234, 0.717647076, 0.788235307, 0.235294119
vb0[705]+012 TEXCOORD: 0.6875, 0.893066406
vb0[705]+016 TEXCOORD1: 0.578125, 0.500488281
vb0[705]+020 TEXCOORD2: 0.522949219, 0.498291016
vb0[705]+000 TEXCOORD3: 0.698039234, 0.717647076, 0.788235307, 0.235294119
vb0[705]+028 TANGENT: -0.385826766, 0, -0.92125982, 1

vb0[706]+000 POSITION: -0.549316406, 1.13769531, 0.227416992, 1
vb0[706]+008 NORMAL: 0.622047246, -0.740157485, -0.259842515, 0
vb0[706]+000 COLOR: 0.396078438, 0.721568644, 0.552941203, 0.235294119
vb0[706]+012 TEXCOORD: 0.6875, 0.860839844
vb0[706]+016 TEXCOORD1: 0.596679688, 0.501464844
vb0[706]+020 TEXCOORD2: 0.53125, 0.498779297
vb0[706]+000 TEXCOORD3: 0.396078438, 0.721568644, 0.552941203, 0.235294119
vb0[706]+028 TANGENT: -0.385826766, 0, -0.92125982, 1

vb0[707]+000 POSITION: -0.407958984, 1.24316406, 0.169067383, 1
vb0[707]+008 NORMAL: 0.425196856, -0.889763772, -0.173228353, 0
vb0[707]+000 COLOR: 0.529411793, 0.713725507, 0.97647059, 0.235294119
vb0[707]+012 TEXCOORD: 0.6875, 0.919921875
vb0[707]+016 TEXCOORD1: 0.560546875, 0.499755859
vb0[707]+020 TEXCOORD2: 0.516113281, 0.498046875
vb0[707]+000 TEXCOORD3: 0.529411793, 0.713725507, 0.97647059, 0.235294119
vb0[707]+028 TANGENT: -0.385826766, 0, -0.92125982, 1

vb0[708]+000 POSITION: -0.331298828, 1.28125, 0.137207031, 1
vb0[708]+008 NORMAL: 0.346456707, -0.929133832, -0.14173229, 0
vb0[708]+000 COLOR: 0.301960796, 0.709803939, 0.125490203, 0.239215687
vb0[708]+012 TEXCOORD: 0.6875, 0.942382813
vb0[708]+016 TEXCOORD1: 0.544433594, 0.499023438
vb0[708]+020 TEXCOORD2: 0.511230469, 0.497802734
vb0[708]+000 TEXCOORD3: 0.301960796, 0.709803939, 0.125490203, 0.239215687
vb0[708]+028 TANGENT: -0.385826766, 0, -0.92125982, 1

vb0[709]+000 POSITION: -0.251220703, 1.31152344, 0.104064941, 1
vb0[709]+008 NORMAL: 0.267716527, -0.96062994, -0.11023622, 0
vb0[709]+000 COLOR: 0.0196078438, 0.70588237, 0.247058824, 0.239215687
vb0[709]+012 TEXCOORD: 0.6875, 0.960449219
vb0[709]+016 TEXCOORD1: 0.530273438, 0.498291016
vb0[709]+020 TEXCOORD2: 0.507324219, 0.497558594
vb0[709]+000 TEXCOORD3: 0.0196078438, 0.70588237, 0.247058824, 0.239215687
vb0[709]+028 TANGENT: -0.385826766, 0, -0.92125982, 1

vb0[710]+000 POSITION: -0.316162109, 1.28125, 0.169067383, 1
vb0[710]+008 NORMAL: 0.330708653, -0.929133832, -0.173228353, 0
vb0[710]+000 COLOR: 0.0588235296, 0.709803939, 0.125490203, 0.239215687
vb0[710]+012 TEXCOORD: 0.671875, 0.942382813
vb0[710]+016 TEXCOORD1: 0.544433594, 0.494384766
vb0[710]+020 TEXCOORD2: 0.511230469, 0.496337891
vb0[710]+000 TEXCOORD3: 0.0588235296, 0.709803939, 0.125490203, 0.239215687
vb0[710]+028 TANGENT: -0.472440958, 0, -0.88188976, 1

vb0[711]+000 POSITION: -0.239868164, 1.31152344, 0.128173828, 1
vb0[711]+008 NORMAL: 0.251968503, -0.96062994, -0.133858263, 0
vb0[711]+000 COLOR: 0.678431392, 0.701960802, 0.247058824, 0.239215687
vb0[711]+012 TEXCOORD: 0.671875, 0.960449219
vb0[711]+016 TEXCOORD1: 0.530273438, 0.495117188
vb0[711]+020 TEXCOORD2: 0.507324219, 0.496582031
vb0[711]+000 TEXCOORD3: 0.678431392, 0.701960802, 0.247058824, 0.239215687
vb0[711]+028 TANGENT: -0.472440958, 0, -0.88188976, 1

vb0[712]+000 POSITION: -0.168823242, 1.33398438, 0.0699462891, 1
vb0[712]+008 NORMAL: 0.188976377, -0.976377964, -0.0787401572, 0
vb0[712]+000 COLOR: 0.403921574, 0.694117665, 0.337254912, 0.239215687
vb0[712]+012 TEXCOORD: 0.6875, 0.977050781
vb0[712]+016 TEXCOORD1: 0.517578125, 0.497802734
vb0[712]+020 TEXCOORD2: 0.503417969, 0.497314453
vb0[712]+000 TEXCOORD3: 0.403921574, 0.694117665, 0.337254912, 0.239215687
vb0[712]+028 TANGENT: -0.385826766, 0, -0.92125982, 1

vb0[713]+000 POSITION: -0.0866088867, 1.34765625, 0.0358886719, 1
vb0[713]+008 NORMAL: 0.11023622, -0.992125988, -0.0314960629, 0
vb0[713]+000 COLOR: 0.545098066, 0.678431392, 0.392156869, 0.239215687
vb0[713]+012 TEXCOORD: 0.6875, 0.989746094
vb0[713]+016 TEXCOORD1: 0.507324219, 0.497314453
vb0[713]+020 TEXCOORD2: 0.500488281, 0.497070313
vb0[713]+000 TEXCOORD3: 0.545098066, 0.678431392, 0.392156869, 0.239215687
vb0[713]+028 TANGENT: -0.377952754, -0.00787401572, -0.92125982, 1

vb0[714]+000 POSITION: -0.0495300293, 1.3515625, 0.0205230713, 1
vb0[714]+008 NORMAL: 0.0314960629, -1, 0, 0
vb0[714]+000 COLOR: 0.34117648, 0.666666687, 0.407843143, 0.239215687
vb0[714]+012 TEXCOORD: 0.6875, 0.997070313
vb0[714]+016 TEXCOORD1: 0.502929688, 0.497314453
vb0[714]+020 TEXCOORD2: 0.499267578, 0.497070313
vb0[714]+000 TEXCOORD3: 0.34117648, 0.666666687, 0.407843143, 0.239215687
vb0[714]+028 TANGENT: -0.385826766, -0.0157480314, -0.92125982, 1

vb0[715]+000 POSITION: -0.0554199219, 1.35058594, 0.0262145996, 1
vb0[715]+008 NORMAL: 0.05511811, -1, -0.00787401572, 0
vb0[715]+000 COLOR: 0.0941176489, 0.670588255, 0.403921574, 0.239215687
vb0[715]+012 TEXCOORD: 0.6796875, 0.993652344
vb0[715]+016 TEXCOORD1: 0.50390625, 0.497070313
vb0[715]+020 TEXCOORD2: 0.499511719, 0.497070313
vb0[715]+000 TEXCOORD3: 0.0941176489, 0.670588255, 0.403921574, 0.239215687
vb0[715]+028 TANGENT: -0.425196856, -0.0157480314, -0.905511796, 1

vb0[716]+000 POSITION: 1.60712118e-40, 1.35449219, 1.03314933e-40, 1
vb0[716]+008 NORMAL: 0, -1, 0, 0
vb0[716]+000 COLOR: 0.0549019612, 0, 0.419607848, 0.239215687
vb0[716]+012 TEXCOORD: 0.703125, 1
vb0[716]+016 TEXCOORD1: 0.497802734, 0.497070313
vb0[716]+020 TEXCOORD2: 0.497802734, 0.497070313
vb0[716]+000 TEXCOORD3: 0.0549019612, 0, 0.419607848, 0.239215687
vb0[716]+028 TANGENT: -0.291338593, 0, -0.96062994, 1

vb0[717]+000 POSITION: -0.0827026367, 1.34765625, 0.0441894531, 1
vb0[717]+008 NORMAL: 0.102362208, -0.992125988, -0.0472440943, 0
vb0[717]+000 COLOR: 0.294117659, 0.678431392, 0.392156869, 0.239215687
vb0[717]+012 TEXCOORD: 0.671875, 0.989746094
vb0[717]+016 TEXCOORD1: 0.507324219, 0.496582031
vb0[717]+020 TEXCOORD2: 0.500488281, 0.496826172
vb0[717]+000 TEXCOORD3: 0.294117659, 0.678431392, 0.392156869, 0.239215687
vb0[717]+028 TANGENT: -0.472440958, -0.00787401572, -0.88188976, 1

vb0[718]+000 POSITION: -0.161254883, 1.33398438, 0.0861816406, 1
vb0[718]+008 NORMAL: 0.181102365, -0.976377964, -0.0944881886, 0
vb0[718]+000 COLOR: 0.160784319, 0.694117665, 0.337254912, 0.239215687
vb0[718]+012 TEXCOORD: 0.671875, 0.977050781
vb0[718]+016 TEXCOORD1: 0.517578125, 0.495849609
vb0[718]+020 TEXCOORD2: 0.503417969, 0.496826172
vb0[718]+000 TEXCOORD3: 0.160784319, 0.694117665, 0.337254912, 0.239215687
vb0[718]+028 TANGENT: -0.472440958, 0, -0.88188976, 1

vb0[719]+000 POSITION: -0.0473022461, 1.3515625, 0.0252838135, 1
vb0[719]+008 NORMAL: 0.0314960629, -1, 0, 0
vb0[719]+000 COLOR: 0.0549019612, 0.666666687, 0.407843143, 0.239215687
vb0[719]+012 TEXCOORD: 0.671875, 0.997070313
vb0[719]+016 TEXCOORD1: 0.502929688, 0.496826172
vb0[719]+020 TEXCOORD2: 0.499267578, 0.496826172
vb0[719]+000 TEXCOORD3: 0.0549019612, 0.666666687, 0.407843143, 0.239215687
vb0[719]+028 TANGENT: -0.472440958, -0.0157480314, -0.88188976, 1

vb0[720]+000 POSITION: 1.60712118e-40, 1.35449219, 1.03314933e-40, 1
vb0[720]+008 NORMAL: 0, -1, 0, 0
vb0[720]+000 COLOR: 0.0549019612, 0, 0.419607848, 0.239215687
vb0[720]+012 TEXCOORD: 0.6875, 1
vb0[720]+016 TEXCOORD1: 0.497802734, 0.497070313
vb0[720]+020 TEXCOORD2: 0.497802734, 0.497070313
vb0[720]+000 TEXCOORD3: 0.0549019612, 0, 0.419607848, 0.239215687
vb0[720]+028 TANGENT: -0.425196856, 0, -0.905511796, 1

vb0[721]+000 POSITION: -0.0525817871, 1.35058594, 0.0315246582, 1
vb0[721]+008 NORMAL: 0.05511811, -1, -0.0236220472, 0
vb0[721]+000 COLOR: 0.733333349, 0.666666687, 0.403921574, 0.239215687
vb0[721]+012 TEXCOORD: 0.6640625, 0.993652344
vb0[721]+016 TEXCOORD1: 0.50390625, 0.496337891
vb0[721]+020 TEXCOORD2: 0.499511719, 0.496826172
vb0[721]+000 TEXCOORD3: 0.733333349, 0.666666687, 0.403921574, 0.239215687
vb0[721]+028 TANGENT: -0.511811018, -0.00787401572, -0.858267725, 1

vb0[722]+000 POSITION: -0.226196289, 1.31152344, 0.151123047, 1
vb0[722]+008 NORMAL: 0.244094491, -0.96062994, -0.157480314, 0
vb0[722]+000 COLOR: 0.239215687, 0.701960802, 0.247058824, 0.239215687
vb0[722]+012 TEXCOORD: 0.65625, 0.960449219
vb0[722]+016 TEXCOORD1: 0.529785156, 0.491943359
vb0[722]+020 TEXCOORD2: 0.507324219, 0.495605469
vb0[722]+000 TEXCOORD3: 0.239215687, 0.701960802, 0.247058824, 0.239215687
vb0[722]+028 TANGENT: -0.55905509, 0, -0.834645689, 1

vb0[723]+000 POSITION: -0.151977539, 1.33398438, 0.1015625, 1
vb0[723]+008 NORMAL: 0.165354326, -0.976377964, -0.11023622, 0
vb0[723]+000 COLOR: 0.866666675, 0.690196097, 0.337254912, 0.239215687
vb0[723]+012 TEXCOORD: 0.65625, 0.977050781
vb0[723]+016 TEXCOORD1: 0.517578125, 0.493896484
vb0[723]+020 TEXCOORD2: 0.503417969, 0.49609375
vb0[723]+000 TEXCOORD3: 0.866666675, 0.690196097, 0.337254912, 0.239215687
vb0[723]+028 TANGENT: -0.55905509, 0, -0.834645689, 1

vb0[724]+000 POSITION: -0.0779418945, 1.34765625, 0.0520935059, 1
vb0[724]+008 NORMAL: 0.0944881886, -0.992125988, -0.0629921257, 0
vb0[724]+000 COLOR: 0.992156863, 0.674509823, 0.392156869, 0.239215687
vb0[724]+012 TEXCOORD: 0.65625, 0.989746094
vb0[724]+016 TEXCOORD1: 0.507324219, 0.495605469
vb0[724]+020 TEXCOORD2: 0.500488281, 0.496582031
vb0[724]+000 TEXCOORD3: 0.992156863, 0.674509823, 0.392156869, 0.239215687
vb0[724]+028 TANGENT: -0.55905509, 0, -0.834645689, 1

vb0[725]+000 POSITION: -0.0445861816, 1.3515625, 0.029800415, 1
vb0[725]+008 NORMAL: 0.0314960629, -1, -0.00787401572, 0
vb0[725]+000 COLOR: 0.709803939, 0.662745118, 0.407843143, 0.239215687
vb0[725]+012 TEXCOORD: 0.65625, 0.997070313
vb0[725]+016 TEXCOORD1: 0.502929688, 0.49609375
vb0[725]+020 TEXCOORD2: 0.499267578, 0.496826172
vb0[725]+000 TEXCOORD3: 0.709803939, 0.662745118, 0.407843143, 0.239215687
vb0[725]+028 TANGENT: -0.55905509, -0.00787401572, -0.834645689, 1

vb0[726]+000 POSITION: -0.0492248535, 1.35058594, 0.036529541, 1
vb0[726]+008 NORMAL: 0.05511811, -1, -0.0393700786, 0
vb0[726]+000 COLOR: 0.301960796, 0.666666687, 0.403921574, 0.239215687
vb0[726]+012 TEXCOORD: 0.6484375, 0.993652344
vb0[726]+016 TEXCOORD1: 0.50390625, 0.495849609
vb0[726]+020 TEXCOORD2: 0.499511719, 0.496582031
vb0[726]+000 TEXCOORD3: 0.301960796, 0.666666687, 0.403921574, 0.239215687
vb0[726]+028 TANGENT: -0.59842521, 0, -0.803149581, 1

vb0[727]+000 POSITION: -0.141235352, 1.33398438, 0.115966797, 1
vb0[727]+008 NORMAL: 0.157480314, -0.976377964, -0.125984251, 0
vb0[727]+000 COLOR: 0.521568656, 0.690196097, 0.337254912, 0.239215687
vb0[727]+012 TEXCOORD: 0.640625, 0.977050781
vb0[727]+016 TEXCOORD1: 0.517089844, 0.491943359
vb0[727]+020 TEXCOORD2: 0.503417969, 0.495605469
vb0[727]+000 TEXCOORD3: 0.521568656, 0.690196097, 0.337254912, 0.239215687
vb0[727]+028 TANGENT: -0.637795269, 0, -0.771653533, 1

vb0[728]+000 POSITION: -0.210205078, 1.31152344, 0.172485352, 1
vb0[728]+008 NORMAL: 0.22047244, -0.96062994, -0.181102365, 0
vb0[728]+000 COLOR: 0.729411781, 0.698039234, 0.247058824, 0.239215687
vb0[728]+012 TEXCOORD: 0.640625, 0.960449219
vb0[728]+016 TEXCOORD1: 0.529296875, 0.489013672
vb0[728]+020 TEXCOORD2: 0.506835938, 0.494873047
vb0[728]+000 TEXCOORD3: 0.729411781, 0.698039234, 0.247058824, 0.239215687
vb0[728]+028 TANGENT: -0.637795269, 0, -0.771653533, 1

vb0[729]+000 POSITION: -0.0724487305, 1.34765625, 0.0594787598, 1
vb0[729]+008 NORMAL: 0.0866141766, -0.992125988, -0.0708661452, 0
vb0[729]+000 COLOR: 0.639215708, 0.674509823, 0.392156869, 0.239215687
vb0[729]+012 TEXCOORD: 0.640625, 0.989746094
vb0[729]+016 TEXCOORD1: 0.506835938, 0.494628906
vb0[729]+020 TEXCOORD2: 0.500488281, 0.496337891
vb0[729]+000 TEXCOORD3: 0.639215708, 0.674509823, 0.392156869, 0.239215687
vb0[729]+028 TANGENT: -0.637795269, 0, -0.771653533, 1

vb0[730]+000 POSITION: -0.0414428711, 1.3515625, 0.0340270996, 1
vb0[730]+008 NORMAL: 0.0314960629, -1, -0.00787401572, 0
vb0[730]+000 COLOR: 0.305882365, 0.662745118, 0.407843143, 0.239215687
vb0[730]+012 TEXCOORD: 0.640625, 0.997070313
vb0[730]+016 TEXCOORD1: 0.502929688, 0.495605469
vb0[730]+020 TEXCOORD2: 0.499267578, 0.496582031
vb0[730]+000 TEXCOORD3: 0.305882365, 0.662745118, 0.407843143, 0.239215687
vb0[730]+028 TANGENT: -0.637795269, -0.00787401572, -0.771653533, 1

vb0[731]+000 POSITION: 1.60712118e-40, 1.35449219, 1.03314933e-40, 1
vb0[731]+008 NORMAL: 0, -1, 0, 0
vb0[731]+000 COLOR: 0.0549019612, 0, 0.419607848, 0.239215687
vb0[731]+012 TEXCOORD: 0.671875, 1
vb0[731]+016 TEXCOORD1: 0.497802734, 0.497070313
vb0[731]+020 TEXCOORD2: 0.497802734, 0.497070313
vb0[731]+000 TEXCOORD3: 0.0549019612, 0, 0.419607848, 0.239215687
vb0[731]+028 TANGENT: -0.55905509, 0, -0.834645689, 1

vb0[732]+000 POSITION: -0.0454101563, 1.35058594, 0.0411682129, 1
vb0[732]+008 NORMAL: 0.0472440943, -1, -0.0393700786, 0
vb0[732]+000 COLOR: 0.815686285, 0.662745118, 0.403921574, 0.239215687
vb0[732]+012 TEXCOORD: 0.6328125, 0.993652344
vb0[732]+016 TEXCOORD1: 0.503417969, 0.495117188
vb0[732]+020 TEXCOORD2: 0.499511719, 0.496582031
vb0[732]+000 TEXCOORD3: 0.815686285, 0.662745118, 0.403921574, 0.239215687
vb0[732]+028 TANGENT: -0.669291317, 0, -0.740157485, 1

vb0[733]+000 POSITION: -0.0662841797, 1.34765625, 0.0662841797, 1
vb0[733]+008 NORMAL: 0.0787401572, -0.992125988, -0.0787401572, 0
vb0[733]+000 COLOR: 0.243137255, 0.674509823, 0.392156869, 0.239215687
vb0[733]+012 TEXCOORD: 0.625, 0.989746094
vb0[733]+016 TEXCOORD1: 0.506835938, 0.493652344
vb0[733]+020 TEXCOORD2: 0.500488281, 0.49609375
vb0[733]+000 TEXCOORD3: 0.243137255, 0.674509823, 0.392156869, 0.239215687
vb0[733]+028 TANGENT: -0.708661437, 0, -0.708661437, 1

vb0[734]+000 POSITION: -0.129272461, 1.33398438, 0.129272461, 1
vb0[734]+008 NORMAL: 0.14173229, -0.976377964, -0.14173229, 0
vb0[734]+000 COLOR: 0.137254909, 0.690196097, 0.337254912, 0.239215687
vb0[734]+012 TEXCOORD: 0.625, 0.977050781
vb0[734]+016 TEXCOORD1: 0.516601563, 0.490234375
vb0[734]+020 TEXCOORD2: 0.503417969, 0.495117188
vb0[734]+000 TEXCOORD3: 0.137254909, 0.690196097, 0.337254912, 0.239215687
vb0[734]+028 TANGENT: -0.708661437, 0, -0.708661437, 1

vb0[735]+000 POSITION: -0.0379333496, 1.3515625, 0.0379333496, 1
vb0[735]+008 NORMAL: 0.0157480314, -1, -0.0157480314, 0
vb0[735]+000 COLOR: 0.858823538, 0.65882355, 0.407843143, 0.239215687
vb0[735]+012 TEXCOORD: 0.625, 0.997070313
vb0[735]+016 TEXCOORD1: 0.502929688, 0.495117188
vb0[735]+020 TEXCOORD2: 0.499267578, 0.496582031
vb0[735]+000 TEXCOORD3: 0.858823538, 0.65882355, 0.407843143, 0.239215687
vb0[735]+028 TANGENT: -0.708661437, 0, -0.708661437, 1

vb0[736]+000 POSITION: 1.60712118e-40, 1.35449219, 1.03314933e-40, 1
vb0[736]+008 NORMAL: 0, -1, 0, 0
vb0[736]+000 COLOR: 0.0549019612, 0, 0.419607848, 0.239215687
vb0[736]+012 TEXCOORD: 0.640625, 1
vb0[736]+016 TEXCOORD1: 0.497802734, 0.497070313
vb0[736]+020 TEXCOORD2: 0.497802734, 0.497070313
vb0[736]+000 TEXCOORD3: 0.0549019612, 0, 0.419607848, 0.239215687
vb0[736]+028 TANGENT: -0.669291317, 0, -0.740157485, 1

vb0[737]+000 POSITION: -0.0411682129, 1.35058594, 0.0454101563, 1
vb0[737]+008 NORMAL: 0.0393700786, -1, -0.0472440943, 0
vb0[737]+000 COLOR: 0.270588249, 0.662745118, 0.403921574, 0.239215687
vb0[737]+012 TEXCOORD: 0.6171875, 0.993652344
vb0[737]+016 TEXCOORD1: 0.503417969, 0.494628906
vb0[737]+020 TEXCOORD2: 0.499267578, 0.496337891
vb0[737]+000 TEXCOORD3: 0.270588249, 0.662745118, 0.403921574, 0.239215687
vb0[737]+028 TANGENT: -0.740157485, 0, -0.669291317, 1

vb0[738]+000 POSITION: -0.192260742, 1.31152344, 0.192260742, 1
vb0[738]+008 NORMAL: 0.204724416, -0.96062994, -0.204724416, 0
vb0[738]+000 COLOR: 0.152941182, 0.698039234, 0.247058824, 0.239215687
vb0[738]+012 TEXCOORD: 0.625, 0.960449219
vb0[738]+016 TEXCOORD1: 0.528320313, 0.485839844
vb0[738]+020 TEXCOORD2: 0.506835938, 0.493896484
vb0[738]+000 TEXCOORD3: 0.152941182, 0.698039234, 0.247058824, 0.239215687
vb0[738]+028 TANGENT: -0.708661437, 0, -0.708661437, 1

vb0[739]+000 POSITION: -0.253417969, 1.28125, 0.253417969, 1
vb0[739]+008 NORMAL: 0.259842515, -0.929133832, -0.259842515, 0
vb0[739]+000 COLOR: 0.0549019612, 0.70588237, 0.125490203, 0.239215687
vb0[739]+012 TEXCOORD: 0.625, 0.942382813
vb0[739]+016 TEXCOORD1: 0.541503906, 0.480957031
vb0[739]+020 TEXCOORD2: 0.510742188, 0.492431641
vb0[739]+000 TEXCOORD3: 0.0549019612, 0.70588237, 0.125490203, 0.239215687
vb0[739]+028 TANGENT: -0.708661437, 0, -0.708661437, 1

vb0[740]+000 POSITION: -0.277099609, 1.28125, 0.227416992, 1
vb0[740]+008 NORMAL: 0.291338593, -0.929133832, -0.236220479, 0
vb0[740]+000 COLOR: 0.435294122, 0.70588237, 0.125490203, 0.239215687
vb0[740]+012 TEXCOORD: 0.640625, 0.942382813
vb0[740]+016 TEXCOORD1: 0.54296875, 0.485351563
vb0[740]+020 TEXCOORD2: 0.510742188, 0.493896484
vb0[740]+000 TEXCOORD3: 0.435294122, 0.70588237, 0.125490203, 0.239215687
vb0[740]+028 TANGENT: -0.637795269, 0, -0.771653533, 1

vb0[741]+000 POSITION: -0.298095703, 1.28125, 0.19921875, 1
vb0[741]+008 NORMAL: 0.307086617, -0.929133832, -0.204724416, 0
vb0[741]+000 COLOR: 0.772549033, 0.70588237, 0.125490203, 0.239215687
vb0[741]+012 TEXCOORD: 0.65625, 0.942382813
vb0[741]+016 TEXCOORD1: 0.543945313, 0.489746094
vb0[741]+020 TEXCOORD2: 0.511230469, 0.495117188
vb0[741]+000 TEXCOORD3: 0.772549033, 0.70588237, 0.125490203, 0.239215687
vb0[741]+028 TANGENT: -0.55905509, 0, -0.834645689, 1

vb0[742]+000 POSITION: -0.341308594, 1.24316406, 0.280273438, 1
vb0[742]+008 NORMAL: 0.354330719, -0.889763772, -0.291338593, 0
vb0[742]+000 COLOR: 0.4627451, 0.709803939, 0.97647059, 0.235294119
vb0[742]+012 TEXCOORD: 0.640625, 0.919921875
vb0[742]+016 TEXCOORD1: 0.55859375, 0.481445313
vb0[742]+020 TEXCOORD2: 0.515625, 0.492675781
vb0[742]+000 TEXCOORD3: 0.4627451, 0.709803939, 0.97647059, 0.235294119
vb0[742]+028 TANGENT: -0.637795269, 0, -0.771653533, 1

vb0[743]+000 POSITION: -0.312255859, 1.24316406, 0.312255859, 1
vb0[743]+008 NORMAL: 0.322834641, -0.889763772, -0.322834641, 0
vb0[743]+000 COLOR: 1, 0.70588237, 0.97647059, 0.235294119
vb0[743]+012 TEXCOORD: 0.625, 0.919921875
vb0[743]+016 TEXCOORD1: 0.556640625, 0.475585938
vb0[743]+020 TEXCOORD2: 0.515136719, 0.490966797
vb0[743]+000 TEXCOORD3: 1, 0.70588237, 0.97647059, 0.235294119
vb0[743]+028 TANGENT: -0.708661437, 0, -0.708661437, 1

vb0[744]+000 POSITION: -0.172485352, 1.31152344, 0.210205078, 1
vb0[744]+008 NORMAL: 0.181102365, -0.96062994, -0.22047244, 0
vb0[744]+000 COLOR: 0.521568656, 0.694117665, 0.247058824, 0.239215687
vb0[744]+012 TEXCOORD: 0.609375, 0.960449219
vb0[744]+016 TEXCOORD1: 0.526855469, 0.482910156
vb0[744]+020 TEXCOORD2: 0.506347656, 0.492919922
vb0[744]+000 TEXCOORD3: 0.521568656, 0.694117665, 0.247058824, 0.239215687
vb0[744]+028 TANGENT: -0.771653533, 0, -0.637795269, 1

vb0[745]+000 POSITION: -0.227416992, 1.28125, 0.277099609, 1
vb0[745]+008 NORMAL: 0.236220479, -0.929133832, -0.291338593, 0
vb0[745]+000 COLOR: 0.278431386, 0.701960802, 0.125490203, 0.239215687
vb0[745]+012 TEXCOORD: 0.609375, 0.942382813
vb0[745]+016 TEXCOORD1: 0.540039063, 0.476806641
vb0[745]+020 TEXCOORD2: 0.509765625, 0.491210938
vb0[745]+000 TEXCOORD3: 0.278431386, 0.701960802, 0.125490203, 0.239215687
vb0[745]+028 TANGENT: -0.771653533, 0, -0.637795269, 1

vb0[746]+000 POSITION: -0.115966797, 1.33398438, 0.141235352, 1
vb0[746]+008 NORMAL: 0.125984251, -0.976377964, -0.157480314, 0
vb0[746]+000 COLOR: 0.423529416, 0.686274529, 0.337254912, 0.239215687
vb0[746]+012 TEXCOORD: 0.609375, 0.977050781
vb0[746]+016 TEXCOORD1: 0.515625, 0.48828125
vb0[746]+020 TEXCOORD2: 0.502929688, 0.494628906
vb0[746]+000 TEXCOORD3: 0.423529416, 0.686274529, 0.337254912, 0.239215687
vb0[746]+028 TANGENT: -0.771653533, 0, -0.637795269, 1

vb0[747]+000 POSITION: -0.0594787598, 1.34765625, 0.0724487305, 1
vb0[747]+008 NORMAL: 0.0708661452, -0.992125988, -0.0866141766, 0
vb0[747]+000 COLOR: 0.615686297, 0.670588255, 0.392156869, 0.239215687
vb0[747]+012 TEXCOORD: 0.609375, 0.989746094
vb0[747]+016 TEXCOORD1: 0.506347656, 0.492919922
vb0[747]+020 TEXCOORD2: 0.5, 0.495849609
vb0[747]+000 TEXCOORD3: 0.615686297, 0.670588255, 0.392156869, 0.239215687
vb0[747]+028 TANGENT: -0.771653533, 0, -0.637795269, 1

vb0[748]+000 POSITION: -0.1015625, 1.33398438, 0.151977539, 1
vb0[748]+008 NORMAL: 0.11023622, -0.976377964, -0.165354326, 0
vb0[748]+000 COLOR: 0.501960814, 0.68235296, 0.337254912, 0.239215687
vb0[748]+012 TEXCOORD: 0.59375, 0.977050781
vb0[748]+016 TEXCOORD1: 0.515136719, 0.486572266
vb0[748]+020 TEXCOORD2: 0.502929688, 0.494140625
vb0[748]+000 TEXCOORD3: 0.501960814, 0.68235296, 0.337254912, 0.239215687
vb0[748]+028 TANGENT: -0.834645689, 0, -0.55905509, 1

vb0[749]+000 POSITION: -0.151123047, 1.31152344, 0.226196289, 1
vb0[749]+008 NORMAL: 0.157480314, -0.96062994, -0.244094491, 0
vb0[749]+000 COLOR: 0.839215696, 0.690196097, 0.247058824, 0.239215687
vb0[749]+012 TEXCOORD: 0.59375, 0.960449219
vb0[749]+016 TEXCOORD1: 0.525390625, 0.480224609
vb0[749]+020 TEXCOORD2: 0.505859375, 0.4921875
vb0[749]+000 TEXCOORD3: 0.839215696, 0.690196097, 0.247058824, 0.239215687
vb0[749]+028 TANGENT: -0.834645689, 0, -0.55905509, 1

vb0[750]+000 POSITION: -0.0520935059, 1.34765625, 0.0779418945, 1
vb0[750]+008 NORMAL: 0.0629921257, -0.992125988, -0.0944881886, 0
vb0[750]+000 COLOR: 0.670588255, 0.666666687, 0.392156869, 0.239215687
vb0[750]+012 TEXCOORD: 0.59375, 0.989746094
vb0[750]+016 TEXCOORD1: 0.505859375, 0.4921875
vb0[750]+020 TEXCOORD2: 0.5, 0.495605469
vb0[750]+000 TEXCOORD3: 0.670588255, 0.666666687, 0.392156869, 0.239215687
vb0[750]+028 TANGENT: -0.834645689, 0, -0.55905509, 1

vb0[751]+000 POSITION: -0.036529541, 1.35058594, 0.0492248535, 1
vb0[751]+008 NORMAL: 0.0393700786, -1, -0.05511811, 0
vb0[751]+000 COLOR: 0.678431392, 0.65882355, 0.403921574, 0.239215687
vb0[751]+012 TEXCOORD: 0.6015625, 0.993652344
vb0[751]+016 TEXCOORD1: 0.502929688, 0.494140625
vb0[751]+020 TEXCOORD2: 0.499267578, 0.49609375
vb0[751]+000 TEXCOORD3: 0.678431392, 0.65882355, 0.403921574, 0.239215687
vb0[751]+028 TANGENT: -0.803149581, 0, -0.59842521, 1

vb0[752]+000 POSITION: -0.0340270996, 1.3515625, 0.0414428711, 1
vb0[752]+008 NORMAL: 0.00787401572, -1, -0.0314960629, 0
vb0[752]+000 COLOR: 0.356862754, 0.65882355, 0.407843143, 0.239215687
vb0[752]+012 TEXCOORD: 0.609375, 0.997070313
vb0[752]+016 TEXCOORD1: 0.502441406, 0.494628906
vb0[752]+020 TEXCOORD2: 0.499023438, 0.496337891
vb0[752]+000 TEXCOORD3: 0.356862754, 0.65882355, 0.407843143, 0.239215687
vb0[752]+028 TANGENT: -0.771653533, 0.00787401572, -0.637795269, 1

vb0[753]+000 POSITION: -0.0297851563, 1.3515625, 0.0445861816, 1
vb0[753]+008 NORMAL: 0.00787401572, -1, -0.0314960629, 0
vb0[753]+000 COLOR: 0.627451003, 0.654901981, 0.407843143, 0.239215687
vb0[753]+012 TEXCOORD: 0.59375, 0.997070313
vb0[753]+016 TEXCOORD1: 0.502441406, 0.494140625
vb0[753]+020 TEXCOORD2: 0.499023438, 0.496337891
vb0[753]+000 TEXCOORD3: 0.627451003, 0.654901981, 0.407843143, 0.239215687
vb0[753]+028 TANGENT: -0.834645689, 0.00787401572, -0.55905509, 1

vb0[754]+000 POSITION: 1.60712118e-40, 1.35449219, 1.03314933e-40, 1
vb0[754]+008 NORMAL: 0, -1, 0, 0
vb0[754]+000 COLOR: 0.0549019612, 0, 0.419607848, 0.239215687
vb0[754]+012 TEXCOORD: 0.625, 1
vb0[754]+016 TEXCOORD1: 0.497802734, 0.497070313
vb0[754]+020 TEXCOORD2: 0.497802734, 0.497070313
vb0[754]+000 TEXCOORD3: 0.0549019612, 0, 0.419607848, 0.239215687
vb0[754]+028 TANGENT: -0.771653533, 0, -0.637795269, 1

vb0[755]+000 POSITION: -0.0315246582, 1.35058594, 0.0525817871, 1
vb0[755]+008 NORMAL: 0.0236220472, -1, -0.05511811, 0
vb0[755]+000 COLOR: 0.0352941193, 0.65882355, 0.403921574, 0.239215687
vb0[755]+012 TEXCOORD: 0.5859375, 0.993652344
vb0[755]+016 TEXCOORD1: 0.502929688, 0.493652344
vb0[755]+020 TEXCOORD2: 0.499267578, 0.49609375
vb0[755]+000 TEXCOORD3: 0.0352941193, 0.65882355, 0.403921574, 0.239215687
vb0[755]+028 TANGENT: -0.858267725, 0.00787401572, -0.511811018, 1

vb0[756]+000 POSITION: -0.0441894531, 1.34765625, 0.0827026367, 1
vb0[756]+008 NORMAL: 0.0472440943, -0.992125988, -0.102362208, 0
vb0[756]+000 COLOR: 0.65882355, 0.662745118, 0.392156869, 0.239215687
vb0[756]+012 TEXCOORD: 0.578125, 0.989746094
vb0[756]+016 TEXCOORD1: 0.505371094, 0.491210938
vb0[756]+020 TEXCOORD2: 0.5, 0.495361328
vb0[756]+000 TEXCOORD3: 0.65882355, 0.662745118, 0.392156869, 0.239215687
vb0[756]+028 TANGENT: -0.88188976, 0.00787401572, -0.472440958, 1

vb0[757]+000 POSITION: -0.0861816406, 1.33398438, 0.161254883, 1
vb0[757]+008 NORMAL: 0.0944881886, -0.976377964, -0.181102365, 0
vb0[757]+000 COLOR: 0.517647088, 0.678431392, 0.337254912, 0.239215687
vb0[757]+012 TEXCOORD: 0.578125, 0.977050781
vb0[757]+016 TEXCOORD1: 0.513671875, 0.484863281
vb0[757]+020 TEXCOORD2: 0.502441406, 0.493652344
vb0[757]+000 TEXCOORD3: 0.517647088, 0.678431392, 0.337254912, 0.239215687
vb0[757]+028 TANGENT: -0.88188976, 0, -0.472440958, 1

vb0[758]+000 POSITION: -0.0252838135, 1.3515625, 0.0473022461, 1
vb0[758]+008 NORMAL: 0, -1, -0.0314960629, 0
vb0[758]+000 COLOR: 0.474509805, 0.650980413, 0.407843143, 0.239215687
vb0[758]+012 TEXCOORD: 0.578125, 0.997070313
vb0[758]+016 TEXCOORD1: 0.501953125, 0.493896484
vb0[758]+020 TEXCOORD2: 0.499023438, 0.49609375
vb0[758]+000 TEXCOORD3: 0.474509805, 0.650980413, 0.407843143, 0.239215687
vb0[758]+028 TANGENT: -0.88188976, 0.0157480314, -0.472440958, 1

vb0[759]+000 POSITION: -0.0262145996, 1.35058594, 0.0554199219, 1
vb0[759]+008 NORMAL: 0.00787401572, -1, -0.05511811, 0
vb0[759]+000 COLOR: 0.713725507, 0.650980413, 0.403921574, 0.239215687
vb0[759]+012 TEXCOORD: 0.5703125, 0.993652344
vb0[759]+016 TEXCOORD1: 0.502441406, 0.493164063
vb0[759]+020 TEXCOORD2: 0.499023438, 0.495849609
vb0[759]+000 TEXCOORD3: 0.713725507, 0.650980413, 0.403921574, 0.239215687
vb0[759]+028 TANGENT: -0.905511796, 0.0157480314, -0.425196856, 1

vb0[760]+000 POSITION: -0.128173828, 1.31152344, 0.239868164, 1
vb0[760]+008 NORMAL: 0.133858263, -0.96062994, -0.251968503, 0
vb0[760]+000 COLOR: 0.101960786, 0.690196097, 0.247058824, 0.239215687
vb0[760]+012 TEXCOORD: 0.578125, 0.960449219
vb0[760]+016 TEXCOORD1: 0.523925781, 0.477539063
vb0[760]+020 TEXCOORD2: 0.505371094, 0.491455078
vb0[760]+000 TEXCOORD3: 0.101960786, 0.690196097, 0.247058824, 0.239215687
vb0[760]+028 TANGENT: -0.88188976, 0, -0.472440958, 1

vb0[761]+000 POSITION: -0.19921875, 1.28125, 0.298095703, 1
vb0[761]+008 NORMAL: 0.204724416, -0.929133832, -0.307086617, 0
vb0[761]+000 COLOR: 0.376470596, 0.698039234, 0.125490203, 0.239215687
vb0[761]+012 TEXCOORD: 0.59375, 0.942382813
vb0[761]+016 TEXCOORD1: 0.537597656, 0.47265625
vb0[761]+020 TEXCOORD2: 0.509277344, 0.490234375
vb0[761]+000 TEXCOORD3: 0.376470596, 0.698039234, 0.125490203, 0.239215687
vb0[761]+028 TANGENT: -0.834645689, 0, -0.55905509, 1

vb0[762]+000 POSITION: -0.169067383, 1.28125, 0.316162109, 1
vb0[762]+008 NORMAL: 0.173228353, -0.929133832, -0.330708653, 0
vb0[762]+000 COLOR: 0.411764711, 0.694117665, 0.125490203, 0.239215687
vb0[762]+012 TEXCOORD: 0.578125, 0.942382813
vb0[762]+016 TEXCOORD1: 0.53515625, 0.468994141
vb0[762]+020 TEXCOORD2: 0.508789063, 0.489013672
vb0[762]+000 TEXCOORD3: 0.411764711, 0.694117665, 0.125490203, 0.239215687
vb0[762]+028 TANGENT: -0.88188976, 0, -0.472440958, 1

vb0[763]+000 POSITION: -0.0699462891, 1.33398438, 0.168823242, 1
vb0[763]+008 NORMAL: 0.0787401572, -0.976377964, -0.188976377, 0
vb0[763]+000 COLOR: 0.478431374, 0.674509823, 0.337254912, 0.239215687
vb0[763]+012 TEXCOORD: 0.5625, 0.977050781
vb0[763]+016 TEXCOORD1: 0.512695313, 0.483398438
vb0[763]+020 TEXCOORD2: 0.501953125, 0.493164063
vb0[763]+000 TEXCOORD3: 0.478431374, 0.674509823, 0.337254912, 0.239215687
vb0[763]+028 TANGENT: -0.92125982, 0, -0.385826766, 1

vb0[764]+000 POSITION: -0.104064941, 1.31152344, 0.251220703, 1
vb0[764]+008 NORMAL: 0.11023622, -0.96062994, -0.267716527, 0
vb0[764]+000 COLOR: 0.662745118, 0.68235296, 0.247058824, 0.239215687
vb0[764]+012 TEXCOORD: 0.5625, 0.960449219
vb0[764]+016 TEXCOORD1: 0.521484375, 0.475097656
vb0[764]+020 TEXCOORD2: 0.504882813, 0.490722656
vb0[764]+000 TEXCOORD3: 0.662745118, 0.68235296, 0.247058824, 0.239215687
vb0[764]+028 TANGENT: -0.92125982, 0, -0.385826766, 1

vb0[765]+000 POSITION: -0.0358886719, 1.34765625, 0.0866088867, 1
vb0[765]+008 NORMAL: 0.0314960629, -0.992125988, -0.11023622, 0
vb0[765]+000 COLOR: 0.596078455, 0.65882355, 0.392156869, 0.239215687
vb0[765]+012 TEXCOORD: 0.5625, 0.989746094
vb0[765]+016 TEXCOORD1: 0.504882813, 0.490478516
vb0[765]+020 TEXCOORD2: 0.499755859, 0.495117188
vb0[765]+000 TEXCOORD3: 0.596078455, 0.65882355, 0.392156869, 0.239215687
vb0[765]+028 TANGENT: -0.92125982, 0.00787401572, -0.377952754, 1

vb0[766]+000 POSITION: -0.0205230713, 1.3515625, 0.0495300293, 1
vb0[766]+008 NORMAL: 0, -1, -0.0314960629, 0
vb0[766]+000 COLOR: 0.254901975, 0.647058845, 0.407843143, 0.239215687
vb0[766]+012 TEXCOORD: 0.5625, 0.997070313
vb0[766]+016 TEXCOORD1: 0.501464844, 0.493408203
vb0[766]+020 TEXCOORD2: 0.498779297, 0.49609375
vb0[766]+000 TEXCOORD3: 0.254901975, 0.647058845, 0.407843143, 0.239215687
vb0[766]+028 TANGENT: -0.92125982, 0.0157480314, -0.385826766, 1

vb0[767]+000 POSITION: 1.60712118e-40, 1.35449219, 1.03314933e-40, 1
vb0[767]+008 NORMAL: 0, -1, 0, 0
vb0[767]+000 COLOR: 0.0549019612, 0, 0.419607848, 0.239215687
vb0[767]+012 TEXCOORD: 0.59375, 1
vb0[767]+016 TEXCOORD1: 0.497802734, 0.497070313
vb0[767]+020 TEXCOORD2: 0.497802734, 0.497070313
vb0[767]+000 TEXCOORD3: 0.0549019612, 0, 0.419607848, 0.239215687
vb0[767]+028 TANGENT: -0.88188976, 0, -0.472440958, 1

vb0[768]+000 POSITION: -0.0206451416, 1.35058594, 0.0577087402, 1
vb0[768]+008 NORMAL: 0, -1, -0.0629921257, 0
vb0[768]+000 COLOR: 0.286274523, 0.647058845, 0.403921574, 0.239215687
vb0[768]+012 TEXCOORD: 0.5546875, 0.993652344
vb0[768]+016 TEXCOORD1: 0.501953125, 0.492675781
vb0[768]+020 TEXCOORD2: 0.499023438, 0.495849609
vb0[768]+000 TEXCOORD3: 0.286274523, 0.647058845, 0.403921574, 0.239215687
vb0[768]+028 TANGENT: -0.944881916, 0.0236220472, -0.338582665, 1

vb0[769]+000 POSITION: -0.0272064209, 1.34765625, 0.0897216797, 1
vb0[769]+008 NORMAL: 0.0157480314, -0.992125988, -0.11023622, 0
vb0[769]+000 COLOR: 0.968627453, 0.650980413, 0.392156869, 0.239215687
vb0[769]+012 TEXCOORD: 0.546875, 0.989746094
vb0[769]+016 TEXCOORD1: 0.50390625, 0.489990234
vb0[769]+020 TEXCOORD2: 0.499511719, 0.495117188
vb0[769]+000 TEXCOORD3: 0.968627453, 0.650980413, 0.392156869, 0.239215687
vb0[769]+028 TANGENT: -0.96062994, 0.0157480314, -0.291338593, 1

vb0[770]+000 POSITION: -0.0530700684, 1.33398438, 0.174926758, 1
vb0[770]+008 NORMAL: 0.05511811, -0.976377964, -0.196850389, 0
vb0[770]+000 COLOR: 0.796078444, 0.666666687, 0.337254912, 0.239215687
vb0[770]+012 TEXCOORD: 0.546875, 0.977050781
vb0[770]+016 TEXCOORD1: 0.511230469, 0.482177734
vb0[770]+020 TEXCOORD2: 0.501464844, 0.492675781
vb0[770]+000 TEXCOORD3: 0.796078444, 0.666666687, 0.337254912, 0.239215687
vb0[770]+028 TANGENT: -0.96062994, 0, -0.291338593, 1

vb0[771]+000 POSITION: -0.0155639648, 1.3515625, 0.0513305664, 1
vb0[771]+008 NORMAL: 0, -1, -0.0314960629, 0
vb0[771]+000 COLOR: 0.972549021, 0.639215708, 0.407843143, 0.239215687
vb0[771]+012 TEXCOORD: 0.546875, 0.997070313
vb0[771]+016 TEXCOORD1: 0.501464844, 0.493164063
vb0[771]+020 TEXCOORD2: 0.498779297, 0.495849609
vb0[771]+000 TEXCOORD3: 0.972549021, 0.639215708, 0.407843143, 0.239215687
vb0[771]+028 TANGENT: -0.96062994, 0.00787401572, -0.291338593, 1

vb0[772]+000 POSITION: 1.60712118e-40, 1.35449219, 1.03314933e-40, 1
vb0[772]+008 NORMAL: 0, -1, 0, 0
vb0[772]+000 COLOR: 0.0549019612, 0, 0.419607848, 0.239215687
vb0[772]+012 TEXCOORD: 0.5625, 1
vb0[772]+016 TEXCOORD1: 0.497802734, 0.497070313
vb0[772]+020 TEXCOORD2: 0.497802734, 0.497070313
vb0[772]+000 TEXCOORD3: 0.0549019612, 0, 0.419607848, 0.239215687
vb0[772]+028 TANGENT: -0.944881916, 0, -0.338582665, 1

vb0[773]+000 POSITION: -0.0148925781, 1.35058594, 0.0594482422, 1
vb0[773]+008 NORMAL: 0, -1, -0.0629921257, 0
vb0[773]+000 COLOR: 0.627451003, 0.639215708, 0.403921574, 0.239215687
vb0[773]+012 TEXCOORD: 0.5390625, 0.993652344
vb0[773]+016 TEXCOORD1: 0.501464844, 0.4921875
vb0[773]+020 TEXCOORD2: 0.498779297, 0.495605469
vb0[773]+000 TEXCOORD3: 0.627451003, 0.639215708, 0.403921574, 0.239215687
vb0[773]+028 TANGENT: -0.968503952, 0.0157480314, -0.244094491, 1

vb0[774]+000 POSITION: -0.0789794922, 1.31152344, 0.260253906, 1
vb0[774]+008 NORMAL: 0.0866141766, -0.96062994, -0.275590539, 0
vb0[774]+000 COLOR: 0.0549019612, 0.678431392, 0.247058824, 0.239215687
vb0[774]+012 TEXCOORD: 0.546875, 0.960449219
vb0[774]+016 TEXCOORD1: 0.51953125, 0.472900391
vb0[774]+020 TEXCOORD2: 0.50390625, 0.489990234
vb0[774]+000 TEXCOORD3: 0.0549019612, 0.678431392, 0.247058824, 0.239215687
vb0[774]+028 TANGENT: -0.96062994, 0, -0.291338593, 1

vb0[775]+000 POSITION: -0.137207031, 1.28125, 0.331298828, 1
vb0[775]+008 NORMAL: 0.14173229, -0.929133832, -0.346456707, 0
vb0[775]+000 COLOR: 0.392156869, 0.690196097, 0.125490203, 0.239215687
vb0[775]+012 TEXCOORD: 0.5625, 0.942382813
vb0[775]+016 TEXCOORD1: 0.532226563, 0.465332031
vb0[775]+020 TEXCOORD2: 0.5078125, 0.488037109
vb0[775]+000 TEXCOORD3: 0.392156869, 0.690196097, 0.125490203, 0.239215687
vb0[775]+028 TANGENT: -0.92125982, 0, -0.385826766, 1

vb0[776]+000 POSITION: -0.245361328, 1.24316406, 0.3671875, 1
vb0[776]+008 NORMAL: 0.259842515, -0.889763772, -0.385826766, 0
vb0[776]+000 COLOR: 0.854901969, 0.701960802, 0.97647059, 0.235294119
vb0[776]+012 TEXCOORD: 0.59375, 0.919921875
vb0[776]+016 TEXCOORD1: 0.551269531, 0.464355469
vb0[776]+020 TEXCOORD2: 0.513671875, 0.487548828
vb0[776]+000 TEXCOORD3: 0.854901969, 0.701960802, 0.97647059, 0.235294119
vb0[776]+028 TANGENT: -0.834645689, 0, -0.55905509, 1

vb0[777]+000 POSITION: -0.208251953, 1.24316406, 0.389404297, 1
vb0[777]+008 NORMAL: 0.22047244, -0.889763772, -0.409448832, 0
vb0[777]+000 COLOR: 0.666666687, 0.698039234, 0.97647059, 0.235294119
vb0[777]+012 TEXCOORD: 0.578125, 0.919921875
vb0[777]+016 TEXCOORD1: 0.547851563, 0.459228516
vb0[777]+020 TEXCOORD2: 0.512695313, 0.486083984
vb0[777]+000 TEXCOORD3: 0.666666687, 0.698039234, 0.97647059, 0.235294119
vb0[777]+028 TANGENT: -0.88188976, 0, -0.472440958, 1

vb0[778]+000 POSITION: -0.289306641, 1.19628906, 0.432861328, 1
vb0[778]+008 NORMAL: 0.314960629, -0.826771677, -0.472440958, 0
vb0[778]+000 COLOR: 0.631372571, 0.70588237, 0.788235307, 0.235294119
vb0[778]+012 TEXCOORD: 0.59375, 0.893066406
vb0[778]+016 TEXCOORD1: 0.56640625, 0.455322266
vb0[778]+020 TEXCOORD2: 0.51953125, 0.484130859
vb0[778]+000 TEXCOORD3: 0.631372571, 0.70588237, 0.788235307, 0.235294119
vb0[778]+028 TANGENT: -0.834645689, 0, -0.55905509, 1

vb0[779]+000 POSITION: -0.280273438, 1.24316406, 0.341308594, 1
vb0[779]+008 NORMAL: 0.291338593, -0.889763772, -0.354330719, 0
vb0[779]+000 COLOR: 0.486274511, 0.70588237, 0.97647059, 0.235294119
vb0[779]+012 TEXCOORD: 0.609375, 0.919921875
vb0[779]+016 TEXCOORD1: 0.554199219, 0.469726563
vb0[779]+020 TEXCOORD2: 0.514648438, 0.489257813
vb0[779]+000 TEXCOORD3: 0.486274511, 0.70588237, 0.97647059, 0.235294119
vb0[779]+028 TANGENT: -0.771653533, 0, -0.637795269, 1

vb0[780]+000 POSITION: -0.330322266, 1.19628906, 0.40234375, 1
vb0[780]+008 NORMAL: 0.362204731, -0.826771677, -0.44094488, 0
vb0[780]+000 COLOR: 0.286274523, 0.709803939, 0.788235307, 0.235294119
vb0[780]+012 TEXCOORD: 0.609375, 0.893066406
vb0[780]+016 TEXCOORD1: 0.5703125, 0.462158203
vb0[780]+020 TEXCOORD2: 0.520507813, 0.486328125
vb0[780]+000 TEXCOORD3: 0.286274523, 0.709803939, 0.788235307, 0.235294119
vb0[780]+028 TANGENT: -0.771653533, 0, -0.637795269, 1

vb0[781]+000 POSITION: -0.368164063, 1.19628906, 0.368164063, 1
vb0[781]+008 NORMAL: 0.40157479, -0.826771677, -0.40157479, 0
vb0[781]+000 COLOR: 0.894117653, 0.709803939, 0.788235307, 0.235294119
vb0[781]+012 TEXCOORD: 0.625, 0.893066406
vb0[781]+016 TEXCOORD1: 0.573242188, 0.469482422
vb0[781]+020 TEXCOORD2: 0.521484375, 0.488525391
vb0[781]+000 TEXCOORD3: 0.894117653, 0.709803939, 0.788235307, 0.235294119
vb0[781]+028 TANGENT: -0.708661437, 0, -0.708661437, 1

vb0[782]+000 POSITION: -0.40234375, 1.19628906, 0.330322266, 1
vb0[782]+008 NORMAL: 0.44094488, -0.826771677, -0.362204731, 0
vb0[782]+000 COLOR: 0.43921569, 0.713725507, 0.788235307, 0.235294119
vb0[782]+012 TEXCOORD: 0.640625, 0.893066406
vb0[782]+016 TEXCOORD1: 0.575683594, 0.477050781
vb0[782]+020 TEXCOORD2: 0.521972656, 0.490966797
vb0[782]+000 TEXCOORD3: 0.43921569, 0.713725507, 0.788235307, 0.235294119
vb0[782]+028 TANGENT: -0.637795269, 0, -0.771653533, 1

vb0[783]+000 POSITION: -0.432861328, 1.19628906, 0.289306641, 1
vb0[783]+008 NORMAL: 0.472440958, -0.826771677, -0.314960629, 0
vb0[783]+000 COLOR: 0.929411769, 0.713725507, 0.788235307, 0.235294119
vb0[783]+012 TEXCOORD: 0.65625, 0.893066406
vb0[783]+016 TEXCOORD1: 0.577148438, 0.484619141
vb0[783]+020 TEXCOORD2: 0.522460938, 0.493408203
vb0[783]+000 TEXCOORD3: 0.929411769, 0.713725507, 0.788235307, 0.235294119
vb0[783]+028 TANGENT: -0.55905509, 0, -0.834645689, 1

vb0[784]+000 POSITION: -0.3671875, 1.24316406, 0.245361328, 1
vb0[784]+008 NORMAL: 0.385826766, -0.889763772, -0.259842515, 0
vb0[784]+000 COLOR: 0.87843138, 0.709803939, 0.97647059, 0.235294119
vb0[784]+012 TEXCOORD: 0.65625, 0.919921875
vb0[784]+016 TEXCOORD1: 0.560058594, 0.487304688
vb0[784]+020 TEXCOORD2: 0.516113281, 0.494384766
vb0[784]+000 TEXCOORD3: 0.87843138, 0.709803939, 0.97647059, 0.235294119
vb0[784]+028 TANGENT: -0.55905509, 0, -0.834645689, 1

vb0[785]+000 POSITION: -0.389404297, 1.24316406, 0.208251953, 1
vb0[785]+008 NORMAL: 0.409448832, -0.889763772, -0.22047244, 0
vb0[785]+000 COLOR: 0.23137255, 0.713725507, 0.97647059, 0.235294119
vb0[785]+012 TEXCOORD: 0.671875, 0.919921875
vb0[785]+016 TEXCOORD1: 0.560546875, 0.493408203
vb0[785]+020 TEXCOORD2: 0.516113281, 0.49609375
vb0[785]+000 TEXCOORD3: 0.23137255, 0.713725507, 0.97647059, 0.235294119
vb0[785]+028 TANGENT: -0.472440958, 0, -0.88188976, 1

vb0[786]+000 POSITION: -0.458984375, 1.19628906, 0.245361328, 1
vb0[786]+008 NORMAL: 0.503937006, -0.826771677, -0.267716527, 0
vb0[786]+000 COLOR: 0.345098048, 0.717647076, 0.788235307, 0.235294119
vb0[786]+012 TEXCOORD: 0.671875, 0.893066406
vb0[786]+016 TEXCOORD1: 0.578125, 0.492431641
vb0[786]+020 TEXCOORD2: 0.522949219, 0.495849609
vb0[786]+000 TEXCOORD3: 0.345098048, 0.717647076, 0.788235307, 0.235294119
vb0[786]+028 TANGENT: -0.472440958, 0, -0.88188976, 1

vb0[787]+000 POSITION: -0.524414063, 1.13769531, 0.280273438, 1
vb0[787]+008 NORMAL: 0.590551198, -0.740157485, -0.314960629, 0
vb0[787]+000 COLOR: 0.196078435, 0.721568644, 0.552941203, 0.235294119
vb0[787]+012 TEXCOORD: 0.671875, 0.860839844
vb0[787]+016 TEXCOORD1: 0.596679688, 0.491455078
vb0[787]+020 TEXCOORD2: 0.53125, 0.495605469
vb0[787]+000 TEXCOORD3: 0.196078435, 0.721568644, 0.552941203, 0.235294119
vb0[787]+028 TANGENT: -0.472440958, 0, -0.88188976, 1

vb0[788]+000 POSITION: -0.494140625, 1.13769531, 0.330322266, 1
vb0[788]+008 NORMAL: 0.55905509, -0.740157485, -0.370078743, 0
vb0[788]+000 COLOR: 0.909803927, 0.717647076, 0.552941203, 0.235294119
vb0[788]+012 TEXCOORD: 0.65625, 0.860839844
vb0[788]+016 TEXCOORD1: 0.595703125, 0.481933594
vb0[788]+020 TEXCOORD2: 0.530761719, 0.4921875
vb0[788]+000 TEXCOORD3: 0.909803927, 0.717647076, 0.552941203, 0.235294119
vb0[788]+028 TANGENT: -0.55905509, 0, -0.834645689, 1

vb0[789]+000 POSITION: -0.459472656, 1.13769531, 0.376953125, 1
vb0[789]+008 NORMAL: 0.51968503, -0.740157485, -0.425196856, 0
vb0[789]+000 COLOR: 0.352941185, 0.717647076, 0.552941203, 0.235294119
vb0[789]+012 TEXCOORD: 0.640625, 0.860839844
vb0[789]+016 TEXCOORD1: 0.59375, 0.472412109
vb0[789]+020 TEXCOORD2: 0.530273438, 0.489013672
vb0[789]+000 TEXCOORD3: 0.352941185, 0.717647076, 0.552941203, 0.235294119
vb0[789]+028 TANGENT: -0.637795269, 0, -0.771653533, 1

vb0[790]+000 POSITION: -0.420410156, 1.13769531, 0.420410156, 1
vb0[790]+008 NORMAL: 0.472440958, -0.740157485, -0.472440958, 0
vb0[790]+000 COLOR: 0.729411781, 0.713725507, 0.552941203, 0.235294119
vb0[790]+012 TEXCOORD: 0.625, 0.860839844
vb0[790]+016 TEXCOORD1: 0.590820313, 0.463134766
vb0[790]+020 TEXCOORD2: 0.529296875, 0.485839844
vb0[790]+000 TEXCOORD3: 0.729411781, 0.713725507, 0.552941203, 0.235294119
vb0[790]+028 TANGENT: -0.708661437, 0, -0.708661437, 1

vb0[791]+000 POSITION: -0.468505859, 1.06835938, 0.468505859, 1
vb0[791]+008 NORMAL: 0.535433054, -0.653543293, -0.535433054, 0
vb0[791]+000 COLOR: 0.498039216, 0.717647076, 0.274509817, 0.235294119
vb0[791]+012 TEXCOORD: 0.625, 0.82421875
vb0[791]+016 TEXCOORD1: 0.608398438, 0.456542969
vb0[791]+020 TEXCOORD2: 0.5390625, 0.482421875
vb0[791]+000 TEXCOORD3: 0.498039216, 0.717647076, 0.274509817, 0.235294119
vb0[791]+028 TANGENT: -0.708661437, 0, -0.708661437, 1

vb0[792]+000 POSITION: -0.376953125, 1.13769531, 0.459472656, 1
vb0[792]+008 NORMAL: 0.425196856, -0.740157485, -0.51968503, 0
vb0[792]+000 COLOR: 0.0313725509, 0.713725507, 0.552941203, 0.235294119
vb0[792]+012 TEXCOORD: 0.609375, 0.860839844
vb0[792]+016 TEXCOORD1: 0.586914063, 0.454101563
vb0[792]+020 TEXCOORD2: 0.527832031, 0.482910156
vb0[792]+000 TEXCOORD3: 0.0313725509, 0.713725507, 0.552941203, 0.235294119
vb0[792]+028 TANGENT: -0.771653533, 0, -0.637795269, 1

vb0[793]+000 POSITION: -0.330322266, 1.13769531, 0.494140625, 1
vb0[793]+008 NORMAL: 0.370078743, -0.740157485, -0.55905509, 0
vb0[793]+000 COLOR: 0.286274523, 0.709803939, 0.552941203, 0.235294119
vb0[793]+012 TEXCOORD: 0.59375, 0.860839844
vb0[793]+016 TEXCOORD1: 0.58203125, 0.445556641
vb0[793]+020 TEXCOORD2: 0.526367188, 0.479980469
vb0[793]+000 TEXCOORD3: 0.286274523, 0.709803939, 0.552941203, 0.235294119
vb0[793]+028 TANGENT: -0.834645689, 0, -0.55905509, 1

vb0[794]+000 POSITION: -0.280273438, 1.13769531, 0.524414063, 1
vb0[794]+008 NORMAL: 0.314960629, -0.740157485, -0.590551198, 0
vb0[794]+000 COLOR: 0.486274511, 0.70588237, 0.552941203, 0.235294119
vb0[794]+012 TEXCOORD: 0.578125, 0.860839844
vb0[794]+016 TEXCOORD1: 0.576660156, 0.4375
vb0[794]+020 TEXCOORD2: 0.524414063, 0.477294922
vb0[794]+000 TEXCOORD3: 0.486274511, 0.70588237, 0.552941203, 0.235294119
vb0[794]+028 TANGENT: -0.88188976, 0, -0.472440958, 1

vb0[795]+000 POSITION: -0.245361328, 1.19628906, 0.458984375, 1
vb0[795]+008 NORMAL: 0.267716527, -0.826771677, -0.503937006, 0
vb0[795]+000 COLOR: 0.854901969, 0.701960802, 0.788235307, 0.235294119
vb0[795]+012 TEXCOORD: 0.578125, 0.893066406
vb0[795]+016 TEXCOORD1: 0.562011719, 0.448730469
vb0[795]+020 TEXCOORD2: 0.518066406, 0.482177734
vb0[795]+000 TEXCOORD3: 0.854901969, 0.701960802, 0.788235307, 0.235294119
vb0[795]+028 TANGENT: -0.88188976, 0, -0.472440958, 1

vb0[796]+000 POSITION: -0.420410156, 1.06835938, 0.512207031, 1
vb0[796]+008 NORMAL: 0.48031497, -0.653543293, -0.582677186, 0
vb0[796]+000 COLOR: 0.729411781, 0.713725507, 0.274509817, 0.235294119
vb0[796]+012 TEXCOORD: 0.609375, 0.82421875
vb0[796]+016 TEXCOORD1: 0.604003906, 0.446044922
vb0[796]+020 TEXCOORD2: 0.537109375, 0.478515625
vb0[796]+000 TEXCOORD3: 0.729411781, 0.713725507, 0.274509817, 0.235294119
vb0[796]+028 TANGENT: -0.771653533, 0, -0.637795269, 1

vb0[797]+000 POSITION: -0.368164063, 1.06835938, 0.55078125, 1
vb0[797]+008 NORMAL: 0.425196856, -0.653543293, -0.629921257, 0
vb0[797]+000 COLOR: 0.894117653, 0.709803939, 0.274509817, 0.235294119
vb0[797]+012 TEXCOORD: 0.59375, 0.82421875
vb0[797]+016 TEXCOORD1: 0.598144531, 0.435791016
vb0[797]+020 TEXCOORD2: 0.53515625, 0.474853516
vb0[797]+000 TEXCOORD3: 0.894117653, 0.709803939, 0.274509817, 0.235294119
vb0[797]+028 TANGENT: -0.834645689, 0, -0.55905509, 1

vb0[798]+000 POSITION: -0.512207031, 1.06835938, 0.420410156, 1
vb0[798]+008 NORMAL: 0.582677186, -0.653543293, -0.48031497, 0
vb0[798]+000 COLOR: 0.0980392173, 0.721568644, 0.274509817, 0.235294119
vb0[798]+012 TEXCOORD: 0.640625, 0.82421875
vb0[798]+016 TEXCOORD1: 0.611816406, 0.467529297
vb0[798]+020 TEXCOORD2: 0.540039063, 0.486572266
vb0[798]+000 TEXCOORD3: 0.0980392173, 0.721568644, 0.274509817, 0.235294119
vb0[798]+028 TANGENT: -0.637795269, 0, -0.771653533, 1

vb0[799]+000 POSITION: -0.55078125, 1.06835938, 0.368164063, 1
vb0[799]+008 NORMAL: 0.629921257, -0.653543293, -0.425196856, 0
vb0[799]+000 COLOR: 0.407843143, 0.721568644, 0.274509817, 0.235294119
vb0[799]+012 TEXCOORD: 0.65625, 0.82421875
vb0[799]+016 TEXCOORD1: 0.614257813, 0.479003906
vb0[799]+020 TEXCOORD2: 0.541015625, 0.490722656
vb0[799]+000 TEXCOORD3: 0.407843143, 0.721568644, 0.274509817, 0.235294119
vb0[799]+028 TANGENT: -0.55905509, 0, -0.834645689, 1

vb0[800]+000 POSITION: -0.584472656, 1.06835938, 0.312255859, 1
vb0[800]+008 NORMAL: 0.669291317, -0.653543293, -0.354330719, 0
vb0[800]+000 COLOR: 0.678431392, 0.721568644, 0.274509817, 0.235294119
vb0[800]+012 TEXCOORD: 0.671875, 0.82421875
vb0[800]+016 TEXCOORD1: 0.615234375, 0.490478516
vb0[800]+020 TEXCOORD2: 0.541503906, 0.495117188
vb0[800]+000 TEXCOORD3: 0.678431392, 0.721568644, 0.274509817, 0.235294119
vb0[800]+028 TANGENT: -0.472440958, 0, -0.88188976, 1

vb0[801]+000 POSITION: -0.560058594, 0.985839844, 0.459472656, 1
vb0[801]+008 NORMAL: 0.645669281, -0.551181078, -0.527559042, 0
vb0[801]+000 COLOR: 0.482352942, 0.721568644, 0.890196085, 0.23137255
vb0[801]+012 TEXCOORD: 0.640625, 0.778808594
vb0[801]+016 TEXCOORD1: 0.629394531, 0.463134766
vb0[801]+020 TEXCOORD2: 0.552246094, 0.483642578
vb0[801]+000 TEXCOORD3: 0.482352942, 0.721568644, 0.890196085, 0.23137255
vb0[801]+028 TANGENT: -0.637795269, 0, -0.771653533, 1

vb0[802]+000 POSITION: -0.512207031, 0.985839844, 0.512207031, 1
vb0[802]+008 NORMAL: 0.590551198, -0.551181078, -0.590551198, 0
vb0[802]+000 COLOR: 0.0980392173, 0.721568644, 0.890196085, 0.23137255
vb0[802]+012 TEXCOORD: 0.625, 0.778808594
vb0[802]+016 TEXCOORD1: 0.625488281, 0.450439453
vb0[802]+020 TEXCOORD2: 0.55078125, 0.478271484
vb0[802]+000 TEXCOORD3: 0.0980392173, 0.721568644, 0.890196085, 0.23137255
vb0[802]+028 TANGENT: -0.708661437, 0, -0.708661437, 1

vb0[803]+000 POSITION: -0.602050781, 0.985839844, 0.40234375, 1
vb0[803]+008 NORMAL: 0.692913413, -0.551181078, -0.464566916, 0
vb0[803]+000 COLOR: 0.819607854, 0.721568644, 0.890196085, 0.23137255
vb0[803]+012 TEXCOORD: 0.65625, 0.778808594
vb0[803]+016 TEXCOORD1: 0.632324219, 0.476074219
vb0[803]+020 TEXCOORD2: 0.553222656, 0.489013672
vb0[803]+000 TEXCOORD3: 0.819607854, 0.721568644, 0.890196085, 0.23137255
vb0[803]+028 TANGENT: -0.55905509, 0, -0.834645689, 1

vb0[804]+000 POSITION: -0.40234375, 0.985839844, 0.602050781, 1
vb0[804]+008 NORMAL: 0.464566916, -0.551181078, -0.692913413, 0
vb0[804]+000 COLOR: 0.43921569, 0.713725507, 0.890196085, 0.23137255
vb0[804]+012 TEXCOORD: 0.59375, 0.778808594
vb0[804]+016 TEXCOORD1: 0.613769531, 0.426269531
vb0[804]+020 TEXCOORD2: 0.545898438, 0.468261719
vb0[804]+000 TEXCOORD3: 0.43921569, 0.713725507, 0.890196085, 0.23137255
vb0[804]+028 TANGENT: -0.834645689, 0, -0.55905509, 1

vb0[805]+000 POSITION: -0.459472656, 0.985839844, 0.560058594, 1
vb0[805]+008 NORMAL: 0.527559042, -0.551181078, -0.645669281, 0
vb0[805]+000 COLOR: 0.352941185, 0.717647076, 0.890196085, 0.23137255
vb0[805]+012 TEXCOORD: 0.609375, 0.778808594
vb0[805]+016 TEXCOORD1: 0.620117188, 0.437988281
vb0[805]+020 TEXCOORD2: 0.548828125, 0.473144531
vb0[805]+000 TEXCOORD3: 0.352941185, 0.717647076, 0.890196085, 0.23137255
vb0[805]+028 TANGENT: -0.771653533, 0, -0.637795269, 1

vb0[806]+000 POSITION: -0.312255859, 1.06835938, 0.584472656, 1
vb0[806]+008 NORMAL: 0.354330719, -0.653543293, -0.669291317, 0
vb0[806]+000 COLOR: 1, 0.70588237, 0.274509817, 0.235294119
vb0[806]+012 TEXCOORD: 0.578125, 0.82421875
vb0[806]+016 TEXCOORD1: 0.591796875, 0.426269531
vb0[806]+020 TEXCOORD2: 0.532714844, 0.471191406
vb0[806]+000 TEXCOORD3: 1, 0.70588237, 0.274509817, 0.235294119
vb0[806]+028 TANGENT: -0.88188976, 0, -0.472440958, 1

vb0[807]+000 POSITION: -0.341308594, 0.985839844, 0.638671875, 1
vb0[807]+008 NORMAL: 0.393700778, -0.551181078, -0.740157485, 0
vb0[807]+000 COLOR: 0.4627451, 0.709803939, 0.890196085, 0.23137255
vb0[807]+012 TEXCOORD: 0.578125, 0.778808594
vb0[807]+016 TEXCOORD1: 0.606445313, 0.415283203
vb0[807]+020 TEXCOORD2: 0.54296875, 0.463867188
vb0[807]+000 TEXCOORD3: 0.4627451, 0.709803939, 0.890196085, 0.23137255
vb0[807]+028 TANGENT: -0.88188976, 0, -0.472440958, 1

vb0[808]+000 POSITION: -0.227416992, 1.13769531, 0.549316406, 1
vb0[808]+008 NORMAL: 0.259842515, -0.740157485, -0.622047246, 0
vb0[808]+000 COLOR: 0.278431386, 0.701960802, 0.552941203, 0.235294119
vb0[808]+012 TEXCOORD: 0.5625, 0.860839844
vb0[808]+016 TEXCOORD1: 0.570800781, 0.430175781
vb0[808]+020 TEXCOORD2: 0.522460938, 0.474609375
vb0[808]+000 TEXCOORD3: 0.278431386, 0.701960802, 0.552941203, 0.235294119
vb0[808]+028 TANGENT: -0.92125982, 0, -0.385826766, 1

vb0[809]+000 POSITION: -0.253417969, 1.06835938, 0.612304688, 1
vb0[809]+008 NORMAL: 0.291338593, -0.653543293, -0.700787425, 0
vb0[809]+000 COLOR: 0.0549019612, 0.70588237, 0.274509817, 0.235294119
vb0[809]+012 TEXCOORD: 0.5625, 0.82421875
vb0[809]+016 TEXCOORD1: 0.584472656, 0.417480469
vb0[809]+020 TEXCOORD2: 0.530273438, 0.468017578
vb0[809]+000 TEXCOORD3: 0.0549019612, 0.70588237, 0.274509817, 0.235294119
vb0[809]+028 TANGENT: -0.92125982, 0, -0.385826766, 1

vb0[810]+000 POSITION: -0.19921875, 1.19628906, 0.480957031, 1
vb0[810]+008 NORMAL: 0.22047244, -0.826771677, -0.527559042, 0
vb0[810]+000 COLOR: 0.376470596, 0.698039234, 0.788235307, 0.235294119
vb0[810]+012 TEXCOORD: 0.5625, 0.893066406
vb0[810]+016 TEXCOORD1: 0.557128906, 0.442626953
vb0[810]+020 TEXCOORD2: 0.516601563, 0.480224609
vb0[810]+000 TEXCOORD3: 0.376470596, 0.698039234, 0.788235307, 0.235294119
vb0[810]+028 TANGENT: -0.92125982, 0, -0.385826766, 1

vb0[811]+000 POSITION: -0.169067383, 1.24316406, 0.407958984, 1
vb0[811]+008 NORMAL: 0.173228353, -0.889763772, -0.425196856, 0
vb0[811]+000 COLOR: 0.411764711, 0.694117665, 0.97647059, 0.235294119
vb0[811]+012 TEXCOORD: 0.5625, 0.919921875
vb0[811]+016 TEXCOORD1: 0.543945313, 0.454589844
vb0[811]+020 TEXCOORD2: 0.51171875, 0.484619141
vb0[811]+000 TEXCOORD3: 0.411764711, 0.694117665, 0.97647059, 0.235294119
vb0[811]+028 TANGENT: -0.92125982, 0, -0.385826766, 1

vb0[812]+000 POSITION: -0.104064941, 1.28125, 0.343017578, 1
vb0[812]+008 NORMAL: 0.11023622, -0.929133832, -0.354330719, 0
vb0[812]+000 COLOR: 0.662745118, 0.68235296, 0.125490203, 0.239215687
vb0[812]+012 TEXCOORD: 0.546875, 0.942382813
vb0[812]+016 TEXCOORD1: 0.528808594, 0.462158203
vb0[812]+020 TEXCOORD2: 0.506835938, 0.487060547
vb0[812]+000 TEXCOORD3: 0.662745118, 0.68235296, 0.125490203, 0.239215687
vb0[812]+028 TANGENT: -0.96062994, 0, -0.291338593, 1

vb0[813]+000 POSITION: -0.128173828, 1.24316406, 0.422607422, 1
vb0[813]+008 NORMAL: 0.133858263, -0.889763772, -0.44094488, 0
vb0[813]+000 COLOR: 0.101960786, 0.690196097, 0.97647059, 0.235294119
vb0[813]+012 TEXCOORD: 0.546875, 0.919921875
vb0[813]+016 TEXCOORD1: 0.539550781, 0.450195313
vb0[813]+020 TEXCOORD2: 0.510253906, 0.483398438
vb0[813]+000 TEXCOORD3: 0.101960786, 0.690196097, 0.97647059, 0.235294119
vb0[813]+028 TANGENT: -0.96062994, 0, -0.291338593, 1

vb0[814]+000 POSITION: -0.151123047, 1.19628906, 0.498046875, 1
vb0[814]+008 NORMAL: 0.165354326, -0.826771677, -0.543307066, 0
vb0[814]+000 COLOR: 0.839215696, 0.690196097, 0.788235307, 0.235294119
vb0[814]+012 TEXCOORD: 0.546875, 0.893066406
vb0[814]+016 TEXCOORD1: 0.551269531, 0.437255859
vb0[814]+020 TEXCOORD2: 0.514648438, 0.478515625
vb0[814]+000 TEXCOORD3: 0.839215696, 0.690196097, 0.788235307, 0.235294119
vb0[814]+028 TANGENT: -0.96062994, 0, -0.291338593, 1

vb0[815]+000 POSITION: -0.172485352, 1.13769531, 0.568847656, 1
vb0[815]+008 NORMAL: 0.196850389, -0.740157485, -0.637795269, 0
vb0[815]+000 COLOR: 0.521568656, 0.694117665, 0.552941203, 0.235294119
vb0[815]+012 TEXCOORD: 0.546875, 0.860839844
vb0[815]+016 TEXCOORD1: 0.563476563, 0.423339844
vb0[815]+020 TEXCOORD2: 0.520019531, 0.472412109
vb0[815]+000 TEXCOORD3: 0.521568656, 0.694117665, 0.552941203, 0.235294119
vb0[815]+028 TANGENT: -0.96062994, 0, -0.291338593, 1

vb0[816]+000 POSITION: -0.192260742, 1.06835938, 0.633789063, 1
vb0[816]+008 NORMAL: 0.22047244, -0.653543293, -0.724409461, 0
vb0[816]+000 COLOR: 0.152941182, 0.698039234, 0.274509817, 0.235294119
vb0[816]+012 TEXCOORD: 0.546875, 0.82421875
vb0[816]+016 TEXCOORD1: 0.576171875, 0.409423828
vb0[816]+020 TEXCOORD2: 0.526855469, 0.46484375
vb0[816]+000 TEXCOORD3: 0.152941182, 0.698039234, 0.274509817, 0.235294119
vb0[816]+028 TANGENT: -0.96062994, 0, -0.291338593, 1

vb0[817]+000 POSITION: -0.115966797, 1.13769531, 0.583007813, 1
vb0[817]+008 NORMAL: 0.133858263, -0.740157485, -0.661417305, 0
vb0[817]+000 COLOR: 0.423529416, 0.686274529, 0.552941203, 0.235294119
vb0[817]+012 TEXCOORD: 0.53125, 0.860839844
vb0[817]+016 TEXCOORD1: 0.556152344, 0.417236328
vb0[817]+020 TEXCOORD2: 0.517578125, 0.470458984
vb0[817]+000 TEXCOORD3: 0.423529416, 0.686274529, 0.552941203, 0.235294119
vb0[817]+028 TANGENT: -0.984251976, 0, -0.196850389, 1

vb0[818]+000 POSITION: -0.1015625, 1.19628906, 0.510742188, 1
vb0[818]+008 NORMAL: 0.11023622, -0.826771677, -0.55905509, 0
vb0[818]+000 COLOR: 0.501960814, 0.68235296, 0.788235307, 0.235294119
vb0[818]+012 TEXCOORD: 0.53125, 0.893066406
vb0[818]+016 TEXCOORD1: 0.544921875, 0.432128906
vb0[818]+020 TEXCOORD2: 0.512695313, 0.477050781
vb0[818]+000 TEXCOORD3: 0.501960814, 0.68235296, 0.788235307, 0.235294119
vb0[818]+028 TANGENT: -0.984251976, 0, -0.196850389, 1

vb0[819]+000 POSITION: -0.129272461, 1.06835938, 0.649902344, 1
vb0[819]+008 NORMAL: 0.149606302, -0.653543293, -0.740157485, 0
vb0[819]+000 COLOR: 0.137254909, 0.690196097, 0.274509817, 0.235294119
vb0[819]+012 TEXCOORD: 0.53125, 0.82421875
vb0[819]+016 TEXCOORD1: 0.566894531, 0.402099609
vb0[819]+020 TEXCOORD2: 0.523925781, 0.462158203
vb0[819]+000 TEXCOORD3: 0.137254909, 0.690196097, 0.274509817, 0.235294119
vb0[819]+028 TANGENT: -0.984251976, 0, -0.196850389, 1

vb0[820]+000 POSITION: -0.0861816406, 1.24316406, 0.433105469, 1
vb0[820]+008 NORMAL: 0.0866141766, -0.889763772, -0.456692904, 0
vb0[820]+000 COLOR: 0.517647088, 0.678431392, 0.97647059, 0.235294119
vb0[820]+012 TEXCOORD: 0.53125, 0.919921875
vb0[820]+016 TEXCOORD1: 0.534667969, 0.446289063
vb0[820]+020 TEXCOORD2: 0.508789063, 0.482177734
vb0[820]+000 TEXCOORD3: 0.517647088, 0.678431392, 0.97647059, 0.235294119
vb0[820]+028 TANGENT: -0.984251976, 0, -0.196850389, 1

vb0[821]+000 POSITION: -0.0699462891, 1.28125, 0.3515625, 1
vb0[821]+008 NORMAL: 0.0708661452, -0.929133832, -0.362204731, 0
vb0[821]+000 COLOR: 0.478431374, 0.674509823, 0.125490203, 0.239215687
vb0[821]+012 TEXCOORD: 0.53125, 0.942382813
vb0[821]+016 TEXCOORD1: 0.525390625, 0.459228516
vb0[821]+020 TEXCOORD2: 0.505859375, 0.486328125
vb0[821]+000 TEXCOORD3: 0.478431374, 0.674509823, 0.125490203, 0.239215687
vb0[821]+028 TANGENT: -0.984251976, 0, -0.196850389, 1

vb0[822]+000 POSITION: -0.0530700684, 1.31152344, 0.266845703, 1
vb0[822]+008 NORMAL: 0.05511811, -0.96062994, -0.283464581, 0
vb0[822]+000 COLOR: 0.796078444, 0.666666687, 0.247058824, 0.239215687
vb0[822]+012 TEXCOORD: 0.53125, 0.960449219
vb0[822]+016 TEXCOORD1: 0.517089844, 0.470703125
vb0[822]+020 TEXCOORD2: 0.503417969, 0.489501953
vb0[822]+000 TEXCOORD3: 0.796078444, 0.666666687, 0.247058824, 0.239215687
vb0[822]+028 TANGENT: -0.984251976, 0, -0.196850389, 1

vb0[823]+000 POSITION: -0.0356445313, 1.33398438, 0.179321289, 1
vb0[823]+008 NORMAL: 0.0393700786, -0.976377964, -0.196850389, 0
vb0[823]+000 COLOR: 0.564705908, 0.65882355, 0.337254912, 0.239215687
vb0[823]+012 TEXCOORD: 0.53125, 0.977050781
vb0[823]+016 TEXCOORD1: 0.509765625, 0.480957031
vb0[823]+020 TEXCOORD2: 0.501464844, 0.492431641
vb0[823]+000 TEXCOORD3: 0.564705908, 0.65882355, 0.337254912, 0.239215687
vb0[823]+028 TANGENT: -0.984251976, 0, -0.196850389, 1

vb0[824]+000 POSITION: -0.0182952881, 1.34765625, 0.0919189453, 1
vb0[824]+008 NORMAL: 0.0157480314, -0.992125988, -0.11023622, 0
vb0[824]+000 COLOR: 0.686274529, 0.643137276, 0.392156869, 0.239215687
vb0[824]+012 TEXCOORD: 0.53125, 0.989746094
vb0[824]+016 TEXCOORD1: 0.503417969, 0.489257813
vb0[824]+020 TEXCOORD2: 0.499511719, 0.494873047
vb0[824]+000 TEXCOORD3: 0.686274529, 0.643137276, 0.392156869, 0.239215687
vb0[824]+028 TANGENT: -0.984251976, 0.00787401572, -0.196850389, 1

vb0[825]+000 POSITION: -0.0104598999, 1.3515625, 0.0525817871, 1
vb0[825]+008 NORMAL: 0, -1, -0.0393700786, 0
vb0[825]+000 COLOR: 0.356862754, 0.631372571, 0.407843143, 0.239215687
vb0[825]+012 TEXCOORD: 0.53125, 0.997070313
vb0[825]+016 TEXCOORD1: 0.500976563, 0.492675781
vb0[825]+020 TEXCOORD2: 0.498779297, 0.495849609
vb0[825]+000 TEXCOORD3: 0.356862754, 0.631372571, 0.407843143, 0.239215687
vb0[825]+028 TANGENT: -0.984251976, 0.00787401572, -0.196850389, 1

vb0[826]+000 POSITION: -0.00899505615, 1.35058594, 0.0606384277, 1
vb0[826]+008 NORMAL: 0, -1, -0.0629921257, 0
vb0[826]+000 COLOR: 0.607843161, 0.627451003, 0.403921574, 0.239215687
vb0[826]+012 TEXCOORD: 0.5234375, 0.993652344
vb0[826]+016 TEXCOORD1: 0.500976563, 0.491943359
vb0[826]+020 TEXCOORD2: 0.498779297, 0.495605469
vb0[826]+000 TEXCOORD3: 0.607843161, 0.627451003, 0.403921574, 0.239215687
vb0[826]+028 TANGENT: -0.992125988, 0.00787401572, -0.14173229, 1

vb0[827]+000 POSITION: -0.00918579102, 1.34765625, 0.0933227539, 1
vb0[827]+008 NORMAL: 0.00787401572, -0.992125988, -0.11811024, 0
vb0[827]+000 COLOR: 0.70588237, 0.627451003, 0.392156869, 0.239215687
vb0[827]+012 TEXCOORD: 0.515625, 0.989746094
vb0[827]+016 TEXCOORD1: 0.502441406, 0.488769531
vb0[827]+020 TEXCOORD2: 0.499267578, 0.494628906
vb0[827]+000 TEXCOORD3: 0.70588237, 0.627451003, 0.392156869, 0.239215687
vb0[827]+028 TANGENT: -0.992125988, 0.00787401572, -0.0944881886, 1

vb0[828]+000 POSITION: -0.0179138184, 1.33398438, 0.181884766, 1
vb0[828]+008 NORMAL: 0.0236220472, -0.976377964, -0.204724416, 0
vb0[828]+000 COLOR: 0.588235319, 0.643137276, 0.337254912, 0.239215687
vb0[828]+012 TEXCOORD: 0.515625, 0.977050781
vb0[828]+016 TEXCOORD1: 0.5078125, 0.479736328
vb0[828]+020 TEXCOORD2: 0.500976563, 0.491943359
vb0[828]+000 TEXCOORD3: 0.588235319, 0.643137276, 0.337254912, 0.239215687
vb0[828]+028 TANGENT: -0.992125988, 0, -0.0944881886, 1

vb0[829]+000 POSITION: -0.00525665283, 1.3515625, 0.0533752441, 1
vb0[829]+008 NORMAL: 0, -1, -0.0393700786, 0
vb0[829]+000 COLOR: 0.384313732, 0.615686297, 0.407843143, 0.239215687
vb0[829]+012 TEXCOORD: 0.515625, 0.997070313
vb0[829]+016 TEXCOORD1: 0.500488281, 0.492431641
vb0[829]+020 TEXCOORD2: 0.498535156, 0.495605469
vb0[829]+000 TEXCOORD3: 0.384313732, 0.615686297, 0.407843143, 0.239215687
vb0[829]+028 TANGENT: -0.992125988, 0, -0.0944881886, 1

vb0[830]+000 POSITION: 1.60712118e-40, 1.35449219, 1.03314933e-40, 1
vb0[830]+008 NORMAL: 0, -1, 0, 0
vb0[830]+000 COLOR: 0.0549019612, 0, 0.419607848, 0.239215687
vb0[830]+012 TEXCOORD: 0.546875, 1
vb0[830]+016 TEXCOORD1: 0.497802734, 0.497070313
vb0[830]+020 TEXCOORD2: 0.497802734, 0.497070313
vb0[830]+000 TEXCOORD3: 0.0549019612, 0, 0.419607848, 0.239215687
vb0[830]+028 TANGENT: -0.984251976, 0, -0.196850389, 1

vb0[831]+000 POSITION: -0.00300788879, 1.35058594, 0.0612182617, 1
vb0[831]+008 NORMAL: 0, -1, -0.0629921257, 0
vb0[831]+000 COLOR: 0.160784319, 0.603921592, 0.403921574, 0.239215687
vb0[831]+012 TEXCOORD: 0.5078125, 0.993652344
vb0[831]+016 TEXCOORD1: 0.500488281, 0.491699219
vb0[831]+020 TEXCOORD2: 0.498535156, 0.495605469
vb0[831]+000 TEXCOORD3: 0.160784319, 0.603921592, 0.403921574, 0.239215687
vb0[831]+028 TANGENT: -1, 0, -0.0472440943, 1

vb0[832]+000 POSITION: -0.0266571045, 1.31152344, 0.270751953, 1
vb0[832]+008 NORMAL: 0.0314960629, -0.96062994, -0.291338593, 0
vb0[832]+000 COLOR: 0.827450991, 0.650980413, 0.247058824, 0.239215687
vb0[832]+012 TEXCOORD: 0.515625, 0.960449219
vb0[832]+016 TEXCOORD1: 0.514160156, 0.468994141
vb0[832]+020 TEXCOORD2: 0.502441406, 0.489013672
vb0[832]+000 TEXCOORD3: 0.827450991, 0.650980413, 0.247058824, 0.239215687
vb0[832]+028 TANGENT: -0.992125988, 0, -0.0944881886, 1

vb0[833]+000 POSITION: -0.03515625, 1.28125, 0.356933594, 1
vb0[833]+008 NORMAL: 0.0393700786, -0.929133832, -0.370078743, 0
vb0[833]+000 COLOR: 0.501960814, 0.65882355, 0.125490203, 0.239215687
vb0[833]+012 TEXCOORD: 0.515625, 0.942382813
vb0[833]+016 TEXCOORD1: 0.521484375, 0.456787109
vb0[833]+020 TEXCOORD2: 0.504882813, 0.485351563
vb0[833]+000 TEXCOORD3: 0.501960814, 0.65882355, 0.125490203, 0.239215687
vb0[833]+028 TANGENT: -0.992125988, 0, -0.0944881886, 1

vb0[834]+000 POSITION: -0.0433044434, 1.24316406, 0.439453125, 1
vb0[834]+008 NORMAL: 0.0472440943, -0.889763772, -0.456692904, 0
vb0[834]+000 COLOR: 0.545098066, 0.662745118, 0.97647059, 0.235294119
vb0[834]+012 TEXCOORD: 0.515625, 0.919921875
vb0[834]+016 TEXCOORD1: 0.529785156, 0.443115234
vb0[834]+020 TEXCOORD2: 0.507324219, 0.481201172
vb0[834]+000 TEXCOORD3: 0.545098066, 0.662745118, 0.97647059, 0.235294119
vb0[834]+028 TANGENT: -0.992125988, 0, -0.0944881886, 1

vb0[835]+000 POSITION: -0.0510253906, 1.19628906, 0.518066406, 1
vb0[835]+008 NORMAL: 0.05511811, -0.826771677, -0.566929162, 0
vb0[835]+000 COLOR: 0.533333361, 0.666666687, 0.788235307, 0.235294119
vb0[835]+012 TEXCOORD: 0.515625, 0.893066406
vb0[835]+016 TEXCOORD1: 0.538574219, 0.427978516
vb0[835]+020 TEXCOORD2: 0.510742188, 0.475585938
vb0[835]+000 TEXCOORD3: 0.533333361, 0.666666687, 0.788235307, 0.235294119
vb0[835]+028 TANGENT: -0.992125988, 0, -0.0944881886, 1

vb0[836]+000 POSITION: -0.0582580566, 1.13769531, 0.591308594, 1
vb0[836]+008 NORMAL: 0.0629921257, -0.740157485, -0.669291317, 0
vb0[836]+000 COLOR: 0.458823532, 0.670588255, 0.552941203, 0.235294119
vb0[836]+012 TEXCOORD: 0.515625, 0.860839844
vb0[836]+016 TEXCOORD1: 0.547851563, 0.411865234
vb0[836]+020 TEXCOORD2: 0.515136719, 0.468505859
vb0[836]+000 TEXCOORD3: 0.458823532, 0.670588255, 0.552941203, 0.235294119
vb0[836]+028 TANGENT: -0.992125988, 0, -0.0944881886, 1

vb0[837]+000 POSITION: 5.73971851e-41, 1.19628906, 0.520507813, 1
vb0[837]+008 NORMAL: 0, -0.826771677, -0.566929162, 0
vb0[837]+000 COLOR: 0.0196078438, 0, 0.788235307, 0.235294119
vb0[837]+012 TEXCOORD: 0.5, 0.893066406
vb0[837]+016 TEXCOORD1: 0.531738281, 0.424316406
vb0[837]+020 TEXCOORD2: 0.508789063, 0.474365234
vb0[837]+000 TEXCOORD3: 0.0196078438, 0, 0.788235307, 0.235294119
vb0[837]+028 TANGENT: -1, 0, 0, 1

vb0[838]+000 POSITION: 6.88766221e-41, 1.24316406, 0.441650391, 1
vb0[838]+008 NORMAL: 0, -0.889763772, -0.464566916, 0
vb0[838]+000 COLOR: 0.0235294122, 0, 0.97647059, 0.235294119
vb0[838]+012 TEXCOORD: 0.5, 0.919921875
vb0[838]+016 TEXCOORD1: 0.524414063, 0.440185547
vb0[838]+020 TEXCOORD2: 0.505859375, 0.48046875
vb0[838]+000 TEXCOORD3: 0.0235294122, 0, 0.97647059, 0.235294119
vb0[838]+028 TANGENT: -1, 0, 0, 1

vb0[839]+000 POSITION: 2.2958874e-41, 1.28125, 0.358642578, 1
vb0[839]+008 NORMAL: 0, -0.929133832, -0.370078743, 0
vb0[839]+000 COLOR: 0.00784313772, 0, 0.125490203, 0.239215687
vb0[839]+012 TEXCOORD: 0.5, 0.942382813
vb0[839]+016 TEXCOORD1: 0.517578125, 0.454589844
vb0[839]+020 TEXCOORD2: 0.503417969, 0.484863281
vb0[839]+000 TEXCOORD3: 0.00784313772, 0, 0.125490203, 0.239215687
vb0[839]+028 TANGENT: -1, 0, 0, 1

vb0[840]+000 POSITION: 5.73971851e-41, 1.31152344, 0.271972656, 1
vb0[840]+008 NORMAL: 0, -0.96062994, -0.291338593, 0
vb0[840]+000 COLOR: 0.0196078438, 0, 0.247058824, 0.239215687
vb0[840]+012 TEXCOORD: 0.5, 0.960449219
vb0[840]+016 TEXCOORD1: 0.511230469, 0.467529297
vb0[840]+020 TEXCOORD2: 0.501953125, 0.488525391
vb0[840]+000 TEXCOORD3: 0.0196078438, 0, 0.247058824, 0.239215687
vb0[840]+028 TANGENT: -1, 0, 0, 1

vb0[841]+000 POSITION: 6.88766221e-41, 1.33398438, 0.182739258, 1
vb0[841]+008 NORMAL: 0, -0.976377964, -0.204724416, 0
vb0[841]+000 COLOR: 0.0235294122, 0, 0.337254912, 0.239215687
vb0[841]+012 TEXCOORD: 0.5, 0.977050781
vb0[841]+016 TEXCOORD1: 0.506347656, 0.478759766
vb0[841]+020 TEXCOORD2: 0.500488281, 0.491699219
vb0[841]+000 TEXCOORD3: 0.0235294122, 0, 0.337254912, 0.239215687
vb0[841]+028 TANGENT: -1, 0, 0, 1

vb0[842]+000 POSITION: 5.73971851e-41, 1.34765625, 0.09375, 1
vb0[842]+008 NORMAL: 0, -0.992125988, -0.11811024, 0
vb0[842]+000 COLOR: 0.0196078438, 0, 0.392156869, 0.239215687
vb0[842]+012 TEXCOORD: 0.5, 0.989746094
vb0[842]+016 TEXCOORD1: 0.501953125, 0.48828125
vb0[842]+020 TEXCOORD2: 0.499023438, 0.494628906
vb0[842]+000 TEXCOORD3: 0.0196078438, 0, 0.392156869, 0.239215687
vb0[842]+028 TANGENT: -1, 0, 0, 1

vb0[843]+000 POSITION: 9.18354962e-41, 1.3515625, 0.0536193848, 1
vb0[843]+008 NORMAL: 0, -1, -0.0393700786, 0
vb0[843]+000 COLOR: 0.0313725509, 0, 0.407843143, 0.239215687
vb0[843]+012 TEXCOORD: 0.5, 0.997070313
vb0[843]+016 TEXCOORD1: 0.5, 0.4921875
vb0[843]+020 TEXCOORD2: 0.498535156, 0.495605469
vb0[843]+000 TEXCOORD3: 0.0313725509, 0, 0.407843143, 0.239215687
vb0[843]+028 TANGENT: -1, 0, 0, 1

vb0[844]+000 POSITION: 0.00300788879, 1.35058594, 0.0612182617, 1
vb0[844]+008 NORMAL: 0, -1, -0.0629921257, 0
vb0[844]+000 COLOR: 0.160784319, 0.101960786, 0.403921574, 0.239215687
vb0[844]+012 TEXCOORD: 0.4921875, 0.993652344
vb0[844]+016 TEXCOORD1: 0.5, 0.491455078
vb0[844]+020 TEXCOORD2: 0.498535156, 0.495361328
vb0[844]+000 TEXCOORD3: 0.160784319, 0.101960786, 0.403921574, 0.239215687
vb0[844]+028 TANGENT: -1, 0, 0.0472440943, 1

vb0[845]+000 POSITION: 0.00918579102, 1.34765625, 0.0933227539, 1
vb0[845]+008 NORMAL: -0.00787401572, -0.992125988, -0.11811024, 0
vb0[845]+000 COLOR: 0.70588237, 0.125490203, 0.392156869, 0.239215687
vb0[845]+012 TEXCOORD: 0.484375, 0.989746094
vb0[845]+016 TEXCOORD1: 0.500976563, 0.488037109
vb0[845]+020 TEXCOORD2: 0.498779297, 0.494384766
vb0[845]+000 TEXCOORD3: 0.70588237, 0.125490203, 0.392156869, 0.239215687
vb0[845]+028 TANGENT: -0.992125988, -0.00787401572, 0.0944881886, 1

vb0[846]+000 POSITION: 0.0179138184, 1.33398438, 0.181884766, 1
vb0[846]+008 NORMAL: -0.0236220472, -0.976377964, -0.204724416, 0
vb0[846]+000 COLOR: 0.588235319, 0.141176477, 0.337254912, 0.239215687
vb0[846]+012 TEXCOORD: 0.484375, 0.977050781
vb0[846]+016 TEXCOORD1: 0.504394531, 0.478027344
vb0[846]+020 TEXCOORD2: 0.499755859, 0.491455078
vb0[846]+000 TEXCOORD3: 0.588235319, 0.141176477, 0.337254912, 0.239215687
vb0[846]+028 TANGENT: -0.992125988, 0, 0.0944881886, 1

vb0[847]+000 POSITION: 0.00525665283, 1.3515625, 0.0533752441, 1
vb0[847]+008 NORMAL: 0, -1, -0.0393700786, 0
vb0[847]+000 COLOR: 0.384313732, 0.113725491, 0.407843143, 0.239215687
vb0[847]+012 TEXCOORD: 0.484375, 0.997070313
vb0[847]+016 TEXCOORD1: 0.499511719, 0.491943359
vb0[847]+020 TEXCOORD2: 0.498291016, 0.495605469
vb0[847]+000 TEXCOORD3: 0.384313732, 0.113725491, 0.407843143, 0.239215687
vb0[847]+028 TANGENT: -0.992125988, 0, 0.0944881886, 1

vb0[848]+000 POSITION: 1.60712118e-40, 1.35449219, 1.03314933e-40, 1
vb0[848]+008 NORMAL: 0, -1, 0, 0
vb0[848]+000 COLOR: 0.0549019612, 0, 0.419607848, 0.239215687
vb0[848]+012 TEXCOORD: 0.515625, 1
vb0[848]+016 TEXCOORD1: 0.497802734, 0.497070313
vb0[848]+020 TEXCOORD2: 0.497802734, 0.497070313
vb0[848]+000 TEXCOORD3: 0.0549019612, 0, 0.419607848, 0.239215687
vb0[848]+028 TANGENT: -1, 0, 0, 1

vb0[849]+000 POSITION: 0.00899505615, 1.35058594, 0.0606384277, 1
vb0[849]+008 NORMAL: 0, -1, -0.0629921257, 0
vb0[849]+000 COLOR: 0.607843161, 0.125490203, 0.403921574, 0.239215687
vb0[849]+012 TEXCOORD: 0.4765625, 0.993652344
vb0[849]+016 TEXCOORD1: 0.499511719, 0.491210938
vb0[849]+020 TEXCOORD2: 0.498291016, 0.495361328
vb0[849]+000 TEXCOORD3: 0.607843161, 0.125490203, 0.403921574, 0.239215687
vb0[849]+028 TANGENT: -0.992125988, -0.00787401572, 0.14173229, 1

vb0[850]+000 POSITION: 0.0266571045, 1.31152344, 0.270751953, 1
vb0[850]+008 NORMAL: -0.0314960629, -0.96062994, -0.291338593, 0
vb0[850]+000 COLOR: 0.827450991, 0.149019614, 0.247058824, 0.239215687
vb0[850]+012 TEXCOORD: 0.484375, 0.960449219
vb0[850]+016 TEXCOORD1: 0.508300781, 0.466308594
vb0[850]+020 TEXCOORD2: 0.500976563, 0.488037109
vb0[850]+000 TEXCOORD3: 0.827450991, 0.149019614, 0.247058824, 0.239215687
vb0[850]+028 TANGENT: -0.992125988, 0, 0.0944881886, 1

vb0[851]+000 POSITION: 0.03515625, 1.28125, 0.356933594, 1
vb0[851]+008 NORMAL: -0.0393700786, -0.929133832, -0.370078743, 0
vb0[851]+000 COLOR: 0.501960814, 0.156862751, 0.125490203, 0.239215687
vb0[851]+012 TEXCOORD: 0.484375, 0.942382813
vb0[851]+016 TEXCOORD1: 0.513183594, 0.452880859
vb0[851]+020 TEXCOORD2: 0.502441406, 0.484375
vb0[851]+000 TEXCOORD3: 0.501960814, 0.156862751, 0.125490203, 0.239215687
vb0[851]+028 TANGENT: -0.992125988, 0, 0.0944881886, 1

vb0[852]+000 POSITION: 0.0433044434, 1.24316406, 0.439453125, 1
vb0[852]+008 NORMAL: -0.0472440943, -0.889763772, -0.456692904, 0
vb0[852]+000 COLOR: 0.545098066, 0.160784319, 0.97647059, 0.235294119
vb0[852]+012 TEXCOORD: 0.484375, 0.919921875
vb0[852]+016 TEXCOORD1: 0.518554688, 0.437744141
vb0[852]+020 TEXCOORD2: 0.50390625, 0.479736328
vb0[852]+000 TEXCOORD3: 0.545098066, 0.160784319, 0.97647059, 0.235294119
vb0[852]+028 TANGENT: -0.992125988, 0, 0.0944881886, 1

vb0[853]+000 POSITION: 0.0699462891, 1.28125, 0.3515625, 1
vb0[853]+008 NORMAL: -0.0708661452, -0.929133832, -0.362204731, 0
vb0[853]+000 COLOR: 0.478431374, 0.172549024, 0.125490203, 0.239215687
vb0[853]+012 TEXCOORD: 0.46875, 0.942382813
vb0[853]+016 TEXCOORD1: 0.508789063, 0.451660156
vb0[853]+020 TEXCOORD2: 0.500976563, 0.483886719
vb0[853]+000 TEXCOORD3: 0.478431374, 0.172549024, 0.125490203, 0.239215687
vb0[853]+028 TANGENT: -0.984251976, 0, 0.196850389, 1

vb0[854]+000 POSITION: 0.0530700684, 1.31152344, 0.266845703, 1
vb0[854]+008 NORMAL: -0.05511811, -0.96062994, -0.283464581, 0
vb0[854]+000 COLOR: 0.796078444, 0.164705887, 0.247058824, 0.239215687
vb0[854]+012 TEXCOORD: 0.46875, 0.960449219
vb0[854]+016 TEXCOORD1: 0.505371094, 0.465576172
vb0[854]+020 TEXCOORD2: 0.5, 0.487792969
vb0[854]+000 TEXCOORD3: 0.796078444, 0.164705887, 0.247058824, 0.239215687
vb0[854]+028 TANGENT: -0.984251976, 0, 0.196850389, 1

vb0[855]+000 POSITION: 0.0861816406, 1.24316406, 0.433105469, 1
vb0[855]+008 NORMAL: -0.0866141766, -0.889763772, -0.456692904, 0
vb0[855]+000 COLOR: 0.517647088, 0.176470593, 0.97647059, 0.235294119
vb0[855]+012 TEXCOORD: 0.46875, 0.919921875
vb0[855]+016 TEXCOORD1: 0.512695313, 0.436035156
vb0[855]+020 TEXCOORD2: 0.502441406, 0.479248047
vb0[855]+000 TEXCOORD3: 0.517647088, 0.176470593, 0.97647059, 0.235294119
vb0[855]+028 TANGENT: -0.984251976, 0, 0.196850389, 1

vb0[856]+000 POSITION: 0.0356750488, 1.33398438, 0.179321289, 1
vb0[856]+008 NORMAL: -0.0393700786, -0.976377964, -0.196850389, 0
vb0[856]+000 COLOR: 0.568627477, 0.156862751, 0.337254912, 0.239215687
vb0[856]+012 TEXCOORD: 0.46875, 0.977050781
vb0[856]+016 TEXCOORD1: 0.502441406, 0.477539063
vb0[856]+020 TEXCOORD2: 0.499267578, 0.491455078
vb0[856]+000 TEXCOORD3: 0.568627477, 0.156862751, 0.337254912, 0.239215687
vb0[856]+028 TANGENT: -0.984251976, 0, 0.196850389, 1

vb0[857]+000 POSITION: 0.0182952881, 1.34765625, 0.0919189453, 1
vb0[857]+008 NORMAL: -0.0157480314, -0.992125988, -0.11023622, 0
vb0[857]+000 COLOR: 0.686274529, 0.141176477, 0.392156869, 0.239215687
vb0[857]+012 TEXCOORD: 0.46875, 0.989746094
vb0[857]+016 TEXCOORD1: 0.5, 0.487792969
vb0[857]+020 TEXCOORD2: 0.498535156, 0.494384766
vb0[857]+000 TEXCOORD3: 0.686274529, 0.141176477, 0.392156869, 0.239215687
vb0[857]+028 TANGENT: -0.984251976, -0.00787401572, 0.196850389, 1

vb0[858]+000 POSITION: 0.0104598999, 1.3515625, 0.0525817871, 1
vb0[858]+008 NORMAL: 0, -1, -0.0393700786, 0
vb0[858]+000 COLOR: 0.356862754, 0.129411772, 0.407843143, 0.239215687
vb0[858]+012 TEXCOORD: 0.46875, 0.997070313
vb0[858]+016 TEXCOORD1: 0.499023438, 0.491943359
vb0[858]+020 TEXCOORD2: 0.498046875, 0.495605469
vb0[858]+000 TEXCOORD3: 0.356862754, 0.129411772, 0.407843143, 0.239215687
vb0[858]+028 TANGENT: -0.984251976, -0.00787401572, 0.196850389, 1

vb0[859]+000 POSITION: 0.0148925781, 1.35058594, 0.0594482422, 1
vb0[859]+008 NORMAL: 0, -1, -0.0629921257, 0
vb0[859]+000 COLOR: 0.627451003, 0.137254909, 0.403921574, 0.239215687
vb0[859]+012 TEXCOORD: 0.4609375, 0.993652344
vb0[859]+016 TEXCOORD1: 0.499023438, 0.490966797
vb0[859]+020 TEXCOORD2: 0.498046875, 0.495361328
vb0[859]+000 TEXCOORD3: 0.627451003, 0.137254909, 0.403921574, 0.239215687
vb0[859]+028 TANGENT: -0.968503952, -0.0157480314, 0.244094491, 1

vb0[860]+000 POSITION: 0.0272216797, 1.34765625, 0.0897216797, 1
vb0[860]+008 NORMAL: -0.0157480314, -0.992125988, -0.11023622, 0
vb0[860]+000 COLOR: 0.972549021, 0.149019614, 0.392156869, 0.239215687
vb0[860]+012 TEXCOORD: 0.453125, 0.989746094
vb0[860]+016 TEXCOORD1: 0.499023438, 0.487548828
vb0[860]+020 TEXCOORD2: 0.498291016, 0.494384766
vb0[860]+000 TEXCOORD3: 0.972549021, 0.149019614, 0.392156869, 0.239215687
vb0[860]+028 TANGENT: -0.96062994, -0.0157480314, 0.291338593, 1

vb0[861]+000 POSITION: 0.0530700684, 1.33398438, 0.174926758, 1
vb0[861]+008 NORMAL: -0.05511811, -0.976377964, -0.196850389, 0
vb0[861]+000 COLOR: 0.796078444, 0.164705887, 0.337254912, 0.239215687
vb0[861]+012 TEXCOORD: 0.453125, 0.977050781
vb0[861]+016 TEXCOORD1: 0.500488281, 0.477050781
vb0[861]+020 TEXCOORD2: 0.498535156, 0.491210938
vb0[861]+000 TEXCOORD3: 0.796078444, 0.164705887, 0.337254912, 0.239215687
vb0[861]+028 TANGENT: -0.96062994, 0, 0.291338593, 1

vb0[862]+000 POSITION: 0.0155639648, 1.3515625, 0.0513305664, 1
vb0[862]+008 NORMAL: 0, -1, -0.0314960629, 0
vb0[862]+000 COLOR: 0.972549021, 0.137254909, 0.407843143, 0.239215687
vb0[862]+012 TEXCOORD: 0.453125, 0.997070313
vb0[862]+016 TEXCOORD1: 0.498535156, 0.491699219
vb0[862]+020 TEXCOORD2: 0.498046875, 0.495605469
vb0[862]+000 TEXCOORD3: 0.972549021, 0.137254909, 0.407843143, 0.239215687
vb0[862]+028 TANGENT: -0.96062994, -0.00787401572, 0.291338593, 1

vb0[863]+000 POSITION: 1.60712118e-40, 1.35449219, 1.03314933e-40, 1
vb0[863]+008 NORMAL: 0, -1, 0, 0
vb0[863]+000 COLOR: 0.0549019612, 0, 0.419607848, 0.239215687
vb0[863]+012 TEXCOORD: 0.484375, 1
vb0[863]+016 TEXCOORD1: 0.497802734, 0.497070313
vb0[863]+020 TEXCOORD2: 0.497802734, 0.497070313
vb0[863]+000 TEXCOORD3: 0.0549019612, 0, 0.419607848, 0.239215687
vb0[863]+028 TANGENT: -0.984251976, 0, 0.196850389, 1

vb0[864]+000 POSITION: 0.0206451416, 1.35058594, 0.0577087402, 1
vb0[864]+008 NORMAL: 0, -1, -0.0629921257, 0
vb0[864]+000 COLOR: 0.286274523, 0.145098045, 0.403921574, 0.239215687
vb0[864]+012 TEXCOORD: 0.4453125, 0.993652344
vb0[864]+016 TEXCOORD1: 0.498291016, 0.490966797
vb0[864]+020 TEXCOORD2: 0.498046875, 0.495361328
vb0[864]+000 TEXCOORD3: 0.286274523, 0.145098045, 0.403921574, 0.239215687
vb0[864]+028 TANGENT: -0.944881916, -0.0236220472, 0.338582665, 1

vb0[865]+000 POSITION: 0.0789794922, 1.31152344, 0.260253906, 1
vb0[865]+008 NORMAL: -0.0866141766, -0.96062994, -0.275590539, 0
vb0[865]+000 COLOR: 0.0549019612, 0.176470593, 0.247058824, 0.239215687
vb0[865]+012 TEXCOORD: 0.453125, 0.960449219
vb0[865]+016 TEXCOORD1: 0.502441406, 0.46484375
vb0[865]+020 TEXCOORD2: 0.499267578, 0.487792969
vb0[865]+000 TEXCOORD3: 0.0549019612, 0.176470593, 0.247058824, 0.239215687
vb0[865]+028 TANGENT: -0.96062994, 0, 0.291338593, 1

vb0[866]+000 POSITION: 0.104064941, 1.28125, 0.343017578, 1
vb0[866]+008 NORMAL: -0.11023622, -0.929133832, -0.354330719, 0
vb0[866]+000 COLOR: 0.662745118, 0.180392161, 0.125490203, 0.239215687
vb0[866]+012 TEXCOORD: 0.453125, 0.942382813
vb0[866]+016 TEXCOORD1: 0.504394531, 0.450683594
vb0[866]+020 TEXCOORD2: 0.499755859, 0.483642578
vb0[866]+000 TEXCOORD3: 0.662745118, 0.180392161, 0.125490203, 0.239215687
vb0[866]+028 TANGENT: -0.96062994, 0, 0.291338593, 1

vb0[867]+000 POSITION: 0.0699462891, 1.33398438, 0.168823242, 1
vb0[867]+008 NORMAL: -0.0787401572, -0.976377964, -0.188976377, 0
vb0[867]+000 COLOR: 0.478431374, 0.172549024, 0.337254912, 0.239215687
vb0[867]+012 TEXCOORD: 0.4375, 0.977050781
vb0[867]+016 TEXCOORD1: 0.498535156, 0.477050781
vb0[867]+020 TEXCOORD2: 0.498046875, 0.491210938
vb0[867]+000 TEXCOORD3: 0.478431374, 0.172549024, 0.337254912, 0.239215687
vb0[867]+028 TANGENT: -0.92125982, 0, 0.385826766, 1

vb0[868]+000 POSITION: 0.104064941, 1.31152344, 0.251220703, 1
vb0[868]+008 NORMAL: -0.11023622, -0.96062994, -0.267716527, 0
vb0[868]+000 COLOR: 0.662745118, 0.180392161, 0.247058824, 0.239215687
vb0[868]+012 TEXCOORD: 0.4375, 0.960449219
vb0[868]+016 TEXCOORD1: 0.499267578, 0.464599609
vb0[868]+020 TEXCOORD2: 0.498291016, 0.487548828
vb0[868]+000 TEXCOORD3: 0.662745118, 0.180392161, 0.247058824, 0.239215687
vb0[868]+028 TANGENT: -0.92125982, 0, 0.385826766, 1

vb0[869]+000 POSITION: 0.0358886719, 1.34765625, 0.0866088867, 1
vb0[869]+008 NORMAL: -0.0314960629, -0.992125988, -0.11023622, 0
vb0[869]+000 COLOR: 0.596078455, 0.156862751, 0.392156869, 0.239215687
vb0[869]+012 TEXCOORD: 0.4375, 0.989746094
vb0[869]+016 TEXCOORD1: 0.498291016, 0.487548828
vb0[869]+020 TEXCOORD2: 0.497802734, 0.494384766
vb0[869]+000 TEXCOORD3: 0.596078455, 0.156862751, 0.392156869, 0.239215687
vb0[869]+028 TANGENT: -0.92125982, -0.00787401572, 0.377952754, 1

vb0[870]+000 POSITION: 0.137207031, 1.28125, 0.331298828, 1
vb0[870]+008 NORMAL: -0.14173229, -0.929133832, -0.346456707, 0
vb0[870]+000 COLOR: 0.392156869, 0.188235298, 0.125490203, 0.239215687
vb0[870]+012 TEXCOORD: 0.4375, 0.942382813
vb0[870]+016 TEXCOORD1: 0.499755859, 0.450439453
vb0[870]+020 TEXCOORD2: 0.498535156, 0.483642578
vb0[870]+000 TEXCOORD3: 0.392156869, 0.188235298, 0.125490203, 0.239215687
vb0[870]+028 TANGENT: -0.92125982, 0, 0.385826766, 1

vb0[871]+000 POSITION: 0.0205230713, 1.3515625, 0.0495300293, 1
vb0[871]+008 NORMAL: 0, -1, -0.0314960629, 0
vb0[871]+000 COLOR: 0.254901975, 0.145098045, 0.407843143, 0.239215687
vb0[871]+012 TEXCOORD: 0.4375, 0.997070313
vb0[871]+016 TEXCOORD1: 0.498046875, 0.491699219
vb0[871]+020 TEXCOORD2: 0.497802734, 0.495605469
vb0[871]+000 TEXCOORD3: 0.254901975, 0.145098045, 0.407843143, 0.239215687
vb0[871]+028 TANGENT: -0.92125982, -0.0157480314, 0.385826766, 1

vb0[872]+000 POSITION: 0.0262145996, 1.35058594, 0.0554199219, 1
vb0[872]+008 NORMAL: -0.00787401572, -1, -0.05511811, 0
vb0[872]+000 COLOR: 0.713725507, 0.149019614, 0.403921574, 0.239215687
vb0[872]+012 TEXCOORD: 0.4296875, 0.993652344
vb0[872]+016 TEXCOORD1: 0.497802734, 0.490966797
vb0[872]+020 TEXCOORD2: 0.497802734, 0.495361328
vb0[872]+000 TEXCOORD3: 0.713725507, 0.149019614, 0.403921574, 0.239215687
vb0[872]+028 TANGENT: -0.905511796, -0.0157480314, 0.425196856, 1

vb0[873]+000 POSITION: 0.0252838135, 1.3515625, 0.0473022461, 1
vb0[873]+008 NORMAL: 0, -1, -0.0314960629, 0
vb0[873]+000 COLOR: 0.474509805, 0.149019614, 0.407843143, 0.239215687
vb0[873]+012 TEXCOORD: 0.421875, 0.997070313
vb0[873]+016 TEXCOORD1: 0.497558594, 0.491699219
vb0[873]+020 TEXCOORD2: 0.497802734, 0.495605469
vb0[873]+000 TEXCOORD3: 0.474509805, 0.149019614, 0.407843143, 0.239215687
vb0[873]+028 TANGENT: -0.88188976, -0.0157480314, 0.472440958, 1

vb0[874]+000 POSITION: 1.60712118e-40, 1.35449219, 1.03314933e-40, 1
vb0[874]+008 NORMAL: 0, -1, 0, 0
vb0[874]+000 COLOR: 0.0549019612, 0, 0.419607848, 0.239215687
vb0[874]+012 TEXCOORD: 0.4375, 1
vb0[874]+016 TEXCOORD1: 0.497802734, 0.497070313
vb0[874]+020 TEXCOORD2: 0.497802734, 0.497070313
vb0[874]+000 TEXCOORD3: 0.0549019612, 0, 0.419607848, 0.239215687
vb0[874]+028 TANGENT: -0.92125982, 0, 0.385826766, 1

vb0[875]+000 POSITION: 0.0441894531, 1.34765625, 0.0827026367, 1
vb0[875]+008 NORMAL: -0.0472440943, -0.992125988, -0.102362208, 0
vb0[875]+000 COLOR: 0.65882355, 0.160784319, 0.392156869, 0.239215687
vb0[875]+012 TEXCOORD: 0.421875, 0.989746094
vb0[875]+016 TEXCOORD1: 0.497314453, 0.487548828
vb0[875]+020 TEXCOORD2: 0.497558594, 0.494384766
vb0[875]+000 TEXCOORD3: 0.65882355, 0.160784319, 0.392156869, 0.239215687
vb0[875]+028 TANGENT: -0.88188976, -0.00787401572, 0.472440958, 1

vb0[876]+000 POSITION: 0.0861816406, 1.33398438, 0.161254883, 1
vb0[876]+008 NORMAL: -0.0944881886, -0.976377964, -0.181102365, 0
vb0[876]+000 COLOR: 0.517647088, 0.176470593, 0.337254912, 0.239215687
vb0[876]+012 TEXCOORD: 0.421875, 0.977050781
vb0[876]+016 TEXCOORD1: 0.496582031, 0.477050781
vb0[876]+020 TEXCOORD2: 0.497558594, 0.491210938
vb0[876]+000 TEXCOORD3: 0.517647088, 0.176470593, 0.337254912, 0.239215687
vb0[876]+028 TANGENT: -0.88188976, 0, 0.472440958, 1

vb0[877]+000 POSITION: 0.0315246582, 1.35058594, 0.0525817871, 1
vb0[877]+008 NORMAL: -0.0236220472, -1, -0.05511811, 0
vb0[877]+000 COLOR: 0.0352941193, 0.156862751, 0.403921574, 0.239215687
vb0[877]+012 TEXCOORD: 0.4140625, 0.993652344
vb0[877]+016 TEXCOORD1: 0.497070313, 0.490966797
vb0[877]+020 TEXCOORD2: 0.497558594, 0.495361328
vb0[877]+000 TEXCOORD3: 0.0352941193, 0.156862751, 0.403921574, 0.239215687
vb0[877]+028 TANGENT: -0.858267725, -0.00787401572, 0.511811018, 1

vb0[878]+000 POSITION: 0.128173828, 1.31152344, 0.239868164, 1
vb0[878]+008 NORMAL: -0.133858263, -0.96062994, -0.251968503, 0
vb0[878]+000 COLOR: 0.101960786, 0.188235298, 0.247058824, 0.239215687
vb0[878]+012 TEXCOORD: 0.421875, 0.960449219
vb0[878]+016 TEXCOORD1: 0.49609375, 0.464599609
vb0[878]+020 TEXCOORD2: 0.497314453, 0.487548828
vb0[878]+000 TEXCOORD3: 0.101960786, 0.188235298, 0.247058824, 0.239215687
vb0[878]+028 TANGENT: -0.88188976, 0, 0.472440958, 1

vb0[879]+000 POSITION: 0.169067383, 1.28125, 0.316162109, 1
vb0[879]+008 NORMAL: -0.173228353, -0.929133832, -0.330708653, 0
vb0[879]+000 COLOR: 0.411764711, 0.192156866, 0.125490203, 0.239215687
vb0[879]+012 TEXCOORD: 0.421875, 0.942382813
vb0[879]+016 TEXCOORD1: 0.495117188, 0.450439453
vb0[879]+020 TEXCOORD2: 0.497070313, 0.483642578
vb0[879]+000 TEXCOORD3: 0.411764711, 0.192156866, 0.125490203, 0.239215687
vb0[879]+028 TANGENT: -0.88188976, 0, 0.472440958, 1

vb0[880]+000 POSITION: 0.1015625, 1.33398438, 0.151977539, 1
vb0[880]+008 NORMAL: -0.11023622, -0.976377964, -0.165354326, 0
vb0[880]+000 COLOR: 0.501960814, 0.180392161, 0.337254912, 0.239215687
vb0[880]+012 TEXCOORD: 0.40625, 0.977050781
vb0[880]+016 TEXCOORD1: 0.494628906, 0.477294922
vb0[880]+020 TEXCOORD2: 0.496826172, 0.491210938
vb0[880]+000 TEXCOORD3: 0.501960814, 0.180392161, 0.337254912, 0.239215687
vb0[880]+028 TANGENT: -0.834645689, 0, 0.55905509, 1

vb0[881]+000 POSITION: 0.151123047, 1.31152344, 0.226196289, 1
vb0[881]+008 NORMAL: -0.157480314, -0.96062994, -0.244094491, 0
vb0[881]+000 COLOR: 0.839215696, 0.188235298, 0.247058824, 0.239215687
vb0[881]+012 TEXCOORD: 0.40625, 0.960449219
vb0[881]+016 TEXCOORD1: 0.492919922, 0.46484375
vb0[881]+020 TEXCOORD2: 0.496337891, 0.487792969
vb0[881]+000 TEXCOORD3: 0.839215696, 0.188235298, 0.247058824, 0.239215687
vb0[881]+028 TANGENT: -0.834645689, 0, 0.55905509, 1

vb0[882]+000 POSITION: 0.0520935059, 1.34765625, 0.0779418945, 1
vb0[882]+008 NORMAL: -0.0629921257, -0.992125988, -0.0944881886, 0
vb0[882]+000 COLOR: 0.670588255, 0.164705887, 0.392156869, 0.239215687
vb0[882]+012 TEXCOORD: 0.40625, 0.989746094
vb0[882]+016 TEXCOORD1: 0.496337891, 0.487548828
vb0[882]+020 TEXCOORD2: 0.497314453, 0.494384766
vb0[882]+000 TEXCOORD3: 0.670588255, 0.164705887, 0.392156869, 0.239215687
vb0[882]+028 TANGENT: -0.834645689, 0, 0.55905509, 1

vb0[883]+000 POSITION: 0.029800415, 1.3515625, 0.0445861816, 1
vb0[883]+008 NORMAL: -0.00787401572, -1, -0.0314960629, 0
vb0[883]+000 COLOR: 0.631372571, 0.152941182, 0.407843143, 0.239215687
vb0[883]+012 TEXCOORD: 0.40625, 0.997070313
vb0[883]+016 TEXCOORD1: 0.497070313, 0.491699219
vb0[883]+020 TEXCOORD2: 0.497558594, 0.495605469
vb0[883]+000 TEXCOORD3: 0.631372571, 0.152941182, 0.407843143, 0.239215687
vb0[883]+028 TANGENT: -0.834645689, -0.00787401572, 0.55905509, 1

vb0[884]+000 POSITION: 0.036529541, 1.35058594, 0.0492248535, 1
vb0[884]+008 NORMAL: -0.0393700786, -1, -0.05511811, 0
vb0[884]+000 COLOR: 0.678431392, 0.156862751, 0.403921574, 0.239215687
vb0[884]+012 TEXCOORD: 0.3984375, 0.993652344
vb0[884]+016 TEXCOORD1: 0.496582031, 0.490966797
vb0[884]+020 TEXCOORD2: 0.497314453, 0.495361328
vb0[884]+000 TEXCOORD3: 0.678431392, 0.156862751, 0.403921574, 0.239215687
vb0[884]+028 TANGENT: -0.803149581, 0, 0.59842521, 1

vb0[885]+000 POSITION: 1.60712118e-40, 1.35449219, 1.03314933e-40, 1
vb0[885]+008 NORMAL: 0, -1, 0, 0
vb0[885]+000 COLOR: 0.0549019612, 0, 0.419607848, 0.239215687
vb0[885]+012 TEXCOORD: 0.40625, 1
vb0[885]+016 TEXCOORD1: 0.497802734, 0.497070313
vb0[885]+020 TEXCOORD2: 0.497802734, 0.497070313
vb0[885]+000 TEXCOORD3: 0.0549019612, 0, 0.419607848, 0.239215687
vb0[885]+028 TANGENT: -0.858267725, 0, 0.511811018, 1

vb0[886]+000 POSITION: 0.0340270996, 1.3515625, 0.0414428711, 1
vb0[886]+008 NORMAL: -0.00787401572, -1, -0.0314960629, 0
vb0[886]+000 COLOR: 0.356862754, 0.156862751, 0.407843143, 0.239215687
vb0[886]+012 TEXCOORD: 0.390625, 0.997070313
vb0[886]+016 TEXCOORD1: 0.496337891, 0.491943359
vb0[886]+020 TEXCOORD2: 0.497314453, 0.495605469
vb0[886]+000 TEXCOORD3: 0.356862754, 0.156862751, 0.407843143, 0.239215687
vb0[886]+028 TANGENT: -0.771653533, -0.00787401572, 0.637795269, 1

vb0[887]+000 POSITION: 0.0594787598, 1.34765625, 0.0724487305, 1
vb0[887]+008 NORMAL: -0.0708661452, -0.992125988, -0.0866141766, 0
vb0[887]+000 COLOR: 0.615686297, 0.168627456, 0.392156869, 0.239215687
vb0[887]+012 TEXCOORD: 0.390625, 0.989746094
vb0[887]+016 TEXCOORD1: 0.495361328, 0.487792969
vb0[887]+020 TEXCOORD2: 0.497070313, 0.494384766
vb0[887]+000 TEXCOORD3: 0.615686297, 0.168627456, 0.392156869, 0.239215687
vb0[887]+028 TANGENT: -0.771653533, 0, 0.637795269, 1

vb0[888]+000 POSITION: 0.115966797, 1.33398438, 0.141235352, 1
vb0[888]+008 NORMAL: -0.125984251, -0.976377964, -0.157480314, 0
vb0[888]+000 COLOR: 0.423529416, 0.184313729, 0.337254912, 0.239215687
vb0[888]+012 TEXCOORD: 0.390625, 0.977050781
vb0[888]+016 TEXCOORD1: 0.492675781, 0.477539063
vb0[888]+020 TEXCOORD2: 0.496337891, 0.491455078
vb0[888]+000 TEXCOORD3: 0.423529416, 0.184313729, 0.337254912, 0.239215687
vb0[888]+028 TANGENT: -0.771653533, 0, 0.637795269, 1

vb0[889]+000 POSITION: 0.0411682129, 1.35058594, 0.0454101563, 1
vb0[889]+008 NORMAL: -0.0393700786, -1, -0.0472440943, 0
vb0[889]+000 COLOR: 0.270588249, 0.160784319, 0.403921574, 0.239215687
vb0[889]+012 TEXCOORD: 0.3828125, 0.993652344
vb0[889]+016 TEXCOORD1: 0.495849609, 0.491210938
vb0[889]+020 TEXCOORD2: 0.497314453, 0.495361328
vb0[889]+000 TEXCOORD3: 0.270588249, 0.160784319, 0.403921574, 0.239215687
vb0[889]+028 TANGENT: -0.740157485, 0, 0.669291317, 1

vb0[890]+000 POSITION: 0.172485352, 1.31152344, 0.210205078, 1
vb0[890]+008 NORMAL: -0.181102365, -0.96062994, -0.22047244, 0
vb0[890]+000 COLOR: 0.521568656, 0.192156866, 0.247058824, 0.239215687
vb0[890]+012 TEXCOORD: 0.390625, 0.960449219
vb0[890]+016 TEXCOORD1: 0.489746094, 0.465576172
vb0[890]+020 TEXCOORD2: 0.495605469, 0.487792969
vb0[890]+000 TEXCOORD3: 0.521568656, 0.192156866, 0.247058824, 0.239215687
vb0[890]+028 TANGENT: -0.771653533, 0, 0.637795269, 1

vb0[891]+000 POSITION: 0.19921875, 1.28125, 0.298095703, 1
vb0[891]+008 NORMAL: -0.204724416, -0.929133832, -0.307086617, 0
vb0[891]+000 COLOR: 0.376470596, 0.196078435, 0.125490203, 0.239215687
vb0[891]+012 TEXCOORD: 0.40625, 0.942382813
vb0[891]+016 TEXCOORD1: 0.490722656, 0.450927734
vb0[891]+020 TEXCOORD2: 0.495849609, 0.483642578
vb0[891]+000 TEXCOORD3: 0.376470596, 0.196078435, 0.125490203, 0.239215687
vb0[891]+028 TANGENT: -0.834645689, 0, 0.55905509, 1

vb0[892]+000 POSITION: 0.208251953, 1.24316406, 0.389404297, 1
vb0[892]+008 NORMAL: -0.22047244, -0.889763772, -0.409448832, 0
vb0[892]+000 COLOR: 0.666666687, 0.196078435, 0.97647059, 0.235294119
vb0[892]+012 TEXCOORD: 0.421875, 0.919921875
vb0[892]+016 TEXCOORD1: 0.494384766, 0.434570313
vb0[892]+020 TEXCOORD2: 0.497070313, 0.478759766
vb0[892]+000 TEXCOORD3: 0.666666687, 0.196078435, 0.97647059, 0.235294119
vb0[892]+028 TANGENT: -0.88188976, 0, 0.472440958, 1

vb0[893]+000 POSITION: 0.245361328, 1.24316406, 0.3671875, 1
vb0[893]+008 NORMAL: -0.259842515, -0.889763772, -0.385826766, 0
vb0[893]+000 COLOR: 0.854901969, 0.200000003, 0.97647059, 0.235294119
vb0[893]+012 TEXCOORD: 0.40625, 0.919921875
vb0[893]+016 TEXCOORD1: 0.48828125, 0.435058594
vb0[893]+020 TEXCOORD2: 0.495117188, 0.478759766
vb0[893]+000 TEXCOORD3: 0.854901969, 0.200000003, 0.97647059, 0.235294119
vb0[893]+028 TANGENT: -0.834645689, 0, 0.55905509, 1

vb0[894]+000 POSITION: 0.227416992, 1.28125, 0.277099609, 1
vb0[894]+008 NORMAL: -0.236220479, -0.929133832, -0.291338593, 0
vb0[894]+000 COLOR: 0.278431386, 0.200000003, 0.125490203, 0.239215687
vb0[894]+012 TEXCOORD: 0.390625, 0.942382813
vb0[894]+016 TEXCOORD1: 0.486083984, 0.451904297
vb0[894]+020 TEXCOORD2: 0.494628906, 0.483886719
vb0[894]+000 TEXCOORD3: 0.278431386, 0.200000003, 0.125490203, 0.239215687
vb0[894]+028 TANGENT: -0.771653533, 0, 0.637795269, 1

vb0[895]+000 POSITION: 0.280273438, 1.24316406, 0.341308594, 1
vb0[895]+008 NORMAL: -0.291338593, -0.889763772, -0.354330719, 0
vb0[895]+000 COLOR: 0.486274511, 0.203921571, 0.97647059, 0.235294119
vb0[895]+012 TEXCOORD: 0.390625, 0.919921875
vb0[895]+016 TEXCOORD1: 0.482177734, 0.436279297
vb0[895]+020 TEXCOORD2: 0.493408203, 0.479248047
vb0[895]+000 TEXCOORD3: 0.486274511, 0.203921571, 0.97647059, 0.235294119
vb0[895]+028 TANGENT: -0.771653533, 0, 0.637795269, 1

vb0[896]+000 POSITION: 0.192260742, 1.31152344, 0.192260742, 1
vb0[896]+008 NORMAL: -0.204724416, -0.96062994, -0.204724416, 0
vb0[896]+000 COLOR: 0.152941182, 0.196078435, 0.247058824, 0.239215687
vb0[896]+012 TEXCOORD: 0.375, 0.960449219
vb0[896]+016 TEXCOORD1: 0.486572266, 0.466552734
vb0[896]+020 TEXCOORD2: 0.494628906, 0.488037109
vb0[896]+000 TEXCOORD3: 0.152941182, 0.196078435, 0.247058824, 0.239215687
vb0[896]+028 TANGENT: -0.708661437, 0, 0.708661437, 1

vb0[897]+000 POSITION: 0.253417969, 1.28125, 0.253417969, 1
vb0[897]+008 NORMAL: -0.259842515, -0.929133832, -0.259842515, 0
vb0[897]+000 COLOR: 0.0549019612, 0.203921571, 0.125490203, 0.239215687
vb0[897]+012 TEXCOORD: 0.375, 0.942382813
vb0[897]+016 TEXCOORD1: 0.481933594, 0.453125
vb0[897]+020 TEXCOORD2: 0.493408203, 0.484375
vb0[897]+000 TEXCOORD3: 0.0549019612, 0.203921571, 0.125490203, 0.239215687
vb0[897]+028 TANGENT: -0.708661437, 0, 0.708661437, 1

vb0[898]+000 POSITION: 0.129272461, 1.33398438, 0.129272461, 1
vb0[898]+008 NORMAL: -0.14173229, -0.976377964, -0.14173229, 0
vb0[898]+000 COLOR: 0.137254909, 0.188235298, 0.337254912, 0.239215687
vb0[898]+012 TEXCOORD: 0.375, 0.977050781
vb0[898]+016 TEXCOORD1: 0.490966797, 0.478271484
vb0[898]+020 TEXCOORD2: 0.495849609, 0.491455078
vb0[898]+000 TEXCOORD3: 0.137254909, 0.188235298, 0.337254912, 0.239215687
vb0[898]+028 TANGENT: -0.708661437, 0, 0.708661437, 1

vb0[899]+000 POSITION: 0.0662841797, 1.34765625, 0.0662841797, 1
vb0[899]+008 NORMAL: -0.0787401572, -0.992125988, -0.0787401572, 0
vb0[899]+000 COLOR: 0.243137255, 0.172549024, 0.392156869, 0.239215687
vb0[899]+012 TEXCOORD: 0.375, 0.989746094
vb0[899]+016 TEXCOORD1: 0.494628906, 0.488037109
vb0[899]+020 TEXCOORD2: 0.496826172, 0.494384766
vb0[899]+000 TEXCOORD3: 0.243137255, 0.172549024, 0.392156869, 0.239215687
vb0[899]+028 TANGENT: -0.708661437, 0, 0.708661437, 1

vb0[900]+000 POSITION: 0.0379333496, 1.3515625, 0.0379333496, 1
vb0[900]+008 NORMAL: -0.0157480314, -1, -0.0157480314, 0
vb0[900]+000 COLOR: 0.858823538, 0.156862751, 0.407843143, 0.239215687
vb0[900]+012 TEXCOORD: 0.375, 0.997070313
vb0[900]+016 TEXCOORD1: 0.495849609, 0.491943359
vb0[900]+020 TEXCOORD2: 0.497314453, 0.495605469
vb0[900]+000 TEXCOORD3: 0.858823538, 0.156862751, 0.407843143, 0.239215687
vb0[900]+028 TANGENT: -0.708661437, 0, 0.708661437, 1

vb0[901]+000 POSITION: 1.60712118e-40, 1.35449219, 1.03314933e-40, 1
vb0[901]+008 NORMAL: 0, -1, 0, 0
vb0[901]+000 COLOR: 0.0549019612, 0, 0.419607848, 0.239215687
vb0[901]+012 TEXCOORD: 0.390625, 1
vb0[901]+016 TEXCOORD1: 0.497802734, 0.497070313
vb0[901]+020 TEXCOORD2: 0.497802734, 0.497070313
vb0[901]+000 TEXCOORD3: 0.0549019612, 0, 0.419607848, 0.239215687
vb0[901]+028 TANGENT: -0.771653533, 0, 0.637795269, 1

vb0[902]+000 POSITION: 0.0454101563, 1.35058594, 0.0411682129, 1
vb0[902]+008 NORMAL: -0.0472440943, -1, -0.0393700786, 0
vb0[902]+000 COLOR: 0.815686285, 0.160784319, 0.403921574, 0.239215687
vb0[902]+012 TEXCOORD: 0.3671875, 0.993652344
vb0[902]+016 TEXCOORD1: 0.495361328, 0.491455078
vb0[902]+020 TEXCOORD2: 0.497070313, 0.495361328
vb0[902]+000 TEXCOORD3: 0.815686285, 0.160784319, 0.403921574, 0.239215687
vb0[902]+028 TANGENT: -0.669291317, 0, 0.740157485, 1

vb0[903]+000 POSITION: 0.0724487305, 1.34765625, 0.0594787598, 1
vb0[903]+008 NORMAL: -0.0866141766, -0.992125988, -0.0708661452, 0
vb0[903]+000 COLOR: 0.639215708, 0.172549024, 0.392156869, 0.239215687
vb0[903]+012 TEXCOORD: 0.359375, 0.989746094
vb0[903]+016 TEXCOORD1: 0.493652344, 0.488525391
vb0[903]+020 TEXCOORD2: 0.496582031, 0.494628906
vb0[903]+000 TEXCOORD3: 0.639215708, 0.172549024, 0.392156869, 0.239215687
vb0[903]+028 TANGENT: -0.637795269, 0, 0.771653533, 1

vb0[904]+000 POSITION: 0.141235352, 1.33398438, 0.115966797, 1
vb0[904]+008 NORMAL: -0.157480314, -0.976377964, -0.125984251, 0
vb0[904]+000 COLOR: 0.521568656, 0.188235298, 0.337254912, 0.239215687
vb0[904]+012 TEXCOORD: 0.359375, 0.977050781
vb0[904]+016 TEXCOORD1: 0.489013672, 0.479003906
vb0[904]+020 TEXCOORD2: 0.495361328, 0.491699219
vb0[904]+000 TEXCOORD3: 0.521568656, 0.188235298, 0.337254912, 0.239215687
vb0[904]+028 TANGENT: -0.637795269, 0, 0.771653533, 1

vb0[905]+000 POSITION: 0.0414428711, 1.3515625, 0.0340270996, 1
vb0[905]+008 NORMAL: -0.0314960629, -1, -0.00787401572, 0
vb0[905]+000 COLOR: 0.305882365, 0.160784319, 0.407843143, 0.239215687
vb0[905]+012 TEXCOORD: 0.359375, 0.997070313
vb0[905]+016 TEXCOORD1: 0.495361328, 0.4921875
vb0[905]+020 TEXCOORD2: 0.497070313, 0.495605469
vb0[905]+000 TEXCOORD3: 0.305882365, 0.160784319, 0.407843143, 0.239215687
vb0[905]+028 TANGENT: -0.637795269, 0.00787401572, 0.771653533, 1

vb0[906]+000 POSITION: 0.0492248535, 1.35058594, 0.036529541, 1
vb0[906]+008 NORMAL: -0.05511811, -1, -0.0393700786, 0
vb0[906]+000 COLOR: 0.301960796, 0.164705887, 0.403921574, 0.239215687
vb0[906]+012 TEXCOORD: 0.3515625, 0.993652344
vb0[906]+016 TEXCOORD1: 0.494873047, 0.491699219
vb0[906]+020 TEXCOORD2: 0.497070313, 0.495605469
vb0[906]+000 TEXCOORD3: 0.301960796, 0.164705887, 0.403921574, 0.239215687
vb0[906]+028 TANGENT: -0.59842521, 0, 0.803149581, 1

vb0[907]+000 POSITION: 0.210205078, 1.31152344, 0.172485352, 1
vb0[907]+008 NORMAL: -0.22047244, -0.96062994, -0.181102365, 0
vb0[907]+000 COLOR: 0.729411781, 0.196078435, 0.247058824, 0.239215687
vb0[907]+012 TEXCOORD: 0.359375, 0.960449219
vb0[907]+016 TEXCOORD1: 0.483642578, 0.467773438
vb0[907]+020 TEXCOORD2: 0.493896484, 0.488525391
vb0[907]+000 TEXCOORD3: 0.729411781, 0.196078435, 0.247058824, 0.239215687
vb0[907]+028 TANGENT: -0.637795269, 0, 0.771653533, 1

vb0[908]+000 POSITION: 0.277099609, 1.28125, 0.227416992, 1
vb0[908]+008 NORMAL: -0.291338593, -0.929133832, -0.236220479, 0
vb0[908]+000 COLOR: 0.435294122, 0.203921571, 0.125490203, 0.239215687
vb0[908]+012 TEXCOORD: 0.359375, 0.942382813
vb0[908]+016 TEXCOORD1: 0.477539063, 0.454833984
vb0[908]+020 TEXCOORD2: 0.4921875, 0.484863281
vb0[908]+000 TEXCOORD3: 0.435294122, 0.203921571, 0.125490203, 0.239215687
vb0[908]+028 TANGENT: -0.637795269, 0, 0.771653533, 1

vb0[909]+000 POSITION: 0.151977539, 1.33398438, 0.1015625, 1
vb0[909]+008 NORMAL: -0.165354326, -0.976377964, -0.11023622, 0
vb0[909]+000 COLOR: 0.866666675, 0.188235298, 0.337254912, 0.239215687
vb0[909]+012 TEXCOORD: 0.34375, 0.977050781
vb0[909]+016 TEXCOORD1: 0.487304688, 0.479980469
vb0[909]+020 TEXCOORD2: 0.494873047, 0.491943359
vb0[909]+000 TEXCOORD3: 0.866666675, 0.188235298, 0.337254912, 0.239215687
vb0[909]+028 TANGENT: -0.55905509, 0, 0.834645689, 1

vb0[910]+000 POSITION: 0.226196289, 1.31152344, 0.151123047, 1
vb0[910]+008 NORMAL: -0.244094491, -0.96062994, -0.157480314, 0
vb0[910]+000 COLOR: 0.239215687, 0.200000003, 0.247058824, 0.239215687
vb0[910]+012 TEXCOORD: 0.34375, 0.960449219
vb0[910]+016 TEXCOORD1: 0.480957031, 0.469238281
vb0[910]+020 TEXCOORD2: 0.492919922, 0.489013672
vb0[910]+000 TEXCOORD3: 0.239215687, 0.200000003, 0.247058824, 0.239215687
vb0[910]+028 TANGENT: -0.55905509, 0, 0.834645689, 1

vb0[911]+000 POSITION: 0.0779418945, 1.34765625, 0.0520935059, 1
vb0[911]+008 NORMAL: -0.0944881886, -0.992125988, -0.0629921257, 0
vb0[911]+000 COLOR: 0.992156863, 0.172549024, 0.392156869, 0.239215687
vb0[911]+012 TEXCOORD: 0.34375, 0.989746094
vb0[911]+016 TEXCOORD1: 0.492919922, 0.488769531
vb0[911]+020 TEXCOORD2: 0.496337891, 0.494628906
vb0[911]+000 TEXCOORD3: 0.992156863, 0.172549024, 0.392156869, 0.239215687
vb0[911]+028 TANGENT: -0.55905509, 0, 0.834645689, 1

vb0[912]+000 POSITION: 0.0445861816, 1.3515625, 0.029800415, 1
vb0[912]+008 NORMAL: -0.0314960629, -1, -0.00787401572, 0
vb0[912]+000 COLOR: 0.709803939, 0.160784319, 0.407843143, 0.239215687
vb0[912]+012 TEXCOORD: 0.34375, 0.997070313
vb0[912]+016 TEXCOORD1: 0.495117188, 0.492431641
vb0[912]+020 TEXCOORD2: 0.497070313, 0.495605469
vb0[912]+000 TEXCOORD3: 0.709803939, 0.160784319, 0.407843143, 0.239215687
vb0[912]+028 TANGENT: -0.55905509, 0.00787401572, 0.834645689, 1

vb0[913]+000 POSITION: 1.60712118e-40, 1.35449219, 1.03314933e-40, 1
vb0[913]+008 NORMAL: 0, -1, 0, 0
vb0[913]+000 COLOR: 0.0549019612, 0, 0.419607848, 0.239215687
vb0[913]+012 TEXCOORD: 0.359375, 1
vb0[913]+016 TEXCOORD1: 0.497802734, 0.497070313
vb0[913]+020 TEXCOORD2: 0.497802734, 0.497070313
vb0[913]+000 TEXCOORD3: 0.0549019612, 0, 0.419607848, 0.239215687
vb0[913]+028 TANGENT: -0.637795269, 0, 0.771653533, 1

vb0[914]+000 POSITION: 0.0525817871, 1.35058594, 0.0315246582, 1
vb0[914]+008 NORMAL: -0.05511811, -1, -0.0236220472, 0
vb0[914]+000 COLOR: 0.733333349, 0.164705887, 0.403921574, 0.239215687
vb0[914]+012 TEXCOORD: 0.3359375, 0.993652344
vb0[914]+016 TEXCOORD1: 0.494384766, 0.491943359
vb0[914]+020 TEXCOORD2: 0.496826172, 0.495605469
vb0[914]+000 TEXCOORD3: 0.733333349, 0.164705887, 0.403921574, 0.239215687
vb0[914]+028 TANGENT: -0.511811018, 0.00787401572, 0.858267725, 1

vb0[915]+000 POSITION: 0.0473022461, 1.3515625, 0.0252838135, 1
vb0[915]+008 NORMAL: -0.0314960629, -1, 0, 0
vb0[915]+000 COLOR: 0.0549019612, 0.164705887, 0.407843143, 0.239215687
vb0[915]+012 TEXCOORD: 0.328125, 0.997070313
vb0[915]+016 TEXCOORD1: 0.494628906, 0.492675781
vb0[915]+020 TEXCOORD2: 0.496826172, 0.495849609
vb0[915]+000 TEXCOORD3: 0.0549019612, 0.164705887, 0.407843143, 0.239215687
vb0[915]+028 TANGENT: -0.472440958, 0.0157480314, 0.88188976, 1

vb0[916]+000 POSITION: 0.0827026367, 1.34765625, 0.0441894531, 1
vb0[916]+008 NORMAL: -0.102362208, -0.992125988, -0.0472440943, 0
vb0[916]+000 COLOR: 0.294117659, 0.176470593, 0.392156869, 0.239215687
vb0[916]+012 TEXCOORD: 0.328125, 0.989746094
vb0[916]+016 TEXCOORD1: 0.491943359, 0.489501953
vb0[916]+020 TEXCOORD2: 0.49609375, 0.494873047
vb0[916]+000 TEXCOORD3: 0.294117659, 0.176470593, 0.392156869, 0.239215687
vb0[916]+028 TANGENT: -0.472440958, 0.00787401572, 0.88188976, 1

vb0[917]+000 POSITION: 0.161254883, 1.33398438, 0.0861816406, 1
vb0[917]+008 NORMAL: -0.181102365, -0.976377964, -0.0944881886, 0
vb0[917]+000 COLOR: 0.160784319, 0.192156866, 0.337254912, 0.239215687
vb0[917]+012 TEXCOORD: 0.328125, 0.977050781
vb0[917]+016 TEXCOORD1: 0.485839844, 0.480957031
vb0[917]+020 TEXCOORD2: 0.494384766, 0.492431641
vb0[917]+000 TEXCOORD3: 0.160784319, 0.192156866, 0.337254912, 0.239215687
vb0[917]+028 TANGENT: -0.472440958, 0, 0.88188976, 1

vb0[918]+000 POSITION: 0.0554199219, 1.35058594, 0.0262145996, 1
vb0[918]+008 NORMAL: -0.05511811, -1, -0.00787401572, 0
vb0[918]+000 COLOR: 0.0941176489, 0.168627456, 0.403921574, 0.239215687
vb0[918]+012 TEXCOORD: 0.3203125, 0.993652344
vb0[918]+016 TEXCOORD1: 0.493896484, 0.492431641
vb0[918]+020 TEXCOORD2: 0.496582031, 0.495605469
vb0[918]+000 TEXCOORD3: 0.0941176489, 0.168627456, 0.403921574, 0.239215687
vb0[918]+028 TANGENT: -0.425196856, 0.0157480314, 0.905511796, 1

vb0[919]+000 POSITION: 0.239868164, 1.31152344, 0.128173828, 1
vb0[919]+008 NORMAL: -0.251968503, -0.96062994, -0.133858263, 0
vb0[919]+000 COLOR: 0.678431392, 0.200000003, 0.247058824, 0.239215687
vb0[919]+012 TEXCOORD: 0.328125, 0.960449219
vb0[919]+016 TEXCOORD1: 0.478271484, 0.470947266
vb0[919]+020 TEXCOORD2: 0.4921875, 0.489501953
vb0[919]+000 TEXCOORD3: 0.678431392, 0.200000003, 0.247058824, 0.239215687
vb0[919]+028 TANGENT: -0.472440958, 0, 0.88188976, 1

vb0[920]+000 POSITION: 0.298095703, 1.28125, 0.19921875, 1
vb0[920]+008 NORMAL: -0.307086617, -0.929133832, -0.204724416, 0
vb0[920]+000 COLOR: 0.772549033, 0.203921571, 0.125490203, 0.239215687
vb0[920]+012 TEXCOORD: 0.34375, 0.942382813
vb0[920]+016 TEXCOORD1: 0.473632813, 0.45703125
vb0[920]+020 TEXCOORD2: 0.490966797, 0.485351563
vb0[920]+000 TEXCOORD3: 0.772549033, 0.203921571, 0.125490203, 0.239215687
vb0[920]+028 TANGENT: -0.55905509, 0, 0.834645689, 1

vb0[921]+000 POSITION: 0.316162109, 1.28125, 0.169067383, 1
vb0[921]+008 NORMAL: -0.330708653, -0.929133832, -0.173228353, 0
vb0[921]+000 COLOR: 0.0588235296, 0.20784314, 0.125490203, 0.239215687
vb0[921]+012 TEXCOORD: 0.328125, 0.942382813
vb0[921]+016 TEXCOORD1: 0.469726563, 0.459716797
vb0[921]+020 TEXCOORD2: 0.489746094, 0.486083984
vb0[921]+000 TEXCOORD3: 0.0588235296, 0.20784314, 0.125490203, 0.239215687
vb0[921]+028 TANGENT: -0.472440958, 0, 0.88188976, 1

vb0[922]+000 POSITION: 0.168823242, 1.33398438, 0.0699462891, 1
vb0[922]+008 NORMAL: -0.188976377, -0.976377964, -0.0787401572, 0
vb0[922]+000 COLOR: 0.403921574, 0.192156866, 0.337254912, 0.239215687
vb0[922]+012 TEXCOORD: 0.3125, 0.977050781
vb0[922]+016 TEXCOORD1: 0.484130859, 0.482177734
vb0[922]+020 TEXCOORD2: 0.493896484, 0.492675781
vb0[922]+000 TEXCOORD3: 0.403921574, 0.192156866, 0.337254912, 0.239215687
vb0[922]+028 TANGENT: -0.385826766, 0, 0.92125982, 1

vb0[923]+000 POSITION: 0.251220703, 1.31152344, 0.104064941, 1
vb0[923]+008 NORMAL: -0.267716527, -0.96062994, -0.11023622, 0
vb0[923]+000 COLOR: 0.0196078438, 0.203921571, 0.247058824, 0.239215687
vb0[923]+012 TEXCOORD: 0.3125, 0.960449219
vb0[923]+016 TEXCOORD1: 0.475830078, 0.473144531
vb0[923]+020 TEXCOORD2: 0.491455078, 0.489990234
vb0[923]+000 TEXCOORD3: 0.0196078438, 0.203921571, 0.247058824, 0.239215687
vb0[923]+028 TANGENT: -0.385826766, 0, 0.92125982, 1

vb0[924]+000 POSITION: 0.0866088867, 1.34765625, 0.0358886719, 1
vb0[924]+008 NORMAL: -0.11023622, -0.992125988, -0.0314960629, 0
vb0[924]+000 COLOR: 0.545098066, 0.176470593, 0.392156869, 0.239215687
vb0[924]+012 TEXCOORD: 0.3125, 0.989746094
vb0[924]+016 TEXCOORD1: 0.491455078, 0.489990234
vb0[924]+020 TEXCOORD2: 0.495849609, 0.494873047
vb0[924]+000 TEXCOORD3: 0.545098066, 0.176470593, 0.392156869, 0.239215687
vb0[924]+028 TANGENT: -0.377952754, 0.00787401572, 0.92125982, 1

vb0[925]+000 POSITION: 0.0495300293, 1.3515625, 0.0205230713, 1
vb0[925]+008 NORMAL: -0.0314960629, -1, 0, 0
vb0[925]+000 COLOR: 0.34117648, 0.164705887, 0.407843143, 0.239215687
vb0[925]+012 TEXCOORD: 0.3125, 0.997070313
vb0[925]+016 TEXCOORD1: 0.494140625, 0.493164063
vb0[925]+020 TEXCOORD2: 0.496826172, 0.495849609
vb0[925]+000 TEXCOORD3: 0.34117648, 0.164705887, 0.407843143, 0.239215687
vb0[925]+028 TANGENT: -0.385826766, 0.0157480314, 0.92125982, 1

vb0[926]+000 POSITION: 1.60712118e-40, 1.35449219, 1.03314933e-40, 1
vb0[926]+008 NORMAL: 0, -1, 0, 0
vb0[926]+000 COLOR: 0.0549019612, 0, 0.419607848, 0.239215687
vb0[926]+012 TEXCOORD: 0.34375, 1
vb0[926]+016 TEXCOORD1: 0.497802734, 0.497070313
vb0[926]+020 TEXCOORD2: 0.497802734, 0.497070313
vb0[926]+000 TEXCOORD3: 0.0549019612, 0, 0.419607848, 0.239215687
vb0[926]+028 TANGENT: -0.472440958, 0, 0.88188976, 1

vb0[927]+000 POSITION: 0.0577087402, 1.35058594, 0.0206451416, 1
vb0[927]+008 NORMAL: -0.0629921257, -1, 0, 0
vb0[927]+000 COLOR: 0.388235301, 0.168627456, 0.403921574, 0.239215687
vb0[927]+012 TEXCOORD: 0.3046875, 0.993652344
vb0[927]+016 TEXCOORD1: 0.493408203, 0.492675781
vb0[927]+020 TEXCOORD2: 0.496582031, 0.495849609
vb0[927]+000 TEXCOORD3: 0.388235301, 0.168627456, 0.403921574, 0.239215687
vb0[927]+028 TANGENT: -0.338582665, 0.0236220472, 0.944881916, 1

vb0[928]+000 POSITION: 0.0897216797, 1.34765625, 0.0272064209, 1
vb0[928]+008 NORMAL: -0.11023622, -0.992125988, -0.0157480314, 0
vb0[928]+000 COLOR: 0.745098054, 0.176470593, 0.392156869, 0.239215687
vb0[928]+012 TEXCOORD: 0.296875, 0.989746094
vb0[928]+016 TEXCOORD1: 0.490722656, 0.490722656
vb0[928]+020 TEXCOORD2: 0.495849609, 0.495117188
vb0[928]+000 TEXCOORD3: 0.745098054, 0.176470593, 0.392156869, 0.239215687
vb0[928]+028 TANGENT: -0.291338593, 0.0157480314, 0.96062994, 1

vb0[929]+000 POSITION: 0.174926758, 1.33398438, 0.0530700684, 1
vb0[929]+008 NORMAL: -0.196850389, -0.976377964, -0.05511811, 0
vb0[929]+000 COLOR: 0.600000024, 0.192156866, 0.337254912, 0.239215687
vb0[929]+012 TEXCOORD: 0.296875, 0.977050781
vb0[929]+016 TEXCOORD1: 0.482910156, 0.483642578
vb0[929]+020 TEXCOORD2: 0.493408203, 0.493164063
vb0[929]+000 TEXCOORD3: 0.600000024, 0.192156866, 0.337254912, 0.239215687
vb0[929]+028 TANGENT: -0.291338593, 0, 0.96062994, 1

vb0[930]+000 POSITION: 0.0513305664, 1.3515625, 0.0155639648, 1
vb0[930]+008 NORMAL: -0.0314960629, -1, 0, 0
vb0[930]+000 COLOR: 0.572549045, 0.164705887, 0.407843143, 0.239215687
vb0[930]+012 TEXCOORD: 0.296875, 0.997070313
vb0[930]+016 TEXCOORD1: 0.493896484, 0.493408203
vb0[930]+020 TEXCOORD2: 0.496582031, 0.49609375
vb0[930]+000 TEXCOORD3: 0.572549045, 0.164705887, 0.407843143, 0.239215687
vb0[930]+028 TANGENT: -0.291338593, 0.00787401572, 0.96062994, 1

vb0[931]+000 POSITION: 1.60712118e-40, 1.35449219, 1.03314933e-40, 1
vb0[931]+008 NORMAL: 0, -1, 0, 0
vb0[931]+000 COLOR: 0.0549019612, 0, 0.419607848, 0.239215687
vb0[931]+012 TEXCOORD: 0.3125, 1
vb0[931]+016 TEXCOORD1: 0.497802734, 0.497070313
vb0[931]+020 TEXCOORD2: 0.497802734, 0.497070313
vb0[931]+000 TEXCOORD3: 0.0549019612, 0, 0.419607848, 0.239215687
vb0[931]+028 TANGENT: -0.338582665, 0, 0.944881916, 1

vb0[932]+000 POSITION: 0.0594482422, 1.35058594, 0.0148925781, 1
vb0[932]+008 NORMAL: -0.0629921257, -1, 0, 0
vb0[932]+000 COLOR: 0.611764729, 0.168627456, 0.403921574, 0.239215687
vb0[932]+012 TEXCOORD: 0.2890625, 0.993652344
vb0[932]+016 TEXCOORD1: 0.493164063, 0.493164063
vb0[932]+020 TEXCOORD2: 0.496337891, 0.495849609
vb0[932]+000 TEXCOORD3: 0.611764729, 0.168627456, 0.403921574, 0.239215687
vb0[932]+028 TANGENT: -0.244094491, 0.0157480314, 0.968503952, 1

vb0[933]+000 POSITION: 0.260253906, 1.31152344, 0.0789794922, 1
vb0[933]+008 NORMAL: -0.275590539, -0.96062994, -0.0866141766, 0
vb0[933]+000 COLOR: 0.164705887, 0.203921571, 0.247058824, 0.239215687
vb0[933]+012 TEXCOORD: 0.296875, 0.960449219
vb0[933]+016 TEXCOORD1: 0.473632813, 0.475341797
vb0[933]+020 TEXCOORD2: 0.490722656, 0.490722656
vb0[933]+000 TEXCOORD3: 0.164705887, 0.203921571, 0.247058824, 0.239215687
vb0[933]+028 TANGENT: -0.291338593, 0, 0.96062994, 1

vb0[934]+000 POSITION: 0.331298828, 1.28125, 0.137207031, 1
vb0[934]+008 NORMAL: -0.346456707, -0.929133832, -0.14173229, 0
vb0[934]+000 COLOR: 0.301960796, 0.20784314, 0.125490203, 0.239215687
vb0[934]+012 TEXCOORD: 0.3125, 0.942382813
vb0[934]+016 TEXCOORD1: 0.466308594, 0.462646484
vb0[934]+020 TEXCOORD2: 0.488769531, 0.487060547
vb0[934]+000 TEXCOORD3: 0.301960796, 0.20784314, 0.125490203, 0.239215687
vb0[934]+028 TANGENT: -0.385826766, 0, 0.92125982, 1

vb0[935]+000 POSITION: 0.3671875, 1.24316406, 0.245361328, 1
vb0[935]+008 NORMAL: -0.385826766, -0.889763772, -0.259842515, 0
vb0[935]+000 COLOR: 0.87843138, 0.20784314, 0.97647059, 0.235294119
vb0[935]+012 TEXCOORD: 0.34375, 0.919921875
vb0[935]+016 TEXCOORD1: 0.465332031, 0.443359375
vb0[935]+020 TEXCOORD2: 0.488525391, 0.481201172
vb0[935]+000 TEXCOORD3: 0.87843138, 0.20784314, 0.97647059, 0.235294119
vb0[935]+028 TANGENT: -0.55905509, 0, 0.834645689, 1

vb0[936]+000 POSITION: 0.389404297, 1.24316406, 0.208251953, 1
vb0[936]+008 NORMAL: -0.409448832, -0.889763772, -0.22047244, 0
vb0[936]+000 COLOR: 0.23137255, 0.211764708, 0.97647059, 0.235294119
vb0[936]+012 TEXCOORD: 0.328125, 0.919921875
vb0[936]+016 TEXCOORD1: 0.460205078, 0.446777344
vb0[936]+020 TEXCOORD2: 0.486816406, 0.482177734
vb0[936]+000 TEXCOORD3: 0.23137255, 0.211764708, 0.97647059, 0.235294119
vb0[936]+028 TANGENT: -0.472440958, 0, 0.88188976, 1

vb0[937]+000 POSITION: 0.432861328, 1.19628906, 0.289306641, 1
vb0[937]+008 NORMAL: -0.472440958, -0.826771677, -0.314960629, 0
vb0[937]+000 COLOR: 0.929411769, 0.211764708, 0.788235307, 0.235294119
vb0[937]+012 TEXCOORD: 0.34375, 0.893066406
vb0[937]+016 TEXCOORD1: 0.456298828, 0.428466797
vb0[937]+020 TEXCOORD2: 0.485107422, 0.475585938
vb0[937]+000 TEXCOORD3: 0.929411769, 0.211764708, 0.788235307, 0.235294119
vb0[937]+028 TANGENT: -0.55905509, 0, 0.834645689, 1

vb0[938]+000 POSITION: 0.458984375, 1.19628906, 0.245361328, 1
vb0[938]+008 NORMAL: -0.503937006, -0.826771677, -0.267716527, 0
vb0[938]+000 COLOR: 0.345098048, 0.215686277, 0.788235307, 0.235294119
vb0[938]+012 TEXCOORD: 0.328125, 0.893066406
vb0[938]+016 TEXCOORD1: 0.449707031, 0.432861328
vb0[938]+020 TEXCOORD2: 0.482910156, 0.476806641
vb0[938]+000 TEXCOORD3: 0.345098048, 0.215686277, 0.788235307, 0.235294119
vb0[938]+028 TANGENT: -0.472440958, 0, 0.88188976, 1

vb0[939]+000 POSITION: 0.407958984, 1.24316406, 0.169067383, 1
vb0[939]+008 NORMAL: -0.425196856, -0.889763772, -0.173228353, 0
vb0[939]+000 COLOR: 0.529411793, 0.211764708, 0.97647059, 0.235294119
vb0[939]+012 TEXCOORD: 0.3125, 0.919921875
vb0[939]+016 TEXCOORD1: 0.455566406, 0.450927734
vb0[939]+020 TEXCOORD2: 0.485595703, 0.483398438
vb0[939]+000 TEXCOORD3: 0.529411793, 0.211764708, 0.97647059, 0.235294119
vb0[939]+028 TANGENT: -0.385826766, 0, 0.92125982, 1

vb0[940]+000 POSITION: 0.480957031, 1.19628906, 0.19921875, 1
vb0[940]+008 NORMAL: -0.527559042, -0.826771677, -0.22047244, 0
vb0[940]+000 COLOR: 0.698039234, 0.215686277, 0.788235307, 0.235294119
vb0[940]+012 TEXCOORD: 0.3125, 0.893066406
vb0[940]+016 TEXCOORD1: 0.443847656, 0.437988281
vb0[940]+020 TEXCOORD2: 0.481201172, 0.478271484
vb0[940]+000 TEXCOORD3: 0.698039234, 0.215686277, 0.788235307, 0.235294119
vb0[940]+028 TANGENT: -0.385826766, 0, 0.92125982, 1

vb0[941]+000 POSITION: 0.343017578, 1.28125, 0.104064941, 1
vb0[941]+008 NORMAL: -0.354330719, -0.929133832, -0.11023622, 0
vb0[941]+000 COLOR: 0.490196079, 0.20784314, 0.125490203, 0.239215687
vb0[941]+012 TEXCOORD: 0.296875, 0.942382813
vb0[941]+016 TEXCOORD1: 0.463134766, 0.465820313
vb0[941]+020 TEXCOORD2: 0.487792969, 0.487792969
vb0[941]+000 TEXCOORD3: 0.490196079, 0.20784314, 0.125490203, 0.239215687
vb0[941]+028 TANGENT: -0.291338593, 0, 0.96062994, 1

vb0[942]+000 POSITION: 0.422607422, 1.24316406, 0.128173828, 1
vb0[942]+008 NORMAL: -0.44094488, -0.889763772, -0.133858263, 0
vb0[942]+000 COLOR: 0.764705896, 0.211764708, 0.97647059, 0.235294119
vb0[942]+012 TEXCOORD: 0.296875, 0.919921875
vb0[942]+016 TEXCOORD1: 0.451171875, 0.455078125
vb0[942]+020 TEXCOORD2: 0.484130859, 0.484619141
vb0[942]+000 TEXCOORD3: 0.764705896, 0.211764708, 0.97647059, 0.235294119
vb0[942]+028 TANGENT: -0.291338593, 0, 0.96062994, 1

vb0[943]+000 POSITION: 0.266845703, 1.31152344, 0.0530700684, 1
vb0[943]+008 NORMAL: -0.283464581, -0.96062994, -0.05511811, 0
vb0[943]+000 COLOR: 0.270588249, 0.203921571, 0.247058824, 0.239215687
vb0[943]+012 TEXCOORD: 0.28125, 0.960449219
vb0[943]+016 TEXCOORD1: 0.471679688, 0.477783203
vb0[943]+020 TEXCOORD2: 0.490234375, 0.491455078
vb0[943]+000 TEXCOORD3: 0.270588249, 0.203921571, 0.247058824, 0.239215687
vb0[943]+028 TANGENT: -0.196850389, 0, 0.984251976, 1

vb0[944]+000 POSITION: 0.3515625, 1.28125, 0.0699462891, 1
vb0[944]+008 NORMAL: -0.362204731, -0.929133832, -0.0708661452, 0
vb0[944]+000 COLOR: 0.627451003, 0.20784314, 0.125490203, 0.239215687
vb0[944]+012 TEXCOORD: 0.28125, 0.942382813
vb0[944]+016 TEXCOORD1: 0.460205078, 0.469482422
vb0[944]+020 TEXCOORD2: 0.487060547, 0.489013672
vb0[944]+000 TEXCOORD3: 0.627451003, 0.20784314, 0.125490203, 0.239215687
vb0[944]+028 TANGENT: -0.196850389, 0, 0.984251976, 1

vb0[945]+000 POSITION: 0.179321289, 1.33398438, 0.0356750488, 1
vb0[945]+008 NORMAL: -0.196850389, -0.976377964, -0.0393700786, 0
vb0[945]+000 COLOR: 0.741176486, 0.192156866, 0.337254912, 0.239215687
vb0[945]+012 TEXCOORD: 0.28125, 0.977050781
vb0[945]+016 TEXCOORD1: 0.481689453, 0.485107422
vb0[945]+020 TEXCOORD2: 0.493164063, 0.493408203
vb0[945]+000 TEXCOORD3: 0.741176486, 0.192156866, 0.337254912, 0.239215687
vb0[945]+028 TANGENT: -0.196850389, 0, 0.984251976, 1

vb0[946]+000 POSITION: 0.181884766, 1.33398438, 0.0179138184, 1
vb0[946]+008 NORMAL: -0.204724416, -0.976377964, -0.0236220472, 0
vb0[946]+000 COLOR: 0.823529422, 0.192156866, 0.337254912, 0.239215687
vb0[946]+012 TEXCOORD: 0.265625, 0.977050781
vb0[946]+016 TEXCOORD1: 0.48046875, 0.486816406
vb0[946]+020 TEXCOORD2: 0.492675781, 0.493896484
vb0[946]+000 TEXCOORD3: 0.823529422, 0.192156866, 0.337254912, 0.239215687
vb0[946]+028 TANGENT: -0.0944881886, 0, 0.992125988, 1

vb0[947]+000 POSITION: 0.0919189453, 1.34765625, 0.0182952881, 1
vb0[947]+008 NORMAL: -0.11023622, -0.992125988, -0.0157480314, 0
vb0[947]+000 COLOR: 0.886274517, 0.176470593, 0.392156869, 0.239215687
vb0[947]+012 TEXCOORD: 0.28125, 0.989746094
vb0[947]+016 TEXCOORD1: 0.489990234, 0.491455078
vb0[947]+020 TEXCOORD2: 0.495605469, 0.495361328
vb0[947]+000 TEXCOORD3: 0.886274517, 0.176470593, 0.392156869, 0.239215687
vb0[947]+028 TANGENT: -0.196850389, 0.00787401572, 0.984251976, 1

vb0[948]+000 POSITION: 0.0933227539, 1.34765625, 0.00918579102, 1
vb0[948]+008 NORMAL: -0.11811024, -0.992125988, -0.00787401572, 0
vb0[948]+000 COLOR: 0.97647059, 0.176470593, 0.392156869, 0.239215687
vb0[948]+012 TEXCOORD: 0.265625, 0.989746094
vb0[948]+016 TEXCOORD1: 0.489501953, 0.4921875
vb0[948]+020 TEXCOORD2: 0.495361328, 0.495605469
vb0[948]+000 TEXCOORD3: 0.97647059, 0.176470593, 0.392156869, 0.239215687
vb0[948]+028 TANGENT: -0.0944881886, 0.00787401572, 0.992125988, 1

vb0[949]+000 POSITION: 0.270751953, 1.31152344, 0.0266571045, 1
vb0[949]+008 NORMAL: -0.291338593, -0.96062994, -0.0314960629, 0
vb0[949]+000 COLOR: 0.333333343, 0.203921571, 0.247058824, 0.239215687
vb0[949]+012 TEXCOORD: 0.265625, 0.960449219
vb0[949]+016 TEXCOORD1: 0.469970703, 0.48046875
vb0[949]+020 TEXCOORD2: 0.489746094, 0.4921875
vb0[949]+000 TEXCOORD3: 0.333333343, 0.203921571, 0.247058824, 0.239215687
vb0[949]+028 TANGENT: -0.0944881886, 0, 0.992125988, 1

vb0[950]+000 POSITION: 0.0606384277, 1.35058594, 0.00899505615, 1
vb0[950]+008 NORMAL: -0.0629921257, -1, 0, 0
vb0[950]+000 COLOR: 0.764705896, 0.168627456, 0.403921574, 0.239215687
vb0[950]+012 TEXCOORD: 0.2734375, 0.993652344
vb0[950]+016 TEXCOORD1: 0.492675781, 0.493652344
vb0[950]+020 TEXCOORD2: 0.496337891, 0.49609375
vb0[950]+000 TEXCOORD3: 0.764705896, 0.168627456, 0.403921574, 0.239215687
vb0[950]+028 TANGENT: -0.14173229, 0.00787401572, 0.992125988, 1

vb0[951]+000 POSITION: 0.0525817871, 1.3515625, 0.0104598999, 1
vb0[951]+008 NORMAL: -0.0393700786, -1, 0, 0
vb0[951]+000 COLOR: 0.733333349, 0.164705887, 0.407843143, 0.239215687
vb0[951]+012 TEXCOORD: 0.28125, 0.997070313
vb0[951]+016 TEXCOORD1: 0.493408203, 0.493896484
vb0[951]+020 TEXCOORD2: 0.496582031, 0.49609375
vb0[951]+000 TEXCOORD3: 0.733333349, 0.164705887, 0.407843143, 0.239215687
vb0[951]+028 TANGENT: -0.196850389, 0.00787401572, 0.984251976, 1

vb0[952]+000 POSITION: 0.0533752441, 1.3515625, 0.00525665283, 1
vb0[952]+008 NORMAL: -0.0393700786, -1, 0, 0
vb0[952]+000 COLOR: 0.835294127, 0.164705887, 0.407843143, 0.239215687
vb0[952]+012 TEXCOORD: 0.265625, 0.997070313
vb0[952]+016 TEXCOORD1: 0.493164063, 0.494384766
vb0[952]+020 TEXCOORD2: 0.496582031, 0.496337891
vb0[952]+000 TEXCOORD3: 0.835294127, 0.164705887, 0.407843143, 0.239215687
vb0[952]+028 TANGENT: -0.0944881886, 0, 0.992125988, 1

vb0[953]+000 POSITION: 1.60712118e-40, 1.35449219, 1.03314933e-40, 1
vb0[953]+008 NORMAL: 0, -1, 0, 0
vb0[953]+000 COLOR: 0.0549019612, 0, 0.419607848, 0.239215687
vb0[953]+012 TEXCOORD: 0.296875, 1
vb0[953]+016 TEXCOORD1: 0.497802734, 0.497070313
vb0[953]+020 TEXCOORD2: 0.497802734, 0.497070313
vb0[953]+000 TEXCOORD3: 0.0549019612, 0, 0.419607848, 0.239215687
vb0[953]+028 TANGENT: -0.196850389, 0, 0.984251976, 1

vb0[954]+000 POSITION: 0.0612182617, 1.35058594, 0.00300788879, 1
vb0[954]+008 NORMAL: -0.0629921257, -1, 0, 0
vb0[954]+000 COLOR: 0.839215696, 0.168627456, 0.403921574, 0.239215687
vb0[954]+012 TEXCOORD: 0.2578125, 0.993652344
vb0[954]+016 TEXCOORD1: 0.492431641, 0.494140625
vb0[954]+020 TEXCOORD2: 0.496337891, 0.49609375
vb0[954]+000 TEXCOORD3: 0.839215696, 0.168627456, 0.403921574, 0.239215687
vb0[954]+028 TANGENT: -0.0472440943, 0, 1, 1

vb0[955]+000 POSITION: 0.271972656, 1.31152344, -3.44383111e-41, 1
vb0[955]+008 NORMAL: -0.291338593, -0.96062994, 0, 0
vb0[955]+000 COLOR: 0.352941185, 0.203921571, 0.247058824, 0.239215687
vb0[955]+012 TEXCOORD: 0.25, 0.960449219
vb0[955]+016 TEXCOORD1: 0.468261719, 0.483154297
vb0[955]+020 TEXCOORD2: 0.489257813, 0.492919922
vb0[955]+000 TEXCOORD3: 0.352941185, 0.203921571, 0.247058824, 0.239215687
vb0[955]+028 TANGENT: 0, 0, 1, 1

vb0[956]+000 POSITION: 0.182739258, 1.33398438, -2.2958874e-41, 1
vb0[956]+008 NORMAL: -0.204724416, -0.976377964, 0, 0
vb0[956]+000 COLOR: 0.850980401, 0.192156866, 0.337254912, 0.239215687
vb0[956]+012 TEXCOORD: 0.25, 0.977050781
vb0[956]+016 TEXCOORD1: 0.479492188, 0.488525391
vb0[956]+020 TEXCOORD2: 0.492431641, 0.494384766
vb0[956]+000 TEXCOORD3: 0.850980401, 0.192156866, 0.337254912, 0.239215687
vb0[956]+028 TANGENT: 0, 0, 1, 1

vb0[957]+000 POSITION: 0.358642578, 1.28125, -2.2958874e-41, 1
vb0[957]+008 NORMAL: -0.370078743, -0.929133832, 0, 0
vb0[957]+000 COLOR: 0.741176486, 0.20784314, 0.125490203, 0.239215687
vb0[957]+012 TEXCOORD: 0.25, 0.942382813
vb0[957]+016 TEXCOORD1: 0.455566406, 0.477294922
vb0[957]+020 TEXCOORD2: 0.485595703, 0.491210938
vb0[957]+000 TEXCOORD3: 0.741176486, 0.20784314, 0.125490203, 0.239215687
vb0[957]+028 TANGENT: 0, 0, 1, 1

vb0[958]+000 POSITION: 0.356933594, 1.28125, 0.03515625, 1
vb0[958]+008 NORMAL: -0.370078743, -0.929133832, -0.0393700786, 0
vb0[958]+000 COLOR: 0.713725507, 0.20784314, 0.125490203, 0.239215687
vb0[958]+012 TEXCOORD: 0.265625, 0.942382813
vb0[958]+016 TEXCOORD1: 0.457763672, 0.473144531
vb0[958]+020 TEXCOORD2: 0.486328125, 0.489990234
vb0[958]+000 TEXCOORD3: 0.713725507, 0.20784314, 0.125490203, 0.239215687
vb0[958]+028 TANGENT: -0.0944881886, 0, 0.992125988, 1

vb0[959]+000 POSITION: 0.270751953, 1.31152344, -0.0266571045, 1
vb0[959]+008 NORMAL: -0.291338593, -0.96062994, 0.0314960629, 0
vb0[959]+000 COLOR: 0.333333343, 0.203921571, 0.247058824, 0.239215687
vb0[959]+012 TEXCOORD: 0.234375, 0.960449219
vb0[959]+016 TEXCOORD1: 0.467041016, 0.486328125
vb0[959]+020 TEXCOORD2: 0.489013672, 0.493896484
vb0[959]+000 TEXCOORD3: 0.333333343, 0.203921571, 0.247058824, 0.239215687
vb0[959]+028 TANGENT: 0.0944881886, 0, 0.992125988, 1

vb0[960]+000 POSITION: 0.356933594, 1.28125, -0.03515625, 1
vb0[960]+008 NORMAL: -0.370078743, -0.929133832, 0.0393700786, 0
vb0[960]+000 COLOR: 0.713725507, 0.20784314, 0.125490203, 0.239215687
vb0[960]+012 TEXCOORD: 0.234375, 0.942382813
vb0[960]+016 TEXCOORD1: 0.453857422, 0.481445313
vb0[960]+020 TEXCOORD2: 0.485107422, 0.492431641
vb0[960]+000 TEXCOORD3: 0.713725507, 0.20784314, 0.125490203, 0.239215687
vb0[960]+028 TANGENT: 0.0944881886, 0, 0.992125988, 1

vb0[961]+000 POSITION: 0.181884766, 1.33398438, -0.0179138184, 1
vb0[961]+008 NORMAL: -0.204724416, -0.976377964, 0.0236220472, 0
vb0[961]+000 COLOR: 0.823529422, 0.192156866, 0.337254912, 0.239215687
vb0[961]+012 TEXCOORD: 0.234375, 0.977050781
vb0[961]+016 TEXCOORD1: 0.478759766, 0.490234375
vb0[961]+020 TEXCOORD2: 0.4921875, 0.495117188
vb0[961]+000 TEXCOORD3: 0.823529422, 0.192156866, 0.337254912, 0.239215687
vb0[961]+028 TANGENT: 0.0944881886, 0, 0.992125988, 1

vb0[962]+000 POSITION: 0.0536193848, 1.3515625, -2.2958874e-41, 1
vb0[962]+008 NORMAL: -0.0393700786, -1, 0, 0
vb0[962]+000 COLOR: 0.866666675, 0.164705887, 0.407843143, 0.239215687
vb0[962]+012 TEXCOORD: 0.25, 0.997070313
vb0[962]+016 TEXCOORD1: 0.492919922, 0.494873047
vb0[962]+020 TEXCOORD2: 0.496337891, 0.496337891
vb0[962]+000 TEXCOORD3: 0.866666675, 0.164705887, 0.407843143, 0.239215687
vb0[962]+028 TANGENT: 0, 0, 1, 1

vb0[963]+000 POSITION: 0.09375, 1.34765625, 2.2958874e-41, 1
vb0[963]+008 NORMAL: -0.11811024, -0.992125988, 0, 0
vb0[963]+000 COLOR: 0, 0.180392161, 0.392156869, 0.239215687
vb0[963]+012 TEXCOORD: 0.25, 0.989746094
vb0[963]+016 TEXCOORD1: 0.489257813, 0.492919922
vb0[963]+020 TEXCOORD2: 0.495361328, 0.495849609
vb0[963]+000 TEXCOORD3: 0, 0.180392161, 0.392156869, 0.239215687
vb0[963]+028 TANGENT: 0, 0, 1, 1

vb0[964]+000 POSITION: 0.0612182617, 1.35058594, -0.00300788879, 1
vb0[964]+008 NORMAL: -0.0629921257, -1, 0, 0
vb0[964]+000 COLOR: 0.839215696, 0.168627456, 0.403921574, 0.239215687
vb0[964]+012 TEXCOORD: 0.2421875, 0.993652344
vb0[964]+016 TEXCOORD1: 0.4921875, 0.494628906
vb0[964]+020 TEXCOORD2: 0.49609375, 0.496337891
vb0[964]+000 TEXCOORD3: 0.839215696, 0.168627456, 0.403921574, 0.239215687
vb0[964]+028 TANGENT: 0.0472440943, 0, 1, 1

vb0[965]+000 POSITION: 0.0933227539, 1.34765625, -0.00918579102, 1
vb0[965]+008 NORMAL: -0.11811024, -0.992125988, 0.00787401572, 0
vb0[965]+000 COLOR: 0.97647059, 0.176470593, 0.392156869, 0.239215687
vb0[965]+012 TEXCOORD: 0.234375, 0.989746094
vb0[965]+016 TEXCOORD1: 0.488769531, 0.493896484
vb0[965]+020 TEXCOORD2: 0.495117188, 0.49609375
vb0[965]+000 TEXCOORD3: 0.97647059, 0.176470593, 0.392156869, 0.239215687
vb0[965]+028 TANGENT: 0.0944881886, -0.00787401572, 0.992125988, 1

vb0[966]+000 POSITION: 0.0533752441, 1.3515625, -0.00525665283, 1
vb0[966]+008 NORMAL: -0.0393700786, -1, 0, 0
vb0[966]+000 COLOR: 0.835294127, 0.164705887, 0.407843143, 0.239215687
vb0[966]+012 TEXCOORD: 0.234375, 0.997070313
vb0[966]+016 TEXCOORD1: 0.492675781, 0.495361328
vb0[966]+020 TEXCOORD2: 0.496337891, 0.496582031
vb0[966]+000 TEXCOORD3: 0.835294127, 0.164705887, 0.407843143, 0.239215687
vb0[966]+028 TANGENT: 0.0944881886, 0, 0.992125988, 1

vb0[967]+000 POSITION: 1.60712118e-40, 1.35449219, 1.03314933e-40, 1
vb0[967]+008 NORMAL: 0, -1, 0, 0
vb0[967]+000 COLOR: 0.0549019612, 0, 0.419607848, 0.239215687
vb0[967]+012 TEXCOORD: 0.265625, 1
vb0[967]+016 TEXCOORD1: 0.497802734, 0.497070313
vb0[967]+020 TEXCOORD2: 0.497802734, 0.497070313
vb0[967]+000 TEXCOORD3: 0.0549019612, 0, 0.419607848, 0.239215687
vb0[967]+028 TANGENT: 0, 0, 1, 1

vb0[968]+000 POSITION: 0.0606384277, 1.35058594, -0.00899505615, 1
vb0[968]+008 NORMAL: -0.0629921257, -1, 0, 0
vb0[968]+000 COLOR: 0.764705896, 0.168627456, 0.403921574, 0.239215687
vb0[968]+012 TEXCOORD: 0.2265625, 0.993652344
vb0[968]+016 TEXCOORD1: 0.491943359, 0.495361328
vb0[968]+020 TEXCOORD2: 0.49609375, 0.496582031
vb0[968]+000 TEXCOORD3: 0.764705896, 0.168627456, 0.403921574, 0.239215687
vb0[968]+028 TANGENT: 0.14173229, -0.00787401572, 0.992125988, 1

vb0[969]+000 POSITION: 0.0919189453, 1.34765625, -0.0182952881, 1
vb0[969]+008 NORMAL: -0.11023622, -0.992125988, 0.0157480314, 0
vb0[969]+000 COLOR: 0.886274517, 0.176470593, 0.392156869, 0.239215687
vb0[969]+012 TEXCOORD: 0.21875, 0.989746094
vb0[969]+016 TEXCOORD1: 0.488525391, 0.494628906
vb0[969]+020 TEXCOORD2: 0.495117188, 0.496337891
vb0[969]+000 TEXCOORD3: 0.886274517, 0.176470593, 0.392156869, 0.239215687
vb0[969]+028 TANGENT: 0.196850389, -0.00787401572, 0.984251976, 1

vb0[970]+000 POSITION: 0.179321289, 1.33398438, -0.0356750488, 1
vb0[970]+008 NORMAL: -0.196850389, -0.976377964, 0.0393700786, 0
vb0[970]+000 COLOR: 0.741176486, 0.192156866, 0.337254912, 0.239215687
vb0[970]+012 TEXCOORD: 0.21875, 0.977050781
vb0[970]+016 TEXCOORD1: 0.478271484, 0.4921875
vb0[970]+020 TEXCOORD2: 0.4921875, 0.495605469
vb0[970]+000 TEXCOORD3: 0.741176486, 0.192156866, 0.337254912, 0.239215687
vb0[970]+028 TANGENT: 0.196850389, 0, 0.984251976, 1

vb0[971]+000 POSITION: 0.0525817871, 1.3515625, -0.0104598999, 1
vb0[971]+008 NORMAL: -0.0393700786, -1, 0, 0
vb0[971]+000 COLOR: 0.733333349, 0.164705887, 0.407843143, 0.239215687
vb0[971]+012 TEXCOORD: 0.21875, 0.997070313
vb0[971]+016 TEXCOORD1: 0.492675781, 0.495849609
vb0[971]+020 TEXCOORD2: 0.496337891, 0.496582031
vb0[971]+000 TEXCOORD3: 0.733333349, 0.164705887, 0.407843143, 0.239215687
vb0[971]+028 TANGENT: 0.196850389, -0.00787401572, 0.984251976, 1

vb0[972]+000 POSITION: 0.266845703, 1.31152344, -0.0530700684, 1
vb0[972]+008 NORMAL: -0.283464581, -0.96062994, 0.05511811, 0
vb0[972]+000 COLOR: 0.270588249, 0.203921571, 0.247058824, 0.239215687
vb0[972]+012 TEXCOORD: 0.21875, 0.960449219
vb0[972]+016 TEXCOORD1: 0.466308594, 0.489257813
vb0[972]+020 TEXCOORD2: 0.488525391, 0.494628906
vb0[972]+000 TEXCOORD3: 0.270588249, 0.203921571, 0.247058824, 0.239215687
vb0[972]+028 TANGENT: 0.196850389, 0, 0.984251976, 1

vb0[973]+000 POSITION: 0.0594482422, 1.35058594, -0.0148925781, 1
vb0[973]+008 NORMAL: -0.0629921257, -1, 0, 0
vb0[973]+000 COLOR: 0.611764729, 0.168627456, 0.403921574, 0.239215687
vb0[973]+012 TEXCOORD: 0.2109375, 0.993652344
vb0[973]+016 TEXCOORD1: 0.491699219, 0.495849609
vb0[973]+020 TEXCOORD2: 0.49609375, 0.496582031
vb0[973]+000 TEXCOORD3: 0.611764729, 0.168627456, 0.403921574, 0.239215687
vb0[973]+028 TANGENT: 0.244094491, -0.0157480314, 0.968503952, 1

vb0[974]+000 POSITION: 0.0897216797, 1.34765625, -0.0272216797, 1
vb0[974]+008 NORMAL: -0.11023622, -0.992125988, 0.0157480314, 0
vb0[974]+000 COLOR: 0.745098054, 0.176470593, 0.392156869, 0.239215687
vb0[974]+012 TEXCOORD: 0.203125, 0.989746094
vb0[974]+016 TEXCOORD1: 0.48828125, 0.495605469
vb0[974]+020 TEXCOORD2: 0.495117188, 0.496582031
vb0[974]+000 TEXCOORD3: 0.745098054, 0.176470593, 0.392156869, 0.239215687
vb0[974]+028 TANGENT: 0.291338593, -0.0157480314, 0.96062994, 1

vb0[975]+000 POSITION: 0.174926758, 1.33398438, -0.0530700684, 1
vb0[975]+008 NORMAL: -0.196850389, -0.976377964, 0.05511811, 0
vb0[975]+000 COLOR: 0.600000024, 0.192156866, 0.337254912, 0.239215687
vb0[975]+012 TEXCOORD: 0.203125, 0.977050781
vb0[975]+016 TEXCOORD1: 0.478027344, 0.494140625
vb0[975]+020 TEXCOORD2: 0.491943359, 0.49609375
vb0[975]+000 TEXCOORD3: 0.600000024, 0.192156866, 0.337254912, 0.239215687
vb0[975]+028 TANGENT: 0.291338593, 0, 0.96062994, 1

vb0[976]+000 POSITION: 0.0513305664, 1.3515625, -0.0155639648, 1
vb0[976]+008 NORMAL: -0.0314960629, -1, 0, 0
vb0[976]+000 COLOR: 0.572549045, 0.164705887, 0.407843143, 0.239215687
vb0[976]+012 TEXCOORD: 0.203125, 0.997070313
vb0[976]+016 TEXCOORD1: 0.492431641, 0.496337891
vb0[976]+020 TEXCOORD2: 0.496337891, 0.496826172
vb0[976]+000 TEXCOORD3: 0.572549045, 0.164705887, 0.407843143, 0.239215687
vb0[976]+028 TANGENT: 0.291338593, -0.00787401572, 0.96062994, 1

vb0[977]+000 POSITION: 1.60712118e-40, 1.35449219, 1.03314933e-40, 1
vb0[977]+008 NORMAL: 0, -1, 0, 0
vb0[977]+000 COLOR: 0.0549019612, 0, 0.419607848, 0.239215687
vb0[977]+012 TEXCOORD: 0.234375, 1
vb0[977]+016 TEXCOORD1: 0.497802734, 0.497070313
vb0[977]+020 TEXCOORD2: 0.497802734, 0.497070313
vb0[977]+000 TEXCOORD3: 0.0549019612, 0, 0.419607848, 0.239215687
vb0[977]+028 TANGENT: 0.196850389, 0, 0.984251976, 1

vb0[978]+000 POSITION: 0.0577087402, 1.35058594, -0.0206451416, 1
vb0[978]+008 NORMAL: -0.0629921257, -1, 0, 0
vb0[978]+000 COLOR: 0.388235301, 0.168627456, 0.403921574, 0.239215687
vb0[978]+012 TEXCOORD: 0.1953125, 0.993652344
vb0[978]+016 TEXCOORD1: 0.491699219, 0.496337891
vb0[978]+020 TEXCOORD2: 0.49609375, 0.496826172
vb0[978]+000 TEXCOORD3: 0.388235301, 0.168627456, 0.403921574, 0.239215687
vb0[978]+028 TANGENT: 0.338582665, -0.0236220472, 0.944881916, 1

vb0[979]+000 POSITION: 0.260253906, 1.31152344, -0.0789794922, 1
vb0[979]+008 NORMAL: -0.275590539, -0.96062994, 0.0866141766, 0
vb0[979]+000 COLOR: 0.164705887, 0.203921571, 0.247058824, 0.239215687
vb0[979]+012 TEXCOORD: 0.203125, 0.960449219
vb0[979]+016 TEXCOORD1: 0.465576172, 0.492431641
vb0[979]+020 TEXCOORD2: 0.488525391, 0.495605469
vb0[979]+000 TEXCOORD3: 0.164705887, 0.203921571, 0.247058824, 0.239215687
vb0[979]+028 TANGENT: 0.291338593, 0, 0.96062994, 1

vb0[980]+000 POSITION: 0.0866088867, 1.34765625, -0.0358886719, 1
vb0[980]+008 NORMAL: -0.11023622, -0.992125988, 0.0314960629, 0
vb0[980]+000 COLOR: 0.545098066, 0.176470593, 0.392156869, 0.239215687
vb0[980]+012 TEXCOORD: 0.1875, 0.989746094
vb0[980]+016 TEXCOORD1: 0.48828125, 0.496582031
vb0[980]+020 TEXCOORD2: 0.495117188, 0.496826172
vb0[980]+000 TEXCOORD3: 0.545098066, 0.176470593, 0.392156869, 0.239215687
vb0[980]+028 TANGENT: 0.377952754, -0.00787401572, 0.92125982, 1

vb0[981]+000 POSITION: 0.168823242, 1.33398438, -0.0699462891, 1
vb0[981]+008 NORMAL: -0.188976377, -0.976377964, 0.0787401572, 0
vb0[981]+000 COLOR: 0.403921574, 0.192156866, 0.337254912, 0.239215687
vb0[981]+012 TEXCOORD: 0.1875, 0.977050781
vb0[981]+016 TEXCOORD1: 0.477783203, 0.49609375
vb0[981]+020 TEXCOORD2: 0.491943359, 0.496582031
vb0[981]+000 TEXCOORD3: 0.403921574, 0.192156866, 0.337254912, 0.239215687
vb0[981]+028 TANGENT: 0.385826766, 0, 0.92125982, 1

vb0[982]+000 POSITION: 0.0495300293, 1.3515625, -0.0205230713, 1
vb0[982]+008 NORMAL: -0.0314960629, -1, 0, 0
vb0[982]+000 COLOR: 0.34117648, 0.164705887, 0.407843143, 0.239215687
vb0[982]+012 TEXCOORD: 0.1875, 0.997070313
vb0[982]+016 TEXCOORD1: 0.492431641, 0.496826172
vb0[982]+020 TEXCOORD2: 0.496337891, 0.496826172
vb0[982]+000 TEXCOORD3: 0.34117648, 0.164705887, 0.407843143, 0.239215687
vb0[982]+028 TANGENT: 0.385826766, -0.0157480314, 0.92125982, 1

vb0[983]+000 POSITION: 1.60712118e-40, 1.35449219, 1.03314933e-40, 1
vb0[983]+008 NORMAL: 0, -1, 0, 0
vb0[983]+000 COLOR: 0.0549019612, 0, 0.419607848, 0.239215687
vb0[983]+012 TEXCOORD: 0.203125, 1
vb0[983]+016 TEXCOORD1: 0.497802734, 0.497070313
vb0[983]+020 TEXCOORD2: 0.497802734, 0.497070313
vb0[983]+000 TEXCOORD3: 0.0549019612, 0, 0.419607848, 0.239215687
vb0[983]+028 TANGENT: 0.338582665, 0, 0.944881916, 1

vb0[984]+000 POSITION: 0.0554199219, 1.35058594, -0.0262145996, 1
vb0[984]+008 NORMAL: -0.05511811, -1, 0.00787401572, 0
vb0[984]+000 COLOR: 0.0941176489, 0.168627456, 0.403921574, 0.239215687
vb0[984]+012 TEXCOORD: 0.1796875, 0.993652344
vb0[984]+016 TEXCOORD1: 0.491699219, 0.497070313
vb0[984]+020 TEXCOORD2: 0.49609375, 0.497070313
vb0[984]+000 TEXCOORD3: 0.0941176489, 0.168627456, 0.403921574, 0.239215687
vb0[984]+028 TANGENT: 0.425196856, -0.0157480314, 0.905511796, 1

vb0[985]+000 POSITION: 0.0473022461, 1.3515625, -0.0252838135, 1
vb0[985]+008 NORMAL: -0.0314960629, -1, 0, 0
vb0[985]+000 COLOR: 0.0549019612, 0.164705887, 0.407843143, 0.239215687
vb0[985]+012 TEXCOORD: 0.171875, 0.997070313
vb0[985]+016 TEXCOORD1: 0.492431641, 0.497314453
vb0[985]+020 TEXCOORD2: 0.496337891, 0.497070313
vb0[985]+000 TEXCOORD3: 0.0549019612, 0.164705887, 0.407843143, 0.239215687
vb0[985]+028 TANGENT: 0.472440958, -0.0157480314, 0.88188976, 1

vb0[986]+000 POSITION: 0.0827026367, 1.34765625, -0.0441894531, 1
vb0[986]+008 NORMAL: -0.102362208, -0.992125988, 0.0472440943, 0
vb0[986]+000 COLOR: 0.294117659, 0.176470593, 0.392156869, 0.239215687
vb0[986]+012 TEXCOORD: 0.171875, 0.989746094
vb0[986]+016 TEXCOORD1: 0.48828125, 0.497558594
vb0[986]+020 TEXCOORD2: 0.495117188, 0.497070313
vb0[986]+000 TEXCOORD3: 0.294117659, 0.176470593, 0.392156869, 0.239215687
vb0[986]+028 TANGENT: 0.472440958, -0.00787401572, 0.88188976, 1

vb0[987]+000 POSITION: 0.161254883, 1.33398438, -0.0861816406, 1
vb0[987]+008 NORMAL: -0.181102365, -0.976377964, 0.0944881886, 0
vb0[987]+000 COLOR: 0.160784319, 0.192156866, 0.337254912, 0.239215687
vb0[987]+012 TEXCOORD: 0.171875, 0.977050781
vb0[987]+016 TEXCOORD1: 0.477783203, 0.498046875
vb0[987]+020 TEXCOORD2: 0.491943359, 0.497314453
vb0[987]+000 TEXCOORD3: 0.160784319, 0.192156866, 0.337254912, 0.239215687
vb0[987]+028 TANGENT: 0.472440958, 0, 0.88188976, 1

vb0[988]+000 POSITION: 0.0525817871, 1.35058594, -0.0315246582, 1
vb0[988]+008 NORMAL: -0.05511811, -1, 0.0236220472, 0
vb0[988]+000 COLOR: 0.733333349, 0.164705887, 0.403921574, 0.239215687
vb0[988]+012 TEXCOORD: 0.1640625, 0.993652344
vb0[988]+016 TEXCOORD1: 0.491699219, 0.497558594
vb0[988]+020 TEXCOORD2: 0.49609375, 0.497070313
vb0[988]+000 TEXCOORD3: 0.733333349, 0.164705887, 0.403921574, 0.239215687
vb0[988]+028 TANGENT: 0.511811018, -0.00787401572, 0.858267725, 1

vb0[989]+000 POSITION: 0.0779418945, 1.34765625, -0.0520935059, 1
vb0[989]+008 NORMAL: -0.0944881886, -0.992125988, 0.0629921257, 0
vb0[989]+000 COLOR: 0.992156863, 0.172549024, 0.392156869, 0.239215687
vb0[989]+012 TEXCOORD: 0.15625, 0.989746094
vb0[989]+016 TEXCOORD1: 0.48828125, 0.498535156
vb0[989]+020 TEXCOORD2: 0.495117188, 0.497314453
vb0[989]+000 TEXCOORD3: 0.992156863, 0.172549024, 0.392156869, 0.239215687
vb0[989]+028 TANGENT: 0.55905509, 0, 0.834645689, 1

vb0[990]+000 POSITION: 0.151977539, 1.33398438, -0.1015625, 1
vb0[990]+008 NORMAL: -0.165354326, -0.976377964, 0.11023622, 0
vb0[990]+000 COLOR: 0.866666675, 0.188235298, 0.337254912, 0.239215687
vb0[990]+012 TEXCOORD: 0.15625, 0.977050781
vb0[990]+016 TEXCOORD1: 0.478027344, 0.5
vb0[990]+020 TEXCOORD2: 0.491943359, 0.497802734
vb0[990]+000 TEXCOORD3: 0.866666675, 0.188235298, 0.337254912, 0.239215687
vb0[990]+028 TANGENT: 0.55905509, 0, 0.834645689, 1

vb0[991]+000 POSITION: 0.0445861816, 1.3515625, -0.029800415, 1
vb0[991]+008 NORMAL: -0.0314960629, -1, 0.00787401572, 0
vb0[991]+000 COLOR: 0.709803939, 0.160784319, 0.407843143, 0.239215687
vb0[991]+012 TEXCOORD: 0.15625, 0.997070313
vb0[991]+016 TEXCOORD1: 0.492431641, 0.497802734
vb0[991]+020 TEXCOORD2: 0.496337891, 0.497314453
vb0[991]+000 TEXCOORD3: 0.709803939, 0.160784319, 0.407843143, 0.239215687
vb0[991]+028 TANGENT: 0.55905509, -0.00787401572, 0.834645689, 1

vb0[992]+000 POSITION: 1.60712118e-40, 1.35449219, 1.03314933e-40, 1
vb0[992]+008 NORMAL: 0, -1, 0, 0
vb0[992]+000 COLOR: 0.0549019612, 0, 0.419607848, 0.239215687
vb0[992]+012 TEXCOORD: 0.1875, 1
vb0[992]+016 TEXCOORD1: 0.497802734, 0.497070313
vb0[992]+020 TEXCOORD2: 0.497802734, 0.497070313
vb0[992]+000 TEXCOORD3: 0.0549019612, 0, 0.419607848, 0.239215687
vb0[992]+028 TANGENT: 0.472440958, 0, 0.88188976, 1

vb0[993]+000 POSITION: 0.0492248535, 1.35058594, -0.036529541, 1
vb0[993]+008 NORMAL: -0.05511811, -1, 0.0393700786, 0
vb0[993]+000 COLOR: 0.301960796, 0.164705887, 0.403921574, 0.239215687
vb0[993]+012 TEXCOORD: 0.1484375, 0.993652344
vb0[993]+016 TEXCOORD1: 0.491699219, 0.498291016
vb0[993]+020 TEXCOORD2: 0.49609375, 0.497314453
vb0[993]+000 TEXCOORD3: 0.301960796, 0.164705887, 0.403921574, 0.239215687
vb0[993]+028 TANGENT: 0.59842521, 0, 0.803149581, 1

vb0[994]+000 POSITION: 0.251220703, 1.31152344, -0.104064941, 1
vb0[994]+008 NORMAL: -0.267716527, -0.96062994, 0.11023622, 0
vb0[994]+000 COLOR: 0.0196078438, 0.203921571, 0.247058824, 0.239215687
vb0[994]+012 TEXCOORD: 0.1875, 0.960449219
vb0[994]+016 TEXCOORD1: 0.465332031, 0.495605469
vb0[994]+020 TEXCOORD2: 0.48828125, 0.496582031
vb0[994]+000 TEXCOORD3: 0.0196078438, 0.203921571, 0.247058824, 0.239215687
vb0[994]+028 TANGENT: 0.385826766, 0, 0.92125982, 1

vb0[995]+000 POSITION: 0.239868164, 1.31152344, -0.128173828, 1
vb0[995]+008 NORMAL: -0.251968503, -0.96062994, 0.133858263, 0
vb0[995]+000 COLOR: 0.678431392, 0.200000003, 0.247058824, 0.239215687
vb0[995]+012 TEXCOORD: 0.171875, 0.960449219
vb0[995]+016 TEXCOORD1: 0.465332031, 0.498779297
vb0[995]+020 TEXCOORD2: 0.48828125, 0.497314453
vb0[995]+000 TEXCOORD3: 0.678431392, 0.200000003, 0.247058824, 0.239215687
vb0[995]+028 TANGENT: 0.472440958, 0, 0.88188976, 1

vb0[996]+000 POSITION: 0.226196289, 1.31152344, -0.151123047, 1
vb0[996]+008 NORMAL: -0.244094491, -0.96062994, 0.157480314, 0
vb0[996]+000 COLOR: 0.239215687, 0.200000003, 0.247058824, 0.239215687
vb0[996]+012 TEXCOORD: 0.15625, 0.960449219
vb0[996]+016 TEXCOORD1: 0.465576172, 0.501953125
vb0[996]+020 TEXCOORD2: 0.488525391, 0.498291016
vb0[996]+000 TEXCOORD3: 0.239215687, 0.200000003, 0.247058824, 0.239215687
vb0[996]+028 TANGENT: 0.55905509, 0, 0.834645689, 1

vb0[997]+000 POSITION: 0.331298828, 1.28125, -0.137207031, 1
vb0[997]+008 NORMAL: -0.346456707, -0.929133832, 0.14173229, 0
vb0[997]+000 COLOR: 0.301960796, 0.20784314, 0.125490203, 0.239215687
vb0[997]+012 TEXCOORD: 0.1875, 0.942382813
vb0[997]+016 TEXCOORD1: 0.451171875, 0.494873047
vb0[997]+020 TEXCOORD2: 0.484375, 0.496337891
vb0[997]+000 TEXCOORD3: 0.301960796, 0.20784314, 0.125490203, 0.239215687
vb0[997]+028 TANGENT: 0.385826766, 0, 0.92125982, 1

vb0[998]+000 POSITION: 0.316162109, 1.28125, -0.169067383, 1
vb0[998]+008 NORMAL: -0.330708653, -0.929133832, 0.173228353, 0
vb0[998]+000 COLOR: 0.0588235296, 0.20784314, 0.125490203, 0.239215687
vb0[998]+012 TEXCOORD: 0.171875, 0.942382813
vb0[998]+016 TEXCOORD1: 0.451171875, 0.499511719
vb0[998]+020 TEXCOORD2: 0.484375, 0.497558594
vb0[998]+000 TEXCOORD3: 0.0588235296, 0.20784314, 0.125490203, 0.239215687
vb0[998]+028 TANGENT: 0.472440958, 0, 0.88188976, 1

vb0[999]+000 POSITION: 0.298095703, 1.28125, -0.19921875, 1
vb0[999]+008 NORMAL: -0.307086617, -0.929133832, 0.204724416, 0
vb0[999]+000 COLOR: 0.772549033, 0.203921571, 0.125490203, 0.239215687
vb0[999]+012 TEXCOORD: 0.15625, 0.942382813
vb0[999]+016 TEXCOORD1: 0.451660156, 0.50390625
vb0[999]+020 TEXCOORD2: 0.484375, 0.498779297
vb0[999]+000 TEXCOORD3: 0.772549033, 0.203921571, 0.125490203, 0.239215687
vb0[999]+028 TANGENT: 0.55905509, 0, 0.834645689, 1

vb0[1000]+000 POSITION: 0.343017578, 1.28125, -0.104064941, 1
vb0[1000]+008 NORMAL: -0.354330719, -0.929133832, 0.11023622, 0
vb0[1000]+000 COLOR: 0.490196079, 0.20784314, 0.125490203, 0.239215687
vb0[1000]+012 TEXCOORD: 0.203125, 0.942382813
vb0[1000]+016 TEXCOORD1: 0.451660156, 0.490234375
vb0[1000]+020 TEXCOORD2: 0.484375, 0.494873047
vb0[1000]+000 TEXCOORD3: 0.490196079, 0.20784314, 0.125490203, 0.239215687
vb0[1000]+028 TANGENT: 0.291338593, 0, 0.96062994, 1

vb0[1001]+000 POSITION: 0.407958984, 1.24316406, -0.169067383, 1
vb0[1001]+008 NORMAL: -0.425196856, -0.889763772, 0.173228353, 0
vb0[1001]+000 COLOR: 0.529411793, 0.211764708, 0.97647059, 0.235294119
vb0[1001]+012 TEXCOORD: 0.1875, 0.919921875
vb0[1001]+016 TEXCOORD1: 0.435058594, 0.494140625
vb0[1001]+020 TEXCOORD2: 0.479492188, 0.495849609
vb0[1001]+000 TEXCOORD3: 0.529411793, 0.211764708, 0.97647059, 0.235294119
vb0[1001]+028 TANGENT: 0.385826766, 0, 0.92125982, 1

vb0[1002]+000 POSITION: 0.389404297, 1.24316406, -0.208251953, 1
vb0[1002]+008 NORMAL: -0.409448832, -0.889763772, 0.22047244, 0
vb0[1002]+000 COLOR: 0.23137255, 0.211764708, 0.97647059, 0.235294119
vb0[1002]+012 TEXCOORD: 0.171875, 0.919921875
vb0[1002]+016 TEXCOORD1: 0.435058594, 0.500488281
vb0[1002]+020 TEXCOORD2: 0.479248047, 0.497802734
vb0[1002]+000 TEXCOORD3: 0.23137255, 0.211764708, 0.97647059, 0.235294119
vb0[1002]+028 TANGENT: 0.472440958, 0, 0.88188976, 1

vb0[1003]+000 POSITION: 0.422607422, 1.24316406, -0.128173828, 1
vb0[1003]+008 NORMAL: -0.44094488, -0.889763772, 0.133858263, 0
vb0[1003]+000 COLOR: 0.764705896, 0.211764708, 0.97647059, 0.235294119
vb0[1003]+012 TEXCOORD: 0.203125, 0.919921875
vb0[1003]+016 TEXCOORD1: 0.435791016, 0.488037109
vb0[1003]+020 TEXCOORD2: 0.479492188, 0.494140625
vb0[1003]+000 TEXCOORD3: 0.764705896, 0.211764708, 0.97647059, 0.235294119
vb0[1003]+028 TANGENT: 0.291338593, 0, 0.96062994, 1

vb0[1004]+000 POSITION: 0.3515625, 1.28125, -0.0699462891, 1
vb0[1004]+008 NORMAL: -0.362204731, -0.929133832, 0.0708661452, 0
vb0[1004]+000 COLOR: 0.627451003, 0.20784314, 0.125490203, 0.239215687
vb0[1004]+012 TEXCOORD: 0.21875, 0.942382813
vb0[1004]+016 TEXCOORD1: 0.452392578, 0.485839844
vb0[1004]+020 TEXCOORD2: 0.484619141, 0.493652344
vb0[1004]+000 TEXCOORD3: 0.627451003, 0.20784314, 0.125490203, 0.239215687
vb0[1004]+028 TANGENT: 0.196850389, 0, 0.984251976, 1

vb0[1005]+000 POSITION: 0.433105469, 1.24316406, -0.0861816406, 1
vb0[1005]+008 NORMAL: -0.456692904, -0.889763772, 0.0866141766, 0
vb0[1005]+000 COLOR: 0.933333337, 0.211764708, 0.97647059, 0.235294119
vb0[1005]+012 TEXCOORD: 0.21875, 0.919921875
vb0[1005]+016 TEXCOORD1: 0.437011719, 0.481933594
vb0[1005]+020 TEXCOORD2: 0.479980469, 0.492431641
vb0[1005]+000 TEXCOORD3: 0.933333337, 0.211764708, 0.97647059, 0.235294119
vb0[1005]+028 TANGENT: 0.196850389, 0, 0.984251976, 1

vb0[1006]+000 POSITION: 0.439453125, 1.24316406, -0.0433044434, 1
vb0[1006]+008 NORMAL: -0.456692904, -0.889763772, 0.0472440943, 0
vb0[1006]+000 COLOR: 0.0313725509, 0.215686277, 0.97647059, 0.235294119
vb0[1006]+012 TEXCOORD: 0.234375, 0.919921875
vb0[1006]+016 TEXCOORD1: 0.438720703, 0.476074219
vb0[1006]+020 TEXCOORD2: 0.48046875, 0.490722656
vb0[1006]+000 TEXCOORD3: 0.0313725509, 0.215686277, 0.97647059, 0.235294119
vb0[1006]+028 TANGENT: 0.0944881886, 0, 0.992125988, 1

vb0[1007]+000 POSITION: 0.441650391, 1.24316406, 2.2958874e-41, 1
vb0[1007]+008 NORMAL: -0.464566916, -0.889763772, 0, 0
vb0[1007]+000 COLOR: 0.0666666701, 0.215686277, 0.97647059, 0.235294119
vb0[1007]+012 TEXCOORD: 0.25, 0.919921875
vb0[1007]+016 TEXCOORD1: 0.440917969, 0.470458984
vb0[1007]+020 TEXCOORD2: 0.481201172, 0.489013672
vb0[1007]+000 TEXCOORD3: 0.0666666701, 0.215686277, 0.97647059, 0.235294119
vb0[1007]+028 TANGENT: 0, 0, 1, 1

vb0[1008]+000 POSITION: 0.510742188, 1.19628906, -0.1015625, 1
vb0[1008]+008 NORMAL: -0.55905509, -0.826771677, 0.11023622, 0
vb0[1008]+000 COLOR: 0.0862745121, 0.219607845, 0.788235307, 0.235294119
vb0[1008]+012 TEXCOORD: 0.21875, 0.893066406
vb0[1008]+016 TEXCOORD1: 0.419921875, 0.477783203
vb0[1008]+020 TEXCOORD2: 0.473632813, 0.490722656
vb0[1008]+000 TEXCOORD3: 0.0862745121, 0.219607845, 0.788235307, 0.235294119
vb0[1008]+028 TANGENT: 0.196850389, 0, 0.984251976, 1

vb0[1009]+000 POSITION: 0.498046875, 1.19628906, -0.151123047, 1
vb0[1009]+008 NORMAL: -0.543307066, -0.826771677, 0.165354326, 0
vb0[1009]+000 COLOR: 0.972549021, 0.215686277, 0.788235307, 0.235294119
vb0[1009]+012 TEXCOORD: 0.203125, 0.893066406
vb0[1009]+016 TEXCOORD1: 0.418457031, 0.485351563
vb0[1009]+020 TEXCOORD2: 0.472900391, 0.493164063
vb0[1009]+000 TEXCOORD3: 0.972549021, 0.215686277, 0.788235307, 0.235294119
vb0[1009]+028 TANGENT: 0.291338593, 0, 0.96062994, 1

vb0[1010]+000 POSITION: 0.518066406, 1.19628906, -0.0510253906, 1
vb0[1010]+008 NORMAL: -0.566929162, -0.826771677, 0.05511811, 0
vb0[1010]+000 COLOR: 0.145098045, 0.219607845, 0.788235307, 0.235294119
vb0[1010]+012 TEXCOORD: 0.234375, 0.893066406
vb0[1010]+016 TEXCOORD1: 0.422119141, 0.470214844
vb0[1010]+020 TEXCOORD2: 0.474365234, 0.48828125
vb0[1010]+000 TEXCOORD3: 0.145098045, 0.219607845, 0.788235307, 0.235294119
vb0[1010]+028 TANGENT: 0.0944881886, 0, 0.992125988, 1

vb0[1011]+000 POSITION: 0.480957031, 1.19628906, -0.19921875, 1
vb0[1011]+008 NORMAL: -0.527559042, -0.826771677, 0.22047244, 0
vb0[1011]+000 COLOR: 0.698039234, 0.215686277, 0.788235307, 0.235294119
vb0[1011]+012 TEXCOORD: 0.1875, 0.893066406
vb0[1011]+016 TEXCOORD1: 0.417724609, 0.493164063
vb0[1011]+020 TEXCOORD2: 0.47265625, 0.495605469
vb0[1011]+000 TEXCOORD3: 0.698039234, 0.215686277, 0.788235307, 0.235294119
vb0[1011]+028 TANGENT: 0.385826766, 0, 0.92125982, 1

vb0[1012]+000 POSITION: 0.520507813, 1.19628906, 0, 1
vb0[1012]+008 NORMAL: -0.566929162, -0.826771677, 0, 0
vb0[1012]+000 COLOR: 0.164705887, 0.219607845, 0.788235307, 0.235294119
vb0[1012]+012 TEXCOORD: 0.25, 0.893066406
vb0[1012]+016 TEXCOORD1: 0.425292969, 0.462890625
vb0[1012]+020 TEXCOORD2: 0.475097656, 0.486083984
vb0[1012]+000 TEXCOORD3: 0.164705887, 0.219607845, 0.788235307, 0.235294119
vb0[1012]+028 TANGENT: 0, 0, 1, 1

vb0[1013]+000 POSITION: 0.439453125, 1.24316406, 0.0433044434, 1
vb0[1013]+008 NORMAL: -0.456692904, -0.889763772, -0.0472440943, 0
vb0[1013]+000 COLOR: 0.0313725509, 0.215686277, 0.97647059, 0.235294119
vb0[1013]+012 TEXCOORD: 0.265625, 0.919921875
vb0[1013]+016 TEXCOORD1: 0.443847656, 0.465087891
vb0[1013]+020 TEXCOORD2: 0.482177734, 0.487548828
vb0[1013]+000 TEXCOORD3: 0.0313725509, 0.215686277, 0.97647059, 0.235294119
vb0[1013]+028 TANGENT: -0.0944881886, 0, 0.992125988, 1

vb0[1014]+000 POSITION: 0.433105469, 1.24316406, 0.0861816406, 1
vb0[1014]+008 NORMAL: -0.456692904, -0.889763772, -0.0866141766, 0
vb0[1014]+000 COLOR: 0.933333337, 0.211764708, 0.97647059, 0.235294119
vb0[1014]+012 TEXCOORD: 0.28125, 0.919921875
vb0[1014]+016 TEXCOORD1: 0.447265625, 0.459960938
vb0[1014]+020 TEXCOORD2: 0.483154297, 0.485839844
vb0[1014]+000 TEXCOORD3: 0.933333337, 0.211764708, 0.97647059, 0.235294119
vb0[1014]+028 TANGENT: -0.196850389, 0, 0.984251976, 1

vb0[1015]+000 POSITION: 0.510742188, 1.19628906, 0.1015625, 1
vb0[1015]+008 NORMAL: -0.55905509, -0.826771677, -0.11023622, 0
vb0[1015]+000 COLOR: 0.0862745121, 0.219607845, 0.788235307, 0.235294119
vb0[1015]+012 TEXCOORD: 0.28125, 0.893066406
vb0[1015]+016 TEXCOORD1: 0.433349609, 0.449462891
vb0[1015]+020 TEXCOORD2: 0.477783203, 0.481933594
vb0[1015]+000 TEXCOORD3: 0.0862745121, 0.219607845, 0.788235307, 0.235294119
vb0[1015]+028 TANGENT: -0.196850389, 0, 0.984251976, 1

vb0[1016]+000 POSITION: 0.498046875, 1.19628906, 0.151123047, 1
vb0[1016]+008 NORMAL: -0.543307066, -0.826771677, -0.165354326, 0
vb0[1016]+000 COLOR: 0.972549021, 0.215686277, 0.788235307, 0.235294119
vb0[1016]+012 TEXCOORD: 0.296875, 0.893066406
vb0[1016]+016 TEXCOORD1: 0.438232422, 0.443359375
vb0[1016]+020 TEXCOORD2: 0.479248047, 0.479980469
vb0[1016]+000 TEXCOORD3: 0.972549021, 0.215686277, 0.788235307, 0.235294119
vb0[1016]+028 TANGENT: -0.291338593, 0, 0.96062994, 1

vb0[1017]+000 POSITION: 0.549316406, 1.13769531, 0.227416992, 1
vb0[1017]+008 NORMAL: -0.622047246, -0.740157485, -0.259842515, 0
vb0[1017]+000 COLOR: 0.396078438, 0.219607845, 0.552941203, 0.235294119
vb0[1017]+012 TEXCOORD: 0.3125, 0.860839844
vb0[1017]+016 TEXCOORD1: 0.431396484, 0.424316406
vb0[1017]+020 TEXCOORD2: 0.475585938, 0.472167969
vb0[1017]+000 TEXCOORD3: 0.396078438, 0.219607845, 0.552941203, 0.235294119
vb0[1017]+028 TANGENT: -0.385826766, 0, 0.92125982, 1

vb0[1018]+000 POSITION: 0.568847656, 1.13769531, 0.172485352, 1
vb0[1018]+008 NORMAL: -0.637795269, -0.740157485, -0.196850389, 0
vb0[1018]+000 COLOR: 0.552941203, 0.219607845, 0.552941203, 0.235294119
vb0[1018]+012 TEXCOORD: 0.296875, 0.860839844
vb0[1018]+016 TEXCOORD1: 0.424560547, 0.431152344
vb0[1018]+020 TEXCOORD2: 0.473388672, 0.474609375
vb0[1018]+000 TEXCOORD3: 0.552941203, 0.219607845, 0.552941203, 0.235294119
vb0[1018]+028 TANGENT: -0.291338593, 0, 0.96062994, 1

vb0[1019]+000 POSITION: 0.524414063, 1.13769531, 0.280273438, 1
vb0[1019]+008 NORMAL: -0.590551198, -0.740157485, -0.314960629, 0
vb0[1019]+000 COLOR: 0.196078435, 0.219607845, 0.552941203, 0.235294119
vb0[1019]+012 TEXCOORD: 0.328125, 0.860839844
vb0[1019]+016 TEXCOORD1: 0.438720703, 0.418212891
vb0[1019]+020 TEXCOORD2: 0.478271484, 0.470214844
vb0[1019]+000 TEXCOORD3: 0.196078435, 0.219607845, 0.552941203, 0.235294119
vb0[1019]+028 TANGENT: -0.472440958, 0, 0.88188976, 1

vb0[1020]+000 POSITION: 0.518066406, 1.19628906, 0.0510253906, 1
vb0[1020]+008 NORMAL: -0.566929162, -0.826771677, -0.05511811, 0
vb0[1020]+000 COLOR: 0.145098045, 0.219607845, 0.788235307, 0.235294119
vb0[1020]+012 TEXCOORD: 0.265625, 0.893066406
vb0[1020]+016 TEXCOORD1: 0.428955078, 0.456054688
vb0[1020]+020 TEXCOORD2: 0.476318359, 0.483886719
vb0[1020]+000 TEXCOORD3: 0.145098045, 0.219607845, 0.788235307, 0.235294119
vb0[1020]+028 TANGENT: -0.0944881886, 0, 0.992125988, 1

vb0[1021]+000 POSITION: 0.594238281, 1.13769531, 4.59177481e-41, 1
vb0[1021]+008 NORMAL: -0.669291317, -0.740157485, 0, 0
vb0[1021]+000 COLOR: 0.75686276, 0.219607845, 0.552941203, 0.235294119
vb0[1021]+012 TEXCOORD: 0.25, 0.860839844
vb0[1021]+016 TEXCOORD1: 0.408447266, 0.455078125
vb0[1021]+020 TEXCOORD2: 0.467773438, 0.482666016
vb0[1021]+000 TEXCOORD3: 0.75686276, 0.219607845, 0.552941203, 0.235294119
vb0[1021]+028 TANGENT: 0, 0, 1, 1

vb0[1022]+000 POSITION: 0.591308594, 1.13769531, -0.0582580566, 1
vb0[1022]+008 NORMAL: -0.669291317, -0.740157485, 0.0629921257, 0
vb0[1022]+000 COLOR: 0.733333349, 0.219607845, 0.552941203, 0.235294119
vb0[1022]+012 TEXCOORD: 0.234375, 0.860839844
vb0[1022]+016 TEXCOORD1: 0.404785156, 0.464111328
vb0[1022]+020 TEXCOORD2: 0.466552734, 0.485595703
vb0[1022]+000 TEXCOORD3: 0.733333349, 0.219607845, 0.552941203, 0.235294119
vb0[1022]+028 TANGENT: 0.0944881886, 0, 0.992125988, 1

vb0[1023]+000 POSITION: 0.591308594, 1.13769531, 0.0582580566, 1
vb0[1023]+008 NORMAL: -0.669291317, -0.740157485, -0.0629921257, 0
vb0[1023]+000 COLOR: 0.733333349, 0.219607845, 0.552941203, 0.235294119
vb0[1023]+012 TEXCOORD: 0.265625, 0.860839844
vb0[1023]+016 TEXCOORD1: 0.413085938, 0.446533203
vb0[1023]+020 TEXCOORD2: 0.469482422, 0.479736328
vb0[1023]+000 TEXCOORD3: 0.733333349, 0.219607845, 0.552941203, 0.235294119
vb0[1023]+028 TANGENT: -0.0944881886, 0, 0.992125988, 1

vb0[1024]+000 POSITION: 0.583007813, 1.13769531, -0.115966797, 1
vb0[1024]+008 NORMAL: -0.661417305, -0.740157485, 0.133858263, 0
vb0[1024]+000 COLOR: 0.666666687, 0.219607845, 0.552941203, 0.235294119
vb0[1024]+012 TEXCOORD: 0.21875, 0.860839844
vb0[1024]+016 TEXCOORD1: 0.402099609, 0.473144531
vb0[1024]+020 TEXCOORD2: 0.465576172, 0.488769531
vb0[1024]+000 TEXCOORD3: 0.666666687, 0.219607845, 0.552941203, 0.235294119
vb0[1024]+028 TANGENT: 0.196850389, 0, 0.984251976, 1

vb0[1025]+000 POSITION: 0.583007813, 1.13769531, 0.115966797, 1
vb0[1025]+008 NORMAL: -0.661417305, -0.740157485, -0.133858263, 0
vb0[1025]+000 COLOR: 0.666666687, 0.219607845, 0.552941203, 0.235294119
vb0[1025]+012 TEXCOORD: 0.28125, 0.860839844
vb0[1025]+016 TEXCOORD1: 0.418457031, 0.438476563
vb0[1025]+020 TEXCOORD2: 0.471191406, 0.477050781
vb0[1025]+000 TEXCOORD3: 0.666666687, 0.219607845, 0.552941203, 0.235294119
vb0[1025]+028 TANGENT: -0.196850389, 0, 0.984251976, 1

vb0[1026]+000 POSITION: 0.649902344, 1.06835938, 0.129272461, 1
vb0[1026]+008 NORMAL: -0.740157485, -0.653543293, -0.149606302, 0
vb0[1026]+000 COLOR: 0.200000003, 0.223529413, 0.274509817, 0.235294119
vb0[1026]+012 TEXCOORD: 0.28125, 0.82421875
vb0[1026]+016 TEXCOORD1: 0.403320313, 0.427490234
vb0[1026]+020 TEXCOORD2: 0.463134766, 0.470947266
vb0[1026]+000 TEXCOORD3: 0.200000003, 0.223529413, 0.274509817, 0.235294119
vb0[1026]+028 TANGENT: -0.196850389, 0, 0.984251976, 1

vb0[1027]+000 POSITION: 0.659179688, 1.06835938, 0.0649414063, 1
vb0[1027]+008 NORMAL: -0.755905509, -0.653543293, -0.0708661452, 0
vb0[1027]+000 COLOR: 0.274509817, 0.223529413, 0.274509817, 0.235294119
vb0[1027]+012 TEXCOORD: 0.265625, 0.82421875
vb0[1027]+016 TEXCOORD1: 0.396972656, 0.437011719
vb0[1027]+020 TEXCOORD2: 0.4609375, 0.474365234
vb0[1027]+000 TEXCOORD3: 0.274509817, 0.223529413, 0.274509817, 0.235294119
vb0[1027]+028 TANGENT: -0.0944881886, 0, 0.992125988, 1

vb0[1028]+000 POSITION: 0.662597656, 1.06835938, 2.2958874e-41, 1
vb0[1028]+008 NORMAL: -0.755905509, -0.653543293, 0, 0
vb0[1028]+000 COLOR: 0.301960796, 0.223529413, 0.274509817, 0.235294119
vb0[1028]+012 TEXCOORD: 0.25, 0.82421875
vb0[1028]+016 TEXCOORD1: 0.391601563, 0.447021484
vb0[1028]+020 TEXCOORD2: 0.458740234, 0.478271484
vb0[1028]+000 TEXCOORD3: 0.301960796, 0.223529413, 0.274509817, 0.235294119
vb0[1028]+028 TANGENT: 0, 0, 1, 1

vb0[1029]+000 POSITION: 0.633789063, 1.06835938, 0.192260742, 1
vb0[1029]+008 NORMAL: -0.724409461, -0.653543293, -0.22047244, 0
vb0[1029]+000 COLOR: 0.0705882385, 0.223529413, 0.274509817, 0.235294119
vb0[1029]+012 TEXCOORD: 0.296875, 0.82421875
vb0[1029]+016 TEXCOORD1: 0.410644531, 0.418457031
vb0[1029]+020 TEXCOORD2: 0.465820313, 0.467773438
vb0[1029]+000 TEXCOORD3: 0.0705882385, 0.223529413, 0.274509817, 0.235294119
vb0[1029]+028 TANGENT: -0.291338593, 0, 0.96062994, 1

vb0[1030]+000 POSITION: 0.710449219, 0.985839844, 0.141235352, 1
vb0[1030]+008 NORMAL: -0.818897665, -0.551181078, -0.165354326, 0
vb0[1030]+000 COLOR: 0.686274529, 0.223529413, 0.890196085, 0.23137255
vb0[1030]+012 TEXCOORD: 0.28125, 0.778808594
vb0[1030]+016 TEXCOORD1: 0.388916016, 0.416748047
vb0[1030]+020 TEXCOORD2: 0.453369141, 0.463378906
vb0[1030]+000 TEXCOORD3: 0.686274529, 0.223529413, 0.890196085, 0.23137255
vb0[1030]+028 TANGENT: -0.196850389, 0, 0.984251976, 1

vb0[1031]+000 POSITION: 0.720703125, 0.985839844, 0.0709838867, 1
vb0[1031]+008 NORMAL: -0.834645689, -0.551181078, -0.0787401572, 0
vb0[1031]+000 COLOR: 0.768627465, 0.223529413, 0.890196085, 0.23137255
vb0[1031]+012 TEXCOORD: 0.265625, 0.778808594
vb0[1031]+016 TEXCOORD1: 0.381591797, 0.427734375
vb0[1031]+020 TEXCOORD2: 0.450195313, 0.468017578
vb0[1031]+000 TEXCOORD3: 0.768627465, 0.223529413, 0.890196085, 0.23137255
vb0[1031]+028 TANGENT: -0.0944881886, 0, 0.992125988, 1

vb0[1032]+000 POSITION: 0.724121094, 0.985839844, 5.73971851e-41, 1
vb0[1032]+008 NORMAL: -0.834645689, -0.551181078, 0, 0
vb0[1032]+000 COLOR: 0.796078444, 0.223529413, 0.890196085, 0.23137255
vb0[1032]+012 TEXCOORD: 0.25, 0.778808594
vb0[1032]+016 TEXCOORD1: 0.375244141, 0.439453125
vb0[1032]+020 TEXCOORD2: 0.447509766, 0.47265625
vb0[1032]+000 TEXCOORD3: 0.796078444, 0.223529413, 0.890196085, 0.23137255
vb0[1032]+028 TANGENT: 0, 0, 1, 1

vb0[1033]+000 POSITION: 0.775390625, 0.889160156, 0.0763549805, 1
vb0[1033]+008 NORMAL: -0.889763772, -0.44094488, -0.0866141766, 0
vb0[1033]+000 COLOR: 0.203921571, 0.227450982, 0.113725491, 0.23137255
vb0[1033]+012 TEXCOORD: 0.265625, 0.718261719
vb0[1033]+016 TEXCOORD1: 0.366943359, 0.418945313
vb0[1033]+020 TEXCOORD2: 0.437255859, 0.459960938
vb0[1033]+000 TEXCOORD3: 0.203921571, 0.227450982, 0.113725491, 0.23137255
vb0[1033]+028 TANGENT: -0.0944881886, 0, 0.992125988, 1

vb0[1034]+000 POSITION: 0.778808594, 0.889160156, 0, 1
vb0[1034]+008 NORMAL: -0.897637784, -0.44094488, 0, 0
vb0[1034]+000 COLOR: 0.23137255, 0.227450982, 0.113725491, 0.23137255
vb0[1034]+012 TEXCOORD: 0.25, 0.718261719
vb0[1034]+016 TEXCOORD1: 0.359863281, 0.432128906
vb0[1034]+020 TEXCOORD2: 0.433837891, 0.466064453
vb0[1034]+000 TEXCOORD3: 0.23137255, 0.227450982, 0.113725491, 0.23137255
vb0[1034]+028 TANGENT: 0, 0, 1, 1

vb0[1035]+000 POSITION: 0.659179688, 1.06835938, -0.0649414063, 1
vb0[1035]+008 NORMAL: -0.755905509, -0.653543293, 0.0708661452, 0
vb0[1035]+000 COLOR: 0.274509817, 0.223529413, 0.274509817, 0.235294119
vb0[1035]+012 TEXCOORD: 0.234375, 0.82421875
vb0[1035]+016 TEXCOORD1: 0.387207031, 0.457763672
vb0[1035]+020 TEXCOORD2: 0.45703125, 0.481933594
vb0[1035]+000 TEXCOORD3: 0.274509817, 0.223529413, 0.274509817, 0.235294119
vb0[1035]+028 TANGENT: 0.0944881886, 0, 0.992125988, 1

vb0[1036]+000 POSITION: 0.720703125, 0.985839844, -0.0709838867, 1
vb0[1036]+008 NORMAL: -0.834645689, -0.551181078, 0.0787401572, 0
vb0[1036]+000 COLOR: 0.768627465, 0.223529413, 0.890196085, 0.23137255
vb0[1036]+012 TEXCOORD: 0.234375, 0.778808594
vb0[1036]+016 TEXCOORD1: 0.370117188, 0.451660156
vb0[1036]+020 TEXCOORD2: 0.4453125, 0.477783203
vb0[1036]+000 TEXCOORD3: 0.768627465, 0.223529413, 0.890196085, 0.23137255
vb0[1036]+028 TANGENT: 0.0944881886, 0, 0.992125988, 1

vb0[1037]+000 POSITION: 0.649902344, 1.06835938, -0.129272461, 1
vb0[1037]+008 NORMAL: -0.740157485, -0.653543293, 0.149606302, 0
vb0[1037]+000 COLOR: 0.200000003, 0.223529413, 0.274509817, 0.235294119
vb0[1037]+012 TEXCOORD: 0.21875, 0.82421875
vb0[1037]+016 TEXCOORD1: 0.383789063, 0.46875
vb0[1037]+020 TEXCOORD2: 0.455810547, 0.486083984
vb0[1037]+000 TEXCOORD3: 0.200000003, 0.223529413, 0.274509817, 0.235294119
vb0[1037]+028 TANGENT: 0.196850389, 0, 0.984251976, 1

vb0[1038]+000 POSITION: 0.568847656, 1.13769531, -0.172485352, 1
vb0[1038]+008 NORMAL: -0.637795269, -0.740157485, 0.196850389, 0
vb0[1038]+000 COLOR: 0.552941203, 0.219607845, 0.552941203, 0.235294119
vb0[1038]+012 TEXCOORD: 0.203125, 0.860839844
vb0[1038]+016 TEXCOORD1: 0.400146484, 0.482666016
vb0[1038]+020 TEXCOORD2: 0.46484375, 0.491943359
vb0[1038]+000 TEXCOORD3: 0.552941203, 0.219607845, 0.552941203, 0.235294119
vb0[1038]+028 TANGENT: 0.291338593, 0, 0.96062994, 1

vb0[1039]+000 POSITION: 0.633789063, 1.06835938, -0.192260742, 1
vb0[1039]+008 NORMAL: -0.724409461, -0.653543293, 0.22047244, 0
vb0[1039]+000 COLOR: 0.0705882385, 0.223529413, 0.274509817, 0.235294119
vb0[1039]+012 TEXCOORD: 0.203125, 0.82421875
vb0[1039]+016 TEXCOORD1: 0.381591797, 0.479980469
vb0[1039]+020 TEXCOORD2: 0.454833984, 0.490234375
vb0[1039]+000 TEXCOORD3: 0.0705882385, 0.223529413, 0.274509817, 0.235294119
vb0[1039]+028 TANGENT: 0.291338593, 0, 0.96062994, 1

vb0[1040]+000 POSITION: 0.549316406, 1.13769531, -0.227416992, 1
vb0[1040]+008 NORMAL: -0.622047246, -0.740157485, 0.259842515, 0
vb0[1040]+000 COLOR: 0.396078438, 0.219607845, 0.552941203, 0.235294119
vb0[1040]+012 TEXCOORD: 0.1875, 0.860839844
vb0[1040]+016 TEXCOORD1: 0.399169922, 0.492431641
vb0[1040]+020 TEXCOORD2: 0.464599609, 0.495117188
vb0[1040]+000 TEXCOORD3: 0.396078438, 0.219607845, 0.552941203, 0.235294119
vb0[1040]+028 TANGENT: 0.385826766, 0, 0.92125982, 1

vb0[1041]+000 POSITION: 0.458984375, 1.19628906, -0.245361328, 1
vb0[1041]+008 NORMAL: -0.503937006, -0.826771677, 0.267716527, 0
vb0[1041]+000 COLOR: 0.345098048, 0.215686277, 0.788235307, 0.235294119
vb0[1041]+012 TEXCOORD: 0.171875, 0.893066406
vb0[1041]+016 TEXCOORD1: 0.417724609, 0.500976563
vb0[1041]+020 TEXCOORD2: 0.47265625, 0.498046875
vb0[1041]+000 TEXCOORD3: 0.345098048, 0.215686277, 0.788235307, 0.235294119
vb0[1041]+028 TANGENT: 0.472440958, 0, 0.88188976, 1

vb0[1042]+000 POSITION: 0.524414063, 1.13769531, -0.280273438, 1
vb0[1042]+008 NORMAL: -0.590551198, -0.740157485, 0.314960629, 0
vb0[1042]+000 COLOR: 0.196078435, 0.219607845, 0.552941203, 0.235294119
vb0[1042]+012 TEXCOORD: 0.171875, 0.860839844
vb0[1042]+016 TEXCOORD1: 0.399169922, 0.501953125
vb0[1042]+020 TEXCOORD2: 0.464599609, 0.498291016
vb0[1042]+000 TEXCOORD3: 0.196078435, 0.219607845, 0.552941203, 0.235294119
vb0[1042]+028 TANGENT: 0.472440958, 0, 0.88188976, 1

vb0[1043]+000 POSITION: 0.432861328, 1.19628906, -0.289306641, 1
vb0[1043]+008 NORMAL: -0.472440958, -0.826771677, 0.314960629, 0
vb0[1043]+000 COLOR: 0.929411769, 0.211764708, 0.788235307, 0.235294119
vb0[1043]+012 TEXCOORD: 0.15625, 0.893066406
vb0[1043]+016 TEXCOORD1: 0.418457031, 0.508789063
vb0[1043]+020 TEXCOORD2: 0.472900391, 0.500488281
vb0[1043]+000 TEXCOORD3: 0.929411769, 0.211764708, 0.788235307, 0.235294119
vb0[1043]+028 TANGENT: 0.55905509, 0, 0.834645689, 1

vb0[1044]+000 POSITION: 0.3671875, 1.24316406, -0.245361328, 1
vb0[1044]+008 NORMAL: -0.385826766, -0.889763772, 0.259842515, 0
vb0[1044]+000 COLOR: 0.87843138, 0.20784314, 0.97647059, 0.235294119
vb0[1044]+012 TEXCOORD: 0.15625, 0.919921875
vb0[1044]+016 TEXCOORD1: 0.435791016, 0.506347656
vb0[1044]+020 TEXCOORD2: 0.479492188, 0.499511719
vb0[1044]+000 TEXCOORD3: 0.87843138, 0.20784314, 0.97647059, 0.235294119
vb0[1044]+028 TANGENT: 0.55905509, 0, 0.834645689, 1

vb0[1045]+000 POSITION: 0.692871094, 0.985839844, -0.210205078, 1
vb0[1045]+008 NORMAL: -0.803149581, -0.551181078, 0.244094491, 0
vb0[1045]+000 COLOR: 0.545098066, 0.223529413, 0.890196085, 0.23137255
vb0[1045]+012 TEXCOORD: 0.203125, 0.778808594
vb0[1045]+016 TEXCOORD1: 0.363769531, 0.477294922
vb0[1045]+020 TEXCOORD2: 0.442626953, 0.48828125
vb0[1045]+000 TEXCOORD3: 0.545098066, 0.223529413, 0.890196085, 0.23137255
vb0[1045]+028 TANGENT: 0.291338593, 0, 0.96062994, 1

vb0[1046]+000 POSITION: 0.668945313, 0.985839844, -0.277099609, 1
vb0[1046]+008 NORMAL: -0.771653533, -0.551181078, 0.322834641, 0
vb0[1046]+000 COLOR: 0.352941185, 0.223529413, 0.890196085, 0.23137255
vb0[1046]+012 TEXCOORD: 0.1875, 0.778808594
vb0[1046]+016 TEXCOORD1: 0.362304688, 0.490478516
vb0[1046]+020 TEXCOORD2: 0.441894531, 0.493652344
vb0[1046]+000 TEXCOORD3: 0.352941185, 0.223529413, 0.890196085, 0.23137255
vb0[1046]+028 TANGENT: 0.385826766, 0, 0.92125982, 1

vb0[1047]+000 POSITION: 0.745605469, 0.889160156, -0.226196289, 1
vb0[1047]+008 NORMAL: -0.858267725, -0.44094488, 0.259842515, 0
vb0[1047]+000 COLOR: 0.968627453, 0.223529413, 0.113725491, 0.23137255
vb0[1047]+012 TEXCOORD: 0.203125, 0.718261719
vb0[1047]+016 TEXCOORD1: 0.346923828, 0.474609375
vb0[1047]+020 TEXCOORD2: 0.427490234, 0.485839844
vb0[1047]+000 TEXCOORD3: 0.968627453, 0.223529413, 0.113725491, 0.23137255
vb0[1047]+028 TANGENT: 0.291338593, 0, 0.96062994, 1

vb0[1048]+000 POSITION: 0.710449219, 0.985839844, -0.141235352, 1
vb0[1048]+008 NORMAL: -0.818897665, -0.551181078, 0.165354326, 0
vb0[1048]+000 COLOR: 0.686274529, 0.223529413, 0.890196085, 0.23137255
vb0[1048]+012 TEXCOORD: 0.21875, 0.778808594
vb0[1048]+016 TEXCOORD1: 0.366455078, 0.464111328
vb0[1048]+020 TEXCOORD2: 0.443847656, 0.482910156
vb0[1048]+000 TEXCOORD3: 0.686274529, 0.223529413, 0.890196085, 0.23137255
vb0[1048]+028 TANGENT: 0.196850389, 0, 0.984251976, 1

vb0[1049]+000 POSITION: 0.775390625, 0.889160156, -0.0763549805, 1
vb0[1049]+008 NORMAL: -0.889763772, -0.44094488, 0.0866141766, 0
vb0[1049]+000 COLOR: 0.203921571, 0.227450982, 0.113725491, 0.23137255
vb0[1049]+012 TEXCOORD: 0.234375, 0.718261719
vb0[1049]+016 TEXCOORD1: 0.354248047, 0.445800781
vb0[1049]+020 TEXCOORD2: 0.431152344, 0.472412109
vb0[1049]+000 TEXCOORD3: 0.203921571, 0.227450982, 0.113725491, 0.23137255
vb0[1049]+028 TANGENT: 0.0944881886, 0, 0.992125988, 1

vb0[1050]+000 POSITION: 0.764160156, 0.889160156, -0.151977539, 1
vb0[1050]+008 NORMAL: -0.88188976, -0.44094488, 0.173228353, 0
vb0[1050]+000 COLOR: 0.113725491, 0.227450982, 0.113725491, 0.23137255
vb0[1050]+012 TEXCOORD: 0.21875, 0.718261719
vb0[1050]+016 TEXCOORD1: 0.349853516, 0.459960938
vb0[1050]+020 TEXCOORD2: 0.428955078, 0.479003906
vb0[1050]+000 TEXCOORD3: 0.113725491, 0.227450982, 0.113725491, 0.23137255
vb0[1050]+028 TANGENT: 0.196850389, 0, 0.984251976, 1

vb0[1051]+000 POSITION: 0.826171875, 0.776855469, 4.59177481e-41, 1
vb0[1051]+008 NORMAL: -0.937007844, -0.346456707, 0, 0
vb0[1051]+000 COLOR: 0.611764729, 0.227450982, 0.215686277, 0.227450982
vb0[1051]+012 TEXCOORD: 0.25, 0.639160156
vb0[1051]+016 TEXCOORD1: 0.344726563, 0.424804688
vb0[1051]+020 TEXCOORD2: 0.416992188, 0.457763672
vb0[1051]+000 TEXCOORD3: 0.611764729, 0.227450982, 0.215686277, 0.227450982
vb0[1051]+028 TANGENT: 0, 0, 1, 1

vb0[1052]+000 POSITION: 0.822265625, 0.776855469, 0.0809936523, 1
vb0[1052]+008 NORMAL: -0.937007844, -0.346456707, -0.0944881886, 0
vb0[1052]+000 COLOR: 0.580392182, 0.227450982, 0.215686277, 0.227450982
vb0[1052]+012 TEXCOORD: 0.265625, 0.639160156
vb0[1052]+016 TEXCOORD1: 0.352539063, 0.41015625
vb0[1052]+020 TEXCOORD2: 0.421142578, 0.450195313
vb0[1052]+000 TEXCOORD3: 0.580392182, 0.227450982, 0.215686277, 0.227450982
vb0[1052]+028 TANGENT: -0.0944881886, 0, 0.992125988, 1

vb0[1053]+000 POSITION: 0.810546875, 0.776855469, 0.161254883, 1
vb0[1053]+008 NORMAL: -0.92125982, -0.346456707, -0.181102365, 0
vb0[1053]+000 COLOR: 0.486274511, 0.227450982, 0.215686277, 0.227450982
vb0[1053]+012 TEXCOORD: 0.28125, 0.639160156
vb0[1053]+016 TEXCOORD1: 0.361572266, 0.396484375
vb0[1053]+020 TEXCOORD2: 0.426269531, 0.442871094
vb0[1053]+000 TEXCOORD3: 0.486274511, 0.227450982, 0.215686277, 0.227450982
vb0[1053]+028 TANGENT: -0.196850389, 0, 0.984251976, 1

vb0[1054]+000 POSITION: 0.764160156, 0.889160156, 0.151977539, 1
vb0[1054]+008 NORMAL: -0.88188976, -0.44094488, -0.173228353, 0
vb0[1054]+000 COLOR: 0.113725491, 0.227450982, 0.113725491, 0.23137255
vb0[1054]+012 TEXCOORD: 0.28125, 0.718261719
vb0[1054]+016 TEXCOORD1: 0.375244141, 0.406494141
vb0[1054]+020 TEXCOORD2: 0.441162109, 0.454345703
vb0[1054]+000 TEXCOORD3: 0.113725491, 0.227450982, 0.113725491, 0.23137255
vb0[1054]+028 TANGENT: -0.196850389, 0, 0.984251976, 1

vb0[1055]+000 POSITION: 0.692871094, 0.985839844, 0.210205078, 1
vb0[1055]+008 NORMAL: -0.803149581, -0.551181078, -0.244094491, 0
vb0[1055]+000 COLOR: 0.545098066, 0.223529413, 0.890196085, 0.23137255
vb0[1055]+012 TEXCOORD: 0.296875, 0.778808594
vb0[1055]+016 TEXCOORD1: 0.397216797, 0.406494141
vb0[1055]+020 TEXCOORD2: 0.456787109, 0.459228516
vb0[1055]+000 TEXCOORD3: 0.545098066, 0.223529413, 0.890196085, 0.23137255
vb0[1055]+028 TANGENT: -0.291338593, 0, 0.96062994, 1

vb0[1056]+000 POSITION: 0.745605469, 0.889160156, 0.226196289, 1
vb0[1056]+008 NORMAL: -0.858267725, -0.44094488, -0.259842515, 0
vb0[1056]+000 COLOR: 0.968627453, 0.223529413, 0.113725491, 0.23137255
vb0[1056]+012 TEXCOORD: 0.296875, 0.718261719
vb0[1056]+016 TEXCOORD1: 0.384521484, 0.395019531
vb0[1056]+020 TEXCOORD2: 0.445556641, 0.448974609
vb0[1056]+000 TEXCOORD3: 0.968627453, 0.223529413, 0.113725491, 0.23137255
vb0[1056]+028 TANGENT: -0.291338593, 0, 0.96062994, 1

vb0[1057]+000 POSITION: 0.612304688, 1.06835938, 0.253417969, 1
vb0[1057]+008 NORMAL: -0.700787425, -0.653543293, -0.291338593, 0
vb0[1057]+000 COLOR: 0.90196079, 0.219607845, 0.274509817, 0.235294119
vb0[1057]+012 TEXCOORD: 0.3125, 0.82421875
vb0[1057]+016 TEXCOORD1: 0.418701172, 0.410400391
vb0[1057]+020 TEXCOORD2: 0.468994141, 0.46484375
vb0[1057]+000 TEXCOORD3: 0.90196079, 0.219607845, 0.274509817, 0.235294119
vb0[1057]+028 TANGENT: -0.385826766, 0, 0.92125982, 1

vb0[1058]+000 POSITION: 0.668945313, 0.985839844, 0.277099609, 1
vb0[1058]+008 NORMAL: -0.771653533, -0.551181078, -0.322834641, 0
vb0[1058]+000 COLOR: 0.352941185, 0.223529413, 0.890196085, 0.23137255
vb0[1058]+012 TEXCOORD: 0.3125, 0.778808594
vb0[1058]+016 TEXCOORD1: 0.406494141, 0.397216797
vb0[1058]+020 TEXCOORD2: 0.460693359, 0.455566406
vb0[1058]+000 TEXCOORD3: 0.352941185, 0.223529413, 0.890196085, 0.23137255
vb0[1058]+028 TANGENT: -0.385826766, 0, 0.92125982, 1

vb0[1059]+000 POSITION: 0.638671875, 0.985839844, 0.341308594, 1
vb0[1059]+008 NORMAL: -0.740157485, -0.551181078, -0.393700778, 0
vb0[1059]+000 COLOR: 0.109803922, 0.223529413, 0.890196085, 0.23137255
vb0[1059]+012 TEXCOORD: 0.328125, 0.778808594
vb0[1059]+016 TEXCOORD1: 0.416748047, 0.388671875
vb0[1059]+020 TEXCOORD2: 0.46484375, 0.452148438
vb0[1059]+000 TEXCOORD3: 0.109803922, 0.223529413, 0.890196085, 0.23137255
vb0[1059]+028 TANGENT: -0.472440958, 0, 0.88188976, 1

vb0[1060]+000 POSITION: 0.584472656, 1.06835938, 0.312255859, 1
vb0[1060]+008 NORMAL: -0.669291317, -0.653543293, -0.354330719, 0
vb0[1060]+000 COLOR: 0.678431392, 0.219607845, 0.274509817, 0.235294119
vb0[1060]+012 TEXCOORD: 0.328125, 0.82421875
vb0[1060]+016 TEXCOORD1: 0.427490234, 0.403076172
vb0[1060]+020 TEXCOORD2: 0.472167969, 0.462158203
vb0[1060]+000 TEXCOORD3: 0.678431392, 0.219607845, 0.274509817, 0.235294119
vb0[1060]+028 TANGENT: -0.472440958, 0, 0.88188976, 1

vb0[1061]+000 POSITION: 0.790527344, 0.776855469, 0.239868164, 1
vb0[1061]+008 NORMAL: -0.897637784, -0.346456707, -0.275590539, 0
vb0[1061]+000 COLOR: 0.325490206, 0.227450982, 0.215686277, 0.227450982
vb0[1061]+012 TEXCOORD: 0.296875, 0.639160156
vb0[1061]+016 TEXCOORD1: 0.372070313, 0.383544922
vb0[1061]+020 TEXCOORD2: 0.431884766, 0.436279297
vb0[1061]+000 TEXCOORD3: 0.325490206, 0.227450982, 0.215686277, 0.227450982
vb0[1061]+028 TANGENT: -0.291338593, 0, 0.96062994, 1

vb0[1062]+000 POSITION: 0.719726563, 0.889160156, 0.298095703, 1
vb0[1062]+008 NORMAL: -0.826771677, -0.44094488, -0.346456707, 0
vb0[1062]+000 COLOR: 0.760784328, 0.223529413, 0.113725491, 0.23137255
vb0[1062]+012 TEXCOORD: 0.3125, 0.718261719
vb0[1062]+016 TEXCOORD1: 0.395019531, 0.384521484
vb0[1062]+020 TEXCOORD2: 0.450439453, 0.444091797
vb0[1062]+000 TEXCOORD3: 0.760784328, 0.223529413, 0.113725491, 0.23137255
vb0[1062]+028 TANGENT: -0.385826766, 0, 0.92125982, 1

vb0[1063]+000 POSITION: 0.763183594, 0.776855469, 0.316162109, 1
vb0[1063]+008 NORMAL: -0.866141737, -0.346456707, -0.362204731, 0
vb0[1063]+000 COLOR: 0.105882354, 0.227450982, 0.215686277, 0.227450982
vb0[1063]+012 TEXCOORD: 0.3125, 0.639160156
vb0[1063]+016 TEXCOORD1: 0.383789063, 0.371826172
vb0[1063]+020 TEXCOORD2: 0.437988281, 0.430175781
vb0[1063]+000 TEXCOORD3: 0.105882354, 0.227450982, 0.215686277, 0.227450982
vb0[1063]+028 TANGENT: -0.385826766, 0, 0.92125982, 1

vb0[1064]+000 POSITION: 0.728515625, 0.776855469, 0.389404297, 1
vb0[1064]+008 NORMAL: -0.826771677, -0.346456707, -0.44094488, 0
vb0[1064]+000 COLOR: 0.831372559, 0.223529413, 0.215686277, 0.227450982
vb0[1064]+012 TEXCOORD: 0.328125, 0.639160156
vb0[1064]+016 TEXCOORD1: 0.396484375, 0.361328125
vb0[1064]+020 TEXCOORD2: 0.444824219, 0.424560547
vb0[1064]+000 TEXCOORD3: 0.831372559, 0.223529413, 0.215686277, 0.227450982
vb0[1064]+028 TANGENT: -0.472440958, 0, 0.88188976, 1

vb0[1065]+000 POSITION: 0.687011719, 0.889160156, 0.3671875, 1
vb0[1065]+008 NORMAL: -0.795275569, -0.44094488, -0.425196856, 0
vb0[1065]+000 COLOR: 0.498039216, 0.223529413, 0.113725491, 0.23137255
vb0[1065]+012 TEXCOORD: 0.328125, 0.718261719
vb0[1065]+016 TEXCOORD1: 0.406494141, 0.375
vb0[1065]+020 TEXCOORD2: 0.455810547, 0.439697266
vb0[1065]+000 TEXCOORD3: 0.498039216, 0.223529413, 0.113725491, 0.23137255
vb0[1065]+028 TANGENT: -0.472440958, 0, 0.88188976, 1

vb0[1066]+000 POSITION: 0.687011719, 0.776855469, 0.458984375, 1
vb0[1066]+008 NORMAL: -0.779527545, -0.346456707, -0.51968503, 0
vb0[1066]+000 COLOR: 0.498039216, 0.223529413, 0.215686277, 0.227450982
vb0[1066]+012 TEXCOORD: 0.34375, 0.639160156
vb0[1066]+016 TEXCOORD1: 0.41015625, 0.352050781
vb0[1066]+020 TEXCOORD2: 0.452148438, 0.419677734
vb0[1066]+000 TEXCOORD3: 0.498039216, 0.223529413, 0.215686277, 0.227450982
vb0[1066]+028 TANGENT: -0.55905509, 0, 0.834645689, 1

vb0[1067]+000 POSITION: 0.647949219, 0.889160156, 0.432861328, 1
vb0[1067]+008 NORMAL: -0.748031497, -0.44094488, -0.496062994, 0
vb0[1067]+000 COLOR: 0.184313729, 0.223529413, 0.113725491, 0.23137255
vb0[1067]+012 TEXCOORD: 0.34375, 0.718261719
vb0[1067]+016 TEXCOORD1: 0.418945313, 0.366699219
vb0[1067]+020 TEXCOORD2: 0.461669922, 0.435791016
vb0[1067]+000 TEXCOORD3: 0.184313729, 0.223529413, 0.113725491, 0.23137255
vb0[1067]+028 TANGENT: -0.55905509, 0, 0.834645689, 1

vb0[1068]+000 POSITION: 0.638671875, 0.776855469, 0.524414063, 1
vb0[1068]+008 NORMAL: -0.724409461, -0.346456707, -0.59842521, 0
vb0[1068]+000 COLOR: 0.109803922, 0.223529413, 0.215686277, 0.227450982
vb0[1068]+012 TEXCOORD: 0.359375, 0.639160156
vb0[1068]+016 TEXCOORD1: 0.424560547, 0.344238281
vb0[1068]+020 TEXCOORD2: 0.459960938, 0.415527344
vb0[1068]+000 TEXCOORD3: 0.109803922, 0.223529413, 0.215686277, 0.227450982
vb0[1068]+028 TANGENT: -0.637795269, 0, 0.771653533, 1

vb0[1069]+000 POSITION: 0.602050781, 0.889160156, 0.494140625, 1
vb0[1069]+008 NORMAL: -0.692913413, -0.44094488, -0.566929162, 0
vb0[1069]+000 COLOR: 0.819607854, 0.219607845, 0.113725491, 0.23137255
vb0[1069]+012 TEXCOORD: 0.359375, 0.718261719
vb0[1069]+016 TEXCOORD1: 0.431884766, 0.359619141
vb0[1069]+020 TEXCOORD2: 0.467773438, 0.432617188
vb0[1069]+000 TEXCOORD3: 0.819607854, 0.219607845, 0.113725491, 0.23137255
vb0[1069]+028 TANGENT: -0.637795269, 0, 0.771653533, 1

vb0[1070]+000 POSITION: 0.584472656, 0.776855469, 0.584472656, 1
vb0[1070]+008 NORMAL: -0.661417305, -0.346456707, -0.661417305, 0
vb0[1070]+000 COLOR: 0.678431392, 0.219607845, 0.215686277, 0.227450982
vb0[1070]+012 TEXCOORD: 0.375, 0.639160156
vb0[1070]+016 TEXCOORD1: 0.439941406, 0.337890625
vb0[1070]+020 TEXCOORD2: 0.468017578, 0.412353516
vb0[1070]+000 TEXCOORD3: 0.678431392, 0.219607845, 0.215686277, 0.227450982
vb0[1070]+028 TANGENT: -0.708661437, 0, 0.708661437, 1

vb0[1071]+000 POSITION: 0.55078125, 0.889160156, 0.55078125, 1
vb0[1071]+008 NORMAL: -0.637795269, -0.44094488, -0.637795269, 0
vb0[1071]+000 COLOR: 0.407843143, 0.219607845, 0.113725491, 0.23137255
vb0[1071]+012 TEXCOORD: 0.375, 0.718261719
vb0[1071]+016 TEXCOORD1: 0.445800781, 0.353759766
vb0[1071]+020 TEXCOORD2: 0.474121094, 0.429931641
vb0[1071]+000 TEXCOORD3: 0.407843143, 0.219607845, 0.113725491, 0.23137255
vb0[1071]+028 TANGENT: -0.708661437, 0, 0.708661437, 1

vb0[1072]+000 POSITION: 0.524414063, 0.776855469, 0.638671875, 1
vb0[1072]+008 NORMAL: -0.59842521, -0.346456707, -0.724409461, 0
vb0[1072]+000 COLOR: 0.196078435, 0.219607845, 0.215686277, 0.227450982
vb0[1072]+012 TEXCOORD: 0.390625, 0.639160156
vb0[1072]+016 TEXCOORD1: 0.455810547, 0.333007813
vb0[1072]+020 TEXCOORD2: 0.476318359, 0.409667969
vb0[1072]+000 TEXCOORD3: 0.196078435, 0.219607845, 0.215686277, 0.227450982
vb0[1072]+028 TANGENT: -0.771653533, 0, 0.637795269, 1

vb0[1073]+000 POSITION: 0.494140625, 0.889160156, 0.602050781, 1
vb0[1073]+008 NORMAL: -0.566929162, -0.44094488, -0.692913413, 0
vb0[1073]+000 COLOR: 0.909803927, 0.215686277, 0.113725491, 0.23137255
vb0[1073]+012 TEXCOORD: 0.390625, 0.718261719
vb0[1073]+016 TEXCOORD1: 0.459960938, 0.349365234
vb0[1073]+020 TEXCOORD2: 0.480957031, 0.427978516
vb0[1073]+000 TEXCOORD3: 0.909803927, 0.215686277, 0.113725491, 0.23137255
vb0[1073]+028 TANGENT: -0.771653533, 0, 0.637795269, 1

vb0[1074]+000 POSITION: 0.458984375, 0.776855469, 0.687011719, 1
vb0[1074]+008 NORMAL: -0.51968503, -0.346456707, -0.779527545, 0
vb0[1074]+000 COLOR: 0.345098048, 0.215686277, 0.215686277, 0.227450982
vb0[1074]+012 TEXCOORD: 0.40625, 0.639160156
vb0[1074]+016 TEXCOORD1: 0.471923828, 0.329589844
vb0[1074]+020 TEXCOORD2: 0.485107422, 0.407958984
vb0[1074]+000 TEXCOORD3: 0.345098048, 0.215686277, 0.215686277, 0.227450982
vb0[1074]+028 TANGENT: -0.834645689, 0, 0.55905509, 1

vb0[1075]+000 POSITION: 0.389404297, 0.776855469, 0.728515625, 1
vb0[1075]+008 NORMAL: -0.44094488, -0.346456707, -0.826771677, 0
vb0[1075]+000 COLOR: 0.23137255, 0.211764708, 0.215686277, 0.227450982
vb0[1075]+012 TEXCOORD: 0.421875, 0.639160156
vb0[1075]+016 TEXCOORD1: 0.48828125, 0.327880859
vb0[1075]+020 TEXCOORD2: 0.493652344, 0.407226563
vb0[1075]+000 TEXCOORD3: 0.23137255, 0.211764708, 0.215686277, 0.227450982
vb0[1075]+028 TANGENT: -0.88188976, 0, 0.472440958, 1

vb0[1076]+000 POSITION: 0.316162109, 0.776855469, 0.763183594, 1
vb0[1076]+008 NORMAL: -0.362204731, -0.346456707, -0.866141737, 0
vb0[1076]+000 COLOR: 0.0588235296, 0.20784314, 0.215686277, 0.227450982
vb0[1076]+012 TEXCOORD: 0.4375, 0.639160156
vb0[1076]+016 TEXCOORD1: 0.504882813, 0.327636719
vb0[1076]+020 TEXCOORD2: 0.502441406, 0.407226563
vb0[1076]+000 TEXCOORD3: 0.0588235296, 0.20784314, 0.215686277, 0.227450982
vb0[1076]+028 TANGENT: -0.92125982, 0, 0.385826766, 1

vb0[1077]+000 POSITION: 0.298095703, 0.889160156, 0.719726563, 1
vb0[1077]+008 NORMAL: -0.346456707, -0.44094488, -0.826771677, 0
vb0[1077]+000 COLOR: 0.772549033, 0.203921571, 0.113725491, 0.23137255
vb0[1077]+012 TEXCOORD: 0.4375, 0.718261719
vb0[1077]+016 TEXCOORD1: 0.504394531, 0.344726563
vb0[1077]+020 TEXCOORD2: 0.501464844, 0.426025391
vb0[1077]+000 TEXCOORD3: 0.772549033, 0.203921571, 0.113725491, 0.23137255
vb0[1077]+028 TANGENT: -0.92125982, 0, 0.385826766, 1

vb0[1078]+000 POSITION: 0.226196289, 0.889160156, 0.745605469, 1
vb0[1078]+008 NORMAL: -0.259842515, -0.44094488, -0.858267725, 0
vb0[1078]+000 COLOR: 0.239215687, 0.200000003, 0.113725491, 0.23137255
vb0[1078]+012 TEXCOORD: 0.453125, 0.718261719
vb0[1078]+016 TEXCOORD1: 0.519042969, 0.345947266
vb0[1078]+020 TEXCOORD2: 0.508300781, 0.426513672
vb0[1078]+000 TEXCOORD3: 0.239215687, 0.200000003, 0.113725491, 0.23137255
vb0[1078]+028 TANGENT: -0.96062994, 0, 0.291338593, 1

vb0[1079]+000 POSITION: 0.151977539, 0.889160156, 0.764160156, 1
vb0[1079]+008 NORMAL: -0.173228353, -0.44094488, -0.88188976, 0
vb0[1079]+000 COLOR: 0.866666675, 0.188235298, 0.113725491, 0.23137255
vb0[1079]+012 TEXCOORD: 0.46875, 0.718261719
vb0[1079]+016 TEXCOORD1: 0.533691406, 0.348632813
vb0[1079]+020 TEXCOORD2: 0.515136719, 0.427978516
vb0[1079]+000 TEXCOORD3: 0.866666675, 0.188235298, 0.113725491, 0.23137255
vb0[1079]+028 TANGENT: -0.984251976, 0, 0.196850389, 1

vb0[1080]+000 POSITION: 0.277099609, 0.985839844, 0.668945313, 1
vb0[1080]+008 NORMAL: -0.322834641, -0.551181078, -0.771653533, 0
vb0[1080]+000 COLOR: 0.435294122, 0.203921571, 0.890196085, 0.23137255
vb0[1080]+012 TEXCOORD: 0.4375, 0.778808594
vb0[1080]+016 TEXCOORD1: 0.503417969, 0.361816406
vb0[1080]+020 TEXCOORD2: 0.500976563, 0.44140625
vb0[1080]+000 TEXCOORD3: 0.435294122, 0.203921571, 0.890196085, 0.23137255
vb0[1080]+028 TANGENT: -0.92125982, 0, 0.385826766, 1

vb0[1081]+000 POSITION: 0.210205078, 0.985839844, 0.692871094, 1
vb0[1081]+008 NORMAL: -0.244094491, -0.551181078, -0.803149581, 0
vb0[1081]+000 COLOR: 0.729411781, 0.196078435, 0.890196085, 0.23137255
vb0[1081]+012 TEXCOORD: 0.453125, 0.778808594
vb0[1081]+016 TEXCOORD1: 0.516601563, 0.362792969
vb0[1081]+020 TEXCOORD2: 0.506347656, 0.441894531
vb0[1081]+000 TEXCOORD3: 0.729411781, 0.196078435, 0.890196085, 0.23137255
vb0[1081]+028 TANGENT: -0.96062994, 0, 0.291338593, 1

vb0[1082]+000 POSITION: 0.141235352, 0.985839844, 0.710449219, 1
vb0[1082]+008 NORMAL: -0.165354326, -0.551181078, -0.818897665, 0
vb0[1082]+000 COLOR: 0.521568656, 0.188235298, 0.890196085, 0.23137255
vb0[1082]+012 TEXCOORD: 0.46875, 0.778808594
vb0[1082]+016 TEXCOORD1: 0.529785156, 0.365478516
vb0[1082]+020 TEXCOORD2: 0.51171875, 0.442871094
vb0[1082]+000 TEXCOORD3: 0.521568656, 0.188235298, 0.890196085, 0.23137255
vb0[1082]+028 TANGENT: -0.984251976, 0, 0.196850389, 1

vb0[1083]+000 POSITION: 0.3671875, 0.889160156, 0.687011719, 1
vb0[1083]+008 NORMAL: -0.425196856, -0.44094488, -0.795275569, 0
vb0[1083]+000 COLOR: 0.87843138, 0.20784314, 0.113725491, 0.23137255
vb0[1083]+012 TEXCOORD: 0.421875, 0.718261719
vb0[1083]+016 TEXCOORD1: 0.489257813, 0.344726563
vb0[1083]+020 TEXCOORD2: 0.494628906, 0.426025391
vb0[1083]+000 TEXCOORD3: 0.87843138, 0.20784314, 0.113725491, 0.23137255
vb0[1083]+028 TANGENT: -0.88188976, 0, 0.472440958, 1

vb0[1084]+000 POSITION: 0.341308594, 0.985839844, 0.638671875, 1
vb0[1084]+008 NORMAL: -0.393700778, -0.551181078, -0.740157485, 0
vb0[1084]+000 COLOR: 0.4627451, 0.20784314, 0.890196085, 0.23137255
vb0[1084]+012 TEXCOORD: 0.421875, 0.778808594
vb0[1084]+016 TEXCOORD1: 0.490234375, 0.361816406
vb0[1084]+020 TEXCOORD2: 0.495361328, 0.44140625
vb0[1084]+000 TEXCOORD3: 0.4627451, 0.20784314, 0.890196085, 0.23137255
vb0[1084]+028 TANGENT: -0.88188976, 0, 0.472440958, 1

vb0[1085]+000 POSITION: 0.432861328, 0.889160156, 0.647949219, 1
vb0[1085]+008 NORMAL: -0.496062994, -0.44094488, -0.748031497, 0
vb0[1085]+000 COLOR: 0.929411769, 0.211764708, 0.113725491, 0.23137255
vb0[1085]+012 TEXCOORD: 0.40625, 0.718261719
vb0[1085]+016 TEXCOORD1: 0.474609375, 0.346435547
vb0[1085]+020 TEXCOORD2: 0.487792969, 0.426757813
vb0[1085]+000 TEXCOORD3: 0.929411769, 0.211764708, 0.113725491, 0.23137255
vb0[1085]+028 TANGENT: -0.834645689, 0, 0.55905509, 1

vb0[1086]+000 POSITION: 0.40234375, 0.985839844, 0.602050781, 1
vb0[1086]+008 NORMAL: -0.464566916, -0.551181078, -0.692913413, 0
vb0[1086]+000 COLOR: 0.43921569, 0.211764708, 0.890196085, 0.23137255
vb0[1086]+012 TEXCOORD: 0.40625, 0.778808594
vb0[1086]+016 TEXCOORD1: 0.477050781, 0.36328125
vb0[1086]+020 TEXCOORD2: 0.489746094, 0.441894531
vb0[1086]+000 TEXCOORD3: 0.43921569, 0.211764708, 0.890196085, 0.23137255
vb0[1086]+028 TANGENT: -0.834645689, 0, 0.55905509, 1

vb0[1087]+000 POSITION: 0.459472656, 0.985839844, 0.560058594, 1
vb0[1087]+008 NORMAL: -0.527559042, -0.551181078, -0.645669281, 0
vb0[1087]+000 COLOR: 0.352941185, 0.215686277, 0.890196085, 0.23137255
vb0[1087]+012 TEXCOORD: 0.390625, 0.778808594
vb0[1087]+016 TEXCOORD1: 0.464111328, 0.365966797
vb0[1087]+020 TEXCOORD2: 0.484619141, 0.442871094
vb0[1087]+000 TEXCOORD3: 0.352941185, 0.215686277, 0.890196085, 0.23137255
vb0[1087]+028 TANGENT: -0.771653533, 0, 0.637795269, 1

vb0[1088]+000 POSITION: 0.512207031, 0.985839844, 0.512207031, 1
vb0[1088]+008 NORMAL: -0.590551198, -0.551181078, -0.590551198, 0
vb0[1088]+000 COLOR: 0.0980392173, 0.219607845, 0.890196085, 0.23137255
vb0[1088]+012 TEXCOORD: 0.375, 0.778808594
vb0[1088]+016 TEXCOORD1: 0.451660156, 0.369873047
vb0[1088]+020 TEXCOORD2: 0.479248047, 0.444335938
vb0[1088]+000 TEXCOORD3: 0.0980392173, 0.219607845, 0.890196085, 0.23137255
vb0[1088]+028 TANGENT: -0.708661437, 0, 0.708661437, 1

vb0[1089]+000 POSITION: 0.560058594, 0.985839844, 0.459472656, 1
vb0[1089]+008 NORMAL: -0.645669281, -0.551181078, -0.527559042, 0
vb0[1089]+000 COLOR: 0.482352942, 0.219607845, 0.890196085, 0.23137255
vb0[1089]+012 TEXCOORD: 0.359375, 0.778808594
vb0[1089]+016 TEXCOORD1: 0.439453125, 0.375
vb0[1089]+020 TEXCOORD2: 0.474365234, 0.446533203
vb0[1089]+000 TEXCOORD3: 0.482352942, 0.219607845, 0.890196085, 0.23137255
vb0[1089]+028 TANGENT: -0.637795269, 0, 0.771653533, 1

vb0[1090]+000 POSITION: 0.602050781, 0.985839844, 0.40234375, 1
vb0[1090]+008 NORMAL: -0.692913413, -0.551181078, -0.464566916, 0
vb0[1090]+000 COLOR: 0.819607854, 0.219607845, 0.890196085, 0.23137255
vb0[1090]+012 TEXCOORD: 0.34375, 0.778808594
vb0[1090]+016 TEXCOORD1: 0.427734375, 0.381347656
vb0[1090]+020 TEXCOORD2: 0.469482422, 0.448974609
vb0[1090]+000 TEXCOORD3: 0.819607854, 0.219607845, 0.890196085, 0.23137255
vb0[1090]+028 TANGENT: -0.55905509, 0, 0.834645689, 1

vb0[1091]+000 POSITION: 0.55078125, 1.06835938, 0.368164063, 1
vb0[1091]+008 NORMAL: -0.629921257, -0.653543293, -0.425196856, 0
vb0[1091]+000 COLOR: 0.407843143, 0.219607845, 0.274509817, 0.235294119
vb0[1091]+012 TEXCOORD: 0.34375, 0.82421875
vb0[1091]+016 TEXCOORD1: 0.437011719, 0.396728516
vb0[1091]+020 TEXCOORD2: 0.475830078, 0.459716797
vb0[1091]+000 TEXCOORD3: 0.407843143, 0.219607845, 0.274509817, 0.235294119
vb0[1091]+028 TANGENT: -0.55905509, 0, 0.834645689, 1

vb0[1092]+000 POSITION: 0.512207031, 1.06835938, 0.420410156, 1
vb0[1092]+008 NORMAL: -0.582677186, -0.653543293, -0.48031497, 0
vb0[1092]+000 COLOR: 0.0980392173, 0.219607845, 0.274509817, 0.235294119
vb0[1092]+012 TEXCOORD: 0.359375, 0.82421875
vb0[1092]+016 TEXCOORD1: 0.447021484, 0.391357422
vb0[1092]+020 TEXCOORD2: 0.479492188, 0.457763672
vb0[1092]+000 TEXCOORD3: 0.0980392173, 0.219607845, 0.274509817, 0.235294119
vb0[1092]+028 TANGENT: -0.637795269, 0, 0.771653533, 1

vb0[1093]+000 POSITION: 0.468505859, 1.06835938, 0.468505859, 1
vb0[1093]+008 NORMAL: -0.535433054, -0.653543293, -0.535433054, 0
vb0[1093]+000 COLOR: 0.498039216, 0.215686277, 0.274509817, 0.235294119
vb0[1093]+012 TEXCOORD: 0.375, 0.82421875
vb0[1093]+016 TEXCOORD1: 0.457763672, 0.38671875
vb0[1093]+020 TEXCOORD2: 0.483398438, 0.456298828
vb0[1093]+000 TEXCOORD3: 0.498039216, 0.215686277, 0.274509817, 0.235294119
vb0[1093]+028 TANGENT: -0.708661437, 0, 0.708661437, 1

vb0[1094]+000 POSITION: 0.420410156, 1.06835938, 0.512207031, 1
vb0[1094]+008 NORMAL: -0.48031497, -0.653543293, -0.582677186, 0
vb0[1094]+000 COLOR: 0.729411781, 0.211764708, 0.274509817, 0.235294119
vb0[1094]+012 TEXCOORD: 0.390625, 0.82421875
vb0[1094]+016 TEXCOORD1: 0.46875, 0.383300781
vb0[1094]+020 TEXCOORD2: 0.487548828, 0.455078125
vb0[1094]+000 TEXCOORD3: 0.729411781, 0.211764708, 0.274509817, 0.235294119
vb0[1094]+028 TANGENT: -0.771653533, 0, 0.637795269, 1

vb0[1095]+000 POSITION: 0.459472656, 1.13769531, 0.376953125, 1
vb0[1095]+008 NORMAL: -0.51968503, -0.740157485, -0.425196856, 0
vb0[1095]+000 COLOR: 0.352941185, 0.215686277, 0.552941203, 0.235294119
vb0[1095]+012 TEXCOORD: 0.359375, 0.860839844
vb0[1095]+016 TEXCOORD1: 0.455078125, 0.408203125
vb0[1095]+020 TEXCOORD2: 0.483642578, 0.467041016
vb0[1095]+000 TEXCOORD3: 0.352941185, 0.215686277, 0.552941203, 0.235294119
vb0[1095]+028 TANGENT: -0.637795269, 0, 0.771653533, 1

vb0[1096]+000 POSITION: 0.420410156, 1.13769531, 0.420410156, 1
vb0[1096]+008 NORMAL: -0.472440958, -0.740157485, -0.472440958, 0
vb0[1096]+000 COLOR: 0.729411781, 0.211764708, 0.552941203, 0.235294119
vb0[1096]+012 TEXCOORD: 0.375, 0.860839844
vb0[1096]+016 TEXCOORD1: 0.464111328, 0.404296875
vb0[1096]+020 TEXCOORD2: 0.486816406, 0.465820313
vb0[1096]+000 TEXCOORD3: 0.729411781, 0.211764708, 0.552941203, 0.235294119
vb0[1096]+028 TANGENT: -0.708661437, 0, 0.708661437, 1

vb0[1097]+000 POSITION: 0.494140625, 1.13769531, 0.330322266, 1
vb0[1097]+008 NORMAL: -0.55905509, -0.740157485, -0.370078743, 0
vb0[1097]+000 COLOR: 0.909803927, 0.215686277, 0.552941203, 0.235294119
vb0[1097]+012 TEXCOORD: 0.34375, 0.860839844
vb0[1097]+016 TEXCOORD1: 0.446777344, 0.412597656
vb0[1097]+020 TEXCOORD2: 0.480957031, 0.468505859
vb0[1097]+000 TEXCOORD3: 0.909803927, 0.215686277, 0.552941203, 0.235294119
vb0[1097]+028 TANGENT: -0.55905509, 0, 0.834645689, 1

vb0[1098]+000 POSITION: 0.376953125, 1.13769531, 0.459472656, 1
vb0[1098]+008 NORMAL: -0.425196856, -0.740157485, -0.51968503, 0
vb0[1098]+000 COLOR: 0.0313725509, 0.211764708, 0.552941203, 0.235294119
vb0[1098]+012 TEXCOORD: 0.390625, 0.860839844
vb0[1098]+016 TEXCOORD1: 0.473388672, 0.401611328
vb0[1098]+020 TEXCOORD2: 0.489990234, 0.46484375
vb0[1098]+000 TEXCOORD3: 0.0313725509, 0.211764708, 0.552941203, 0.235294119
vb0[1098]+028 TANGENT: -0.771653533, 0, 0.637795269, 1

vb0[1099]+000 POSITION: 0.40234375, 1.19628906, 0.330322266, 1
vb0[1099]+008 NORMAL: -0.44094488, -0.826771677, -0.362204731, 0
vb0[1099]+000 COLOR: 0.43921569, 0.211764708, 0.788235307, 0.235294119
vb0[1099]+012 TEXCOORD: 0.359375, 0.893066406
vb0[1099]+016 TEXCOORD1: 0.463134766, 0.424804688
vb0[1099]+020 TEXCOORD2: 0.487304688, 0.474365234
vb0[1099]+000 TEXCOORD3: 0.43921569, 0.211764708, 0.788235307, 0.235294119
vb0[1099]+028 TANGENT: -0.637795269, 0, 0.771653533, 1

vb0[1100]+000 POSITION: 0.368164063, 1.19628906, 0.368164063, 1
vb0[1100]+008 NORMAL: -0.40157479, -0.826771677, -0.40157479, 0
vb0[1100]+000 COLOR: 0.894117653, 0.20784314, 0.788235307, 0.235294119
vb0[1100]+012 TEXCOORD: 0.375, 0.893066406
vb0[1100]+016 TEXCOORD1: 0.470458984, 0.421630859
vb0[1100]+020 TEXCOORD2: 0.489501953, 0.473388672
vb0[1100]+000 TEXCOORD3: 0.894117653, 0.20784314, 0.788235307, 0.235294119
vb0[1100]+028 TANGENT: -0.708661437, 0, 0.708661437, 1

vb0[1101]+000 POSITION: 0.341308594, 1.24316406, 0.280273438, 1
vb0[1101]+008 NORMAL: -0.354330719, -0.889763772, -0.291338593, 0
vb0[1101]+000 COLOR: 0.4627451, 0.20784314, 0.97647059, 0.235294119
vb0[1101]+012 TEXCOORD: 0.359375, 0.919921875
vb0[1101]+016 TEXCOORD1: 0.470703125, 0.440429688
vb0[1101]+020 TEXCOORD2: 0.489990234, 0.48046875
vb0[1101]+000 TEXCOORD3: 0.4627451, 0.20784314, 0.97647059, 0.235294119
vb0[1101]+028 TANGENT: -0.637795269, 0, 0.771653533, 1

vb0[1102]+000 POSITION: 0.312255859, 1.24316406, 0.312255859, 1
vb0[1102]+008 NORMAL: -0.322834641, -0.889763772, -0.322834641, 0
vb0[1102]+000 COLOR: 1, 0.203921571, 0.97647059, 0.235294119
vb0[1102]+012 TEXCOORD: 0.375, 0.919921875
vb0[1102]+016 TEXCOORD1: 0.476318359, 0.438232422
vb0[1102]+020 TEXCOORD2: 0.491699219, 0.479736328
vb0[1102]+000 TEXCOORD3: 1, 0.203921571, 0.97647059, 0.235294119
vb0[1102]+028 TANGENT: -0.708661437, 0, 0.708661437, 1

vb0[1103]+000 POSITION: 0.330322266, 1.19628906, 0.40234375, 1
vb0[1103]+008 NORMAL: -0.362204731, -0.826771677, -0.44094488, 0
vb0[1103]+000 COLOR: 0.286274523, 0.20784314, 0.788235307, 0.235294119
vb0[1103]+012 TEXCOORD: 0.390625, 0.893066406
vb0[1103]+016 TEXCOORD1: 0.477783203, 0.419433594
vb0[1103]+020 TEXCOORD2: 0.491699219, 0.47265625
vb0[1103]+000 TEXCOORD3: 0.286274523, 0.20784314, 0.788235307, 0.235294119
vb0[1103]+028 TANGENT: -0.771653533, 0, 0.637795269, 1

vb0[1104]+000 POSITION: 0.289306641, 1.19628906, 0.432861328, 1
vb0[1104]+008 NORMAL: -0.314960629, -0.826771677, -0.472440958, 0
vb0[1104]+000 COLOR: 0.631372571, 0.203921571, 0.788235307, 0.235294119
vb0[1104]+012 TEXCOORD: 0.40625, 0.893066406
vb0[1104]+016 TEXCOORD1: 0.485595703, 0.417724609
vb0[1104]+020 TEXCOORD2: 0.494140625, 0.472167969
vb0[1104]+000 TEXCOORD3: 0.631372571, 0.203921571, 0.788235307, 0.235294119
vb0[1104]+028 TANGENT: -0.834645689, 0, 0.55905509, 1

vb0[1105]+000 POSITION: 0.330322266, 1.13769531, 0.494140625, 1
vb0[1105]+008 NORMAL: -0.370078743, -0.740157485, -0.55905509, 0
vb0[1105]+000 COLOR: 0.286274523, 0.20784314, 0.552941203, 0.235294119
vb0[1105]+012 TEXCOORD: 0.40625, 0.860839844
vb0[1105]+016 TEXCOORD1: 0.482666016, 0.399658203
vb0[1105]+020 TEXCOORD2: 0.493164063, 0.464111328
vb0[1105]+000 TEXCOORD3: 0.286274523, 0.20784314, 0.552941203, 0.235294119
vb0[1105]+028 TANGENT: -0.834645689, 0, 0.55905509, 1

vb0[1106]+000 POSITION: 0.368164063, 1.06835938, 0.55078125, 1
vb0[1106]+008 NORMAL: -0.425196856, -0.653543293, -0.629921257, 0
vb0[1106]+000 COLOR: 0.894117653, 0.20784314, 0.274509817, 0.235294119
vb0[1106]+012 TEXCOORD: 0.40625, 0.82421875
vb0[1106]+016 TEXCOORD1: 0.479980469, 0.381103516
vb0[1106]+020 TEXCOORD2: 0.491699219, 0.454101563
vb0[1106]+000 TEXCOORD3: 0.894117653, 0.20784314, 0.274509817, 0.235294119
vb0[1106]+028 TANGENT: -0.834645689, 0, 0.55905509, 1

vb0[1107]+000 POSITION: 0.312255859, 1.06835938, 0.584472656, 1
vb0[1107]+008 NORMAL: -0.354330719, -0.653543293, -0.669291317, 0
vb0[1107]+000 COLOR: 1, 0.203921571, 0.274509817, 0.235294119
vb0[1107]+012 TEXCOORD: 0.421875, 0.82421875
vb0[1107]+016 TEXCOORD1: 0.491210938, 0.379882813
vb0[1107]+020 TEXCOORD2: 0.495849609, 0.453857422
vb0[1107]+000 TEXCOORD3: 1, 0.203921571, 0.274509817, 0.235294119
vb0[1107]+028 TANGENT: -0.88188976, 0, 0.472440958, 1

vb0[1108]+000 POSITION: 0.253417969, 1.06835938, 0.612304688, 1
vb0[1108]+008 NORMAL: -0.291338593, -0.653543293, -0.700787425, 0
vb0[1108]+000 COLOR: 0.0549019612, 0.203921571, 0.274509817, 0.235294119
vb0[1108]+012 TEXCOORD: 0.4375, 0.82421875
vb0[1108]+016 TEXCOORD1: 0.502929688, 0.379882813
vb0[1108]+020 TEXCOORD2: 0.5, 0.453857422
vb0[1108]+000 TEXCOORD3: 0.0549019612, 0.203921571, 0.274509817, 0.235294119
vb0[1108]+028 TANGENT: -0.92125982, 0, 0.385826766, 1

vb0[1109]+000 POSITION: 0.192260742, 1.06835938, 0.633789063, 1
vb0[1109]+008 NORMAL: -0.22047244, -0.653543293, -0.724409461, 0
vb0[1109]+000 COLOR: 0.152941182, 0.196078435, 0.274509817, 0.235294119
vb0[1109]+012 TEXCOORD: 0.453125, 0.82421875
vb0[1109]+016 TEXCOORD1: 0.514160156, 0.380859375
vb0[1109]+020 TEXCOORD2: 0.504394531, 0.454101563
vb0[1109]+000 TEXCOORD3: 0.152941182, 0.196078435, 0.274509817, 0.235294119
vb0[1109]+028 TANGENT: -0.96062994, 0, 0.291338593, 1

vb0[1110]+000 POSITION: 0.129272461, 1.06835938, 0.649902344, 1
vb0[1110]+008 NORMAL: -0.149606302, -0.653543293, -0.740157485, 0
vb0[1110]+000 COLOR: 0.137254909, 0.188235298, 0.274509817, 0.235294119
vb0[1110]+012 TEXCOORD: 0.46875, 0.82421875
vb0[1110]+016 TEXCOORD1: 0.525390625, 0.383056641
vb0[1110]+020 TEXCOORD2: 0.508300781, 0.455078125
vb0[1110]+000 TEXCOORD3: 0.137254909, 0.188235298, 0.274509817, 0.235294119
vb0[1110]+028 TANGENT: -0.984251976, 0, 0.196850389, 1

vb0[1111]+000 POSITION: 0.0649414063, 1.06835938, 0.659179688, 1
vb0[1111]+008 NORMAL: -0.0708661452, -0.653543293, -0.755905509, 0
vb0[1111]+000 COLOR: 0.156862751, 0.172549024, 0.274509817, 0.235294119
vb0[1111]+012 TEXCOORD: 0.484375, 0.82421875
vb0[1111]+016 TEXCOORD1: 0.536621094, 0.386230469
vb0[1111]+020 TEXCOORD2: 0.512695313, 0.456298828
vb0[1111]+000 TEXCOORD3: 0.156862751, 0.172549024, 0.274509817, 0.235294119
vb0[1111]+028 TANGENT: -0.992125988, 0, 0.0944881886, 1

vb0[1112]+000 POSITION: 0.0709838867, 0.985839844, 0.720703125, 1
vb0[1112]+008 NORMAL: -0.0787401572, -0.551181078, -0.834645689, 0
vb0[1112]+000 COLOR: 0.545098066, 0.172549024, 0.890196085, 0.23137255
vb0[1112]+012 TEXCOORD: 0.484375, 0.778808594
vb0[1112]+016 TEXCOORD1: 0.542480469, 0.369140625
vb0[1112]+020 TEXCOORD2: 0.516601563, 0.444335938
vb0[1112]+000 TEXCOORD3: 0.545098066, 0.172549024, 0.890196085, 0.23137255
vb0[1112]+028 TANGENT: -0.992125988, 0, 0.0944881886, 1

vb0[1113]+000 POSITION: 5.73971851e-41, 0.985839844, 0.724121094, 1
vb0[1113]+008 NORMAL: 0, -0.551181078, -0.834645689, 0
vb0[1113]+000 COLOR: 0.0196078438, 0, 0.890196085, 0.23137255
vb0[1113]+012 TEXCOORD: 0.5, 0.778808594
vb0[1113]+016 TEXCOORD1: 0.5546875, 0.374023438
vb0[1113]+020 TEXCOORD2: 0.521972656, 0.446533203
vb0[1113]+000 TEXCOORD3: 0.0196078438, 0, 0.890196085, 0.23137255
vb0[1113]+028 TANGENT: -1, 0, 0, 1

vb0[1114]+000 POSITION: 8.03560591e-41, 1.06835938, 0.662597656, 1
vb0[1114]+008 NORMAL: 0, -0.653543293, -0.755905509, 0
vb0[1114]+000 COLOR: 0.0274509806, 0, 0.274509817, 0.235294119
vb0[1114]+012 TEXCOORD: 0.5, 0.82421875
vb0[1114]+016 TEXCOORD1: 0.547363281, 0.390380859
vb0[1114]+020 TEXCOORD2: 0.516601563, 0.457763672
vb0[1114]+000 TEXCOORD3: 0.0274509806, 0, 0.274509817, 0.235294119
vb0[1114]+028 TANGENT: -1, 0, 0, 1

vb0[1115]+000 POSITION: -0.0649414063, 1.06835938, 0.659179688, 1
vb0[1115]+008 NORMAL: 0.0708661452, -0.653543293, -0.755905509, 0
vb0[1115]+000 COLOR: 0.156862751, 0.674509823, 0.274509817, 0.235294119
vb0[1115]+012 TEXCOORD: 0.515625, 0.82421875
vb0[1115]+016 TEXCOORD1: 0.557617188, 0.395751953
vb0[1115]+020 TEXCOORD2: 0.520019531, 0.459960938
vb0[1115]+000 TEXCOORD3: 0.156862751, 0.674509823, 0.274509817, 0.235294119
vb0[1115]+028 TANGENT: -0.992125988, 0, -0.0944881886, 1

vb0[1116]+000 POSITION: -0.0709838867, 0.985839844, 0.720703125, 1
vb0[1116]+008 NORMAL: 0.0787401572, -0.551181078, -0.834645689, 0
vb0[1116]+000 COLOR: 0.545098066, 0.674509823, 0.890196085, 0.23137255
vb0[1116]+012 TEXCOORD: 0.515625, 0.778808594
vb0[1116]+016 TEXCOORD1: 0.566894531, 0.380126953
vb0[1116]+020 TEXCOORD2: 0.526855469, 0.44921875
vb0[1116]+000 TEXCOORD3: 0.545098066, 0.674509823, 0.890196085, 0.23137255
vb0[1116]+028 TANGENT: -0.992125988, 0, -0.0944881886, 1

vb0[1117]+000 POSITION: -0.141235352, 0.985839844, 0.710449219, 1
vb0[1117]+008 NORMAL: 0.165354326, -0.551181078, -0.818897665, 0
vb0[1117]+000 COLOR: 0.521568656, 0.690196097, 0.890196085, 0.23137255
vb0[1117]+012 TEXCOORD: 0.53125, 0.778808594
vb0[1117]+016 TEXCOORD1: 0.577636719, 0.387451172
vb0[1117]+020 TEXCOORD2: 0.53125, 0.452148438
vb0[1117]+000 TEXCOORD3: 0.521568656, 0.690196097, 0.890196085, 0.23137255
vb0[1117]+028 TANGENT: -0.984251976, 0, -0.196850389, 1

vb0[1118]+000 POSITION: -0.210205078, 0.985839844, 0.692871094, 1
vb0[1118]+008 NORMAL: 0.244094491, -0.551181078, -0.803149581, 0
vb0[1118]+000 COLOR: 0.729411781, 0.698039234, 0.890196085, 0.23137255
vb0[1118]+012 TEXCOORD: 0.546875, 0.778808594
vb0[1118]+016 TEXCOORD1: 0.588378906, 0.395751953
vb0[1118]+020 TEXCOORD2: 0.535644531, 0.455566406
vb0[1118]+000 TEXCOORD3: 0.729411781, 0.698039234, 0.890196085, 0.23137255
vb0[1118]+028 TANGENT: -0.96062994, 0, -0.291338593, 1

vb0[1119]+000 POSITION: -0.226196289, 0.889160156, 0.745605469, 1
vb0[1119]+008 NORMAL: 0.259842515, -0.44094488, -0.858267725, 0
vb0[1119]+000 COLOR: 0.239215687, 0.701960802, 0.113725491, 0.23137255
vb0[1119]+012 TEXCOORD: 0.546875, 0.718261719
vb0[1119]+016 TEXCOORD1: 0.599609375, 0.383056641
vb0[1119]+020 TEXCOORD2: 0.545898438, 0.444091797
vb0[1119]+000 TEXCOORD3: 0.239215687, 0.701960802, 0.113725491, 0.23137255
vb0[1119]+028 TANGENT: -0.96062994, 0, -0.291338593, 1

vb0[1120]+000 POSITION: -0.298095703, 0.889160156, 0.719726563, 1
vb0[1120]+008 NORMAL: 0.346456707, -0.44094488, -0.826771677, 0
vb0[1120]+000 COLOR: 0.772549033, 0.70588237, 0.113725491, 0.23137255
vb0[1120]+012 TEXCOORD: 0.5625, 0.718261719
vb0[1120]+016 TEXCOORD1: 0.610351563, 0.393554688
vb0[1120]+020 TEXCOORD2: 0.55078125, 0.44921875
vb0[1120]+000 TEXCOORD3: 0.772549033, 0.70588237, 0.113725491, 0.23137255
vb0[1120]+028 TANGENT: -0.92125982, 0, -0.385826766, 1

vb0[1121]+000 POSITION: -0.316162109, 0.776855469, 0.763183594, 1
vb0[1121]+008 NORMAL: 0.362204731, -0.346456707, -0.866141737, 0
vb0[1121]+000 COLOR: 0.0588235296, 0.709803939, 0.215686277, 0.227450982
vb0[1121]+012 TEXCOORD: 0.5625, 0.639160156
vb0[1121]+016 TEXCOORD1: 0.623046875, 0.381835938
vb0[1121]+020 TEXCOORD2: 0.564941406, 0.436279297
vb0[1121]+000 TEXCOORD3: 0.0588235296, 0.709803939, 0.215686277, 0.227450982
vb0[1121]+028 TANGENT: -0.92125982, 0, -0.385826766, 1

vb0[1122]+000 POSITION: -0.389404297, 0.776855469, 0.728515625, 1
vb0[1122]+008 NORMAL: 0.44094488, -0.346456707, -0.826771677, 0
vb0[1122]+000 COLOR: 0.23137255, 0.713725507, 0.215686277, 0.227450982
vb0[1122]+012 TEXCOORD: 0.578125, 0.639160156
vb0[1122]+016 TEXCOORD1: 0.633789063, 0.39453125
vb0[1122]+020 TEXCOORD2: 0.570800781, 0.443359375
vb0[1122]+000 TEXCOORD3: 0.23137255, 0.713725507, 0.215686277, 0.227450982
vb0[1122]+028 TANGENT: -0.88188976, 0, -0.472440958, 1

vb0[1123]+000 POSITION: -0.3671875, 0.889160156, 0.687011719, 1
vb0[1123]+008 NORMAL: 0.425196856, -0.44094488, -0.795275569, 0
vb0[1123]+000 COLOR: 0.87843138, 0.709803939, 0.113725491, 0.23137255
vb0[1123]+012 TEXCOORD: 0.578125, 0.718261719
vb0[1123]+016 TEXCOORD1: 0.620117188, 0.405029297
vb0[1123]+020 TEXCOORD2: 0.555664063, 0.454589844
vb0[1123]+000 TEXCOORD3: 0.87843138, 0.709803939, 0.113725491, 0.23137255
vb0[1123]+028 TANGENT: -0.88188976, 0, -0.472440958, 1

vb0[1124]+000 POSITION: -0.458984375, 0.776855469, 0.687011719, 1
vb0[1124]+008 NORMAL: 0.51968503, -0.346456707, -0.779527545, 0
vb0[1124]+000 COLOR: 0.345098048, 0.717647076, 0.215686277, 0.227450982
vb0[1124]+012 TEXCOORD: 0.59375, 0.639160156
vb0[1124]+016 TEXCOORD1: 0.643066406, 0.408447266
vb0[1124]+020 TEXCOORD2: 0.575683594, 0.450683594
vb0[1124]+000 TEXCOORD3: 0.345098048, 0.717647076, 0.215686277, 0.227450982
vb0[1124]+028 TANGENT: -0.834645689, 0, -0.55905509, 1

vb0[1125]+000 POSITION: -0.432861328, 0.889160156, 0.647949219, 1
vb0[1125]+008 NORMAL: 0.496062994, -0.44094488, -0.748031497, 0
vb0[1125]+000 COLOR: 0.929411769, 0.713725507, 0.113725491, 0.23137255
vb0[1125]+012 TEXCOORD: 0.59375, 0.718261719
vb0[1125]+016 TEXCOORD1: 0.628417969, 0.417480469
vb0[1125]+020 TEXCOORD2: 0.559570313, 0.460449219
vb0[1125]+000 TEXCOORD3: 0.929411769, 0.713725507, 0.113725491, 0.23137255
vb0[1125]+028 TANGENT: -0.834645689, 0, -0.55905509, 1

vb0[1126]+000 POSITION: -0.524414063, 0.776855469, 0.638671875, 1
vb0[1126]+008 NORMAL: 0.59842521, -0.346456707, -0.724409461, 0
vb0[1126]+000 COLOR: 0.196078435, 0.721568644, 0.215686277, 0.227450982
vb0[1126]+012 TEXCOORD: 0.609375, 0.639160156
vb0[1126]+016 TEXCOORD1: 0.650878906, 0.423095703
vb0[1126]+020 TEXCOORD2: 0.580078125, 0.458496094
vb0[1126]+000 TEXCOORD3: 0.196078435, 0.721568644, 0.215686277, 0.227450982
vb0[1126]+028 TANGENT: -0.771653533, 0, -0.637795269, 1

vb0[1127]+000 POSITION: -0.494140625, 0.889160156, 0.602050781, 1
vb0[1127]+008 NORMAL: 0.566929162, -0.44094488, -0.692913413, 0
vb0[1127]+000 COLOR: 0.909803927, 0.717647076, 0.113725491, 0.23137255
vb0[1127]+012 TEXCOORD: 0.609375, 0.718261719
vb0[1127]+016 TEXCOORD1: 0.635742188, 0.430664063
vb0[1127]+020 TEXCOORD2: 0.5625, 0.466552734
vb0[1127]+000 TEXCOORD3: 0.909803927, 0.717647076, 0.113725491, 0.23137255
vb0[1127]+028 TANGENT: -0.771653533, 0, -0.637795269, 1

vb0[1128]+000 POSITION: -0.584472656, 0.776855469, 0.584472656, 1
vb0[1128]+008 NORMAL: 0.661417305, -0.346456707, -0.661417305, 0
vb0[1128]+000 COLOR: 0.678431392, 0.721568644, 0.215686277, 0.227450982
vb0[1128]+012 TEXCOORD: 0.625, 0.639160156
vb0[1128]+016 TEXCOORD1: 0.657714844, 0.438476563
vb0[1128]+020 TEXCOORD2: 0.583496094, 0.466796875
vb0[1128]+000 TEXCOORD3: 0.678431392, 0.721568644, 0.215686277, 0.227450982
vb0[1128]+028 TANGENT: -0.708661437, 0, -0.708661437, 1

vb0[1129]+000 POSITION: -0.55078125, 0.889160156, 0.55078125, 1
vb0[1129]+008 NORMAL: 0.637795269, -0.44094488, -0.637795269, 0
vb0[1129]+000 COLOR: 0.407843143, 0.721568644, 0.113725491, 0.23137255
vb0[1129]+012 TEXCOORD: 0.625, 0.718261719
vb0[1129]+016 TEXCOORD1: 0.641601563, 0.444335938
vb0[1129]+020 TEXCOORD2: 0.565429688, 0.473144531
vb0[1129]+000 TEXCOORD3: 0.407843143, 0.721568644, 0.113725491, 0.23137255
vb0[1129]+028 TANGENT: -0.708661437, 0, -0.708661437, 1

vb0[1130]+000 POSITION: -0.638671875, 0.776855469, 0.524414063, 1
vb0[1130]+008 NORMAL: 0.724409461, -0.346456707, -0.59842521, 0
vb0[1130]+000 COLOR: 0.109803922, 0.725490212, 0.215686277, 0.227450982
vb0[1130]+012 TEXCOORD: 0.640625, 0.639160156
vb0[1130]+016 TEXCOORD1: 0.662597656, 0.454345703
vb0[1130]+020 TEXCOORD2: 0.5859375, 0.475341797
vb0[1130]+000 TEXCOORD3: 0.109803922, 0.725490212, 0.215686277, 0.227450982
vb0[1130]+028 TANGENT: -0.637795269, 0, -0.771653533, 1

vb0[1131]+000 POSITION: -0.602050781, 0.889160156, 0.494140625, 1
vb0[1131]+008 NORMAL: 0.692913413, -0.44094488, -0.566929162, 0
vb0[1131]+000 COLOR: 0.819607854, 0.721568644, 0.113725491, 0.23137255
vb0[1131]+012 TEXCOORD: 0.640625, 0.718261719
vb0[1131]+016 TEXCOORD1: 0.645996094, 0.458740234
vb0[1131]+020 TEXCOORD2: 0.567382813, 0.479736328
vb0[1131]+000 TEXCOORD3: 0.819607854, 0.721568644, 0.113725491, 0.23137255
vb0[1131]+028 TANGENT: -0.637795269, 0, -0.771653533, 1

vb0[1132]+000 POSITION: -0.687011719, 0.776855469, 0.458984375, 1
vb0[1132]+008 NORMAL: 0.779527545, -0.346456707, -0.51968503, 0
vb0[1132]+000 COLOR: 0.498039216, 0.725490212, 0.215686277, 0.227450982
vb0[1132]+012 TEXCOORD: 0.65625, 0.639160156
vb0[1132]+016 TEXCOORD1: 0.666015625, 0.470703125
vb0[1132]+020 TEXCOORD2: 0.587890625, 0.483886719
vb0[1132]+000 TEXCOORD3: 0.498039216, 0.725490212, 0.215686277, 0.227450982
vb0[1132]+028 TANGENT: -0.55905509, 0, -0.834645689, 1

vb0[1133]+000 POSITION: -0.728515625, 0.776855469, 0.389404297, 1
vb0[1133]+008 NORMAL: 0.826771677, -0.346456707, -0.44094488, 0
vb0[1133]+000 COLOR: 0.831372559, 0.725490212, 0.215686277, 0.227450982
vb0[1133]+012 TEXCOORD: 0.671875, 0.639160156
vb0[1133]+016 TEXCOORD1: 0.66796875, 0.487548828
vb0[1133]+020 TEXCOORD2: 0.588867188, 0.492919922
vb0[1133]+000 TEXCOORD3: 0.831372559, 0.725490212, 0.215686277, 0.227450982
vb0[1133]+028 TANGENT: -0.472440958, 0, -0.88188976, 1

vb0[1134]+000 POSITION: -0.763183594, 0.776855469, 0.316162109, 1
vb0[1134]+008 NORMAL: 0.866141737, -0.346456707, -0.362204731, 0
vb0[1134]+000 COLOR: 0.105882354, 0.729411781, 0.215686277, 0.227450982
vb0[1134]+012 TEXCOORD: 0.6875, 0.639160156
vb0[1134]+016 TEXCOORD1: 0.66796875, 0.504394531
vb0[1134]+020 TEXCOORD2: 0.588867188, 0.501953125
vb0[1134]+000 TEXCOORD3: 0.105882354, 0.729411781, 0.215686277, 0.227450982
vb0[1134]+028 TANGENT: -0.385826766, 0, -0.92125982, 1

vb0[1135]+000 POSITION: -0.719726563, 0.889160156, 0.298095703, 1
vb0[1135]+008 NORMAL: 0.826771677, -0.44094488, -0.346456707, 0
vb0[1135]+000 COLOR: 0.760784328, 0.725490212, 0.113725491, 0.23137255
vb0[1135]+012 TEXCOORD: 0.6875, 0.718261719
vb0[1135]+016 TEXCOORD1: 0.650878906, 0.503417969
vb0[1135]+020 TEXCOORD2: 0.569335938, 0.500976563
vb0[1135]+000 TEXCOORD3: 0.760784328, 0.725490212, 0.113725491, 0.23137255
vb0[1135]+028 TANGENT: -0.385826766, 0, -0.92125982, 1

vb0[1136]+000 POSITION: -0.668945313, 0.985839844, 0.277099609, 1
vb0[1136]+008 NORMAL: 0.771653533, -0.551181078, -0.322834641, 0
vb0[1136]+000 COLOR: 0.352941185, 0.725490212, 0.890196085, 0.23137255
vb0[1136]+012 TEXCOORD: 0.6875, 0.778808594
vb0[1136]+016 TEXCOORD1: 0.633789063, 0.502929688
vb0[1136]+020 TEXCOORD2: 0.554199219, 0.5
vb0[1136]+000 TEXCOORD3: 0.352941185, 0.725490212, 0.890196085, 0.23137255
vb0[1136]+028 TANGENT: -0.385826766, 0, -0.92125982, 1

vb0[1137]+000 POSITION: -0.612304688, 1.06835938, 0.253417969, 1
vb0[1137]+008 NORMAL: 0.700787425, -0.653543293, -0.291338593, 0
vb0[1137]+000 COLOR: 0.90196079, 0.721568644, 0.274509817, 0.235294119
vb0[1137]+012 TEXCOORD: 0.6875, 0.82421875
vb0[1137]+016 TEXCOORD1: 0.615722656, 0.501953125
vb0[1137]+020 TEXCOORD2: 0.541503906, 0.499267578
vb0[1137]+000 TEXCOORD3: 0.90196079, 0.721568644, 0.274509817, 0.235294119
vb0[1137]+028 TANGENT: -0.385826766, 0, -0.92125982, 1

vb0[1138]+000 POSITION: -0.638671875, 0.985839844, 0.341308594, 1
vb0[1138]+008 NORMAL: 0.740157485, -0.551181078, -0.393700778, 0
vb0[1138]+000 COLOR: 0.109803922, 0.725490212, 0.890196085, 0.23137255
vb0[1138]+012 TEXCOORD: 0.671875, 0.778808594
vb0[1138]+016 TEXCOORD1: 0.633789063, 0.489501953
vb0[1138]+020 TEXCOORD2: 0.554199219, 0.494384766
vb0[1138]+000 TEXCOORD3: 0.109803922, 0.725490212, 0.890196085, 0.23137255
vb0[1138]+028 TANGENT: -0.472440958, 0, -0.88188976, 1

vb0[1139]+000 POSITION: -0.687011719, 0.889160156, 0.3671875, 1
vb0[1139]+008 NORMAL: 0.795275569, -0.44094488, -0.425196856, 0
vb0[1139]+000 COLOR: 0.498039216, 0.725490212, 0.113725491, 0.23137255
vb0[1139]+012 TEXCOORD: 0.671875, 0.718261719
vb0[1139]+016 TEXCOORD1: 0.650878906, 0.488525391
vb0[1139]+020 TEXCOORD2: 0.569335938, 0.493652344
vb0[1139]+000 TEXCOORD3: 0.498039216, 0.725490212, 0.113725491, 0.23137255
vb0[1139]+028 TANGENT: -0.472440958, 0, -0.88188976, 1

vb0[1140]+000 POSITION: -0.647949219, 0.889160156, 0.432861328, 1
vb0[1140]+008 NORMAL: 0.748031497, -0.44094488, -0.496062994, 0
vb0[1140]+000 COLOR: 0.184313729, 0.725490212, 0.113725491, 0.23137255
vb0[1140]+012 TEXCOORD: 0.65625, 0.718261719
vb0[1140]+016 TEXCOORD1: 0.648925781, 0.473388672
vb0[1140]+020 TEXCOORD2: 0.568847656, 0.486816406
vb0[1140]+000 TEXCOORD3: 0.184313729, 0.725490212, 0.113725491, 0.23137255
vb0[1140]+028 TANGENT: -0.55905509, 0, -0.834645689, 1

vb0[1141]+000 POSITION: -0.277099609, 0.985839844, 0.668945313, 1
vb0[1141]+008 NORMAL: 0.322834641, -0.551181078, -0.771653533, 0
vb0[1141]+000 COLOR: 0.435294122, 0.70588237, 0.890196085, 0.23137255
vb0[1141]+012 TEXCOORD: 0.5625, 0.778808594
vb0[1141]+016 TEXCOORD1: 0.59765625, 0.405029297
vb0[1141]+020 TEXCOORD2: 0.539550781, 0.459472656
vb0[1141]+000 TEXCOORD3: 0.435294122, 0.70588237, 0.890196085, 0.23137255
vb0[1141]+028 TANGENT: -0.92125982, 0, -0.385826766, 1

vb0[1142]+000 POSITION: 9.18354962e-41, 1.3515625, -0.0536193848, 1
vb0[1142]+008 NORMAL: 0, -1, 0.0393700786, 0
vb0[1142]+000 COLOR: 0.0313725509, 0, 0.407843143, 0.239215687
vb0[1142]+012 TEXCOORD: 0, 0.997070313
vb0[1142]+016 TEXCOORD1: 0.495605469, 0.501953125
vb0[1142]+020 TEXCOORD2: 0.497070313, 0.498291016
vb0[1142]+000 TEXCOORD3: 0.0313725509, 0, 0.407843143, 0.239215687
vb0[1142]+028 TANGENT: -1, 0, 0, -1

vb0[1143]+000 POSITION: -0.00300788879, 1.35058594, -0.0612182617, 1
vb0[1143]+008 NORMAL: 0, -1, 0.0629921257, 0
vb0[1143]+000 COLOR: 0.160784319, 0.603921592, 0.403921574, 0.239215687
vb0[1143]+012 TEXCOORD: 0.9921875, 0.993652344
vb0[1143]+016 TEXCOORD1: 0.495361328, 0.502441406
vb0[1143]+020 TEXCOORD2: 0.497070313, 0.498535156
vb0[1143]+000 TEXCOORD3: 0.160784319, 0.603921592, 0.403921574, 0.239215687
vb0[1143]+028 TANGENT: -1, 0, 0, -1

vb0[1144]+000 POSITION: 6.88766221e-41, 1.34765625, -0.09375, 1
vb0[1144]+008 NORMAL: 0, -0.992125988, 0.11811024, 0
vb0[1144]+000 COLOR: 0.0235294122, 0, 0.392156869, 0.239215687
vb0[1144]+012 TEXCOORD: 1, 0.989746094
vb0[1144]+016 TEXCOORD1: 0.493652344, 0.505859375
vb0[1144]+020 TEXCOORD2: 0.496582031, 0.499511719
vb0[1144]+000 TEXCOORD3: 0.0235294122, 0, 0.392156869, 0.239215687
vb0[1144]+028 TANGENT: -1, 0, 0, -1

vb0[1145]+000 POSITION: 0.00300788879, 1.35058594, -0.0612182617, 1
vb0[1145]+008 NORMAL: 0, -1, 0.0629921257, 0
vb0[1145]+000 COLOR: 0.160784319, 0.101960786, 0.403921574, 0.239215687
vb0[1145]+012 TEXCOORD: 0.0078125, 0.993652344
vb0[1145]+016 TEXCOORD1: 0.494873047, 0.502441406
vb0[1145]+020 TEXCOORD2: 0.496826172, 0.498535156
vb0[1145]+000 TEXCOORD3: 0.160784319, 0.101960786, 0.403921574, 0.239215687
vb0[1145]+028 TANGENT: -1, 0, 0, -1

vb0[1146]+000 POSITION: 0.0205230713, 1.3515625, -0.0495300293, 1
vb0[1146]+008 NORMAL: 0, -1, 0.0314960629, 0
vb0[1146]+000 COLOR: 0.254901975, 0.145098045, 0.407843143, 0.239215687
vb0[1146]+012 TEXCOORD: 0.0625, 0.997070313
vb0[1146]+016 TEXCOORD1: 0.493896484, 0.500488281
vb0[1146]+020 TEXCOORD2: 0.496582031, 0.498046875
vb0[1146]+000 TEXCOORD3: 0.254901975, 0.145098045, 0.407843143, 0.239215687
vb0[1146]+028 TANGENT: 0.92125982, 0.0157480314, 0.385826766, 1

vb0[1147]+000 POSITION: 1.60712118e-40, 1.35449219, 1.03314933e-40, 1
vb0[1147]+008 NORMAL: 0, -1, 0, 0
vb0[1147]+000 COLOR: 0.0549019612, 0, 0.419607848, 0.239215687
vb0[1147]+012 TEXCOORD: 0.046875, 1
vb0[1147]+016 TEXCOORD1: 0.497802734, 0.497070313
vb0[1147]+020 TEXCOORD2: 0.497802734, 0.497070313
vb0[1147]+000 TEXCOORD3: 0.0549019612, 0, 0.419607848, 0.239215687
vb0[1147]+028 TANGENT: 0.96062994, 0, 0.291338593, 1

vb0[1148]+000 POSITION: 0.0262145996, 1.35058594, -0.0554199219, 1
vb0[1148]+008 NORMAL: -0.00787401572, -1, 0.05511811, 0
vb0[1148]+000 COLOR: 0.713725507, 0.149019614, 0.403921574, 0.239215687
vb0[1148]+012 TEXCOORD: 0.0703125, 0.993652344
vb0[1148]+016 TEXCOORD1: 0.493164063, 0.500976563
vb0[1148]+020 TEXCOORD2: 0.496337891, 0.498046875
vb0[1148]+000 TEXCOORD3: 0.713725507, 0.149019614, 0.403921574, 0.239215687
vb0[1148]+028 TANGENT: 0.905511796, 0.0157480314, 0.425196856, 1

vb0[1149]+000 POSITION: 0.0252838135, 1.3515625, -0.0473022461, 1
vb0[1149]+008 NORMAL: 0, -1, 0.0314960629, 0
vb0[1149]+000 COLOR: 0.474509805, 0.149019614, 0.407843143, 0.239215687
vb0[1149]+012 TEXCOORD: 0.078125, 0.997070313
vb0[1149]+016 TEXCOORD1: 0.493408203, 0.5
vb0[1149]+020 TEXCOORD2: 0.496582031, 0.497802734
vb0[1149]+000 TEXCOORD3: 0.474509805, 0.149019614, 0.407843143, 0.239215687
vb0[1149]+028 TANGENT: 0.88188976, 0.0157480314, 0.472440958, 1

vb0[1150]+000 POSITION: 0.0441894531, 1.34765625, -0.0827026367, 1
vb0[1150]+008 NORMAL: -0.0472440943, -0.992125988, 0.102362208, 0
vb0[1150]+000 COLOR: 0.65882355, 0.160784319, 0.392156869, 0.239215687
vb0[1150]+012 TEXCOORD: 0.078125, 0.989746094
vb0[1150]+016 TEXCOORD1: 0.490234375, 0.502929688
vb0[1150]+020 TEXCOORD2: 0.495605469, 0.498535156
vb0[1150]+000 TEXCOORD3: 0.65882355, 0.160784319, 0.392156869, 0.239215687
vb0[1150]+028 TANGENT: 0.88188976, 0.00787401572, 0.472440958, 1

vb0[1151]+000 POSITION: 0.0315246582, 1.35058594, -0.0525817871, 1
vb0[1151]+008 NORMAL: -0.0236220472, -1, 0.05511811, 0
vb0[1151]+000 COLOR: 0.0352941193, 0.156862751, 0.403921574, 0.239215687
vb0[1151]+012 TEXCOORD: 0.0859375, 0.993652344
vb0[1151]+016 TEXCOORD1: 0.492675781, 0.500488281
vb0[1151]+020 TEXCOORD2: 0.496337891, 0.498046875
vb0[1151]+000 TEXCOORD3: 0.0352941193, 0.156862751, 0.403921574, 0.239215687
vb0[1151]+028 TANGENT: 0.858267725, 0.00787401572, 0.511811018, 1

vb0[1152]+000 POSITION: 0.0520935059, 1.34765625, -0.0779418945, 1
vb0[1152]+008 NORMAL: -0.0629921257, -0.992125988, 0.0944881886, 0
vb0[1152]+000 COLOR: 0.670588255, 0.164705887, 0.392156869, 0.239215687
vb0[1152]+012 TEXCOORD: 0.09375, 0.989746094
vb0[1152]+016 TEXCOORD1: 0.489746094, 0.501953125
vb0[1152]+020 TEXCOORD2: 0.495361328, 0.498291016
vb0[1152]+000 TEXCOORD3: 0.670588255, 0.164705887, 0.392156869, 0.239215687
vb0[1152]+028 TANGENT: 0.834645689, 0, 0.55905509, 1

vb0[1153]+000 POSITION: 0.029800415, 1.3515625, -0.0445861816, 1
vb0[1153]+008 NORMAL: -0.00787401572, -1, 0.0314960629, 0
vb0[1153]+000 COLOR: 0.631372571, 0.152941182, 0.407843143, 0.239215687
vb0[1153]+012 TEXCOORD: 0.09375, 0.997070313
vb0[1153]+016 TEXCOORD1: 0.493164063, 0.499755859
vb0[1153]+020 TEXCOORD2: 0.496582031, 0.497802734
vb0[1153]+000 TEXCOORD3: 0.631372571, 0.152941182, 0.407843143, 0.239215687
vb0[1153]+028 TANGENT: 0.834645689, 0.00787401572, 0.55905509, 1

vb0[1154]+000 POSITION: 1.60712118e-40, 1.35449219, 1.03314933e-40, 1
vb0[1154]+008 NORMAL: 0, -1, 0, 0
vb0[1154]+000 COLOR: 0.0549019612, 0, 0.419607848, 0.239215687
vb0[1154]+012 TEXCOORD: 0.078125, 1
vb0[1154]+016 TEXCOORD1: 0.497802734, 0.497070313
vb0[1154]+020 TEXCOORD2: 0.497802734, 0.497070313
vb0[1154]+000 TEXCOORD3: 0.0549019612, 0, 0.419607848, 0.239215687
vb0[1154]+028 TANGENT: 0.88188976, 0, 0.472440958, 1

vb0[1155]+000 POSITION: 0.036529541, 1.35058594, -0.0492248535, 1
vb0[1155]+008 NORMAL: -0.0393700786, -1, 0.05511811, 0
vb0[1155]+000 COLOR: 0.678431392, 0.156862751, 0.403921574, 0.239215687
vb0[1155]+012 TEXCOORD: 0.1015625, 0.993652344
vb0[1155]+016 TEXCOORD1: 0.492431641, 0.5
vb0[1155]+020 TEXCOORD2: 0.496337891, 0.497802734
vb0[1155]+000 TEXCOORD3: 0.678431392, 0.156862751, 0.403921574, 0.239215687
vb0[1155]+028 TANGENT: 0.803149581, 0, 0.59842521, 1

vb0[1156]+000 POSITION: 0.0340270996, 1.3515625, -0.0414428711, 1
vb0[1156]+008 NORMAL: -0.00787401572, -1, 0.0314960629, 0
vb0[1156]+000 COLOR: 0.356862754, 0.156862751, 0.407843143, 0.239215687
vb0[1156]+012 TEXCOORD: 0.109375, 0.997070313
vb0[1156]+016 TEXCOORD1: 0.492919922, 0.499267578
vb0[1156]+020 TEXCOORD2: 0.496337891, 0.497558594
vb0[1156]+000 TEXCOORD3: 0.356862754, 0.156862751, 0.407843143, 0.239215687
vb0[1156]+028 TANGENT: 0.771653533, 0.00787401572, 0.637795269, 1

vb0[1157]+000 POSITION: 0.0594787598, 1.34765625, -0.0724487305, 1
vb0[1157]+008 NORMAL: -0.0708661452, -0.992125988, 0.0866141766, 0
vb0[1157]+000 COLOR: 0.615686297, 0.168627456, 0.392156869, 0.239215687
vb0[1157]+012 TEXCOORD: 0.109375, 0.989746094
vb0[1157]+016 TEXCOORD1: 0.489257813, 0.500976563
vb0[1157]+020 TEXCOORD2: 0.495361328, 0.498046875
vb0[1157]+000 TEXCOORD3: 0.615686297, 0.168627456, 0.392156869, 0.239215687
vb0[1157]+028 TANGENT: 0.771653533, 0, 0.637795269, 1

vb0[1158]+000 POSITION: 0.115966797, 1.33398438, -0.141235352, 1
vb0[1158]+008 NORMAL: -0.125984251, -0.976377964, 0.157480314, 0
vb0[1158]+000 COLOR: 0.423529416, 0.184313729, 0.337254912, 0.239215687
vb0[1158]+012 TEXCOORD: 0.109375, 0.977050781
vb0[1158]+016 TEXCOORD1: 0.479736328, 0.505859375
vb0[1158]+020 TEXCOORD2: 0.492431641, 0.499511719
vb0[1158]+000 TEXCOORD3: 0.423529416, 0.184313729, 0.337254912, 0.239215687
vb0[1158]+028 TANGENT: 0.771653533, 0, 0.637795269, 1

vb0[1159]+000 POSITION: 0.172485352, 1.31152344, -0.210205078, 1
vb0[1159]+008 NORMAL: -0.181102365, -0.96062994, 0.22047244, 0
vb0[1159]+000 COLOR: 0.521568656, 0.192156866, 0.247058824, 0.239215687
vb0[1159]+012 TEXCOORD: 0.109375, 0.960449219
vb0[1159]+016 TEXCOORD1: 0.468505859, 0.511230469
vb0[1159]+020 TEXCOORD2: 0.489257813, 0.500976563
vb0[1159]+000 TEXCOORD3: 0.521568656, 0.192156866, 0.247058824, 0.239215687
vb0[1159]+028 TANGENT: 0.771653533, 0, 0.637795269, 1

vb0[1160]+000 POSITION: 0.0411682129, 1.35058594, -0.0454101563, 1
vb0[1160]+008 NORMAL: -0.0393700786, -1, 0.0472440943, 0
vb0[1160]+000 COLOR: 0.270588249, 0.160784319, 0.403921574, 0.239215687
vb0[1160]+012 TEXCOORD: 0.1171875, 0.993652344
vb0[1160]+016 TEXCOORD1: 0.4921875, 0.499267578
vb0[1160]+020 TEXCOORD2: 0.49609375, 0.497558594
vb0[1160]+000 TEXCOORD3: 0.270588249, 0.160784319, 0.403921574, 0.239215687
vb0[1160]+028 TANGENT: 0.740157485, 0, 0.669291317, 1

vb0[1161]+000 POSITION: 0.0662841797, 1.34765625, -0.0662841797, 1
vb0[1161]+008 NORMAL: -0.0787401572, -0.992125988, 0.0787401572, 0
vb0[1161]+000 COLOR: 0.243137255, 0.172549024, 0.392156869, 0.239215687
vb0[1161]+012 TEXCOORD: 0.125, 0.989746094
vb0[1161]+016 TEXCOORD1: 0.488769531, 0.500488281
vb0[1161]+020 TEXCOORD2: 0.495117188, 0.497802734
vb0[1161]+000 TEXCOORD3: 0.243137255, 0.172549024, 0.392156869, 0.239215687
vb0[1161]+028 TANGENT: 0.708661437, 0, 0.708661437, 1

vb0[1162]+000 POSITION: 0.129272461, 1.33398438, -0.129272461, 1
vb0[1162]+008 NORMAL: -0.14173229, -0.976377964, 0.14173229, 0
vb0[1162]+000 COLOR: 0.137254909, 0.188235298, 0.337254912, 0.239215687
vb0[1162]+012 TEXCOORD: 0.125, 0.977050781
vb0[1162]+016 TEXCOORD1: 0.479003906, 0.50390625
vb0[1162]+020 TEXCOORD2: 0.4921875, 0.499023438
vb0[1162]+000 TEXCOORD3: 0.137254909, 0.188235298, 0.337254912, 0.239215687
vb0[1162]+028 TANGENT: 0.708661437, 0, 0.708661437, 1

vb0[1163]+000 POSITION: 0.0379333496, 1.3515625, -0.0379333496, 1
vb0[1163]+008 NORMAL: -0.0157480314, -1, 0.0157480314, 0
vb0[1163]+000 COLOR: 0.858823538, 0.156862751, 0.407843143, 0.239215687
vb0[1163]+012 TEXCOORD: 0.125, 0.997070313
vb0[1163]+016 TEXCOORD1: 0.492675781, 0.498779297
vb0[1163]+020 TEXCOORD2: 0.496337891, 0.497558594
vb0[1163]+000 TEXCOORD3: 0.858823538, 0.156862751, 0.407843143, 0.239215687
vb0[1163]+028 TANGENT: 0.708661437, 0, 0.708661437, 1

vb0[1164]+000 POSITION: 1.60712118e-40, 1.35449219, 1.03314933e-40, 1
vb0[1164]+008 NORMAL: 0, -1, 0, 0
vb0[1164]+000 COLOR: 0.0549019612, 0, 0.419607848, 0.239215687
vb0[1164]+012 TEXCOORD: 0.109375, 1
vb0[1164]+016 TEXCOORD1: 0.497802734, 0.497070313
vb0[1164]+020 TEXCOORD2: 0.497802734, 0.497070313
vb0[1164]+000 TEXCOORD3: 0.0549019612, 0, 0.419607848, 0.239215687
vb0[1164]+028 TANGENT: 0.771653533, 0, 0.637795269, 1

vb0[1165]+000 POSITION: 0.0454101563, 1.35058594, -0.0411682129, 1
vb0[1165]+008 NORMAL: -0.0472440943, -1, 0.0393700786, 0
vb0[1165]+000 COLOR: 0.815686285, 0.160784319, 0.403921574, 0.239215687
vb0[1165]+012 TEXCOORD: 0.1328125, 0.993652344
vb0[1165]+016 TEXCOORD1: 0.491943359, 0.498779297
vb0[1165]+020 TEXCOORD2: 0.49609375, 0.497558594
vb0[1165]+000 TEXCOORD3: 0.815686285, 0.160784319, 0.403921574, 0.239215687
vb0[1165]+028 TANGENT: 0.669291317, 0, 0.740157485, 1

vb0[1166]+000 POSITION: 0.0414428711, 1.3515625, -0.0340270996, 1
vb0[1166]+008 NORMAL: -0.0314960629, -1, 0.00787401572, 0
vb0[1166]+000 COLOR: 0.305882365, 0.160784319, 0.407843143, 0.239215687
vb0[1166]+012 TEXCOORD: 0.140625, 0.997070313
vb0[1166]+016 TEXCOORD1: 0.492675781, 0.498291016
vb0[1166]+020 TEXCOORD2: 0.496337891, 0.497314453
vb0[1166]+000 TEXCOORD3: 0.305882365, 0.160784319, 0.407843143, 0.239215687
vb0[1166]+028 TANGENT: 0.637795269, -0.00787401572, 0.771653533, 1

vb0[1167]+000 POSITION: 0.0724487305, 1.34765625, -0.0594787598, 1
vb0[1167]+008 NORMAL: -0.0866141766, -0.992125988, 0.0708661452, 0
vb0[1167]+000 COLOR: 0.639215708, 0.172549024, 0.392156869, 0.239215687
vb0[1167]+012 TEXCOORD: 0.140625, 0.989746094
vb0[1167]+016 TEXCOORD1: 0.488525391, 0.499267578
vb0[1167]+020 TEXCOORD2: 0.495117188, 0.497558594
vb0[1167]+000 TEXCOORD3: 0.639215708, 0.172549024, 0.392156869, 0.239215687
vb0[1167]+028 TANGENT: 0.637795269, 0, 0.771653533, 1

vb0[1168]+000 POSITION: 1.60712118e-40, 1.35449219, 1.03314933e-40, 1
vb0[1168]+008 NORMAL: 0, -1, 0, 0
vb0[1168]+000 COLOR: 0.0549019612, 0, 0.419607848, 0.239215687
vb0[1168]+012 TEXCOORD: 0.15625, 1
vb0[1168]+016 TEXCOORD1: 0.497802734, 0.497070313
vb0[1168]+020 TEXCOORD2: 0.497802734, 0.497070313
vb0[1168]+000 TEXCOORD3: 0.0549019612, 0, 0.419607848, 0.239215687
vb0[1168]+028 TANGENT: 0.637795269, 0, 0.771653533, 1

vb0[1169]+000 POSITION: 0.141235352, 1.33398438, -0.115966797, 1
vb0[1169]+008 NORMAL: -0.157480314, -0.976377964, 0.125984251, 0
vb0[1169]+000 COLOR: 0.521568656, 0.188235298, 0.337254912, 0.239215687
vb0[1169]+012 TEXCOORD: 0.140625, 0.977050781
vb0[1169]+016 TEXCOORD1: 0.478271484, 0.501953125
vb0[1169]+020 TEXCOORD2: 0.4921875, 0.498291016
vb0[1169]+000 TEXCOORD3: 0.521568656, 0.188235298, 0.337254912, 0.239215687
vb0[1169]+028 TANGENT: 0.637795269, 0, 0.771653533, 1

vb0[1170]+000 POSITION: 0.210205078, 1.31152344, -0.172485352, 1
vb0[1170]+008 NORMAL: -0.22047244, -0.96062994, 0.181102365, 0
vb0[1170]+000 COLOR: 0.729411781, 0.196078435, 0.247058824, 0.239215687
vb0[1170]+012 TEXCOORD: 0.140625, 0.960449219
vb0[1170]+016 TEXCOORD1: 0.466308594, 0.504882813
vb0[1170]+020 TEXCOORD2: 0.488525391, 0.499267578
vb0[1170]+000 TEXCOORD3: 0.729411781, 0.196078435, 0.247058824, 0.239215687
vb0[1170]+028 TANGENT: 0.637795269, 0, 0.771653533, 1

vb0[1171]+000 POSITION: 0.277099609, 1.28125, -0.227416992, 1
vb0[1171]+008 NORMAL: -0.291338593, -0.929133832, 0.236220479, 0
vb0[1171]+000 COLOR: 0.435294122, 0.203921571, 0.125490203, 0.239215687
vb0[1171]+012 TEXCOORD: 0.140625, 0.942382813
vb0[1171]+016 TEXCOORD1: 0.452392578, 0.508300781
vb0[1171]+020 TEXCOORD2: 0.484619141, 0.5
vb0[1171]+000 TEXCOORD3: 0.435294122, 0.203921571, 0.125490203, 0.239215687
vb0[1171]+028 TANGENT: 0.637795269, 0, 0.771653533, 1

vb0[1172]+000 POSITION: 0.192260742, 1.31152344, -0.192260742, 1
vb0[1172]+008 NORMAL: -0.204724416, -0.96062994, 0.204724416, 0
vb0[1172]+000 COLOR: 0.152941182, 0.196078435, 0.247058824, 0.239215687
vb0[1172]+012 TEXCOORD: 0.125, 0.960449219
vb0[1172]+016 TEXCOORD1: 0.467285156, 0.508300781
vb0[1172]+020 TEXCOORD2: 0.488769531, 0.5
vb0[1172]+000 TEXCOORD3: 0.152941182, 0.196078435, 0.247058824, 0.239215687
vb0[1172]+028 TANGENT: 0.708661437, 0, 0.708661437, 1

vb0[1173]+000 POSITION: 0.253417969, 1.28125, -0.253417969, 1
vb0[1173]+008 NORMAL: -0.259842515, -0.929133832, 0.259842515, 0
vb0[1173]+000 COLOR: 0.0549019612, 0.203921571, 0.125490203, 0.239215687
vb0[1173]+012 TEXCOORD: 0.125, 0.942382813
vb0[1173]+016 TEXCOORD1: 0.453857422, 0.512695313
vb0[1173]+020 TEXCOORD2: 0.485107422, 0.501464844
vb0[1173]+000 TEXCOORD3: 0.0549019612, 0.203921571, 0.125490203, 0.239215687
vb0[1173]+028 TANGENT: 0.708661437, 0, 0.708661437, 1

vb0[1174]+000 POSITION: 0.312255859, 1.24316406, -0.312255859, 1
vb0[1174]+008 NORMAL: -0.322834641, -0.889763772, 0.322834641, 0
vb0[1174]+000 COLOR: 1, 0.203921571, 0.97647059, 0.235294119
vb0[1174]+012 TEXCOORD: 0.125, 0.919921875
vb0[1174]+016 TEXCOORD1: 0.438720703, 0.518554688
vb0[1174]+020 TEXCOORD2: 0.48046875, 0.502929688
vb0[1174]+000 TEXCOORD3: 1, 0.203921571, 0.97647059, 0.235294119
vb0[1174]+028 TANGENT: 0.708661437, 0, 0.708661437, 1

vb0[1175]+000 POSITION: 0.368164063, 1.19628906, -0.368164063, 1
vb0[1175]+008 NORMAL: -0.40157479, -0.826771677, 0.40157479, 0
vb0[1175]+000 COLOR: 0.894117653, 0.20784314, 0.788235307, 0.235294119
vb0[1175]+012 TEXCOORD: 0.125, 0.893066406
vb0[1175]+016 TEXCOORD1: 0.422119141, 0.524414063
vb0[1175]+020 TEXCOORD2: 0.474121094, 0.505371094
vb0[1175]+000 TEXCOORD3: 0.894117653, 0.20784314, 0.788235307, 0.235294119
vb0[1175]+028 TANGENT: 0.708661437, 0, 0.708661437, 1

vb0[1176]+000 POSITION: 0.420410156, 1.13769531, -0.420410156, 1
vb0[1176]+008 NORMAL: -0.472440958, -0.740157485, 0.472440958, 0
vb0[1176]+000 COLOR: 0.729411781, 0.211764708, 0.552941203, 0.235294119
vb0[1176]+012 TEXCOORD: 0.125, 0.860839844
vb0[1176]+016 TEXCOORD1: 0.404785156, 0.530273438
vb0[1176]+020 TEXCOORD2: 0.466308594, 0.5078125
vb0[1176]+000 TEXCOORD3: 0.729411781, 0.211764708, 0.552941203, 0.235294119
vb0[1176]+028 TANGENT: 0.708661437, 0, 0.708661437, 1

vb0[1177]+000 POSITION: 0.468505859, 1.06835938, -0.468505859, 1
vb0[1177]+008 NORMAL: -0.535433054, -0.653543293, 0.535433054, 0
vb0[1177]+000 COLOR: 0.498039216, 0.215686277, 0.274509817, 0.235294119
vb0[1177]+012 TEXCOORD: 0.125, 0.82421875
vb0[1177]+016 TEXCOORD1: 0.386962891, 0.536621094
vb0[1177]+020 TEXCOORD2: 0.456542969, 0.511230469
vb0[1177]+000 TEXCOORD3: 0.498039216, 0.215686277, 0.274509817, 0.235294119
vb0[1177]+028 TANGENT: 0.708661437, 0, 0.708661437, 1

vb0[1178]+000 POSITION: 0.512207031, 0.985839844, -0.512207031, 1
vb0[1178]+008 NORMAL: -0.590551198, -0.551181078, 0.590551198, 0
vb0[1178]+000 COLOR: 0.0980392173, 0.219607845, 0.890196085, 0.23137255
vb0[1178]+012 TEXCOORD: 0.125, 0.778808594
vb0[1178]+016 TEXCOORD1: 0.369873047, 0.54296875
vb0[1178]+020 TEXCOORD2: 0.444824219, 0.515136719
vb0[1178]+000 TEXCOORD3: 0.0980392173, 0.219607845, 0.890196085, 0.23137255
vb0[1178]+028 TANGENT: 0.708661437, 0, 0.708661437, 1

vb0[1179]+000 POSITION: 0.55078125, 0.889160156, -0.55078125, 1
vb0[1179]+008 NORMAL: -0.637795269, -0.44094488, 0.637795269, 0
vb0[1179]+000 COLOR: 0.407843143, 0.219607845, 0.113725491, 0.23137255
vb0[1179]+012 TEXCOORD: 0.125, 0.718261719
vb0[1179]+016 TEXCOORD1: 0.353759766, 0.548339844
vb0[1179]+020 TEXCOORD2: 0.430175781, 0.520507813
vb0[1179]+000 TEXCOORD3: 0.407843143, 0.219607845, 0.113725491, 0.23137255
vb0[1179]+028 TANGENT: 0.708661437, 0, 0.708661437, 1

vb0[1180]+000 POSITION: 0.560058594, 0.985839844, -0.459472656, 1
vb0[1180]+008 NORMAL: -0.645669281, -0.551181078, 0.527559042, 0
vb0[1180]+000 COLOR: 0.482352942, 0.219607845, 0.890196085, 0.23137255
vb0[1180]+012 TEXCOORD: 0.140625, 0.778808594
vb0[1180]+016 TEXCOORD1: 0.366210938, 0.529785156
vb0[1180]+020 TEXCOORD2: 0.443359375, 0.510253906
vb0[1180]+000 TEXCOORD3: 0.482352942, 0.219607845, 0.890196085, 0.23137255
vb0[1180]+028 TANGENT: 0.637795269, 0, 0.771653533, 1

vb0[1181]+000 POSITION: 0.512207031, 1.06835938, -0.420410156, 1
vb0[1181]+008 NORMAL: -0.582677186, -0.653543293, 0.48031497, 0
vb0[1181]+000 COLOR: 0.0980392173, 0.219607845, 0.274509817, 0.235294119
vb0[1181]+012 TEXCOORD: 0.140625, 0.82421875
vb0[1181]+016 TEXCOORD1: 0.383789063, 0.525878906
vb0[1181]+020 TEXCOORD2: 0.455566406, 0.507324219
vb0[1181]+000 TEXCOORD3: 0.0980392173, 0.219607845, 0.274509817, 0.235294119
vb0[1181]+028 TANGENT: 0.637795269, 0, 0.771653533, 1

vb0[1182]+000 POSITION: 0.459472656, 1.13769531, -0.376953125, 1
vb0[1182]+008 NORMAL: -0.51968503, -0.740157485, 0.425196856, 0
vb0[1182]+000 COLOR: 0.352941185, 0.215686277, 0.552941203, 0.235294119
vb0[1182]+012 TEXCOORD: 0.140625, 0.860839844
vb0[1182]+016 TEXCOORD1: 0.401855469, 0.520996094
vb0[1182]+020 TEXCOORD2: 0.465332031, 0.504882813
vb0[1182]+000 TEXCOORD3: 0.352941185, 0.215686277, 0.552941203, 0.235294119
vb0[1182]+028 TANGENT: 0.637795269, 0, 0.771653533, 1

vb0[1183]+000 POSITION: 0.602050781, 0.889160156, -0.494140625, 1
vb0[1183]+008 NORMAL: -0.692913413, -0.44094488, 0.566929162, 0
vb0[1183]+000 COLOR: 0.819607854, 0.219607845, 0.113725491, 0.23137255
vb0[1183]+012 TEXCOORD: 0.140625, 0.718261719
vb0[1183]+016 TEXCOORD1: 0.349365234, 0.534179688
vb0[1183]+020 TEXCOORD2: 0.428222656, 0.513671875
vb0[1183]+000 TEXCOORD3: 0.819607854, 0.219607845, 0.113725491, 0.23137255
vb0[1183]+028 TANGENT: 0.637795269, 0, 0.771653533, 1

vb0[1184]+000 POSITION: 0.602050781, 0.985839844, -0.40234375, 1
vb0[1184]+008 NORMAL: -0.692913413, -0.551181078, 0.464566916, 0
vb0[1184]+000 COLOR: 0.819607854, 0.219607845, 0.890196085, 0.23137255
vb0[1184]+012 TEXCOORD: 0.15625, 0.778808594
vb0[1184]+016 TEXCOORD1: 0.363525391, 0.517089844
vb0[1184]+020 TEXCOORD2: 0.442382813, 0.504394531
vb0[1184]+000 TEXCOORD3: 0.819607854, 0.219607845, 0.890196085, 0.23137255
vb0[1184]+028 TANGENT: 0.55905509, 0, 0.834645689, 1

vb0[1185]+000 POSITION: 0.647949219, 0.889160156, -0.432861328, 1
vb0[1185]+008 NORMAL: -0.748031497, -0.44094488, 0.496062994, 0
vb0[1185]+000 COLOR: 0.184313729, 0.223529413, 0.113725491, 0.23137255
vb0[1185]+012 TEXCOORD: 0.15625, 0.718261719
vb0[1185]+016 TEXCOORD1: 0.346679688, 0.51953125
vb0[1185]+020 TEXCOORD2: 0.427001953, 0.506835938
vb0[1185]+000 TEXCOORD3: 0.184313729, 0.223529413, 0.113725491, 0.23137255
vb0[1185]+028 TANGENT: 0.55905509, 0, 0.834645689, 1

vb0[1186]+000 POSITION: 0.687011719, 0.776855469, -0.458984375, 1
vb0[1186]+008 NORMAL: -0.779527545, -0.346456707, 0.51968503, 0
vb0[1186]+000 COLOR: 0.498039216, 0.223529413, 0.215686277, 0.227450982
vb0[1186]+012 TEXCOORD: 0.15625, 0.639160156
vb0[1186]+016 TEXCOORD1: 0.329589844, 0.521484375
vb0[1186]+020 TEXCOORD2: 0.408203125, 0.509277344
vb0[1186]+000 TEXCOORD3: 0.498039216, 0.223529413, 0.215686277, 0.227450982
vb0[1186]+028 TANGENT: 0.55905509, 0, 0.834645689, 1

vb0[1187]+000 POSITION: 0.728515625, 0.776855469, -0.389404297, 1
vb0[1187]+008 NORMAL: -0.826771677, -0.346456707, 0.44094488, 0
vb0[1187]+000 COLOR: 0.831372559, 0.223529413, 0.215686277, 0.227450982
vb0[1187]+012 TEXCOORD: 0.171875, 0.639160156
vb0[1187]+016 TEXCOORD1: 0.328125, 0.504882813
vb0[1187]+020 TEXCOORD2: 0.407470703, 0.500488281
vb0[1187]+000 TEXCOORD3: 0.831372559, 0.223529413, 0.215686277, 0.227450982
vb0[1187]+028 TANGENT: 0.472440958, 0, 0.88188976, 1

vb0[1188]+000 POSITION: 0.763183594, 0.776855469, -0.316162109, 1
vb0[1188]+008 NORMAL: -0.866141737, -0.346456707, 0.362204731, 0
vb0[1188]+000 COLOR: 0.105882354, 0.227450982, 0.215686277, 0.227450982
vb0[1188]+012 TEXCOORD: 0.1875, 0.639160156
vb0[1188]+016 TEXCOORD1: 0.328369141, 0.488525391
vb0[1188]+020 TEXCOORD2: 0.407714844, 0.491455078
vb0[1188]+000 TEXCOORD3: 0.105882354, 0.227450982, 0.215686277, 0.227450982
vb0[1188]+028 TANGENT: 0.385826766, 0, 0.92125982, 1

vb0[1189]+000 POSITION: 0.790527344, 0.776855469, -0.239868164, 1
vb0[1189]+008 NORMAL: -0.897637784, -0.346456707, 0.275590539, 0
vb0[1189]+000 COLOR: 0.325490206, 0.227450982, 0.215686277, 0.227450982
vb0[1189]+012 TEXCOORD: 0.203125, 0.639160156
vb0[1189]+016 TEXCOORD1: 0.330078125, 0.471923828
vb0[1189]+020 TEXCOORD2: 0.408935547, 0.482666016
vb0[1189]+000 TEXCOORD3: 0.325490206, 0.227450982, 0.215686277, 0.227450982
vb0[1189]+028 TANGENT: 0.291338593, 0, 0.96062994, 1

vb0[1190]+000 POSITION: 0.687011719, 0.889160156, -0.3671875, 1
vb0[1190]+008 NORMAL: -0.795275569, -0.44094488, 0.425196856, 0
vb0[1190]+000 COLOR: 0.498039216, 0.223529413, 0.113725491, 0.23137255
vb0[1190]+012 TEXCOORD: 0.171875, 0.718261719
vb0[1190]+016 TEXCOORD1: 0.345214844, 0.504394531
vb0[1190]+020 TEXCOORD2: 0.426513672, 0.499755859
vb0[1190]+000 TEXCOORD3: 0.498039216, 0.223529413, 0.113725491, 0.23137255
vb0[1190]+028 TANGENT: 0.472440958, 0, 0.88188976, 1

vb0[1191]+000 POSITION: 0.719726563, 0.889160156, -0.298095703, 1
vb0[1191]+008 NORMAL: -0.826771677, -0.44094488, 0.346456707, 0
vb0[1191]+000 COLOR: 0.760784328, 0.223529413, 0.113725491, 0.23137255
vb0[1191]+012 TEXCOORD: 0.1875, 0.718261719
vb0[1191]+016 TEXCOORD1: 0.345214844, 0.489501953
vb0[1191]+020 TEXCOORD2: 0.426513672, 0.492675781
vb0[1191]+000 TEXCOORD3: 0.760784328, 0.223529413, 0.113725491, 0.23137255
vb0[1191]+028 TANGENT: 0.385826766, 0, 0.92125982, 1

vb0[1192]+000 POSITION: 0.638671875, 0.985839844, -0.341308594, 1
vb0[1192]+008 NORMAL: -0.740157485, -0.551181078, 0.393700778, 0
vb0[1192]+000 COLOR: 0.109803922, 0.223529413, 0.890196085, 0.23137255
vb0[1192]+012 TEXCOORD: 0.171875, 0.778808594
vb0[1192]+016 TEXCOORD1: 0.362304688, 0.50390625
vb0[1192]+020 TEXCOORD2: 0.441894531, 0.499267578
vb0[1192]+000 TEXCOORD3: 0.109803922, 0.223529413, 0.890196085, 0.23137255
vb0[1192]+028 TANGENT: 0.472440958, 0, 0.88188976, 1

vb0[1193]+000 POSITION: 0.612304688, 1.06835938, -0.253417969, 1
vb0[1193]+008 NORMAL: -0.700787425, -0.653543293, 0.291338593, 0
vb0[1193]+000 COLOR: 0.90196079, 0.219607845, 0.274509817, 0.235294119
vb0[1193]+012 TEXCOORD: 0.1875, 0.82421875
vb0[1193]+016 TEXCOORD1: 0.380371094, 0.491455078
vb0[1193]+020 TEXCOORD2: 0.454345703, 0.494384766
vb0[1193]+000 TEXCOORD3: 0.90196079, 0.219607845, 0.274509817, 0.235294119
vb0[1193]+028 TANGENT: 0.385826766, 0, 0.92125982, 1

vb0[1194]+000 POSITION: 0.584472656, 1.06835938, -0.312255859, 1
vb0[1194]+008 NORMAL: -0.669291317, -0.653543293, 0.354330719, 0
vb0[1194]+000 COLOR: 0.678431392, 0.219607845, 0.274509817, 0.235294119
vb0[1194]+012 TEXCOORD: 0.171875, 0.82421875
vb0[1194]+016 TEXCOORD1: 0.380371094, 0.502929688
vb0[1194]+020 TEXCOORD2: 0.454345703, 0.498779297
vb0[1194]+000 TEXCOORD3: 0.678431392, 0.219607845, 0.274509817, 0.235294119
vb0[1194]+028 TANGENT: 0.472440958, 0, 0.88188976, 1

vb0[1195]+000 POSITION: 0.55078125, 1.06835938, -0.368164063, 1
vb0[1195]+008 NORMAL: -0.629921257, -0.653543293, 0.425196856, 0
vb0[1195]+000 COLOR: 0.407843143, 0.219607845, 0.274509817, 0.235294119
vb0[1195]+012 TEXCOORD: 0.15625, 0.82421875
vb0[1195]+016 TEXCOORD1: 0.381591797, 0.514160156
vb0[1195]+020 TEXCOORD2: 0.454589844, 0.502929688
vb0[1195]+000 TEXCOORD3: 0.407843143, 0.219607845, 0.274509817, 0.235294119
vb0[1195]+028 TANGENT: 0.55905509, 0, 0.834645689, 1

vb0[1196]+000 POSITION: 0.494140625, 1.13769531, -0.330322266, 1
vb0[1196]+008 NORMAL: -0.55905509, -0.740157485, 0.370078743, 0
vb0[1196]+000 COLOR: 0.909803927, 0.215686277, 0.552941203, 0.235294119
vb0[1196]+012 TEXCOORD: 0.15625, 0.860839844
vb0[1196]+016 TEXCOORD1: 0.400146484, 0.51171875
vb0[1196]+020 TEXCOORD2: 0.46484375, 0.501464844
vb0[1196]+000 TEXCOORD3: 0.909803927, 0.215686277, 0.552941203, 0.235294119
vb0[1196]+028 TANGENT: 0.55905509, 0, 0.834645689, 1

vb0[1197]+000 POSITION: 0.40234375, 1.19628906, -0.330322266, 1
vb0[1197]+008 NORMAL: -0.44094488, -0.826771677, 0.362204731, 0
vb0[1197]+000 COLOR: 0.43921569, 0.211764708, 0.788235307, 0.235294119
vb0[1197]+012 TEXCOORD: 0.140625, 0.893066406
vb0[1197]+016 TEXCOORD1: 0.419921875, 0.516601563
vb0[1197]+020 TEXCOORD2: 0.473388672, 0.502929688
vb0[1197]+000 TEXCOORD3: 0.43921569, 0.211764708, 0.788235307, 0.235294119
vb0[1197]+028 TANGENT: 0.637795269, 0, 0.771653533, 1

vb0[1198]+000 POSITION: 0.341308594, 1.24316406, -0.280273438, 1
vb0[1198]+008 NORMAL: -0.354330719, -0.889763772, 0.291338593, 0
vb0[1198]+000 COLOR: 0.4627451, 0.20784314, 0.97647059, 0.235294119
vb0[1198]+012 TEXCOORD: 0.140625, 0.919921875
vb0[1198]+016 TEXCOORD1: 0.437011719, 0.512207031
vb0[1198]+020 TEXCOORD2: 0.479736328, 0.501464844
vb0[1198]+000 TEXCOORD3: 0.4627451, 0.20784314, 0.97647059, 0.235294119
vb0[1198]+028 TANGENT: 0.637795269, 0, 0.771653533, 1

vb0[1199]+000 POSITION: 1.60712118e-40, 1.35449219, 1.03314933e-40, 1
vb0[1199]+008 NORMAL: 0, -1, 0, 0
vb0[1199]+000 COLOR: 0.0549019612, 0, 0.419607848, 0.239215687
vb0[1199]+012 TEXCOORD: 0.875, 1
vb0[1199]+016 TEXCOORD1: 0.497802734, 0.497070313
vb0[1199]+020 TEXCOORD2: 0.497802734, 0.497070313
vb0[1199]+000 TEXCOORD3: 0.0549019612, 0, 0.419607848, 0.239215687
vb0[1199]+028 TANGENT: 0.669291317, 0, -0.740157485, 1

vb0[1200]+000 POSITION: 1.60712118e-40, 1.35449219, 1.03314933e-40, 1
vb0[1200]+008 NORMAL: 0, -1, 0, 0
vb0[1200]+000 COLOR: 0.0549019612, 0, 0.419607848, 0.239215687
vb0[1200]+012 TEXCOORD: 0.75, 1
vb0[1200]+016 TEXCOORD1: 0.497802734, 0.497070313
vb0[1200]+020 TEXCOORD2: 0.497802734, 0.497070313
vb0[1200]+000 TEXCOORD3: 0.0549019612, 0, 0.419607848, 0.239215687
vb0[1200]+028 TANGENT: 0.0472440943, 0, -1, 1

vb0[1201]+000 POSITION: 0.0763549805, 0.889160156, 0.775390625, 1
vb0[1201]+008 NORMAL: -0.0866141766, -0.44094488, -0.889763772, 0
vb0[1201]+000 COLOR: 0.890196085, 0.172549024, 0.113725491, 0.23137255
vb0[1201]+012 TEXCOORD: 0.484375, 0.718261719
vb0[1201]+016 TEXCOORD1: 0.548339844, 0.353027344
vb0[1201]+020 TEXCOORD2: 0.521972656, 0.429931641
vb0[1201]+000 TEXCOORD3: 0.890196085, 0.172549024, 0.113725491, 0.23137255
vb0[1201]+028 TANGENT: -0.992125988, 0, 0.0944881886, 1

vb0[1202]+000 POSITION: 4.59177481e-41, 0.889160156, 0.778808594, 1
vb0[1202]+008 NORMAL: 0, -0.44094488, -0.897637784, 0
vb0[1202]+000 COLOR: 0.0156862754, 0, 0.113725491, 0.23137255
vb0[1202]+012 TEXCOORD: 0.5, 0.718261719
vb0[1202]+016 TEXCOORD1: 0.562011719, 0.358398438
vb0[1202]+020 TEXCOORD2: 0.528320313, 0.432617188
vb0[1202]+000 TEXCOORD3: 0.0156862754, 0, 0.113725491, 0.23137255
vb0[1202]+028 TANGENT: -1, 0, 0, 1

vb0[1203]+000 POSITION: -0.0763549805, 0.889160156, 0.775390625, 1
vb0[1203]+008 NORMAL: 0.0866141766, -0.44094488, -0.889763772, 0
vb0[1203]+000 COLOR: 0.890196085, 0.674509823, 0.113725491, 0.23137255
vb0[1203]+012 TEXCOORD: 0.515625, 0.718261719
vb0[1203]+016 TEXCOORD1: 0.575195313, 0.365478516
vb0[1203]+020 TEXCOORD2: 0.534667969, 0.435791016
vb0[1203]+000 TEXCOORD3: 0.890196085, 0.674509823, 0.113725491, 0.23137255
vb0[1203]+028 TANGENT: -0.992125988, 0, -0.0944881886, 1

vb0[1204]+000 POSITION: -0.0809936523, 0.776855469, 0.822265625, 1
vb0[1204]+008 NORMAL: 0.0944881886, -0.346456707, -0.937007844, 0
vb0[1204]+000 COLOR: 0.184313729, 0.678431392, 0.215686277, 0.227450982
vb0[1204]+012 TEXCOORD: 0.515625, 0.639160156
vb0[1204]+016 TEXCOORD1: 0.583984375, 0.350585938
vb0[1204]+020 TEXCOORD2: 0.544433594, 0.419677734
vb0[1204]+000 TEXCOORD3: 0.184313729, 0.678431392, 0.215686277, 0.227450982
vb0[1204]+028 TANGENT: -0.992125988, 0, -0.0944881886, 1

vb0[1205]+000 POSITION: -0.151977539, 0.889160156, 0.764160156, 1
vb0[1205]+008 NORMAL: 0.173228353, -0.44094488, -0.88188976, 0
vb0[1205]+000 COLOR: 0.866666675, 0.690196097, 0.113725491, 0.23137255
vb0[1205]+012 TEXCOORD: 0.53125, 0.718261719
vb0[1205]+016 TEXCOORD1: 0.587890625, 0.373535156
vb0[1205]+020 TEXCOORD2: 0.540527344, 0.439697266
vb0[1205]+000 TEXCOORD3: 0.866666675, 0.690196097, 0.113725491, 0.23137255
vb0[1205]+028 TANGENT: -0.984251976, 0, -0.196850389, 1

vb0[1206]+000 POSITION: 9.18354962e-41, 1.13769531, 0.594238281, 1
vb0[1206]+008 NORMAL: 0, -0.740157485, -0.669291317, 0
vb0[1206]+000 COLOR: 0.0313725509, 0, 0.552941203, 0.235294119
vb0[1206]+012 TEXCOORD: 0.5, 0.860839844
vb0[1206]+016 TEXCOORD1: 0.539550781, 0.407470703
vb0[1206]+020 TEXCOORD2: 0.512207031, 0.467041016
vb0[1206]+000 TEXCOORD3: 0.0313725509, 0, 0.552941203, 0.235294119
vb0[1206]+028 TANGENT: -1, 0, 0, 1

vb0[1207]+000 POSITION: 0.0582580566, 1.13769531, 0.591308594, 1
vb0[1207]+008 NORMAL: -0.0629921257, -0.740157485, -0.669291317, 0
vb0[1207]+000 COLOR: 0.458823532, 0.168627456, 0.552941203, 0.235294119
vb0[1207]+012 TEXCOORD: 0.484375, 0.860839844
vb0[1207]+016 TEXCOORD1: 0.530273438, 0.403808594
vb0[1207]+020 TEXCOORD2: 0.509277344, 0.465820313
vb0[1207]+000 TEXCOORD3: 0.458823532, 0.168627456, 0.552941203, 0.235294119
vb0[1207]+028 TANGENT: -0.992125988, 0, 0.0944881886, 1

vb0[1208]+000 POSITION: 0.115966797, 1.13769531, 0.583007813, 1
vb0[1208]+008 NORMAL: -0.133858263, -0.740157485, -0.661417305, 0
vb0[1208]+000 COLOR: 0.423529416, 0.184313729, 0.552941203, 0.235294119
vb0[1208]+012 TEXCOORD: 0.46875, 0.860839844
vb0[1208]+016 TEXCOORD1: 0.520996094, 0.401123047
vb0[1208]+020 TEXCOORD2: 0.505859375, 0.46484375
vb0[1208]+000 TEXCOORD3: 0.423529416, 0.184313729, 0.552941203, 0.235294119
vb0[1208]+028 TANGENT: -0.984251976, 0, 0.196850389, 1

vb0[1209]+000 POSITION: 0.172485352, 1.13769531, 0.568847656, 1
vb0[1209]+008 NORMAL: -0.196850389, -0.740157485, -0.637795269, 0
vb0[1209]+000 COLOR: 0.521568656, 0.192156866, 0.552941203, 0.235294119
vb0[1209]+012 TEXCOORD: 0.453125, 0.860839844
vb0[1209]+016 TEXCOORD1: 0.51171875, 0.399414063
vb0[1209]+020 TEXCOORD2: 0.502929688, 0.464111328
vb0[1209]+000 TEXCOORD3: 0.521568656, 0.192156866, 0.552941203, 0.235294119
vb0[1209]+028 TANGENT: -0.96062994, 0, 0.291338593, 1

vb0[1210]+000 POSITION: 0.227416992, 1.13769531, 0.549316406, 1
vb0[1210]+008 NORMAL: -0.259842515, -0.740157485, -0.622047246, 0
vb0[1210]+000 COLOR: 0.278431386, 0.200000003, 0.552941203, 0.235294119
vb0[1210]+012 TEXCOORD: 0.4375, 0.860839844
vb0[1210]+016 TEXCOORD1: 0.501953125, 0.3984375
vb0[1210]+020 TEXCOORD2: 0.499511719, 0.463867188
vb0[1210]+000 TEXCOORD3: 0.278431386, 0.200000003, 0.552941203, 0.235294119
vb0[1210]+028 TANGENT: -0.92125982, 0, 0.385826766, 1

vb0[1211]+000 POSITION: 0.0510253906, 1.19628906, 0.518066406, 1
vb0[1211]+008 NORMAL: -0.05511811, -0.826771677, -0.566929162, 0
vb0[1211]+000 COLOR: 0.533333361, 0.164705887, 0.788235307, 0.235294119
vb0[1211]+012 TEXCOORD: 0.484375, 0.893066406
vb0[1211]+016 TEXCOORD1: 0.524414063, 0.421386719
vb0[1211]+020 TEXCOORD2: 0.506347656, 0.473388672
vb0[1211]+000 TEXCOORD3: 0.533333361, 0.164705887, 0.788235307, 0.235294119
vb0[1211]+028 TANGENT: -0.992125988, 0, 0.0944881886, 1

vb0[1212]+000 POSITION: 0.1015625, 1.19628906, 0.510742188, 1
vb0[1212]+008 NORMAL: -0.11023622, -0.826771677, -0.55905509, 0
vb0[1212]+000 COLOR: 0.501960814, 0.180392161, 0.788235307, 0.235294119
vb0[1212]+012 TEXCOORD: 0.46875, 0.893066406
vb0[1212]+016 TEXCOORD1: 0.516601563, 0.419189453
vb0[1212]+020 TEXCOORD2: 0.50390625, 0.47265625
vb0[1212]+000 TEXCOORD3: 0.501960814, 0.180392161, 0.788235307, 0.235294119
vb0[1212]+028 TANGENT: -0.984251976, 0, 0.196850389, 1

vb0[1213]+000 POSITION: 0.151123047, 1.19628906, 0.498046875, 1
vb0[1213]+008 NORMAL: -0.165354326, -0.826771677, -0.543307066, 0
vb0[1213]+000 COLOR: 0.839215696, 0.188235298, 0.788235307, 0.235294119
vb0[1213]+012 TEXCOORD: 0.453125, 0.893066406
vb0[1213]+016 TEXCOORD1: 0.509277344, 0.417724609
vb0[1213]+020 TEXCOORD2: 0.501464844, 0.472167969
vb0[1213]+000 TEXCOORD3: 0.839215696, 0.188235298, 0.788235307, 0.235294119
vb0[1213]+028 TANGENT: -0.96062994, 0, 0.291338593, 1

vb0[1214]+000 POSITION: 0.19921875, 1.19628906, 0.480957031, 1
vb0[1214]+008 NORMAL: -0.22047244, -0.826771677, -0.527559042, 0
vb0[1214]+000 COLOR: 0.376470596, 0.196078435, 0.788235307, 0.235294119
vb0[1214]+012 TEXCOORD: 0.4375, 0.893066406
vb0[1214]+016 TEXCOORD1: 0.500976563, 0.416992188
vb0[1214]+020 TEXCOORD2: 0.499023438, 0.471923828
vb0[1214]+000 TEXCOORD3: 0.376470596, 0.196078435, 0.788235307, 0.235294119
vb0[1214]+028 TANGENT: -0.92125982, 0, 0.385826766, 1

vb0[1215]+000 POSITION: 0.280273438, 1.13769531, 0.524414063, 1
vb0[1215]+008 NORMAL: -0.314960629, -0.740157485, -0.590551198, 0
vb0[1215]+000 COLOR: 0.486274511, 0.203921571, 0.552941203, 0.235294119
vb0[1215]+012 TEXCOORD: 0.421875, 0.860839844
vb0[1215]+016 TEXCOORD1: 0.492431641, 0.3984375
vb0[1215]+020 TEXCOORD2: 0.496337891, 0.463867188
vb0[1215]+000 TEXCOORD3: 0.486274511, 0.203921571, 0.552941203, 0.235294119
vb0[1215]+028 TANGENT: -0.88188976, 0, 0.472440958, 1

vb0[1216]+000 POSITION: 0.245361328, 1.19628906, 0.458984375, 1
vb0[1216]+008 NORMAL: -0.267716527, -0.826771677, -0.503937006, 0
vb0[1216]+000 COLOR: 0.854901969, 0.200000003, 0.788235307, 0.235294119
vb0[1216]+012 TEXCOORD: 0.421875, 0.893066406
vb0[1216]+016 TEXCOORD1: 0.493408203, 0.416992188
vb0[1216]+020 TEXCOORD2: 0.496582031, 0.471923828
vb0[1216]+000 TEXCOORD3: 0.854901969, 0.200000003, 0.788235307, 0.235294119
vb0[1216]+028 TANGENT: -0.88188976, 0, 0.472440958, 1

vb0[1217]+000 POSITION: 0.169067383, 1.24316406, 0.407958984, 1
vb0[1217]+008 NORMAL: -0.173228353, -0.889763772, -0.425196856, 0
vb0[1217]+000 COLOR: 0.411764711, 0.192156866, 0.97647059, 0.235294119
vb0[1217]+012 TEXCOORD: 0.4375, 0.919921875
vb0[1217]+016 TEXCOORD1: 0.500488281, 0.434326172
vb0[1217]+020 TEXCOORD2: 0.498779297, 0.478759766
vb0[1217]+000 TEXCOORD3: 0.411764711, 0.192156866, 0.97647059, 0.235294119
vb0[1217]+028 TANGENT: -0.92125982, 0, 0.385826766, 1

vb0[1218]+000 POSITION: 0.128173828, 1.24316406, 0.422607422, 1
vb0[1218]+008 NORMAL: -0.133858263, -0.889763772, -0.44094488, 0
vb0[1218]+000 COLOR: 0.101960786, 0.188235298, 0.97647059, 0.235294119
vb0[1218]+012 TEXCOORD: 0.453125, 0.919921875
vb0[1218]+016 TEXCOORD1: 0.506347656, 0.435058594
vb0[1218]+020 TEXCOORD2: 0.500488281, 0.478759766
vb0[1218]+000 TEXCOORD3: 0.101960786, 0.188235298, 0.97647059, 0.235294119
vb0[1218]+028 TANGENT: -0.96062994, 0, 0.291338593, 1

vb0[1219]+000 POSITION: 1.60712118e-40, 1.35449219, 1.03314933e-40, 1
vb0[1219]+008 NORMAL: 0, -1, 0, 0
vb0[1219]+000 COLOR: 0.0549019612, 0, 0.419607848, 0.239215687
vb0[1219]+012 TEXCOORD: 0.921875, 1
vb0[1219]+016 TEXCOORD1: 0.497802734, 0.497070313
vb0[1219]+020 TEXCOORD2: 0.497802734, 0.497070313
vb0[1219]+000 TEXCOORD3: 0.0549019612, 0, 0.419607848, 0.239215687
vb0[1219]+028 TANGENT: 0.858267725, 0, -0.511811018, 1

vb0[1220]+000 POSITION: 1.60712118e-40, 1.35449219, 1.03314933e-40, 1
vb0[1220]+008 NORMAL: 0, -1, 0, 0
vb0[1220]+000 COLOR: 0.0549019612, 0, 0.419607848, 0.239215687
vb0[1220]+012 TEXCOORD: 0.96875, 1
vb0[1220]+016 TEXCOORD1: 0.497802734, 0.497070313
vb0[1220]+020 TEXCOORD2: 0.497802734, 0.497070313
vb0[1220]+000 TEXCOORD3: 0.0549019612, 0, 0.419607848, 0.239215687
vb0[1220]+028 TANGENT: 0.968503952, 0, -0.244094491, 1
