stride: 40
first vertex: 0
vertex count: 229
topology: pointlist
element[0]:
  SemanticName: POSITION
  SemanticIndex: 0
  Format: R32G32B32_FLOAT
  InputSlot: 0
  AlignedByteOffset: 0
  InputSlotClass: per-vertex
  InstanceDataStepRate: 0
element[1]:
  SemanticName: NORMAL
  SemanticIndex: 0
  Format: R32G32B32_FLOAT
  InputSlot: 0
  AlignedByteOffset: 12
  InputSlotClass: per-vertex
  InstanceDataStepRate: 0
element[2]:
  SemanticName: COLOR
  SemanticIndex: 0
  Format: R8G8B8A8_UNORM
  InputSlot: 0
  AlignedByteOffset: 0
  InputSlotClass: per-vertex
  InstanceDataStepRate: 0
element[3]:
  SemanticName: TEXCOORD
  SemanticIndex: 0
  Format: R8G8B8A8_UNORM
  InputSlot: 0
  AlignedByteOffset: 0
  InputSlotClass: per-vertex
  InstanceDataStepRate: 0
element[4]:
  SemanticName: TEXCOORD
  SemanticIndex: 1
  Format: R8G8B8A8_UNORM
  InputSlot: 0
  AlignedByteOffset: 0
  InputSlotClass: per-vertex
  InstanceDataStepRate: 0
element[5]:
  SemanticName: TEXCOORD
  SemanticIndex: 2
  Format: R8G8B8A8_UNORM
  InputSlot: 0
  AlignedByteOffset: 0
  InputSlotClass: per-vertex
  InstanceDataStepRate: 0
element[6]:
  SemanticName: TEXCOORD
  SemanticIndex: 3
  Format: R8G8B8A8_UNORM
  InputSlot: 0
  AlignedByteOffset: 0
  InputSlotClass: per-vertex
  InstanceDataStepRate: 0
element[7]:
  SemanticName: TANGENT
  SemanticIndex: 0
  Format: R32G32B32A32_FLOAT
  InputSlot: 0
  AlignedByteOffset: 24
  InputSlotClass: per-vertex
  InstanceDataStepRate: 0
element[8]:
  SemanticName: BLENDWEIGHT
  SemanticIndex: 0
  Format: R32G32B32A32_FLOAT
  InputSlot: 1
  AlignedByteOffset: 0
  InputSlotClass: per-vertex
  InstanceDataStepRate: 0
element[9]:
  SemanticName: BLENDINDICES
  SemanticIndex: 0
  Format: R32G32B32A32_SINT
  InputSlot: 1
  AlignedByteOffset: 16
  InputSlotClass: per-vertex
  InstanceDataStepRate: 0

vertex-data:

vb0[0]+000 POSITION: 0.0051096105, 0.1256942, 4.26219771e-08
vb0[0]+012 NORMAL: 0.0357059836, 0.999360859, 0.00169653911
vb0[0]+000 COLOR: 0.521568656, 0.431372553, 0.654901981, 0.23137255
vb0[0]+000 TEXCOORD: 0.521568656, 0.431372553, 0.654901981, 0.23137255
vb0[0]+000 TEXCOORD1: 0.521568656, 0.431372553, 0.654901981, 0.23137255
vb0[0]+000 TEXCOORD2: 0.521568656, 0.431372553, 0.654901981, 0.23137255
vb0[0]+000 TEXCOORD3: 0.521568656, 0.431372553, 0.654901981, 0.23137255
vb0[0]+024 TANGENT: -0.0249459911, 0.00258836709, -0.999685407, -1

vb0[1]+000 POSITION: -0.0265985411, 0.0983936489, 0.0287987348
vb0[1]+012 NORMAL: -0.464041919, 0.75221163, 0.467806309
vb0[1]+000 COLOR: 0.184313729, 0.898039222, 0.850980401, 0.737254918
vb0[1]+000 TEXCOORD: 0.184313729, 0.898039222, 0.850980401, 0.737254918
vb0[1]+000 TEXCOORD1: 0.184313729, 0.898039222, 0.850980401, 0.737254918
vb0[1]+000 TEXCOORD2: 0.184313729, 0.898039222, 0.850980401, 0.737254918
vb0[1]+000 TEXCOORD3: 0.184313729, 0.898039222, 0.850980401, 0.737254918
vb0[1]+024 TANGENT: -0.371075213, 0.314465553, -0.873735964, -1

vb0[2]+000 POSITION: 0.00221066945, 0.0993911549, 0.0431536585
vb0[2]+012 NORMAL: 0.00556395575, 0.760079384, 0.64980638
vb0[2]+000 COLOR: 0.882352948, 0.87843138, 0.0627451017, 0.23137255
vb0[2]+000 TEXCOORD: 0.882352948, 0.87843138, 0.0627451017, 0.23137255
vb0[2]+000 TEXCOORD1: 0.882352948, 0.87843138, 0.0627451017, 0.23137255
vb0[2]+000 TEXCOORD2: 0.882352948, 0.87843138, 0.0627451017, 0.23137255
vb0[2]+000 TEXCOORD3: 0.882352948, 0.87843138, 0.0627451017, 0.23137255
vb0[2]+024 TANGENT: -0.45837608, 0.579465985, -0.673877239, -1

vb0[3]+000 POSITION: -0.0410602577, 0.0993534252, -1.04755864e-05
vb0[3]+012 NORMAL: -0.626157284, 0.779696882, 2.05953365e-05
vb0[3]+000 COLOR: 0.80392158, 0.180392161, 0.156862751, 0.741176486
vb0[3]+000 TEXCOORD: 0.80392158, 0.180392161, 0.156862751, 0.741176486
vb0[3]+000 TEXCOORD1: 0.80392158, 0.180392161, 0.156862751, 0.741176486
vb0[3]+000 TEXCOORD2: 0.80392158, 0.180392161, 0.156862751, 0.741176486
vb0[3]+000 TEXCOORD3: 0.80392158, 0.180392161, 0.156862751, 0.741176486
vb0[3]+024 TANGENT: -0.0260428302, -0.0208880212, -0.999442518, -1

vb0[4]+000 POSITION: -0.0265985653, 0.0983936563, -0.0288196933
vb0[4]+012 NORMAL: -0.46655947, 0.751733601, -0.466067344
vb0[4]+000 COLOR: 0.235294119, 0.898039222, 0.850980401, 0.737254918
vb0[4]+000 TEXCOORD: 0.235294119, 0.898039222, 0.850980401, 0.737254918
vb0[4]+000 TEXCOORD1: 0.235294119, 0.898039222, 0.850980401, 0.737254918
vb0[4]+000 TEXCOORD2: 0.235294119, 0.898039222, 0.850980401, 0.737254918
vb0[4]+000 TEXCOORD3: 0.235294119, 0.898039222, 0.850980401, 0.737254918
vb0[4]+024 TANGENT: 0.321128964, -0.347009629, -0.881169915, -1

vb0[5]+000 POSITION: 0.00221066969, 0.100078329, -0.0426754132
vb0[5]+012 NORMAL: 0.00519089168, 0.763908863, -0.64530319
vb0[5]+000 COLOR: 0.886274517, 0.87843138, 0.0627451017, 0.23137255
vb0[5]+000 TEXCOORD: 0.886274517, 0.87843138, 0.0627451017, 0.23137255
vb0[5]+000 TEXCOORD1: 0.886274517, 0.87843138, 0.0627451017, 0.23137255
vb0[5]+000 TEXCOORD2: 0.886274517, 0.87843138, 0.0627451017, 0.23137255
vb0[5]+000 TEXCOORD3: 0.886274517, 0.87843138, 0.0627451017, 0.23137255
vb0[5]+024 TANGENT: 0.408335447, -0.59067893, -0.695960224, -1

vb0[6]+000 POSITION: -0.0505187251, 0.0632475019, 0.0505240634
vb0[6]+012 NORMAL: -0.522960782, 0.676466942, 0.518560112
vb0[6]+000 COLOR: 0.725490212, 0.925490201, 0.305882365, 0.741176486
vb0[6]+000 TEXCOORD: 0.725490212, 0.925490201, 0.305882365, 0.741176486
vb0[6]+000 TEXCOORD1: 0.725490212, 0.925490201, 0.305882365, 0.741176486
vb0[6]+000 TEXCOORD2: 0.725490212, 0.925490201, 0.305882365, 0.741176486
vb0[6]+000 TEXCOORD3: 0.725490212, 0.925490201, 0.305882365, 0.741176486
vb0[6]+024 TANGENT: -0.363509208, 0.373276591, -0.853537142, -1

vb0[7]+000 POSITION: 2.37489585e-05, 0.0649975017, 0.075708136
vb0[7]+012 NORMAL: -0.00802396145, 0.687668979, 0.725980043
vb0[7]+000 COLOR: 0.501960814, 0.219607845, 0.78039217, 0.215686277
vb0[7]+000 TEXCOORD: 0.501960814, 0.219607845, 0.78039217, 0.215686277
vb0[7]+000 TEXCOORD1: 0.501960814, 0.219607845, 0.78039217, 0.215686277
vb0[7]+000 TEXCOORD2: 0.501960814, 0.219607845, 0.78039217, 0.215686277
vb0[7]+000 TEXCOORD3: 0.501960814, 0.219607845, 0.78039217, 0.215686277
vb0[7]+024 TANGENT: -0.43893829, 0.649899304, -0.620454609, -1

vb0[8]+000 POSITION: -0.0758901611, 0.0649313256, -1.84097407e-05
vb0[8]+012 NORMAL: -0.702930689, 0.711258411, -2.68187432e-05
vb0[8]+000 COLOR: 0.301960796, 0.423529416, 0.607843161, 0.741176486
vb0[8]+000 TEXCOORD: 0.301960796, 0.423529416, 0.607843161, 0.741176486
vb0[8]+000 TEXCOORD1: 0.301960796, 0.423529416, 0.607843161, 0.741176486
vb0[8]+000 TEXCOORD2: 0.301960796, 0.423529416, 0.607843161, 0.741176486
vb0[8]+000 TEXCOORD3: 0.301960796, 0.423529416, 0.607843161, 0.741176486
vb0[8]+024 TANGENT: -0.0258631203, -0.025597997, -0.999337614, -1

vb0[9]+000 POSITION: -0.050518766, 0.0632475168, -0.0505608991
vb0[9]+012 NORMAL: -0.525651217, 0.676675856, -0.515558362
vb0[9]+000 COLOR: 0.768627465, 0.925490201, 0.305882365, 0.741176486
vb0[9]+000 TEXCOORD: 0.768627465, 0.925490201, 0.305882365, 0.741176486
vb0[9]+000 TEXCOORD1: 0.768627465, 0.925490201, 0.305882365, 0.741176486
vb0[9]+000 TEXCOORD2: 0.768627465, 0.925490201, 0.305882365, 0.741176486
vb0[9]+000 TEXCOORD3: 0.768627465, 0.925490201, 0.305882365, 0.741176486
vb0[9]+024 TANGENT: 0.312252939, -0.410265267, -0.856843352, -1

vb0[10]+000 POSITION: 2.37489585e-05, 0.0662030801, -0.0748691857
vb0[10]+012 NORMAL: -0.00839398708, 0.689148068, -0.724571943
vb0[10]+000 COLOR: 0.501960814, 0.219607845, 0.78039217, 0.215686277
vb0[10]+000 TEXCOORD: 0.501960814, 0.219607845, 0.78039217, 0.215686277
vb0[10]+000 TEXCOORD1: 0.501960814, 0.219607845, 0.78039217, 0.215686277
vb0[10]+000 TEXCOORD2: 0.501960814, 0.219607845, 0.78039217, 0.215686277
vb0[10]+000 TEXCOORD3: 0.501960814, 0.219607845, 0.78039217, 0.215686277
vb0[10]+024 TANGENT: 0.38743487, -0.665758848, -0.637698591, -1

vb0[11]+000 POSITION: -0.0664744675, 0.0115612028, 0.0664744824
vb0[11]+012 NORMAL: -0.567225158, 0.597085357, 0.567225456
vb0[11]+000 COLOR: 0.768627465, 0.137254909, 0.533333361, 0.741176486
vb0[11]+000 TEXCOORD: 0.768627465, 0.137254909, 0.533333361, 0.741176486
vb0[11]+000 TEXCOORD1: 0.768627465, 0.137254909, 0.533333361, 0.741176486
vb0[11]+000 TEXCOORD2: 0.768627465, 0.137254909, 0.533333361, 0.741176486
vb0[11]+000 TEXCOORD3: 0.768627465, 0.137254909, 0.533333361, 0.741176486
vb0[11]+024 TANGENT: -0.436330467, 0.366259038, -0.821869791, -1

vb0[12]+000 POSITION: -1.65719879e-12, 0.0543293096, 0.0621754862
vb0[12]+012 NORMAL: -0.000392501999, 0.685448289, 0.728121221
vb0[12]+000 COLOR: 0.882352948, 0.227450982, 0.913725495, 0.670588255
vb0[12]+000 TEXCOORD: 0.882352948, 0.227450982, 0.913725495, 0.670588255
vb0[12]+000 TEXCOORD1: 0.882352948, 0.227450982, 0.913725495, 0.670588255
vb0[12]+000 TEXCOORD2: 0.882352948, 0.227450982, 0.913725495, 0.670588255
vb0[12]+000 TEXCOORD3: 0.882352948, 0.227450982, 0.913725495, 0.670588255
vb0[12]+024 TANGENT: -0.461220622, 0.64592737, -0.608320177, -1

vb0[13]+000 POSITION: -0.0439646915, 0.0543293431, 0.0439647138
vb0[13]+012 NORMAL: -0.514343441, 0.686605453, 0.51383245
vb0[13]+000 COLOR: 0.321568638, 0.0784313753, 0.203921571, 0.741176486
vb0[13]+000 TEXCOORD: 0.321568638, 0.0784313753, 0.203921571, 0.741176486
vb0[13]+000 TEXCOORD1: 0.321568638, 0.0784313753, 0.203921571, 0.741176486
vb0[13]+000 TEXCOORD2: 0.321568638, 0.0784313753, 0.203921571, 0.741176486
vb0[13]+000 TEXCOORD3: 0.321568638, 0.0784313753, 0.203921571, 0.741176486
vb0[13]+024 TANGENT: -0.321991414, 0.400711447, -0.857759833, -1

vb0[14]+000 POSITION: 1.22785688e-11, 0.0115612037, 0.0940090939
vb0[14]+012 NORMAL: 0, 0.597085357, 0.802177787
vb0[14]+000 COLOR: 0.760784328, 0.00392156886, 0.345098048, 0.176470593
vb0[14]+000 TEXCOORD: 0.760784328, 0.00392156886, 0.345098048, 0.176470593
vb0[14]+000 TEXCOORD1: 0.760784328, 0.00392156886, 0.345098048, 0.176470593
vb0[14]+000 TEXCOORD2: 0.760784328, 0.00392156886, 0.345098048, 0.176470593
vb0[14]+000 TEXCOORD3: 0.760784328, 0.00392156886, 0.345098048, 0.176470593
vb0[14]+024 TANGENT: -0.655527174, 0.605781853, -0.450901866, -1

vb0[15]+000 POSITION: -0.0940091014, 0.0115612028, 3.66661368e-08
vb0[15]+012 NORMAL: -0.802177906, 0.597085118, 3.63188263e-07
vb0[15]+000 COLOR: 0.847058833, 0.529411793, 0.752941191, 0.741176486
vb0[15]+000 TEXCOORD: 0.847058833, 0.529411793, 0.752941191, 0.741176486
vb0[15]+000 TEXCOORD1: 0.847058833, 0.529411793, 0.752941191, 0.741176486
vb0[15]+000 TEXCOORD2: 0.847058833, 0.529411793, 0.752941191, 0.741176486
vb0[15]+000 TEXCOORD3: 0.847058833, 0.529411793, 0.752941191, 0.741176486
vb0[15]+024 TANGENT: -0.0172472727, -0.0231709294, -0.999582708, -1

vb0[16]+000 POSITION: -0.0621754713, 0.0543293804, 4.19531432e-08
vb0[16]+012 NORMAL: -0.726330817, 0.687345386, -0.000122008089
vb0[16]+000 COLOR: 0.709803939, 0.670588255, 0.494117647, 0.741176486
vb0[16]+000 TEXCOORD: 0.709803939, 0.670588255, 0.494117647, 0.741176486
vb0[16]+000 TEXCOORD1: 0.709803939, 0.670588255, 0.494117647, 0.741176486
vb0[16]+000 TEXCOORD2: 0.709803939, 0.670588255, 0.494117647, 0.741176486
vb0[16]+000 TEXCOORD3: 0.709803939, 0.670588255, 0.494117647, 0.741176486
vb0[16]+024 TANGENT: -0.0207415167, -0.0220953729, -0.999540687, -1

vb0[17]+000 POSITION: -0.0664745122, 0.0115612037, -0.0664744377
vb0[17]+012 NORMAL: -0.567225754, 0.597085238, -0.567225039
vb0[17]+000 COLOR: 0.792156875, 0.137254909, 0.533333361, 0.741176486
vb0[17]+000 TEXCOORD: 0.792156875, 0.137254909, 0.533333361, 0.741176486
vb0[17]+000 TEXCOORD1: 0.792156875, 0.137254909, 0.533333361, 0.741176486
vb0[17]+000 TEXCOORD2: 0.792156875, 0.137254909, 0.533333361, 0.741176486
vb0[17]+000 TEXCOORD3: 0.792156875, 0.137254909, 0.533333361, 0.741176486
vb0[17]+024 TANGENT: 0.388028771, -0.4137474, -0.823557377, -1

vb0[18]+000 POSITION: -0.0439647175, 0.0543293767, -0.0439646617
vb0[18]+012 NORMAL: -0.513789892, 0.687248588, -0.513526201
vb0[18]+000 COLOR: 0.349019617, 0.0784313753, 0.203921571, 0.741176486
vb0[18]+000 TEXCOORD: 0.349019617, 0.0784313753, 0.203921571, 0.741176486
vb0[18]+000 TEXCOORD1: 0.349019617, 0.0784313753, 0.203921571, 0.741176486
vb0[18]+000 TEXCOORD2: 0.349019617, 0.0784313753, 0.203921571, 0.741176486
vb0[18]+000 TEXCOORD3: 0.349019617, 0.0784313753, 0.203921571, 0.741176486
vb0[18]+024 TANGENT: 0.288257062, -0.425485075, -0.857828856, -1

vb0[19]+000 POSITION: 1.22785688e-11, 0.0115612401, -0.0940091237
vb0[19]+012 NORMAL: 0, 0.597085536, -0.802177548
vb0[19]+000 COLOR: 0.760784328, 0.00392156886, 0.345098048, 0.176470593
vb0[19]+000 TEXCOORD: 0.760784328, 0.00392156886, 0.345098048, 0.176470593
vb0[19]+000 TEXCOORD1: 0.760784328, 0.00392156886, 0.345098048, 0.176470593
vb0[19]+000 TEXCOORD2: 0.760784328, 0.00392156886, 0.345098048, 0.176470593
vb0[19]+000 TEXCOORD3: 0.760784328, 0.00392156886, 0.345098048, 0.176470593
vb0[19]+024 TANGENT: 0.553571701, -0.668054581, -0.497253686, -1

vb0[20]+000 POSITION: -1.65719879e-12, 0.0543293841, -0.0621754639
vb0[20]+012 NORMAL: -0.000389129913, 0.686369896, -0.727252483
vb0[20]+000 COLOR: 0.882352948, 0.227450982, 0.913725495, 0.670588255
vb0[20]+000 TEXCOORD: 0.882352948, 0.227450982, 0.913725495, 0.670588255
vb0[20]+000 TEXCOORD1: 0.882352948, 0.227450982, 0.913725495, 0.670588255
vb0[20]+000 TEXCOORD2: 0.882352948, 0.227450982, 0.913725495, 0.670588255
vb0[20]+000 TEXCOORD3: 0.882352948, 0.227450982, 0.913725495, 0.670588255
vb0[20]+024 TANGENT: 0.400859386, -0.666157782, -0.628924131, -1

vb0[21]+000 POSITION: 0.000628959504, 0.101848349, 0.000200066483
vb0[21]+012 NORMAL: 0.00521001313, 0.999985099, 0.00165745046
vb0[21]+000 COLOR: 0.760784328, 0.87843138, 0.141176477, 0.227450982
vb0[21]+000 TEXCOORD: 0.760784328, 0.87843138, 0.141176477, 0.227450982
vb0[21]+000 TEXCOORD1: 0.760784328, 0.87843138, 0.141176477, 0.227450982
vb0[21]+000 TEXCOORD2: 0.760784328, 0.87843138, 0.141176477, 0.227450982
vb0[21]+000 TEXCOORD3: 0.760784328, 0.87843138, 0.141176477, 0.227450982
vb0[21]+024 TANGENT: -0.0420427322, 0.00187507202, -0.999114096, -1

vb0[22]+000 POSITION: 0.0051096105, 0.1256942, 4.26219771e-08
vb0[22]+012 NORMAL: 0.0357059836, 0.999360859, 0.00169653911
vb0[22]+000 COLOR: 0.521568656, 0.431372553, 0.654901981, 0.23137255
vb0[22]+000 TEXCOORD: 0.521568656, 0.431372553, 0.654901981, 0.23137255
vb0[22]+000 TEXCOORD1: 0.521568656, 0.431372553, 0.654901981, 0.23137255
vb0[22]+000 TEXCOORD2: 0.521568656, 0.431372553, 0.654901981, 0.23137255
vb0[22]+000 TEXCOORD3: 0.521568656, 0.431372553, 0.654901981, 0.23137255
vb0[22]+024 TANGENT: 0.0215424281, 0, -0.999767959, 1

vb0[23]+000 POSITION: 0.00221066945, 0.0993911549, 0.0431536585
vb0[23]+012 NORMAL: 0.00556395575, 0.760079384, 0.64980638
vb0[23]+000 COLOR: 0.882352948, 0.87843138, 0.0627451017, 0.23137255
vb0[23]+000 TEXCOORD: 0.882352948, 0.87843138, 0.0627451017, 0.23137255
vb0[23]+000 TEXCOORD1: 0.882352948, 0.87843138, 0.0627451017, 0.23137255
vb0[23]+000 TEXCOORD2: 0.882352948, 0.87843138, 0.0627451017, 0.23137255
vb0[23]+000 TEXCOORD3: 0.882352948, 0.87843138, 0.0627451017, 0.23137255
vb0[23]+024 TANGENT: 0.511714637, 0.556126118, -0.654883087, 1

vb0[24]+000 POSITION: 0.0310198795, 0.0983936489, 0.0287987329
vb0[24]+012 NORMAL: 0.496808916, 0.719417632, 0.485406309
vb0[24]+000 COLOR: 0.403921574, 0.113725491, 0.996078432, 0.235294119
vb0[24]+000 TEXCOORD: 0.403921574, 0.113725491, 0.996078432, 0.235294119
vb0[24]+000 TEXCOORD1: 0.403921574, 0.113725491, 0.996078432, 0.235294119
vb0[24]+000 TEXCOORD2: 0.403921574, 0.113725491, 0.996078432, 0.235294119
vb0[24]+000 TEXCOORD3: 0.403921574, 0.113725491, 0.996078432, 0.235294119
vb0[24]+024 TANGENT: 0.401670694, 0.305194587, -0.863433182, 1

vb0[25]+000 POSITION: 0.0448392108, 0.0993534252, -1.04755864e-05
vb0[25]+012 NORMAL: 0.678250194, 0.734831035, 1.92793414e-05
vb0[25]+000 COLOR: 0.321568638, 0.662745118, 0.215686277, 0.239215687
vb0[25]+000 TEXCOORD: 0.321568638, 0.662745118, 0.215686277, 0.239215687
vb0[25]+000 TEXCOORD1: 0.321568638, 0.662745118, 0.215686277, 0.239215687
vb0[25]+000 TEXCOORD2: 0.321568638, 0.662745118, 0.215686277, 0.239215687
vb0[25]+000 TEXCOORD3: 0.321568638, 0.662745118, 0.215686277, 0.239215687
vb0[25]+024 TANGENT: 0.0225594752, -0.0207962021, -0.999529123, 1

vb0[26]+000 POSITION: 0.0310199019, 0.0983936563, -0.0288196933
vb0[26]+012 NORMAL: 0.499125749, 0.718730986, -0.48404485
vb0[26]+000 COLOR: 0.450980395, 0.113725491, 0.996078432, 0.235294119
vb0[26]+000 TEXCOORD: 0.450980395, 0.113725491, 0.996078432, 0.235294119
vb0[26]+000 TEXCOORD1: 0.450980395, 0.113725491, 0.996078432, 0.235294119
vb0[26]+000 TEXCOORD2: 0.450980395, 0.113725491, 0.996078432, 0.235294119
vb0[26]+000 TEXCOORD3: 0.450980395, 0.113725491, 0.996078432, 0.235294119
vb0[26]+024 TANGENT: -0.358823448, -0.337027192, -0.870435774, 1

vb0[27]+000 POSITION: 0.00221066969, 0.100078329, -0.0426754132
vb0[27]+012 NORMAL: 0.00519089168, 0.763908863, -0.64530319
vb0[27]+000 COLOR: 0.886274517, 0.87843138, 0.0627451017, 0.23137255
vb0[27]+000 TEXCOORD: 0.886274517, 0.87843138, 0.0627451017, 0.23137255
vb0[27]+000 TEXCOORD1: 0.886274517, 0.87843138, 0.0627451017, 0.23137255
vb0[27]+000 TEXCOORD2: 0.886274517, 0.87843138, 0.0627451017, 0.23137255
vb0[27]+000 TEXCOORD3: 0.886274517, 0.87843138, 0.0627451017, 0.23137255
vb0[27]+024 TANGENT: -0.469789922, -0.56780225, -0.675942361, 1

vb0[28]+000 POSITION: 0.0505662225, 0.0632475019, 0.0505240634
vb0[28]+012 NORMAL: 0.545092046, 0.638787746, 0.54297781
vb0[28]+000 COLOR: 0.529411793, 0.117647059, 0.309803933, 0.239215687
vb0[28]+000 TEXCOORD: 0.529411793, 0.117647059, 0.309803933, 0.239215687
vb0[28]+000 TEXCOORD1: 0.529411793, 0.117647059, 0.309803933, 0.239215687
vb0[28]+000 TEXCOORD2: 0.529411793, 0.117647059, 0.309803933, 0.239215687
vb0[28]+000 TEXCOORD3: 0.529411793, 0.117647059, 0.309803933, 0.239215687
vb0[28]+024 TANGENT: 0.397907108, 0.372940689, -0.83820349, 1

vb0[29]+000 POSITION: 2.37489585e-05, 0.0649975017, 0.075708136
vb0[29]+012 NORMAL: -0.00802396145, 0.687668979, 0.725980043
vb0[29]+000 COLOR: 0.501960814, 0.219607845, 0.78039217, 0.215686277
vb0[29]+000 TEXCOORD: 0.501960814, 0.219607845, 0.78039217, 0.215686277
vb0[29]+000 TEXCOORD1: 0.501960814, 0.219607845, 0.78039217, 0.215686277
vb0[29]+000 TEXCOORD2: 0.501960814, 0.219607845, 0.78039217, 0.215686277
vb0[29]+000 TEXCOORD3: 0.501960814, 0.219607845, 0.78039217, 0.215686277
vb0[29]+024 TANGENT: 0.490070254, 0.635542631, -0.596587539, 1

vb0[30]+000 POSITION: 0.0748106614, 0.0649313256, -1.84097407e-05
vb0[30]+012 NORMAL: 0.754180253, 0.656667471, -3.04911646e-05
vb0[30]+000 COLOR: 0.333333343, 0.211764708, 0.600000024, 0.239215687
vb0[30]+000 TEXCOORD: 0.333333343, 0.211764708, 0.600000024, 0.239215687
vb0[30]+000 TEXCOORD1: 0.333333343, 0.211764708, 0.600000024, 0.239215687
vb0[30]+000 TEXCOORD2: 0.333333343, 0.211764708, 0.600000024, 0.239215687
vb0[30]+000 TEXCOORD3: 0.333333343, 0.211764708, 0.600000024, 0.239215687
vb0[30]+024 TANGENT: 0.0222564712, -0.0256079063, -0.999424338, 1

vb0[31]+000 POSITION: 0.0505662635, 0.0632475168, -0.0505608991
vb0[31]+012 NORMAL: 0.547673702, 0.638828516, -0.540325582
vb0[31]+000 COLOR: 0.572549045, 0.117647059, 0.309803933, 0.239215687
vb0[31]+000 TEXCOORD: 0.572549045, 0.117647059, 0.309803933, 0.239215687
vb0[31]+000 TEXCOORD1: 0.572549045, 0.117647059, 0.309803933, 0.239215687
vb0[31]+000 TEXCOORD2: 0.572549045, 0.117647059, 0.309803933, 0.239215687
vb0[31]+000 TEXCOORD3: 0.572549045, 0.117647059, 0.309803933, 0.239215687
vb0[31]+024 TANGENT: -0.353159517, -0.40894106, -0.841454506, 1

vb0[32]+000 POSITION: 2.37489585e-05, 0.0662030801, -0.0748691857
vb0[32]+012 NORMAL: -0.00839398708, 0.689148068, -0.724571943
vb0[32]+000 COLOR: 0.501960814, 0.219607845, 0.78039217, 0.215686277
vb0[32]+000 TEXCOORD: 0.501960814, 0.219607845, 0.78039217, 0.215686277
vb0[32]+000 TEXCOORD1: 0.501960814, 0.219607845, 0.78039217, 0.215686277
vb0[32]+000 TEXCOORD2: 0.501960814, 0.219607845, 0.78039217, 0.215686277
vb0[32]+000 TEXCOORD3: 0.501960814, 0.219607845, 0.78039217, 0.215686277
vb0[32]+024 TANGENT: -0.44608295, -0.651083648, -0.614084721, 1

vb0[33]+000 POSITION: 0.0664744675, 0.0115612028, 0.0664744824
vb0[33]+012 NORMAL: 0.567225158, 0.597085357, 0.567225456
vb0[33]+000 COLOR: 0.768627465, 0.137254909, 0.533333361, 0.239215687
vb0[33]+000 TEXCOORD: 0.768627465, 0.137254909, 0.533333361, 0.239215687
vb0[33]+000 TEXCOORD1: 0.768627465, 0.137254909, 0.533333361, 0.239215687
vb0[33]+000 TEXCOORD2: 0.768627465, 0.137254909, 0.533333361, 0.239215687
vb0[33]+000 TEXCOORD3: 0.768627465, 0.137254909, 0.533333361, 0.239215687
vb0[33]+024 TANGENT: 0.436330438, 0.366259068, -0.821869791, 1

vb0[34]+000 POSITION: -1.65719879e-12, 0.0543293096, 0.0621754862
vb0[34]+012 NORMAL: -0.000392501999, 0.685448289, 0.728121221
vb0[34]+000 COLOR: 0.882352948, 0.227450982, 0.913725495, 0.670588255
vb0[34]+000 TEXCOORD: 0.882352948, 0.227450982, 0.913725495, 0.670588255
vb0[34]+000 TEXCOORD1: 0.882352948, 0.227450982, 0.913725495, 0.670588255
vb0[34]+000 TEXCOORD2: 0.882352948, 0.227450982, 0.913725495, 0.670588255
vb0[34]+000 TEXCOORD3: 0.882352948, 0.227450982, 0.913725495, 0.670588255
vb0[34]+024 TANGENT: 0.443230093, 0.652812839, -0.614314556, 1

vb0[35]+000 POSITION: 1.22785688e-11, 0.0115612037, 0.0940090939
vb0[35]+012 NORMAL: 0, 0.597085357, 0.802177787
vb0[35]+000 COLOR: 0.760784328, 0.00392156886, 0.345098048, 0.176470593
vb0[35]+000 TEXCOORD: 0.760784328, 0.00392156886, 0.345098048, 0.176470593
vb0[35]+000 TEXCOORD1: 0.760784328, 0.00392156886, 0.345098048, 0.176470593
vb0[35]+000 TEXCOORD2: 0.760784328, 0.00392156886, 0.345098048, 0.176470593
vb0[35]+000 TEXCOORD3: 0.760784328, 0.00392156886, 0.345098048, 0.176470593
vb0[35]+024 TANGENT: 0.655527174, 0.605781853, -0.450901866, 1

vb0[36]+000 POSITION: 0.0439646915, 0.0543293431, 0.0439647138
vb0[36]+012 NORMAL: 0.515322089, 0.684549034, 0.515592754
vb0[36]+000 COLOR: 0.321568638, 0.0784313753, 0.203921571, 0.239215687
vb0[36]+000 TEXCOORD: 0.321568638, 0.0784313753, 0.203921571, 0.239215687
vb0[36]+000 TEXCOORD1: 0.321568638, 0.0784313753, 0.203921571, 0.239215687
vb0[36]+000 TEXCOORD2: 0.321568638, 0.0784313753, 0.203921571, 0.239215687
vb0[36]+000 TEXCOORD3: 0.321568638, 0.0784313753, 0.203921571, 0.239215687
vb0[36]+024 TANGENT: 0.310718238, 0.411449254, -0.856833577, 1

vb0[37]+000 POSITION: 0.0940091014, 0.0115612028, 3.66661368e-08
vb0[37]+012 NORMAL: 0.802177906, 0.597085118, 3.63188263e-07
vb0[37]+000 COLOR: 0.847058833, 0.529411793, 0.752941191, 0.239215687
vb0[37]+000 TEXCOORD: 0.847058833, 0.529411793, 0.752941191, 0.239215687
vb0[37]+000 TEXCOORD1: 0.847058833, 0.529411793, 0.752941191, 0.239215687
vb0[37]+000 TEXCOORD2: 0.847058833, 0.529411793, 0.752941191, 0.239215687
vb0[37]+000 TEXCOORD3: 0.847058833, 0.529411793, 0.752941191, 0.239215687
vb0[37]+024 TANGENT: 0.0172472857, -0.0231709369, -0.999582708, 1

vb0[38]+000 POSITION: 0.0621754713, 0.0543293804, 4.19531432e-08
vb0[38]+012 NORMAL: 0.729060888, 0.684448838, -0.000125386054
vb0[38]+000 COLOR: 0.709803939, 0.670588255, 0.494117647, 0.239215687
vb0[38]+000 TEXCOORD: 0.709803939, 0.670588255, 0.494117647, 0.239215687
vb0[38]+000 TEXCOORD1: 0.709803939, 0.670588255, 0.494117647, 0.239215687
vb0[38]+000 TEXCOORD2: 0.709803939, 0.670588255, 0.494117647, 0.239215687
vb0[38]+000 TEXCOORD3: 0.709803939, 0.670588255, 0.494117647, 0.239215687
vb0[38]+024 TANGENT: 0.0107390955, -0.0116222501, -0.99987483, 1

vb0[39]+000 POSITION: 0.0664745122, 0.0115612037, -0.0664744377
vb0[39]+012 NORMAL: 0.567225754, 0.597085238, -0.567225039
vb0[39]+000 COLOR: 0.792156875, 0.137254909, 0.533333361, 0.239215687
vb0[39]+000 TEXCOORD: 0.792156875, 0.137254909, 0.533333361, 0.239215687
vb0[39]+000 TEXCOORD1: 0.792156875, 0.137254909, 0.533333361, 0.239215687
vb0[39]+000 TEXCOORD2: 0.792156875, 0.137254909, 0.533333361, 0.239215687
vb0[39]+000 TEXCOORD3: 0.792156875, 0.137254909, 0.533333361, 0.239215687
vb0[39]+024 TANGENT: -0.388028771, -0.4137474, -0.823557377, 1

vb0[40]+000 POSITION: 0.0439647175, 0.0543293767, -0.0439646617
vb0[40]+012 NORMAL: 0.51475966, 0.685209036, -0.515277624
vb0[40]+000 COLOR: 0.349019617, 0.0784313753, 0.203921571, 0.239215687
vb0[40]+000 TEXCOORD: 0.349019617, 0.0784313753, 0.203921571, 0.239215687
vb0[40]+000 TEXCOORD1: 0.349019617, 0.0784313753, 0.203921571, 0.239215687
vb0[40]+000 TEXCOORD2: 0.349019617, 0.0784313753, 0.203921571, 0.239215687
vb0[40]+000 TEXCOORD3: 0.349019617, 0.0784313753, 0.203921571, 0.239215687
vb0[40]+024 TANGENT: -0.315142304, -0.40771693, -0.857001901, 1

vb0[41]+000 POSITION: 1.22785688e-11, 0.0115612401, -0.0940091237
vb0[41]+012 NORMAL: 0, 0.597085536, -0.802177548
vb0[41]+000 COLOR: 0.760784328, 0.00392156886, 0.345098048, 0.176470593
vb0[41]+000 TEXCOORD: 0.760784328, 0.00392156886, 0.345098048, 0.176470593
vb0[41]+000 TEXCOORD1: 0.760784328, 0.00392156886, 0.345098048, 0.176470593
vb0[41]+000 TEXCOORD2: 0.760784328, 0.00392156886, 0.345098048, 0.176470593
vb0[41]+000 TEXCOORD3: 0.760784328, 0.00392156886, 0.345098048, 0.176470593
vb0[41]+024 TANGENT: -0.553571701, -0.668054581, -0.497253686, 1

vb0[42]+000 POSITION: -1.65719879e-12, 0.0543293841, -0.0621754639
vb0[42]+012 NORMAL: -0.000389129913, 0.686369896, -0.727252483
vb0[42]+000 COLOR: 0.882352948, 0.227450982, 0.913725495, 0.670588255
vb0[42]+000 TEXCOORD: 0.882352948, 0.227450982, 0.913725495, 0.670588255
vb0[42]+000 TEXCOORD1: 0.882352948, 0.227450982, 0.913725495, 0.670588255
vb0[42]+000 TEXCOORD2: 0.882352948, 0.227450982, 0.913725495, 0.670588255
vb0[42]+000 TEXCOORD3: 0.882352948, 0.227450982, 0.913725495, 0.670588255
vb0[42]+024 TANGENT: -0.443914682, -0.651787043, -0.614909291, 1

vb0[43]+000 POSITION: 0.000628959504, 0.101848349, 0.000200066483
vb0[43]+012 NORMAL: 0.00521001313, 0.999985099, 0.00165745046
vb0[43]+000 COLOR: 0.760784328, 0.87843138, 0.141176477, 0.227450982
vb0[43]+000 TEXCOORD: 0.760784328, 0.87843138, 0.141176477, 0.227450982
vb0[43]+000 TEXCOORD1: 0.760784328, 0.87843138, 0.141176477, 0.227450982
vb0[43]+000 TEXCOORD2: 0.760784328, 0.87843138, 0.141176477, 0.227450982
vb0[43]+000 TEXCOORD3: 0.760784328, 0.87843138, 0.141176477, 0.227450982
vb0[43]+024 TANGENT: 0.190262467, 0, -0.981733203, 1

vb0[44]+000 POSITION: 0.000628959504, 0.101848349, 0.000200066483
vb0[44]+012 NORMAL: 0.00521001313, 0.999985099, 0.00165745046
vb0[44]+000 COLOR: 0.760784328, 0.87843138, 0.141176477, 0.227450982
vb0[44]+000 TEXCOORD: 0.760784328, 0.87843138, 0.141176477, 0.227450982
vb0[44]+000 TEXCOORD1: 0.760784328, 0.87843138, 0.141176477, 0.227450982
vb0[44]+000 TEXCOORD2: 0.760784328, 0.87843138, 0.141176477, 0.227450982
vb0[44]+000 TEXCOORD3: 0.760784328, 0.87843138, 0.141176477, 0.227450982
vb0[44]+024 TANGENT: -0.224332437, 0.00278407056, -0.974508703, 1

vb0[45]+000 POSITION: 0.0337689742, 0.2843467, 0.0270634219
vb0[45]+012 NORMAL: -0.580804944, 0.419053972, -0.697896421
vb0[45]+000 COLOR: 0.337254912, 0.31764707, 0.0392156877, 0.239215687
vb0[45]+000 TEXCOORD: 0.337254912, 0.31764707, 0.0392156877, 0.239215687
vb0[45]+000 TEXCOORD1: 0.337254912, 0.31764707, 0.0392156877, 0.239215687
vb0[45]+000 TEXCOORD2: 0.337254912, 0.31764707, 0.0392156877, 0.239215687
vb0[45]+000 TEXCOORD3: 0.337254912, 0.31764707, 0.0392156877, 0.239215687
vb0[45]+024 TANGENT: -0.762129545, 0.0213366859, 0.647072911, 1

vb0[46]+000 POSITION: 0.0261288732, 0.192161009, -0.0294185672
vb0[46]+012 NORMAL: -0.921824932, 0.186288849, -0.339904696
vb0[46]+000 COLOR: 0.219607845, 0.0470588244, 0.839215696, 0.235294119
vb0[46]+000 TEXCOORD: 0.219607845, 0.0470588244, 0.839215696, 0.235294119
vb0[46]+000 TEXCOORD1: 0.219607845, 0.0470588244, 0.839215696, 0.235294119
vb0[46]+000 TEXCOORD2: 0.219607845, 0.0470588244, 0.839215696, 0.235294119
vb0[46]+000 TEXCOORD3: 0.219607845, 0.0470588244, 0.839215696, 0.235294119
vb0[46]+024 TANGENT: -0.351530552, -0.032363873, 0.935616791, 1

vb0[47]+000 POSITION: 0.0106652398, 0.190881684, 0.0134246051
vb0[47]+012 NORMAL: -0.668296754, 0.153187186, -0.727951348
vb0[47]+000 COLOR: 0.258823544, 0.741176486, 0.180392161, 0.235294119
vb0[47]+000 TEXCOORD: 0.258823544, 0.741176486, 0.180392161, 0.235294119
vb0[47]+000 TEXCOORD1: 0.258823544, 0.741176486, 0.180392161, 0.235294119
vb0[47]+000 TEXCOORD2: 0.258823544, 0.741176486, 0.180392161, 0.235294119
vb0[47]+000 TEXCOORD3: 0.258823544, 0.741176486, 0.180392161, 0.235294119
vb0[47]+024 TANGENT: -0.736363471, 0.00266697514, 0.676580846, 1

vb0[48]+000 POSITION: 0.0747131258, 0.288613796, -0.0192111637
vb0[48]+012 NORMAL: -0.647531092, 0.496025324, -0.578500092
vb0[48]+000 COLOR: 0.196078435, 0.0117647061, 0.600000024, 0.239215687
vb0[48]+000 TEXCOORD: 0.196078435, 0.0117647061, 0.600000024, 0.239215687
vb0[48]+000 TEXCOORD1: 0.196078435, 0.0117647061, 0.600000024, 0.239215687
vb0[48]+000 TEXCOORD2: 0.196078435, 0.0117647061, 0.600000024, 0.239215687
vb0[48]+000 TEXCOORD3: 0.196078435, 0.0117647061, 0.600000024, 0.239215687
vb0[48]+024 TANGENT: -0.695606887, -0.0747440383, 0.714523911, 1

vb0[49]+000 POSITION: -0.0358860232, 0.192983761, 0.0294534955
vb0[49]+012 NORMAL: -0.346769094, 0.190370485, -0.918428063
vb0[49]+000 COLOR: 0.223529413, 0.992156863, 0.0705882385, 0.741176486
vb0[49]+000 TEXCOORD: 0.223529413, 0.992156863, 0.0705882385, 0.741176486
vb0[49]+000 TEXCOORD1: 0.223529413, 0.992156863, 0.0705882385, 0.741176486
vb0[49]+000 TEXCOORD2: 0.223529413, 0.992156863, 0.0705882385, 0.741176486
vb0[49]+000 TEXCOORD3: 0.223529413, 0.992156863, 0.0705882385, 0.741176486
vb0[49]+024 TANGENT: -0.931560993, 0.0441967919, 0.36088872, 1

vb0[50]+000 POSITION: -0.0201670136, 0.289439291, 0.0593795963
vb0[50]+012 NORMAL: -0.448944926, 0.379292578, -0.809064627
vb0[50]+000 COLOR: 0.294117659, 0.20784314, 0.647058845, 0.737254918
vb0[50]+000 TEXCOORD: 0.294117659, 0.20784314, 0.647058845, 0.737254918
vb0[50]+000 TEXCOORD1: 0.294117659, 0.20784314, 0.647058845, 0.737254918
vb0[50]+000 TEXCOORD2: 0.294117659, 0.20784314, 0.647058845, 0.737254918
vb0[50]+000 TEXCOORD3: 0.294117659, 0.20784314, 0.647058845, 0.737254918
vb0[50]+024 TANGENT: -0.859026909, 0.0660805926, 0.507647514, 1

vb0[51]+000 POSITION: 0.0149840396, 0.0906229094, 0.012263733
vb0[51]+012 NORMAL: -0.737409115, 0.122919552, -0.664167643
vb0[51]+000 COLOR: 0.619607866, 0.498039216, 0.458823532, 0.235294119
vb0[51]+000 TEXCOORD: 0.619607866, 0.498039216, 0.458823532, 0.235294119
vb0[51]+000 TEXCOORD1: 0.619607866, 0.498039216, 0.458823532, 0.235294119
vb0[51]+000 TEXCOORD2: 0.619607866, 0.498039216, 0.458823532, 0.235294119
vb0[51]+000 TEXCOORD3: 0.619607866, 0.498039216, 0.458823532, 0.235294119
vb0[51]+024 TANGENT: -0.664590061, 0.0435494781, 0.745938122, 1

vb0[52]+000 POSITION: 0.00752442935, 0.09052331, -0.0169167332
vb0[52]+012 NORMAL: -0.948754489, 0.203413948, 0.241842553
vb0[52]+000 COLOR: 0.490196079, 0.56078434, 0.964705884, 0.23137255
vb0[52]+000 TEXCOORD: 0.490196079, 0.56078434, 0.964705884, 0.23137255
vb0[52]+000 TEXCOORD1: 0.490196079, 0.56078434, 0.964705884, 0.23137255
vb0[52]+000 TEXCOORD2: 0.490196079, 0.56078434, 0.964705884, 0.23137255
vb0[52]+000 TEXCOORD3: 0.490196079, 0.56078434, 0.964705884, 0.23137255
vb0[52]+024 TANGENT: 0.259204388, 0.0631425828, 0.963756204, 1

vb0[53]+000 POSITION: -0.0174140353, 0.0908486173, 0.011337894
vb0[53]+012 NORMAL: -0.0651307255, 0.0390821286, -0.997111082
vb0[53]+000 COLOR: 0.882352948, 0.654901981, 0.556862772, 0.737254918
vb0[53]+000 TEXCOORD: 0.882352948, 0.654901981, 0.556862772, 0.737254918
vb0[53]+000 TEXCOORD1: 0.882352948, 0.654901981, 0.556862772, 0.737254918
vb0[53]+000 TEXCOORD2: 0.882352948, 0.654901981, 0.556862772, 0.737254918
vb0[53]+000 TEXCOORD3: 0.882352948, 0.654901981, 0.556862772, 0.737254918
vb0[53]+024 TANGENT: -0.997859538, 0.00331313163, 0.0653094724, 1

vb0[54]+000 POSITION: 0.0581698306, 0.343631119, 0.0513815768
vb0[54]+012 NORMAL: -0.420083702, 0.620675147, -0.66203624
vb0[54]+000 COLOR: 0.490196079, 0.262745112, 0.431372553, 0.239215687
vb0[54]+000 TEXCOORD: 0.490196079, 0.262745112, 0.431372553, 0.239215687
vb0[54]+000 TEXCOORD1: 0.490196079, 0.262745112, 0.431372553, 0.239215687
vb0[54]+000 TEXCOORD2: 0.490196079, 0.262745112, 0.431372553, 0.239215687
vb0[54]+000 TEXCOORD3: 0.490196079, 0.262745112, 0.431372553, 0.239215687
vb0[54]+024 TANGENT: -0.804096341, 0.0835898295, 0.588593066, 1

vb0[55]+000 POSITION: 0.114466324, 0.347975522, 0.00475315098
vb0[55]+012 NORMAL: -0.438331753, 0.72270292, -0.534383595
vb0[55]+000 COLOR: 0.321568638, 0.427450985, 0.917647064, 0.239215687
vb0[55]+000 TEXCOORD: 0.321568638, 0.427450985, 0.917647064, 0.239215687
vb0[55]+000 TEXCOORD1: 0.321568638, 0.427450985, 0.917647064, 0.239215687
vb0[55]+000 TEXCOORD2: 0.321568638, 0.427450985, 0.917647064, 0.239215687
vb0[55]+000 TEXCOORD3: 0.321568638, 0.427450985, 0.917647064, 0.239215687
vb0[55]+024 TANGENT: -0.797903597, -0.0391708985, 0.601511002, 1

vb0[56]+000 POSITION: 0.0830662921, 0.377197951, 0.0769969001
vb0[56]+012 NORMAL: -0.20793213, 0.827125728, -0.522137344
vb0[56]+000 COLOR: 0.662745118, 0.117647059, 0.666666687, 0.239215687
vb0[56]+000 TEXCOORD: 0.662745118, 0.117647059, 0.666666687, 0.239215687
vb0[56]+000 TEXCOORD1: 0.662745118, 0.117647059, 0.666666687, 0.239215687
vb0[56]+000 TEXCOORD2: 0.662745118, 0.117647059, 0.666666687, 0.239215687
vb0[56]+000 TEXCOORD3: 0.662745118, 0.117647059, 0.666666687, 0.239215687
vb0[56]+024 TANGENT: -0.816238821, 0.147423029, 0.558588088, 1

vb0[57]+000 POSITION: 0.146156475, 0.375255048, 0.0346858203
vb0[57]+012 NORMAL: -0.201042563, 0.90180403, -0.382532835
vb0[57]+000 COLOR: 0.0431372561, 0.666666687, 0.0823529437, 0.243137255
vb0[57]+000 TEXCOORD: 0.0431372561, 0.666666687, 0.0823529437, 0.243137255
vb0[57]+000 TEXCOORD1: 0.0431372561, 0.666666687, 0.0823529437, 0.243137255
vb0[57]+000 TEXCOORD2: 0.0431372561, 0.666666687, 0.0823529437, 0.243137255
vb0[57]+000 TEXCOORD3: 0.0431372561, 0.666666687, 0.0823529437, 0.243137255
vb0[57]+024 TANGENT: -0.817515969, 0.0606796406, 0.572700262, 1

vb0[58]+000 POSITION: 0.0199394785, 0.400605798, 0.119215451
vb0[58]+012 NORMAL: -0.122842178, 0.782892108, -0.609909713
vb0[58]+000 COLOR: 0.117647059, 0.345098048, 0.639215708, 0.235294119
vb0[58]+000 TEXCOORD: 0.117647059, 0.345098048, 0.639215708, 0.235294119
vb0[58]+000 TEXCOORD1: 0.117647059, 0.345098048, 0.639215708, 0.235294119
vb0[58]+000 TEXCOORD2: 0.117647059, 0.345098048, 0.639215708, 0.235294119
vb0[58]+000 TEXCOORD3: 0.117647059, 0.345098048, 0.639215708, 0.235294119
vb0[58]+024 TANGENT: -0.820069373, 0.266039819, 0.506664455, 1

vb0[59]+000 POSITION: -0.00630079256, 0.360812098, 0.0895530283
vb0[59]+012 NORMAL: -0.308891237, 0.579722583, -0.753994644
vb0[59]+000 COLOR: 0.882352948, 0.4627451, 0.807843149, 0.733333349
vb0[59]+000 TEXCOORD: 0.882352948, 0.4627451, 0.807843149, 0.733333349
vb0[59]+000 TEXCOORD1: 0.882352948, 0.4627451, 0.807843149, 0.733333349
vb0[59]+000 TEXCOORD2: 0.882352948, 0.4627451, 0.807843149, 0.733333349
vb0[59]+000 TEXCOORD3: 0.882352948, 0.4627451, 0.807843149, 0.733333349
vb0[59]+024 TANGENT: -0.840929985, 0.20388414, 0.50126636, 1

vb0[60]+000 POSITION: 0.11693918, 0.39719677, 0.113068663
vb0[60]+012 NORMAL: 0.0625843108, 0.966121614, -0.250384182
vb0[60]+000 COLOR: 0.811764717, 0.490196079, 0.937254906, 0.239215687
vb0[60]+000 TEXCOORD: 0.811764717, 0.490196079, 0.937254906, 0.239215687
vb0[60]+000 TEXCOORD1: 0.811764717, 0.490196079, 0.937254906, 0.239215687
vb0[60]+000 TEXCOORD2: 0.811764717, 0.490196079, 0.937254906, 0.239215687
vb0[60]+000 TEXCOORD3: 0.811764717, 0.490196079, 0.937254906, 0.239215687
vb0[60]+024 TANGENT: -0.802081048, 0.19798246, 0.563443899, 1

vb0[61]+000 POSITION: 0.18134433, 0.39052543, 0.0723480657
vb0[61]+012 NORMAL: 0.0298646931, 0.990464687, -0.134490892
vb0[61]+000 COLOR: 0.329411775, 0.698039234, 0.223529413, 0.243137255
vb0[61]+000 TEXCOORD: 0.329411775, 0.698039234, 0.223529413, 0.243137255
vb0[61]+000 TEXCOORD1: 0.329411775, 0.698039234, 0.223529413, 0.243137255
vb0[61]+000 TEXCOORD2: 0.329411775, 0.698039234, 0.223529413, 0.243137255
vb0[61]+000 TEXCOORD3: 0.329411775, 0.698039234, 0.223529413, 0.243137255
vb0[61]+024 TANGENT: -0.807764828, 0.103166871, 0.580407262, 1

vb0[62]+000 POSITION: 0.15502651, 0.392934233, 0.15513052
vb0[62]+012 NORMAL: 0.285516322, 0.957486153, 0.0412410609
vb0[62]+000 COLOR: 0.270588249, 0.749019623, 0.117647059, 0.243137255
vb0[62]+000 TEXCOORD: 0.270588249, 0.749019623, 0.117647059, 0.243137255
vb0[62]+000 TEXCOORD1: 0.270588249, 0.749019623, 0.117647059, 0.243137255
vb0[62]+000 TEXCOORD2: 0.270588249, 0.749019623, 0.117647059, 0.243137255
vb0[62]+000 TEXCOORD3: 0.270588249, 0.749019623, 0.117647059, 0.243137255
vb0[62]+024 TANGENT: -0.778341413, 0.20655942, 0.592889369, 1

vb0[63]+000 POSITION: 0.0998615995, 0.41478765, 0.197230488
vb0[63]+012 NORMAL: 0.337344378, 0.940140545, -0.0483168438
vb0[63]+000 COLOR: 0.239215687, 0.517647088, 0.800000012, 0.239215687
vb0[63]+000 TEXCOORD: 0.239215687, 0.517647088, 0.800000012, 0.239215687
vb0[63]+000 TEXCOORD1: 0.239215687, 0.517647088, 0.800000012, 0.239215687
vb0[63]+000 TEXCOORD2: 0.239215687, 0.517647088, 0.800000012, 0.239215687
vb0[63]+000 TEXCOORD3: 0.239215687, 0.517647088, 0.800000012, 0.239215687
vb0[63]+024 TANGENT: -0.766947985, 0.304236382, 0.565005362, 1

vb0[64]+000 POSITION: 0.0523375869, 0.421788901, 0.153363988
vb0[64]+012 NORMAL: 0.119739637, 0.92693156, -0.355612576
vb0[64]+000 COLOR: 0.941176474, 0.372549027, 0.337254912, 0.239215687
vb0[64]+000 TEXCOORD: 0.941176474, 0.372549027, 0.337254912, 0.239215687
vb0[64]+000 TEXCOORD1: 0.941176474, 0.372549027, 0.337254912, 0.239215687
vb0[64]+000 TEXCOORD2: 0.941176474, 0.372549027, 0.337254912, 0.239215687
vb0[64]+000 TEXCOORD3: 0.941176474, 0.372549027, 0.337254912, 0.239215687
vb0[64]+024 TANGENT: -0.795641303, 0.303833187, 0.524061322, 1

vb0[65]+000 POSITION: 0.136066496, 0.394895494, 0.239646614
vb0[65]+012 NORMAL: 0.473576784, 0.868609071, 0.145750478
vb0[65]+000 COLOR: 0.0156862754, 0.333333343, 0.0431372561, 0.243137255
vb0[65]+000 TEXCOORD: 0.0156862754, 0.333333343, 0.0431372561, 0.243137255
vb0[65]+000 TEXCOORD1: 0.0156862754, 0.333333343, 0.0431372561, 0.243137255
vb0[65]+000 TEXCOORD2: 0.0156862754, 0.333333343, 0.0431372561, 0.243137255
vb0[65]+000 TEXCOORD3: 0.0156862754, 0.333333343, 0.0431372561, 0.243137255
vb0[65]+024 TANGENT: -0.744524896, 0.306398839, 0.593129277, 1

vb0[66]+000 POSITION: 0.19046405, 0.372073978, 0.195140898
vb0[66]+012 NORMAL: 0.4500314, 0.85198307, 0.267575502
vb0[66]+000 COLOR: 0.00784313772, 0.0352941193, 0.262745112, 0.243137255
vb0[66]+000 TEXCOORD: 0.00784313772, 0.0352941193, 0.262745112, 0.243137255
vb0[66]+000 TEXCOORD1: 0.00784313772, 0.0352941193, 0.262745112, 0.243137255
vb0[66]+000 TEXCOORD2: 0.00784313772, 0.0352941193, 0.262745112, 0.243137255
vb0[66]+000 TEXCOORD3: 0.00784313772, 0.0352941193, 0.262745112, 0.243137255
vb0[66]+024 TANGENT: -0.759955108, 0.20802547, 0.61578697, 1

vb0[67]+000 POSITION: 0.210191399, 0.385166109, 0.113030434
vb0[67]+012 NORMAL: 0.222765759, 0.967118859, 0.122704834
vb0[67]+000 COLOR: 0.41568628, 0.235294119, 0.34117648, 0.243137255
vb0[67]+000 TEXCOORD: 0.41568628, 0.235294119, 0.34117648, 0.243137255
vb0[67]+000 TEXCOORD1: 0.41568628, 0.235294119, 0.34117648, 0.243137255
vb0[67]+000 TEXCOORD2: 0.41568628, 0.235294119, 0.34117648, 0.243137255
vb0[67]+000 TEXCOORD3: 0.41568628, 0.235294119, 0.34117648, 0.243137255
vb0[67]+024 TANGENT: -0.784418464, 0.103084162, 0.611605525, 1

vb0[68]+000 POSITION: 0.244861543, 0.366485476, 0.150635198
vb0[68]+012 NORMAL: 0.3483904, 0.882848084, 0.314965785
vb0[68]+000 COLOR: 0.988235295, 0.737254918, 0.478431374, 0.243137255
vb0[68]+000 TEXCOORD: 0.988235295, 0.737254918, 0.478431374, 0.243137255
vb0[68]+000 TEXCOORD1: 0.988235295, 0.737254918, 0.478431374, 0.243137255
vb0[68]+000 TEXCOORD2: 0.988235295, 0.737254918, 0.478431374, 0.243137255
vb0[68]+000 TEXCOORD3: 0.988235295, 0.737254918, 0.478431374, 0.243137255
vb0[68]+024 TANGENT: -0.771503627, 0.0792384893, 0.631271422, 1

vb0[69]+000 POSITION: 0.242979899, 0.337996215, 0.201080129
vb0[69]+012 NORMAL: 0.493362457, 0.700980127, 0.514995515
vb0[69]+000 COLOR: 0.725490212, 0.811764717, 0.470588237, 0.243137255
vb0[69]+000 TEXCOORD: 0.725490212, 0.811764717, 0.470588237, 0.243137255
vb0[69]+000 TEXCOORD1: 0.725490212, 0.811764717, 0.470588237, 0.243137255
vb0[69]+000 TEXCOORD2: 0.725490212, 0.811764717, 0.470588237, 0.243137255
vb0[69]+000 TEXCOORD3: 0.725490212, 0.811764717, 0.470588237, 0.243137255
vb0[69]+024 TANGENT: -0.771510422, 0.0792259574, 0.631264627, 1

vb0[70]+000 POSITION: 0.215781167, 0.34079048, 0.223332971
vb0[70]+012 NORMAL: 0.586533666, 0.644757569, 0.490169317
vb0[70]+000 COLOR: 0.741176486, 0.960784316, 0.360784322, 0.243137255
vb0[70]+000 TEXCOORD: 0.741176486, 0.960784316, 0.360784322, 0.243137255
vb0[70]+000 TEXCOORD1: 0.741176486, 0.960784316, 0.360784322, 0.243137255
vb0[70]+000 TEXCOORD2: 0.741176486, 0.960784316, 0.360784322, 0.243137255
vb0[70]+000 TEXCOORD3: 0.741176486, 0.960784316, 0.360784322, 0.243137255
vb0[70]+024 TANGENT: -0.75552392, 0.217498422, 0.617962778, 1

vb0[71]+000 POSITION: 0.23258844, 0.297982186, 0.243968293
vb0[71]+012 NORMAL: 0.620741606, 0.524580419, 0.582662165
vb0[71]+000 COLOR: 0.666666687, 0.168627456, 0.431372553, 0.243137255
vb0[71]+000 TEXCOORD: 0.666666687, 0.168627456, 0.431372553, 0.243137255
vb0[71]+000 TEXCOORD1: 0.666666687, 0.168627456, 0.431372553, 0.243137255
vb0[71]+000 TEXCOORD2: 0.666666687, 0.168627456, 0.431372553, 0.243137255
vb0[71]+000 TEXCOORD3: 0.666666687, 0.168627456, 0.431372553, 0.243137255
vb0[71]+024 TANGENT: -0.756516397, 0.20566608, 0.620793343, 1

vb0[72]+000 POSITION: 0.188582376, 0.353963017, 0.245585844
vb0[72]+012 NORMAL: 0.610555768, 0.709497333, 0.351902455
vb0[72]+000 COLOR: 0.741176486, 0.105882354, 0.254901975, 0.243137255
vb0[72]+000 TEXCOORD: 0.741176486, 0.105882354, 0.254901975, 0.243137255
vb0[72]+000 TEXCOORD1: 0.741176486, 0.105882354, 0.254901975, 0.243137255
vb0[72]+000 TEXCOORD2: 0.741176486, 0.105882354, 0.254901975, 0.243137255
vb0[72]+000 TEXCOORD3: 0.741176486, 0.105882354, 0.254901975, 0.243137255
vb0[72]+024 TANGENT: -0.730351567, 0.332574725, 0.596641123, 1

vb0[73]+000 POSITION: 0.0140134739, 0.102912866, 0.00853496417
vb0[73]+012 NORMAL: 0.723138213, 0.0478242636, 0.689045668
vb0[73]+000 COLOR: 0.772549033, 0.596078455, 0.396078438, 0.235294119
vb0[73]+000 TEXCOORD: 0.772549033, 0.596078455, 0.396078438, 0.235294119
vb0[73]+000 TEXCOORD1: 0.772549033, 0.596078455, 0.396078438, 0.235294119
vb0[73]+000 TEXCOORD2: 0.772549033, 0.596078455, 0.396078438, 0.235294119
vb0[73]+000 TEXCOORD3: 0.772549033, 0.596078455, 0.396078438, 0.235294119
vb0[73]+024 TANGENT: -0.690703392, 0.0500704162, 0.721402586, -1

vb0[74]+000 POSITION: -0.0073920982, 0.197518632, 0.00912691187
vb0[74]+012 NORMAL: -0.702629328, -0.0152306482, 0.711393118
vb0[74]+000 COLOR: 0.41568628, 0.223529413, 0.949019611, 0.733333349
vb0[74]+000 TEXCOORD: 0.41568628, 0.223529413, 0.949019611, 0.733333349
vb0[74]+000 TEXCOORD1: 0.41568628, 0.223529413, 0.949019611, 0.733333349
vb0[74]+000 TEXCOORD2: 0.41568628, 0.223529413, 0.949019611, 0.733333349
vb0[74]+000 TEXCOORD3: 0.41568628, 0.223529413, 0.949019611, 0.733333349
vb0[74]+024 TANGENT: -0.711474955, 0, -0.702711403, -1

vb0[75]+000 POSITION: -0.00412319181, 0.102912866, 0.00853497442
vb0[75]+012 NORMAL: -0.700300574, -0.0286603533, 0.713272512
vb0[75]+000 COLOR: 0.843137264, 0.105882354, 0.529411793, 0.733333349
vb0[75]+000 TEXCOORD: 0.843137264, 0.105882354, 0.529411793, 0.733333349
vb0[75]+000 TEXCOORD1: 0.843137264, 0.105882354, 0.529411793, 0.733333349
vb0[75]+000 TEXCOORD2: 0.843137264, 0.105882354, 0.529411793, 0.733333349
vb0[75]+000 TEXCOORD3: 0.843137264, 0.105882354, 0.529411793, 0.733333349
vb0[75]+024 TANGENT: -0.713562191, 0, -0.700591862, -1

vb0[76]+000 POSITION: 0.00719275419, 0.197518572, 0.00912693515
vb0[76]+012 NORMAL: 0.6993137, 0.0528119095, 0.7128613
vb0[76]+000 COLOR: 0.196078435, 0.694117665, 0.921568632, 0.23137255
vb0[76]+000 TEXCOORD: 0.196078435, 0.694117665, 0.921568632, 0.23137255
vb0[76]+000 TEXCOORD1: 0.196078435, 0.694117665, 0.921568632, 0.23137255
vb0[76]+000 TEXCOORD2: 0.196078435, 0.694117665, 0.921568632, 0.23137255
vb0[76]+000 TEXCOORD3: 0.196078435, 0.694117665, 0.921568632, 0.23137255
vb0[76]+024 TANGENT: -0.714814901, 0.0516721979, 0.69740212, -1

vb0[77]+000 POSITION: -0.011249084, 0.3082394, 0.00567772333
vb0[77]+012 NORMAL: -0.711084068, -0.00906101894, 0.703048646
vb0[77]+000 COLOR: 0.0784313753, 0.305882365, 0.219607845, 0.737254918
vb0[77]+000 TEXCOORD: 0.0784313753, 0.305882365, 0.219607845, 0.737254918
vb0[77]+000 TEXCOORD1: 0.0784313753, 0.305882365, 0.219607845, 0.737254918
vb0[77]+000 TEXCOORD2: 0.0784313753, 0.305882365, 0.219607845, 0.737254918
vb0[77]+000 TEXCOORD3: 0.0784313753, 0.305882365, 0.219607845, 0.737254918
vb0[77]+024 TANGENT: -0.703077674, 0, -0.711113036, -1

vb0[78]+000 POSITION: 0.00110552076, 0.308239371, 0.00567771075
vb0[78]+012 NORMAL: 0.706835032, 0.044502411, 0.705977142
vb0[78]+000 COLOR: 0.121568628, 0.905882359, 0.564705908, 0.227450982
vb0[78]+000 TEXCOORD: 0.121568628, 0.905882359, 0.564705908, 0.227450982
vb0[78]+000 TEXCOORD1: 0.121568628, 0.905882359, 0.564705908, 0.227450982
vb0[78]+000 TEXCOORD2: 0.121568628, 0.905882359, 0.564705908, 0.227450982
vb0[78]+000 TEXCOORD3: 0.121568628, 0.905882359, 0.564705908, 0.227450982
vb0[78]+024 TANGENT: -0.707378387, 0.044470042, 0.70543474, -1

vb0[79]+000 POSITION: -0.0129131144, 0.374508381, 0.00539077399
vb0[79]+012 NORMAL: -0.708041906, -0.00921210367, 0.706110299
vb0[79]+000 COLOR: 0.529411793, 0.568627477, 0.325490206, 0.737254918
vb0[79]+000 TEXCOORD: 0.529411793, 0.568627477, 0.325490206, 0.737254918
vb0[79]+000 TEXCOORD1: 0.529411793, 0.568627477, 0.325490206, 0.737254918
vb0[79]+000 TEXCOORD2: 0.529411793, 0.568627477, 0.325490206, 0.737254918
vb0[79]+000 TEXCOORD3: 0.529411793, 0.568627477, 0.325490206, 0.737254918
vb0[79]+024 TANGENT: -0.706137836, 0, -0.70807445, -1

vb0[80]+000 POSITION: -0.00118290901, 0.37450844, 0.00539072091
vb0[80]+012 NORMAL: 0.701959252, 0.0140771475, 0.712077975
vb0[80]+000 COLOR: 0.843137264, 0.0431372561, 0.607843161, 0.729411781
vb0[80]+000 TEXCOORD: 0.843137264, 0.0431372561, 0.607843161, 0.729411781
vb0[80]+000 TEXCOORD1: 0.843137264, 0.0431372561, 0.607843161, 0.729411781
vb0[80]+000 TEXCOORD2: 0.843137264, 0.0431372561, 0.607843161, 0.729411781
vb0[80]+000 TEXCOORD3: 0.843137264, 0.0431372561, 0.607843161, 0.729411781
vb0[80]+024 TANGENT: -0.712217093, 0.0138700474, 0.701822221, -1

vb0[81]+000 POSITION: -0.0143710291, 0.488776386, 0.00452838838
vb0[81]+012 NORMAL: -0.70958215, -0.000452322536, 0.704622567
vb0[81]+000 COLOR: 0.466666669, 0.454901963, 0.419607848, 0.737254918
vb0[81]+000 TEXCOORD: 0.466666669, 0.454901963, 0.419607848, 0.737254918
vb0[81]+000 TEXCOORD1: 0.466666669, 0.454901963, 0.419607848, 0.737254918
vb0[81]+000 TEXCOORD2: 0.466666669, 0.454901963, 0.419607848, 0.737254918
vb0[81]+000 TEXCOORD3: 0.466666669, 0.454901963, 0.419607848, 0.737254918
vb0[81]+024 TANGENT: -0.704554975, -0.0134092998, -0.709522724, -1

vb0[82]+000 POSITION: -0.000430049287, 0.488776296, 0.00452836696
vb0[82]+012 NORMAL: 0.702465355, -0.0170498993, 0.711513698
vb0[82]+000 COLOR: 0.239215687, 0.470588237, 0.882352948, 0.725490212
vb0[82]+000 TEXCOORD: 0.239215687, 0.470588237, 0.882352948, 0.725490212
vb0[82]+000 TEXCOORD1: 0.239215687, 0.470588237, 0.882352948, 0.725490212
vb0[82]+000 TEXCOORD2: 0.239215687, 0.470588237, 0.882352948, 0.725490212
vb0[82]+000 TEXCOORD3: 0.239215687, 0.470588237, 0.882352948, 0.725490212
vb0[82]+024 TANGENT: -0.711718023, -0.0168206114, 0.702263892, -1

vb0[83]+000 POSITION: 0.000261173846, 0.581435859, 0.00464972015
vb0[83]+012 NORMAL: 0.446019143, 0.0693651661, 0.892331421
vb0[83]+000 COLOR: 0.160784319, 0.933333337, 0.533333361, 0.223529413
vb0[83]+000 TEXCOORD: 0.160784319, 0.933333337, 0.533333361, 0.223529413
vb0[83]+000 TEXCOORD1: 0.160784319, 0.933333337, 0.533333361, 0.223529413
vb0[83]+000 TEXCOORD2: 0.160784319, 0.933333337, 0.533333361, 0.223529413
vb0[83]+000 TEXCOORD3: 0.160784319, 0.933333337, 0.533333361, 0.223529413
vb0[83]+024 TANGENT: -0.888774157, 0.151934803, 0.432430655, -1

vb0[84]+000 POSITION: -0.0143622896, 0.582428336, -0.000158686627
vb0[84]+012 NORMAL: -0.880132318, 0.0904959813, 0.466023088
vb0[84]+000 COLOR: 0.811764717, 0.309803933, 0.419607848, 0.737254918
vb0[84]+000 TEXCOORD: 0.811764717, 0.309803933, 0.419607848, 0.737254918
vb0[84]+000 TEXCOORD1: 0.811764717, 0.309803933, 0.419607848, 0.737254918
vb0[84]+000 TEXCOORD2: 0.811764717, 0.309803933, 0.419607848, 0.737254918
vb0[84]+000 TEXCOORD3: 0.811764717, 0.309803933, 0.419607848, 0.737254918
vb0[84]+024 TANGENT: -0.456159323, 0.110655539, -0.882991493, -1

vb0[85]+000 POSITION: -0.0073920982, 0.197518632, -0.00427835481
vb0[85]+012 NORMAL: -0.712862313, -0.0152914161, -0.701137304
vb0[85]+000 COLOR: 0.41568628, 0.223529413, 0.949019611, 0.733333349
vb0[85]+000 TEXCOORD: 0.41568628, 0.223529413, 0.949019611, 0.733333349
vb0[85]+000 TEXCOORD1: 0.41568628, 0.223529413, 0.949019611, 0.733333349
vb0[85]+000 TEXCOORD2: 0.41568628, 0.223529413, 0.949019611, 0.733333349
vb0[85]+000 TEXCOORD3: 0.41568628, 0.223529413, 0.949019611, 0.733333349
vb0[85]+024 TANGENT: 0.701220095, 0, -0.712944865, -1

vb0[86]+000 POSITION: -0.00412318157, 0.102912866, -0.00813486334
vb0[86]+012 NORMAL: -0.690015972, 0.00566190761, -0.723771989
vb0[86]+000 COLOR: 0.75686276, 0.105882354, 0.529411793, 0.733333349
vb0[86]+000 TEXCOORD: 0.75686276, 0.105882354, 0.529411793, 0.733333349
vb0[86]+000 TEXCOORD1: 0.75686276, 0.105882354, 0.529411793, 0.733333349
vb0[86]+000 TEXCOORD2: 0.75686276, 0.105882354, 0.529411793, 0.733333349
vb0[86]+000 TEXCOORD3: 0.75686276, 0.105882354, 0.529411793, 0.733333349
vb0[86]+024 TANGENT: 0.723783374, 0, -0.690027297, -1

vb0[87]+000 POSITION: -0.011249084, 0.3082394, -0.00567768374
vb0[87]+012 NORMAL: -0.705937028, -0.0239751656, -0.707868695
vb0[87]+000 COLOR: 0.0784313753, 0.305882365, 0.219607845, 0.737254918
vb0[87]+000 TEXCOORD: 0.0784313753, 0.305882365, 0.219607845, 0.737254918
vb0[87]+000 TEXCOORD1: 0.0784313753, 0.305882365, 0.219607845, 0.737254918
vb0[87]+000 TEXCOORD2: 0.0784313753, 0.305882365, 0.219607845, 0.737254918
vb0[87]+000 TEXCOORD3: 0.0784313753, 0.305882365, 0.219607845, 0.737254918
vb0[87]+024 TANGENT: 0.708071709, 0, -0.706140459, -1

vb0[88]+000 POSITION: -0.0129131256, 0.37450844, -0.00539079309
vb0[88]+012 NORMAL: -0.711536825, -0.0206076801, -0.702346563
vb0[88]+000 COLOR: 0.576470613, 0.568627477, 0.325490206, 0.737254918
vb0[88]+000 TEXCOORD: 0.576470613, 0.568627477, 0.325490206, 0.737254918
vb0[88]+000 TEXCOORD1: 0.576470613, 0.568627477, 0.325490206, 0.737254918
vb0[88]+000 TEXCOORD2: 0.576470613, 0.568627477, 0.325490206, 0.737254918
vb0[88]+000 TEXCOORD3: 0.576470613, 0.568627477, 0.325490206, 0.737254918
vb0[88]+024 TANGENT: 0.702496827, 0, -0.71168685, -1

vb0[89]+000 POSITION: -0.0143664498, 0.488502353, -0.00817159191
vb0[89]+012 NORMAL: -0.711313248, -0.0294307154, -0.702258766
vb0[89]+000 COLOR: 0.258823544, 0.380392164, 0.419607848, 0.737254918
vb0[89]+000 TEXCOORD: 0.258823544, 0.380392164, 0.419607848, 0.737254918
vb0[89]+000 TEXCOORD1: 0.258823544, 0.380392164, 0.419607848, 0.737254918
vb0[89]+000 TEXCOORD2: 0.258823544, 0.380392164, 0.419607848, 0.737254918
vb0[89]+000 TEXCOORD3: 0.258823544, 0.380392164, 0.419607848, 0.737254918
vb0[89]+024 TANGENT: 0.70276773, -0.0123085901, -0.71131289, -1

vb0[90]+000 POSITION: -0.0102066305, 0.583817661, -0.0129755279
vb0[90]+012 NORMAL: -0.470046192, -0.0251445714, -0.882283628
vb0[90]+000 COLOR: 0.713725507, 0.223529413, 0.152941182, 0.737254918
vb0[90]+000 TEXCOORD: 0.713725507, 0.223529413, 0.152941182, 0.737254918
vb0[90]+000 TEXCOORD1: 0.713725507, 0.223529413, 0.152941182, 0.737254918
vb0[90]+000 TEXCOORD2: 0.713725507, 0.223529413, 0.152941182, 0.737254918
vb0[90]+000 TEXCOORD3: 0.713725507, 0.223529413, 0.152941182, 0.737254918
vb0[90]+024 TANGENT: 0.882054567, 0.0230755582, -0.47058174, -1

vb0[91]+000 POSITION: 0.00719272997, 0.197518617, -0.00427833945
vb0[91]+012 NORMAL: 0.709467888, 0.0557534173, -0.702528894
vb0[91]+000 COLOR: 0.996078432, 0.690196097, 0.921568632, 0.23137255
vb0[91]+000 TEXCOORD: 0.996078432, 0.690196097, 0.921568632, 0.23137255
vb0[91]+000 TEXCOORD1: 0.996078432, 0.690196097, 0.921568632, 0.23137255
vb0[91]+000 TEXCOORD2: 0.996078432, 0.690196097, 0.921568632, 0.23137255
vb0[91]+000 TEXCOORD3: 0.996078432, 0.690196097, 0.921568632, 0.23137255
vb0[91]+024 TANGENT: 0.703626871, 0, 0.710569739, -1

vb0[92]+000 POSITION: 0.0140134832, 0.102912866, -0.00813488383
vb0[92]+012 NORMAL: 0.711479366, 0.0797553584, -0.698166311
vb0[92]+000 COLOR: 0.811764717, 0.596078455, 0.396078438, 0.235294119
vb0[92]+000 TEXCOORD: 0.811764717, 0.596078455, 0.396078438, 0.235294119
vb0[92]+000 TEXCOORD1: 0.811764717, 0.596078455, 0.396078438, 0.235294119
vb0[92]+000 TEXCOORD2: 0.811764717, 0.596078455, 0.396078438, 0.235294119
vb0[92]+000 TEXCOORD3: 0.811764717, 0.596078455, 0.396078438, 0.235294119
vb0[92]+024 TANGENT: 0.700413227, 0, 0.713737607, -1

vb0[93]+000 POSITION: 0.00110554451, 0.3082394, -0.00567767536
vb0[93]+012 NORMAL: 0.702256322, 0.0282812361, -0.711362183
vb0[93]+000 COLOR: 0.921568632, 0.905882359, 0.564705908, 0.227450982
vb0[93]+000 TEXCOORD: 0.921568632, 0.905882359, 0.564705908, 0.227450982
vb0[93]+000 TEXCOORD1: 0.921568632, 0.905882359, 0.564705908, 0.227450982
vb0[93]+000 TEXCOORD2: 0.921568632, 0.905882359, 0.564705908, 0.227450982
vb0[93]+000 TEXCOORD3: 0.921568632, 0.905882359, 0.564705908, 0.227450982
vb0[93]+024 TANGENT: 0.711644411, 0, 0.702539861, -1

vb0[94]+000 POSITION: -0.0011828983, 0.37450844, -0.00539080054
vb0[94]+012 NORMAL: 0.705669045, 0.00274462951, -0.708536267
vb0[94]+000 COLOR: 0.482352942, 0.0431372561, 0.607843161, 0.729411781
vb0[94]+000 TEXCOORD: 0.482352942, 0.0431372561, 0.607843161, 0.729411781
vb0[94]+000 TEXCOORD1: 0.482352942, 0.0431372561, 0.607843161, 0.729411781
vb0[94]+000 TEXCOORD2: 0.482352942, 0.0431372561, 0.607843161, 0.729411781
vb0[94]+000 TEXCOORD3: 0.482352942, 0.0431372561, 0.607843161, 0.729411781
vb0[94]+024 TANGENT: 0.708538175, 0, 0.705672503, -1

vb0[95]+000 POSITION: -0.000425528269, 0.488502264, -0.00817159191
vb0[95]+012 NORMAL: 0.704649687, -0.0455179736, -0.708093762
vb0[95]+000 COLOR: 0.43921569, 0.0980392173, 0.874509811, 0.725490212
vb0[95]+000 TEXCOORD: 0.43921569, 0.0980392173, 0.874509811, 0.725490212
vb0[95]+000 TEXCOORD1: 0.43921569, 0.0980392173, 0.874509811, 0.725490212
vb0[95]+000 TEXCOORD2: 0.43921569, 0.0980392173, 0.874509811, 0.725490212
vb0[95]+000 TEXCOORD3: 0.43921569, 0.0980392173, 0.874509811, 0.725490212
vb0[95]+024 TANGENT: 0.709193349, 0.0133125037, 0.704888225, -1

vb0[96]+000 POSITION: 0.0044168462, 0.582825303, -0.00816711131
vb0[96]+012 NORMAL: 0.89910084, -0.037665695, -0.436118007
vb0[96]+000 COLOR: 0.192156866, 0.733333349, 0.564705908, 0.23137255
vb0[96]+000 TEXCOORD: 0.192156866, 0.733333349, 0.564705908, 0.23137255
vb0[96]+000 TEXCOORD1: 0.192156866, 0.733333349, 0.564705908, 0.23137255
vb0[96]+000 TEXCOORD2: 0.192156866, 0.733333349, 0.564705908, 0.23137255
vb0[96]+000 TEXCOORD3: 0.192156866, 0.733333349, 0.564705908, 0.23137255
vb0[96]+024 TANGENT: 0.430248767, -0.107507206, 0.896285713, -1

vb0[97]+000 POSITION: 0.00719275419, 0.197518572, 0.00912693515
vb0[97]+012 NORMAL: 0.6993137, 0.0528119095, 0.7128613
vb0[97]+000 COLOR: 0.196078435, 0.694117665, 0.921568632, 0.23137255
vb0[97]+000 TEXCOORD: 0.196078435, 0.694117665, 0.921568632, 0.23137255
vb0[97]+000 TEXCOORD1: 0.196078435, 0.694117665, 0.921568632, 0.23137255
vb0[97]+000 TEXCOORD2: 0.196078435, 0.694117665, 0.921568632, 0.23137255
vb0[97]+000 TEXCOORD3: 0.196078435, 0.694117665, 0.921568632, 0.23137255
vb0[97]+024 TANGENT: -0.710836828, -0.0536862127, 0.701305091, -1

vb0[98]+000 POSITION: 0.0140134739, 0.102912866, 0.00853496417
vb0[98]+012 NORMAL: 0.723138213, 0.0478242636, 0.689045668
vb0[98]+000 COLOR: 0.772549033, 0.596078455, 0.396078438, 0.235294119
vb0[98]+000 TEXCOORD: 0.772549033, 0.596078455, 0.396078438, 0.235294119
vb0[98]+000 TEXCOORD1: 0.772549033, 0.596078455, 0.396078438, 0.235294119
vb0[98]+000 TEXCOORD2: 0.772549033, 0.596078455, 0.396078438, 0.235294119
vb0[98]+000 TEXCOORD3: 0.772549033, 0.596078455, 0.396078438, 0.235294119
vb0[98]+024 TANGENT: -0.687543631, -0.0454701893, 0.724718094, -1

vb0[99]+000 POSITION: 0.00110552076, 0.308239371, 0.00567771075
vb0[99]+012 NORMAL: 0.706835032, 0.044502411, 0.705977142
vb0[99]+000 COLOR: 0.121568628, 0.905882359, 0.564705908, 0.227450982
vb0[99]+000 TEXCOORD: 0.121568628, 0.905882359, 0.564705908, 0.227450982
vb0[99]+000 TEXCOORD1: 0.121568628, 0.905882359, 0.564705908, 0.227450982
vb0[99]+000 TEXCOORD2: 0.121568628, 0.905882359, 0.564705908, 0.227450982
vb0[99]+000 TEXCOORD3: 0.121568628, 0.905882359, 0.564705908, 0.227450982
vb0[99]+024 TANGENT: -0.704581976, -0.0443628021, 0.708234668, -1

vb0[100]+000 POSITION: -0.00118290901, 0.37450844, 0.00539072091
vb0[100]+012 NORMAL: 0.701959252, 0.0140771475, 0.712077975
vb0[100]+000 COLOR: 0.843137264, 0.0431372561, 0.607843161, 0.729411781
vb0[100]+000 TEXCOORD: 0.843137264, 0.0431372561, 0.607843161, 0.729411781
vb0[100]+000 TEXCOORD1: 0.843137264, 0.0431372561, 0.607843161, 0.729411781
vb0[100]+000 TEXCOORD2: 0.843137264, 0.0431372561, 0.607843161, 0.729411781
vb0[100]+000 TEXCOORD3: 0.843137264, 0.0431372561, 0.607843161, 0.729411781
vb0[100]+024 TANGENT: -0.711934805, -0.0142772598, 0.702100396, -1

vb0[101]+000 POSITION: -0.000430049287, 0.488776296, 0.00452836696
vb0[101]+012 NORMAL: 0.702465355, -0.0170498993, 0.711513698
vb0[101]+000 COLOR: 0.239215687, 0.470588237, 0.882352948, 0.725490212
vb0[101]+000 TEXCOORD: 0.239215687, 0.470588237, 0.882352948, 0.725490212
vb0[101]+000 TEXCOORD1: 0.239215687, 0.470588237, 0.882352948, 0.725490212
vb0[101]+000 TEXCOORD2: 0.239215687, 0.470588237, 0.882352948, 0.725490212
vb0[101]+000 TEXCOORD3: 0.239215687, 0.470588237, 0.882352948, 0.725490212
vb0[101]+024 TANGENT: -0.710525155, 0.0410545468, 0.702473164, -1

vb0[102]+000 POSITION: 0.000261173846, 0.581435859, 0.00464972015
vb0[102]+012 NORMAL: 0.446019143, 0.0693651661, 0.892331421
vb0[102]+000 COLOR: 0.160784319, 0.933333337, 0.533333361, 0.223529413
vb0[102]+000 TEXCOORD: 0.160784319, 0.933333337, 0.533333361, 0.223529413
vb0[102]+000 TEXCOORD1: 0.160784319, 0.933333337, 0.533333361, 0.223529413
vb0[102]+000 TEXCOORD2: 0.160784319, 0.933333337, 0.533333361, 0.223529413
vb0[102]+000 TEXCOORD3: 0.160784319, 0.933333337, 0.533333361, 0.223529413
vb0[102]+024 TANGENT: -0.867512286, -0.211786196, 0.450076669, -1

vb0[103]+000 POSITION: 0.00825117528, 0.654964149, -0.0149353407
vb0[103]+012 NORMAL: 0.975174487, -0.178162679, -0.131501555
vb0[103]+000 COLOR: 0.941176474, 0.184313729, 0.0274509806, 0.235294119
vb0[103]+000 TEXCOORD: 0.941176474, 0.184313729, 0.0274509806, 0.235294119
vb0[103]+000 TEXCOORD1: 0.941176474, 0.184313729, 0.0274509806, 0.235294119
vb0[103]+000 TEXCOORD2: 0.941176474, 0.184313729, 0.0274509806, 0.235294119
vb0[103]+000 TEXCOORD3: 0.941176474, 0.184313729, 0.0274509806, 0.235294119
vb0[103]+024 TANGENT: 0.160980031, 0.162608758, 0.973469973, -1

vb0[104]+000 POSITION: -0.00176212378, 0.654964268, -0.02193298
vb0[104]+012 NORMAL: -0.209845111, -0.16750595, -0.963279188
vb0[104]+000 COLOR: 0.0627451017, 0.968627453, 0.90196079, 0.729411781
vb0[104]+000 TEXCOORD: 0.0627451017, 0.968627453, 0.90196079, 0.729411781
vb0[104]+000 TEXCOORD1: 0.0627451017, 0.968627453, 0.90196079, 0.729411781
vb0[104]+000 TEXCOORD2: 0.0627451017, 0.968627453, 0.90196079, 0.729411781
vb0[104]+000 TEXCOORD3: 0.0627451017, 0.968627453, 0.90196079, 0.729411781
vb0[104]+024 TANGENT: 0.969350934, -0.164384782, -0.182582676, -1

vb0[105]+000 POSITION: 0.00688788202, 0.69252491, -0.0324230306
vb0[105]+012 NORMAL: -0.168242186, -0.309273332, -0.935972512
vb0[105]+000 COLOR: 0.745098054, 0.701960802, 0.882352948, 0.23137255
vb0[105]+000 TEXCOORD: 0.745098054, 0.701960802, 0.882352948, 0.23137255
vb0[105]+000 TEXCOORD1: 0.745098054, 0.701960802, 0.882352948, 0.23137255
vb0[105]+000 TEXCOORD2: 0.745098054, 0.701960802, 0.882352948, 0.23137255
vb0[105]+000 TEXCOORD3: 0.745098054, 0.701960802, 0.882352948, 0.23137255
vb0[105]+024 TANGENT: 0.936872363, -0.345435828, -0.0542616136, -1

vb0[106]+000 POSITION: -4.27520281e-05, 0.697667956, -0.0248680878
vb0[106]+012 NORMAL: -0.939128041, 0.343202114, 0.0158418305
vb0[106]+000 COLOR: 0.643137276, 0.313725501, 0.200000003, 0.721568644
vb0[106]+000 TEXCOORD: 0.643137276, 0.313725501, 0.200000003, 0.721568644
vb0[106]+000 TEXCOORD1: 0.643137276, 0.313725501, 0.200000003, 0.721568644
vb0[106]+000 TEXCOORD2: 0.643137276, 0.313725501, 0.200000003, 0.721568644
vb0[106]+000 TEXCOORD3: 0.643137276, 0.313725501, 0.200000003, 0.721568644
vb0[106]+024 TANGENT: -0.128783181, -0.308901429, -0.942334712, -1

vb0[107]+000 POSITION: -0.00767766451, 0.657203674, -0.013489834
vb0[107]+012 NORMAL: -0.968657434, 0.177172989, 0.174104989
vb0[107]+000 COLOR: 0.921568632, 0.580392182, 0.984313726, 0.733333349
vb0[107]+000 TEXCOORD: 0.921568632, 0.580392182, 0.984313726, 0.733333349
vb0[107]+000 TEXCOORD1: 0.921568632, 0.580392182, 0.984313726, 0.733333349
vb0[107]+000 TEXCOORD2: 0.921568632, 0.580392182, 0.984313726, 0.733333349
vb0[107]+000 TEXCOORD3: 0.921568632, 0.580392182, 0.984313726, 0.733333349
vb0[107]+024 TANGENT: -0.199521974, -0.137439549, -0.970206916, -1

vb0[108]+000 POSITION: 0.00986715779, 0.697667897, -0.015502301
vb0[108]+012 NORMAL: 0.0251073837, 0.331151217, 0.943243623
vb0[108]+000 COLOR: 0.862745106, 0.662745118, 0.129411772, 0.235294119
vb0[108]+000 TEXCOORD: 0.862745106, 0.662745118, 0.129411772, 0.235294119
vb0[108]+000 TEXCOORD1: 0.862745106, 0.662745118, 0.129411772, 0.235294119
vb0[108]+000 TEXCOORD2: 0.862745106, 0.662745118, 0.129411772, 0.235294119
vb0[108]+000 TEXCOORD3: 0.862745106, 0.662745118, 0.129411772, 0.235294119
vb0[108]+024 TANGENT: -0.953721702, 0.290746868, -0.0766881183, -1

vb0[109]+000 POSITION: 0.00233563455, 0.657203555, -0.00649219099
vb0[109]+012 NORMAL: 0.166235268, 0.166370422, 0.971949875
vb0[109]+000 COLOR: 0.447058827, 0.0666666701, 0.0980392173, 0.23137255
vb0[109]+000 TEXCOORD: 0.447058827, 0.0666666701, 0.0980392173, 0.23137255
vb0[109]+000 TEXCOORD1: 0.447058827, 0.0666666701, 0.0980392173, 0.23137255
vb0[109]+000 TEXCOORD2: 0.447058827, 0.0666666701, 0.0980392173, 0.23137255
vb0[109]+000 TEXCOORD3: 0.447058827, 0.0666666701, 0.0980392173, 0.23137255
vb0[109]+024 TANGENT: -0.977214456, 0.159714267, 0.139797017, -1

vb0[110]+000 POSITION: 0.0167977922, 0.692524791, -0.0230572745
vb0[110]+012 NORMAL: 0.924558401, -0.369363338, 0.0936084539
vb0[110]+000 COLOR: 0.525490224, 0.607843161, 0.53725493, 0.235294119
vb0[110]+000 TEXCOORD: 0.525490224, 0.607843161, 0.53725493, 0.235294119
vb0[110]+000 TEXCOORD1: 0.525490224, 0.607843161, 0.53725493, 0.235294119
vb0[110]+000 TEXCOORD2: 0.525490224, 0.607843161, 0.53725493, 0.235294119
vb0[110]+000 TEXCOORD3: 0.525490224, 0.607843161, 0.53725493, 0.235294119
vb0[110]+024 TANGENT: 0.0376729481, 0.333070397, 0.942149103, -1

vb0[111]+000 POSITION: 0.00986715779, 0.697667897, -0.015502301
vb0[111]+012 NORMAL: 0.0251073837, 0.331151217, 0.943243623
vb0[111]+000 COLOR: 0.862745106, 0.662745118, 0.129411772, 0.235294119
vb0[111]+000 TEXCOORD: 0.862745106, 0.662745118, 0.129411772, 0.235294119
vb0[111]+000 TEXCOORD1: 0.862745106, 0.662745118, 0.129411772, 0.235294119
vb0[111]+000 TEXCOORD2: 0.862745106, 0.662745118, 0.129411772, 0.235294119
vb0[111]+000 TEXCOORD3: 0.862745106, 0.662745118, 0.129411772, 0.235294119
vb0[111]+024 TANGENT: -0.933494449, 0.345388293, -0.0964102894, -1

vb0[112]+000 POSITION: 0.00233563455, 0.657203555, -0.00649219099
vb0[112]+012 NORMAL: 0.166235268, 0.166370422, 0.971949875
vb0[112]+000 COLOR: 0.447058827, 0.0666666701, 0.0980392173, 0.23137255
vb0[112]+000 TEXCOORD: 0.447058827, 0.0666666701, 0.0980392173, 0.23137255
vb0[112]+000 TEXCOORD1: 0.447058827, 0.0666666701, 0.0980392173, 0.23137255
vb0[112]+000 TEXCOORD2: 0.447058827, 0.0666666701, 0.0980392173, 0.23137255
vb0[112]+000 TEXCOORD3: 0.447058827, 0.0666666701, 0.0980392173, 0.23137255
vb0[112]+024 TANGENT: -0.982037663, 0.117156811, 0.147906706, -1

vb0[113]+000 POSITION: 0.0248528477, 0.728500247, -0.0343696959
vb0[113]+012 NORMAL: 0.0415324904, 0.729425848, 0.682797909
vb0[113]+000 COLOR: 0.200000003, 0.596078455, 0.796078444, 0.235294119
vb0[113]+000 TEXCOORD: 0.200000003, 0.596078455, 0.796078444, 0.235294119
vb0[113]+000 TEXCOORD1: 0.200000003, 0.596078455, 0.796078444, 0.235294119
vb0[113]+000 TEXCOORD2: 0.200000003, 0.596078455, 0.796078444, 0.235294119
vb0[113]+000 TEXCOORD3: 0.200000003, 0.596078455, 0.796078444, 0.235294119
vb0[113]+024 TANGENT: -0.740801394, 0.481046528, -0.468836516, -1

vb0[114]+000 POSITION: 0.014777693, 0.728500485, -0.0468108058
vb0[114]+012 NORMAL: -0.847255051, 0.488795131, -0.207937792
vb0[114]+000 COLOR: 0.137254909, 0.117647059, 0.447058827, 0.235294119
vb0[114]+000 TEXCOORD: 0.137254909, 0.117647059, 0.447058827, 0.235294119
vb0[114]+000 TEXCOORD1: 0.137254909, 0.117647059, 0.447058827, 0.235294119
vb0[114]+000 TEXCOORD2: 0.137254909, 0.117647059, 0.447058827, 0.235294119
vb0[114]+000 TEXCOORD3: 0.137254909, 0.117647059, 0.447058827, 0.235294119
vb0[114]+024 TANGENT: -0.191079497, -0.645708799, -0.739289403, -1

vb0[115]+000 POSITION: 0.0548334979, 0.74921751, -0.0996609554
vb0[115]+012 NORMAL: -0.692801595, 0.675489068, -0.252468973
vb0[115]+000 COLOR: 0.0901960805, 0.600000024, 0.376470596, 0.239215687
vb0[115]+000 TEXCOORD: 0.0901960805, 0.600000024, 0.376470596, 0.239215687
vb0[115]+000 TEXCOORD1: 0.0901960805, 0.600000024, 0.376470596, 0.239215687
vb0[115]+000 TEXCOORD2: 0.0901960805, 0.600000024, 0.376470596, 0.239215687
vb0[115]+000 TEXCOORD3: 0.0901960805, 0.600000024, 0.376470596, 0.239215687
vb0[115]+024 TANGENT: -0.491133898, -0.698333263, -0.520690024, -1

vb0[116]+000 POSITION: 0.0693416074, 0.750365496, -0.0824968889
vb0[116]+012 NORMAL: 0.18545711, 0.818729818, 0.543403387
vb0[116]+000 COLOR: 0.97647059, 0.00784313772, 0.556862772, 0.239215687
vb0[116]+000 TEXCOORD: 0.97647059, 0.00784313772, 0.556862772, 0.239215687
vb0[116]+000 TEXCOORD1: 0.97647059, 0.00784313772, 0.556862772, 0.239215687
vb0[116]+000 TEXCOORD2: 0.97647059, 0.00784313772, 0.556862772, 0.239215687
vb0[116]+000 TEXCOORD3: 0.97647059, 0.00784313772, 0.556862772, 0.239215687
vb0[116]+024 TANGENT: -0.657930791, 0.514207721, -0.550197721, -1

vb0[117]+000 POSITION: 0.0539925657, 0.726189554, -0.0973656029
vb0[117]+012 NORMAL: -0.552202225, -0.629296839, -0.546862125
vb0[117]+000 COLOR: 0.309803933, 0.152941182, 0.36470589, 0.239215687
vb0[117]+000 TEXCOORD: 0.309803933, 0.152941182, 0.36470589, 0.239215687
vb0[117]+000 TEXCOORD1: 0.309803933, 0.152941182, 0.36470589, 0.239215687
vb0[117]+000 TEXCOORD2: 0.309803933, 0.152941182, 0.36470589, 0.239215687
vb0[117]+000 TEXCOORD3: 0.309803933, 0.152941182, 0.36470589, 0.239215687
vb0[117]+024 TANGENT: 0.38195771, -0.774007916, 0.504995167, -1

vb0[118]+000 POSITION: 0.0231111776, 0.716762066, -0.0478910618
vb0[118]+012 NORMAL: -0.217612416, -0.764571309, -0.606692255
vb0[118]+000 COLOR: 0.654901981, 0.325490206, 0.741176486, 0.235294119
vb0[118]+000 TEXCOORD: 0.654901981, 0.325490206, 0.741176486, 0.235294119
vb0[118]+000 TEXCOORD1: 0.654901981, 0.325490206, 0.741176486, 0.235294119
vb0[118]+000 TEXCOORD2: 0.654901981, 0.325490206, 0.741176486, 0.235294119
vb0[118]+000 TEXCOORD3: 0.654901981, 0.325490206, 0.741176486, 0.235294119
vb0[118]+024 TANGENT: 0.75577265, -0.525326908, 0.390946776, -1

vb0[119]+000 POSITION: 0.06850072, 0.72733748, -0.0802017301
vb0[119]+012 NORMAL: 0.647442162, -0.619308174, 0.44415763
vb0[119]+000 COLOR: 0.105882354, 0.290196091, 0.549019635, 0.239215687
vb0[119]+000 TEXCOORD: 0.105882354, 0.290196091, 0.549019635, 0.239215687
vb0[119]+000 TEXCOORD1: 0.105882354, 0.290196091, 0.549019635, 0.239215687
vb0[119]+000 TEXCOORD2: 0.105882354, 0.290196091, 0.549019635, 0.239215687
vb0[119]+000 TEXCOORD3: 0.105882354, 0.290196091, 0.549019635, 0.239215687
vb0[119]+024 TANGENT: 0.420339704, 0.776317358, 0.469729722, -1

vb0[120]+000 POSITION: 0.0331863388, 0.716762066, -0.0354499891
vb0[120]+012 NORMAL: 0.837074399, -0.309123069, 0.451386094
vb0[120]+000 COLOR: 0.400000006, 0.933333337, 0.0274509806, 0.239215687
vb0[120]+000 TEXCOORD: 0.400000006, 0.933333337, 0.0274509806, 0.239215687
vb0[120]+000 TEXCOORD1: 0.400000006, 0.933333337, 0.0274509806, 0.239215687
vb0[120]+000 TEXCOORD2: 0.400000006, 0.933333337, 0.0274509806, 0.239215687
vb0[120]+000 TEXCOORD3: 0.400000006, 0.933333337, 0.0274509806, 0.239215687
vb0[120]+024 TANGENT: -0.0928502008, 0.732827663, 0.674049199, -1

vb0[121]+000 POSITION: 0.0248528477, 0.728500247, -0.0343696959
vb0[121]+012 NORMAL: 0.0415324904, 0.729425848, 0.682797909
vb0[121]+000 COLOR: 0.200000003, 0.596078455, 0.796078444, 0.235294119
vb0[121]+000 TEXCOORD: 0.200000003, 0.596078455, 0.796078444, 0.235294119
vb0[121]+000 TEXCOORD1: 0.200000003, 0.596078455, 0.796078444, 0.235294119
vb0[121]+000 TEXCOORD2: 0.200000003, 0.596078455, 0.796078444, 0.235294119
vb0[121]+000 TEXCOORD3: 0.200000003, 0.596078455, 0.796078444, 0.235294119
vb0[121]+024 TANGENT: -0.729535699, 0.489077747, -0.478100985, -1

vb0[122]+000 POSITION: 0.0693416074, 0.750365496, -0.0824968889
vb0[122]+012 NORMAL: 0.18545711, 0.818729818, 0.543403387
vb0[122]+000 COLOR: 0.97647059, 0.00784313772, 0.556862772, 0.239215687
vb0[122]+000 TEXCOORD: 0.97647059, 0.00784313772, 0.556862772, 0.239215687
vb0[122]+000 TEXCOORD1: 0.97647059, 0.00784313772, 0.556862772, 0.239215687
vb0[122]+000 TEXCOORD2: 0.97647059, 0.00784313772, 0.556862772, 0.239215687
vb0[122]+000 TEXCOORD3: 0.97647059, 0.00784313772, 0.556862772, 0.239215687
vb0[122]+024 TANGENT: -0.165116191, 0.57109797, -0.804104328, -1

vb0[123]+000 POSITION: -0.00015874386, 0.590696752, -0.00298786466
vb0[123]+012 NORMAL: 0.939073384, 0.304019034, 0.160355002
vb0[123]+000 COLOR: 0.482352942, 0.454901963, 0.149019614, 0.725490212
vb0[123]+000 TEXCOORD: 0.482352942, 0.454901963, 0.149019614, 0.725490212
vb0[123]+000 TEXCOORD1: 0.482352942, 0.454901963, 0.149019614, 0.725490212
vb0[123]+000 TEXCOORD2: 0.482352942, 0.454901963, 0.149019614, 0.725490212
vb0[123]+000 TEXCOORD3: 0.482352942, 0.454901963, 0.149019614, 0.725490212
vb0[123]+024 TANGENT: 0.0699791089, -0.62586993, 0.776781738, -1

vb0[124]+000 POSITION: -0.0237234309, 0.62614274, 0.0104894247
vb0[124]+012 NORMAL: -0.646683216, 0.211770743, -0.732771456
vb0[124]+000 COLOR: 0.643137276, 0.34117648, 0.760784328, 0.737254918
vb0[124]+000 TEXCOORD: 0.643137276, 0.34117648, 0.760784328, 0.737254918
vb0[124]+000 TEXCOORD1: 0.643137276, 0.34117648, 0.760784328, 0.737254918
vb0[124]+000 TEXCOORD2: 0.643137276, 0.34117648, 0.760784328, 0.737254918
vb0[124]+000 TEXCOORD3: 0.643137276, 0.34117648, 0.760784328, 0.737254918
vb0[124]+024 TANGENT: 0.717204928, 0.495846927, -0.48964566, -1

vb0[125]+000 POSITION: -0.0127641363, 0.627860844, 0.0145270154
vb0[125]+012 NORMAL: 0.893544376, 0.40861395, -0.18604593
vb0[125]+000 COLOR: 0.670588255, 0.125490203, 0.31764707, 0.737254918
vb0[125]+000 TEXCOORD: 0.670588255, 0.125490203, 0.31764707, 0.737254918
vb0[125]+000 TEXCOORD1: 0.670588255, 0.125490203, 0.31764707, 0.737254918
vb0[125]+000 TEXCOORD2: 0.670588255, 0.125490203, 0.31764707, 0.737254918
vb0[125]+000 TEXCOORD3: 0.670588255, 0.125490203, 0.31764707, 0.737254918
vb0[125]+024 TANGENT: 0.396143049, -0.522504091, 0.755023241, -1

vb0[126]+000 POSITION: -0.0107736718, 0.58903259, -0.00689861039
vb0[126]+012 NORMAL: -0.714713097, 0.20209983, -0.669582546
vb0[126]+000 COLOR: 0.0549019612, 0.517647088, 0.188235298, 0.737254918
vb0[126]+000 TEXCOORD: 0.0549019612, 0.517647088, 0.188235298, 0.737254918
vb0[126]+000 TEXCOORD1: 0.0549019612, 0.517647088, 0.188235298, 0.737254918
vb0[126]+000 TEXCOORD2: 0.0549019612, 0.517647088, 0.188235298, 0.737254918
vb0[126]+000 TEXCOORD3: 0.0549019612, 0.517647088, 0.188235298, 0.737254918
vb0[126]+024 TANGENT: 0.639582217, 0.576288879, -0.508749127, -1

vb0[127]+000 POSITION: -0.0189073011, 0.612750947, 0.0182703529
vb0[127]+012 NORMAL: -0.2891711, -0.500371158, 0.816093564
vb0[127]+000 COLOR: 0.486274511, 0.890196085, 0.603921592, 0.737254918
vb0[127]+000 TEXCOORD: 0.486274511, 0.890196085, 0.603921592, 0.737254918
vb0[127]+000 TEXCOORD1: 0.486274511, 0.890196085, 0.603921592, 0.737254918
vb0[127]+000 TEXCOORD2: 0.486274511, 0.890196085, 0.603921592, 0.737254918
vb0[127]+000 TEXCOORD3: 0.486274511, 0.890196085, 0.603921592, 0.737254918
vb0[127]+024 TANGENT: -0.867332458, -0.223827615, -0.444562256, -1

vb0[128]+000 POSITION: -1.11877916e-05, 0.561391294, -0.00227475446
vb0[128]+012 NORMAL: 0.00584943965, -0.369547665, 0.929193377
vb0[128]+000 COLOR: 0.200000003, 0.701960802, 0.23137255, 0.717647076
vb0[128]+000 TEXCOORD: 0.200000003, 0.701960802, 0.23137255, 0.717647076
vb0[128]+000 TEXCOORD1: 0.200000003, 0.701960802, 0.23137255, 0.717647076
vb0[128]+000 TEXCOORD2: 0.200000003, 0.701960802, 0.23137255, 0.717647076
vb0[128]+000 TEXCOORD3: 0.200000003, 0.701960802, 0.23137255, 0.717647076
vb0[128]+024 TANGENT: -0.934879959, -0.331817657, -0.126081318, -1

vb0[129]+000 POSITION: -0.0106261009, 0.559727132, -0.00618548365
vb0[129]+012 NORMAL: -0.540257454, -0.420551032, 0.728874862
vb0[129]+000 COLOR: 0.0980392173, 0.0980392173, 0.180392161, 0.737254918
vb0[129]+000 TEXCOORD: 0.0980392173, 0.0980392173, 0.180392161, 0.737254918
vb0[129]+000 TEXCOORD1: 0.0980392173, 0.0980392173, 0.180392161, 0.737254918
vb0[129]+000 TEXCOORD2: 0.0980392173, 0.0980392173, 0.180392161, 0.737254918
vb0[129]+000 TEXCOORD3: 0.0980392173, 0.0980392173, 0.180392161, 0.737254918
vb0[129]+024 TANGENT: -0.800727665, -0.00942504499, -0.598954439, -1

vb0[130]+000 POSITION: -0.0107736718, 0.58903259, -0.00689861039
vb0[130]+012 NORMAL: -0.714713097, 0.20209983, -0.669582546
vb0[130]+000 COLOR: 0.0549019612, 0.517647088, 0.188235298, 0.737254918
vb0[130]+000 TEXCOORD: 0.0549019612, 0.517647088, 0.188235298, 0.737254918
vb0[130]+000 TEXCOORD1: 0.0549019612, 0.517647088, 0.188235298, 0.737254918
vb0[130]+000 TEXCOORD2: 0.0549019612, 0.517647088, 0.188235298, 0.737254918
vb0[130]+000 TEXCOORD3: 0.0549019612, 0.517647088, 0.188235298, 0.737254918
vb0[130]+024 TANGENT: 0.675180614, 0.449200958, -0.585106492, -1

vb0[131]+000 POSITION: -0.0237234309, 0.62614274, 0.0104894247
vb0[131]+012 NORMAL: -0.646683216, 0.211770743, -0.732771456
vb0[131]+000 COLOR: 0.643137276, 0.34117648, 0.760784328, 0.737254918
vb0[131]+000 TEXCOORD: 0.643137276, 0.34117648, 0.760784328, 0.737254918
vb0[131]+000 TEXCOORD1: 0.643137276, 0.34117648, 0.760784328, 0.737254918
vb0[131]+000 TEXCOORD2: 0.643137276, 0.34117648, 0.760784328, 0.737254918
vb0[131]+000 TEXCOORD3: 0.643137276, 0.34117648, 0.760784328, 0.737254918
vb0[131]+024 TANGENT: 0.679131925, 0.597212851, -0.426751226, -1

vb0[132]+000 POSITION: -0.0323352776, 0.650198579, 0.0280816648
vb0[132]+012 NORMAL: -0.690161288, 0.315648168, -0.651186466
vb0[132]+000 COLOR: 1, 0.443137258, 0.0156862754, 0.741176486
vb0[132]+000 TEXCOORD: 1, 0.443137258, 0.0156862754, 0.741176486
vb0[132]+000 TEXCOORD1: 1, 0.443137258, 0.0156862754, 0.741176486
vb0[132]+000 TEXCOORD2: 1, 0.443137258, 0.0156862754, 0.741176486
vb0[132]+000 TEXCOORD3: 1, 0.443137258, 0.0156862754, 0.741176486
vb0[132]+024 TANGENT: 0.664524972, 0.632703304, -0.397609115, -1

vb0[133]+000 POSITION: -0.0217941701, 0.651834786, 0.0319413207
vb0[133]+012 NORMAL: 0.856633902, 0.489534914, -0.16289264
vb0[133]+000 COLOR: 0.690196097, 0.53725493, 0.698039234, 0.737254918
vb0[133]+000 TEXCOORD: 0.690196097, 0.53725493, 0.698039234, 0.737254918
vb0[133]+000 TEXCOORD1: 0.690196097, 0.53725493, 0.698039234, 0.737254918
vb0[133]+000 TEXCOORD2: 0.690196097, 0.53725493, 0.698039234, 0.737254918
vb0[133]+000 TEXCOORD3: 0.690196097, 0.53725493, 0.698039234, 0.737254918
vb0[133]+024 TANGENT: 0.442992896, -0.536078513, 0.718593895, -1

vb0[134]+000 POSITION: -0.0284445155, 0.641037107, 0.0375820324
vb0[134]+012 NORMAL: -0.170884207, -0.679686844, 0.713319242
vb0[134]+000 COLOR: 0.474509805, 0.0156862754, 0.913725495, 0.737254918
vb0[134]+000 TEXCOORD: 0.474509805, 0.0156862754, 0.913725495, 0.737254918
vb0[134]+000 TEXCOORD1: 0.474509805, 0.0156862754, 0.913725495, 0.737254918
vb0[134]+000 TEXCOORD2: 0.474509805, 0.0156862754, 0.913725495, 0.737254918
vb0[134]+000 TEXCOORD3: 0.474509805, 0.0156862754, 0.913725495, 0.737254918
vb0[134]+024 TANGENT: -0.904337525, -0.179186672, -0.387383103, -1

vb0[135]+000 POSITION: -0.0323352776, 0.650198579, 0.0280816648
vb0[135]+012 NORMAL: -0.690161288, 0.315648168, -0.651186466
vb0[135]+000 COLOR: 1, 0.443137258, 0.0156862754, 0.741176486
vb0[135]+000 TEXCOORD: 1, 0.443137258, 0.0156862754, 0.741176486
vb0[135]+000 TEXCOORD1: 1, 0.443137258, 0.0156862754, 0.741176486
vb0[135]+000 TEXCOORD2: 1, 0.443137258, 0.0156862754, 0.741176486
vb0[135]+000 TEXCOORD3: 1, 0.443137258, 0.0156862754, 0.741176486
vb0[135]+024 TANGENT: 0.673852444, 0.60837549, -0.419287592, -1

vb0[136]+000 POSITION: -0.0398775861, 0.667152405, 0.0471910089
vb0[136]+012 NORMAL: -0.733759224, 0.396129191, -0.551977277
vb0[136]+000 COLOR: 0.68235296, 0.337254912, 0.137254909, 0.741176486
vb0[136]+000 TEXCOORD: 0.68235296, 0.337254912, 0.137254909, 0.741176486
vb0[136]+000 TEXCOORD1: 0.68235296, 0.337254912, 0.137254909, 0.741176486
vb0[136]+000 TEXCOORD2: 0.68235296, 0.337254912, 0.137254909, 0.741176486
vb0[136]+000 TEXCOORD3: 0.68235296, 0.337254912, 0.137254909, 0.741176486
vb0[136]+024 TANGENT: 0.613109291, 0.736122191, -0.286742091, -1

vb0[137]+000 POSITION: -0.0291589871, 0.66880554, 0.0510752089
vb0[137]+012 NORMAL: 0.825563133, 0.554217041, -0.106249422
vb0[137]+000 COLOR: 0.831372559, 0.870588243, 0.933333337, 0.737254918
vb0[137]+000 TEXCOORD: 0.831372559, 0.870588243, 0.933333337, 0.737254918
vb0[137]+000 TEXCOORD1: 0.831372559, 0.870588243, 0.933333337, 0.737254918
vb0[137]+000 TEXCOORD2: 0.831372559, 0.870588243, 0.933333337, 0.737254918
vb0[137]+000 TEXCOORD3: 0.831372559, 0.870588243, 0.933333337, 0.737254918
vb0[137]+024 TANGENT: 0.496539742, -0.623964608, 0.603420734, -1

vb0[138]+000 POSITION: -0.0486151911, 0.68285048, 0.076294519
vb0[138]+012 NORMAL: -0.754152477, 0.498193324, -0.427851975
vb0[138]+000 COLOR: 0.725490212, 0.125490203, 0.278431386, 0.741176486
vb0[138]+000 TEXCOORD: 0.725490212, 0.125490203, 0.278431386, 0.741176486
vb0[138]+000 TEXCOORD1: 0.725490212, 0.125490203, 0.278431386, 0.741176486
vb0[138]+000 TEXCOORD2: 0.725490212, 0.125490203, 0.278431386, 0.741176486
vb0[138]+000 TEXCOORD3: 0.725490212, 0.125490203, 0.278431386, 0.741176486
vb0[138]+024 TANGENT: 0.596551239, 0.792112231, -0.12917009, -1

vb0[139]+000 POSITION: -0.0388631821, 0.684353769, 0.0798287541
vb0[139]+012 NORMAL: 0.750129461, 0.661173522, -0.0124605242
vb0[139]+000 COLOR: 0, 0.184313729, 0.121568628, 0.741176486
vb0[139]+000 TEXCOORD: 0, 0.184313729, 0.121568628, 0.741176486
vb0[139]+000 TEXCOORD1: 0, 0.184313729, 0.121568628, 0.741176486
vb0[139]+000 TEXCOORD2: 0, 0.184313729, 0.121568628, 0.741176486
vb0[139]+000 TEXCOORD3: 0, 0.184313729, 0.121568628, 0.741176486
vb0[139]+024 TANGENT: 0.601108015, -0.673886597, 0.429588109, -1

vb0[140]+000 POSITION: -0.0431621782, 0.668503225, 0.0812032893
vb0[140]+012 NORMAL: -0.00769653684, -0.930310607, 0.366691977
vb0[140]+000 COLOR: 0.827450991, 0.792156875, 0.188235298, 0.741176486
vb0[140]+000 TEXCOORD: 0.827450991, 0.792156875, 0.188235298, 0.741176486
vb0[140]+000 TEXCOORD1: 0.827450991, 0.792156875, 0.188235298, 0.741176486
vb0[140]+000 TEXCOORD2: 0.827450991, 0.792156875, 0.188235298, 0.741176486
vb0[140]+000 TEXCOORD3: 0.827450991, 0.792156875, 0.188235298, 0.741176486
vb0[140]+024 TANGENT: -0.9856776, -0.054720439, -0.15951623, -1

vb0[141]+000 POSITION: -0.0354526863, 0.657522082, 0.0551390648
vb0[141]+012 NORMAL: -0.0977951586, -0.850113988, 0.517438114
vb0[141]+000 COLOR: 0.839215696, 0.211764708, 0.0666666701, 0.741176486
vb0[141]+000 TEXCOORD: 0.839215696, 0.211764708, 0.0666666701, 0.741176486
vb0[141]+000 TEXCOORD1: 0.839215696, 0.211764708, 0.0666666701, 0.741176486
vb0[141]+000 TEXCOORD2: 0.839215696, 0.211764708, 0.0666666701, 0.741176486
vb0[141]+000 TEXCOORD3: 0.839215696, 0.211764708, 0.0666666701, 0.741176486
vb0[141]+024 TANGENT: -0.944045842, -0.0853144526, -0.318589002, -1

vb0[142]+000 POSITION: -0.0398775861, 0.667152405, 0.0471910089
vb0[142]+012 NORMAL: -0.733759224, 0.396129191, -0.551977277
vb0[142]+000 COLOR: 0.68235296, 0.337254912, 0.137254909, 0.741176486
vb0[142]+000 TEXCOORD: 0.68235296, 0.337254912, 0.137254909, 0.741176486
vb0[142]+000 TEXCOORD1: 0.68235296, 0.337254912, 0.137254909, 0.741176486
vb0[142]+000 TEXCOORD2: 0.68235296, 0.337254912, 0.137254909, 0.741176486
vb0[142]+000 TEXCOORD3: 0.68235296, 0.337254912, 0.137254909, 0.741176486
vb0[142]+024 TANGENT: 0.597833753, 0.762439787, -0.247548684, -1

vb0[143]+000 POSITION: -0.0486151911, 0.68285048, 0.076294519
vb0[143]+012 NORMAL: -0.754152477, 0.498193324, -0.427851975
vb0[143]+000 COLOR: 0.725490212, 0.125490203, 0.278431386, 0.741176486
vb0[143]+000 TEXCOORD: 0.725490212, 0.125490203, 0.278431386, 0.741176486
vb0[143]+000 TEXCOORD1: 0.725490212, 0.125490203, 0.278431386, 0.741176486
vb0[143]+000 TEXCOORD2: 0.725490212, 0.125490203, 0.278431386, 0.741176486
vb0[143]+000 TEXCOORD3: 0.725490212, 0.125490203, 0.278431386, 0.741176486
vb0[143]+024 TANGENT: 0.537730038, 0.84246546, 0.0331428759, -1

vb0[144]+000 POSITION: -0.0547131859, 0.689130545, 0.10016977
vb0[144]+012 NORMAL: -0.800795019, 0.495638639, -0.336258411
vb0[144]+000 COLOR: 0.937254906, 0.101960786, 0.376470596, 0.741176486
vb0[144]+000 TEXCOORD: 0.937254906, 0.101960786, 0.376470596, 0.741176486
vb0[144]+000 TEXCOORD1: 0.937254906, 0.101960786, 0.376470596, 0.741176486
vb0[144]+000 TEXCOORD2: 0.937254906, 0.101960786, 0.376470596, 0.741176486
vb0[144]+000 TEXCOORD3: 0.937254906, 0.101960786, 0.376470596, 0.741176486
vb0[144]+024 TANGENT: 0.562948942, 0.814541817, -0.140036181, -1

vb0[145]+000 POSITION: -0.0472622141, 0.69028759, 0.102889404
vb0[145]+012 NORMAL: 0.72385186, 0.689193428, -0.0324167833
vb0[145]+000 COLOR: 0.0235294122, 0.588235319, 0.254901975, 0.741176486
vb0[145]+000 TEXCOORD: 0.0235294122, 0.588235319, 0.254901975, 0.741176486
vb0[145]+000 TEXCOORD1: 0.0235294122, 0.588235319, 0.254901975, 0.741176486
vb0[145]+000 TEXCOORD2: 0.0235294122, 0.588235319, 0.254901975, 0.741176486
vb0[145]+000 TEXCOORD3: 0.0235294122, 0.588235319, 0.254901975, 0.741176486
vb0[145]+024 TANGENT: 0.660266101, -0.678304791, 0.322414994, -1

vb0[146]+000 POSITION: -0.0684967339, 0.703072548, 0.145939201
vb0[146]+012 NORMAL: -0.755104184, 0.526024699, -0.391300023
vb0[146]+000 COLOR: 0.0156862754, 0.282352954, 0.549019635, 0.741176486
vb0[146]+000 TEXCOORD: 0.0156862754, 0.282352954, 0.549019635, 0.741176486
vb0[146]+000 TEXCOORD1: 0.0156862754, 0.282352954, 0.549019635, 0.741176486
vb0[146]+000 TEXCOORD2: 0.0156862754, 0.282352954, 0.549019635, 0.741176486
vb0[146]+000 TEXCOORD3: 0.0156862754, 0.282352954, 0.549019635, 0.741176486
vb0[146]+024 TANGENT: 0.641629934, 0.71552062, -0.276299298, -1

vb0[147]+000 POSITION: -0.0522499271, 0.705566645, 0.150403321
vb0[147]+012 NORMAL: 0.729176581, 0.670074403, -0.138930827
vb0[147]+000 COLOR: 0.0196078438, 0.0156862754, 0.337254912, 0.741176486
vb0[147]+000 TEXCOORD: 0.0196078438, 0.0156862754, 0.337254912, 0.741176486
vb0[147]+000 TEXCOORD1: 0.0196078438, 0.0156862754, 0.337254912, 0.741176486
vb0[147]+000 TEXCOORD2: 0.0196078438, 0.0156862754, 0.337254912, 0.741176486
vb0[147]+000 TEXCOORD3: 0.0196078438, 0.0156862754, 0.337254912, 0.741176486
vb0[147]+024 TANGENT: 0.680885315, -0.69007051, 0.24535282, -1

vb0[148]+000 POSITION: -0.0572665483, 0.681076586, 0.149780437
vb0[148]+012 NORMAL: 0.195565164, -0.976183474, 0.0939153135
vb0[148]+000 COLOR: 0.329411775, 0.564705908, 0.41568628, 0.741176486
vb0[148]+000 TEXCOORD: 0.329411775, 0.564705908, 0.41568628, 0.741176486
vb0[148]+000 TEXCOORD1: 0.329411775, 0.564705908, 0.41568628, 0.741176486
vb0[148]+000 TEXCOORD2: 0.329411775, 0.564705908, 0.41568628, 0.741176486
vb0[148]+000 TEXCOORD3: 0.329411775, 0.564705908, 0.41568628, 0.741176486
vb0[148]+024 TANGENT: -0.980529904, -0.19290024, 0.0367507637, -1

vb0[149]+000 POSITION: -0.0495050661, 0.673383772, 0.102851361
vb0[149]+012 NORMAL: 0.00294894539, -0.961703181, 0.274077088
vb0[149]+000 COLOR: 0.827450991, 0.772549033, 0.290196091, 0.741176486
vb0[149]+000 TEXCOORD: 0.827450991, 0.772549033, 0.290196091, 0.741176486
vb0[149]+000 TEXCOORD1: 0.827450991, 0.772549033, 0.290196091, 0.741176486
vb0[149]+000 TEXCOORD2: 0.827450991, 0.772549033, 0.290196091, 0.741176486
vb0[149]+000 TEXCOORD3: 0.827450991, 0.772549033, 0.290196091, 0.741176486
vb0[149]+024 TANGENT: -0.999934077, -0.00587930251, -0.00987089053, -1

vb0[150]+000 POSITION: -0.0547131859, 0.689130545, 0.10016977
vb0[150]+012 NORMAL: -0.800795019, 0.495638639, -0.336258411
vb0[150]+000 COLOR: 0.937254906, 0.101960786, 0.376470596, 0.741176486
vb0[150]+000 TEXCOORD: 0.937254906, 0.101960786, 0.376470596, 0.741176486
vb0[150]+000 TEXCOORD1: 0.937254906, 0.101960786, 0.376470596, 0.741176486
vb0[150]+000 TEXCOORD2: 0.937254906, 0.101960786, 0.376470596, 0.741176486
vb0[150]+000 TEXCOORD3: 0.937254906, 0.101960786, 0.376470596, 0.741176486
vb0[150]+024 TANGENT: 0.492710054, 0.864352345, 0.100656614, -1

vb0[151]+000 POSITION: -0.0684967339, 0.703072548, 0.145939201
vb0[151]+012 NORMAL: -0.755104184, 0.526024699, -0.391300023
vb0[151]+000 COLOR: 0.0156862754, 0.282352954, 0.549019635, 0.741176486
vb0[151]+000 TEXCOORD: 0.0156862754, 0.282352954, 0.549019635, 0.741176486
vb0[151]+000 TEXCOORD1: 0.0156862754, 0.282352954, 0.549019635, 0.741176486
vb0[151]+000 TEXCOORD2: 0.0156862754, 0.282352954, 0.549019635, 0.741176486
vb0[151]+000 TEXCOORD3: 0.0156862754, 0.282352954, 0.549019635, 0.741176486
vb0[151]+024 TANGENT: 0.398535371, 0.84220916, 0.363116086, -1

vb0[152]+000 POSITION: -0.0122517282, 0.192044616, -0.00740655838
vb0[152]+012 NORMAL: 0.773854375, 0.215373695, 0.595620334
vb0[152]+000 COLOR: 0.474509805, 0.733333349, 0.282352954, 0.737254918
vb0[152]+000 TEXCOORD: 0.474509805, 0.733333349, 0.282352954, 0.737254918
vb0[152]+000 TEXCOORD1: 0.474509805, 0.733333349, 0.282352954, 0.737254918
vb0[152]+000 TEXCOORD2: 0.474509805, 0.733333349, 0.282352954, 0.737254918
vb0[152]+000 TEXCOORD3: 0.474509805, 0.733333349, 0.282352954, 0.737254918
vb0[152]+024 TANGENT: 0.631498396, -0.334489554, -0.699518621, 1

vb0[153]+000 POSITION: 0.00303835748, 0.0932272822, 0.0210832637
vb0[153]+012 NORMAL: 0.972058237, 0.0876214951, -0.217773631
vb0[153]+000 COLOR: 0.180392161, 0.121568628, 0.278431386, 0.23137255
vb0[153]+000 TEXCOORD: 0.180392161, 0.121568628, 0.278431386, 0.23137255
vb0[153]+000 TEXCOORD1: 0.180392161, 0.121568628, 0.278431386, 0.23137255
vb0[153]+000 TEXCOORD2: 0.180392161, 0.121568628, 0.278431386, 0.23137255
vb0[153]+000 TEXCOORD3: 0.180392161, 0.121568628, 0.278431386, 0.23137255
vb0[153]+024 TANGENT: -0.215177432, -0.0381721258, -0.975828588, 1

vb0[154]+000 POSITION: -0.00882215519, 0.0932272896, -0.00910783652
vb0[154]+012 NORMAL: 0.808433056, 0.123849399, 0.575410485
vb0[154]+000 COLOR: 0.80392158, 0.541176498, 0.0627451017, 0.737254918
vb0[154]+000 TEXCOORD: 0.80392158, 0.541176498, 0.0627451017, 0.737254918
vb0[154]+000 TEXCOORD1: 0.80392158, 0.541176498, 0.0627451017, 0.737254918
vb0[154]+000 TEXCOORD2: 0.80392158, 0.541176498, 0.0627451017, 0.737254918
vb0[154]+000 TEXCOORD3: 0.80392158, 0.541176498, 0.0627451017, 0.737254918
vb0[154]+024 TANGENT: 0.566396415, 0.102217317, -0.817769408, 1

vb0[155]+000 POSITION: -0.0185980052, 0.188936174, 0.0530948639
vb0[155]+012 NORMAL: 0.959825695, 0.226601034, 0.165489033
vb0[155]+000 COLOR: 0.847058833, 0.352941185, 0.596078455, 0.737254918
vb0[155]+000 TEXCOORD: 0.847058833, 0.352941185, 0.596078455, 0.737254918
vb0[155]+000 TEXCOORD1: 0.847058833, 0.352941185, 0.596078455, 0.737254918
vb0[155]+000 TEXCOORD2: 0.847058833, 0.352941185, 0.596078455, 0.737254918
vb0[155]+000 TEXCOORD3: 0.847058833, 0.352941185, 0.596078455, 0.737254918
vb0[155]+024 TANGENT: 0.253233135, -0.445499271, -0.858721912, 1

vb0[156]+000 POSITION: 0.0363931842, 0.185399264, -0.0179829001
vb0[156]+012 NORMAL: 0.197349474, 0.197245777, 0.960285008
vb0[156]+000 COLOR: 0.0196078438, 0.0666666701, 0.0823529437, 0.239215687
vb0[156]+000 TEXCOORD: 0.0196078438, 0.0666666701, 0.0823529437, 0.239215687
vb0[156]+000 TEXCOORD1: 0.0196078438, 0.0666666701, 0.0823529437, 0.239215687
vb0[156]+000 TEXCOORD2: 0.0196078438, 0.0666666701, 0.0823529437, 0.239215687
vb0[156]+000 TEXCOORD3: 0.0196078438, 0.0666666701, 0.0823529437, 0.239215687
vb0[156]+024 TANGENT: 0.979129732, -0.0881813914, -0.183109522, 1

vb0[157]+000 POSITION: 0.0248348955, 0.0932272971, -0.00548987696
vb0[157]+012 NORMAL: -0.105724961, 0.146566495, 0.983534634
vb0[157]+000 COLOR: 0.552941203, 0.447058827, 0.796078444, 0.235294119
vb0[157]+000 TEXCOORD: 0.552941203, 0.447058827, 0.796078444, 0.235294119
vb0[157]+000 TEXCOORD1: 0.552941203, 0.447058827, 0.796078444, 0.235294119
vb0[157]+000 TEXCOORD2: 0.552941203, 0.447058827, 0.796078444, 0.235294119
vb0[157]+000 TEXCOORD3: 0.552941203, 0.447058827, 0.796078444, 0.235294119
vb0[157]+024 TANGENT: 0.994293392, 0.0297463704, 0.102448672, 1

vb0[158]+000 POSITION: -0.027140826, 0.279298097, -0.0213956162
vb0[158]+012 NORMAL: 0.691769361, 0.493057013, 0.527588904
vb0[158]+000 COLOR: 0.43921569, 0.337254912, 0.870588243, 0.737254918
vb0[158]+000 TEXCOORD: 0.43921569, 0.337254912, 0.870588243, 0.737254918
vb0[158]+000 TEXCOORD1: 0.43921569, 0.337254912, 0.870588243, 0.737254918
vb0[158]+000 TEXCOORD2: 0.43921569, 0.337254912, 0.870588243, 0.737254918
vb0[158]+000 TEXCOORD3: 0.43921569, 0.337254912, 0.870588243, 0.737254918
vb0[158]+024 TANGENT: 0.639868915, -0.0799005032, -0.764319062, 1

vb0[159]+000 POSITION: -0.0571972243, 0.293726802, 0.0364122353
vb0[159]+012 NORMAL: 0.771029055, 0.560778081, 0.301731884
vb0[159]+000 COLOR: 0.639215708, 0.278431386, 0.41568628, 0.741176486
vb0[159]+000 TEXCOORD: 0.639215708, 0.278431386, 0.41568628, 0.741176486
vb0[159]+000 TEXCOORD1: 0.639215708, 0.278431386, 0.41568628, 0.741176486
vb0[159]+000 TEXCOORD2: 0.639215708, 0.278431386, 0.41568628, 0.741176486
vb0[159]+000 TEXCOORD3: 0.639215708, 0.278431386, 0.41568628, 0.741176486
vb0[159]+024 TANGENT: 0.521234095, -0.283560097, -0.804927707, 1

vb0[160]+000 POSITION: -0.057181742, 0.322887212, -0.0436903089
vb0[160]+012 NORMAL: 0.524938524, 0.754027247, 0.394819677
vb0[160]+000 COLOR: 0.403921574, 0.215686277, 0.41568628, 0.741176486
vb0[160]+000 TEXCOORD: 0.403921574, 0.215686277, 0.41568628, 0.741176486
vb0[160]+000 TEXCOORD1: 0.403921574, 0.215686277, 0.41568628, 0.741176486
vb0[160]+000 TEXCOORD2: 0.403921574, 0.215686277, 0.41568628, 0.741176486
vb0[160]+000 TEXCOORD3: 0.403921574, 0.215686277, 0.41568628, 0.741176486
vb0[160]+024 TANGENT: 0.636819303, -0.0401755087, -0.769965589, 1

vb0[161]+000 POSITION: -0.104936801, 0.343779474, 0.0107028577
vb0[161]+012 NORMAL: 0.558861673, 0.801266968, 0.213646695
vb0[161]+000 COLOR: 0.105882354, 0.913725495, 0.839215696, 0.741176486
vb0[161]+000 TEXCOORD: 0.105882354, 0.913725495, 0.839215696, 0.741176486
vb0[161]+000 TEXCOORD1: 0.105882354, 0.913725495, 0.839215696, 0.741176486
vb0[161]+000 TEXCOORD2: 0.105882354, 0.913725495, 0.839215696, 0.741176486
vb0[161]+000 TEXCOORD3: 0.105882354, 0.913725495, 0.839215696, 0.741176486
vb0[161]+024 TANGENT: 0.643465459, -0.256495386, -0.721222818, 1

vb0[162]+000 POSITION: -0.102722272, 0.361372173, -0.0804714784
vb0[162]+012 NORMAL: 0.290812403, 0.92411083, 0.247885808
vb0[162]+000 COLOR: 0.0549019612, 0.376470596, 0.823529422, 0.741176486
vb0[162]+000 TEXCOORD: 0.0549019612, 0.376470596, 0.823529422, 0.741176486
vb0[162]+000 TEXCOORD1: 0.0549019612, 0.376470596, 0.823529422, 0.741176486
vb0[162]+000 TEXCOORD2: 0.0549019612, 0.376470596, 0.823529422, 0.741176486
vb0[162]+000 TEXCOORD3: 0.0549019612, 0.376470596, 0.823529422, 0.741176486
vb0[162]+024 TANGENT: 0.664827228, -0.00885499083, -0.746944726, 1

vb0[163]+000 POSITION: -0.152321637, 0.377168, -0.0267083254
vb0[163]+012 NORMAL: 0.322596967, 0.944267929, 0.065491721
vb0[163]+000 COLOR: 0.203921571, 0.980392158, 0.105882354, 0.745098054
vb0[163]+000 TEXCOORD: 0.203921571, 0.980392158, 0.105882354, 0.745098054
vb0[163]+000 TEXCOORD1: 0.203921571, 0.980392158, 0.105882354, 0.745098054
vb0[163]+000 TEXCOORD2: 0.203921571, 0.980392158, 0.105882354, 0.745098054
vb0[163]+000 TEXCOORD3: 0.203921571, 0.980392158, 0.105882354, 0.745098054
vb0[163]+024 TANGENT: 0.683623135, -0.184577301, -0.706109405, 1

vb0[164]+000 POSITION: -0.148706973, 0.373526007, -0.117590956
vb0[164]+012 NORMAL: -0.0317081623, 0.999426961, 0.0118482653
vb0[164]+000 COLOR: 0.643137276, 0.274509817, 0.0941176489, 0.745098054
vb0[164]+000 TEXCOORD: 0.643137276, 0.274509817, 0.0941176489, 0.745098054
vb0[164]+000 TEXCOORD1: 0.643137276, 0.274509817, 0.0941176489, 0.745098054
vb0[164]+000 TEXCOORD2: 0.643137276, 0.274509817, 0.0941176489, 0.745098054
vb0[164]+000 TEXCOORD3: 0.643137276, 0.274509817, 0.0941176489, 0.745098054
vb0[164]+024 TANGENT: 0.686284661, 0.0303883441, -0.726698041, 1

vb0[165]+000 POSITION: -0.203926042, 0.382065654, -0.0676228404
vb0[165]+012 NORMAL: 0.0126866642, 0.989875972, -0.141367137
vb0[165]+000 COLOR: 0.992156863, 0.819607854, 0.313725501, 0.745098054
vb0[165]+000 TEXCOORD: 0.992156863, 0.819607854, 0.313725501, 0.745098054
vb0[165]+000 TEXCOORD1: 0.992156863, 0.819607854, 0.313725501, 0.745098054
vb0[165]+000 TEXCOORD2: 0.992156863, 0.819607854, 0.313725501, 0.745098054
vb0[165]+000 TEXCOORD3: 0.992156863, 0.819607854, 0.313725501, 0.745098054
vb0[165]+024 TANGENT: 0.728634357, -0.105973557, -0.676654577, 1

vb0[166]+000 POSITION: -0.0133477068, 0.337052226, -0.0931062326
vb0[166]+012 NORMAL: 0.348157972, 0.754373372, 0.556513071
vb0[166]+000 COLOR: 0.34117648, 0.690196097, 0.352941185, 0.737254918
vb0[166]+000 TEXCOORD: 0.34117648, 0.690196097, 0.352941185, 0.737254918
vb0[166]+000 TEXCOORD1: 0.34117648, 0.690196097, 0.352941185, 0.737254918
vb0[166]+000 TEXCOORD2: 0.34117648, 0.690196097, 0.352941185, 0.737254918
vb0[166]+000 TEXCOORD3: 0.34117648, 0.690196097, 0.352941185, 0.737254918
vb0[166]+024 TANGENT: 0.687813878, 0.197795182, -0.698419034, 1

vb0[167]+000 POSITION: 0.0270717107, 0.285295993, -0.057601735
vb0[167]+012 NORMAL: 0.400227189, 0.509934187, 0.761436343
vb0[167]+000 COLOR: 0.494117647, 0.772549033, 0.866666675, 0.235294119
vb0[167]+000 TEXCOORD: 0.494117647, 0.772549033, 0.866666675, 0.235294119
vb0[167]+000 TEXCOORD1: 0.494117647, 0.772549033, 0.866666675, 0.235294119
vb0[167]+000 TEXCOORD2: 0.494117647, 0.772549033, 0.866666675, 0.235294119
vb0[167]+000 TEXCOORD3: 0.494117647, 0.772549033, 0.866666675, 0.235294119
vb0[167]+024 TANGENT: 0.840575397, 0.126692772, -0.526670694, 1

vb0[168]+000 POSITION: -0.104172885, 0.388219297, -0.169765919
vb0[168]+012 NORMAL: -0.121859394, 0.977042317, 0.174752787
vb0[168]+000 COLOR: 0.596078455, 0.345098048, 0.835294127, 0.741176486
vb0[168]+000 TEXCOORD: 0.596078455, 0.345098048, 0.835294127, 0.741176486
vb0[168]+000 TEXCOORD1: 0.596078455, 0.345098048, 0.835294127, 0.741176486
vb0[168]+000 TEXCOORD2: 0.596078455, 0.345098048, 0.835294127, 0.741176486
vb0[168]+000 TEXCOORD3: 0.596078455, 0.345098048, 0.835294127, 0.741176486
vb0[168]+024 TANGENT: 0.636105239, 0.212031886, -0.741898, 1

vb0[169]+000 POSITION: -0.0591232367, 0.375894874, -0.129917607
vb0[169]+012 NORMAL: 0.146828339, 0.906942844, 0.394836813
vb0[169]+000 COLOR: 0.20784314, 0.168627456, 0.447058827, 0.741176486
vb0[169]+000 TEXCOORD: 0.20784314, 0.168627456, 0.447058827, 0.741176486
vb0[169]+000 TEXCOORD1: 0.20784314, 0.168627456, 0.447058827, 0.741176486
vb0[169]+000 TEXCOORD2: 0.20784314, 0.168627456, 0.447058827, 0.741176486
vb0[169]+000 TEXCOORD3: 0.20784314, 0.168627456, 0.447058827, 0.741176486
vb0[169]+024 TANGENT: 0.64657402, 0.214084357, -0.732195318, 1

vb0[170]+000 POSITION: -0.151901096, 0.374143094, -0.187330619
vb0[170]+012 NORMAL: -0.350182295, 0.935817599, -0.0402230509
vb0[170]+000 COLOR: 0.964705884, 0.545098066, 0.105882354, 0.745098054
vb0[170]+000 TEXCOORD: 0.964705884, 0.545098066, 0.105882354, 0.745098054
vb0[170]+000 TEXCOORD1: 0.964705884, 0.545098066, 0.105882354, 0.745098054
vb0[170]+000 TEXCOORD2: 0.964705884, 0.545098066, 0.105882354, 0.745098054
vb0[170]+000 TEXCOORD3: 0.964705884, 0.545098066, 0.105882354, 0.745098054
vb0[170]+024 TANGENT: 0.646132767, 0.21024695, -0.733695209, 1

vb0[171]+000 POSITION: -0.18884182, 0.361673802, -0.151326135
vb0[171]+012 NORMAL: -0.312537879, 0.923716545, -0.221512511
vb0[171]+000 COLOR: 0.752941191, 0.372549027, 0.254901975, 0.745098054
vb0[171]+000 TEXCOORD: 0.752941191, 0.372549027, 0.254901975, 0.745098054
vb0[171]+000 TEXCOORD1: 0.752941191, 0.372549027, 0.254901975, 0.745098054
vb0[171]+000 TEXCOORD2: 0.752941191, 0.372549027, 0.254901975, 0.745098054
vb0[171]+000 TEXCOORD3: 0.752941191, 0.372549027, 0.254901975, 0.745098054
vb0[171]+024 TANGENT: 0.69783318, 0.0650573075, -0.713299572, 1

vb0[172]+000 POSITION: -0.235225007, 0.32634747, -0.18858394
vb0[172]+012 NORMAL: -0.397105813, 0.859842658, -0.320901006
vb0[172]+000 COLOR: 0.827450991, 0.870588243, 0.43921569, 0.745098054
vb0[172]+000 TEXCOORD: 0.827450991, 0.870588243, 0.43921569, 0.745098054
vb0[172]+000 TEXCOORD1: 0.827450991, 0.870588243, 0.43921569, 0.745098054
vb0[172]+000 TEXCOORD2: 0.827450991, 0.870588243, 0.43921569, 0.745098054
vb0[172]+000 TEXCOORD3: 0.827450991, 0.870588243, 0.43921569, 0.745098054
vb0[172]+024 TANGENT: 0.69865948, 0.0564851426, -0.713221192, 1

vb0[173]+000 POSITION: -0.226470351, 0.366910726, -0.11176993
vb0[173]+012 NORMAL: -0.197103113, 0.929878533, -0.31060639
vb0[173]+000 COLOR: 0.847058833, 0.905882359, 0.403921574, 0.745098054
vb0[173]+000 TEXCOORD: 0.847058833, 0.905882359, 0.403921574, 0.745098054
vb0[173]+000 TEXCOORD1: 0.847058833, 0.905882359, 0.403921574, 0.745098054
vb0[173]+000 TEXCOORD2: 0.847058833, 0.905882359, 0.403921574, 0.745098054
vb0[173]+000 TEXCOORD3: 0.847058833, 0.905882359, 0.403921574, 0.745098054
vb0[173]+024 TANGENT: 0.720972538, -0.0772067308, -0.688649118, 1

vb0[174]+000 POSITION: -0.0442462154, 0.659122467, 0.0708718076
vb0[174]+012 NORMAL: -0.929121315, 0.348162979, 0.124563843
vb0[174]+000 COLOR: 0.521568656, 0.23137255, 0.20784314, 0.741176486
vb0[174]+000 TEXCOORD: 0.521568656, 0.23137255, 0.20784314, 0.741176486
vb0[174]+000 TEXCOORD1: 0.521568656, 0.23137255, 0.20784314, 0.741176486
vb0[174]+000 TEXCOORD2: 0.521568656, 0.23137255, 0.20784314, 0.741176486
vb0[174]+000 TEXCOORD3: 0.521568656, 0.23137255, 0.20784314, 0.741176486
vb0[174]+024 TANGENT: 0.352958649, 0.935464978, 0.018040305, -1

vb0[175]+000 POSITION: -0.0306642335, 0.682810187, 0.105971187
vb0[175]+012 NORMAL: -0.868757725, 0.320509583, 0.377536327
vb0[175]+000 COLOR: 0.56078434, 0.200000003, 0.984313726, 0.737254918
vb0[175]+000 TEXCOORD: 0.56078434, 0.200000003, 0.984313726, 0.737254918
vb0[175]+000 TEXCOORD1: 0.56078434, 0.200000003, 0.984313726, 0.737254918
vb0[175]+000 TEXCOORD2: 0.56078434, 0.200000003, 0.984313726, 0.737254918
vb0[175]+000 TEXCOORD3: 0.56078434, 0.200000003, 0.984313726, 0.737254918
vb0[175]+024 TANGENT: 0.352959633, 0.935464561, 0.0180408098, -1

vb0[176]+000 POSITION: -0.0345094167, 0.684928477, 0.0713694617
vb0[176]+012 NORMAL: -0.929121614, 0.348161846, 0.124564737
vb0[176]+000 COLOR: 0.749019623, 0.349019617, 0.0509803928, 0.741176486
vb0[176]+000 TEXCOORD: 0.749019623, 0.349019617, 0.0509803928, 0.741176486
vb0[176]+000 TEXCOORD1: 0.749019623, 0.349019617, 0.0509803928, 0.741176486
vb0[176]+000 TEXCOORD2: 0.749019623, 0.349019617, 0.0509803928, 0.741176486
vb0[176]+000 TEXCOORD3: 0.749019623, 0.349019617, 0.0509803928, 0.741176486
vb0[176]+024 TANGENT: 0.352957517, 0.935465395, 0.0180399455, -1

vb0[177]+000 POSITION: -0.0404010303, 0.657004356, 0.105473518
vb0[177]+012 NORMAL: -0.868757784, 0.320510179, 0.37753576
vb0[177]+000 COLOR: 0.552941203, 0.482352942, 0.145098045, 0.741176486
vb0[177]+000 TEXCOORD: 0.552941203, 0.482352942, 0.145098045, 0.741176486
vb0[177]+000 TEXCOORD1: 0.552941203, 0.482352942, 0.145098045, 0.741176486
vb0[177]+000 TEXCOORD2: 0.552941203, 0.482352942, 0.145098045, 0.741176486
vb0[177]+000 TEXCOORD3: 0.552941203, 0.482352942, 0.145098045, 0.741176486
vb0[177]+024 TANGENT: 0.352960199, 0.935464442, 0.01804078, -1

vb0[178]+000 POSITION: -0.0230318699, 0.64997524, 0.130136549
vb0[178]+012 NORMAL: -0.748967767, 0.270931631, 0.604684532
vb0[178]+000 COLOR: 0.333333343, 0.678431392, 0.737254918, 0.737254918
vb0[178]+000 TEXCOORD: 0.333333343, 0.678431392, 0.737254918, 0.737254918
vb0[178]+000 TEXCOORD1: 0.333333343, 0.678431392, 0.737254918, 0.737254918
vb0[178]+000 TEXCOORD2: 0.333333343, 0.678431392, 0.737254918, 0.737254918
vb0[178]+000 TEXCOORD3: 0.333333343, 0.678431392, 0.737254918, 0.737254918
vb0[178]+024 TANGENT: 0.352960527, 0.935464203, 0.0180411618, -1

vb0[179]+000 POSITION: -0.0132950544, 0.675781071, 0.130634233
vb0[179]+012 NORMAL: -0.748967767, 0.270931691, 0.604684532
vb0[179]+000 COLOR: 0.501960814, 0.827450991, 0.349019617, 0.737254918
vb0[179]+000 TEXCOORD: 0.501960814, 0.827450991, 0.349019617, 0.737254918
vb0[179]+000 TEXCOORD1: 0.501960814, 0.827450991, 0.349019617, 0.737254918
vb0[179]+000 TEXCOORD2: 0.501960814, 0.827450991, 0.349019617, 0.737254918
vb0[179]+000 TEXCOORD3: 0.501960814, 0.827450991, 0.349019617, 0.737254918
vb0[179]+024 TANGENT: 0.352960885, 0.935464144, 0.018041471, -1

vb0[180]+000 POSITION: -0.0237888359, 0.677082896, 0.0729975328
vb0[180]+012 NORMAL: -0.116634071, -0.645165861, 0.755087733
vb0[180]+000 COLOR: 0.807843149, 0.87843138, 0.760784328, 0.737254918
vb0[180]+000 TEXCOORD: 0.807843149, 0.87843138, 0.760784328, 0.737254918
vb0[180]+000 TEXCOORD1: 0.807843149, 0.87843138, 0.760784328, 0.737254918
vb0[180]+000 TEXCOORD2: 0.807843149, 0.87843138, 0.760784328, 0.737254918
vb0[180]+000 TEXCOORD3: 0.807843149, 0.87843138, 0.760784328, 0.737254918
vb0[180]+024 TANGENT: -0.893588722, -0.263652861, -0.363299131, -1

vb0[181]+000 POSITION: -0.0635586977, 0.694821656, 0.0820109844
vb0[181]+012 NORMAL: -0.225042358, -0.437153369, 0.870777249
vb0[181]+000 COLOR: 0.0627451017, 0.168627456, 0.509803951, 0.741176486
vb0[181]+000 TEXCOORD: 0.0627451017, 0.168627456, 0.509803951, 0.741176486
vb0[181]+000 TEXCOORD1: 0.0627451017, 0.168627456, 0.509803951, 0.741176486
vb0[181]+000 TEXCOORD2: 0.0627451017, 0.168627456, 0.509803951, 0.741176486
vb0[181]+000 TEXCOORD3: 0.0627451017, 0.168627456, 0.509803951, 0.741176486
vb0[181]+024 TANGENT: -0.893588722, -0.263653398, -0.363298744, -1

vb0[182]+000 POSITION: -0.0484395362, 0.669809699, 0.0629754886
vb0[182]+012 NORMAL: -0.116634078, -0.64516592, 0.755087733
vb0[182]+000 COLOR: 0.53725493, 0.407843143, 0.274509817, 0.741176486
vb0[182]+000 TEXCOORD: 0.53725493, 0.407843143, 0.274509817, 0.741176486
vb0[182]+000 TEXCOORD1: 0.53725493, 0.407843143, 0.274509817, 0.741176486
vb0[182]+000 TEXCOORD2: 0.53725493, 0.407843143, 0.274509817, 0.741176486
vb0[182]+000 TEXCOORD3: 0.53725493, 0.407843143, 0.274509817, 0.741176486
vb0[182]+024 TANGENT: -0.893588722, -0.26365298, -0.363299251, -1

vb0[183]+000 POSITION: -0.0389079861, 0.702094853, 0.0920330212
vb0[183]+012 NORMAL: -0.225042298, -0.437154651, 0.870776594
vb0[183]+000 COLOR: 0.984313726, 0.36470589, 0.121568628, 0.741176486
vb0[183]+000 TEXCOORD: 0.984313726, 0.36470589, 0.121568628, 0.741176486
vb0[183]+000 TEXCOORD1: 0.984313726, 0.36470589, 0.121568628, 0.741176486
vb0[183]+000 TEXCOORD2: 0.984313726, 0.36470589, 0.121568628, 0.741176486
vb0[183]+000 TEXCOORD3: 0.984313726, 0.36470589, 0.121568628, 0.741176486
vb0[183]+024 TANGENT: -0.893588841, -0.263652802, -0.363299042, -1

vb0[184]+000 POSITION: -0.048719354, 0.731328249, 0.0949500948
vb0[184]+012 NORMAL: -0.318055719, -0.199238837, 0.926900506
vb0[184]+000 COLOR: 0.949019611, 0.552941203, 0.278431386, 0.741176486
vb0[184]+000 TEXCOORD: 0.949019611, 0.552941203, 0.278431386, 0.741176486
vb0[184]+000 TEXCOORD1: 0.949019611, 0.552941203, 0.278431386, 0.741176486
vb0[184]+000 TEXCOORD2: 0.949019611, 0.552941203, 0.278431386, 0.741176486
vb0[184]+000 TEXCOORD3: 0.949019611, 0.552941203, 0.278431386, 0.741176486
vb0[184]+024 TANGENT: -0.893588722, -0.263654292, -0.363298059, -1

vb0[185]+000 POSITION: -0.0733700767, 0.724054992, 0.0849281028
vb0[185]+012 NORMAL: -0.318054497, -0.199239418, 0.926900804
vb0[185]+000 COLOR: 0.0509803928, 0.262745112, 0.588235319, 0.741176486
vb0[185]+000 TEXCOORD: 0.0509803928, 0.262745112, 0.588235319, 0.741176486
vb0[185]+000 TEXCOORD1: 0.0509803928, 0.262745112, 0.588235319, 0.741176486
vb0[185]+000 TEXCOORD2: 0.0509803928, 0.262745112, 0.588235319, 0.741176486
vb0[185]+000 TEXCOORD3: 0.0509803928, 0.262745112, 0.588235319, 0.741176486
vb0[185]+024 TANGENT: -0.893588722, -0.263655543, -0.363297224, -1

vb0[186]+000 POSITION: -0.0425253585, 0.68907249, 0.0681709647
vb0[186]+012 NORMAL: 0.111267433, 0.546739936, 0.829876363
vb0[186]+000 COLOR: 0.0705882385, 0.184313729, 0.180392161, 0.741176486
vb0[186]+000 TEXCOORD: 0.0705882385, 0.184313729, 0.180392161, 0.741176486
vb0[186]+000 TEXCOORD1: 0.0705882385, 0.184313729, 0.180392161, 0.741176486
vb0[186]+000 TEXCOORD2: 0.0705882385, 0.184313729, 0.180392161, 0.741176486
vb0[186]+000 TEXCOORD3: 0.0705882385, 0.184313729, 0.180392161, 0.741176486
vb0[186]+024 TANGENT: 0.516593635, -0.745192885, 0.421685308, -1

vb0[187]+000 POSITION: -0.0578858368, 0.655198812, 0.092547141
vb0[187]+012 NORMAL: -0.11266923, 0.429045171, 0.896228671
vb0[187]+000 COLOR: 0.701960802, 0.0980392173, 0.427450985, 0.741176486
vb0[187]+000 TEXCOORD: 0.701960802, 0.0980392173, 0.427450985, 0.741176486
vb0[187]+000 TEXCOORD1: 0.701960802, 0.0980392173, 0.427450985, 0.741176486
vb0[187]+000 TEXCOORD2: 0.701960802, 0.0980392173, 0.427450985, 0.741176486
vb0[187]+000 TEXCOORD3: 0.701960802, 0.0980392173, 0.427450985, 0.741176486
vb0[187]+024 TANGENT: 0.516593874, -0.745193124, 0.421684504, -1

vb0[188]+000 POSITION: -0.0282744635, 0.668515384, 0.0798037052
vb0[188]+012 NORMAL: 0.111267075, 0.546740055, 0.829876363
vb0[188]+000 COLOR: 0.850980401, 0.623529434, 0.905882359, 0.737254918
vb0[188]+000 TEXCOORD: 0.850980401, 0.623529434, 0.905882359, 0.737254918
vb0[188]+000 TEXCOORD1: 0.850980401, 0.623529434, 0.905882359, 0.737254918
vb0[188]+000 TEXCOORD2: 0.850980401, 0.623529434, 0.905882359, 0.737254918
vb0[188]+000 TEXCOORD3: 0.850980401, 0.623529434, 0.905882359, 0.737254918
vb0[188]+024 TANGENT: 0.516593516, -0.745192885, 0.421685666, -1

vb0[189]+000 POSITION: -0.0721366853, 0.675755858, 0.0809144676
vb0[189]+012 NORMAL: -0.112667881, 0.429046333, 0.896228254
vb0[189]+000 COLOR: 0.400000006, 0.737254918, 0.576470613, 0.741176486
vb0[189]+000 TEXCOORD: 0.400000006, 0.737254918, 0.576470613, 0.741176486
vb0[189]+000 TEXCOORD1: 0.400000006, 0.737254918, 0.576470613, 0.741176486
vb0[189]+000 TEXCOORD2: 0.400000006, 0.737254918, 0.576470613, 0.741176486
vb0[189]+000 TEXCOORD3: 0.400000006, 0.737254918, 0.576470613, 0.741176486
vb0[189]+024 TANGENT: 0.516593814, -0.745193005, 0.421684831, -1

vb0[190]+000 POSITION: -0.0966226161, 0.657038867, 0.0778353885
vb0[190]+012 NORMAL: -0.328898251, 0.282003254, 0.901276946
vb0[190]+000 COLOR: 0.0784313753, 0.886274517, 0.772549033, 0.741176486
vb0[190]+000 TEXCOORD: 0.0784313753, 0.886274517, 0.772549033, 0.741176486
vb0[190]+000 TEXCOORD1: 0.0784313753, 0.886274517, 0.772549033, 0.741176486
vb0[190]+000 TEXCOORD2: 0.0784313753, 0.886274517, 0.772549033, 0.741176486
vb0[190]+000 TEXCOORD3: 0.0784313753, 0.886274517, 0.772549033, 0.741176486
vb0[190]+024 TANGENT: 0.516594172, -0.745193362, 0.421683848, -1

vb0[191]+000 POSITION: -0.0823717117, 0.636481762, 0.0894680396
vb0[191]+012 NORMAL: -0.328898489, 0.282002062, 0.901277244
vb0[191]+000 COLOR: 0.501960814, 0.698039234, 0.65882355, 0.741176486
vb0[191]+000 TEXCOORD: 0.501960814, 0.698039234, 0.65882355, 0.741176486
vb0[191]+000 TEXCOORD1: 0.501960814, 0.698039234, 0.65882355, 0.741176486
vb0[191]+000 TEXCOORD2: 0.501960814, 0.698039234, 0.65882355, 0.741176486
vb0[191]+000 TEXCOORD3: 0.501960814, 0.698039234, 0.65882355, 0.741176486
vb0[191]+024 TANGENT: 0.51659447, -0.74519366, 0.421683043, -1

vb0[192]+000 POSITION: -0.000705322018, 0.717070162, -0.0922710523
vb0[192]+012 NORMAL: 0.922989547, 0.304637939, -0.235129759
vb0[192]+000 COLOR: 0.360784322, 0.898039222, 0.219607845, 0.729411781
vb0[192]+000 TEXCOORD: 0.360784322, 0.898039222, 0.219607845, 0.729411781
vb0[192]+000 TEXCOORD1: 0.360784322, 0.898039222, 0.219607845, 0.729411781
vb0[192]+000 TEXCOORD2: 0.360784322, 0.898039222, 0.219607845, 0.729411781
vb0[192]+000 TEXCOORD3: 0.360784322, 0.898039222, 0.219607845, 0.729411781
vb0[192]+024 TANGENT: -0.336377084, 0.935464561, -0.108427323, -1

vb0[193]+000 POSITION: 0.0206362139, 0.700411499, -0.0300791562
vb0[193]+012 NORMAL: 0.922989845, 0.304636627, -0.235130265
vb0[193]+000 COLOR: 0.278431386, 0.0509803928, 0.662745118, 0.235294119
vb0[193]+000 TEXCOORD: 0.278431386, 0.0509803928, 0.662745118, 0.235294119
vb0[193]+000 TEXCOORD1: 0.278431386, 0.0509803928, 0.662745118, 0.235294119
vb0[193]+000 TEXCOORD2: 0.278431386, 0.0509803928, 0.662745118, 0.235294119
vb0[193]+000 TEXCOORD3: 0.278431386, 0.0509803928, 0.662745118, 0.235294119
vb0[193]+024 TANGENT: -0.336375445, 0.935465276, -0.108425736, -1

vb0[194]+000 POSITION: 0.00857403968, 0.691264331, -0.0892799348
vb0[194]+012 NORMAL: 0.922989368, 0.304638863, -0.235129461
vb0[194]+000 COLOR: 0.129411772, 0.478431374, 0.0470588244, 0.235294119
vb0[194]+000 TEXCOORD: 0.129411772, 0.478431374, 0.0470588244, 0.235294119
vb0[194]+000 TEXCOORD1: 0.129411772, 0.478431374, 0.0470588244, 0.235294119
vb0[194]+000 TEXCOORD2: 0.129411772, 0.478431374, 0.0470588244, 0.235294119
vb0[194]+000 TEXCOORD3: 0.129411772, 0.478431374, 0.0470588244, 0.235294119
vb0[194]+024 TANGENT: -0.336378068, 0.935464144, -0.10842824, -1

vb0[195]+000 POSITION: 0.0113568576, 0.726217628, -0.0330702066
vb0[195]+012 NORMAL: 0.922990024, 0.304635704, -0.235130504
vb0[195]+000 COLOR: 0.113725491, 0.0705882385, 0.227450982, 0.235294119
vb0[195]+000 TEXCOORD: 0.113725491, 0.0705882385, 0.227450982, 0.235294119
vb0[195]+000 TEXCOORD1: 0.113725491, 0.0705882385, 0.227450982, 0.235294119
vb0[195]+000 TEXCOORD2: 0.113725491, 0.0705882385, 0.227450982, 0.235294119
vb0[195]+000 TEXCOORD3: 0.113725491, 0.0705882385, 0.227450982, 0.235294119
vb0[195]+024 TANGENT: -0.336374432, 0.935465813, -0.108424842, -1

vb0[196]+000 POSITION: 0.00115154497, 0.718060136, -0.0378762186
vb0[196]+012 NORMAL: 0.45009312, -0.421714544, -0.787129641
vb0[196]+000 COLOR: 0.43921569, 0.937254906, 0.588235319, 0.227450982
vb0[196]+000 TEXCOORD: 0.43921569, 0.937254906, 0.588235319, 0.227450982
vb0[196]+000 TEXCOORD1: 0.43921569, 0.937254906, 0.588235319, 0.227450982
vb0[196]+000 TEXCOORD2: 0.43921569, 0.937254906, 0.588235319, 0.227450982
vb0[196]+000 TEXCOORD3: 0.43921569, 0.937254906, 0.588235319, 0.227450982
vb0[196]+024 TANGENT: 0.769720018, -0.263652951, 0.581393361, -1

vb0[197]+000 POSITION: 0.0377112366, 0.738900185, -0.0281361379
vb0[197]+012 NORMAL: 0.502267718, -0.312013417, -0.806458116
vb0[197]+000 COLOR: 0.0980392173, 0.466666669, 0.101960786, 0.239215687
vb0[197]+000 TEXCOORD: 0.0980392173, 0.466666669, 0.101960786, 0.239215687
vb0[197]+000 TEXCOORD1: 0.0980392173, 0.466666669, 0.101960786, 0.239215687
vb0[197]+000 TEXCOORD2: 0.0980392173, 0.466666669, 0.101960786, 0.239215687
vb0[197]+000 TEXCOORD3: 0.0980392173, 0.466666669, 0.101960786, 0.239215687
vb0[197]+024 TANGENT: 0.769720137, -0.263653457, 0.581392884, -1

vb0[198]+000 POSITION: 0.0223851707, 0.710786939, -0.0218378007
vb0[198]+012 NORMAL: 0.45009315, -0.421714485, -0.7871297
vb0[198]+000 COLOR: 0.105882354, 0.380392164, 0.717647076, 0.235294119
vb0[198]+000 TEXCOORD: 0.105882354, 0.380392164, 0.717647076, 0.235294119
vb0[198]+000 TEXCOORD1: 0.105882354, 0.380392164, 0.717647076, 0.235294119
vb0[198]+000 TEXCOORD2: 0.105882354, 0.380392164, 0.717647076, 0.235294119
vb0[198]+000 TEXCOORD3: 0.105882354, 0.380392164, 0.717647076, 0.235294119
vb0[198]+024 TANGENT: 0.769719958, -0.26365307, 0.581393301, -1

vb0[199]+000 POSITION: 0.0164775923, 0.746173382, -0.0441745706
vb0[199]+012 NORMAL: 0.501585186, -0.313593805, -0.806269944
vb0[199]+000 COLOR: 0.0156862754, 0.988235295, 0.525490224, 0.235294119
vb0[199]+000 TEXCOORD: 0.0156862754, 0.988235295, 0.525490224, 0.235294119
vb0[199]+000 TEXCOORD1: 0.0156862754, 0.988235295, 0.525490224, 0.235294119
vb0[199]+000 TEXCOORD2: 0.0156862754, 0.988235295, 0.525490224, 0.235294119
vb0[199]+000 TEXCOORD3: 0.0156862754, 0.988235295, 0.525490224, 0.235294119
vb0[199]+024 TANGENT: 0.769720018, -0.263652861, 0.581393361, -1

vb0[200]+000 POSITION: 0.0267093312, 0.775406837, -0.0444635749
vb0[200]+012 NORMAL: 0.546267331, -0.199238539, -0.813569903
vb0[200]+000 COLOR: 0.529411793, 0.80392158, 0.854901969, 0.235294119
vb0[200]+000 TEXCOORD: 0.529411793, 0.80392158, 0.854901969, 0.235294119
vb0[200]+000 TEXCOORD1: 0.529411793, 0.80392158, 0.854901969, 0.235294119
vb0[200]+000 TEXCOORD2: 0.529411793, 0.80392158, 0.854901969, 0.235294119
vb0[200]+000 TEXCOORD3: 0.529411793, 0.80392158, 0.854901969, 0.235294119
vb0[200]+024 TANGENT: 0.769720435, -0.263654232, 0.581392229, -1

vb0[201]+000 POSITION: 0.0479430109, 0.768133581, -0.0284252018
vb0[201]+012 NORMAL: 0.5462659, -0.199239314, -0.813570619
vb0[201]+000 COLOR: 0.894117653, 0.372549027, 0.266666681, 0.239215687
vb0[201]+000 TEXCOORD: 0.894117653, 0.372549027, 0.266666681, 0.239215687
vb0[201]+000 TEXCOORD1: 0.894117653, 0.372549027, 0.266666681, 0.239215687
vb0[201]+000 TEXCOORD2: 0.894117653, 0.372549027, 0.266666681, 0.239215687
vb0[201]+000 TEXCOORD3: 0.894117653, 0.372549027, 0.266666681, 0.239215687
vb0[201]+024 TANGENT: 0.769720852, -0.263655424, 0.581391096, -1

vb0[202]+000 POSITION: 0.0174080394, 0.730361521, -0.0282105822
vb0[202]+012 NORMAL: 0.237196937, 0.485972166, -0.841170967
vb0[202]+000 COLOR: 0.305882365, 0.607843161, 0.556862772, 0.235294119
vb0[202]+000 TEXCOORD: 0.305882365, 0.607843161, 0.556862772, 0.235294119
vb0[202]+000 TEXCOORD1: 0.305882365, 0.607843161, 0.556862772, 0.235294119
vb0[202]+000 TEXCOORD2: 0.305882365, 0.607843161, 0.556862772, 0.235294119
vb0[202]+000 TEXCOORD3: 0.305882365, 0.607843161, 0.556862772, 0.235294119
vb0[202]+024 TANGENT: -0.390416354, -0.745192647, -0.540613651, -1

vb0[203]+000 POSITION: 0.0403352194, 0.696487844, -0.0413154103
vb0[203]+012 NORMAL: 0.395178437, 0.394718617, -0.829476535
vb0[203]+000 COLOR: 0.545098066, 0.211764708, 0.145098045, 0.239215687
vb0[203]+000 TEXCOORD: 0.545098066, 0.211764708, 0.145098045, 0.239215687
vb0[203]+000 TEXCOORD1: 0.545098066, 0.211764708, 0.145098045, 0.239215687
vb0[203]+000 TEXCOORD2: 0.545098066, 0.211764708, 0.145098045, 0.239215687
vb0[203]+000 TEXCOORD3: 0.545098066, 0.211764708, 0.145098045, 0.239215687
vb0[203]+024 TANGENT: -0.390416682, -0.745192945, -0.540612936, -1

vb0[204]+000 POSITION: 0.00663789967, 0.709804416, -0.0431241058
vb0[204]+012 NORMAL: 0.237197116, 0.485972226, -0.841170907
vb0[204]+000 COLOR: 0.741176486, 0.509803951, 0.850980401, 0.23137255
vb0[204]+000 TEXCOORD: 0.741176486, 0.509803951, 0.850980401, 0.23137255
vb0[204]+000 TEXCOORD1: 0.741176486, 0.509803951, 0.850980401, 0.23137255
vb0[204]+000 TEXCOORD2: 0.741176486, 0.509803951, 0.850980401, 0.23137255
vb0[204]+000 TEXCOORD3: 0.741176486, 0.509803951, 0.850980401, 0.23137255
vb0[204]+024 TANGENT: -0.390416354, -0.745192468, -0.540613651, -1

vb0[205]+000 POSITION: 0.0511053167, 0.71704489, -0.0264019556
vb0[205]+012 NORMAL: 0.406991184, 0.387017339, -0.827390909
vb0[205]+000 COLOR: 0.811764717, 0.325490206, 0.31764707, 0.239215687
vb0[205]+000 TEXCOORD: 0.811764717, 0.325490206, 0.31764707, 0.239215687
vb0[205]+000 TEXCOORD1: 0.811764717, 0.325490206, 0.31764707, 0.239215687
vb0[205]+000 TEXCOORD2: 0.811764717, 0.325490206, 0.31764707, 0.239215687
vb0[205]+000 TEXCOORD3: 0.811764717, 0.325490206, 0.31764707, 0.239215687
vb0[205]+024 TANGENT: -0.390416414, -0.745192766, -0.540613413, -1

vb0[206]+000 POSITION: 0.0739697218, 0.698327899, -0.0171142723
vb0[206]+012 NORMAL: 0.55013746, 0.28200385, -0.786016881
vb0[206]+000 COLOR: 0.43921569, 0.490196079, 0.592156887, 0.239215687
vb0[206]+000 TEXCOORD: 0.43921569, 0.490196079, 0.592156887, 0.239215687
vb0[206]+000 TEXCOORD1: 0.43921569, 0.490196079, 0.592156887, 0.239215687
vb0[206]+000 TEXCOORD2: 0.43921569, 0.490196079, 0.592156887, 0.239215687
vb0[206]+000 TEXCOORD3: 0.43921569, 0.490196079, 0.592156887, 0.239215687
vb0[206]+024 TANGENT: -0.39041698, -0.745193243, -0.54061234, -1

vb0[207]+000 POSITION: 0.0631995723, 0.677770853, -0.0320277102
vb0[207]+012 NORMAL: 0.550137758, 0.282002419, -0.786017179
vb0[207]+000 COLOR: 0.78039217, 0.431372553, 0.505882382, 0.239215687
vb0[207]+000 TEXCOORD: 0.78039217, 0.431372553, 0.505882382, 0.239215687
vb0[207]+000 TEXCOORD1: 0.78039217, 0.431372553, 0.505882382, 0.239215687
vb0[207]+000 TEXCOORD2: 0.78039217, 0.431372553, 0.505882382, 0.239215687
vb0[207]+000 TEXCOORD3: 0.78039217, 0.431372553, 0.505882382, 0.239215687
vb0[207]+024 TANGENT: -0.390417457, -0.74519366, -0.540611327, -1

vb0[208]+000 POSITION: -0.0154748354, 0.566586852, 0.0053175115
vb0[208]+012 NORMAL: -0.528232813, -0.639721453, 0.558324754
vb0[208]+000 COLOR: 0.164705887, 0.541176498, 0.490196079, 0.737254918
vb0[208]+000 TEXCOORD: 0.164705887, 0.541176498, 0.490196079, 0.737254918
vb0[208]+000 TEXCOORD1: 0.164705887, 0.541176498, 0.490196079, 0.737254918
vb0[208]+000 TEXCOORD2: 0.164705887, 0.541176498, 0.490196079, 0.737254918
vb0[208]+000 TEXCOORD3: 0.164705887, 0.541176498, 0.490196079, 0.737254918
vb0[208]+024 TANGENT: -0.715315402, -0.0190096758, -0.698543131, -1

vb0[209]+000 POSITION: 0.00848573819, 0.575198352, 0.0101318788
vb0[209]+012 NORMAL: 0.714735329, 0.0457226783, 0.697898746
vb0[209]+000 COLOR: 0.768627465, 0.0274509806, 0.0431372561, 0.235294119
vb0[209]+000 TEXCOORD: 0.768627465, 0.0274509806, 0.0431372561, 0.235294119
vb0[209]+000 TEXCOORD1: 0.768627465, 0.0274509806, 0.0431372561, 0.235294119
vb0[209]+000 TEXCOORD2: 0.768627465, 0.0274509806, 0.0431372561, 0.235294119
vb0[209]+000 TEXCOORD3: 0.768627465, 0.0274509806, 0.0431372561, 0.235294119
vb0[209]+024 TANGENT: -0.69939512, 0.04672876, 0.713206172, -1

vb0[210]+000 POSITION: -0.0208567288, 0.575198412, 0.0101318788
vb0[210]+012 NORMAL: -0.714116335, 0.0448527709, 0.698588669
vb0[210]+000 COLOR: 0.733333349, 0.858823538, 0.666666687, 0.737254918
vb0[210]+000 TEXCOORD: 0.733333349, 0.858823538, 0.666666687, 0.737254918
vb0[210]+000 TEXCOORD1: 0.733333349, 0.858823538, 0.666666687, 0.737254918
vb0[210]+000 TEXCOORD2: 0.733333349, 0.858823538, 0.666666687, 0.737254918
vb0[210]+000 TEXCOORD3: 0.733333349, 0.858823538, 0.666666687, 0.737254918
vb0[210]+024 TANGENT: -0.699456513, -0.00543451076, -0.714654505, -1

vb0[211]+000 POSITION: 0.00310384505, 0.566586733, 0.0053175115
vb0[211]+012 NORMAL: 0.528232336, -0.639721632, 0.558325052
vb0[211]+000 COLOR: 0.882352948, 0.411764711, 0.294117659, 0.23137255
vb0[211]+000 TEXCOORD: 0.882352948, 0.411764711, 0.294117659, 0.23137255
vb0[211]+000 TEXCOORD1: 0.882352948, 0.411764711, 0.294117659, 0.23137255
vb0[211]+000 TEXCOORD2: 0.882352948, 0.411764711, 0.294117659, 0.23137255
vb0[211]+000 TEXCOORD3: 0.882352948, 0.411764711, 0.294117659, 0.23137255
vb0[211]+024 TANGENT: -0.849099815, -0.397974193, 0.34734121, -1

vb0[212]+000 POSITION: -0.0208567288, 0.574896157, -0.0161163919
vb0[212]+012 NORMAL: -0.715412498, 0.0348020643, -0.697835088
vb0[212]+000 COLOR: 0.733333349, 0.858823538, 0.666666687, 0.737254918
vb0[212]+000 TEXCOORD: 0.733333349, 0.858823538, 0.666666687, 0.737254918
vb0[212]+000 TEXCOORD1: 0.733333349, 0.858823538, 0.666666687, 0.737254918
vb0[212]+000 TEXCOORD2: 0.733333349, 0.858823538, 0.666666687, 0.737254918
vb0[212]+000 TEXCOORD3: 0.733333349, 0.858823538, 0.666666687, 0.737254918
vb0[212]+024 TANGENT: 0.697946787, -0.0108408313, -0.716067672, -1

vb0[213]+000 POSITION: -0.0154748354, 0.566204071, -0.0113020251
vb0[213]+012 NORMAL: -0.531072795, -0.63779664, -0.557832599
vb0[213]+000 COLOR: 0.164705887, 0.541176498, 0.490196079, 0.737254918
vb0[213]+000 TEXCOORD: 0.164705887, 0.541176498, 0.490196079, 0.737254918
vb0[213]+000 TEXCOORD1: 0.164705887, 0.541176498, 0.490196079, 0.737254918
vb0[213]+000 TEXCOORD2: 0.164705887, 0.541176498, 0.490196079, 0.737254918
vb0[213]+000 TEXCOORD3: 0.164705887, 0.541176498, 0.490196079, 0.737254918
vb0[213]+024 TANGENT: 0.723311901, 0.00166659383, -0.690519452, -1

vb0[214]+000 POSITION: 0.00310384505, 0.566204011, -0.0113020251
vb0[214]+012 NORMAL: 0.531072259, -0.63779676, -0.557832837
vb0[214]+000 COLOR: 0.882352948, 0.411764711, 0.294117659, 0.23137255
vb0[214]+000 TEXCOORD: 0.882352948, 0.411764711, 0.294117659, 0.23137255
vb0[214]+000 TEXCOORD1: 0.882352948, 0.411764711, 0.294117659, 0.23137255
vb0[214]+000 TEXCOORD2: 0.882352948, 0.411764711, 0.294117659, 0.23137255
vb0[214]+000 TEXCOORD3: 0.882352948, 0.411764711, 0.294117659, 0.23137255
vb0[214]+024 TANGENT: 0.72331053, -0.00167004322, 0.690521002, -1

vb0[215]+000 POSITION: 0.00848573819, 0.574896097, -0.0161163919
vb0[215]+012 NORMAL: 0.716012776, 0.0356592834, -0.69717586
vb0[215]+000 COLOR: 0.768627465, 0.0274509806, 0.0431372561, 0.235294119
vb0[215]+000 TEXCOORD: 0.768627465, 0.0274509806, 0.0431372561, 0.235294119
vb0[215]+000 TEXCOORD1: 0.768627465, 0.0274509806, 0.0431372561, 0.235294119
vb0[215]+000 TEXCOORD2: 0.768627465, 0.0274509806, 0.0431372561, 0.235294119
vb0[215]+000 TEXCOORD3: 0.768627465, 0.0274509806, 0.0431372561, 0.235294119
vb0[215]+024 TANGENT: 0.697387278, 0.00817445014, 0.716647923, -1

vb0[216]+000 POSITION: 0.00310384505, 0.566586733, 0.0053175115
vb0[216]+012 NORMAL: 0.528232336, -0.639721632, 0.558325052
vb0[216]+000 COLOR: 0.882352948, 0.411764711, 0.294117659, 0.23137255
vb0[216]+000 TEXCOORD: 0.882352948, 0.411764711, 0.294117659, 0.23137255
vb0[216]+000 TEXCOORD1: 0.882352948, 0.411764711, 0.294117659, 0.23137255
vb0[216]+000 TEXCOORD2: 0.882352948, 0.411764711, 0.294117659, 0.23137255
vb0[216]+000 TEXCOORD3: 0.882352948, 0.411764711, 0.294117659, 0.23137255
vb0[216]+024 TANGENT: -0.346977234, 0.437512577, 0.829571903, -1

vb0[217]+000 POSITION: 0.00848573819, 0.575198352, 0.0101318788
vb0[217]+012 NORMAL: 0.714735329, 0.0457226783, 0.697898746
vb0[217]+000 COLOR: 0.768627465, 0.0274509806, 0.0431372561, 0.235294119
vb0[217]+000 TEXCOORD: 0.768627465, 0.0274509806, 0.0431372561, 0.235294119
vb0[217]+000 TEXCOORD1: 0.768627465, 0.0274509806, 0.0431372561, 0.235294119
vb0[217]+000 TEXCOORD2: 0.768627465, 0.0274509806, 0.0431372561, 0.235294119
vb0[217]+000 TEXCOORD3: 0.768627465, 0.0274509806, 0.0431372561, 0.235294119
vb0[217]+024 TANGENT: -0.697410345, -0.0285254586, 0.71610415, -1

vb0[218]+000 POSITION: -0.0153976558, 0.582181871, 0.00524847256
vb0[218]+012 NORMAL: -0.471395373, 0.722330093, 0.505989671
vb0[218]+000 COLOR: 0.450980395, 0.274509817, 0.486274511, 0.737254918
vb0[218]+000 TEXCOORD: 0.450980395, 0.274509817, 0.486274511, 0.737254918
vb0[218]+000 TEXCOORD1: 0.450980395, 0.274509817, 0.486274511, 0.737254918
vb0[218]+000 TEXCOORD2: 0.450980395, 0.274509817, 0.486274511, 0.737254918
vb0[218]+000 TEXCOORD3: 0.450980395, 0.274509817, 0.486274511, 0.737254918
vb0[218]+024 TANGENT: -0.72016263, 0.0158995558, -0.693623006, -1

vb0[219]+000 POSITION: 0.00302666472, 0.582181871, 0.00524847256
vb0[219]+012 NORMAL: 0.475385547, 0.72106564, 0.504056454
vb0[219]+000 COLOR: 0.00784313772, 0.356862754, 0.274509817, 0.23137255
vb0[219]+000 TEXCOORD: 0.00784313772, 0.356862754, 0.274509817, 0.23137255
vb0[219]+000 TEXCOORD1: 0.00784313772, 0.356862754, 0.274509817, 0.23137255
vb0[219]+000 TEXCOORD2: 0.00784313772, 0.356862754, 0.274509817, 0.23137255
vb0[219]+000 TEXCOORD3: 0.00784313772, 0.356862754, 0.274509817, 0.23137255
vb0[219]+024 TANGENT: -0.87977761, 0.389626056, 0.27236563, -1

vb0[220]+000 POSITION: -0.0153976558, 0.582181871, -0.0112329843
vb0[220]+012 NORMAL: -0.478512943, 0.708836317, -0.51824367
vb0[220]+000 COLOR: 0.450980395, 0.274509817, 0.486274511, 0.737254918
vb0[220]+000 TEXCOORD: 0.450980395, 0.274509817, 0.486274511, 0.737254918
vb0[220]+000 TEXCOORD1: 0.450980395, 0.274509817, 0.486274511, 0.737254918
vb0[220]+000 TEXCOORD2: 0.450980395, 0.274509817, 0.486274511, 0.737254918
vb0[220]+000 TEXCOORD3: 0.450980395, 0.274509817, 0.486274511, 0.737254918
vb0[220]+024 TANGENT: 0.71958065, -0.0216819327, -0.69407028, -1

vb0[221]+000 POSITION: 0.00302666472, 0.582181871, -0.0112329843
vb0[221]+012 NORMAL: 0.482415199, 0.707563996, -0.516361058
vb0[221]+000 COLOR: 0.00784313772, 0.356862754, 0.274509817, 0.23137255
vb0[221]+000 TEXCOORD: 0.00784313772, 0.356862754, 0.274509817, 0.23137255
vb0[221]+000 TEXCOORD1: 0.00784313772, 0.356862754, 0.274509817, 0.23137255
vb0[221]+000 TEXCOORD2: 0.00784313772, 0.356862754, 0.274509817, 0.23137255
vb0[221]+000 TEXCOORD3: 0.00784313772, 0.356862754, 0.274509817, 0.23137255
vb0[221]+024 TANGENT: 0.71998018, 0.0154524622, 0.693822563, -1

vb0[222]+000 POSITION: 0.00302666472, 0.582181871, 0.00524847256
vb0[222]+012 NORMAL: 0.475385547, 0.72106564, 0.504056454
vb0[222]+000 COLOR: 0.00784313772, 0.356862754, 0.274509817, 0.23137255
vb0[222]+000 TEXCOORD: 0.00784313772, 0.356862754, 0.274509817, 0.23137255
vb0[222]+000 TEXCOORD1: 0.00784313772, 0.356862754, 0.274509817, 0.23137255
vb0[222]+000 TEXCOORD2: 0.00784313772, 0.356862754, 0.274509817, 0.23137255
vb0[222]+000 TEXCOORD3: 0.00784313772, 0.356862754, 0.274509817, 0.23137255
vb0[222]+024 TANGENT: -0.282265097, -0.417641252, 0.863656282, -1

vb0[223]+000 POSITION: -0.0360312723, 0.63335675, 0.0125348801
vb0[223]+012 NORMAL: -0.440822244, -0.150642946, 0.884862959
vb0[223]+000 COLOR: 0.529411793, 0.58431375, 0.0745098069, 0.741176486
vb0[223]+000 TEXCOORD: 0.529411793, 0.58431375, 0.0745098069, 0.741176486
vb0[223]+000 TEXCOORD1: 0.529411793, 0.58431375, 0.0745098069, 0.741176486
vb0[223]+000 TEXCOORD2: 0.529411793, 0.58431375, 0.0745098069, 0.741176486
vb0[223]+000 TEXCOORD3: 0.529411793, 0.58431375, 0.0745098069, 0.741176486
vb0[223]+024 TANGENT: -0.897542775, 0.0634044781, -0.436344892, -1

vb0[224]+000 POSITION: -0.0122493599, 0.670127332, 0.0306425653
vb0[224]+012 NORMAL: -0.437844127, -0.0113499528, 0.898979306
vb0[224]+000 COLOR: 0.541176498, 0.694117665, 0.282352954, 0.737254918
vb0[224]+000 TEXCOORD: 0.541176498, 0.694117665, 0.282352954, 0.737254918
vb0[224]+000 TEXCOORD1: 0.541176498, 0.694117665, 0.282352954, 0.737254918
vb0[224]+000 TEXCOORD2: 0.541176498, 0.694117665, 0.282352954, 0.737254918
vb0[224]+000 TEXCOORD3: 0.541176498, 0.694117665, 0.282352954, 0.737254918
vb0[224]+024 TANGENT: -0.897543252, 0.0634028763, -0.436344147, -1

vb0[225]+000 POSITION: -0.0404991806, 0.672122836, 0.0169088319
vb0[225]+012 NORMAL: -0.436056584, 0.0190143306, 0.899718404
vb0[225]+000 COLOR: 0.470588237, 0.886274517, 0.145098045, 0.741176486
vb0[225]+000 TEXCOORD: 0.470588237, 0.886274517, 0.145098045, 0.741176486
vb0[225]+000 TEXCOORD1: 0.470588237, 0.886274517, 0.145098045, 0.741176486
vb0[225]+000 TEXCOORD2: 0.470588237, 0.886274517, 0.145098045, 0.741176486
vb0[225]+000 TEXCOORD3: 0.470588237, 0.886274517, 0.145098045, 0.741176486
vb0[225]+024 TANGENT: -0.897543907, 0.0634029359, -0.436342627, -1

vb0[226]+000 POSITION: -0.00778150791, 0.631361067, 0.0262686834
vb0[226]+012 NORMAL: -0.440823615, -0.150641844, 0.884862483
vb0[226]+000 COLOR: 0.0196078438, 0.988235295, 0.996078432, 0.733333349
vb0[226]+000 TEXCOORD: 0.0196078438, 0.988235295, 0.996078432, 0.733333349
vb0[226]+000 TEXCOORD1: 0.0196078438, 0.988235295, 0.996078432, 0.733333349
vb0[226]+000 TEXCOORD2: 0.0196078438, 0.988235295, 0.996078432, 0.733333349
vb0[226]+000 TEXCOORD3: 0.0196078438, 0.988235295, 0.996078432, 0.733333349
vb0[226]+024 TANGENT: -0.897542119, 0.0634065196, -0.436345875, -1

vb0[227]+000 POSITION: -0.0137900207, 0.704421163, 0.0238058772
vb0[227]+012 NORMAL: -0.422565103, 0.15889892, 0.892294705
vb0[227]+000 COLOR: 0.541176498, 0.937254906, 0.380392164, 0.737254918
vb0[227]+000 TEXCOORD: 0.541176498, 0.937254906, 0.380392164, 0.737254918
vb0[227]+000 TEXCOORD1: 0.541176498, 0.937254906, 0.380392164, 0.737254918
vb0[227]+000 TEXCOORD2: 0.541176498, 0.937254906, 0.380392164, 0.737254918
vb0[227]+000 TEXCOORD3: 0.541176498, 0.937254906, 0.380392164, 0.737254918
vb0[227]+024 TANGENT: -0.897544146, 0.0634042397, -0.436342061, -1

vb0[228]+000 POSITION: -0.0420399085, 0.706416845, 0.0100722108
vb0[228]+012 NORMAL: -0.422563791, 0.158897653, 0.892295659
vb0[228]+000 COLOR: 0.0392156877, 0.196078435, 0.172549024, 0.741176486
vb0[228]+000 TEXCOORD: 0.0392156877, 0.196078435, 0.172549024, 0.741176486
vb0[228]+000 TEXCOORD1: 0.0392156877, 0.196078435, 0.172549024, 0.741176486
vb0[228]+000 TEXCOORD2: 0.0392156877, 0.196078435, 0.172549024, 0.741176486
vb0[228]+000 TEXCOORD3: 0.0392156877, 0.196078435, 0.172549024, 0.741176486
vb0[228]+024 TANGENT: -0.897544622, 0.0634064376, -0.436340719, -1
