stride: 40
first vertex: 0
vertex count: 290
topology: pointlist
element[0]:
  SemanticName: POSITION
  SemanticIndex: 0
  Format: R32G32B32_FLOAT
  InputSlot: 0
  AlignedByteOffset: 0
  InputSlotClass: per-vertex
  InstanceDataStepRate: 0
element[1]:
  SemanticName: NORMAL
  SemanticIndex: 0
  Format: R32G32B32_FLOAT
  InputSlot: 0
  AlignedByteOffset: 12
  InputSlotClass: per-vertex
  InstanceDataStepRate: 0
element[2]:
  SemanticName: COLOR
  SemanticIndex: 0
  Format: R8G8B8A8_UNORM
  InputSlot: 0
  AlignedByteOffset: 0
  InputSlotClass: per-vertex
  InstanceDataStepRate: 0
element[3]:
  SemanticName: TEXCOORD
  SemanticIndex: 0
  Format: R8G8B8A8_UNORM
  InputSlot: 0
  AlignedByteOffset: 0
  InputSlotClass: per-vertex
  InstanceDataStepRate: 0
element[4]:
  SemanticName: TEXCOORD
  SemanticIndex: 1
  Format: R8G8B8A8_UNORM
  InputSlot: 0
  AlignedByteOffset: 0
  InputSlotClass: per-vertex
  InstanceDataStepRate: 0
element[5]:
  SemanticName: TEXCOORD
  SemanticIndex: 2
  Format: R8G8B8A8_UNORM
  InputSlot: 0
  AlignedByteOffset: 0
  InputSlotClass: per-vertex
  InstanceDataStepRate: 0
element[6]:
  SemanticName: TEXCOORD
  SemanticIndex: 3
  Format: R8G8B8A8_UNORM
  InputSlot: 0
  AlignedByteOffset: 0
  InputSlotClass: per-vertex
  InstanceDataStepRate: 0
element[7]:
  SemanticName: TANGENT
  SemanticIndex: 0
  Format: R32G32B32A32_FLOAT
  InputSlot: 0
  AlignedByteOffset: 24
  InputSlotClass: per-vertex
  InstanceDataStepRate: 0
element[8]:
  SemanticName: BLENDWEIGHT
  SemanticIndex: 0
  Format: R32G32B32A32_FLOAT
  InputSlot: 1
  AlignedByteOffset: 0
  InputSlotClass: per-vertex
  InstanceDataStepRate: 0
element[9]:
  SemanticName: BLENDINDICES
  SemanticIndex: 0
  Format: R32G32B32A32_SINT
  InputSlot: 1
  AlignedByteOffset: 16
  InputSlotClass: per-vertex
  InstanceDataStepRate: 0

vertex-data:

vb0[0]+000 POSITION: 0, 1.43986535, 0.121237658
vb0[0]+012 NORMAL: 0.0172319096, 0.109463856, 0.99384141
vb0[0]+000 COLOR: 0, 0, 0, 0
vb0[0]+000 TEXCOORD: 0, 0, 0, 0
vb0[0]+000 TEXCOORD1: 0, 0, 0, 0
vb0[0]+000 TEXCOORD2: 0, 0, 0, 0
vb0[0]+000 TEXCOORD3: 0, 0, 0, 0
vb0[0]+024 TANGENT: 0, 0.160444364, 0.987044871, -1

vb0[1]+000 POSITION: 0.009220073, 1.43986619, 0.120493487
vb0[1]+012 NORMAL: 0.138941586, 0.108624347, 0.984325171
vb0[1]+000 COLOR: 0.792156875, 0.0588235296, 0.0901960805, 0.235294119
vb0[1]+000 TEXCOORD: 0.792156875, 0.0588235296, 0.0901960805, 0.235294119
vb0[1]+000 TEXCOORD1: 0.792156875, 0.0588235296, 0.0901960805, 0.235294119
vb0[1]+000 TEXCOORD2: 0.792156875, 0.0588235296, 0.0901960805, 0.235294119
vb0[1]+000 TEXCOORD3: 0.792156875, 0.0588235296, 0.0901960805, 0.235294119
vb0[1]+024 TANGENT: 0.139560506, 0.17310524, 0.974965274, -1

vb0[2]+000 POSITION: 0, 1.45045483, 0.118492141
vb0[2]+012 NORMAL: 0.0201538019, 0.121744655, 0.992356777
vb0[2]+000 COLOR: 0, 0, 0, 0
vb0[2]+000 TEXCOORD: 0, 0, 0, 0
vb0[2]+000 TEXCOORD1: 0, 0, 0, 0
vb0[2]+000 TEXCOORD2: 0, 0, 0, 0
vb0[2]+000 TEXCOORD3: 0, 0, 0, 0
vb0[2]+024 TANGENT: 0, 0.273162246, 0.961968005, -1

vb0[3]+000 POSITION: 0, 1.42817414, 0.122058764
vb0[3]+012 NORMAL: -0.0181050207, 0.0911615044, 0.995671511
vb0[3]+000 COLOR: 0, 0, 0, 0
vb0[3]+000 TEXCOORD: 0, 0, 0, 0
vb0[3]+000 TEXCOORD1: 0, 0, 0, 0
vb0[3]+000 TEXCOORD2: 0, 0, 0, 0
vb0[3]+000 TEXCOORD3: 0, 0, 0, 0
vb0[3]+024 TANGENT: 0, 0.00750172138, 0.999971867, -1

vb0[4]+000 POSITION: 0.0117085017, 1.45045376, 0.116947375
vb0[4]+012 NORMAL: 0.175819144, 0.119989, 0.977082491
vb0[4]+000 COLOR: 0.0156862754, 0.835294127, 0.247058824, 0.235294119
vb0[4]+000 TEXCOORD: 0.0156862754, 0.835294127, 0.247058824, 0.235294119
vb0[4]+000 TEXCOORD1: 0.0156862754, 0.835294127, 0.247058824, 0.235294119
vb0[4]+000 TEXCOORD2: 0.0156862754, 0.835294127, 0.247058824, 0.235294119
vb0[4]+000 TEXCOORD3: 0.0156862754, 0.835294127, 0.247058824, 0.235294119
vb0[4]+024 TANGENT: 0.195414573, 0.291344076, 0.936446369, -1

vb0[5]+000 POSITION: 0.0177764334, 1.4398669, 0.118695199
vb0[5]+012 NORMAL: 0.252600223, 0.106136188, 0.961731851
vb0[5]+000 COLOR: 0.886274517, 0.623529434, 0.568627477, 0.235294119
vb0[5]+000 TEXCOORD: 0.886274517, 0.623529434, 0.568627477, 0.235294119
vb0[5]+000 TEXCOORD1: 0.886274517, 0.623529434, 0.568627477, 0.235294119
vb0[5]+000 TEXCOORD2: 0.886274517, 0.623529434, 0.568627477, 0.235294119
vb0[5]+000 TEXCOORD3: 0.886274517, 0.623529434, 0.568627477, 0.235294119
vb0[5]+024 TANGENT: 0.230414137, 0.206466794, 0.950936794, -1

vb0[6]+000 POSITION: 0.0251842849, 1.45045424, 0.112893686
vb0[6]+012 NORMAL: 0.39290449, 0.112262994, 0.912700951
vb0[6]+000 COLOR: 0.274509817, 0.309803933, 0.807843149, 0.235294119
vb0[6]+000 TEXCOORD: 0.274509817, 0.309803933, 0.807843149, 0.235294119
vb0[6]+000 TEXCOORD1: 0.274509817, 0.309803933, 0.807843149, 0.235294119
vb0[6]+000 TEXCOORD2: 0.274509817, 0.309803933, 0.807843149, 0.235294119
vb0[6]+000 TEXCOORD3: 0.274509817, 0.309803933, 0.807843149, 0.235294119
vb0[6]+024 TANGENT: 0.322164118, 0.324474722, 0.88934046, -1

vb0[7]+000 POSITION: 0.017848378, 1.42816901, 0.119845904
vb0[7]+012 NORMAL: 0.253686309, 0.0885560885, 0.963224351
vb0[7]+000 COLOR: 0.764705896, 0.211764708, 0.572549045, 0.235294119
vb0[7]+000 TEXCOORD: 0.764705896, 0.211764708, 0.572549045, 0.235294119
vb0[7]+000 TEXCOORD1: 0.764705896, 0.211764708, 0.572549045, 0.235294119
vb0[7]+000 TEXCOORD2: 0.764705896, 0.211764708, 0.572549045, 0.235294119
vb0[7]+000 TEXCOORD3: 0.764705896, 0.211764708, 0.572549045, 0.235294119
vb0[7]+024 TANGENT: 0.180428758, 0.0257434864, 0.983251154, -1

vb0[8]+000 POSITION: 0.0261880513, 1.4398675, 0.116415076
vb0[8]+012 NORMAL: 0.391337782, 0.101992913, 0.914577603
vb0[8]+000 COLOR: 0.325490206, 0.533333361, 0.839215696, 0.235294119
vb0[8]+000 TEXCOORD: 0.325490206, 0.533333361, 0.839215696, 0.235294119
vb0[8]+000 TEXCOORD1: 0.325490206, 0.533333361, 0.839215696, 0.235294119
vb0[8]+000 TEXCOORD2: 0.325490206, 0.533333361, 0.839215696, 0.235294119
vb0[8]+000 TEXCOORD3: 0.325490206, 0.533333361, 0.839215696, 0.235294119
vb0[8]+024 TANGENT: 0.316894114, 0.249266759, 0.915119767, -1

vb0[9]+000 POSITION: 0.0349906348, 1.43986833, 0.112381987
vb0[9]+012 NORMAL: 0.504646659, 0.0954332948, 0.858035028
vb0[9]+000 COLOR: 0.34117648, 0.321568638, 0.0588235296, 0.239215687
vb0[9]+000 TEXCOORD: 0.34117648, 0.321568638, 0.0588235296, 0.239215687
vb0[9]+000 TEXCOORD1: 0.34117648, 0.321568638, 0.0588235296, 0.239215687
vb0[9]+000 TEXCOORD2: 0.34117648, 0.321568638, 0.0588235296, 0.239215687
vb0[9]+000 TEXCOORD3: 0.34117648, 0.321568638, 0.0588235296, 0.239215687
vb0[9]+024 TANGENT: 0.451454222, 0.314083815, 0.835188866, -1

vb0[10]+000 POSITION: 0.0356723517, 1.42817414, 0.115195975
vb0[10]+012 NORMAL: 0.503733397, 0.0801581293, 0.860132098
vb0[10]+000 COLOR: 0.172549024, 0.113725491, 0.0705882385, 0.239215687
vb0[10]+000 TEXCOORD: 0.172549024, 0.113725491, 0.0705882385, 0.239215687
vb0[10]+000 TEXCOORD1: 0.172549024, 0.113725491, 0.0705882385, 0.239215687
vb0[10]+000 TEXCOORD2: 0.172549024, 0.113725491, 0.0705882385, 0.239215687
vb0[10]+000 TEXCOORD3: 0.172549024, 0.113725491, 0.0705882385, 0.239215687
vb0[10]+024 TANGENT: 0.357191116, 0.0873671621, 0.92993623, -1

vb0[11]+000 POSITION: 0.0265880395, 1.42817163, 0.118095987
vb0[11]+012 NORMAL: 0.393392801, 0.0843779519, 0.91549027
vb0[11]+000 COLOR: 0.160784319, 0.811764717, 0.850980401, 0.235294119
vb0[11]+000 TEXCOORD: 0.160784319, 0.811764717, 0.850980401, 0.235294119
vb0[11]+000 TEXCOORD1: 0.160784319, 0.811764717, 0.850980401, 0.235294119
vb0[11]+000 TEXCOORD2: 0.160784319, 0.811764717, 0.850980401, 0.235294119
vb0[11]+000 TEXCOORD3: 0.160784319, 0.811764717, 0.850980401, 0.235294119
vb0[11]+024 TANGENT: 0.257939786, 0.0467587747, 0.965028882, -1

vb0[12]+000 POSITION: 0.0179868452, 1.41772747, 0.119495235
vb0[12]+012 NORMAL: 0.258095741, 0.069656834, 0.963604927
vb0[12]+000 COLOR: 0.149019614, 0.349019617, 0.576470613, 0.235294119
vb0[12]+000 TEXCOORD: 0.149019614, 0.349019617, 0.576470613, 0.235294119
vb0[12]+000 TEXCOORD1: 0.149019614, 0.349019617, 0.576470613, 0.235294119
vb0[12]+000 TEXCOORD2: 0.149019614, 0.349019617, 0.576470613, 0.235294119
vb0[12]+000 TEXCOORD3: 0.149019614, 0.349019617, 0.576470613, 0.235294119
vb0[12]+024 TANGENT: 0.172204673, -0.0595334806, 0.983260572, -1

vb0[13]+000 POSITION: 0.00897342153, 1.41774774, 0.120769843
vb0[13]+012 NORMAL: 0.139752239, 0.0714070871, 0.987608373
vb0[13]+000 COLOR: 0.258823544, 0.0196078438, 0.0745098069, 0.235294119
vb0[13]+000 TEXCOORD: 0.258823544, 0.0196078438, 0.0745098069, 0.235294119
vb0[13]+000 TEXCOORD1: 0.258823544, 0.0196078438, 0.0745098069, 0.235294119
vb0[13]+000 TEXCOORD2: 0.258823544, 0.0196078438, 0.0745098069, 0.235294119
vb0[13]+000 TEXCOORD3: 0.258823544, 0.0196078438, 0.0745098069, 0.235294119
vb0[13]+024 TANGENT: 0.112659805, -0.0696504042, 0.99118948, -1

vb0[14]+000 POSITION: 0.00894768722, 1.40820038, 0.119863681
vb0[14]+012 NORMAL: 0.142179072, 0.0468056053, 0.988733768
vb0[14]+000 COLOR: 0.321568638, 0.600000024, 0.0705882385, 0.235294119
vb0[14]+000 TEXCOORD: 0.321568638, 0.600000024, 0.0705882385, 0.235294119
vb0[14]+000 TEXCOORD1: 0.321568638, 0.600000024, 0.0705882385, 0.235294119
vb0[14]+000 TEXCOORD2: 0.321568638, 0.600000024, 0.0705882385, 0.235294119
vb0[14]+000 TEXCOORD3: 0.321568638, 0.600000024, 0.0705882385, 0.235294119
vb0[14]+024 TANGENT: 0.0986405015, -0.0842055157, 0.991554081, -1

vb0[15]+000 POSITION: 0.0322626941, 1.44632697, 0.111007012
vb0[15]+012 NORMAL: 0.480076462, 0.10544385, 0.870866239
vb0[15]+000 COLOR: 0.890196085, 0.145098045, 0.0156862754, 0.239215687
vb0[15]+000 TEXCOORD: 0.890196085, 0.145098045, 0.0156862754, 0.239215687
vb0[15]+000 TEXCOORD1: 0.890196085, 0.145098045, 0.0156862754, 0.239215687
vb0[15]+000 TEXCOORD2: 0.890196085, 0.145098045, 0.0156862754, 0.239215687
vb0[15]+000 TEXCOORD3: 0.890196085, 0.145098045, 0.0156862754, 0.239215687
vb0[15]+024 TANGENT: 0.447952032, 0.363119125, 0.816996634, -1

vb0[16]+000 POSITION: 0.0416737795, 1.44049203, 0.107758865
vb0[16]+012 NORMAL: 0.615637124, 0.0882209763, 0.783075929
vb0[16]+000 COLOR: 0.125490203, 0.698039234, 0.164705887, 0.239215687
vb0[16]+000 TEXCOORD: 0.125490203, 0.698039234, 0.164705887, 0.239215687
vb0[16]+000 TEXCOORD1: 0.125490203, 0.698039234, 0.164705887, 0.239215687
vb0[16]+000 TEXCOORD2: 0.125490203, 0.698039234, 0.164705887, 0.239215687
vb0[16]+000 TEXCOORD3: 0.125490203, 0.698039234, 0.164705887, 0.239215687
vb0[16]+024 TANGENT: 0.530845642, 0.338880539, 0.776764393, -1

vb0[17]+000 POSITION: 0.0428282619, 1.42818081, 0.112167209
vb0[17]+012 NORMAL: 0.587692618, 0.0742447078, 0.805670559
vb0[17]+000 COLOR: 0.690196097, 0.423529416, 0.184313729, 0.239215687
vb0[17]+000 TEXCOORD: 0.690196097, 0.423529416, 0.184313729, 0.239215687
vb0[17]+000 TEXCOORD1: 0.690196097, 0.423529416, 0.184313729, 0.239215687
vb0[17]+000 TEXCOORD2: 0.690196097, 0.423529416, 0.184313729, 0.239215687
vb0[17]+000 TEXCOORD3: 0.690196097, 0.423529416, 0.184313729, 0.239215687
vb0[17]+024 TANGENT: 0.488387853, 0.155259371, 0.858703613, -1

vb0[18]+000 POSITION: 0.0511731505, 1.43403423, 0.103438623
vb0[18]+012 NORMAL: 0.713787794, 0.0730925798, 0.696537495
vb0[18]+000 COLOR: 0.941176474, 0.603921592, 0.31764707, 0.239215687
vb0[18]+000 TEXCOORD: 0.941176474, 0.603921592, 0.31764707, 0.239215687
vb0[18]+000 TEXCOORD1: 0.941176474, 0.603921592, 0.31764707, 0.239215687
vb0[18]+000 TEXCOORD2: 0.941176474, 0.603921592, 0.31764707, 0.239215687
vb0[18]+000 TEXCOORD3: 0.941176474, 0.603921592, 0.31764707, 0.239215687
vb0[18]+024 TANGENT: 0.602753162, 0.332694799, 0.725260556, -1

vb0[19]+000 POSITION: 0.035536211, 1.41768885, 0.114843339
vb0[19]+012 NORMAL: 0.509226561, 0.0624554493, 0.85836333
vb0[19]+000 COLOR: 0.419607848, 0.556862772, 0.0666666701, 0.239215687
vb0[19]+000 TEXCOORD: 0.419607848, 0.556862772, 0.0666666701, 0.239215687
vb0[19]+000 TEXCOORD1: 0.419607848, 0.556862772, 0.0666666701, 0.239215687
vb0[19]+000 TEXCOORD2: 0.419607848, 0.556862772, 0.0666666701, 0.239215687
vb0[19]+000 TEXCOORD3: 0.419607848, 0.556862772, 0.0666666701, 0.239215687
vb0[19]+024 TANGENT: 0.325480908, -0.0426981486, 0.944584012, -1

vb0[20]+000 POSITION: 0.0268176571, 1.41770768, 0.117582977
vb0[20]+012 NORMAL: 0.404071659, 0.066448994, 0.91231066
vb0[20]+000 COLOR: 0.70588237, 0.690196097, 0.858823538, 0.235294119
vb0[20]+000 TEXCOORD: 0.70588237, 0.690196097, 0.858823538, 0.235294119
vb0[20]+000 TEXCOORD1: 0.70588237, 0.690196097, 0.858823538, 0.235294119
vb0[20]+000 TEXCOORD2: 0.70588237, 0.690196097, 0.858823538, 0.235294119
vb0[20]+000 TEXCOORD3: 0.70588237, 0.690196097, 0.858823538, 0.235294119
vb0[20]+024 TANGENT: 0.254694074, -0.0561507903, 0.965390027, -1

vb0[21]+000 POSITION: 0.0181131884, 1.40819955, 0.118680872
vb0[21]+012 NORMAL: 0.26221928, 0.0451950505, 0.963949442
vb0[21]+000 COLOR: 0.109803922, 0.384313732, 0.580392182, 0.235294119
vb0[21]+000 TEXCOORD: 0.109803922, 0.384313732, 0.580392182, 0.235294119
vb0[21]+000 TEXCOORD1: 0.109803922, 0.384313732, 0.580392182, 0.235294119
vb0[21]+000 TEXCOORD2: 0.109803922, 0.384313732, 0.580392182, 0.235294119
vb0[21]+000 TEXCOORD3: 0.109803922, 0.384313732, 0.580392182, 0.235294119
vb0[21]+024 TANGENT: 0.165329099, -0.0703501776, 0.983726203, -1

vb0[22]+000 POSITION: 0.0518336371, 1.42835748, 0.105558127
vb0[22]+012 NORMAL: 0.708624959, 0.0664756969, 0.702446878
vb0[22]+000 COLOR: 0.509803951, 0.309803933, 0.329411775, 0.239215687
vb0[22]+000 TEXCOORD: 0.509803951, 0.309803933, 0.329411775, 0.239215687
vb0[22]+000 TEXCOORD1: 0.509803951, 0.309803933, 0.329411775, 0.239215687
vb0[22]+000 TEXCOORD2: 0.509803951, 0.309803933, 0.329411775, 0.239215687
vb0[22]+000 TEXCOORD3: 0.509803951, 0.309803933, 0.329411775, 0.239215687
vb0[22]+024 TANGENT: 0.630405784, 0.208553314, 0.747725964, -1

vb0[23]+000 POSITION: 0.0459619947, 1.41766465, 0.110513531
vb0[23]+012 NORMAL: 0.643291593, 0.0564542338, 0.763537109
vb0[23]+000 COLOR: 0.647058845, 0.258823544, 0.235294119, 0.239215687
vb0[23]+000 TEXCOORD: 0.647058845, 0.258823544, 0.235294119, 0.239215687
vb0[23]+000 TEXCOORD1: 0.647058845, 0.258823544, 0.235294119, 0.239215687
vb0[23]+000 TEXCOORD2: 0.647058845, 0.258823544, 0.235294119, 0.239215687
vb0[23]+000 TEXCOORD3: 0.647058845, 0.258823544, 0.235294119, 0.239215687
vb0[23]+024 TANGENT: 0.531792939, -0.0119712949, 0.846789777, -1

vb0[24]+000 POSITION: 0.0432104617, 1.41767097, 0.112023257
vb0[24]+012 NORMAL: 0.613366425, 0.0581766888, 0.78765291
vb0[24]+000 COLOR: 0.454901963, 0.992156863, 0.188235298, 0.239215687
vb0[24]+000 TEXCOORD: 0.454901963, 0.992156863, 0.188235298, 0.239215687
vb0[24]+000 TEXCOORD1: 0.454901963, 0.992156863, 0.188235298, 0.239215687
vb0[24]+000 TEXCOORD2: 0.454901963, 0.992156863, 0.188235298, 0.239215687
vb0[24]+000 TEXCOORD3: 0.454901963, 0.992156863, 0.188235298, 0.239215687
vb0[24]+024 TANGENT: 0.416822582, -0.0333372951, 0.908376276, -1

vb0[25]+000 POSITION: 0.0585507415, 1.4283601, 0.0986516923
vb0[25]+012 NORMAL: 0.789375424, 0.0578242093, 0.611181498
vb0[25]+000 COLOR: 0.905882359, 0.823529422, 0.435294122, 0.239215687
vb0[25]+000 TEXCOORD: 0.905882359, 0.823529422, 0.435294122, 0.239215687
vb0[25]+000 TEXCOORD1: 0.905882359, 0.823529422, 0.435294122, 0.239215687
vb0[25]+000 TEXCOORD2: 0.905882359, 0.823529422, 0.435294122, 0.239215687
vb0[25]+000 TEXCOORD3: 0.905882359, 0.823529422, 0.435294122, 0.239215687
vb0[25]+024 TANGENT: 0.720053732, 0.162313819, 0.674667954, -1

vb0[26]+000 POSITION: 0.0427275226, 1.40797257, 0.111460648
vb0[26]+012 NORMAL: 0.61714828, 0.0369256847, 0.785979986
vb0[26]+000 COLOR: 0.0549019612, 0.0117647061, 0.184313729, 0.239215687
vb0[26]+000 TEXCOORD: 0.0549019612, 0.0117647061, 0.184313729, 0.239215687
vb0[26]+000 TEXCOORD1: 0.0549019612, 0.0117647061, 0.184313729, 0.239215687
vb0[26]+000 TEXCOORD2: 0.0549019612, 0.0117647061, 0.184313729, 0.239215687
vb0[26]+000 TEXCOORD3: 0.0549019612, 0.0117647061, 0.184313729, 0.239215687
vb0[26]+024 TANGENT: 0.429877013, -0.102686778, 0.897029102, -1

vb0[27]+000 POSITION: 0.0496944264, 1.40790796, 0.107521914
vb0[27]+012 NORMAL: 0.691680789, 0.0366204605, 0.721274257
vb0[27]+000 COLOR: 0.384313732, 0.549019635, 0.294117659, 0.239215687
vb0[27]+000 TEXCOORD: 0.384313732, 0.549019635, 0.294117659, 0.239215687
vb0[27]+000 TEXCOORD1: 0.384313732, 0.549019635, 0.294117659, 0.239215687
vb0[27]+000 TEXCOORD2: 0.384313732, 0.549019635, 0.294117659, 0.239215687
vb0[27]+000 TEXCOORD3: 0.384313732, 0.549019635, 0.294117659, 0.239215687
vb0[27]+024 TANGENT: 0.552970052, -0.0903305411, 0.828290105, -1

vb0[28]+000 POSITION: 0.0483192429, 1.39962029, 0.10693267
vb0[28]+012 NORMAL: 0.689488649, 0.0184164885, 0.724062383
vb0[28]+000 COLOR: 0.400000006, 0.917647064, 0.270588249, 0.239215687
vb0[28]+000 TEXCOORD: 0.400000006, 0.917647064, 0.270588249, 0.239215687
vb0[28]+000 TEXCOORD1: 0.400000006, 0.917647064, 0.270588249, 0.239215687
vb0[28]+000 TEXCOORD2: 0.400000006, 0.917647064, 0.270588249, 0.239215687
vb0[28]+000 TEXCOORD3: 0.400000006, 0.917647064, 0.270588249, 0.239215687
vb0[28]+024 TANGENT: 0.513767362, -0.119876504, 0.849513173, -1

vb0[29]+000 POSITION: 0.0534688123, 1.41746247, 0.105194412
vb0[29]+012 NORMAL: 0.727786899, 0.0502421632, 0.683960497
vb0[29]+000 COLOR: 0.113725491, 0.00784313772, 0.356862754, 0.239215687
vb0[29]+000 TEXCOORD: 0.113725491, 0.00784313772, 0.356862754, 0.239215687
vb0[29]+000 TEXCOORD1: 0.113725491, 0.00784313772, 0.356862754, 0.239215687
vb0[29]+000 TEXCOORD2: 0.113725491, 0.00784313772, 0.356862754, 0.239215687
vb0[29]+000 TEXCOORD3: 0.113725491, 0.00784313772, 0.356862754, 0.239215687
vb0[29]+024 TANGENT: 0.63250196, 0.0186859369, 0.774333358, -1

vb0[30]+000 POSITION: 0.0541865416, 1.40780687, 0.103920609
vb0[30]+012 NORMAL: 0.742711723, 0.0331742987, 0.668789089
vb0[30]+000 COLOR: 0.709803939, 0.949019611, 0.36470589, 0.239215687
vb0[30]+000 TEXCOORD: 0.709803939, 0.949019611, 0.36470589, 0.239215687
vb0[30]+000 TEXCOORD1: 0.709803939, 0.949019611, 0.36470589, 0.239215687
vb0[30]+000 TEXCOORD2: 0.709803939, 0.949019611, 0.36470589, 0.239215687
vb0[30]+000 TEXCOORD3: 0.709803939, 0.949019611, 0.36470589, 0.239215687
vb0[30]+024 TANGENT: 0.627413273, -0.057590127, 0.776553869, -1

vb0[31]+000 POSITION: 0.0539235622, 1.39944685, 0.103295438
vb0[31]+012 NORMAL: 0.747192442, 0.0177116711, 0.664371729
vb0[31]+000 COLOR: 0.956862748, 0.870588243, 0.360784322, 0.239215687
vb0[31]+000 TEXCOORD: 0.956862748, 0.870588243, 0.360784322, 0.239215687
vb0[31]+000 TEXCOORD1: 0.956862748, 0.870588243, 0.360784322, 0.239215687
vb0[31]+000 TEXCOORD2: 0.956862748, 0.870588243, 0.360784322, 0.239215687
vb0[31]+000 TEXCOORD3: 0.956862748, 0.870588243, 0.360784322, 0.239215687
vb0[31]+024 TANGENT: 0.57720089, -0.118068993, 0.808021545, -1

vb0[32]+000 POSITION: 0.0603304319, 1.40766573, 0.0987319574
vb0[32]+012 NORMAL: 0.806516707, 0.0274055433, 0.590575635
vb0[32]+000 COLOR: 0.0431372561, 0.113725491, 0.466666669, 0.239215687
vb0[32]+000 TEXCOORD: 0.0431372561, 0.113725491, 0.466666669, 0.239215687
vb0[32]+000 TEXCOORD1: 0.0431372561, 0.113725491, 0.466666669, 0.239215687
vb0[32]+000 TEXCOORD2: 0.0431372561, 0.113725491, 0.466666669, 0.239215687
vb0[32]+000 TEXCOORD3: 0.0431372561, 0.113725491, 0.466666669, 0.239215687
vb0[32]+024 TANGENT: 0.6852687, -0.0121986885, 0.728188217, -1

vb0[33]+000 POSITION: 0.0600273013, 1.39938164, 0.0988751948
vb0[33]+012 NORMAL: 0.806076288, 0.0139541049, 0.591647029
vb0[33]+000 COLOR: 0.188235298, 0.874509811, 0.458823532, 0.239215687
vb0[33]+000 TEXCOORD: 0.188235298, 0.874509811, 0.458823532, 0.239215687
vb0[33]+000 TEXCOORD1: 0.188235298, 0.874509811, 0.458823532, 0.239215687
vb0[33]+000 TEXCOORD2: 0.188235298, 0.874509811, 0.458823532, 0.239215687
vb0[33]+000 TEXCOORD3: 0.188235298, 0.874509811, 0.458823532, 0.239215687
vb0[33]+024 TANGENT: 0.65152204, -0.123817928, 0.748457193, -1

vb0[34]+000 POSITION: 0.0580967404, 1.39367259, 0.098807402
vb0[34]+012 NORMAL: 0.797406971, 0.00483899703, 0.603422463
vb0[34]+000 COLOR: 0.850980401, 0.964705884, 0.427450985, 0.239215687
vb0[34]+000 TEXCOORD: 0.850980401, 0.964705884, 0.427450985, 0.239215687
vb0[34]+000 TEXCOORD1: 0.850980401, 0.964705884, 0.427450985, 0.239215687
vb0[34]+000 TEXCOORD2: 0.850980401, 0.964705884, 0.427450985, 0.239215687
vb0[34]+000 TEXCOORD3: 0.850980401, 0.964705884, 0.427450985, 0.239215687
vb0[34]+024 TANGENT: 0.65880394, -0.152649462, 0.73666513, -1

vb0[35]+000 POSITION: 0.0648457259, 1.39353645, 0.0922784433
vb0[35]+012 NORMAL: 0.868644059, 0.00334495236, 0.495425224
vb0[35]+000 COLOR: 0.839215696, 0.80392158, 0.517647088, 0.239215687
vb0[35]+000 TEXCOORD: 0.839215696, 0.80392158, 0.517647088, 0.239215687
vb0[35]+000 TEXCOORD1: 0.839215696, 0.80392158, 0.517647088, 0.239215687
vb0[35]+000 TEXCOORD2: 0.839215696, 0.80392158, 0.517647088, 0.239215687
vb0[35]+000 TEXCOORD3: 0.839215696, 0.80392158, 0.517647088, 0.239215687
vb0[35]+024 TANGENT: 0.766272366, -0.189914778, 0.613807023, -1

vb0[36]+000 POSITION: 0.0657600239, 1.39931881, 0.0931359008
vb0[36]+012 NORMAL: 0.865065515, 0.012771083, 0.501496315
vb0[36]+000 COLOR: 0.192156866, 0.678431392, 0.525490224, 0.239215687
vb0[36]+000 TEXCOORD: 0.192156866, 0.678431392, 0.525490224, 0.239215687
vb0[36]+000 TEXCOORD1: 0.192156866, 0.678431392, 0.525490224, 0.239215687
vb0[36]+000 TEXCOORD2: 0.192156866, 0.678431392, 0.525490224, 0.239215687
vb0[36]+000 TEXCOORD3: 0.192156866, 0.678431392, 0.525490224, 0.239215687
vb0[36]+024 TANGENT: 0.789464235, -0.106632039, 0.60446322, -1

vb0[37]+000 POSITION: 0.0695273876, 1.39354348, 0.0846651644
vb0[37]+012 NORMAL: 0.918049037, 0.00301824836, 0.396455288
vb0[37]+000 COLOR: 0.376470596, 0.392156869, 0.556862772, 0.239215687
vb0[37]+000 TEXCOORD: 0.376470596, 0.392156869, 0.556862772, 0.239215687
vb0[37]+000 TEXCOORD1: 0.376470596, 0.392156869, 0.556862772, 0.239215687
vb0[37]+000 TEXCOORD2: 0.376470596, 0.392156869, 0.556862772, 0.239215687
vb0[37]+000 TEXCOORD3: 0.376470596, 0.392156869, 0.556862772, 0.239215687
vb0[37]+024 TANGENT: 0.923339009, -0.15008378, 0.353440046, -1

vb0[38]+000 POSITION: 0.0602102727, 1.41726625, 0.0988886058
vb0[38]+012 NORMAL: 0.80268842, 0.0434127487, 0.594816506
vb0[38]+000 COLOR: 0.0470588244, 0.623529434, 0.4627451, 0.239215687
vb0[38]+000 TEXCOORD: 0.0470588244, 0.623529434, 0.4627451, 0.239215687
vb0[38]+000 TEXCOORD1: 0.0470588244, 0.623529434, 0.4627451, 0.239215687
vb0[38]+000 TEXCOORD2: 0.0470588244, 0.623529434, 0.4627451, 0.239215687
vb0[38]+000 TEXCOORD3: 0.0470588244, 0.623529434, 0.4627451, 0.239215687
vb0[38]+024 TANGENT: 0.722497642, 0.0626416281, 0.688529789, -1

vb0[39]+000 POSITION: 0.06602671, 1.40754604, 0.0928852633
vb0[39]+012 NORMAL: 0.865065873, 0.026232969, 0.500971854
vb0[39]+000 COLOR: 0.0117647061, 0.223529413, 0.529411793, 0.239215687
vb0[39]+000 TEXCOORD: 0.0117647061, 0.223529413, 0.529411793, 0.239215687
vb0[39]+000 TEXCOORD1: 0.0117647061, 0.223529413, 0.529411793, 0.239215687
vb0[39]+000 TEXCOORD2: 0.0117647061, 0.223529413, 0.529411793, 0.239215687
vb0[39]+000 TEXCOORD3: 0.0117647061, 0.223529413, 0.529411793, 0.239215687
vb0[39]+024 TANGENT: 0.802353621, 0.0152515182, 0.596654058, -1

vb0[40]+000 POSITION: 0.0657328814, 1.42071319, 0.0917072743
vb0[40]+012 NORMAL: 0.866794646, 0.0406945646, 0.497001976
vb0[40]+000 COLOR: 0.964705884, 0.619607866, 0.525490224, 0.239215687
vb0[40]+000 TEXCOORD: 0.964705884, 0.619607866, 0.525490224, 0.239215687
vb0[40]+000 TEXCOORD1: 0.964705884, 0.619607866, 0.525490224, 0.239215687
vb0[40]+000 TEXCOORD2: 0.964705884, 0.619607866, 0.525490224, 0.239215687
vb0[40]+000 TEXCOORD3: 0.964705884, 0.619607866, 0.525490224, 0.239215687
vb0[40]+024 TANGENT: 0.788791776, 0.117428072, 0.603339195, -1

vb0[41]+000 POSITION: 0.0660021827, 1.41709268, 0.0919996276
vb0[41]+012 NORMAL: 0.867371142, 0.0373154916, 0.496260852
vb0[41]+000 COLOR: 0.152941182, 0.172549024, 0.529411793, 0.239215687
vb0[41]+000 TEXCOORD: 0.152941182, 0.172549024, 0.529411793, 0.239215687
vb0[41]+000 TEXCOORD1: 0.152941182, 0.172549024, 0.529411793, 0.239215687
vb0[41]+000 TEXCOORD2: 0.152941182, 0.172549024, 0.529411793, 0.239215687
vb0[41]+000 TEXCOORD3: 0.152941182, 0.172549024, 0.529411793, 0.239215687
vb0[41]+024 TANGENT: 0.812345982, 0.0837205648, 0.577135026, -1

vb0[42]+000 POSITION: 0.0706977919, 1.40743923, 0.0847786143
vb0[42]+012 NORMAL: 0.917476594, 0.0210744273, 0.397231162
vb0[42]+000 COLOR: 0.00392156886, 0.792156875, 0.564705908, 0.239215687
vb0[42]+000 TEXCOORD: 0.00392156886, 0.792156875, 0.564705908, 0.239215687
vb0[42]+000 TEXCOORD1: 0.00392156886, 0.792156875, 0.564705908, 0.239215687
vb0[42]+000 TEXCOORD2: 0.00392156886, 0.792156875, 0.564705908, 0.239215687
vb0[42]+000 TEXCOORD3: 0.00392156886, 0.792156875, 0.564705908, 0.239215687
vb0[42]+024 TANGENT: 0.930632114, -0.0208876152, 0.365359694, -1

vb0[43]+000 POSITION: 0.0702465102, 1.3992697, 0.0847703516
vb0[43]+012 NORMAL: 0.918110013, 0.0123364413, 0.396133482
vb0[43]+000 COLOR: 0.403921574, 0.866666675, 0.56078434, 0.239215687
vb0[43]+000 TEXCOORD: 0.403921574, 0.866666675, 0.56078434, 0.239215687
vb0[43]+000 TEXCOORD1: 0.403921574, 0.866666675, 0.56078434, 0.239215687
vb0[43]+000 TEXCOORD2: 0.403921574, 0.866666675, 0.56078434, 0.239215687
vb0[43]+000 TEXCOORD3: 0.403921574, 0.866666675, 0.56078434, 0.239215687
vb0[43]+024 TANGENT: 0.937806427, -0.0856710672, 0.336421728, -1

vb0[44]+000 POSITION: 0.0720750391, 1.39925504, 0.0754764378
vb0[44]+012 NORMAL: 0.95584178, 0.00694060652, 0.293799847
vb0[44]+000 COLOR: 0.0784313753, 0.611764729, 0.576470613, 0.239215687
vb0[44]+000 TEXCOORD: 0.0784313753, 0.611764729, 0.576470613, 0.239215687
vb0[44]+000 TEXCOORD1: 0.0784313753, 0.611764729, 0.576470613, 0.239215687
vb0[44]+000 TEXCOORD2: 0.0784313753, 0.611764729, 0.576470613, 0.239215687
vb0[44]+000 TEXCOORD3: 0.0784313753, 0.611764729, 0.576470613, 0.239215687
vb0[44]+024 TANGENT: 0.980642915, -0.103353962, 0.166304931, -1

vb0[45]+000 POSITION: 0.0714824125, 1.39355266, 0.0752229467
vb0[45]+012 NORMAL: 0.956524491, 0.00189305993, 0.291645795
vb0[45]+000 COLOR: 0.372549027, 0.396078438, 0.572549045, 0.239215687
vb0[45]+000 TEXCOORD: 0.372549027, 0.396078438, 0.572549045, 0.239215687
vb0[45]+000 TEXCOORD1: 0.372549027, 0.396078438, 0.572549045, 0.239215687
vb0[45]+000 TEXCOORD2: 0.372549027, 0.396078438, 0.572549045, 0.239215687
vb0[45]+000 TEXCOORD3: 0.372549027, 0.396078438, 0.572549045, 0.239215687
vb0[45]+024 TANGENT: 0.977747142, -0.139420345, 0.156756416, -1

vb0[46]+000 POSITION: 0.0700106919, 1.38485634, 0.0750507787
vb0[46]+012 NORMAL: 0.956069052, -0.00625572912, 0.293074936
vb0[46]+000 COLOR: 0.768627465, 0.380392164, 0.56078434, 0.239215687
vb0[46]+000 TEXCOORD: 0.768627465, 0.380392164, 0.56078434, 0.239215687
vb0[46]+000 TEXCOORD1: 0.768627465, 0.380392164, 0.56078434, 0.239215687
vb0[46]+000 TEXCOORD2: 0.768627465, 0.380392164, 0.56078434, 0.239215687
vb0[46]+000 TEXCOORD3: 0.768627465, 0.380392164, 0.56078434, 0.239215687
vb0[46]+024 TANGENT: 0.97249043, -0.166297674, 0.163118243, -1

vb0[47]+000 POSITION: 0.0679660663, 1.38481927, 0.0846178159
vb0[47]+012 NORMAL: 0.91358453, -0.0119678639, 0.406472743
vb0[47]+000 COLOR: 0.796078444, 0.192156866, 0.545098066, 0.239215687
vb0[47]+000 TEXCOORD: 0.796078444, 0.192156866, 0.545098066, 0.239215687
vb0[47]+000 TEXCOORD1: 0.796078444, 0.192156866, 0.545098066, 0.239215687
vb0[47]+000 TEXCOORD2: 0.796078444, 0.192156866, 0.545098066, 0.239215687
vb0[47]+000 TEXCOORD3: 0.796078444, 0.192156866, 0.545098066, 0.239215687
vb0[47]+024 TANGENT: 0.912582278, -0.16523616, 0.374019384, -1

vb0[48]+000 POSITION: 0.0634860247, 1.38480723, 0.0915966853
vb0[48]+012 NORMAL: 0.867534637, -0.0117684584, 0.497237504
vb0[48]+000 COLOR: 0.964705884, 0.0156862754, 0.509803951, 0.239215687
vb0[48]+000 TEXCOORD: 0.964705884, 0.0156862754, 0.509803951, 0.239215687
vb0[48]+000 TEXCOORD1: 0.964705884, 0.0156862754, 0.509803951, 0.239215687
vb0[48]+000 TEXCOORD2: 0.964705884, 0.0156862754, 0.509803951, 0.239215687
vb0[48]+000 TEXCOORD3: 0.964705884, 0.0156862754, 0.509803951, 0.239215687
vb0[48]+024 TANGENT: 0.794067502, -0.118225507, 0.59622097, -1

vb0[49]+000 POSITION: 0.0725192651, 1.39355254, 0.0660672784
vb0[49]+012 NORMAL: 0.971928835, 0.00171880424, 0.235268891
vb0[49]+000 COLOR: 0.984313726, 0.517647088, 0.580392182, 0.239215687
vb0[49]+000 TEXCOORD: 0.984313726, 0.517647088, 0.580392182, 0.239215687
vb0[49]+000 TEXCOORD1: 0.984313726, 0.517647088, 0.580392182, 0.239215687
vb0[49]+000 TEXCOORD2: 0.984313726, 0.517647088, 0.580392182, 0.239215687
vb0[49]+000 TEXCOORD3: 0.984313726, 0.517647088, 0.580392182, 0.239215687
vb0[49]+024 TANGENT: 0.984530568, -0.138754651, 0.106988907, -1

vb0[50]+000 POSITION: 0.0711735785, 1.38488388, 0.0658443645
vb0[50]+012 NORMAL: 0.971602142, -0.00644541299, 0.236532658
vb0[50]+000 COLOR: 0.454901963, 0.764705896, 0.568627477, 0.239215687
vb0[50]+000 TEXCOORD: 0.454901963, 0.764705896, 0.568627477, 0.239215687
vb0[50]+000 TEXCOORD1: 0.454901963, 0.764705896, 0.568627477, 0.239215687
vb0[50]+000 TEXCOORD2: 0.454901963, 0.764705896, 0.568627477, 0.239215687
vb0[50]+000 TEXCOORD3: 0.454901963, 0.764705896, 0.568627477, 0.239215687
vb0[50]+024 TANGENT: 0.977759898, -0.163959026, 0.130778313, -1

vb0[51]+000 POSITION: 0.0696321577, 1.37577283, 0.0655298233
vb0[51]+012 NORMAL: 0.971176982, -0.0141545488, 0.23793897
vb0[51]+000 COLOR: 0.305882365, 0.607843161, 0.556862772, 0.239215687
vb0[51]+000 TEXCOORD: 0.305882365, 0.607843161, 0.556862772, 0.239215687
vb0[51]+000 TEXCOORD1: 0.305882365, 0.607843161, 0.556862772, 0.239215687
vb0[51]+000 TEXCOORD2: 0.305882365, 0.607843161, 0.556862772, 0.239215687
vb0[51]+000 TEXCOORD3: 0.305882365, 0.607843161, 0.556862772, 0.239215687
vb0[51]+024 TANGENT: 0.972034693, -0.199858233, 0.123309374, -1

vb0[52]+000 POSITION: 0.0684634894, 1.37568736, 0.0753765553
vb0[52]+012 NORMAL: 0.954531193, -0.0148146516, 0.297742873
vb0[52]+000 COLOR: 0.588235319, 0.211764708, 0.549019635, 0.239215687
vb0[52]+000 TEXCOORD: 0.588235319, 0.211764708, 0.549019635, 0.239215687
vb0[52]+000 TEXCOORD1: 0.588235319, 0.211764708, 0.549019635, 0.239215687
vb0[52]+000 TEXCOORD2: 0.588235319, 0.211764708, 0.549019635, 0.239215687
vb0[52]+000 TEXCOORD3: 0.588235319, 0.211764708, 0.549019635, 0.239215687
vb0[52]+024 TANGENT: 0.968316019, -0.188200399, 0.164148331, -1

vb0[53]+000 POSITION: 0.0724819005, 1.38492048, 0.0571087189
vb0[53]+012 NORMAL: 0.983306885, -0.00545643875, 0.181872815
vb0[53]+000 COLOR: 0.392156869, 0.443137258, 0.580392182, 0.239215687
vb0[53]+000 TEXCOORD: 0.392156869, 0.443137258, 0.580392182, 0.239215687
vb0[53]+000 TEXCOORD1: 0.392156869, 0.443137258, 0.580392182, 0.239215687
vb0[53]+000 TEXCOORD2: 0.392156869, 0.443137258, 0.580392182, 0.239215687
vb0[53]+000 TEXCOORD3: 0.392156869, 0.443137258, 0.580392182, 0.239215687
vb0[53]+024 TANGENT: 0.977168679, -0.138558209, 0.161068693, -1

vb0[54]+000 POSITION: 0.070853062, 1.3757875, 0.0569077395
vb0[54]+012 NORMAL: 0.982757986, -0.0101637691, 0.184617355
vb0[54]+000 COLOR: 0.411764711, 0.105882354, 0.568627477, 0.239215687
vb0[54]+000 TEXCOORD: 0.411764711, 0.105882354, 0.568627477, 0.239215687
vb0[54]+000 TEXCOORD1: 0.411764711, 0.105882354, 0.568627477, 0.239215687
vb0[54]+000 TEXCOORD2: 0.411764711, 0.105882354, 0.568627477, 0.239215687
vb0[54]+000 TEXCOORD3: 0.411764711, 0.105882354, 0.568627477, 0.239215687
vb0[54]+024 TANGENT: 0.963564694, -0.248590052, 0.0987227112, -1

vb0[55]+000 POSITION: 0.0662195385, 1.37559843, 0.0847370774
vb0[55]+012 NORMAL: 0.907155931, -0.0232169554, 0.420153648
vb0[55]+000 COLOR: 0.109803922, 0.619607866, 0.529411793, 0.239215687
vb0[55]+000 TEXCOORD: 0.109803922, 0.619607866, 0.529411793, 0.239215687
vb0[55]+000 TEXCOORD1: 0.109803922, 0.619607866, 0.529411793, 0.239215687
vb0[55]+000 TEXCOORD2: 0.109803922, 0.619607866, 0.529411793, 0.239215687
vb0[55]+000 TEXCOORD3: 0.109803922, 0.619607866, 0.529411793, 0.239215687
vb0[55]+024 TANGENT: 0.920816183, -0.166090131, 0.352862, -1

vb0[56]+000 POSITION: 0.0625816286, 1.37549639, 0.0917006508
vb0[56]+012 NORMAL: 0.862714589, -0.0275336374, 0.504941046
vb0[56]+000 COLOR: 0.800000012, 0.164705887, 0.501960814, 0.239215687
vb0[56]+000 TEXCOORD: 0.800000012, 0.164705887, 0.501960814, 0.239215687
vb0[56]+000 TEXCOORD1: 0.800000012, 0.164705887, 0.501960814, 0.239215687
vb0[56]+000 TEXCOORD2: 0.800000012, 0.164705887, 0.501960814, 0.239215687
vb0[56]+000 TEXCOORD3: 0.800000012, 0.164705887, 0.501960814, 0.239215687
vb0[56]+024 TANGENT: 0.834157646, -0.107104301, 0.541026473, -1

vb0[57]+000 POSITION: 0.0640692338, 1.36566126, 0.0848709866
vb0[57]+012 NORMAL: 0.899324477, -0.0337637179, 0.435976446
vb0[57]+000 COLOR: 0.733333349, 0.211764708, 0.513725519, 0.239215687
vb0[57]+000 TEXCOORD: 0.733333349, 0.211764708, 0.513725519, 0.239215687
vb0[57]+000 TEXCOORD1: 0.733333349, 0.211764708, 0.513725519, 0.239215687
vb0[57]+000 TEXCOORD2: 0.733333349, 0.211764708, 0.513725519, 0.239215687
vb0[57]+000 TEXCOORD3: 0.733333349, 0.211764708, 0.513725519, 0.239215687
vb0[57]+024 TANGENT: 0.919882298, -0.222683951, 0.322844118, -1

vb0[58]+000 POSITION: 0.0663479567, 1.36586285, 0.0758096576
vb0[58]+012 NORMAL: 0.942294896, -0.0264979806, 0.333733827
vb0[58]+000 COLOR: 0.43921569, 0.882352948, 0.529411793, 0.239215687
vb0[58]+000 TEXCOORD: 0.43921569, 0.882352948, 0.529411793, 0.239215687
vb0[58]+000 TEXCOORD1: 0.43921569, 0.882352948, 0.529411793, 0.239215687
vb0[58]+000 TEXCOORD2: 0.43921569, 0.882352948, 0.529411793, 0.239215687
vb0[58]+000 TEXCOORD3: 0.43921569, 0.882352948, 0.529411793, 0.239215687
vb0[58]+024 TANGENT: 0.954868853, -0.25154832, 0.157951936, -1

vb0[59]+000 POSITION: 0.0671372935, 1.36571383, 0.0656193048
vb0[59]+012 NORMAL: 0.969718158, -0.0196175948, 0.243437797
vb0[59]+000 COLOR: 0.278431386, 0.498039216, 0.53725493, 0.239215687
vb0[59]+000 TEXCOORD: 0.278431386, 0.498039216, 0.53725493, 0.239215687
vb0[59]+000 TEXCOORD1: 0.278431386, 0.498039216, 0.53725493, 0.239215687
vb0[59]+000 TEXCOORD2: 0.278431386, 0.498039216, 0.53725493, 0.239215687
vb0[59]+000 TEXCOORD3: 0.278431386, 0.498039216, 0.53725493, 0.239215687
vb0[59]+024 TANGENT: 0.952082753, -0.294850916, 0.0812492371, -1

vb0[60]+000 POSITION: 0.0676909611, 1.36541748, 0.056844648
vb0[60]+012 NORMAL: 0.981572151, -0.0158585068, 0.190432861
vb0[60]+000 COLOR: 0.56078434, 0.631372571, 0.541176498, 0.239215687
vb0[60]+000 TEXCOORD: 0.56078434, 0.631372571, 0.541176498, 0.239215687
vb0[60]+000 TEXCOORD1: 0.56078434, 0.631372571, 0.541176498, 0.239215687
vb0[60]+000 TEXCOORD2: 0.56078434, 0.631372571, 0.541176498, 0.239215687
vb0[60]+000 TEXCOORD3: 0.56078434, 0.631372571, 0.541176498, 0.239215687
vb0[60]+024 TANGENT: 0.943373919, -0.328746915, 0.0443989113, -1

vb0[61]+000 POSITION: 0.0711737797, 1.37522149, 0.0467882007
vb0[61]+012 NORMAL: 0.988397539, -0.00808472652, 0.151673764
vb0[61]+000 COLOR: 0.56078434, 0.764705896, 0.568627477, 0.239215687
vb0[61]+000 TEXCOORD: 0.56078434, 0.764705896, 0.568627477, 0.239215687
vb0[61]+000 TEXCOORD1: 0.56078434, 0.764705896, 0.568627477, 0.239215687
vb0[61]+000 TEXCOORD2: 0.56078434, 0.764705896, 0.568627477, 0.239215687
vb0[61]+000 TEXCOORD3: 0.56078434, 0.764705896, 0.568627477, 0.239215687
vb0[61]+024 TANGENT: 0.937500179, -0.334285915, 0.0966765881, -1

vb0[62]+000 POSITION: 0.0741507635, 1.38470304, 0.0487704985
vb0[62]+012 NORMAL: 0.988411605, -0.00340033229, 0.151759177
vb0[62]+000 COLOR: 0.356862754, 0.862745106, 0.592156887, 0.239215687
vb0[62]+000 TEXCOORD: 0.356862754, 0.862745106, 0.592156887, 0.239215687
vb0[62]+000 TEXCOORD1: 0.356862754, 0.862745106, 0.592156887, 0.239215687
vb0[62]+000 TEXCOORD2: 0.356862754, 0.862745106, 0.592156887, 0.239215687
vb0[62]+000 TEXCOORD3: 0.356862754, 0.862745106, 0.592156887, 0.239215687
vb0[62]+024 TANGENT: 0.97253114, -0.163088754, 0.166088223, -1

vb0[63]+000 POSITION: 0.0743416697, 1.39033234, 0.0498507582
vb0[63]+012 NORMAL: 0.988409758, -0.000621227664, 0.151808307
vb0[63]+000 COLOR: 0.447058827, 0.250980407, 0.596078455, 0.239215687
vb0[63]+000 TEXCOORD: 0.447058827, 0.250980407, 0.596078455, 0.239215687
vb0[63]+000 TEXCOORD1: 0.447058827, 0.250980407, 0.596078455, 0.239215687
vb0[63]+000 TEXCOORD2: 0.447058827, 0.250980407, 0.596078455, 0.239215687
vb0[63]+000 TEXCOORD3: 0.447058827, 0.250980407, 0.596078455, 0.239215687
vb0[63]+024 TANGENT: 0.980499804, -0.0780391693, 0.180361167, -1

vb0[64]+000 POSITION: 0.0677234903, 1.36524487, 0.0462630391
vb0[64]+012 NORMAL: 0.988365293, -0.0127459299, 0.151564166
vb0[64]+000 COLOR: 0.615686297, 0.698039234, 0.541176498, 0.239215687
vb0[64]+000 TEXCOORD: 0.615686297, 0.698039234, 0.541176498, 0.239215687
vb0[64]+000 TEXCOORD1: 0.615686297, 0.698039234, 0.541176498, 0.239215687
vb0[64]+000 TEXCOORD2: 0.615686297, 0.698039234, 0.541176498, 0.239215687
vb0[64]+000 TEXCOORD3: 0.615686297, 0.698039234, 0.541176498, 0.239215687
vb0[64]+024 TANGENT: 0.920023859, -0.370914996, -0.126404643, -1

vb0[65]+000 POSITION: 0.07501515, 1.38219774, 0.0418095924
vb0[65]+012 NORMAL: 0.988409758, -0.00477608014, 0.151734427
vb0[65]+000 COLOR: 0.545098066, 0.631372571, 0.600000024, 0.239215687
vb0[65]+000 TEXCOORD: 0.545098066, 0.631372571, 0.600000024, 0.239215687
vb0[65]+000 TEXCOORD1: 0.545098066, 0.631372571, 0.600000024, 0.239215687
vb0[65]+000 TEXCOORD2: 0.545098066, 0.631372571, 0.600000024, 0.239215687
vb0[65]+000 TEXCOORD3: 0.545098066, 0.631372571, 0.600000024, 0.239215687
vb0[65]+024 TANGENT: 0.93289721, -0.356980652, 0.0476193428, -1

vb0[66]+000 POSITION: 0.071550481, 1.37503624, 0.0434803106
vb0[66]+012 NORMAL: 0.988396704, -0.00824630912, 0.151670784
vb0[66]+000 COLOR: 0.0588235296, 0.53725493, 0.572549045, 0.239215687
vb0[66]+000 TEXCOORD: 0.0588235296, 0.53725493, 0.572549045, 0.239215687
vb0[66]+000 TEXCOORD1: 0.0588235296, 0.53725493, 0.572549045, 0.239215687
vb0[66]+000 TEXCOORD2: 0.0588235296, 0.53725493, 0.572549045, 0.239215687
vb0[66]+000 TEXCOORD3: 0.0588235296, 0.53725493, 0.572549045, 0.239215687
vb0[66]+024 TANGENT: 0.904146314, -0.416230053, -0.0962917283, -1

vb0[67]+000 POSITION: 0.0646649748, 1.36631691, 0.0353470184
vb0[67]+012 NORMAL: 0.988365054, -0.0127979461, 0.151561305
vb0[67]+000 COLOR: 0.0705882385, 0.435294122, 0.517647088, 0.239215687
vb0[67]+000 TEXCOORD: 0.0705882385, 0.435294122, 0.517647088, 0.239215687
vb0[67]+000 TEXCOORD1: 0.0705882385, 0.435294122, 0.517647088, 0.239215687
vb0[67]+000 TEXCOORD2: 0.0705882385, 0.435294122, 0.517647088, 0.239215687
vb0[67]+000 TEXCOORD3: 0.0705882385, 0.435294122, 0.517647088, 0.239215687
vb0[67]+024 TANGENT: 0.869017541, -0.397252291, -0.294956058, -1

vb0[68]+000 POSITION: 0.0640893131, 1.35557747, 0.0571091287
vb0[68]+012 NORMAL: 0.979264379, -0.021610966, 0.201430351
vb0[68]+000 COLOR: 0.258823544, 0.254901975, 0.513725519, 0.239215687
vb0[68]+000 TEXCOORD: 0.258823544, 0.254901975, 0.513725519, 0.239215687
vb0[68]+000 TEXCOORD1: 0.258823544, 0.254901975, 0.513725519, 0.239215687
vb0[68]+000 TEXCOORD2: 0.258823544, 0.254901975, 0.513725519, 0.239215687
vb0[68]+000 TEXCOORD3: 0.258823544, 0.254901975, 0.513725519, 0.239215687
vb0[68]+024 TANGENT: 0.918796182, -0.394515544, 0.0130803585, -1

vb0[69]+000 POSITION: 0.0629492253, 1.35520017, 0.06592343
vb0[69]+012 NORMAL: 0.966473281, -0.0265004095, 0.255395919
vb0[69]+000 COLOR: 0.525490224, 0.921568632, 0.501960814, 0.239215687
vb0[69]+000 TEXCOORD: 0.525490224, 0.921568632, 0.501960814, 0.239215687
vb0[69]+000 TEXCOORD1: 0.525490224, 0.921568632, 0.501960814, 0.239215687
vb0[69]+000 TEXCOORD2: 0.525490224, 0.921568632, 0.501960814, 0.239215687
vb0[69]+000 TEXCOORD3: 0.525490224, 0.921568632, 0.501960814, 0.239215687
vb0[69]+024 TANGENT: 0.930002868, -0.365796983, 0.0358791351, -1

vb0[70]+000 POSITION: 0.0600474104, 1.34699523, 0.0573319569
vb0[70]+012 NORMAL: 0.976847529, -0.0254685786, 0.212415144
vb0[70]+000 COLOR: 0.274509817, 0.956862748, 0.458823532, 0.239215687
vb0[70]+000 TEXCOORD: 0.274509817, 0.956862748, 0.458823532, 0.239215687
vb0[70]+000 TEXCOORD1: 0.274509817, 0.956862748, 0.458823532, 0.239215687
vb0[70]+000 TEXCOORD2: 0.274509817, 0.956862748, 0.458823532, 0.239215687
vb0[70]+000 TEXCOORD3: 0.274509817, 0.956862748, 0.458823532, 0.239215687
vb0[70]+024 TANGENT: 0.905653656, -0.423974842, -0.00606304361, -1

vb0[71]+000 POSITION: 0.0594177768, 1.34575558, 0.0667966679
vb0[71]+012 NORMAL: 0.962443113, -0.0329263583, 0.269479185
vb0[71]+000 COLOR: 0.0549019612, 0.376470596, 0.450980395, 0.239215687
vb0[71]+000 TEXCOORD: 0.0549019612, 0.376470596, 0.450980395, 0.239215687
vb0[71]+000 TEXCOORD1: 0.0549019612, 0.376470596, 0.450980395, 0.239215687
vb0[71]+000 TEXCOORD2: 0.0549019612, 0.376470596, 0.450980395, 0.239215687
vb0[71]+000 TEXCOORD3: 0.0549019612, 0.376470596, 0.450980395, 0.239215687
vb0[71]+024 TANGENT: 0.924715877, -0.378599346, 0.0395357609, -1

vb0[72]+000 POSITION: 0.0628748015, 1.35501337, 0.0764200389
vb0[72]+012 NORMAL: 0.928622067, -0.0383218527, 0.369042575
vb0[72]+000 COLOR: 0.505882382, 0.768627465, 0.501960814, 0.239215687
vb0[72]+000 TEXCOORD: 0.505882382, 0.768627465, 0.501960814, 0.239215687
vb0[72]+000 TEXCOORD1: 0.505882382, 0.768627465, 0.501960814, 0.239215687
vb0[72]+000 TEXCOORD2: 0.505882382, 0.768627465, 0.501960814, 0.239215687
vb0[72]+000 TEXCOORD3: 0.505882382, 0.768627465, 0.501960814, 0.239215687
vb0[72]+024 TANGENT: 0.933815122, -0.338427305, 0.116001017, -1

vb0[73]+000 POSITION: 0.059503153, 1.34854889, 0.0481157005
vb0[73]+012 NORMAL: 0.987401664, -0.0181359425, 0.157191172
vb0[73]+000 COLOR: 0.580392182, 0.725490212, 0.450980395, 0.239215687
vb0[73]+000 TEXCOORD: 0.580392182, 0.725490212, 0.450980395, 0.239215687
vb0[73]+000 TEXCOORD1: 0.580392182, 0.725490212, 0.450980395, 0.239215687
vb0[73]+000 TEXCOORD2: 0.580392182, 0.725490212, 0.450980395, 0.239215687
vb0[73]+000 TEXCOORD3: 0.580392182, 0.725490212, 0.450980395, 0.239215687
vb0[73]+024 TANGENT: 0.858270049, -0.489241093, -0.154969811, -1

vb0[74]+000 POSITION: 0.0642198846, 1.35655475, 0.04717841
vb0[74]+012 NORMAL: 0.988351643, -0.0151543608, 0.15143089
vb0[74]+000 COLOR: 0.717647076, 0.521568656, 0.513725519, 0.239215687
vb0[74]+000 TEXCOORD: 0.717647076, 0.521568656, 0.513725519, 0.239215687
vb0[74]+000 TEXCOORD1: 0.717647076, 0.521568656, 0.513725519, 0.239215687
vb0[74]+000 TEXCOORD2: 0.717647076, 0.521568656, 0.513725519, 0.239215687
vb0[74]+000 TEXCOORD3: 0.717647076, 0.521568656, 0.513725519, 0.239215687
vb0[74]+024 TANGENT: 0.88805449, -0.430105299, -0.162383974, -1

vb0[75]+000 POSITION: 0.0616962165, 1.35875058, 0.0367441699
vb0[75]+012 NORMAL: 0.988353491, -0.0148755228, 0.151446372
vb0[75]+000 COLOR: 0.172549024, 0.709803939, 0.486274511, 0.239215687
vb0[75]+000 TEXCOORD: 0.172549024, 0.709803939, 0.486274511, 0.239215687
vb0[75]+000 TEXCOORD1: 0.172549024, 0.709803939, 0.486274511, 0.239215687
vb0[75]+000 TEXCOORD2: 0.172549024, 0.709803939, 0.486274511, 0.239215687
vb0[75]+000 TEXCOORD3: 0.172549024, 0.709803939, 0.486274511, 0.239215687
vb0[75]+024 TANGENT: 0.859443784, -0.419297516, -0.292482436, -1

vb0[76]+000 POSITION: 0.0586878993, 1.35236251, 0.0381438211
vb0[76]+012 NORMAL: 0.988340616, -0.0166224129, 0.151349187
vb0[76]+000 COLOR: 0.725490212, 0.384313732, 0.43921569, 0.239215687
vb0[76]+000 TEXCOORD: 0.725490212, 0.384313732, 0.43921569, 0.239215687
vb0[76]+000 TEXCOORD1: 0.725490212, 0.384313732, 0.43921569, 0.239215687
vb0[76]+000 TEXCOORD2: 0.725490212, 0.384313732, 0.43921569, 0.239215687
vb0[76]+000 TEXCOORD3: 0.725490212, 0.384313732, 0.43921569, 0.239215687
vb0[76]+024 TANGENT: 0.82886976, -0.48210308, -0.283816159, -1

vb0[77]+000 POSITION: 0.0679082051, 1.37465549, 0.0343014412
vb0[77]+012 NORMAL: 0.988394499, -0.00862948038, 0.151663646
vb0[77]+000 COLOR: 0.458823532, 0.0745098069, 0.545098066, 0.239215687
vb0[77]+000 TEXCOORD: 0.458823532, 0.0745098069, 0.545098066, 0.239215687
vb0[77]+000 TEXCOORD1: 0.458823532, 0.0745098069, 0.545098066, 0.239215687
vb0[77]+000 TEXCOORD2: 0.458823532, 0.0745098069, 0.545098066, 0.239215687
vb0[77]+000 TEXCOORD3: 0.458823532, 0.0745098069, 0.545098066, 0.239215687
vb0[77]+024 TANGENT: 0.855029583, -0.406149477, -0.322439313, -1

vb0[78]+000 POSITION: 0.0586946532, 1.34543467, 0.0766804591
vb0[78]+012 NORMAL: 0.913753271, -0.0482350923, 0.403395951
vb0[78]+000 COLOR: 0.807843149, 0.411764711, 0.43921569, 0.239215687
vb0[78]+000 TEXCOORD: 0.807843149, 0.411764711, 0.43921569, 0.239215687
vb0[78]+000 TEXCOORD1: 0.807843149, 0.411764711, 0.43921569, 0.239215687
vb0[78]+000 TEXCOORD2: 0.807843149, 0.411764711, 0.43921569, 0.239215687
vb0[78]+000 TEXCOORD3: 0.807843149, 0.411764711, 0.43921569, 0.239215687
vb0[78]+024 TANGENT: 0.912912428, -0.395671636, 0.100174189, -1

vb0[79]+000 POSITION: 0.0572689697, 1.34520257, 0.085243836
vb0[79]+012 NORMAL: 0.867379606, -0.0594624393, 0.494081646
vb0[79]+000 COLOR: 0.870588243, 0.572549045, 0.41568628, 0.239215687
vb0[79]+000 TEXCOORD: 0.870588243, 0.572549045, 0.41568628, 0.239215687
vb0[79]+000 TEXCOORD1: 0.870588243, 0.572549045, 0.41568628, 0.239215687
vb0[79]+000 TEXCOORD2: 0.870588243, 0.572549045, 0.41568628, 0.239215687
vb0[79]+000 TEXCOORD3: 0.870588243, 0.572549045, 0.41568628, 0.239215687
vb0[79]+024 TANGENT: 0.888509631, -0.353843451, 0.292139322, -1

vb0[80]+000 POSITION: 0.0608790852, 1.35486126, 0.0851527974
vb0[80]+012 NORMAL: 0.883805215, -0.0478152782, 0.465405256
vb0[80]+000 COLOR: 0.349019617, 0.360784322, 0.474509805, 0.239215687
vb0[80]+000 TEXCOORD: 0.349019617, 0.360784322, 0.474509805, 0.239215687
vb0[80]+000 TEXCOORD1: 0.349019617, 0.360784322, 0.474509805, 0.239215687
vb0[80]+000 TEXCOORD2: 0.349019617, 0.360784322, 0.474509805, 0.239215687
vb0[80]+000 TEXCOORD3: 0.349019617, 0.360784322, 0.474509805, 0.239215687
vb0[80]+024 TANGENT: 0.909433544, -0.297997564, 0.290048212, -1

vb0[81]+000 POSITION: 0.0584192686, 1.35471892, 0.0908961073
vb0[81]+012 NORMAL: 0.846137941, -0.0524604656, 0.530375898
vb0[81]+000 COLOR: 0.0431372561, 0.286274523, 0.435294122, 0.239215687
vb0[81]+000 TEXCOORD: 0.0431372561, 0.286274523, 0.435294122, 0.239215687
vb0[81]+000 TEXCOORD1: 0.0431372561, 0.286274523, 0.435294122, 0.239215687
vb0[81]+000 TEXCOORD2: 0.0431372561, 0.286274523, 0.435294122, 0.239215687
vb0[81]+000 TEXCOORD3: 0.0431372561, 0.286274523, 0.435294122, 0.239215687
vb0[81]+024 TANGENT: 0.852748513, -0.274828851, 0.444172412, -1

vb0[82]+000 POSITION: 0.0528207831, 1.34491646, 0.0943268836
vb0[82]+012 NORMAL: 0.773703992, -0.0731719136, 0.629307568
vb0[82]+000 COLOR: 0.607843161, 0.352941185, 0.345098048, 0.239215687
vb0[82]+000 TEXCOORD: 0.607843161, 0.352941185, 0.345098048, 0.239215687
vb0[82]+000 TEXCOORD1: 0.607843161, 0.352941185, 0.345098048, 0.239215687
vb0[82]+000 TEXCOORD2: 0.607843161, 0.352941185, 0.345098048, 0.239215687
vb0[82]+000 TEXCOORD3: 0.607843161, 0.352941185, 0.345098048, 0.239215687
vb0[82]+024 TANGENT: 0.766399443, -0.305533379, 0.565049827, -1

vb0[83]+000 POSITION: 0.0549527854, 1.35458672, 0.0963062197
vb0[83]+012 NORMAL: 0.781987309, -0.0610853992, 0.620293796
vb0[83]+000 COLOR: 0.172549024, 0.0862745121, 0.380392164, 0.239215687
vb0[83]+000 TEXCOORD: 0.172549024, 0.0862745121, 0.380392164, 0.239215687
vb0[83]+000 TEXCOORD1: 0.172549024, 0.0862745121, 0.380392164, 0.239215687
vb0[83]+000 TEXCOORD2: 0.172549024, 0.0862745121, 0.380392164, 0.239215687
vb0[83]+000 TEXCOORD3: 0.172549024, 0.0862745121, 0.380392164, 0.239215687
vb0[83]+024 TANGENT: 0.75030303, -0.245850965, 0.613679528, -1

vb0[84]+000 POSITION: 0.0499968231, 1.35455441, 0.101135463
vb0[84]+012 NORMAL: 0.731640637, -0.0673521459, 0.678355217
vb0[84]+000 COLOR: 0.470588237, 0.788235307, 0.298039228, 0.239215687
vb0[84]+000 TEXCOORD: 0.470588237, 0.788235307, 0.298039228, 0.239215687
vb0[84]+000 TEXCOORD1: 0.470588237, 0.788235307, 0.298039228, 0.239215687
vb0[84]+000 TEXCOORD2: 0.470588237, 0.788235307, 0.298039228, 0.239215687
vb0[84]+000 TEXCOORD3: 0.470588237, 0.788235307, 0.298039228, 0.239215687
vb0[84]+024 TANGENT: 0.63962847, -0.219543949, 0.736665428, -1

vb0[85]+000 POSITION: 0.0440260246, 1.34508026, 0.10327629
vb0[85]+012 NORMAL: 0.668351769, -0.0860161781, 0.738855302
vb0[85]+000 COLOR: 0.635294139, 0.329411775, 0.203921571, 0.239215687
vb0[85]+000 TEXCOORD: 0.635294139, 0.329411775, 0.203921571, 0.239215687
vb0[85]+000 TEXCOORD1: 0.635294139, 0.329411775, 0.203921571, 0.239215687
vb0[85]+000 TEXCOORD2: 0.635294139, 0.329411775, 0.203921571, 0.239215687
vb0[85]+000 TEXCOORD3: 0.635294139, 0.329411775, 0.203921571, 0.239215687
vb0[85]+024 TANGENT: 0.58889854, -0.208962008, 0.780726135, -1

vb0[86]+000 POSITION: 0.0445386022, 1.35471809, 0.105158292
vb0[86]+012 NORMAL: 0.676039875, -0.0711293146, 0.733424008
vb0[86]+000 COLOR: 0.109803922, 0.431372553, 0.211764708, 0.239215687
vb0[86]+000 TEXCOORD: 0.109803922, 0.431372553, 0.211764708, 0.239215687
vb0[86]+000 TEXCOORD1: 0.109803922, 0.431372553, 0.211764708, 0.239215687
vb0[86]+000 TEXCOORD2: 0.109803922, 0.431372553, 0.211764708, 0.239215687
vb0[86]+000 TEXCOORD3: 0.109803922, 0.431372553, 0.211764708, 0.239215687
vb0[86]+024 TANGENT: 0.5327456, -0.182295561, 0.826408148, -1

vb0[87]+000 POSITION: 0.0379851051, 1.35499406, 0.108965777
vb0[87]+012 NORMAL: 0.569326878, -0.0780031979, 0.81840235
vb0[87]+000 COLOR: 0.270588249, 0.588235319, 0.105882354, 0.239215687
vb0[87]+000 TEXCOORD: 0.270588249, 0.588235319, 0.105882354, 0.239215687
vb0[87]+000 TEXCOORD1: 0.270588249, 0.588235319, 0.105882354, 0.239215687
vb0[87]+000 TEXCOORD2: 0.270588249, 0.588235319, 0.105882354, 0.239215687
vb0[87]+000 TEXCOORD3: 0.270588249, 0.588235319, 0.105882354, 0.239215687
vb0[87]+024 TANGENT: 0.474835426, -0.155264273, 0.866270363, -1

vb0[88]+000 POSITION: 0.0364136137, 1.34543788, 0.108285986
vb0[88]+012 NORMAL: 0.544181883, -0.0944747925, 0.833630919
vb0[88]+000 COLOR: 0.443137258, 0.149019614, 0.0823529437, 0.239215687
vb0[88]+000 TEXCOORD: 0.443137258, 0.149019614, 0.0823529437, 0.239215687
vb0[88]+000 TEXCOORD1: 0.443137258, 0.149019614, 0.0823529437, 0.239215687
vb0[88]+000 TEXCOORD2: 0.443137258, 0.149019614, 0.0823529437, 0.239215687
vb0[88]+000 TEXCOORD3: 0.443137258, 0.149019614, 0.0823529437, 0.239215687
vb0[88]+024 TANGENT: 0.485256702, -0.148245215, 0.861712992, -1

vb0[89]+000 POSITION: 0.0321282893, 1.35524273, 0.112014018
vb0[89]+012 NORMAL: 0.494045734, -0.0827810839, 0.865486026
vb0[89]+000 COLOR: 0.956862748, 0.596078455, 0.0117647061, 0.239215687
vb0[89]+000 TEXCOORD: 0.956862748, 0.596078455, 0.0117647061, 0.239215687
vb0[89]+000 TEXCOORD1: 0.956862748, 0.596078455, 0.0117647061, 0.239215687
vb0[89]+000 TEXCOORD2: 0.956862748, 0.596078455, 0.0117647061, 0.239215687
vb0[89]+000 TEXCOORD3: 0.956862748, 0.596078455, 0.0117647061, 0.239215687
vb0[89]+024 TANGENT: 0.40245986, -0.13091208, 0.906028807, -1

vb0[90]+000 POSITION: 0.038954176, 1.36503136, 0.110154808
vb0[90]+012 NORMAL: 0.579044521, -0.0605057217, 0.813047588
vb0[90]+000 COLOR: 0.41568628, 0.556862772, 0.121568628, 0.239215687
vb0[90]+000 TEXCOORD: 0.41568628, 0.556862772, 0.121568628, 0.239215687
vb0[90]+000 TEXCOORD1: 0.41568628, 0.556862772, 0.121568628, 0.239215687
vb0[90]+000 TEXCOORD2: 0.41568628, 0.556862772, 0.121568628, 0.239215687
vb0[90]+000 TEXCOORD3: 0.41568628, 0.556862772, 0.121568628, 0.239215687
vb0[90]+024 TANGENT: 0.438364118, -0.109420948, 0.892112017, -1

vb0[91]+000 POSITION: 0.045265954, 1.36498666, 0.106809214
vb0[91]+012 NORMAL: 0.679625988, -0.0549717508, 0.731496036
vb0[91]+000 COLOR: 0.796078444, 0.407843143, 0.223529413, 0.239215687
vb0[91]+000 TEXCOORD: 0.796078444, 0.407843143, 0.223529413, 0.239215687
vb0[91]+000 TEXCOORD1: 0.796078444, 0.407843143, 0.223529413, 0.239215687
vb0[91]+000 TEXCOORD2: 0.796078444, 0.407843143, 0.223529413, 0.239215687
vb0[91]+000 TEXCOORD3: 0.796078444, 0.407843143, 0.223529413, 0.239215687
vb0[91]+024 TANGENT: 0.52415204, -0.124257095, 0.842511058, -1

vb0[92]+000 POSITION: 0.0514095426, 1.36499918, 0.102502145
vb0[92]+012 NORMAL: 0.740137815, -0.050620053, 0.670547247
vb0[92]+000 COLOR: 0.815686285, 0.572549045, 0.321568638, 0.239215687
vb0[92]+000 TEXCOORD: 0.815686285, 0.572549045, 0.321568638, 0.239215687
vb0[92]+000 TEXCOORD1: 0.815686285, 0.572549045, 0.321568638, 0.239215687
vb0[92]+000 TEXCOORD2: 0.815686285, 0.572549045, 0.321568638, 0.239215687
vb0[92]+000 TEXCOORD3: 0.815686285, 0.572549045, 0.321568638, 0.239215687
vb0[92]+024 TANGENT: 0.626554906, -0.122656837, 0.769665062, -1

vb0[93]+000 POSITION: 0.0565400124, 1.36517382, 0.0977090746
vb0[93]+012 NORMAL: 0.790355444, -0.046371989, 0.610891104
vb0[93]+000 COLOR: 0.501960814, 0.588235319, 0.403921574, 0.239215687
vb0[93]+000 TEXCOORD: 0.501960814, 0.588235319, 0.403921574, 0.239215687
vb0[93]+000 TEXCOORD1: 0.501960814, 0.588235319, 0.403921574, 0.239215687
vb0[93]+000 TEXCOORD2: 0.501960814, 0.588235319, 0.403921574, 0.239215687
vb0[93]+000 TEXCOORD3: 0.501960814, 0.588235319, 0.403921574, 0.239215687
vb0[93]+024 TANGENT: 0.743328035, -0.143212676, 0.653416872, -1

vb0[94]+000 POSITION: 0.0609559342, 1.36542392, 0.0914539471
vb0[94]+012 NORMAL: 0.857360244, -0.0394778773, 0.513200581
vb0[94]+000 COLOR: 0.933333337, 0.674509823, 0.474509805, 0.239215687
vb0[94]+000 TEXCOORD: 0.933333337, 0.674509823, 0.474509805, 0.239215687
vb0[94]+000 TEXCOORD1: 0.933333337, 0.674509823, 0.474509805, 0.239215687
vb0[94]+000 TEXCOORD2: 0.933333337, 0.674509823, 0.474509805, 0.239215687
vb0[94]+000 TEXCOORD3: 0.933333337, 0.674509823, 0.474509805, 0.239215687
vb0[94]+024 TANGENT: 0.853607476, -0.184309319, 0.487221152, -1

vb0[95]+000 POSITION: 0.0288289413, 1.3459233, 0.111954063
vb0[95]+012 NORMAL: 0.453717232, -0.0998647586, 0.885532439
vb0[95]+000 COLOR: 0.674509823, 0.164705887, 0.925490201, 0.235294119
vb0[95]+000 TEXCOORD: 0.674509823, 0.164705887, 0.925490201, 0.235294119
vb0[95]+000 TEXCOORD1: 0.674509823, 0.164705887, 0.925490201, 0.235294119
vb0[95]+000 TEXCOORD2: 0.674509823, 0.164705887, 0.925490201, 0.235294119
vb0[95]+000 TEXCOORD3: 0.674509823, 0.164705887, 0.925490201, 0.235294119
vb0[95]+024 TANGENT: 0.387286276, -0.14209336, 0.910943985, -1

vb0[96]+000 POSITION: 0.0262536965, 1.35562408, 0.114351586
vb0[96]+012 NORMAL: 0.41548878, -0.0852807164, 0.905591667
vb0[96]+000 COLOR: 0.996078432, 0.0666666701, 0.843137264, 0.235294119
vb0[96]+000 TEXCOORD: 0.996078432, 0.0666666701, 0.843137264, 0.235294119
vb0[96]+000 TEXCOORD1: 0.996078432, 0.0666666701, 0.843137264, 0.235294119
vb0[96]+000 TEXCOORD2: 0.996078432, 0.0666666701, 0.843137264, 0.235294119
vb0[96]+000 TEXCOORD3: 0.996078432, 0.0666666701, 0.843137264, 0.235294119
vb0[96]+024 TANGENT: 0.349440038, -0.104999058, 0.931056857, -1

vb0[97]+000 POSITION: 0.0222611688, 1.34658504, 0.114627808
vb0[97]+012 NORMAL: 0.368224293, -0.102909498, 0.924024105
vb0[97]+000 COLOR: 0.0549019612, 0.36470589, 0.713725507, 0.235294119
vb0[97]+000 TEXCOORD: 0.0549019612, 0.36470589, 0.713725507, 0.235294119
vb0[97]+000 TEXCOORD1: 0.0549019612, 0.36470589, 0.713725507, 0.235294119
vb0[97]+000 TEXCOORD2: 0.0549019612, 0.36470589, 0.713725507, 0.235294119
vb0[97]+000 TEXCOORD3: 0.0549019612, 0.36470589, 0.713725507, 0.235294119
vb0[97]+024 TANGENT: 0.437092811, -0.106684923, 0.893066764, -1

vb0[98]+000 POSITION: 0.0207633711, 1.35610271, 0.116436765
vb0[98]+012 NORMAL: 0.341817945, -0.0870457366, 0.935726225
vb0[98]+000 COLOR: 0.949019611, 0.0901960805, 0.666666687, 0.235294119
vb0[98]+000 TEXCOORD: 0.949019611, 0.0901960805, 0.666666687, 0.235294119
vb0[98]+000 TEXCOORD1: 0.949019611, 0.0901960805, 0.666666687, 0.235294119
vb0[98]+000 TEXCOORD2: 0.949019611, 0.0901960805, 0.666666687, 0.235294119
vb0[98]+000 TEXCOORD3: 0.949019611, 0.0901960805, 0.666666687, 0.235294119
vb0[98]+024 TANGENT: 0.429430276, -0.0495581031, 0.90173918, -1

vb0[99]+000 POSITION: 0.0263818353, 1.36528242, 0.115001962
vb0[99]+012 NORMAL: 0.419331342, -0.0668899044, 0.905365586
vb0[99]+000 COLOR: 0.721568644, 0.117647059, 0.847058833, 0.235294119
vb0[99]+000 TEXCOORD: 0.721568644, 0.117647059, 0.847058833, 0.235294119
vb0[99]+000 TEXCOORD1: 0.721568644, 0.117647059, 0.847058833, 0.235294119
vb0[99]+000 TEXCOORD2: 0.721568644, 0.117647059, 0.847058833, 0.235294119
vb0[99]+000 TEXCOORD3: 0.721568644, 0.117647059, 0.847058833, 0.235294119
vb0[99]+024 TANGENT: 0.315247595, -0.0486526489, 0.947761536, -1

vb0[100]+000 POSITION: 0.0330152288, 1.36506546, 0.112817712
vb0[100]+012 NORMAL: 0.505226314, -0.0637833104, 0.860626578
vb0[100]+000 COLOR: 0.980392158, 0.227450982, 0.0274509806, 0.239215687
vb0[100]+000 TEXCOORD: 0.980392158, 0.227450982, 0.0274509806, 0.239215687
vb0[100]+000 TEXCOORD1: 0.980392158, 0.227450982, 0.0274509806, 0.239215687
vb0[100]+000 TEXCOORD2: 0.980392158, 0.227450982, 0.0274509806, 0.239215687
vb0[100]+000 TEXCOORD3: 0.980392158, 0.227450982, 0.0274509806, 0.239215687
vb0[100]+024 TANGENT: 0.360464692, -0.0757166147, 0.929694653, -1

vb0[101]+000 POSITION: 0.0400444083, 1.37512004, 0.110515319
vb0[101]+012 NORMAL: 0.619240284, -0.0370433182, 0.784327209
vb0[101]+000 COLOR: 0.607843161, 0.0196078438, 0.141176477, 0.239215687
vb0[101]+000 TEXCOORD: 0.607843161, 0.0196078438, 0.141176477, 0.239215687
vb0[101]+000 TEXCOORD1: 0.607843161, 0.0196078438, 0.141176477, 0.239215687
vb0[101]+000 TEXCOORD2: 0.607843161, 0.0196078438, 0.141176477, 0.239215687
vb0[101]+000 TEXCOORD3: 0.607843161, 0.0196078438, 0.141176477, 0.239215687
vb0[101]+024 TANGENT: 0.417782784, -0.0319196582, 0.907986045, -1

vb0[102]+000 POSITION: 0.0460797139, 1.37508965, 0.107442796
vb0[102]+012 NORMAL: 0.682162225, -0.0375753939, 0.730234802
vb0[102]+000 COLOR: 0.0823529437, 0.745098054, 0.235294119, 0.239215687
vb0[102]+000 TEXCOORD: 0.0823529437, 0.745098054, 0.235294119, 0.239215687
vb0[102]+000 TEXCOORD1: 0.0823529437, 0.745098054, 0.235294119, 0.239215687
vb0[102]+000 TEXCOORD2: 0.0823529437, 0.745098054, 0.235294119, 0.239215687
vb0[102]+000 TEXCOORD3: 0.0823529437, 0.745098054, 0.235294119, 0.239215687
vb0[102]+024 TANGENT: 0.534287512, -0.0454106294, 0.844082117, -1

vb0[103]+000 POSITION: 0.0520302504, 1.37520266, 0.102810085
vb0[103]+012 NORMAL: 0.743994832, -0.0332391448, 0.6673581
vb0[103]+000 COLOR: 0.674509823, 0.113725491, 0.333333343, 0.239215687
vb0[103]+000 TEXCOORD: 0.674509823, 0.113725491, 0.333333343, 0.239215687
vb0[103]+000 TEXCOORD1: 0.674509823, 0.113725491, 0.333333343, 0.239215687
vb0[103]+000 TEXCOORD2: 0.674509823, 0.113725491, 0.333333343, 0.239215687
vb0[103]+000 TEXCOORD3: 0.674509823, 0.113725491, 0.333333343, 0.239215687
vb0[103]+024 TANGENT: 0.637778163, -0.0487555861, 0.768675447, -1

vb0[104]+000 POSITION: 0.0572241805, 1.37539339, 0.0981005058
vb0[104]+012 NORMAL: 0.794441462, -0.0290129017, 0.606647491
vb0[104]+000 COLOR: 0.905882359, 0.388235301, 0.41568628, 0.239215687
vb0[104]+000 TEXCOORD: 0.905882359, 0.388235301, 0.41568628, 0.239215687
vb0[104]+000 TEXCOORD1: 0.905882359, 0.388235301, 0.41568628, 0.239215687
vb0[104]+000 TEXCOORD2: 0.905882359, 0.388235301, 0.41568628, 0.239215687
vb0[104]+000 TEXCOORD3: 0.905882359, 0.388235301, 0.41568628, 0.239215687
vb0[104]+024 TANGENT: 0.719088614, -0.0585688874, 0.692445874, -1

vb0[105]+000 POSITION: 0.0173315834, 1.36604643, 0.118048005
vb0[105]+012 NORMAL: 0.254940778, -0.0698177516, 0.964432836
vb0[105]+000 COLOR: 0.968627453, 0.980392158, 0.552941203, 0.235294119
vb0[105]+000 TEXCOORD: 0.968627453, 0.980392158, 0.552941203, 0.235294119
vb0[105]+000 TEXCOORD1: 0.968627453, 0.980392158, 0.552941203, 0.235294119
vb0[105]+000 TEXCOORD2: 0.968627453, 0.980392158, 0.552941203, 0.235294119
vb0[105]+000 TEXCOORD3: 0.968627453, 0.980392158, 0.552941203, 0.235294119
vb0[105]+024 TANGENT: 0.341504961, 0.0520597659, 0.938437045, -1

vb0[106]+000 POSITION: 0.0266382713, 1.37532151, 0.115281247
vb0[106]+012 NORMAL: 0.42059651, -0.0436098389, 0.906198978
vb0[106]+000 COLOR: 0.505882382, 0.219607845, 0.854901969, 0.235294119
vb0[106]+000 TEXCOORD: 0.505882382, 0.219607845, 0.854901969, 0.235294119
vb0[106]+000 TEXCOORD1: 0.505882382, 0.219607845, 0.854901969, 0.235294119
vb0[106]+000 TEXCOORD2: 0.505882382, 0.219607845, 0.854901969, 0.235294119
vb0[106]+000 TEXCOORD3: 0.505882382, 0.219607845, 0.854901969, 0.235294119
vb0[106]+024 TANGENT: 0.276664615, -0.0213674903, 0.960729003, -1

vb0[107]+000 POSITION: 0.0337627865, 1.37515426, 0.113027066
vb0[107]+012 NORMAL: 0.511658311, -0.0406926498, 0.858224869
vb0[107]+000 COLOR: 0.850980401, 0.290196091, 0.0392156877, 0.239215687
vb0[107]+000 TEXCOORD: 0.850980401, 0.290196091, 0.0392156877, 0.239215687
vb0[107]+000 TEXCOORD1: 0.850980401, 0.290196091, 0.0392156877, 0.239215687
vb0[107]+000 TEXCOORD2: 0.850980401, 0.290196091, 0.0392156877, 0.239215687
vb0[107]+000 TEXCOORD3: 0.850980401, 0.290196091, 0.0392156877, 0.239215687
vb0[107]+024 TANGENT: 0.341923773, -0.0312753916, 0.939207077, -1

vb0[108]+000 POSITION: 0.0408402942, 1.38471031, 0.110142946
vb0[108]+012 NORMAL: 0.624337733, -0.0159703381, 0.780991197
vb0[108]+000 COLOR: 0.152941182, 0.282352954, 0.152941182, 0.239215687
vb0[108]+000 TEXCOORD: 0.152941182, 0.282352954, 0.152941182, 0.239215687
vb0[108]+000 TEXCOORD1: 0.152941182, 0.282352954, 0.152941182, 0.239215687
vb0[108]+000 TEXCOORD2: 0.152941182, 0.282352954, 0.152941182, 0.239215687
vb0[108]+000 TEXCOORD3: 0.152941182, 0.282352954, 0.152941182, 0.239215687
vb0[108]+024 TANGENT: 0.443861574, -0.0152636198, 0.895965397, -1

vb0[109]+000 POSITION: 0.0469328873, 1.38471103, 0.106851049
vb0[109]+012 NORMAL: 0.688246787, -0.0160517786, 0.72529906
vb0[109]+000 COLOR: 0.701960802, 0.235294119, 0.250980407, 0.239215687
vb0[109]+000 TEXCOORD: 0.701960802, 0.235294119, 0.250980407, 0.239215687
vb0[109]+000 TEXCOORD1: 0.701960802, 0.235294119, 0.250980407, 0.239215687
vb0[109]+000 TEXCOORD2: 0.701960802, 0.235294119, 0.250980407, 0.239215687
vb0[109]+000 TEXCOORD3: 0.701960802, 0.235294119, 0.250980407, 0.239215687
vb0[109]+024 TANGENT: 0.534378052, -0.0149688711, 0.845113039, -1

vb0[110]+000 POSITION: 0.0527816936, 1.38474464, 0.102444045
vb0[110]+012 NORMAL: 0.748131394, -0.0160809811, 0.663355768
vb0[110]+000 COLOR: 0.619607866, 0.192156866, 0.345098048, 0.239215687
vb0[110]+000 TEXCOORD: 0.619607866, 0.192156866, 0.345098048, 0.239215687
vb0[110]+000 TEXCOORD1: 0.619607866, 0.192156866, 0.345098048, 0.239215687
vb0[110]+000 TEXCOORD2: 0.619607866, 0.192156866, 0.345098048, 0.239215687
vb0[110]+000 TEXCOORD3: 0.619607866, 0.192156866, 0.345098048, 0.239215687
vb0[110]+024 TANGENT: 0.631493211, -0.0427609719, 0.774201453, -1

vb0[111]+000 POSITION: 0.0575768128, 1.38479292, 0.0982598737
vb0[111]+012 NORMAL: 0.796568334, -0.0131851621, 0.604404569
vb0[111]+000 COLOR: 0.666666687, 0.835294127, 0.419607848, 0.239215687
vb0[111]+000 TEXCOORD: 0.666666687, 0.835294127, 0.419607848, 0.239215687
vb0[111]+000 TEXCOORD1: 0.666666687, 0.835294127, 0.419607848, 0.239215687
vb0[111]+000 TEXCOORD2: 0.666666687, 0.835294127, 0.419607848, 0.239215687
vb0[111]+000 TEXCOORD3: 0.666666687, 0.835294127, 0.419607848, 0.239215687
vb0[111]+024 TANGENT: 0.703455031, -0.0574795678, 0.708411753, -1

vb0[112]+000 POSITION: 0.053188879, 1.39187253, 0.102744907
vb0[112]+012 NORMAL: 0.748665988, 0.000236930864, 0.662947237
vb0[112]+000 COLOR: 0.58431375, 0.862745106, 0.349019617, 0.239215687
vb0[112]+000 TEXCOORD: 0.58431375, 0.862745106, 0.349019617, 0.239215687
vb0[112]+000 TEXCOORD1: 0.58431375, 0.862745106, 0.349019617, 0.239215687
vb0[112]+000 TEXCOORD2: 0.58431375, 0.862745106, 0.349019617, 0.239215687
vb0[112]+000 TEXCOORD3: 0.58431375, 0.862745106, 0.349019617, 0.239215687
vb0[112]+024 TANGENT: 0.608873844, -0.0838179663, 0.788826466, -1

vb0[113]+000 POSITION: 0.0475790724, 1.39190304, 0.106609963
vb0[113]+012 NORMAL: 0.691385806, 0.000358441583, 0.722485781
vb0[113]+000 COLOR: 0.274509817, 0.886274517, 0.258823544, 0.239215687
vb0[113]+000 TEXCOORD: 0.274509817, 0.886274517, 0.258823544, 0.239215687
vb0[113]+000 TEXCOORD1: 0.274509817, 0.886274517, 0.258823544, 0.239215687
vb0[113]+000 TEXCOORD2: 0.274509817, 0.886274517, 0.258823544, 0.239215687
vb0[113]+000 TEXCOORD3: 0.274509817, 0.886274517, 0.258823544, 0.239215687
vb0[113]+024 TANGENT: 0.525226355, -0.0535939261, 0.849273145, -1

vb0[114]+000 POSITION: 0.0414712355, 1.39193618, 0.109997615
vb0[114]+012 NORMAL: 0.626880646, 0.000443367957, 0.77911514
vb0[114]+000 COLOR: 0.745098054, 0.866666675, 0.160784319, 0.239215687
vb0[114]+000 TEXCOORD: 0.745098054, 0.866666675, 0.160784319, 0.239215687
vb0[114]+000 TEXCOORD1: 0.745098054, 0.866666675, 0.160784319, 0.239215687
vb0[114]+000 TEXCOORD2: 0.745098054, 0.866666675, 0.160784319, 0.239215687
vb0[114]+000 TEXCOORD3: 0.745098054, 0.866666675, 0.160784319, 0.239215687
vb0[114]+024 TANGENT: 0.457991302, -0.0549132824, 0.887259007, -1

vb0[115]+000 POSITION: 0.0421859436, 1.39969003, 0.110362947
vb0[115]+012 NORMAL: 0.624281168, 0.0187965035, 0.780973554
vb0[115]+000 COLOR: 0.168627456, 0.796078444, 0.172549024, 0.239215687
vb0[115]+000 TEXCOORD: 0.168627456, 0.796078444, 0.172549024, 0.239215687
vb0[115]+000 TEXCOORD1: 0.168627456, 0.796078444, 0.172549024, 0.239215687
vb0[115]+000 TEXCOORD2: 0.168627456, 0.796078444, 0.172549024, 0.239215687
vb0[115]+000 TEXCOORD3: 0.168627456, 0.796078444, 0.172549024, 0.239215687
vb0[115]+024 TANGENT: 0.452160805, -0.112845235, 0.884769201, -1

vb0[116]+000 POSITION: 0.0347809419, 1.39197814, 0.113233037
vb0[116]+012 NORMAL: 0.518531084, 0.000212749757, 0.855058789
vb0[116]+000 COLOR: 0.4627451, 0.4627451, 0.0549019612, 0.239215687
vb0[116]+000 TEXCOORD: 0.4627451, 0.4627451, 0.0549019612, 0.239215687
vb0[116]+000 TEXCOORD1: 0.4627451, 0.4627451, 0.0549019612, 0.239215687
vb0[116]+000 TEXCOORD2: 0.4627451, 0.4627451, 0.0549019612, 0.239215687
vb0[116]+000 TEXCOORD3: 0.4627451, 0.4627451, 0.0549019612, 0.239215687
vb0[116]+024 TANGENT: 0.373239487, -0.0517811142, 0.926288724, -1

vb0[117]+000 POSITION: 0.0343752727, 1.38472903, 0.113119282
vb0[117]+012 NORMAL: 0.516408682, -0.0189629178, 0.856132329
vb0[117]+000 COLOR: 0.0862745121, 0.80392158, 0.0470588244, 0.239215687
vb0[117]+000 TEXCOORD: 0.0862745121, 0.80392158, 0.0470588244, 0.239215687
vb0[117]+000 TEXCOORD1: 0.0862745121, 0.80392158, 0.0470588244, 0.239215687
vb0[117]+000 TEXCOORD2: 0.0862745121, 0.80392158, 0.0470588244, 0.239215687
vb0[117]+000 TEXCOORD3: 0.0862745121, 0.80392158, 0.0470588244, 0.239215687
vb0[117]+024 TANGENT: 0.365171343, -0.0321576558, 0.930384696, -1

vb0[118]+000 POSITION: 0.0268994309, 1.38480389, 0.115542695
vb0[118]+012 NORMAL: 0.421707571, -0.0190095548, 0.906532645
vb0[118]+000 COLOR: 0.196078435, 0.360784322, 0.862745106, 0.235294119
vb0[118]+000 TEXCOORD: 0.196078435, 0.360784322, 0.862745106, 0.235294119
vb0[118]+000 TEXCOORD1: 0.196078435, 0.360784322, 0.862745106, 0.235294119
vb0[118]+000 TEXCOORD2: 0.196078435, 0.360784322, 0.862745106, 0.235294119
vb0[118]+000 TEXCOORD3: 0.196078435, 0.360784322, 0.862745106, 0.235294119
vb0[118]+024 TANGENT: 0.266361773, -0.036406938, 0.96318531, -1

vb0[119]+000 POSITION: 0.0176845044, 1.37567604, 0.11738278
vb0[119]+012 NORMAL: 0.260237366, -0.0443159342, 0.96452713
vb0[119]+000 COLOR: 0.0941176489, 0.874509811, 0.564705908, 0.235294119
vb0[119]+000 TEXCOORD: 0.0941176489, 0.874509811, 0.564705908, 0.235294119
vb0[119]+000 TEXCOORD1: 0.0941176489, 0.874509811, 0.564705908, 0.235294119
vb0[119]+000 TEXCOORD2: 0.0941176489, 0.874509811, 0.564705908, 0.235294119
vb0[119]+000 TEXCOORD3: 0.0941176489, 0.874509811, 0.564705908, 0.235294119
vb0[119]+024 TANGENT: 0.223431468, 0.0288363695, 0.974292994, -1

vb0[120]+000 POSITION: 0.0351674967, 1.39972961, 0.113585509
vb0[120]+012 NORMAL: 0.516535997, 0.0221048836, 0.855980158
vb0[120]+000 COLOR: 0.796078444, 0.0431372561, 0.0627451017, 0.239215687
vb0[120]+000 TEXCOORD: 0.796078444, 0.0431372561, 0.0627451017, 0.239215687
vb0[120]+000 TEXCOORD1: 0.796078444, 0.0431372561, 0.0627451017, 0.239215687
vb0[120]+000 TEXCOORD2: 0.796078444, 0.0431372561, 0.0627451017, 0.239215687
vb0[120]+000 TEXCOORD3: 0.796078444, 0.0431372561, 0.0627451017, 0.239215687
vb0[120]+024 TANGENT: 0.358374417, -0.0822067857, 0.929951489, -1

vb0[121]+000 POSITION: 0.0269252285, 1.39202631, 0.115861826
vb0[121]+012 NORMAL: 0.420865059, 0.000327955873, 0.907123208
vb0[121]+000 COLOR: 0.298039228, 0.572549045, 0.862745106, 0.235294119
vb0[121]+000 TEXCOORD: 0.298039228, 0.572549045, 0.862745106, 0.235294119
vb0[121]+000 TEXCOORD1: 0.298039228, 0.572549045, 0.862745106, 0.235294119
vb0[121]+000 TEXCOORD2: 0.298039228, 0.572549045, 0.862745106, 0.235294119
vb0[121]+000 TEXCOORD3: 0.298039228, 0.572549045, 0.862745106, 0.235294119
vb0[121]+024 TANGENT: 0.264940143, -0.0486783348, 0.963035345, -1

vb0[122]+000 POSITION: 0.0180089716, 1.38488388, 0.117542952
vb0[122]+012 NORMAL: 0.263904244, -0.0197098311, 0.964347482
vb0[122]+000 COLOR: 0.552941203, 0.529411793, 0.576470613, 0.235294119
vb0[122]+000 TEXCOORD: 0.552941203, 0.529411793, 0.576470613, 0.235294119
vb0[122]+000 TEXCOORD1: 0.552941203, 0.529411793, 0.576470613, 0.235294119
vb0[122]+000 TEXCOORD2: 0.552941203, 0.529411793, 0.576470613, 0.235294119
vb0[122]+000 TEXCOORD3: 0.552941203, 0.529411793, 0.576470613, 0.235294119
vb0[122]+024 TANGENT: 0.175762936, -0.0197660904, 0.984234035, -1

vb0[123]+000 POSITION: 0.00860108621, 1.37579501, 0.119167574
vb0[123]+012 NORMAL: 0.139303759, -0.0458013453, 0.989189863
vb0[123]+000 COLOR: 0.572549045, 0.921568632, 0.0470588244, 0.235294119
vb0[123]+000 TEXCOORD: 0.572549045, 0.921568632, 0.0470588244, 0.235294119
vb0[123]+000 TEXCOORD1: 0.572549045, 0.921568632, 0.0470588244, 0.235294119
vb0[123]+000 TEXCOORD2: 0.572549045, 0.921568632, 0.0470588244, 0.235294119
vb0[123]+000 TEXCOORD3: 0.572549045, 0.921568632, 0.0470588244, 0.235294119
vb0[123]+024 TANGENT: 0.213566259, 0.132112384, 0.967954457, -1

vb0[124]+000 POSITION: 0.0181561578, 1.39207256, 0.117760859
vb0[124]+012 NORMAL: 0.265760779, 0.00018483949, 0.964038968
vb0[124]+000 COLOR: 0.223529413, 0.737254918, 0.580392182, 0.235294119
vb0[124]+000 TEXCOORD: 0.223529413, 0.737254918, 0.580392182, 0.235294119
vb0[124]+000 TEXCOORD1: 0.223529413, 0.737254918, 0.580392182, 0.235294119
vb0[124]+000 TEXCOORD2: 0.223529413, 0.737254918, 0.580392182, 0.235294119
vb0[124]+000 TEXCOORD3: 0.223529413, 0.737254918, 0.580392182, 0.235294119
vb0[124]+024 TANGENT: 0.160383835, -0.0417066813, 0.986173153, -1

vb0[125]+000 POSITION: 0.00870548747, 1.38488388, 0.118612647
vb0[125]+012 NORMAL: 0.142370015, -0.0202361494, 0.989606559
vb0[125]+000 COLOR: 0.4627451, 0.631372571, 0.0549019612, 0.235294119
vb0[125]+000 TEXCOORD: 0.4627451, 0.631372571, 0.0549019612, 0.235294119
vb0[125]+000 TEXCOORD1: 0.4627451, 0.631372571, 0.0549019612, 0.235294119
vb0[125]+000 TEXCOORD2: 0.4627451, 0.631372571, 0.0549019612, 0.235294119
vb0[125]+000 TEXCOORD3: 0.4627451, 0.631372571, 0.0549019612, 0.235294119
vb0[125]+024 TANGENT: 0.101772122, 0.0342031717, 0.994219542, -1

vb0[126]+000 POSITION: 0, 1.37617624, 0.12085548
vb0[126]+012 NORMAL: -0.0244656056, -0.0444879383, 0.998710275
vb0[126]+000 COLOR: 0, 0, 0, 0
vb0[126]+000 TEXCOORD: 0, 0, 0, 0
vb0[126]+000 TEXCOORD1: 0, 0, 0, 0
vb0[126]+000 TEXCOORD2: 0, 0, 0, 0
vb0[126]+000 TEXCOORD3: 0, 0, 0, 0
vb0[126]+024 TANGENT: 0, 0.268181056, 0.963368475, -1

vb0[127]+000 POSITION: 0.0269357841, 1.39973688, 0.116297893
vb0[127]+012 NORMAL: 0.416651964, 0.0224659927, 0.908788443
vb0[127]+000 COLOR: 0.435294122, 0.65882355, 0.862745106, 0.235294119
vb0[127]+000 TEXCOORD: 0.435294122, 0.65882355, 0.862745106, 0.235294119
vb0[127]+000 TEXCOORD1: 0.435294122, 0.65882355, 0.862745106, 0.235294119
vb0[127]+000 TEXCOORD2: 0.435294122, 0.65882355, 0.862745106, 0.235294119
vb0[127]+000 TEXCOORD3: 0.435294122, 0.65882355, 0.862745106, 0.235294119
vb0[127]+024 TANGENT: 0.257257283, -0.0625895858, 0.964313865, -1

vb0[128]+000 POSITION: 0.0353983901, 1.40815675, 0.114310719
vb0[128]+012 NORMAL: 0.512845755, 0.0411911644, 0.85749197
vb0[128]+000 COLOR: 0.905882359, 0.992156863, 0.0627451017, 0.239215687
vb0[128]+000 TEXCOORD: 0.905882359, 0.992156863, 0.0627451017, 0.239215687
vb0[128]+000 TEXCOORD1: 0.905882359, 0.992156863, 0.0627451017, 0.239215687
vb0[128]+000 TEXCOORD2: 0.905882359, 0.992156863, 0.0627451017, 0.239215687
vb0[128]+000 TEXCOORD3: 0.905882359, 0.992156863, 0.0627451017, 0.239215687
vb0[128]+024 TANGENT: 0.325595021, -0.0725588128, 0.942721009, -1

vb0[129]+000 POSITION: 0, 1.36786783, 0.124514714
vb0[129]+012 NORMAL: -0.0175796412, -0.0677472353, 0.997547567
vb0[129]+000 COLOR: 0, 0, 0, 0
vb0[129]+000 TEXCOORD: 0, 0, 0, 0
vb0[129]+000 TEXCOORD1: 0, 0, 0, 0
vb0[129]+000 TEXCOORD2: 0, 0, 0, 0
vb0[129]+000 TEXCOORD3: 0, 0, 0, 0
vb0[129]+024 TANGENT: 0, 0.363491654, 0.931597412, -1

vb0[130]+000 POSITION: 0.0081414422, 1.36689103, 0.120849982
vb0[130]+012 NORMAL: 0.12953192, -0.0698779076, 0.989109993
vb0[130]+000 COLOR: 0.686274529, 0.388235301, 0.0196078438, 0.235294119
vb0[130]+000 TEXCOORD: 0.686274529, 0.388235301, 0.0196078438, 0.235294119
vb0[130]+000 TEXCOORD1: 0.686274529, 0.388235301, 0.0196078438, 0.235294119
vb0[130]+000 TEXCOORD2: 0.686274529, 0.388235301, 0.0196078438, 0.235294119
vb0[130]+000 TEXCOORD3: 0.686274529, 0.388235301, 0.0196078438, 0.235294119
vb0[130]+024 TANGENT: 0.349896073, 0.212187886, 0.912441254, -1

vb0[131]+000 POSITION: 0.00789013226, 1.35825801, 0.123802982
vb0[131]+012 NORMAL: 0.116038822, -0.0889783502, 0.989251077
vb0[131]+000 COLOR: 0.615686297, 0.270588249, 0.00392156886, 0.235294119
vb0[131]+000 TEXCOORD: 0.615686297, 0.270588249, 0.00392156886, 0.235294119
vb0[131]+000 TEXCOORD1: 0.615686297, 0.270588249, 0.00392156886, 0.235294119
vb0[131]+000 TEXCOORD2: 0.615686297, 0.270588249, 0.00392156886, 0.235294119
vb0[131]+000 TEXCOORD3: 0.615686297, 0.270588249, 0.00392156886, 0.235294119
vb0[131]+024 TANGENT: 0.5391168, 0.28198275, 0.793623745, -1

vb0[132]+000 POSITION: 0, 1.36024165, 0.129600331
vb0[132]+012 NORMAL: 0.00802500173, -0.085567683, 0.996300042
vb0[132]+000 COLOR: 0, 0, 0, 0
vb0[132]+000 TEXCOORD: 0, 0, 0, 0
vb0[132]+000 TEXCOORD1: 0, 0, 0, 0
vb0[132]+000 TEXCOORD2: 0, 0, 0, 0
vb0[132]+000 TEXCOORD3: 0, 0, 0, 0
vb0[132]+024 TANGENT: 0, 0.593114257, 0.805118263, -1

vb0[133]+000 POSITION: 0.0148582179, 1.35690689, 0.119924217
vb0[133]+012 NORMAL: 0.212324455, -0.0896333084, 0.973079741
vb0[133]+000 COLOR: 0.886274517, 0.435294122, 0.450980395, 0.235294119
vb0[133]+000 TEXCOORD: 0.886274517, 0.435294122, 0.450980395, 0.235294119
vb0[133]+000 TEXCOORD1: 0.886274517, 0.435294122, 0.450980395, 0.235294119
vb0[133]+000 TEXCOORD2: 0.886274517, 0.435294122, 0.450980395, 0.235294119
vb0[133]+000 TEXCOORD3: 0.886274517, 0.435294122, 0.450980395, 0.235294119
vb0[133]+024 TANGENT: 0.535679758, 0.0502210893, 0.842926502, -1

vb0[134]+000 POSITION: 0.0073915259, 1.35050976, 0.126585379
vb0[134]+012 NORMAL: 0.100498743, -0.10314665, 0.989575982
vb0[134]+000 COLOR: 0.615686297, 0.203921571, 0.949019611, 0.23137255
vb0[134]+000 TEXCOORD: 0.615686297, 0.203921571, 0.949019611, 0.23137255
vb0[134]+000 TEXCOORD1: 0.615686297, 0.203921571, 0.949019611, 0.23137255
vb0[134]+000 TEXCOORD2: 0.615686297, 0.203921571, 0.949019611, 0.23137255
vb0[134]+000 TEXCOORD3: 0.615686297, 0.203921571, 0.949019611, 0.23137255
vb0[134]+024 TANGENT: 0.683290124, 0.157166839, 0.713030934, -1

vb0[135]+000 POSITION: 0, 1.35392773, 0.134621039
vb0[135]+012 NORMAL: 0, -0.0978427306, 0.995201826
vb0[135]+000 COLOR: 0, 0, 0, 0
vb0[135]+000 TEXCOORD: 0, 0, 0, 0
vb0[135]+000 TEXCOORD1: 0, 0, 0, 0
vb0[135]+000 TEXCOORD2: 0, 0, 0, 0
vb0[135]+000 TEXCOORD3: 0, 0, 0, 0
vb0[135]+024 TANGENT: 0, 0.492232233, 0.870463967, -1

vb0[136]+000 POSITION: 0.0159516688, 1.34818482, 0.119076163
vb0[136]+012 NORMAL: 0.228397906, -0.105044745, 0.967884243
vb0[136]+000 COLOR: 0.0745098069, 0.678431392, 0.509803951, 0.235294119
vb0[136]+000 TEXCOORD: 0.0745098069, 0.678431392, 0.509803951, 0.235294119
vb0[136]+000 TEXCOORD1: 0.0745098069, 0.678431392, 0.509803951, 0.235294119
vb0[136]+000 TEXCOORD2: 0.0745098069, 0.678431392, 0.509803951, 0.235294119
vb0[136]+000 TEXCOORD3: 0.0745098069, 0.678431392, 0.509803951, 0.235294119
vb0[136]+024 TANGENT: 0.589239657, -0.0264923573, 0.807523847, -1

vb0[137]+000 POSITION: 0, 1.38488388, 0.119110622
vb0[137]+012 NORMAL: -0.0278024431, -0.0201481264, 0.999410391
vb0[137]+000 COLOR: 0, 0, 0, 0
vb0[137]+000 TEXCOORD: 0, 0, 0, 0
vb0[137]+000 TEXCOORD1: 0, 0, 0, 0
vb0[137]+000 TEXCOORD2: 0, 0, 0, 0
vb0[137]+000 TEXCOORD3: 0, 0, 0, 0
vb0[137]+024 TANGENT: 0, 0.0935250521, 0.995616913, -1

vb0[138]+000 POSITION: 0.00891190395, 1.39212012, 0.118765645
vb0[138]+012 NORMAL: 0.145284235, 0.000306328817, 0.989389956
vb0[138]+000 COLOR: 0.235294119, 0.0117647061, 0.0705882385, 0.235294119
vb0[138]+000 TEXCOORD: 0.235294119, 0.0117647061, 0.0705882385, 0.235294119
vb0[138]+000 TEXCOORD1: 0.235294119, 0.0117647061, 0.0705882385, 0.235294119
vb0[138]+000 TEXCOORD2: 0.235294119, 0.0117647061, 0.0705882385, 0.235294119
vb0[138]+000 TEXCOORD3: 0.235294119, 0.0117647061, 0.0705882385, 0.235294119
vb0[138]+024 TANGENT: 0.0789764076, -0.0428435244, 0.995955467, -1

vb0[139]+000 POSITION: 0.0270263236, 1.40819836, 0.116846234
vb0[139]+012 NORMAL: 0.412661731, 0.0442010723, 0.909811258
vb0[139]+000 COLOR: 0.309803933, 0.400000006, 0.866666675, 0.235294119
vb0[139]+000 TEXCOORD: 0.309803933, 0.400000006, 0.866666675, 0.235294119
vb0[139]+000 TEXCOORD1: 0.309803933, 0.400000006, 0.866666675, 0.235294119
vb0[139]+000 TEXCOORD2: 0.309803933, 0.400000006, 0.866666675, 0.235294119
vb0[139]+000 TEXCOORD3: 0.309803933, 0.400000006, 0.866666675, 0.235294119
vb0[139]+024 TANGENT: 0.247764111, -0.065312922, 0.966616333, -1

vb0[140]+000 POSITION: 0.018163085, 1.399737, 0.118153751
vb0[140]+012 NORMAL: 0.264586568, 0.0234504007, 0.964076817
vb0[140]+000 COLOR: 0.752941191, 0.792156875, 0.580392182, 0.235294119
vb0[140]+000 TEXCOORD: 0.752941191, 0.792156875, 0.580392182, 0.235294119
vb0[140]+000 TEXCOORD1: 0.752941191, 0.792156875, 0.580392182, 0.235294119
vb0[140]+000 TEXCOORD2: 0.752941191, 0.792156875, 0.580392182, 0.235294119
vb0[140]+000 TEXCOORD3: 0.752941191, 0.792156875, 0.580392182, 0.235294119
vb0[140]+024 TANGENT: 0.162498415, -0.0584151112, 0.984978199, -1

vb0[141]+000 POSITION: 0.00891588069, 1.39973724, 0.119309731
vb0[141]+012 NORMAL: 0.143627256, 0.024068974, 0.989339173
vb0[141]+000 COLOR: 0.917647064, 0.0745098069, 0.0705882385, 0.235294119
vb0[141]+000 TEXCOORD: 0.917647064, 0.0745098069, 0.0705882385, 0.235294119
vb0[141]+000 TEXCOORD1: 0.917647064, 0.0745098069, 0.0705882385, 0.235294119
vb0[141]+000 TEXCOORD2: 0.917647064, 0.0745098069, 0.0705882385, 0.235294119
vb0[141]+000 TEXCOORD3: 0.917647064, 0.0745098069, 0.0705882385, 0.235294119
vb0[141]+024 TANGENT: 0.0798031092, -0.0667545199, 0.994572937, -1

vb0[142]+000 POSITION: 0, 1.39216614, 0.11912673
vb0[142]+012 NORMAL: 0.0283628479, 0.000348651578, 0.999597609
vb0[142]+000 COLOR: 0, 0, 0, 0
vb0[142]+000 TEXCOORD: 0, 0, 0, 0
vb0[142]+000 TEXCOORD1: 0, 0, 0, 0
vb0[142]+000 TEXCOORD2: 0, 0, 0, 0
vb0[142]+000 TEXCOORD3: 0, 0, 0, 0
vb0[142]+024 TANGENT: 0, -0.0345410146, 0.999403238, -1

vb0[143]+000 POSITION: 0, 1.39973736, 0.119602412
vb0[143]+012 NORMAL: -0.026737975, 0.0240676999, 0.999352753
vb0[143]+000 COLOR: 0, 0, 0, 0
vb0[143]+000 TEXCOORD: 0, 0, 0, 0
vb0[143]+000 TEXCOORD1: 0, 0, 0, 0
vb0[143]+000 TEXCOORD2: 0, 0, 0, 0
vb0[143]+000 TEXCOORD3: 0, 0, 0, 0
vb0[143]+024 TANGENT: 0, -0.0765900612, 0.997062624, -1

vb0[144]+000 POSITION: 0, 1.40820098, 0.120570794
vb0[144]+012 NORMAL: 0.0240240078, 0.0466628, 0.998621702
vb0[144]+000 COLOR: 0, 0, 0, 0
vb0[144]+000 TEXCOORD: 0, 0, 0, 0
vb0[144]+000 TEXCOORD1: 0, 0, 0, 0
vb0[144]+000 TEXCOORD2: 0, 0, 0, 0
vb0[144]+000 TEXCOORD3: 0, 0, 0, 0
vb0[144]+024 TANGENT: 0, -0.104877822, 0.99448508, -1

vb0[145]+000 POSITION: 0, 1.41776788, 0.121510558
vb0[145]+012 NORMAL: 0.0212523565, 0.0721671358, 0.997166097
vb0[145]+000 COLOR: 0, 0, 0, 0
vb0[145]+000 TEXCOORD: 0, 0, 0, 0
vb0[145]+000 TEXCOORD1: 0, 0, 0, 0
vb0[145]+000 TEXCOORD2: 0, 0, 0, 0
vb0[145]+000 TEXCOORD3: 0, 0, 0, 0
vb0[145]+024 TANGENT: 0, -0.0742125511, 0.997242451, -1

vb0[146]+000 POSITION: 0.00900150277, 1.42817163, 0.121283397
vb0[146]+012 NORMAL: 0.136999488, 0.0905723348, 0.986421704
vb0[146]+000 COLOR: 0.0392156877, 0.482352942, 0.0745098069, 0.235294119
vb0[146]+000 TEXCOORD: 0.0392156877, 0.482352942, 0.0745098069, 0.235294119
vb0[146]+000 TEXCOORD1: 0.0392156877, 0.482352942, 0.0745098069, 0.235294119
vb0[146]+000 TEXCOORD2: 0.0392156877, 0.482352942, 0.0745098069, 0.235294119
vb0[146]+000 TEXCOORD3: 0.0392156877, 0.482352942, 0.0745098069, 0.235294119
vb0[146]+024 TANGENT: 0.122416914, 0.00729227019, 0.992451966, -1

vb0[147]+000 POSITION: -0.00897342153, 1.41774774, 0.120769843
vb0[147]+012 NORMAL: -0.139752597, 0.0714070275, 0.987608373
vb0[147]+000 COLOR: 0.258823544, 0.0196078438, 0.0745098069, 0.737254918
vb0[147]+000 TEXCOORD: 0.258823544, 0.0196078438, 0.0745098069, 0.737254918
vb0[147]+000 TEXCOORD1: 0.258823544, 0.0196078438, 0.0745098069, 0.737254918
vb0[147]+000 TEXCOORD2: 0.258823544, 0.0196078438, 0.0745098069, 0.737254918
vb0[147]+000 TEXCOORD3: 0.258823544, 0.0196078438, 0.0745098069, 0.737254918
vb0[147]+024 TANGENT: -0.112660408, -0.0696499944, 0.99118948, -1

vb0[148]+000 POSITION: -0.00900150277, 1.42817163, 0.121283382
vb0[148]+012 NORMAL: -0.13699986, 0.0905722827, 0.986421704
vb0[148]+000 COLOR: 0.0392156877, 0.482352942, 0.0745098069, 0.737254918
vb0[148]+000 TEXCOORD: 0.0392156877, 0.482352942, 0.0745098069, 0.737254918
vb0[148]+000 TEXCOORD1: 0.0392156877, 0.482352942, 0.0745098069, 0.737254918
vb0[148]+000 TEXCOORD2: 0.0392156877, 0.482352942, 0.0745098069, 0.737254918
vb0[148]+000 TEXCOORD3: 0.0392156877, 0.482352942, 0.0745098069, 0.737254918
vb0[148]+024 TANGENT: -0.122417457, 0.00729179429, 0.992451966, -1

vb0[149]+000 POSITION: -0.00894768722, 1.40820038, 0.119863681
vb0[149]+012 NORMAL: -0.1421794, 0.046805568, 0.988733649
vb0[149]+000 COLOR: 0.321568638, 0.600000024, 0.0705882385, 0.737254918
vb0[149]+000 TEXCOORD: 0.321568638, 0.600000024, 0.0705882385, 0.737254918
vb0[149]+000 TEXCOORD1: 0.321568638, 0.600000024, 0.0705882385, 0.737254918
vb0[149]+000 TEXCOORD2: 0.321568638, 0.600000024, 0.0705882385, 0.737254918
vb0[149]+000 TEXCOORD3: 0.321568638, 0.600000024, 0.0705882385, 0.737254918
vb0[149]+024 TANGENT: -0.0986411572, -0.0842058584, 0.991553962, -1

vb0[150]+000 POSITION: -0.00891588069, 1.39973724, 0.119309731
vb0[150]+012 NORMAL: -0.143627539, 0.0240689404, 0.989339054
vb0[150]+000 COLOR: 0.917647064, 0.0745098069, 0.0705882385, 0.737254918
vb0[150]+000 TEXCOORD: 0.917647064, 0.0745098069, 0.0705882385, 0.737254918
vb0[150]+000 TEXCOORD1: 0.917647064, 0.0745098069, 0.0705882385, 0.737254918
vb0[150]+000 TEXCOORD2: 0.917647064, 0.0745098069, 0.0705882385, 0.737254918
vb0[150]+000 TEXCOORD3: 0.917647064, 0.0745098069, 0.0705882385, 0.737254918
vb0[150]+024 TANGENT: -0.0798028633, -0.0667540357, 0.994572937, -1

vb0[151]+000 POSITION: -0.0179868452, 1.41772747, 0.119495235
vb0[151]+012 NORMAL: -0.25809589, 0.0696567595, 0.963604927
vb0[151]+000 COLOR: 0.149019614, 0.349019617, 0.576470613, 0.737254918
vb0[151]+000 TEXCOORD: 0.149019614, 0.349019617, 0.576470613, 0.737254918
vb0[151]+000 TEXCOORD1: 0.149019614, 0.349019617, 0.576470613, 0.737254918
vb0[151]+000 TEXCOORD2: 0.149019614, 0.349019617, 0.576470613, 0.737254918
vb0[151]+000 TEXCOORD3: 0.149019614, 0.349019617, 0.576470613, 0.737254918
vb0[151]+024 TANGENT: -0.172204748, -0.0595332421, 0.983260572, -1

vb0[152]+000 POSITION: -0.017848378, 1.42816901, 0.11984589
vb0[152]+012 NORMAL: -0.253686428, 0.088556014, 0.963224351
vb0[152]+000 COLOR: 0.764705896, 0.211764708, 0.572549045, 0.737254918
vb0[152]+000 TEXCOORD: 0.764705896, 0.211764708, 0.572549045, 0.737254918
vb0[152]+000 TEXCOORD1: 0.764705896, 0.211764708, 0.572549045, 0.737254918
vb0[152]+000 TEXCOORD2: 0.764705896, 0.211764708, 0.572549045, 0.737254918
vb0[152]+000 TEXCOORD3: 0.764705896, 0.211764708, 0.572549045, 0.737254918
vb0[152]+024 TANGENT: -0.18042767, 0.0257430058, 0.983251333, -1

vb0[153]+000 POSITION: -0.0265880395, 1.42817163, 0.118095987
vb0[153]+012 NORMAL: -0.393392742, 0.0843778774, 0.91549027
vb0[153]+000 COLOR: 0.160784319, 0.811764717, 0.850980401, 0.737254918
vb0[153]+000 TEXCOORD: 0.160784319, 0.811764717, 0.850980401, 0.737254918
vb0[153]+000 TEXCOORD1: 0.160784319, 0.811764717, 0.850980401, 0.737254918
vb0[153]+000 TEXCOORD2: 0.160784319, 0.811764717, 0.850980401, 0.737254918
vb0[153]+000 TEXCOORD3: 0.160784319, 0.811764717, 0.850980401, 0.737254918
vb0[153]+024 TANGENT: -0.2579391, 0.0467586517, 0.965029061, -1

vb0[154]+000 POSITION: -0.0177764427, 1.4398669, 0.118695199
vb0[154]+012 NORMAL: -0.252600461, 0.106136151, 0.961731851
vb0[154]+000 COLOR: 0.905882359, 0.623529434, 0.568627477, 0.737254918
vb0[154]+000 TEXCOORD: 0.905882359, 0.623529434, 0.568627477, 0.737254918
vb0[154]+000 TEXCOORD1: 0.905882359, 0.623529434, 0.568627477, 0.737254918
vb0[154]+000 TEXCOORD2: 0.905882359, 0.623529434, 0.568627477, 0.737254918
vb0[154]+000 TEXCOORD3: 0.905882359, 0.623529434, 0.568627477, 0.737254918
vb0[154]+024 TANGENT: -0.230414376, 0.206467137, 0.950936675, -1

vb0[155]+000 POSITION: -0.0261880513, 1.4398675, 0.116415076
vb0[155]+012 NORMAL: -0.391337782, 0.10199289, 0.914577603
vb0[155]+000 COLOR: 0.325490206, 0.533333361, 0.839215696, 0.737254918
vb0[155]+000 TEXCOORD: 0.325490206, 0.533333361, 0.839215696, 0.737254918
vb0[155]+000 TEXCOORD1: 0.325490206, 0.533333361, 0.839215696, 0.737254918
vb0[155]+000 TEXCOORD2: 0.325490206, 0.533333361, 0.839215696, 0.737254918
vb0[155]+000 TEXCOORD3: 0.325490206, 0.533333361, 0.839215696, 0.737254918
vb0[155]+024 TANGENT: -0.316894412, 0.249267459, 0.915119469, -1

vb0[156]+000 POSITION: -0.009220073, 1.43986619, 0.120493494
vb0[156]+012 NORMAL: -0.138941795, 0.108624324, 0.984325171
vb0[156]+000 COLOR: 0.792156875, 0.0588235296, 0.0901960805, 0.737254918
vb0[156]+000 TEXCOORD: 0.792156875, 0.0588235296, 0.0901960805, 0.737254918
vb0[156]+000 TEXCOORD1: 0.792156875, 0.0588235296, 0.0901960805, 0.737254918
vb0[156]+000 TEXCOORD2: 0.792156875, 0.0588235296, 0.0901960805, 0.737254918
vb0[156]+000 TEXCOORD3: 0.792156875, 0.0588235296, 0.0901960805, 0.737254918
vb0[156]+024 TANGENT: -0.139561042, 0.173106059, 0.974965036, -1

vb0[157]+000 POSITION: -0.0117085017, 1.45045376, 0.116947375
vb0[157]+012 NORMAL: -0.175819308, 0.11998903, 0.977082491
vb0[157]+000 COLOR: 0.0156862754, 0.835294127, 0.247058824, 0.737254918
vb0[157]+000 TEXCOORD: 0.0156862754, 0.835294127, 0.247058824, 0.737254918
vb0[157]+000 TEXCOORD1: 0.0156862754, 0.835294127, 0.247058824, 0.737254918
vb0[157]+000 TEXCOORD2: 0.0156862754, 0.835294127, 0.247058824, 0.737254918
vb0[157]+000 TEXCOORD3: 0.0156862754, 0.835294127, 0.247058824, 0.737254918
vb0[157]+024 TANGENT: -0.195415244, 0.291347265, 0.936445236, -1

vb0[158]+000 POSITION: -0.0251842849, 1.45045424, 0.112893686
vb0[158]+012 NORMAL: -0.39290455, 0.112263054, 0.912700951
vb0[158]+000 COLOR: 0.274509817, 0.309803933, 0.807843149, 0.737254918
vb0[158]+000 TEXCOORD: 0.274509817, 0.309803933, 0.807843149, 0.737254918
vb0[158]+000 TEXCOORD1: 0.274509817, 0.309803933, 0.807843149, 0.737254918
vb0[158]+000 TEXCOORD2: 0.274509817, 0.309803933, 0.807843149, 0.737254918
vb0[158]+000 TEXCOORD3: 0.274509817, 0.309803933, 0.807843149, 0.737254918
vb0[158]+024 TANGENT: -0.3221668, 0.324477434, 0.889338493, -1

vb0[159]+000 POSITION: -0.0349906348, 1.43986833, 0.112381987
vb0[159]+012 NORMAL: -0.504646659, 0.0954332799, 0.858035028
vb0[159]+000 COLOR: 0.34117648, 0.321568638, 0.0588235296, 0.741176486
vb0[159]+000 TEXCOORD: 0.34117648, 0.321568638, 0.0588235296, 0.741176486
vb0[159]+000 TEXCOORD1: 0.34117648, 0.321568638, 0.0588235296, 0.741176486
vb0[159]+000 TEXCOORD2: 0.34117648, 0.321568638, 0.0588235296, 0.741176486
vb0[159]+000 TEXCOORD3: 0.34117648, 0.321568638, 0.0588235296, 0.741176486
vb0[159]+024 TANGENT: -0.451455265, 0.314084083, 0.83518821, -1

vb0[160]+000 POSITION: -0.0356723517, 1.42817414, 0.115195967
vb0[160]+012 NORMAL: -0.503733456, 0.0801580623, 0.860132217
vb0[160]+000 COLOR: 0.172549024, 0.113725491, 0.0705882385, 0.741176486
vb0[160]+000 TEXCOORD: 0.172549024, 0.113725491, 0.0705882385, 0.741176486
vb0[160]+000 TEXCOORD1: 0.172549024, 0.113725491, 0.0705882385, 0.741176486
vb0[160]+000 TEXCOORD2: 0.172549024, 0.113725491, 0.0705882385, 0.741176486
vb0[160]+000 TEXCOORD3: 0.172549024, 0.113725491, 0.0705882385, 0.741176486
vb0[160]+024 TANGENT: -0.357191682, 0.0873680115, 0.929935932, -1

vb0[161]+000 POSITION: -0.0322626941, 1.44632697, 0.111007012
vb0[161]+012 NORMAL: -0.480076581, 0.10544388, 0.870866239
vb0[161]+000 COLOR: 0.890196085, 0.145098045, 0.0156862754, 0.741176486
vb0[161]+000 TEXCOORD: 0.890196085, 0.145098045, 0.0156862754, 0.741176486
vb0[161]+000 TEXCOORD1: 0.890196085, 0.145098045, 0.0156862754, 0.741176486
vb0[161]+000 TEXCOORD2: 0.890196085, 0.145098045, 0.0156862754, 0.741176486
vb0[161]+000 TEXCOORD3: 0.890196085, 0.145098045, 0.0156862754, 0.741176486
vb0[161]+024 TANGENT: -0.447961569, 0.363127232, 0.816987753, -1

vb0[162]+000 POSITION: -0.0416737795, 1.44049203, 0.107758865
vb0[162]+012 NORMAL: -0.615637183, 0.0882209614, 0.783075929
vb0[162]+000 COLOR: 0.125490203, 0.698039234, 0.164705887, 0.741176486
vb0[162]+000 TEXCOORD: 0.125490203, 0.698039234, 0.164705887, 0.741176486
vb0[162]+000 TEXCOORD1: 0.125490203, 0.698039234, 0.164705887, 0.741176486
vb0[162]+000 TEXCOORD2: 0.125490203, 0.698039234, 0.164705887, 0.741176486
vb0[162]+000 TEXCOORD3: 0.125490203, 0.698039234, 0.164705887, 0.741176486
vb0[162]+024 TANGENT: -0.530845463, 0.338880271, 0.776764512, -1

vb0[163]+000 POSITION: -0.0428282544, 1.42818081, 0.112167209
vb0[163]+012 NORMAL: -0.587692499, 0.0742446482, 0.805670738
vb0[163]+000 COLOR: 0.68235296, 0.423529416, 0.184313729, 0.741176486
vb0[163]+000 TEXCOORD: 0.68235296, 0.423529416, 0.184313729, 0.741176486
vb0[163]+000 TEXCOORD1: 0.68235296, 0.423529416, 0.184313729, 0.741176486
vb0[163]+000 TEXCOORD2: 0.68235296, 0.423529416, 0.184313729, 0.741176486
vb0[163]+000 TEXCOORD3: 0.68235296, 0.423529416, 0.184313729, 0.741176486
vb0[163]+024 TANGENT: -0.488386959, 0.15525949, 0.85870409, -1

vb0[164]+000 POSITION: -0.0511731505, 1.43403423, 0.103438646
vb0[164]+012 NORMAL: -0.713787735, 0.0730925649, 0.696537554
vb0[164]+000 COLOR: 0.941176474, 0.603921592, 0.31764707, 0.741176486
vb0[164]+000 TEXCOORD: 0.941176474, 0.603921592, 0.31764707, 0.741176486
vb0[164]+000 TEXCOORD1: 0.941176474, 0.603921592, 0.31764707, 0.741176486
vb0[164]+000 TEXCOORD2: 0.941176474, 0.603921592, 0.31764707, 0.741176486
vb0[164]+000 TEXCOORD3: 0.941176474, 0.603921592, 0.31764707, 0.741176486
vb0[164]+024 TANGENT: -0.602752388, 0.332692236, 0.725262225, -1

vb0[165]+000 POSITION: -0.035536211, 1.41768885, 0.114843339
vb0[165]+012 NORMAL: -0.509226441, 0.0624553412, 0.858363509
vb0[165]+000 COLOR: 0.419607848, 0.556862772, 0.0666666701, 0.741176486
vb0[165]+000 TEXCOORD: 0.419607848, 0.556862772, 0.0666666701, 0.741176486
vb0[165]+000 TEXCOORD1: 0.419607848, 0.556862772, 0.0666666701, 0.741176486
vb0[165]+000 TEXCOORD2: 0.419607848, 0.556862772, 0.0666666701, 0.741176486
vb0[165]+000 TEXCOORD3: 0.419607848, 0.556862772, 0.0666666701, 0.741176486
vb0[165]+024 TANGENT: -0.325479746, -0.0426975489, 0.944584429, -1

vb0[166]+000 POSITION: -0.0268176664, 1.41770768, 0.117582977
vb0[166]+012 NORMAL: -0.404071569, 0.0664488748, 0.91231066
vb0[166]+000 COLOR: 0.725490212, 0.690196097, 0.858823538, 0.737254918
vb0[166]+000 TEXCOORD: 0.725490212, 0.690196097, 0.858823538, 0.737254918
vb0[166]+000 TEXCOORD1: 0.725490212, 0.690196097, 0.858823538, 0.737254918
vb0[166]+000 TEXCOORD2: 0.725490212, 0.690196097, 0.858823538, 0.737254918
vb0[166]+000 TEXCOORD3: 0.725490212, 0.690196097, 0.858823538, 0.737254918
vb0[166]+024 TANGENT: -0.254694849, -0.0561508015, 0.965389907, -1

vb0[167]+000 POSITION: -0.0518336371, 1.42835748, 0.10555812
vb0[167]+012 NORMAL: -0.708625078, 0.0664756522, 0.702446818
vb0[167]+000 COLOR: 0.509803951, 0.309803933, 0.329411775, 0.741176486
vb0[167]+000 TEXCOORD: 0.509803951, 0.309803933, 0.329411775, 0.741176486
vb0[167]+000 TEXCOORD1: 0.509803951, 0.309803933, 0.329411775, 0.741176486
vb0[167]+000 TEXCOORD2: 0.509803951, 0.309803933, 0.329411775, 0.741176486
vb0[167]+000 TEXCOORD3: 0.509803951, 0.309803933, 0.329411775, 0.741176486
vb0[167]+024 TANGENT: -0.630405664, 0.20855166, 0.74772656, -1

vb0[168]+000 POSITION: -0.0459620021, 1.41766465, 0.110513531
vb0[168]+012 NORMAL: -0.643291414, 0.0564541221, 0.763537228
vb0[168]+000 COLOR: 0.654901981, 0.258823544, 0.235294119, 0.741176486
vb0[168]+000 TEXCOORD: 0.654901981, 0.258823544, 0.235294119, 0.741176486
vb0[168]+000 TEXCOORD1: 0.654901981, 0.258823544, 0.235294119, 0.741176486
vb0[168]+000 TEXCOORD2: 0.654901981, 0.258823544, 0.235294119, 0.741176486
vb0[168]+000 TEXCOORD3: 0.654901981, 0.258823544, 0.235294119, 0.741176486
vb0[168]+024 TANGENT: -0.531793714, -0.0119709373, 0.8467893, -1

vb0[169]+000 POSITION: -0.0432104617, 1.41767097, 0.112023257
vb0[169]+012 NORMAL: -0.613366187, 0.0581765771, 0.787653089
vb0[169]+000 COLOR: 0.454901963, 0.992156863, 0.188235298, 0.741176486
vb0[169]+000 TEXCOORD: 0.454901963, 0.992156863, 0.188235298, 0.741176486
vb0[169]+000 TEXCOORD1: 0.454901963, 0.992156863, 0.188235298, 0.741176486
vb0[169]+000 TEXCOORD2: 0.454901963, 0.992156863, 0.188235298, 0.741176486
vb0[169]+000 TEXCOORD3: 0.454901963, 0.992156863, 0.188235298, 0.741176486
vb0[169]+024 TANGENT: -0.416823208, -0.0333371721, 0.908375978, -1

vb0[170]+000 POSITION: -0.0585507415, 1.4283601, 0.0986516923
vb0[170]+012 NORMAL: -0.789375484, 0.0578241572, 0.611181319
vb0[170]+000 COLOR: 0.905882359, 0.823529422, 0.435294122, 0.741176486
vb0[170]+000 TEXCOORD: 0.905882359, 0.823529422, 0.435294122, 0.741176486
vb0[170]+000 TEXCOORD1: 0.905882359, 0.823529422, 0.435294122, 0.741176486
vb0[170]+000 TEXCOORD2: 0.905882359, 0.823529422, 0.435294122, 0.741176486
vb0[170]+000 TEXCOORD3: 0.905882359, 0.823529422, 0.435294122, 0.741176486
vb0[170]+024 TANGENT: -0.720056415, 0.162313953, 0.674665093, -1

vb0[171]+000 POSITION: -0.0427275226, 1.40797257, 0.111460648
vb0[171]+012 NORMAL: -0.617147923, 0.0369256027, 0.785980284
vb0[171]+000 COLOR: 0.0549019612, 0.0117647061, 0.184313729, 0.741176486
vb0[171]+000 TEXCOORD: 0.0549019612, 0.0117647061, 0.184313729, 0.741176486
vb0[171]+000 TEXCOORD1: 0.0549019612, 0.0117647061, 0.184313729, 0.741176486
vb0[171]+000 TEXCOORD2: 0.0549019612, 0.0117647061, 0.184313729, 0.741176486
vb0[171]+000 TEXCOORD3: 0.0549019612, 0.0117647061, 0.184313729, 0.741176486
vb0[171]+024 TANGENT: -0.429877907, -0.102686703, 0.897028744, -1

vb0[172]+000 POSITION: -0.0496944264, 1.40790796, 0.107521914
vb0[172]+012 NORMAL: -0.69168061, 0.0366203822, 0.721274436
vb0[172]+000 COLOR: 0.384313732, 0.549019635, 0.294117659, 0.741176486
vb0[172]+000 TEXCOORD: 0.384313732, 0.549019635, 0.294117659, 0.741176486
vb0[172]+000 TEXCOORD1: 0.384313732, 0.549019635, 0.294117659, 0.741176486
vb0[172]+000 TEXCOORD2: 0.384313732, 0.549019635, 0.294117659, 0.741176486
vb0[172]+000 TEXCOORD3: 0.384313732, 0.549019635, 0.294117659, 0.741176486
vb0[172]+024 TANGENT: -0.552968264, -0.0903304219, 0.828291297, -1

vb0[173]+000 POSITION: -0.0483192429, 1.39962029, 0.10693267
vb0[173]+012 NORMAL: -0.689488351, 0.0184164308, 0.724062622
vb0[173]+000 COLOR: 0.400000006, 0.917647064, 0.270588249, 0.741176486
vb0[173]+000 TEXCOORD: 0.400000006, 0.917647064, 0.270588249, 0.741176486
vb0[173]+000 TEXCOORD1: 0.400000006, 0.917647064, 0.270588249, 0.741176486
vb0[173]+000 TEXCOORD2: 0.400000006, 0.917647064, 0.270588249, 0.741176486
vb0[173]+000 TEXCOORD3: 0.400000006, 0.917647064, 0.270588249, 0.741176486
vb0[173]+024 TANGENT: -0.513766646, -0.11987561, 0.849513769, -1

vb0[174]+000 POSITION: -0.0534688123, 1.41746247, 0.105194412
vb0[174]+012 NORMAL: -0.727786779, 0.0502420776, 0.683960617
vb0[174]+000 COLOR: 0.113725491, 0.00784313772, 0.356862754, 0.741176486
vb0[174]+000 TEXCOORD: 0.113725491, 0.00784313772, 0.356862754, 0.741176486
vb0[174]+000 TEXCOORD1: 0.113725491, 0.00784313772, 0.356862754, 0.741176486
vb0[174]+000 TEXCOORD2: 0.113725491, 0.00784313772, 0.356862754, 0.741176486
vb0[174]+000 TEXCOORD3: 0.113725491, 0.00784313772, 0.356862754, 0.741176486
vb0[174]+024 TANGENT: -0.632501543, 0.0186862927, 0.774333656, -1

vb0[175]+000 POSITION: -0.0541865416, 1.40780687, 0.103920609
vb0[175]+012 NORMAL: -0.742711663, 0.0331742242, 0.668789148
vb0[175]+000 COLOR: 0.709803939, 0.949019611, 0.36470589, 0.741176486
vb0[175]+000 TEXCOORD: 0.709803939, 0.949019611, 0.36470589, 0.741176486
vb0[175]+000 TEXCOORD1: 0.709803939, 0.949019611, 0.36470589, 0.741176486
vb0[175]+000 TEXCOORD2: 0.709803939, 0.949019611, 0.36470589, 0.741176486
vb0[175]+000 TEXCOORD3: 0.709803939, 0.949019611, 0.36470589, 0.741176486
vb0[175]+024 TANGENT: -0.627412975, -0.0575900227, 0.776554227, -1

vb0[176]+000 POSITION: -0.0539235622, 1.39944685, 0.103295438
vb0[176]+012 NORMAL: -0.747192323, 0.0177116115, 0.664371729
vb0[176]+000 COLOR: 0.956862748, 0.870588243, 0.360784322, 0.741176486
vb0[176]+000 TEXCOORD: 0.956862748, 0.870588243, 0.360784322, 0.741176486
vb0[176]+000 TEXCOORD1: 0.956862748, 0.870588243, 0.360784322, 0.741176486
vb0[176]+000 TEXCOORD2: 0.956862748, 0.870588243, 0.360784322, 0.741176486
vb0[176]+000 TEXCOORD3: 0.956862748, 0.870588243, 0.360784322, 0.741176486
vb0[176]+024 TANGENT: -0.577199817, -0.118068688, 0.80802238, -1

vb0[177]+000 POSITION: -0.0603304319, 1.40766573, 0.0987319574
vb0[177]+012 NORMAL: -0.806516826, 0.0274054818, 0.590575695
vb0[177]+000 COLOR: 0.0431372561, 0.113725491, 0.466666669, 0.741176486
vb0[177]+000 TEXCOORD: 0.0431372561, 0.113725491, 0.466666669, 0.741176486
vb0[177]+000 TEXCOORD1: 0.0431372561, 0.113725491, 0.466666669, 0.741176486
vb0[177]+000 TEXCOORD2: 0.0431372561, 0.113725491, 0.466666669, 0.741176486
vb0[177]+000 TEXCOORD3: 0.0431372561, 0.113725491, 0.466666669, 0.741176486
vb0[177]+024 TANGENT: -0.685266554, -0.0121985078, 0.728190243, -1

vb0[178]+000 POSITION: -0.0600273013, 1.39938164, 0.0988752022
vb0[178]+012 NORMAL: -0.806076288, 0.0139540536, 0.591647148
vb0[178]+000 COLOR: 0.188235298, 0.874509811, 0.458823532, 0.741176486
vb0[178]+000 TEXCOORD: 0.188235298, 0.874509811, 0.458823532, 0.741176486
vb0[178]+000 TEXCOORD1: 0.188235298, 0.874509811, 0.458823532, 0.741176486
vb0[178]+000 TEXCOORD2: 0.188235298, 0.874509811, 0.458823532, 0.741176486
vb0[178]+000 TEXCOORD3: 0.188235298, 0.874509811, 0.458823532, 0.741176486
vb0[178]+024 TANGENT: -0.65152204, -0.123818345, 0.748457074, -1

vb0[179]+000 POSITION: -0.0580967404, 1.39367259, 0.098807402
vb0[179]+012 NORMAL: -0.797406971, 0.0048389514, 0.603422463
vb0[179]+000 COLOR: 0.850980401, 0.964705884, 0.427450985, 0.741176486
vb0[179]+000 TEXCOORD: 0.850980401, 0.964705884, 0.427450985, 0.741176486
vb0[179]+000 TEXCOORD1: 0.850980401, 0.964705884, 0.427450985, 0.741176486
vb0[179]+000 TEXCOORD2: 0.850980401, 0.964705884, 0.427450985, 0.741176486
vb0[179]+000 TEXCOORD3: 0.850980401, 0.964705884, 0.427450985, 0.741176486
vb0[179]+024 TANGENT: -0.658805549, -0.15264982, 0.73666358, -1

vb0[180]+000 POSITION: -0.0648457259, 1.39353645, 0.0922784433
vb0[180]+012 NORMAL: -0.868644059, 0.00334493676, 0.495425165
vb0[180]+000 COLOR: 0.839215696, 0.80392158, 0.517647088, 0.741176486
vb0[180]+000 TEXCOORD: 0.839215696, 0.80392158, 0.517647088, 0.741176486
vb0[180]+000 TEXCOORD1: 0.839215696, 0.80392158, 0.517647088, 0.741176486
vb0[180]+000 TEXCOORD2: 0.839215696, 0.80392158, 0.517647088, 0.741176486
vb0[180]+000 TEXCOORD3: 0.839215696, 0.80392158, 0.517647088, 0.741176486
vb0[180]+024 TANGENT: -0.766273797, -0.189914882, 0.613805056, -1

vb0[181]+000 POSITION: -0.0657600239, 1.39931881, 0.0931359008
vb0[181]+012 NORMAL: -0.865065634, 0.012771057, 0.501496255
vb0[181]+000 COLOR: 0.192156866, 0.678431392, 0.525490224, 0.741176486
vb0[181]+000 TEXCOORD: 0.192156866, 0.678431392, 0.525490224, 0.741176486
vb0[181]+000 TEXCOORD1: 0.192156866, 0.678431392, 0.525490224, 0.741176486
vb0[181]+000 TEXCOORD2: 0.192156866, 0.678431392, 0.525490224, 0.741176486
vb0[181]+000 TEXCOORD3: 0.192156866, 0.678431392, 0.525490224, 0.741176486
vb0[181]+024 TANGENT: -0.789465666, -0.106631987, 0.604461432, -1

vb0[182]+000 POSITION: -0.0695273876, 1.39354348, 0.0846651644
vb0[182]+012 NORMAL: -0.918049157, 0.00301826233, 0.39645499
vb0[182]+000 COLOR: 0.376470596, 0.392156869, 0.556862772, 0.741176486
vb0[182]+000 TEXCOORD: 0.376470596, 0.392156869, 0.556862772, 0.741176486
vb0[182]+000 TEXCOORD1: 0.376470596, 0.392156869, 0.556862772, 0.741176486
vb0[182]+000 TEXCOORD2: 0.376470596, 0.392156869, 0.556862772, 0.741176486
vb0[182]+000 TEXCOORD3: 0.376470596, 0.392156869, 0.556862772, 0.741176486
vb0[182]+024 TANGENT: -0.923339128, -0.150083661, 0.353439689, -1

vb0[183]+000 POSITION: -0.0602102838, 1.41726625, 0.0988886058
vb0[183]+012 NORMAL: -0.802688539, 0.0434126705, 0.594816387
vb0[183]+000 COLOR: 0.0588235296, 0.623529434, 0.4627451, 0.741176486
vb0[183]+000 TEXCOORD: 0.0588235296, 0.623529434, 0.4627451, 0.741176486
vb0[183]+000 TEXCOORD1: 0.0588235296, 0.623529434, 0.4627451, 0.741176486
vb0[183]+000 TEXCOORD2: 0.0588235296, 0.623529434, 0.4627451, 0.741176486
vb0[183]+000 TEXCOORD3: 0.0588235296, 0.623529434, 0.4627451, 0.741176486
vb0[183]+024 TANGENT: -0.722498536, 0.0626416206, 0.688528776, -1

vb0[184]+000 POSITION: -0.06602671, 1.40754604, 0.0928852633
vb0[184]+012 NORMAL: -0.865065992, 0.0262329336, 0.500971675
vb0[184]+000 COLOR: 0.0117647061, 0.223529413, 0.529411793, 0.741176486
vb0[184]+000 TEXCOORD: 0.0117647061, 0.223529413, 0.529411793, 0.741176486
vb0[184]+000 TEXCOORD1: 0.0117647061, 0.223529413, 0.529411793, 0.741176486
vb0[184]+000 TEXCOORD2: 0.0117647061, 0.223529413, 0.529411793, 0.741176486
vb0[184]+000 TEXCOORD3: 0.0117647061, 0.223529413, 0.529411793, 0.741176486
vb0[184]+024 TANGENT: -0.802354395, 0.015251874, 0.596652985, -1

vb0[185]+000 POSITION: -0.0657328814, 1.42071319, 0.0917072669
vb0[185]+012 NORMAL: -0.866794825, 0.0406945013, 0.497001678
vb0[185]+000 COLOR: 0.964705884, 0.619607866, 0.525490224, 0.741176486
vb0[185]+000 TEXCOORD: 0.964705884, 0.619607866, 0.525490224, 0.741176486
vb0[185]+000 TEXCOORD1: 0.964705884, 0.619607866, 0.525490224, 0.741176486
vb0[185]+000 TEXCOORD2: 0.964705884, 0.619607866, 0.525490224, 0.741176486
vb0[185]+000 TEXCOORD3: 0.964705884, 0.619607866, 0.525490224, 0.741176486
vb0[185]+024 TANGENT: -0.788790643, 0.117428772, 0.603340507, -1

vb0[186]+000 POSITION: -0.0660021827, 1.41709268, 0.0919996276
vb0[186]+012 NORMAL: -0.867371321, 0.0373154394, 0.496260762
vb0[186]+000 COLOR: 0.152941182, 0.172549024, 0.529411793, 0.741176486
vb0[186]+000 TEXCOORD: 0.152941182, 0.172549024, 0.529411793, 0.741176486
vb0[186]+000 TEXCOORD1: 0.152941182, 0.172549024, 0.529411793, 0.741176486
vb0[186]+000 TEXCOORD2: 0.152941182, 0.172549024, 0.529411793, 0.741176486
vb0[186]+000 TEXCOORD3: 0.152941182, 0.172549024, 0.529411793, 0.741176486
vb0[186]+024 TANGENT: -0.812348247, 0.0837217569, 0.577131569, -1

vb0[187]+000 POSITION: -0.0706977919, 1.40743923, 0.0847786143
vb0[187]+012 NORMAL: -0.917476714, 0.0210744124, 0.397230864
vb0[187]+000 COLOR: 0.00392156886, 0.792156875, 0.564705908, 0.741176486
vb0[187]+000 TEXCOORD: 0.00392156886, 0.792156875, 0.564705908, 0.741176486
vb0[187]+000 TEXCOORD1: 0.00392156886, 0.792156875, 0.564705908, 0.741176486
vb0[187]+000 TEXCOORD2: 0.00392156886, 0.792156875, 0.564705908, 0.741176486
vb0[187]+000 TEXCOORD3: 0.00392156886, 0.792156875, 0.564705908, 0.741176486
vb0[187]+024 TANGENT: -0.93063271, -0.0208875537, 0.365357995, -1

vb0[188]+000 POSITION: -0.0702465102, 1.3992697, 0.0847703516
vb0[188]+012 NORMAL: -0.918110132, 0.0123364497, 0.396133125
vb0[188]+000 COLOR: 0.403921574, 0.866666675, 0.56078434, 0.741176486
vb0[188]+000 TEXCOORD: 0.403921574, 0.866666675, 0.56078434, 0.741176486
vb0[188]+000 TEXCOORD1: 0.403921574, 0.866666675, 0.56078434, 0.741176486
vb0[188]+000 TEXCOORD2: 0.403921574, 0.866666675, 0.56078434, 0.741176486
vb0[188]+000 TEXCOORD3: 0.403921574, 0.866666675, 0.56078434, 0.741176486
vb0[188]+024 TANGENT: -0.937807143, -0.0856712535, 0.336419821, -1

vb0[189]+000 POSITION: -0.0720750242, 1.39925504, 0.0754764378
vb0[189]+012 NORMAL: -0.955841899, 0.00694065029, 0.29379946
vb0[189]+000 COLOR: 0.0705882385, 0.611764729, 0.576470613, 0.741176486
vb0[189]+000 TEXCOORD: 0.0705882385, 0.611764729, 0.576470613, 0.741176486
vb0[189]+000 TEXCOORD1: 0.0705882385, 0.611764729, 0.576470613, 0.741176486
vb0[189]+000 TEXCOORD2: 0.0705882385, 0.611764729, 0.576470613, 0.741176486
vb0[189]+000 TEXCOORD3: 0.0705882385, 0.611764729, 0.576470613, 0.741176486
vb0[189]+024 TANGENT: -0.980642855, -0.103354089, 0.166305423, -1

vb0[190]+000 POSITION: -0.0714824125, 1.39355266, 0.0752229467
vb0[190]+012 NORMAL: -0.956524611, 0.0018931207, 0.291645408
vb0[190]+000 COLOR: 0.372549027, 0.396078438, 0.572549045, 0.741176486
vb0[190]+000 TEXCOORD: 0.372549027, 0.396078438, 0.572549045, 0.741176486
vb0[190]+000 TEXCOORD1: 0.372549027, 0.396078438, 0.572549045, 0.741176486
vb0[190]+000 TEXCOORD2: 0.372549027, 0.396078438, 0.572549045, 0.741176486
vb0[190]+000 TEXCOORD3: 0.372549027, 0.396078438, 0.572549045, 0.741176486
vb0[190]+024 TANGENT: -0.977747142, -0.139420077, 0.156756282, -1

vb0[191]+000 POSITION: -0.0700106919, 1.38485634, 0.0750507787
vb0[191]+012 NORMAL: -0.956069112, -0.00625565648, 0.293074608
vb0[191]+000 COLOR: 0.768627465, 0.380392164, 0.56078434, 0.741176486
vb0[191]+000 TEXCOORD: 0.768627465, 0.380392164, 0.56078434, 0.741176486
vb0[191]+000 TEXCOORD1: 0.768627465, 0.380392164, 0.56078434, 0.741176486
vb0[191]+000 TEXCOORD2: 0.768627465, 0.380392164, 0.56078434, 0.741176486
vb0[191]+000 TEXCOORD3: 0.768627465, 0.380392164, 0.56078434, 0.741176486
vb0[191]+024 TANGENT: -0.972490191, -0.166297838, 0.163118824, -1

vb0[192]+000 POSITION: -0.0679660663, 1.38481927, 0.0846178159
vb0[192]+012 NORMAL: -0.913584709, -0.0119678397, 0.406472385
vb0[192]+000 COLOR: 0.796078444, 0.192156866, 0.545098066, 0.741176486
vb0[192]+000 TEXCOORD: 0.796078444, 0.192156866, 0.545098066, 0.741176486
vb0[192]+000 TEXCOORD1: 0.796078444, 0.192156866, 0.545098066, 0.741176486
vb0[192]+000 TEXCOORD2: 0.796078444, 0.192156866, 0.545098066, 0.741176486
vb0[192]+000 TEXCOORD3: 0.796078444, 0.192156866, 0.545098066, 0.741176486
vb0[192]+024 TANGENT: -0.912582278, -0.165236235, 0.374019504, -1

vb0[193]+000 POSITION: -0.0634860247, 1.38480723, 0.0915966853
vb0[193]+012 NORMAL: -0.867534757, -0.0117684659, 0.497237414
vb0[193]+000 COLOR: 0.964705884, 0.0156862754, 0.509803951, 0.741176486
vb0[193]+000 TEXCOORD: 0.964705884, 0.0156862754, 0.509803951, 0.741176486
vb0[193]+000 TEXCOORD1: 0.964705884, 0.0156862754, 0.509803951, 0.741176486
vb0[193]+000 TEXCOORD2: 0.964705884, 0.0156862754, 0.509803951, 0.741176486
vb0[193]+000 TEXCOORD3: 0.964705884, 0.0156862754, 0.509803951, 0.741176486
vb0[193]+024 TANGENT: -0.794067502, -0.118225448, 0.59622097, -1

vb0[194]+000 POSITION: -0.0575768128, 1.38479292, 0.0982598886
vb0[194]+012 NORMAL: -0.796568334, -0.0131851975, 0.604404628
vb0[194]+000 COLOR: 0.666666687, 0.835294127, 0.419607848, 0.741176486
vb0[194]+000 TEXCOORD: 0.666666687, 0.835294127, 0.419607848, 0.741176486
vb0[194]+000 TEXCOORD1: 0.666666687, 0.835294127, 0.419607848, 0.741176486
vb0[194]+000 TEXCOORD2: 0.666666687, 0.835294127, 0.419607848, 0.741176486
vb0[194]+000 TEXCOORD3: 0.666666687, 0.835294127, 0.419607848, 0.741176486
vb0[194]+024 TANGENT: -0.703456163, -0.0574792624, 0.708410621, -1

vb0[195]+000 POSITION: -0.0725192651, 1.39355254, 0.0660672784
vb0[195]+012 NORMAL: -0.971928835, 0.00171894243, 0.235268727
vb0[195]+000 COLOR: 0.984313726, 0.517647088, 0.580392182, 0.741176486
vb0[195]+000 TEXCOORD: 0.984313726, 0.517647088, 0.580392182, 0.741176486
vb0[195]+000 TEXCOORD1: 0.984313726, 0.517647088, 0.580392182, 0.741176486
vb0[195]+000 TEXCOORD2: 0.984313726, 0.517647088, 0.580392182, 0.741176486
vb0[195]+000 TEXCOORD3: 0.984313726, 0.517647088, 0.580392182, 0.741176486
vb0[195]+024 TANGENT: -0.984530687, -0.138754666, 0.106988423, -1

vb0[196]+000 POSITION: -0.0711735785, 1.38488388, 0.0658443645
vb0[196]+012 NORMAL: -0.971602142, -0.00644526072, 0.236532554
vb0[196]+000 COLOR: 0.454901963, 0.764705896, 0.568627477, 0.741176486
vb0[196]+000 TEXCOORD: 0.454901963, 0.764705896, 0.568627477, 0.741176486
vb0[196]+000 TEXCOORD1: 0.454901963, 0.764705896, 0.568627477, 0.741176486
vb0[196]+000 TEXCOORD2: 0.454901963, 0.764705896, 0.568627477, 0.741176486
vb0[196]+000 TEXCOORD3: 0.454901963, 0.764705896, 0.568627477, 0.741176486
vb0[196]+024 TANGENT: -0.977759898, -0.163959101, 0.130778804, -1

vb0[197]+000 POSITION: -0.0696321577, 1.37577283, 0.0655298233
vb0[197]+012 NORMAL: -0.971176982, -0.0141544007, 0.237938821
vb0[197]+000 COLOR: 0.305882365, 0.607843161, 0.556862772, 0.741176486
vb0[197]+000 TEXCOORD: 0.305882365, 0.607843161, 0.556862772, 0.741176486
vb0[197]+000 TEXCOORD1: 0.305882365, 0.607843161, 0.556862772, 0.741176486
vb0[197]+000 TEXCOORD2: 0.305882365, 0.607843161, 0.556862772, 0.741176486
vb0[197]+000 TEXCOORD3: 0.305882365, 0.607843161, 0.556862772, 0.741176486
vb0[197]+024 TANGENT: -0.972034693, -0.199857518, 0.123311155, -1

vb0[198]+000 POSITION: -0.068463482, 1.37568736, 0.0753765553
vb0[198]+012 NORMAL: -0.954531312, -0.0148145715, 0.297742605
vb0[198]+000 COLOR: 0.58431375, 0.211764708, 0.549019635, 0.741176486
vb0[198]+000 TEXCOORD: 0.58431375, 0.211764708, 0.549019635, 0.741176486
vb0[198]+000 TEXCOORD1: 0.58431375, 0.211764708, 0.549019635, 0.741176486
vb0[198]+000 TEXCOORD2: 0.58431375, 0.211764708, 0.549019635, 0.741176486
vb0[198]+000 TEXCOORD3: 0.58431375, 0.211764708, 0.549019635, 0.741176486
vb0[198]+024 TANGENT: -0.968316138, -0.188198909, 0.164149269, -1

vb0[199]+000 POSITION: -0.0724819005, 1.38492048, 0.0571087189
vb0[199]+012 NORMAL: -0.983306885, -0.00545622781, 0.181872874
vb0[199]+000 COLOR: 0.392156869, 0.443137258, 0.580392182, 0.741176486
vb0[199]+000 TEXCOORD: 0.392156869, 0.443137258, 0.580392182, 0.741176486
vb0[199]+000 TEXCOORD1: 0.392156869, 0.443137258, 0.580392182, 0.741176486
vb0[199]+000 TEXCOORD2: 0.392156869, 0.443137258, 0.580392182, 0.741176486
vb0[199]+000 TEXCOORD3: 0.392156869, 0.443137258, 0.580392182, 0.741176486
vb0[199]+024 TANGENT: -0.977168441, -0.138558328, 0.161069751, -1

vb0[200]+000 POSITION: -0.070853062, 1.3757875, 0.0569077395
vb0[200]+012 NORMAL: -0.982757986, -0.0101636071, 0.184617147
vb0[200]+000 COLOR: 0.411764711, 0.105882354, 0.568627477, 0.741176486
vb0[200]+000 TEXCOORD: 0.411764711, 0.105882354, 0.568627477, 0.741176486
vb0[200]+000 TEXCOORD1: 0.411764711, 0.105882354, 0.568627477, 0.741176486
vb0[200]+000 TEXCOORD2: 0.411764711, 0.105882354, 0.568627477, 0.741176486
vb0[200]+000 TEXCOORD3: 0.411764711, 0.105882354, 0.568627477, 0.741176486
vb0[200]+024 TANGENT: -0.963564694, -0.24858965, 0.0987235457, -1

vb0[201]+000 POSITION: -0.0662195385, 1.37559843, 0.0847370774
vb0[201]+012 NORMAL: -0.907156169, -0.0232169181, 0.42015329
vb0[201]+000 COLOR: 0.109803922, 0.619607866, 0.529411793, 0.741176486
vb0[201]+000 TEXCOORD: 0.109803922, 0.619607866, 0.529411793, 0.741176486
vb0[201]+000 TEXCOORD1: 0.109803922, 0.619607866, 0.529411793, 0.741176486
vb0[201]+000 TEXCOORD2: 0.109803922, 0.619607866, 0.529411793, 0.741176486
vb0[201]+000 TEXCOORD3: 0.109803922, 0.619607866, 0.529411793, 0.741176486
vb0[201]+024 TANGENT: -0.920816183, -0.166089892, 0.35286212, -1

vb0[202]+000 POSITION: -0.0625816286, 1.37549639, 0.0917006508
vb0[202]+012 NORMAL: -0.862714708, -0.0275336374, 0.504940748
vb0[202]+000 COLOR: 0.800000012, 0.164705887, 0.501960814, 0.741176486
vb0[202]+000 TEXCOORD: 0.800000012, 0.164705887, 0.501960814, 0.741176486
vb0[202]+000 TEXCOORD1: 0.800000012, 0.164705887, 0.501960814, 0.741176486
vb0[202]+000 TEXCOORD2: 0.800000012, 0.164705887, 0.501960814, 0.741176486
vb0[202]+000 TEXCOORD3: 0.800000012, 0.164705887, 0.501960814, 0.741176486
vb0[202]+024 TANGENT: -0.834158123, -0.107104532, 0.541025579, -1

vb0[203]+000 POSITION: -0.0640692338, 1.36566126, 0.0848709866
vb0[203]+012 NORMAL: -0.899324656, -0.0337636806, 0.435976267
vb0[203]+000 COLOR: 0.733333349, 0.211764708, 0.513725519, 0.741176486
vb0[203]+000 TEXCOORD: 0.733333349, 0.211764708, 0.513725519, 0.741176486
vb0[203]+000 TEXCOORD1: 0.733333349, 0.211764708, 0.513725519, 0.741176486
vb0[203]+000 TEXCOORD2: 0.733333349, 0.211764708, 0.513725519, 0.741176486
vb0[203]+000 TEXCOORD3: 0.733333349, 0.211764708, 0.513725519, 0.741176486
vb0[203]+024 TANGENT: -0.919881701, -0.222684026, 0.322845846, -1

vb0[204]+000 POSITION: -0.0663479567, 1.36586273, 0.0758096576
vb0[204]+012 NORMAL: -0.942294896, -0.026498083, 0.333733618
vb0[204]+000 COLOR: 0.43921569, 0.882352948, 0.529411793, 0.741176486
vb0[204]+000 TEXCOORD: 0.43921569, 0.882352948, 0.529411793, 0.741176486
vb0[204]+000 TEXCOORD1: 0.43921569, 0.882352948, 0.529411793, 0.741176486
vb0[204]+000 TEXCOORD2: 0.43921569, 0.882352948, 0.529411793, 0.741176486
vb0[204]+000 TEXCOORD3: 0.43921569, 0.882352948, 0.529411793, 0.741176486
vb0[204]+024 TANGENT: -0.954868436, -0.251549572, 0.157952785, -1

vb0[205]+000 POSITION: -0.0671372935, 1.36571383, 0.0656193048
vb0[205]+012 NORMAL: -0.969718277, -0.0196175016, 0.243437424
vb0[205]+000 COLOR: 0.278431386, 0.498039216, 0.53725493, 0.741176486
vb0[205]+000 TEXCOORD: 0.278431386, 0.498039216, 0.53725493, 0.741176486
vb0[205]+000 TEXCOORD1: 0.278431386, 0.498039216, 0.53725493, 0.741176486
vb0[205]+000 TEXCOORD2: 0.278431386, 0.498039216, 0.53725493, 0.741176486
vb0[205]+000 TEXCOORD3: 0.278431386, 0.498039216, 0.53725493, 0.741176486
vb0[205]+024 TANGENT: -0.952082753, -0.294850856, 0.0812496021, -1

vb0[206]+000 POSITION: -0.0676909611, 1.36541748, 0.056844648
vb0[206]+012 NORMAL: -0.981572151, -0.0158583969, 0.190432489
vb0[206]+000 COLOR: 0.56078434, 0.631372571, 0.541176498, 0.741176486
vb0[206]+000 TEXCOORD: 0.56078434, 0.631372571, 0.541176498, 0.741176486
vb0[206]+000 TEXCOORD1: 0.56078434, 0.631372571, 0.541176498, 0.741176486
vb0[206]+000 TEXCOORD2: 0.56078434, 0.631372571, 0.541176498, 0.741176486
vb0[206]+000 TEXCOORD3: 0.56078434, 0.631372571, 0.541176498, 0.741176486
vb0[206]+024 TANGENT: -0.943373799, -0.328747153, 0.0443990231, -1

vb0[207]+000 POSITION: -0.0711737648, 1.37522137, 0.0467882007
vb0[207]+012 NORMAL: -0.988397539, -0.00808463618, 0.151673615
vb0[207]+000 COLOR: 0.552941203, 0.764705896, 0.568627477, 0.741176486
vb0[207]+000 TEXCOORD: 0.552941203, 0.764705896, 0.568627477, 0.741176486
vb0[207]+000 TEXCOORD1: 0.552941203, 0.764705896, 0.568627477, 0.741176486
vb0[207]+000 TEXCOORD2: 0.552941203, 0.764705896, 0.568627477, 0.741176486
vb0[207]+000 TEXCOORD3: 0.552941203, 0.764705896, 0.568627477, 0.741176486
vb0[207]+024 TANGENT: -0.937500596, -0.334285915, 0.0966726542, -1

vb0[208]+000 POSITION: -0.074150756, 1.38470304, 0.0487704985
vb0[208]+012 NORMAL: -0.988411605, -0.00340011972, 0.151759237
vb0[208]+000 COLOR: 0.352941185, 0.862745106, 0.592156887, 0.741176486
vb0[208]+000 TEXCOORD: 0.352941185, 0.862745106, 0.592156887, 0.741176486
vb0[208]+000 TEXCOORD1: 0.352941185, 0.862745106, 0.592156887, 0.741176486
vb0[208]+000 TEXCOORD2: 0.352941185, 0.862745106, 0.592156887, 0.741176486
vb0[208]+000 TEXCOORD3: 0.352941185, 0.862745106, 0.592156887, 0.741176486
vb0[208]+024 TANGENT: -0.972530901, -0.163087606, 0.166090727, -1

vb0[209]+000 POSITION: -0.0743416697, 1.39033234, 0.0498507582
vb0[209]+012 NORMAL: -0.988409758, -0.000620986859, 0.151808485
vb0[209]+000 COLOR: 0.447058827, 0.250980407, 0.596078455, 0.741176486
vb0[209]+000 TEXCOORD: 0.447058827, 0.250980407, 0.596078455, 0.741176486
vb0[209]+000 TEXCOORD1: 0.447058827, 0.250980407, 0.596078455, 0.741176486
vb0[209]+000 TEXCOORD2: 0.447058827, 0.250980407, 0.596078455, 0.741176486
vb0[209]+000 TEXCOORD3: 0.447058827, 0.250980407, 0.596078455, 0.741176486
vb0[209]+024 TANGENT: -0.980500102, -0.0780401155, 0.180358261, -1

vb0[210]+000 POSITION: -0.0677234903, 1.36524487, 0.0462630391
vb0[210]+012 NORMAL: -0.988365293, -0.0127458144, 0.151563793
vb0[210]+000 COLOR: 0.615686297, 0.698039234, 0.541176498, 0.741176486
vb0[210]+000 TEXCOORD: 0.615686297, 0.698039234, 0.541176498, 0.741176486
vb0[210]+000 TEXCOORD1: 0.615686297, 0.698039234, 0.541176498, 0.741176486
vb0[210]+000 TEXCOORD2: 0.615686297, 0.698039234, 0.541176498, 0.741176486
vb0[210]+000 TEXCOORD3: 0.615686297, 0.698039234, 0.541176498, 0.741176486
vb0[210]+024 TANGENT: -0.920023918, -0.370915949, -0.126401663, -1

vb0[211]+000 POSITION: -0.07501515, 1.38219774, 0.0418095924
vb0[211]+012 NORMAL: -0.988409758, -0.00477588223, 0.151734427
vb0[211]+000 COLOR: 0.545098066, 0.631372571, 0.600000024, 0.741176486
vb0[211]+000 TEXCOORD: 0.545098066, 0.631372571, 0.600000024, 0.741176486
vb0[211]+000 TEXCOORD1: 0.545098066, 0.631372571, 0.600000024, 0.741176486
vb0[211]+000 TEXCOORD2: 0.545098066, 0.631372571, 0.600000024, 0.741176486
vb0[211]+000 TEXCOORD3: 0.545098066, 0.631372571, 0.600000024, 0.741176486
vb0[211]+024 TANGENT: -0.932897449, -0.356979579, 0.0476230383, -1

vb0[212]+000 POSITION: -0.071550481, 1.37503624, 0.0434803106
vb0[212]+012 NORMAL: -0.988396704, -0.00824614614, 0.151670575
vb0[212]+000 COLOR: 0.0588235296, 0.53725493, 0.572549045, 0.741176486
vb0[212]+000 TEXCOORD: 0.0588235296, 0.53725493, 0.572549045, 0.741176486
vb0[212]+000 TEXCOORD1: 0.0588235296, 0.53725493, 0.572549045, 0.741176486
vb0[212]+000 TEXCOORD2: 0.0588235296, 0.53725493, 0.572549045, 0.741176486
vb0[212]+000 TEXCOORD3: 0.0588235296, 0.53725493, 0.572549045, 0.741176486
vb0[212]+024 TANGENT: -0.904145062, -0.416231573, -0.096296303, -1

vb0[213]+000 POSITION: -0.0646649748, 1.3663168, 0.0353470184
vb0[213]+012 NORMAL: -0.988365054, -0.0127978735, 0.151560947
vb0[213]+000 COLOR: 0.0705882385, 0.435294122, 0.517647088, 0.741176486
vb0[213]+000 TEXCOORD: 0.0705882385, 0.435294122, 0.517647088, 0.741176486
vb0[213]+000 TEXCOORD1: 0.0705882385, 0.435294122, 0.517647088, 0.741176486
vb0[213]+000 TEXCOORD2: 0.0705882385, 0.435294122, 0.517647088, 0.741176486
vb0[213]+000 TEXCOORD3: 0.0705882385, 0.435294122, 0.517647088, 0.741176486
vb0[213]+024 TANGENT: -0.869018912, -0.39725396, -0.294949919, -1

vb0[214]+000 POSITION: -0.0640893131, 1.35557747, 0.0571091287
vb0[214]+012 NORMAL: -0.979264498, -0.0216108859, 0.201430157
vb0[214]+000 COLOR: 0.258823544, 0.254901975, 0.513725519, 0.741176486
vb0[214]+000 TEXCOORD: 0.258823544, 0.254901975, 0.513725519, 0.741176486
vb0[214]+000 TEXCOORD1: 0.258823544, 0.254901975, 0.513725519, 0.741176486
vb0[214]+000 TEXCOORD2: 0.258823544, 0.254901975, 0.513725519, 0.741176486
vb0[214]+000 TEXCOORD3: 0.258823544, 0.254901975, 0.513725519, 0.741176486
vb0[214]+024 TANGENT: -0.918796182, -0.394515455, 0.0130802393, -1

vb0[215]+000 POSITION: -0.0629492253, 1.35520017, 0.06592343
vb0[215]+012 NORMAL: -0.966473341, -0.0265003387, 0.25539577
vb0[215]+000 COLOR: 0.525490224, 0.921568632, 0.501960814, 0.741176486
vb0[215]+000 TEXCOORD: 0.525490224, 0.921568632, 0.501960814, 0.741176486
vb0[215]+000 TEXCOORD1: 0.525490224, 0.921568632, 0.501960814, 0.741176486
vb0[215]+000 TEXCOORD2: 0.525490224, 0.921568632, 0.501960814, 0.741176486
vb0[215]+000 TEXCOORD3: 0.525490224, 0.921568632, 0.501960814, 0.741176486
vb0[215]+024 TANGENT: -0.930002749, -0.365797013, 0.0358798467, -1

vb0[216]+000 POSITION: -0.0600474104, 1.34699523, 0.0573319569
vb0[216]+012 NORMAL: -0.976847649, -0.025468532, 0.21241498
vb0[216]+000 COLOR: 0.274509817, 0.956862748, 0.458823532, 0.741176486
vb0[216]+000 TEXCOORD: 0.274509817, 0.956862748, 0.458823532, 0.741176486
vb0[216]+000 TEXCOORD1: 0.274509817, 0.956862748, 0.458823532, 0.741176486
vb0[216]+000 TEXCOORD2: 0.274509817, 0.956862748, 0.458823532, 0.741176486
vb0[216]+000 TEXCOORD3: 0.274509817, 0.956862748, 0.458823532, 0.741176486
vb0[216]+024 TANGENT: -0.905653775, -0.423974723, -0.00606399821, -1

vb0[217]+000 POSITION: -0.0594177768, 1.34575558, 0.0667966679
vb0[217]+012 NORMAL: -0.962443113, -0.032926321, 0.269479185
vb0[217]+000 COLOR: 0.0549019612, 0.376470596, 0.450980395, 0.741176486
vb0[217]+000 TEXCOORD: 0.0549019612, 0.376470596, 0.450980395, 0.741176486
vb0[217]+000 TEXCOORD1: 0.0549019612, 0.376470596, 0.450980395, 0.741176486
vb0[217]+000 TEXCOORD2: 0.0549019612, 0.376470596, 0.450980395, 0.741176486
vb0[217]+000 TEXCOORD3: 0.0549019612, 0.376470596, 0.450980395, 0.741176486
vb0[217]+024 TANGENT: -0.924715757, -0.378599435, 0.0395363495, -1

vb0[218]+000 POSITION: -0.0628748015, 1.35501337, 0.0764200389
vb0[218]+012 NORMAL: -0.928622186, -0.0383218043, 0.369042486
vb0[218]+000 COLOR: 0.505882382, 0.768627465, 0.501960814, 0.741176486
vb0[218]+000 TEXCOORD: 0.505882382, 0.768627465, 0.501960814, 0.741176486
vb0[218]+000 TEXCOORD1: 0.505882382, 0.768627465, 0.501960814, 0.741176486
vb0[218]+000 TEXCOORD2: 0.505882382, 0.768627465, 0.501960814, 0.741176486
vb0[218]+000 TEXCOORD3: 0.505882382, 0.768627465, 0.501960814, 0.741176486
vb0[218]+024 TANGENT: -0.933814824, -0.338428289, 0.116000637, -1

vb0[219]+000 POSITION: -0.0595031641, 1.34854889, 0.0481157005
vb0[219]+012 NORMAL: -0.987401783, -0.0181358866, 0.15719077
vb0[219]+000 COLOR: 0.592156887, 0.725490212, 0.450980395, 0.741176486
vb0[219]+000 TEXCOORD: 0.592156887, 0.725490212, 0.450980395, 0.741176486
vb0[219]+000 TEXCOORD1: 0.592156887, 0.725490212, 0.450980395, 0.741176486
vb0[219]+000 TEXCOORD2: 0.592156887, 0.725490212, 0.450980395, 0.741176486
vb0[219]+000 TEXCOORD3: 0.592156887, 0.725490212, 0.450980395, 0.741176486
vb0[219]+024 TANGENT: -0.858270347, -0.489240289, -0.154971197, -1

vb0[220]+000 POSITION: -0.0642198846, 1.35655475, 0.04717841
vb0[220]+012 NORMAL: -0.988351762, -0.015154277, 0.151430547
vb0[220]+000 COLOR: 0.717647076, 0.521568656, 0.513725519, 0.741176486
vb0[220]+000 TEXCOORD: 0.717647076, 0.521568656, 0.513725519, 0.741176486
vb0[220]+000 TEXCOORD1: 0.717647076, 0.521568656, 0.513725519, 0.741176486
vb0[220]+000 TEXCOORD2: 0.717647076, 0.521568656, 0.513725519, 0.741176486
vb0[220]+000 TEXCOORD3: 0.717647076, 0.521568656, 0.513725519, 0.741176486
vb0[220]+024 TANGENT: -0.888054669, -0.430105001, -0.162383914, -1

vb0[221]+000 POSITION: -0.0616962165, 1.35875058, 0.0367441699
vb0[221]+012 NORMAL: -0.988353491, -0.0148754381, 0.151446
vb0[221]+000 COLOR: 0.172549024, 0.709803939, 0.486274511, 0.741176486
vb0[221]+000 TEXCOORD: 0.172549024, 0.709803939, 0.486274511, 0.741176486
vb0[221]+000 TEXCOORD1: 0.172549024, 0.709803939, 0.486274511, 0.741176486
vb0[221]+000 TEXCOORD2: 0.172549024, 0.709803939, 0.486274511, 0.741176486
vb0[221]+000 TEXCOORD3: 0.172549024, 0.709803939, 0.486274511, 0.741176486
vb0[221]+024 TANGENT: -0.859443784, -0.419300139, -0.292478681, -1

vb0[222]+000 POSITION: -0.0586878993, 1.35236251, 0.0381438211
vb0[222]+012 NORMAL: -0.988340616, -0.0166223552, 0.151348844
vb0[222]+000 COLOR: 0.725490212, 0.384313732, 0.43921569, 0.741176486
vb0[222]+000 TEXCOORD: 0.725490212, 0.384313732, 0.43921569, 0.741176486
vb0[222]+000 TEXCOORD1: 0.725490212, 0.384313732, 0.43921569, 0.741176486
vb0[222]+000 TEXCOORD2: 0.725490212, 0.384313732, 0.43921569, 0.741176486
vb0[222]+000 TEXCOORD3: 0.725490212, 0.384313732, 0.43921569, 0.741176486
vb0[222]+024 TANGENT: -0.828869939, -0.482102692, -0.283816189, -1

vb0[223]+000 POSITION: -0.0679082051, 1.37465549, 0.0343014412
vb0[223]+012 NORMAL: -0.988394499, -0.00862932112, 0.151663408
vb0[223]+000 COLOR: 0.458823532, 0.0745098069, 0.545098066, 0.741176486
vb0[223]+000 TEXCOORD: 0.458823532, 0.0745098069, 0.545098066, 0.741176486
vb0[223]+000 TEXCOORD1: 0.458823532, 0.0745098069, 0.545098066, 0.741176486
vb0[223]+000 TEXCOORD2: 0.458823532, 0.0745098069, 0.545098066, 0.741176486
vb0[223]+000 TEXCOORD3: 0.458823532, 0.0745098069, 0.545098066, 0.741176486
vb0[223]+024 TANGENT: -0.855031312, -0.406145811, -0.322439134, -1

vb0[224]+000 POSITION: -0.0586946532, 1.34543467, 0.0766804591
vb0[224]+012 NORMAL: -0.913753211, -0.0482350662, 0.40339604
vb0[224]+000 COLOR: 0.807843149, 0.411764711, 0.43921569, 0.741176486
vb0[224]+000 TEXCOORD: 0.807843149, 0.411764711, 0.43921569, 0.741176486
vb0[224]+000 TEXCOORD1: 0.807843149, 0.411764711, 0.43921569, 0.741176486
vb0[224]+000 TEXCOORD2: 0.807843149, 0.411764711, 0.43921569, 0.741176486
vb0[224]+000 TEXCOORD3: 0.807843149, 0.411764711, 0.43921569, 0.741176486
vb0[224]+024 TANGENT: -0.912912726, -0.395671874, 0.100170605, -1

vb0[225]+000 POSITION: -0.0572689697, 1.34520257, 0.085243836
vb0[225]+012 NORMAL: -0.867379606, -0.0594624244, 0.494081736
vb0[225]+000 COLOR: 0.870588243, 0.572549045, 0.41568628, 0.741176486
vb0[225]+000 TEXCOORD: 0.870588243, 0.572549045, 0.41568628, 0.741176486
vb0[225]+000 TEXCOORD1: 0.870588243, 0.572549045, 0.41568628, 0.741176486
vb0[225]+000 TEXCOORD2: 0.870588243, 0.572549045, 0.41568628, 0.741176486
vb0[225]+000 TEXCOORD3: 0.870588243, 0.572549045, 0.41568628, 0.741176486
vb0[225]+024 TANGENT: -0.888511539, -0.353846699, 0.292129755, -1

vb0[226]+000 POSITION: -0.0608790852, 1.35486126, 0.0851527974
vb0[226]+012 NORMAL: -0.883805275, -0.0478152484, 0.465405107
vb0[226]+000 COLOR: 0.349019617, 0.360784322, 0.474509805, 0.741176486
vb0[226]+000 TEXCOORD: 0.349019617, 0.360784322, 0.474509805, 0.741176486
vb0[226]+000 TEXCOORD1: 0.349019617, 0.360784322, 0.474509805, 0.741176486
vb0[226]+000 TEXCOORD2: 0.349019617, 0.360784322, 0.474509805, 0.741176486
vb0[226]+000 TEXCOORD3: 0.349019617, 0.360784322, 0.474509805, 0.741176486
vb0[226]+024 TANGENT: -0.909433842, -0.297997653, 0.290047169, -1

vb0[227]+000 POSITION: -0.0584192686, 1.3547188, 0.0908961073
vb0[227]+012 NORMAL: -0.846137822, -0.0524606258, 0.530375957
vb0[227]+000 COLOR: 0.0431372561, 0.286274523, 0.435294122, 0.741176486
vb0[227]+000 TEXCOORD: 0.0431372561, 0.286274523, 0.435294122, 0.741176486
vb0[227]+000 TEXCOORD1: 0.0431372561, 0.286274523, 0.435294122, 0.741176486
vb0[227]+000 TEXCOORD2: 0.0431372561, 0.286274523, 0.435294122, 0.741176486
vb0[227]+000 TEXCOORD3: 0.0431372561, 0.286274523, 0.435294122, 0.741176486
vb0[227]+024 TANGENT: -0.852747023, -0.274828672, 0.444175363, -1

vb0[228]+000 POSITION: -0.0528207831, 1.34491646, 0.0943268761
vb0[228]+012 NORMAL: -0.773704112, -0.0731718913, 0.629307449
vb0[228]+000 COLOR: 0.607843161, 0.352941185, 0.345098048, 0.741176486
vb0[228]+000 TEXCOORD: 0.607843161, 0.352941185, 0.345098048, 0.741176486
vb0[228]+000 TEXCOORD1: 0.607843161, 0.352941185, 0.345098048, 0.741176486
vb0[228]+000 TEXCOORD2: 0.607843161, 0.352941185, 0.345098048, 0.741176486
vb0[228]+000 TEXCOORD3: 0.607843161, 0.352941185, 0.345098048, 0.741176486
vb0[228]+024 TANGENT: -0.766400278, -0.305536002, 0.565047324, -1

vb0[229]+000 POSITION: -0.0549527854, 1.35458672, 0.0963062048
vb0[229]+012 NORMAL: -0.781987548, -0.061085403, 0.620293558
vb0[229]+000 COLOR: 0.172549024, 0.0862745121, 0.380392164, 0.741176486
vb0[229]+000 TEXCOORD: 0.172549024, 0.0862745121, 0.380392164, 0.741176486
vb0[229]+000 TEXCOORD1: 0.172549024, 0.0862745121, 0.380392164, 0.741176486
vb0[229]+000 TEXCOORD2: 0.172549024, 0.0862745121, 0.380392164, 0.741176486
vb0[229]+000 TEXCOORD3: 0.172549024, 0.0862745121, 0.380392164, 0.741176486
vb0[229]+024 TANGENT: -0.7502985, -0.245849907, 0.613685668, -1

vb0[230]+000 POSITION: -0.0499968231, 1.35455441, 0.101135463
vb0[230]+012 NORMAL: -0.731640935, -0.0673521459, 0.67835474
vb0[230]+000 COLOR: 0.470588237, 0.788235307, 0.298039228, 0.741176486
vb0[230]+000 TEXCOORD: 0.470588237, 0.788235307, 0.298039228, 0.741176486
vb0[230]+000 TEXCOORD1: 0.470588237, 0.788235307, 0.298039228, 0.741176486
vb0[230]+000 TEXCOORD2: 0.470588237, 0.788235307, 0.298039228, 0.741176486
vb0[230]+000 TEXCOORD3: 0.470588237, 0.788235307, 0.298039228, 0.741176486
vb0[230]+024 TANGENT: -0.639625192, -0.219543383, 0.736668468, -1

vb0[231]+000 POSITION: -0.0440260246, 1.34508026, 0.10327629
vb0[231]+012 NORMAL: -0.668352246, -0.0860161856, 0.738854885
vb0[231]+000 COLOR: 0.635294139, 0.329411775, 0.203921571, 0.741176486
vb0[231]+000 TEXCOORD: 0.635294139, 0.329411775, 0.203921571, 0.741176486
vb0[231]+000 TEXCOORD1: 0.635294139, 0.329411775, 0.203921571, 0.741176486
vb0[231]+000 TEXCOORD2: 0.635294139, 0.329411775, 0.203921571, 0.741176486
vb0[231]+000 TEXCOORD3: 0.635294139, 0.329411775, 0.203921571, 0.741176486
vb0[231]+024 TANGENT: -0.588899016, -0.208962321, 0.780725718, -1

vb0[232]+000 POSITION: -0.0445386022, 1.35471809, 0.105158292
vb0[232]+012 NORMAL: -0.676040053, -0.0711293295, 0.733423769
vb0[232]+000 COLOR: 0.109803922, 0.431372553, 0.211764708, 0.741176486
vb0[232]+000 TEXCOORD: 0.109803922, 0.431372553, 0.211764708, 0.741176486
vb0[232]+000 TEXCOORD1: 0.109803922, 0.431372553, 0.211764708, 0.741176486
vb0[232]+000 TEXCOORD2: 0.109803922, 0.431372553, 0.211764708, 0.741176486
vb0[232]+000 TEXCOORD3: 0.109803922, 0.431372553, 0.211764708, 0.741176486
vb0[232]+024 TANGENT: -0.532745123, -0.182295024, 0.826408625, -1

vb0[233]+000 POSITION: -0.0379851051, 1.35499406, 0.108965777
vb0[233]+012 NORMAL: -0.569327235, -0.0780032352, 0.818402112
vb0[233]+000 COLOR: 0.270588249, 0.588235319, 0.105882354, 0.741176486
vb0[233]+000 TEXCOORD: 0.270588249, 0.588235319, 0.105882354, 0.741176486
vb0[233]+000 TEXCOORD1: 0.270588249, 0.588235319, 0.105882354, 0.741176486
vb0[233]+000 TEXCOORD2: 0.270588249, 0.588235319, 0.105882354, 0.741176486
vb0[233]+000 TEXCOORD3: 0.270588249, 0.588235319, 0.105882354, 0.741176486
vb0[233]+024 TANGENT: -0.474835008, -0.15526399, 0.866270542, -1

vb0[234]+000 POSITION: -0.0364136137, 1.34543788, 0.108285986
vb0[234]+012 NORMAL: -0.54418236, -0.0944748223, 0.833630621
vb0[234]+000 COLOR: 0.443137258, 0.149019614, 0.0823529437, 0.741176486
vb0[234]+000 TEXCOORD: 0.443137258, 0.149019614, 0.0823529437, 0.741176486
vb0[234]+000 TEXCOORD1: 0.443137258, 0.149019614, 0.0823529437, 0.741176486
vb0[234]+000 TEXCOORD2: 0.443137258, 0.149019614, 0.0823529437, 0.741176486
vb0[234]+000 TEXCOORD3: 0.443137258, 0.149019614, 0.0823529437, 0.741176486
vb0[234]+024 TANGENT: -0.485254735, -0.14824456, 0.861714244, -1

vb0[235]+000 POSITION: -0.0321282893, 1.35524273, 0.112014018
vb0[235]+012 NORMAL: -0.494045824, -0.0827811211, 0.865485907
vb0[235]+000 COLOR: 0.956862748, 0.596078455, 0.0117647061, 0.741176486
vb0[235]+000 TEXCOORD: 0.956862748, 0.596078455, 0.0117647061, 0.741176486
vb0[235]+000 TEXCOORD1: 0.956862748, 0.596078455, 0.0117647061, 0.741176486
vb0[235]+000 TEXCOORD2: 0.956862748, 0.596078455, 0.0117647061, 0.741176486
vb0[235]+000 TEXCOORD3: 0.956862748, 0.596078455, 0.0117647061, 0.741176486
vb0[235]+024 TANGENT: -0.40245831, -0.13091141, 0.906029582, -1

vb0[236]+000 POSITION: -0.038954176, 1.36503136, 0.110154808
vb0[236]+012 NORMAL: -0.57904458, -0.0605057776, 0.813047588
vb0[236]+000 COLOR: 0.41568628, 0.556862772, 0.121568628, 0.741176486
vb0[236]+000 TEXCOORD: 0.41568628, 0.556862772, 0.121568628, 0.741176486
vb0[236]+000 TEXCOORD1: 0.41568628, 0.556862772, 0.121568628, 0.741176486
vb0[236]+000 TEXCOORD2: 0.41568628, 0.556862772, 0.121568628, 0.741176486
vb0[236]+000 TEXCOORD3: 0.41568628, 0.556862772, 0.121568628, 0.741176486
vb0[236]+024 TANGENT: -0.438363284, -0.109420896, 0.892112494, -1

vb0[237]+000 POSITION: -0.045265954, 1.36498666, 0.106809206
vb0[237]+012 NORMAL: -0.679626167, -0.0549717918, 0.731495976
vb0[237]+000 COLOR: 0.796078444, 0.407843143, 0.223529413, 0.741176486
vb0[237]+000 TEXCOORD: 0.796078444, 0.407843143, 0.223529413, 0.741176486
vb0[237]+000 TEXCOORD1: 0.796078444, 0.407843143, 0.223529413, 0.741176486
vb0[237]+000 TEXCOORD2: 0.796078444, 0.407843143, 0.223529413, 0.741176486
vb0[237]+000 TEXCOORD3: 0.796078444, 0.407843143, 0.223529413, 0.741176486
vb0[237]+024 TANGENT: -0.524152517, -0.124257572, 0.842510641, -1

vb0[238]+000 POSITION: -0.0514095426, 1.36499918, 0.102502137
vb0[238]+012 NORMAL: -0.740137935, -0.0506200716, 0.670547128
vb0[238]+000 COLOR: 0.815686285, 0.572549045, 0.321568638, 0.741176486
vb0[238]+000 TEXCOORD: 0.815686285, 0.572549045, 0.321568638, 0.741176486
vb0[238]+000 TEXCOORD1: 0.815686285, 0.572549045, 0.321568638, 0.741176486
vb0[238]+000 TEXCOORD2: 0.815686285, 0.572549045, 0.321568638, 0.741176486
vb0[238]+000 TEXCOORD3: 0.815686285, 0.572549045, 0.321568638, 0.741176486
vb0[238]+024 TANGENT: -0.626551688, -0.122656047, 0.769667745, -1

vb0[239]+000 POSITION: -0.0565400124, 1.36517358, 0.0977090746
vb0[239]+012 NORMAL: -0.790355504, -0.0463722572, 0.610890985
vb0[239]+000 COLOR: 0.501960814, 0.588235319, 0.403921574, 0.741176486
vb0[239]+000 TEXCOORD: 0.501960814, 0.588235319, 0.403921574, 0.741176486
vb0[239]+000 TEXCOORD1: 0.501960814, 0.588235319, 0.403921574, 0.741176486
vb0[239]+000 TEXCOORD2: 0.501960814, 0.588235319, 0.403921574, 0.741176486
vb0[239]+000 TEXCOORD3: 0.501960814, 0.588235319, 0.403921574, 0.741176486
vb0[239]+024 TANGENT: -0.743326008, -0.143213674, 0.653418899, -1

vb0[240]+000 POSITION: -0.0609559342, 1.36542392, 0.0914539397
vb0[240]+012 NORMAL: -0.857360423, -0.0394778624, 0.513200402
vb0[240]+000 COLOR: 0.933333337, 0.674509823, 0.474509805, 0.741176486
vb0[240]+000 TEXCOORD: 0.933333337, 0.674509823, 0.474509805, 0.741176486
vb0[240]+000 TEXCOORD1: 0.933333337, 0.674509823, 0.474509805, 0.741176486
vb0[240]+000 TEXCOORD2: 0.933333337, 0.674509823, 0.474509805, 0.741176486
vb0[240]+000 TEXCOORD3: 0.933333337, 0.674509823, 0.474509805, 0.741176486
vb0[240]+024 TANGENT: -0.853606761, -0.184308767, 0.487222403, -1

vb0[241]+000 POSITION: -0.0288289413, 1.3459233, 0.111954063
vb0[241]+012 NORMAL: -0.453717679, -0.0998648107, 0.88553226
vb0[241]+000 COLOR: 0.674509823, 0.164705887, 0.925490201, 0.737254918
vb0[241]+000 TEXCOORD: 0.674509823, 0.164705887, 0.925490201, 0.737254918
vb0[241]+000 TEXCOORD1: 0.674509823, 0.164705887, 0.925490201, 0.737254918
vb0[241]+000 TEXCOORD2: 0.674509823, 0.164705887, 0.925490201, 0.737254918
vb0[241]+000 TEXCOORD3: 0.674509823, 0.164705887, 0.925490201, 0.737254918
vb0[241]+024 TANGENT: -0.387282848, -0.142092288, 0.910945535, -1

vb0[242]+000 POSITION: -0.0262536965, 1.35562408, 0.114351586
vb0[242]+012 NORMAL: -0.415489018, -0.0852807462, 0.905591607
vb0[242]+000 COLOR: 0.996078432, 0.0666666701, 0.843137264, 0.737254918
vb0[242]+000 TEXCOORD: 0.996078432, 0.0666666701, 0.843137264, 0.737254918
vb0[242]+000 TEXCOORD1: 0.996078432, 0.0666666701, 0.843137264, 0.737254918
vb0[242]+000 TEXCOORD2: 0.996078432, 0.0666666701, 0.843137264, 0.737254918
vb0[242]+000 TEXCOORD3: 0.996078432, 0.0666666701, 0.843137264, 0.737254918
vb0[242]+024 TANGENT: -0.349439949, -0.104999006, 0.931056857, -1

vb0[243]+000 POSITION: -0.0222611688, 1.34658504, 0.114627808
vb0[243]+012 NORMAL: -0.368224621, -0.10290952, 0.924023926
vb0[243]+000 COLOR: 0.0549019612, 0.36470589, 0.713725507, 0.737254918
vb0[243]+000 TEXCOORD: 0.0549019612, 0.36470589, 0.713725507, 0.737254918
vb0[243]+000 TEXCOORD1: 0.0549019612, 0.36470589, 0.713725507, 0.737254918
vb0[243]+000 TEXCOORD2: 0.0549019612, 0.36470589, 0.713725507, 0.737254918
vb0[243]+000 TEXCOORD3: 0.0549019612, 0.36470589, 0.713725507, 0.737254918
vb0[243]+024 TANGENT: -0.437090874, -0.106684744, 0.893067658, -1

vb0[244]+000 POSITION: -0.0207633805, 1.35610271, 0.116436765
vb0[244]+012 NORMAL: -0.341818273, -0.087045759, 0.935726047
vb0[244]+000 COLOR: 0.968627453, 0.0901960805, 0.666666687, 0.737254918
vb0[244]+000 TEXCOORD: 0.968627453, 0.0901960805, 0.666666687, 0.737254918
vb0[244]+000 TEXCOORD1: 0.968627453, 0.0901960805, 0.666666687, 0.737254918
vb0[244]+000 TEXCOORD2: 0.968627453, 0.0901960805, 0.666666687, 0.737254918
vb0[244]+000 TEXCOORD3: 0.968627453, 0.0901960805, 0.666666687, 0.737254918
vb0[244]+024 TANGENT: -0.429429889, -0.0495584011, 0.901739359, -1

vb0[245]+000 POSITION: -0.0263818353, 1.36528242, 0.115001962
vb0[245]+012 NORMAL: -0.419331491, -0.0668899566, 0.905365586
vb0[245]+000 COLOR: 0.721568644, 0.117647059, 0.847058833, 0.737254918
vb0[245]+000 TEXCOORD: 0.721568644, 0.117647059, 0.847058833, 0.737254918
vb0[245]+000 TEXCOORD1: 0.721568644, 0.117647059, 0.847058833, 0.737254918
vb0[245]+000 TEXCOORD2: 0.721568644, 0.117647059, 0.847058833, 0.737254918
vb0[245]+000 TEXCOORD3: 0.721568644, 0.117647059, 0.847058833, 0.737254918
vb0[245]+024 TANGENT: -0.315246701, -0.0486521162, 0.947761834, -1

vb0[246]+000 POSITION: -0.03301524, 1.36506546, 0.112817705
vb0[246]+012 NORMAL: -0.505226552, -0.0637833476, 0.860626459
vb0[246]+000 COLOR: 0.992156863, 0.227450982, 0.0274509806, 0.741176486
vb0[246]+000 TEXCOORD: 0.992156863, 0.227450982, 0.0274509806, 0.741176486
vb0[246]+000 TEXCOORD1: 0.992156863, 0.227450982, 0.0274509806, 0.741176486
vb0[246]+000 TEXCOORD2: 0.992156863, 0.227450982, 0.0274509806, 0.741176486
vb0[246]+000 TEXCOORD3: 0.992156863, 0.227450982, 0.0274509806, 0.741176486
vb0[246]+024 TANGENT: -0.3604635, -0.0757159591, 0.929695189, -1

vb0[247]+000 POSITION: -0.0400444157, 1.37512004, 0.110515304
vb0[247]+012 NORMAL: -0.619240284, -0.0370433666, 0.784327209
vb0[247]+000 COLOR: 0.615686297, 0.0196078438, 0.141176477, 0.741176486
vb0[247]+000 TEXCOORD: 0.615686297, 0.0196078438, 0.141176477, 0.741176486
vb0[247]+000 TEXCOORD1: 0.615686297, 0.0196078438, 0.141176477, 0.741176486
vb0[247]+000 TEXCOORD2: 0.615686297, 0.0196078438, 0.141176477, 0.741176486
vb0[247]+000 TEXCOORD3: 0.615686297, 0.0196078438, 0.141176477, 0.741176486
vb0[247]+024 TANGENT: -0.41778338, -0.0319193564, 0.907985747, -1

vb0[248]+000 POSITION: -0.0460797139, 1.37508965, 0.107442796
vb0[248]+012 NORMAL: -0.682162225, -0.0375754349, 0.730234802
vb0[248]+000 COLOR: 0.0823529437, 0.745098054, 0.235294119, 0.741176486
vb0[248]+000 TEXCOORD: 0.0823529437, 0.745098054, 0.235294119, 0.741176486
vb0[248]+000 TEXCOORD1: 0.0823529437, 0.745098054, 0.235294119, 0.741176486
vb0[248]+000 TEXCOORD2: 0.0823529437, 0.745098054, 0.235294119, 0.741176486
vb0[248]+000 TEXCOORD3: 0.0823529437, 0.745098054, 0.235294119, 0.741176486
vb0[248]+024 TANGENT: -0.534289241, -0.0454105698, 0.844081104, -1

vb0[249]+000 POSITION: -0.0520302504, 1.37520266, 0.102810107
vb0[249]+012 NORMAL: -0.743994713, -0.0332391821, 0.66735822
vb0[249]+000 COLOR: 0.674509823, 0.113725491, 0.333333343, 0.741176486
vb0[249]+000 TEXCOORD: 0.674509823, 0.113725491, 0.333333343, 0.741176486
vb0[249]+000 TEXCOORD1: 0.674509823, 0.113725491, 0.333333343, 0.741176486
vb0[249]+000 TEXCOORD2: 0.674509823, 0.113725491, 0.333333343, 0.741176486
vb0[249]+000 TEXCOORD3: 0.674509823, 0.113725491, 0.333333343, 0.741176486
vb0[249]+024 TANGENT: -0.63777709, -0.0487562418, 0.768676281, -1

vb0[250]+000 POSITION: -0.0572241805, 1.37539339, 0.0981005058
vb0[250]+012 NORMAL: -0.794441462, -0.0290129222, 0.606647372
vb0[250]+000 COLOR: 0.905882359, 0.388235301, 0.41568628, 0.741176486
vb0[250]+000 TEXCOORD: 0.905882359, 0.388235301, 0.41568628, 0.741176486
vb0[250]+000 TEXCOORD1: 0.905882359, 0.388235301, 0.41568628, 0.741176486
vb0[250]+000 TEXCOORD2: 0.905882359, 0.388235301, 0.41568628, 0.741176486
vb0[250]+000 TEXCOORD3: 0.905882359, 0.388235301, 0.41568628, 0.741176486
vb0[250]+024 TANGENT: -0.719090819, -0.0585693158, 0.69244349, -1

vb0[251]+000 POSITION: -0.0173315834, 1.36604643, 0.118048005
vb0[251]+012 NORMAL: -0.254941016, -0.069817774, 0.964432716
vb0[251]+000 COLOR: 0.968627453, 0.980392158, 0.552941203, 0.737254918
vb0[251]+000 TEXCOORD: 0.968627453, 0.980392158, 0.552941203, 0.737254918
vb0[251]+000 TEXCOORD1: 0.968627453, 0.980392158, 0.552941203, 0.737254918
vb0[251]+000 TEXCOORD2: 0.968627453, 0.980392158, 0.552941203, 0.737254918
vb0[251]+000 TEXCOORD3: 0.968627453, 0.980392158, 0.552941203, 0.737254918
vb0[251]+024 TANGENT: -0.341504008, 0.0520598926, 0.938437462, -1

vb0[252]+000 POSITION: -0.0266382713, 1.37532151, 0.115281239
vb0[252]+012 NORMAL: -0.420596391, -0.0436098799, 0.906199098
vb0[252]+000 COLOR: 0.505882382, 0.219607845, 0.854901969, 0.737254918
vb0[252]+000 TEXCOORD: 0.505882382, 0.219607845, 0.854901969, 0.737254918
vb0[252]+000 TEXCOORD1: 0.505882382, 0.219607845, 0.854901969, 0.737254918
vb0[252]+000 TEXCOORD2: 0.505882382, 0.219607845, 0.854901969, 0.737254918
vb0[252]+000 TEXCOORD3: 0.505882382, 0.219607845, 0.854901969, 0.737254918
vb0[252]+024 TANGENT: -0.276664287, -0.0213674922, 0.960729122, -1

vb0[253]+000 POSITION: -0.0337627865, 1.37515426, 0.113027059
vb0[253]+012 NORMAL: -0.511658132, -0.0406926945, 0.858224928
vb0[253]+000 COLOR: 0.850980401, 0.290196091, 0.0392156877, 0.741176486
vb0[253]+000 TEXCOORD: 0.850980401, 0.290196091, 0.0392156877, 0.741176486
vb0[253]+000 TEXCOORD1: 0.850980401, 0.290196091, 0.0392156877, 0.741176486
vb0[253]+000 TEXCOORD2: 0.850980401, 0.290196091, 0.0392156877, 0.741176486
vb0[253]+000 TEXCOORD3: 0.850980401, 0.290196091, 0.0392156877, 0.741176486
vb0[253]+024 TANGENT: -0.341925055, -0.031275928, 0.93920666, -1

vb0[254]+000 POSITION: -0.0408402868, 1.38471031, 0.110142946
vb0[254]+012 NORMAL: -0.624337256, -0.015970381, 0.780991733
vb0[254]+000 COLOR: 0.145098045, 0.282352954, 0.152941182, 0.741176486
vb0[254]+000 TEXCOORD: 0.145098045, 0.282352954, 0.152941182, 0.741176486
vb0[254]+000 TEXCOORD1: 0.145098045, 0.282352954, 0.152941182, 0.741176486
vb0[254]+000 TEXCOORD2: 0.145098045, 0.282352954, 0.152941182, 0.741176486
vb0[254]+000 TEXCOORD3: 0.145098045, 0.282352954, 0.152941182, 0.741176486
vb0[254]+024 TANGENT: -0.443857133, -0.015264092, 0.895967543, -1

vb0[255]+000 POSITION: -0.0469328873, 1.38471103, 0.106851049
vb0[255]+012 NORMAL: -0.688246548, -0.0160518177, 0.725299239
vb0[255]+000 COLOR: 0.701960802, 0.235294119, 0.250980407, 0.741176486
vb0[255]+000 TEXCOORD: 0.701960802, 0.235294119, 0.250980407, 0.741176486
vb0[255]+000 TEXCOORD1: 0.701960802, 0.235294119, 0.250980407, 0.741176486
vb0[255]+000 TEXCOORD2: 0.701960802, 0.235294119, 0.250980407, 0.741176486
vb0[255]+000 TEXCOORD3: 0.701960802, 0.235294119, 0.250980407, 0.741176486
vb0[255]+024 TANGENT: -0.534375072, -0.0149692893, 0.845114887, -1

vb0[256]+000 POSITION: -0.0527816862, 1.38474464, 0.102444053
vb0[256]+012 NORMAL: -0.748131216, -0.0160810277, 0.663356006
vb0[256]+000 COLOR: 0.611764729, 0.192156866, 0.345098048, 0.741176486
vb0[256]+000 TEXCOORD: 0.611764729, 0.192156866, 0.345098048, 0.741176486
vb0[256]+000 TEXCOORD1: 0.611764729, 0.192156866, 0.345098048, 0.741176486
vb0[256]+000 TEXCOORD2: 0.611764729, 0.192156866, 0.345098048, 0.741176486
vb0[256]+000 TEXCOORD3: 0.611764729, 0.192156866, 0.345098048, 0.741176486
vb0[256]+024 TANGENT: -0.631495297, -0.0427606739, 0.774199784, -1

vb0[257]+000 POSITION: -0.0148582179, 1.35690689, 0.119924217
vb0[257]+012 NORMAL: -0.212324649, -0.0896333307, 0.973079741
vb0[257]+000 COLOR: 0.886274517, 0.435294122, 0.450980395, 0.737254918
vb0[257]+000 TEXCOORD: 0.886274517, 0.435294122, 0.450980395, 0.737254918
vb0[257]+000 TEXCOORD1: 0.886274517, 0.435294122, 0.450980395, 0.737254918
vb0[257]+000 TEXCOORD2: 0.886274517, 0.435294122, 0.450980395, 0.737254918
vb0[257]+000 TEXCOORD3: 0.886274517, 0.435294122, 0.450980395, 0.737254918
vb0[257]+024 TANGENT: -0.535681248, 0.0502214432, 0.842925549, -1

vb0[258]+000 POSITION: -0.0159516688, 1.34818482, 0.119076163
vb0[258]+012 NORMAL: -0.228398263, -0.105044775, 0.967884243
vb0[258]+000 COLOR: 0.0745098069, 0.678431392, 0.509803951, 0.737254918
vb0[258]+000 TEXCOORD: 0.0745098069, 0.678431392, 0.509803951, 0.737254918
vb0[258]+000 TEXCOORD1: 0.0745098069, 0.678431392, 0.509803951, 0.737254918
vb0[258]+000 TEXCOORD2: 0.0745098069, 0.678431392, 0.509803951, 0.737254918
vb0[258]+000 TEXCOORD3: 0.0745098069, 0.678431392, 0.509803951, 0.737254918
vb0[258]+024 TANGENT: -0.589237988, -0.0264924746, 0.807525039, -1

vb0[259]+000 POSITION: -0.00789013226, 1.35825801, 0.123802982
vb0[259]+012 NORMAL: -0.116038986, -0.0889783725, 0.989251077
vb0[259]+000 COLOR: 0.615686297, 0.270588249, 0.00392156886, 0.737254918
vb0[259]+000 TEXCOORD: 0.615686297, 0.270588249, 0.00392156886, 0.737254918
vb0[259]+000 TEXCOORD1: 0.615686297, 0.270588249, 0.00392156886, 0.737254918
vb0[259]+000 TEXCOORD2: 0.615686297, 0.270588249, 0.00392156886, 0.737254918
vb0[259]+000 TEXCOORD3: 0.615686297, 0.270588249, 0.00392156886, 0.737254918
vb0[259]+024 TANGENT: -0.539118409, 0.281982899, 0.793622732, -1

vb0[260]+000 POSITION: -0.0073915259, 1.35050976, 0.126585379
vb0[260]+012 NORMAL: -0.100498892, -0.103146657, 0.989575982
vb0[260]+000 COLOR: 0.615686297, 0.203921571, 0.949019611, 0.733333349
vb0[260]+000 TEXCOORD: 0.615686297, 0.203921571, 0.949019611, 0.733333349
vb0[260]+000 TEXCOORD1: 0.615686297, 0.203921571, 0.949019611, 0.733333349
vb0[260]+000 TEXCOORD2: 0.615686297, 0.203921571, 0.949019611, 0.733333349
vb0[260]+000 TEXCOORD3: 0.615686297, 0.203921571, 0.949019611, 0.733333349
vb0[260]+024 TANGENT: -0.683290362, 0.157167196, 0.713030696, -1

vb0[261]+000 POSITION: -0.0081414422, 1.36689103, 0.120849982
vb0[261]+012 NORMAL: -0.129532054, -0.0698779076, 0.989109993
vb0[261]+000 COLOR: 0.686274529, 0.388235301, 0.0196078438, 0.737254918
vb0[261]+000 TEXCOORD: 0.686274529, 0.388235301, 0.0196078438, 0.737254918
vb0[261]+000 TEXCOORD1: 0.686274529, 0.388235301, 0.0196078438, 0.737254918
vb0[261]+000 TEXCOORD2: 0.686274529, 0.388235301, 0.0196078438, 0.737254918
vb0[261]+000 TEXCOORD3: 0.686274529, 0.388235301, 0.0196078438, 0.737254918
vb0[261]+024 TANGENT: -0.349894881, 0.212187782, 0.91244173, -1

vb0[262]+000 POSITION: -0.00860108621, 1.37579501, 0.119167566
vb0[262]+012 NORMAL: -0.139303863, -0.0458013713, 0.989189863
vb0[262]+000 COLOR: 0.572549045, 0.921568632, 0.0470588244, 0.737254918
vb0[262]+000 TEXCOORD: 0.572549045, 0.921568632, 0.0470588244, 0.737254918
vb0[262]+000 TEXCOORD1: 0.572549045, 0.921568632, 0.0470588244, 0.737254918
vb0[262]+000 TEXCOORD2: 0.572549045, 0.921568632, 0.0470588244, 0.737254918
vb0[262]+000 TEXCOORD3: 0.572549045, 0.921568632, 0.0470588244, 0.737254918
vb0[262]+024 TANGENT: -0.213567972, 0.132112637, 0.96795404, -1

vb0[263]+000 POSITION: -0.053188879, 1.39187253, 0.102744922
vb0[263]+012 NORMAL: -0.748665869, 0.000236895357, 0.662947476
vb0[263]+000 COLOR: 0.58431375, 0.862745106, 0.349019617, 0.741176486
vb0[263]+000 TEXCOORD: 0.58431375, 0.862745106, 0.349019617, 0.741176486
vb0[263]+000 TEXCOORD1: 0.58431375, 0.862745106, 0.349019617, 0.741176486
vb0[263]+000 TEXCOORD2: 0.58431375, 0.862745106, 0.349019617, 0.741176486
vb0[263]+000 TEXCOORD3: 0.58431375, 0.862745106, 0.349019617, 0.741176486
vb0[263]+024 TANGENT: -0.608874679, -0.083817482, 0.78882587, -1

vb0[264]+000 POSITION: -0.0475790724, 1.39190304, 0.10660997
vb0[264]+012 NORMAL: -0.691385388, 0.000358408986, 0.722486079
vb0[264]+000 COLOR: 0.274509817, 0.886274517, 0.258823544, 0.741176486
vb0[264]+000 TEXCOORD: 0.274509817, 0.886274517, 0.258823544, 0.741176486
vb0[264]+000 TEXCOORD1: 0.274509817, 0.886274517, 0.258823544, 0.741176486
vb0[264]+000 TEXCOORD2: 0.274509817, 0.886274517, 0.258823544, 0.741176486
vb0[264]+000 TEXCOORD3: 0.274509817, 0.886274517, 0.258823544, 0.741176486
vb0[264]+024 TANGENT: -0.525226831, -0.0535938144, 0.849272966, -1

vb0[265]+000 POSITION: -0.0414712355, 1.39193618, 0.109997615
vb0[265]+012 NORMAL: -0.626880169, 0.000443330326, 0.779115558
vb0[265]+000 COLOR: 0.745098054, 0.866666675, 0.160784319, 0.741176486
vb0[265]+000 TEXCOORD: 0.745098054, 0.866666675, 0.160784319, 0.741176486
vb0[265]+000 TEXCOORD1: 0.745098054, 0.866666675, 0.160784319, 0.741176486
vb0[265]+000 TEXCOORD2: 0.745098054, 0.866666675, 0.160784319, 0.741176486
vb0[265]+000 TEXCOORD3: 0.745098054, 0.866666675, 0.160784319, 0.741176486
vb0[265]+024 TANGENT: -0.457991272, -0.0549135804, 0.887259007, -1

vb0[266]+000 POSITION: -0.00870548747, 1.38488388, 0.118612662
vb0[266]+012 NORMAL: -0.142370179, -0.0202361699, 0.989606559
vb0[266]+000 COLOR: 0.4627451, 0.631372571, 0.0549019612, 0.737254918
vb0[266]+000 TEXCOORD: 0.4627451, 0.631372571, 0.0549019612, 0.737254918
vb0[266]+000 TEXCOORD1: 0.4627451, 0.631372571, 0.0549019612, 0.737254918
vb0[266]+000 TEXCOORD2: 0.4627451, 0.631372571, 0.0549019612, 0.737254918
vb0[266]+000 TEXCOORD3: 0.4627451, 0.631372571, 0.0549019612, 0.737254918
vb0[266]+024 TANGENT: -0.101771593, 0.0342025757, 0.994219661, -1

vb0[267]+000 POSITION: -0.0180089716, 1.38488388, 0.11754296
vb0[267]+012 NORMAL: -0.263904274, -0.0197098739, 0.964347482
vb0[267]+000 COLOR: 0.552941203, 0.529411793, 0.576470613, 0.737254918
vb0[267]+000 TEXCOORD: 0.552941203, 0.529411793, 0.576470613, 0.737254918
vb0[267]+000 TEXCOORD1: 0.552941203, 0.529411793, 0.576470613, 0.737254918
vb0[267]+000 TEXCOORD2: 0.552941203, 0.529411793, 0.576470613, 0.737254918
vb0[267]+000 TEXCOORD3: 0.552941203, 0.529411793, 0.576470613, 0.737254918
vb0[267]+024 TANGENT: -0.175763354, -0.0197668057, 0.984233916, -1

vb0[268]+000 POSITION: -0.0181561578, 1.39207256, 0.117760859
vb0[268]+012 NORMAL: -0.265760839, 0.000184793855, 0.964038968
vb0[268]+000 COLOR: 0.223529413, 0.737254918, 0.580392182, 0.737254918
vb0[268]+000 TEXCOORD: 0.223529413, 0.737254918, 0.580392182, 0.737254918
vb0[268]+000 TEXCOORD1: 0.223529413, 0.737254918, 0.580392182, 0.737254918
vb0[268]+000 TEXCOORD2: 0.223529413, 0.737254918, 0.580392182, 0.737254918
vb0[268]+000 TEXCOORD3: 0.223529413, 0.737254918, 0.580392182, 0.737254918
vb0[268]+024 TANGENT: -0.160383448, -0.0417062603, 0.986173272, -1

vb0[269]+000 POSITION: -0.0176844951, 1.37567604, 0.117382772
vb0[269]+012 NORMAL: -0.260237426, -0.0443159752, 0.96452713
vb0[269]+000 COLOR: 0.0745098069, 0.874509811, 0.564705908, 0.737254918
vb0[269]+000 TEXCOORD: 0.0745098069, 0.874509811, 0.564705908, 0.737254918
vb0[269]+000 TEXCOORD1: 0.0745098069, 0.874509811, 0.564705908, 0.737254918
vb0[269]+000 TEXCOORD2: 0.0745098069, 0.874509811, 0.564705908, 0.737254918
vb0[269]+000 TEXCOORD3: 0.0745098069, 0.874509811, 0.564705908, 0.737254918
vb0[269]+024 TANGENT: -0.223432183, 0.0288363695, 0.974292874, -1

vb0[270]+000 POSITION: -0.0269252285, 1.39202631, 0.115861826
vb0[270]+012 NORMAL: -0.420864642, 0.000327912159, 0.907123387
vb0[270]+000 COLOR: 0.298039228, 0.572549045, 0.862745106, 0.737254918
vb0[270]+000 TEXCOORD: 0.298039228, 0.572549045, 0.862745106, 0.737254918
vb0[270]+000 TEXCOORD1: 0.298039228, 0.572549045, 0.862745106, 0.737254918
vb0[270]+000 TEXCOORD2: 0.298039228, 0.572549045, 0.862745106, 0.737254918
vb0[270]+000 TEXCOORD3: 0.298039228, 0.572549045, 0.862745106, 0.737254918
vb0[270]+024 TANGENT: -0.264940351, -0.0486784503, 0.963035226, -1

vb0[271]+000 POSITION: -0.0268994309, 1.38480389, 0.115542695
vb0[271]+012 NORMAL: -0.421707273, -0.0190095901, 0.906532764
vb0[271]+000 COLOR: 0.196078435, 0.360784322, 0.862745106, 0.737254918
vb0[271]+000 TEXCOORD: 0.196078435, 0.360784322, 0.862745106, 0.737254918
vb0[271]+000 TEXCOORD1: 0.196078435, 0.360784322, 0.862745106, 0.737254918
vb0[271]+000 TEXCOORD2: 0.196078435, 0.360784322, 0.862745106, 0.737254918
vb0[271]+000 TEXCOORD3: 0.196078435, 0.360784322, 0.862745106, 0.737254918
vb0[271]+024 TANGENT: -0.266362071, -0.0364075899, 0.963185191, -1

vb0[272]+000 POSITION: -0.0343752727, 1.38472903, 0.113119297
vb0[272]+012 NORMAL: -0.516408086, -0.0189629532, 0.856132567
vb0[272]+000 COLOR: 0.0862745121, 0.80392158, 0.0470588244, 0.741176486
vb0[272]+000 TEXCOORD: 0.0862745121, 0.80392158, 0.0470588244, 0.741176486
vb0[272]+000 TEXCOORD1: 0.0862745121, 0.80392158, 0.0470588244, 0.741176486
vb0[272]+000 TEXCOORD2: 0.0862745121, 0.80392158, 0.0470588244, 0.741176486
vb0[272]+000 TEXCOORD3: 0.0862745121, 0.80392158, 0.0470588244, 0.741176486
vb0[272]+024 TANGENT: -0.36517179, -0.0321587324, 0.930384517, -1

vb0[273]+000 POSITION: -0.0347809419, 1.39197814, 0.113233052
vb0[273]+012 NORMAL: -0.518530428, 0.000212713407, 0.855059147
vb0[273]+000 COLOR: 0.4627451, 0.4627451, 0.0549019612, 0.741176486
vb0[273]+000 TEXCOORD: 0.4627451, 0.4627451, 0.0549019612, 0.741176486
vb0[273]+000 TEXCOORD1: 0.4627451, 0.4627451, 0.0549019612, 0.741176486
vb0[273]+000 TEXCOORD2: 0.4627451, 0.4627451, 0.0549019612, 0.741176486
vb0[273]+000 TEXCOORD3: 0.4627451, 0.4627451, 0.0549019612, 0.741176486
vb0[273]+024 TANGENT: -0.373238415, -0.0517805777, 0.92628926, -1

vb0[274]+000 POSITION: -0.0269357841, 1.39973688, 0.116297901
vb0[274]+012 NORMAL: -0.416651636, 0.0224659331, 0.908788621
vb0[274]+000 COLOR: 0.435294122, 0.65882355, 0.862745106, 0.737254918
vb0[274]+000 TEXCOORD: 0.435294122, 0.65882355, 0.862745106, 0.737254918
vb0[274]+000 TEXCOORD1: 0.435294122, 0.65882355, 0.862745106, 0.737254918
vb0[274]+000 TEXCOORD2: 0.435294122, 0.65882355, 0.862745106, 0.737254918
vb0[274]+000 TEXCOORD3: 0.435294122, 0.65882355, 0.862745106, 0.737254918
vb0[274]+024 TANGENT: -0.257257432, -0.0625897571, 0.964313805, -1

vb0[275]+000 POSITION: -0.0351674855, 1.39972961, 0.113585509
vb0[275]+012 NORMAL: -0.516535282, 0.0221048258, 0.855980515
vb0[275]+000 COLOR: 0.784313738, 0.0431372561, 0.0627451017, 0.741176486
vb0[275]+000 TEXCOORD: 0.784313738, 0.0431372561, 0.0627451017, 0.741176486
vb0[275]+000 TEXCOORD1: 0.784313738, 0.0431372561, 0.0627451017, 0.741176486
vb0[275]+000 TEXCOORD2: 0.784313738, 0.0431372561, 0.0627451017, 0.741176486
vb0[275]+000 TEXCOORD3: 0.784313738, 0.0431372561, 0.0627451017, 0.741176486
vb0[275]+024 TANGENT: -0.358376056, -0.0822066665, 0.929950893, -1

vb0[276]+000 POSITION: -0.0353984013, 1.40815675, 0.114310719
vb0[276]+012 NORMAL: -0.512845457, 0.0411910787, 0.857492149
vb0[276]+000 COLOR: 0.917647064, 0.992156863, 0.0627451017, 0.741176486
vb0[276]+000 TEXCOORD: 0.917647064, 0.992156863, 0.0627451017, 0.741176486
vb0[276]+000 TEXCOORD1: 0.917647064, 0.992156863, 0.0627451017, 0.741176486
vb0[276]+000 TEXCOORD2: 0.917647064, 0.992156863, 0.0627451017, 0.741176486
vb0[276]+000 TEXCOORD3: 0.917647064, 0.992156863, 0.0627451017, 0.741176486
vb0[276]+024 TANGENT: -0.32559526, -0.0725588724, 0.942721009, -1

vb0[277]+000 POSITION: -0.00891190395, 1.39212012, 0.11876566
vb0[277]+012 NORMAL: -0.145284414, 0.000306298432, 0.989389837
vb0[277]+000 COLOR: 0.235294119, 0.0117647061, 0.0705882385, 0.737254918
vb0[277]+000 TEXCOORD: 0.235294119, 0.0117647061, 0.0705882385, 0.737254918
vb0[277]+000 TEXCOORD1: 0.235294119, 0.0117647061, 0.0705882385, 0.737254918
vb0[277]+000 TEXCOORD2: 0.235294119, 0.0117647061, 0.0705882385, 0.737254918
vb0[277]+000 TEXCOORD3: 0.235294119, 0.0117647061, 0.0705882385, 0.737254918
vb0[277]+024 TANGENT: -0.0789755657, -0.0428428687, 0.995955586, -1

vb0[278]+000 POSITION: -0.018163085, 1.399737, 0.118153751
vb0[278]+012 NORMAL: -0.264586657, 0.0234503336, 0.964076698
vb0[278]+000 COLOR: 0.752941191, 0.792156875, 0.580392182, 0.737254918
vb0[278]+000 TEXCOORD: 0.752941191, 0.792156875, 0.580392182, 0.737254918
vb0[278]+000 TEXCOORD1: 0.752941191, 0.792156875, 0.580392182, 0.737254918
vb0[278]+000 TEXCOORD2: 0.752941191, 0.792156875, 0.580392182, 0.737254918
vb0[278]+000 TEXCOORD3: 0.752941191, 0.792156875, 0.580392182, 0.737254918
vb0[278]+024 TANGENT: -0.16249764, -0.0584146343, 0.984978318, -1

vb0[279]+000 POSITION: -0.0270263236, 1.40819836, 0.116846234
vb0[279]+012 NORMAL: -0.412661403, 0.0442009866, 0.909811437
vb0[279]+000 COLOR: 0.309803933, 0.400000006, 0.866666675, 0.737254918
vb0[279]+000 TEXCOORD: 0.309803933, 0.400000006, 0.866666675, 0.737254918
vb0[279]+000 TEXCOORD1: 0.309803933, 0.400000006, 0.866666675, 0.737254918
vb0[279]+000 TEXCOORD2: 0.309803933, 0.400000006, 0.866666675, 0.737254918
vb0[279]+000 TEXCOORD3: 0.309803933, 0.400000006, 0.866666675, 0.737254918
vb0[279]+024 TANGENT: -0.247762442, -0.0653121993, 0.966616809, -1

vb0[280]+000 POSITION: -0.0421859547, 1.39969003, 0.110362954
vb0[280]+012 NORMAL: -0.624280632, 0.0187964514, 0.780973971
vb0[280]+000 COLOR: 0.180392161, 0.796078444, 0.172549024, 0.741176486
vb0[280]+000 TEXCOORD: 0.180392161, 0.796078444, 0.172549024, 0.741176486
vb0[280]+000 TEXCOORD1: 0.180392161, 0.796078444, 0.172549024, 0.741176486
vb0[280]+000 TEXCOORD2: 0.180392161, 0.796078444, 0.172549024, 0.741176486
vb0[280]+000 TEXCOORD3: 0.180392161, 0.796078444, 0.172549024, 0.741176486
vb0[280]+024 TANGENT: -0.452159435, -0.112844281, 0.884770095, -1

vb0[281]+000 POSITION: -0.0181131884, 1.40819955, 0.118680872
vb0[281]+012 NORMAL: -0.262219399, 0.0451949686, 0.963949323
vb0[281]+000 COLOR: 0.109803922, 0.384313732, 0.580392182, 0.737254918
vb0[281]+000 TEXCOORD: 0.109803922, 0.384313732, 0.580392182, 0.737254918
vb0[281]+000 TEXCOORD1: 0.109803922, 0.384313732, 0.580392182, 0.737254918
vb0[281]+000 TEXCOORD2: 0.109803922, 0.384313732, 0.580392182, 0.737254918
vb0[281]+000 TEXCOORD3: 0.109803922, 0.384313732, 0.580392182, 0.737254918
vb0[281]+024 TANGENT: -0.165328875, -0.0703502372, 0.983726203, -1

vb0[282]+000 POSITION: 0.0728198066, 1.40738702, 0.075780198
vb0[282]+012 NORMAL: 0.954894602, 0.0141362939, 0.296608388
vb0[282]+000 COLOR: 0.552941203, 0.13333334, 0.58431375, 0.239215687
vb0[282]+000 TEXCOORD: 0.552941203, 0.13333334, 0.58431375, 0.239215687
vb0[282]+000 TEXCOORD1: 0.552941203, 0.13333334, 0.58431375, 0.239215687
vb0[282]+000 TEXCOORD2: 0.552941203, 0.13333334, 0.58431375, 0.239215687
vb0[282]+000 TEXCOORD3: 0.552941203, 0.13333334, 0.58431375, 0.239215687
vb0[282]+024 TANGENT: 0.976344228, -0.0785166696, 0.201462254, -1

vb0[283]+000 POSITION: 0.0707564205, 1.41396272, 0.0846353918
vb0[283]+012 NORMAL: 0.916915119, 0.027025288, 0.39816618
vb0[283]+000 COLOR: 0.745098054, 0.909803927, 0.564705908, 0.239215687
vb0[283]+000 TEXCOORD: 0.745098054, 0.909803927, 0.564705908, 0.239215687
vb0[283]+000 TEXCOORD1: 0.745098054, 0.909803927, 0.564705908, 0.239215687
vb0[283]+000 TEXCOORD2: 0.745098054, 0.909803927, 0.564705908, 0.239215687
vb0[283]+000 TEXCOORD3: 0.745098054, 0.909803927, 0.564705908, 0.239215687
vb0[283]+024 TANGENT: 0.893757463, 0.012141943, 0.448386341, -1

vb0[284]+000 POSITION: 0.073626101, 1.40016496, 0.0649093315
vb0[284]+012 NORMAL: 0.973505437, 0.00754882535, 0.228539139
vb0[284]+000 COLOR: 0.282352954, 0.788235307, 0.588235319, 0.239215687
vb0[284]+000 TEXCOORD: 0.282352954, 0.788235307, 0.588235319, 0.239215687
vb0[284]+000 TEXCOORD1: 0.282352954, 0.788235307, 0.588235319, 0.239215687
vb0[284]+000 TEXCOORD2: 0.282352954, 0.788235307, 0.588235319, 0.239215687
vb0[284]+000 TEXCOORD3: 0.282352954, 0.788235307, 0.588235319, 0.239215687
vb0[284]+024 TANGENT: 0.984934211, -0.136519015, 0.10614682, -1

vb0[285]+000 POSITION: 0.0733797103, 1.39579117, 0.057804998
vb0[285]+012 NORMAL: 0.982863486, 0.00353886792, 0.184301332
vb0[285]+000 COLOR: 0.101960786, 0.282352954, 0.588235319, 0.239215687
vb0[285]+000 TEXCOORD: 0.101960786, 0.282352954, 0.588235319, 0.239215687
vb0[285]+000 TEXCOORD1: 0.101960786, 0.282352954, 0.588235319, 0.239215687
vb0[285]+000 TEXCOORD2: 0.101960786, 0.282352954, 0.588235319, 0.239215687
vb0[285]+000 TEXCOORD3: 0.101960786, 0.282352954, 0.588235319, 0.239215687
vb0[285]+024 TANGENT: 0.988703012, -0.10675443, 0.105213881, -1

vb0[286]+000 POSITION: -0.0707564205, 1.41396272, 0.0846353918
vb0[286]+012 NORMAL: -0.916915238, 0.0270252544, 0.398165762
vb0[286]+000 COLOR: 0.745098054, 0.909803927, 0.564705908, 0.741176486
vb0[286]+000 TEXCOORD: 0.745098054, 0.909803927, 0.564705908, 0.741176486
vb0[286]+000 TEXCOORD1: 0.745098054, 0.909803927, 0.564705908, 0.741176486
vb0[286]+000 TEXCOORD2: 0.745098054, 0.909803927, 0.564705908, 0.741176486
vb0[286]+000 TEXCOORD3: 0.745098054, 0.909803927, 0.564705908, 0.741176486
vb0[286]+024 TANGENT: -0.893757463, 0.0121423034, 0.448386371, -1

vb0[287]+000 POSITION: -0.0728198066, 1.40738702, 0.075780198
vb0[287]+012 NORMAL: -0.954894602, 0.0141363107, 0.296607912
vb0[287]+000 COLOR: 0.552941203, 0.13333334, 0.58431375, 0.741176486
vb0[287]+000 TEXCOORD: 0.552941203, 0.13333334, 0.58431375, 0.741176486
vb0[287]+000 TEXCOORD1: 0.552941203, 0.13333334, 0.58431375, 0.741176486
vb0[287]+000 TEXCOORD2: 0.552941203, 0.13333334, 0.58431375, 0.741176486
vb0[287]+000 TEXCOORD3: 0.552941203, 0.13333334, 0.58431375, 0.741176486
vb0[287]+024 TANGENT: -0.976344109, -0.0785170719, 0.201462492, -1

vb0[288]+000 POSITION: -0.073626101, 1.40016496, 0.0649093315
vb0[288]+012 NORMAL: -0.973505437, 0.00754895573, 0.22853896
vb0[288]+000 COLOR: 0.282352954, 0.788235307, 0.588235319, 0.741176486
vb0[288]+000 TEXCOORD: 0.282352954, 0.788235307, 0.588235319, 0.741176486
vb0[288]+000 TEXCOORD1: 0.282352954, 0.788235307, 0.588235319, 0.741176486
vb0[288]+000 TEXCOORD2: 0.282352954, 0.788235307, 0.588235319, 0.741176486
vb0[288]+000 TEXCOORD3: 0.282352954, 0.788235307, 0.588235319, 0.741176486
vb0[288]+024 TANGENT: -0.984934092, -0.136519372, 0.106147416, -1

vb0[289]+000 POSITION: -0.0733797103, 1.39579117, 0.057804998
vb0[289]+012 NORMAL: -0.982863486, 0.00353906932, 0.184301406
vb0[289]+000 COLOR: 0.101960786, 0.282352954, 0.588235319, 0.741176486
vb0[289]+000 TEXCOORD: 0.101960786, 0.282352954, 0.588235319, 0.741176486
vb0[289]+000 TEXCOORD1: 0.101960786, 0.282352954, 0.588235319, 0.741176486
vb0[289]+000 TEXCOORD2: 0.101960786, 0.282352954, 0.588235319, 0.741176486
vb0[289]+000 TEXCOORD3: 0.101960786, 0.282352954, 0.588235319, 0.741176486
vb0[289]+024 TANGENT: -0.988703132, -0.106754549, 0.105212808, -1
