stride: 20
first vertex: 0
vertex count: 1680
topology: trianglelist
element[0]:
  SemanticName: POSITION
  SemanticIndex: 0
  Format: R16G16B16A16_FLOAT
  InputSlot: 0
  AlignedByteOffset: 0
  InputSlotClass: per-vertex
  InstanceDataStepRate: 0
element[1]:
  SemanticName: NORMAL
  SemanticIndex: 0
  Format: R8G8B8A8_UNORM
  InputSlot: 0
  AlignedByteOffset: 0
  InputSlotClass: per-vertex
  InstanceDataStepRate: 0
element[2]:
  SemanticName: COLOR
  SemanticIndex: 0
  Format: R8G8B8A8_UNORM
  InputSlot: 0
  AlignedByteOffset: 0
  InputSlotClass: per-vertex
  InstanceDataStepRate: 0
element[3]:
  SemanticName: TEXCOORD
  SemanticIndex: 0
  Format: R16G16_FLOAT
  InputSlot: 0
  AlignedByteOffset: 12
  InputSlotClass: per-vertex
  InstanceDataStepRate: 0
element[4]:
  SemanticName: TEXCOORD
  SemanticIndex: 1
  Format: R8G8B8A8_UNORM
  InputSlot: 0
  AlignedByteOffset: 0
  InputSlotClass: per-vertex
  InstanceDataStepRate: 0
element[5]:
  SemanticName: TEXCOORD
  SemanticIndex: 2
  Format: R8G8B8A8_UNORM
  InputSlot: 0
  AlignedByteOffset: 0
  InputSlotClass: per-vertex
  InstanceDataStepRate: 0
element[6]:
  SemanticName: TEXCOORD
  SemanticIndex: 3
  Format: R8G8B8A8_UNORM
  InputSlot: 0
  AlignedByteOffset: 0
  InputSlotClass: per-vertex
  InstanceDataStepRate: 0
element[7]:
  SemanticName: TANGENT
  SemanticIndex: 0
  Format: R8G8B8A8_UNORM
  InputSlot: 0
  AlignedByteOffset: 0
  InputSlotClass: per-vertex
  InstanceDataStepRate: 0

vertex-data:

vb0[0]+000 POSITION: 0.0859375, 1.09570313, 0.00676345825, 1
vb0[0]+000 NORMAL: 0.501960814, 0.176470593, 0.384313732, 0.235294119
vb0[0]+000 COLOR: 0.501960814, 0.176470593, 0.384313732, 0.235294119
vb0[0]+012 TEXCOORD: 0.0124969482, 0.049987793
vb0[0]+000 TEXCOORD1: 0.501960814, 0.176470593, 0.384313732, 0.235294119
vb0[0]+000 TEXCOORD2: 0.501960814, 0.176470593, 0.384313732, 0.235294119
vb0[0]+000 TEXCOORD3: 0.501960814, 0.176470593, 0.384313732, 0.235294119
vb0[0]+000 TANGENT: 0.501960814, 0.176470593, 0.384313732, 0.235294119

vb0[1]+000 POSITION: 0, 1.09863281, 0, 1
vb0[1]+000 NORMAL: 0, 0, 0.396078438, 0.235294119
vb0[1]+000 COLOR: 0, 0, 0.396078438, 0.235294119
vb0[1]+012 TEXCOORD: 0, 0
vb0[1]+000 TEXCOORD1: 0, 0, 0.396078438, 0.235294119
vb0[1]+000 TEXCOORD2: 0, 0, 0.396078438, 0.235294119
vb0[1]+000 TEXCOORD3: 0, 0, 0.396078438, 0.235294119
vb0[1]+000 TANGENT: 0, 0, 0.396078438, 0.235294119

vb0[2]+000 POSITION: 0.0859375, 1.09570313, -0.00676345825, 1
vb0[2]+000 NORMAL: 0.501960814, 0.176470593, 0.384313732, 0.235294119
vb0[2]+000 COLOR: 0.501960814, 0.176470593, 0.384313732, 0.235294119
vb0[2]+012 TEXCOORD: -0.0124969482, 0.049987793
vb0[2]+000 TEXCOORD1: 0.501960814, 0.176470593, 0.384313732, 0.235294119
vb0[2]+000 TEXCOORD2: 0.501960814, 0.176470593, 0.384313732, 0.235294119
vb0[2]+000 TEXCOORD3: 0.501960814, 0.176470593, 0.384313732, 0.235294119
vb0[2]+000 TANGENT: 0.501960814, 0.176470593, 0.384313732, 0.235294119

vb0[3]+000 POSITION: 0.171875, 1.08496094, 0, 1
vb0[3]+000 NORMAL: 0.501960814, 0.192156866, 0.34117648, 0.235294119
vb0[3]+000 COLOR: 0.501960814, 0.192156866, 0.34117648, 0.235294119
vb0[3]+012 TEXCOORD: 0, 0.0999755859
vb0[3]+000 TEXCOORD1: 0.501960814, 0.192156866, 0.34117648, 0.235294119
vb0[3]+000 TEXCOORD2: 0.501960814, 0.192156866, 0.34117648, 0.235294119
vb0[3]+000 TEXCOORD3: 0.501960814, 0.192156866, 0.34117648, 0.235294119
vb0[3]+000 TANGENT: 0.501960814, 0.192156866, 0.34117648, 0.235294119

vb0[4]+000 POSITION: 0.169799805, 1.08496094, -0.0268859863, 1
vb0[4]+000 NORMAL: 0.435294122, 0.192156866, 0.34117648, 0.235294119
vb0[4]+000 COLOR: 0.435294122, 0.192156866, 0.34117648, 0.235294119
vb0[4]+012 TEXCOORD: -0.0249938965, 0.0999755859
vb0[4]+000 TEXCOORD1: 0.435294122, 0.192156866, 0.34117648, 0.235294119
vb0[4]+000 TEXCOORD2: 0.435294122, 0.192156866, 0.34117648, 0.235294119
vb0[4]+000 TEXCOORD3: 0.435294122, 0.192156866, 0.34117648, 0.235294119
vb0[4]+000 TANGENT: 0.435294122, 0.192156866, 0.34117648, 0.235294119

vb0[5]+000 POSITION: 0.169799805, 1.08496094, 0.0268859863, 1
vb0[5]+000 NORMAL: 0.435294122, 0.192156866, 0.34117648, 0.235294119
vb0[5]+000 COLOR: 0.435294122, 0.192156866, 0.34117648, 0.235294119
vb0[5]+012 TEXCOORD: 0.0249938965, 0.0999755859
vb0[5]+000 TEXCOORD1: 0.435294122, 0.192156866, 0.34117648, 0.235294119
vb0[5]+000 TEXCOORD2: 0.435294122, 0.192156866, 0.34117648, 0.235294119
vb0[5]+000 TEXCOORD3: 0.435294122, 0.192156866, 0.34117648, 0.235294119
vb0[5]+000 TANGENT: 0.435294122, 0.192156866, 0.34117648, 0.235294119

vb0[6]+000 POSITION: 0.0838623047, 1.09570313, 0.0201263428, 1
vb0[6]+000 NORMAL: 0.368627459, 0.176470593, 0.384313732, 0.235294119
vb0[6]+000 COLOR: 0.368627459, 0.176470593, 0.384313732, 0.235294119
vb0[6]+012 TEXCOORD: 0.0375061035, 0.049987793
vb0[6]+000 TEXCOORD1: 0.368627459, 0.176470593, 0.384313732, 0.235294119
vb0[6]+000 TEXCOORD2: 0.368627459, 0.176470593, 0.384313732, 0.235294119
vb0[6]+000 TEXCOORD3: 0.368627459, 0.176470593, 0.384313732, 0.235294119
vb0[6]+000 TANGENT: 0.368627459, 0.176470593, 0.384313732, 0.235294119

vb0[7]+000 POSITION: 0, 1.09863281, 0, 1
vb0[7]+000 NORMAL: 0, 0, 0.396078438, 0.235294119
vb0[7]+000 COLOR: 0, 0, 0.396078438, 0.235294119
vb0[7]+012 TEXCOORD: 0.0249938965, 0
vb0[7]+000 TEXCOORD1: 0, 0, 0.396078438, 0.235294119
vb0[7]+000 TEXCOORD2: 0, 0, 0.396078438, 0.235294119
vb0[7]+000 TEXCOORD3: 0, 0, 0.396078438, 0.235294119
vb0[7]+000 TANGENT: 0, 0, 0.396078438, 0.235294119

vb0[8]+000 POSITION: 0.163452148, 1.08496094, 0.0531311035, 1
vb0[8]+000 NORMAL: 0.23137255, 0.192156866, 0.34117648, 0.235294119
vb0[8]+000 COLOR: 0.23137255, 0.192156866, 0.34117648, 0.235294119
vb0[8]+012 TEXCOORD: 0.049987793, 0.0999755859
vb0[8]+000 TEXCOORD1: 0.23137255, 0.192156866, 0.34117648, 0.235294119
vb0[8]+000 TEXCOORD2: 0.23137255, 0.192156866, 0.34117648, 0.235294119
vb0[8]+000 TEXCOORD3: 0.23137255, 0.192156866, 0.34117648, 0.235294119
vb0[8]+000 TANGENT: 0.23137255, 0.192156866, 0.34117648, 0.235294119

vb0[9]+000 POSITION: 0.0796508789, 1.09570313, 0.032989502, 1
vb0[9]+000 NORMAL: 0.0980392173, 0.176470593, 0.384313732, 0.235294119
vb0[9]+000 COLOR: 0.0980392173, 0.176470593, 0.384313732, 0.235294119
vb0[9]+012 TEXCOORD: 0.0625, 0.049987793
vb0[9]+000 TEXCOORD1: 0.0980392173, 0.176470593, 0.384313732, 0.235294119
vb0[9]+000 TEXCOORD2: 0.0980392173, 0.176470593, 0.384313732, 0.235294119
vb0[9]+000 TEXCOORD3: 0.0980392173, 0.176470593, 0.384313732, 0.235294119
vb0[9]+000 TANGENT: 0.0980392173, 0.176470593, 0.384313732, 0.235294119

vb0[10]+000 POSITION: 0, 1.09863281, 0, 1
vb0[10]+000 NORMAL: 0, 0, 0.396078438, 0.235294119
vb0[10]+000 COLOR: 0, 0, 0.396078438, 0.235294119
vb0[10]+012 TEXCOORD: 0.049987793, 0
vb0[10]+000 TEXCOORD1: 0, 0, 0.396078438, 0.235294119
vb0[10]+000 TEXCOORD2: 0, 0, 0.396078438, 0.235294119
vb0[10]+000 TEXCOORD3: 0, 0, 0.396078438, 0.235294119
vb0[10]+000 TANGENT: 0, 0, 0.396078438, 0.235294119

vb0[11]+000 POSITION: 0.153198242, 1.08496094, 0.0780639648, 1
vb0[11]+000 NORMAL: 0.905882359, 0.188235298, 0.34117648, 0.235294119
vb0[11]+000 COLOR: 0.905882359, 0.188235298, 0.34117648, 0.235294119
vb0[11]+012 TEXCOORD: 0.075012207, 0.0999755859
vb0[11]+000 TEXCOORD1: 0.905882359, 0.188235298, 0.34117648, 0.235294119
vb0[11]+000 TEXCOORD2: 0.905882359, 0.188235298, 0.34117648, 0.235294119
vb0[11]+000 TEXCOORD3: 0.905882359, 0.188235298, 0.34117648, 0.235294119
vb0[11]+000 TANGENT: 0.905882359, 0.188235298, 0.34117648, 0.235294119

vb0[12]+000 POSITION: 0.0734863281, 1.09570313, 0.0450439453, 1
vb0[12]+000 NORMAL: 0.70588237, 0.172549024, 0.384313732, 0.235294119
vb0[12]+000 COLOR: 0.70588237, 0.172549024, 0.384313732, 0.235294119
vb0[12]+012 TEXCOORD: 0.0875244141, 0.049987793
vb0[12]+000 TEXCOORD1: 0.70588237, 0.172549024, 0.384313732, 0.235294119
vb0[12]+000 TEXCOORD2: 0.70588237, 0.172549024, 0.384313732, 0.235294119
vb0[12]+000 TEXCOORD3: 0.70588237, 0.172549024, 0.384313732, 0.235294119
vb0[12]+000 TANGENT: 0.70588237, 0.172549024, 0.384313732, 0.235294119

vb0[13]+000 POSITION: 0, 1.09863281, 0, 1
vb0[13]+000 NORMAL: 0, 0, 0.396078438, 0.235294119
vb0[13]+000 COLOR: 0, 0, 0.396078438, 0.235294119
vb0[13]+012 TEXCOORD: 0.075012207, 0
vb0[13]+000 TEXCOORD1: 0, 0, 0.396078438, 0.235294119
vb0[13]+000 TEXCOORD2: 0, 0, 0.396078438, 0.235294119
vb0[13]+000 TEXCOORD3: 0, 0, 0.396078438, 0.235294119
vb0[13]+000 TANGENT: 0, 0, 0.396078438, 0.235294119

vb0[14]+000 POSITION: 0.139038086, 1.08496094, 0.101074219, 1
vb0[14]+000 NORMAL: 0.450980395, 0.188235298, 0.34117648, 0.235294119
vb0[14]+000 COLOR: 0.450980395, 0.188235298, 0.34117648, 0.235294119
vb0[14]+012 TEXCOORD: 0.0999755859, 0.0999755859
vb0[14]+000 TEXCOORD1: 0.450980395, 0.188235298, 0.34117648, 0.235294119
vb0[14]+000 TEXCOORD2: 0.450980395, 0.188235298, 0.34117648, 0.235294119
vb0[14]+000 TEXCOORD3: 0.450980395, 0.188235298, 0.34117648, 0.235294119
vb0[14]+000 TANGENT: 0.450980395, 0.188235298, 0.34117648, 0.235294119

vb0[15]+000 POSITION: 0.0655517578, 1.09570313, 0.0559997559, 1
vb0[15]+000 NORMAL: 0.196078435, 0.172549024, 0.384313732, 0.235294119
vb0[15]+000 COLOR: 0.196078435, 0.172549024, 0.384313732, 0.235294119
vb0[15]+012 TEXCOORD: 0.112487793, 0.049987793
vb0[15]+000 TEXCOORD1: 0.196078435, 0.172549024, 0.384313732, 0.235294119
vb0[15]+000 TEXCOORD2: 0.196078435, 0.172549024, 0.384313732, 0.235294119
vb0[15]+000 TEXCOORD3: 0.196078435, 0.172549024, 0.384313732, 0.235294119
vb0[15]+000 TANGENT: 0.196078435, 0.172549024, 0.384313732, 0.235294119

vb0[16]+000 POSITION: 0, 1.09863281, 0, 1
vb0[16]+000 NORMAL: 0, 0, 0.396078438, 0.235294119
vb0[16]+000 COLOR: 0, 0, 0.396078438, 0.235294119
vb0[16]+012 TEXCOORD: 0.0999755859, 0
vb0[16]+000 TEXCOORD1: 0, 0, 0.396078438, 0.235294119
vb0[16]+000 TEXCOORD2: 0, 0, 0.396078438, 0.235294119
vb0[16]+000 TEXCOORD3: 0, 0, 0.396078438, 0.235294119
vb0[16]+000 TANGENT: 0, 0, 0.396078438, 0.235294119

vb0[17]+000 POSITION: 0.121582031, 1.08496094, 0.121582031, 1
vb0[17]+000 NORMAL: 0.784313738, 0.184313729, 0.34117648, 0.235294119
vb0[17]+000 COLOR: 0.784313738, 0.184313729, 0.34117648, 0.235294119
vb0[17]+012 TEXCOORD: 0.125, 0.0999755859
vb0[17]+000 TEXCOORD1: 0.784313738, 0.184313729, 0.34117648, 0.235294119
vb0[17]+000 TEXCOORD2: 0.784313738, 0.184313729, 0.34117648, 0.235294119
vb0[17]+000 TEXCOORD3: 0.784313738, 0.184313729, 0.34117648, 0.235294119
vb0[17]+000 TANGENT: 0.784313738, 0.184313729, 0.34117648, 0.235294119

vb0[18]+000 POSITION: 0.0559997559, 1.09570313, 0.0655517578, 1
vb0[18]+000 NORMAL: 0.168627456, 0.168627456, 0.384313732, 0.235294119
vb0[18]+000 COLOR: 0.168627456, 0.168627456, 0.384313732, 0.235294119
vb0[18]+012 TEXCOORD: 0.137451172, 0.049987793
vb0[18]+000 TEXCOORD1: 0.168627456, 0.168627456, 0.384313732, 0.235294119
vb0[18]+000 TEXCOORD2: 0.168627456, 0.168627456, 0.384313732, 0.235294119
vb0[18]+000 TEXCOORD3: 0.168627456, 0.168627456, 0.384313732, 0.235294119
vb0[18]+000 TANGENT: 0.168627456, 0.168627456, 0.384313732, 0.235294119

vb0[19]+000 POSITION: 0, 1.09863281, 0, 1
vb0[19]+000 NORMAL: 0, 0, 0.396078438, 0.235294119
vb0[19]+000 COLOR: 0, 0, 0.396078438, 0.235294119
vb0[19]+012 TEXCOORD: 0.125, 0
vb0[19]+000 TEXCOORD1: 0, 0, 0.396078438, 0.235294119
vb0[19]+000 TEXCOORD2: 0, 0, 0.396078438, 0.235294119
vb0[19]+000 TEXCOORD3: 0, 0, 0.396078438, 0.235294119
vb0[19]+000 TANGENT: 0, 0, 0.396078438, 0.235294119

vb0[20]+000 POSITION: 0.101074219, 1.08496094, 0.139038086, 1
vb0[20]+000 NORMAL: 0.470588237, 0.180392161, 0.34117648, 0.235294119
vb0[20]+000 COLOR: 0.470588237, 0.180392161, 0.34117648, 0.235294119
vb0[20]+012 TEXCOORD: 0.150024414, 0.0999755859
vb0[20]+000 TEXCOORD1: 0.470588237, 0.180392161, 0.34117648, 0.235294119
vb0[20]+000 TEXCOORD2: 0.470588237, 0.180392161, 0.34117648, 0.235294119
vb0[20]+000 TEXCOORD3: 0.470588237, 0.180392161, 0.34117648, 0.235294119
vb0[20]+000 TANGENT: 0.470588237, 0.180392161, 0.34117648, 0.235294119

vb0[21]+000 POSITION: 0.0450439453, 1.09570313, 0.0734863281, 1
vb0[21]+000 NORMAL: 0.768627465, 0.160784319, 0.384313732, 0.235294119
vb0[21]+000 COLOR: 0.768627465, 0.160784319, 0.384313732, 0.235294119
vb0[21]+012 TEXCOORD: 0.162475586, 0.049987793
vb0[21]+000 TEXCOORD1: 0.768627465, 0.160784319, 0.384313732, 0.235294119
vb0[21]+000 TEXCOORD2: 0.768627465, 0.160784319, 0.384313732, 0.235294119
vb0[21]+000 TEXCOORD3: 0.768627465, 0.160784319, 0.384313732, 0.235294119
vb0[21]+000 TANGENT: 0.768627465, 0.160784319, 0.384313732, 0.235294119

vb0[22]+000 POSITION: 0, 1.09863281, 0, 1
vb0[22]+000 NORMAL: 0, 0, 0.396078438, 0.235294119
vb0[22]+000 COLOR: 0, 0, 0.396078438, 0.235294119
vb0[22]+012 TEXCOORD: 0.150024414, 0
vb0[22]+000 TEXCOORD1: 0, 0, 0.396078438, 0.235294119
vb0[22]+000 TEXCOORD2: 0, 0, 0.396078438, 0.235294119
vb0[22]+000 TEXCOORD3: 0, 0, 0.396078438, 0.235294119
vb0[22]+000 TANGENT: 0, 0, 0.396078438, 0.235294119

vb0[23]+000 POSITION: 0.0780639648, 1.08496094, 0.153198242, 1
vb0[23]+000 NORMAL: 1, 0.172549024, 0.34117648, 0.235294119
vb0[23]+000 COLOR: 1, 0.172549024, 0.34117648, 0.235294119
vb0[23]+012 TEXCOORD: 0.175048828, 0.0999755859
vb0[23]+000 TEXCOORD1: 1, 0.172549024, 0.34117648, 0.235294119
vb0[23]+000 TEXCOORD2: 1, 0.172549024, 0.34117648, 0.235294119
vb0[23]+000 TEXCOORD3: 1, 0.172549024, 0.34117648, 0.235294119
vb0[23]+000 TANGENT: 1, 0.172549024, 0.34117648, 0.235294119

vb0[24]+000 POSITION: 0.032989502, 1.09570313, 0.0796508789, 1
vb0[24]+000 NORMAL: 0.223529413, 0.156862751, 0.384313732, 0.235294119
vb0[24]+000 COLOR: 0.223529413, 0.156862751, 0.384313732, 0.235294119
vb0[24]+012 TEXCOORD: 0.1875, 0.049987793
vb0[24]+000 TEXCOORD1: 0.223529413, 0.156862751, 0.384313732, 0.235294119
vb0[24]+000 TEXCOORD2: 0.223529413, 0.156862751, 0.384313732, 0.235294119
vb0[24]+000 TEXCOORD3: 0.223529413, 0.156862751, 0.384313732, 0.235294119
vb0[24]+000 TANGENT: 0.223529413, 0.156862751, 0.384313732, 0.235294119

vb0[25]+000 POSITION: 0, 1.09863281, 0, 1
vb0[25]+000 NORMAL: 0, 0, 0.396078438, 0.235294119
vb0[25]+000 COLOR: 0, 0, 0.396078438, 0.235294119
vb0[25]+012 TEXCOORD: 0.175048828, 0
vb0[25]+000 TEXCOORD1: 0, 0, 0.396078438, 0.235294119
vb0[25]+000 TEXCOORD2: 0, 0, 0.396078438, 0.235294119
vb0[25]+000 TEXCOORD3: 0, 0, 0.396078438, 0.235294119
vb0[25]+000 TANGENT: 0, 0, 0.396078438, 0.235294119

vb0[26]+000 POSITION: 0.0531311035, 1.08496094, 0.163452148, 1
vb0[26]+000 NORMAL: 0.80392158, 0.164705887, 0.34117648, 0.235294119
vb0[26]+000 COLOR: 0.80392158, 0.164705887, 0.34117648, 0.235294119
vb0[26]+012 TEXCOORD: 0.199951172, 0.0999755859
vb0[26]+000 TEXCOORD1: 0.80392158, 0.164705887, 0.34117648, 0.235294119
vb0[26]+000 TEXCOORD2: 0.80392158, 0.164705887, 0.34117648, 0.235294119
vb0[26]+000 TEXCOORD3: 0.80392158, 0.164705887, 0.34117648, 0.235294119
vb0[26]+000 TANGENT: 0.80392158, 0.164705887, 0.34117648, 0.235294119

vb0[27]+000 POSITION: 0.0201263428, 1.09570313, 0.0838623047, 1
vb0[27]+000 NORMAL: 0.152941182, 0.145098045, 0.384313732, 0.235294119
vb0[27]+000 COLOR: 0.152941182, 0.145098045, 0.384313732, 0.235294119
vb0[27]+012 TEXCOORD: 0.212524414, 0.049987793
vb0[27]+000 TEXCOORD1: 0.152941182, 0.145098045, 0.384313732, 0.235294119
vb0[27]+000 TEXCOORD2: 0.152941182, 0.145098045, 0.384313732, 0.235294119
vb0[27]+000 TEXCOORD3: 0.152941182, 0.145098045, 0.384313732, 0.235294119
vb0[27]+000 TANGENT: 0.152941182, 0.145098045, 0.384313732, 0.235294119

vb0[28]+000 POSITION: 0, 1.09863281, 0, 1
vb0[28]+000 NORMAL: 0, 0, 0.396078438, 0.235294119
vb0[28]+000 COLOR: 0, 0, 0.396078438, 0.235294119
vb0[28]+012 TEXCOORD: 0.199951172, 0
vb0[28]+000 TEXCOORD1: 0, 0, 0.396078438, 0.235294119
vb0[28]+000 TEXCOORD2: 0, 0, 0.396078438, 0.235294119
vb0[28]+000 TEXCOORD3: 0, 0, 0.396078438, 0.235294119
vb0[28]+000 TANGENT: 0, 0, 0.396078438, 0.235294119

vb0[29]+000 POSITION: 0.0268859863, 1.08496094, 0.169799805, 1
vb0[29]+000 NORMAL: 0.886274517, 0.149019614, 0.34117648, 0.235294119
vb0[29]+000 COLOR: 0.886274517, 0.149019614, 0.34117648, 0.235294119
vb0[29]+012 TEXCOORD: 0.224975586, 0.0999755859
vb0[29]+000 TEXCOORD1: 0.886274517, 0.149019614, 0.34117648, 0.235294119
vb0[29]+000 TEXCOORD2: 0.886274517, 0.149019614, 0.34117648, 0.235294119
vb0[29]+000 TEXCOORD3: 0.886274517, 0.149019614, 0.34117648, 0.235294119
vb0[29]+000 TANGENT: 0.886274517, 0.149019614, 0.34117648, 0.235294119

vb0[30]+000 POSITION: 0.00676345825, 1.09570313, 0.0859375, 1
vb0[30]+000 NORMAL: 0.929411769, 0.117647059, 0.384313732, 0.235294119
vb0[30]+000 COLOR: 0.929411769, 0.117647059, 0.384313732, 0.235294119
vb0[30]+012 TEXCOORD: 0.237548828, 0.049987793
vb0[30]+000 TEXCOORD1: 0.929411769, 0.117647059, 0.384313732, 0.235294119
vb0[30]+000 TEXCOORD2: 0.929411769, 0.117647059, 0.384313732, 0.235294119
vb0[30]+000 TEXCOORD3: 0.929411769, 0.117647059, 0.384313732, 0.235294119
vb0[30]+000 TANGENT: 0.929411769, 0.117647059, 0.384313732, 0.235294119

vb0[31]+000 POSITION: 0, 1.09863281, 0, 1
vb0[31]+000 NORMAL: 0, 0, 0.396078438, 0.235294119
vb0[31]+000 COLOR: 0, 0, 0.396078438, 0.235294119
vb0[31]+012 TEXCOORD: 0.224975586, 0
vb0[31]+000 TEXCOORD1: 0, 0, 0.396078438, 0.235294119
vb0[31]+000 TEXCOORD2: 0, 0, 0.396078438, 0.235294119
vb0[31]+000 TEXCOORD3: 0, 0, 0.396078438, 0.235294119
vb0[31]+000 TANGENT: 0, 0, 0.396078438, 0.235294119

vb0[32]+000 POSITION: -0, 1.08496094, 0.171875, 1
vb0[32]+000 NORMAL: 0, 0.501960814, 0.34117648, 0.235294119
vb0[32]+000 COLOR: 0, 0.501960814, 0.34117648, 0.235294119
vb0[32]+012 TEXCOORD: 0.25, 0.0999755859
vb0[32]+000 TEXCOORD1: 0, 0.501960814, 0.34117648, 0.235294119
vb0[32]+000 TEXCOORD2: 0, 0.501960814, 0.34117648, 0.235294119
vb0[32]+000 TEXCOORD3: 0, 0.501960814, 0.34117648, 0.235294119
vb0[32]+000 TANGENT: 0, 0.501960814, 0.34117648, 0.235294119

vb0[33]+000 POSITION: -0.00676345825, 1.09570313, 0.0859375, 1
vb0[33]+000 NORMAL: 0.929411769, 0.619607866, 0.384313732, 0.235294119
vb0[33]+000 COLOR: 0.929411769, 0.619607866, 0.384313732, 0.235294119
vb0[33]+012 TEXCOORD: 0.262451172, 0.049987793
vb0[33]+000 TEXCOORD1: 0.929411769, 0.619607866, 0.384313732, 0.235294119
vb0[33]+000 TEXCOORD2: 0.929411769, 0.619607866, 0.384313732, 0.235294119
vb0[33]+000 TEXCOORD3: 0.929411769, 0.619607866, 0.384313732, 0.235294119
vb0[33]+000 TANGENT: 0.929411769, 0.619607866, 0.384313732, 0.235294119

vb0[34]+000 POSITION: 0, 1.09863281, 0, 1
vb0[34]+000 NORMAL: 0, 0, 0.396078438, 0.235294119
vb0[34]+000 COLOR: 0, 0, 0.396078438, 0.235294119
vb0[34]+012 TEXCOORD: 0.25, 0
vb0[34]+000 TEXCOORD1: 0, 0, 0.396078438, 0.235294119
vb0[34]+000 TEXCOORD2: 0, 0, 0.396078438, 0.235294119
vb0[34]+000 TEXCOORD3: 0, 0, 0.396078438, 0.235294119
vb0[34]+000 TANGENT: 0, 0, 0.396078438, 0.235294119

vb0[35]+000 POSITION: -0.0268859863, 1.08496094, 0.169799805, 1
vb0[35]+000 NORMAL: 0.886274517, 0.650980413, 0.34117648, 0.235294119
vb0[35]+000 COLOR: 0.886274517, 0.650980413, 0.34117648, 0.235294119
vb0[35]+012 TEXCOORD: 0.274902344, 0.0999755859
vb0[35]+000 TEXCOORD1: 0.886274517, 0.650980413, 0.34117648, 0.235294119
vb0[35]+000 TEXCOORD2: 0.886274517, 0.650980413, 0.34117648, 0.235294119
vb0[35]+000 TEXCOORD3: 0.886274517, 0.650980413, 0.34117648, 0.235294119
vb0[35]+000 TANGENT: 0.886274517, 0.650980413, 0.34117648, 0.235294119

vb0[36]+000 POSITION: -0.0201263428, 1.09570313, 0.0838623047, 1
vb0[36]+000 NORMAL: 0.152941182, 0.647058845, 0.384313732, 0.235294119
vb0[36]+000 COLOR: 0.152941182, 0.647058845, 0.384313732, 0.235294119
vb0[36]+012 TEXCOORD: 0.287597656, 0.049987793
vb0[36]+000 TEXCOORD1: 0.152941182, 0.647058845, 0.384313732, 0.235294119
vb0[36]+000 TEXCOORD2: 0.152941182, 0.647058845, 0.384313732, 0.235294119
vb0[36]+000 TEXCOORD3: 0.152941182, 0.647058845, 0.384313732, 0.235294119
vb0[36]+000 TANGENT: 0.152941182, 0.647058845, 0.384313732, 0.235294119

vb0[37]+000 POSITION: 0, 1.09863281, 0, 1
vb0[37]+000 NORMAL: 0, 0, 0.396078438, 0.235294119
vb0[37]+000 COLOR: 0, 0, 0.396078438, 0.235294119
vb0[37]+012 TEXCOORD: 0.274902344, 0
vb0[37]+000 TEXCOORD1: 0, 0, 0.396078438, 0.235294119
vb0[37]+000 TEXCOORD2: 0, 0, 0.396078438, 0.235294119
vb0[37]+000 TEXCOORD3: 0, 0, 0.396078438, 0.235294119
vb0[37]+000 TANGENT: 0, 0, 0.396078438, 0.235294119

vb0[38]+000 POSITION: -0.0531311035, 1.08496094, 0.163452148, 1
vb0[38]+000 NORMAL: 0.80392158, 0.666666687, 0.34117648, 0.235294119
vb0[38]+000 COLOR: 0.80392158, 0.666666687, 0.34117648, 0.235294119
vb0[38]+012 TEXCOORD: 0.300048828, 0.0999755859
vb0[38]+000 TEXCOORD1: 0.80392158, 0.666666687, 0.34117648, 0.235294119
vb0[38]+000 TEXCOORD2: 0.80392158, 0.666666687, 0.34117648, 0.235294119
vb0[38]+000 TEXCOORD3: 0.80392158, 0.666666687, 0.34117648, 0.235294119
vb0[38]+000 TANGENT: 0.80392158, 0.666666687, 0.34117648, 0.235294119

vb0[39]+000 POSITION: -0.032989502, 1.09570313, 0.0796508789, 1
vb0[39]+000 NORMAL: 0.223529413, 0.65882355, 0.384313732, 0.235294119
vb0[39]+000 COLOR: 0.223529413, 0.65882355, 0.384313732, 0.235294119
vb0[39]+012 TEXCOORD: 0.3125, 0.049987793
vb0[39]+000 TEXCOORD1: 0.223529413, 0.65882355, 0.384313732, 0.235294119
vb0[39]+000 TEXCOORD2: 0.223529413, 0.65882355, 0.384313732, 0.235294119
vb0[39]+000 TEXCOORD3: 0.223529413, 0.65882355, 0.384313732, 0.235294119
vb0[39]+000 TANGENT: 0.223529413, 0.65882355, 0.384313732, 0.235294119

vb0[40]+000 POSITION: 0, 1.09863281, 0, 1
vb0[40]+000 NORMAL: 0, 0, 0.396078438, 0.235294119
vb0[40]+000 COLOR: 0, 0, 0.396078438, 0.235294119
vb0[40]+012 TEXCOORD: 0.300048828, 0
vb0[40]+000 TEXCOORD1: 0, 0, 0.396078438, 0.235294119
vb0[40]+000 TEXCOORD2: 0, 0, 0.396078438, 0.235294119
vb0[40]+000 TEXCOORD3: 0, 0, 0.396078438, 0.235294119
vb0[40]+000 TANGENT: 0, 0, 0.396078438, 0.235294119

vb0[41]+000 POSITION: -0.0780639648, 1.08496094, 0.153198242, 1
vb0[41]+000 NORMAL: 1, 0.674509823, 0.34117648, 0.235294119
vb0[41]+000 COLOR: 1, 0.674509823, 0.34117648, 0.235294119
vb0[41]+012 TEXCOORD: 0.324951172, 0.0999755859
vb0[41]+000 TEXCOORD1: 1, 0.674509823, 0.34117648, 0.235294119
vb0[41]+000 TEXCOORD2: 1, 0.674509823, 0.34117648, 0.235294119
vb0[41]+000 TEXCOORD3: 1, 0.674509823, 0.34117648, 0.235294119
vb0[41]+000 TANGENT: 1, 0.674509823, 0.34117648, 0.235294119

vb0[42]+000 POSITION: -0.0450439453, 1.09570313, 0.0734863281, 1
vb0[42]+000 NORMAL: 0.768627465, 0.662745118, 0.384313732, 0.235294119
vb0[42]+000 COLOR: 0.768627465, 0.662745118, 0.384313732, 0.235294119
vb0[42]+012 TEXCOORD: 0.337402344, 0.049987793
vb0[42]+000 TEXCOORD1: 0.768627465, 0.662745118, 0.384313732, 0.235294119
vb0[42]+000 TEXCOORD2: 0.768627465, 0.662745118, 0.384313732, 0.235294119
vb0[42]+000 TEXCOORD3: 0.768627465, 0.662745118, 0.384313732, 0.235294119
vb0[42]+000 TANGENT: 0.768627465, 0.662745118, 0.384313732, 0.235294119

vb0[43]+000 POSITION: 0, 1.09863281, 0, 1
vb0[43]+000 NORMAL: 0, 0, 0.396078438, 0.235294119
vb0[43]+000 COLOR: 0, 0, 0.396078438, 0.235294119
vb0[43]+012 TEXCOORD: 0.324951172, 0
vb0[43]+000 TEXCOORD1: 0, 0, 0.396078438, 0.235294119
vb0[43]+000 TEXCOORD2: 0, 0, 0.396078438, 0.235294119
vb0[43]+000 TEXCOORD3: 0, 0, 0.396078438, 0.235294119
vb0[43]+000 TANGENT: 0, 0, 0.396078438, 0.235294119

vb0[44]+000 POSITION: -0.101074219, 1.08496094, 0.139038086, 1
vb0[44]+000 NORMAL: 0.470588237, 0.68235296, 0.34117648, 0.235294119
vb0[44]+000 COLOR: 0.470588237, 0.68235296, 0.34117648, 0.235294119
vb0[44]+012 TEXCOORD: 0.350097656, 0.0999755859
vb0[44]+000 TEXCOORD1: 0.470588237, 0.68235296, 0.34117648, 0.235294119
vb0[44]+000 TEXCOORD2: 0.470588237, 0.68235296, 0.34117648, 0.235294119
vb0[44]+000 TEXCOORD3: 0.470588237, 0.68235296, 0.34117648, 0.235294119
vb0[44]+000 TANGENT: 0.470588237, 0.68235296, 0.34117648, 0.235294119

vb0[45]+000 POSITION: -0.0559997559, 1.09570313, 0.0655517578, 1
vb0[45]+000 NORMAL: 0.168627456, 0.670588255, 0.384313732, 0.235294119
vb0[45]+000 COLOR: 0.168627456, 0.670588255, 0.384313732, 0.235294119
vb0[45]+012 TEXCOORD: 0.362548828, 0.049987793
vb0[45]+000 TEXCOORD1: 0.168627456, 0.670588255, 0.384313732, 0.235294119
vb0[45]+000 TEXCOORD2: 0.168627456, 0.670588255, 0.384313732, 0.235294119
vb0[45]+000 TEXCOORD3: 0.168627456, 0.670588255, 0.384313732, 0.235294119
vb0[45]+000 TANGENT: 0.168627456, 0.670588255, 0.384313732, 0.235294119

vb0[46]+000 POSITION: 0, 1.09863281, 0, 1
vb0[46]+000 NORMAL: 0, 0, 0.396078438, 0.235294119
vb0[46]+000 COLOR: 0, 0, 0.396078438, 0.235294119
vb0[46]+012 TEXCOORD: 0.350097656, 0
vb0[46]+000 TEXCOORD1: 0, 0, 0.396078438, 0.235294119
vb0[46]+000 TEXCOORD2: 0, 0, 0.396078438, 0.235294119
vb0[46]+000 TEXCOORD3: 0, 0, 0.396078438, 0.235294119
vb0[46]+000 TANGENT: 0, 0, 0.396078438, 0.235294119

vb0[47]+000 POSITION: -0.121582031, 1.08496094, 0.121582031, 1
vb0[47]+000 NORMAL: 0.784313738, 0.686274529, 0.34117648, 0.235294119
vb0[47]+000 COLOR: 0.784313738, 0.686274529, 0.34117648, 0.235294119
vb0[47]+012 TEXCOORD: 0.375, 0.0999755859
vb0[47]+000 TEXCOORD1: 0.784313738, 0.686274529, 0.34117648, 0.235294119
vb0[47]+000 TEXCOORD2: 0.784313738, 0.686274529, 0.34117648, 0.235294119
vb0[47]+000 TEXCOORD3: 0.784313738, 0.686274529, 0.34117648, 0.235294119
vb0[47]+000 TANGENT: 0.784313738, 0.686274529, 0.34117648, 0.235294119

vb0[48]+000 POSITION: -0.0655517578, 1.09570313, 0.0559997559, 1
vb0[48]+000 NORMAL: 0.196078435, 0.674509823, 0.384313732, 0.235294119
vb0[48]+000 COLOR: 0.196078435, 0.674509823, 0.384313732, 0.235294119
vb0[48]+012 TEXCOORD: 0.387451172, 0.049987793
vb0[48]+000 TEXCOORD1: 0.196078435, 0.674509823, 0.384313732, 0.235294119
vb0[48]+000 TEXCOORD2: 0.196078435, 0.674509823, 0.384313732, 0.235294119
vb0[48]+000 TEXCOORD3: 0.196078435, 0.674509823, 0.384313732, 0.235294119
vb0[48]+000 TANGENT: 0.196078435, 0.674509823, 0.384313732, 0.235294119

vb0[49]+000 POSITION: 0, 1.09863281, 0, 1
vb0[49]+000 NORMAL: 0, 0, 0.396078438, 0.235294119
vb0[49]+000 COLOR: 0, 0, 0.396078438, 0.235294119
vb0[49]+012 TEXCOORD: 0.375, 0
vb0[49]+000 TEXCOORD1: 0, 0, 0.396078438, 0.235294119
vb0[49]+000 TEXCOORD2: 0, 0, 0.396078438, 0.235294119
vb0[49]+000 TEXCOORD3: 0, 0, 0.396078438, 0.235294119
vb0[49]+000 TANGENT: 0, 0, 0.396078438, 0.235294119

vb0[50]+000 POSITION: -0.139038086, 1.08496094, 0.101074219, 1
vb0[50]+000 NORMAL: 0.450980395, 0.690196097, 0.34117648, 0.235294119
vb0[50]+000 COLOR: 0.450980395, 0.690196097, 0.34117648, 0.235294119
vb0[50]+012 TEXCOORD: 0.399902344, 0.0999755859
vb0[50]+000 TEXCOORD1: 0.450980395, 0.690196097, 0.34117648, 0.235294119
vb0[50]+000 TEXCOORD2: 0.450980395, 0.690196097, 0.34117648, 0.235294119
vb0[50]+000 TEXCOORD3: 0.450980395, 0.690196097, 0.34117648, 0.235294119
vb0[50]+000 TANGENT: 0.450980395, 0.690196097, 0.34117648, 0.235294119

vb0[51]+000 POSITION: -0.0734863281, 1.09570313, 0.0450439453, 1
vb0[51]+000 NORMAL: 0.70588237, 0.674509823, 0.384313732, 0.235294119
vb0[51]+000 COLOR: 0.70588237, 0.674509823, 0.384313732, 0.235294119
vb0[51]+012 TEXCOORD: 0.412597656, 0.049987793
vb0[51]+000 TEXCOORD1: 0.70588237, 0.674509823, 0.384313732, 0.235294119
vb0[51]+000 TEXCOORD2: 0.70588237, 0.674509823, 0.384313732, 0.235294119
vb0[51]+000 TEXCOORD3: 0.70588237, 0.674509823, 0.384313732, 0.235294119
vb0[51]+000 TANGENT: 0.70588237, 0.674509823, 0.384313732, 0.235294119

vb0[52]+000 POSITION: 0, 1.09863281, 0, 1
vb0[52]+000 NORMAL: 0, 0, 0.396078438, 0.235294119
vb0[52]+000 COLOR: 0, 0, 0.396078438, 0.235294119
vb0[52]+012 TEXCOORD: 0.399902344, 0
vb0[52]+000 TEXCOORD1: 0, 0, 0.396078438, 0.235294119
vb0[52]+000 TEXCOORD2: 0, 0, 0.396078438, 0.235294119
vb0[52]+000 TEXCOORD3: 0, 0, 0.396078438, 0.235294119
vb0[52]+000 TANGENT: 0, 0, 0.396078438, 0.235294119

vb0[53]+000 POSITION: -0.153198242, 1.08496094, 0.0780639648, 1
vb0[53]+000 NORMAL: 0.905882359, 0.690196097, 0.34117648, 0.235294119
vb0[53]+000 COLOR: 0.905882359, 0.690196097, 0.34117648, 0.235294119
vb0[53]+012 TEXCOORD: 0.425048828, 0.0999755859
vb0[53]+000 TEXCOORD1: 0.905882359, 0.690196097, 0.34117648, 0.235294119
vb0[53]+000 TEXCOORD2: 0.905882359, 0.690196097, 0.34117648, 0.235294119
vb0[53]+000 TEXCOORD3: 0.905882359, 0.690196097, 0.34117648, 0.235294119
vb0[53]+000 TANGENT: 0.905882359, 0.690196097, 0.34117648, 0.235294119

vb0[54]+000 POSITION: -0.0796508789, 1.09570313, 0.032989502, 1
vb0[54]+000 NORMAL: 0.0980392173, 0.678431392, 0.384313732, 0.235294119
vb0[54]+000 COLOR: 0.0980392173, 0.678431392, 0.384313732, 0.235294119
vb0[54]+012 TEXCOORD: 0.4375, 0.049987793
vb0[54]+000 TEXCOORD1: 0.0980392173, 0.678431392, 0.384313732, 0.235294119
vb0[54]+000 TEXCOORD2: 0.0980392173, 0.678431392, 0.384313732, 0.235294119
vb0[54]+000 TEXCOORD3: 0.0980392173, 0.678431392, 0.384313732, 0.235294119
vb0[54]+000 TANGENT: 0.0980392173, 0.678431392, 0.384313732, 0.235294119

vb0[55]+000 POSITION: 0, 1.09863281, 0, 1
vb0[55]+000 NORMAL: 0, 0, 0.396078438, 0.235294119
vb0[55]+000 COLOR: 0, 0, 0.396078438, 0.235294119
vb0[55]+012 TEXCOORD: 0.425048828, 0
vb0[55]+000 TEXCOORD1: 0, 0, 0.396078438, 0.235294119
vb0[55]+000 TEXCOORD2: 0, 0, 0.396078438, 0.235294119
vb0[55]+000 TEXCOORD3: 0, 0, 0.396078438, 0.235294119
vb0[55]+000 TANGENT: 0, 0, 0.396078438, 0.235294119

vb0[56]+000 POSITION: -0.163452148, 1.08496094, 0.0531311035, 1
vb0[56]+000 NORMAL: 0.23137255, 0.694117665, 0.34117648, 0.235294119
vb0[56]+000 COLOR: 0.23137255, 0.694117665, 0.34117648, 0.235294119
vb0[56]+012 TEXCOORD: 0.449951172, 0.0999755859
vb0[56]+000 TEXCOORD1: 0.23137255, 0.694117665, 0.34117648, 0.235294119
vb0[56]+000 TEXCOORD2: 0.23137255, 0.694117665, 0.34117648, 0.235294119
vb0[56]+000 TEXCOORD3: 0.23137255, 0.694117665, 0.34117648, 0.235294119
vb0[56]+000 TANGENT: 0.23137255, 0.694117665, 0.34117648, 0.235294119

vb0[57]+000 POSITION: -0.0838623047, 1.09570313, 0.0201263428, 1
vb0[57]+000 NORMAL: 0.368627459, 0.678431392, 0.384313732, 0.235294119
vb0[57]+000 COLOR: 0.368627459, 0.678431392, 0.384313732, 0.235294119
vb0[57]+012 TEXCOORD: 0.462402344, 0.049987793
vb0[57]+000 TEXCOORD1: 0.368627459, 0.678431392, 0.384313732, 0.235294119
vb0[57]+000 TEXCOORD2: 0.368627459, 0.678431392, 0.384313732, 0.235294119
vb0[57]+000 TEXCOORD3: 0.368627459, 0.678431392, 0.384313732, 0.235294119
vb0[57]+000 TANGENT: 0.368627459, 0.678431392, 0.384313732, 0.235294119

vb0[58]+000 POSITION: 0, 1.09863281, 0, 1
vb0[58]+000 NORMAL: 0, 0, 0.396078438, 0.235294119
vb0[58]+000 COLOR: 0, 0, 0.396078438, 0.235294119
vb0[58]+012 TEXCOORD: 0.449951172, 0
vb0[58]+000 TEXCOORD1: 0, 0, 0.396078438, 0.235294119
vb0[58]+000 TEXCOORD2: 0, 0, 0.396078438, 0.235294119
vb0[58]+000 TEXCOORD3: 0, 0, 0.396078438, 0.235294119
vb0[58]+000 TANGENT: 0, 0, 0.396078438, 0.235294119

vb0[59]+000 POSITION: -0.169799805, 1.08496094, 0.0268859863, 1
vb0[59]+000 NORMAL: 0.435294122, 0.694117665, 0.34117648, 0.235294119
vb0[59]+000 COLOR: 0.435294122, 0.694117665, 0.34117648, 0.235294119
vb0[59]+012 TEXCOORD: 0.475097656, 0.0999755859
vb0[59]+000 TEXCOORD1: 0.435294122, 0.694117665, 0.34117648, 0.235294119
vb0[59]+000 TEXCOORD2: 0.435294122, 0.694117665, 0.34117648, 0.235294119
vb0[59]+000 TEXCOORD3: 0.435294122, 0.694117665, 0.34117648, 0.235294119
vb0[59]+000 TANGENT: 0.435294122, 0.694117665, 0.34117648, 0.235294119

vb0[60]+000 POSITION: -0.0859375, 1.09570313, 0.00676345825, 1
vb0[60]+000 NORMAL: 0.501960814, 0.678431392, 0.384313732, 0.235294119
vb0[60]+000 COLOR: 0.501960814, 0.678431392, 0.384313732, 0.235294119
vb0[60]+012 TEXCOORD: 0.487548828, 0.049987793
vb0[60]+000 TEXCOORD1: 0.501960814, 0.678431392, 0.384313732, 0.235294119
vb0[60]+000 TEXCOORD2: 0.501960814, 0.678431392, 0.384313732, 0.235294119
vb0[60]+000 TEXCOORD3: 0.501960814, 0.678431392, 0.384313732, 0.235294119
vb0[60]+000 TANGENT: 0.501960814, 0.678431392, 0.384313732, 0.235294119

vb0[61]+000 POSITION: 0, 1.09863281, 0, 1
vb0[61]+000 NORMAL: 0, 0, 0.396078438, 0.235294119
vb0[61]+000 COLOR: 0, 0, 0.396078438, 0.235294119
vb0[61]+012 TEXCOORD: 0.475097656, 0
vb0[61]+000 TEXCOORD1: 0, 0, 0.396078438, 0.235294119
vb0[61]+000 TEXCOORD2: 0, 0, 0.396078438, 0.235294119
vb0[61]+000 TEXCOORD3: 0, 0, 0.396078438, 0.235294119
vb0[61]+000 TANGENT: 0, 0, 0.396078438, 0.235294119

vb0[62]+000 POSITION: -0.171875, 1.08496094, -0, 1
vb0[62]+000 NORMAL: 0.501960814, 0.694117665, 0.34117648, 0.235294119
vb0[62]+000 COLOR: 0.501960814, 0.694117665, 0.34117648, 0.235294119
vb0[62]+012 TEXCOORD: 0.5, 0.0999755859
vb0[62]+000 TEXCOORD1: 0.501960814, 0.694117665, 0.34117648, 0.235294119
vb0[62]+000 TEXCOORD2: 0.501960814, 0.694117665, 0.34117648, 0.235294119
vb0[62]+000 TEXCOORD3: 0.501960814, 0.694117665, 0.34117648, 0.235294119
vb0[62]+000 TANGENT: 0.501960814, 0.694117665, 0.34117648, 0.235294119

vb0[63]+000 POSITION: -0.0859375, 1.09570313, -0.00676345825, 1
vb0[63]+000 NORMAL: 0.501960814, 0.678431392, 0.384313732, 0.235294119
vb0[63]+000 COLOR: 0.501960814, 0.678431392, 0.384313732, 0.235294119
vb0[63]+012 TEXCOORD: 0.512695313, 0.049987793
vb0[63]+000 TEXCOORD1: 0.501960814, 0.678431392, 0.384313732, 0.235294119
vb0[63]+000 TEXCOORD2: 0.501960814, 0.678431392, 0.384313732, 0.235294119
vb0[63]+000 TEXCOORD3: 0.501960814, 0.678431392, 0.384313732, 0.235294119
vb0[63]+000 TANGENT: 0.501960814, 0.678431392, 0.384313732, 0.235294119

vb0[64]+000 POSITION: 0, 1.09863281, 0, 1
vb0[64]+000 NORMAL: 0, 0, 0.396078438, 0.235294119
vb0[64]+000 COLOR: 0, 0, 0.396078438, 0.235294119
vb0[64]+012 TEXCOORD: 0.5, 0
vb0[64]+000 TEXCOORD1: 0, 0, 0.396078438, 0.235294119
vb0[64]+000 TEXCOORD2: 0, 0, 0.396078438, 0.235294119
vb0[64]+000 TEXCOORD3: 0, 0, 0.396078438, 0.235294119
vb0[64]+000 TANGENT: 0, 0, 0.396078438, 0.235294119

vb0[65]+000 POSITION: -0.169799805, 1.08496094, -0.0268859863, 1
vb0[65]+000 NORMAL: 0.435294122, 0.694117665, 0.34117648, 0.235294119
vb0[65]+000 COLOR: 0.435294122, 0.694117665, 0.34117648, 0.235294119
vb0[65]+012 TEXCOORD: 0.524902344, 0.0999755859
vb0[65]+000 TEXCOORD1: 0.435294122, 0.694117665, 0.34117648, 0.235294119
vb0[65]+000 TEXCOORD2: 0.435294122, 0.694117665, 0.34117648, 0.235294119
vb0[65]+000 TEXCOORD3: 0.435294122, 0.694117665, 0.34117648, 0.235294119
vb0[65]+000 TANGENT: 0.435294122, 0.694117665, 0.34117648, 0.235294119

vb0[66]+000 POSITION: -0.0838623047, 1.09570313, -0.0201263428, 1
vb0[66]+000 NORMAL: 0.368627459, 0.678431392, 0.384313732, 0.235294119
vb0[66]+000 COLOR: 0.368627459, 0.678431392, 0.384313732, 0.235294119
vb0[66]+012 TEXCOORD: 0.537597656, 0.049987793
vb0[66]+000 TEXCOORD1: 0.368627459, 0.678431392, 0.384313732, 0.235294119
vb0[66]+000 TEXCOORD2: 0.368627459, 0.678431392, 0.384313732, 0.235294119
vb0[66]+000 TEXCOORD3: 0.368627459, 0.678431392, 0.384313732, 0.235294119
vb0[66]+000 TANGENT: 0.368627459, 0.678431392, 0.384313732, 0.235294119

vb0[67]+000 POSITION: 0, 1.09863281, 0, 1
vb0[67]+000 NORMAL: 0, 0, 0.396078438, 0.235294119
vb0[67]+000 COLOR: 0, 0, 0.396078438, 0.235294119
vb0[67]+012 TEXCOORD: 0.524902344, 0
vb0[67]+000 TEXCOORD1: 0, 0, 0.396078438, 0.235294119
vb0[67]+000 TEXCOORD2: 0, 0, 0.396078438, 0.235294119
vb0[67]+000 TEXCOORD3: 0, 0, 0.396078438, 0.235294119
vb0[67]+000 TANGENT: 0, 0, 0.396078438, 0.235294119

vb0[68]+000 POSITION: -0.163452148, 1.08496094, -0.0531311035, 1
vb0[68]+000 NORMAL: 0.23137255, 0.694117665, 0.34117648, 0.235294119
vb0[68]+000 COLOR: 0.23137255, 0.694117665, 0.34117648, 0.235294119
vb0[68]+012 TEXCOORD: 0.549804688, 0.0999755859
vb0[68]+000 TEXCOORD1: 0.23137255, 0.694117665, 0.34117648, 0.235294119
vb0[68]+000 TEXCOORD2: 0.23137255, 0.694117665, 0.34117648, 0.235294119
vb0[68]+000 TEXCOORD3: 0.23137255, 0.694117665, 0.34117648, 0.235294119
vb0[68]+000 TANGENT: 0.23137255, 0.694117665, 0.34117648, 0.235294119

vb0[69]+000 POSITION: -0.0796508789, 1.09570313, -0.032989502, 1
vb0[69]+000 NORMAL: 0.0980392173, 0.678431392, 0.384313732, 0.235294119
vb0[69]+000 COLOR: 0.0980392173, 0.678431392, 0.384313732, 0.235294119
vb0[69]+012 TEXCOORD: 0.5625, 0.049987793
vb0[69]+000 TEXCOORD1: 0.0980392173, 0.678431392, 0.384313732, 0.235294119
vb0[69]+000 TEXCOORD2: 0.0980392173, 0.678431392, 0.384313732, 0.235294119
vb0[69]+000 TEXCOORD3: 0.0980392173, 0.678431392, 0.384313732, 0.235294119
vb0[69]+000 TANGENT: 0.0980392173, 0.678431392, 0.384313732, 0.235294119

vb0[70]+000 POSITION: 0, 1.09863281, 0, 1
vb0[70]+000 NORMAL: 0, 0, 0.396078438, 0.235294119
vb0[70]+000 COLOR: 0, 0, 0.396078438, 0.235294119
vb0[70]+012 TEXCOORD: 0.549804688, 0
vb0[70]+000 TEXCOORD1: 0, 0, 0.396078438, 0.235294119
vb0[70]+000 TEXCOORD2: 0, 0, 0.396078438, 0.235294119
vb0[70]+000 TEXCOORD3: 0, 0, 0.396078438, 0.235294119
vb0[70]+000 TANGENT: 0, 0, 0.396078438, 0.235294119

vb0[71]+000 POSITION: -0.153198242, 1.08496094, -0.0780639648, 1
vb0[71]+000 NORMAL: 0.905882359, 0.690196097, 0.34117648, 0.235294119
vb0[71]+000 COLOR: 0.905882359, 0.690196097, 0.34117648, 0.235294119
vb0[71]+012 TEXCOORD: 0.575195313, 0.0999755859
vb0[71]+000 TEXCOORD1: 0.905882359, 0.690196097, 0.34117648, 0.235294119
vb0[71]+000 TEXCOORD2: 0.905882359, 0.690196097, 0.34117648, 0.235294119
vb0[71]+000 TEXCOORD3: 0.905882359, 0.690196097, 0.34117648, 0.235294119
vb0[71]+000 TANGENT: 0.905882359, 0.690196097, 0.34117648, 0.235294119

vb0[72]+000 POSITION: -0.0734863281, 1.09570313, -0.0450439453, 1
vb0[72]+000 NORMAL: 0.70588237, 0.674509823, 0.384313732, 0.235294119
vb0[72]+000 COLOR: 0.70588237, 0.674509823, 0.384313732, 0.235294119
vb0[72]+012 TEXCOORD: 0.587402344, 0.049987793
vb0[72]+000 TEXCOORD1: 0.70588237, 0.674509823, 0.384313732, 0.235294119
vb0[72]+000 TEXCOORD2: 0.70588237, 0.674509823, 0.384313732, 0.235294119
vb0[72]+000 TEXCOORD3: 0.70588237, 0.674509823, 0.384313732, 0.235294119
vb0[72]+000 TANGENT: 0.70588237, 0.674509823, 0.384313732, 0.235294119

vb0[73]+000 POSITION: 0, 1.09863281, 0, 1
vb0[73]+000 NORMAL: 0, 0, 0.396078438, 0.235294119
vb0[73]+000 COLOR: 0, 0, 0.396078438, 0.235294119
vb0[73]+012 TEXCOORD: 0.575195313, 0
vb0[73]+000 TEXCOORD1: 0, 0, 0.396078438, 0.235294119
vb0[73]+000 TEXCOORD2: 0, 0, 0.396078438, 0.235294119
vb0[73]+000 TEXCOORD3: 0, 0, 0.396078438, 0.235294119
vb0[73]+000 TANGENT: 0, 0, 0.396078438, 0.235294119

vb0[74]+000 POSITION: -0.139038086, 1.08496094, -0.101074219, 1
vb0[74]+000 NORMAL: 0.450980395, 0.690196097, 0.34117648, 0.235294119
vb0[74]+000 COLOR: 0.450980395, 0.690196097, 0.34117648, 0.235294119
vb0[74]+012 TEXCOORD: 0.600097656, 0.0999755859
vb0[74]+000 TEXCOORD1: 0.450980395, 0.690196097, 0.34117648, 0.235294119
vb0[74]+000 TEXCOORD2: 0.450980395, 0.690196097, 0.34117648, 0.235294119
vb0[74]+000 TEXCOORD3: 0.450980395, 0.690196097, 0.34117648, 0.235294119
vb0[74]+000 TANGENT: 0.450980395, 0.690196097, 0.34117648, 0.235294119

vb0[75]+000 POSITION: -0.0655517578, 1.09570313, -0.0559997559, 1
vb0[75]+000 NORMAL: 0.196078435, 0.674509823, 0.384313732, 0.235294119
vb0[75]+000 COLOR: 0.196078435, 0.674509823, 0.384313732, 0.235294119
vb0[75]+012 TEXCOORD: 0.612304688, 0.049987793
vb0[75]+000 TEXCOORD1: 0.196078435, 0.674509823, 0.384313732, 0.235294119
vb0[75]+000 TEXCOORD2: 0.196078435, 0.674509823, 0.384313732, 0.235294119
vb0[75]+000 TEXCOORD3: 0.196078435, 0.674509823, 0.384313732, 0.235294119
vb0[75]+000 TANGENT: 0.196078435, 0.674509823, 0.384313732, 0.235294119

vb0[76]+000 POSITION: 0, 1.09863281, 0, 1
vb0[76]+000 NORMAL: 0, 0, 0.396078438, 0.235294119
vb0[76]+000 COLOR: 0, 0, 0.396078438, 0.235294119
vb0[76]+012 TEXCOORD: 0.600097656, 0
vb0[76]+000 TEXCOORD1: 0, 0, 0.396078438, 0.235294119
vb0[76]+000 TEXCOORD2: 0, 0, 0.396078438, 0.235294119
vb0[76]+000 TEXCOORD3: 0, 0, 0.396078438, 0.235294119
vb0[76]+000 TANGENT: 0, 0, 0.396078438, 0.235294119

vb0[77]+000 POSITION: -0.121582031, 1.08496094, -0.121582031, 1
vb0[77]+000 NORMAL: 0.784313738, 0.686274529, 0.34117648, 0.235294119
vb0[77]+000 COLOR: 0.784313738, 0.686274529, 0.34117648, 0.235294119
vb0[77]+012 TEXCOORD: 0.625, 0.0999755859
vb0[77]+000 TEXCOORD1: 0.784313738, 0.686274529, 0.34117648, 0.235294119
vb0[77]+000 TEXCOORD2: 0.784313738, 0.686274529, 0.34117648, 0.235294119
vb0[77]+000 TEXCOORD3: 0.784313738, 0.686274529, 0.34117648, 0.235294119
vb0[77]+000 TANGENT: 0.784313738, 0.686274529, 0.34117648, 0.235294119

vb0[78]+000 POSITION: -0.0559997559, 1.09570313, -0.0655517578, 1
vb0[78]+000 NORMAL: 0.168627456, 0.670588255, 0.384313732, 0.235294119
vb0[78]+000 COLOR: 0.168627456, 0.670588255, 0.384313732, 0.235294119
vb0[78]+012 TEXCOORD: 0.637695313, 0.049987793
vb0[78]+000 TEXCOORD1: 0.168627456, 0.670588255, 0.384313732, 0.235294119
vb0[78]+000 TEXCOORD2: 0.168627456, 0.670588255, 0.384313732, 0.235294119
vb0[78]+000 TEXCOORD3: 0.168627456, 0.670588255, 0.384313732, 0.235294119
vb0[78]+000 TANGENT: 0.168627456, 0.670588255, 0.384313732, 0.235294119

vb0[79]+000 POSITION: 0, 1.09863281, 0, 1
vb0[79]+000 NORMAL: 0, 0, 0.396078438, 0.235294119
vb0[79]+000 COLOR: 0, 0, 0.396078438, 0.235294119
vb0[79]+012 TEXCOORD: 0.625, 0
vb0[79]+000 TEXCOORD1: 0, 0, 0.396078438, 0.235294119
vb0[79]+000 TEXCOORD2: 0, 0, 0.396078438, 0.235294119
vb0[79]+000 TEXCOORD3: 0, 0, 0.396078438, 0.235294119
vb0[79]+000 TANGENT: 0, 0, 0.396078438, 0.235294119

vb0[80]+000 POSITION: -0.101074219, 1.08496094, -0.139038086, 1
vb0[80]+000 NORMAL: 0.470588237, 0.68235296, 0.34117648, 0.235294119
vb0[80]+000 COLOR: 0.470588237, 0.68235296, 0.34117648, 0.235294119
vb0[80]+012 TEXCOORD: 0.649902344, 0.0999755859
vb0[80]+000 TEXCOORD1: 0.470588237, 0.68235296, 0.34117648, 0.235294119
vb0[80]+000 TEXCOORD2: 0.470588237, 0.68235296, 0.34117648, 0.235294119
vb0[80]+000 TEXCOORD3: 0.470588237, 0.68235296, 0.34117648, 0.235294119
vb0[80]+000 TANGENT: 0.470588237, 0.68235296, 0.34117648, 0.235294119

vb0[81]+000 POSITION: -0.0450439453, 1.09570313, -0.0734863281, 1
vb0[81]+000 NORMAL: 0.768627465, 0.662745118, 0.384313732, 0.235294119
vb0[81]+000 COLOR: 0.768627465, 0.662745118, 0.384313732, 0.235294119
vb0[81]+012 TEXCOORD: 0.662597656, 0.049987793
vb0[81]+000 TEXCOORD1: 0.768627465, 0.662745118, 0.384313732, 0.235294119
vb0[81]+000 TEXCOORD2: 0.768627465, 0.662745118, 0.384313732, 0.235294119
vb0[81]+000 TEXCOORD3: 0.768627465, 0.662745118, 0.384313732, 0.235294119
vb0[81]+000 TANGENT: 0.768627465, 0.662745118, 0.384313732, 0.235294119

vb0[82]+000 POSITION: 0, 1.09863281, 0, 1
vb0[82]+000 NORMAL: 0, 0, 0.396078438, 0.235294119
vb0[82]+000 COLOR: 0, 0, 0.396078438, 0.235294119
vb0[82]+012 TEXCOORD: 0.649902344, 0
vb0[82]+000 TEXCOORD1: 0, 0, 0.396078438, 0.235294119
vb0[82]+000 TEXCOORD2: 0, 0, 0.396078438, 0.235294119
vb0[82]+000 TEXCOORD3: 0, 0, 0.396078438, 0.235294119
vb0[82]+000 TANGENT: 0, 0, 0.396078438, 0.235294119

vb0[83]+000 POSITION: -0.0780639648, 1.08496094, -0.153198242, 1
vb0[83]+000 NORMAL: 1, 0.674509823, 0.34117648, 0.235294119
vb0[83]+000 COLOR: 1, 0.674509823, 0.34117648, 0.235294119
vb0[83]+012 TEXCOORD: 0.674804688, 0.0999755859
vb0[83]+000 TEXCOORD1: 1, 0.674509823, 0.34117648, 0.235294119
vb0[83]+000 TEXCOORD2: 1, 0.674509823, 0.34117648, 0.235294119
vb0[83]+000 TEXCOORD3: 1, 0.674509823, 0.34117648, 0.235294119
vb0[83]+000 TANGENT: 1, 0.674509823, 0.34117648, 0.235294119

vb0[84]+000 POSITION: -0.032989502, 1.09570313, -0.0796508789, 1
vb0[84]+000 NORMAL: 0.223529413, 0.65882355, 0.384313732, 0.235294119
vb0[84]+000 COLOR: 0.223529413, 0.65882355, 0.384313732, 0.235294119
vb0[84]+012 TEXCOORD: 0.6875, 0.049987793
vb0[84]+000 TEXCOORD1: 0.223529413, 0.65882355, 0.384313732, 0.235294119
vb0[84]+000 TEXCOORD2: 0.223529413, 0.65882355, 0.384313732, 0.235294119
vb0[84]+000 TEXCOORD3: 0.223529413, 0.65882355, 0.384313732, 0.235294119
vb0[84]+000 TANGENT: 0.223529413, 0.65882355, 0.384313732, 0.235294119

vb0[85]+000 POSITION: 0, 1.09863281, 0, 1
vb0[85]+000 NORMAL: 0, 0, 0.396078438, 0.235294119
vb0[85]+000 COLOR: 0, 0, 0.396078438, 0.235294119
vb0[85]+012 TEXCOORD: 0.674804688, 0
vb0[85]+000 TEXCOORD1: 0, 0, 0.396078438, 0.235294119
vb0[85]+000 TEXCOORD2: 0, 0, 0.396078438, 0.235294119
vb0[85]+000 TEXCOORD3: 0, 0, 0.396078438, 0.235294119
vb0[85]+000 TANGENT: 0, 0, 0.396078438, 0.235294119

vb0[86]+000 POSITION: -0.0531311035, 1.08496094, -0.163452148, 1
vb0[86]+000 NORMAL: 0.80392158, 0.666666687, 0.34117648, 0.235294119
vb0[86]+000 COLOR: 0.80392158, 0.666666687, 0.34117648, 0.235294119
vb0[86]+012 TEXCOORD: 0.700195313, 0.0999755859
vb0[86]+000 TEXCOORD1: 0.80392158, 0.666666687, 0.34117648, 0.235294119
vb0[86]+000 TEXCOORD2: 0.80392158, 0.666666687, 0.34117648, 0.235294119
vb0[86]+000 TEXCOORD3: 0.80392158, 0.666666687, 0.34117648, 0.235294119
vb0[86]+000 TANGENT: 0.80392158, 0.666666687, 0.34117648, 0.235294119

vb0[87]+000 POSITION: -0.0201263428, 1.09570313, -0.0838623047, 1
vb0[87]+000 NORMAL: 0.152941182, 0.647058845, 0.384313732, 0.235294119
vb0[87]+000 COLOR: 0.152941182, 0.647058845, 0.384313732, 0.235294119
vb0[87]+012 TEXCOORD: 0.712402344, 0.049987793
vb0[87]+000 TEXCOORD1: 0.152941182, 0.647058845, 0.384313732, 0.235294119
vb0[87]+000 TEXCOORD2: 0.152941182, 0.647058845, 0.384313732, 0.235294119
vb0[87]+000 TEXCOORD3: 0.152941182, 0.647058845, 0.384313732, 0.235294119
vb0[87]+000 TANGENT: 0.152941182, 0.647058845, 0.384313732, 0.235294119

vb0[88]+000 POSITION: 0, 1.09863281, 0, 1
vb0[88]+000 NORMAL: 0, 0, 0.396078438, 0.235294119
vb0[88]+000 COLOR: 0, 0, 0.396078438, 0.235294119
vb0[88]+012 TEXCOORD: 0.700195313, 0
vb0[88]+000 TEXCOORD1: 0, 0, 0.396078438, 0.235294119
vb0[88]+000 TEXCOORD2: 0, 0, 0.396078438, 0.235294119
vb0[88]+000 TEXCOORD3: 0, 0, 0.396078438, 0.235294119
vb0[88]+000 TANGENT: 0, 0, 0.396078438, 0.235294119

vb0[89]+000 POSITION: -0.0268859863, 1.08496094, -0.169799805, 1
vb0[89]+000 NORMAL: 0.886274517, 0.650980413, 0.34117648, 0.235294119
vb0[89]+000 COLOR: 0.886274517, 0.650980413, 0.34117648, 0.235294119
vb0[89]+012 TEXCOORD: 0.725097656, 0.0999755859
vb0[89]+000 TEXCOORD1: 0.886274517, 0.650980413, 0.34117648, 0.235294119
vb0[89]+000 TEXCOORD2: 0.886274517, 0.650980413, 0.34117648, 0.235294119
vb0[89]+000 TEXCOORD3: 0.886274517, 0.650980413, 0.34117648, 0.235294119
vb0[89]+000 TANGENT: 0.886274517, 0.650980413, 0.34117648, 0.235294119

vb0[90]+000 POSITION: -0.00676345825, 1.09570313, -0.0859375, 1
vb0[90]+000 NORMAL: 0.929411769, 0.619607866, 0.384313732, 0.235294119
vb0[90]+000 COLOR: 0.929411769, 0.619607866, 0.384313732, 0.235294119
vb0[90]+012 TEXCOORD: 0.737304688, 0.049987793
vb0[90]+000 TEXCOORD1: 0.929411769, 0.619607866, 0.384313732, 0.235294119
vb0[90]+000 TEXCOORD2: 0.929411769, 0.619607866, 0.384313732, 0.235294119
vb0[90]+000 TEXCOORD3: 0.929411769, 0.619607866, 0.384313732, 0.235294119
vb0[90]+000 TANGENT: 0.929411769, 0.619607866, 0.384313732, 0.235294119

vb0[91]+000 POSITION: 0, 1.09863281, 0, 1
vb0[91]+000 NORMAL: 0, 0, 0.396078438, 0.235294119
vb0[91]+000 COLOR: 0, 0, 0.396078438, 0.235294119
vb0[91]+012 TEXCOORD: 0.725097656, 0
vb0[91]+000 TEXCOORD1: 0, 0, 0.396078438, 0.235294119
vb0[91]+000 TEXCOORD2: 0, 0, 0.396078438, 0.235294119
vb0[91]+000 TEXCOORD3: 0, 0, 0.396078438, 0.235294119
vb0[91]+000 TANGENT: 0, 0, 0.396078438, 0.235294119

vb0[92]+000 POSITION: 0, 1.08496094, -0.171875, 1
vb0[92]+000 NORMAL: 0, 0, 0.34117648, 0.235294119
vb0[92]+000 COLOR: 0, 0, 0.34117648, 0.235294119
vb0[92]+012 TEXCOORD: 0.75, 0.0999755859
vb0[92]+000 TEXCOORD1: 0, 0, 0.34117648, 0.235294119
vb0[92]+000 TEXCOORD2: 0, 0, 0.34117648, 0.235294119
vb0[92]+000 TEXCOORD3: 0, 0, 0.34117648, 0.235294119
vb0[92]+000 TANGENT: 0, 0, 0.34117648, 0.235294119

vb0[93]+000 POSITION: 0.00676345825, 1.09570313, -0.0859375, 1
vb0[93]+000 NORMAL: 0.929411769, 0.117647059, 0.384313732, 0.235294119
vb0[93]+000 COLOR: 0.929411769, 0.117647059, 0.384313732, 0.235294119
vb0[93]+012 TEXCOORD: 0.762695313, 0.049987793
vb0[93]+000 TEXCOORD1: 0.929411769, 0.117647059, 0.384313732, 0.235294119
vb0[93]+000 TEXCOORD2: 0.929411769, 0.117647059, 0.384313732, 0.235294119
vb0[93]+000 TEXCOORD3: 0.929411769, 0.117647059, 0.384313732, 0.235294119
vb0[93]+000 TANGENT: 0.929411769, 0.117647059, 0.384313732, 0.235294119

vb0[94]+000 POSITION: 0, 1.09863281, 0, 1
vb0[94]+000 NORMAL: 0, 0, 0.396078438, 0.235294119
vb0[94]+000 COLOR: 0, 0, 0.396078438, 0.235294119
vb0[94]+012 TEXCOORD: 0.75, 0
vb0[94]+000 TEXCOORD1: 0, 0, 0.396078438, 0.235294119
vb0[94]+000 TEXCOORD2: 0, 0, 0.396078438, 0.235294119
vb0[94]+000 TEXCOORD3: 0, 0, 0.396078438, 0.235294119
vb0[94]+000 TANGENT: 0, 0, 0.396078438, 0.235294119

vb0[95]+000 POSITION: 0.0268859863, 1.08496094, -0.169799805, 1
vb0[95]+000 NORMAL: 0.886274517, 0.149019614, 0.34117648, 0.235294119
vb0[95]+000 COLOR: 0.886274517, 0.149019614, 0.34117648, 0.235294119
vb0[95]+012 TEXCOORD: 0.774902344, 0.0999755859
vb0[95]+000 TEXCOORD1: 0.886274517, 0.149019614, 0.34117648, 0.235294119
vb0[95]+000 TEXCOORD2: 0.886274517, 0.149019614, 0.34117648, 0.235294119
vb0[95]+000 TEXCOORD3: 0.886274517, 0.149019614, 0.34117648, 0.235294119
vb0[95]+000 TANGENT: 0.886274517, 0.149019614, 0.34117648, 0.235294119

vb0[96]+000 POSITION: 0.0201263428, 1.09570313, -0.0838623047, 1
vb0[96]+000 NORMAL: 0.152941182, 0.145098045, 0.384313732, 0.235294119
vb0[96]+000 COLOR: 0.152941182, 0.145098045, 0.384313732, 0.235294119
vb0[96]+012 TEXCOORD: 0.787597656, 0.049987793
vb0[96]+000 TEXCOORD1: 0.152941182, 0.145098045, 0.384313732, 0.235294119
vb0[96]+000 TEXCOORD2: 0.152941182, 0.145098045, 0.384313732, 0.235294119
vb0[96]+000 TEXCOORD3: 0.152941182, 0.145098045, 0.384313732, 0.235294119
vb0[96]+000 TANGENT: 0.152941182, 0.145098045, 0.384313732, 0.235294119

vb0[97]+000 POSITION: 0, 1.09863281, 0, 1
vb0[97]+000 NORMAL: 0, 0, 0.396078438, 0.235294119
vb0[97]+000 COLOR: 0, 0, 0.396078438, 0.235294119
vb0[97]+012 TEXCOORD: 0.774902344, 0
vb0[97]+000 TEXCOORD1: 0, 0, 0.396078438, 0.235294119
vb0[97]+000 TEXCOORD2: 0, 0, 0.396078438, 0.235294119
vb0[97]+000 TEXCOORD3: 0, 0, 0.396078438, 0.235294119
vb0[97]+000 TANGENT: 0, 0, 0.396078438, 0.235294119

vb0[98]+000 POSITION: 0.0531311035, 1.08496094, -0.163452148, 1
vb0[98]+000 NORMAL: 0.80392158, 0.164705887, 0.34117648, 0.235294119
vb0[98]+000 COLOR: 0.80392158, 0.164705887, 0.34117648, 0.235294119
vb0[98]+012 TEXCOORD: 0.799804688, 0.0999755859
vb0[98]+000 TEXCOORD1: 0.80392158, 0.164705887, 0.34117648, 0.235294119
vb0[98]+000 TEXCOORD2: 0.80392158, 0.164705887, 0.34117648, 0.235294119
vb0[98]+000 TEXCOORD3: 0.80392158, 0.164705887, 0.34117648, 0.235294119
vb0[98]+000 TANGENT: 0.80392158, 0.164705887, 0.34117648, 0.235294119

vb0[99]+000 POSITION: 0.032989502, 1.09570313, -0.0796508789, 1
vb0[99]+000 NORMAL: 0.223529413, 0.156862751, 0.384313732, 0.235294119
vb0[99]+000 COLOR: 0.223529413, 0.156862751, 0.384313732, 0.235294119
vb0[99]+012 TEXCOORD: 0.8125, 0.049987793
vb0[99]+000 TEXCOORD1: 0.223529413, 0.156862751, 0.384313732, 0.235294119
vb0[99]+000 TEXCOORD2: 0.223529413, 0.156862751, 0.384313732, 0.235294119
vb0[99]+000 TEXCOORD3: 0.223529413, 0.156862751, 0.384313732, 0.235294119
vb0[99]+000 TANGENT: 0.223529413, 0.156862751, 0.384313732, 0.235294119

vb0[100]+000 POSITION: 0, 1.09863281, 0, 1
vb0[100]+000 NORMAL: 0, 0, 0.396078438, 0.235294119
vb0[100]+000 COLOR: 0, 0, 0.396078438, 0.235294119
vb0[100]+012 TEXCOORD: 0.799804688, 0
vb0[100]+000 TEXCOORD1: 0, 0, 0.396078438, 0.235294119
vb0[100]+000 TEXCOORD2: 0, 0, 0.396078438, 0.235294119
vb0[100]+000 TEXCOORD3: 0, 0, 0.396078438, 0.235294119
vb0[100]+000 TANGENT: 0, 0, 0.396078438, 0.235294119

vb0[101]+000 POSITION: 0.0780639648, 1.08496094, -0.153198242, 1
vb0[101]+000 NORMAL: 1, 0.172549024, 0.34117648, 0.235294119
vb0[101]+000 COLOR: 1, 0.172549024, 0.34117648, 0.235294119
vb0[101]+012 TEXCOORD: 0.825195313, 0.0999755859
vb0[101]+000 TEXCOORD1: 1, 0.172549024, 0.34117648, 0.235294119
vb0[101]+000 TEXCOORD2: 1, 0.172549024, 0.34117648, 0.235294119
vb0[101]+000 TEXCOORD3: 1, 0.172549024, 0.34117648, 0.235294119
vb0[101]+000 TANGENT: 1, 0.172549024, 0.34117648, 0.235294119

vb0[102]+000 POSITION: 0.0450439453, 1.09570313, -0.0734863281, 1
vb0[102]+000 NORMAL: 0.768627465, 0.160784319, 0.384313732, 0.235294119
vb0[102]+000 COLOR: 0.768627465, 0.160784319, 0.384313732, 0.235294119
vb0[102]+012 TEXCOORD: 0.837402344, 0.049987793
vb0[102]+000 TEXCOORD1: 0.768627465, 0.160784319, 0.384313732, 0.235294119
vb0[102]+000 TEXCOORD2: 0.768627465, 0.160784319, 0.384313732, 0.235294119
vb0[102]+000 TEXCOORD3: 0.768627465, 0.160784319, 0.384313732, 0.235294119
vb0[102]+000 TANGENT: 0.768627465, 0.160784319, 0.384313732, 0.235294119

vb0[103]+000 POSITION: 0, 1.09863281, 0, 1
vb0[103]+000 NORMAL: 0, 0, 0.396078438, 0.235294119
vb0[103]+000 COLOR: 0, 0, 0.396078438, 0.235294119
vb0[103]+012 TEXCOORD: 0.825195313, 0
vb0[103]+000 TEXCOORD1: 0, 0, 0.396078438, 0.235294119
vb0[103]+000 TEXCOORD2: 0, 0, 0.396078438, 0.235294119
vb0[103]+000 TEXCOORD3: 0, 0, 0.396078438, 0.235294119
vb0[103]+000 TANGENT: 0, 0, 0.396078438, 0.235294119

vb0[104]+000 POSITION: 0.101074219, 1.08496094, -0.139038086, 1
vb0[104]+000 NORMAL: 0.470588237, 0.180392161, 0.34117648, 0.235294119
vb0[104]+000 COLOR: 0.470588237, 0.180392161, 0.34117648, 0.235294119
vb0[104]+012 TEXCOORD: 0.850097656, 0.0999755859
vb0[104]+000 TEXCOORD1: 0.470588237, 0.180392161, 0.34117648, 0.235294119
vb0[104]+000 TEXCOORD2: 0.470588237, 0.180392161, 0.34117648, 0.235294119
vb0[104]+000 TEXCOORD3: 0.470588237, 0.180392161, 0.34117648, 0.235294119
vb0[104]+000 TANGENT: 0.470588237, 0.180392161, 0.34117648, 0.235294119

vb0[105]+000 POSITION: 0.0559997559, 1.09570313, -0.0655517578, 1
vb0[105]+000 NORMAL: 0.168627456, 0.168627456, 0.384313732, 0.235294119
vb0[105]+000 COLOR: 0.168627456, 0.168627456, 0.384313732, 0.235294119
vb0[105]+012 TEXCOORD: 0.862304688, 0.049987793
vb0[105]+000 TEXCOORD1: 0.168627456, 0.168627456, 0.384313732, 0.235294119
vb0[105]+000 TEXCOORD2: 0.168627456, 0.168627456, 0.384313732, 0.235294119
vb0[105]+000 TEXCOORD3: 0.168627456, 0.168627456, 0.384313732, 0.235294119
vb0[105]+000 TANGENT: 0.168627456, 0.168627456, 0.384313732, 0.235294119

vb0[106]+000 POSITION: 0, 1.09863281, 0, 1
vb0[106]+000 NORMAL: 0, 0, 0.396078438, 0.235294119
vb0[106]+000 COLOR: 0, 0, 0.396078438, 0.235294119
vb0[106]+012 TEXCOORD: 0.850097656, 0
vb0[106]+000 TEXCOORD1: 0, 0, 0.396078438, 0.235294119
vb0[106]+000 TEXCOORD2: 0, 0, 0.396078438, 0.235294119
vb0[106]+000 TEXCOORD3: 0, 0, 0.396078438, 0.235294119
vb0[106]+000 TANGENT: 0, 0, 0.396078438, 0.235294119

vb0[107]+000 POSITION: 0.121582031, 1.08496094, -0.121582031, 1
vb0[107]+000 NORMAL: 0.784313738, 0.184313729, 0.34117648, 0.235294119
vb0[107]+000 COLOR: 0.784313738, 0.184313729, 0.34117648, 0.235294119
vb0[107]+012 TEXCOORD: 0.875, 0.0999755859
vb0[107]+000 TEXCOORD1: 0.784313738, 0.184313729, 0.34117648, 0.235294119
vb0[107]+000 TEXCOORD2: 0.784313738, 0.184313729, 0.34117648, 0.235294119
vb0[107]+000 TEXCOORD3: 0.784313738, 0.184313729, 0.34117648, 0.235294119
vb0[107]+000 TANGENT: 0.784313738, 0.184313729, 0.34117648, 0.235294119

vb0[108]+000 POSITION: 0.0655517578, 1.09570313, -0.0559997559, 1
vb0[108]+000 NORMAL: 0.196078435, 0.172549024, 0.384313732, 0.235294119
vb0[108]+000 COLOR: 0.196078435, 0.172549024, 0.384313732, 0.235294119
vb0[108]+012 TEXCOORD: 0.887695313, 0.049987793
vb0[108]+000 TEXCOORD1: 0.196078435, 0.172549024, 0.384313732, 0.235294119
vb0[108]+000 TEXCOORD2: 0.196078435, 0.172549024, 0.384313732, 0.235294119
vb0[108]+000 TEXCOORD3: 0.196078435, 0.172549024, 0.384313732, 0.235294119
vb0[108]+000 TANGENT: 0.196078435, 0.172549024, 0.384313732, 0.235294119

vb0[109]+000 POSITION: 0, 1.09863281, 0, 1
vb0[109]+000 NORMAL: 0, 0, 0.396078438, 0.235294119
vb0[109]+000 COLOR: 0, 0, 0.396078438, 0.235294119
vb0[109]+012 TEXCOORD: 0.875, 0
vb0[109]+000 TEXCOORD1: 0, 0, 0.396078438, 0.235294119
vb0[109]+000 TEXCOORD2: 0, 0, 0.396078438, 0.235294119
vb0[109]+000 TEXCOORD3: 0, 0, 0.396078438, 0.235294119
vb0[109]+000 TANGENT: 0, 0, 0.396078438, 0.235294119

vb0[110]+000 POSITION: 0.139038086, 1.08496094, -0.101074219, 1
vb0[110]+000 NORMAL: 0.450980395, 0.188235298, 0.34117648, 0.235294119
vb0[110]+000 COLOR: 0.450980395, 0.188235298, 0.34117648, 0.235294119
vb0[110]+012 TEXCOORD: 0.899902344, 0.0999755859
vb0[110]+000 TEXCOORD1: 0.450980395, 0.188235298, 0.34117648, 0.235294119
vb0[110]+000 TEXCOORD2: 0.450980395, 0.188235298, 0.34117648, 0.235294119
vb0[110]+000 TEXCOORD3: 0.450980395, 0.188235298, 0.34117648, 0.235294119
vb0[110]+000 TANGENT: 0.450980395, 0.188235298, 0.34117648, 0.235294119

vb0[111]+000 POSITION: 0.0734863281, 1.09570313, -0.0450439453, 1
vb0[111]+000 NORMAL: 0.70588237, 0.172549024, 0.384313732, 0.235294119
vb0[111]+000 COLOR: 0.70588237, 0.172549024, 0.384313732, 0.235294119
vb0[111]+012 TEXCOORD: 0.912597656, 0.049987793
vb0[111]+000 TEXCOORD1: 0.70588237, 0.172549024, 0.384313732, 0.235294119
vb0[111]+000 TEXCOORD2: 0.70588237, 0.172549024, 0.384313732, 0.235294119
vb0[111]+000 TEXCOORD3: 0.70588237, 0.172549024, 0.384313732, 0.235294119
vb0[111]+000 TANGENT: 0.70588237, 0.172549024, 0.384313732, 0.235294119

vb0[112]+000 POSITION: 0, 1.09863281, 0, 1
vb0[112]+000 NORMAL: 0, 0, 0.396078438, 0.235294119
vb0[112]+000 COLOR: 0, 0, 0.396078438, 0.235294119
vb0[112]+012 TEXCOORD: 0.899902344, 0
vb0[112]+000 TEXCOORD1: 0, 0, 0.396078438, 0.235294119
vb0[112]+000 TEXCOORD2: 0, 0, 0.396078438, 0.235294119
vb0[112]+000 TEXCOORD3: 0, 0, 0.396078438, 0.235294119
vb0[112]+000 TANGENT: 0, 0, 0.396078438, 0.235294119

vb0[113]+000 POSITION: 0.153198242, 1.08496094, -0.0780639648, 1
vb0[113]+000 NORMAL: 0.905882359, 0.188235298, 0.34117648, 0.235294119
vb0[113]+000 COLOR: 0.905882359, 0.188235298, 0.34117648, 0.235294119
vb0[113]+012 TEXCOORD: 0.924804688, 0.0999755859
vb0[113]+000 TEXCOORD1: 0.905882359, 0.188235298, 0.34117648, 0.235294119
vb0[113]+000 TEXCOORD2: 0.905882359, 0.188235298, 0.34117648, 0.235294119
vb0[113]+000 TEXCOORD3: 0.905882359, 0.188235298, 0.34117648, 0.235294119
vb0[113]+000 TANGENT: 0.905882359, 0.188235298, 0.34117648, 0.235294119

vb0[114]+000 POSITION: 0.0796508789, 1.09570313, -0.032989502, 1
vb0[114]+000 NORMAL: 0.0980392173, 0.176470593, 0.384313732, 0.235294119
vb0[114]+000 COLOR: 0.0980392173, 0.176470593, 0.384313732, 0.235294119
vb0[114]+012 TEXCOORD: 0.9375, 0.049987793
vb0[114]+000 TEXCOORD1: 0.0980392173, 0.176470593, 0.384313732, 0.235294119
vb0[114]+000 TEXCOORD2: 0.0980392173, 0.176470593, 0.384313732, 0.235294119
vb0[114]+000 TEXCOORD3: 0.0980392173, 0.176470593, 0.384313732, 0.235294119
vb0[114]+000 TANGENT: 0.0980392173, 0.176470593, 0.384313732, 0.235294119

vb0[115]+000 POSITION: 0, 1.09863281, 0, 1
vb0[115]+000 NORMAL: 0, 0, 0.396078438, 0.235294119
vb0[115]+000 COLOR: 0, 0, 0.396078438, 0.235294119
vb0[115]+012 TEXCOORD: 0.924804688, 0
vb0[115]+000 TEXCOORD1: 0, 0, 0.396078438, 0.235294119
vb0[115]+000 TEXCOORD2: 0, 0, 0.396078438, 0.235294119
vb0[115]+000 TEXCOORD3: 0, 0, 0.396078438, 0.235294119
vb0[115]+000 TANGENT: 0, 0, 0.396078438, 0.235294119

vb0[116]+000 POSITION: 0.163452148, 1.08496094, -0.0531311035, 1
vb0[116]+000 NORMAL: 0.23137255, 0.192156866, 0.34117648, 0.235294119
vb0[116]+000 COLOR: 0.23137255, 0.192156866, 0.34117648, 0.235294119
vb0[116]+012 TEXCOORD: 0.950195313, 0.0999755859
vb0[116]+000 TEXCOORD1: 0.23137255, 0.192156866, 0.34117648, 0.235294119
vb0[116]+000 TEXCOORD2: 0.23137255, 0.192156866, 0.34117648, 0.235294119
vb0[116]+000 TEXCOORD3: 0.23137255, 0.192156866, 0.34117648, 0.235294119
vb0[116]+000 TANGENT: 0.23137255, 0.192156866, 0.34117648, 0.235294119

vb0[117]+000 POSITION: 0.0838623047, 1.09570313, -0.0201263428, 1
vb0[117]+000 NORMAL: 0.368627459, 0.176470593, 0.384313732, 0.235294119
vb0[117]+000 COLOR: 0.368627459, 0.176470593, 0.384313732, 0.235294119
vb0[117]+012 TEXCOORD: 0.962402344, 0.049987793
vb0[117]+000 TEXCOORD1: 0.368627459, 0.176470593, 0.384313732, 0.235294119
vb0[117]+000 TEXCOORD2: 0.368627459, 0.176470593, 0.384313732, 0.235294119
vb0[117]+000 TEXCOORD3: 0.368627459, 0.176470593, 0.384313732, 0.235294119
vb0[117]+000 TANGENT: 0.368627459, 0.176470593, 0.384313732, 0.235294119

vb0[118]+000 POSITION: 0, 1.09863281, 0, 1
vb0[118]+000 NORMAL: 0, 0, 0.396078438, 0.235294119
vb0[118]+000 COLOR: 0, 0, 0.396078438, 0.235294119
vb0[118]+012 TEXCOORD: 0.950195313, 0
vb0[118]+000 TEXCOORD1: 0, 0, 0.396078438, 0.235294119
vb0[118]+000 TEXCOORD2: 0, 0, 0.396078438, 0.235294119
vb0[118]+000 TEXCOORD3: 0, 0, 0.396078438, 0.235294119
vb0[118]+000 TANGENT: 0, 0, 0.396078438, 0.235294119

vb0[119]+000 POSITION: 0.169799805, 1.08496094, -0.0268859863, 1
vb0[119]+000 NORMAL: 0.435294122, 0.192156866, 0.34117648, 0.235294119
vb0[119]+000 COLOR: 0.435294122, 0.192156866, 0.34117648, 0.235294119
vb0[119]+012 TEXCOORD: 0.975097656, 0.0999755859
vb0[119]+000 TEXCOORD1: 0.435294122, 0.192156866, 0.34117648, 0.235294119
vb0[119]+000 TEXCOORD2: 0.435294122, 0.192156866, 0.34117648, 0.235294119
vb0[119]+000 TEXCOORD3: 0.435294122, 0.192156866, 0.34117648, 0.235294119
vb0[119]+000 TANGENT: 0.435294122, 0.192156866, 0.34117648, 0.235294119

vb0[120]+000 POSITION: 0.0859375, 1.09570313, -0.00676345825, 1
vb0[120]+000 NORMAL: 0.501960814, 0.176470593, 0.384313732, 0.235294119
vb0[120]+000 COLOR: 0.501960814, 0.176470593, 0.384313732, 0.235294119
vb0[120]+012 TEXCOORD: 0.987304688, 0.049987793
vb0[120]+000 TEXCOORD1: 0.501960814, 0.176470593, 0.384313732, 0.235294119
vb0[120]+000 TEXCOORD2: 0.501960814, 0.176470593, 0.384313732, 0.235294119
vb0[120]+000 TEXCOORD3: 0.501960814, 0.176470593, 0.384313732, 0.235294119
vb0[120]+000 TANGENT: 0.501960814, 0.176470593, 0.384313732, 0.235294119

vb0[121]+000 POSITION: 0, 1.09863281, 0, 1
vb0[121]+000 NORMAL: 0, 0, 0.396078438, 0.235294119
vb0[121]+000 COLOR: 0, 0, 0.396078438, 0.235294119
vb0[121]+012 TEXCOORD: 0.975097656, 0
vb0[121]+000 TEXCOORD1: 0, 0, 0.396078438, 0.235294119
vb0[121]+000 TEXCOORD2: 0, 0, 0.396078438, 0.235294119
vb0[121]+000 TEXCOORD3: 0, 0, 0.396078438, 0.235294119
vb0[121]+000 TANGENT: 0, 0, 0.396078438, 0.235294119

vb0[122]+000 POSITION: 0.195068359, 1.06835938, -0.166625977, 1
vb0[122]+000 NORMAL: 0.243137255, 0.196078435, 0.274509817, 0.235294119
vb0[122]+000 COLOR: 0.243137255, 0.196078435, 0.274509817, 0.235294119
vb0[122]+012 TEXCOORD: 0.887695313, 0.150024414
vb0[122]+000 TEXCOORD1: 0.243137255, 0.196078435, 0.274509817, 0.235294119
vb0[122]+000 TEXCOORD2: 0.243137255, 0.196078435, 0.274509817, 0.235294119
vb0[122]+000 TEXCOORD3: 0.243137255, 0.196078435, 0.274509817, 0.235294119
vb0[122]+000 TANGENT: 0.243137255, 0.196078435, 0.274509817, 0.235294119

vb0[123]+000 POSITION: 0.166625977, 1.06835938, -0.195068359, 1
vb0[123]+000 NORMAL: 0.333333343, 0.192156866, 0.274509817, 0.235294119
vb0[123]+000 COLOR: 0.333333343, 0.192156866, 0.274509817, 0.235294119
vb0[123]+012 TEXCOORD: 0.862304688, 0.150024414
vb0[123]+000 TEXCOORD1: 0.333333343, 0.192156866, 0.274509817, 0.235294119
vb0[123]+000 TEXCOORD2: 0.333333343, 0.192156866, 0.274509817, 0.235294119
vb0[123]+000 TEXCOORD3: 0.333333343, 0.192156866, 0.274509817, 0.235294119
vb0[123]+000 TANGENT: 0.333333343, 0.192156866, 0.274509817, 0.235294119

vb0[124]+000 POSITION: 0.21875, 1.06835938, -0.134033203, 1
vb0[124]+000 NORMAL: 0, 0.200000003, 0.274509817, 0.235294119
vb0[124]+000 COLOR: 0, 0.200000003, 0.274509817, 0.235294119
vb0[124]+012 TEXCOORD: 0.912597656, 0.150024414
vb0[124]+000 TEXCOORD1: 0, 0.200000003, 0.274509817, 0.235294119
vb0[124]+000 TEXCOORD2: 0, 0.200000003, 0.274509817, 0.235294119
vb0[124]+000 TEXCOORD3: 0, 0.200000003, 0.274509817, 0.235294119
vb0[124]+000 TANGENT: 0, 0.200000003, 0.274509817, 0.235294119

vb0[125]+000 POSITION: 0.237060547, 1.06835938, -0.0981445313, 1
vb0[125]+000 NORMAL: 0.588235319, 0.200000003, 0.274509817, 0.235294119
vb0[125]+000 COLOR: 0.588235319, 0.200000003, 0.274509817, 0.235294119
vb0[125]+012 TEXCOORD: 0.9375, 0.150024414
vb0[125]+000 TEXCOORD1: 0.588235319, 0.200000003, 0.274509817, 0.235294119
vb0[125]+000 TEXCOORD2: 0.588235319, 0.200000003, 0.274509817, 0.235294119
vb0[125]+000 TEXCOORD3: 0.588235319, 0.200000003, 0.274509817, 0.235294119
vb0[125]+000 TANGENT: 0.588235319, 0.200000003, 0.274509817, 0.235294119

vb0[126]+000 POSITION: 0.249389648, 1.06835938, -0.0598754883, 1
vb0[126]+000 NORMAL: 0.984313726, 0.200000003, 0.274509817, 0.235294119
vb0[126]+000 COLOR: 0.984313726, 0.200000003, 0.274509817, 0.235294119
vb0[126]+012 TEXCOORD: 0.962402344, 0.150024414
vb0[126]+000 TEXCOORD1: 0.984313726, 0.200000003, 0.274509817, 0.235294119
vb0[126]+000 TEXCOORD2: 0.984313726, 0.200000003, 0.274509817, 0.235294119
vb0[126]+000 TEXCOORD3: 0.984313726, 0.200000003, 0.274509817, 0.235294119
vb0[126]+000 TANGENT: 0.984313726, 0.200000003, 0.274509817, 0.235294119

vb0[127]+000 POSITION: 0.240112305, 1.04492188, -0.240112305, 1
vb0[127]+000 NORMAL: 0.686274529, 0.200000003, 0.180392161, 0.235294119
vb0[127]+000 COLOR: 0.686274529, 0.200000003, 0.180392161, 0.235294119
vb0[127]+012 TEXCOORD: 0.875, 0.199951172
vb0[127]+000 TEXCOORD1: 0.686274529, 0.200000003, 0.180392161, 0.235294119
vb0[127]+000 TEXCOORD2: 0.686274529, 0.200000003, 0.180392161, 0.235294119
vb0[127]+000 TEXCOORD3: 0.686274529, 0.200000003, 0.180392161, 0.235294119
vb0[127]+000 TANGENT: 0.686274529, 0.200000003, 0.180392161, 0.235294119

vb0[128]+000 POSITION: 0.199584961, 1.04492188, -0.274658203, 1
vb0[128]+000 NORMAL: 0.388235301, 0.196078435, 0.180392161, 0.235294119
vb0[128]+000 COLOR: 0.388235301, 0.196078435, 0.180392161, 0.235294119
vb0[128]+012 TEXCOORD: 0.850097656, 0.199951172
vb0[128]+000 TEXCOORD1: 0.388235301, 0.196078435, 0.180392161, 0.235294119
vb0[128]+000 TEXCOORD2: 0.388235301, 0.196078435, 0.180392161, 0.235294119
vb0[128]+000 TEXCOORD3: 0.388235301, 0.196078435, 0.180392161, 0.235294119
vb0[128]+000 TANGENT: 0.388235301, 0.196078435, 0.180392161, 0.235294119

vb0[129]+000 POSITION: 0.134033203, 1.06835938, -0.21875, 1
vb0[129]+000 NORMAL: 0.290196091, 0.188235298, 0.274509817, 0.235294119
vb0[129]+000 COLOR: 0.290196091, 0.188235298, 0.274509817, 0.235294119
vb0[129]+012 TEXCOORD: 0.837402344, 0.150024414
vb0[129]+000 TEXCOORD1: 0.290196091, 0.188235298, 0.274509817, 0.235294119
vb0[129]+000 TEXCOORD2: 0.290196091, 0.188235298, 0.274509817, 0.235294119
vb0[129]+000 TEXCOORD3: 0.290196091, 0.188235298, 0.274509817, 0.235294119
vb0[129]+000 TANGENT: 0.290196091, 0.188235298, 0.274509817, 0.235294119

vb0[130]+000 POSITION: 0.0981445313, 1.06835938, -0.237060547, 1
vb0[130]+000 NORMAL: 0.282352954, 0.180392161, 0.274509817, 0.235294119
vb0[130]+000 COLOR: 0.282352954, 0.180392161, 0.274509817, 0.235294119
vb0[130]+012 TEXCOORD: 0.8125, 0.150024414
vb0[130]+000 TEXCOORD1: 0.282352954, 0.180392161, 0.274509817, 0.235294119
vb0[130]+000 TEXCOORD2: 0.282352954, 0.180392161, 0.274509817, 0.235294119
vb0[130]+000 TEXCOORD3: 0.282352954, 0.180392161, 0.274509817, 0.235294119
vb0[130]+000 TANGENT: 0.282352954, 0.180392161, 0.274509817, 0.235294119

vb0[131]+000 POSITION: 0.0598754883, 1.06835938, -0.249389648, 1
vb0[131]+000 NORMAL: 0.666666687, 0.168627456, 0.274509817, 0.235294119
vb0[131]+000 COLOR: 0.666666687, 0.168627456, 0.274509817, 0.235294119
vb0[131]+012 TEXCOORD: 0.787597656, 0.150024414
vb0[131]+000 TEXCOORD1: 0.666666687, 0.168627456, 0.274509817, 0.235294119
vb0[131]+000 TEXCOORD2: 0.666666687, 0.168627456, 0.274509817, 0.235294119
vb0[131]+000 TEXCOORD3: 0.666666687, 0.168627456, 0.274509817, 0.235294119
vb0[131]+000 TANGENT: 0.666666687, 0.168627456, 0.274509817, 0.235294119

vb0[132]+000 POSITION: 0.0201263428, 1.06835938, -0.255859375, 1
vb0[132]+000 NORMAL: 0.152941182, 0.145098045, 0.274509817, 0.235294119
vb0[132]+000 COLOR: 0.152941182, 0.145098045, 0.274509817, 0.235294119
vb0[132]+012 TEXCOORD: 0.762695313, 0.150024414
vb0[132]+000 TEXCOORD1: 0.152941182, 0.145098045, 0.274509817, 0.235294119
vb0[132]+000 TEXCOORD2: 0.152941182, 0.145098045, 0.274509817, 0.235294119
vb0[132]+000 TEXCOORD3: 0.152941182, 0.145098045, 0.274509817, 0.235294119
vb0[132]+000 TANGENT: 0.152941182, 0.145098045, 0.274509817, 0.235294119

vb0[133]+000 POSITION: -0.0201263428, 1.06835938, -0.255859375, 1
vb0[133]+000 NORMAL: 0.152941182, 0.647058845, 0.274509817, 0.235294119
vb0[133]+000 COLOR: 0.152941182, 0.647058845, 0.274509817, 0.235294119
vb0[133]+012 TEXCOORD: 0.737304688, 0.150024414
vb0[133]+000 TEXCOORD1: 0.152941182, 0.647058845, 0.274509817, 0.235294119
vb0[133]+000 TEXCOORD2: 0.152941182, 0.647058845, 0.274509817, 0.235294119
vb0[133]+000 TEXCOORD3: 0.152941182, 0.647058845, 0.274509817, 0.235294119
vb0[133]+000 TANGENT: 0.152941182, 0.647058845, 0.274509817, 0.235294119

vb0[134]+000 POSITION: -0.0598754883, 1.06835938, -0.249389648, 1
vb0[134]+000 NORMAL: 0.666666687, 0.670588255, 0.274509817, 0.235294119
vb0[134]+000 COLOR: 0.666666687, 0.670588255, 0.274509817, 0.235294119
vb0[134]+012 TEXCOORD: 0.712402344, 0.150024414
vb0[134]+000 TEXCOORD1: 0.666666687, 0.670588255, 0.274509817, 0.235294119
vb0[134]+000 TEXCOORD2: 0.666666687, 0.670588255, 0.274509817, 0.235294119
vb0[134]+000 TEXCOORD3: 0.666666687, 0.670588255, 0.274509817, 0.235294119
vb0[134]+000 TANGENT: 0.666666687, 0.670588255, 0.274509817, 0.235294119

vb0[135]+000 POSITION: -0.0981445313, 1.06835938, -0.237060547, 1
vb0[135]+000 NORMAL: 0.282352954, 0.68235296, 0.274509817, 0.235294119
vb0[135]+000 COLOR: 0.282352954, 0.68235296, 0.274509817, 0.235294119
vb0[135]+012 TEXCOORD: 0.6875, 0.150024414
vb0[135]+000 TEXCOORD1: 0.282352954, 0.68235296, 0.274509817, 0.235294119
vb0[135]+000 TEXCOORD2: 0.282352954, 0.68235296, 0.274509817, 0.235294119
vb0[135]+000 TEXCOORD3: 0.282352954, 0.68235296, 0.274509817, 0.235294119
vb0[135]+000 TANGENT: 0.282352954, 0.68235296, 0.274509817, 0.235294119

vb0[136]+000 POSITION: -0.134033203, 1.06835938, -0.21875, 1
vb0[136]+000 NORMAL: 0.290196091, 0.690196097, 0.274509817, 0.235294119
vb0[136]+000 COLOR: 0.290196091, 0.690196097, 0.274509817, 0.235294119
vb0[136]+012 TEXCOORD: 0.662597656, 0.150024414
vb0[136]+000 TEXCOORD1: 0.290196091, 0.690196097, 0.274509817, 0.235294119
vb0[136]+000 TEXCOORD2: 0.290196091, 0.690196097, 0.274509817, 0.235294119
vb0[136]+000 TEXCOORD3: 0.290196091, 0.690196097, 0.274509817, 0.235294119
vb0[136]+000 TANGENT: 0.290196091, 0.690196097, 0.274509817, 0.235294119

vb0[137]+000 POSITION: -0.166625977, 1.06835938, -0.195068359, 1
vb0[137]+000 NORMAL: 0.333333343, 0.694117665, 0.274509817, 0.235294119
vb0[137]+000 COLOR: 0.333333343, 0.694117665, 0.274509817, 0.235294119
vb0[137]+012 TEXCOORD: 0.637695313, 0.150024414
vb0[137]+000 TEXCOORD1: 0.333333343, 0.694117665, 0.274509817, 0.235294119
vb0[137]+000 TEXCOORD2: 0.333333343, 0.694117665, 0.274509817, 0.235294119
vb0[137]+000 TEXCOORD3: 0.333333343, 0.694117665, 0.274509817, 0.235294119
vb0[137]+000 TANGENT: 0.333333343, 0.694117665, 0.274509817, 0.235294119

vb0[138]+000 POSITION: -0.195068359, 1.06835938, -0.166625977, 1
vb0[138]+000 NORMAL: 0.243137255, 0.698039234, 0.274509817, 0.235294119
vb0[138]+000 COLOR: 0.243137255, 0.698039234, 0.274509817, 0.235294119
vb0[138]+012 TEXCOORD: 0.612304688, 0.150024414
vb0[138]+000 TEXCOORD1: 0.243137255, 0.698039234, 0.274509817, 0.235294119
vb0[138]+000 TEXCOORD2: 0.243137255, 0.698039234, 0.274509817, 0.235294119
vb0[138]+000 TEXCOORD3: 0.243137255, 0.698039234, 0.274509817, 0.235294119
vb0[138]+000 TANGENT: 0.243137255, 0.698039234, 0.274509817, 0.235294119

vb0[139]+000 POSITION: -0.21875, 1.06835938, -0.134033203, 1
vb0[139]+000 NORMAL: 0, 0.701960802, 0.274509817, 0.235294119
vb0[139]+000 COLOR: 0, 0.701960802, 0.274509817, 0.235294119
vb0[139]+012 TEXCOORD: 0.587402344, 0.150024414
vb0[139]+000 TEXCOORD1: 0, 0.701960802, 0.274509817, 0.235294119
vb0[139]+000 TEXCOORD2: 0, 0.701960802, 0.274509817, 0.235294119
vb0[139]+000 TEXCOORD3: 0, 0.701960802, 0.274509817, 0.235294119
vb0[139]+000 TANGENT: 0, 0.701960802, 0.274509817, 0.235294119

vb0[140]+000 POSITION: -0.237060547, 1.06835938, -0.0981445313, 1
vb0[140]+000 NORMAL: 0.588235319, 0.701960802, 0.274509817, 0.235294119
vb0[140]+000 COLOR: 0.588235319, 0.701960802, 0.274509817, 0.235294119
vb0[140]+012 TEXCOORD: 0.5625, 0.150024414
vb0[140]+000 TEXCOORD1: 0.588235319, 0.701960802, 0.274509817, 0.235294119
vb0[140]+000 TEXCOORD2: 0.588235319, 0.701960802, 0.274509817, 0.235294119
vb0[140]+000 TEXCOORD3: 0.588235319, 0.701960802, 0.274509817, 0.235294119
vb0[140]+000 TANGENT: 0.588235319, 0.701960802, 0.274509817, 0.235294119

vb0[141]+000 POSITION: -0.249389648, 1.06835938, -0.0598754883, 1
vb0[141]+000 NORMAL: 0.984313726, 0.701960802, 0.274509817, 0.235294119
vb0[141]+000 COLOR: 0.984313726, 0.701960802, 0.274509817, 0.235294119
vb0[141]+012 TEXCOORD: 0.537597656, 0.150024414
vb0[141]+000 TEXCOORD1: 0.984313726, 0.701960802, 0.274509817, 0.235294119
vb0[141]+000 TEXCOORD2: 0.984313726, 0.701960802, 0.274509817, 0.235294119
vb0[141]+000 TEXCOORD3: 0.984313726, 0.701960802, 0.274509817, 0.235294119
vb0[141]+000 TANGENT: 0.984313726, 0.701960802, 0.274509817, 0.235294119

vb0[142]+000 POSITION: -0.255859375, 1.06835938, -0.0201263428, 1
vb0[142]+000 NORMAL: 0.0941176489, 0.70588237, 0.274509817, 0.235294119
vb0[142]+000 COLOR: 0.0941176489, 0.70588237, 0.274509817, 0.235294119
vb0[142]+012 TEXCOORD: 0.512695313, 0.150024414
vb0[142]+000 TEXCOORD1: 0.0941176489, 0.70588237, 0.274509817, 0.235294119
vb0[142]+000 TEXCOORD2: 0.0941176489, 0.70588237, 0.274509817, 0.235294119
vb0[142]+000 TEXCOORD3: 0.0941176489, 0.70588237, 0.274509817, 0.235294119
vb0[142]+000 TANGENT: 0.0941176489, 0.70588237, 0.274509817, 0.235294119

vb0[143]+000 POSITION: -0.255859375, 1.06835938, 0.0201263428, 1
vb0[143]+000 NORMAL: 0.0941176489, 0.70588237, 0.274509817, 0.235294119
vb0[143]+000 COLOR: 0.0941176489, 0.70588237, 0.274509817, 0.235294119
vb0[143]+012 TEXCOORD: 0.487548828, 0.150024414
vb0[143]+000 TEXCOORD1: 0.0941176489, 0.70588237, 0.274509817, 0.235294119
vb0[143]+000 TEXCOORD2: 0.0941176489, 0.70588237, 0.274509817, 0.235294119
vb0[143]+000 TEXCOORD3: 0.0941176489, 0.70588237, 0.274509817, 0.235294119
vb0[143]+000 TANGENT: 0.0941176489, 0.70588237, 0.274509817, 0.235294119

vb0[144]+000 POSITION: -0.249389648, 1.06835938, 0.0598754883, 1
vb0[144]+000 NORMAL: 0.984313726, 0.701960802, 0.274509817, 0.235294119
vb0[144]+000 COLOR: 0.984313726, 0.701960802, 0.274509817, 0.235294119
vb0[144]+012 TEXCOORD: 0.462402344, 0.150024414
vb0[144]+000 TEXCOORD1: 0.984313726, 0.701960802, 0.274509817, 0.235294119
vb0[144]+000 TEXCOORD2: 0.984313726, 0.701960802, 0.274509817, 0.235294119
vb0[144]+000 TEXCOORD3: 0.984313726, 0.701960802, 0.274509817, 0.235294119
vb0[144]+000 TANGENT: 0.984313726, 0.701960802, 0.274509817, 0.235294119

vb0[145]+000 POSITION: -0.237060547, 1.06835938, 0.0981445313, 1
vb0[145]+000 NORMAL: 0.588235319, 0.701960802, 0.274509817, 0.235294119
vb0[145]+000 COLOR: 0.588235319, 0.701960802, 0.274509817, 0.235294119
vb0[145]+012 TEXCOORD: 0.4375, 0.150024414
vb0[145]+000 TEXCOORD1: 0.588235319, 0.701960802, 0.274509817, 0.235294119
vb0[145]+000 TEXCOORD2: 0.588235319, 0.701960802, 0.274509817, 0.235294119
vb0[145]+000 TEXCOORD3: 0.588235319, 0.701960802, 0.274509817, 0.235294119
vb0[145]+000 TANGENT: 0.588235319, 0.701960802, 0.274509817, 0.235294119

vb0[146]+000 POSITION: -0.21875, 1.06835938, 0.134033203, 1
vb0[146]+000 NORMAL: 0, 0.701960802, 0.274509817, 0.235294119
vb0[146]+000 COLOR: 0, 0.701960802, 0.274509817, 0.235294119
vb0[146]+012 TEXCOORD: 0.412597656, 0.150024414
vb0[146]+000 TEXCOORD1: 0, 0.701960802, 0.274509817, 0.235294119
vb0[146]+000 TEXCOORD2: 0, 0.701960802, 0.274509817, 0.235294119
vb0[146]+000 TEXCOORD3: 0, 0.701960802, 0.274509817, 0.235294119
vb0[146]+000 TANGENT: 0, 0.701960802, 0.274509817, 0.235294119

vb0[147]+000 POSITION: -0.195068359, 1.06835938, 0.166625977, 1
vb0[147]+000 NORMAL: 0.243137255, 0.698039234, 0.274509817, 0.235294119
vb0[147]+000 COLOR: 0.243137255, 0.698039234, 0.274509817, 0.235294119
vb0[147]+012 TEXCOORD: 0.387451172, 0.150024414
vb0[147]+000 TEXCOORD1: 0.243137255, 0.698039234, 0.274509817, 0.235294119
vb0[147]+000 TEXCOORD2: 0.243137255, 0.698039234, 0.274509817, 0.235294119
vb0[147]+000 TEXCOORD3: 0.243137255, 0.698039234, 0.274509817, 0.235294119
vb0[147]+000 TANGENT: 0.243137255, 0.698039234, 0.274509817, 0.235294119

vb0[148]+000 POSITION: -0.166625977, 1.06835938, 0.195068359, 1
vb0[148]+000 NORMAL: 0.333333343, 0.694117665, 0.274509817, 0.235294119
vb0[148]+000 COLOR: 0.333333343, 0.694117665, 0.274509817, 0.235294119
vb0[148]+012 TEXCOORD: 0.362548828, 0.150024414
vb0[148]+000 TEXCOORD1: 0.333333343, 0.694117665, 0.274509817, 0.235294119
vb0[148]+000 TEXCOORD2: 0.333333343, 0.694117665, 0.274509817, 0.235294119
vb0[148]+000 TEXCOORD3: 0.333333343, 0.694117665, 0.274509817, 0.235294119
vb0[148]+000 TANGENT: 0.333333343, 0.694117665, 0.274509817, 0.235294119

vb0[149]+000 POSITION: -0.134033203, 1.06835938, 0.21875, 1
vb0[149]+000 NORMAL: 0.290196091, 0.690196097, 0.274509817, 0.235294119
vb0[149]+000 COLOR: 0.290196091, 0.690196097, 0.274509817, 0.235294119
vb0[149]+012 TEXCOORD: 0.337402344, 0.150024414
vb0[149]+000 TEXCOORD1: 0.290196091, 0.690196097, 0.274509817, 0.235294119
vb0[149]+000 TEXCOORD2: 0.290196091, 0.690196097, 0.274509817, 0.235294119
vb0[149]+000 TEXCOORD3: 0.290196091, 0.690196097, 0.274509817, 0.235294119
vb0[149]+000 TANGENT: 0.290196091, 0.690196097, 0.274509817, 0.235294119

vb0[150]+000 POSITION: -0.0981445313, 1.06835938, 0.237060547, 1
vb0[150]+000 NORMAL: 0.282352954, 0.68235296, 0.274509817, 0.235294119
vb0[150]+000 COLOR: 0.282352954, 0.68235296, 0.274509817, 0.235294119
vb0[150]+012 TEXCOORD: 0.3125, 0.150024414
vb0[150]+000 TEXCOORD1: 0.282352954, 0.68235296, 0.274509817, 0.235294119
vb0[150]+000 TEXCOORD2: 0.282352954, 0.68235296, 0.274509817, 0.235294119
vb0[150]+000 TEXCOORD3: 0.282352954, 0.68235296, 0.274509817, 0.235294119
vb0[150]+000 TANGENT: 0.282352954, 0.68235296, 0.274509817, 0.235294119

vb0[151]+000 POSITION: -0.0598754883, 1.06835938, 0.249389648, 1
vb0[151]+000 NORMAL: 0.666666687, 0.670588255, 0.274509817, 0.235294119
vb0[151]+000 COLOR: 0.666666687, 0.670588255, 0.274509817, 0.235294119
vb0[151]+012 TEXCOORD: 0.287597656, 0.150024414
vb0[151]+000 TEXCOORD1: 0.666666687, 0.670588255, 0.274509817, 0.235294119
vb0[151]+000 TEXCOORD2: 0.666666687, 0.670588255, 0.274509817, 0.235294119
vb0[151]+000 TEXCOORD3: 0.666666687, 0.670588255, 0.274509817, 0.235294119
vb0[151]+000 TANGENT: 0.666666687, 0.670588255, 0.274509817, 0.235294119

vb0[152]+000 POSITION: -0.0201263428, 1.06835938, 0.255859375, 1
vb0[152]+000 NORMAL: 0.152941182, 0.647058845, 0.274509817, 0.235294119
vb0[152]+000 COLOR: 0.152941182, 0.647058845, 0.274509817, 0.235294119
vb0[152]+012 TEXCOORD: 0.262451172, 0.150024414
vb0[152]+000 TEXCOORD1: 0.152941182, 0.647058845, 0.274509817, 0.235294119
vb0[152]+000 TEXCOORD2: 0.152941182, 0.647058845, 0.274509817, 0.235294119
vb0[152]+000 TEXCOORD3: 0.152941182, 0.647058845, 0.274509817, 0.235294119
vb0[152]+000 TANGENT: 0.152941182, 0.647058845, 0.274509817, 0.235294119

vb0[153]+000 POSITION: 0.0201263428, 1.06835938, 0.255859375, 1
vb0[153]+000 NORMAL: 0.152941182, 0.145098045, 0.274509817, 0.235294119
vb0[153]+000 COLOR: 0.152941182, 0.145098045, 0.274509817, 0.235294119
vb0[153]+012 TEXCOORD: 0.237548828, 0.150024414
vb0[153]+000 TEXCOORD1: 0.152941182, 0.145098045, 0.274509817, 0.235294119
vb0[153]+000 TEXCOORD2: 0.152941182, 0.145098045, 0.274509817, 0.235294119
vb0[153]+000 TEXCOORD3: 0.152941182, 0.145098045, 0.274509817, 0.235294119
vb0[153]+000 TANGENT: 0.152941182, 0.145098045, 0.274509817, 0.235294119

vb0[154]+000 POSITION: 0.0598754883, 1.06835938, 0.249389648, 1
vb0[154]+000 NORMAL: 0.666666687, 0.168627456, 0.274509817, 0.235294119
vb0[154]+000 COLOR: 0.666666687, 0.168627456, 0.274509817, 0.235294119
vb0[154]+012 TEXCOORD: 0.212524414, 0.150024414
vb0[154]+000 TEXCOORD1: 0.666666687, 0.168627456, 0.274509817, 0.235294119
vb0[154]+000 TEXCOORD2: 0.666666687, 0.168627456, 0.274509817, 0.235294119
vb0[154]+000 TEXCOORD3: 0.666666687, 0.168627456, 0.274509817, 0.235294119
vb0[154]+000 TANGENT: 0.666666687, 0.168627456, 0.274509817, 0.235294119

vb0[155]+000 POSITION: 0.0981445313, 1.06835938, 0.237060547, 1
vb0[155]+000 NORMAL: 0.282352954, 0.180392161, 0.274509817, 0.235294119
vb0[155]+000 COLOR: 0.282352954, 0.180392161, 0.274509817, 0.235294119
vb0[155]+012 TEXCOORD: 0.1875, 0.150024414
vb0[155]+000 TEXCOORD1: 0.282352954, 0.180392161, 0.274509817, 0.235294119
vb0[155]+000 TEXCOORD2: 0.282352954, 0.180392161, 0.274509817, 0.235294119
vb0[155]+000 TEXCOORD3: 0.282352954, 0.180392161, 0.274509817, 0.235294119
vb0[155]+000 TANGENT: 0.282352954, 0.180392161, 0.274509817, 0.235294119

vb0[156]+000 POSITION: 0.134033203, 1.06835938, 0.21875, 1
vb0[156]+000 NORMAL: 0.290196091, 0.188235298, 0.274509817, 0.235294119
vb0[156]+000 COLOR: 0.290196091, 0.188235298, 0.274509817, 0.235294119
vb0[156]+012 TEXCOORD: 0.162475586, 0.150024414
vb0[156]+000 TEXCOORD1: 0.290196091, 0.188235298, 0.274509817, 0.235294119
vb0[156]+000 TEXCOORD2: 0.290196091, 0.188235298, 0.274509817, 0.235294119
vb0[156]+000 TEXCOORD3: 0.290196091, 0.188235298, 0.274509817, 0.235294119
vb0[156]+000 TANGENT: 0.290196091, 0.188235298, 0.274509817, 0.235294119

vb0[157]+000 POSITION: 0.166625977, 1.06835938, 0.195068359, 1
vb0[157]+000 NORMAL: 0.333333343, 0.192156866, 0.274509817, 0.235294119
vb0[157]+000 COLOR: 0.333333343, 0.192156866, 0.274509817, 0.235294119
vb0[157]+012 TEXCOORD: 0.137451172, 0.150024414
vb0[157]+000 TEXCOORD1: 0.333333343, 0.192156866, 0.274509817, 0.235294119
vb0[157]+000 TEXCOORD2: 0.333333343, 0.192156866, 0.274509817, 0.235294119
vb0[157]+000 TEXCOORD3: 0.333333343, 0.192156866, 0.274509817, 0.235294119
vb0[157]+000 TANGENT: 0.333333343, 0.192156866, 0.274509817, 0.235294119

vb0[158]+000 POSITION: 0.195068359, 1.06835938, 0.166625977, 1
vb0[158]+000 NORMAL: 0.243137255, 0.196078435, 0.274509817, 0.235294119
vb0[158]+000 COLOR: 0.243137255, 0.196078435, 0.274509817, 0.235294119
vb0[158]+012 TEXCOORD: 0.112487793, 0.150024414
vb0[158]+000 TEXCOORD1: 0.243137255, 0.196078435, 0.274509817, 0.235294119
vb0[158]+000 TEXCOORD2: 0.243137255, 0.196078435, 0.274509817, 0.235294119
vb0[158]+000 TEXCOORD3: 0.243137255, 0.196078435, 0.274509817, 0.235294119
vb0[158]+000 TANGENT: 0.243137255, 0.196078435, 0.274509817, 0.235294119

vb0[159]+000 POSITION: 0.21875, 1.06835938, 0.134033203, 1
vb0[159]+000 NORMAL: 0, 0.200000003, 0.274509817, 0.235294119
vb0[159]+000 COLOR: 0, 0.200000003, 0.274509817, 0.235294119
vb0[159]+012 TEXCOORD: 0.0875244141, 0.150024414
vb0[159]+000 TEXCOORD1: 0, 0.200000003, 0.274509817, 0.235294119
vb0[159]+000 TEXCOORD2: 0, 0.200000003, 0.274509817, 0.235294119
vb0[159]+000 TEXCOORD3: 0, 0.200000003, 0.274509817, 0.235294119
vb0[159]+000 TANGENT: 0, 0.200000003, 0.274509817, 0.235294119

vb0[160]+000 POSITION: 0.237060547, 1.06835938, 0.0981445313, 1
vb0[160]+000 NORMAL: 0.588235319, 0.200000003, 0.274509817, 0.235294119
vb0[160]+000 COLOR: 0.588235319, 0.200000003, 0.274509817, 0.235294119
vb0[160]+012 TEXCOORD: 0.0625, 0.150024414
vb0[160]+000 TEXCOORD1: 0.588235319, 0.200000003, 0.274509817, 0.235294119
vb0[160]+000 TEXCOORD2: 0.588235319, 0.200000003, 0.274509817, 0.235294119
vb0[160]+000 TEXCOORD3: 0.588235319, 0.200000003, 0.274509817, 0.235294119
vb0[160]+000 TANGENT: 0.588235319, 0.200000003, 0.274509817, 0.235294119

vb0[161]+000 POSITION: 0.249389648, 1.06835938, 0.0598754883, 1
vb0[161]+000 NORMAL: 0.984313726, 0.200000003, 0.274509817, 0.235294119
vb0[161]+000 COLOR: 0.984313726, 0.200000003, 0.274509817, 0.235294119
vb0[161]+012 TEXCOORD: 0.0375061035, 0.150024414
vb0[161]+000 TEXCOORD1: 0.984313726, 0.200000003, 0.274509817, 0.235294119
vb0[161]+000 TEXCOORD2: 0.984313726, 0.200000003, 0.274509817, 0.235294119
vb0[161]+000 TEXCOORD3: 0.984313726, 0.200000003, 0.274509817, 0.235294119
vb0[161]+000 TANGENT: 0.984313726, 0.200000003, 0.274509817, 0.235294119

vb0[162]+000 POSITION: 0.255859375, 1.06835938, 0.0201263428, 1
vb0[162]+000 NORMAL: 0.0941176489, 0.203921571, 0.274509817, 0.235294119
vb0[162]+000 COLOR: 0.0941176489, 0.203921571, 0.274509817, 0.235294119
vb0[162]+012 TEXCOORD: 0.0124969482, 0.150024414
vb0[162]+000 TEXCOORD1: 0.0941176489, 0.203921571, 0.274509817, 0.235294119
vb0[162]+000 TEXCOORD2: 0.0941176489, 0.203921571, 0.274509817, 0.235294119
vb0[162]+000 TEXCOORD3: 0.0941176489, 0.203921571, 0.274509817, 0.235294119
vb0[162]+000 TANGENT: 0.0941176489, 0.203921571, 0.274509817, 0.235294119

vb0[163]+000 POSITION: 0.255859375, 1.06835938, -0.0201263428, 1
vb0[163]+000 NORMAL: 0.0941176489, 0.203921571, 0.274509817, 0.235294119
vb0[163]+000 COLOR: 0.0941176489, 0.203921571, 0.274509817, 0.235294119
vb0[163]+012 TEXCOORD: -0.0124969482, 0.150024414
vb0[163]+000 TEXCOORD1: 0.0941176489, 0.203921571, 0.274509817, 0.235294119
vb0[163]+000 TEXCOORD2: 0.0941176489, 0.203921571, 0.274509817, 0.235294119
vb0[163]+000 TEXCOORD3: 0.0941176489, 0.203921571, 0.274509817, 0.235294119
vb0[163]+000 TANGENT: 0.0941176489, 0.203921571, 0.274509817, 0.235294119

vb0[164]+000 POSITION: 0.249389648, 1.06835938, -0.0598754883, 1
vb0[164]+000 NORMAL: 0.984313726, 0.200000003, 0.274509817, 0.235294119
vb0[164]+000 COLOR: 0.984313726, 0.200000003, 0.274509817, 0.235294119
vb0[164]+012 TEXCOORD: -0.0375061035, 0.150024414
vb0[164]+000 TEXCOORD1: 0.984313726, 0.200000003, 0.274509817, 0.235294119
vb0[164]+000 TEXCOORD2: 0.984313726, 0.200000003, 0.274509817, 0.235294119
vb0[164]+000 TEXCOORD3: 0.984313726, 0.200000003, 0.274509817, 0.235294119
vb0[164]+000 TANGENT: 0.984313726, 0.200000003, 0.274509817, 0.235294119

vb0[165]+000 POSITION: 0.335449219, 1.04492188, -0.0531311035, 1
vb0[165]+000 NORMAL: 0.368627459, 0.20784314, 0.180392161, 0.235294119
vb0[165]+000 COLOR: 0.368627459, 0.20784314, 0.180392161, 0.235294119
vb0[165]+012 TEXCOORD: -0.0249938965, 0.199951172
vb0[165]+000 TEXCOORD1: 0.368627459, 0.20784314, 0.180392161, 0.235294119
vb0[165]+000 TEXCOORD2: 0.368627459, 0.20784314, 0.180392161, 0.235294119
vb0[165]+000 TEXCOORD3: 0.368627459, 0.20784314, 0.180392161, 0.235294119
vb0[165]+000 TANGENT: 0.368627459, 0.20784314, 0.180392161, 0.235294119

vb0[166]+000 POSITION: 0.322998047, 1.04492188, -0.104919434, 1
vb0[166]+000 NORMAL: 0.168627456, 0.20784314, 0.180392161, 0.235294119
vb0[166]+000 COLOR: 0.168627456, 0.20784314, 0.180392161, 0.235294119
vb0[166]+012 TEXCOORD: -0.049987793, 0.199951172
vb0[166]+000 TEXCOORD1: 0.168627456, 0.20784314, 0.180392161, 0.235294119
vb0[166]+000 TEXCOORD2: 0.168627456, 0.20784314, 0.180392161, 0.235294119
vb0[166]+000 TEXCOORD3: 0.168627456, 0.20784314, 0.180392161, 0.235294119
vb0[166]+000 TANGENT: 0.168627456, 0.20784314, 0.180392161, 0.235294119

vb0[167]+000 POSITION: 0.339599609, 1.04492188, 0, 1
vb0[167]+000 NORMAL: 0.435294122, 0.20784314, 0.180392161, 0.235294119
vb0[167]+000 COLOR: 0.435294122, 0.20784314, 0.180392161, 0.235294119
vb0[167]+012 TEXCOORD: 0, 0.199951172
vb0[167]+000 TEXCOORD1: 0.435294122, 0.20784314, 0.180392161, 0.235294119
vb0[167]+000 TEXCOORD2: 0.435294122, 0.20784314, 0.180392161, 0.235294119
vb0[167]+000 TEXCOORD3: 0.435294122, 0.20784314, 0.180392161, 0.235294119
vb0[167]+000 TANGENT: 0.435294122, 0.20784314, 0.180392161, 0.235294119

vb0[168]+000 POSITION: 0.335449219, 1.04492188, 0.0531311035, 1
vb0[168]+000 NORMAL: 0.368627459, 0.20784314, 0.180392161, 0.235294119
vb0[168]+000 COLOR: 0.368627459, 0.20784314, 0.180392161, 0.235294119
vb0[168]+012 TEXCOORD: 0.0249938965, 0.199951172
vb0[168]+000 TEXCOORD1: 0.368627459, 0.20784314, 0.180392161, 0.235294119
vb0[168]+000 TEXCOORD2: 0.368627459, 0.20784314, 0.180392161, 0.235294119
vb0[168]+000 TEXCOORD3: 0.368627459, 0.20784314, 0.180392161, 0.235294119
vb0[168]+000 TANGENT: 0.368627459, 0.20784314, 0.180392161, 0.235294119

vb0[169]+000 POSITION: 0.322998047, 1.04492188, 0.104919434, 1
vb0[169]+000 NORMAL: 0.168627456, 0.20784314, 0.180392161, 0.235294119
vb0[169]+000 COLOR: 0.168627456, 0.20784314, 0.180392161, 0.235294119
vb0[169]+012 TEXCOORD: 0.049987793, 0.199951172
vb0[169]+000 TEXCOORD1: 0.168627456, 0.20784314, 0.180392161, 0.235294119
vb0[169]+000 TEXCOORD2: 0.168627456, 0.20784314, 0.180392161, 0.235294119
vb0[169]+000 TEXCOORD3: 0.168627456, 0.20784314, 0.180392161, 0.235294119
vb0[169]+000 TANGENT: 0.168627456, 0.20784314, 0.180392161, 0.235294119

vb0[170]+000 POSITION: 0.302490234, 1.04492188, 0.154174805, 1
vb0[170]+000 NORMAL: 0.843137264, 0.203921571, 0.180392161, 0.235294119
vb0[170]+000 COLOR: 0.843137264, 0.203921571, 0.180392161, 0.235294119
vb0[170]+012 TEXCOORD: 0.075012207, 0.199951172
vb0[170]+000 TEXCOORD1: 0.843137264, 0.203921571, 0.180392161, 0.235294119
vb0[170]+000 TEXCOORD2: 0.843137264, 0.203921571, 0.180392161, 0.235294119
vb0[170]+000 TEXCOORD3: 0.843137264, 0.203921571, 0.180392161, 0.235294119
vb0[170]+000 TANGENT: 0.843137264, 0.203921571, 0.180392161, 0.235294119

vb0[171]+000 POSITION: 0.274658203, 1.04492188, 0.199584961, 1
vb0[171]+000 NORMAL: 0.396078438, 0.203921571, 0.180392161, 0.235294119
vb0[171]+000 COLOR: 0.396078438, 0.203921571, 0.180392161, 0.235294119
vb0[171]+012 TEXCOORD: 0.0999755859, 0.199951172
vb0[171]+000 TEXCOORD1: 0.396078438, 0.203921571, 0.180392161, 0.235294119
vb0[171]+000 TEXCOORD2: 0.396078438, 0.203921571, 0.180392161, 0.235294119
vb0[171]+000 TEXCOORD3: 0.396078438, 0.203921571, 0.180392161, 0.235294119
vb0[171]+000 TANGENT: 0.396078438, 0.203921571, 0.180392161, 0.235294119

vb0[172]+000 POSITION: 0.240112305, 1.04492188, 0.240112305, 1
vb0[172]+000 NORMAL: 0.686274529, 0.200000003, 0.180392161, 0.235294119
vb0[172]+000 COLOR: 0.686274529, 0.200000003, 0.180392161, 0.235294119
vb0[172]+012 TEXCOORD: 0.125, 0.199951172
vb0[172]+000 TEXCOORD1: 0.686274529, 0.200000003, 0.180392161, 0.235294119
vb0[172]+000 TEXCOORD2: 0.686274529, 0.200000003, 0.180392161, 0.235294119
vb0[172]+000 TEXCOORD3: 0.686274529, 0.200000003, 0.180392161, 0.235294119
vb0[172]+000 TANGENT: 0.686274529, 0.200000003, 0.180392161, 0.235294119

vb0[173]+000 POSITION: 0.199584961, 1.04492188, 0.274658203, 1
vb0[173]+000 NORMAL: 0.388235301, 0.196078435, 0.180392161, 0.235294119
vb0[173]+000 COLOR: 0.388235301, 0.196078435, 0.180392161, 0.235294119
vb0[173]+012 TEXCOORD: 0.150024414, 0.199951172
vb0[173]+000 TEXCOORD1: 0.388235301, 0.196078435, 0.180392161, 0.235294119
vb0[173]+000 TEXCOORD2: 0.388235301, 0.196078435, 0.180392161, 0.235294119
vb0[173]+000 TEXCOORD3: 0.388235301, 0.196078435, 0.180392161, 0.235294119
vb0[173]+000 TANGENT: 0.388235301, 0.196078435, 0.180392161, 0.235294119

vb0[174]+000 POSITION: 0.154174805, 1.04492188, 0.302490234, 1
vb0[174]+000 NORMAL: 0.937254906, 0.188235298, 0.180392161, 0.235294119
vb0[174]+000 COLOR: 0.937254906, 0.188235298, 0.180392161, 0.235294119
vb0[174]+012 TEXCOORD: 0.175048828, 0.199951172
vb0[174]+000 TEXCOORD1: 0.937254906, 0.188235298, 0.180392161, 0.235294119
vb0[174]+000 TEXCOORD2: 0.937254906, 0.188235298, 0.180392161, 0.235294119
vb0[174]+000 TEXCOORD3: 0.937254906, 0.188235298, 0.180392161, 0.235294119
vb0[174]+000 TANGENT: 0.937254906, 0.188235298, 0.180392161, 0.235294119

vb0[175]+000 POSITION: 0.104919434, 1.04492188, 0.322998047, 1
vb0[175]+000 NORMAL: 0.717647076, 0.180392161, 0.180392161, 0.235294119
vb0[175]+000 COLOR: 0.717647076, 0.180392161, 0.180392161, 0.235294119
vb0[175]+012 TEXCOORD: 0.199951172, 0.199951172
vb0[175]+000 TEXCOORD1: 0.717647076, 0.180392161, 0.180392161, 0.235294119
vb0[175]+000 TEXCOORD2: 0.717647076, 0.180392161, 0.180392161, 0.235294119
vb0[175]+000 TEXCOORD3: 0.717647076, 0.180392161, 0.180392161, 0.235294119
vb0[175]+000 TANGENT: 0.717647076, 0.180392161, 0.180392161, 0.235294119

vb0[176]+000 POSITION: 0.0531311035, 1.04492188, 0.335449219, 1
vb0[176]+000 NORMAL: 0.80392158, 0.164705887, 0.180392161, 0.235294119
vb0[176]+000 COLOR: 0.80392158, 0.164705887, 0.180392161, 0.235294119
vb0[176]+012 TEXCOORD: 0.224975586, 0.199951172
vb0[176]+000 TEXCOORD1: 0.80392158, 0.164705887, 0.180392161, 0.235294119
vb0[176]+000 TEXCOORD2: 0.80392158, 0.164705887, 0.180392161, 0.235294119
vb0[176]+000 TEXCOORD3: 0.80392158, 0.164705887, 0.180392161, 0.235294119
vb0[176]+000 TANGENT: 0.80392158, 0.164705887, 0.180392161, 0.235294119

vb0[177]+000 POSITION: -0, 1.04492188, 0.339599609, 1
vb0[177]+000 NORMAL: 0, 0.501960814, 0.180392161, 0.235294119
vb0[177]+000 COLOR: 0, 0.501960814, 0.180392161, 0.235294119
vb0[177]+012 TEXCOORD: 0.25, 0.199951172
vb0[177]+000 TEXCOORD1: 0, 0.501960814, 0.180392161, 0.235294119
vb0[177]+000 TEXCOORD2: 0, 0.501960814, 0.180392161, 0.235294119
vb0[177]+000 TEXCOORD3: 0, 0.501960814, 0.180392161, 0.235294119
vb0[177]+000 TANGENT: 0, 0.501960814, 0.180392161, 0.235294119

vb0[178]+000 POSITION: -0.0531311035, 1.04492188, 0.335449219, 1
vb0[178]+000 NORMAL: 0.80392158, 0.666666687, 0.180392161, 0.235294119
vb0[178]+000 COLOR: 0.80392158, 0.666666687, 0.180392161, 0.235294119
vb0[178]+012 TEXCOORD: 0.274902344, 0.199951172
vb0[178]+000 TEXCOORD1: 0.80392158, 0.666666687, 0.180392161, 0.235294119
vb0[178]+000 TEXCOORD2: 0.80392158, 0.666666687, 0.180392161, 0.235294119
vb0[178]+000 TEXCOORD3: 0.80392158, 0.666666687, 0.180392161, 0.235294119
vb0[178]+000 TANGENT: 0.80392158, 0.666666687, 0.180392161, 0.235294119

vb0[179]+000 POSITION: -0.104919434, 1.04492188, 0.322998047, 1
vb0[179]+000 NORMAL: 0.717647076, 0.68235296, 0.180392161, 0.235294119
vb0[179]+000 COLOR: 0.717647076, 0.68235296, 0.180392161, 0.235294119
vb0[179]+012 TEXCOORD: 0.300048828, 0.199951172
vb0[179]+000 TEXCOORD1: 0.717647076, 0.68235296, 0.180392161, 0.235294119
vb0[179]+000 TEXCOORD2: 0.717647076, 0.68235296, 0.180392161, 0.235294119
vb0[179]+000 TEXCOORD3: 0.717647076, 0.68235296, 0.180392161, 0.235294119
vb0[179]+000 TANGENT: 0.717647076, 0.68235296, 0.180392161, 0.235294119

vb0[180]+000 POSITION: -0.154174805, 1.04492188, 0.302490234, 1
vb0[180]+000 NORMAL: 0.937254906, 0.690196097, 0.180392161, 0.235294119
vb0[180]+000 COLOR: 0.937254906, 0.690196097, 0.180392161, 0.235294119
vb0[180]+012 TEXCOORD: 0.324951172, 0.199951172
vb0[180]+000 TEXCOORD1: 0.937254906, 0.690196097, 0.180392161, 0.235294119
vb0[180]+000 TEXCOORD2: 0.937254906, 0.690196097, 0.180392161, 0.235294119
vb0[180]+000 TEXCOORD3: 0.937254906, 0.690196097, 0.180392161, 0.235294119
vb0[180]+000 TANGENT: 0.937254906, 0.690196097, 0.180392161, 0.235294119

vb0[181]+000 POSITION: -0.199584961, 1.04492188, 0.274658203, 1
vb0[181]+000 NORMAL: 0.388235301, 0.698039234, 0.180392161, 0.235294119
vb0[181]+000 COLOR: 0.388235301, 0.698039234, 0.180392161, 0.235294119
vb0[181]+012 TEXCOORD: 0.350097656, 0.199951172
vb0[181]+000 TEXCOORD1: 0.388235301, 0.698039234, 0.180392161, 0.235294119
vb0[181]+000 TEXCOORD2: 0.388235301, 0.698039234, 0.180392161, 0.235294119
vb0[181]+000 TEXCOORD3: 0.388235301, 0.698039234, 0.180392161, 0.235294119
vb0[181]+000 TANGENT: 0.388235301, 0.698039234, 0.180392161, 0.235294119

vb0[182]+000 POSITION: -0.240112305, 1.04492188, 0.240112305, 1
vb0[182]+000 NORMAL: 0.686274529, 0.701960802, 0.180392161, 0.235294119
vb0[182]+000 COLOR: 0.686274529, 0.701960802, 0.180392161, 0.235294119
vb0[182]+012 TEXCOORD: 0.375, 0.199951172
vb0[182]+000 TEXCOORD1: 0.686274529, 0.701960802, 0.180392161, 0.235294119
vb0[182]+000 TEXCOORD2: 0.686274529, 0.701960802, 0.180392161, 0.235294119
vb0[182]+000 TEXCOORD3: 0.686274529, 0.701960802, 0.180392161, 0.235294119
vb0[182]+000 TANGENT: 0.686274529, 0.701960802, 0.180392161, 0.235294119

vb0[183]+000 POSITION: -0.274658203, 1.04492188, 0.199584961, 1
vb0[183]+000 NORMAL: 0.396078438, 0.70588237, 0.180392161, 0.235294119
vb0[183]+000 COLOR: 0.396078438, 0.70588237, 0.180392161, 0.235294119
vb0[183]+012 TEXCOORD: 0.399902344, 0.199951172
vb0[183]+000 TEXCOORD1: 0.396078438, 0.70588237, 0.180392161, 0.235294119
vb0[183]+000 TEXCOORD2: 0.396078438, 0.70588237, 0.180392161, 0.235294119
vb0[183]+000 TEXCOORD3: 0.396078438, 0.70588237, 0.180392161, 0.235294119
vb0[183]+000 TANGENT: 0.396078438, 0.70588237, 0.180392161, 0.235294119

vb0[184]+000 POSITION: -0.302490234, 1.04492188, 0.154174805, 1
vb0[184]+000 NORMAL: 0.843137264, 0.70588237, 0.180392161, 0.235294119
vb0[184]+000 COLOR: 0.843137264, 0.70588237, 0.180392161, 0.235294119
vb0[184]+012 TEXCOORD: 0.425048828, 0.199951172
vb0[184]+000 TEXCOORD1: 0.843137264, 0.70588237, 0.180392161, 0.235294119
vb0[184]+000 TEXCOORD2: 0.843137264, 0.70588237, 0.180392161, 0.235294119
vb0[184]+000 TEXCOORD3: 0.843137264, 0.70588237, 0.180392161, 0.235294119
vb0[184]+000 TANGENT: 0.843137264, 0.70588237, 0.180392161, 0.235294119

vb0[185]+000 POSITION: -0.322998047, 1.04492188, 0.104919434, 1
vb0[185]+000 NORMAL: 0.168627456, 0.709803939, 0.180392161, 0.235294119
vb0[185]+000 COLOR: 0.168627456, 0.709803939, 0.180392161, 0.235294119
vb0[185]+012 TEXCOORD: 0.449951172, 0.199951172
vb0[185]+000 TEXCOORD1: 0.168627456, 0.709803939, 0.180392161, 0.235294119
vb0[185]+000 TEXCOORD2: 0.168627456, 0.709803939, 0.180392161, 0.235294119
vb0[185]+000 TEXCOORD3: 0.168627456, 0.709803939, 0.180392161, 0.235294119
vb0[185]+000 TANGENT: 0.168627456, 0.709803939, 0.180392161, 0.235294119

vb0[186]+000 POSITION: -0.335449219, 1.04492188, 0.0531311035, 1
vb0[186]+000 NORMAL: 0.368627459, 0.709803939, 0.180392161, 0.235294119
vb0[186]+000 COLOR: 0.368627459, 0.709803939, 0.180392161, 0.235294119
vb0[186]+012 TEXCOORD: 0.475097656, 0.199951172
vb0[186]+000 TEXCOORD1: 0.368627459, 0.709803939, 0.180392161, 0.235294119
vb0[186]+000 TEXCOORD2: 0.368627459, 0.709803939, 0.180392161, 0.235294119
vb0[186]+000 TEXCOORD3: 0.368627459, 0.709803939, 0.180392161, 0.235294119
vb0[186]+000 TANGENT: 0.368627459, 0.709803939, 0.180392161, 0.235294119

vb0[187]+000 POSITION: -0.339599609, 1.04492188, -0, 1
vb0[187]+000 NORMAL: 0.435294122, 0.709803939, 0.180392161, 0.235294119
vb0[187]+000 COLOR: 0.435294122, 0.709803939, 0.180392161, 0.235294119
vb0[187]+012 TEXCOORD: 0.5, 0.199951172
vb0[187]+000 TEXCOORD1: 0.435294122, 0.709803939, 0.180392161, 0.235294119
vb0[187]+000 TEXCOORD2: 0.435294122, 0.709803939, 0.180392161, 0.235294119
vb0[187]+000 TEXCOORD3: 0.435294122, 0.709803939, 0.180392161, 0.235294119
vb0[187]+000 TANGENT: 0.435294122, 0.709803939, 0.180392161, 0.235294119

vb0[188]+000 POSITION: -0.335449219, 1.04492188, -0.0531311035, 1
vb0[188]+000 NORMAL: 0.368627459, 0.709803939, 0.180392161, 0.235294119
vb0[188]+000 COLOR: 0.368627459, 0.709803939, 0.180392161, 0.235294119
vb0[188]+012 TEXCOORD: 0.524902344, 0.199951172
vb0[188]+000 TEXCOORD1: 0.368627459, 0.709803939, 0.180392161, 0.235294119
vb0[188]+000 TEXCOORD2: 0.368627459, 0.709803939, 0.180392161, 0.235294119
vb0[188]+000 TEXCOORD3: 0.368627459, 0.709803939, 0.180392161, 0.235294119
vb0[188]+000 TANGENT: 0.368627459, 0.709803939, 0.180392161, 0.235294119

vb0[189]+000 POSITION: -0.322998047, 1.04492188, -0.104919434, 1
vb0[189]+000 NORMAL: 0.168627456, 0.709803939, 0.180392161, 0.235294119
vb0[189]+000 COLOR: 0.168627456, 0.709803939, 0.180392161, 0.235294119
vb0[189]+012 TEXCOORD: 0.549804688, 0.199951172
vb0[189]+000 TEXCOORD1: 0.168627456, 0.709803939, 0.180392161, 0.235294119
vb0[189]+000 TEXCOORD2: 0.168627456, 0.709803939, 0.180392161, 0.235294119
vb0[189]+000 TEXCOORD3: 0.168627456, 0.709803939, 0.180392161, 0.235294119
vb0[189]+000 TANGENT: 0.168627456, 0.709803939, 0.180392161, 0.235294119

vb0[190]+000 POSITION: -0.302490234, 1.04492188, -0.154174805, 1
vb0[190]+000 NORMAL: 0.843137264, 0.70588237, 0.180392161, 0.235294119
vb0[190]+000 COLOR: 0.843137264, 0.70588237, 0.180392161, 0.235294119
vb0[190]+012 TEXCOORD: 0.575195313, 0.199951172
vb0[190]+000 TEXCOORD1: 0.843137264, 0.70588237, 0.180392161, 0.235294119
vb0[190]+000 TEXCOORD2: 0.843137264, 0.70588237, 0.180392161, 0.235294119
vb0[190]+000 TEXCOORD3: 0.843137264, 0.70588237, 0.180392161, 0.235294119
vb0[190]+000 TANGENT: 0.843137264, 0.70588237, 0.180392161, 0.235294119

vb0[191]+000 POSITION: -0.274658203, 1.04492188, -0.199584961, 1
vb0[191]+000 NORMAL: 0.396078438, 0.70588237, 0.180392161, 0.235294119
vb0[191]+000 COLOR: 0.396078438, 0.70588237, 0.180392161, 0.235294119
vb0[191]+012 TEXCOORD: 0.600097656, 0.199951172
vb0[191]+000 TEXCOORD1: 0.396078438, 0.70588237, 0.180392161, 0.235294119
vb0[191]+000 TEXCOORD2: 0.396078438, 0.70588237, 0.180392161, 0.235294119
vb0[191]+000 TEXCOORD3: 0.396078438, 0.70588237, 0.180392161, 0.235294119
vb0[191]+000 TANGENT: 0.396078438, 0.70588237, 0.180392161, 0.235294119

vb0[192]+000 POSITION: -0.240112305, 1.04492188, -0.240112305, 1
vb0[192]+000 NORMAL: 0.686274529, 0.701960802, 0.180392161, 0.235294119
vb0[192]+000 COLOR: 0.686274529, 0.701960802, 0.180392161, 0.235294119
vb0[192]+012 TEXCOORD: 0.625, 0.199951172
vb0[192]+000 TEXCOORD1: 0.686274529, 0.701960802, 0.180392161, 0.235294119
vb0[192]+000 TEXCOORD2: 0.686274529, 0.701960802, 0.180392161, 0.235294119
vb0[192]+000 TEXCOORD3: 0.686274529, 0.701960802, 0.180392161, 0.235294119
vb0[192]+000 TANGENT: 0.686274529, 0.701960802, 0.180392161, 0.235294119

vb0[193]+000 POSITION: -0.199584961, 1.04492188, -0.274658203, 1
vb0[193]+000 NORMAL: 0.388235301, 0.698039234, 0.180392161, 0.235294119
vb0[193]+000 COLOR: 0.388235301, 0.698039234, 0.180392161, 0.235294119
vb0[193]+012 TEXCOORD: 0.649902344, 0.199951172
vb0[193]+000 TEXCOORD1: 0.388235301, 0.698039234, 0.180392161, 0.235294119
vb0[193]+000 TEXCOORD2: 0.388235301, 0.698039234, 0.180392161, 0.235294119
vb0[193]+000 TEXCOORD3: 0.388235301, 0.698039234, 0.180392161, 0.235294119
vb0[193]+000 TANGENT: 0.388235301, 0.698039234, 0.180392161, 0.235294119

vb0[194]+000 POSITION: -0.154174805, 1.04492188, -0.302490234, 1
vb0[194]+000 NORMAL: 0.937254906, 0.690196097, 0.180392161, 0.235294119
vb0[194]+000 COLOR: 0.937254906, 0.690196097, 0.180392161, 0.235294119
vb0[194]+012 TEXCOORD: 0.674804688, 0.199951172
vb0[194]+000 TEXCOORD1: 0.937254906, 0.690196097, 0.180392161, 0.235294119
vb0[194]+000 TEXCOORD2: 0.937254906, 0.690196097, 0.180392161, 0.235294119
vb0[194]+000 TEXCOORD3: 0.937254906, 0.690196097, 0.180392161, 0.235294119
vb0[194]+000 TANGENT: 0.937254906, 0.690196097, 0.180392161, 0.235294119

vb0[195]+000 POSITION: -0.104919434, 1.04492188, -0.322998047, 1
vb0[195]+000 NORMAL: 0.717647076, 0.68235296, 0.180392161, 0.235294119
vb0[195]+000 COLOR: 0.717647076, 0.68235296, 0.180392161, 0.235294119
vb0[195]+012 TEXCOORD: 0.700195313, 0.199951172
vb0[195]+000 TEXCOORD1: 0.717647076, 0.68235296, 0.180392161, 0.235294119
vb0[195]+000 TEXCOORD2: 0.717647076, 0.68235296, 0.180392161, 0.235294119
vb0[195]+000 TEXCOORD3: 0.717647076, 0.68235296, 0.180392161, 0.235294119
vb0[195]+000 TANGENT: 0.717647076, 0.68235296, 0.180392161, 0.235294119

vb0[196]+000 POSITION: -0.0531311035, 1.04492188, -0.335449219, 1
vb0[196]+000 NORMAL: 0.80392158, 0.666666687, 0.180392161, 0.235294119
vb0[196]+000 COLOR: 0.80392158, 0.666666687, 0.180392161, 0.235294119
vb0[196]+012 TEXCOORD: 0.725097656, 0.199951172
vb0[196]+000 TEXCOORD1: 0.80392158, 0.666666687, 0.180392161, 0.235294119
vb0[196]+000 TEXCOORD2: 0.80392158, 0.666666687, 0.180392161, 0.235294119
vb0[196]+000 TEXCOORD3: 0.80392158, 0.666666687, 0.180392161, 0.235294119
vb0[196]+000 TANGENT: 0.80392158, 0.666666687, 0.180392161, 0.235294119

vb0[197]+000 POSITION: 0, 1.04492188, -0.339599609, 1
vb0[197]+000 NORMAL: 0, 0, 0.180392161, 0.235294119
vb0[197]+000 COLOR: 0, 0, 0.180392161, 0.235294119
vb0[197]+012 TEXCOORD: 0.75, 0.199951172
vb0[197]+000 TEXCOORD1: 0, 0, 0.180392161, 0.235294119
vb0[197]+000 TEXCOORD2: 0, 0, 0.180392161, 0.235294119
vb0[197]+000 TEXCOORD3: 0, 0, 0.180392161, 0.235294119
vb0[197]+000 TANGENT: 0, 0, 0.180392161, 0.235294119

vb0[198]+000 POSITION: 0.0531311035, 1.04492188, -0.335449219, 1
vb0[198]+000 NORMAL: 0.80392158, 0.164705887, 0.180392161, 0.235294119
vb0[198]+000 COLOR: 0.80392158, 0.164705887, 0.180392161, 0.235294119
vb0[198]+012 TEXCOORD: 0.774902344, 0.199951172
vb0[198]+000 TEXCOORD1: 0.80392158, 0.164705887, 0.180392161, 0.235294119
vb0[198]+000 TEXCOORD2: 0.80392158, 0.164705887, 0.180392161, 0.235294119
vb0[198]+000 TEXCOORD3: 0.80392158, 0.164705887, 0.180392161, 0.235294119
vb0[198]+000 TANGENT: 0.80392158, 0.164705887, 0.180392161, 0.235294119

vb0[199]+000 POSITION: 0.104919434, 1.04492188, -0.322998047, 1
vb0[199]+000 NORMAL: 0.717647076, 0.180392161, 0.180392161, 0.235294119
vb0[199]+000 COLOR: 0.717647076, 0.180392161, 0.180392161, 0.235294119
vb0[199]+012 TEXCOORD: 0.799804688, 0.199951172
vb0[199]+000 TEXCOORD1: 0.717647076, 0.180392161, 0.180392161, 0.235294119
vb0[199]+000 TEXCOORD2: 0.717647076, 0.180392161, 0.180392161, 0.235294119
vb0[199]+000 TEXCOORD3: 0.717647076, 0.180392161, 0.180392161, 0.235294119
vb0[199]+000 TANGENT: 0.717647076, 0.180392161, 0.180392161, 0.235294119

vb0[200]+000 POSITION: 0.154174805, 1.04492188, -0.302490234, 1
vb0[200]+000 NORMAL: 0.937254906, 0.188235298, 0.180392161, 0.235294119
vb0[200]+000 COLOR: 0.937254906, 0.188235298, 0.180392161, 0.235294119
vb0[200]+012 TEXCOORD: 0.825195313, 0.199951172
vb0[200]+000 TEXCOORD1: 0.937254906, 0.188235298, 0.180392161, 0.235294119
vb0[200]+000 TEXCOORD2: 0.937254906, 0.188235298, 0.180392161, 0.235294119
vb0[200]+000 TEXCOORD3: 0.937254906, 0.188235298, 0.180392161, 0.235294119
vb0[200]+000 TANGENT: 0.937254906, 0.188235298, 0.180392161, 0.235294119

vb0[201]+000 POSITION: -0.160888672, 1.015625, -0.388427734, 1
vb0[201]+000 NORMAL: 0.149019614, 0.694117665, 0.0627451017, 0.235294119
vb0[201]+000 COLOR: 0.149019614, 0.694117665, 0.0627451017, 0.235294119
vb0[201]+012 TEXCOORD: 0.6875, 0.25
vb0[201]+000 TEXCOORD1: 0.149019614, 0.694117665, 0.0627451017, 0.235294119
vb0[201]+000 TEXCOORD2: 0.149019614, 0.694117665, 0.0627451017, 0.235294119
vb0[201]+000 TEXCOORD3: 0.149019614, 0.694117665, 0.0627451017, 0.235294119
vb0[201]+000 TANGENT: 0.149019614, 0.694117665, 0.0627451017, 0.235294119

vb0[202]+000 POSITION: -0.219726563, 1.015625, -0.358642578, 1
vb0[202]+000 NORMAL: 0.0313725509, 0.701960802, 0.0627451017, 0.235294119
vb0[202]+000 COLOR: 0.0313725509, 0.701960802, 0.0627451017, 0.235294119
vb0[202]+012 TEXCOORD: 0.662597656, 0.25
vb0[202]+000 TEXCOORD1: 0.0313725509, 0.701960802, 0.0627451017, 0.235294119
vb0[202]+000 TEXCOORD2: 0.0313725509, 0.701960802, 0.0627451017, 0.235294119
vb0[202]+000 TEXCOORD3: 0.0313725509, 0.701960802, 0.0627451017, 0.235294119
vb0[202]+000 TANGENT: 0.0313725509, 0.701960802, 0.0627451017, 0.235294119

vb0[203]+000 POSITION: -0.0981445313, 1.015625, -0.408935547, 1
vb0[203]+000 NORMAL: 0.282352954, 0.68235296, 0.0627451017, 0.235294119
vb0[203]+000 COLOR: 0.282352954, 0.68235296, 0.0627451017, 0.235294119
vb0[203]+012 TEXCOORD: 0.712402344, 0.25
vb0[203]+000 TEXCOORD1: 0.282352954, 0.68235296, 0.0627451017, 0.235294119
vb0[203]+000 TEXCOORD2: 0.282352954, 0.68235296, 0.0627451017, 0.235294119
vb0[203]+000 TEXCOORD3: 0.282352954, 0.68235296, 0.0627451017, 0.235294119
vb0[203]+000 TANGENT: 0.282352954, 0.68235296, 0.0627451017, 0.235294119

vb0[204]+000 POSITION: -0.032989502, 1.015625, -0.419189453, 1
vb0[204]+000 NORMAL: 0.223529413, 0.65882355, 0.0627451017, 0.235294119
vb0[204]+000 COLOR: 0.223529413, 0.65882355, 0.0627451017, 0.235294119
vb0[204]+012 TEXCOORD: 0.737304688, 0.25
vb0[204]+000 TEXCOORD1: 0.223529413, 0.65882355, 0.0627451017, 0.235294119
vb0[204]+000 TEXCOORD2: 0.223529413, 0.65882355, 0.0627451017, 0.235294119
vb0[204]+000 TEXCOORD3: 0.223529413, 0.65882355, 0.0627451017, 0.235294119
vb0[204]+000 TANGENT: 0.223529413, 0.65882355, 0.0627451017, 0.235294119

vb0[205]+000 POSITION: 0.032989502, 1.015625, -0.419189453, 1
vb0[205]+000 NORMAL: 0.223529413, 0.156862751, 0.0627451017, 0.235294119
vb0[205]+000 COLOR: 0.223529413, 0.156862751, 0.0627451017, 0.235294119
vb0[205]+012 TEXCOORD: 0.762695313, 0.25
vb0[205]+000 TEXCOORD1: 0.223529413, 0.156862751, 0.0627451017, 0.235294119
vb0[205]+000 TEXCOORD2: 0.223529413, 0.156862751, 0.0627451017, 0.235294119
vb0[205]+000 TEXCOORD3: 0.223529413, 0.156862751, 0.0627451017, 0.235294119
vb0[205]+000 TANGENT: 0.223529413, 0.156862751, 0.0627451017, 0.235294119

vb0[206]+000 POSITION: 0.0981445313, 1.015625, -0.408935547, 1
vb0[206]+000 NORMAL: 0.282352954, 0.180392161, 0.0627451017, 0.235294119
vb0[206]+000 COLOR: 0.282352954, 0.180392161, 0.0627451017, 0.235294119
vb0[206]+012 TEXCOORD: 0.787597656, 0.25
vb0[206]+000 TEXCOORD1: 0.282352954, 0.180392161, 0.0627451017, 0.235294119
vb0[206]+000 TEXCOORD2: 0.282352954, 0.180392161, 0.0627451017, 0.235294119
vb0[206]+000 TEXCOORD3: 0.282352954, 0.180392161, 0.0627451017, 0.235294119
vb0[206]+000 TANGENT: 0.282352954, 0.180392161, 0.0627451017, 0.235294119

vb0[207]+000 POSITION: 0.160888672, 1.015625, -0.388427734, 1
vb0[207]+000 NORMAL: 0.149019614, 0.192156866, 0.0627451017, 0.235294119
vb0[207]+000 COLOR: 0.149019614, 0.192156866, 0.0627451017, 0.235294119
vb0[207]+012 TEXCOORD: 0.8125, 0.25
vb0[207]+000 TEXCOORD1: 0.149019614, 0.192156866, 0.0627451017, 0.235294119
vb0[207]+000 TEXCOORD2: 0.149019614, 0.192156866, 0.0627451017, 0.235294119
vb0[207]+000 TEXCOORD3: 0.149019614, 0.192156866, 0.0627451017, 0.235294119
vb0[207]+000 TANGENT: 0.149019614, 0.192156866, 0.0627451017, 0.235294119

vb0[208]+000 POSITION: 0.219726563, 1.015625, -0.358642578, 1
vb0[208]+000 NORMAL: 0.0313725509, 0.200000003, 0.0627451017, 0.235294119
vb0[208]+000 COLOR: 0.0313725509, 0.200000003, 0.0627451017, 0.235294119
vb0[208]+012 TEXCOORD: 0.837402344, 0.25
vb0[208]+000 TEXCOORD1: 0.0313725509, 0.200000003, 0.0627451017, 0.235294119
vb0[208]+000 TEXCOORD2: 0.0313725509, 0.200000003, 0.0627451017, 0.235294119
vb0[208]+000 TEXCOORD3: 0.0313725509, 0.200000003, 0.0627451017, 0.235294119
vb0[208]+000 TANGENT: 0.0313725509, 0.200000003, 0.0627451017, 0.235294119

vb0[209]+000 POSITION: 0.273193359, 1.015625, -0.319824219, 1
vb0[209]+000 NORMAL: 0.372549027, 0.203921571, 0.0627451017, 0.235294119
vb0[209]+000 COLOR: 0.372549027, 0.203921571, 0.0627451017, 0.235294119
vb0[209]+012 TEXCOORD: 0.862304688, 0.25
vb0[209]+000 TEXCOORD1: 0.372549027, 0.203921571, 0.0627451017, 0.235294119
vb0[209]+000 TEXCOORD2: 0.372549027, 0.203921571, 0.0627451017, 0.235294119
vb0[209]+000 TEXCOORD3: 0.372549027, 0.203921571, 0.0627451017, 0.235294119
vb0[209]+000 TANGENT: 0.372549027, 0.203921571, 0.0627451017, 0.235294119

vb0[210]+000 POSITION: 0.319824219, 1.015625, -0.273193359, 1
vb0[210]+000 NORMAL: 0.117647059, 0.20784314, 0.0627451017, 0.235294119
vb0[210]+000 COLOR: 0.117647059, 0.20784314, 0.0627451017, 0.235294119
vb0[210]+012 TEXCOORD: 0.887695313, 0.25
vb0[210]+000 TEXCOORD1: 0.117647059, 0.20784314, 0.0627451017, 0.235294119
vb0[210]+000 TEXCOORD2: 0.117647059, 0.20784314, 0.0627451017, 0.235294119
vb0[210]+000 TEXCOORD3: 0.117647059, 0.20784314, 0.0627451017, 0.235294119
vb0[210]+000 TANGENT: 0.117647059, 0.20784314, 0.0627451017, 0.235294119

vb0[211]+000 POSITION: 0.274658203, 1.04492188, -0.199584961, 1
vb0[211]+000 NORMAL: 0.396078438, 0.203921571, 0.180392161, 0.235294119
vb0[211]+000 COLOR: 0.396078438, 0.203921571, 0.180392161, 0.235294119
vb0[211]+012 TEXCOORD: 0.899902344, 0.199951172
vb0[211]+000 TEXCOORD1: 0.396078438, 0.203921571, 0.180392161, 0.235294119
vb0[211]+000 TEXCOORD2: 0.396078438, 0.203921571, 0.180392161, 0.235294119
vb0[211]+000 TEXCOORD3: 0.396078438, 0.203921571, 0.180392161, 0.235294119
vb0[211]+000 TANGENT: 0.396078438, 0.203921571, 0.180392161, 0.235294119

vb0[212]+000 POSITION: 0.302490234, 1.04492188, -0.154174805, 1
vb0[212]+000 NORMAL: 0.843137264, 0.203921571, 0.180392161, 0.235294119
vb0[212]+000 COLOR: 0.843137264, 0.203921571, 0.180392161, 0.235294119
vb0[212]+012 TEXCOORD: 0.924804688, 0.199951172
vb0[212]+000 TEXCOORD1: 0.843137264, 0.203921571, 0.180392161, 0.235294119
vb0[212]+000 TEXCOORD2: 0.843137264, 0.203921571, 0.180392161, 0.235294119
vb0[212]+000 TEXCOORD3: 0.843137264, 0.203921571, 0.180392161, 0.235294119
vb0[212]+000 TANGENT: 0.843137264, 0.203921571, 0.180392161, 0.235294119

vb0[213]+000 POSITION: 0.322998047, 1.04492188, -0.104919434, 1
vb0[213]+000 NORMAL: 0.168627456, 0.20784314, 0.180392161, 0.235294119
vb0[213]+000 COLOR: 0.168627456, 0.20784314, 0.180392161, 0.235294119
vb0[213]+012 TEXCOORD: 0.950195313, 0.199951172
vb0[213]+000 TEXCOORD1: 0.168627456, 0.20784314, 0.180392161, 0.235294119
vb0[213]+000 TEXCOORD2: 0.168627456, 0.20784314, 0.180392161, 0.235294119
vb0[213]+000 TEXCOORD3: 0.168627456, 0.20784314, 0.180392161, 0.235294119
vb0[213]+000 TANGENT: 0.168627456, 0.20784314, 0.180392161, 0.235294119

vb0[214]+000 POSITION: 0.358642578, 1.015625, -0.219726563, 1
vb0[214]+000 NORMAL: 0.741176486, 0.20784314, 0.0627451017, 0.235294119
vb0[214]+000 COLOR: 0.741176486, 0.20784314, 0.0627451017, 0.235294119
vb0[214]+012 TEXCOORD: 0.912597656, 0.25
vb0[214]+000 TEXCOORD1: 0.741176486, 0.20784314, 0.0627451017, 0.235294119
vb0[214]+000 TEXCOORD2: 0.741176486, 0.20784314, 0.0627451017, 0.235294119
vb0[214]+000 TEXCOORD3: 0.741176486, 0.20784314, 0.0627451017, 0.235294119
vb0[214]+000 TANGENT: 0.741176486, 0.20784314, 0.0627451017, 0.235294119

vb0[215]+000 POSITION: 0.388427734, 1.015625, -0.160888672, 1
vb0[215]+000 NORMAL: 0.215686277, 0.211764708, 0.0627451017, 0.235294119
vb0[215]+000 COLOR: 0.215686277, 0.211764708, 0.0627451017, 0.235294119
vb0[215]+012 TEXCOORD: 0.9375, 0.25
vb0[215]+000 TEXCOORD1: 0.215686277, 0.211764708, 0.0627451017, 0.235294119
vb0[215]+000 TEXCOORD2: 0.215686277, 0.211764708, 0.0627451017, 0.235294119
vb0[215]+000 TEXCOORD3: 0.215686277, 0.211764708, 0.0627451017, 0.235294119
vb0[215]+000 TANGENT: 0.215686277, 0.211764708, 0.0627451017, 0.235294119

vb0[216]+000 POSITION: 0.0780639648, 0.979003906, -0.492675781, 1
vb0[216]+000 NORMAL: 1, 0.172549024, 0.835294127, 0.23137255
vb0[216]+000 COLOR: 1, 0.172549024, 0.835294127, 0.23137255
vb0[216]+012 TEXCOORD: 0.774902344, 0.300048828
vb0[216]+000 TEXCOORD1: 1, 0.172549024, 0.835294127, 0.23137255
vb0[216]+000 TEXCOORD2: 1, 0.172549024, 0.835294127, 0.23137255
vb0[216]+000 TEXCOORD3: 1, 0.172549024, 0.835294127, 0.23137255
vb0[216]+000 TANGENT: 1, 0.172549024, 0.835294127, 0.23137255

vb0[217]+000 POSITION: 0.154174805, 0.979003906, -0.474365234, 1
vb0[217]+000 NORMAL: 0.937254906, 0.188235298, 0.835294127, 0.23137255
vb0[217]+000 COLOR: 0.937254906, 0.188235298, 0.835294127, 0.23137255
vb0[217]+012 TEXCOORD: 0.799804688, 0.300048828
vb0[217]+000 TEXCOORD1: 0.937254906, 0.188235298, 0.835294127, 0.23137255
vb0[217]+000 TEXCOORD2: 0.937254906, 0.188235298, 0.835294127, 0.23137255
vb0[217]+000 TEXCOORD3: 0.937254906, 0.188235298, 0.835294127, 0.23137255
vb0[217]+000 TANGENT: 0.937254906, 0.188235298, 0.835294127, 0.23137255

vb0[218]+000 POSITION: 0.293212891, 0.979003906, -0.403564453, 1
vb0[218]+000 NORMAL: 0.694117665, 0.203921571, 0.835294127, 0.23137255
vb0[218]+000 COLOR: 0.694117665, 0.203921571, 0.835294127, 0.23137255
vb0[218]+012 TEXCOORD: 0.850097656, 0.300048828
vb0[218]+000 TEXCOORD1: 0.694117665, 0.203921571, 0.835294127, 0.23137255
vb0[218]+000 TEXCOORD2: 0.694117665, 0.203921571, 0.835294127, 0.23137255
vb0[218]+000 TEXCOORD3: 0.694117665, 0.203921571, 0.835294127, 0.23137255
vb0[218]+000 TANGENT: 0.694117665, 0.203921571, 0.835294127, 0.23137255

vb0[219]+000 POSITION: 0.352783203, 0.979003906, -0.352783203, 1
vb0[219]+000 NORMAL: 0.647058845, 0.20784314, 0.835294127, 0.23137255
vb0[219]+000 COLOR: 0.647058845, 0.20784314, 0.835294127, 0.23137255
vb0[219]+012 TEXCOORD: 0.875, 0.300048828
vb0[219]+000 TEXCOORD1: 0.647058845, 0.20784314, 0.835294127, 0.23137255
vb0[219]+000 TEXCOORD2: 0.647058845, 0.20784314, 0.835294127, 0.23137255
vb0[219]+000 TEXCOORD3: 0.647058845, 0.20784314, 0.835294127, 0.23137255
vb0[219]+000 TANGENT: 0.647058845, 0.20784314, 0.835294127, 0.23137255

vb0[220]+000 POSITION: 0.403564453, 0.979003906, -0.293212891, 1
vb0[220]+000 NORMAL: 0.458823532, 0.211764708, 0.835294127, 0.23137255
vb0[220]+000 COLOR: 0.458823532, 0.211764708, 0.835294127, 0.23137255
vb0[220]+012 TEXCOORD: 0.899902344, 0.300048828
vb0[220]+000 TEXCOORD1: 0.458823532, 0.211764708, 0.835294127, 0.23137255
vb0[220]+000 TEXCOORD2: 0.458823532, 0.211764708, 0.835294127, 0.23137255
vb0[220]+000 TEXCOORD3: 0.458823532, 0.211764708, 0.835294127, 0.23137255
vb0[220]+000 TANGENT: 0.458823532, 0.211764708, 0.835294127, 0.23137255

vb0[221]+000 POSITION: 0.444580078, 0.979003906, -0.22644043, 1
vb0[221]+000 NORMAL: 0.113725491, 0.215686277, 0.835294127, 0.23137255
vb0[221]+000 COLOR: 0.113725491, 0.215686277, 0.835294127, 0.23137255
vb0[221]+012 TEXCOORD: 0.924804688, 0.300048828
vb0[221]+000 TEXCOORD1: 0.113725491, 0.215686277, 0.835294127, 0.23137255
vb0[221]+000 TEXCOORD2: 0.113725491, 0.215686277, 0.835294127, 0.23137255
vb0[221]+000 TEXCOORD3: 0.113725491, 0.215686277, 0.835294127, 0.23137255
vb0[221]+000 TANGENT: 0.113725491, 0.215686277, 0.835294127, 0.23137255

vb0[222]+000 POSITION: 0.134033203, 0.937011719, -0.558105469, 1
vb0[222]+000 NORMAL: 0.290196091, 0.188235298, 0.498039216, 0.23137255
vb0[222]+000 COLOR: 0.290196091, 0.188235298, 0.498039216, 0.23137255
vb0[222]+012 TEXCOORD: 0.787597656, 0.350097656
vb0[222]+000 TEXCOORD1: 0.290196091, 0.188235298, 0.498039216, 0.23137255
vb0[222]+000 TEXCOORD2: 0.290196091, 0.188235298, 0.498039216, 0.23137255
vb0[222]+000 TEXCOORD3: 0.290196091, 0.188235298, 0.498039216, 0.23137255
vb0[222]+000 TANGENT: 0.290196091, 0.188235298, 0.498039216, 0.23137255

vb0[223]+000 POSITION: 0.0450439453, 0.937011719, -0.572265625, 1
vb0[223]+000 NORMAL: 0.768627465, 0.160784319, 0.498039216, 0.23137255
vb0[223]+000 COLOR: 0.768627465, 0.160784319, 0.498039216, 0.23137255
vb0[223]+012 TEXCOORD: 0.762695313, 0.350097656
vb0[223]+000 TEXCOORD1: 0.768627465, 0.160784319, 0.498039216, 0.23137255
vb0[223]+000 TEXCOORD2: 0.768627465, 0.160784319, 0.498039216, 0.23137255
vb0[223]+000 TEXCOORD3: 0.768627465, 0.160784319, 0.498039216, 0.23137255
vb0[223]+000 TANGENT: 0.768627465, 0.160784319, 0.498039216, 0.23137255

vb0[224]+000 POSITION: 0, 0.979003906, -0.498779297, 1
vb0[224]+000 NORMAL: 0, 0, 0.835294127, 0.23137255
vb0[224]+000 COLOR: 0, 0, 0.835294127, 0.23137255
vb0[224]+012 TEXCOORD: 0.75, 0.300048828
vb0[224]+000 TEXCOORD1: 0, 0, 0.835294127, 0.23137255
vb0[224]+000 TEXCOORD2: 0, 0, 0.835294127, 0.23137255
vb0[224]+000 TEXCOORD3: 0, 0, 0.835294127, 0.23137255
vb0[224]+000 TANGENT: 0, 0, 0.835294127, 0.23137255

vb0[225]+000 POSITION: -0.0780639648, 0.979003906, -0.492675781, 1
vb0[225]+000 NORMAL: 1, 0.674509823, 0.835294127, 0.23137255
vb0[225]+000 COLOR: 1, 0.674509823, 0.835294127, 0.23137255
vb0[225]+012 TEXCOORD: 0.725097656, 0.300048828
vb0[225]+000 TEXCOORD1: 1, 0.674509823, 0.835294127, 0.23137255
vb0[225]+000 TEXCOORD2: 1, 0.674509823, 0.835294127, 0.23137255
vb0[225]+000 TEXCOORD3: 1, 0.674509823, 0.835294127, 0.23137255
vb0[225]+000 TANGENT: 1, 0.674509823, 0.835294127, 0.23137255

vb0[226]+000 POSITION: -0.154174805, 0.979003906, -0.474365234, 1
vb0[226]+000 NORMAL: 0.937254906, 0.690196097, 0.835294127, 0.23137255
vb0[226]+000 COLOR: 0.937254906, 0.690196097, 0.835294127, 0.23137255
vb0[226]+012 TEXCOORD: 0.700195313, 0.300048828
vb0[226]+000 TEXCOORD1: 0.937254906, 0.690196097, 0.835294127, 0.23137255
vb0[226]+000 TEXCOORD2: 0.937254906, 0.690196097, 0.835294127, 0.23137255
vb0[226]+000 TEXCOORD3: 0.937254906, 0.690196097, 0.835294127, 0.23137255
vb0[226]+000 TANGENT: 0.937254906, 0.690196097, 0.835294127, 0.23137255

vb0[227]+000 POSITION: -0.22644043, 0.979003906, -0.444580078, 1
vb0[227]+000 NORMAL: 0.247058824, 0.701960802, 0.835294127, 0.23137255
vb0[227]+000 COLOR: 0.247058824, 0.701960802, 0.835294127, 0.23137255
vb0[227]+012 TEXCOORD: 0.674804688, 0.300048828
vb0[227]+000 TEXCOORD1: 0.247058824, 0.701960802, 0.835294127, 0.23137255
vb0[227]+000 TEXCOORD2: 0.247058824, 0.701960802, 0.835294127, 0.23137255
vb0[227]+000 TEXCOORD3: 0.247058824, 0.701960802, 0.835294127, 0.23137255
vb0[227]+000 TANGENT: 0.247058824, 0.701960802, 0.835294127, 0.23137255

vb0[228]+000 POSITION: -0.293212891, 0.979003906, -0.403564453, 1
vb0[228]+000 NORMAL: 0.694117665, 0.70588237, 0.835294127, 0.23137255
vb0[228]+000 COLOR: 0.694117665, 0.70588237, 0.835294127, 0.23137255
vb0[228]+012 TEXCOORD: 0.649902344, 0.300048828
vb0[228]+000 TEXCOORD1: 0.694117665, 0.70588237, 0.835294127, 0.23137255
vb0[228]+000 TEXCOORD2: 0.694117665, 0.70588237, 0.835294127, 0.23137255
vb0[228]+000 TEXCOORD3: 0.694117665, 0.70588237, 0.835294127, 0.23137255
vb0[228]+000 TANGENT: 0.694117665, 0.70588237, 0.835294127, 0.23137255

vb0[229]+000 POSITION: -0.273193359, 1.015625, -0.319824219, 1
vb0[229]+000 NORMAL: 0.372549027, 0.70588237, 0.0627451017, 0.235294119
vb0[229]+000 COLOR: 0.372549027, 0.70588237, 0.0627451017, 0.235294119
vb0[229]+012 TEXCOORD: 0.637695313, 0.25
vb0[229]+000 TEXCOORD1: 0.372549027, 0.70588237, 0.0627451017, 0.235294119
vb0[229]+000 TEXCOORD2: 0.372549027, 0.70588237, 0.0627451017, 0.235294119
vb0[229]+000 TEXCOORD3: 0.372549027, 0.70588237, 0.0627451017, 0.235294119
vb0[229]+000 TANGENT: 0.372549027, 0.70588237, 0.0627451017, 0.235294119

vb0[230]+000 POSITION: -0.319824219, 1.015625, -0.273193359, 1
vb0[230]+000 NORMAL: 0.117647059, 0.709803939, 0.0627451017, 0.235294119
vb0[230]+000 COLOR: 0.117647059, 0.709803939, 0.0627451017, 0.235294119
vb0[230]+012 TEXCOORD: 0.612304688, 0.25
vb0[230]+000 TEXCOORD1: 0.117647059, 0.709803939, 0.0627451017, 0.235294119
vb0[230]+000 TEXCOORD2: 0.117647059, 0.709803939, 0.0627451017, 0.235294119
vb0[230]+000 TEXCOORD3: 0.117647059, 0.709803939, 0.0627451017, 0.235294119
vb0[230]+000 TANGENT: 0.117647059, 0.709803939, 0.0627451017, 0.235294119

vb0[231]+000 POSITION: -0.358642578, 1.015625, -0.219726563, 1
vb0[231]+000 NORMAL: 0.741176486, 0.709803939, 0.0627451017, 0.235294119
vb0[231]+000 COLOR: 0.741176486, 0.709803939, 0.0627451017, 0.235294119
vb0[231]+012 TEXCOORD: 0.587402344, 0.25
vb0[231]+000 TEXCOORD1: 0.741176486, 0.709803939, 0.0627451017, 0.235294119
vb0[231]+000 TEXCOORD2: 0.741176486, 0.709803939, 0.0627451017, 0.235294119
vb0[231]+000 TEXCOORD3: 0.741176486, 0.709803939, 0.0627451017, 0.235294119
vb0[231]+000 TANGENT: 0.741176486, 0.709803939, 0.0627451017, 0.235294119

vb0[232]+000 POSITION: -0.388427734, 1.015625, -0.160888672, 1
vb0[232]+000 NORMAL: 0.215686277, 0.713725507, 0.0627451017, 0.235294119
vb0[232]+000 COLOR: 0.215686277, 0.713725507, 0.0627451017, 0.235294119
vb0[232]+012 TEXCOORD: 0.5625, 0.25
vb0[232]+000 TEXCOORD1: 0.215686277, 0.713725507, 0.0627451017, 0.235294119
vb0[232]+000 TEXCOORD2: 0.215686277, 0.713725507, 0.0627451017, 0.235294119
vb0[232]+000 TEXCOORD3: 0.215686277, 0.713725507, 0.0627451017, 0.235294119
vb0[232]+000 TANGENT: 0.215686277, 0.713725507, 0.0627451017, 0.235294119

vb0[233]+000 POSITION: -0.408935547, 1.015625, -0.0981445313, 1
vb0[233]+000 NORMAL: 0.545098066, 0.713725507, 0.0627451017, 0.235294119
vb0[233]+000 COLOR: 0.545098066, 0.713725507, 0.0627451017, 0.235294119
vb0[233]+012 TEXCOORD: 0.537597656, 0.25
vb0[233]+000 TEXCOORD1: 0.545098066, 0.713725507, 0.0627451017, 0.235294119
vb0[233]+000 TEXCOORD2: 0.545098066, 0.713725507, 0.0627451017, 0.235294119
vb0[233]+000 TEXCOORD3: 0.545098066, 0.713725507, 0.0627451017, 0.235294119
vb0[233]+000 TANGENT: 0.545098066, 0.713725507, 0.0627451017, 0.235294119

vb0[234]+000 POSITION: -0.419189453, 1.015625, -0.032989502, 1
vb0[234]+000 NORMAL: 0.709803939, 0.713725507, 0.0627451017, 0.235294119
vb0[234]+000 COLOR: 0.709803939, 0.713725507, 0.0627451017, 0.235294119
vb0[234]+012 TEXCOORD: 0.512695313, 0.25
vb0[234]+000 TEXCOORD1: 0.709803939, 0.713725507, 0.0627451017, 0.235294119
vb0[234]+000 TEXCOORD2: 0.709803939, 0.713725507, 0.0627451017, 0.235294119
vb0[234]+000 TEXCOORD3: 0.709803939, 0.713725507, 0.0627451017, 0.235294119
vb0[234]+000 TANGENT: 0.709803939, 0.713725507, 0.0627451017, 0.235294119

vb0[235]+000 POSITION: -0.419189453, 1.015625, 0.032989502, 1
vb0[235]+000 NORMAL: 0.709803939, 0.713725507, 0.0627451017, 0.235294119
vb0[235]+000 COLOR: 0.709803939, 0.713725507, 0.0627451017, 0.235294119
vb0[235]+012 TEXCOORD: 0.487548828, 0.25
vb0[235]+000 TEXCOORD1: 0.709803939, 0.713725507, 0.0627451017, 0.235294119
vb0[235]+000 TEXCOORD2: 0.709803939, 0.713725507, 0.0627451017, 0.235294119
vb0[235]+000 TEXCOORD3: 0.709803939, 0.713725507, 0.0627451017, 0.235294119
vb0[235]+000 TANGENT: 0.709803939, 0.713725507, 0.0627451017, 0.235294119

vb0[236]+000 POSITION: -0.408935547, 1.015625, 0.0981445313, 1
vb0[236]+000 NORMAL: 0.545098066, 0.713725507, 0.0627451017, 0.235294119
vb0[236]+000 COLOR: 0.545098066, 0.713725507, 0.0627451017, 0.235294119
vb0[236]+012 TEXCOORD: 0.462402344, 0.25
vb0[236]+000 TEXCOORD1: 0.545098066, 0.713725507, 0.0627451017, 0.235294119
vb0[236]+000 TEXCOORD2: 0.545098066, 0.713725507, 0.0627451017, 0.235294119
vb0[236]+000 TEXCOORD3: 0.545098066, 0.713725507, 0.0627451017, 0.235294119
vb0[236]+000 TANGENT: 0.545098066, 0.713725507, 0.0627451017, 0.235294119

vb0[237]+000 POSITION: -0.388427734, 1.015625, 0.160888672, 1
vb0[237]+000 NORMAL: 0.215686277, 0.713725507, 0.0627451017, 0.235294119
vb0[237]+000 COLOR: 0.215686277, 0.713725507, 0.0627451017, 0.235294119
vb0[237]+012 TEXCOORD: 0.4375, 0.25
vb0[237]+000 TEXCOORD1: 0.215686277, 0.713725507, 0.0627451017, 0.235294119
vb0[237]+000 TEXCOORD2: 0.215686277, 0.713725507, 0.0627451017, 0.235294119
vb0[237]+000 TEXCOORD3: 0.215686277, 0.713725507, 0.0627451017, 0.235294119
vb0[237]+000 TANGENT: 0.215686277, 0.713725507, 0.0627451017, 0.235294119

vb0[238]+000 POSITION: -0.358642578, 1.015625, 0.219726563, 1
vb0[238]+000 NORMAL: 0.741176486, 0.709803939, 0.0627451017, 0.235294119
vb0[238]+000 COLOR: 0.741176486, 0.709803939, 0.0627451017, 0.235294119
vb0[238]+012 TEXCOORD: 0.412597656, 0.25
vb0[238]+000 TEXCOORD1: 0.741176486, 0.709803939, 0.0627451017, 0.235294119
vb0[238]+000 TEXCOORD2: 0.741176486, 0.709803939, 0.0627451017, 0.235294119
vb0[238]+000 TEXCOORD3: 0.741176486, 0.709803939, 0.0627451017, 0.235294119
vb0[238]+000 TANGENT: 0.741176486, 0.709803939, 0.0627451017, 0.235294119

vb0[239]+000 POSITION: -0.319824219, 1.015625, 0.273193359, 1
vb0[239]+000 NORMAL: 0.117647059, 0.709803939, 0.0627451017, 0.235294119
vb0[239]+000 COLOR: 0.117647059, 0.709803939, 0.0627451017, 0.235294119
vb0[239]+012 TEXCOORD: 0.387451172, 0.25
vb0[239]+000 TEXCOORD1: 0.117647059, 0.709803939, 0.0627451017, 0.235294119
vb0[239]+000 TEXCOORD2: 0.117647059, 0.709803939, 0.0627451017, 0.235294119
vb0[239]+000 TEXCOORD3: 0.117647059, 0.709803939, 0.0627451017, 0.235294119
vb0[239]+000 TANGENT: 0.117647059, 0.709803939, 0.0627451017, 0.235294119

vb0[240]+000 POSITION: -0.273193359, 1.015625, 0.319824219, 1
vb0[240]+000 NORMAL: 0.372549027, 0.70588237, 0.0627451017, 0.235294119
vb0[240]+000 COLOR: 0.372549027, 0.70588237, 0.0627451017, 0.235294119
vb0[240]+012 TEXCOORD: 0.362548828, 0.25
vb0[240]+000 TEXCOORD1: 0.372549027, 0.70588237, 0.0627451017, 0.235294119
vb0[240]+000 TEXCOORD2: 0.372549027, 0.70588237, 0.0627451017, 0.235294119
vb0[240]+000 TEXCOORD3: 0.372549027, 0.70588237, 0.0627451017, 0.235294119
vb0[240]+000 TANGENT: 0.372549027, 0.70588237, 0.0627451017, 0.235294119

vb0[241]+000 POSITION: -0.219726563, 1.015625, 0.358642578, 1
vb0[241]+000 NORMAL: 0.0313725509, 0.701960802, 0.0627451017, 0.235294119
vb0[241]+000 COLOR: 0.0313725509, 0.701960802, 0.0627451017, 0.235294119
vb0[241]+012 TEXCOORD: 0.337402344, 0.25
vb0[241]+000 TEXCOORD1: 0.0313725509, 0.701960802, 0.0627451017, 0.235294119
vb0[241]+000 TEXCOORD2: 0.0313725509, 0.701960802, 0.0627451017, 0.235294119
vb0[241]+000 TEXCOORD3: 0.0313725509, 0.701960802, 0.0627451017, 0.235294119
vb0[241]+000 TANGENT: 0.0313725509, 0.701960802, 0.0627451017, 0.235294119

vb0[242]+000 POSITION: -0.160888672, 1.015625, 0.388427734, 1
vb0[242]+000 NORMAL: 0.149019614, 0.694117665, 0.0627451017, 0.235294119
vb0[242]+000 COLOR: 0.149019614, 0.694117665, 0.0627451017, 0.235294119
vb0[242]+012 TEXCOORD: 0.3125, 0.25
vb0[242]+000 TEXCOORD1: 0.149019614, 0.694117665, 0.0627451017, 0.235294119
vb0[242]+000 TEXCOORD2: 0.149019614, 0.694117665, 0.0627451017, 0.235294119
vb0[242]+000 TEXCOORD3: 0.149019614, 0.694117665, 0.0627451017, 0.235294119
vb0[242]+000 TANGENT: 0.149019614, 0.694117665, 0.0627451017, 0.235294119

vb0[243]+000 POSITION: -0.0981445313, 1.015625, 0.408935547, 1
vb0[243]+000 NORMAL: 0.282352954, 0.68235296, 0.0627451017, 0.235294119
vb0[243]+000 COLOR: 0.282352954, 0.68235296, 0.0627451017, 0.235294119
vb0[243]+012 TEXCOORD: 0.287597656, 0.25
vb0[243]+000 TEXCOORD1: 0.282352954, 0.68235296, 0.0627451017, 0.235294119
vb0[243]+000 TEXCOORD2: 0.282352954, 0.68235296, 0.0627451017, 0.235294119
vb0[243]+000 TEXCOORD3: 0.282352954, 0.68235296, 0.0627451017, 0.235294119
vb0[243]+000 TANGENT: 0.282352954, 0.68235296, 0.0627451017, 0.235294119

vb0[244]+000 POSITION: -0.032989502, 1.015625, 0.419189453, 1
vb0[244]+000 NORMAL: 0.223529413, 0.65882355, 0.0627451017, 0.235294119
vb0[244]+000 COLOR: 0.223529413, 0.65882355, 0.0627451017, 0.235294119
vb0[244]+012 TEXCOORD: 0.262451172, 0.25
vb0[244]+000 TEXCOORD1: 0.223529413, 0.65882355, 0.0627451017, 0.235294119
vb0[244]+000 TEXCOORD2: 0.223529413, 0.65882355, 0.0627451017, 0.235294119
vb0[244]+000 TEXCOORD3: 0.223529413, 0.65882355, 0.0627451017, 0.235294119
vb0[244]+000 TANGENT: 0.223529413, 0.65882355, 0.0627451017, 0.235294119

vb0[245]+000 POSITION: 0.032989502, 1.015625, 0.419189453, 1
vb0[245]+000 NORMAL: 0.223529413, 0.156862751, 0.0627451017, 0.235294119
vb0[245]+000 COLOR: 0.223529413, 0.156862751, 0.0627451017, 0.235294119
vb0[245]+012 TEXCOORD: 0.237548828, 0.25
vb0[245]+000 TEXCOORD1: 0.223529413, 0.156862751, 0.0627451017, 0.235294119
vb0[245]+000 TEXCOORD2: 0.223529413, 0.156862751, 0.0627451017, 0.235294119
vb0[245]+000 TEXCOORD3: 0.223529413, 0.156862751, 0.0627451017, 0.235294119
vb0[245]+000 TANGENT: 0.223529413, 0.156862751, 0.0627451017, 0.235294119

vb0[246]+000 POSITION: 0.0981445313, 1.015625, 0.408935547, 1
vb0[246]+000 NORMAL: 0.282352954, 0.180392161, 0.0627451017, 0.235294119
vb0[246]+000 COLOR: 0.282352954, 0.180392161, 0.0627451017, 0.235294119
vb0[246]+012 TEXCOORD: 0.212524414, 0.25
vb0[246]+000 TEXCOORD1: 0.282352954, 0.180392161, 0.0627451017, 0.235294119
vb0[246]+000 TEXCOORD2: 0.282352954, 0.180392161, 0.0627451017, 0.235294119
vb0[246]+000 TEXCOORD3: 0.282352954, 0.180392161, 0.0627451017, 0.235294119
vb0[246]+000 TANGENT: 0.282352954, 0.180392161, 0.0627451017, 0.235294119

vb0[247]+000 POSITION: 0.160888672, 1.015625, 0.388427734, 1
vb0[247]+000 NORMAL: 0.149019614, 0.192156866, 0.0627451017, 0.235294119
vb0[247]+000 COLOR: 0.149019614, 0.192156866, 0.0627451017, 0.235294119
vb0[247]+012 TEXCOORD: 0.1875, 0.25
vb0[247]+000 TEXCOORD1: 0.149019614, 0.192156866, 0.0627451017, 0.235294119
vb0[247]+000 TEXCOORD2: 0.149019614, 0.192156866, 0.0627451017, 0.235294119
vb0[247]+000 TEXCOORD3: 0.149019614, 0.192156866, 0.0627451017, 0.235294119
vb0[247]+000 TANGENT: 0.149019614, 0.192156866, 0.0627451017, 0.235294119

vb0[248]+000 POSITION: 0.219726563, 1.015625, 0.358642578, 1
vb0[248]+000 NORMAL: 0.0313725509, 0.200000003, 0.0627451017, 0.235294119
vb0[248]+000 COLOR: 0.0313725509, 0.200000003, 0.0627451017, 0.235294119
vb0[248]+012 TEXCOORD: 0.162475586, 0.25
vb0[248]+000 TEXCOORD1: 0.0313725509, 0.200000003, 0.0627451017, 0.235294119
vb0[248]+000 TEXCOORD2: 0.0313725509, 0.200000003, 0.0627451017, 0.235294119
vb0[248]+000 TEXCOORD3: 0.0313725509, 0.200000003, 0.0627451017, 0.235294119
vb0[248]+000 TANGENT: 0.0313725509, 0.200000003, 0.0627451017, 0.235294119

vb0[249]+000 POSITION: 0.273193359, 1.015625, 0.319824219, 1
vb0[249]+000 NORMAL: 0.372549027, 0.203921571, 0.0627451017, 0.235294119
vb0[249]+000 COLOR: 0.372549027, 0.203921571, 0.0627451017, 0.235294119
vb0[249]+012 TEXCOORD: 0.137451172, 0.25
vb0[249]+000 TEXCOORD1: 0.372549027, 0.203921571, 0.0627451017, 0.235294119
vb0[249]+000 TEXCOORD2: 0.372549027, 0.203921571, 0.0627451017, 0.235294119
vb0[249]+000 TEXCOORD3: 0.372549027, 0.203921571, 0.0627451017, 0.235294119
vb0[249]+000 TANGENT: 0.372549027, 0.203921571, 0.0627451017, 0.235294119

vb0[250]+000 POSITION: 0.319824219, 1.015625, 0.273193359, 1
vb0[250]+000 NORMAL: 0.117647059, 0.20784314, 0.0627451017, 0.235294119
vb0[250]+000 COLOR: 0.117647059, 0.20784314, 0.0627451017, 0.235294119
vb0[250]+012 TEXCOORD: 0.112487793, 0.25
vb0[250]+000 TEXCOORD1: 0.117647059, 0.20784314, 0.0627451017, 0.235294119
vb0[250]+000 TEXCOORD2: 0.117647059, 0.20784314, 0.0627451017, 0.235294119
vb0[250]+000 TEXCOORD3: 0.117647059, 0.20784314, 0.0627451017, 0.235294119
vb0[250]+000 TANGENT: 0.117647059, 0.20784314, 0.0627451017, 0.235294119

vb0[251]+000 POSITION: 0.358642578, 1.015625, 0.219726563, 1
vb0[251]+000 NORMAL: 0.741176486, 0.20784314, 0.0627451017, 0.235294119
vb0[251]+000 COLOR: 0.741176486, 0.20784314, 0.0627451017, 0.235294119
vb0[251]+012 TEXCOORD: 0.0875244141, 0.25
vb0[251]+000 TEXCOORD1: 0.741176486, 0.20784314, 0.0627451017, 0.235294119
vb0[251]+000 TEXCOORD2: 0.741176486, 0.20784314, 0.0627451017, 0.235294119
vb0[251]+000 TEXCOORD3: 0.741176486, 0.20784314, 0.0627451017, 0.235294119
vb0[251]+000 TANGENT: 0.741176486, 0.20784314, 0.0627451017, 0.235294119

vb0[252]+000 POSITION: 0.388427734, 1.015625, 0.160888672, 1
vb0[252]+000 NORMAL: 0.215686277, 0.211764708, 0.0627451017, 0.235294119
vb0[252]+000 COLOR: 0.215686277, 0.211764708, 0.0627451017, 0.235294119
vb0[252]+012 TEXCOORD: 0.0625, 0.25
vb0[252]+000 TEXCOORD1: 0.215686277, 0.211764708, 0.0627451017, 0.235294119
vb0[252]+000 TEXCOORD2: 0.215686277, 0.211764708, 0.0627451017, 0.235294119
vb0[252]+000 TEXCOORD3: 0.215686277, 0.211764708, 0.0627451017, 0.235294119
vb0[252]+000 TANGENT: 0.215686277, 0.211764708, 0.0627451017, 0.235294119

vb0[253]+000 POSITION: 0.408935547, 1.015625, 0.0981445313, 1
vb0[253]+000 NORMAL: 0.545098066, 0.211764708, 0.0627451017, 0.235294119
vb0[253]+000 COLOR: 0.545098066, 0.211764708, 0.0627451017, 0.235294119
vb0[253]+012 TEXCOORD: 0.0375061035, 0.25
vb0[253]+000 TEXCOORD1: 0.545098066, 0.211764708, 0.0627451017, 0.235294119
vb0[253]+000 TEXCOORD2: 0.545098066, 0.211764708, 0.0627451017, 0.235294119
vb0[253]+000 TEXCOORD3: 0.545098066, 0.211764708, 0.0627451017, 0.235294119
vb0[253]+000 TANGENT: 0.545098066, 0.211764708, 0.0627451017, 0.235294119

vb0[254]+000 POSITION: 0.419189453, 1.015625, 0.032989502, 1
vb0[254]+000 NORMAL: 0.709803939, 0.211764708, 0.0627451017, 0.235294119
vb0[254]+000 COLOR: 0.709803939, 0.211764708, 0.0627451017, 0.235294119
vb0[254]+012 TEXCOORD: 0.0124969482, 0.25
vb0[254]+000 TEXCOORD1: 0.709803939, 0.211764708, 0.0627451017, 0.235294119
vb0[254]+000 TEXCOORD2: 0.709803939, 0.211764708, 0.0627451017, 0.235294119
vb0[254]+000 TEXCOORD3: 0.709803939, 0.211764708, 0.0627451017, 0.235294119
vb0[254]+000 TANGENT: 0.709803939, 0.211764708, 0.0627451017, 0.235294119

vb0[255]+000 POSITION: 0.419189453, 1.015625, -0.032989502, 1
vb0[255]+000 NORMAL: 0.709803939, 0.211764708, 0.0627451017, 0.235294119
vb0[255]+000 COLOR: 0.709803939, 0.211764708, 0.0627451017, 0.235294119
vb0[255]+012 TEXCOORD: -0.0124969482, 0.25
vb0[255]+000 TEXCOORD1: 0.709803939, 0.211764708, 0.0627451017, 0.235294119
vb0[255]+000 TEXCOORD2: 0.709803939, 0.211764708, 0.0627451017, 0.235294119
vb0[255]+000 TEXCOORD3: 0.709803939, 0.211764708, 0.0627451017, 0.235294119
vb0[255]+000 TANGENT: 0.709803939, 0.211764708, 0.0627451017, 0.235294119

vb0[256]+000 POSITION: 0.408935547, 1.015625, -0.0981445313, 1
vb0[256]+000 NORMAL: 0.545098066, 0.211764708, 0.0627451017, 0.235294119
vb0[256]+000 COLOR: 0.545098066, 0.211764708, 0.0627451017, 0.235294119
vb0[256]+012 TEXCOORD: -0.0375061035, 0.25
vb0[256]+000 TEXCOORD1: 0.545098066, 0.211764708, 0.0627451017, 0.235294119
vb0[256]+000 TEXCOORD2: 0.545098066, 0.211764708, 0.0627451017, 0.235294119
vb0[256]+000 TEXCOORD3: 0.545098066, 0.211764708, 0.0627451017, 0.235294119
vb0[256]+000 TANGENT: 0.545098066, 0.211764708, 0.0627451017, 0.235294119

vb0[257]+000 POSITION: 0.388427734, 1.015625, -0.160888672, 1
vb0[257]+000 NORMAL: 0.215686277, 0.211764708, 0.0627451017, 0.235294119
vb0[257]+000 COLOR: 0.215686277, 0.211764708, 0.0627451017, 0.235294119
vb0[257]+012 TEXCOORD: -0.0625, 0.25
vb0[257]+000 TEXCOORD1: 0.215686277, 0.211764708, 0.0627451017, 0.235294119
vb0[257]+000 TEXCOORD2: 0.215686277, 0.211764708, 0.0627451017, 0.235294119
vb0[257]+000 TEXCOORD3: 0.215686277, 0.211764708, 0.0627451017, 0.235294119
vb0[257]+000 TANGENT: 0.215686277, 0.211764708, 0.0627451017, 0.235294119

vb0[258]+000 POSITION: 0.474365234, 0.979003906, -0.154174805, 1
vb0[258]+000 NORMAL: 0.592156887, 0.215686277, 0.835294127, 0.23137255
vb0[258]+000 COLOR: 0.592156887, 0.215686277, 0.835294127, 0.23137255
vb0[258]+012 TEXCOORD: -0.049987793, 0.300048828
vb0[258]+000 TEXCOORD1: 0.592156887, 0.215686277, 0.835294127, 0.23137255
vb0[258]+000 TEXCOORD2: 0.592156887, 0.215686277, 0.835294127, 0.23137255
vb0[258]+000 TEXCOORD3: 0.592156887, 0.215686277, 0.835294127, 0.23137255
vb0[258]+000 TANGENT: 0.592156887, 0.215686277, 0.835294127, 0.23137255

vb0[259]+000 POSITION: 0.444580078, 0.979003906, -0.22644043, 1
vb0[259]+000 NORMAL: 0.113725491, 0.215686277, 0.835294127, 0.23137255
vb0[259]+000 COLOR: 0.113725491, 0.215686277, 0.835294127, 0.23137255
vb0[259]+012 TEXCOORD: -0.075012207, 0.300048828
vb0[259]+000 TEXCOORD1: 0.113725491, 0.215686277, 0.835294127, 0.23137255
vb0[259]+000 TEXCOORD2: 0.113725491, 0.215686277, 0.835294127, 0.23137255
vb0[259]+000 TEXCOORD3: 0.113725491, 0.215686277, 0.835294127, 0.23137255
vb0[259]+000 TANGENT: 0.113725491, 0.215686277, 0.835294127, 0.23137255

vb0[260]+000 POSITION: 0.492675781, 0.979003906, -0.0780639648, 1
vb0[260]+000 NORMAL: 0.886274517, 0.215686277, 0.835294127, 0.23137255
vb0[260]+000 COLOR: 0.886274517, 0.215686277, 0.835294127, 0.23137255
vb0[260]+012 TEXCOORD: -0.0249938965, 0.300048828
vb0[260]+000 TEXCOORD1: 0.886274517, 0.215686277, 0.835294127, 0.23137255
vb0[260]+000 TEXCOORD2: 0.886274517, 0.215686277, 0.835294127, 0.23137255
vb0[260]+000 TEXCOORD3: 0.886274517, 0.215686277, 0.835294127, 0.23137255
vb0[260]+000 TANGENT: 0.886274517, 0.215686277, 0.835294127, 0.23137255

vb0[261]+000 POSITION: 0.498779297, 0.979003906, 0, 1
vb0[261]+000 NORMAL: 0.984313726, 0.215686277, 0.835294127, 0.23137255
vb0[261]+000 COLOR: 0.984313726, 0.215686277, 0.835294127, 0.23137255
vb0[261]+012 TEXCOORD: 0, 0.300048828
vb0[261]+000 TEXCOORD1: 0.984313726, 0.215686277, 0.835294127, 0.23137255
vb0[261]+000 TEXCOORD2: 0.984313726, 0.215686277, 0.835294127, 0.23137255
vb0[261]+000 TEXCOORD3: 0.984313726, 0.215686277, 0.835294127, 0.23137255
vb0[261]+000 TANGENT: 0.984313726, 0.215686277, 0.835294127, 0.23137255

vb0[262]+000 POSITION: 0.492675781, 0.979003906, 0.0780639648, 1
vb0[262]+000 NORMAL: 0.886274517, 0.215686277, 0.835294127, 0.23137255
vb0[262]+000 COLOR: 0.886274517, 0.215686277, 0.835294127, 0.23137255
vb0[262]+012 TEXCOORD: 0.0249938965, 0.300048828
vb0[262]+000 TEXCOORD1: 0.886274517, 0.215686277, 0.835294127, 0.23137255
vb0[262]+000 TEXCOORD2: 0.886274517, 0.215686277, 0.835294127, 0.23137255
vb0[262]+000 TEXCOORD3: 0.886274517, 0.215686277, 0.835294127, 0.23137255
vb0[262]+000 TANGENT: 0.886274517, 0.215686277, 0.835294127, 0.23137255

vb0[263]+000 POSITION: 0.474365234, 0.979003906, 0.154174805, 1
vb0[263]+000 NORMAL: 0.592156887, 0.215686277, 0.835294127, 0.23137255
vb0[263]+000 COLOR: 0.592156887, 0.215686277, 0.835294127, 0.23137255
vb0[263]+012 TEXCOORD: 0.049987793, 0.300048828
vb0[263]+000 TEXCOORD1: 0.592156887, 0.215686277, 0.835294127, 0.23137255
vb0[263]+000 TEXCOORD2: 0.592156887, 0.215686277, 0.835294127, 0.23137255
vb0[263]+000 TEXCOORD3: 0.592156887, 0.215686277, 0.835294127, 0.23137255
vb0[263]+000 TANGENT: 0.592156887, 0.215686277, 0.835294127, 0.23137255

vb0[264]+000 POSITION: 0.444580078, 0.979003906, 0.22644043, 1
vb0[264]+000 NORMAL: 0.113725491, 0.215686277, 0.835294127, 0.23137255
vb0[264]+000 COLOR: 0.113725491, 0.215686277, 0.835294127, 0.23137255
vb0[264]+012 TEXCOORD: 0.075012207, 0.300048828
vb0[264]+000 TEXCOORD1: 0.113725491, 0.215686277, 0.835294127, 0.23137255
vb0[264]+000 TEXCOORD2: 0.113725491, 0.215686277, 0.835294127, 0.23137255
vb0[264]+000 TEXCOORD3: 0.113725491, 0.215686277, 0.835294127, 0.23137255
vb0[264]+000 TANGENT: 0.113725491, 0.215686277, 0.835294127, 0.23137255

vb0[265]+000 POSITION: 0.403564453, 0.979003906, 0.293212891, 1
vb0[265]+000 NORMAL: 0.458823532, 0.211764708, 0.835294127, 0.23137255
vb0[265]+000 COLOR: 0.458823532, 0.211764708, 0.835294127, 0.23137255
vb0[265]+012 TEXCOORD: 0.0999755859, 0.300048828
vb0[265]+000 TEXCOORD1: 0.458823532, 0.211764708, 0.835294127, 0.23137255
vb0[265]+000 TEXCOORD2: 0.458823532, 0.211764708, 0.835294127, 0.23137255
vb0[265]+000 TEXCOORD3: 0.458823532, 0.211764708, 0.835294127, 0.23137255
vb0[265]+000 TANGENT: 0.458823532, 0.211764708, 0.835294127, 0.23137255

vb0[266]+000 POSITION: 0.352783203, 0.979003906, 0.352783203, 1
vb0[266]+000 NORMAL: 0.647058845, 0.20784314, 0.835294127, 0.23137255
vb0[266]+000 COLOR: 0.647058845, 0.20784314, 0.835294127, 0.23137255
vb0[266]+012 TEXCOORD: 0.125, 0.300048828
vb0[266]+000 TEXCOORD1: 0.647058845, 0.20784314, 0.835294127, 0.23137255
vb0[266]+000 TEXCOORD2: 0.647058845, 0.20784314, 0.835294127, 0.23137255
vb0[266]+000 TEXCOORD3: 0.647058845, 0.20784314, 0.835294127, 0.23137255
vb0[266]+000 TANGENT: 0.647058845, 0.20784314, 0.835294127, 0.23137255

vb0[267]+000 POSITION: 0.293212891, 0.979003906, 0.403564453, 1
vb0[267]+000 NORMAL: 0.694117665, 0.203921571, 0.835294127, 0.23137255
vb0[267]+000 COLOR: 0.694117665, 0.203921571, 0.835294127, 0.23137255
vb0[267]+012 TEXCOORD: 0.150024414, 0.300048828
vb0[267]+000 TEXCOORD1: 0.694117665, 0.203921571, 0.835294127, 0.23137255
vb0[267]+000 TEXCOORD2: 0.694117665, 0.203921571, 0.835294127, 0.23137255
vb0[267]+000 TEXCOORD3: 0.694117665, 0.203921571, 0.835294127, 0.23137255
vb0[267]+000 TANGENT: 0.694117665, 0.203921571, 0.835294127, 0.23137255

vb0[268]+000 POSITION: 0.22644043, 0.979003906, 0.444580078, 1
vb0[268]+000 NORMAL: 0.247058824, 0.200000003, 0.835294127, 0.23137255
vb0[268]+000 COLOR: 0.247058824, 0.200000003, 0.835294127, 0.23137255
vb0[268]+012 TEXCOORD: 0.175048828, 0.300048828
vb0[268]+000 TEXCOORD1: 0.247058824, 0.200000003, 0.835294127, 0.23137255
vb0[268]+000 TEXCOORD2: 0.247058824, 0.200000003, 0.835294127, 0.23137255
vb0[268]+000 TEXCOORD3: 0.247058824, 0.200000003, 0.835294127, 0.23137255
vb0[268]+000 TANGENT: 0.247058824, 0.200000003, 0.835294127, 0.23137255

vb0[269]+000 POSITION: 0.154174805, 0.979003906, 0.474365234, 1
vb0[269]+000 NORMAL: 0.937254906, 0.188235298, 0.835294127, 0.23137255
vb0[269]+000 COLOR: 0.937254906, 0.188235298, 0.835294127, 0.23137255
vb0[269]+012 TEXCOORD: 0.199951172, 0.300048828
vb0[269]+000 TEXCOORD1: 0.937254906, 0.188235298, 0.835294127, 0.23137255
vb0[269]+000 TEXCOORD2: 0.937254906, 0.188235298, 0.835294127, 0.23137255
vb0[269]+000 TEXCOORD3: 0.937254906, 0.188235298, 0.835294127, 0.23137255
vb0[269]+000 TANGENT: 0.937254906, 0.188235298, 0.835294127, 0.23137255

vb0[270]+000 POSITION: 0.0780639648, 0.979003906, 0.492675781, 1
vb0[270]+000 NORMAL: 1, 0.172549024, 0.835294127, 0.23137255
vb0[270]+000 COLOR: 1, 0.172549024, 0.835294127, 0.23137255
vb0[270]+012 TEXCOORD: 0.224975586, 0.300048828
vb0[270]+000 TEXCOORD1: 1, 0.172549024, 0.835294127, 0.23137255
vb0[270]+000 TEXCOORD2: 1, 0.172549024, 0.835294127, 0.23137255
vb0[270]+000 TEXCOORD3: 1, 0.172549024, 0.835294127, 0.23137255
vb0[270]+000 TANGENT: 1, 0.172549024, 0.835294127, 0.23137255

vb0[271]+000 POSITION: -0, 0.979003906, 0.498779297, 1
vb0[271]+000 NORMAL: 0, 0.501960814, 0.835294127, 0.23137255
vb0[271]+000 COLOR: 0, 0.501960814, 0.835294127, 0.23137255
vb0[271]+012 TEXCOORD: 0.25, 0.300048828
vb0[271]+000 TEXCOORD1: 0, 0.501960814, 0.835294127, 0.23137255
vb0[271]+000 TEXCOORD2: 0, 0.501960814, 0.835294127, 0.23137255
vb0[271]+000 TEXCOORD3: 0, 0.501960814, 0.835294127, 0.23137255
vb0[271]+000 TANGENT: 0, 0.501960814, 0.835294127, 0.23137255

vb0[272]+000 POSITION: -0.0780639648, 0.979003906, 0.492675781, 1
vb0[272]+000 NORMAL: 1, 0.674509823, 0.835294127, 0.23137255
vb0[272]+000 COLOR: 1, 0.674509823, 0.835294127, 0.23137255
vb0[272]+012 TEXCOORD: 0.274902344, 0.300048828
vb0[272]+000 TEXCOORD1: 1, 0.674509823, 0.835294127, 0.23137255
vb0[272]+000 TEXCOORD2: 1, 0.674509823, 0.835294127, 0.23137255
vb0[272]+000 TEXCOORD3: 1, 0.674509823, 0.835294127, 0.23137255
vb0[272]+000 TANGENT: 1, 0.674509823, 0.835294127, 0.23137255

vb0[273]+000 POSITION: -0.154174805, 0.979003906, 0.474365234, 1
vb0[273]+000 NORMAL: 0.937254906, 0.690196097, 0.835294127, 0.23137255
vb0[273]+000 COLOR: 0.937254906, 0.690196097, 0.835294127, 0.23137255
vb0[273]+012 TEXCOORD: 0.300048828, 0.300048828
vb0[273]+000 TEXCOORD1: 0.937254906, 0.690196097, 0.835294127, 0.23137255
vb0[273]+000 TEXCOORD2: 0.937254906, 0.690196097, 0.835294127, 0.23137255
vb0[273]+000 TEXCOORD3: 0.937254906, 0.690196097, 0.835294127, 0.23137255
vb0[273]+000 TANGENT: 0.937254906, 0.690196097, 0.835294127, 0.23137255

vb0[274]+000 POSITION: -0.22644043, 0.979003906, 0.444580078, 1
vb0[274]+000 NORMAL: 0.247058824, 0.701960802, 0.835294127, 0.23137255
vb0[274]+000 COLOR: 0.247058824, 0.701960802, 0.835294127, 0.23137255
vb0[274]+012 TEXCOORD: 0.324951172, 0.300048828
vb0[274]+000 TEXCOORD1: 0.247058824, 0.701960802, 0.835294127, 0.23137255
vb0[274]+000 TEXCOORD2: 0.247058824, 0.701960802, 0.835294127, 0.23137255
vb0[274]+000 TEXCOORD3: 0.247058824, 0.701960802, 0.835294127, 0.23137255
vb0[274]+000 TANGENT: 0.247058824, 0.701960802, 0.835294127, 0.23137255

vb0[275]+000 POSITION: -0.293212891, 0.979003906, 0.403564453, 1
vb0[275]+000 NORMAL: 0.694117665, 0.70588237, 0.835294127, 0.23137255
vb0[275]+000 COLOR: 0.694117665, 0.70588237, 0.835294127, 0.23137255
vb0[275]+012 TEXCOORD: 0.350097656, 0.300048828
vb0[275]+000 TEXCOORD1: 0.694117665, 0.70588237, 0.835294127, 0.23137255
vb0[275]+000 TEXCOORD2: 0.694117665, 0.70588237, 0.835294127, 0.23137255
vb0[275]+000 TEXCOORD3: 0.694117665, 0.70588237, 0.835294127, 0.23137255
vb0[275]+000 TANGENT: 0.694117665, 0.70588237, 0.835294127, 0.23137255

vb0[276]+000 POSITION: -0.352783203, 0.979003906, 0.352783203, 1
vb0[276]+000 NORMAL: 0.647058845, 0.709803939, 0.835294127, 0.23137255
vb0[276]+000 COLOR: 0.647058845, 0.709803939, 0.835294127, 0.23137255
vb0[276]+012 TEXCOORD: 0.375, 0.300048828
vb0[276]+000 TEXCOORD1: 0.647058845, 0.709803939, 0.835294127, 0.23137255
vb0[276]+000 TEXCOORD2: 0.647058845, 0.709803939, 0.835294127, 0.23137255
vb0[276]+000 TEXCOORD3: 0.647058845, 0.709803939, 0.835294127, 0.23137255
vb0[276]+000 TANGENT: 0.647058845, 0.709803939, 0.835294127, 0.23137255

vb0[277]+000 POSITION: -0.403564453, 0.979003906, 0.293212891, 1
vb0[277]+000 NORMAL: 0.458823532, 0.713725507, 0.835294127, 0.23137255
vb0[277]+000 COLOR: 0.458823532, 0.713725507, 0.835294127, 0.23137255
vb0[277]+012 TEXCOORD: 0.399902344, 0.300048828
vb0[277]+000 TEXCOORD1: 0.458823532, 0.713725507, 0.835294127, 0.23137255
vb0[277]+000 TEXCOORD2: 0.458823532, 0.713725507, 0.835294127, 0.23137255
vb0[277]+000 TEXCOORD3: 0.458823532, 0.713725507, 0.835294127, 0.23137255
vb0[277]+000 TANGENT: 0.458823532, 0.713725507, 0.835294127, 0.23137255

vb0[278]+000 POSITION: -0.444580078, 0.979003906, 0.22644043, 1
vb0[278]+000 NORMAL: 0.113725491, 0.717647076, 0.835294127, 0.23137255
vb0[278]+000 COLOR: 0.113725491, 0.717647076, 0.835294127, 0.23137255
vb0[278]+012 TEXCOORD: 0.425048828, 0.300048828
vb0[278]+000 TEXCOORD1: 0.113725491, 0.717647076, 0.835294127, 0.23137255
vb0[278]+000 TEXCOORD2: 0.113725491, 0.717647076, 0.835294127, 0.23137255
vb0[278]+000 TEXCOORD3: 0.113725491, 0.717647076, 0.835294127, 0.23137255
vb0[278]+000 TANGENT: 0.113725491, 0.717647076, 0.835294127, 0.23137255

vb0[279]+000 POSITION: -0.474365234, 0.979003906, 0.154174805, 1
vb0[279]+000 NORMAL: 0.592156887, 0.717647076, 0.835294127, 0.23137255
vb0[279]+000 COLOR: 0.592156887, 0.717647076, 0.835294127, 0.23137255
vb0[279]+012 TEXCOORD: 0.449951172, 0.300048828
vb0[279]+000 TEXCOORD1: 0.592156887, 0.717647076, 0.835294127, 0.23137255
vb0[279]+000 TEXCOORD2: 0.592156887, 0.717647076, 0.835294127, 0.23137255
vb0[279]+000 TEXCOORD3: 0.592156887, 0.717647076, 0.835294127, 0.23137255
vb0[279]+000 TANGENT: 0.592156887, 0.717647076, 0.835294127, 0.23137255

vb0[280]+000 POSITION: -0.492675781, 0.979003906, 0.0780639648, 1
vb0[280]+000 NORMAL: 0.886274517, 0.717647076, 0.835294127, 0.23137255
vb0[280]+000 COLOR: 0.886274517, 0.717647076, 0.835294127, 0.23137255
vb0[280]+012 TEXCOORD: 0.475097656, 0.300048828
vb0[280]+000 TEXCOORD1: 0.886274517, 0.717647076, 0.835294127, 0.23137255
vb0[280]+000 TEXCOORD2: 0.886274517, 0.717647076, 0.835294127, 0.23137255
vb0[280]+000 TEXCOORD3: 0.886274517, 0.717647076, 0.835294127, 0.23137255
vb0[280]+000 TANGENT: 0.886274517, 0.717647076, 0.835294127, 0.23137255

vb0[281]+000 POSITION: -0.498779297, 0.979003906, -1.1479437e-41, 1
vb0[281]+000 NORMAL: 0.984313726, 0.717647076, 0.835294127, 0.23137255
vb0[281]+000 COLOR: 0.984313726, 0.717647076, 0.835294127, 0.23137255
vb0[281]+012 TEXCOORD: 0.5, 0.300048828
vb0[281]+000 TEXCOORD1: 0.984313726, 0.717647076, 0.835294127, 0.23137255
vb0[281]+000 TEXCOORD2: 0.984313726, 0.717647076, 0.835294127, 0.23137255
vb0[281]+000 TEXCOORD3: 0.984313726, 0.717647076, 0.835294127, 0.23137255
vb0[281]+000 TANGENT: 0.984313726, 0.717647076, 0.835294127, 0.23137255

vb0[282]+000 POSITION: -0.492675781, 0.979003906, -0.0780639648, 1
vb0[282]+000 NORMAL: 0.886274517, 0.717647076, 0.835294127, 0.23137255
vb0[282]+000 COLOR: 0.886274517, 0.717647076, 0.835294127, 0.23137255
vb0[282]+012 TEXCOORD: 0.524902344, 0.300048828
vb0[282]+000 TEXCOORD1: 0.886274517, 0.717647076, 0.835294127, 0.23137255
vb0[282]+000 TEXCOORD2: 0.886274517, 0.717647076, 0.835294127, 0.23137255
vb0[282]+000 TEXCOORD3: 0.886274517, 0.717647076, 0.835294127, 0.23137255
vb0[282]+000 TANGENT: 0.886274517, 0.717647076, 0.835294127, 0.23137255

vb0[283]+000 POSITION: -0.474365234, 0.979003906, -0.154174805, 1
vb0[283]+000 NORMAL: 0.592156887, 0.717647076, 0.835294127, 0.23137255
vb0[283]+000 COLOR: 0.592156887, 0.717647076, 0.835294127, 0.23137255
vb0[283]+012 TEXCOORD: 0.549804688, 0.300048828
vb0[283]+000 TEXCOORD1: 0.592156887, 0.717647076, 0.835294127, 0.23137255
vb0[283]+000 TEXCOORD2: 0.592156887, 0.717647076, 0.835294127, 0.23137255
vb0[283]+000 TEXCOORD3: 0.592156887, 0.717647076, 0.835294127, 0.23137255
vb0[283]+000 TANGENT: 0.592156887, 0.717647076, 0.835294127, 0.23137255

vb0[284]+000 POSITION: -0.444580078, 0.979003906, -0.22644043, 1
vb0[284]+000 NORMAL: 0.113725491, 0.717647076, 0.835294127, 0.23137255
vb0[284]+000 COLOR: 0.113725491, 0.717647076, 0.835294127, 0.23137255
vb0[284]+012 TEXCOORD: 0.575195313, 0.300048828
vb0[284]+000 TEXCOORD1: 0.113725491, 0.717647076, 0.835294127, 0.23137255
vb0[284]+000 TEXCOORD2: 0.113725491, 0.717647076, 0.835294127, 0.23137255
vb0[284]+000 TEXCOORD3: 0.113725491, 0.717647076, 0.835294127, 0.23137255
vb0[284]+000 TANGENT: 0.113725491, 0.717647076, 0.835294127, 0.23137255

vb0[285]+000 POSITION: -0.403564453, 0.979003906, -0.293212891, 1
vb0[285]+000 NORMAL: 0.458823532, 0.713725507, 0.835294127, 0.23137255
vb0[285]+000 COLOR: 0.458823532, 0.713725507, 0.835294127, 0.23137255
vb0[285]+012 TEXCOORD: 0.600097656, 0.300048828
vb0[285]+000 TEXCOORD1: 0.458823532, 0.713725507, 0.835294127, 0.23137255
vb0[285]+000 TEXCOORD2: 0.458823532, 0.713725507, 0.835294127, 0.23137255
vb0[285]+000 TEXCOORD3: 0.458823532, 0.713725507, 0.835294127, 0.23137255
vb0[285]+000 TANGENT: 0.458823532, 0.713725507, 0.835294127, 0.23137255

vb0[286]+000 POSITION: -0.352783203, 0.979003906, -0.352783203, 1
vb0[286]+000 NORMAL: 0.647058845, 0.709803939, 0.835294127, 0.23137255
vb0[286]+000 COLOR: 0.647058845, 0.709803939, 0.835294127, 0.23137255
vb0[286]+012 TEXCOORD: 0.625, 0.300048828
vb0[286]+000 TEXCOORD1: 0.647058845, 0.709803939, 0.835294127, 0.23137255
vb0[286]+000 TEXCOORD2: 0.647058845, 0.709803939, 0.835294127, 0.23137255
vb0[286]+000 TEXCOORD3: 0.647058845, 0.709803939, 0.835294127, 0.23137255
vb0[286]+000 TANGENT: 0.647058845, 0.709803939, 0.835294127, 0.23137255

vb0[287]+000 POSITION: -0.572265625, 0.937011719, 0.0450439453, 1
vb0[287]+000 NORMAL: 0.580392182, 0.721568644, 0.498039216, 0.23137255
vb0[287]+000 COLOR: 0.580392182, 0.721568644, 0.498039216, 0.23137255
vb0[287]+012 TEXCOORD: 0.487548828, 0.350097656
vb0[287]+000 TEXCOORD1: 0.580392182, 0.721568644, 0.498039216, 0.23137255
vb0[287]+000 TEXCOORD2: 0.580392182, 0.721568644, 0.498039216, 0.23137255
vb0[287]+000 TEXCOORD3: 0.580392182, 0.721568644, 0.498039216, 0.23137255
vb0[287]+000 TANGENT: 0.580392182, 0.721568644, 0.498039216, 0.23137255

vb0[288]+000 POSITION: -0.558105469, 0.937011719, 0.134033203, 1
vb0[288]+000 NORMAL: 0.466666669, 0.721568644, 0.498039216, 0.23137255
vb0[288]+000 COLOR: 0.466666669, 0.721568644, 0.498039216, 0.23137255
vb0[288]+012 TEXCOORD: 0.462402344, 0.350097656
vb0[288]+000 TEXCOORD1: 0.466666669, 0.721568644, 0.498039216, 0.23137255
vb0[288]+000 TEXCOORD2: 0.466666669, 0.721568644, 0.498039216, 0.23137255
vb0[288]+000 TEXCOORD3: 0.466666669, 0.721568644, 0.498039216, 0.23137255
vb0[288]+000 TANGENT: 0.466666669, 0.721568644, 0.498039216, 0.23137255

vb0[289]+000 POSITION: -0.572265625, 0.937011719, -0.0450439453, 1
vb0[289]+000 NORMAL: 0.580392182, 0.721568644, 0.498039216, 0.23137255
vb0[289]+000 COLOR: 0.580392182, 0.721568644, 0.498039216, 0.23137255
vb0[289]+012 TEXCOORD: 0.512695313, 0.350097656
vb0[289]+000 TEXCOORD1: 0.580392182, 0.721568644, 0.498039216, 0.23137255
vb0[289]+000 TEXCOORD2: 0.580392182, 0.721568644, 0.498039216, 0.23137255
vb0[289]+000 TEXCOORD3: 0.580392182, 0.721568644, 0.498039216, 0.23137255
vb0[289]+000 TANGENT: 0.580392182, 0.721568644, 0.498039216, 0.23137255

vb0[290]+000 POSITION: -0.558105469, 0.937011719, -0.134033203, 1
vb0[290]+000 NORMAL: 0.466666669, 0.721568644, 0.498039216, 0.23137255
vb0[290]+000 COLOR: 0.466666669, 0.721568644, 0.498039216, 0.23137255
vb0[290]+012 TEXCOORD: 0.537597656, 0.350097656
vb0[290]+000 TEXCOORD1: 0.466666669, 0.721568644, 0.498039216, 0.23137255
vb0[290]+000 TEXCOORD2: 0.466666669, 0.721568644, 0.498039216, 0.23137255
vb0[290]+000 TEXCOORD3: 0.466666669, 0.721568644, 0.498039216, 0.23137255
vb0[290]+000 TANGENT: 0.466666669, 0.721568644, 0.498039216, 0.23137255

vb0[291]+000 POSITION: -0.530273438, 0.937011719, -0.219726563, 1
vb0[291]+000 NORMAL: 0.243137255, 0.721568644, 0.498039216, 0.23137255
vb0[291]+000 COLOR: 0.243137255, 0.721568644, 0.498039216, 0.23137255
vb0[291]+012 TEXCOORD: 0.5625, 0.350097656
vb0[291]+000 TEXCOORD1: 0.243137255, 0.721568644, 0.498039216, 0.23137255
vb0[291]+000 TEXCOORD2: 0.243137255, 0.721568644, 0.498039216, 0.23137255
vb0[291]+000 TEXCOORD3: 0.243137255, 0.721568644, 0.498039216, 0.23137255
vb0[291]+000 TANGENT: 0.243137255, 0.721568644, 0.498039216, 0.23137255

vb0[292]+000 POSITION: -0.489501953, 0.937011719, -0.300048828, 1
vb0[292]+000 NORMAL: 0.835294127, 0.717647076, 0.498039216, 0.23137255
vb0[292]+000 COLOR: 0.835294127, 0.717647076, 0.498039216, 0.23137255
vb0[292]+012 TEXCOORD: 0.587402344, 0.350097656
vb0[292]+000 TEXCOORD1: 0.835294127, 0.717647076, 0.498039216, 0.23137255
vb0[292]+000 TEXCOORD2: 0.835294127, 0.717647076, 0.498039216, 0.23137255
vb0[292]+000 TEXCOORD3: 0.835294127, 0.717647076, 0.498039216, 0.23137255
vb0[292]+000 TANGENT: 0.835294127, 0.717647076, 0.498039216, 0.23137255

vb0[293]+000 POSITION: -0.436523438, 0.937011719, -0.372802734, 1
vb0[293]+000 NORMAL: 0.988235295, 0.713725507, 0.498039216, 0.23137255
vb0[293]+000 COLOR: 0.988235295, 0.713725507, 0.498039216, 0.23137255
vb0[293]+012 TEXCOORD: 0.612304688, 0.350097656
vb0[293]+000 TEXCOORD1: 0.988235295, 0.713725507, 0.498039216, 0.23137255
vb0[293]+000 TEXCOORD2: 0.988235295, 0.713725507, 0.498039216, 0.23137255
vb0[293]+000 TEXCOORD3: 0.988235295, 0.713725507, 0.498039216, 0.23137255
vb0[293]+000 TANGENT: 0.988235295, 0.713725507, 0.498039216, 0.23137255

vb0[294]+000 POSITION: -0.372802734, 0.937011719, -0.436523438, 1
vb0[294]+000 NORMAL: 0.968627453, 0.709803939, 0.498039216, 0.23137255
vb0[294]+000 COLOR: 0.968627453, 0.709803939, 0.498039216, 0.23137255
vb0[294]+012 TEXCOORD: 0.637695313, 0.350097656
vb0[294]+000 TEXCOORD1: 0.968627453, 0.709803939, 0.498039216, 0.23137255
vb0[294]+000 TEXCOORD2: 0.968627453, 0.709803939, 0.498039216, 0.23137255
vb0[294]+000 TEXCOORD3: 0.968627453, 0.709803939, 0.498039216, 0.23137255
vb0[294]+000 TANGENT: 0.968627453, 0.709803939, 0.498039216, 0.23137255

vb0[295]+000 POSITION: -0.300048828, 0.937011719, -0.489501953, 1
vb0[295]+000 NORMAL: 0.80392158, 0.70588237, 0.498039216, 0.23137255
vb0[295]+000 COLOR: 0.80392158, 0.70588237, 0.498039216, 0.23137255
vb0[295]+012 TEXCOORD: 0.662597656, 0.350097656
vb0[295]+000 TEXCOORD1: 0.80392158, 0.70588237, 0.498039216, 0.23137255
vb0[295]+000 TEXCOORD2: 0.80392158, 0.70588237, 0.498039216, 0.23137255
vb0[295]+000 TEXCOORD3: 0.80392158, 0.70588237, 0.498039216, 0.23137255
vb0[295]+000 TANGENT: 0.80392158, 0.70588237, 0.498039216, 0.23137255

vb0[296]+000 POSITION: -0.219726563, 0.937011719, -0.530273438, 1
vb0[296]+000 NORMAL: 0.0313725509, 0.701960802, 0.498039216, 0.23137255
vb0[296]+000 COLOR: 0.0313725509, 0.701960802, 0.498039216, 0.23137255
vb0[296]+012 TEXCOORD: 0.6875, 0.350097656
vb0[296]+000 TEXCOORD1: 0.0313725509, 0.701960802, 0.498039216, 0.23137255
vb0[296]+000 TEXCOORD2: 0.0313725509, 0.701960802, 0.498039216, 0.23137255
vb0[296]+000 TEXCOORD3: 0.0313725509, 0.701960802, 0.498039216, 0.23137255
vb0[296]+000 TANGENT: 0.0313725509, 0.701960802, 0.498039216, 0.23137255

vb0[297]+000 POSITION: -0.134033203, 0.937011719, -0.558105469, 1
vb0[297]+000 NORMAL: 0.290196091, 0.690196097, 0.498039216, 0.23137255
vb0[297]+000 COLOR: 0.290196091, 0.690196097, 0.498039216, 0.23137255
vb0[297]+012 TEXCOORD: 0.712402344, 0.350097656
vb0[297]+000 TEXCOORD1: 0.290196091, 0.690196097, 0.498039216, 0.23137255
vb0[297]+000 TEXCOORD2: 0.290196091, 0.690196097, 0.498039216, 0.23137255
vb0[297]+000 TEXCOORD3: 0.290196091, 0.690196097, 0.498039216, 0.23137255
vb0[297]+000 TANGENT: 0.290196091, 0.690196097, 0.498039216, 0.23137255

vb0[298]+000 POSITION: -0.0450439453, 0.937011719, -0.572265625, 1
vb0[298]+000 NORMAL: 0.768627465, 0.662745118, 0.498039216, 0.23137255
vb0[298]+000 COLOR: 0.768627465, 0.662745118, 0.498039216, 0.23137255
vb0[298]+012 TEXCOORD: 0.737304688, 0.350097656
vb0[298]+000 TEXCOORD1: 0.768627465, 0.662745118, 0.498039216, 0.23137255
vb0[298]+000 TEXCOORD2: 0.768627465, 0.662745118, 0.498039216, 0.23137255
vb0[298]+000 TEXCOORD3: 0.768627465, 0.662745118, 0.498039216, 0.23137255
vb0[298]+000 TANGENT: 0.768627465, 0.662745118, 0.498039216, 0.23137255

vb0[299]+000 POSITION: -0.638183594, 0.889160156, -0.101074219, 1
vb0[299]+000 NORMAL: 0.105882354, 0.725490212, 0.113725491, 0.23137255
vb0[299]+000 COLOR: 0.105882354, 0.725490212, 0.113725491, 0.23137255
vb0[299]+012 TEXCOORD: 0.524902344, 0.399902344
vb0[299]+000 TEXCOORD1: 0.105882354, 0.725490212, 0.113725491, 0.23137255
vb0[299]+000 TEXCOORD2: 0.105882354, 0.725490212, 0.113725491, 0.23137255
vb0[299]+000 TEXCOORD3: 0.105882354, 0.725490212, 0.113725491, 0.23137255
vb0[299]+000 TANGENT: 0.105882354, 0.725490212, 0.113725491, 0.23137255

vb0[300]+000 POSITION: -0.645996094, 0.889160156, -1.1479437e-41, 1
vb0[300]+000 NORMAL: 0.168627456, 0.725490212, 0.113725491, 0.23137255
vb0[300]+000 COLOR: 0.168627456, 0.725490212, 0.113725491, 0.23137255
vb0[300]+012 TEXCOORD: 0.5, 0.399902344
vb0[300]+000 TEXCOORD1: 0.168627456, 0.725490212, 0.113725491, 0.23137255
vb0[300]+000 TEXCOORD2: 0.168627456, 0.725490212, 0.113725491, 0.23137255
vb0[300]+000 TEXCOORD3: 0.168627456, 0.725490212, 0.113725491, 0.23137255
vb0[300]+000 TANGENT: 0.168627456, 0.725490212, 0.113725491, 0.23137255

vb0[301]+000 POSITION: -0.614257813, 0.889160156, -0.199584961, 1
vb0[301]+000 NORMAL: 0.917647064, 0.721568644, 0.113725491, 0.23137255
vb0[301]+000 COLOR: 0.917647064, 0.721568644, 0.113725491, 0.23137255
vb0[301]+012 TEXCOORD: 0.549804688, 0.399902344
vb0[301]+000 TEXCOORD1: 0.917647064, 0.721568644, 0.113725491, 0.23137255
vb0[301]+000 TEXCOORD2: 0.917647064, 0.721568644, 0.113725491, 0.23137255
vb0[301]+000 TEXCOORD3: 0.917647064, 0.721568644, 0.113725491, 0.23137255
vb0[301]+000 TANGENT: 0.917647064, 0.721568644, 0.113725491, 0.23137255

vb0[302]+000 POSITION: -0.522460938, 0.889160156, -0.379638672, 1
vb0[302]+000 NORMAL: 0.180392161, 0.721568644, 0.113725491, 0.23137255
vb0[302]+000 COLOR: 0.180392161, 0.721568644, 0.113725491, 0.23137255
vb0[302]+012 TEXCOORD: 0.600097656, 0.399902344
vb0[302]+000 TEXCOORD1: 0.180392161, 0.721568644, 0.113725491, 0.23137255
vb0[302]+000 TEXCOORD2: 0.180392161, 0.721568644, 0.113725491, 0.23137255
vb0[302]+000 TEXCOORD3: 0.180392161, 0.721568644, 0.113725491, 0.23137255
vb0[302]+000 TANGENT: 0.180392161, 0.721568644, 0.113725491, 0.23137255

vb0[303]+000 POSITION: -0.456787109, 0.889160156, -0.456787109, 1
vb0[303]+000 NORMAL: 0.309803933, 0.717647076, 0.113725491, 0.23137255
vb0[303]+000 COLOR: 0.309803933, 0.717647076, 0.113725491, 0.23137255
vb0[303]+012 TEXCOORD: 0.625, 0.399902344
vb0[303]+000 TEXCOORD1: 0.309803933, 0.717647076, 0.113725491, 0.23137255
vb0[303]+000 TEXCOORD2: 0.309803933, 0.717647076, 0.113725491, 0.23137255
vb0[303]+000 TEXCOORD3: 0.309803933, 0.717647076, 0.113725491, 0.23137255
vb0[303]+000 TANGENT: 0.309803933, 0.717647076, 0.113725491, 0.23137255

vb0[304]+000 POSITION: -0.293212891, 0.889160156, -0.575683594, 1
vb0[304]+000 NORMAL: 0.694117665, 0.70588237, 0.113725491, 0.23137255
vb0[304]+000 COLOR: 0.694117665, 0.70588237, 0.113725491, 0.23137255
vb0[304]+012 TEXCOORD: 0.674804688, 0.399902344
vb0[304]+000 TEXCOORD1: 0.694117665, 0.70588237, 0.113725491, 0.23137255
vb0[304]+000 TEXCOORD2: 0.694117665, 0.70588237, 0.113725491, 0.23137255
vb0[304]+000 TEXCOORD3: 0.694117665, 0.70588237, 0.113725491, 0.23137255
vb0[304]+000 TANGENT: 0.694117665, 0.70588237, 0.113725491, 0.23137255

vb0[305]+000 POSITION: -0.199584961, 0.889160156, -0.614257813, 1
vb0[305]+000 NORMAL: 0.388235301, 0.698039234, 0.113725491, 0.23137255
vb0[305]+000 COLOR: 0.388235301, 0.698039234, 0.113725491, 0.23137255
vb0[305]+012 TEXCOORD: 0.700195313, 0.399902344
vb0[305]+000 TEXCOORD1: 0.388235301, 0.698039234, 0.113725491, 0.23137255
vb0[305]+000 TEXCOORD2: 0.388235301, 0.698039234, 0.113725491, 0.23137255
vb0[305]+000 TEXCOORD3: 0.388235301, 0.698039234, 0.113725491, 0.23137255
vb0[305]+000 TANGENT: 0.388235301, 0.698039234, 0.113725491, 0.23137255

vb0[306]+000 POSITION: -0.101074219, 0.889160156, -0.638183594, 1
vb0[306]+000 NORMAL: 0.470588237, 0.68235296, 0.113725491, 0.23137255
vb0[306]+000 COLOR: 0.470588237, 0.68235296, 0.113725491, 0.23137255
vb0[306]+012 TEXCOORD: 0.725097656, 0.399902344
vb0[306]+000 TEXCOORD1: 0.470588237, 0.68235296, 0.113725491, 0.23137255
vb0[306]+000 TEXCOORD2: 0.470588237, 0.68235296, 0.113725491, 0.23137255
vb0[306]+000 TEXCOORD3: 0.470588237, 0.68235296, 0.113725491, 0.23137255
vb0[306]+000 TANGENT: 0.470588237, 0.68235296, 0.113725491, 0.23137255

vb0[307]+000 POSITION: 0, 0.889160156, -0.645996094, 1
vb0[307]+000 NORMAL: 0, 0, 0.113725491, 0.23137255
vb0[307]+000 COLOR: 0, 0, 0.113725491, 0.23137255
vb0[307]+012 TEXCOORD: 0.75, 0.399902344
vb0[307]+000 TEXCOORD1: 0, 0, 0.113725491, 0.23137255
vb0[307]+000 TEXCOORD2: 0, 0, 0.113725491, 0.23137255
vb0[307]+000 TEXCOORD3: 0, 0, 0.113725491, 0.23137255
vb0[307]+000 TANGENT: 0, 0, 0.113725491, 0.23137255

vb0[308]+000 POSITION: 0.101074219, 0.889160156, -0.638183594, 1
vb0[308]+000 NORMAL: 0.470588237, 0.180392161, 0.113725491, 0.23137255
vb0[308]+000 COLOR: 0.470588237, 0.180392161, 0.113725491, 0.23137255
vb0[308]+012 TEXCOORD: 0.774902344, 0.399902344
vb0[308]+000 TEXCOORD1: 0.470588237, 0.180392161, 0.113725491, 0.23137255
vb0[308]+000 TEXCOORD2: 0.470588237, 0.180392161, 0.113725491, 0.23137255
vb0[308]+000 TEXCOORD3: 0.470588237, 0.180392161, 0.113725491, 0.23137255
vb0[308]+000 TANGENT: 0.470588237, 0.180392161, 0.113725491, 0.23137255

vb0[309]+000 POSITION: 0.199584961, 0.889160156, -0.614257813, 1
vb0[309]+000 NORMAL: 0.388235301, 0.196078435, 0.113725491, 0.23137255
vb0[309]+000 COLOR: 0.388235301, 0.196078435, 0.113725491, 0.23137255
vb0[309]+012 TEXCOORD: 0.799804688, 0.399902344
vb0[309]+000 TEXCOORD1: 0.388235301, 0.196078435, 0.113725491, 0.23137255
vb0[309]+000 TEXCOORD2: 0.388235301, 0.196078435, 0.113725491, 0.23137255
vb0[309]+000 TEXCOORD3: 0.388235301, 0.196078435, 0.113725491, 0.23137255
vb0[309]+000 TANGENT: 0.388235301, 0.196078435, 0.113725491, 0.23137255

vb0[310]+000 POSITION: 0.219726563, 0.937011719, -0.530273438, 1
vb0[310]+000 NORMAL: 0.0313725509, 0.200000003, 0.498039216, 0.23137255
vb0[310]+000 COLOR: 0.0313725509, 0.200000003, 0.498039216, 0.23137255
vb0[310]+012 TEXCOORD: 0.8125, 0.350097656
vb0[310]+000 TEXCOORD1: 0.0313725509, 0.200000003, 0.498039216, 0.23137255
vb0[310]+000 TEXCOORD2: 0.0313725509, 0.200000003, 0.498039216, 0.23137255
vb0[310]+000 TEXCOORD3: 0.0313725509, 0.200000003, 0.498039216, 0.23137255
vb0[310]+000 TANGENT: 0.0313725509, 0.200000003, 0.498039216, 0.23137255

vb0[311]+000 POSITION: 0.22644043, 0.979003906, -0.444580078, 1
vb0[311]+000 NORMAL: 0.247058824, 0.200000003, 0.835294127, 0.23137255
vb0[311]+000 COLOR: 0.247058824, 0.200000003, 0.835294127, 0.23137255
vb0[311]+012 TEXCOORD: 0.825195313, 0.300048828
vb0[311]+000 TEXCOORD1: 0.247058824, 0.200000003, 0.835294127, 0.23137255
vb0[311]+000 TEXCOORD2: 0.247058824, 0.200000003, 0.835294127, 0.23137255
vb0[311]+000 TEXCOORD3: 0.247058824, 0.200000003, 0.835294127, 0.23137255
vb0[311]+000 TANGENT: 0.247058824, 0.200000003, 0.835294127, 0.23137255

vb0[312]+000 POSITION: 0.300048828, 0.937011719, -0.489501953, 1
vb0[312]+000 NORMAL: 0.80392158, 0.203921571, 0.498039216, 0.23137255
vb0[312]+000 COLOR: 0.80392158, 0.203921571, 0.498039216, 0.23137255
vb0[312]+012 TEXCOORD: 0.837402344, 0.350097656
vb0[312]+000 TEXCOORD1: 0.80392158, 0.203921571, 0.498039216, 0.23137255
vb0[312]+000 TEXCOORD2: 0.80392158, 0.203921571, 0.498039216, 0.23137255
vb0[312]+000 TEXCOORD3: 0.80392158, 0.203921571, 0.498039216, 0.23137255
vb0[312]+000 TANGENT: 0.80392158, 0.203921571, 0.498039216, 0.23137255

vb0[313]+000 POSITION: 0.372802734, 0.937011719, -0.436523438, 1
vb0[313]+000 NORMAL: 0.968627453, 0.20784314, 0.498039216, 0.23137255
vb0[313]+000 COLOR: 0.968627453, 0.20784314, 0.498039216, 0.23137255
vb0[313]+012 TEXCOORD: 0.862304688, 0.350097656
vb0[313]+000 TEXCOORD1: 0.968627453, 0.20784314, 0.498039216, 0.23137255
vb0[313]+000 TEXCOORD2: 0.968627453, 0.20784314, 0.498039216, 0.23137255
vb0[313]+000 TEXCOORD3: 0.968627453, 0.20784314, 0.498039216, 0.23137255
vb0[313]+000 TANGENT: 0.968627453, 0.20784314, 0.498039216, 0.23137255

vb0[314]+000 POSITION: 0.436523438, 0.937011719, -0.372802734, 1
vb0[314]+000 NORMAL: 0.988235295, 0.211764708, 0.498039216, 0.23137255
vb0[314]+000 COLOR: 0.988235295, 0.211764708, 0.498039216, 0.23137255
vb0[314]+012 TEXCOORD: 0.887695313, 0.350097656
vb0[314]+000 TEXCOORD1: 0.988235295, 0.211764708, 0.498039216, 0.23137255
vb0[314]+000 TEXCOORD2: 0.988235295, 0.211764708, 0.498039216, 0.23137255
vb0[314]+000 TEXCOORD3: 0.988235295, 0.211764708, 0.498039216, 0.23137255
vb0[314]+000 TANGENT: 0.988235295, 0.211764708, 0.498039216, 0.23137255

vb0[315]+000 POSITION: 0.489501953, 0.937011719, -0.300048828, 1
vb0[315]+000 NORMAL: 0.835294127, 0.215686277, 0.498039216, 0.23137255
vb0[315]+000 COLOR: 0.835294127, 0.215686277, 0.498039216, 0.23137255
vb0[315]+012 TEXCOORD: 0.912597656, 0.350097656
vb0[315]+000 TEXCOORD1: 0.835294127, 0.215686277, 0.498039216, 0.23137255
vb0[315]+000 TEXCOORD2: 0.835294127, 0.215686277, 0.498039216, 0.23137255
vb0[315]+000 TEXCOORD3: 0.835294127, 0.215686277, 0.498039216, 0.23137255
vb0[315]+000 TANGENT: 0.835294127, 0.215686277, 0.498039216, 0.23137255

vb0[316]+000 POSITION: 0.293212891, 0.889160156, -0.575683594, 1
vb0[316]+000 NORMAL: 0.694117665, 0.203921571, 0.113725491, 0.23137255
vb0[316]+000 COLOR: 0.694117665, 0.203921571, 0.113725491, 0.23137255
vb0[316]+012 TEXCOORD: 0.825195313, 0.399902344
vb0[316]+000 TEXCOORD1: 0.694117665, 0.203921571, 0.113725491, 0.23137255
vb0[316]+000 TEXCOORD2: 0.694117665, 0.203921571, 0.113725491, 0.23137255
vb0[316]+000 TEXCOORD3: 0.694117665, 0.203921571, 0.113725491, 0.23137255
vb0[316]+000 TANGENT: 0.694117665, 0.203921571, 0.113725491, 0.23137255

vb0[317]+000 POSITION: 0.379638672, 0.889160156, -0.522460938, 1
vb0[317]+000 NORMAL: 0.0745098069, 0.211764708, 0.113725491, 0.23137255
vb0[317]+000 COLOR: 0.0745098069, 0.211764708, 0.113725491, 0.23137255
vb0[317]+012 TEXCOORD: 0.850097656, 0.399902344
vb0[317]+000 TEXCOORD1: 0.0745098069, 0.211764708, 0.113725491, 0.23137255
vb0[317]+000 TEXCOORD2: 0.0745098069, 0.211764708, 0.113725491, 0.23137255
vb0[317]+000 TEXCOORD3: 0.0745098069, 0.211764708, 0.113725491, 0.23137255
vb0[317]+000 TANGENT: 0.0745098069, 0.211764708, 0.113725491, 0.23137255

vb0[318]+000 POSITION: 0.456787109, 0.889160156, -0.456787109, 1
vb0[318]+000 NORMAL: 0.309803933, 0.215686277, 0.113725491, 0.23137255
vb0[318]+000 COLOR: 0.309803933, 0.215686277, 0.113725491, 0.23137255
vb0[318]+012 TEXCOORD: 0.875, 0.399902344
vb0[318]+000 TEXCOORD1: 0.309803933, 0.215686277, 0.113725491, 0.23137255
vb0[318]+000 TEXCOORD2: 0.309803933, 0.215686277, 0.113725491, 0.23137255
vb0[318]+000 TEXCOORD3: 0.309803933, 0.215686277, 0.113725491, 0.23137255
vb0[318]+000 TANGENT: 0.309803933, 0.215686277, 0.113725491, 0.23137255

vb0[319]+000 POSITION: 0.522460938, 0.889160156, -0.379638672, 1
vb0[319]+000 NORMAL: 0.180392161, 0.219607845, 0.113725491, 0.23137255
vb0[319]+000 COLOR: 0.180392161, 0.219607845, 0.113725491, 0.23137255
vb0[319]+012 TEXCOORD: 0.899902344, 0.399902344
vb0[319]+000 TEXCOORD1: 0.180392161, 0.219607845, 0.113725491, 0.23137255
vb0[319]+000 TEXCOORD2: 0.180392161, 0.219607845, 0.113725491, 0.23137255
vb0[319]+000 TEXCOORD3: 0.180392161, 0.219607845, 0.113725491, 0.23137255
vb0[319]+000 TANGENT: 0.180392161, 0.219607845, 0.113725491, 0.23137255

vb0[320]+000 POSITION: 0.372802734, 0.835449219, -0.608398438, 1
vb0[320]+000 NORMAL: 0.968627453, 0.20784314, 0.686274529, 0.227450982
vb0[320]+000 COLOR: 0.968627453, 0.20784314, 0.686274529, 0.227450982
vb0[320]+012 TEXCOORD: 0.837402344, 0.449951172
vb0[320]+000 TEXCOORD1: 0.968627453, 0.20784314, 0.686274529, 0.227450982
vb0[320]+000 TEXCOORD2: 0.968627453, 0.20784314, 0.686274529, 0.227450982
vb0[320]+000 TEXCOORD3: 0.968627453, 0.20784314, 0.686274529, 0.227450982
vb0[320]+000 TANGENT: 0.968627453, 0.20784314, 0.686274529, 0.227450982

vb0[321]+000 POSITION: 0.273193359, 0.835449219, -0.659179688, 1
vb0[321]+000 NORMAL: 0.372549027, 0.203921571, 0.686274529, 0.227450982
vb0[321]+000 COLOR: 0.372549027, 0.203921571, 0.686274529, 0.227450982
vb0[321]+012 TEXCOORD: 0.8125, 0.449951172
vb0[321]+000 TEXCOORD1: 0.372549027, 0.203921571, 0.686274529, 0.227450982
vb0[321]+000 TEXCOORD2: 0.372549027, 0.203921571, 0.686274529, 0.227450982
vb0[321]+000 TEXCOORD3: 0.372549027, 0.203921571, 0.686274529, 0.227450982
vb0[321]+000 TANGENT: 0.372549027, 0.203921571, 0.686274529, 0.227450982

vb0[322]+000 POSITION: 0.166625977, 0.835449219, -0.693847656, 1
vb0[322]+000 NORMAL: 0.333333343, 0.192156866, 0.686274529, 0.227450982
vb0[322]+000 COLOR: 0.333333343, 0.192156866, 0.686274529, 0.227450982
vb0[322]+012 TEXCOORD: 0.787597656, 0.449951172
vb0[322]+000 TEXCOORD1: 0.333333343, 0.192156866, 0.686274529, 0.227450982
vb0[322]+000 TEXCOORD2: 0.333333343, 0.192156866, 0.686274529, 0.227450982
vb0[322]+000 TEXCOORD3: 0.333333343, 0.192156866, 0.686274529, 0.227450982
vb0[322]+000 TANGENT: 0.333333343, 0.192156866, 0.686274529, 0.227450982

vb0[323]+000 POSITION: 0.0559997559, 0.835449219, -0.711425781, 1
vb0[323]+000 NORMAL: 0.168627456, 0.168627456, 0.686274529, 0.227450982
vb0[323]+000 COLOR: 0.168627456, 0.168627456, 0.686274529, 0.227450982
vb0[323]+012 TEXCOORD: 0.762695313, 0.449951172
vb0[323]+000 TEXCOORD1: 0.168627456, 0.168627456, 0.686274529, 0.227450982
vb0[323]+000 TEXCOORD2: 0.168627456, 0.168627456, 0.686274529, 0.227450982
vb0[323]+000 TEXCOORD3: 0.168627456, 0.168627456, 0.686274529, 0.227450982
vb0[323]+000 TANGENT: 0.168627456, 0.168627456, 0.686274529, 0.227450982

vb0[324]+000 POSITION: -0.0559997559, 0.835449219, -0.711425781, 1
vb0[324]+000 NORMAL: 0.168627456, 0.670588255, 0.686274529, 0.227450982
vb0[324]+000 COLOR: 0.168627456, 0.670588255, 0.686274529, 0.227450982
vb0[324]+012 TEXCOORD: 0.737304688, 0.449951172
vb0[324]+000 TEXCOORD1: 0.168627456, 0.670588255, 0.686274529, 0.227450982
vb0[324]+000 TEXCOORD2: 0.168627456, 0.670588255, 0.686274529, 0.227450982
vb0[324]+000 TEXCOORD3: 0.168627456, 0.670588255, 0.686274529, 0.227450982
vb0[324]+000 TANGENT: 0.168627456, 0.670588255, 0.686274529, 0.227450982

vb0[325]+000 POSITION: -0.166625977, 0.835449219, -0.693847656, 1
vb0[325]+000 NORMAL: 0.333333343, 0.694117665, 0.686274529, 0.227450982
vb0[325]+000 COLOR: 0.333333343, 0.694117665, 0.686274529, 0.227450982
vb0[325]+012 TEXCOORD: 0.712402344, 0.449951172
vb0[325]+000 TEXCOORD1: 0.333333343, 0.694117665, 0.686274529, 0.227450982
vb0[325]+000 TEXCOORD2: 0.333333343, 0.694117665, 0.686274529, 0.227450982
vb0[325]+000 TEXCOORD3: 0.333333343, 0.694117665, 0.686274529, 0.227450982
vb0[325]+000 TANGENT: 0.333333343, 0.694117665, 0.686274529, 0.227450982

vb0[326]+000 POSITION: -0.273193359, 0.835449219, -0.659179688, 1
vb0[326]+000 NORMAL: 0.372549027, 0.70588237, 0.686274529, 0.227450982
vb0[326]+000 COLOR: 0.372549027, 0.70588237, 0.686274529, 0.227450982
vb0[326]+012 TEXCOORD: 0.6875, 0.449951172
vb0[326]+000 TEXCOORD1: 0.372549027, 0.70588237, 0.686274529, 0.227450982
vb0[326]+000 TEXCOORD2: 0.372549027, 0.70588237, 0.686274529, 0.227450982
vb0[326]+000 TEXCOORD3: 0.372549027, 0.70588237, 0.686274529, 0.227450982
vb0[326]+000 TANGENT: 0.372549027, 0.70588237, 0.686274529, 0.227450982

vb0[327]+000 POSITION: -0.372802734, 0.835449219, -0.608398438, 1
vb0[327]+000 NORMAL: 0.968627453, 0.709803939, 0.686274529, 0.227450982
vb0[327]+000 COLOR: 0.968627453, 0.709803939, 0.686274529, 0.227450982
vb0[327]+012 TEXCOORD: 0.662597656, 0.449951172
vb0[327]+000 TEXCOORD1: 0.968627453, 0.709803939, 0.686274529, 0.227450982
vb0[327]+000 TEXCOORD2: 0.968627453, 0.709803939, 0.686274529, 0.227450982
vb0[327]+000 TEXCOORD3: 0.968627453, 0.709803939, 0.686274529, 0.227450982
vb0[327]+000 TANGENT: 0.968627453, 0.709803939, 0.686274529, 0.227450982

vb0[328]+000 POSITION: -0.379638672, 0.889160156, -0.522460938, 1
vb0[328]+000 NORMAL: 0.0745098069, 0.713725507, 0.113725491, 0.23137255
vb0[328]+000 COLOR: 0.0745098069, 0.713725507, 0.113725491, 0.23137255
vb0[328]+012 TEXCOORD: 0.649902344, 0.399902344
vb0[328]+000 TEXCOORD1: 0.0745098069, 0.713725507, 0.113725491, 0.23137255
vb0[328]+000 TEXCOORD2: 0.0745098069, 0.713725507, 0.113725491, 0.23137255
vb0[328]+000 TEXCOORD3: 0.0745098069, 0.713725507, 0.113725491, 0.23137255
vb0[328]+000 TANGENT: 0.0745098069, 0.713725507, 0.113725491, 0.23137255

vb0[329]+000 POSITION: -0.463378906, 0.835449219, -0.542480469, 1
vb0[329]+000 NORMAL: 0.41568628, 0.717647076, 0.686274529, 0.227450982
vb0[329]+000 COLOR: 0.41568628, 0.717647076, 0.686274529, 0.227450982
vb0[329]+012 TEXCOORD: 0.637695313, 0.449951172
vb0[329]+000 TEXCOORD1: 0.41568628, 0.717647076, 0.686274529, 0.227450982
vb0[329]+000 TEXCOORD2: 0.41568628, 0.717647076, 0.686274529, 0.227450982
vb0[329]+000 TEXCOORD3: 0.41568628, 0.717647076, 0.686274529, 0.227450982
vb0[329]+000 TANGENT: 0.41568628, 0.717647076, 0.686274529, 0.227450982

vb0[330]+000 POSITION: -0.542480469, 0.835449219, -0.463378906, 1
vb0[330]+000 NORMAL: 0.34117648, 0.721568644, 0.686274529, 0.227450982
vb0[330]+000 COLOR: 0.34117648, 0.721568644, 0.686274529, 0.227450982
vb0[330]+012 TEXCOORD: 0.612304688, 0.449951172
vb0[330]+000 TEXCOORD1: 0.34117648, 0.721568644, 0.686274529, 0.227450982
vb0[330]+000 TEXCOORD2: 0.34117648, 0.721568644, 0.686274529, 0.227450982
vb0[330]+000 TEXCOORD3: 0.34117648, 0.721568644, 0.686274529, 0.227450982
vb0[330]+000 TANGENT: 0.34117648, 0.721568644, 0.686274529, 0.227450982

vb0[331]+000 POSITION: -0.608398438, 0.835449219, -0.372802734, 1
vb0[331]+000 NORMAL: 0.870588243, 0.721568644, 0.686274529, 0.227450982
vb0[331]+000 COLOR: 0.870588243, 0.721568644, 0.686274529, 0.227450982
vb0[331]+012 TEXCOORD: 0.587402344, 0.449951172
vb0[331]+000 TEXCOORD1: 0.870588243, 0.721568644, 0.686274529, 0.227450982
vb0[331]+000 TEXCOORD2: 0.870588243, 0.721568644, 0.686274529, 0.227450982
vb0[331]+000 TEXCOORD3: 0.870588243, 0.721568644, 0.686274529, 0.227450982
vb0[331]+000 TANGENT: 0.870588243, 0.721568644, 0.686274529, 0.227450982

vb0[332]+000 POSITION: -0.575683594, 0.889160156, -0.293212891, 1
vb0[332]+000 NORMAL: 0.607843161, 0.721568644, 0.113725491, 0.23137255
vb0[332]+000 COLOR: 0.607843161, 0.721568644, 0.113725491, 0.23137255
vb0[332]+012 TEXCOORD: 0.575195313, 0.399902344
vb0[332]+000 TEXCOORD1: 0.607843161, 0.721568644, 0.113725491, 0.23137255
vb0[332]+000 TEXCOORD2: 0.607843161, 0.721568644, 0.113725491, 0.23137255
vb0[332]+000 TEXCOORD3: 0.607843161, 0.721568644, 0.113725491, 0.23137255
vb0[332]+000 TANGENT: 0.607843161, 0.721568644, 0.113725491, 0.23137255

vb0[333]+000 POSITION: -0.659179688, 0.835449219, -0.273193359, 1
vb0[333]+000 NORMAL: 0.274509817, 0.725490212, 0.686274529, 0.227450982
vb0[333]+000 COLOR: 0.274509817, 0.725490212, 0.686274529, 0.227450982
vb0[333]+012 TEXCOORD: 0.5625, 0.449951172
vb0[333]+000 TEXCOORD1: 0.274509817, 0.725490212, 0.686274529, 0.227450982
vb0[333]+000 TEXCOORD2: 0.274509817, 0.725490212, 0.686274529, 0.227450982
vb0[333]+000 TEXCOORD3: 0.274509817, 0.725490212, 0.686274529, 0.227450982
vb0[333]+000 TANGENT: 0.274509817, 0.725490212, 0.686274529, 0.227450982

vb0[334]+000 POSITION: -0.693847656, 0.835449219, -0.166625977, 1
vb0[334]+000 NORMAL: 0.552941203, 0.725490212, 0.686274529, 0.227450982
vb0[334]+000 COLOR: 0.552941203, 0.725490212, 0.686274529, 0.227450982
vb0[334]+012 TEXCOORD: 0.537597656, 0.449951172
vb0[334]+000 TEXCOORD1: 0.552941203, 0.725490212, 0.686274529, 0.227450982
vb0[334]+000 TEXCOORD2: 0.552941203, 0.725490212, 0.686274529, 0.227450982
vb0[334]+000 TEXCOORD3: 0.552941203, 0.725490212, 0.686274529, 0.227450982
vb0[334]+000 TANGENT: 0.552941203, 0.725490212, 0.686274529, 0.227450982

vb0[335]+000 POSITION: -0.711425781, 0.835449219, -0.0559997559, 1
vb0[335]+000 NORMAL: 0.694117665, 0.725490212, 0.686274529, 0.227450982
vb0[335]+000 COLOR: 0.694117665, 0.725490212, 0.686274529, 0.227450982
vb0[335]+012 TEXCOORD: 0.512695313, 0.449951172
vb0[335]+000 TEXCOORD1: 0.694117665, 0.725490212, 0.686274529, 0.227450982
vb0[335]+000 TEXCOORD2: 0.694117665, 0.725490212, 0.686274529, 0.227450982
vb0[335]+000 TEXCOORD3: 0.694117665, 0.725490212, 0.686274529, 0.227450982
vb0[335]+000 TANGENT: 0.694117665, 0.725490212, 0.686274529, 0.227450982

vb0[336]+000 POSITION: -0.711425781, 0.835449219, 0.0559997559, 1
vb0[336]+000 NORMAL: 0.694117665, 0.725490212, 0.686274529, 0.227450982
vb0[336]+000 COLOR: 0.694117665, 0.725490212, 0.686274529, 0.227450982
vb0[336]+012 TEXCOORD: 0.487548828, 0.449951172
vb0[336]+000 TEXCOORD1: 0.694117665, 0.725490212, 0.686274529, 0.227450982
vb0[336]+000 TEXCOORD2: 0.694117665, 0.725490212, 0.686274529, 0.227450982
vb0[336]+000 TEXCOORD3: 0.694117665, 0.725490212, 0.686274529, 0.227450982
vb0[336]+000 TANGENT: 0.694117665, 0.725490212, 0.686274529, 0.227450982

vb0[337]+000 POSITION: -0.638183594, 0.889160156, 0.101074219, 1
vb0[337]+000 NORMAL: 0.105882354, 0.725490212, 0.113725491, 0.23137255
vb0[337]+000 COLOR: 0.105882354, 0.725490212, 0.113725491, 0.23137255
vb0[337]+012 TEXCOORD: 0.475097656, 0.399902344
vb0[337]+000 TEXCOORD1: 0.105882354, 0.725490212, 0.113725491, 0.23137255
vb0[337]+000 TEXCOORD2: 0.105882354, 0.725490212, 0.113725491, 0.23137255
vb0[337]+000 TEXCOORD3: 0.105882354, 0.725490212, 0.113725491, 0.23137255
vb0[337]+000 TANGENT: 0.105882354, 0.725490212, 0.113725491, 0.23137255

vb0[338]+000 POSITION: -0.614257813, 0.889160156, 0.199584961, 1
vb0[338]+000 NORMAL: 0.917647064, 0.721568644, 0.113725491, 0.23137255
vb0[338]+000 COLOR: 0.917647064, 0.721568644, 0.113725491, 0.23137255
vb0[338]+012 TEXCOORD: 0.449951172, 0.399902344
vb0[338]+000 TEXCOORD1: 0.917647064, 0.721568644, 0.113725491, 0.23137255
vb0[338]+000 TEXCOORD2: 0.917647064, 0.721568644, 0.113725491, 0.23137255
vb0[338]+000 TEXCOORD3: 0.917647064, 0.721568644, 0.113725491, 0.23137255
vb0[338]+000 TANGENT: 0.917647064, 0.721568644, 0.113725491, 0.23137255

vb0[339]+000 POSITION: -0.530273438, 0.937011719, 0.219726563, 1
vb0[339]+000 NORMAL: 0.243137255, 0.721568644, 0.498039216, 0.23137255
vb0[339]+000 COLOR: 0.243137255, 0.721568644, 0.498039216, 0.23137255
vb0[339]+012 TEXCOORD: 0.4375, 0.350097656
vb0[339]+000 TEXCOORD1: 0.243137255, 0.721568644, 0.498039216, 0.23137255
vb0[339]+000 TEXCOORD2: 0.243137255, 0.721568644, 0.498039216, 0.23137255
vb0[339]+000 TEXCOORD3: 0.243137255, 0.721568644, 0.498039216, 0.23137255
vb0[339]+000 TANGENT: 0.243137255, 0.721568644, 0.498039216, 0.23137255

vb0[340]+000 POSITION: -0.489501953, 0.937011719, 0.300048828, 1
vb0[340]+000 NORMAL: 0.835294127, 0.717647076, 0.498039216, 0.23137255
vb0[340]+000 COLOR: 0.835294127, 0.717647076, 0.498039216, 0.23137255
vb0[340]+012 TEXCOORD: 0.412597656, 0.350097656
vb0[340]+000 TEXCOORD1: 0.835294127, 0.717647076, 0.498039216, 0.23137255
vb0[340]+000 TEXCOORD2: 0.835294127, 0.717647076, 0.498039216, 0.23137255
vb0[340]+000 TEXCOORD3: 0.835294127, 0.717647076, 0.498039216, 0.23137255
vb0[340]+000 TANGENT: 0.835294127, 0.717647076, 0.498039216, 0.23137255

vb0[341]+000 POSITION: -0.436523438, 0.937011719, 0.372802734, 1
vb0[341]+000 NORMAL: 0.988235295, 0.713725507, 0.498039216, 0.23137255
vb0[341]+000 COLOR: 0.988235295, 0.713725507, 0.498039216, 0.23137255
vb0[341]+012 TEXCOORD: 0.387451172, 0.350097656
vb0[341]+000 TEXCOORD1: 0.988235295, 0.713725507, 0.498039216, 0.23137255
vb0[341]+000 TEXCOORD2: 0.988235295, 0.713725507, 0.498039216, 0.23137255
vb0[341]+000 TEXCOORD3: 0.988235295, 0.713725507, 0.498039216, 0.23137255
vb0[341]+000 TANGENT: 0.988235295, 0.713725507, 0.498039216, 0.23137255

vb0[342]+000 POSITION: -0.372802734, 0.937011719, 0.436523438, 1
vb0[342]+000 NORMAL: 0.968627453, 0.709803939, 0.498039216, 0.23137255
vb0[342]+000 COLOR: 0.968627453, 0.709803939, 0.498039216, 0.23137255
vb0[342]+012 TEXCOORD: 0.362548828, 0.350097656
vb0[342]+000 TEXCOORD1: 0.968627453, 0.709803939, 0.498039216, 0.23137255
vb0[342]+000 TEXCOORD2: 0.968627453, 0.709803939, 0.498039216, 0.23137255
vb0[342]+000 TEXCOORD3: 0.968627453, 0.709803939, 0.498039216, 0.23137255
vb0[342]+000 TANGENT: 0.968627453, 0.709803939, 0.498039216, 0.23137255

vb0[343]+000 POSITION: -0.300048828, 0.937011719, 0.489501953, 1
vb0[343]+000 NORMAL: 0.80392158, 0.70588237, 0.498039216, 0.23137255
vb0[343]+000 COLOR: 0.80392158, 0.70588237, 0.498039216, 0.23137255
vb0[343]+012 TEXCOORD: 0.337402344, 0.350097656
vb0[343]+000 TEXCOORD1: 0.80392158, 0.70588237, 0.498039216, 0.23137255
vb0[343]+000 TEXCOORD2: 0.80392158, 0.70588237, 0.498039216, 0.23137255
vb0[343]+000 TEXCOORD3: 0.80392158, 0.70588237, 0.498039216, 0.23137255
vb0[343]+000 TANGENT: 0.80392158, 0.70588237, 0.498039216, 0.23137255

vb0[344]+000 POSITION: -0.219726563, 0.937011719, 0.530273438, 1
vb0[344]+000 NORMAL: 0.0313725509, 0.701960802, 0.498039216, 0.23137255
vb0[344]+000 COLOR: 0.0313725509, 0.701960802, 0.498039216, 0.23137255
vb0[344]+012 TEXCOORD: 0.3125, 0.350097656
vb0[344]+000 TEXCOORD1: 0.0313725509, 0.701960802, 0.498039216, 0.23137255
vb0[344]+000 TEXCOORD2: 0.0313725509, 0.701960802, 0.498039216, 0.23137255
vb0[344]+000 TEXCOORD3: 0.0313725509, 0.701960802, 0.498039216, 0.23137255
vb0[344]+000 TANGENT: 0.0313725509, 0.701960802, 0.498039216, 0.23137255

vb0[345]+000 POSITION: -0.134033203, 0.937011719, 0.558105469, 1
vb0[345]+000 NORMAL: 0.290196091, 0.690196097, 0.498039216, 0.23137255
vb0[345]+000 COLOR: 0.290196091, 0.690196097, 0.498039216, 0.23137255
vb0[345]+012 TEXCOORD: 0.287597656, 0.350097656
vb0[345]+000 TEXCOORD1: 0.290196091, 0.690196097, 0.498039216, 0.23137255
vb0[345]+000 TEXCOORD2: 0.290196091, 0.690196097, 0.498039216, 0.23137255
vb0[345]+000 TEXCOORD3: 0.290196091, 0.690196097, 0.498039216, 0.23137255
vb0[345]+000 TANGENT: 0.290196091, 0.690196097, 0.498039216, 0.23137255

vb0[346]+000 POSITION: -0.0450439453, 0.937011719, 0.572265625, 1
vb0[346]+000 NORMAL: 0.768627465, 0.662745118, 0.498039216, 0.23137255
vb0[346]+000 COLOR: 0.768627465, 0.662745118, 0.498039216, 0.23137255
vb0[346]+012 TEXCOORD: 0.262451172, 0.350097656
vb0[346]+000 TEXCOORD1: 0.768627465, 0.662745118, 0.498039216, 0.23137255
vb0[346]+000 TEXCOORD2: 0.768627465, 0.662745118, 0.498039216, 0.23137255
vb0[346]+000 TEXCOORD3: 0.768627465, 0.662745118, 0.498039216, 0.23137255
vb0[346]+000 TANGENT: 0.768627465, 0.662745118, 0.498039216, 0.23137255

vb0[347]+000 POSITION: 0.0450439453, 0.937011719, 0.572265625, 1
vb0[347]+000 NORMAL: 0.768627465, 0.160784319, 0.498039216, 0.23137255
vb0[347]+000 COLOR: 0.768627465, 0.160784319, 0.498039216, 0.23137255
vb0[347]+012 TEXCOORD: 0.237548828, 0.350097656
vb0[347]+000 TEXCOORD1: 0.768627465, 0.160784319, 0.498039216, 0.23137255
vb0[347]+000 TEXCOORD2: 0.768627465, 0.160784319, 0.498039216, 0.23137255
vb0[347]+000 TEXCOORD3: 0.768627465, 0.160784319, 0.498039216, 0.23137255
vb0[347]+000 TANGENT: 0.768627465, 0.160784319, 0.498039216, 0.23137255

vb0[348]+000 POSITION: 0.134033203, 0.937011719, 0.558105469, 1
vb0[348]+000 NORMAL: 0.290196091, 0.188235298, 0.498039216, 0.23137255
vb0[348]+000 COLOR: 0.290196091, 0.188235298, 0.498039216, 0.23137255
vb0[348]+012 TEXCOORD: 0.212524414, 0.350097656
vb0[348]+000 TEXCOORD1: 0.290196091, 0.188235298, 0.498039216, 0.23137255
vb0[348]+000 TEXCOORD2: 0.290196091, 0.188235298, 0.498039216, 0.23137255
vb0[348]+000 TEXCOORD3: 0.290196091, 0.188235298, 0.498039216, 0.23137255
vb0[348]+000 TANGENT: 0.290196091, 0.188235298, 0.498039216, 0.23137255

vb0[349]+000 POSITION: 0.219726563, 0.937011719, 0.530273438, 1
vb0[349]+000 NORMAL: 0.0313725509, 0.200000003, 0.498039216, 0.23137255
vb0[349]+000 COLOR: 0.0313725509, 0.200000003, 0.498039216, 0.23137255
vb0[349]+012 TEXCOORD: 0.1875, 0.350097656
vb0[349]+000 TEXCOORD1: 0.0313725509, 0.200000003, 0.498039216, 0.23137255
vb0[349]+000 TEXCOORD2: 0.0313725509, 0.200000003, 0.498039216, 0.23137255
vb0[349]+000 TEXCOORD3: 0.0313725509, 0.200000003, 0.498039216, 0.23137255
vb0[349]+000 TANGENT: 0.0313725509, 0.200000003, 0.498039216, 0.23137255

vb0[350]+000 POSITION: 0.300048828, 0.937011719, 0.489501953, 1
vb0[350]+000 NORMAL: 0.80392158, 0.203921571, 0.498039216, 0.23137255
vb0[350]+000 COLOR: 0.80392158, 0.203921571, 0.498039216, 0.23137255
vb0[350]+012 TEXCOORD: 0.162475586, 0.350097656
vb0[350]+000 TEXCOORD1: 0.80392158, 0.203921571, 0.498039216, 0.23137255
vb0[350]+000 TEXCOORD2: 0.80392158, 0.203921571, 0.498039216, 0.23137255
vb0[350]+000 TEXCOORD3: 0.80392158, 0.203921571, 0.498039216, 0.23137255
vb0[350]+000 TANGENT: 0.80392158, 0.203921571, 0.498039216, 0.23137255

vb0[351]+000 POSITION: 0.372802734, 0.937011719, 0.436523438, 1
vb0[351]+000 NORMAL: 0.968627453, 0.20784314, 0.498039216, 0.23137255
vb0[351]+000 COLOR: 0.968627453, 0.20784314, 0.498039216, 0.23137255
vb0[351]+012 TEXCOORD: 0.137451172, 0.350097656
vb0[351]+000 TEXCOORD1: 0.968627453, 0.20784314, 0.498039216, 0.23137255
vb0[351]+000 TEXCOORD2: 0.968627453, 0.20784314, 0.498039216, 0.23137255
vb0[351]+000 TEXCOORD3: 0.968627453, 0.20784314, 0.498039216, 0.23137255
vb0[351]+000 TANGENT: 0.968627453, 0.20784314, 0.498039216, 0.23137255

vb0[352]+000 POSITION: 0.436523438, 0.937011719, 0.372802734, 1
vb0[352]+000 NORMAL: 0.988235295, 0.211764708, 0.498039216, 0.23137255
vb0[352]+000 COLOR: 0.988235295, 0.211764708, 0.498039216, 0.23137255
vb0[352]+012 TEXCOORD: 0.112487793, 0.350097656
vb0[352]+000 TEXCOORD1: 0.988235295, 0.211764708, 0.498039216, 0.23137255
vb0[352]+000 TEXCOORD2: 0.988235295, 0.211764708, 0.498039216, 0.23137255
vb0[352]+000 TEXCOORD3: 0.988235295, 0.211764708, 0.498039216, 0.23137255
vb0[352]+000 TANGENT: 0.988235295, 0.211764708, 0.498039216, 0.23137255

vb0[353]+000 POSITION: 0.489501953, 0.937011719, 0.300048828, 1
vb0[353]+000 NORMAL: 0.835294127, 0.215686277, 0.498039216, 0.23137255
vb0[353]+000 COLOR: 0.835294127, 0.215686277, 0.498039216, 0.23137255
vb0[353]+012 TEXCOORD: 0.0875244141, 0.350097656
vb0[353]+000 TEXCOORD1: 0.835294127, 0.215686277, 0.498039216, 0.23137255
vb0[353]+000 TEXCOORD2: 0.835294127, 0.215686277, 0.498039216, 0.23137255
vb0[353]+000 TEXCOORD3: 0.835294127, 0.215686277, 0.498039216, 0.23137255
vb0[353]+000 TANGENT: 0.835294127, 0.215686277, 0.498039216, 0.23137255

vb0[354]+000 POSITION: 0.530273438, 0.937011719, 0.219726563, 1
vb0[354]+000 NORMAL: 0.243137255, 0.219607845, 0.498039216, 0.23137255
vb0[354]+000 COLOR: 0.243137255, 0.219607845, 0.498039216, 0.23137255
vb0[354]+012 TEXCOORD: 0.0625, 0.350097656
vb0[354]+000 TEXCOORD1: 0.243137255, 0.219607845, 0.498039216, 0.23137255
vb0[354]+000 TEXCOORD2: 0.243137255, 0.219607845, 0.498039216, 0.23137255
vb0[354]+000 TEXCOORD3: 0.243137255, 0.219607845, 0.498039216, 0.23137255
vb0[354]+000 TANGENT: 0.243137255, 0.219607845, 0.498039216, 0.23137255

vb0[355]+000 POSITION: 0.558105469, 0.937011719, 0.134033203, 1
vb0[355]+000 NORMAL: 0.466666669, 0.219607845, 0.498039216, 0.23137255
vb0[355]+000 COLOR: 0.466666669, 0.219607845, 0.498039216, 0.23137255
vb0[355]+012 TEXCOORD: 0.0375061035, 0.350097656
vb0[355]+000 TEXCOORD1: 0.466666669, 0.219607845, 0.498039216, 0.23137255
vb0[355]+000 TEXCOORD2: 0.466666669, 0.219607845, 0.498039216, 0.23137255
vb0[355]+000 TEXCOORD3: 0.466666669, 0.219607845, 0.498039216, 0.23137255
vb0[355]+000 TANGENT: 0.466666669, 0.219607845, 0.498039216, 0.23137255

vb0[356]+000 POSITION: 0.572265625, 0.937011719, 0.0450439453, 1
vb0[356]+000 NORMAL: 0.580392182, 0.219607845, 0.498039216, 0.23137255
vb0[356]+000 COLOR: 0.580392182, 0.219607845, 0.498039216, 0.23137255
vb0[356]+012 TEXCOORD: 0.0124969482, 0.350097656
vb0[356]+000 TEXCOORD1: 0.580392182, 0.219607845, 0.498039216, 0.23137255
vb0[356]+000 TEXCOORD2: 0.580392182, 0.219607845, 0.498039216, 0.23137255
vb0[356]+000 TEXCOORD3: 0.580392182, 0.219607845, 0.498039216, 0.23137255
vb0[356]+000 TANGENT: 0.580392182, 0.219607845, 0.498039216, 0.23137255

vb0[357]+000 POSITION: 0.572265625, 0.937011719, -0.0450439453, 1
vb0[357]+000 NORMAL: 0.580392182, 0.219607845, 0.498039216, 0.23137255
vb0[357]+000 COLOR: 0.580392182, 0.219607845, 0.498039216, 0.23137255
vb0[357]+012 TEXCOORD: -0.0124969482, 0.350097656
vb0[357]+000 TEXCOORD1: 0.580392182, 0.219607845, 0.498039216, 0.23137255
vb0[357]+000 TEXCOORD2: 0.580392182, 0.219607845, 0.498039216, 0.23137255
vb0[357]+000 TEXCOORD3: 0.580392182, 0.219607845, 0.498039216, 0.23137255
vb0[357]+000 TANGENT: 0.580392182, 0.219607845, 0.498039216, 0.23137255

vb0[358]+000 POSITION: 0.558105469, 0.937011719, -0.134033203, 1
vb0[358]+000 NORMAL: 0.466666669, 0.219607845, 0.498039216, 0.23137255
vb0[358]+000 COLOR: 0.466666669, 0.219607845, 0.498039216, 0.23137255
vb0[358]+012 TEXCOORD: -0.0375061035, 0.350097656
vb0[358]+000 TEXCOORD1: 0.466666669, 0.219607845, 0.498039216, 0.23137255
vb0[358]+000 TEXCOORD2: 0.466666669, 0.219607845, 0.498039216, 0.23137255
vb0[358]+000 TEXCOORD3: 0.466666669, 0.219607845, 0.498039216, 0.23137255
vb0[358]+000 TANGENT: 0.466666669, 0.219607845, 0.498039216, 0.23137255

vb0[359]+000 POSITION: 0.530273438, 0.937011719, -0.219726563, 1
vb0[359]+000 NORMAL: 0.243137255, 0.219607845, 0.498039216, 0.23137255
vb0[359]+000 COLOR: 0.243137255, 0.219607845, 0.498039216, 0.23137255
vb0[359]+012 TEXCOORD: -0.0625, 0.350097656
vb0[359]+000 TEXCOORD1: 0.243137255, 0.219607845, 0.498039216, 0.23137255
vb0[359]+000 TEXCOORD2: 0.243137255, 0.219607845, 0.498039216, 0.23137255
vb0[359]+000 TEXCOORD3: 0.243137255, 0.219607845, 0.498039216, 0.23137255
vb0[359]+000 TANGENT: 0.243137255, 0.219607845, 0.498039216, 0.23137255

vb0[360]+000 POSITION: 0.489501953, 0.937011719, -0.300048828, 1
vb0[360]+000 NORMAL: 0.835294127, 0.215686277, 0.498039216, 0.23137255
vb0[360]+000 COLOR: 0.835294127, 0.215686277, 0.498039216, 0.23137255
vb0[360]+012 TEXCOORD: -0.0875244141, 0.350097656
vb0[360]+000 TEXCOORD1: 0.835294127, 0.215686277, 0.498039216, 0.23137255
vb0[360]+000 TEXCOORD2: 0.835294127, 0.215686277, 0.498039216, 0.23137255
vb0[360]+000 TEXCOORD3: 0.835294127, 0.215686277, 0.498039216, 0.23137255
vb0[360]+000 TANGENT: 0.835294127, 0.215686277, 0.498039216, 0.23137255

vb0[361]+000 POSITION: 0.575683594, 0.889160156, -0.293212891, 1
vb0[361]+000 NORMAL: 0.607843161, 0.219607845, 0.113725491, 0.23137255
vb0[361]+000 COLOR: 0.607843161, 0.219607845, 0.113725491, 0.23137255
vb0[361]+012 TEXCOORD: -0.075012207, 0.399902344
vb0[361]+000 TEXCOORD1: 0.607843161, 0.219607845, 0.113725491, 0.23137255
vb0[361]+000 TEXCOORD2: 0.607843161, 0.219607845, 0.113725491, 0.23137255
vb0[361]+000 TEXCOORD3: 0.607843161, 0.219607845, 0.113725491, 0.23137255
vb0[361]+000 TANGENT: 0.607843161, 0.219607845, 0.113725491, 0.23137255

vb0[362]+000 POSITION: 0.522460938, 0.889160156, -0.379638672, 1
vb0[362]+000 NORMAL: 0.180392161, 0.219607845, 0.113725491, 0.23137255
vb0[362]+000 COLOR: 0.180392161, 0.219607845, 0.113725491, 0.23137255
vb0[362]+012 TEXCOORD: -0.0999755859, 0.399902344
vb0[362]+000 TEXCOORD1: 0.180392161, 0.219607845, 0.113725491, 0.23137255
vb0[362]+000 TEXCOORD2: 0.180392161, 0.219607845, 0.113725491, 0.23137255
vb0[362]+000 TEXCOORD3: 0.180392161, 0.219607845, 0.113725491, 0.23137255
vb0[362]+000 TANGENT: 0.180392161, 0.219607845, 0.113725491, 0.23137255

vb0[363]+000 POSITION: 0.614257813, 0.889160156, -0.199584961, 1
vb0[363]+000 NORMAL: 0.917647064, 0.219607845, 0.113725491, 0.23137255
vb0[363]+000 COLOR: 0.917647064, 0.219607845, 0.113725491, 0.23137255
vb0[363]+012 TEXCOORD: -0.049987793, 0.399902344
vb0[363]+000 TEXCOORD1: 0.917647064, 0.219607845, 0.113725491, 0.23137255
vb0[363]+000 TEXCOORD2: 0.917647064, 0.219607845, 0.113725491, 0.23137255
vb0[363]+000 TEXCOORD3: 0.917647064, 0.219607845, 0.113725491, 0.23137255
vb0[363]+000 TANGENT: 0.917647064, 0.219607845, 0.113725491, 0.23137255

vb0[364]+000 POSITION: 0.638183594, 0.889160156, -0.101074219, 1
vb0[364]+000 NORMAL: 0.105882354, 0.223529413, 0.113725491, 0.23137255
vb0[364]+000 COLOR: 0.105882354, 0.223529413, 0.113725491, 0.23137255
vb0[364]+012 TEXCOORD: -0.0249938965, 0.399902344
vb0[364]+000 TEXCOORD1: 0.105882354, 0.223529413, 0.113725491, 0.23137255
vb0[364]+000 TEXCOORD2: 0.105882354, 0.223529413, 0.113725491, 0.23137255
vb0[364]+000 TEXCOORD3: 0.105882354, 0.223529413, 0.113725491, 0.23137255
vb0[364]+000 TANGENT: 0.105882354, 0.223529413, 0.113725491, 0.23137255

vb0[365]+000 POSITION: 0.645996094, 0.889160156, 0, 1
vb0[365]+000 NORMAL: 0.168627456, 0.223529413, 0.113725491, 0.23137255
vb0[365]+000 COLOR: 0.168627456, 0.223529413, 0.113725491, 0.23137255
vb0[365]+012 TEXCOORD: 0, 0.399902344
vb0[365]+000 TEXCOORD1: 0.168627456, 0.223529413, 0.113725491, 0.23137255
vb0[365]+000 TEXCOORD2: 0.168627456, 0.223529413, 0.113725491, 0.23137255
vb0[365]+000 TEXCOORD3: 0.168627456, 0.223529413, 0.113725491, 0.23137255
vb0[365]+000 TANGENT: 0.168627456, 0.223529413, 0.113725491, 0.23137255

vb0[366]+000 POSITION: 0.638183594, 0.889160156, 0.101074219, 1
vb0[366]+000 NORMAL: 0.105882354, 0.223529413, 0.113725491, 0.23137255
vb0[366]+000 COLOR: 0.105882354, 0.223529413, 0.113725491, 0.23137255
vb0[366]+012 TEXCOORD: 0.0249938965, 0.399902344
vb0[366]+000 TEXCOORD1: 0.105882354, 0.223529413, 0.113725491, 0.23137255
vb0[366]+000 TEXCOORD2: 0.105882354, 0.223529413, 0.113725491, 0.23137255
vb0[366]+000 TEXCOORD3: 0.105882354, 0.223529413, 0.113725491, 0.23137255
vb0[366]+000 TANGENT: 0.105882354, 0.223529413, 0.113725491, 0.23137255

vb0[367]+000 POSITION: 0.614257813, 0.889160156, 0.199584961, 1
vb0[367]+000 NORMAL: 0.917647064, 0.219607845, 0.113725491, 0.23137255
vb0[367]+000 COLOR: 0.917647064, 0.219607845, 0.113725491, 0.23137255
vb0[367]+012 TEXCOORD: 0.049987793, 0.399902344
vb0[367]+000 TEXCOORD1: 0.917647064, 0.219607845, 0.113725491, 0.23137255
vb0[367]+000 TEXCOORD2: 0.917647064, 0.219607845, 0.113725491, 0.23137255
vb0[367]+000 TEXCOORD3: 0.917647064, 0.219607845, 0.113725491, 0.23137255
vb0[367]+000 TANGENT: 0.917647064, 0.219607845, 0.113725491, 0.23137255

vb0[368]+000 POSITION: 0.575683594, 0.889160156, 0.293212891, 1
vb0[368]+000 NORMAL: 0.607843161, 0.219607845, 0.113725491, 0.23137255
vb0[368]+000 COLOR: 0.607843161, 0.219607845, 0.113725491, 0.23137255
vb0[368]+012 TEXCOORD: 0.075012207, 0.399902344
vb0[368]+000 TEXCOORD1: 0.607843161, 0.219607845, 0.113725491, 0.23137255
vb0[368]+000 TEXCOORD2: 0.607843161, 0.219607845, 0.113725491, 0.23137255
vb0[368]+000 TEXCOORD3: 0.607843161, 0.219607845, 0.113725491, 0.23137255
vb0[368]+000 TANGENT: 0.607843161, 0.219607845, 0.113725491, 0.23137255

vb0[369]+000 POSITION: 0.522460938, 0.889160156, 0.379638672, 1
vb0[369]+000 NORMAL: 0.180392161, 0.219607845, 0.113725491, 0.23137255
vb0[369]+000 COLOR: 0.180392161, 0.219607845, 0.113725491, 0.23137255
vb0[369]+012 TEXCOORD: 0.0999755859, 0.399902344
vb0[369]+000 TEXCOORD1: 0.180392161, 0.219607845, 0.113725491, 0.23137255
vb0[369]+000 TEXCOORD2: 0.180392161, 0.219607845, 0.113725491, 0.23137255
vb0[369]+000 TEXCOORD3: 0.180392161, 0.219607845, 0.113725491, 0.23137255
vb0[369]+000 TANGENT: 0.180392161, 0.219607845, 0.113725491, 0.23137255

vb0[370]+000 POSITION: 0.456787109, 0.889160156, 0.456787109, 1
vb0[370]+000 NORMAL: 0.309803933, 0.215686277, 0.113725491, 0.23137255
vb0[370]+000 COLOR: 0.309803933, 0.215686277, 0.113725491, 0.23137255
vb0[370]+012 TEXCOORD: 0.125, 0.399902344
vb0[370]+000 TEXCOORD1: 0.309803933, 0.215686277, 0.113725491, 0.23137255
vb0[370]+000 TEXCOORD2: 0.309803933, 0.215686277, 0.113725491, 0.23137255
vb0[370]+000 TEXCOORD3: 0.309803933, 0.215686277, 0.113725491, 0.23137255
vb0[370]+000 TANGENT: 0.309803933, 0.215686277, 0.113725491, 0.23137255

vb0[371]+000 POSITION: 0.379638672, 0.889160156, 0.522460938, 1
vb0[371]+000 NORMAL: 0.0745098069, 0.211764708, 0.113725491, 0.23137255
vb0[371]+000 COLOR: 0.0745098069, 0.211764708, 0.113725491, 0.23137255
vb0[371]+012 TEXCOORD: 0.150024414, 0.399902344
vb0[371]+000 TEXCOORD1: 0.0745098069, 0.211764708, 0.113725491, 0.23137255
vb0[371]+000 TEXCOORD2: 0.0745098069, 0.211764708, 0.113725491, 0.23137255
vb0[371]+000 TEXCOORD3: 0.0745098069, 0.211764708, 0.113725491, 0.23137255
vb0[371]+000 TANGENT: 0.0745098069, 0.211764708, 0.113725491, 0.23137255

vb0[372]+000 POSITION: 0.293212891, 0.889160156, 0.575683594, 1
vb0[372]+000 NORMAL: 0.694117665, 0.203921571, 0.113725491, 0.23137255
vb0[372]+000 COLOR: 0.694117665, 0.203921571, 0.113725491, 0.23137255
vb0[372]+012 TEXCOORD: 0.175048828, 0.399902344
vb0[372]+000 TEXCOORD1: 0.694117665, 0.203921571, 0.113725491, 0.23137255
vb0[372]+000 TEXCOORD2: 0.694117665, 0.203921571, 0.113725491, 0.23137255
vb0[372]+000 TEXCOORD3: 0.694117665, 0.203921571, 0.113725491, 0.23137255
vb0[372]+000 TANGENT: 0.694117665, 0.203921571, 0.113725491, 0.23137255

vb0[373]+000 POSITION: 0.199584961, 0.889160156, 0.614257813, 1
vb0[373]+000 NORMAL: 0.388235301, 0.196078435, 0.113725491, 0.23137255
vb0[373]+000 COLOR: 0.388235301, 0.196078435, 0.113725491, 0.23137255
vb0[373]+012 TEXCOORD: 0.199951172, 0.399902344
vb0[373]+000 TEXCOORD1: 0.388235301, 0.196078435, 0.113725491, 0.23137255
vb0[373]+000 TEXCOORD2: 0.388235301, 0.196078435, 0.113725491, 0.23137255
vb0[373]+000 TEXCOORD3: 0.388235301, 0.196078435, 0.113725491, 0.23137255
vb0[373]+000 TANGENT: 0.388235301, 0.196078435, 0.113725491, 0.23137255

vb0[374]+000 POSITION: 0.101074219, 0.889160156, 0.638183594, 1
vb0[374]+000 NORMAL: 0.470588237, 0.180392161, 0.113725491, 0.23137255
vb0[374]+000 COLOR: 0.470588237, 0.180392161, 0.113725491, 0.23137255
vb0[374]+012 TEXCOORD: 0.224975586, 0.399902344
vb0[374]+000 TEXCOORD1: 0.470588237, 0.180392161, 0.113725491, 0.23137255
vb0[374]+000 TEXCOORD2: 0.470588237, 0.180392161, 0.113725491, 0.23137255
vb0[374]+000 TEXCOORD3: 0.470588237, 0.180392161, 0.113725491, 0.23137255
vb0[374]+000 TANGENT: 0.470588237, 0.180392161, 0.113725491, 0.23137255

vb0[375]+000 POSITION: -0, 0.889160156, 0.645996094, 1
vb0[375]+000 NORMAL: 0, 0.501960814, 0.113725491, 0.23137255
vb0[375]+000 COLOR: 0, 0.501960814, 0.113725491, 0.23137255
vb0[375]+012 TEXCOORD: 0.25, 0.399902344
vb0[375]+000 TEXCOORD1: 0, 0.501960814, 0.113725491, 0.23137255
vb0[375]+000 TEXCOORD2: 0, 0.501960814, 0.113725491, 0.23137255
vb0[375]+000 TEXCOORD3: 0, 0.501960814, 0.113725491, 0.23137255
vb0[375]+000 TANGENT: 0, 0.501960814, 0.113725491, 0.23137255

vb0[376]+000 POSITION: -0.101074219, 0.889160156, 0.638183594, 1
vb0[376]+000 NORMAL: 0.470588237, 0.68235296, 0.113725491, 0.23137255
vb0[376]+000 COLOR: 0.470588237, 0.68235296, 0.113725491, 0.23137255
vb0[376]+012 TEXCOORD: 0.274902344, 0.399902344
vb0[376]+000 TEXCOORD1: 0.470588237, 0.68235296, 0.113725491, 0.23137255
vb0[376]+000 TEXCOORD2: 0.470588237, 0.68235296, 0.113725491, 0.23137255
vb0[376]+000 TEXCOORD3: 0.470588237, 0.68235296, 0.113725491, 0.23137255
vb0[376]+000 TANGENT: 0.470588237, 0.68235296, 0.113725491, 0.23137255

vb0[377]+000 POSITION: -0.199584961, 0.889160156, 0.614257813, 1
vb0[377]+000 NORMAL: 0.388235301, 0.698039234, 0.113725491, 0.23137255
vb0[377]+000 COLOR: 0.388235301, 0.698039234, 0.113725491, 0.23137255
vb0[377]+012 TEXCOORD: 0.300048828, 0.399902344
vb0[377]+000 TEXCOORD1: 0.388235301, 0.698039234, 0.113725491, 0.23137255
vb0[377]+000 TEXCOORD2: 0.388235301, 0.698039234, 0.113725491, 0.23137255
vb0[377]+000 TEXCOORD3: 0.388235301, 0.698039234, 0.113725491, 0.23137255
vb0[377]+000 TANGENT: 0.388235301, 0.698039234, 0.113725491, 0.23137255

vb0[378]+000 POSITION: -0.293212891, 0.889160156, 0.575683594, 1
vb0[378]+000 NORMAL: 0.694117665, 0.70588237, 0.113725491, 0.23137255
vb0[378]+000 COLOR: 0.694117665, 0.70588237, 0.113725491, 0.23137255
vb0[378]+012 TEXCOORD: 0.324951172, 0.399902344
vb0[378]+000 TEXCOORD1: 0.694117665, 0.70588237, 0.113725491, 0.23137255
vb0[378]+000 TEXCOORD2: 0.694117665, 0.70588237, 0.113725491, 0.23137255
vb0[378]+000 TEXCOORD3: 0.694117665, 0.70588237, 0.113725491, 0.23137255
vb0[378]+000 TANGENT: 0.694117665, 0.70588237, 0.113725491, 0.23137255

vb0[379]+000 POSITION: -0.379638672, 0.889160156, 0.522460938, 1
vb0[379]+000 NORMAL: 0.0745098069, 0.713725507, 0.113725491, 0.23137255
vb0[379]+000 COLOR: 0.0745098069, 0.713725507, 0.113725491, 0.23137255
vb0[379]+012 TEXCOORD: 0.350097656, 0.399902344
vb0[379]+000 TEXCOORD1: 0.0745098069, 0.713725507, 0.113725491, 0.23137255
vb0[379]+000 TEXCOORD2: 0.0745098069, 0.713725507, 0.113725491, 0.23137255
vb0[379]+000 TEXCOORD3: 0.0745098069, 0.713725507, 0.113725491, 0.23137255
vb0[379]+000 TANGENT: 0.0745098069, 0.713725507, 0.113725491, 0.23137255

vb0[380]+000 POSITION: -0.456787109, 0.889160156, 0.456787109, 1
vb0[380]+000 NORMAL: 0.309803933, 0.717647076, 0.113725491, 0.23137255
vb0[380]+000 COLOR: 0.309803933, 0.717647076, 0.113725491, 0.23137255
vb0[380]+012 TEXCOORD: 0.375, 0.399902344
vb0[380]+000 TEXCOORD1: 0.309803933, 0.717647076, 0.113725491, 0.23137255
vb0[380]+000 TEXCOORD2: 0.309803933, 0.717647076, 0.113725491, 0.23137255
vb0[380]+000 TEXCOORD3: 0.309803933, 0.717647076, 0.113725491, 0.23137255
vb0[380]+000 TANGENT: 0.309803933, 0.717647076, 0.113725491, 0.23137255

vb0[381]+000 POSITION: -0.522460938, 0.889160156, 0.379638672, 1
vb0[381]+000 NORMAL: 0.180392161, 0.721568644, 0.113725491, 0.23137255
vb0[381]+000 COLOR: 0.180392161, 0.721568644, 0.113725491, 0.23137255
vb0[381]+012 TEXCOORD: 0.399902344, 0.399902344
vb0[381]+000 TEXCOORD1: 0.180392161, 0.721568644, 0.113725491, 0.23137255
vb0[381]+000 TEXCOORD2: 0.180392161, 0.721568644, 0.113725491, 0.23137255
vb0[381]+000 TEXCOORD3: 0.180392161, 0.721568644, 0.113725491, 0.23137255
vb0[381]+000 TANGENT: 0.180392161, 0.721568644, 0.113725491, 0.23137255

vb0[382]+000 POSITION: -0.575683594, 0.889160156, 0.293212891, 1
vb0[382]+000 NORMAL: 0.607843161, 0.721568644, 0.113725491, 0.23137255
vb0[382]+000 COLOR: 0.607843161, 0.721568644, 0.113725491, 0.23137255
vb0[382]+012 TEXCOORD: 0.425048828, 0.399902344
vb0[382]+000 TEXCOORD1: 0.607843161, 0.721568644, 0.113725491, 0.23137255
vb0[382]+000 TEXCOORD2: 0.607843161, 0.721568644, 0.113725491, 0.23137255
vb0[382]+000 TEXCOORD3: 0.607843161, 0.721568644, 0.113725491, 0.23137255
vb0[382]+000 TANGENT: 0.607843161, 0.721568644, 0.113725491, 0.23137255

vb0[383]+000 POSITION: -0.166625977, 0.835449219, 0.693847656, 1
vb0[383]+000 NORMAL: 0.333333343, 0.694117665, 0.686274529, 0.227450982
vb0[383]+000 COLOR: 0.333333343, 0.694117665, 0.686274529, 0.227450982
vb0[383]+012 TEXCOORD: 0.287597656, 0.449951172
vb0[383]+000 TEXCOORD1: 0.333333343, 0.694117665, 0.686274529, 0.227450982
vb0[383]+000 TEXCOORD2: 0.333333343, 0.694117665, 0.686274529, 0.227450982
vb0[383]+000 TEXCOORD3: 0.333333343, 0.694117665, 0.686274529, 0.227450982
vb0[383]+000 TANGENT: 0.333333343, 0.694117665, 0.686274529, 0.227450982

vb0[384]+000 POSITION: -0.0559997559, 0.835449219, 0.711425781, 1
vb0[384]+000 NORMAL: 0.168627456, 0.670588255, 0.686274529, 0.227450982
vb0[384]+000 COLOR: 0.168627456, 0.670588255, 0.686274529, 0.227450982
vb0[384]+012 TEXCOORD: 0.262451172, 0.449951172
vb0[384]+000 TEXCOORD1: 0.168627456, 0.670588255, 0.686274529, 0.227450982
vb0[384]+000 TEXCOORD2: 0.168627456, 0.670588255, 0.686274529, 0.227450982
vb0[384]+000 TEXCOORD3: 0.168627456, 0.670588255, 0.686274529, 0.227450982
vb0[384]+000 TANGENT: 0.168627456, 0.670588255, 0.686274529, 0.227450982

vb0[385]+000 POSITION: -0.273193359, 0.835449219, 0.659179688, 1
vb0[385]+000 NORMAL: 0.372549027, 0.70588237, 0.686274529, 0.227450982
vb0[385]+000 COLOR: 0.372549027, 0.70588237, 0.686274529, 0.227450982
vb0[385]+012 TEXCOORD: 0.3125, 0.449951172
vb0[385]+000 TEXCOORD1: 0.372549027, 0.70588237, 0.686274529, 0.227450982
vb0[385]+000 TEXCOORD2: 0.372549027, 0.70588237, 0.686274529, 0.227450982
vb0[385]+000 TEXCOORD3: 0.372549027, 0.70588237, 0.686274529, 0.227450982
vb0[385]+000 TANGENT: 0.372549027, 0.70588237, 0.686274529, 0.227450982

vb0[386]+000 POSITION: -0.372802734, 0.835449219, 0.608398438, 1
vb0[386]+000 NORMAL: 0.968627453, 0.709803939, 0.686274529, 0.227450982
vb0[386]+000 COLOR: 0.968627453, 0.709803939, 0.686274529, 0.227450982
vb0[386]+012 TEXCOORD: 0.337402344, 0.449951172
vb0[386]+000 TEXCOORD1: 0.968627453, 0.709803939, 0.686274529, 0.227450982
vb0[386]+000 TEXCOORD2: 0.968627453, 0.709803939, 0.686274529, 0.227450982
vb0[386]+000 TEXCOORD3: 0.968627453, 0.709803939, 0.686274529, 0.227450982
vb0[386]+000 TANGENT: 0.968627453, 0.709803939, 0.686274529, 0.227450982

vb0[387]+000 POSITION: -0.463378906, 0.835449219, 0.542480469, 1
vb0[387]+000 NORMAL: 0.41568628, 0.717647076, 0.686274529, 0.227450982
vb0[387]+000 COLOR: 0.41568628, 0.717647076, 0.686274529, 0.227450982
vb0[387]+012 TEXCOORD: 0.362548828, 0.449951172
vb0[387]+000 TEXCOORD1: 0.41568628, 0.717647076, 0.686274529, 0.227450982
vb0[387]+000 TEXCOORD2: 0.41568628, 0.717647076, 0.686274529, 0.227450982
vb0[387]+000 TEXCOORD3: 0.41568628, 0.717647076, 0.686274529, 0.227450982
vb0[387]+000 TANGENT: 0.41568628, 0.717647076, 0.686274529, 0.227450982

vb0[388]+000 POSITION: -0.542480469, 0.835449219, 0.463378906, 1
vb0[388]+000 NORMAL: 0.34117648, 0.721568644, 0.686274529, 0.227450982
vb0[388]+000 COLOR: 0.34117648, 0.721568644, 0.686274529, 0.227450982
vb0[388]+012 TEXCOORD: 0.387451172, 0.449951172
vb0[388]+000 TEXCOORD1: 0.34117648, 0.721568644, 0.686274529, 0.227450982
vb0[388]+000 TEXCOORD2: 0.34117648, 0.721568644, 0.686274529, 0.227450982
vb0[388]+000 TEXCOORD3: 0.34117648, 0.721568644, 0.686274529, 0.227450982
vb0[388]+000 TANGENT: 0.34117648, 0.721568644, 0.686274529, 0.227450982

vb0[389]+000 POSITION: -0.608398438, 0.835449219, 0.372802734, 1
vb0[389]+000 NORMAL: 0.870588243, 0.721568644, 0.686274529, 0.227450982
vb0[389]+000 COLOR: 0.870588243, 0.721568644, 0.686274529, 0.227450982
vb0[389]+012 TEXCOORD: 0.412597656, 0.449951172
vb0[389]+000 TEXCOORD1: 0.870588243, 0.721568644, 0.686274529, 0.227450982
vb0[389]+000 TEXCOORD2: 0.870588243, 0.721568644, 0.686274529, 0.227450982
vb0[389]+000 TEXCOORD3: 0.870588243, 0.721568644, 0.686274529, 0.227450982
vb0[389]+000 TANGENT: 0.870588243, 0.721568644, 0.686274529, 0.227450982

vb0[390]+000 POSITION: -0.659179688, 0.835449219, 0.273193359, 1
vb0[390]+000 NORMAL: 0.274509817, 0.725490212, 0.686274529, 0.227450982
vb0[390]+000 COLOR: 0.274509817, 0.725490212, 0.686274529, 0.227450982
vb0[390]+012 TEXCOORD: 0.4375, 0.449951172
vb0[390]+000 TEXCOORD1: 0.274509817, 0.725490212, 0.686274529, 0.227450982
vb0[390]+000 TEXCOORD2: 0.274509817, 0.725490212, 0.686274529, 0.227450982
vb0[390]+000 TEXCOORD3: 0.274509817, 0.725490212, 0.686274529, 0.227450982
vb0[390]+000 TANGENT: 0.274509817, 0.725490212, 0.686274529, 0.227450982

vb0[391]+000 POSITION: -0.693847656, 0.835449219, 0.166625977, 1
vb0[391]+000 NORMAL: 0.552941203, 0.725490212, 0.686274529, 0.227450982
vb0[391]+000 COLOR: 0.552941203, 0.725490212, 0.686274529, 0.227450982
vb0[391]+012 TEXCOORD: 0.462402344, 0.449951172
vb0[391]+000 TEXCOORD1: 0.552941203, 0.725490212, 0.686274529, 0.227450982
vb0[391]+000 TEXCOORD2: 0.552941203, 0.725490212, 0.686274529, 0.227450982
vb0[391]+000 TEXCOORD3: 0.552941203, 0.725490212, 0.686274529, 0.227450982
vb0[391]+000 TANGENT: 0.552941203, 0.725490212, 0.686274529, 0.227450982

vb0[392]+000 POSITION: -0.121582031, 0.776855469, 0.767578125, 1
vb0[392]+000 NORMAL: 0.784313738, 0.686274529, 0.215686277, 0.227450982
vb0[392]+000 COLOR: 0.784313738, 0.686274529, 0.215686277, 0.227450982
vb0[392]+012 TEXCOORD: 0.274902344, 0.5
vb0[392]+000 TEXCOORD1: 0.784313738, 0.686274529, 0.215686277, 0.227450982
vb0[392]+000 TEXCOORD2: 0.784313738, 0.686274529, 0.215686277, 0.227450982
vb0[392]+000 TEXCOORD3: 0.784313738, 0.686274529, 0.215686277, 0.227450982
vb0[392]+000 TANGENT: 0.784313738, 0.686274529, 0.215686277, 0.227450982

vb0[393]+000 POSITION: -1.1479437e-41, 0.776855469, 0.776855469, 1
vb0[393]+000 NORMAL: 0.00392156886, 0.501960814, 0.215686277, 0.227450982
vb0[393]+000 COLOR: 0.00392156886, 0.501960814, 0.215686277, 0.227450982
vb0[393]+012 TEXCOORD: 0.25, 0.5
vb0[393]+000 TEXCOORD1: 0.00392156886, 0.501960814, 0.215686277, 0.227450982
vb0[393]+000 TEXCOORD2: 0.00392156886, 0.501960814, 0.215686277, 0.227450982
vb0[393]+000 TEXCOORD3: 0.00392156886, 0.501960814, 0.215686277, 0.227450982
vb0[393]+000 TANGENT: 0.00392156886, 0.501960814, 0.215686277, 0.227450982

vb0[394]+000 POSITION: 0.0559997559, 0.835449219, 0.711425781, 1
vb0[394]+000 NORMAL: 0.168627456, 0.168627456, 0.686274529, 0.227450982
vb0[394]+000 COLOR: 0.168627456, 0.168627456, 0.686274529, 0.227450982
vb0[394]+012 TEXCOORD: 0.237548828, 0.449951172
vb0[394]+000 TEXCOORD1: 0.168627456, 0.168627456, 0.686274529, 0.227450982
vb0[394]+000 TEXCOORD2: 0.168627456, 0.168627456, 0.686274529, 0.227450982
vb0[394]+000 TEXCOORD3: 0.168627456, 0.168627456, 0.686274529, 0.227450982
vb0[394]+000 TANGENT: 0.168627456, 0.168627456, 0.686274529, 0.227450982

vb0[395]+000 POSITION: 0.166625977, 0.835449219, 0.693847656, 1
vb0[395]+000 NORMAL: 0.333333343, 0.192156866, 0.686274529, 0.227450982
vb0[395]+000 COLOR: 0.333333343, 0.192156866, 0.686274529, 0.227450982
vb0[395]+012 TEXCOORD: 0.212524414, 0.449951172
vb0[395]+000 TEXCOORD1: 0.333333343, 0.192156866, 0.686274529, 0.227450982
vb0[395]+000 TEXCOORD2: 0.333333343, 0.192156866, 0.686274529, 0.227450982
vb0[395]+000 TEXCOORD3: 0.333333343, 0.192156866, 0.686274529, 0.227450982
vb0[395]+000 TANGENT: 0.333333343, 0.192156866, 0.686274529, 0.227450982

vb0[396]+000 POSITION: 0.273193359, 0.835449219, 0.659179688, 1
vb0[396]+000 NORMAL: 0.372549027, 0.203921571, 0.686274529, 0.227450982
vb0[396]+000 COLOR: 0.372549027, 0.203921571, 0.686274529, 0.227450982
vb0[396]+012 TEXCOORD: 0.1875, 0.449951172
vb0[396]+000 TEXCOORD1: 0.372549027, 0.203921571, 0.686274529, 0.227450982
vb0[396]+000 TEXCOORD2: 0.372549027, 0.203921571, 0.686274529, 0.227450982
vb0[396]+000 TEXCOORD3: 0.372549027, 0.203921571, 0.686274529, 0.227450982
vb0[396]+000 TANGENT: 0.372549027, 0.203921571, 0.686274529, 0.227450982

vb0[397]+000 POSITION: 0.372802734, 0.835449219, 0.608398438, 1
vb0[397]+000 NORMAL: 0.968627453, 0.20784314, 0.686274529, 0.227450982
vb0[397]+000 COLOR: 0.968627453, 0.20784314, 0.686274529, 0.227450982
vb0[397]+012 TEXCOORD: 0.162475586, 0.449951172
vb0[397]+000 TEXCOORD1: 0.968627453, 0.20784314, 0.686274529, 0.227450982
vb0[397]+000 TEXCOORD2: 0.968627453, 0.20784314, 0.686274529, 0.227450982
vb0[397]+000 TEXCOORD3: 0.968627453, 0.20784314, 0.686274529, 0.227450982
vb0[397]+000 TANGENT: 0.968627453, 0.20784314, 0.686274529, 0.227450982

vb0[398]+000 POSITION: 0.463378906, 0.835449219, 0.542480469, 1
vb0[398]+000 NORMAL: 0.41568628, 0.215686277, 0.686274529, 0.227450982
vb0[398]+000 COLOR: 0.41568628, 0.215686277, 0.686274529, 0.227450982
vb0[398]+012 TEXCOORD: 0.137451172, 0.449951172
vb0[398]+000 TEXCOORD1: 0.41568628, 0.215686277, 0.686274529, 0.227450982
vb0[398]+000 TEXCOORD2: 0.41568628, 0.215686277, 0.686274529, 0.227450982
vb0[398]+000 TEXCOORD3: 0.41568628, 0.215686277, 0.686274529, 0.227450982
vb0[398]+000 TANGENT: 0.41568628, 0.215686277, 0.686274529, 0.227450982

vb0[399]+000 POSITION: 0.542480469, 0.835449219, 0.463378906, 1
vb0[399]+000 NORMAL: 0.34117648, 0.219607845, 0.686274529, 0.227450982
vb0[399]+000 COLOR: 0.34117648, 0.219607845, 0.686274529, 0.227450982
vb0[399]+012 TEXCOORD: 0.112487793, 0.449951172
vb0[399]+000 TEXCOORD1: 0.34117648, 0.219607845, 0.686274529, 0.227450982
vb0[399]+000 TEXCOORD2: 0.34117648, 0.219607845, 0.686274529, 0.227450982
vb0[399]+000 TEXCOORD3: 0.34117648, 0.219607845, 0.686274529, 0.227450982
vb0[399]+000 TANGENT: 0.34117648, 0.219607845, 0.686274529, 0.227450982

vb0[400]+000 POSITION: 0.608398438, 0.835449219, 0.372802734, 1
vb0[400]+000 NORMAL: 0.870588243, 0.219607845, 0.686274529, 0.227450982
vb0[400]+000 COLOR: 0.870588243, 0.219607845, 0.686274529, 0.227450982
vb0[400]+012 TEXCOORD: 0.0875244141, 0.449951172
vb0[400]+000 TEXCOORD1: 0.870588243, 0.219607845, 0.686274529, 0.227450982
vb0[400]+000 TEXCOORD2: 0.870588243, 0.219607845, 0.686274529, 0.227450982
vb0[400]+000 TEXCOORD3: 0.870588243, 0.219607845, 0.686274529, 0.227450982
vb0[400]+000 TANGENT: 0.870588243, 0.219607845, 0.686274529, 0.227450982

vb0[401]+000 POSITION: 0.659179688, 0.835449219, 0.273193359, 1
vb0[401]+000 NORMAL: 0.274509817, 0.223529413, 0.686274529, 0.227450982
vb0[401]+000 COLOR: 0.274509817, 0.223529413, 0.686274529, 0.227450982
vb0[401]+012 TEXCOORD: 0.0625, 0.449951172
vb0[401]+000 TEXCOORD1: 0.274509817, 0.223529413, 0.686274529, 0.227450982
vb0[401]+000 TEXCOORD2: 0.274509817, 0.223529413, 0.686274529, 0.227450982
vb0[401]+000 TEXCOORD3: 0.274509817, 0.223529413, 0.686274529, 0.227450982
vb0[401]+000 TANGENT: 0.274509817, 0.223529413, 0.686274529, 0.227450982

vb0[402]+000 POSITION: 0.693847656, 0.835449219, 0.166625977, 1
vb0[402]+000 NORMAL: 0.552941203, 0.223529413, 0.686274529, 0.227450982
vb0[402]+000 COLOR: 0.552941203, 0.223529413, 0.686274529, 0.227450982
vb0[402]+012 TEXCOORD: 0.0375061035, 0.449951172
vb0[402]+000 TEXCOORD1: 0.552941203, 0.223529413, 0.686274529, 0.227450982
vb0[402]+000 TEXCOORD2: 0.552941203, 0.223529413, 0.686274529, 0.227450982
vb0[402]+000 TEXCOORD3: 0.552941203, 0.223529413, 0.686274529, 0.227450982
vb0[402]+000 TANGENT: 0.552941203, 0.223529413, 0.686274529, 0.227450982

vb0[403]+000 POSITION: 0.711425781, 0.835449219, 0.0559997559, 1
vb0[403]+000 NORMAL: 0.694117665, 0.223529413, 0.686274529, 0.227450982
vb0[403]+000 COLOR: 0.694117665, 0.223529413, 0.686274529, 0.227450982
vb0[403]+012 TEXCOORD: 0.0124969482, 0.449951172
vb0[403]+000 TEXCOORD1: 0.694117665, 0.223529413, 0.686274529, 0.227450982
vb0[403]+000 TEXCOORD2: 0.694117665, 0.223529413, 0.686274529, 0.227450982
vb0[403]+000 TEXCOORD3: 0.694117665, 0.223529413, 0.686274529, 0.227450982
vb0[403]+000 TANGENT: 0.694117665, 0.223529413, 0.686274529, 0.227450982

vb0[404]+000 POSITION: 0.711425781, 0.835449219, -0.0559997559, 1
vb0[404]+000 NORMAL: 0.694117665, 0.223529413, 0.686274529, 0.227450982
vb0[404]+000 COLOR: 0.694117665, 0.223529413, 0.686274529, 0.227450982
vb0[404]+012 TEXCOORD: -0.0124969482, 0.449951172
vb0[404]+000 TEXCOORD1: 0.694117665, 0.223529413, 0.686274529, 0.227450982
vb0[404]+000 TEXCOORD2: 0.694117665, 0.223529413, 0.686274529, 0.227450982
vb0[404]+000 TEXCOORD3: 0.694117665, 0.223529413, 0.686274529, 0.227450982
vb0[404]+000 TANGENT: 0.694117665, 0.223529413, 0.686274529, 0.227450982

vb0[405]+000 POSITION: 0.693847656, 0.835449219, -0.166625977, 1
vb0[405]+000 NORMAL: 0.552941203, 0.223529413, 0.686274529, 0.227450982
vb0[405]+000 COLOR: 0.552941203, 0.223529413, 0.686274529, 0.227450982
vb0[405]+012 TEXCOORD: -0.0375061035, 0.449951172
vb0[405]+000 TEXCOORD1: 0.552941203, 0.223529413, 0.686274529, 0.227450982
vb0[405]+000 TEXCOORD2: 0.552941203, 0.223529413, 0.686274529, 0.227450982
vb0[405]+000 TEXCOORD3: 0.552941203, 0.223529413, 0.686274529, 0.227450982
vb0[405]+000 TANGENT: 0.552941203, 0.223529413, 0.686274529, 0.227450982

vb0[406]+000 POSITION: 0.659179688, 0.835449219, -0.273193359, 1
vb0[406]+000 NORMAL: 0.274509817, 0.223529413, 0.686274529, 0.227450982
vb0[406]+000 COLOR: 0.274509817, 0.223529413, 0.686274529, 0.227450982
vb0[406]+012 TEXCOORD: -0.0625, 0.449951172
vb0[406]+000 TEXCOORD1: 0.274509817, 0.223529413, 0.686274529, 0.227450982
vb0[406]+000 TEXCOORD2: 0.274509817, 0.223529413, 0.686274529, 0.227450982
vb0[406]+000 TEXCOORD3: 0.274509817, 0.223529413, 0.686274529, 0.227450982
vb0[406]+000 TANGENT: 0.274509817, 0.223529413, 0.686274529, 0.227450982

vb0[407]+000 POSITION: 0.608398438, 0.835449219, -0.372802734, 1
vb0[407]+000 NORMAL: 0.870588243, 0.219607845, 0.686274529, 0.227450982
vb0[407]+000 COLOR: 0.870588243, 0.219607845, 0.686274529, 0.227450982
vb0[407]+012 TEXCOORD: -0.0875244141, 0.449951172
vb0[407]+000 TEXCOORD1: 0.870588243, 0.219607845, 0.686274529, 0.227450982
vb0[407]+000 TEXCOORD2: 0.870588243, 0.219607845, 0.686274529, 0.227450982
vb0[407]+000 TEXCOORD3: 0.870588243, 0.219607845, 0.686274529, 0.227450982
vb0[407]+000 TANGENT: 0.870588243, 0.219607845, 0.686274529, 0.227450982

vb0[408]+000 POSITION: 0.542480469, 0.835449219, -0.463378906, 1
vb0[408]+000 NORMAL: 0.34117648, 0.219607845, 0.686274529, 0.227450982
vb0[408]+000 COLOR: 0.34117648, 0.219607845, 0.686274529, 0.227450982
vb0[408]+012 TEXCOORD: -0.112487793, 0.449951172
vb0[408]+000 TEXCOORD1: 0.34117648, 0.219607845, 0.686274529, 0.227450982
vb0[408]+000 TEXCOORD2: 0.34117648, 0.219607845, 0.686274529, 0.227450982
vb0[408]+000 TEXCOORD3: 0.34117648, 0.219607845, 0.686274529, 0.227450982
vb0[408]+000 TANGENT: 0.34117648, 0.219607845, 0.686274529, 0.227450982

vb0[409]+000 POSITION: 0.628417969, 0.776855469, -0.456787109, 1
vb0[409]+000 NORMAL: 0.0274509806, 0.223529413, 0.215686277, 0.227450982
vb0[409]+000 COLOR: 0.0274509806, 0.223529413, 0.215686277, 0.227450982
vb0[409]+012 TEXCOORD: -0.0999755859, 0.5
vb0[409]+000 TEXCOORD1: 0.0274509806, 0.223529413, 0.215686277, 0.227450982
vb0[409]+000 TEXCOORD2: 0.0274509806, 0.223529413, 0.215686277, 0.227450982
vb0[409]+000 TEXCOORD3: 0.0274509806, 0.223529413, 0.215686277, 0.227450982
vb0[409]+000 TANGENT: 0.0274509806, 0.223529413, 0.215686277, 0.227450982

vb0[410]+000 POSITION: 0.549316406, 0.776855469, -0.549316406, 1
vb0[410]+000 NORMAL: 0.396078438, 0.219607845, 0.215686277, 0.227450982
vb0[410]+000 COLOR: 0.396078438, 0.219607845, 0.215686277, 0.227450982
vb0[410]+012 TEXCOORD: -0.125, 0.5
vb0[410]+000 TEXCOORD1: 0.396078438, 0.219607845, 0.215686277, 0.227450982
vb0[410]+000 TEXCOORD2: 0.396078438, 0.219607845, 0.215686277, 0.227450982
vb0[410]+000 TEXCOORD3: 0.396078438, 0.219607845, 0.215686277, 0.227450982
vb0[410]+000 TANGENT: 0.396078438, 0.219607845, 0.215686277, 0.227450982

vb0[411]+000 POSITION: 0.692382813, 0.776855469, -0.352783203, 1
vb0[411]+000 NORMAL: 0.541176498, 0.223529413, 0.215686277, 0.227450982
vb0[411]+000 COLOR: 0.541176498, 0.223529413, 0.215686277, 0.227450982
vb0[411]+012 TEXCOORD: -0.075012207, 0.5
vb0[411]+000 TEXCOORD1: 0.541176498, 0.223529413, 0.215686277, 0.227450982
vb0[411]+000 TEXCOORD2: 0.541176498, 0.223529413, 0.215686277, 0.227450982
vb0[411]+000 TEXCOORD3: 0.541176498, 0.223529413, 0.215686277, 0.227450982
vb0[411]+000 TANGENT: 0.541176498, 0.223529413, 0.215686277, 0.227450982

vb0[412]+000 POSITION: 0.738769531, 0.776855469, -0.240112305, 1
vb0[412]+000 NORMAL: 0.913725495, 0.223529413, 0.215686277, 0.227450982
vb0[412]+000 COLOR: 0.913725495, 0.223529413, 0.215686277, 0.227450982
vb0[412]+012 TEXCOORD: -0.049987793, 0.5
vb0[412]+000 TEXCOORD1: 0.913725495, 0.223529413, 0.215686277, 0.227450982
vb0[412]+000 TEXCOORD2: 0.913725495, 0.223529413, 0.215686277, 0.227450982
vb0[412]+000 TEXCOORD3: 0.913725495, 0.223529413, 0.215686277, 0.227450982
vb0[412]+000 TANGENT: 0.913725495, 0.223529413, 0.215686277, 0.227450982

vb0[413]+000 POSITION: 0.767578125, 0.776855469, -0.121582031, 1
vb0[413]+000 NORMAL: 0.141176477, 0.227450982, 0.215686277, 0.227450982
vb0[413]+000 COLOR: 0.141176477, 0.227450982, 0.215686277, 0.227450982
vb0[413]+012 TEXCOORD: -0.0249938965, 0.5
vb0[413]+000 TEXCOORD1: 0.141176477, 0.227450982, 0.215686277, 0.227450982
vb0[413]+000 TEXCOORD2: 0.141176477, 0.227450982, 0.215686277, 0.227450982
vb0[413]+000 TEXCOORD3: 0.141176477, 0.227450982, 0.215686277, 0.227450982
vb0[413]+000 TANGENT: 0.141176477, 0.227450982, 0.215686277, 0.227450982

vb0[414]+000 POSITION: 0.776855469, 0.776855469, 0, 1
vb0[414]+000 NORMAL: 0.215686277, 0.227450982, 0.215686277, 0.227450982
vb0[414]+000 COLOR: 0.215686277, 0.227450982, 0.215686277, 0.227450982
vb0[414]+012 TEXCOORD: 0, 0.5
vb0[414]+000 TEXCOORD1: 0.215686277, 0.227450982, 0.215686277, 0.227450982
vb0[414]+000 TEXCOORD2: 0.215686277, 0.227450982, 0.215686277, 0.227450982
vb0[414]+000 TEXCOORD3: 0.215686277, 0.227450982, 0.215686277, 0.227450982
vb0[414]+000 TANGENT: 0.215686277, 0.227450982, 0.215686277, 0.227450982

vb0[415]+000 POSITION: 0.767578125, 0.776855469, 0.121582031, 1
vb0[415]+000 NORMAL: 0.141176477, 0.227450982, 0.215686277, 0.227450982
vb0[415]+000 COLOR: 0.141176477, 0.227450982, 0.215686277, 0.227450982
vb0[415]+012 TEXCOORD: 0.0249938965, 0.5
vb0[415]+000 TEXCOORD1: 0.141176477, 0.227450982, 0.215686277, 0.227450982
vb0[415]+000 TEXCOORD2: 0.141176477, 0.227450982, 0.215686277, 0.227450982
vb0[415]+000 TEXCOORD3: 0.141176477, 0.227450982, 0.215686277, 0.227450982
vb0[415]+000 TANGENT: 0.141176477, 0.227450982, 0.215686277, 0.227450982

vb0[416]+000 POSITION: 0.738769531, 0.776855469, 0.240112305, 1
vb0[416]+000 NORMAL: 0.913725495, 0.223529413, 0.215686277, 0.227450982
vb0[416]+000 COLOR: 0.913725495, 0.223529413, 0.215686277, 0.227450982
vb0[416]+012 TEXCOORD: 0.049987793, 0.5
vb0[416]+000 TEXCOORD1: 0.913725495, 0.223529413, 0.215686277, 0.227450982
vb0[416]+000 TEXCOORD2: 0.913725495, 0.223529413, 0.215686277, 0.227450982
vb0[416]+000 TEXCOORD3: 0.913725495, 0.223529413, 0.215686277, 0.227450982
vb0[416]+000 TANGENT: 0.913725495, 0.223529413, 0.215686277, 0.227450982

vb0[417]+000 POSITION: 0.692382813, 0.776855469, 0.352783203, 1
vb0[417]+000 NORMAL: 0.541176498, 0.223529413, 0.215686277, 0.227450982
vb0[417]+000 COLOR: 0.541176498, 0.223529413, 0.215686277, 0.227450982
vb0[417]+012 TEXCOORD: 0.075012207, 0.5
vb0[417]+000 TEXCOORD1: 0.541176498, 0.223529413, 0.215686277, 0.227450982
vb0[417]+000 TEXCOORD2: 0.541176498, 0.223529413, 0.215686277, 0.227450982
vb0[417]+000 TEXCOORD3: 0.541176498, 0.223529413, 0.215686277, 0.227450982
vb0[417]+000 TANGENT: 0.541176498, 0.223529413, 0.215686277, 0.227450982

vb0[418]+000 POSITION: 0.628417969, 0.776855469, 0.456787109, 1
vb0[418]+000 NORMAL: 0.0274509806, 0.223529413, 0.215686277, 0.227450982
vb0[418]+000 COLOR: 0.0274509806, 0.223529413, 0.215686277, 0.227450982
vb0[418]+012 TEXCOORD: 0.0999755859, 0.5
vb0[418]+000 TEXCOORD1: 0.0274509806, 0.223529413, 0.215686277, 0.227450982
vb0[418]+000 TEXCOORD2: 0.0274509806, 0.223529413, 0.215686277, 0.227450982
vb0[418]+000 TEXCOORD3: 0.0274509806, 0.223529413, 0.215686277, 0.227450982
vb0[418]+000 TANGENT: 0.0274509806, 0.223529413, 0.215686277, 0.227450982

vb0[419]+000 POSITION: 0.549316406, 0.776855469, 0.549316406, 1
vb0[419]+000 NORMAL: 0.396078438, 0.219607845, 0.215686277, 0.227450982
vb0[419]+000 COLOR: 0.396078438, 0.219607845, 0.215686277, 0.227450982
vb0[419]+012 TEXCOORD: 0.125, 0.5
vb0[419]+000 TEXCOORD1: 0.396078438, 0.219607845, 0.215686277, 0.227450982
vb0[419]+000 TEXCOORD2: 0.396078438, 0.219607845, 0.215686277, 0.227450982
vb0[419]+000 TEXCOORD3: 0.396078438, 0.219607845, 0.215686277, 0.227450982
vb0[419]+000 TANGENT: 0.396078438, 0.219607845, 0.215686277, 0.227450982

vb0[420]+000 POSITION: 0.456787109, 0.776855469, 0.628417969, 1
vb0[420]+000 NORMAL: 0.309803933, 0.215686277, 0.215686277, 0.227450982
vb0[420]+000 COLOR: 0.309803933, 0.215686277, 0.215686277, 0.227450982
vb0[420]+012 TEXCOORD: 0.150024414, 0.5
vb0[420]+000 TEXCOORD1: 0.309803933, 0.215686277, 0.215686277, 0.227450982
vb0[420]+000 TEXCOORD2: 0.309803933, 0.215686277, 0.215686277, 0.227450982
vb0[420]+000 TEXCOORD3: 0.309803933, 0.215686277, 0.215686277, 0.227450982
vb0[420]+000 TANGENT: 0.309803933, 0.215686277, 0.215686277, 0.227450982

vb0[421]+000 POSITION: 0.352783203, 0.776855469, 0.692382813, 1
vb0[421]+000 NORMAL: 0.647058845, 0.20784314, 0.215686277, 0.227450982
vb0[421]+000 COLOR: 0.647058845, 0.20784314, 0.215686277, 0.227450982
vb0[421]+012 TEXCOORD: 0.175048828, 0.5
vb0[421]+000 TEXCOORD1: 0.647058845, 0.20784314, 0.215686277, 0.227450982
vb0[421]+000 TEXCOORD2: 0.647058845, 0.20784314, 0.215686277, 0.227450982
vb0[421]+000 TEXCOORD3: 0.647058845, 0.20784314, 0.215686277, 0.227450982
vb0[421]+000 TANGENT: 0.647058845, 0.20784314, 0.215686277, 0.227450982

vb0[422]+000 POSITION: 0.240112305, 0.776855469, 0.738769531, 1
vb0[422]+000 NORMAL: 0.686274529, 0.200000003, 0.215686277, 0.227450982
vb0[422]+000 COLOR: 0.686274529, 0.200000003, 0.215686277, 0.227450982
vb0[422]+012 TEXCOORD: 0.199951172, 0.5
vb0[422]+000 TEXCOORD1: 0.686274529, 0.200000003, 0.215686277, 0.227450982
vb0[422]+000 TEXCOORD2: 0.686274529, 0.200000003, 0.215686277, 0.227450982
vb0[422]+000 TEXCOORD3: 0.686274529, 0.200000003, 0.215686277, 0.227450982
vb0[422]+000 TANGENT: 0.686274529, 0.200000003, 0.215686277, 0.227450982

vb0[423]+000 POSITION: 0.121582031, 0.776855469, 0.767578125, 1
vb0[423]+000 NORMAL: 0.784313738, 0.184313729, 0.215686277, 0.227450982
vb0[423]+000 COLOR: 0.784313738, 0.184313729, 0.215686277, 0.227450982
vb0[423]+012 TEXCOORD: 0.224975586, 0.5
vb0[423]+000 TEXCOORD1: 0.784313738, 0.184313729, 0.215686277, 0.227450982
vb0[423]+000 TEXCOORD2: 0.784313738, 0.184313729, 0.215686277, 0.227450982
vb0[423]+000 TEXCOORD3: 0.784313738, 0.184313729, 0.215686277, 0.227450982
vb0[423]+000 TANGENT: 0.784313738, 0.184313729, 0.215686277, 0.227450982

vb0[424]+000 POSITION: 0.712402344, 0.713867188, 0.436523438, 1
vb0[424]+000 NORMAL: 0.701960802, 0.223529413, 0.713725507, 0.223529413
vb0[424]+000 COLOR: 0.701960802, 0.223529413, 0.713725507, 0.223529413
vb0[424]+012 TEXCOORD: 0.0875244141, 0.549804688
vb0[424]+000 TEXCOORD1: 0.701960802, 0.223529413, 0.713725507, 0.223529413
vb0[424]+000 TEXCOORD2: 0.701960802, 0.223529413, 0.713725507, 0.223529413
vb0[424]+000 TEXCOORD3: 0.701960802, 0.223529413, 0.713725507, 0.223529413
vb0[424]+000 TANGENT: 0.701960802, 0.223529413, 0.713725507, 0.223529413

vb0[425]+000 POSITION: 0.771972656, 0.713867188, 0.319824219, 1
vb0[425]+000 NORMAL: 0.176470593, 0.227450982, 0.713725507, 0.223529413
vb0[425]+000 COLOR: 0.176470593, 0.227450982, 0.713725507, 0.223529413
vb0[425]+012 TEXCOORD: 0.0625, 0.549804688
vb0[425]+000 TEXCOORD1: 0.176470593, 0.227450982, 0.713725507, 0.223529413
vb0[425]+000 TEXCOORD2: 0.176470593, 0.227450982, 0.713725507, 0.223529413
vb0[425]+000 TEXCOORD3: 0.176470593, 0.227450982, 0.713725507, 0.223529413
vb0[425]+000 TANGENT: 0.176470593, 0.227450982, 0.713725507, 0.223529413

vb0[426]+000 POSITION: 0.635253906, 0.713867188, 0.542480469, 1
vb0[426]+000 NORMAL: 0.0823529437, 0.223529413, 0.713725507, 0.223529413
vb0[426]+000 COLOR: 0.0823529437, 0.223529413, 0.713725507, 0.223529413
vb0[426]+012 TEXCOORD: 0.112487793, 0.549804688
vb0[426]+000 TEXCOORD1: 0.0823529437, 0.223529413, 0.713725507, 0.223529413
vb0[426]+000 TEXCOORD2: 0.0823529437, 0.223529413, 0.713725507, 0.223529413
vb0[426]+000 TEXCOORD3: 0.0823529437, 0.223529413, 0.713725507, 0.223529413
vb0[426]+000 TANGENT: 0.0823529437, 0.223529413, 0.713725507, 0.223529413

vb0[427]+000 POSITION: 0.542480469, 0.713867188, 0.635253906, 1
vb0[427]+000 NORMAL: 0.34117648, 0.219607845, 0.713725507, 0.223529413
vb0[427]+000 COLOR: 0.34117648, 0.219607845, 0.713725507, 0.223529413
vb0[427]+012 TEXCOORD: 0.137451172, 0.549804688
vb0[427]+000 TEXCOORD1: 0.34117648, 0.219607845, 0.713725507, 0.223529413
vb0[427]+000 TEXCOORD2: 0.34117648, 0.219607845, 0.713725507, 0.223529413
vb0[427]+000 TEXCOORD3: 0.34117648, 0.219607845, 0.713725507, 0.223529413
vb0[427]+000 TANGENT: 0.34117648, 0.219607845, 0.713725507, 0.223529413

vb0[428]+000 POSITION: 0.436523438, 0.713867188, 0.712402344, 1
vb0[428]+000 NORMAL: 0.988235295, 0.211764708, 0.713725507, 0.223529413
vb0[428]+000 COLOR: 0.988235295, 0.211764708, 0.713725507, 0.223529413
vb0[428]+012 TEXCOORD: 0.162475586, 0.549804688
vb0[428]+000 TEXCOORD1: 0.988235295, 0.211764708, 0.713725507, 0.223529413
vb0[428]+000 TEXCOORD2: 0.988235295, 0.211764708, 0.713725507, 0.223529413
vb0[428]+000 TEXCOORD3: 0.988235295, 0.211764708, 0.713725507, 0.223529413
vb0[428]+000 TANGENT: 0.988235295, 0.211764708, 0.713725507, 0.223529413

vb0[429]+000 POSITION: 0.319824219, 0.713867188, 0.771972656, 1
vb0[429]+000 NORMAL: 0.117647059, 0.20784314, 0.713725507, 0.223529413
vb0[429]+000 COLOR: 0.117647059, 0.20784314, 0.713725507, 0.223529413
vb0[429]+012 TEXCOORD: 0.1875, 0.549804688
vb0[429]+000 TEXCOORD1: 0.117647059, 0.20784314, 0.713725507, 0.223529413
vb0[429]+000 TEXCOORD2: 0.117647059, 0.20784314, 0.713725507, 0.223529413
vb0[429]+000 TEXCOORD3: 0.117647059, 0.20784314, 0.713725507, 0.223529413
vb0[429]+000 TANGENT: 0.117647059, 0.20784314, 0.713725507, 0.223529413

vb0[430]+000 POSITION: 0.195068359, 0.713867188, 0.8125, 1
vb0[430]+000 NORMAL: 0.243137255, 0.196078435, 0.713725507, 0.223529413
vb0[430]+000 COLOR: 0.243137255, 0.196078435, 0.713725507, 0.223529413
vb0[430]+012 TEXCOORD: 0.212524414, 0.549804688
vb0[430]+000 TEXCOORD1: 0.243137255, 0.196078435, 0.713725507, 0.223529413
vb0[430]+000 TEXCOORD2: 0.243137255, 0.196078435, 0.713725507, 0.223529413
vb0[430]+000 TEXCOORD3: 0.243137255, 0.196078435, 0.713725507, 0.223529413
vb0[430]+000 TANGENT: 0.243137255, 0.196078435, 0.713725507, 0.223529413

vb0[431]+000 POSITION: 0.0655517578, 0.713867188, 0.833007813, 1
vb0[431]+000 NORMAL: 0.196078435, 0.172549024, 0.713725507, 0.223529413
vb0[431]+000 COLOR: 0.196078435, 0.172549024, 0.713725507, 0.223529413
vb0[431]+012 TEXCOORD: 0.237548828, 0.549804688
vb0[431]+000 TEXCOORD1: 0.196078435, 0.172549024, 0.713725507, 0.223529413
vb0[431]+000 TEXCOORD2: 0.196078435, 0.172549024, 0.713725507, 0.223529413
vb0[431]+000 TEXCOORD3: 0.196078435, 0.172549024, 0.713725507, 0.223529413
vb0[431]+000 TANGENT: 0.196078435, 0.172549024, 0.713725507, 0.223529413

vb0[432]+000 POSITION: -0.0655517578, 0.713867188, 0.833007813, 1
vb0[432]+000 NORMAL: 0.196078435, 0.674509823, 0.713725507, 0.223529413
vb0[432]+000 COLOR: 0.196078435, 0.674509823, 0.713725507, 0.223529413
vb0[432]+012 TEXCOORD: 0.262451172, 0.549804688
vb0[432]+000 TEXCOORD1: 0.196078435, 0.674509823, 0.713725507, 0.223529413
vb0[432]+000 TEXCOORD2: 0.196078435, 0.674509823, 0.713725507, 0.223529413
vb0[432]+000 TEXCOORD3: 0.196078435, 0.674509823, 0.713725507, 0.223529413
vb0[432]+000 TANGENT: 0.196078435, 0.674509823, 0.713725507, 0.223529413

vb0[433]+000 POSITION: -0.195068359, 0.713867188, 0.8125, 1
vb0[433]+000 NORMAL: 0.243137255, 0.698039234, 0.713725507, 0.223529413
vb0[433]+000 COLOR: 0.243137255, 0.698039234, 0.713725507, 0.223529413
vb0[433]+012 TEXCOORD: 0.287597656, 0.549804688
vb0[433]+000 TEXCOORD1: 0.243137255, 0.698039234, 0.713725507, 0.223529413
vb0[433]+000 TEXCOORD2: 0.243137255, 0.698039234, 0.713725507, 0.223529413
vb0[433]+000 TEXCOORD3: 0.243137255, 0.698039234, 0.713725507, 0.223529413
vb0[433]+000 TANGENT: 0.243137255, 0.698039234, 0.713725507, 0.223529413

vb0[434]+000 POSITION: -0.240112305, 0.776855469, 0.738769531, 1
vb0[434]+000 NORMAL: 0.686274529, 0.701960802, 0.215686277, 0.227450982
vb0[434]+000 COLOR: 0.686274529, 0.701960802, 0.215686277, 0.227450982
vb0[434]+012 TEXCOORD: 0.300048828, 0.5
vb0[434]+000 TEXCOORD1: 0.686274529, 0.701960802, 0.215686277, 0.227450982
vb0[434]+000 TEXCOORD2: 0.686274529, 0.701960802, 0.215686277, 0.227450982
vb0[434]+000 TEXCOORD3: 0.686274529, 0.701960802, 0.215686277, 0.227450982
vb0[434]+000 TANGENT: 0.686274529, 0.701960802, 0.215686277, 0.227450982

vb0[435]+000 POSITION: -0.352783203, 0.776855469, 0.692382813, 1
vb0[435]+000 NORMAL: 0.647058845, 0.709803939, 0.215686277, 0.227450982
vb0[435]+000 COLOR: 0.647058845, 0.709803939, 0.215686277, 0.227450982
vb0[435]+012 TEXCOORD: 0.324951172, 0.5
vb0[435]+000 TEXCOORD1: 0.647058845, 0.709803939, 0.215686277, 0.227450982
vb0[435]+000 TEXCOORD2: 0.647058845, 0.709803939, 0.215686277, 0.227450982
vb0[435]+000 TEXCOORD3: 0.647058845, 0.709803939, 0.215686277, 0.227450982
vb0[435]+000 TANGENT: 0.647058845, 0.709803939, 0.215686277, 0.227450982

vb0[436]+000 POSITION: -0.456787109, 0.776855469, 0.628417969, 1
vb0[436]+000 NORMAL: 0.309803933, 0.717647076, 0.215686277, 0.227450982
vb0[436]+000 COLOR: 0.309803933, 0.717647076, 0.215686277, 0.227450982
vb0[436]+012 TEXCOORD: 0.350097656, 0.5
vb0[436]+000 TEXCOORD1: 0.309803933, 0.717647076, 0.215686277, 0.227450982
vb0[436]+000 TEXCOORD2: 0.309803933, 0.717647076, 0.215686277, 0.227450982
vb0[436]+000 TEXCOORD3: 0.309803933, 0.717647076, 0.215686277, 0.227450982
vb0[436]+000 TANGENT: 0.309803933, 0.717647076, 0.215686277, 0.227450982

vb0[437]+000 POSITION: -0.549316406, 0.776855469, 0.549316406, 1
vb0[437]+000 NORMAL: 0.396078438, 0.721568644, 0.215686277, 0.227450982
vb0[437]+000 COLOR: 0.396078438, 0.721568644, 0.215686277, 0.227450982
vb0[437]+012 TEXCOORD: 0.375, 0.5
vb0[437]+000 TEXCOORD1: 0.396078438, 0.721568644, 0.215686277, 0.227450982
vb0[437]+000 TEXCOORD2: 0.396078438, 0.721568644, 0.215686277, 0.227450982
vb0[437]+000 TEXCOORD3: 0.396078438, 0.721568644, 0.215686277, 0.227450982
vb0[437]+000 TANGENT: 0.396078438, 0.721568644, 0.215686277, 0.227450982

vb0[438]+000 POSITION: -0.628417969, 0.776855469, 0.456787109, 1
vb0[438]+000 NORMAL: 0.0274509806, 0.725490212, 0.215686277, 0.227450982
vb0[438]+000 COLOR: 0.0274509806, 0.725490212, 0.215686277, 0.227450982
vb0[438]+012 TEXCOORD: 0.399902344, 0.5
vb0[438]+000 TEXCOORD1: 0.0274509806, 0.725490212, 0.215686277, 0.227450982
vb0[438]+000 TEXCOORD2: 0.0274509806, 0.725490212, 0.215686277, 0.227450982
vb0[438]+000 TEXCOORD3: 0.0274509806, 0.725490212, 0.215686277, 0.227450982
vb0[438]+000 TANGENT: 0.0274509806, 0.725490212, 0.215686277, 0.227450982

vb0[439]+000 POSITION: -0.692382813, 0.776855469, 0.352783203, 1
vb0[439]+000 NORMAL: 0.541176498, 0.725490212, 0.215686277, 0.227450982
vb0[439]+000 COLOR: 0.541176498, 0.725490212, 0.215686277, 0.227450982
vb0[439]+012 TEXCOORD: 0.425048828, 0.5
vb0[439]+000 TEXCOORD1: 0.541176498, 0.725490212, 0.215686277, 0.227450982
vb0[439]+000 TEXCOORD2: 0.541176498, 0.725490212, 0.215686277, 0.227450982
vb0[439]+000 TEXCOORD3: 0.541176498, 0.725490212, 0.215686277, 0.227450982
vb0[439]+000 TANGENT: 0.541176498, 0.725490212, 0.215686277, 0.227450982

vb0[440]+000 POSITION: -0.738769531, 0.776855469, 0.240112305, 1
vb0[440]+000 NORMAL: 0.913725495, 0.725490212, 0.215686277, 0.227450982
vb0[440]+000 COLOR: 0.913725495, 0.725490212, 0.215686277, 0.227450982
vb0[440]+012 TEXCOORD: 0.449951172, 0.5
vb0[440]+000 TEXCOORD1: 0.913725495, 0.725490212, 0.215686277, 0.227450982
vb0[440]+000 TEXCOORD2: 0.913725495, 0.725490212, 0.215686277, 0.227450982
vb0[440]+000 TEXCOORD3: 0.913725495, 0.725490212, 0.215686277, 0.227450982
vb0[440]+000 TANGENT: 0.913725495, 0.725490212, 0.215686277, 0.227450982

vb0[441]+000 POSITION: -0.767578125, 0.776855469, 0.121582031, 1
vb0[441]+000 NORMAL: 0.141176477, 0.729411781, 0.215686277, 0.227450982
vb0[441]+000 COLOR: 0.141176477, 0.729411781, 0.215686277, 0.227450982
vb0[441]+012 TEXCOORD: 0.475097656, 0.5
vb0[441]+000 TEXCOORD1: 0.141176477, 0.729411781, 0.215686277, 0.227450982
vb0[441]+000 TEXCOORD2: 0.141176477, 0.729411781, 0.215686277, 0.227450982
vb0[441]+000 TEXCOORD3: 0.141176477, 0.729411781, 0.215686277, 0.227450982
vb0[441]+000 TANGENT: 0.141176477, 0.729411781, 0.215686277, 0.227450982

vb0[442]+000 POSITION: -0.776855469, 0.776855469, -1.1479437e-41, 1
vb0[442]+000 NORMAL: 0.215686277, 0.729411781, 0.215686277, 0.227450982
vb0[442]+000 COLOR: 0.215686277, 0.729411781, 0.215686277, 0.227450982
vb0[442]+012 TEXCOORD: 0.5, 0.5
vb0[442]+000 TEXCOORD1: 0.215686277, 0.729411781, 0.215686277, 0.227450982
vb0[442]+000 TEXCOORD2: 0.215686277, 0.729411781, 0.215686277, 0.227450982
vb0[442]+000 TEXCOORD3: 0.215686277, 0.729411781, 0.215686277, 0.227450982
vb0[442]+000 TANGENT: 0.215686277, 0.729411781, 0.215686277, 0.227450982

vb0[443]+000 POSITION: -0.767578125, 0.776855469, -0.121582031, 1
vb0[443]+000 NORMAL: 0.141176477, 0.729411781, 0.215686277, 0.227450982
vb0[443]+000 COLOR: 0.141176477, 0.729411781, 0.215686277, 0.227450982
vb0[443]+012 TEXCOORD: 0.524902344, 0.5
vb0[443]+000 TEXCOORD1: 0.141176477, 0.729411781, 0.215686277, 0.227450982
vb0[443]+000 TEXCOORD2: 0.141176477, 0.729411781, 0.215686277, 0.227450982
vb0[443]+000 TEXCOORD3: 0.141176477, 0.729411781, 0.215686277, 0.227450982
vb0[443]+000 TANGENT: 0.141176477, 0.729411781, 0.215686277, 0.227450982

vb0[444]+000 POSITION: -0.738769531, 0.776855469, -0.240112305, 1
vb0[444]+000 NORMAL: 0.913725495, 0.725490212, 0.215686277, 0.227450982
vb0[444]+000 COLOR: 0.913725495, 0.725490212, 0.215686277, 0.227450982
vb0[444]+012 TEXCOORD: 0.549804688, 0.5
vb0[444]+000 TEXCOORD1: 0.913725495, 0.725490212, 0.215686277, 0.227450982
vb0[444]+000 TEXCOORD2: 0.913725495, 0.725490212, 0.215686277, 0.227450982
vb0[444]+000 TEXCOORD3: 0.913725495, 0.725490212, 0.215686277, 0.227450982
vb0[444]+000 TANGENT: 0.913725495, 0.725490212, 0.215686277, 0.227450982

vb0[445]+000 POSITION: -0.692382813, 0.776855469, -0.352783203, 1
vb0[445]+000 NORMAL: 0.541176498, 0.725490212, 0.215686277, 0.227450982
vb0[445]+000 COLOR: 0.541176498, 0.725490212, 0.215686277, 0.227450982
vb0[445]+012 TEXCOORD: 0.575195313, 0.5
vb0[445]+000 TEXCOORD1: 0.541176498, 0.725490212, 0.215686277, 0.227450982
vb0[445]+000 TEXCOORD2: 0.541176498, 0.725490212, 0.215686277, 0.227450982
vb0[445]+000 TEXCOORD3: 0.541176498, 0.725490212, 0.215686277, 0.227450982
vb0[445]+000 TANGENT: 0.541176498, 0.725490212, 0.215686277, 0.227450982

vb0[446]+000 POSITION: -0.628417969, 0.776855469, -0.456787109, 1
vb0[446]+000 NORMAL: 0.0274509806, 0.725490212, 0.215686277, 0.227450982
vb0[446]+000 COLOR: 0.0274509806, 0.725490212, 0.215686277, 0.227450982
vb0[446]+012 TEXCOORD: 0.600097656, 0.5
vb0[446]+000 TEXCOORD1: 0.0274509806, 0.725490212, 0.215686277, 0.227450982
vb0[446]+000 TEXCOORD2: 0.0274509806, 0.725490212, 0.215686277, 0.227450982
vb0[446]+000 TEXCOORD3: 0.0274509806, 0.725490212, 0.215686277, 0.227450982
vb0[446]+000 TANGENT: 0.0274509806, 0.725490212, 0.215686277, 0.227450982

vb0[447]+000 POSITION: -0.549316406, 0.776855469, -0.549316406, 1
vb0[447]+000 NORMAL: 0.396078438, 0.721568644, 0.215686277, 0.227450982
vb0[447]+000 COLOR: 0.396078438, 0.721568644, 0.215686277, 0.227450982
vb0[447]+012 TEXCOORD: 0.625, 0.5
vb0[447]+000 TEXCOORD1: 0.396078438, 0.721568644, 0.215686277, 0.227450982
vb0[447]+000 TEXCOORD2: 0.396078438, 0.721568644, 0.215686277, 0.227450982
vb0[447]+000 TEXCOORD3: 0.396078438, 0.721568644, 0.215686277, 0.227450982
vb0[447]+000 TANGENT: 0.396078438, 0.721568644, 0.215686277, 0.227450982

vb0[448]+000 POSITION: -0.456787109, 0.776855469, -0.628417969, 1
vb0[448]+000 NORMAL: 0.309803933, 0.717647076, 0.215686277, 0.227450982
vb0[448]+000 COLOR: 0.309803933, 0.717647076, 0.215686277, 0.227450982
vb0[448]+012 TEXCOORD: 0.649902344, 0.5
vb0[448]+000 TEXCOORD1: 0.309803933, 0.717647076, 0.215686277, 0.227450982
vb0[448]+000 TEXCOORD2: 0.309803933, 0.717647076, 0.215686277, 0.227450982
vb0[448]+000 TEXCOORD3: 0.309803933, 0.717647076, 0.215686277, 0.227450982
vb0[448]+000 TANGENT: 0.309803933, 0.717647076, 0.215686277, 0.227450982

vb0[449]+000 POSITION: -0.352783203, 0.776855469, -0.692382813, 1
vb0[449]+000 NORMAL: 0.647058845, 0.709803939, 0.215686277, 0.227450982
vb0[449]+000 COLOR: 0.647058845, 0.709803939, 0.215686277, 0.227450982
vb0[449]+012 TEXCOORD: 0.674804688, 0.5
vb0[449]+000 TEXCOORD1: 0.647058845, 0.709803939, 0.215686277, 0.227450982
vb0[449]+000 TEXCOORD2: 0.647058845, 0.709803939, 0.215686277, 0.227450982
vb0[449]+000 TEXCOORD3: 0.647058845, 0.709803939, 0.215686277, 0.227450982
vb0[449]+000 TANGENT: 0.647058845, 0.709803939, 0.215686277, 0.227450982

vb0[450]+000 POSITION: -0.240112305, 0.776855469, -0.738769531, 1
vb0[450]+000 NORMAL: 0.686274529, 0.701960802, 0.215686277, 0.227450982
vb0[450]+000 COLOR: 0.686274529, 0.701960802, 0.215686277, 0.227450982
vb0[450]+012 TEXCOORD: 0.700195313, 0.5
vb0[450]+000 TEXCOORD1: 0.686274529, 0.701960802, 0.215686277, 0.227450982
vb0[450]+000 TEXCOORD2: 0.686274529, 0.701960802, 0.215686277, 0.227450982
vb0[450]+000 TEXCOORD3: 0.686274529, 0.701960802, 0.215686277, 0.227450982
vb0[450]+000 TANGENT: 0.686274529, 0.701960802, 0.215686277, 0.227450982

vb0[451]+000 POSITION: -0.121582031, 0.776855469, -0.767578125, 1
vb0[451]+000 NORMAL: 0.784313738, 0.686274529, 0.215686277, 0.227450982
vb0[451]+000 COLOR: 0.784313738, 0.686274529, 0.215686277, 0.227450982
vb0[451]+012 TEXCOORD: 0.725097656, 0.5
vb0[451]+000 TEXCOORD1: 0.784313738, 0.686274529, 0.215686277, 0.227450982
vb0[451]+000 TEXCOORD2: 0.784313738, 0.686274529, 0.215686277, 0.227450982
vb0[451]+000 TEXCOORD3: 0.784313738, 0.686274529, 0.215686277, 0.227450982
vb0[451]+000 TANGENT: 0.784313738, 0.686274529, 0.215686277, 0.227450982

vb0[452]+000 POSITION: 0, 0.776855469, -0.776855469, 1
vb0[452]+000 NORMAL: 0, 0, 0.215686277, 0.227450982
vb0[452]+000 COLOR: 0, 0, 0.215686277, 0.227450982
vb0[452]+012 TEXCOORD: 0.75, 0.5
vb0[452]+000 TEXCOORD1: 0, 0, 0.215686277, 0.227450982
vb0[452]+000 TEXCOORD2: 0, 0, 0.215686277, 0.227450982
vb0[452]+000 TEXCOORD3: 0, 0, 0.215686277, 0.227450982
vb0[452]+000 TANGENT: 0, 0, 0.215686277, 0.227450982

vb0[453]+000 POSITION: 0.121582031, 0.776855469, -0.767578125, 1
vb0[453]+000 NORMAL: 0.784313738, 0.184313729, 0.215686277, 0.227450982
vb0[453]+000 COLOR: 0.784313738, 0.184313729, 0.215686277, 0.227450982
vb0[453]+012 TEXCOORD: 0.774902344, 0.5
vb0[453]+000 TEXCOORD1: 0.784313738, 0.184313729, 0.215686277, 0.227450982
vb0[453]+000 TEXCOORD2: 0.784313738, 0.184313729, 0.215686277, 0.227450982
vb0[453]+000 TEXCOORD3: 0.784313738, 0.184313729, 0.215686277, 0.227450982
vb0[453]+000 TANGENT: 0.784313738, 0.184313729, 0.215686277, 0.227450982

vb0[454]+000 POSITION: 0.240112305, 0.776855469, -0.738769531, 1
vb0[454]+000 NORMAL: 0.686274529, 0.200000003, 0.215686277, 0.227450982
vb0[454]+000 COLOR: 0.686274529, 0.200000003, 0.215686277, 0.227450982
vb0[454]+012 TEXCOORD: 0.799804688, 0.5
vb0[454]+000 TEXCOORD1: 0.686274529, 0.200000003, 0.215686277, 0.227450982
vb0[454]+000 TEXCOORD2: 0.686274529, 0.200000003, 0.215686277, 0.227450982
vb0[454]+000 TEXCOORD3: 0.686274529, 0.200000003, 0.215686277, 0.227450982
vb0[454]+000 TANGENT: 0.686274529, 0.200000003, 0.215686277, 0.227450982

vb0[455]+000 POSITION: 0.352783203, 0.776855469, -0.692382813, 1
vb0[455]+000 NORMAL: 0.647058845, 0.20784314, 0.215686277, 0.227450982
vb0[455]+000 COLOR: 0.647058845, 0.20784314, 0.215686277, 0.227450982
vb0[455]+012 TEXCOORD: 0.825195313, 0.5
vb0[455]+000 TEXCOORD1: 0.647058845, 0.20784314, 0.215686277, 0.227450982
vb0[455]+000 TEXCOORD2: 0.647058845, 0.20784314, 0.215686277, 0.227450982
vb0[455]+000 TEXCOORD3: 0.647058845, 0.20784314, 0.215686277, 0.227450982
vb0[455]+000 TANGENT: 0.647058845, 0.20784314, 0.215686277, 0.227450982

vb0[456]+000 POSITION: 0.456787109, 0.776855469, -0.628417969, 1
vb0[456]+000 NORMAL: 0.309803933, 0.215686277, 0.215686277, 0.227450982
vb0[456]+000 COLOR: 0.309803933, 0.215686277, 0.215686277, 0.227450982
vb0[456]+012 TEXCOORD: 0.850097656, 0.5
vb0[456]+000 TEXCOORD1: 0.309803933, 0.215686277, 0.215686277, 0.227450982
vb0[456]+000 TEXCOORD2: 0.309803933, 0.215686277, 0.215686277, 0.227450982
vb0[456]+000 TEXCOORD3: 0.309803933, 0.215686277, 0.215686277, 0.227450982
vb0[456]+000 TANGENT: 0.309803933, 0.215686277, 0.215686277, 0.227450982

vb0[457]+000 POSITION: 0.463378906, 0.835449219, -0.542480469, 1
vb0[457]+000 NORMAL: 0.41568628, 0.215686277, 0.686274529, 0.227450982
vb0[457]+000 COLOR: 0.41568628, 0.215686277, 0.686274529, 0.227450982
vb0[457]+012 TEXCOORD: 0.862304688, 0.449951172
vb0[457]+000 TEXCOORD1: 0.41568628, 0.215686277, 0.686274529, 0.227450982
vb0[457]+000 TEXCOORD2: 0.41568628, 0.215686277, 0.686274529, 0.227450982
vb0[457]+000 TEXCOORD3: 0.41568628, 0.215686277, 0.686274529, 0.227450982
vb0[457]+000 TANGENT: 0.41568628, 0.215686277, 0.686274529, 0.227450982

vb0[458]+000 POSITION: 0.542480469, 0.835449219, -0.463378906, 1
vb0[458]+000 NORMAL: 0.34117648, 0.219607845, 0.686274529, 0.227450982
vb0[458]+000 COLOR: 0.34117648, 0.219607845, 0.686274529, 0.227450982
vb0[458]+012 TEXCOORD: 0.887695313, 0.449951172
vb0[458]+000 TEXCOORD1: 0.34117648, 0.219607845, 0.686274529, 0.227450982
vb0[458]+000 TEXCOORD2: 0.34117648, 0.219607845, 0.686274529, 0.227450982
vb0[458]+000 TEXCOORD3: 0.34117648, 0.219607845, 0.686274529, 0.227450982
vb0[458]+000 TANGENT: 0.34117648, 0.219607845, 0.686274529, 0.227450982

vb0[459]+000 POSITION: 0.549316406, 0.776855469, -0.549316406, 1
vb0[459]+000 NORMAL: 0.396078438, 0.219607845, 0.215686277, 0.227450982
vb0[459]+000 COLOR: 0.396078438, 0.219607845, 0.215686277, 0.227450982
vb0[459]+012 TEXCOORD: 0.875, 0.5
vb0[459]+000 TEXCOORD1: 0.396078438, 0.219607845, 0.215686277, 0.227450982
vb0[459]+000 TEXCOORD2: 0.396078438, 0.219607845, 0.215686277, 0.227450982
vb0[459]+000 TEXCOORD3: 0.396078438, 0.219607845, 0.215686277, 0.227450982
vb0[459]+000 TANGENT: 0.396078438, 0.219607845, 0.215686277, 0.227450982

vb0[460]+000 POSITION: 0.0655517578, 0.713867188, -0.833007813, 1
vb0[460]+000 NORMAL: 0.196078435, 0.172549024, 0.713725507, 0.223529413
vb0[460]+000 COLOR: 0.196078435, 0.172549024, 0.713725507, 0.223529413
vb0[460]+012 TEXCOORD: 0.762695313, 0.549804688
vb0[460]+000 TEXCOORD1: 0.196078435, 0.172549024, 0.713725507, 0.223529413
vb0[460]+000 TEXCOORD2: 0.196078435, 0.172549024, 0.713725507, 0.223529413
vb0[460]+000 TEXCOORD3: 0.196078435, 0.172549024, 0.713725507, 0.223529413
vb0[460]+000 TANGENT: 0.196078435, 0.172549024, 0.713725507, 0.223529413

vb0[461]+000 POSITION: -0.0655517578, 0.713867188, -0.833007813, 1
vb0[461]+000 NORMAL: 0.196078435, 0.674509823, 0.713725507, 0.223529413
vb0[461]+000 COLOR: 0.196078435, 0.674509823, 0.713725507, 0.223529413
vb0[461]+012 TEXCOORD: 0.737304688, 0.549804688
vb0[461]+000 TEXCOORD1: 0.196078435, 0.674509823, 0.713725507, 0.223529413
vb0[461]+000 TEXCOORD2: 0.196078435, 0.674509823, 0.713725507, 0.223529413
vb0[461]+000 TEXCOORD3: 0.196078435, 0.674509823, 0.713725507, 0.223529413
vb0[461]+000 TANGENT: 0.196078435, 0.674509823, 0.713725507, 0.223529413

vb0[462]+000 POSITION: 0.195068359, 0.713867188, -0.8125, 1
vb0[462]+000 NORMAL: 0.243137255, 0.196078435, 0.713725507, 0.223529413
vb0[462]+000 COLOR: 0.243137255, 0.196078435, 0.713725507, 0.223529413
vb0[462]+012 TEXCOORD: 0.787597656, 0.549804688
vb0[462]+000 TEXCOORD1: 0.243137255, 0.196078435, 0.713725507, 0.223529413
vb0[462]+000 TEXCOORD2: 0.243137255, 0.196078435, 0.713725507, 0.223529413
vb0[462]+000 TEXCOORD3: 0.243137255, 0.196078435, 0.713725507, 0.223529413
vb0[462]+000 TANGENT: 0.243137255, 0.196078435, 0.713725507, 0.223529413

vb0[463]+000 POSITION: 0.319824219, 0.713867188, -0.771972656, 1
vb0[463]+000 NORMAL: 0.117647059, 0.20784314, 0.713725507, 0.223529413
vb0[463]+000 COLOR: 0.117647059, 0.20784314, 0.713725507, 0.223529413
vb0[463]+012 TEXCOORD: 0.8125, 0.549804688
vb0[463]+000 TEXCOORD1: 0.117647059, 0.20784314, 0.713725507, 0.223529413
vb0[463]+000 TEXCOORD2: 0.117647059, 0.20784314, 0.713725507, 0.223529413
vb0[463]+000 TEXCOORD3: 0.117647059, 0.20784314, 0.713725507, 0.223529413
vb0[463]+000 TANGENT: 0.117647059, 0.20784314, 0.713725507, 0.223529413

vb0[464]+000 POSITION: 0.436523438, 0.713867188, -0.712402344, 1
vb0[464]+000 NORMAL: 0.988235295, 0.211764708, 0.713725507, 0.223529413
vb0[464]+000 COLOR: 0.988235295, 0.211764708, 0.713725507, 0.223529413
vb0[464]+012 TEXCOORD: 0.837402344, 0.549804688
vb0[464]+000 TEXCOORD1: 0.988235295, 0.211764708, 0.713725507, 0.223529413
vb0[464]+000 TEXCOORD2: 0.988235295, 0.211764708, 0.713725507, 0.223529413
vb0[464]+000 TEXCOORD3: 0.988235295, 0.211764708, 0.713725507, 0.223529413
vb0[464]+000 TANGENT: 0.988235295, 0.211764708, 0.713725507, 0.223529413

vb0[465]+000 POSITION: 0.542480469, 0.713867188, -0.635253906, 1
vb0[465]+000 NORMAL: 0.34117648, 0.219607845, 0.713725507, 0.223529413
vb0[465]+000 COLOR: 0.34117648, 0.219607845, 0.713725507, 0.223529413
vb0[465]+012 TEXCOORD: 0.862304688, 0.549804688
vb0[465]+000 TEXCOORD1: 0.34117648, 0.219607845, 0.713725507, 0.223529413
vb0[465]+000 TEXCOORD2: 0.34117648, 0.219607845, 0.713725507, 0.223529413
vb0[465]+000 TEXCOORD3: 0.34117648, 0.219607845, 0.713725507, 0.223529413
vb0[465]+000 TANGENT: 0.34117648, 0.219607845, 0.713725507, 0.223529413

vb0[466]+000 POSITION: 0, 0.645996094, -0.889160156, 1
vb0[466]+000 NORMAL: 0, 0, 0.168627456, 0.223529413
vb0[466]+000 COLOR: 0, 0, 0.168627456, 0.223529413
vb0[466]+012 TEXCOORD: 0.75, 0.600097656
vb0[466]+000 TEXCOORD1: 0, 0, 0.168627456, 0.223529413
vb0[466]+000 TEXCOORD2: 0, 0, 0.168627456, 0.223529413
vb0[466]+000 TEXCOORD3: 0, 0, 0.168627456, 0.223529413
vb0[466]+000 TANGENT: 0, 0, 0.168627456, 0.223529413

vb0[467]+000 POSITION: -0.139038086, 0.645996094, -0.877929688, 1
vb0[467]+000 NORMAL: 0.450980395, 0.690196097, 0.168627456, 0.223529413
vb0[467]+000 COLOR: 0.450980395, 0.690196097, 0.168627456, 0.223529413
vb0[467]+012 TEXCOORD: 0.725097656, 0.600097656
vb0[467]+000 TEXCOORD1: 0.450980395, 0.690196097, 0.168627456, 0.223529413
vb0[467]+000 TEXCOORD2: 0.450980395, 0.690196097, 0.168627456, 0.223529413
vb0[467]+000 TEXCOORD3: 0.450980395, 0.690196097, 0.168627456, 0.223529413
vb0[467]+000 TANGENT: 0.450980395, 0.690196097, 0.168627456, 0.223529413

vb0[468]+000 POSITION: -0.195068359, 0.713867188, -0.8125, 1
vb0[468]+000 NORMAL: 0.243137255, 0.698039234, 0.713725507, 0.223529413
vb0[468]+000 COLOR: 0.243137255, 0.698039234, 0.713725507, 0.223529413
vb0[468]+012 TEXCOORD: 0.712402344, 0.549804688
vb0[468]+000 TEXCOORD1: 0.243137255, 0.698039234, 0.713725507, 0.223529413
vb0[468]+000 TEXCOORD2: 0.243137255, 0.698039234, 0.713725507, 0.223529413
vb0[468]+000 TEXCOORD3: 0.243137255, 0.698039234, 0.713725507, 0.223529413
vb0[468]+000 TANGENT: 0.243137255, 0.698039234, 0.713725507, 0.223529413

vb0[469]+000 POSITION: -0.319824219, 0.713867188, -0.771972656, 1
vb0[469]+000 NORMAL: 0.117647059, 0.709803939, 0.713725507, 0.223529413
vb0[469]+000 COLOR: 0.117647059, 0.709803939, 0.713725507, 0.223529413
vb0[469]+012 TEXCOORD: 0.6875, 0.549804688
vb0[469]+000 TEXCOORD1: 0.117647059, 0.709803939, 0.713725507, 0.223529413
vb0[469]+000 TEXCOORD2: 0.117647059, 0.709803939, 0.713725507, 0.223529413
vb0[469]+000 TEXCOORD3: 0.117647059, 0.709803939, 0.713725507, 0.223529413
vb0[469]+000 TANGENT: 0.117647059, 0.709803939, 0.713725507, 0.223529413

vb0[470]+000 POSITION: -0.436523438, 0.713867188, -0.712402344, 1
vb0[470]+000 NORMAL: 0.988235295, 0.713725507, 0.713725507, 0.223529413
vb0[470]+000 COLOR: 0.988235295, 0.713725507, 0.713725507, 0.223529413
vb0[470]+012 TEXCOORD: 0.662597656, 0.549804688
vb0[470]+000 TEXCOORD1: 0.988235295, 0.713725507, 0.713725507, 0.223529413
vb0[470]+000 TEXCOORD2: 0.988235295, 0.713725507, 0.713725507, 0.223529413
vb0[470]+000 TEXCOORD3: 0.988235295, 0.713725507, 0.713725507, 0.223529413
vb0[470]+000 TANGENT: 0.988235295, 0.713725507, 0.713725507, 0.223529413

vb0[471]+000 POSITION: -0.542480469, 0.713867188, -0.635253906, 1
vb0[471]+000 NORMAL: 0.34117648, 0.721568644, 0.713725507, 0.223529413
vb0[471]+000 COLOR: 0.34117648, 0.721568644, 0.713725507, 0.223529413
vb0[471]+012 TEXCOORD: 0.637695313, 0.549804688
vb0[471]+000 TEXCOORD1: 0.34117648, 0.721568644, 0.713725507, 0.223529413
vb0[471]+000 TEXCOORD2: 0.34117648, 0.721568644, 0.713725507, 0.223529413
vb0[471]+000 TEXCOORD3: 0.34117648, 0.721568644, 0.713725507, 0.223529413
vb0[471]+000 TANGENT: 0.34117648, 0.721568644, 0.713725507, 0.223529413

vb0[472]+000 POSITION: -0.635253906, 0.713867188, -0.542480469, 1
vb0[472]+000 NORMAL: 0.0823529437, 0.725490212, 0.713725507, 0.223529413
vb0[472]+000 COLOR: 0.0823529437, 0.725490212, 0.713725507, 0.223529413
vb0[472]+012 TEXCOORD: 0.612304688, 0.549804688
vb0[472]+000 TEXCOORD1: 0.0823529437, 0.725490212, 0.713725507, 0.223529413
vb0[472]+000 TEXCOORD2: 0.0823529437, 0.725490212, 0.713725507, 0.223529413
vb0[472]+000 TEXCOORD3: 0.0823529437, 0.725490212, 0.713725507, 0.223529413
vb0[472]+000 TANGENT: 0.0823529437, 0.725490212, 0.713725507, 0.223529413

vb0[473]+000 POSITION: -0.712402344, 0.713867188, -0.436523438, 1
vb0[473]+000 NORMAL: 0.701960802, 0.725490212, 0.713725507, 0.223529413
vb0[473]+000 COLOR: 0.701960802, 0.725490212, 0.713725507, 0.223529413
vb0[473]+012 TEXCOORD: 0.587402344, 0.549804688
vb0[473]+000 TEXCOORD1: 0.701960802, 0.725490212, 0.713725507, 0.223529413
vb0[473]+000 TEXCOORD2: 0.701960802, 0.725490212, 0.713725507, 0.223529413
vb0[473]+000 TEXCOORD3: 0.701960802, 0.725490212, 0.713725507, 0.223529413
vb0[473]+000 TANGENT: 0.701960802, 0.725490212, 0.713725507, 0.223529413

vb0[474]+000 POSITION: -0.771972656, 0.713867188, -0.319824219, 1
vb0[474]+000 NORMAL: 0.176470593, 0.729411781, 0.713725507, 0.223529413
vb0[474]+000 COLOR: 0.176470593, 0.729411781, 0.713725507, 0.223529413
vb0[474]+012 TEXCOORD: 0.5625, 0.549804688
vb0[474]+000 TEXCOORD1: 0.176470593, 0.729411781, 0.713725507, 0.223529413
vb0[474]+000 TEXCOORD2: 0.176470593, 0.729411781, 0.713725507, 0.223529413
vb0[474]+000 TEXCOORD3: 0.176470593, 0.729411781, 0.713725507, 0.223529413
vb0[474]+000 TANGENT: 0.176470593, 0.729411781, 0.713725507, 0.223529413

vb0[475]+000 POSITION: -0.8125, 0.713867188, -0.195068359, 1
vb0[475]+000 NORMAL: 0.501960814, 0.729411781, 0.713725507, 0.223529413
vb0[475]+000 COLOR: 0.501960814, 0.729411781, 0.713725507, 0.223529413
vb0[475]+012 TEXCOORD: 0.537597656, 0.549804688
vb0[475]+000 TEXCOORD1: 0.501960814, 0.729411781, 0.713725507, 0.223529413
vb0[475]+000 TEXCOORD2: 0.501960814, 0.729411781, 0.713725507, 0.223529413
vb0[475]+000 TEXCOORD3: 0.501960814, 0.729411781, 0.713725507, 0.223529413
vb0[475]+000 TANGENT: 0.501960814, 0.729411781, 0.713725507, 0.223529413

vb0[476]+000 POSITION: -0.833007813, 0.713867188, -0.0655517578, 1
vb0[476]+000 NORMAL: 0.666666687, 0.729411781, 0.713725507, 0.223529413
vb0[476]+000 COLOR: 0.666666687, 0.729411781, 0.713725507, 0.223529413
vb0[476]+012 TEXCOORD: 0.512695313, 0.549804688
vb0[476]+000 TEXCOORD1: 0.666666687, 0.729411781, 0.713725507, 0.223529413
vb0[476]+000 TEXCOORD2: 0.666666687, 0.729411781, 0.713725507, 0.223529413
vb0[476]+000 TEXCOORD3: 0.666666687, 0.729411781, 0.713725507, 0.223529413
vb0[476]+000 TANGENT: 0.666666687, 0.729411781, 0.713725507, 0.223529413

vb0[477]+000 POSITION: -0.833007813, 0.713867188, 0.0655517578, 1
vb0[477]+000 NORMAL: 0.666666687, 0.729411781, 0.713725507, 0.223529413
vb0[477]+000 COLOR: 0.666666687, 0.729411781, 0.713725507, 0.223529413
vb0[477]+012 TEXCOORD: 0.487548828, 0.549804688
vb0[477]+000 TEXCOORD1: 0.666666687, 0.729411781, 0.713725507, 0.223529413
vb0[477]+000 TEXCOORD2: 0.666666687, 0.729411781, 0.713725507, 0.223529413
vb0[477]+000 TEXCOORD3: 0.666666687, 0.729411781, 0.713725507, 0.223529413
vb0[477]+000 TANGENT: 0.666666687, 0.729411781, 0.713725507, 0.223529413

vb0[478]+000 POSITION: -0.8125, 0.713867188, 0.195068359, 1
vb0[478]+000 NORMAL: 0.501960814, 0.729411781, 0.713725507, 0.223529413
vb0[478]+000 COLOR: 0.501960814, 0.729411781, 0.713725507, 0.223529413
vb0[478]+012 TEXCOORD: 0.462402344, 0.549804688
vb0[478]+000 TEXCOORD1: 0.501960814, 0.729411781, 0.713725507, 0.223529413
vb0[478]+000 TEXCOORD2: 0.501960814, 0.729411781, 0.713725507, 0.223529413
vb0[478]+000 TEXCOORD3: 0.501960814, 0.729411781, 0.713725507, 0.223529413
vb0[478]+000 TANGENT: 0.501960814, 0.729411781, 0.713725507, 0.223529413

vb0[479]+000 POSITION: -0.771972656, 0.713867188, 0.319824219, 1
vb0[479]+000 NORMAL: 0.176470593, 0.729411781, 0.713725507, 0.223529413
vb0[479]+000 COLOR: 0.176470593, 0.729411781, 0.713725507, 0.223529413
vb0[479]+012 TEXCOORD: 0.4375, 0.549804688
vb0[479]+000 TEXCOORD1: 0.176470593, 0.729411781, 0.713725507, 0.223529413
vb0[479]+000 TEXCOORD2: 0.176470593, 0.729411781, 0.713725507, 0.223529413
vb0[479]+000 TEXCOORD3: 0.176470593, 0.729411781, 0.713725507, 0.223529413
vb0[479]+000 TANGENT: 0.176470593, 0.729411781, 0.713725507, 0.223529413

vb0[480]+000 POSITION: -0.712402344, 0.713867188, 0.436523438, 1
vb0[480]+000 NORMAL: 0.701960802, 0.725490212, 0.713725507, 0.223529413
vb0[480]+000 COLOR: 0.701960802, 0.725490212, 0.713725507, 0.223529413
vb0[480]+012 TEXCOORD: 0.412597656, 0.549804688
vb0[480]+000 TEXCOORD1: 0.701960802, 0.725490212, 0.713725507, 0.223529413
vb0[480]+000 TEXCOORD2: 0.701960802, 0.725490212, 0.713725507, 0.223529413
vb0[480]+000 TEXCOORD3: 0.701960802, 0.725490212, 0.713725507, 0.223529413
vb0[480]+000 TANGENT: 0.701960802, 0.725490212, 0.713725507, 0.223529413

vb0[481]+000 POSITION: -0.635253906, 0.713867188, 0.542480469, 1
vb0[481]+000 NORMAL: 0.0823529437, 0.725490212, 0.713725507, 0.223529413
vb0[481]+000 COLOR: 0.0823529437, 0.725490212, 0.713725507, 0.223529413
vb0[481]+012 TEXCOORD: 0.387451172, 0.549804688
vb0[481]+000 TEXCOORD1: 0.0823529437, 0.725490212, 0.713725507, 0.223529413
vb0[481]+000 TEXCOORD2: 0.0823529437, 0.725490212, 0.713725507, 0.223529413
vb0[481]+000 TEXCOORD3: 0.0823529437, 0.725490212, 0.713725507, 0.223529413
vb0[481]+000 TANGENT: 0.0823529437, 0.725490212, 0.713725507, 0.223529413

vb0[482]+000 POSITION: -0.542480469, 0.713867188, 0.635253906, 1
vb0[482]+000 NORMAL: 0.34117648, 0.721568644, 0.713725507, 0.223529413
vb0[482]+000 COLOR: 0.34117648, 0.721568644, 0.713725507, 0.223529413
vb0[482]+012 TEXCOORD: 0.362548828, 0.549804688
vb0[482]+000 TEXCOORD1: 0.34117648, 0.721568644, 0.713725507, 0.223529413
vb0[482]+000 TEXCOORD2: 0.34117648, 0.721568644, 0.713725507, 0.223529413
vb0[482]+000 TEXCOORD3: 0.34117648, 0.721568644, 0.713725507, 0.223529413
vb0[482]+000 TANGENT: 0.34117648, 0.721568644, 0.713725507, 0.223529413

vb0[483]+000 POSITION: -0.436523438, 0.713867188, 0.712402344, 1
vb0[483]+000 NORMAL: 0.988235295, 0.713725507, 0.713725507, 0.223529413
vb0[483]+000 COLOR: 0.988235295, 0.713725507, 0.713725507, 0.223529413
vb0[483]+012 TEXCOORD: 0.337402344, 0.549804688
vb0[483]+000 TEXCOORD1: 0.988235295, 0.713725507, 0.713725507, 0.223529413
vb0[483]+000 TEXCOORD2: 0.988235295, 0.713725507, 0.713725507, 0.223529413
vb0[483]+000 TEXCOORD3: 0.988235295, 0.713725507, 0.713725507, 0.223529413
vb0[483]+000 TANGENT: 0.988235295, 0.713725507, 0.713725507, 0.223529413

vb0[484]+000 POSITION: -0.319824219, 0.713867188, 0.771972656, 1
vb0[484]+000 NORMAL: 0.117647059, 0.709803939, 0.713725507, 0.223529413
vb0[484]+000 COLOR: 0.117647059, 0.709803939, 0.713725507, 0.223529413
vb0[484]+012 TEXCOORD: 0.3125, 0.549804688
vb0[484]+000 TEXCOORD1: 0.117647059, 0.709803939, 0.713725507, 0.223529413
vb0[484]+000 TEXCOORD2: 0.117647059, 0.709803939, 0.713725507, 0.223529413
vb0[484]+000 TEXCOORD3: 0.117647059, 0.709803939, 0.713725507, 0.223529413
vb0[484]+000 TANGENT: 0.117647059, 0.709803939, 0.713725507, 0.223529413

vb0[485]+000 POSITION: -0.274658203, 0.645996094, 0.845703125, 1
vb0[485]+000 NORMAL: 0.396078438, 0.70588237, 0.168627456, 0.223529413
vb0[485]+000 COLOR: 0.396078438, 0.70588237, 0.168627456, 0.223529413
vb0[485]+012 TEXCOORD: 0.300048828, 0.600097656
vb0[485]+000 TEXCOORD1: 0.396078438, 0.70588237, 0.168627456, 0.223529413
vb0[485]+000 TEXCOORD2: 0.396078438, 0.70588237, 0.168627456, 0.223529413
vb0[485]+000 TEXCOORD3: 0.396078438, 0.70588237, 0.168627456, 0.223529413
vb0[485]+000 TANGENT: 0.396078438, 0.70588237, 0.168627456, 0.223529413

vb0[486]+000 POSITION: -0.139038086, 0.645996094, 0.877929688, 1
vb0[486]+000 NORMAL: 0.450980395, 0.690196097, 0.168627456, 0.223529413
vb0[486]+000 COLOR: 0.450980395, 0.690196097, 0.168627456, 0.223529413
vb0[486]+012 TEXCOORD: 0.274902344, 0.600097656
vb0[486]+000 TEXCOORD1: 0.450980395, 0.690196097, 0.168627456, 0.223529413
vb0[486]+000 TEXCOORD2: 0.450980395, 0.690196097, 0.168627456, 0.223529413
vb0[486]+000 TEXCOORD3: 0.450980395, 0.690196097, 0.168627456, 0.223529413
vb0[486]+000 TANGENT: 0.450980395, 0.690196097, 0.168627456, 0.223529413

vb0[487]+000 POSITION: -1.1479437e-41, 0.645996094, 0.889160156, 1
vb0[487]+000 NORMAL: 0.00392156886, 0.501960814, 0.168627456, 0.223529413
vb0[487]+000 COLOR: 0.00392156886, 0.501960814, 0.168627456, 0.223529413
vb0[487]+012 TEXCOORD: 0.25, 0.600097656
vb0[487]+000 TEXCOORD1: 0.00392156886, 0.501960814, 0.168627456, 0.223529413
vb0[487]+000 TEXCOORD2: 0.00392156886, 0.501960814, 0.168627456, 0.223529413
vb0[487]+000 TEXCOORD3: 0.00392156886, 0.501960814, 0.168627456, 0.223529413
vb0[487]+000 TANGENT: 0.00392156886, 0.501960814, 0.168627456, 0.223529413

vb0[488]+000 POSITION: 0.139038086, 0.645996094, 0.877929688, 1
vb0[488]+000 NORMAL: 0.450980395, 0.188235298, 0.168627456, 0.223529413
vb0[488]+000 COLOR: 0.450980395, 0.188235298, 0.168627456, 0.223529413
vb0[488]+012 TEXCOORD: 0.224975586, 0.600097656
vb0[488]+000 TEXCOORD1: 0.450980395, 0.188235298, 0.168627456, 0.223529413
vb0[488]+000 TEXCOORD2: 0.450980395, 0.188235298, 0.168627456, 0.223529413
vb0[488]+000 TEXCOORD3: 0.450980395, 0.188235298, 0.168627456, 0.223529413
vb0[488]+000 TANGENT: 0.450980395, 0.188235298, 0.168627456, 0.223529413

vb0[489]+000 POSITION: 0.274658203, 0.645996094, 0.845703125, 1
vb0[489]+000 NORMAL: 0.396078438, 0.203921571, 0.168627456, 0.223529413
vb0[489]+000 COLOR: 0.396078438, 0.203921571, 0.168627456, 0.223529413
vb0[489]+012 TEXCOORD: 0.199951172, 0.600097656
vb0[489]+000 TEXCOORD1: 0.396078438, 0.203921571, 0.168627456, 0.223529413
vb0[489]+000 TEXCOORD2: 0.396078438, 0.203921571, 0.168627456, 0.223529413
vb0[489]+000 TEXCOORD3: 0.396078438, 0.203921571, 0.168627456, 0.223529413
vb0[489]+000 TANGENT: 0.396078438, 0.203921571, 0.168627456, 0.223529413

vb0[490]+000 POSITION: 0.403564453, 0.645996094, 0.791992188, 1
vb0[490]+000 NORMAL: 0.458823532, 0.211764708, 0.168627456, 0.223529413
vb0[490]+000 COLOR: 0.458823532, 0.211764708, 0.168627456, 0.223529413
vb0[490]+012 TEXCOORD: 0.175048828, 0.600097656
vb0[490]+000 TEXCOORD1: 0.458823532, 0.211764708, 0.168627456, 0.223529413
vb0[490]+000 TEXCOORD2: 0.458823532, 0.211764708, 0.168627456, 0.223529413
vb0[490]+000 TEXCOORD3: 0.458823532, 0.211764708, 0.168627456, 0.223529413
vb0[490]+000 TANGENT: 0.458823532, 0.211764708, 0.168627456, 0.223529413

vb0[491]+000 POSITION: 0.522460938, 0.645996094, 0.719238281, 1
vb0[491]+000 NORMAL: 0.180392161, 0.219607845, 0.168627456, 0.223529413
vb0[491]+000 COLOR: 0.180392161, 0.219607845, 0.168627456, 0.223529413
vb0[491]+012 TEXCOORD: 0.150024414, 0.600097656
vb0[491]+000 TEXCOORD1: 0.180392161, 0.219607845, 0.168627456, 0.223529413
vb0[491]+000 TEXCOORD2: 0.180392161, 0.219607845, 0.168627456, 0.223529413
vb0[491]+000 TEXCOORD3: 0.180392161, 0.219607845, 0.168627456, 0.223529413
vb0[491]+000 TANGENT: 0.180392161, 0.219607845, 0.168627456, 0.223529413

vb0[492]+000 POSITION: 0.628417969, 0.645996094, 0.628417969, 1
vb0[492]+000 NORMAL: 0.0274509806, 0.223529413, 0.168627456, 0.223529413
vb0[492]+000 COLOR: 0.0274509806, 0.223529413, 0.168627456, 0.223529413
vb0[492]+012 TEXCOORD: 0.125, 0.600097656
vb0[492]+000 TEXCOORD1: 0.0274509806, 0.223529413, 0.168627456, 0.223529413
vb0[492]+000 TEXCOORD2: 0.0274509806, 0.223529413, 0.168627456, 0.223529413
vb0[492]+000 TEXCOORD3: 0.0274509806, 0.223529413, 0.168627456, 0.223529413
vb0[492]+000 TANGENT: 0.0274509806, 0.223529413, 0.168627456, 0.223529413

vb0[493]+000 POSITION: 0.719238281, 0.645996094, 0.522460938, 1
vb0[493]+000 NORMAL: 0.75686276, 0.223529413, 0.168627456, 0.223529413
vb0[493]+000 COLOR: 0.75686276, 0.223529413, 0.168627456, 0.223529413
vb0[493]+012 TEXCOORD: 0.0999755859, 0.600097656
vb0[493]+000 TEXCOORD1: 0.75686276, 0.223529413, 0.168627456, 0.223529413
vb0[493]+000 TEXCOORD2: 0.75686276, 0.223529413, 0.168627456, 0.223529413
vb0[493]+000 TEXCOORD3: 0.75686276, 0.223529413, 0.168627456, 0.223529413
vb0[493]+000 TANGENT: 0.75686276, 0.223529413, 0.168627456, 0.223529413

vb0[494]+000 POSITION: 0.791992188, 0.645996094, 0.403564453, 1
vb0[494]+000 NORMAL: 0.337254912, 0.227450982, 0.168627456, 0.223529413
vb0[494]+000 COLOR: 0.337254912, 0.227450982, 0.168627456, 0.223529413
vb0[494]+012 TEXCOORD: 0.075012207, 0.600097656
vb0[494]+000 TEXCOORD1: 0.337254912, 0.227450982, 0.168627456, 0.223529413
vb0[494]+000 TEXCOORD2: 0.337254912, 0.227450982, 0.168627456, 0.223529413
vb0[494]+000 TEXCOORD3: 0.337254912, 0.227450982, 0.168627456, 0.223529413
vb0[494]+000 TANGENT: 0.337254912, 0.227450982, 0.168627456, 0.223529413

vb0[495]+000 POSITION: 0.845703125, 0.645996094, 0.274658203, 1
vb0[495]+000 NORMAL: 0.768627465, 0.227450982, 0.168627456, 0.223529413
vb0[495]+000 COLOR: 0.768627465, 0.227450982, 0.168627456, 0.223529413
vb0[495]+012 TEXCOORD: 0.049987793, 0.600097656
vb0[495]+000 TEXCOORD1: 0.768627465, 0.227450982, 0.168627456, 0.223529413
vb0[495]+000 TEXCOORD2: 0.768627465, 0.227450982, 0.168627456, 0.223529413
vb0[495]+000 TEXCOORD3: 0.768627465, 0.227450982, 0.168627456, 0.223529413
vb0[495]+000 TANGENT: 0.768627465, 0.227450982, 0.168627456, 0.223529413

vb0[496]+000 POSITION: 0.8125, 0.713867188, 0.195068359, 1
vb0[496]+000 NORMAL: 0.501960814, 0.227450982, 0.713725507, 0.223529413
vb0[496]+000 COLOR: 0.501960814, 0.227450982, 0.713725507, 0.223529413
vb0[496]+012 TEXCOORD: 0.0375061035, 0.549804688
vb0[496]+000 TEXCOORD1: 0.501960814, 0.227450982, 0.713725507, 0.223529413
vb0[496]+000 TEXCOORD2: 0.501960814, 0.227450982, 0.713725507, 0.223529413
vb0[496]+000 TEXCOORD3: 0.501960814, 0.227450982, 0.713725507, 0.223529413
vb0[496]+000 TANGENT: 0.501960814, 0.227450982, 0.713725507, 0.223529413

vb0[497]+000 POSITION: 0.833007813, 0.713867188, 0.0655517578, 1
vb0[497]+000 NORMAL: 0.666666687, 0.227450982, 0.713725507, 0.223529413
vb0[497]+000 COLOR: 0.666666687, 0.227450982, 0.713725507, 0.223529413
vb0[497]+012 TEXCOORD: 0.0124969482, 0.549804688
vb0[497]+000 TEXCOORD1: 0.666666687, 0.227450982, 0.713725507, 0.223529413
vb0[497]+000 TEXCOORD2: 0.666666687, 0.227450982, 0.713725507, 0.223529413
vb0[497]+000 TEXCOORD3: 0.666666687, 0.227450982, 0.713725507, 0.223529413
vb0[497]+000 TANGENT: 0.666666687, 0.227450982, 0.713725507, 0.223529413

vb0[498]+000 POSITION: 0.833007813, 0.713867188, -0.0655517578, 1
vb0[498]+000 NORMAL: 0.666666687, 0.227450982, 0.713725507, 0.223529413
vb0[498]+000 COLOR: 0.666666687, 0.227450982, 0.713725507, 0.223529413
vb0[498]+012 TEXCOORD: -0.0124969482, 0.549804688
vb0[498]+000 TEXCOORD1: 0.666666687, 0.227450982, 0.713725507, 0.223529413
vb0[498]+000 TEXCOORD2: 0.666666687, 0.227450982, 0.713725507, 0.223529413
vb0[498]+000 TEXCOORD3: 0.666666687, 0.227450982, 0.713725507, 0.223529413
vb0[498]+000 TANGENT: 0.666666687, 0.227450982, 0.713725507, 0.223529413

vb0[499]+000 POSITION: 0.8125, 0.713867188, -0.195068359, 1
vb0[499]+000 NORMAL: 0.501960814, 0.227450982, 0.713725507, 0.223529413
vb0[499]+000 COLOR: 0.501960814, 0.227450982, 0.713725507, 0.223529413
vb0[499]+012 TEXCOORD: -0.0375061035, 0.549804688
vb0[499]+000 TEXCOORD1: 0.501960814, 0.227450982, 0.713725507, 0.223529413
vb0[499]+000 TEXCOORD2: 0.501960814, 0.227450982, 0.713725507, 0.223529413
vb0[499]+000 TEXCOORD3: 0.501960814, 0.227450982, 0.713725507, 0.223529413
vb0[499]+000 TANGENT: 0.501960814, 0.227450982, 0.713725507, 0.223529413

vb0[500]+000 POSITION: 0.771972656, 0.713867188, -0.319824219, 1
vb0[500]+000 NORMAL: 0.176470593, 0.227450982, 0.713725507, 0.223529413
vb0[500]+000 COLOR: 0.176470593, 0.227450982, 0.713725507, 0.223529413
vb0[500]+012 TEXCOORD: -0.0625, 0.549804688
vb0[500]+000 TEXCOORD1: 0.176470593, 0.227450982, 0.713725507, 0.223529413
vb0[500]+000 TEXCOORD2: 0.176470593, 0.227450982, 0.713725507, 0.223529413
vb0[500]+000 TEXCOORD3: 0.176470593, 0.227450982, 0.713725507, 0.223529413
vb0[500]+000 TANGENT: 0.176470593, 0.227450982, 0.713725507, 0.223529413

vb0[501]+000 POSITION: 0.712402344, 0.713867188, -0.436523438, 1
vb0[501]+000 NORMAL: 0.701960802, 0.223529413, 0.713725507, 0.223529413
vb0[501]+000 COLOR: 0.701960802, 0.223529413, 0.713725507, 0.223529413
vb0[501]+012 TEXCOORD: -0.0875244141, 0.549804688
vb0[501]+000 TEXCOORD1: 0.701960802, 0.223529413, 0.713725507, 0.223529413
vb0[501]+000 TEXCOORD2: 0.701960802, 0.223529413, 0.713725507, 0.223529413
vb0[501]+000 TEXCOORD3: 0.701960802, 0.223529413, 0.713725507, 0.223529413
vb0[501]+000 TANGENT: 0.701960802, 0.223529413, 0.713725507, 0.223529413

vb0[502]+000 POSITION: 0.635253906, 0.713867188, -0.542480469, 1
vb0[502]+000 NORMAL: 0.0823529437, 0.223529413, 0.713725507, 0.223529413
vb0[502]+000 COLOR: 0.0823529437, 0.223529413, 0.713725507, 0.223529413
vb0[502]+012 TEXCOORD: -0.112487793, 0.549804688
vb0[502]+000 TEXCOORD1: 0.0823529437, 0.223529413, 0.713725507, 0.223529413
vb0[502]+000 TEXCOORD2: 0.0823529437, 0.223529413, 0.713725507, 0.223529413
vb0[502]+000 TEXCOORD3: 0.0823529437, 0.223529413, 0.713725507, 0.223529413
vb0[502]+000 TANGENT: 0.0823529437, 0.223529413, 0.713725507, 0.223529413

vb0[503]+000 POSITION: 0.542480469, 0.713867188, -0.635253906, 1
vb0[503]+000 NORMAL: 0.34117648, 0.219607845, 0.713725507, 0.223529413
vb0[503]+000 COLOR: 0.34117648, 0.219607845, 0.713725507, 0.223529413
vb0[503]+012 TEXCOORD: -0.137451172, 0.549804688
vb0[503]+000 TEXCOORD1: 0.34117648, 0.219607845, 0.713725507, 0.223529413
vb0[503]+000 TEXCOORD2: 0.34117648, 0.219607845, 0.713725507, 0.223529413
vb0[503]+000 TEXCOORD3: 0.34117648, 0.219607845, 0.713725507, 0.223529413
vb0[503]+000 TANGENT: 0.34117648, 0.219607845, 0.713725507, 0.223529413

vb0[504]+000 POSITION: 0.628417969, 0.645996094, -0.628417969, 1
vb0[504]+000 NORMAL: 0.0274509806, 0.223529413, 0.168627456, 0.223529413
vb0[504]+000 COLOR: 0.0274509806, 0.223529413, 0.168627456, 0.223529413
vb0[504]+012 TEXCOORD: -0.125, 0.600097656
vb0[504]+000 TEXCOORD1: 0.0274509806, 0.223529413, 0.168627456, 0.223529413
vb0[504]+000 TEXCOORD2: 0.0274509806, 0.223529413, 0.168627456, 0.223529413
vb0[504]+000 TEXCOORD3: 0.0274509806, 0.223529413, 0.168627456, 0.223529413
vb0[504]+000 TANGENT: 0.0274509806, 0.223529413, 0.168627456, 0.223529413

vb0[505]+000 POSITION: 0.522460938, 0.645996094, -0.719238281, 1
vb0[505]+000 NORMAL: 0.180392161, 0.219607845, 0.168627456, 0.223529413
vb0[505]+000 COLOR: 0.180392161, 0.219607845, 0.168627456, 0.223529413
vb0[505]+012 TEXCOORD: -0.150024414, 0.600097656
vb0[505]+000 TEXCOORD1: 0.180392161, 0.219607845, 0.168627456, 0.223529413
vb0[505]+000 TEXCOORD2: 0.180392161, 0.219607845, 0.168627456, 0.223529413
vb0[505]+000 TEXCOORD3: 0.180392161, 0.219607845, 0.168627456, 0.223529413
vb0[505]+000 TANGENT: 0.180392161, 0.219607845, 0.168627456, 0.223529413

vb0[506]+000 POSITION: 0.719238281, 0.645996094, -0.522460938, 1
vb0[506]+000 NORMAL: 0.75686276, 0.223529413, 0.168627456, 0.223529413
vb0[506]+000 COLOR: 0.75686276, 0.223529413, 0.168627456, 0.223529413
vb0[506]+012 TEXCOORD: -0.0999755859, 0.600097656
vb0[506]+000 TEXCOORD1: 0.75686276, 0.223529413, 0.168627456, 0.223529413
vb0[506]+000 TEXCOORD2: 0.75686276, 0.223529413, 0.168627456, 0.223529413
vb0[506]+000 TEXCOORD3: 0.75686276, 0.223529413, 0.168627456, 0.223529413
vb0[506]+000 TANGENT: 0.75686276, 0.223529413, 0.168627456, 0.223529413

vb0[507]+000 POSITION: 0.791992188, 0.645996094, -0.403564453, 1
vb0[507]+000 NORMAL: 0.337254912, 0.227450982, 0.168627456, 0.223529413
vb0[507]+000 COLOR: 0.337254912, 0.227450982, 0.168627456, 0.223529413
vb0[507]+012 TEXCOORD: -0.075012207, 0.600097656
vb0[507]+000 TEXCOORD1: 0.337254912, 0.227450982, 0.168627456, 0.223529413
vb0[507]+000 TEXCOORD2: 0.337254912, 0.227450982, 0.168627456, 0.223529413
vb0[507]+000 TEXCOORD3: 0.337254912, 0.227450982, 0.168627456, 0.223529413
vb0[507]+000 TANGENT: 0.337254912, 0.227450982, 0.168627456, 0.223529413

vb0[508]+000 POSITION: 0.845703125, 0.645996094, -0.274658203, 1
vb0[508]+000 NORMAL: 0.768627465, 0.227450982, 0.168627456, 0.223529413
vb0[508]+000 COLOR: 0.768627465, 0.227450982, 0.168627456, 0.223529413
vb0[508]+012 TEXCOORD: -0.049987793, 0.600097656
vb0[508]+000 TEXCOORD1: 0.768627465, 0.227450982, 0.168627456, 0.223529413
vb0[508]+000 TEXCOORD2: 0.768627465, 0.227450982, 0.168627456, 0.223529413
vb0[508]+000 TEXCOORD3: 0.768627465, 0.227450982, 0.168627456, 0.223529413
vb0[508]+000 TANGENT: 0.768627465, 0.227450982, 0.168627456, 0.223529413

vb0[509]+000 POSITION: 0.877929688, 0.645996094, -0.139038086, 1
vb0[509]+000 NORMAL: 0.0235294122, 0.23137255, 0.168627456, 0.223529413
vb0[509]+000 COLOR: 0.0235294122, 0.23137255, 0.168627456, 0.223529413
vb0[509]+012 TEXCOORD: -0.0249938965, 0.600097656
vb0[509]+000 TEXCOORD1: 0.0235294122, 0.23137255, 0.168627456, 0.223529413
vb0[509]+000 TEXCOORD2: 0.0235294122, 0.23137255, 0.168627456, 0.223529413
vb0[509]+000 TEXCOORD3: 0.0235294122, 0.23137255, 0.168627456, 0.223529413
vb0[509]+000 TANGENT: 0.0235294122, 0.23137255, 0.168627456, 0.223529413

vb0[510]+000 POSITION: 0.889160156, 0.645996094, 0, 1
vb0[510]+000 NORMAL: 0.113725491, 0.23137255, 0.168627456, 0.223529413
vb0[510]+000 COLOR: 0.113725491, 0.23137255, 0.168627456, 0.223529413
vb0[510]+012 TEXCOORD: 0, 0.600097656
vb0[510]+000 TEXCOORD1: 0.113725491, 0.23137255, 0.168627456, 0.223529413
vb0[510]+000 TEXCOORD2: 0.113725491, 0.23137255, 0.168627456, 0.223529413
vb0[510]+000 TEXCOORD3: 0.113725491, 0.23137255, 0.168627456, 0.223529413
vb0[510]+000 TANGENT: 0.113725491, 0.23137255, 0.168627456, 0.223529413

vb0[511]+000 POSITION: 0.877929688, 0.645996094, 0.139038086, 1
vb0[511]+000 NORMAL: 0.0235294122, 0.23137255, 0.168627456, 0.223529413
vb0[511]+000 COLOR: 0.0235294122, 0.23137255, 0.168627456, 0.223529413
vb0[511]+012 TEXCOORD: 0.0249938965, 0.600097656
vb0[511]+000 TEXCOORD1: 0.0235294122, 0.23137255, 0.168627456, 0.223529413
vb0[511]+000 TEXCOORD2: 0.0235294122, 0.23137255, 0.168627456, 0.223529413
vb0[511]+000 TEXCOORD3: 0.0235294122, 0.23137255, 0.168627456, 0.223529413
vb0[511]+000 TANGENT: 0.0235294122, 0.23137255, 0.168627456, 0.223529413

vb0[512]+000 POSITION: 0.608398438, 0.57421875, -0.712402344, 1
vb0[512]+000 NORMAL: 0.870588243, 0.219607845, 0.596078455, 0.219607845
vb0[512]+000 COLOR: 0.870588243, 0.219607845, 0.596078455, 0.219607845
vb0[512]+012 TEXCOORD: -0.137451172, 0.649902344
vb0[512]+000 TEXCOORD1: 0.870588243, 0.219607845, 0.596078455, 0.219607845
vb0[512]+000 TEXCOORD2: 0.870588243, 0.219607845, 0.596078455, 0.219607845
vb0[512]+000 TEXCOORD3: 0.870588243, 0.219607845, 0.596078455, 0.219607845
vb0[512]+000 TANGENT: 0.870588243, 0.219607845, 0.596078455, 0.219607845

vb0[513]+000 POSITION: 0.489501953, 0.57421875, -0.798828125, 1
vb0[513]+000 NORMAL: 0.835294127, 0.215686277, 0.596078455, 0.219607845
vb0[513]+000 COLOR: 0.835294127, 0.215686277, 0.596078455, 0.219607845
vb0[513]+012 TEXCOORD: -0.162475586, 0.649902344
vb0[513]+000 TEXCOORD1: 0.835294127, 0.215686277, 0.596078455, 0.219607845
vb0[513]+000 TEXCOORD2: 0.835294127, 0.215686277, 0.596078455, 0.219607845
vb0[513]+000 TEXCOORD3: 0.835294127, 0.215686277, 0.596078455, 0.219607845
vb0[513]+000 TANGENT: 0.835294127, 0.215686277, 0.596078455, 0.219607845

vb0[514]+000 POSITION: 0.712402344, 0.57421875, -0.608398438, 1
vb0[514]+000 NORMAL: 0.701960802, 0.223529413, 0.596078455, 0.219607845
vb0[514]+000 COLOR: 0.701960802, 0.223529413, 0.596078455, 0.219607845
vb0[514]+012 TEXCOORD: -0.112487793, 0.649902344
vb0[514]+000 TEXCOORD1: 0.701960802, 0.223529413, 0.596078455, 0.219607845
vb0[514]+000 TEXCOORD2: 0.701960802, 0.223529413, 0.596078455, 0.219607845
vb0[514]+000 TEXCOORD3: 0.701960802, 0.223529413, 0.596078455, 0.219607845
vb0[514]+000 TANGENT: 0.701960802, 0.223529413, 0.596078455, 0.219607845

vb0[515]+000 POSITION: 0.798828125, 0.57421875, -0.489501953, 1
vb0[515]+000 NORMAL: 0.392156869, 0.227450982, 0.596078455, 0.219607845
vb0[515]+000 COLOR: 0.392156869, 0.227450982, 0.596078455, 0.219607845
vb0[515]+012 TEXCOORD: -0.0875244141, 0.649902344
vb0[515]+000 TEXCOORD1: 0.392156869, 0.227450982, 0.596078455, 0.219607845
vb0[515]+000 TEXCOORD2: 0.392156869, 0.227450982, 0.596078455, 0.219607845
vb0[515]+000 TEXCOORD3: 0.392156869, 0.227450982, 0.596078455, 0.219607845
vb0[515]+000 TANGENT: 0.392156869, 0.227450982, 0.596078455, 0.219607845

vb0[516]+000 POSITION: 0.865722656, 0.57421875, -0.358642578, 1
vb0[516]+000 NORMAL: 0.929411769, 0.227450982, 0.596078455, 0.219607845
vb0[516]+000 COLOR: 0.929411769, 0.227450982, 0.596078455, 0.219607845
vb0[516]+012 TEXCOORD: -0.0625, 0.649902344
vb0[516]+000 TEXCOORD1: 0.929411769, 0.227450982, 0.596078455, 0.219607845
vb0[516]+000 TEXCOORD2: 0.929411769, 0.227450982, 0.596078455, 0.219607845
vb0[516]+000 TEXCOORD3: 0.929411769, 0.227450982, 0.596078455, 0.219607845
vb0[516]+000 TANGENT: 0.929411769, 0.227450982, 0.596078455, 0.219607845

vb0[517]+000 POSITION: 0.911132813, 0.57421875, -0.21875, 1
vb0[517]+000 NORMAL: 0.290196091, 0.23137255, 0.596078455, 0.219607845
vb0[517]+000 COLOR: 0.290196091, 0.23137255, 0.596078455, 0.219607845
vb0[517]+012 TEXCOORD: -0.0375061035, 0.649902344
vb0[517]+000 TEXCOORD1: 0.290196091, 0.23137255, 0.596078455, 0.219607845
vb0[517]+000 TEXCOORD2: 0.290196091, 0.23137255, 0.596078455, 0.219607845
vb0[517]+000 TEXCOORD3: 0.290196091, 0.23137255, 0.596078455, 0.219607845
vb0[517]+000 TANGENT: 0.290196091, 0.23137255, 0.596078455, 0.219607845

vb0[518]+000 POSITION: 0.934082031, 0.57421875, -0.0734863281, 1
vb0[518]+000 NORMAL: 0.474509805, 0.23137255, 0.596078455, 0.219607845
vb0[518]+000 COLOR: 0.474509805, 0.23137255, 0.596078455, 0.219607845
vb0[518]+012 TEXCOORD: -0.0124969482, 0.649902344
vb0[518]+000 TEXCOORD1: 0.474509805, 0.23137255, 0.596078455, 0.219607845
vb0[518]+000 TEXCOORD2: 0.474509805, 0.23137255, 0.596078455, 0.219607845
vb0[518]+000 TEXCOORD3: 0.474509805, 0.23137255, 0.596078455, 0.219607845
vb0[518]+000 TANGENT: 0.474509805, 0.23137255, 0.596078455, 0.219607845

vb0[519]+000 POSITION: 0.934082031, 0.57421875, 0.0734863281, 1
vb0[519]+000 NORMAL: 0.474509805, 0.23137255, 0.596078455, 0.219607845
vb0[519]+000 COLOR: 0.474509805, 0.23137255, 0.596078455, 0.219607845
vb0[519]+012 TEXCOORD: 0.0124969482, 0.649902344
vb0[519]+000 TEXCOORD1: 0.474509805, 0.23137255, 0.596078455, 0.219607845
vb0[519]+000 TEXCOORD2: 0.474509805, 0.23137255, 0.596078455, 0.219607845
vb0[519]+000 TEXCOORD3: 0.474509805, 0.23137255, 0.596078455, 0.219607845
vb0[519]+000 TANGENT: 0.474509805, 0.23137255, 0.596078455, 0.219607845

vb0[520]+000 POSITION: 0.911132813, 0.57421875, 0.21875, 1
vb0[520]+000 NORMAL: 0.290196091, 0.23137255, 0.596078455, 0.219607845
vb0[520]+000 COLOR: 0.290196091, 0.23137255, 0.596078455, 0.219607845
vb0[520]+012 TEXCOORD: 0.0375061035, 0.649902344
vb0[520]+000 TEXCOORD1: 0.290196091, 0.23137255, 0.596078455, 0.219607845
vb0[520]+000 TEXCOORD2: 0.290196091, 0.23137255, 0.596078455, 0.219607845
vb0[520]+000 TEXCOORD3: 0.290196091, 0.23137255, 0.596078455, 0.219607845
vb0[520]+000 TANGENT: 0.290196091, 0.23137255, 0.596078455, 0.219607845

vb0[521]+000 POSITION: 0.865722656, 0.57421875, 0.358642578, 1
vb0[521]+000 NORMAL: 0.929411769, 0.227450982, 0.596078455, 0.219607845
vb0[521]+000 COLOR: 0.929411769, 0.227450982, 0.596078455, 0.219607845
vb0[521]+012 TEXCOORD: 0.0625, 0.649902344
vb0[521]+000 TEXCOORD1: 0.929411769, 0.227450982, 0.596078455, 0.219607845
vb0[521]+000 TEXCOORD2: 0.929411769, 0.227450982, 0.596078455, 0.219607845
vb0[521]+000 TEXCOORD3: 0.929411769, 0.227450982, 0.596078455, 0.219607845
vb0[521]+000 TANGENT: 0.929411769, 0.227450982, 0.596078455, 0.219607845

vb0[522]+000 POSITION: 0.798828125, 0.57421875, 0.489501953, 1
vb0[522]+000 NORMAL: 0.392156869, 0.227450982, 0.596078455, 0.219607845
vb0[522]+000 COLOR: 0.392156869, 0.227450982, 0.596078455, 0.219607845
vb0[522]+012 TEXCOORD: 0.0875244141, 0.649902344
vb0[522]+000 TEXCOORD1: 0.392156869, 0.227450982, 0.596078455, 0.219607845
vb0[522]+000 TEXCOORD2: 0.392156869, 0.227450982, 0.596078455, 0.219607845
vb0[522]+000 TEXCOORD3: 0.392156869, 0.227450982, 0.596078455, 0.219607845
vb0[522]+000 TANGENT: 0.392156869, 0.227450982, 0.596078455, 0.219607845

vb0[523]+000 POSITION: 0.712402344, 0.57421875, 0.608398438, 1
vb0[523]+000 NORMAL: 0.701960802, 0.223529413, 0.596078455, 0.219607845
vb0[523]+000 COLOR: 0.701960802, 0.223529413, 0.596078455, 0.219607845
vb0[523]+012 TEXCOORD: 0.112487793, 0.649902344
vb0[523]+000 TEXCOORD1: 0.701960802, 0.223529413, 0.596078455, 0.219607845
vb0[523]+000 TEXCOORD2: 0.701960802, 0.223529413, 0.596078455, 0.219607845
vb0[523]+000 TEXCOORD3: 0.701960802, 0.223529413, 0.596078455, 0.219607845
vb0[523]+000 TANGENT: 0.701960802, 0.223529413, 0.596078455, 0.219607845

vb0[524]+000 POSITION: 0.608398438, 0.57421875, 0.712402344, 1
vb0[524]+000 NORMAL: 0.870588243, 0.219607845, 0.596078455, 0.219607845
vb0[524]+000 COLOR: 0.870588243, 0.219607845, 0.596078455, 0.219607845
vb0[524]+012 TEXCOORD: 0.137451172, 0.649902344
vb0[524]+000 TEXCOORD1: 0.870588243, 0.219607845, 0.596078455, 0.219607845
vb0[524]+000 TEXCOORD2: 0.870588243, 0.219607845, 0.596078455, 0.219607845
vb0[524]+000 TEXCOORD3: 0.870588243, 0.219607845, 0.596078455, 0.219607845
vb0[524]+000 TANGENT: 0.870588243, 0.219607845, 0.596078455, 0.219607845

vb0[525]+000 POSITION: 0.489501953, 0.57421875, 0.798828125, 1
vb0[525]+000 NORMAL: 0.835294127, 0.215686277, 0.596078455, 0.219607845
vb0[525]+000 COLOR: 0.835294127, 0.215686277, 0.596078455, 0.219607845
vb0[525]+012 TEXCOORD: 0.162475586, 0.649902344
vb0[525]+000 TEXCOORD1: 0.835294127, 0.215686277, 0.596078455, 0.219607845
vb0[525]+000 TEXCOORD2: 0.835294127, 0.215686277, 0.596078455, 0.219607845
vb0[525]+000 TEXCOORD3: 0.835294127, 0.215686277, 0.596078455, 0.219607845
vb0[525]+000 TANGENT: 0.835294127, 0.215686277, 0.596078455, 0.219607845

vb0[526]+000 POSITION: 0.358642578, 0.57421875, 0.865722656, 1
vb0[526]+000 NORMAL: 0.741176486, 0.20784314, 0.596078455, 0.219607845
vb0[526]+000 COLOR: 0.741176486, 0.20784314, 0.596078455, 0.219607845
vb0[526]+012 TEXCOORD: 0.1875, 0.649902344
vb0[526]+000 TEXCOORD1: 0.741176486, 0.20784314, 0.596078455, 0.219607845
vb0[526]+000 TEXCOORD2: 0.741176486, 0.20784314, 0.596078455, 0.219607845
vb0[526]+000 TEXCOORD3: 0.741176486, 0.20784314, 0.596078455, 0.219607845
vb0[526]+000 TANGENT: 0.741176486, 0.20784314, 0.596078455, 0.219607845

vb0[527]+000 POSITION: 0.21875, 0.57421875, 0.911132813, 1
vb0[527]+000 NORMAL: 0, 0.200000003, 0.596078455, 0.219607845
vb0[527]+000 COLOR: 0, 0.200000003, 0.596078455, 0.219607845
vb0[527]+012 TEXCOORD: 0.212524414, 0.649902344
vb0[527]+000 TEXCOORD1: 0, 0.200000003, 0.596078455, 0.219607845
vb0[527]+000 TEXCOORD2: 0, 0.200000003, 0.596078455, 0.219607845
vb0[527]+000 TEXCOORD3: 0, 0.200000003, 0.596078455, 0.219607845
vb0[527]+000 TANGENT: 0, 0.200000003, 0.596078455, 0.219607845

vb0[528]+000 POSITION: 0.0734863281, 0.57421875, 0.934082031, 1
vb0[528]+000 NORMAL: 0.70588237, 0.172549024, 0.596078455, 0.219607845
vb0[528]+000 COLOR: 0.70588237, 0.172549024, 0.596078455, 0.219607845
vb0[528]+012 TEXCOORD: 0.237548828, 0.649902344
vb0[528]+000 TEXCOORD1: 0.70588237, 0.172549024, 0.596078455, 0.219607845
vb0[528]+000 TEXCOORD2: 0.70588237, 0.172549024, 0.596078455, 0.219607845
vb0[528]+000 TEXCOORD3: 0.70588237, 0.172549024, 0.596078455, 0.219607845
vb0[528]+000 TANGENT: 0.70588237, 0.172549024, 0.596078455, 0.219607845

vb0[529]+000 POSITION: -0.0734863281, 0.57421875, 0.934082031, 1
vb0[529]+000 NORMAL: 0.70588237, 0.674509823, 0.596078455, 0.219607845
vb0[529]+000 COLOR: 0.70588237, 0.674509823, 0.596078455, 0.219607845
vb0[529]+012 TEXCOORD: 0.262451172, 0.649902344
vb0[529]+000 TEXCOORD1: 0.70588237, 0.674509823, 0.596078455, 0.219607845
vb0[529]+000 TEXCOORD2: 0.70588237, 0.674509823, 0.596078455, 0.219607845
vb0[529]+000 TEXCOORD3: 0.70588237, 0.674509823, 0.596078455, 0.219607845
vb0[529]+000 TANGENT: 0.70588237, 0.674509823, 0.596078455, 0.219607845

vb0[530]+000 POSITION: -0.21875, 0.57421875, 0.911132813, 1
vb0[530]+000 NORMAL: 0, 0.701960802, 0.596078455, 0.219607845
vb0[530]+000 COLOR: 0, 0.701960802, 0.596078455, 0.219607845
vb0[530]+012 TEXCOORD: 0.287597656, 0.649902344
vb0[530]+000 TEXCOORD1: 0, 0.701960802, 0.596078455, 0.219607845
vb0[530]+000 TEXCOORD2: 0, 0.701960802, 0.596078455, 0.219607845
vb0[530]+000 TEXCOORD3: 0, 0.701960802, 0.596078455, 0.219607845
vb0[530]+000 TANGENT: 0, 0.701960802, 0.596078455, 0.219607845

vb0[531]+000 POSITION: -0.358642578, 0.57421875, 0.865722656, 1
vb0[531]+000 NORMAL: 0.741176486, 0.709803939, 0.596078455, 0.219607845
vb0[531]+000 COLOR: 0.741176486, 0.709803939, 0.596078455, 0.219607845
vb0[531]+012 TEXCOORD: 0.3125, 0.649902344
vb0[531]+000 TEXCOORD1: 0.741176486, 0.709803939, 0.596078455, 0.219607845
vb0[531]+000 TEXCOORD2: 0.741176486, 0.709803939, 0.596078455, 0.219607845
vb0[531]+000 TEXCOORD3: 0.741176486, 0.709803939, 0.596078455, 0.219607845
vb0[531]+000 TANGENT: 0.741176486, 0.709803939, 0.596078455, 0.219607845

vb0[532]+000 POSITION: -0.403564453, 0.645996094, 0.791992188, 1
vb0[532]+000 NORMAL: 0.458823532, 0.713725507, 0.168627456, 0.223529413
vb0[532]+000 COLOR: 0.458823532, 0.713725507, 0.168627456, 0.223529413
vb0[532]+012 TEXCOORD: 0.324951172, 0.600097656
vb0[532]+000 TEXCOORD1: 0.458823532, 0.713725507, 0.168627456, 0.223529413
vb0[532]+000 TEXCOORD2: 0.458823532, 0.713725507, 0.168627456, 0.223529413
vb0[532]+000 TEXCOORD3: 0.458823532, 0.713725507, 0.168627456, 0.223529413
vb0[532]+000 TANGENT: 0.458823532, 0.713725507, 0.168627456, 0.223529413

vb0[533]+000 POSITION: -0.522460938, 0.645996094, 0.719238281, 1
vb0[533]+000 NORMAL: 0.180392161, 0.721568644, 0.168627456, 0.223529413
vb0[533]+000 COLOR: 0.180392161, 0.721568644, 0.168627456, 0.223529413
vb0[533]+012 TEXCOORD: 0.350097656, 0.600097656
vb0[533]+000 TEXCOORD1: 0.180392161, 0.721568644, 0.168627456, 0.223529413
vb0[533]+000 TEXCOORD2: 0.180392161, 0.721568644, 0.168627456, 0.223529413
vb0[533]+000 TEXCOORD3: 0.180392161, 0.721568644, 0.168627456, 0.223529413
vb0[533]+000 TANGENT: 0.180392161, 0.721568644, 0.168627456, 0.223529413

vb0[534]+000 POSITION: -0.628417969, 0.645996094, 0.628417969, 1
vb0[534]+000 NORMAL: 0.0274509806, 0.725490212, 0.168627456, 0.223529413
vb0[534]+000 COLOR: 0.0274509806, 0.725490212, 0.168627456, 0.223529413
vb0[534]+012 TEXCOORD: 0.375, 0.600097656
vb0[534]+000 TEXCOORD1: 0.0274509806, 0.725490212, 0.168627456, 0.223529413
vb0[534]+000 TEXCOORD2: 0.0274509806, 0.725490212, 0.168627456, 0.223529413
vb0[534]+000 TEXCOORD3: 0.0274509806, 0.725490212, 0.168627456, 0.223529413
vb0[534]+000 TANGENT: 0.0274509806, 0.725490212, 0.168627456, 0.223529413

vb0[535]+000 POSITION: -0.719238281, 0.645996094, 0.522460938, 1
vb0[535]+000 NORMAL: 0.75686276, 0.725490212, 0.168627456, 0.223529413
vb0[535]+000 COLOR: 0.75686276, 0.725490212, 0.168627456, 0.223529413
vb0[535]+012 TEXCOORD: 0.399902344, 0.600097656
vb0[535]+000 TEXCOORD1: 0.75686276, 0.725490212, 0.168627456, 0.223529413
vb0[535]+000 TEXCOORD2: 0.75686276, 0.725490212, 0.168627456, 0.223529413
vb0[535]+000 TEXCOORD3: 0.75686276, 0.725490212, 0.168627456, 0.223529413
vb0[535]+000 TANGENT: 0.75686276, 0.725490212, 0.168627456, 0.223529413

vb0[536]+000 POSITION: -0.791992188, 0.645996094, 0.403564453, 1
vb0[536]+000 NORMAL: 0.337254912, 0.729411781, 0.168627456, 0.223529413
vb0[536]+000 COLOR: 0.337254912, 0.729411781, 0.168627456, 0.223529413
vb0[536]+012 TEXCOORD: 0.425048828, 0.600097656
vb0[536]+000 TEXCOORD1: 0.337254912, 0.729411781, 0.168627456, 0.223529413
vb0[536]+000 TEXCOORD2: 0.337254912, 0.729411781, 0.168627456, 0.223529413
vb0[536]+000 TEXCOORD3: 0.337254912, 0.729411781, 0.168627456, 0.223529413
vb0[536]+000 TANGENT: 0.337254912, 0.729411781, 0.168627456, 0.223529413

vb0[537]+000 POSITION: -0.845703125, 0.645996094, 0.274658203, 1
vb0[537]+000 NORMAL: 0.768627465, 0.729411781, 0.168627456, 0.223529413
vb0[537]+000 COLOR: 0.768627465, 0.729411781, 0.168627456, 0.223529413
vb0[537]+012 TEXCOORD: 0.449951172, 0.600097656
vb0[537]+000 TEXCOORD1: 0.768627465, 0.729411781, 0.168627456, 0.223529413
vb0[537]+000 TEXCOORD2: 0.768627465, 0.729411781, 0.168627456, 0.223529413
vb0[537]+000 TEXCOORD3: 0.768627465, 0.729411781, 0.168627456, 0.223529413
vb0[537]+000 TANGENT: 0.768627465, 0.729411781, 0.168627456, 0.223529413

vb0[538]+000 POSITION: -0.877929688, 0.645996094, 0.139038086, 1
vb0[538]+000 NORMAL: 0.0235294122, 0.733333349, 0.168627456, 0.223529413
vb0[538]+000 COLOR: 0.0235294122, 0.733333349, 0.168627456, 0.223529413
vb0[538]+012 TEXCOORD: 0.475097656, 0.600097656
vb0[538]+000 TEXCOORD1: 0.0235294122, 0.733333349, 0.168627456, 0.223529413
vb0[538]+000 TEXCOORD2: 0.0235294122, 0.733333349, 0.168627456, 0.223529413
vb0[538]+000 TEXCOORD3: 0.0235294122, 0.733333349, 0.168627456, 0.223529413
vb0[538]+000 TANGENT: 0.0235294122, 0.733333349, 0.168627456, 0.223529413

vb0[539]+000 POSITION: -0.889160156, 0.645996094, -1.1479437e-41, 1
vb0[539]+000 NORMAL: 0.113725491, 0.733333349, 0.168627456, 0.223529413
vb0[539]+000 COLOR: 0.113725491, 0.733333349, 0.168627456, 0.223529413
vb0[539]+012 TEXCOORD: 0.5, 0.600097656
vb0[539]+000 TEXCOORD1: 0.113725491, 0.733333349, 0.168627456, 0.223529413
vb0[539]+000 TEXCOORD2: 0.113725491, 0.733333349, 0.168627456, 0.223529413
vb0[539]+000 TEXCOORD3: 0.113725491, 0.733333349, 0.168627456, 0.223529413
vb0[539]+000 TANGENT: 0.113725491, 0.733333349, 0.168627456, 0.223529413

vb0[540]+000 POSITION: -0.877929688, 0.645996094, -0.139038086, 1
vb0[540]+000 NORMAL: 0.0235294122, 0.733333349, 0.168627456, 0.223529413
vb0[540]+000 COLOR: 0.0235294122, 0.733333349, 0.168627456, 0.223529413
vb0[540]+012 TEXCOORD: 0.524902344, 0.600097656
vb0[540]+000 TEXCOORD1: 0.0235294122, 0.733333349, 0.168627456, 0.223529413
vb0[540]+000 TEXCOORD2: 0.0235294122, 0.733333349, 0.168627456, 0.223529413
vb0[540]+000 TEXCOORD3: 0.0235294122, 0.733333349, 0.168627456, 0.223529413
vb0[540]+000 TANGENT: 0.0235294122, 0.733333349, 0.168627456, 0.223529413

vb0[541]+000 POSITION: -0.845703125, 0.645996094, -0.274658203, 1
vb0[541]+000 NORMAL: 0.768627465, 0.729411781, 0.168627456, 0.223529413
vb0[541]+000 COLOR: 0.768627465, 0.729411781, 0.168627456, 0.223529413
vb0[541]+012 TEXCOORD: 0.549804688, 0.600097656
vb0[541]+000 TEXCOORD1: 0.768627465, 0.729411781, 0.168627456, 0.223529413
vb0[541]+000 TEXCOORD2: 0.768627465, 0.729411781, 0.168627456, 0.223529413
vb0[541]+000 TEXCOORD3: 0.768627465, 0.729411781, 0.168627456, 0.223529413
vb0[541]+000 TANGENT: 0.768627465, 0.729411781, 0.168627456, 0.223529413

vb0[542]+000 POSITION: -0.791992188, 0.645996094, -0.403564453, 1
vb0[542]+000 NORMAL: 0.337254912, 0.729411781, 0.168627456, 0.223529413
vb0[542]+000 COLOR: 0.337254912, 0.729411781, 0.168627456, 0.223529413
vb0[542]+012 TEXCOORD: 0.575195313, 0.600097656
vb0[542]+000 TEXCOORD1: 0.337254912, 0.729411781, 0.168627456, 0.223529413
vb0[542]+000 TEXCOORD2: 0.337254912, 0.729411781, 0.168627456, 0.223529413
vb0[542]+000 TEXCOORD3: 0.337254912, 0.729411781, 0.168627456, 0.223529413
vb0[542]+000 TANGENT: 0.337254912, 0.729411781, 0.168627456, 0.223529413

vb0[543]+000 POSITION: -0.719238281, 0.645996094, -0.522460938, 1
vb0[543]+000 NORMAL: 0.75686276, 0.725490212, 0.168627456, 0.223529413
vb0[543]+000 COLOR: 0.75686276, 0.725490212, 0.168627456, 0.223529413
vb0[543]+012 TEXCOORD: 0.600097656, 0.600097656
vb0[543]+000 TEXCOORD1: 0.75686276, 0.725490212, 0.168627456, 0.223529413
vb0[543]+000 TEXCOORD2: 0.75686276, 0.725490212, 0.168627456, 0.223529413
vb0[543]+000 TEXCOORD3: 0.75686276, 0.725490212, 0.168627456, 0.223529413
vb0[543]+000 TANGENT: 0.75686276, 0.725490212, 0.168627456, 0.223529413

vb0[544]+000 POSITION: -0.628417969, 0.645996094, -0.628417969, 1
vb0[544]+000 NORMAL: 0.0274509806, 0.725490212, 0.168627456, 0.223529413
vb0[544]+000 COLOR: 0.0274509806, 0.725490212, 0.168627456, 0.223529413
vb0[544]+012 TEXCOORD: 0.625, 0.600097656
vb0[544]+000 TEXCOORD1: 0.0274509806, 0.725490212, 0.168627456, 0.223529413
vb0[544]+000 TEXCOORD2: 0.0274509806, 0.725490212, 0.168627456, 0.223529413
vb0[544]+000 TEXCOORD3: 0.0274509806, 0.725490212, 0.168627456, 0.223529413
vb0[544]+000 TANGENT: 0.0274509806, 0.725490212, 0.168627456, 0.223529413

vb0[545]+000 POSITION: -0.522460938, 0.645996094, -0.719238281, 1
vb0[545]+000 NORMAL: 0.180392161, 0.721568644, 0.168627456, 0.223529413
vb0[545]+000 COLOR: 0.180392161, 0.721568644, 0.168627456, 0.223529413
vb0[545]+012 TEXCOORD: 0.649902344, 0.600097656
vb0[545]+000 TEXCOORD1: 0.180392161, 0.721568644, 0.168627456, 0.223529413
vb0[545]+000 TEXCOORD2: 0.180392161, 0.721568644, 0.168627456, 0.223529413
vb0[545]+000 TEXCOORD3: 0.180392161, 0.721568644, 0.168627456, 0.223529413
vb0[545]+000 TANGENT: 0.180392161, 0.721568644, 0.168627456, 0.223529413

vb0[546]+000 POSITION: -0.403564453, 0.645996094, -0.791992188, 1
vb0[546]+000 NORMAL: 0.458823532, 0.713725507, 0.168627456, 0.223529413
vb0[546]+000 COLOR: 0.458823532, 0.713725507, 0.168627456, 0.223529413
vb0[546]+012 TEXCOORD: 0.674804688, 0.600097656
vb0[546]+000 TEXCOORD1: 0.458823532, 0.713725507, 0.168627456, 0.223529413
vb0[546]+000 TEXCOORD2: 0.458823532, 0.713725507, 0.168627456, 0.223529413
vb0[546]+000 TEXCOORD3: 0.458823532, 0.713725507, 0.168627456, 0.223529413
vb0[546]+000 TANGENT: 0.458823532, 0.713725507, 0.168627456, 0.223529413

vb0[547]+000 POSITION: -0.274658203, 0.645996094, -0.845703125, 1
vb0[547]+000 NORMAL: 0.396078438, 0.70588237, 0.168627456, 0.223529413
vb0[547]+000 COLOR: 0.396078438, 0.70588237, 0.168627456, 0.223529413
vb0[547]+012 TEXCOORD: 0.700195313, 0.600097656
vb0[547]+000 TEXCOORD1: 0.396078438, 0.70588237, 0.168627456, 0.223529413
vb0[547]+000 TEXCOORD2: 0.396078438, 0.70588237, 0.168627456, 0.223529413
vb0[547]+000 TEXCOORD3: 0.396078438, 0.70588237, 0.168627456, 0.223529413
vb0[547]+000 TANGENT: 0.396078438, 0.70588237, 0.168627456, 0.223529413

vb0[548]+000 POSITION: -0.865722656, 0.57421875, -0.358642578, 1
vb0[548]+000 NORMAL: 0.929411769, 0.729411781, 0.596078455, 0.219607845
vb0[548]+000 COLOR: 0.929411769, 0.729411781, 0.596078455, 0.219607845
vb0[548]+012 TEXCOORD: 0.5625, 0.649902344
vb0[548]+000 TEXCOORD1: 0.929411769, 0.729411781, 0.596078455, 0.219607845
vb0[548]+000 TEXCOORD2: 0.929411769, 0.729411781, 0.596078455, 0.219607845
vb0[548]+000 TEXCOORD3: 0.929411769, 0.729411781, 0.596078455, 0.219607845
vb0[548]+000 TANGENT: 0.929411769, 0.729411781, 0.596078455, 0.219607845

vb0[549]+000 POSITION: -0.911132813, 0.57421875, -0.21875, 1
vb0[549]+000 NORMAL: 0.290196091, 0.733333349, 0.596078455, 0.219607845
vb0[549]+000 COLOR: 0.290196091, 0.733333349, 0.596078455, 0.219607845
vb0[549]+012 TEXCOORD: 0.537597656, 0.649902344
vb0[549]+000 TEXCOORD1: 0.290196091, 0.733333349, 0.596078455, 0.219607845
vb0[549]+000 TEXCOORD2: 0.290196091, 0.733333349, 0.596078455, 0.219607845
vb0[549]+000 TEXCOORD3: 0.290196091, 0.733333349, 0.596078455, 0.219607845
vb0[549]+000 TANGENT: 0.290196091, 0.733333349, 0.596078455, 0.219607845

vb0[550]+000 POSITION: -0.798828125, 0.57421875, -0.489501953, 1
vb0[550]+000 NORMAL: 0.392156869, 0.729411781, 0.596078455, 0.219607845
vb0[550]+000 COLOR: 0.392156869, 0.729411781, 0.596078455, 0.219607845
vb0[550]+012 TEXCOORD: 0.587402344, 0.649902344
vb0[550]+000 TEXCOORD1: 0.392156869, 0.729411781, 0.596078455, 0.219607845
vb0[550]+000 TEXCOORD2: 0.392156869, 0.729411781, 0.596078455, 0.219607845
vb0[550]+000 TEXCOORD3: 0.392156869, 0.729411781, 0.596078455, 0.219607845
vb0[550]+000 TANGENT: 0.392156869, 0.729411781, 0.596078455, 0.219607845

vb0[551]+000 POSITION: -0.712402344, 0.57421875, -0.608398438, 1
vb0[551]+000 NORMAL: 0.701960802, 0.725490212, 0.596078455, 0.219607845
vb0[551]+000 COLOR: 0.701960802, 0.725490212, 0.596078455, 0.219607845
vb0[551]+012 TEXCOORD: 0.612304688, 0.649902344
vb0[551]+000 TEXCOORD1: 0.701960802, 0.725490212, 0.596078455, 0.219607845
vb0[551]+000 TEXCOORD2: 0.701960802, 0.725490212, 0.596078455, 0.219607845
vb0[551]+000 TEXCOORD3: 0.701960802, 0.725490212, 0.596078455, 0.219607845
vb0[551]+000 TANGENT: 0.701960802, 0.725490212, 0.596078455, 0.219607845

vb0[552]+000 POSITION: -0.608398438, 0.57421875, -0.712402344, 1
vb0[552]+000 NORMAL: 0.870588243, 0.721568644, 0.596078455, 0.219607845
vb0[552]+000 COLOR: 0.870588243, 0.721568644, 0.596078455, 0.219607845
vb0[552]+012 TEXCOORD: 0.637695313, 0.649902344
vb0[552]+000 TEXCOORD1: 0.870588243, 0.721568644, 0.596078455, 0.219607845
vb0[552]+000 TEXCOORD2: 0.870588243, 0.721568644, 0.596078455, 0.219607845
vb0[552]+000 TEXCOORD3: 0.870588243, 0.721568644, 0.596078455, 0.219607845
vb0[552]+000 TANGENT: 0.870588243, 0.721568644, 0.596078455, 0.219607845

vb0[553]+000 POSITION: -0.489501953, 0.57421875, -0.798828125, 1
vb0[553]+000 NORMAL: 0.835294127, 0.717647076, 0.596078455, 0.219607845
vb0[553]+000 COLOR: 0.835294127, 0.717647076, 0.596078455, 0.219607845
vb0[553]+012 TEXCOORD: 0.662597656, 0.649902344
vb0[553]+000 TEXCOORD1: 0.835294127, 0.717647076, 0.596078455, 0.219607845
vb0[553]+000 TEXCOORD2: 0.835294127, 0.717647076, 0.596078455, 0.219607845
vb0[553]+000 TEXCOORD3: 0.835294127, 0.717647076, 0.596078455, 0.219607845
vb0[553]+000 TANGENT: 0.835294127, 0.717647076, 0.596078455, 0.219607845

vb0[554]+000 POSITION: -0.358642578, 0.57421875, -0.865722656, 1
vb0[554]+000 NORMAL: 0.741176486, 0.709803939, 0.596078455, 0.219607845
vb0[554]+000 COLOR: 0.741176486, 0.709803939, 0.596078455, 0.219607845
vb0[554]+012 TEXCOORD: 0.6875, 0.649902344
vb0[554]+000 TEXCOORD1: 0.741176486, 0.709803939, 0.596078455, 0.219607845
vb0[554]+000 TEXCOORD2: 0.741176486, 0.709803939, 0.596078455, 0.219607845
vb0[554]+000 TEXCOORD3: 0.741176486, 0.709803939, 0.596078455, 0.219607845
vb0[554]+000 TANGENT: 0.741176486, 0.709803939, 0.596078455, 0.219607845

vb0[555]+000 POSITION: -0.21875, 0.57421875, -0.911132813, 1
vb0[555]+000 NORMAL: 0, 0.701960802, 0.596078455, 0.219607845
vb0[555]+000 COLOR: 0, 0.701960802, 0.596078455, 0.219607845
vb0[555]+012 TEXCOORD: 0.712402344, 0.649902344
vb0[555]+000 TEXCOORD1: 0, 0.701960802, 0.596078455, 0.219607845
vb0[555]+000 TEXCOORD2: 0, 0.701960802, 0.596078455, 0.219607845
vb0[555]+000 TEXCOORD3: 0, 0.701960802, 0.596078455, 0.219607845
vb0[555]+000 TANGENT: 0, 0.701960802, 0.596078455, 0.219607845

vb0[556]+000 POSITION: -0.0734863281, 0.57421875, -0.934082031, 1
vb0[556]+000 NORMAL: 0.70588237, 0.674509823, 0.596078455, 0.219607845
vb0[556]+000 COLOR: 0.70588237, 0.674509823, 0.596078455, 0.219607845
vb0[556]+012 TEXCOORD: 0.737304688, 0.649902344
vb0[556]+000 TEXCOORD1: 0.70588237, 0.674509823, 0.596078455, 0.219607845
vb0[556]+000 TEXCOORD2: 0.70588237, 0.674509823, 0.596078455, 0.219607845
vb0[556]+000 TEXCOORD3: 0.70588237, 0.674509823, 0.596078455, 0.219607845
vb0[556]+000 TANGENT: 0.70588237, 0.674509823, 0.596078455, 0.219607845

vb0[557]+000 POSITION: 0.0734863281, 0.57421875, -0.934082031, 1
vb0[557]+000 NORMAL: 0.70588237, 0.172549024, 0.596078455, 0.219607845
vb0[557]+000 COLOR: 0.70588237, 0.172549024, 0.596078455, 0.219607845
vb0[557]+012 TEXCOORD: 0.762695313, 0.649902344
vb0[557]+000 TEXCOORD1: 0.70588237, 0.172549024, 0.596078455, 0.219607845
vb0[557]+000 TEXCOORD2: 0.70588237, 0.172549024, 0.596078455, 0.219607845
vb0[557]+000 TEXCOORD3: 0.70588237, 0.172549024, 0.596078455, 0.219607845
vb0[557]+000 TANGENT: 0.70588237, 0.172549024, 0.596078455, 0.219607845

vb0[558]+000 POSITION: 0.139038086, 0.645996094, -0.877929688, 1
vb0[558]+000 NORMAL: 0.450980395, 0.188235298, 0.168627456, 0.223529413
vb0[558]+000 COLOR: 0.450980395, 0.188235298, 0.168627456, 0.223529413
vb0[558]+012 TEXCOORD: 0.774902344, 0.600097656
vb0[558]+000 TEXCOORD1: 0.450980395, 0.188235298, 0.168627456, 0.223529413
vb0[558]+000 TEXCOORD2: 0.450980395, 0.188235298, 0.168627456, 0.223529413
vb0[558]+000 TEXCOORD3: 0.450980395, 0.188235298, 0.168627456, 0.223529413
vb0[558]+000 TANGENT: 0.450980395, 0.188235298, 0.168627456, 0.223529413

vb0[559]+000 POSITION: 0.274658203, 0.645996094, -0.845703125, 1
vb0[559]+000 NORMAL: 0.396078438, 0.203921571, 0.168627456, 0.223529413
vb0[559]+000 COLOR: 0.396078438, 0.203921571, 0.168627456, 0.223529413
vb0[559]+012 TEXCOORD: 0.799804688, 0.600097656
vb0[559]+000 TEXCOORD1: 0.396078438, 0.203921571, 0.168627456, 0.223529413
vb0[559]+000 TEXCOORD2: 0.396078438, 0.203921571, 0.168627456, 0.223529413
vb0[559]+000 TEXCOORD3: 0.396078438, 0.203921571, 0.168627456, 0.223529413
vb0[559]+000 TANGENT: 0.396078438, 0.203921571, 0.168627456, 0.223529413

vb0[560]+000 POSITION: 0.403564453, 0.645996094, -0.791992188, 1
vb0[560]+000 NORMAL: 0.458823532, 0.211764708, 0.168627456, 0.223529413
vb0[560]+000 COLOR: 0.458823532, 0.211764708, 0.168627456, 0.223529413
vb0[560]+012 TEXCOORD: 0.825195313, 0.600097656
vb0[560]+000 TEXCOORD1: 0.458823532, 0.211764708, 0.168627456, 0.223529413
vb0[560]+000 TEXCOORD2: 0.458823532, 0.211764708, 0.168627456, 0.223529413
vb0[560]+000 TEXCOORD3: 0.458823532, 0.211764708, 0.168627456, 0.223529413
vb0[560]+000 TANGENT: 0.458823532, 0.211764708, 0.168627456, 0.223529413

vb0[561]+000 POSITION: 0.522460938, 0.645996094, -0.719238281, 1
vb0[561]+000 NORMAL: 0.180392161, 0.219607845, 0.168627456, 0.223529413
vb0[561]+000 COLOR: 0.180392161, 0.219607845, 0.168627456, 0.223529413
vb0[561]+012 TEXCOORD: 0.850097656, 0.600097656
vb0[561]+000 TEXCOORD1: 0.180392161, 0.219607845, 0.168627456, 0.223529413
vb0[561]+000 TEXCOORD2: 0.180392161, 0.219607845, 0.168627456, 0.223529413
vb0[561]+000 TEXCOORD3: 0.180392161, 0.219607845, 0.168627456, 0.223529413
vb0[561]+000 TANGENT: 0.180392161, 0.219607845, 0.168627456, 0.223529413

vb0[562]+000 POSITION: 0.21875, 0.57421875, -0.911132813, 1
vb0[562]+000 NORMAL: 0, 0.200000003, 0.596078455, 0.219607845
vb0[562]+000 COLOR: 0, 0.200000003, 0.596078455, 0.219607845
vb0[562]+012 TEXCOORD: 0.787597656, 0.649902344
vb0[562]+000 TEXCOORD1: 0, 0.200000003, 0.596078455, 0.219607845
vb0[562]+000 TEXCOORD2: 0, 0.200000003, 0.596078455, 0.219607845
vb0[562]+000 TEXCOORD3: 0, 0.200000003, 0.596078455, 0.219607845
vb0[562]+000 TANGENT: 0, 0.200000003, 0.596078455, 0.219607845

vb0[563]+000 POSITION: 0.358642578, 0.57421875, -0.865722656, 1
vb0[563]+000 NORMAL: 0.741176486, 0.20784314, 0.596078455, 0.219607845
vb0[563]+000 COLOR: 0.741176486, 0.20784314, 0.596078455, 0.219607845
vb0[563]+012 TEXCOORD: 0.8125, 0.649902344
vb0[563]+000 TEXCOORD1: 0.741176486, 0.20784314, 0.596078455, 0.219607845
vb0[563]+000 TEXCOORD2: 0.741176486, 0.20784314, 0.596078455, 0.219607845
vb0[563]+000 TEXCOORD3: 0.741176486, 0.20784314, 0.596078455, 0.219607845
vb0[563]+000 TANGENT: 0.741176486, 0.20784314, 0.596078455, 0.219607845

vb0[564]+000 POSITION: 0.489501953, 0.57421875, -0.798828125, 1
vb0[564]+000 NORMAL: 0.835294127, 0.215686277, 0.596078455, 0.219607845
vb0[564]+000 COLOR: 0.835294127, 0.215686277, 0.596078455, 0.219607845
vb0[564]+012 TEXCOORD: 0.837402344, 0.649902344
vb0[564]+000 TEXCOORD1: 0.835294127, 0.215686277, 0.596078455, 0.219607845
vb0[564]+000 TEXCOORD2: 0.835294127, 0.215686277, 0.596078455, 0.219607845
vb0[564]+000 TEXCOORD3: 0.835294127, 0.215686277, 0.596078455, 0.219607845
vb0[564]+000 TANGENT: 0.835294127, 0.215686277, 0.596078455, 0.219607845

vb0[565]+000 POSITION: -0.153198242, 0.498779297, -0.967285156, 1
vb0[565]+000 NORMAL: 0.905882359, 0.690196097, 0.984313726, 0.215686277
vb0[565]+000 COLOR: 0.905882359, 0.690196097, 0.984313726, 0.215686277
vb0[565]+012 TEXCOORD: 0.725097656, 0.700195313
vb0[565]+000 TEXCOORD1: 0.905882359, 0.690196097, 0.984313726, 0.215686277
vb0[565]+000 TEXCOORD2: 0.905882359, 0.690196097, 0.984313726, 0.215686277
vb0[565]+000 TEXCOORD3: 0.905882359, 0.690196097, 0.984313726, 0.215686277
vb0[565]+000 TANGENT: 0.905882359, 0.690196097, 0.984313726, 0.215686277

vb0[566]+000 POSITION: 0, 0.498779297, -0.979003906, 1
vb0[566]+000 NORMAL: 0, 0, 0.984313726, 0.215686277
vb0[566]+000 COLOR: 0, 0, 0.984313726, 0.215686277
vb0[566]+012 TEXCOORD: 0.75, 0.700195313
vb0[566]+000 TEXCOORD1: 0, 0, 0.984313726, 0.215686277
vb0[566]+000 TEXCOORD2: 0, 0, 0.984313726, 0.215686277
vb0[566]+000 TEXCOORD3: 0, 0, 0.984313726, 0.215686277
vb0[566]+000 TANGENT: 0, 0, 0.984313726, 0.215686277

vb0[567]+000 POSITION: 0.153198242, 0.498779297, -0.967285156, 1
vb0[567]+000 NORMAL: 0.905882359, 0.188235298, 0.984313726, 0.215686277
vb0[567]+000 COLOR: 0.905882359, 0.188235298, 0.984313726, 0.215686277
vb0[567]+012 TEXCOORD: 0.774902344, 0.700195313
vb0[567]+000 TEXCOORD1: 0.905882359, 0.188235298, 0.984313726, 0.215686277
vb0[567]+000 TEXCOORD2: 0.905882359, 0.188235298, 0.984313726, 0.215686277
vb0[567]+000 TEXCOORD3: 0.905882359, 0.188235298, 0.984313726, 0.215686277
vb0[567]+000 TANGENT: 0.905882359, 0.188235298, 0.984313726, 0.215686277

vb0[568]+000 POSITION: 0.302490234, 0.498779297, -0.931152344, 1
vb0[568]+000 NORMAL: 0.843137264, 0.203921571, 0.984313726, 0.215686277
vb0[568]+000 COLOR: 0.843137264, 0.203921571, 0.984313726, 0.215686277
vb0[568]+012 TEXCOORD: 0.799804688, 0.700195313
vb0[568]+000 TEXCOORD1: 0.843137264, 0.203921571, 0.984313726, 0.215686277
vb0[568]+000 TEXCOORD2: 0.843137264, 0.203921571, 0.984313726, 0.215686277
vb0[568]+000 TEXCOORD3: 0.843137264, 0.203921571, 0.984313726, 0.215686277
vb0[568]+000 TANGENT: 0.843137264, 0.203921571, 0.984313726, 0.215686277

vb0[569]+000 POSITION: 0.444580078, 0.498779297, -0.872558594, 1
vb0[569]+000 NORMAL: 0.113725491, 0.215686277, 0.984313726, 0.215686277
vb0[569]+000 COLOR: 0.113725491, 0.215686277, 0.984313726, 0.215686277
vb0[569]+012 TEXCOORD: 0.825195313, 0.700195313
vb0[569]+000 TEXCOORD1: 0.113725491, 0.215686277, 0.984313726, 0.215686277
vb0[569]+000 TEXCOORD2: 0.113725491, 0.215686277, 0.984313726, 0.215686277
vb0[569]+000 TEXCOORD3: 0.113725491, 0.215686277, 0.984313726, 0.215686277
vb0[569]+000 TANGENT: 0.113725491, 0.215686277, 0.984313726, 0.215686277

vb0[570]+000 POSITION: -0.0796508789, 0.420410156, -1.01171875, 1
vb0[570]+000 NORMAL: 0.0980392173, 0.678431392, 0.729411781, 0.211764708
vb0[570]+000 COLOR: 0.0980392173, 0.678431392, 0.729411781, 0.211764708
vb0[570]+012 TEXCOORD: 0.737304688, 0.75
vb0[570]+000 TEXCOORD1: 0.0980392173, 0.678431392, 0.729411781, 0.211764708
vb0[570]+000 TEXCOORD2: 0.0980392173, 0.678431392, 0.729411781, 0.211764708
vb0[570]+000 TEXCOORD3: 0.0980392173, 0.678431392, 0.729411781, 0.211764708
vb0[570]+000 TANGENT: 0.0980392173, 0.678431392, 0.729411781, 0.211764708

vb0[571]+000 POSITION: -0.237060547, 0.420410156, -0.987304688, 1
vb0[571]+000 NORMAL: 0.588235319, 0.701960802, 0.729411781, 0.211764708
vb0[571]+000 COLOR: 0.588235319, 0.701960802, 0.729411781, 0.211764708
vb0[571]+012 TEXCOORD: 0.712402344, 0.75
vb0[571]+000 TEXCOORD1: 0.588235319, 0.701960802, 0.729411781, 0.211764708
vb0[571]+000 TEXCOORD2: 0.588235319, 0.701960802, 0.729411781, 0.211764708
vb0[571]+000 TEXCOORD3: 0.588235319, 0.701960802, 0.729411781, 0.211764708
vb0[571]+000 TANGENT: 0.588235319, 0.701960802, 0.729411781, 0.211764708

vb0[572]+000 POSITION: -0.302490234, 0.498779297, -0.931152344, 1
vb0[572]+000 NORMAL: 0.843137264, 0.70588237, 0.984313726, 0.215686277
vb0[572]+000 COLOR: 0.843137264, 0.70588237, 0.984313726, 0.215686277
vb0[572]+012 TEXCOORD: 0.700195313, 0.700195313
vb0[572]+000 TEXCOORD1: 0.843137264, 0.70588237, 0.984313726, 0.215686277
vb0[572]+000 TEXCOORD2: 0.843137264, 0.70588237, 0.984313726, 0.215686277
vb0[572]+000 TEXCOORD3: 0.843137264, 0.70588237, 0.984313726, 0.215686277
vb0[572]+000 TANGENT: 0.843137264, 0.70588237, 0.984313726, 0.215686277

vb0[573]+000 POSITION: -0.444580078, 0.498779297, -0.872558594, 1
vb0[573]+000 NORMAL: 0.113725491, 0.717647076, 0.984313726, 0.215686277
vb0[573]+000 COLOR: 0.113725491, 0.717647076, 0.984313726, 0.215686277
vb0[573]+012 TEXCOORD: 0.674804688, 0.700195313
vb0[573]+000 TEXCOORD1: 0.113725491, 0.717647076, 0.984313726, 0.215686277
vb0[573]+000 TEXCOORD2: 0.113725491, 0.717647076, 0.984313726, 0.215686277
vb0[573]+000 TEXCOORD3: 0.113725491, 0.717647076, 0.984313726, 0.215686277
vb0[573]+000 TANGENT: 0.113725491, 0.717647076, 0.984313726, 0.215686277

vb0[574]+000 POSITION: -0.575683594, 0.498779297, -0.791992188, 1
vb0[574]+000 NORMAL: 0.607843161, 0.721568644, 0.984313726, 0.215686277
vb0[574]+000 COLOR: 0.607843161, 0.721568644, 0.984313726, 0.215686277
vb0[574]+012 TEXCOORD: 0.649902344, 0.700195313
vb0[574]+000 TEXCOORD1: 0.607843161, 0.721568644, 0.984313726, 0.215686277
vb0[574]+000 TEXCOORD2: 0.607843161, 0.721568644, 0.984313726, 0.215686277
vb0[574]+000 TEXCOORD3: 0.607843161, 0.721568644, 0.984313726, 0.215686277
vb0[574]+000 TANGENT: 0.607843161, 0.721568644, 0.984313726, 0.215686277

vb0[575]+000 POSITION: -0.692382813, 0.498779297, -0.692382813, 1
vb0[575]+000 NORMAL: 0.541176498, 0.725490212, 0.984313726, 0.215686277
vb0[575]+000 COLOR: 0.541176498, 0.725490212, 0.984313726, 0.215686277
vb0[575]+012 TEXCOORD: 0.625, 0.700195313
vb0[575]+000 TEXCOORD1: 0.541176498, 0.725490212, 0.984313726, 0.215686277
vb0[575]+000 TEXCOORD2: 0.541176498, 0.725490212, 0.984313726, 0.215686277
vb0[575]+000 TEXCOORD3: 0.541176498, 0.725490212, 0.984313726, 0.215686277
vb0[575]+000 TANGENT: 0.541176498, 0.725490212, 0.984313726, 0.215686277

vb0[576]+000 POSITION: -0.791992188, 0.498779297, -0.575683594, 1
vb0[576]+000 NORMAL: 0.337254912, 0.729411781, 0.984313726, 0.215686277
vb0[576]+000 COLOR: 0.337254912, 0.729411781, 0.984313726, 0.215686277
vb0[576]+012 TEXCOORD: 0.600097656, 0.700195313
vb0[576]+000 TEXCOORD1: 0.337254912, 0.729411781, 0.984313726, 0.215686277
vb0[576]+000 TEXCOORD2: 0.337254912, 0.729411781, 0.984313726, 0.215686277
vb0[576]+000 TEXCOORD3: 0.337254912, 0.729411781, 0.984313726, 0.215686277
vb0[576]+000 TANGENT: 0.337254912, 0.729411781, 0.984313726, 0.215686277

vb0[577]+000 POSITION: -0.872558594, 0.498779297, -0.444580078, 1
vb0[577]+000 NORMAL: 0.984313726, 0.729411781, 0.984313726, 0.215686277
vb0[577]+000 COLOR: 0.984313726, 0.729411781, 0.984313726, 0.215686277
vb0[577]+012 TEXCOORD: 0.575195313, 0.700195313
vb0[577]+000 TEXCOORD1: 0.984313726, 0.729411781, 0.984313726, 0.215686277
vb0[577]+000 TEXCOORD2: 0.984313726, 0.729411781, 0.984313726, 0.215686277
vb0[577]+000 TEXCOORD3: 0.984313726, 0.729411781, 0.984313726, 0.215686277
vb0[577]+000 TANGENT: 0.984313726, 0.729411781, 0.984313726, 0.215686277

vb0[578]+000 POSITION: -0.931152344, 0.498779297, -0.302490234, 1
vb0[578]+000 NORMAL: 0.450980395, 0.733333349, 0.984313726, 0.215686277
vb0[578]+000 COLOR: 0.450980395, 0.733333349, 0.984313726, 0.215686277
vb0[578]+012 TEXCOORD: 0.549804688, 0.700195313
vb0[578]+000 TEXCOORD1: 0.450980395, 0.733333349, 0.984313726, 0.215686277
vb0[578]+000 TEXCOORD2: 0.450980395, 0.733333349, 0.984313726, 0.215686277
vb0[578]+000 TEXCOORD3: 0.450980395, 0.733333349, 0.984313726, 0.215686277
vb0[578]+000 TANGENT: 0.450980395, 0.733333349, 0.984313726, 0.215686277

vb0[579]+000 POSITION: -0.967285156, 0.498779297, -0.153198242, 1
vb0[579]+000 NORMAL: 0.741176486, 0.733333349, 0.984313726, 0.215686277
vb0[579]+000 COLOR: 0.741176486, 0.733333349, 0.984313726, 0.215686277
vb0[579]+012 TEXCOORD: 0.524902344, 0.700195313
vb0[579]+000 TEXCOORD1: 0.741176486, 0.733333349, 0.984313726, 0.215686277
vb0[579]+000 TEXCOORD2: 0.741176486, 0.733333349, 0.984313726, 0.215686277
vb0[579]+000 TEXCOORD3: 0.741176486, 0.733333349, 0.984313726, 0.215686277
vb0[579]+000 TANGENT: 0.741176486, 0.733333349, 0.984313726, 0.215686277

vb0[580]+000 POSITION: -0.934082031, 0.57421875, -0.0734863281, 1
vb0[580]+000 NORMAL: 0.474509805, 0.733333349, 0.596078455, 0.219607845
vb0[580]+000 COLOR: 0.474509805, 0.733333349, 0.596078455, 0.219607845
vb0[580]+012 TEXCOORD: 0.512695313, 0.649902344
vb0[580]+000 TEXCOORD1: 0.474509805, 0.733333349, 0.596078455, 0.219607845
vb0[580]+000 TEXCOORD2: 0.474509805, 0.733333349, 0.596078455, 0.219607845
vb0[580]+000 TEXCOORD3: 0.474509805, 0.733333349, 0.596078455, 0.219607845
vb0[580]+000 TANGENT: 0.474509805, 0.733333349, 0.596078455, 0.219607845

vb0[581]+000 POSITION: -0.934082031, 0.57421875, 0.0734863281, 1
vb0[581]+000 NORMAL: 0.474509805, 0.733333349, 0.596078455, 0.219607845
vb0[581]+000 COLOR: 0.474509805, 0.733333349, 0.596078455, 0.219607845
vb0[581]+012 TEXCOORD: 0.487548828, 0.649902344
vb0[581]+000 TEXCOORD1: 0.474509805, 0.733333349, 0.596078455, 0.219607845
vb0[581]+000 TEXCOORD2: 0.474509805, 0.733333349, 0.596078455, 0.219607845
vb0[581]+000 TEXCOORD3: 0.474509805, 0.733333349, 0.596078455, 0.219607845
vb0[581]+000 TANGENT: 0.474509805, 0.733333349, 0.596078455, 0.219607845

vb0[582]+000 POSITION: -0.911132813, 0.57421875, 0.21875, 1
vb0[582]+000 NORMAL: 0.290196091, 0.733333349, 0.596078455, 0.219607845
vb0[582]+000 COLOR: 0.290196091, 0.733333349, 0.596078455, 0.219607845
vb0[582]+012 TEXCOORD: 0.462402344, 0.649902344
vb0[582]+000 TEXCOORD1: 0.290196091, 0.733333349, 0.596078455, 0.219607845
vb0[582]+000 TEXCOORD2: 0.290196091, 0.733333349, 0.596078455, 0.219607845
vb0[582]+000 TEXCOORD3: 0.290196091, 0.733333349, 0.596078455, 0.219607845
vb0[582]+000 TANGENT: 0.290196091, 0.733333349, 0.596078455, 0.219607845

vb0[583]+000 POSITION: -0.865722656, 0.57421875, 0.358642578, 1
vb0[583]+000 NORMAL: 0.929411769, 0.729411781, 0.596078455, 0.219607845
vb0[583]+000 COLOR: 0.929411769, 0.729411781, 0.596078455, 0.219607845
vb0[583]+012 TEXCOORD: 0.4375, 0.649902344
vb0[583]+000 TEXCOORD1: 0.929411769, 0.729411781, 0.596078455, 0.219607845
vb0[583]+000 TEXCOORD2: 0.929411769, 0.729411781, 0.596078455, 0.219607845
vb0[583]+000 TEXCOORD3: 0.929411769, 0.729411781, 0.596078455, 0.219607845
vb0[583]+000 TANGENT: 0.929411769, 0.729411781, 0.596078455, 0.219607845

vb0[584]+000 POSITION: -0.798828125, 0.57421875, 0.489501953, 1
vb0[584]+000 NORMAL: 0.392156869, 0.729411781, 0.596078455, 0.219607845
vb0[584]+000 COLOR: 0.392156869, 0.729411781, 0.596078455, 0.219607845
vb0[584]+012 TEXCOORD: 0.412597656, 0.649902344
vb0[584]+000 TEXCOORD1: 0.392156869, 0.729411781, 0.596078455, 0.219607845
vb0[584]+000 TEXCOORD2: 0.392156869, 0.729411781, 0.596078455, 0.219607845
vb0[584]+000 TEXCOORD3: 0.392156869, 0.729411781, 0.596078455, 0.219607845
vb0[584]+000 TANGENT: 0.392156869, 0.729411781, 0.596078455, 0.219607845

vb0[585]+000 POSITION: -0.712402344, 0.57421875, 0.608398438, 1
vb0[585]+000 NORMAL: 0.701960802, 0.725490212, 0.596078455, 0.219607845
vb0[585]+000 COLOR: 0.701960802, 0.725490212, 0.596078455, 0.219607845
vb0[585]+012 TEXCOORD: 0.387451172, 0.649902344
vb0[585]+000 TEXCOORD1: 0.701960802, 0.725490212, 0.596078455, 0.219607845
vb0[585]+000 TEXCOORD2: 0.701960802, 0.725490212, 0.596078455, 0.219607845
vb0[585]+000 TEXCOORD3: 0.701960802, 0.725490212, 0.596078455, 0.219607845
vb0[585]+000 TANGENT: 0.701960802, 0.725490212, 0.596078455, 0.219607845

vb0[586]+000 POSITION: -0.608398438, 0.57421875, 0.712402344, 1
vb0[586]+000 NORMAL: 0.870588243, 0.721568644, 0.596078455, 0.219607845
vb0[586]+000 COLOR: 0.870588243, 0.721568644, 0.596078455, 0.219607845
vb0[586]+012 TEXCOORD: 0.362548828, 0.649902344
vb0[586]+000 TEXCOORD1: 0.870588243, 0.721568644, 0.596078455, 0.219607845
vb0[586]+000 TEXCOORD2: 0.870588243, 0.721568644, 0.596078455, 0.219607845
vb0[586]+000 TEXCOORD3: 0.870588243, 0.721568644, 0.596078455, 0.219607845
vb0[586]+000 TANGENT: 0.870588243, 0.721568644, 0.596078455, 0.219607845

vb0[587]+000 POSITION: -0.489501953, 0.57421875, 0.798828125, 1
vb0[587]+000 NORMAL: 0.835294127, 0.717647076, 0.596078455, 0.219607845
vb0[587]+000 COLOR: 0.835294127, 0.717647076, 0.596078455, 0.219607845
vb0[587]+012 TEXCOORD: 0.337402344, 0.649902344
vb0[587]+000 TEXCOORD1: 0.835294127, 0.717647076, 0.596078455, 0.219607845
vb0[587]+000 TEXCOORD2: 0.835294127, 0.717647076, 0.596078455, 0.219607845
vb0[587]+000 TEXCOORD3: 0.835294127, 0.717647076, 0.596078455, 0.219607845
vb0[587]+000 TANGENT: 0.835294127, 0.717647076, 0.596078455, 0.219607845

vb0[588]+000 POSITION: -0.444580078, 0.498779297, 0.872558594, 1
vb0[588]+000 NORMAL: 0.113725491, 0.717647076, 0.984313726, 0.215686277
vb0[588]+000 COLOR: 0.113725491, 0.717647076, 0.984313726, 0.215686277
vb0[588]+012 TEXCOORD: 0.324951172, 0.700195313
vb0[588]+000 TEXCOORD1: 0.113725491, 0.717647076, 0.984313726, 0.215686277
vb0[588]+000 TEXCOORD2: 0.113725491, 0.717647076, 0.984313726, 0.215686277
vb0[588]+000 TEXCOORD3: 0.113725491, 0.717647076, 0.984313726, 0.215686277
vb0[588]+000 TANGENT: 0.113725491, 0.717647076, 0.984313726, 0.215686277

vb0[589]+000 POSITION: -0.302490234, 0.498779297, 0.931152344, 1
vb0[589]+000 NORMAL: 0.843137264, 0.70588237, 0.984313726, 0.215686277
vb0[589]+000 COLOR: 0.843137264, 0.70588237, 0.984313726, 0.215686277
vb0[589]+012 TEXCOORD: 0.300048828, 0.700195313
vb0[589]+000 TEXCOORD1: 0.843137264, 0.70588237, 0.984313726, 0.215686277
vb0[589]+000 TEXCOORD2: 0.843137264, 0.70588237, 0.984313726, 0.215686277
vb0[589]+000 TEXCOORD3: 0.843137264, 0.70588237, 0.984313726, 0.215686277
vb0[589]+000 TANGENT: 0.843137264, 0.70588237, 0.984313726, 0.215686277

vb0[590]+000 POSITION: -0.153198242, 0.498779297, 0.967285156, 1
vb0[590]+000 NORMAL: 0.905882359, 0.690196097, 0.984313726, 0.215686277
vb0[590]+000 COLOR: 0.905882359, 0.690196097, 0.984313726, 0.215686277
vb0[590]+012 TEXCOORD: 0.274902344, 0.700195313
vb0[590]+000 TEXCOORD1: 0.905882359, 0.690196097, 0.984313726, 0.215686277
vb0[590]+000 TEXCOORD2: 0.905882359, 0.690196097, 0.984313726, 0.215686277
vb0[590]+000 TEXCOORD3: 0.905882359, 0.690196097, 0.984313726, 0.215686277
vb0[590]+000 TANGENT: 0.905882359, 0.690196097, 0.984313726, 0.215686277

vb0[591]+000 POSITION: -1.1479437e-41, 0.498779297, 0.979003906, 1
vb0[591]+000 NORMAL: 0.00392156886, 0.501960814, 0.984313726, 0.215686277
vb0[591]+000 COLOR: 0.00392156886, 0.501960814, 0.984313726, 0.215686277
vb0[591]+012 TEXCOORD: 0.25, 0.700195313
vb0[591]+000 TEXCOORD1: 0.00392156886, 0.501960814, 0.984313726, 0.215686277
vb0[591]+000 TEXCOORD2: 0.00392156886, 0.501960814, 0.984313726, 0.215686277
vb0[591]+000 TEXCOORD3: 0.00392156886, 0.501960814, 0.984313726, 0.215686277
vb0[591]+000 TANGENT: 0.00392156886, 0.501960814, 0.984313726, 0.215686277

vb0[592]+000 POSITION: 0.153198242, 0.498779297, 0.967285156, 1
vb0[592]+000 NORMAL: 0.905882359, 0.188235298, 0.984313726, 0.215686277
vb0[592]+000 COLOR: 0.905882359, 0.188235298, 0.984313726, 0.215686277
vb0[592]+012 TEXCOORD: 0.224975586, 0.700195313
vb0[592]+000 TEXCOORD1: 0.905882359, 0.188235298, 0.984313726, 0.215686277
vb0[592]+000 TEXCOORD2: 0.905882359, 0.188235298, 0.984313726, 0.215686277
vb0[592]+000 TEXCOORD3: 0.905882359, 0.188235298, 0.984313726, 0.215686277
vb0[592]+000 TANGENT: 0.905882359, 0.188235298, 0.984313726, 0.215686277

vb0[593]+000 POSITION: 0.302490234, 0.498779297, 0.931152344, 1
vb0[593]+000 NORMAL: 0.843137264, 0.203921571, 0.984313726, 0.215686277
vb0[593]+000 COLOR: 0.843137264, 0.203921571, 0.984313726, 0.215686277
vb0[593]+012 TEXCOORD: 0.199951172, 0.700195313
vb0[593]+000 TEXCOORD1: 0.843137264, 0.203921571, 0.984313726, 0.215686277
vb0[593]+000 TEXCOORD2: 0.843137264, 0.203921571, 0.984313726, 0.215686277
vb0[593]+000 TEXCOORD3: 0.843137264, 0.203921571, 0.984313726, 0.215686277
vb0[593]+000 TANGENT: 0.843137264, 0.203921571, 0.984313726, 0.215686277

vb0[594]+000 POSITION: 0.444580078, 0.498779297, 0.872558594, 1
vb0[594]+000 NORMAL: 0.113725491, 0.215686277, 0.984313726, 0.215686277
vb0[594]+000 COLOR: 0.113725491, 0.215686277, 0.984313726, 0.215686277
vb0[594]+012 TEXCOORD: 0.175048828, 0.700195313
vb0[594]+000 TEXCOORD1: 0.113725491, 0.215686277, 0.984313726, 0.215686277
vb0[594]+000 TEXCOORD2: 0.113725491, 0.215686277, 0.984313726, 0.215686277
vb0[594]+000 TEXCOORD3: 0.113725491, 0.215686277, 0.984313726, 0.215686277
vb0[594]+000 TANGENT: 0.113725491, 0.215686277, 0.984313726, 0.215686277

vb0[595]+000 POSITION: 0.575683594, 0.498779297, 0.791992188, 1
vb0[595]+000 NORMAL: 0.607843161, 0.219607845, 0.984313726, 0.215686277
vb0[595]+000 COLOR: 0.607843161, 0.219607845, 0.984313726, 0.215686277
vb0[595]+012 TEXCOORD: 0.150024414, 0.700195313
vb0[595]+000 TEXCOORD1: 0.607843161, 0.219607845, 0.984313726, 0.215686277
vb0[595]+000 TEXCOORD2: 0.607843161, 0.219607845, 0.984313726, 0.215686277
vb0[595]+000 TEXCOORD3: 0.607843161, 0.219607845, 0.984313726, 0.215686277
vb0[595]+000 TANGENT: 0.607843161, 0.219607845, 0.984313726, 0.215686277

vb0[596]+000 POSITION: 0.692382813, 0.498779297, 0.692382813, 1
vb0[596]+000 NORMAL: 0.541176498, 0.223529413, 0.984313726, 0.215686277
vb0[596]+000 COLOR: 0.541176498, 0.223529413, 0.984313726, 0.215686277
vb0[596]+012 TEXCOORD: 0.125, 0.700195313
vb0[596]+000 TEXCOORD1: 0.541176498, 0.223529413, 0.984313726, 0.215686277
vb0[596]+000 TEXCOORD2: 0.541176498, 0.223529413, 0.984313726, 0.215686277
vb0[596]+000 TEXCOORD3: 0.541176498, 0.223529413, 0.984313726, 0.215686277
vb0[596]+000 TANGENT: 0.541176498, 0.223529413, 0.984313726, 0.215686277

vb0[597]+000 POSITION: 0.791992188, 0.498779297, 0.575683594, 1
vb0[597]+000 NORMAL: 0.337254912, 0.227450982, 0.984313726, 0.215686277
vb0[597]+000 COLOR: 0.337254912, 0.227450982, 0.984313726, 0.215686277
vb0[597]+012 TEXCOORD: 0.0999755859, 0.700195313
vb0[597]+000 TEXCOORD1: 0.337254912, 0.227450982, 0.984313726, 0.215686277
vb0[597]+000 TEXCOORD2: 0.337254912, 0.227450982, 0.984313726, 0.215686277
vb0[597]+000 TEXCOORD3: 0.337254912, 0.227450982, 0.984313726, 0.215686277
vb0[597]+000 TANGENT: 0.337254912, 0.227450982, 0.984313726, 0.215686277

vb0[598]+000 POSITION: 0.872558594, 0.498779297, 0.444580078, 1
vb0[598]+000 NORMAL: 0.984313726, 0.227450982, 0.984313726, 0.215686277
vb0[598]+000 COLOR: 0.984313726, 0.227450982, 0.984313726, 0.215686277
vb0[598]+012 TEXCOORD: 0.075012207, 0.700195313
vb0[598]+000 TEXCOORD1: 0.984313726, 0.227450982, 0.984313726, 0.215686277
vb0[598]+000 TEXCOORD2: 0.984313726, 0.227450982, 0.984313726, 0.215686277
vb0[598]+000 TEXCOORD3: 0.984313726, 0.227450982, 0.984313726, 0.215686277
vb0[598]+000 TANGENT: 0.984313726, 0.227450982, 0.984313726, 0.215686277

vb0[599]+000 POSITION: 0.931152344, 0.498779297, 0.302490234, 1
vb0[599]+000 NORMAL: 0.450980395, 0.23137255, 0.984313726, 0.215686277
vb0[599]+000 COLOR: 0.450980395, 0.23137255, 0.984313726, 0.215686277
vb0[599]+012 TEXCOORD: 0.049987793, 0.700195313
vb0[599]+000 TEXCOORD1: 0.450980395, 0.23137255, 0.984313726, 0.215686277
vb0[599]+000 TEXCOORD2: 0.450980395, 0.23137255, 0.984313726, 0.215686277
vb0[599]+000 TEXCOORD3: 0.450980395, 0.23137255, 0.984313726, 0.215686277
vb0[599]+000 TANGENT: 0.450980395, 0.23137255, 0.984313726, 0.215686277

vb0[600]+000 POSITION: 0.967285156, 0.498779297, 0.153198242, 1
vb0[600]+000 NORMAL: 0.741176486, 0.23137255, 0.984313726, 0.215686277
vb0[600]+000 COLOR: 0.741176486, 0.23137255, 0.984313726, 0.215686277
vb0[600]+012 TEXCOORD: 0.0249938965, 0.700195313
vb0[600]+000 TEXCOORD1: 0.741176486, 0.23137255, 0.984313726, 0.215686277
vb0[600]+000 TEXCOORD2: 0.741176486, 0.23137255, 0.984313726, 0.215686277
vb0[600]+000 TEXCOORD3: 0.741176486, 0.23137255, 0.984313726, 0.215686277
vb0[600]+000 TANGENT: 0.741176486, 0.23137255, 0.984313726, 0.215686277

vb0[601]+000 POSITION: 0.979003906, 0.498779297, 0, 1
vb0[601]+000 NORMAL: 0.835294127, 0.23137255, 0.984313726, 0.215686277
vb0[601]+000 COLOR: 0.835294127, 0.23137255, 0.984313726, 0.215686277
vb0[601]+012 TEXCOORD: 0, 0.700195313
vb0[601]+000 TEXCOORD1: 0.835294127, 0.23137255, 0.984313726, 0.215686277
vb0[601]+000 TEXCOORD2: 0.835294127, 0.23137255, 0.984313726, 0.215686277
vb0[601]+000 TEXCOORD3: 0.835294127, 0.23137255, 0.984313726, 0.215686277
vb0[601]+000 TANGENT: 0.835294127, 0.23137255, 0.984313726, 0.215686277

vb0[602]+000 POSITION: 0.967285156, 0.498779297, -0.153198242, 1
vb0[602]+000 NORMAL: 0.741176486, 0.23137255, 0.984313726, 0.215686277
vb0[602]+000 COLOR: 0.741176486, 0.23137255, 0.984313726, 0.215686277
vb0[602]+012 TEXCOORD: -0.0249938965, 0.700195313
vb0[602]+000 TEXCOORD1: 0.741176486, 0.23137255, 0.984313726, 0.215686277
vb0[602]+000 TEXCOORD2: 0.741176486, 0.23137255, 0.984313726, 0.215686277
vb0[602]+000 TEXCOORD3: 0.741176486, 0.23137255, 0.984313726, 0.215686277
vb0[602]+000 TANGENT: 0.741176486, 0.23137255, 0.984313726, 0.215686277

vb0[603]+000 POSITION: 0.931152344, 0.498779297, -0.302490234, 1
vb0[603]+000 NORMAL: 0.450980395, 0.23137255, 0.984313726, 0.215686277
vb0[603]+000 COLOR: 0.450980395, 0.23137255, 0.984313726, 0.215686277
vb0[603]+012 TEXCOORD: -0.049987793, 0.700195313
vb0[603]+000 TEXCOORD1: 0.450980395, 0.23137255, 0.984313726, 0.215686277
vb0[603]+000 TEXCOORD2: 0.450980395, 0.23137255, 0.984313726, 0.215686277
vb0[603]+000 TEXCOORD3: 0.450980395, 0.23137255, 0.984313726, 0.215686277
vb0[603]+000 TANGENT: 0.450980395, 0.23137255, 0.984313726, 0.215686277

vb0[604]+000 POSITION: 0.872558594, 0.498779297, -0.444580078, 1
vb0[604]+000 NORMAL: 0.984313726, 0.227450982, 0.984313726, 0.215686277
vb0[604]+000 COLOR: 0.984313726, 0.227450982, 0.984313726, 0.215686277
vb0[604]+012 TEXCOORD: -0.075012207, 0.700195313
vb0[604]+000 TEXCOORD1: 0.984313726, 0.227450982, 0.984313726, 0.215686277
vb0[604]+000 TEXCOORD2: 0.984313726, 0.227450982, 0.984313726, 0.215686277
vb0[604]+000 TEXCOORD3: 0.984313726, 0.227450982, 0.984313726, 0.215686277
vb0[604]+000 TANGENT: 0.984313726, 0.227450982, 0.984313726, 0.215686277

vb0[605]+000 POSITION: 0.791992188, 0.498779297, -0.575683594, 1
vb0[605]+000 NORMAL: 0.337254912, 0.227450982, 0.984313726, 0.215686277
vb0[605]+000 COLOR: 0.337254912, 0.227450982, 0.984313726, 0.215686277
vb0[605]+012 TEXCOORD: -0.0999755859, 0.700195313
vb0[605]+000 TEXCOORD1: 0.337254912, 0.227450982, 0.984313726, 0.215686277
vb0[605]+000 TEXCOORD2: 0.337254912, 0.227450982, 0.984313726, 0.215686277
vb0[605]+000 TEXCOORD3: 0.337254912, 0.227450982, 0.984313726, 0.215686277
vb0[605]+000 TANGENT: 0.337254912, 0.227450982, 0.984313726, 0.215686277

vb0[606]+000 POSITION: 0.692382813, 0.498779297, -0.692382813, 1
vb0[606]+000 NORMAL: 0.541176498, 0.223529413, 0.984313726, 0.215686277
vb0[606]+000 COLOR: 0.541176498, 0.223529413, 0.984313726, 0.215686277
vb0[606]+012 TEXCOORD: -0.125, 0.700195313
vb0[606]+000 TEXCOORD1: 0.541176498, 0.223529413, 0.984313726, 0.215686277
vb0[606]+000 TEXCOORD2: 0.541176498, 0.223529413, 0.984313726, 0.215686277
vb0[606]+000 TEXCOORD3: 0.541176498, 0.223529413, 0.984313726, 0.215686277
vb0[606]+000 TANGENT: 0.541176498, 0.223529413, 0.984313726, 0.215686277

vb0[607]+000 POSITION: 0.575683594, 0.498779297, -0.791992188, 1
vb0[607]+000 NORMAL: 0.607843161, 0.219607845, 0.984313726, 0.215686277
vb0[607]+000 COLOR: 0.607843161, 0.219607845, 0.984313726, 0.215686277
vb0[607]+012 TEXCOORD: -0.150024414, 0.700195313
vb0[607]+000 TEXCOORD1: 0.607843161, 0.219607845, 0.984313726, 0.215686277
vb0[607]+000 TEXCOORD2: 0.607843161, 0.219607845, 0.984313726, 0.215686277
vb0[607]+000 TEXCOORD3: 0.607843161, 0.219607845, 0.984313726, 0.215686277
vb0[607]+000 TANGENT: 0.607843161, 0.219607845, 0.984313726, 0.215686277

vb0[608]+000 POSITION: 0.444580078, 0.498779297, -0.872558594, 1
vb0[608]+000 NORMAL: 0.113725491, 0.215686277, 0.984313726, 0.215686277
vb0[608]+000 COLOR: 0.113725491, 0.215686277, 0.984313726, 0.215686277
vb0[608]+012 TEXCOORD: -0.175048828, 0.700195313
vb0[608]+000 TEXCOORD1: 0.113725491, 0.215686277, 0.984313726, 0.215686277
vb0[608]+000 TEXCOORD2: 0.113725491, 0.215686277, 0.984313726, 0.215686277
vb0[608]+000 TEXCOORD3: 0.113725491, 0.215686277, 0.984313726, 0.215686277
vb0[608]+000 TANGENT: 0.113725491, 0.215686277, 0.984313726, 0.215686277

vb0[609]+000 POSITION: 0.530273438, 0.420410156, -0.865722656, 1
vb0[609]+000 NORMAL: 0.243137255, 0.219607845, 0.729411781, 0.211764708
vb0[609]+000 COLOR: 0.243137255, 0.219607845, 0.729411781, 0.211764708
vb0[609]+012 TEXCOORD: -0.162475586, 0.75
vb0[609]+000 TEXCOORD1: 0.243137255, 0.219607845, 0.729411781, 0.211764708
vb0[609]+000 TEXCOORD2: 0.243137255, 0.219607845, 0.729411781, 0.211764708
vb0[609]+000 TEXCOORD3: 0.243137255, 0.219607845, 0.729411781, 0.211764708
vb0[609]+000 TANGENT: 0.243137255, 0.219607845, 0.729411781, 0.211764708

vb0[610]+000 POSITION: 0.388427734, 0.420410156, -0.937988281, 1
vb0[610]+000 NORMAL: 0.215686277, 0.211764708, 0.729411781, 0.211764708
vb0[610]+000 COLOR: 0.215686277, 0.211764708, 0.729411781, 0.211764708
vb0[610]+012 TEXCOORD: -0.1875, 0.75
vb0[610]+000 TEXCOORD1: 0.215686277, 0.211764708, 0.729411781, 0.211764708
vb0[610]+000 TEXCOORD2: 0.215686277, 0.211764708, 0.729411781, 0.211764708
vb0[610]+000 TEXCOORD3: 0.215686277, 0.211764708, 0.729411781, 0.211764708
vb0[610]+000 TANGENT: 0.215686277, 0.211764708, 0.729411781, 0.211764708

vb0[611]+000 POSITION: 0.659179688, 0.420410156, -0.771972656, 1
vb0[611]+000 NORMAL: 0.274509817, 0.223529413, 0.729411781, 0.211764708
vb0[611]+000 COLOR: 0.274509817, 0.223529413, 0.729411781, 0.211764708
vb0[611]+012 TEXCOORD: -0.137451172, 0.75
vb0[611]+000 TEXCOORD1: 0.274509817, 0.223529413, 0.729411781, 0.211764708
vb0[611]+000 TEXCOORD2: 0.274509817, 0.223529413, 0.729411781, 0.211764708
vb0[611]+000 TEXCOORD3: 0.274509817, 0.223529413, 0.729411781, 0.211764708
vb0[611]+000 TANGENT: 0.274509817, 0.223529413, 0.729411781, 0.211764708

vb0[612]+000 POSITION: 0.771972656, 0.420410156, -0.659179688, 1
vb0[612]+000 NORMAL: 0.176470593, 0.227450982, 0.729411781, 0.211764708
vb0[612]+000 COLOR: 0.176470593, 0.227450982, 0.729411781, 0.211764708
vb0[612]+012 TEXCOORD: -0.112487793, 0.75
vb0[612]+000 TEXCOORD1: 0.176470593, 0.227450982, 0.729411781, 0.211764708
vb0[612]+000 TEXCOORD2: 0.176470593, 0.227450982, 0.729411781, 0.211764708
vb0[612]+000 TEXCOORD3: 0.176470593, 0.227450982, 0.729411781, 0.211764708
vb0[612]+000 TANGENT: 0.176470593, 0.227450982, 0.729411781, 0.211764708

vb0[613]+000 POSITION: 0.865722656, 0.420410156, -0.530273438, 1
vb0[613]+000 NORMAL: 0.929411769, 0.227450982, 0.729411781, 0.211764708
vb0[613]+000 COLOR: 0.929411769, 0.227450982, 0.729411781, 0.211764708
vb0[613]+012 TEXCOORD: -0.0875244141, 0.75
vb0[613]+000 TEXCOORD1: 0.929411769, 0.227450982, 0.729411781, 0.211764708
vb0[613]+000 TEXCOORD2: 0.929411769, 0.227450982, 0.729411781, 0.211764708
vb0[613]+000 TEXCOORD3: 0.929411769, 0.227450982, 0.729411781, 0.211764708
vb0[613]+000 TANGENT: 0.929411769, 0.227450982, 0.729411781, 0.211764708

vb0[614]+000 POSITION: 0.937988281, 0.420410156, -0.388427734, 1
vb0[614]+000 NORMAL: 0.505882382, 0.23137255, 0.729411781, 0.211764708
vb0[614]+000 COLOR: 0.505882382, 0.23137255, 0.729411781, 0.211764708
vb0[614]+012 TEXCOORD: -0.0625, 0.75
vb0[614]+000 TEXCOORD1: 0.505882382, 0.23137255, 0.729411781, 0.211764708
vb0[614]+000 TEXCOORD2: 0.505882382, 0.23137255, 0.729411781, 0.211764708
vb0[614]+000 TEXCOORD3: 0.505882382, 0.23137255, 0.729411781, 0.211764708
vb0[614]+000 TANGENT: 0.505882382, 0.23137255, 0.729411781, 0.211764708

vb0[615]+000 POSITION: 0.987304688, 0.420410156, -0.237060547, 1
vb0[615]+000 NORMAL: 0.90196079, 0.23137255, 0.729411781, 0.211764708
vb0[615]+000 COLOR: 0.90196079, 0.23137255, 0.729411781, 0.211764708
vb0[615]+012 TEXCOORD: -0.0375061035, 0.75
vb0[615]+000 TEXCOORD1: 0.90196079, 0.23137255, 0.729411781, 0.211764708
vb0[615]+000 TEXCOORD2: 0.90196079, 0.23137255, 0.729411781, 0.211764708
vb0[615]+000 TEXCOORD3: 0.90196079, 0.23137255, 0.729411781, 0.211764708
vb0[615]+000 TANGENT: 0.90196079, 0.23137255, 0.729411781, 0.211764708

vb0[616]+000 POSITION: 1.01171875, 0.420410156, -0.0796508789, 1
vb0[616]+000 NORMAL: 0.0470588244, 0.235294119, 0.729411781, 0.211764708
vb0[616]+000 COLOR: 0.0470588244, 0.235294119, 0.729411781, 0.211764708
vb0[616]+012 TEXCOORD: -0.0124969482, 0.75
vb0[616]+000 TEXCOORD1: 0.0470588244, 0.235294119, 0.729411781, 0.211764708
vb0[616]+000 TEXCOORD2: 0.0470588244, 0.235294119, 0.729411781, 0.211764708
vb0[616]+000 TEXCOORD3: 0.0470588244, 0.235294119, 0.729411781, 0.211764708
vb0[616]+000 TANGENT: 0.0470588244, 0.235294119, 0.729411781, 0.211764708

vb0[617]+000 POSITION: 1.01171875, 0.420410156, 0.0796508789, 1
vb0[617]+000 NORMAL: 0.0470588244, 0.235294119, 0.729411781, 0.211764708
vb0[617]+000 COLOR: 0.0470588244, 0.235294119, 0.729411781, 0.211764708
vb0[617]+012 TEXCOORD: 0.0124969482, 0.75
vb0[617]+000 TEXCOORD1: 0.0470588244, 0.235294119, 0.729411781, 0.211764708
vb0[617]+000 TEXCOORD2: 0.0470588244, 0.235294119, 0.729411781, 0.211764708
vb0[617]+000 TEXCOORD3: 0.0470588244, 0.235294119, 0.729411781, 0.211764708
vb0[617]+000 TANGENT: 0.0470588244, 0.235294119, 0.729411781, 0.211764708

vb0[618]+000 POSITION: 0.987304688, 0.420410156, 0.237060547, 1
vb0[618]+000 NORMAL: 0.90196079, 0.23137255, 0.729411781, 0.211764708
vb0[618]+000 COLOR: 0.90196079, 0.23137255, 0.729411781, 0.211764708
vb0[618]+012 TEXCOORD: 0.0375061035, 0.75
vb0[618]+000 TEXCOORD1: 0.90196079, 0.23137255, 0.729411781, 0.211764708
vb0[618]+000 TEXCOORD2: 0.90196079, 0.23137255, 0.729411781, 0.211764708
vb0[618]+000 TEXCOORD3: 0.90196079, 0.23137255, 0.729411781, 0.211764708
vb0[618]+000 TANGENT: 0.90196079, 0.23137255, 0.729411781, 0.211764708

vb0[619]+000 POSITION: 0.937988281, 0.420410156, 0.388427734, 1
vb0[619]+000 NORMAL: 0.505882382, 0.23137255, 0.729411781, 0.211764708
vb0[619]+000 COLOR: 0.505882382, 0.23137255, 0.729411781, 0.211764708
vb0[619]+012 TEXCOORD: 0.0625, 0.75
vb0[619]+000 TEXCOORD1: 0.505882382, 0.23137255, 0.729411781, 0.211764708
vb0[619]+000 TEXCOORD2: 0.505882382, 0.23137255, 0.729411781, 0.211764708
vb0[619]+000 TEXCOORD3: 0.505882382, 0.23137255, 0.729411781, 0.211764708
vb0[619]+000 TANGENT: 0.505882382, 0.23137255, 0.729411781, 0.211764708

vb0[620]+000 POSITION: 0.865722656, 0.420410156, 0.530273438, 1
vb0[620]+000 NORMAL: 0.929411769, 0.227450982, 0.729411781, 0.211764708
vb0[620]+000 COLOR: 0.929411769, 0.227450982, 0.729411781, 0.211764708
vb0[620]+012 TEXCOORD: 0.0875244141, 0.75
vb0[620]+000 TEXCOORD1: 0.929411769, 0.227450982, 0.729411781, 0.211764708
vb0[620]+000 TEXCOORD2: 0.929411769, 0.227450982, 0.729411781, 0.211764708
vb0[620]+000 TEXCOORD3: 0.929411769, 0.227450982, 0.729411781, 0.211764708
vb0[620]+000 TANGENT: 0.929411769, 0.227450982, 0.729411781, 0.211764708

vb0[621]+000 POSITION: 0.771972656, 0.420410156, 0.659179688, 1
vb0[621]+000 NORMAL: 0.176470593, 0.227450982, 0.729411781, 0.211764708
vb0[621]+000 COLOR: 0.176470593, 0.227450982, 0.729411781, 0.211764708
vb0[621]+012 TEXCOORD: 0.112487793, 0.75
vb0[621]+000 TEXCOORD1: 0.176470593, 0.227450982, 0.729411781, 0.211764708
vb0[621]+000 TEXCOORD2: 0.176470593, 0.227450982, 0.729411781, 0.211764708
vb0[621]+000 TEXCOORD3: 0.176470593, 0.227450982, 0.729411781, 0.211764708
vb0[621]+000 TANGENT: 0.176470593, 0.227450982, 0.729411781, 0.211764708

vb0[622]+000 POSITION: 0.659179688, 0.420410156, 0.771972656, 1
vb0[622]+000 NORMAL: 0.274509817, 0.223529413, 0.729411781, 0.211764708
vb0[622]+000 COLOR: 0.274509817, 0.223529413, 0.729411781, 0.211764708
vb0[622]+012 TEXCOORD: 0.137451172, 0.75
vb0[622]+000 TEXCOORD1: 0.274509817, 0.223529413, 0.729411781, 0.211764708
vb0[622]+000 TEXCOORD2: 0.274509817, 0.223529413, 0.729411781, 0.211764708
vb0[622]+000 TEXCOORD3: 0.274509817, 0.223529413, 0.729411781, 0.211764708
vb0[622]+000 TANGENT: 0.274509817, 0.223529413, 0.729411781, 0.211764708

vb0[623]+000 POSITION: 0.530273438, 0.420410156, 0.865722656, 1
vb0[623]+000 NORMAL: 0.243137255, 0.219607845, 0.729411781, 0.211764708
vb0[623]+000 COLOR: 0.243137255, 0.219607845, 0.729411781, 0.211764708
vb0[623]+012 TEXCOORD: 0.162475586, 0.75
vb0[623]+000 TEXCOORD1: 0.243137255, 0.219607845, 0.729411781, 0.211764708
vb0[623]+000 TEXCOORD2: 0.243137255, 0.219607845, 0.729411781, 0.211764708
vb0[623]+000 TEXCOORD3: 0.243137255, 0.219607845, 0.729411781, 0.211764708
vb0[623]+000 TANGENT: 0.243137255, 0.219607845, 0.729411781, 0.211764708

vb0[624]+000 POSITION: 0.388427734, 0.420410156, 0.937988281, 1
vb0[624]+000 NORMAL: 0.215686277, 0.211764708, 0.729411781, 0.211764708
vb0[624]+000 COLOR: 0.215686277, 0.211764708, 0.729411781, 0.211764708
vb0[624]+012 TEXCOORD: 0.1875, 0.75
vb0[624]+000 TEXCOORD1: 0.215686277, 0.211764708, 0.729411781, 0.211764708
vb0[624]+000 TEXCOORD2: 0.215686277, 0.211764708, 0.729411781, 0.211764708
vb0[624]+000 TEXCOORD3: 0.215686277, 0.211764708, 0.729411781, 0.211764708
vb0[624]+000 TANGENT: 0.215686277, 0.211764708, 0.729411781, 0.211764708

vb0[625]+000 POSITION: 0.237060547, 0.420410156, 0.987304688, 1
vb0[625]+000 NORMAL: 0.588235319, 0.200000003, 0.729411781, 0.211764708
vb0[625]+000 COLOR: 0.588235319, 0.200000003, 0.729411781, 0.211764708
vb0[625]+012 TEXCOORD: 0.212524414, 0.75
vb0[625]+000 TEXCOORD1: 0.588235319, 0.200000003, 0.729411781, 0.211764708
vb0[625]+000 TEXCOORD2: 0.588235319, 0.200000003, 0.729411781, 0.211764708
vb0[625]+000 TEXCOORD3: 0.588235319, 0.200000003, 0.729411781, 0.211764708
vb0[625]+000 TANGENT: 0.588235319, 0.200000003, 0.729411781, 0.211764708

vb0[626]+000 POSITION: 0.0796508789, 0.420410156, 1.01171875, 1
vb0[626]+000 NORMAL: 0.0980392173, 0.176470593, 0.729411781, 0.211764708
vb0[626]+000 COLOR: 0.0980392173, 0.176470593, 0.729411781, 0.211764708
vb0[626]+012 TEXCOORD: 0.237548828, 0.75
vb0[626]+000 TEXCOORD1: 0.0980392173, 0.176470593, 0.729411781, 0.211764708
vb0[626]+000 TEXCOORD2: 0.0980392173, 0.176470593, 0.729411781, 0.211764708
vb0[626]+000 TEXCOORD3: 0.0980392173, 0.176470593, 0.729411781, 0.211764708
vb0[626]+000 TANGENT: 0.0980392173, 0.176470593, 0.729411781, 0.211764708

vb0[627]+000 POSITION: -0.0796508789, 0.420410156, 1.01171875, 1
vb0[627]+000 NORMAL: 0.0980392173, 0.678431392, 0.729411781, 0.211764708
vb0[627]+000 COLOR: 0.0980392173, 0.678431392, 0.729411781, 0.211764708
vb0[627]+012 TEXCOORD: 0.262451172, 0.75
vb0[627]+000 TEXCOORD1: 0.0980392173, 0.678431392, 0.729411781, 0.211764708
vb0[627]+000 TEXCOORD2: 0.0980392173, 0.678431392, 0.729411781, 0.211764708
vb0[627]+000 TEXCOORD3: 0.0980392173, 0.678431392, 0.729411781, 0.211764708
vb0[627]+000 TANGENT: 0.0980392173, 0.678431392, 0.729411781, 0.211764708

vb0[628]+000 POSITION: -0.237060547, 0.420410156, 0.987304688, 1
vb0[628]+000 NORMAL: 0.588235319, 0.701960802, 0.729411781, 0.211764708
vb0[628]+000 COLOR: 0.588235319, 0.701960802, 0.729411781, 0.211764708
vb0[628]+012 TEXCOORD: 0.287597656, 0.75
vb0[628]+000 TEXCOORD1: 0.588235319, 0.701960802, 0.729411781, 0.211764708
vb0[628]+000 TEXCOORD2: 0.588235319, 0.701960802, 0.729411781, 0.211764708
vb0[628]+000 TEXCOORD3: 0.588235319, 0.701960802, 0.729411781, 0.211764708
vb0[628]+000 TANGENT: 0.588235319, 0.701960802, 0.729411781, 0.211764708

vb0[629]+000 POSITION: -0.388427734, 0.420410156, 0.937988281, 1
vb0[629]+000 NORMAL: 0.215686277, 0.713725507, 0.729411781, 0.211764708
vb0[629]+000 COLOR: 0.215686277, 0.713725507, 0.729411781, 0.211764708
vb0[629]+012 TEXCOORD: 0.3125, 0.75
vb0[629]+000 TEXCOORD1: 0.215686277, 0.713725507, 0.729411781, 0.211764708
vb0[629]+000 TEXCOORD2: 0.215686277, 0.713725507, 0.729411781, 0.211764708
vb0[629]+000 TEXCOORD3: 0.215686277, 0.713725507, 0.729411781, 0.211764708
vb0[629]+000 TANGENT: 0.215686277, 0.713725507, 0.729411781, 0.211764708

vb0[630]+000 POSITION: -0.530273438, 0.420410156, 0.865722656, 1
vb0[630]+000 NORMAL: 0.243137255, 0.721568644, 0.729411781, 0.211764708
vb0[630]+000 COLOR: 0.243137255, 0.721568644, 0.729411781, 0.211764708
vb0[630]+012 TEXCOORD: 0.337402344, 0.75
vb0[630]+000 TEXCOORD1: 0.243137255, 0.721568644, 0.729411781, 0.211764708
vb0[630]+000 TEXCOORD2: 0.243137255, 0.721568644, 0.729411781, 0.211764708
vb0[630]+000 TEXCOORD3: 0.243137255, 0.721568644, 0.729411781, 0.211764708
vb0[630]+000 TANGENT: 0.243137255, 0.721568644, 0.729411781, 0.211764708

vb0[631]+000 POSITION: -0.575683594, 0.498779297, 0.791992188, 1
vb0[631]+000 NORMAL: 0.607843161, 0.721568644, 0.984313726, 0.215686277
vb0[631]+000 COLOR: 0.607843161, 0.721568644, 0.984313726, 0.215686277
vb0[631]+012 TEXCOORD: 0.350097656, 0.700195313
vb0[631]+000 TEXCOORD1: 0.607843161, 0.721568644, 0.984313726, 0.215686277
vb0[631]+000 TEXCOORD2: 0.607843161, 0.721568644, 0.984313726, 0.215686277
vb0[631]+000 TEXCOORD3: 0.607843161, 0.721568644, 0.984313726, 0.215686277
vb0[631]+000 TANGENT: 0.607843161, 0.721568644, 0.984313726, 0.215686277

vb0[632]+000 POSITION: -0.692382813, 0.498779297, 0.692382813, 1
vb0[632]+000 NORMAL: 0.541176498, 0.725490212, 0.984313726, 0.215686277
vb0[632]+000 COLOR: 0.541176498, 0.725490212, 0.984313726, 0.215686277
vb0[632]+012 TEXCOORD: 0.375, 0.700195313
vb0[632]+000 TEXCOORD1: 0.541176498, 0.725490212, 0.984313726, 0.215686277
vb0[632]+000 TEXCOORD2: 0.541176498, 0.725490212, 0.984313726, 0.215686277
vb0[632]+000 TEXCOORD3: 0.541176498, 0.725490212, 0.984313726, 0.215686277
vb0[632]+000 TANGENT: 0.541176498, 0.725490212, 0.984313726, 0.215686277

vb0[633]+000 POSITION: -0.791992188, 0.498779297, 0.575683594, 1
vb0[633]+000 NORMAL: 0.337254912, 0.729411781, 0.984313726, 0.215686277
vb0[633]+000 COLOR: 0.337254912, 0.729411781, 0.984313726, 0.215686277
vb0[633]+012 TEXCOORD: 0.399902344, 0.700195313
vb0[633]+000 TEXCOORD1: 0.337254912, 0.729411781, 0.984313726, 0.215686277
vb0[633]+000 TEXCOORD2: 0.337254912, 0.729411781, 0.984313726, 0.215686277
vb0[633]+000 TEXCOORD3: 0.337254912, 0.729411781, 0.984313726, 0.215686277
vb0[633]+000 TANGENT: 0.337254912, 0.729411781, 0.984313726, 0.215686277

vb0[634]+000 POSITION: -0.872558594, 0.498779297, 0.444580078, 1
vb0[634]+000 NORMAL: 0.984313726, 0.729411781, 0.984313726, 0.215686277
vb0[634]+000 COLOR: 0.984313726, 0.729411781, 0.984313726, 0.215686277
vb0[634]+012 TEXCOORD: 0.425048828, 0.700195313
vb0[634]+000 TEXCOORD1: 0.984313726, 0.729411781, 0.984313726, 0.215686277
vb0[634]+000 TEXCOORD2: 0.984313726, 0.729411781, 0.984313726, 0.215686277
vb0[634]+000 TEXCOORD3: 0.984313726, 0.729411781, 0.984313726, 0.215686277
vb0[634]+000 TANGENT: 0.984313726, 0.729411781, 0.984313726, 0.215686277

vb0[635]+000 POSITION: -0.931152344, 0.498779297, 0.302490234, 1
vb0[635]+000 NORMAL: 0.450980395, 0.733333349, 0.984313726, 0.215686277
vb0[635]+000 COLOR: 0.450980395, 0.733333349, 0.984313726, 0.215686277
vb0[635]+012 TEXCOORD: 0.449951172, 0.700195313
vb0[635]+000 TEXCOORD1: 0.450980395, 0.733333349, 0.984313726, 0.215686277
vb0[635]+000 TEXCOORD2: 0.450980395, 0.733333349, 0.984313726, 0.215686277
vb0[635]+000 TEXCOORD3: 0.450980395, 0.733333349, 0.984313726, 0.215686277
vb0[635]+000 TANGENT: 0.450980395, 0.733333349, 0.984313726, 0.215686277

vb0[636]+000 POSITION: -0.967285156, 0.498779297, 0.153198242, 1
vb0[636]+000 NORMAL: 0.741176486, 0.733333349, 0.984313726, 0.215686277
vb0[636]+000 COLOR: 0.741176486, 0.733333349, 0.984313726, 0.215686277
vb0[636]+012 TEXCOORD: 0.475097656, 0.700195313
vb0[636]+000 TEXCOORD1: 0.741176486, 0.733333349, 0.984313726, 0.215686277
vb0[636]+000 TEXCOORD2: 0.741176486, 0.733333349, 0.984313726, 0.215686277
vb0[636]+000 TEXCOORD3: 0.741176486, 0.733333349, 0.984313726, 0.215686277
vb0[636]+000 TANGENT: 0.741176486, 0.733333349, 0.984313726, 0.215686277

vb0[637]+000 POSITION: -0.979003906, 0.498779297, -1.1479437e-41, 1
vb0[637]+000 NORMAL: 0.835294127, 0.733333349, 0.984313726, 0.215686277
vb0[637]+000 COLOR: 0.835294127, 0.733333349, 0.984313726, 0.215686277
vb0[637]+012 TEXCOORD: 0.5, 0.700195313
vb0[637]+000 TEXCOORD1: 0.835294127, 0.733333349, 0.984313726, 0.215686277
vb0[637]+000 TEXCOORD2: 0.835294127, 0.733333349, 0.984313726, 0.215686277
vb0[637]+000 TEXCOORD3: 0.835294127, 0.733333349, 0.984313726, 0.215686277
vb0[637]+000 TANGENT: 0.835294127, 0.733333349, 0.984313726, 0.215686277

vb0[638]+000 POSITION: -0.659179688, 0.420410156, 0.771972656, 1
vb0[638]+000 NORMAL: 0.274509817, 0.725490212, 0.729411781, 0.211764708
vb0[638]+000 COLOR: 0.274509817, 0.725490212, 0.729411781, 0.211764708
vb0[638]+012 TEXCOORD: 0.362548828, 0.75
vb0[638]+000 TEXCOORD1: 0.274509817, 0.725490212, 0.729411781, 0.211764708
vb0[638]+000 TEXCOORD2: 0.274509817, 0.725490212, 0.729411781, 0.211764708
vb0[638]+000 TEXCOORD3: 0.274509817, 0.725490212, 0.729411781, 0.211764708
vb0[638]+000 TANGENT: 0.274509817, 0.725490212, 0.729411781, 0.211764708

vb0[639]+000 POSITION: -0.771972656, 0.420410156, 0.659179688, 1
vb0[639]+000 NORMAL: 0.176470593, 0.729411781, 0.729411781, 0.211764708
vb0[639]+000 COLOR: 0.176470593, 0.729411781, 0.729411781, 0.211764708
vb0[639]+012 TEXCOORD: 0.387451172, 0.75
vb0[639]+000 TEXCOORD1: 0.176470593, 0.729411781, 0.729411781, 0.211764708
vb0[639]+000 TEXCOORD2: 0.176470593, 0.729411781, 0.729411781, 0.211764708
vb0[639]+000 TEXCOORD3: 0.176470593, 0.729411781, 0.729411781, 0.211764708
vb0[639]+000 TANGENT: 0.176470593, 0.729411781, 0.729411781, 0.211764708

vb0[640]+000 POSITION: -0.865722656, 0.420410156, 0.530273438, 1
vb0[640]+000 NORMAL: 0.929411769, 0.729411781, 0.729411781, 0.211764708
vb0[640]+000 COLOR: 0.929411769, 0.729411781, 0.729411781, 0.211764708
vb0[640]+012 TEXCOORD: 0.412597656, 0.75
vb0[640]+000 TEXCOORD1: 0.929411769, 0.729411781, 0.729411781, 0.211764708
vb0[640]+000 TEXCOORD2: 0.929411769, 0.729411781, 0.729411781, 0.211764708
vb0[640]+000 TEXCOORD3: 0.929411769, 0.729411781, 0.729411781, 0.211764708
vb0[640]+000 TANGENT: 0.929411769, 0.729411781, 0.729411781, 0.211764708

vb0[641]+000 POSITION: -0.937988281, 0.420410156, 0.388427734, 1
vb0[641]+000 NORMAL: 0.505882382, 0.733333349, 0.729411781, 0.211764708
vb0[641]+000 COLOR: 0.505882382, 0.733333349, 0.729411781, 0.211764708
vb0[641]+012 TEXCOORD: 0.4375, 0.75
vb0[641]+000 TEXCOORD1: 0.505882382, 0.733333349, 0.729411781, 0.211764708
vb0[641]+000 TEXCOORD2: 0.505882382, 0.733333349, 0.729411781, 0.211764708
vb0[641]+000 TEXCOORD3: 0.505882382, 0.733333349, 0.729411781, 0.211764708
vb0[641]+000 TANGENT: 0.505882382, 0.733333349, 0.729411781, 0.211764708

vb0[642]+000 POSITION: -0.987304688, 0.420410156, 0.237060547, 1
vb0[642]+000 NORMAL: 0.90196079, 0.733333349, 0.729411781, 0.211764708
vb0[642]+000 COLOR: 0.90196079, 0.733333349, 0.729411781, 0.211764708
vb0[642]+012 TEXCOORD: 0.462402344, 0.75
vb0[642]+000 TEXCOORD1: 0.90196079, 0.733333349, 0.729411781, 0.211764708
vb0[642]+000 TEXCOORD2: 0.90196079, 0.733333349, 0.729411781, 0.211764708
vb0[642]+000 TEXCOORD3: 0.90196079, 0.733333349, 0.729411781, 0.211764708
vb0[642]+000 TANGENT: 0.90196079, 0.733333349, 0.729411781, 0.211764708

vb0[643]+000 POSITION: -1.01171875, 0.420410156, 0.0796508789, 1
vb0[643]+000 NORMAL: 0.0470588244, 0.737254918, 0.729411781, 0.211764708
vb0[643]+000 COLOR: 0.0470588244, 0.737254918, 0.729411781, 0.211764708
vb0[643]+012 TEXCOORD: 0.487548828, 0.75
vb0[643]+000 TEXCOORD1: 0.0470588244, 0.737254918, 0.729411781, 0.211764708
vb0[643]+000 TEXCOORD2: 0.0470588244, 0.737254918, 0.729411781, 0.211764708
vb0[643]+000 TEXCOORD3: 0.0470588244, 0.737254918, 0.729411781, 0.211764708
vb0[643]+000 TANGENT: 0.0470588244, 0.737254918, 0.729411781, 0.211764708

vb0[644]+000 POSITION: -1.01171875, 0.420410156, -0.0796508789, 1
vb0[644]+000 NORMAL: 0.0470588244, 0.737254918, 0.729411781, 0.211764708
vb0[644]+000 COLOR: 0.0470588244, 0.737254918, 0.729411781, 0.211764708
vb0[644]+012 TEXCOORD: 0.512695313, 0.75
vb0[644]+000 TEXCOORD1: 0.0470588244, 0.737254918, 0.729411781, 0.211764708
vb0[644]+000 TEXCOORD2: 0.0470588244, 0.737254918, 0.729411781, 0.211764708
vb0[644]+000 TEXCOORD3: 0.0470588244, 0.737254918, 0.729411781, 0.211764708
vb0[644]+000 TANGENT: 0.0470588244, 0.737254918, 0.729411781, 0.211764708

vb0[645]+000 POSITION: -0.987304688, 0.420410156, -0.237060547, 1
vb0[645]+000 NORMAL: 0.90196079, 0.733333349, 0.729411781, 0.211764708
vb0[645]+000 COLOR: 0.90196079, 0.733333349, 0.729411781, 0.211764708
vb0[645]+012 TEXCOORD: 0.537597656, 0.75
vb0[645]+000 TEXCOORD1: 0.90196079, 0.733333349, 0.729411781, 0.211764708
vb0[645]+000 TEXCOORD2: 0.90196079, 0.733333349, 0.729411781, 0.211764708
vb0[645]+000 TEXCOORD3: 0.90196079, 0.733333349, 0.729411781, 0.211764708
vb0[645]+000 TANGENT: 0.90196079, 0.733333349, 0.729411781, 0.211764708

vb0[646]+000 POSITION: -0.937988281, 0.420410156, -0.388427734, 1
vb0[646]+000 NORMAL: 0.505882382, 0.733333349, 0.729411781, 0.211764708
vb0[646]+000 COLOR: 0.505882382, 0.733333349, 0.729411781, 0.211764708
vb0[646]+012 TEXCOORD: 0.5625, 0.75
vb0[646]+000 TEXCOORD1: 0.505882382, 0.733333349, 0.729411781, 0.211764708
vb0[646]+000 TEXCOORD2: 0.505882382, 0.733333349, 0.729411781, 0.211764708
vb0[646]+000 TEXCOORD3: 0.505882382, 0.733333349, 0.729411781, 0.211764708
vb0[646]+000 TANGENT: 0.505882382, 0.733333349, 0.729411781, 0.211764708

vb0[647]+000 POSITION: -0.865722656, 0.420410156, -0.530273438, 1
vb0[647]+000 NORMAL: 0.929411769, 0.729411781, 0.729411781, 0.211764708
vb0[647]+000 COLOR: 0.929411769, 0.729411781, 0.729411781, 0.211764708
vb0[647]+012 TEXCOORD: 0.587402344, 0.75
vb0[647]+000 TEXCOORD1: 0.929411769, 0.729411781, 0.729411781, 0.211764708
vb0[647]+000 TEXCOORD2: 0.929411769, 0.729411781, 0.729411781, 0.211764708
vb0[647]+000 TEXCOORD3: 0.929411769, 0.729411781, 0.729411781, 0.211764708
vb0[647]+000 TANGENT: 0.929411769, 0.729411781, 0.729411781, 0.211764708

vb0[648]+000 POSITION: -0.771972656, 0.420410156, -0.659179688, 1
vb0[648]+000 NORMAL: 0.176470593, 0.729411781, 0.729411781, 0.211764708
vb0[648]+000 COLOR: 0.176470593, 0.729411781, 0.729411781, 0.211764708
vb0[648]+012 TEXCOORD: 0.612304688, 0.75
vb0[648]+000 TEXCOORD1: 0.176470593, 0.729411781, 0.729411781, 0.211764708
vb0[648]+000 TEXCOORD2: 0.176470593, 0.729411781, 0.729411781, 0.211764708
vb0[648]+000 TEXCOORD3: 0.176470593, 0.729411781, 0.729411781, 0.211764708
vb0[648]+000 TANGENT: 0.176470593, 0.729411781, 0.729411781, 0.211764708

vb0[649]+000 POSITION: -0.659179688, 0.420410156, -0.771972656, 1
vb0[649]+000 NORMAL: 0.274509817, 0.725490212, 0.729411781, 0.211764708
vb0[649]+000 COLOR: 0.274509817, 0.725490212, 0.729411781, 0.211764708
vb0[649]+012 TEXCOORD: 0.637695313, 0.75
vb0[649]+000 TEXCOORD1: 0.274509817, 0.725490212, 0.729411781, 0.211764708
vb0[649]+000 TEXCOORD2: 0.274509817, 0.725490212, 0.729411781, 0.211764708
vb0[649]+000 TEXCOORD3: 0.274509817, 0.725490212, 0.729411781, 0.211764708
vb0[649]+000 TANGENT: 0.274509817, 0.725490212, 0.729411781, 0.211764708

vb0[650]+000 POSITION: -0.530273438, 0.420410156, -0.865722656, 1
vb0[650]+000 NORMAL: 0.243137255, 0.721568644, 0.729411781, 0.211764708
vb0[650]+000 COLOR: 0.243137255, 0.721568644, 0.729411781, 0.211764708
vb0[650]+012 TEXCOORD: 0.662597656, 0.75
vb0[650]+000 TEXCOORD1: 0.243137255, 0.721568644, 0.729411781, 0.211764708
vb0[650]+000 TEXCOORD2: 0.243137255, 0.721568644, 0.729411781, 0.211764708
vb0[650]+000 TEXCOORD3: 0.243137255, 0.721568644, 0.729411781, 0.211764708
vb0[650]+000 TANGENT: 0.243137255, 0.721568644, 0.729411781, 0.211764708

vb0[651]+000 POSITION: -0.388427734, 0.420410156, -0.937988281, 1
vb0[651]+000 NORMAL: 0.215686277, 0.713725507, 0.729411781, 0.211764708
vb0[651]+000 COLOR: 0.215686277, 0.713725507, 0.729411781, 0.211764708
vb0[651]+012 TEXCOORD: 0.6875, 0.75
vb0[651]+000 TEXCOORD1: 0.215686277, 0.713725507, 0.729411781, 0.211764708
vb0[651]+000 TEXCOORD2: 0.215686277, 0.713725507, 0.729411781, 0.211764708
vb0[651]+000 TEXCOORD3: 0.215686277, 0.713725507, 0.729411781, 0.211764708
vb0[651]+000 TANGENT: 0.215686277, 0.713725507, 0.729411781, 0.211764708

vb0[652]+000 POSITION: -1.03222656, 0.339599609, -0.163452148, 1
vb0[652]+000 NORMAL: 0.129411772, 0.737254918, 0.435294122, 0.20784314
vb0[652]+000 COLOR: 0.129411772, 0.737254918, 0.435294122, 0.20784314
vb0[652]+012 TEXCOORD: 0.524902344, 0.799804688
vb0[652]+000 TEXCOORD1: 0.129411772, 0.737254918, 0.435294122, 0.20784314
vb0[652]+000 TEXCOORD2: 0.129411772, 0.737254918, 0.435294122, 0.20784314
vb0[652]+000 TEXCOORD3: 0.129411772, 0.737254918, 0.435294122, 0.20784314
vb0[652]+000 TANGENT: 0.129411772, 0.737254918, 0.435294122, 0.20784314

vb0[653]+000 POSITION: -0.994140625, 0.339599609, -0.322998047, 1
vb0[653]+000 NORMAL: 0.956862748, 0.733333349, 0.435294122, 0.20784314
vb0[653]+000 COLOR: 0.956862748, 0.733333349, 0.435294122, 0.20784314
vb0[653]+012 TEXCOORD: 0.549804688, 0.799804688
vb0[653]+000 TEXCOORD1: 0.956862748, 0.733333349, 0.435294122, 0.20784314
vb0[653]+000 TEXCOORD2: 0.956862748, 0.733333349, 0.435294122, 0.20784314
vb0[653]+000 TEXCOORD3: 0.956862748, 0.733333349, 0.435294122, 0.20784314
vb0[653]+000 TANGENT: 0.956862748, 0.733333349, 0.435294122, 0.20784314

vb0[654]+000 POSITION: -0.931152344, 0.339599609, -0.474365234, 1
vb0[654]+000 NORMAL: 0.450980395, 0.733333349, 0.435294122, 0.20784314
vb0[654]+000 COLOR: 0.450980395, 0.733333349, 0.435294122, 0.20784314
vb0[654]+012 TEXCOORD: 0.575195313, 0.799804688
vb0[654]+000 TEXCOORD1: 0.450980395, 0.733333349, 0.435294122, 0.20784314
vb0[654]+000 TEXCOORD2: 0.450980395, 0.733333349, 0.435294122, 0.20784314
vb0[654]+000 TEXCOORD3: 0.450980395, 0.733333349, 0.435294122, 0.20784314
vb0[654]+000 TANGENT: 0.450980395, 0.733333349, 0.435294122, 0.20784314

vb0[655]+000 POSITION: -0.845703125, 0.339599609, -0.614257813, 1
vb0[655]+000 NORMAL: 0.768627465, 0.729411781, 0.435294122, 0.20784314
vb0[655]+000 COLOR: 0.768627465, 0.729411781, 0.435294122, 0.20784314
vb0[655]+012 TEXCOORD: 0.600097656, 0.799804688
vb0[655]+000 TEXCOORD1: 0.768627465, 0.729411781, 0.435294122, 0.20784314
vb0[655]+000 TEXCOORD2: 0.768627465, 0.729411781, 0.435294122, 0.20784314
vb0[655]+000 TEXCOORD3: 0.768627465, 0.729411781, 0.435294122, 0.20784314
vb0[655]+000 TANGENT: 0.768627465, 0.729411781, 0.435294122, 0.20784314

vb0[656]+000 POSITION: -0.738769531, 0.339599609, -0.738769531, 1
vb0[656]+000 NORMAL: 0.913725495, 0.725490212, 0.435294122, 0.20784314
vb0[656]+000 COLOR: 0.913725495, 0.725490212, 0.435294122, 0.20784314
vb0[656]+012 TEXCOORD: 0.625, 0.799804688
vb0[656]+000 TEXCOORD1: 0.913725495, 0.725490212, 0.435294122, 0.20784314
vb0[656]+000 TEXCOORD2: 0.913725495, 0.725490212, 0.435294122, 0.20784314
vb0[656]+000 TEXCOORD3: 0.913725495, 0.725490212, 0.435294122, 0.20784314
vb0[656]+000 TANGENT: 0.913725495, 0.725490212, 0.435294122, 0.20784314

vb0[657]+000 POSITION: -0.614257813, 0.339599609, -0.845703125, 1
vb0[657]+000 NORMAL: 0.917647064, 0.721568644, 0.435294122, 0.20784314
vb0[657]+000 COLOR: 0.917647064, 0.721568644, 0.435294122, 0.20784314
vb0[657]+012 TEXCOORD: 0.649902344, 0.799804688
vb0[657]+000 TEXCOORD1: 0.917647064, 0.721568644, 0.435294122, 0.20784314
vb0[657]+000 TEXCOORD2: 0.917647064, 0.721568644, 0.435294122, 0.20784314
vb0[657]+000 TEXCOORD3: 0.917647064, 0.721568644, 0.435294122, 0.20784314
vb0[657]+000 TANGENT: 0.917647064, 0.721568644, 0.435294122, 0.20784314

vb0[658]+000 POSITION: -0.474365234, 0.339599609, -0.931152344, 1
vb0[658]+000 NORMAL: 0.592156887, 0.717647076, 0.435294122, 0.20784314
vb0[658]+000 COLOR: 0.592156887, 0.717647076, 0.435294122, 0.20784314
vb0[658]+012 TEXCOORD: 0.674804688, 0.799804688
vb0[658]+000 TEXCOORD1: 0.592156887, 0.717647076, 0.435294122, 0.20784314
vb0[658]+000 TEXCOORD2: 0.592156887, 0.717647076, 0.435294122, 0.20784314
vb0[658]+000 TEXCOORD3: 0.592156887, 0.717647076, 0.435294122, 0.20784314
vb0[658]+000 TANGENT: 0.592156887, 0.717647076, 0.435294122, 0.20784314

vb0[659]+000 POSITION: -0.322998047, 0.339599609, -0.994140625, 1
vb0[659]+000 NORMAL: 0.168627456, 0.709803939, 0.435294122, 0.20784314
vb0[659]+000 COLOR: 0.168627456, 0.709803939, 0.435294122, 0.20784314
vb0[659]+012 TEXCOORD: 0.700195313, 0.799804688
vb0[659]+000 TEXCOORD1: 0.168627456, 0.709803939, 0.435294122, 0.20784314
vb0[659]+000 TEXCOORD2: 0.168627456, 0.709803939, 0.435294122, 0.20784314
vb0[659]+000 TEXCOORD3: 0.168627456, 0.709803939, 0.435294122, 0.20784314
vb0[659]+000 TANGENT: 0.168627456, 0.709803939, 0.435294122, 0.20784314

vb0[660]+000 POSITION: -0.163452148, 0.339599609, -1.03222656, 1
vb0[660]+000 NORMAL: 0.23137255, 0.694117665, 0.435294122, 0.20784314
vb0[660]+000 COLOR: 0.23137255, 0.694117665, 0.435294122, 0.20784314
vb0[660]+012 TEXCOORD: 0.725097656, 0.799804688
vb0[660]+000 TEXCOORD1: 0.23137255, 0.694117665, 0.435294122, 0.20784314
vb0[660]+000 TEXCOORD2: 0.23137255, 0.694117665, 0.435294122, 0.20784314
vb0[660]+000 TEXCOORD3: 0.23137255, 0.694117665, 0.435294122, 0.20784314
vb0[660]+000 TANGENT: 0.23137255, 0.694117665, 0.435294122, 0.20784314

vb0[661]+000 POSITION: 0, 0.339599609, -1.04492188, 1
vb0[661]+000 NORMAL: 0, 0, 0.435294122, 0.20784314
vb0[661]+000 COLOR: 0, 0, 0.435294122, 0.20784314
vb0[661]+012 TEXCOORD: 0.75, 0.799804688
vb0[661]+000 TEXCOORD1: 0, 0, 0.435294122, 0.20784314
vb0[661]+000 TEXCOORD2: 0, 0, 0.435294122, 0.20784314
vb0[661]+000 TEXCOORD3: 0, 0, 0.435294122, 0.20784314
vb0[661]+000 TANGENT: 0, 0, 0.435294122, 0.20784314

vb0[662]+000 POSITION: 0.0796508789, 0.420410156, -1.01171875, 1
vb0[662]+000 NORMAL: 0.0980392173, 0.176470593, 0.729411781, 0.211764708
vb0[662]+000 COLOR: 0.0980392173, 0.176470593, 0.729411781, 0.211764708
vb0[662]+012 TEXCOORD: 0.762695313, 0.75
vb0[662]+000 TEXCOORD1: 0.0980392173, 0.176470593, 0.729411781, 0.211764708
vb0[662]+000 TEXCOORD2: 0.0980392173, 0.176470593, 0.729411781, 0.211764708
vb0[662]+000 TEXCOORD3: 0.0980392173, 0.176470593, 0.729411781, 0.211764708
vb0[662]+000 TANGENT: 0.0980392173, 0.176470593, 0.729411781, 0.211764708

vb0[663]+000 POSITION: 0.237060547, 0.420410156, -0.987304688, 1
vb0[663]+000 NORMAL: 0.588235319, 0.200000003, 0.729411781, 0.211764708
vb0[663]+000 COLOR: 0.588235319, 0.200000003, 0.729411781, 0.211764708
vb0[663]+012 TEXCOORD: 0.787597656, 0.75
vb0[663]+000 TEXCOORD1: 0.588235319, 0.200000003, 0.729411781, 0.211764708
vb0[663]+000 TEXCOORD2: 0.588235319, 0.200000003, 0.729411781, 0.211764708
vb0[663]+000 TEXCOORD3: 0.588235319, 0.200000003, 0.729411781, 0.211764708
vb0[663]+000 TANGENT: 0.588235319, 0.200000003, 0.729411781, 0.211764708

vb0[664]+000 POSITION: 0.388427734, 0.420410156, -0.937988281, 1
vb0[664]+000 NORMAL: 0.215686277, 0.211764708, 0.729411781, 0.211764708
vb0[664]+000 COLOR: 0.215686277, 0.211764708, 0.729411781, 0.211764708
vb0[664]+012 TEXCOORD: 0.8125, 0.75
vb0[664]+000 TEXCOORD1: 0.215686277, 0.211764708, 0.729411781, 0.211764708
vb0[664]+000 TEXCOORD2: 0.215686277, 0.211764708, 0.729411781, 0.211764708
vb0[664]+000 TEXCOORD3: 0.215686277, 0.211764708, 0.729411781, 0.211764708
vb0[664]+000 TANGENT: 0.215686277, 0.211764708, 0.729411781, 0.211764708

vb0[665]+000 POSITION: 0.163452148, 0.339599609, -1.03222656, 1
vb0[665]+000 NORMAL: 0.23137255, 0.192156866, 0.435294122, 0.20784314
vb0[665]+000 COLOR: 0.23137255, 0.192156866, 0.435294122, 0.20784314
vb0[665]+012 TEXCOORD: 0.774902344, 0.799804688
vb0[665]+000 TEXCOORD1: 0.23137255, 0.192156866, 0.435294122, 0.20784314
vb0[665]+000 TEXCOORD2: 0.23137255, 0.192156866, 0.435294122, 0.20784314
vb0[665]+000 TEXCOORD3: 0.23137255, 0.192156866, 0.435294122, 0.20784314
vb0[665]+000 TANGENT: 0.23137255, 0.192156866, 0.435294122, 0.20784314

vb0[666]+000 POSITION: 0.322998047, 0.339599609, -0.994140625, 1
vb0[666]+000 NORMAL: 0.168627456, 0.20784314, 0.435294122, 0.20784314
vb0[666]+000 COLOR: 0.168627456, 0.20784314, 0.435294122, 0.20784314
vb0[666]+012 TEXCOORD: 0.799804688, 0.799804688
vb0[666]+000 TEXCOORD1: 0.168627456, 0.20784314, 0.435294122, 0.20784314
vb0[666]+000 TEXCOORD2: 0.168627456, 0.20784314, 0.435294122, 0.20784314
vb0[666]+000 TEXCOORD3: 0.168627456, 0.20784314, 0.435294122, 0.20784314
vb0[666]+000 TANGENT: 0.168627456, 0.20784314, 0.435294122, 0.20784314

vb0[667]+000 POSITION: -0.249389648, 0.256591797, -1.0390625, 1
vb0[667]+000 NORMAL: 0.984313726, 0.701960802, 0.105882354, 0.203921571
vb0[667]+000 COLOR: 0.984313726, 0.701960802, 0.105882354, 0.203921571
vb0[667]+012 TEXCOORD: 0.712402344, 0.850097656
vb0[667]+000 TEXCOORD1: 0.984313726, 0.701960802, 0.105882354, 0.203921571
vb0[667]+000 TEXCOORD2: 0.984313726, 0.701960802, 0.105882354, 0.203921571
vb0[667]+000 TEXCOORD3: 0.984313726, 0.701960802, 0.105882354, 0.203921571
vb0[667]+000 TANGENT: 0.984313726, 0.701960802, 0.105882354, 0.203921571

vb0[668]+000 POSITION: -0.408935547, 0.256591797, -0.987304688, 1
vb0[668]+000 NORMAL: 0.545098066, 0.713725507, 0.105882354, 0.203921571
vb0[668]+000 COLOR: 0.545098066, 0.713725507, 0.105882354, 0.203921571
vb0[668]+012 TEXCOORD: 0.6875, 0.850097656
vb0[668]+000 TEXCOORD1: 0.545098066, 0.713725507, 0.105882354, 0.203921571
vb0[668]+000 TEXCOORD2: 0.545098066, 0.713725507, 0.105882354, 0.203921571
vb0[668]+000 TEXCOORD3: 0.545098066, 0.713725507, 0.105882354, 0.203921571
vb0[668]+000 TANGENT: 0.545098066, 0.713725507, 0.105882354, 0.203921571

vb0[669]+000 POSITION: -0.0838623047, 0.256591797, -1.06542969, 1
vb0[669]+000 NORMAL: 0.368627459, 0.678431392, 0.105882354, 0.203921571
vb0[669]+000 COLOR: 0.368627459, 0.678431392, 0.105882354, 0.203921571
vb0[669]+012 TEXCOORD: 0.737304688, 0.850097656
vb0[669]+000 TEXCOORD1: 0.368627459, 0.678431392, 0.105882354, 0.203921571
vb0[669]+000 TEXCOORD2: 0.368627459, 0.678431392, 0.105882354, 0.203921571
vb0[669]+000 TEXCOORD3: 0.368627459, 0.678431392, 0.105882354, 0.203921571
vb0[669]+000 TANGENT: 0.368627459, 0.678431392, 0.105882354, 0.203921571

vb0[670]+000 POSITION: 0.0838623047, 0.256591797, -1.06542969, 1
vb0[670]+000 NORMAL: 0.368627459, 0.176470593, 0.105882354, 0.203921571
vb0[670]+000 COLOR: 0.368627459, 0.176470593, 0.105882354, 0.203921571
vb0[670]+012 TEXCOORD: 0.762695313, 0.850097656
vb0[670]+000 TEXCOORD1: 0.368627459, 0.176470593, 0.105882354, 0.203921571
vb0[670]+000 TEXCOORD2: 0.368627459, 0.176470593, 0.105882354, 0.203921571
vb0[670]+000 TEXCOORD3: 0.368627459, 0.176470593, 0.105882354, 0.203921571
vb0[670]+000 TANGENT: 0.368627459, 0.176470593, 0.105882354, 0.203921571

vb0[671]+000 POSITION: 0.249389648, 0.256591797, -1.0390625, 1
vb0[671]+000 NORMAL: 0.984313726, 0.200000003, 0.105882354, 0.203921571
vb0[671]+000 COLOR: 0.984313726, 0.200000003, 0.105882354, 0.203921571
vb0[671]+012 TEXCOORD: 0.787597656, 0.850097656
vb0[671]+000 TEXCOORD1: 0.984313726, 0.200000003, 0.105882354, 0.203921571
vb0[671]+000 TEXCOORD2: 0.984313726, 0.200000003, 0.105882354, 0.203921571
vb0[671]+000 TEXCOORD3: 0.984313726, 0.200000003, 0.105882354, 0.203921571
vb0[671]+000 TANGENT: 0.984313726, 0.200000003, 0.105882354, 0.203921571

vb0[672]+000 POSITION: -0.335449219, 0.171875, -1.03222656, 1
vb0[672]+000 NORMAL: 0.368627459, 0.709803939, 0.501960814, 0.192156866
vb0[672]+000 COLOR: 0.368627459, 0.709803939, 0.501960814, 0.192156866
vb0[672]+012 TEXCOORD: 0.700195313, 0.899902344
vb0[672]+000 TEXCOORD1: 0.368627459, 0.709803939, 0.501960814, 0.192156866
vb0[672]+000 TEXCOORD2: 0.368627459, 0.709803939, 0.501960814, 0.192156866
vb0[672]+000 TEXCOORD3: 0.368627459, 0.709803939, 0.501960814, 0.192156866
vb0[672]+000 TANGENT: 0.368627459, 0.709803939, 0.501960814, 0.192156866

vb0[673]+000 POSITION: -0.492675781, 0.171875, -0.967285156, 1
vb0[673]+000 NORMAL: 0.886274517, 0.717647076, 0.501960814, 0.192156866
vb0[673]+000 COLOR: 0.886274517, 0.717647076, 0.501960814, 0.192156866
vb0[673]+012 TEXCOORD: 0.674804688, 0.899902344
vb0[673]+000 TEXCOORD1: 0.886274517, 0.717647076, 0.501960814, 0.192156866
vb0[673]+000 TEXCOORD2: 0.886274517, 0.717647076, 0.501960814, 0.192156866
vb0[673]+000 TEXCOORD3: 0.886274517, 0.717647076, 0.501960814, 0.192156866
vb0[673]+000 TANGENT: 0.886274517, 0.717647076, 0.501960814, 0.192156866

vb0[674]+000 POSITION: -0.558105469, 0.256591797, -0.911132813, 1
vb0[674]+000 NORMAL: 0.466666669, 0.721568644, 0.105882354, 0.203921571
vb0[674]+000 COLOR: 0.466666669, 0.721568644, 0.105882354, 0.203921571
vb0[674]+012 TEXCOORD: 0.662597656, 0.850097656
vb0[674]+000 TEXCOORD1: 0.466666669, 0.721568644, 0.105882354, 0.203921571
vb0[674]+000 TEXCOORD2: 0.466666669, 0.721568644, 0.105882354, 0.203921571
vb0[674]+000 TEXCOORD3: 0.466666669, 0.721568644, 0.105882354, 0.203921571
vb0[674]+000 TANGENT: 0.466666669, 0.721568644, 0.105882354, 0.203921571

vb0[675]+000 POSITION: -0.693847656, 0.256591797, -0.8125, 1
vb0[675]+000 NORMAL: 0.552941203, 0.725490212, 0.105882354, 0.203921571
vb0[675]+000 COLOR: 0.552941203, 0.725490212, 0.105882354, 0.203921571
vb0[675]+012 TEXCOORD: 0.637695313, 0.850097656
vb0[675]+000 TEXCOORD1: 0.552941203, 0.725490212, 0.105882354, 0.203921571
vb0[675]+000 TEXCOORD2: 0.552941203, 0.725490212, 0.105882354, 0.203921571
vb0[675]+000 TEXCOORD3: 0.552941203, 0.725490212, 0.105882354, 0.203921571
vb0[675]+000 TANGENT: 0.552941203, 0.725490212, 0.105882354, 0.203921571

vb0[676]+000 POSITION: -0.8125, 0.256591797, -0.693847656, 1
vb0[676]+000 NORMAL: 0.501960814, 0.729411781, 0.105882354, 0.203921571
vb0[676]+000 COLOR: 0.501960814, 0.729411781, 0.105882354, 0.203921571
vb0[676]+012 TEXCOORD: 0.612304688, 0.850097656
vb0[676]+000 TEXCOORD1: 0.501960814, 0.729411781, 0.105882354, 0.203921571
vb0[676]+000 TEXCOORD2: 0.501960814, 0.729411781, 0.105882354, 0.203921571
vb0[676]+000 TEXCOORD3: 0.501960814, 0.729411781, 0.105882354, 0.203921571
vb0[676]+000 TANGENT: 0.501960814, 0.729411781, 0.105882354, 0.203921571

vb0[677]+000 POSITION: -0.911132813, 0.256591797, -0.558105469, 1
vb0[677]+000 NORMAL: 0.290196091, 0.733333349, 0.105882354, 0.203921571
vb0[677]+000 COLOR: 0.290196091, 0.733333349, 0.105882354, 0.203921571
vb0[677]+012 TEXCOORD: 0.587402344, 0.850097656
vb0[677]+000 TEXCOORD1: 0.290196091, 0.733333349, 0.105882354, 0.203921571
vb0[677]+000 TEXCOORD2: 0.290196091, 0.733333349, 0.105882354, 0.203921571
vb0[677]+000 TEXCOORD3: 0.290196091, 0.733333349, 0.105882354, 0.203921571
vb0[677]+000 TANGENT: 0.290196091, 0.733333349, 0.105882354, 0.203921571

vb0[678]+000 POSITION: -0.987304688, 0.256591797, -0.408935547, 1
vb0[678]+000 NORMAL: 0.90196079, 0.733333349, 0.105882354, 0.203921571
vb0[678]+000 COLOR: 0.90196079, 0.733333349, 0.105882354, 0.203921571
vb0[678]+012 TEXCOORD: 0.5625, 0.850097656
vb0[678]+000 TEXCOORD1: 0.90196079, 0.733333349, 0.105882354, 0.203921571
vb0[678]+000 TEXCOORD2: 0.90196079, 0.733333349, 0.105882354, 0.203921571
vb0[678]+000 TEXCOORD3: 0.90196079, 0.733333349, 0.105882354, 0.203921571
vb0[678]+000 TANGENT: 0.90196079, 0.733333349, 0.105882354, 0.203921571

vb0[679]+000 POSITION: -1.0390625, 0.256591797, -0.249389648, 1
vb0[679]+000 NORMAL: 0.156862751, 0.737254918, 0.105882354, 0.203921571
vb0[679]+000 COLOR: 0.156862751, 0.737254918, 0.105882354, 0.203921571
vb0[679]+012 TEXCOORD: 0.537597656, 0.850097656
vb0[679]+000 TEXCOORD1: 0.156862751, 0.737254918, 0.105882354, 0.203921571
vb0[679]+000 TEXCOORD2: 0.156862751, 0.737254918, 0.105882354, 0.203921571
vb0[679]+000 TEXCOORD3: 0.156862751, 0.737254918, 0.105882354, 0.203921571
vb0[679]+000 TANGENT: 0.156862751, 0.737254918, 0.105882354, 0.203921571

vb0[680]+000 POSITION: -1.06542969, 0.256591797, -0.0838623047, 1
vb0[680]+000 NORMAL: 0.262745112, 0.737254918, 0.105882354, 0.203921571
vb0[680]+000 COLOR: 0.262745112, 0.737254918, 0.105882354, 0.203921571
vb0[680]+012 TEXCOORD: 0.512695313, 0.850097656
vb0[680]+000 TEXCOORD1: 0.262745112, 0.737254918, 0.105882354, 0.203921571
vb0[680]+000 TEXCOORD2: 0.262745112, 0.737254918, 0.105882354, 0.203921571
vb0[680]+000 TEXCOORD3: 0.262745112, 0.737254918, 0.105882354, 0.203921571
vb0[680]+000 TANGENT: 0.262745112, 0.737254918, 0.105882354, 0.203921571

vb0[681]+000 POSITION: -1.04492188, 0.339599609, -2.2958874e-41, 1
vb0[681]+000 NORMAL: 0.180392161, 0.737254918, 0.435294122, 0.20784314
vb0[681]+000 COLOR: 0.180392161, 0.737254918, 0.435294122, 0.20784314
vb0[681]+012 TEXCOORD: 0.5, 0.799804688
vb0[681]+000 TEXCOORD1: 0.180392161, 0.737254918, 0.435294122, 0.20784314
vb0[681]+000 TEXCOORD2: 0.180392161, 0.737254918, 0.435294122, 0.20784314
vb0[681]+000 TEXCOORD3: 0.180392161, 0.737254918, 0.435294122, 0.20784314
vb0[681]+000 TANGENT: 0.180392161, 0.737254918, 0.435294122, 0.20784314

vb0[682]+000 POSITION: -1.03222656, 0.339599609, 0.163452148, 1
vb0[682]+000 NORMAL: 0.129411772, 0.737254918, 0.435294122, 0.20784314
vb0[682]+000 COLOR: 0.129411772, 0.737254918, 0.435294122, 0.20784314
vb0[682]+012 TEXCOORD: 0.475097656, 0.799804688
vb0[682]+000 TEXCOORD1: 0.129411772, 0.737254918, 0.435294122, 0.20784314
vb0[682]+000 TEXCOORD2: 0.129411772, 0.737254918, 0.435294122, 0.20784314
vb0[682]+000 TEXCOORD3: 0.129411772, 0.737254918, 0.435294122, 0.20784314
vb0[682]+000 TANGENT: 0.129411772, 0.737254918, 0.435294122, 0.20784314

vb0[683]+000 POSITION: -0.994140625, 0.339599609, 0.322998047, 1
vb0[683]+000 NORMAL: 0.956862748, 0.733333349, 0.435294122, 0.20784314
vb0[683]+000 COLOR: 0.956862748, 0.733333349, 0.435294122, 0.20784314
vb0[683]+012 TEXCOORD: 0.449951172, 0.799804688
vb0[683]+000 TEXCOORD1: 0.956862748, 0.733333349, 0.435294122, 0.20784314
vb0[683]+000 TEXCOORD2: 0.956862748, 0.733333349, 0.435294122, 0.20784314
vb0[683]+000 TEXCOORD3: 0.956862748, 0.733333349, 0.435294122, 0.20784314
vb0[683]+000 TANGENT: 0.956862748, 0.733333349, 0.435294122, 0.20784314

vb0[684]+000 POSITION: -0.931152344, 0.339599609, 0.474365234, 1
vb0[684]+000 NORMAL: 0.450980395, 0.733333349, 0.435294122, 0.20784314
vb0[684]+000 COLOR: 0.450980395, 0.733333349, 0.435294122, 0.20784314
vb0[684]+012 TEXCOORD: 0.425048828, 0.799804688
vb0[684]+000 TEXCOORD1: 0.450980395, 0.733333349, 0.435294122, 0.20784314
vb0[684]+000 TEXCOORD2: 0.450980395, 0.733333349, 0.435294122, 0.20784314
vb0[684]+000 TEXCOORD3: 0.450980395, 0.733333349, 0.435294122, 0.20784314
vb0[684]+000 TANGENT: 0.450980395, 0.733333349, 0.435294122, 0.20784314

vb0[685]+000 POSITION: -0.845703125, 0.339599609, 0.614257813, 1
vb0[685]+000 NORMAL: 0.768627465, 0.729411781, 0.435294122, 0.20784314
vb0[685]+000 COLOR: 0.768627465, 0.729411781, 0.435294122, 0.20784314
vb0[685]+012 TEXCOORD: 0.399902344, 0.799804688
vb0[685]+000 TEXCOORD1: 0.768627465, 0.729411781, 0.435294122, 0.20784314
vb0[685]+000 TEXCOORD2: 0.768627465, 0.729411781, 0.435294122, 0.20784314
vb0[685]+000 TEXCOORD3: 0.768627465, 0.729411781, 0.435294122, 0.20784314
vb0[685]+000 TANGENT: 0.768627465, 0.729411781, 0.435294122, 0.20784314

vb0[686]+000 POSITION: -0.738769531, 0.339599609, 0.738769531, 1
vb0[686]+000 NORMAL: 0.913725495, 0.725490212, 0.435294122, 0.20784314
vb0[686]+000 COLOR: 0.913725495, 0.725490212, 0.435294122, 0.20784314
vb0[686]+012 TEXCOORD: 0.375, 0.799804688
vb0[686]+000 TEXCOORD1: 0.913725495, 0.725490212, 0.435294122, 0.20784314
vb0[686]+000 TEXCOORD2: 0.913725495, 0.725490212, 0.435294122, 0.20784314
vb0[686]+000 TEXCOORD3: 0.913725495, 0.725490212, 0.435294122, 0.20784314
vb0[686]+000 TANGENT: 0.913725495, 0.725490212, 0.435294122, 0.20784314

vb0[687]+000 POSITION: -0.614257813, 0.339599609, 0.845703125, 1
vb0[687]+000 NORMAL: 0.917647064, 0.721568644, 0.435294122, 0.20784314
vb0[687]+000 COLOR: 0.917647064, 0.721568644, 0.435294122, 0.20784314
vb0[687]+012 TEXCOORD: 0.350097656, 0.799804688
vb0[687]+000 TEXCOORD1: 0.917647064, 0.721568644, 0.435294122, 0.20784314
vb0[687]+000 TEXCOORD2: 0.917647064, 0.721568644, 0.435294122, 0.20784314
vb0[687]+000 TEXCOORD3: 0.917647064, 0.721568644, 0.435294122, 0.20784314
vb0[687]+000 TANGENT: 0.917647064, 0.721568644, 0.435294122, 0.20784314

vb0[688]+000 POSITION: -0.474365234, 0.339599609, 0.931152344, 1
vb0[688]+000 NORMAL: 0.592156887, 0.717647076, 0.435294122, 0.20784314
vb0[688]+000 COLOR: 0.592156887, 0.717647076, 0.435294122, 0.20784314
vb0[688]+012 TEXCOORD: 0.324951172, 0.799804688
vb0[688]+000 TEXCOORD1: 0.592156887, 0.717647076, 0.435294122, 0.20784314
vb0[688]+000 TEXCOORD2: 0.592156887, 0.717647076, 0.435294122, 0.20784314
vb0[688]+000 TEXCOORD3: 0.592156887, 0.717647076, 0.435294122, 0.20784314
vb0[688]+000 TANGENT: 0.592156887, 0.717647076, 0.435294122, 0.20784314

vb0[689]+000 POSITION: -0.322998047, 0.339599609, 0.994140625, 1
vb0[689]+000 NORMAL: 0.168627456, 0.709803939, 0.435294122, 0.20784314
vb0[689]+000 COLOR: 0.168627456, 0.709803939, 0.435294122, 0.20784314
vb0[689]+012 TEXCOORD: 0.300048828, 0.799804688
vb0[689]+000 TEXCOORD1: 0.168627456, 0.709803939, 0.435294122, 0.20784314
vb0[689]+000 TEXCOORD2: 0.168627456, 0.709803939, 0.435294122, 0.20784314
vb0[689]+000 TEXCOORD3: 0.168627456, 0.709803939, 0.435294122, 0.20784314
vb0[689]+000 TANGENT: 0.168627456, 0.709803939, 0.435294122, 0.20784314

vb0[690]+000 POSITION: -0.163452148, 0.339599609, 1.03222656, 1
vb0[690]+000 NORMAL: 0.23137255, 0.694117665, 0.435294122, 0.20784314
vb0[690]+000 COLOR: 0.23137255, 0.694117665, 0.435294122, 0.20784314
vb0[690]+012 TEXCOORD: 0.274902344, 0.799804688
vb0[690]+000 TEXCOORD1: 0.23137255, 0.694117665, 0.435294122, 0.20784314
vb0[690]+000 TEXCOORD2: 0.23137255, 0.694117665, 0.435294122, 0.20784314
vb0[690]+000 TEXCOORD3: 0.23137255, 0.694117665, 0.435294122, 0.20784314
vb0[690]+000 TANGENT: 0.23137255, 0.694117665, 0.435294122, 0.20784314

vb0[691]+000 POSITION: -1.1479437e-41, 0.339599609, 1.04492188, 1
vb0[691]+000 NORMAL: 0.00392156886, 0.501960814, 0.435294122, 0.20784314
vb0[691]+000 COLOR: 0.00392156886, 0.501960814, 0.435294122, 0.20784314
vb0[691]+012 TEXCOORD: 0.25, 0.799804688
vb0[691]+000 TEXCOORD1: 0.00392156886, 0.501960814, 0.435294122, 0.20784314
vb0[691]+000 TEXCOORD2: 0.00392156886, 0.501960814, 0.435294122, 0.20784314
vb0[691]+000 TEXCOORD3: 0.00392156886, 0.501960814, 0.435294122, 0.20784314
vb0[691]+000 TANGENT: 0.00392156886, 0.501960814, 0.435294122, 0.20784314

vb0[692]+000 POSITION: 0.163452148, 0.339599609, 1.03222656, 1
vb0[692]+000 NORMAL: 0.23137255, 0.192156866, 0.435294122, 0.20784314
vb0[692]+000 COLOR: 0.23137255, 0.192156866, 0.435294122, 0.20784314
vb0[692]+012 TEXCOORD: 0.224975586, 0.799804688
vb0[692]+000 TEXCOORD1: 0.23137255, 0.192156866, 0.435294122, 0.20784314
vb0[692]+000 TEXCOORD2: 0.23137255, 0.192156866, 0.435294122, 0.20784314
vb0[692]+000 TEXCOORD3: 0.23137255, 0.192156866, 0.435294122, 0.20784314
vb0[692]+000 TANGENT: 0.23137255, 0.192156866, 0.435294122, 0.20784314

vb0[693]+000 POSITION: 0.322998047, 0.339599609, 0.994140625, 1
vb0[693]+000 NORMAL: 0.168627456, 0.20784314, 0.435294122, 0.20784314
vb0[693]+000 COLOR: 0.168627456, 0.20784314, 0.435294122, 0.20784314
vb0[693]+012 TEXCOORD: 0.199951172, 0.799804688
vb0[693]+000 TEXCOORD1: 0.168627456, 0.20784314, 0.435294122, 0.20784314
vb0[693]+000 TEXCOORD2: 0.168627456, 0.20784314, 0.435294122, 0.20784314
vb0[693]+000 TEXCOORD3: 0.168627456, 0.20784314, 0.435294122, 0.20784314
vb0[693]+000 TANGENT: 0.168627456, 0.20784314, 0.435294122, 0.20784314

vb0[694]+000 POSITION: 0.474365234, 0.339599609, 0.931152344, 1
vb0[694]+000 NORMAL: 0.592156887, 0.215686277, 0.435294122, 0.20784314
vb0[694]+000 COLOR: 0.592156887, 0.215686277, 0.435294122, 0.20784314
vb0[694]+012 TEXCOORD: 0.175048828, 0.799804688
vb0[694]+000 TEXCOORD1: 0.592156887, 0.215686277, 0.435294122, 0.20784314
vb0[694]+000 TEXCOORD2: 0.592156887, 0.215686277, 0.435294122, 0.20784314
vb0[694]+000 TEXCOORD3: 0.592156887, 0.215686277, 0.435294122, 0.20784314
vb0[694]+000 TANGENT: 0.592156887, 0.215686277, 0.435294122, 0.20784314

vb0[695]+000 POSITION: 0.614257813, 0.339599609, 0.845703125, 1
vb0[695]+000 NORMAL: 0.917647064, 0.219607845, 0.435294122, 0.20784314
vb0[695]+000 COLOR: 0.917647064, 0.219607845, 0.435294122, 0.20784314
vb0[695]+012 TEXCOORD: 0.150024414, 0.799804688
vb0[695]+000 TEXCOORD1: 0.917647064, 0.219607845, 0.435294122, 0.20784314
vb0[695]+000 TEXCOORD2: 0.917647064, 0.219607845, 0.435294122, 0.20784314
vb0[695]+000 TEXCOORD3: 0.917647064, 0.219607845, 0.435294122, 0.20784314
vb0[695]+000 TANGENT: 0.917647064, 0.219607845, 0.435294122, 0.20784314

vb0[696]+000 POSITION: 0.738769531, 0.339599609, 0.738769531, 1
vb0[696]+000 NORMAL: 0.913725495, 0.223529413, 0.435294122, 0.20784314
vb0[696]+000 COLOR: 0.913725495, 0.223529413, 0.435294122, 0.20784314
vb0[696]+012 TEXCOORD: 0.125, 0.799804688
vb0[696]+000 TEXCOORD1: 0.913725495, 0.223529413, 0.435294122, 0.20784314
vb0[696]+000 TEXCOORD2: 0.913725495, 0.223529413, 0.435294122, 0.20784314
vb0[696]+000 TEXCOORD3: 0.913725495, 0.223529413, 0.435294122, 0.20784314
vb0[696]+000 TANGENT: 0.913725495, 0.223529413, 0.435294122, 0.20784314

vb0[697]+000 POSITION: 0.845703125, 0.339599609, 0.614257813, 1
vb0[697]+000 NORMAL: 0.768627465, 0.227450982, 0.435294122, 0.20784314
vb0[697]+000 COLOR: 0.768627465, 0.227450982, 0.435294122, 0.20784314
vb0[697]+012 TEXCOORD: 0.0999755859, 0.799804688
vb0[697]+000 TEXCOORD1: 0.768627465, 0.227450982, 0.435294122, 0.20784314
vb0[697]+000 TEXCOORD2: 0.768627465, 0.227450982, 0.435294122, 0.20784314
vb0[697]+000 TEXCOORD3: 0.768627465, 0.227450982, 0.435294122, 0.20784314
vb0[697]+000 TANGENT: 0.768627465, 0.227450982, 0.435294122, 0.20784314

vb0[698]+000 POSITION: 0.931152344, 0.339599609, 0.474365234, 1
vb0[698]+000 NORMAL: 0.450980395, 0.23137255, 0.435294122, 0.20784314
vb0[698]+000 COLOR: 0.450980395, 0.23137255, 0.435294122, 0.20784314
vb0[698]+012 TEXCOORD: 0.075012207, 0.799804688
vb0[698]+000 TEXCOORD1: 0.450980395, 0.23137255, 0.435294122, 0.20784314
vb0[698]+000 TEXCOORD2: 0.450980395, 0.23137255, 0.435294122, 0.20784314
vb0[698]+000 TEXCOORD3: 0.450980395, 0.23137255, 0.435294122, 0.20784314
vb0[698]+000 TANGENT: 0.450980395, 0.23137255, 0.435294122, 0.20784314

vb0[699]+000 POSITION: 0.994140625, 0.339599609, 0.322998047, 1
vb0[699]+000 NORMAL: 0.956862748, 0.23137255, 0.435294122, 0.20784314
vb0[699]+000 COLOR: 0.956862748, 0.23137255, 0.435294122, 0.20784314
vb0[699]+012 TEXCOORD: 0.049987793, 0.799804688
vb0[699]+000 TEXCOORD1: 0.956862748, 0.23137255, 0.435294122, 0.20784314
vb0[699]+000 TEXCOORD2: 0.956862748, 0.23137255, 0.435294122, 0.20784314
vb0[699]+000 TEXCOORD3: 0.956862748, 0.23137255, 0.435294122, 0.20784314
vb0[699]+000 TANGENT: 0.956862748, 0.23137255, 0.435294122, 0.20784314

vb0[700]+000 POSITION: 1.03222656, 0.339599609, 0.163452148, 1
vb0[700]+000 NORMAL: 0.129411772, 0.235294119, 0.435294122, 0.20784314
vb0[700]+000 COLOR: 0.129411772, 0.235294119, 0.435294122, 0.20784314
vb0[700]+012 TEXCOORD: 0.0249938965, 0.799804688
vb0[700]+000 TEXCOORD1: 0.129411772, 0.235294119, 0.435294122, 0.20784314
vb0[700]+000 TEXCOORD2: 0.129411772, 0.235294119, 0.435294122, 0.20784314
vb0[700]+000 TEXCOORD3: 0.129411772, 0.235294119, 0.435294122, 0.20784314
vb0[700]+000 TANGENT: 0.129411772, 0.235294119, 0.435294122, 0.20784314

vb0[701]+000 POSITION: 1.04492188, 0.339599609, 0, 1
vb0[701]+000 NORMAL: 0.180392161, 0.235294119, 0.435294122, 0.20784314
vb0[701]+000 COLOR: 0.180392161, 0.235294119, 0.435294122, 0.20784314
vb0[701]+012 TEXCOORD: 0, 0.799804688
vb0[701]+000 TEXCOORD1: 0.180392161, 0.235294119, 0.435294122, 0.20784314
vb0[701]+000 TEXCOORD2: 0.180392161, 0.235294119, 0.435294122, 0.20784314
vb0[701]+000 TEXCOORD3: 0.180392161, 0.235294119, 0.435294122, 0.20784314
vb0[701]+000 TANGENT: 0.180392161, 0.235294119, 0.435294122, 0.20784314

vb0[702]+000 POSITION: 1.03222656, 0.339599609, -0.163452148, 1
vb0[702]+000 NORMAL: 0.129411772, 0.235294119, 0.435294122, 0.20784314
vb0[702]+000 COLOR: 0.129411772, 0.235294119, 0.435294122, 0.20784314
vb0[702]+012 TEXCOORD: -0.0249938965, 0.799804688
vb0[702]+000 TEXCOORD1: 0.129411772, 0.235294119, 0.435294122, 0.20784314
vb0[702]+000 TEXCOORD2: 0.129411772, 0.235294119, 0.435294122, 0.20784314
vb0[702]+000 TEXCOORD3: 0.129411772, 0.235294119, 0.435294122, 0.20784314
vb0[702]+000 TANGENT: 0.129411772, 0.235294119, 0.435294122, 0.20784314

vb0[703]+000 POSITION: 0.994140625, 0.339599609, -0.322998047, 1
vb0[703]+000 NORMAL: 0.956862748, 0.23137255, 0.435294122, 0.20784314
vb0[703]+000 COLOR: 0.956862748, 0.23137255, 0.435294122, 0.20784314
vb0[703]+012 TEXCOORD: -0.049987793, 0.799804688
vb0[703]+000 TEXCOORD1: 0.956862748, 0.23137255, 0.435294122, 0.20784314
vb0[703]+000 TEXCOORD2: 0.956862748, 0.23137255, 0.435294122, 0.20784314
vb0[703]+000 TEXCOORD3: 0.956862748, 0.23137255, 0.435294122, 0.20784314
vb0[703]+000 TANGENT: 0.956862748, 0.23137255, 0.435294122, 0.20784314

vb0[704]+000 POSITION: 0.931152344, 0.339599609, -0.474365234, 1
vb0[704]+000 NORMAL: 0.450980395, 0.23137255, 0.435294122, 0.20784314
vb0[704]+000 COLOR: 0.450980395, 0.23137255, 0.435294122, 0.20784314
vb0[704]+012 TEXCOORD: -0.075012207, 0.799804688
vb0[704]+000 TEXCOORD1: 0.450980395, 0.23137255, 0.435294122, 0.20784314
vb0[704]+000 TEXCOORD2: 0.450980395, 0.23137255, 0.435294122, 0.20784314
vb0[704]+000 TEXCOORD3: 0.450980395, 0.23137255, 0.435294122, 0.20784314
vb0[704]+000 TANGENT: 0.450980395, 0.23137255, 0.435294122, 0.20784314

vb0[705]+000 POSITION: 0.845703125, 0.339599609, -0.614257813, 1
vb0[705]+000 NORMAL: 0.768627465, 0.227450982, 0.435294122, 0.20784314
vb0[705]+000 COLOR: 0.768627465, 0.227450982, 0.435294122, 0.20784314
vb0[705]+012 TEXCOORD: -0.0999755859, 0.799804688
vb0[705]+000 TEXCOORD1: 0.768627465, 0.227450982, 0.435294122, 0.20784314
vb0[705]+000 TEXCOORD2: 0.768627465, 0.227450982, 0.435294122, 0.20784314
vb0[705]+000 TEXCOORD3: 0.768627465, 0.227450982, 0.435294122, 0.20784314
vb0[705]+000 TANGENT: 0.768627465, 0.227450982, 0.435294122, 0.20784314

vb0[706]+000 POSITION: 0.738769531, 0.339599609, -0.738769531, 1
vb0[706]+000 NORMAL: 0.913725495, 0.223529413, 0.435294122, 0.20784314
vb0[706]+000 COLOR: 0.913725495, 0.223529413, 0.435294122, 0.20784314
vb0[706]+012 TEXCOORD: -0.125, 0.799804688
vb0[706]+000 TEXCOORD1: 0.913725495, 0.223529413, 0.435294122, 0.20784314
vb0[706]+000 TEXCOORD2: 0.913725495, 0.223529413, 0.435294122, 0.20784314
vb0[706]+000 TEXCOORD3: 0.913725495, 0.223529413, 0.435294122, 0.20784314
vb0[706]+000 TANGENT: 0.913725495, 0.223529413, 0.435294122, 0.20784314

vb0[707]+000 POSITION: 0.614257813, 0.339599609, -0.845703125, 1
vb0[707]+000 NORMAL: 0.917647064, 0.219607845, 0.435294122, 0.20784314
vb0[707]+000 COLOR: 0.917647064, 0.219607845, 0.435294122, 0.20784314
vb0[707]+012 TEXCOORD: -0.150024414, 0.799804688
vb0[707]+000 TEXCOORD1: 0.917647064, 0.219607845, 0.435294122, 0.20784314
vb0[707]+000 TEXCOORD2: 0.917647064, 0.219607845, 0.435294122, 0.20784314
vb0[707]+000 TEXCOORD3: 0.917647064, 0.219607845, 0.435294122, 0.20784314
vb0[707]+000 TANGENT: 0.917647064, 0.219607845, 0.435294122, 0.20784314

vb0[708]+000 POSITION: 0.474365234, 0.339599609, -0.931152344, 1
vb0[708]+000 NORMAL: 0.592156887, 0.215686277, 0.435294122, 0.20784314
vb0[708]+000 COLOR: 0.592156887, 0.215686277, 0.435294122, 0.20784314
vb0[708]+012 TEXCOORD: -0.175048828, 0.799804688
vb0[708]+000 TEXCOORD1: 0.592156887, 0.215686277, 0.435294122, 0.20784314
vb0[708]+000 TEXCOORD2: 0.592156887, 0.215686277, 0.435294122, 0.20784314
vb0[708]+000 TEXCOORD3: 0.592156887, 0.215686277, 0.435294122, 0.20784314
vb0[708]+000 TANGENT: 0.592156887, 0.215686277, 0.435294122, 0.20784314

vb0[709]+000 POSITION: 0.322998047, 0.339599609, -0.994140625, 1
vb0[709]+000 NORMAL: 0.168627456, 0.20784314, 0.435294122, 0.20784314
vb0[709]+000 COLOR: 0.168627456, 0.20784314, 0.435294122, 0.20784314
vb0[709]+012 TEXCOORD: -0.199951172, 0.799804688
vb0[709]+000 TEXCOORD1: 0.168627456, 0.20784314, 0.435294122, 0.20784314
vb0[709]+000 TEXCOORD2: 0.168627456, 0.20784314, 0.435294122, 0.20784314
vb0[709]+000 TEXCOORD3: 0.168627456, 0.20784314, 0.435294122, 0.20784314
vb0[709]+000 TANGENT: 0.168627456, 0.20784314, 0.435294122, 0.20784314

vb0[710]+000 POSITION: 0.408935547, 0.256591797, -0.987304688, 1
vb0[710]+000 NORMAL: 0.545098066, 0.211764708, 0.105882354, 0.203921571
vb0[710]+000 COLOR: 0.545098066, 0.211764708, 0.105882354, 0.203921571
vb0[710]+012 TEXCOORD: -0.1875, 0.850097656
vb0[710]+000 TEXCOORD1: 0.545098066, 0.211764708, 0.105882354, 0.203921571
vb0[710]+000 TEXCOORD2: 0.545098066, 0.211764708, 0.105882354, 0.203921571
vb0[710]+000 TEXCOORD3: 0.545098066, 0.211764708, 0.105882354, 0.203921571
vb0[710]+000 TANGENT: 0.545098066, 0.211764708, 0.105882354, 0.203921571

vb0[711]+000 POSITION: 0.249389648, 0.256591797, -1.0390625, 1
vb0[711]+000 NORMAL: 0.984313726, 0.200000003, 0.105882354, 0.203921571
vb0[711]+000 COLOR: 0.984313726, 0.200000003, 0.105882354, 0.203921571
vb0[711]+012 TEXCOORD: -0.212524414, 0.850097656
vb0[711]+000 TEXCOORD1: 0.984313726, 0.200000003, 0.105882354, 0.203921571
vb0[711]+000 TEXCOORD2: 0.984313726, 0.200000003, 0.105882354, 0.203921571
vb0[711]+000 TEXCOORD3: 0.984313726, 0.200000003, 0.105882354, 0.203921571
vb0[711]+000 TANGENT: 0.984313726, 0.200000003, 0.105882354, 0.203921571

vb0[712]+000 POSITION: 0.558105469, 0.256591797, -0.911132813, 1
vb0[712]+000 NORMAL: 0.466666669, 0.219607845, 0.105882354, 0.203921571
vb0[712]+000 COLOR: 0.466666669, 0.219607845, 0.105882354, 0.203921571
vb0[712]+012 TEXCOORD: -0.162475586, 0.850097656
vb0[712]+000 TEXCOORD1: 0.466666669, 0.219607845, 0.105882354, 0.203921571
vb0[712]+000 TEXCOORD2: 0.466666669, 0.219607845, 0.105882354, 0.203921571
vb0[712]+000 TEXCOORD3: 0.466666669, 0.219607845, 0.105882354, 0.203921571
vb0[712]+000 TANGENT: 0.466666669, 0.219607845, 0.105882354, 0.203921571

vb0[713]+000 POSITION: 0.693847656, 0.256591797, -0.8125, 1
vb0[713]+000 NORMAL: 0.552941203, 0.223529413, 0.105882354, 0.203921571
vb0[713]+000 COLOR: 0.552941203, 0.223529413, 0.105882354, 0.203921571
vb0[713]+012 TEXCOORD: -0.137451172, 0.850097656
vb0[713]+000 TEXCOORD1: 0.552941203, 0.223529413, 0.105882354, 0.203921571
vb0[713]+000 TEXCOORD2: 0.552941203, 0.223529413, 0.105882354, 0.203921571
vb0[713]+000 TEXCOORD3: 0.552941203, 0.223529413, 0.105882354, 0.203921571
vb0[713]+000 TANGENT: 0.552941203, 0.223529413, 0.105882354, 0.203921571

vb0[714]+000 POSITION: 0.8125, 0.256591797, -0.693847656, 1
vb0[714]+000 NORMAL: 0.501960814, 0.227450982, 0.105882354, 0.203921571
vb0[714]+000 COLOR: 0.501960814, 0.227450982, 0.105882354, 0.203921571
vb0[714]+012 TEXCOORD: -0.112487793, 0.850097656
vb0[714]+000 TEXCOORD1: 0.501960814, 0.227450982, 0.105882354, 0.203921571
vb0[714]+000 TEXCOORD2: 0.501960814, 0.227450982, 0.105882354, 0.203921571
vb0[714]+000 TEXCOORD3: 0.501960814, 0.227450982, 0.105882354, 0.203921571
vb0[714]+000 TANGENT: 0.501960814, 0.227450982, 0.105882354, 0.203921571

vb0[715]+000 POSITION: 0.911132813, 0.256591797, -0.558105469, 1
vb0[715]+000 NORMAL: 0.290196091, 0.23137255, 0.105882354, 0.203921571
vb0[715]+000 COLOR: 0.290196091, 0.23137255, 0.105882354, 0.203921571
vb0[715]+012 TEXCOORD: -0.0875244141, 0.850097656
vb0[715]+000 TEXCOORD1: 0.290196091, 0.23137255, 0.105882354, 0.203921571
vb0[715]+000 TEXCOORD2: 0.290196091, 0.23137255, 0.105882354, 0.203921571
vb0[715]+000 TEXCOORD3: 0.290196091, 0.23137255, 0.105882354, 0.203921571
vb0[715]+000 TANGENT: 0.290196091, 0.23137255, 0.105882354, 0.203921571

vb0[716]+000 POSITION: 0.987304688, 0.256591797, -0.408935547, 1
vb0[716]+000 NORMAL: 0.90196079, 0.23137255, 0.105882354, 0.203921571
vb0[716]+000 COLOR: 0.90196079, 0.23137255, 0.105882354, 0.203921571
vb0[716]+012 TEXCOORD: -0.0625, 0.850097656
vb0[716]+000 TEXCOORD1: 0.90196079, 0.23137255, 0.105882354, 0.203921571
vb0[716]+000 TEXCOORD2: 0.90196079, 0.23137255, 0.105882354, 0.203921571
vb0[716]+000 TEXCOORD3: 0.90196079, 0.23137255, 0.105882354, 0.203921571
vb0[716]+000 TANGENT: 0.90196079, 0.23137255, 0.105882354, 0.203921571

vb0[717]+000 POSITION: 1.0390625, 0.256591797, -0.249389648, 1
vb0[717]+000 NORMAL: 0.156862751, 0.235294119, 0.105882354, 0.203921571
vb0[717]+000 COLOR: 0.156862751, 0.235294119, 0.105882354, 0.203921571
vb0[717]+012 TEXCOORD: -0.0375061035, 0.850097656
vb0[717]+000 TEXCOORD1: 0.156862751, 0.235294119, 0.105882354, 0.203921571
vb0[717]+000 TEXCOORD2: 0.156862751, 0.235294119, 0.105882354, 0.203921571
vb0[717]+000 TEXCOORD3: 0.156862751, 0.235294119, 0.105882354, 0.203921571
vb0[717]+000 TANGENT: 0.156862751, 0.235294119, 0.105882354, 0.203921571

vb0[718]+000 POSITION: 1.06542969, 0.256591797, -0.0838623047, 1
vb0[718]+000 NORMAL: 0.262745112, 0.235294119, 0.105882354, 0.203921571
vb0[718]+000 COLOR: 0.262745112, 0.235294119, 0.105882354, 0.203921571
vb0[718]+012 TEXCOORD: -0.0124969482, 0.850097656
vb0[718]+000 TEXCOORD1: 0.262745112, 0.235294119, 0.105882354, 0.203921571
vb0[718]+000 TEXCOORD2: 0.262745112, 0.235294119, 0.105882354, 0.203921571
vb0[718]+000 TEXCOORD3: 0.262745112, 0.235294119, 0.105882354, 0.203921571
vb0[718]+000 TANGENT: 0.262745112, 0.235294119, 0.105882354, 0.203921571

vb0[719]+000 POSITION: 1.06542969, 0.256591797, 0.0838623047, 1
vb0[719]+000 NORMAL: 0.262745112, 0.235294119, 0.105882354, 0.203921571
vb0[719]+000 COLOR: 0.262745112, 0.235294119, 0.105882354, 0.203921571
vb0[719]+012 TEXCOORD: 0.0124969482, 0.850097656
vb0[719]+000 TEXCOORD1: 0.262745112, 0.235294119, 0.105882354, 0.203921571
vb0[719]+000 TEXCOORD2: 0.262745112, 0.235294119, 0.105882354, 0.203921571
vb0[719]+000 TEXCOORD3: 0.262745112, 0.235294119, 0.105882354, 0.203921571
vb0[719]+000 TANGENT: 0.262745112, 0.235294119, 0.105882354, 0.203921571

vb0[720]+000 POSITION: 1.0390625, 0.256591797, 0.249389648, 1
vb0[720]+000 NORMAL: 0.156862751, 0.235294119, 0.105882354, 0.203921571
vb0[720]+000 COLOR: 0.156862751, 0.235294119, 0.105882354, 0.203921571
vb0[720]+012 TEXCOORD: 0.0375061035, 0.850097656
vb0[720]+000 TEXCOORD1: 0.156862751, 0.235294119, 0.105882354, 0.203921571
vb0[720]+000 TEXCOORD2: 0.156862751, 0.235294119, 0.105882354, 0.203921571
vb0[720]+000 TEXCOORD3: 0.156862751, 0.235294119, 0.105882354, 0.203921571
vb0[720]+000 TANGENT: 0.156862751, 0.235294119, 0.105882354, 0.203921571

vb0[721]+000 POSITION: 0.987304688, 0.256591797, 0.408935547, 1
vb0[721]+000 NORMAL: 0.90196079, 0.23137255, 0.105882354, 0.203921571
vb0[721]+000 COLOR: 0.90196079, 0.23137255, 0.105882354, 0.203921571
vb0[721]+012 TEXCOORD: 0.0625, 0.850097656
vb0[721]+000 TEXCOORD1: 0.90196079, 0.23137255, 0.105882354, 0.203921571
vb0[721]+000 TEXCOORD2: 0.90196079, 0.23137255, 0.105882354, 0.203921571
vb0[721]+000 TEXCOORD3: 0.90196079, 0.23137255, 0.105882354, 0.203921571
vb0[721]+000 TANGENT: 0.90196079, 0.23137255, 0.105882354, 0.203921571

vb0[722]+000 POSITION: 0.911132813, 0.256591797, 0.558105469, 1
vb0[722]+000 NORMAL: 0.290196091, 0.23137255, 0.105882354, 0.203921571
vb0[722]+000 COLOR: 0.290196091, 0.23137255, 0.105882354, 0.203921571
vb0[722]+012 TEXCOORD: 0.0875244141, 0.850097656
vb0[722]+000 TEXCOORD1: 0.290196091, 0.23137255, 0.105882354, 0.203921571
vb0[722]+000 TEXCOORD2: 0.290196091, 0.23137255, 0.105882354, 0.203921571
vb0[722]+000 TEXCOORD3: 0.290196091, 0.23137255, 0.105882354, 0.203921571
vb0[722]+000 TANGENT: 0.290196091, 0.23137255, 0.105882354, 0.203921571

vb0[723]+000 POSITION: 0.8125, 0.256591797, 0.693847656, 1
vb0[723]+000 NORMAL: 0.501960814, 0.227450982, 0.105882354, 0.203921571
vb0[723]+000 COLOR: 0.501960814, 0.227450982, 0.105882354, 0.203921571
vb0[723]+012 TEXCOORD: 0.112487793, 0.850097656
vb0[723]+000 TEXCOORD1: 0.501960814, 0.227450982, 0.105882354, 0.203921571
vb0[723]+000 TEXCOORD2: 0.501960814, 0.227450982, 0.105882354, 0.203921571
vb0[723]+000 TEXCOORD3: 0.501960814, 0.227450982, 0.105882354, 0.203921571
vb0[723]+000 TANGENT: 0.501960814, 0.227450982, 0.105882354, 0.203921571

vb0[724]+000 POSITION: 0.693847656, 0.256591797, 0.8125, 1
vb0[724]+000 NORMAL: 0.552941203, 0.223529413, 0.105882354, 0.203921571
vb0[724]+000 COLOR: 0.552941203, 0.223529413, 0.105882354, 0.203921571
vb0[724]+012 TEXCOORD: 0.137451172, 0.850097656
vb0[724]+000 TEXCOORD1: 0.552941203, 0.223529413, 0.105882354, 0.203921571
vb0[724]+000 TEXCOORD2: 0.552941203, 0.223529413, 0.105882354, 0.203921571
vb0[724]+000 TEXCOORD3: 0.552941203, 0.223529413, 0.105882354, 0.203921571
vb0[724]+000 TANGENT: 0.552941203, 0.223529413, 0.105882354, 0.203921571

vb0[725]+000 POSITION: 0.558105469, 0.256591797, 0.911132813, 1
vb0[725]+000 NORMAL: 0.466666669, 0.219607845, 0.105882354, 0.203921571
vb0[725]+000 COLOR: 0.466666669, 0.219607845, 0.105882354, 0.203921571
vb0[725]+012 TEXCOORD: 0.162475586, 0.850097656
vb0[725]+000 TEXCOORD1: 0.466666669, 0.219607845, 0.105882354, 0.203921571
vb0[725]+000 TEXCOORD2: 0.466666669, 0.219607845, 0.105882354, 0.203921571
vb0[725]+000 TEXCOORD3: 0.466666669, 0.219607845, 0.105882354, 0.203921571
vb0[725]+000 TANGENT: 0.466666669, 0.219607845, 0.105882354, 0.203921571

vb0[726]+000 POSITION: 0.408935547, 0.256591797, 0.987304688, 1
vb0[726]+000 NORMAL: 0.545098066, 0.211764708, 0.105882354, 0.203921571
vb0[726]+000 COLOR: 0.545098066, 0.211764708, 0.105882354, 0.203921571
vb0[726]+012 TEXCOORD: 0.1875, 0.850097656
vb0[726]+000 TEXCOORD1: 0.545098066, 0.211764708, 0.105882354, 0.203921571
vb0[726]+000 TEXCOORD2: 0.545098066, 0.211764708, 0.105882354, 0.203921571
vb0[726]+000 TEXCOORD3: 0.545098066, 0.211764708, 0.105882354, 0.203921571
vb0[726]+000 TANGENT: 0.545098066, 0.211764708, 0.105882354, 0.203921571

vb0[727]+000 POSITION: 0.249389648, 0.256591797, 1.0390625, 1
vb0[727]+000 NORMAL: 0.984313726, 0.200000003, 0.105882354, 0.203921571
vb0[727]+000 COLOR: 0.984313726, 0.200000003, 0.105882354, 0.203921571
vb0[727]+012 TEXCOORD: 0.212524414, 0.850097656
vb0[727]+000 TEXCOORD1: 0.984313726, 0.200000003, 0.105882354, 0.203921571
vb0[727]+000 TEXCOORD2: 0.984313726, 0.200000003, 0.105882354, 0.203921571
vb0[727]+000 TEXCOORD3: 0.984313726, 0.200000003, 0.105882354, 0.203921571
vb0[727]+000 TANGENT: 0.984313726, 0.200000003, 0.105882354, 0.203921571

vb0[728]+000 POSITION: 0.0838623047, 0.256591797, 1.06542969, 1
vb0[728]+000 NORMAL: 0.368627459, 0.176470593, 0.105882354, 0.203921571
vb0[728]+000 COLOR: 0.368627459, 0.176470593, 0.105882354, 0.203921571
vb0[728]+012 TEXCOORD: 0.237548828, 0.850097656
vb0[728]+000 TEXCOORD1: 0.368627459, 0.176470593, 0.105882354, 0.203921571
vb0[728]+000 TEXCOORD2: 0.368627459, 0.176470593, 0.105882354, 0.203921571
vb0[728]+000 TEXCOORD3: 0.368627459, 0.176470593, 0.105882354, 0.203921571
vb0[728]+000 TANGENT: 0.368627459, 0.176470593, 0.105882354, 0.203921571

vb0[729]+000 POSITION: -0.0838623047, 0.256591797, 1.06542969, 1
vb0[729]+000 NORMAL: 0.368627459, 0.678431392, 0.105882354, 0.203921571
vb0[729]+000 COLOR: 0.368627459, 0.678431392, 0.105882354, 0.203921571
vb0[729]+012 TEXCOORD: 0.262451172, 0.850097656
vb0[729]+000 TEXCOORD1: 0.368627459, 0.678431392, 0.105882354, 0.203921571
vb0[729]+000 TEXCOORD2: 0.368627459, 0.678431392, 0.105882354, 0.203921571
vb0[729]+000 TEXCOORD3: 0.368627459, 0.678431392, 0.105882354, 0.203921571
vb0[729]+000 TANGENT: 0.368627459, 0.678431392, 0.105882354, 0.203921571

vb0[730]+000 POSITION: -0.249389648, 0.256591797, 1.0390625, 1
vb0[730]+000 NORMAL: 0.984313726, 0.701960802, 0.105882354, 0.203921571
vb0[730]+000 COLOR: 0.984313726, 0.701960802, 0.105882354, 0.203921571
vb0[730]+012 TEXCOORD: 0.287597656, 0.850097656
vb0[730]+000 TEXCOORD1: 0.984313726, 0.701960802, 0.105882354, 0.203921571
vb0[730]+000 TEXCOORD2: 0.984313726, 0.701960802, 0.105882354, 0.203921571
vb0[730]+000 TEXCOORD3: 0.984313726, 0.701960802, 0.105882354, 0.203921571
vb0[730]+000 TANGENT: 0.984313726, 0.701960802, 0.105882354, 0.203921571

vb0[731]+000 POSITION: -0.408935547, 0.256591797, 0.987304688, 1
vb0[731]+000 NORMAL: 0.545098066, 0.713725507, 0.105882354, 0.203921571
vb0[731]+000 COLOR: 0.545098066, 0.713725507, 0.105882354, 0.203921571
vb0[731]+012 TEXCOORD: 0.3125, 0.850097656
vb0[731]+000 TEXCOORD1: 0.545098066, 0.713725507, 0.105882354, 0.203921571
vb0[731]+000 TEXCOORD2: 0.545098066, 0.713725507, 0.105882354, 0.203921571
vb0[731]+000 TEXCOORD3: 0.545098066, 0.713725507, 0.105882354, 0.203921571
vb0[731]+000 TANGENT: 0.545098066, 0.713725507, 0.105882354, 0.203921571

vb0[732]+000 POSITION: -0.558105469, 0.256591797, 0.911132813, 1
vb0[732]+000 NORMAL: 0.466666669, 0.721568644, 0.105882354, 0.203921571
vb0[732]+000 COLOR: 0.466666669, 0.721568644, 0.105882354, 0.203921571
vb0[732]+012 TEXCOORD: 0.337402344, 0.850097656
vb0[732]+000 TEXCOORD1: 0.466666669, 0.721568644, 0.105882354, 0.203921571
vb0[732]+000 TEXCOORD2: 0.466666669, 0.721568644, 0.105882354, 0.203921571
vb0[732]+000 TEXCOORD3: 0.466666669, 0.721568644, 0.105882354, 0.203921571
vb0[732]+000 TANGENT: 0.466666669, 0.721568644, 0.105882354, 0.203921571

vb0[733]+000 POSITION: -0.693847656, 0.256591797, 0.8125, 1
vb0[733]+000 NORMAL: 0.552941203, 0.725490212, 0.105882354, 0.203921571
vb0[733]+000 COLOR: 0.552941203, 0.725490212, 0.105882354, 0.203921571
vb0[733]+012 TEXCOORD: 0.362548828, 0.850097656
vb0[733]+000 TEXCOORD1: 0.552941203, 0.725490212, 0.105882354, 0.203921571
vb0[733]+000 TEXCOORD2: 0.552941203, 0.725490212, 0.105882354, 0.203921571
vb0[733]+000 TEXCOORD3: 0.552941203, 0.725490212, 0.105882354, 0.203921571
vb0[733]+000 TANGENT: 0.552941203, 0.725490212, 0.105882354, 0.203921571

vb0[734]+000 POSITION: -0.8125, 0.256591797, 0.693847656, 1
vb0[734]+000 NORMAL: 0.501960814, 0.729411781, 0.105882354, 0.203921571
vb0[734]+000 COLOR: 0.501960814, 0.729411781, 0.105882354, 0.203921571
vb0[734]+012 TEXCOORD: 0.387451172, 0.850097656
vb0[734]+000 TEXCOORD1: 0.501960814, 0.729411781, 0.105882354, 0.203921571
vb0[734]+000 TEXCOORD2: 0.501960814, 0.729411781, 0.105882354, 0.203921571
vb0[734]+000 TEXCOORD3: 0.501960814, 0.729411781, 0.105882354, 0.203921571
vb0[734]+000 TANGENT: 0.501960814, 0.729411781, 0.105882354, 0.203921571

vb0[735]+000 POSITION: -0.911132813, 0.256591797, 0.558105469, 1
vb0[735]+000 NORMAL: 0.290196091, 0.733333349, 0.105882354, 0.203921571
vb0[735]+000 COLOR: 0.290196091, 0.733333349, 0.105882354, 0.203921571
vb0[735]+012 TEXCOORD: 0.412597656, 0.850097656
vb0[735]+000 TEXCOORD1: 0.290196091, 0.733333349, 0.105882354, 0.203921571
vb0[735]+000 TEXCOORD2: 0.290196091, 0.733333349, 0.105882354, 0.203921571
vb0[735]+000 TEXCOORD3: 0.290196091, 0.733333349, 0.105882354, 0.203921571
vb0[735]+000 TANGENT: 0.290196091, 0.733333349, 0.105882354, 0.203921571

vb0[736]+000 POSITION: -0.987304688, 0.256591797, 0.408935547, 1
vb0[736]+000 NORMAL: 0.90196079, 0.733333349, 0.105882354, 0.203921571
vb0[736]+000 COLOR: 0.90196079, 0.733333349, 0.105882354, 0.203921571
vb0[736]+012 TEXCOORD: 0.4375, 0.850097656
vb0[736]+000 TEXCOORD1: 0.90196079, 0.733333349, 0.105882354, 0.203921571
vb0[736]+000 TEXCOORD2: 0.90196079, 0.733333349, 0.105882354, 0.203921571
vb0[736]+000 TEXCOORD3: 0.90196079, 0.733333349, 0.105882354, 0.203921571
vb0[736]+000 TANGENT: 0.90196079, 0.733333349, 0.105882354, 0.203921571

vb0[737]+000 POSITION: -1.0390625, 0.256591797, 0.249389648, 1
vb0[737]+000 NORMAL: 0.156862751, 0.737254918, 0.105882354, 0.203921571
vb0[737]+000 COLOR: 0.156862751, 0.737254918, 0.105882354, 0.203921571
vb0[737]+012 TEXCOORD: 0.462402344, 0.850097656
vb0[737]+000 TEXCOORD1: 0.156862751, 0.737254918, 0.105882354, 0.203921571
vb0[737]+000 TEXCOORD2: 0.156862751, 0.737254918, 0.105882354, 0.203921571
vb0[737]+000 TEXCOORD3: 0.156862751, 0.737254918, 0.105882354, 0.203921571
vb0[737]+000 TANGENT: 0.156862751, 0.737254918, 0.105882354, 0.203921571

vb0[738]+000 POSITION: -1.06542969, 0.256591797, 0.0838623047, 1
vb0[738]+000 NORMAL: 0.262745112, 0.737254918, 0.105882354, 0.203921571
vb0[738]+000 COLOR: 0.262745112, 0.737254918, 0.105882354, 0.203921571
vb0[738]+012 TEXCOORD: 0.487548828, 0.850097656
vb0[738]+000 TEXCOORD1: 0.262745112, 0.737254918, 0.105882354, 0.203921571
vb0[738]+000 TEXCOORD2: 0.262745112, 0.737254918, 0.105882354, 0.203921571
vb0[738]+000 TEXCOORD3: 0.262745112, 0.737254918, 0.105882354, 0.203921571
vb0[738]+000 TANGENT: 0.262745112, 0.737254918, 0.105882354, 0.203921571

vb0[739]+000 POSITION: -0.638183594, 0.171875, 0.877929688, 1
vb0[739]+000 NORMAL: 0.105882354, 0.725490212, 0.501960814, 0.192156866
vb0[739]+000 COLOR: 0.105882354, 0.725490212, 0.501960814, 0.192156866
vb0[739]+012 TEXCOORD: 0.350097656, 0.899902344
vb0[739]+000 TEXCOORD1: 0.105882354, 0.725490212, 0.501960814, 0.192156866
vb0[739]+000 TEXCOORD2: 0.105882354, 0.725490212, 0.501960814, 0.192156866
vb0[739]+000 TEXCOORD3: 0.105882354, 0.725490212, 0.501960814, 0.192156866
vb0[739]+000 TANGENT: 0.105882354, 0.725490212, 0.501960814, 0.192156866

vb0[740]+000 POSITION: -0.492675781, 0.171875, 0.967285156, 1
vb0[740]+000 NORMAL: 0.886274517, 0.717647076, 0.501960814, 0.192156866
vb0[740]+000 COLOR: 0.886274517, 0.717647076, 0.501960814, 0.192156866
vb0[740]+012 TEXCOORD: 0.324951172, 0.899902344
vb0[740]+000 TEXCOORD1: 0.886274517, 0.717647076, 0.501960814, 0.192156866
vb0[740]+000 TEXCOORD2: 0.886274517, 0.717647076, 0.501960814, 0.192156866
vb0[740]+000 TEXCOORD3: 0.886274517, 0.717647076, 0.501960814, 0.192156866
vb0[740]+000 TANGENT: 0.886274517, 0.717647076, 0.501960814, 0.192156866

vb0[741]+000 POSITION: -0.767578125, 0.171875, 0.767578125, 1
vb0[741]+000 NORMAL: 0.141176477, 0.729411781, 0.501960814, 0.192156866
vb0[741]+000 COLOR: 0.141176477, 0.729411781, 0.501960814, 0.192156866
vb0[741]+012 TEXCOORD: 0.375, 0.899902344
vb0[741]+000 TEXCOORD1: 0.141176477, 0.729411781, 0.501960814, 0.192156866
vb0[741]+000 TEXCOORD2: 0.141176477, 0.729411781, 0.501960814, 0.192156866
vb0[741]+000 TEXCOORD3: 0.141176477, 0.729411781, 0.501960814, 0.192156866
vb0[741]+000 TANGENT: 0.141176477, 0.729411781, 0.501960814, 0.192156866

vb0[742]+000 POSITION: -0.877929688, 0.171875, 0.638183594, 1
vb0[742]+000 NORMAL: 0.0235294122, 0.733333349, 0.501960814, 0.192156866
vb0[742]+000 COLOR: 0.0235294122, 0.733333349, 0.501960814, 0.192156866
vb0[742]+012 TEXCOORD: 0.399902344, 0.899902344
vb0[742]+000 TEXCOORD1: 0.0235294122, 0.733333349, 0.501960814, 0.192156866
vb0[742]+000 TEXCOORD2: 0.0235294122, 0.733333349, 0.501960814, 0.192156866
vb0[742]+000 TEXCOORD3: 0.0235294122, 0.733333349, 0.501960814, 0.192156866
vb0[742]+000 TANGENT: 0.0235294122, 0.733333349, 0.501960814, 0.192156866

vb0[743]+000 POSITION: -0.967285156, 0.171875, 0.492675781, 1
vb0[743]+000 NORMAL: 0.741176486, 0.733333349, 0.501960814, 0.192156866
vb0[743]+000 COLOR: 0.741176486, 0.733333349, 0.501960814, 0.192156866
vb0[743]+012 TEXCOORD: 0.425048828, 0.899902344
vb0[743]+000 TEXCOORD1: 0.741176486, 0.733333349, 0.501960814, 0.192156866
vb0[743]+000 TEXCOORD2: 0.741176486, 0.733333349, 0.501960814, 0.192156866
vb0[743]+000 TEXCOORD3: 0.741176486, 0.733333349, 0.501960814, 0.192156866
vb0[743]+000 TANGENT: 0.741176486, 0.733333349, 0.501960814, 0.192156866

vb0[744]+000 POSITION: -1.03222656, 0.171875, 0.335449219, 1
vb0[744]+000 NORMAL: 0.129411772, 0.737254918, 0.501960814, 0.192156866
vb0[744]+000 COLOR: 0.129411772, 0.737254918, 0.501960814, 0.192156866
vb0[744]+012 TEXCOORD: 0.449951172, 0.899902344
vb0[744]+000 TEXCOORD1: 0.129411772, 0.737254918, 0.501960814, 0.192156866
vb0[744]+000 TEXCOORD2: 0.129411772, 0.737254918, 0.501960814, 0.192156866
vb0[744]+000 TEXCOORD3: 0.129411772, 0.737254918, 0.501960814, 0.192156866
vb0[744]+000 TANGENT: 0.129411772, 0.737254918, 0.501960814, 0.192156866

vb0[745]+000 POSITION: -1.07226563, 0.171875, 0.169799805, 1
vb0[745]+000 NORMAL: 0.290196091, 0.737254918, 0.501960814, 0.192156866
vb0[745]+000 COLOR: 0.290196091, 0.737254918, 0.501960814, 0.192156866
vb0[745]+012 TEXCOORD: 0.475097656, 0.899902344
vb0[745]+000 TEXCOORD1: 0.290196091, 0.737254918, 0.501960814, 0.192156866
vb0[745]+000 TEXCOORD2: 0.290196091, 0.737254918, 0.501960814, 0.192156866
vb0[745]+000 TEXCOORD3: 0.290196091, 0.737254918, 0.501960814, 0.192156866
vb0[745]+000 TANGENT: 0.290196091, 0.737254918, 0.501960814, 0.192156866

vb0[746]+000 POSITION: -1.08496094, 0.171875, -2.2958874e-41, 1
vb0[746]+000 NORMAL: 0.34117648, 0.737254918, 0.501960814, 0.192156866
vb0[746]+000 COLOR: 0.34117648, 0.737254918, 0.501960814, 0.192156866
vb0[746]+012 TEXCOORD: 0.5, 0.899902344
vb0[746]+000 TEXCOORD1: 0.34117648, 0.737254918, 0.501960814, 0.192156866
vb0[746]+000 TEXCOORD2: 0.34117648, 0.737254918, 0.501960814, 0.192156866
vb0[746]+000 TEXCOORD3: 0.34117648, 0.737254918, 0.501960814, 0.192156866
vb0[746]+000 TANGENT: 0.34117648, 0.737254918, 0.501960814, 0.192156866

vb0[747]+000 POSITION: -1.07226563, 0.171875, -0.169799805, 1
vb0[747]+000 NORMAL: 0.290196091, 0.737254918, 0.501960814, 0.192156866
vb0[747]+000 COLOR: 0.290196091, 0.737254918, 0.501960814, 0.192156866
vb0[747]+012 TEXCOORD: 0.524902344, 0.899902344
vb0[747]+000 TEXCOORD1: 0.290196091, 0.737254918, 0.501960814, 0.192156866
vb0[747]+000 TEXCOORD2: 0.290196091, 0.737254918, 0.501960814, 0.192156866
vb0[747]+000 TEXCOORD3: 0.290196091, 0.737254918, 0.501960814, 0.192156866
vb0[747]+000 TANGENT: 0.290196091, 0.737254918, 0.501960814, 0.192156866

vb0[748]+000 POSITION: -1.03222656, 0.171875, -0.335449219, 1
vb0[748]+000 NORMAL: 0.129411772, 0.737254918, 0.501960814, 0.192156866
vb0[748]+000 COLOR: 0.129411772, 0.737254918, 0.501960814, 0.192156866
vb0[748]+012 TEXCOORD: 0.549804688, 0.899902344
vb0[748]+000 TEXCOORD1: 0.129411772, 0.737254918, 0.501960814, 0.192156866
vb0[748]+000 TEXCOORD2: 0.129411772, 0.737254918, 0.501960814, 0.192156866
vb0[748]+000 TEXCOORD3: 0.129411772, 0.737254918, 0.501960814, 0.192156866
vb0[748]+000 TANGENT: 0.129411772, 0.737254918, 0.501960814, 0.192156866

vb0[749]+000 POSITION: -0.967285156, 0.171875, -0.492675781, 1
vb0[749]+000 NORMAL: 0.741176486, 0.733333349, 0.501960814, 0.192156866
vb0[749]+000 COLOR: 0.741176486, 0.733333349, 0.501960814, 0.192156866
vb0[749]+012 TEXCOORD: 0.575195313, 0.899902344
vb0[749]+000 TEXCOORD1: 0.741176486, 0.733333349, 0.501960814, 0.192156866
vb0[749]+000 TEXCOORD2: 0.741176486, 0.733333349, 0.501960814, 0.192156866
vb0[749]+000 TEXCOORD3: 0.741176486, 0.733333349, 0.501960814, 0.192156866
vb0[749]+000 TANGENT: 0.741176486, 0.733333349, 0.501960814, 0.192156866

vb0[750]+000 POSITION: -0.877929688, 0.171875, -0.638183594, 1
vb0[750]+000 NORMAL: 0.0235294122, 0.733333349, 0.501960814, 0.192156866
vb0[750]+000 COLOR: 0.0235294122, 0.733333349, 0.501960814, 0.192156866
vb0[750]+012 TEXCOORD: 0.600097656, 0.899902344
vb0[750]+000 TEXCOORD1: 0.0235294122, 0.733333349, 0.501960814, 0.192156866
vb0[750]+000 TEXCOORD2: 0.0235294122, 0.733333349, 0.501960814, 0.192156866
vb0[750]+000 TEXCOORD3: 0.0235294122, 0.733333349, 0.501960814, 0.192156866
vb0[750]+000 TANGENT: 0.0235294122, 0.733333349, 0.501960814, 0.192156866

vb0[751]+000 POSITION: -0.767578125, 0.171875, -0.767578125, 1
vb0[751]+000 NORMAL: 0.141176477, 0.729411781, 0.501960814, 0.192156866
vb0[751]+000 COLOR: 0.141176477, 0.729411781, 0.501960814, 0.192156866
vb0[751]+012 TEXCOORD: 0.625, 0.899902344
vb0[751]+000 TEXCOORD1: 0.141176477, 0.729411781, 0.501960814, 0.192156866
vb0[751]+000 TEXCOORD2: 0.141176477, 0.729411781, 0.501960814, 0.192156866
vb0[751]+000 TEXCOORD3: 0.141176477, 0.729411781, 0.501960814, 0.192156866
vb0[751]+000 TANGENT: 0.141176477, 0.729411781, 0.501960814, 0.192156866

vb0[752]+000 POSITION: -0.638183594, 0.171875, -0.877929688, 1
vb0[752]+000 NORMAL: 0.105882354, 0.725490212, 0.501960814, 0.192156866
vb0[752]+000 COLOR: 0.105882354, 0.725490212, 0.501960814, 0.192156866
vb0[752]+012 TEXCOORD: 0.649902344, 0.899902344
vb0[752]+000 TEXCOORD1: 0.105882354, 0.725490212, 0.501960814, 0.192156866
vb0[752]+000 TEXCOORD2: 0.105882354, 0.725490212, 0.501960814, 0.192156866
vb0[752]+000 TEXCOORD3: 0.105882354, 0.725490212, 0.501960814, 0.192156866
vb0[752]+000 TANGENT: 0.105882354, 0.725490212, 0.501960814, 0.192156866

vb0[753]+000 POSITION: -1.06542969, 0.0862426758, 0.255859375, 1
vb0[753]+000 NORMAL: 0.262745112, 0.737254918, 0.521568656, 0.176470593
vb0[753]+000 COLOR: 0.262745112, 0.737254918, 0.521568656, 0.176470593
vb0[753]+012 TEXCOORD: 0.462402344, 0.950195313
vb0[753]+000 TEXCOORD1: 0.262745112, 0.737254918, 0.521568656, 0.176470593
vb0[753]+000 TEXCOORD2: 0.262745112, 0.737254918, 0.521568656, 0.176470593
vb0[753]+000 TEXCOORD3: 0.262745112, 0.737254918, 0.521568656, 0.176470593
vb0[753]+000 TANGENT: 0.262745112, 0.737254918, 0.521568656, 0.176470593

vb0[754]+000 POSITION: -1.09179688, 0.0862426758, 0.0859375, 1
vb0[754]+000 NORMAL: 0.368627459, 0.737254918, 0.521568656, 0.176470593
vb0[754]+000 COLOR: 0.368627459, 0.737254918, 0.521568656, 0.176470593
vb0[754]+012 TEXCOORD: 0.487548828, 0.950195313
vb0[754]+000 TEXCOORD1: 0.368627459, 0.737254918, 0.521568656, 0.176470593
vb0[754]+000 TEXCOORD2: 0.368627459, 0.737254918, 0.521568656, 0.176470593
vb0[754]+000 TEXCOORD3: 0.368627459, 0.737254918, 0.521568656, 0.176470593
vb0[754]+000 TANGENT: 0.368627459, 0.737254918, 0.521568656, 0.176470593

vb0[755]+000 POSITION: -1.06542969, 0.0862426758, -0.255859375, 1
vb0[755]+000 NORMAL: 0.262745112, 0.737254918, 0.521568656, 0.176470593
vb0[755]+000 COLOR: 0.262745112, 0.737254918, 0.521568656, 0.176470593
vb0[755]+012 TEXCOORD: 0.537597656, 0.950195313
vb0[755]+000 TEXCOORD1: 0.262745112, 0.737254918, 0.521568656, 0.176470593
vb0[755]+000 TEXCOORD2: 0.262745112, 0.737254918, 0.521568656, 0.176470593
vb0[755]+000 TEXCOORD3: 0.262745112, 0.737254918, 0.521568656, 0.176470593
vb0[755]+000 TANGENT: 0.262745112, 0.737254918, 0.521568656, 0.176470593

vb0[756]+000 POSITION: -1.01171875, 0.0862426758, -0.419189453, 1
vb0[756]+000 NORMAL: 0.0470588244, 0.737254918, 0.521568656, 0.176470593
vb0[756]+000 COLOR: 0.0470588244, 0.737254918, 0.521568656, 0.176470593
vb0[756]+012 TEXCOORD: 0.5625, 0.950195313
vb0[756]+000 TEXCOORD1: 0.0470588244, 0.737254918, 0.521568656, 0.176470593
vb0[756]+000 TEXCOORD2: 0.0470588244, 0.737254918, 0.521568656, 0.176470593
vb0[756]+000 TEXCOORD3: 0.0470588244, 0.737254918, 0.521568656, 0.176470593
vb0[756]+000 TANGENT: 0.0470588244, 0.737254918, 0.521568656, 0.176470593

vb0[757]+000 POSITION: -0.934082031, 0.0862426758, -0.572265625, 1
vb0[757]+000 NORMAL: 0.474509805, 0.733333349, 0.521568656, 0.176470593
vb0[757]+000 COLOR: 0.474509805, 0.733333349, 0.521568656, 0.176470593
vb0[757]+012 TEXCOORD: 0.587402344, 0.950195313
vb0[757]+000 TEXCOORD1: 0.474509805, 0.733333349, 0.521568656, 0.176470593
vb0[757]+000 TEXCOORD2: 0.474509805, 0.733333349, 0.521568656, 0.176470593
vb0[757]+000 TEXCOORD3: 0.474509805, 0.733333349, 0.521568656, 0.176470593
vb0[757]+000 TANGENT: 0.474509805, 0.733333349, 0.521568656, 0.176470593

vb0[758]+000 POSITION: -0.833007813, 0.0862426758, -0.711425781, 1
vb0[758]+000 NORMAL: 0.666666687, 0.729411781, 0.521568656, 0.176470593
vb0[758]+000 COLOR: 0.666666687, 0.729411781, 0.521568656, 0.176470593
vb0[758]+012 TEXCOORD: 0.612304688, 0.950195313
vb0[758]+000 TEXCOORD1: 0.666666687, 0.729411781, 0.521568656, 0.176470593
vb0[758]+000 TEXCOORD2: 0.666666687, 0.729411781, 0.521568656, 0.176470593
vb0[758]+000 TEXCOORD3: 0.666666687, 0.729411781, 0.521568656, 0.176470593
vb0[758]+000 TANGENT: 0.666666687, 0.729411781, 0.521568656, 0.176470593

vb0[759]+000 POSITION: -0.711425781, 0.0862426758, -0.833007813, 1
vb0[759]+000 NORMAL: 0.694117665, 0.725490212, 0.521568656, 0.176470593
vb0[759]+000 COLOR: 0.694117665, 0.725490212, 0.521568656, 0.176470593
vb0[759]+012 TEXCOORD: 0.637695313, 0.950195313
vb0[759]+000 TEXCOORD1: 0.694117665, 0.725490212, 0.521568656, 0.176470593
vb0[759]+000 TEXCOORD2: 0.694117665, 0.725490212, 0.521568656, 0.176470593
vb0[759]+000 TEXCOORD3: 0.694117665, 0.725490212, 0.521568656, 0.176470593
vb0[759]+000 TANGENT: 0.694117665, 0.725490212, 0.521568656, 0.176470593

vb0[760]+000 POSITION: -0.572265625, 0.0862426758, -0.934082031, 1
vb0[760]+000 NORMAL: 0.580392182, 0.721568644, 0.521568656, 0.176470593
vb0[760]+000 COLOR: 0.580392182, 0.721568644, 0.521568656, 0.176470593
vb0[760]+012 TEXCOORD: 0.662597656, 0.950195313
vb0[760]+000 TEXCOORD1: 0.580392182, 0.721568644, 0.521568656, 0.176470593
vb0[760]+000 TEXCOORD2: 0.580392182, 0.721568644, 0.521568656, 0.176470593
vb0[760]+000 TEXCOORD3: 0.580392182, 0.721568644, 0.521568656, 0.176470593
vb0[760]+000 TANGENT: 0.580392182, 0.721568644, 0.521568656, 0.176470593

vb0[761]+000 POSITION: -0.419189453, 0.0862426758, -1.01171875, 1
vb0[761]+000 NORMAL: 0.709803939, 0.713725507, 0.521568656, 0.176470593
vb0[761]+000 COLOR: 0.709803939, 0.713725507, 0.521568656, 0.176470593
vb0[761]+012 TEXCOORD: 0.6875, 0.950195313
vb0[761]+000 TEXCOORD1: 0.709803939, 0.713725507, 0.521568656, 0.176470593
vb0[761]+000 TEXCOORD2: 0.709803939, 0.713725507, 0.521568656, 0.176470593
vb0[761]+000 TEXCOORD3: 0.709803939, 0.713725507, 0.521568656, 0.176470593
vb0[761]+000 TANGENT: 0.709803939, 0.713725507, 0.521568656, 0.176470593

vb0[762]+000 POSITION: -0.255859375, 0.0862426758, -1.06542969, 1
vb0[762]+000 NORMAL: 0.0941176489, 0.70588237, 0.521568656, 0.176470593
vb0[762]+000 COLOR: 0.0941176489, 0.70588237, 0.521568656, 0.176470593
vb0[762]+012 TEXCOORD: 0.712402344, 0.950195313
vb0[762]+000 TEXCOORD1: 0.0941176489, 0.70588237, 0.521568656, 0.176470593
vb0[762]+000 TEXCOORD2: 0.0941176489, 0.70588237, 0.521568656, 0.176470593
vb0[762]+000 TEXCOORD3: 0.0941176489, 0.70588237, 0.521568656, 0.176470593
vb0[762]+000 TANGENT: 0.0941176489, 0.70588237, 0.521568656, 0.176470593

vb0[763]+000 POSITION: -0.169799805, 0.171875, -1.07226563, 1
vb0[763]+000 NORMAL: 0.435294122, 0.694117665, 0.501960814, 0.192156866
vb0[763]+000 COLOR: 0.435294122, 0.694117665, 0.501960814, 0.192156866
vb0[763]+012 TEXCOORD: 0.725097656, 0.899902344
vb0[763]+000 TEXCOORD1: 0.435294122, 0.694117665, 0.501960814, 0.192156866
vb0[763]+000 TEXCOORD2: 0.435294122, 0.694117665, 0.501960814, 0.192156866
vb0[763]+000 TEXCOORD3: 0.435294122, 0.694117665, 0.501960814, 0.192156866
vb0[763]+000 TANGENT: 0.435294122, 0.694117665, 0.501960814, 0.192156866

vb0[764]+000 POSITION: 0, 0.171875, -1.08496094, 1
vb0[764]+000 NORMAL: 0, 0, 0.501960814, 0.192156866
vb0[764]+000 COLOR: 0, 0, 0.501960814, 0.192156866
vb0[764]+012 TEXCOORD: 0.75, 0.899902344
vb0[764]+000 TEXCOORD1: 0, 0, 0.501960814, 0.192156866
vb0[764]+000 TEXCOORD2: 0, 0, 0.501960814, 0.192156866
vb0[764]+000 TEXCOORD3: 0, 0, 0.501960814, 0.192156866
vb0[764]+000 TANGENT: 0, 0, 0.501960814, 0.192156866

vb0[765]+000 POSITION: 0.169799805, 0.171875, -1.07226563, 1
vb0[765]+000 NORMAL: 0.435294122, 0.192156866, 0.501960814, 0.192156866
vb0[765]+000 COLOR: 0.435294122, 0.192156866, 0.501960814, 0.192156866
vb0[765]+012 TEXCOORD: 0.774902344, 0.899902344
vb0[765]+000 TEXCOORD1: 0.435294122, 0.192156866, 0.501960814, 0.192156866
vb0[765]+000 TEXCOORD2: 0.435294122, 0.192156866, 0.501960814, 0.192156866
vb0[765]+000 TEXCOORD3: 0.435294122, 0.192156866, 0.501960814, 0.192156866
vb0[765]+000 TANGENT: 0.435294122, 0.192156866, 0.501960814, 0.192156866

vb0[766]+000 POSITION: -0.0859375, 0.0862426758, -1.09179688, 1
vb0[766]+000 NORMAL: 0.501960814, 0.678431392, 0.521568656, 0.176470593
vb0[766]+000 COLOR: 0.501960814, 0.678431392, 0.521568656, 0.176470593
vb0[766]+012 TEXCOORD: 0.737304688, 0.950195313
vb0[766]+000 TEXCOORD1: 0.501960814, 0.678431392, 0.521568656, 0.176470593
vb0[766]+000 TEXCOORD2: 0.501960814, 0.678431392, 0.521568656, 0.176470593
vb0[766]+000 TEXCOORD3: 0.501960814, 0.678431392, 0.521568656, 0.176470593
vb0[766]+000 TANGENT: 0.501960814, 0.678431392, 0.521568656, 0.176470593

vb0[767]+000 POSITION: 0.0859375, 0.0862426758, -1.09179688, 1
vb0[767]+000 NORMAL: 0.501960814, 0.176470593, 0.521568656, 0.176470593
vb0[767]+000 COLOR: 0.501960814, 0.176470593, 0.521568656, 0.176470593
vb0[767]+012 TEXCOORD: 0.762695313, 0.950195313
vb0[767]+000 TEXCOORD1: 0.501960814, 0.176470593, 0.521568656, 0.176470593
vb0[767]+000 TEXCOORD2: 0.501960814, 0.176470593, 0.521568656, 0.176470593
vb0[767]+000 TEXCOORD3: 0.501960814, 0.176470593, 0.521568656, 0.176470593
vb0[767]+000 TANGENT: 0.501960814, 0.176470593, 0.521568656, 0.176470593

vb0[768]+000 POSITION: -0.889160156, -1.1479437e-41, -0.645996094, 1
vb0[768]+000 NORMAL: 0.113725491, 0.733333349, 0.00392156886, 0.501960814
vb0[768]+000 COLOR: 0.113725491, 0.733333349, 0.00392156886, 0.501960814
vb0[768]+012 TEXCOORD: 0.600097656, 1
vb0[768]+000 TEXCOORD1: 0.113725491, 0.733333349, 0.00392156886, 0.501960814
vb0[768]+000 TEXCOORD2: 0.113725491, 0.733333349, 0.00392156886, 0.501960814
vb0[768]+000 TEXCOORD3: 0.113725491, 0.733333349, 0.00392156886, 0.501960814
vb0[768]+000 TANGENT: 0.113725491, 0.733333349, 0.00392156886, 0.501960814

vb0[769]+000 POSITION: -0.776855469, -1.1479437e-41, -0.776855469, 1
vb0[769]+000 NORMAL: 0.215686277, 0.729411781, 0.00392156886, 0.501960814
vb0[769]+000 COLOR: 0.215686277, 0.729411781, 0.00392156886, 0.501960814
vb0[769]+012 TEXCOORD: 0.625, 1
vb0[769]+000 TEXCOORD1: 0.215686277, 0.729411781, 0.00392156886, 0.501960814
vb0[769]+000 TEXCOORD2: 0.215686277, 0.729411781, 0.00392156886, 0.501960814
vb0[769]+000 TEXCOORD3: 0.215686277, 0.729411781, 0.00392156886, 0.501960814
vb0[769]+000 TANGENT: 0.215686277, 0.729411781, 0.00392156886, 0.501960814

vb0[770]+000 POSITION: -0.498779297, -1.1479437e-41, -0.979003906, 1
vb0[770]+000 NORMAL: 0.984313726, 0.717647076, 0.00392156886, 0.501960814
vb0[770]+000 COLOR: 0.984313726, 0.717647076, 0.00392156886, 0.501960814
vb0[770]+012 TEXCOORD: 0.674804688, 1
vb0[770]+000 TEXCOORD1: 0.984313726, 0.717647076, 0.00392156886, 0.501960814
vb0[770]+000 TEXCOORD2: 0.984313726, 0.717647076, 0.00392156886, 0.501960814
vb0[770]+000 TEXCOORD3: 0.984313726, 0.717647076, 0.00392156886, 0.501960814
vb0[770]+000 TANGENT: 0.984313726, 0.717647076, 0.00392156886, 0.501960814

vb0[771]+000 POSITION: -0.339599609, -1.1479437e-41, -1.04492188, 1
vb0[771]+000 NORMAL: 0.435294122, 0.709803939, 0.00392156886, 0.501960814
vb0[771]+000 COLOR: 0.435294122, 0.709803939, 0.00392156886, 0.501960814
vb0[771]+012 TEXCOORD: 0.700195313, 1
vb0[771]+000 TEXCOORD1: 0.435294122, 0.709803939, 0.00392156886, 0.501960814
vb0[771]+000 TEXCOORD2: 0.435294122, 0.709803939, 0.00392156886, 0.501960814
vb0[771]+000 TEXCOORD3: 0.435294122, 0.709803939, 0.00392156886, 0.501960814
vb0[771]+000 TANGENT: 0.435294122, 0.709803939, 0.00392156886, 0.501960814

vb0[772]+000 POSITION: -0.171875, -1.1479437e-41, -1.08496094, 1
vb0[772]+000 NORMAL: 0.501960814, 0.694117665, 0.00392156886, 0.501960814
vb0[772]+000 COLOR: 0.501960814, 0.694117665, 0.00392156886, 0.501960814
vb0[772]+012 TEXCOORD: 0.725097656, 1
vb0[772]+000 TEXCOORD1: 0.501960814, 0.694117665, 0.00392156886, 0.501960814
vb0[772]+000 TEXCOORD2: 0.501960814, 0.694117665, 0.00392156886, 0.501960814
vb0[772]+000 TEXCOORD3: 0.501960814, 0.694117665, 0.00392156886, 0.501960814
vb0[772]+000 TANGENT: 0.501960814, 0.694117665, 0.00392156886, 0.501960814

vb0[773]+000 POSITION: 0, -1.1479437e-41, -1.09863281, 1
vb0[773]+000 NORMAL: 0, 0, 0.00392156886, 0.501960814
vb0[773]+000 COLOR: 0, 0, 0.00392156886, 0.501960814
vb0[773]+012 TEXCOORD: 0.75, 1
vb0[773]+000 TEXCOORD1: 0, 0, 0.00392156886, 0.501960814
vb0[773]+000 TEXCOORD2: 0, 0, 0.00392156886, 0.501960814
vb0[773]+000 TEXCOORD3: 0, 0, 0.00392156886, 0.501960814
vb0[773]+000 TANGENT: 0, 0, 0.00392156886, 0.501960814

vb0[774]+000 POSITION: -0.833007813, -0.0862426758, -0.711425781, 1
vb0[774]+000 NORMAL: 0.666666687, 0.729411781, 0.521568656, 0.678431392
vb0[774]+000 COLOR: 0.666666687, 0.729411781, 0.521568656, 0.678431392
vb0[774]+012 TEXCOORD: 0.612304688, 1.04980469
vb0[774]+000 TEXCOORD1: 0.666666687, 0.729411781, 0.521568656, 0.678431392
vb0[774]+000 TEXCOORD2: 0.666666687, 0.729411781, 0.521568656, 0.678431392
vb0[774]+000 TEXCOORD3: 0.666666687, 0.729411781, 0.521568656, 0.678431392
vb0[774]+000 TANGENT: 0.666666687, 0.729411781, 0.521568656, 0.678431392

vb0[775]+000 POSITION: -0.934082031, -0.0862426758, -0.572265625, 1
vb0[775]+000 NORMAL: 0.474509805, 0.733333349, 0.521568656, 0.678431392
vb0[775]+000 COLOR: 0.474509805, 0.733333349, 0.521568656, 0.678431392
vb0[775]+012 TEXCOORD: 0.587402344, 1.04980469
vb0[775]+000 TEXCOORD1: 0.474509805, 0.733333349, 0.521568656, 0.678431392
vb0[775]+000 TEXCOORD2: 0.474509805, 0.733333349, 0.521568656, 0.678431392
vb0[775]+000 TEXCOORD3: 0.474509805, 0.733333349, 0.521568656, 0.678431392
vb0[775]+000 TANGENT: 0.474509805, 0.733333349, 0.521568656, 0.678431392

vb0[776]+000 POSITION: -0.979003906, -1.1479437e-41, -0.498779297, 1
vb0[776]+000 NORMAL: 0.835294127, 0.733333349, 0.00392156886, 0.501960814
vb0[776]+000 COLOR: 0.835294127, 0.733333349, 0.00392156886, 0.501960814
vb0[776]+012 TEXCOORD: 0.575195313, 1
vb0[776]+000 TEXCOORD1: 0.835294127, 0.733333349, 0.00392156886, 0.501960814
vb0[776]+000 TEXCOORD2: 0.835294127, 0.733333349, 0.00392156886, 0.501960814
vb0[776]+000 TEXCOORD3: 0.835294127, 0.733333349, 0.00392156886, 0.501960814
vb0[776]+000 TANGENT: 0.835294127, 0.733333349, 0.00392156886, 0.501960814

vb0[777]+000 POSITION: -1.04492188, -1.1479437e-41, -0.339599609, 1
vb0[777]+000 NORMAL: 0.180392161, 0.737254918, 0.00392156886, 0.501960814
vb0[777]+000 COLOR: 0.180392161, 0.737254918, 0.00392156886, 0.501960814
vb0[777]+012 TEXCOORD: 0.549804688, 1
vb0[777]+000 TEXCOORD1: 0.180392161, 0.737254918, 0.00392156886, 0.501960814
vb0[777]+000 TEXCOORD2: 0.180392161, 0.737254918, 0.00392156886, 0.501960814
vb0[777]+000 TEXCOORD3: 0.180392161, 0.737254918, 0.00392156886, 0.501960814
vb0[777]+000 TANGENT: 0.180392161, 0.737254918, 0.00392156886, 0.501960814

vb0[778]+000 POSITION: -1.08496094, -1.1479437e-41, -0.171875, 1
vb0[778]+000 NORMAL: 0.34117648, 0.737254918, 0.00392156886, 0.501960814
vb0[778]+000 COLOR: 0.34117648, 0.737254918, 0.00392156886, 0.501960814
vb0[778]+012 TEXCOORD: 0.524902344, 1
vb0[778]+000 TEXCOORD1: 0.34117648, 0.737254918, 0.00392156886, 0.501960814
vb0[778]+000 TEXCOORD2: 0.34117648, 0.737254918, 0.00392156886, 0.501960814
vb0[778]+000 TEXCOORD3: 0.34117648, 0.737254918, 0.00392156886, 0.501960814
vb0[778]+000 TANGENT: 0.34117648, 0.737254918, 0.00392156886, 0.501960814

vb0[779]+000 POSITION: -1.09179688, 0.0862426758, -0.0859375, 1
vb0[779]+000 NORMAL: 0.368627459, 0.737254918, 0.521568656, 0.176470593
vb0[779]+000 COLOR: 0.368627459, 0.737254918, 0.521568656, 0.176470593
vb0[779]+012 TEXCOORD: 0.512695313, 0.950195313
vb0[779]+000 TEXCOORD1: 0.368627459, 0.737254918, 0.521568656, 0.176470593
vb0[779]+000 TEXCOORD2: 0.368627459, 0.737254918, 0.521568656, 0.176470593
vb0[779]+000 TEXCOORD3: 0.368627459, 0.737254918, 0.521568656, 0.176470593
vb0[779]+000 TANGENT: 0.368627459, 0.737254918, 0.521568656, 0.176470593

vb0[780]+000 POSITION: -1.09863281, -1.1479437e-41, -2.2958874e-41, 1
vb0[780]+000 NORMAL: 0.396078438, 0.737254918, 0.00392156886, 0.501960814
vb0[780]+000 COLOR: 0.396078438, 0.737254918, 0.00392156886, 0.501960814
vb0[780]+012 TEXCOORD: 0.5, 1
vb0[780]+000 TEXCOORD1: 0.396078438, 0.737254918, 0.00392156886, 0.501960814
vb0[780]+000 TEXCOORD2: 0.396078438, 0.737254918, 0.00392156886, 0.501960814
vb0[780]+000 TEXCOORD3: 0.396078438, 0.737254918, 0.00392156886, 0.501960814
vb0[780]+000 TANGENT: 0.396078438, 0.737254918, 0.00392156886, 0.501960814

vb0[781]+000 POSITION: -1.08496094, -1.1479437e-41, 0.171875, 1
vb0[781]+000 NORMAL: 0.34117648, 0.737254918, 0.00392156886, 0.501960814
vb0[781]+000 COLOR: 0.34117648, 0.737254918, 0.00392156886, 0.501960814
vb0[781]+012 TEXCOORD: 0.475097656, 1
vb0[781]+000 TEXCOORD1: 0.34117648, 0.737254918, 0.00392156886, 0.501960814
vb0[781]+000 TEXCOORD2: 0.34117648, 0.737254918, 0.00392156886, 0.501960814
vb0[781]+000 TEXCOORD3: 0.34117648, 0.737254918, 0.00392156886, 0.501960814
vb0[781]+000 TANGENT: 0.34117648, 0.737254918, 0.00392156886, 0.501960814

vb0[782]+000 POSITION: -1.04492188, -1.1479437e-41, 0.339599609, 1
vb0[782]+000 NORMAL: 0.180392161, 0.737254918, 0.00392156886, 0.501960814
vb0[782]+000 COLOR: 0.180392161, 0.737254918, 0.00392156886, 0.501960814
vb0[782]+012 TEXCOORD: 0.449951172, 1
vb0[782]+000 TEXCOORD1: 0.180392161, 0.737254918, 0.00392156886, 0.501960814
vb0[782]+000 TEXCOORD2: 0.180392161, 0.737254918, 0.00392156886, 0.501960814
vb0[782]+000 TEXCOORD3: 0.180392161, 0.737254918, 0.00392156886, 0.501960814
vb0[782]+000 TANGENT: 0.180392161, 0.737254918, 0.00392156886, 0.501960814

vb0[783]+000 POSITION: -1.01171875, 0.0862426758, 0.419189453, 1
vb0[783]+000 NORMAL: 0.0470588244, 0.737254918, 0.521568656, 0.176470593
vb0[783]+000 COLOR: 0.0470588244, 0.737254918, 0.521568656, 0.176470593
vb0[783]+012 TEXCOORD: 0.4375, 0.950195313
vb0[783]+000 TEXCOORD1: 0.0470588244, 0.737254918, 0.521568656, 0.176470593
vb0[783]+000 TEXCOORD2: 0.0470588244, 0.737254918, 0.521568656, 0.176470593
vb0[783]+000 TEXCOORD3: 0.0470588244, 0.737254918, 0.521568656, 0.176470593
vb0[783]+000 TANGENT: 0.0470588244, 0.737254918, 0.521568656, 0.176470593

vb0[784]+000 POSITION: -0.934082031, 0.0862426758, 0.572265625, 1
vb0[784]+000 NORMAL: 0.474509805, 0.733333349, 0.521568656, 0.176470593
vb0[784]+000 COLOR: 0.474509805, 0.733333349, 0.521568656, 0.176470593
vb0[784]+012 TEXCOORD: 0.412597656, 0.950195313
vb0[784]+000 TEXCOORD1: 0.474509805, 0.733333349, 0.521568656, 0.176470593
vb0[784]+000 TEXCOORD2: 0.474509805, 0.733333349, 0.521568656, 0.176470593
vb0[784]+000 TEXCOORD3: 0.474509805, 0.733333349, 0.521568656, 0.176470593
vb0[784]+000 TANGENT: 0.474509805, 0.733333349, 0.521568656, 0.176470593

vb0[785]+000 POSITION: -0.833007813, 0.0862426758, 0.711425781, 1
vb0[785]+000 NORMAL: 0.666666687, 0.729411781, 0.521568656, 0.176470593
vb0[785]+000 COLOR: 0.666666687, 0.729411781, 0.521568656, 0.176470593
vb0[785]+012 TEXCOORD: 0.387451172, 0.950195313
vb0[785]+000 TEXCOORD1: 0.666666687, 0.729411781, 0.521568656, 0.176470593
vb0[785]+000 TEXCOORD2: 0.666666687, 0.729411781, 0.521568656, 0.176470593
vb0[785]+000 TEXCOORD3: 0.666666687, 0.729411781, 0.521568656, 0.176470593
vb0[785]+000 TANGENT: 0.666666687, 0.729411781, 0.521568656, 0.176470593

vb0[786]+000 POSITION: -0.711425781, 0.0862426758, 0.833007813, 1
vb0[786]+000 NORMAL: 0.694117665, 0.725490212, 0.521568656, 0.176470593
vb0[786]+000 COLOR: 0.694117665, 0.725490212, 0.521568656, 0.176470593
vb0[786]+012 TEXCOORD: 0.362548828, 0.950195313
vb0[786]+000 TEXCOORD1: 0.694117665, 0.725490212, 0.521568656, 0.176470593
vb0[786]+000 TEXCOORD2: 0.694117665, 0.725490212, 0.521568656, 0.176470593
vb0[786]+000 TEXCOORD3: 0.694117665, 0.725490212, 0.521568656, 0.176470593
vb0[786]+000 TANGENT: 0.694117665, 0.725490212, 0.521568656, 0.176470593

vb0[787]+000 POSITION: -0.572265625, 0.0862426758, 0.934082031, 1
vb0[787]+000 NORMAL: 0.580392182, 0.721568644, 0.521568656, 0.176470593
vb0[787]+000 COLOR: 0.580392182, 0.721568644, 0.521568656, 0.176470593
vb0[787]+012 TEXCOORD: 0.337402344, 0.950195313
vb0[787]+000 TEXCOORD1: 0.580392182, 0.721568644, 0.521568656, 0.176470593
vb0[787]+000 TEXCOORD2: 0.580392182, 0.721568644, 0.521568656, 0.176470593
vb0[787]+000 TEXCOORD3: 0.580392182, 0.721568644, 0.521568656, 0.176470593
vb0[787]+000 TANGENT: 0.580392182, 0.721568644, 0.521568656, 0.176470593

vb0[788]+000 POSITION: -0.419189453, 0.0862426758, 1.01171875, 1
vb0[788]+000 NORMAL: 0.709803939, 0.713725507, 0.521568656, 0.176470593
vb0[788]+000 COLOR: 0.709803939, 0.713725507, 0.521568656, 0.176470593
vb0[788]+012 TEXCOORD: 0.3125, 0.950195313
vb0[788]+000 TEXCOORD1: 0.709803939, 0.713725507, 0.521568656, 0.176470593
vb0[788]+000 TEXCOORD2: 0.709803939, 0.713725507, 0.521568656, 0.176470593
vb0[788]+000 TEXCOORD3: 0.709803939, 0.713725507, 0.521568656, 0.176470593
vb0[788]+000 TANGENT: 0.709803939, 0.713725507, 0.521568656, 0.176470593

vb0[789]+000 POSITION: -0.335449219, 0.171875, 1.03222656, 1
vb0[789]+000 NORMAL: 0.368627459, 0.709803939, 0.501960814, 0.192156866
vb0[789]+000 COLOR: 0.368627459, 0.709803939, 0.501960814, 0.192156866
vb0[789]+012 TEXCOORD: 0.300048828, 0.899902344
vb0[789]+000 TEXCOORD1: 0.368627459, 0.709803939, 0.501960814, 0.192156866
vb0[789]+000 TEXCOORD2: 0.368627459, 0.709803939, 0.501960814, 0.192156866
vb0[789]+000 TEXCOORD3: 0.368627459, 0.709803939, 0.501960814, 0.192156866
vb0[789]+000 TANGENT: 0.368627459, 0.709803939, 0.501960814, 0.192156866

vb0[790]+000 POSITION: -0.169799805, 0.171875, 1.07226563, 1
vb0[790]+000 NORMAL: 0.435294122, 0.694117665, 0.501960814, 0.192156866
vb0[790]+000 COLOR: 0.435294122, 0.694117665, 0.501960814, 0.192156866
vb0[790]+012 TEXCOORD: 0.274902344, 0.899902344
vb0[790]+000 TEXCOORD1: 0.435294122, 0.694117665, 0.501960814, 0.192156866
vb0[790]+000 TEXCOORD2: 0.435294122, 0.694117665, 0.501960814, 0.192156866
vb0[790]+000 TEXCOORD3: 0.435294122, 0.694117665, 0.501960814, 0.192156866
vb0[790]+000 TANGENT: 0.435294122, 0.694117665, 0.501960814, 0.192156866

vb0[791]+000 POSITION: -1.1479437e-41, 0.171875, 1.08496094, 1
vb0[791]+000 NORMAL: 0.00392156886, 0.501960814, 0.501960814, 0.192156866
vb0[791]+000 COLOR: 0.00392156886, 0.501960814, 0.501960814, 0.192156866
vb0[791]+012 TEXCOORD: 0.25, 0.899902344
vb0[791]+000 TEXCOORD1: 0.00392156886, 0.501960814, 0.501960814, 0.192156866
vb0[791]+000 TEXCOORD2: 0.00392156886, 0.501960814, 0.501960814, 0.192156866
vb0[791]+000 TEXCOORD3: 0.00392156886, 0.501960814, 0.501960814, 0.192156866
vb0[791]+000 TANGENT: 0.00392156886, 0.501960814, 0.501960814, 0.192156866

vb0[792]+000 POSITION: 0.169799805, 0.171875, 1.07226563, 1
vb0[792]+000 NORMAL: 0.435294122, 0.192156866, 0.501960814, 0.192156866
vb0[792]+000 COLOR: 0.435294122, 0.192156866, 0.501960814, 0.192156866
vb0[792]+012 TEXCOORD: 0.224975586, 0.899902344
vb0[792]+000 TEXCOORD1: 0.435294122, 0.192156866, 0.501960814, 0.192156866
vb0[792]+000 TEXCOORD2: 0.435294122, 0.192156866, 0.501960814, 0.192156866
vb0[792]+000 TEXCOORD3: 0.435294122, 0.192156866, 0.501960814, 0.192156866
vb0[792]+000 TANGENT: 0.435294122, 0.192156866, 0.501960814, 0.192156866

vb0[793]+000 POSITION: 0.335449219, 0.171875, 1.03222656, 1
vb0[793]+000 NORMAL: 0.368627459, 0.20784314, 0.501960814, 0.192156866
vb0[793]+000 COLOR: 0.368627459, 0.20784314, 0.501960814, 0.192156866
vb0[793]+012 TEXCOORD: 0.199951172, 0.899902344
vb0[793]+000 TEXCOORD1: 0.368627459, 0.20784314, 0.501960814, 0.192156866
vb0[793]+000 TEXCOORD2: 0.368627459, 0.20784314, 0.501960814, 0.192156866
vb0[793]+000 TEXCOORD3: 0.368627459, 0.20784314, 0.501960814, 0.192156866
vb0[793]+000 TANGENT: 0.368627459, 0.20784314, 0.501960814, 0.192156866

vb0[794]+000 POSITION: 0.492675781, 0.171875, 0.967285156, 1
vb0[794]+000 NORMAL: 0.886274517, 0.215686277, 0.501960814, 0.192156866
vb0[794]+000 COLOR: 0.886274517, 0.215686277, 0.501960814, 0.192156866
vb0[794]+012 TEXCOORD: 0.175048828, 0.899902344
vb0[794]+000 TEXCOORD1: 0.886274517, 0.215686277, 0.501960814, 0.192156866
vb0[794]+000 TEXCOORD2: 0.886274517, 0.215686277, 0.501960814, 0.192156866
vb0[794]+000 TEXCOORD3: 0.886274517, 0.215686277, 0.501960814, 0.192156866
vb0[794]+000 TANGENT: 0.886274517, 0.215686277, 0.501960814, 0.192156866

vb0[795]+000 POSITION: 0.638183594, 0.171875, 0.877929688, 1
vb0[795]+000 NORMAL: 0.105882354, 0.223529413, 0.501960814, 0.192156866
vb0[795]+000 COLOR: 0.105882354, 0.223529413, 0.501960814, 0.192156866
vb0[795]+012 TEXCOORD: 0.150024414, 0.899902344
vb0[795]+000 TEXCOORD1: 0.105882354, 0.223529413, 0.501960814, 0.192156866
vb0[795]+000 TEXCOORD2: 0.105882354, 0.223529413, 0.501960814, 0.192156866
vb0[795]+000 TEXCOORD3: 0.105882354, 0.223529413, 0.501960814, 0.192156866
vb0[795]+000 TANGENT: 0.105882354, 0.223529413, 0.501960814, 0.192156866

vb0[796]+000 POSITION: 0.767578125, 0.171875, 0.767578125, 1
vb0[796]+000 NORMAL: 0.141176477, 0.227450982, 0.501960814, 0.192156866
vb0[796]+000 COLOR: 0.141176477, 0.227450982, 0.501960814, 0.192156866
vb0[796]+012 TEXCOORD: 0.125, 0.899902344
vb0[796]+000 TEXCOORD1: 0.141176477, 0.227450982, 0.501960814, 0.192156866
vb0[796]+000 TEXCOORD2: 0.141176477, 0.227450982, 0.501960814, 0.192156866
vb0[796]+000 TEXCOORD3: 0.141176477, 0.227450982, 0.501960814, 0.192156866
vb0[796]+000 TANGENT: 0.141176477, 0.227450982, 0.501960814, 0.192156866

vb0[797]+000 POSITION: 0.877929688, 0.171875, 0.638183594, 1
vb0[797]+000 NORMAL: 0.0235294122, 0.23137255, 0.501960814, 0.192156866
vb0[797]+000 COLOR: 0.0235294122, 0.23137255, 0.501960814, 0.192156866
vb0[797]+012 TEXCOORD: 0.0999755859, 0.899902344
vb0[797]+000 TEXCOORD1: 0.0235294122, 0.23137255, 0.501960814, 0.192156866
vb0[797]+000 TEXCOORD2: 0.0235294122, 0.23137255, 0.501960814, 0.192156866
vb0[797]+000 TEXCOORD3: 0.0235294122, 0.23137255, 0.501960814, 0.192156866
vb0[797]+000 TANGENT: 0.0235294122, 0.23137255, 0.501960814, 0.192156866

vb0[798]+000 POSITION: 0.967285156, 0.171875, 0.492675781, 1
vb0[798]+000 NORMAL: 0.741176486, 0.23137255, 0.501960814, 0.192156866
vb0[798]+000 COLOR: 0.741176486, 0.23137255, 0.501960814, 0.192156866
vb0[798]+012 TEXCOORD: 0.075012207, 0.899902344
vb0[798]+000 TEXCOORD1: 0.741176486, 0.23137255, 0.501960814, 0.192156866
vb0[798]+000 TEXCOORD2: 0.741176486, 0.23137255, 0.501960814, 0.192156866
vb0[798]+000 TEXCOORD3: 0.741176486, 0.23137255, 0.501960814, 0.192156866
vb0[798]+000 TANGENT: 0.741176486, 0.23137255, 0.501960814, 0.192156866

vb0[799]+000 POSITION: 1.03222656, 0.171875, 0.335449219, 1
vb0[799]+000 NORMAL: 0.129411772, 0.235294119, 0.501960814, 0.192156866
vb0[799]+000 COLOR: 0.129411772, 0.235294119, 0.501960814, 0.192156866
vb0[799]+012 TEXCOORD: 0.049987793, 0.899902344
vb0[799]+000 TEXCOORD1: 0.129411772, 0.235294119, 0.501960814, 0.192156866
vb0[799]+000 TEXCOORD2: 0.129411772, 0.235294119, 0.501960814, 0.192156866
vb0[799]+000 TEXCOORD3: 0.129411772, 0.235294119, 0.501960814, 0.192156866
vb0[799]+000 TANGENT: 0.129411772, 0.235294119, 0.501960814, 0.192156866

vb0[800]+000 POSITION: 1.07226563, 0.171875, 0.169799805, 1
vb0[800]+000 NORMAL: 0.290196091, 0.235294119, 0.501960814, 0.192156866
vb0[800]+000 COLOR: 0.290196091, 0.235294119, 0.501960814, 0.192156866
vb0[800]+012 TEXCOORD: 0.0249938965, 0.899902344
vb0[800]+000 TEXCOORD1: 0.290196091, 0.235294119, 0.501960814, 0.192156866
vb0[800]+000 TEXCOORD2: 0.290196091, 0.235294119, 0.501960814, 0.192156866
vb0[800]+000 TEXCOORD3: 0.290196091, 0.235294119, 0.501960814, 0.192156866
vb0[800]+000 TANGENT: 0.290196091, 0.235294119, 0.501960814, 0.192156866

vb0[801]+000 POSITION: 1.08496094, 0.171875, 0, 1
vb0[801]+000 NORMAL: 0.34117648, 0.235294119, 0.501960814, 0.192156866
vb0[801]+000 COLOR: 0.34117648, 0.235294119, 0.501960814, 0.192156866
vb0[801]+012 TEXCOORD: 0, 0.899902344
vb0[801]+000 TEXCOORD1: 0.34117648, 0.235294119, 0.501960814, 0.192156866
vb0[801]+000 TEXCOORD2: 0.34117648, 0.235294119, 0.501960814, 0.192156866
vb0[801]+000 TEXCOORD3: 0.34117648, 0.235294119, 0.501960814, 0.192156866
vb0[801]+000 TANGENT: 0.34117648, 0.235294119, 0.501960814, 0.192156866

vb0[802]+000 POSITION: 1.07226563, 0.171875, -0.169799805, 1
vb0[802]+000 NORMAL: 0.290196091, 0.235294119, 0.501960814, 0.192156866
vb0[802]+000 COLOR: 0.290196091, 0.235294119, 0.501960814, 0.192156866
vb0[802]+012 TEXCOORD: -0.0249938965, 0.899902344
vb0[802]+000 TEXCOORD1: 0.290196091, 0.235294119, 0.501960814, 0.192156866
vb0[802]+000 TEXCOORD2: 0.290196091, 0.235294119, 0.501960814, 0.192156866
vb0[802]+000 TEXCOORD3: 0.290196091, 0.235294119, 0.501960814, 0.192156866
vb0[802]+000 TANGENT: 0.290196091, 0.235294119, 0.501960814, 0.192156866

vb0[803]+000 POSITION: 1.03222656, 0.171875, -0.335449219, 1
vb0[803]+000 NORMAL: 0.129411772, 0.235294119, 0.501960814, 0.192156866
vb0[803]+000 COLOR: 0.129411772, 0.235294119, 0.501960814, 0.192156866
vb0[803]+012 TEXCOORD: -0.049987793, 0.899902344
vb0[803]+000 TEXCOORD1: 0.129411772, 0.235294119, 0.501960814, 0.192156866
vb0[803]+000 TEXCOORD2: 0.129411772, 0.235294119, 0.501960814, 0.192156866
vb0[803]+000 TEXCOORD3: 0.129411772, 0.235294119, 0.501960814, 0.192156866
vb0[803]+000 TANGENT: 0.129411772, 0.235294119, 0.501960814, 0.192156866

vb0[804]+000 POSITION: 0.967285156, 0.171875, -0.492675781, 1
vb0[804]+000 NORMAL: 0.741176486, 0.23137255, 0.501960814, 0.192156866
vb0[804]+000 COLOR: 0.741176486, 0.23137255, 0.501960814, 0.192156866
vb0[804]+012 TEXCOORD: -0.075012207, 0.899902344
vb0[804]+000 TEXCOORD1: 0.741176486, 0.23137255, 0.501960814, 0.192156866
vb0[804]+000 TEXCOORD2: 0.741176486, 0.23137255, 0.501960814, 0.192156866
vb0[804]+000 TEXCOORD3: 0.741176486, 0.23137255, 0.501960814, 0.192156866
vb0[804]+000 TANGENT: 0.741176486, 0.23137255, 0.501960814, 0.192156866

vb0[805]+000 POSITION: 0.877929688, 0.171875, -0.638183594, 1
vb0[805]+000 NORMAL: 0.0235294122, 0.23137255, 0.501960814, 0.192156866
vb0[805]+000 COLOR: 0.0235294122, 0.23137255, 0.501960814, 0.192156866
vb0[805]+012 TEXCOORD: -0.0999755859, 0.899902344
vb0[805]+000 TEXCOORD1: 0.0235294122, 0.23137255, 0.501960814, 0.192156866
vb0[805]+000 TEXCOORD2: 0.0235294122, 0.23137255, 0.501960814, 0.192156866
vb0[805]+000 TEXCOORD3: 0.0235294122, 0.23137255, 0.501960814, 0.192156866
vb0[805]+000 TANGENT: 0.0235294122, 0.23137255, 0.501960814, 0.192156866

vb0[806]+000 POSITION: 0.767578125, 0.171875, -0.767578125, 1
vb0[806]+000 NORMAL: 0.141176477, 0.227450982, 0.501960814, 0.192156866
vb0[806]+000 COLOR: 0.141176477, 0.227450982, 0.501960814, 0.192156866
vb0[806]+012 TEXCOORD: -0.125, 0.899902344
vb0[806]+000 TEXCOORD1: 0.141176477, 0.227450982, 0.501960814, 0.192156866
vb0[806]+000 TEXCOORD2: 0.141176477, 0.227450982, 0.501960814, 0.192156866
vb0[806]+000 TEXCOORD3: 0.141176477, 0.227450982, 0.501960814, 0.192156866
vb0[806]+000 TANGENT: 0.141176477, 0.227450982, 0.501960814, 0.192156866

vb0[807]+000 POSITION: 0.638183594, 0.171875, -0.877929688, 1
vb0[807]+000 NORMAL: 0.105882354, 0.223529413, 0.501960814, 0.192156866
vb0[807]+000 COLOR: 0.105882354, 0.223529413, 0.501960814, 0.192156866
vb0[807]+012 TEXCOORD: -0.150024414, 0.899902344
vb0[807]+000 TEXCOORD1: 0.105882354, 0.223529413, 0.501960814, 0.192156866
vb0[807]+000 TEXCOORD2: 0.105882354, 0.223529413, 0.501960814, 0.192156866
vb0[807]+000 TEXCOORD3: 0.105882354, 0.223529413, 0.501960814, 0.192156866
vb0[807]+000 TANGENT: 0.105882354, 0.223529413, 0.501960814, 0.192156866

vb0[808]+000 POSITION: 0.492675781, 0.171875, -0.967285156, 1
vb0[808]+000 NORMAL: 0.886274517, 0.215686277, 0.501960814, 0.192156866
vb0[808]+000 COLOR: 0.886274517, 0.215686277, 0.501960814, 0.192156866
vb0[808]+012 TEXCOORD: -0.175048828, 0.899902344
vb0[808]+000 TEXCOORD1: 0.886274517, 0.215686277, 0.501960814, 0.192156866
vb0[808]+000 TEXCOORD2: 0.886274517, 0.215686277, 0.501960814, 0.192156866
vb0[808]+000 TEXCOORD3: 0.886274517, 0.215686277, 0.501960814, 0.192156866
vb0[808]+000 TANGENT: 0.886274517, 0.215686277, 0.501960814, 0.192156866

vb0[809]+000 POSITION: 0.335449219, 0.171875, -1.03222656, 1
vb0[809]+000 NORMAL: 0.368627459, 0.20784314, 0.501960814, 0.192156866
vb0[809]+000 COLOR: 0.368627459, 0.20784314, 0.501960814, 0.192156866
vb0[809]+012 TEXCOORD: -0.199951172, 0.899902344
vb0[809]+000 TEXCOORD1: 0.368627459, 0.20784314, 0.501960814, 0.192156866
vb0[809]+000 TEXCOORD2: 0.368627459, 0.20784314, 0.501960814, 0.192156866
vb0[809]+000 TEXCOORD3: 0.368627459, 0.20784314, 0.501960814, 0.192156866
vb0[809]+000 TANGENT: 0.368627459, 0.20784314, 0.501960814, 0.192156866

vb0[810]+000 POSITION: 0.169799805, 0.171875, -1.07226563, 1
vb0[810]+000 NORMAL: 0.435294122, 0.192156866, 0.501960814, 0.192156866
vb0[810]+000 COLOR: 0.435294122, 0.192156866, 0.501960814, 0.192156866
vb0[810]+012 TEXCOORD: -0.224975586, 0.899902344
vb0[810]+000 TEXCOORD1: 0.435294122, 0.192156866, 0.501960814, 0.192156866
vb0[810]+000 TEXCOORD2: 0.435294122, 0.192156866, 0.501960814, 0.192156866
vb0[810]+000 TEXCOORD3: 0.435294122, 0.192156866, 0.501960814, 0.192156866
vb0[810]+000 TANGENT: 0.435294122, 0.192156866, 0.501960814, 0.192156866

vb0[811]+000 POSITION: 0.255859375, 0.0862426758, -1.06542969, 1
vb0[811]+000 NORMAL: 0.0941176489, 0.203921571, 0.521568656, 0.176470593
vb0[811]+000 COLOR: 0.0941176489, 0.203921571, 0.521568656, 0.176470593
vb0[811]+012 TEXCOORD: -0.212524414, 0.950195313
vb0[811]+000 TEXCOORD1: 0.0941176489, 0.203921571, 0.521568656, 0.176470593
vb0[811]+000 TEXCOORD2: 0.0941176489, 0.203921571, 0.521568656, 0.176470593
vb0[811]+000 TEXCOORD3: 0.0941176489, 0.203921571, 0.521568656, 0.176470593
vb0[811]+000 TANGENT: 0.0941176489, 0.203921571, 0.521568656, 0.176470593

vb0[812]+000 POSITION: 0.0859375, 0.0862426758, -1.09179688, 1
vb0[812]+000 NORMAL: 0.501960814, 0.176470593, 0.521568656, 0.176470593
vb0[812]+000 COLOR: 0.501960814, 0.176470593, 0.521568656, 0.176470593
vb0[812]+012 TEXCOORD: -0.237548828, 0.950195313
vb0[812]+000 TEXCOORD1: 0.501960814, 0.176470593, 0.521568656, 0.176470593
vb0[812]+000 TEXCOORD2: 0.501960814, 0.176470593, 0.521568656, 0.176470593
vb0[812]+000 TEXCOORD3: 0.501960814, 0.176470593, 0.521568656, 0.176470593
vb0[812]+000 TANGENT: 0.501960814, 0.176470593, 0.521568656, 0.176470593

vb0[813]+000 POSITION: 0.419189453, 0.0862426758, -1.01171875, 1
vb0[813]+000 NORMAL: 0.709803939, 0.211764708, 0.521568656, 0.176470593
vb0[813]+000 COLOR: 0.709803939, 0.211764708, 0.521568656, 0.176470593
vb0[813]+012 TEXCOORD: -0.1875, 0.950195313
vb0[813]+000 TEXCOORD1: 0.709803939, 0.211764708, 0.521568656, 0.176470593
vb0[813]+000 TEXCOORD2: 0.709803939, 0.211764708, 0.521568656, 0.176470593
vb0[813]+000 TEXCOORD3: 0.709803939, 0.211764708, 0.521568656, 0.176470593
vb0[813]+000 TANGENT: 0.709803939, 0.211764708, 0.521568656, 0.176470593

vb0[814]+000 POSITION: 0.572265625, 0.0862426758, -0.934082031, 1
vb0[814]+000 NORMAL: 0.580392182, 0.219607845, 0.521568656, 0.176470593
vb0[814]+000 COLOR: 0.580392182, 0.219607845, 0.521568656, 0.176470593
vb0[814]+012 TEXCOORD: -0.162475586, 0.950195313
vb0[814]+000 TEXCOORD1: 0.580392182, 0.219607845, 0.521568656, 0.176470593
vb0[814]+000 TEXCOORD2: 0.580392182, 0.219607845, 0.521568656, 0.176470593
vb0[814]+000 TEXCOORD3: 0.580392182, 0.219607845, 0.521568656, 0.176470593
vb0[814]+000 TANGENT: 0.580392182, 0.219607845, 0.521568656, 0.176470593

vb0[815]+000 POSITION: 0.711425781, 0.0862426758, -0.833007813, 1
vb0[815]+000 NORMAL: 0.694117665, 0.223529413, 0.521568656, 0.176470593
vb0[815]+000 COLOR: 0.694117665, 0.223529413, 0.521568656, 0.176470593
vb0[815]+012 TEXCOORD: -0.137451172, 0.950195313
vb0[815]+000 TEXCOORD1: 0.694117665, 0.223529413, 0.521568656, 0.176470593
vb0[815]+000 TEXCOORD2: 0.694117665, 0.223529413, 0.521568656, 0.176470593
vb0[815]+000 TEXCOORD3: 0.694117665, 0.223529413, 0.521568656, 0.176470593
vb0[815]+000 TANGENT: 0.694117665, 0.223529413, 0.521568656, 0.176470593

vb0[816]+000 POSITION: 0.833007813, 0.0862426758, -0.711425781, 1
vb0[816]+000 NORMAL: 0.666666687, 0.227450982, 0.521568656, 0.176470593
vb0[816]+000 COLOR: 0.666666687, 0.227450982, 0.521568656, 0.176470593
vb0[816]+012 TEXCOORD: -0.112487793, 0.950195313
vb0[816]+000 TEXCOORD1: 0.666666687, 0.227450982, 0.521568656, 0.176470593
vb0[816]+000 TEXCOORD2: 0.666666687, 0.227450982, 0.521568656, 0.176470593
vb0[816]+000 TEXCOORD3: 0.666666687, 0.227450982, 0.521568656, 0.176470593
vb0[816]+000 TANGENT: 0.666666687, 0.227450982, 0.521568656, 0.176470593

vb0[817]+000 POSITION: 0.934082031, 0.0862426758, -0.572265625, 1
vb0[817]+000 NORMAL: 0.474509805, 0.23137255, 0.521568656, 0.176470593
vb0[817]+000 COLOR: 0.474509805, 0.23137255, 0.521568656, 0.176470593
vb0[817]+012 TEXCOORD: -0.0875244141, 0.950195313
vb0[817]+000 TEXCOORD1: 0.474509805, 0.23137255, 0.521568656, 0.176470593
vb0[817]+000 TEXCOORD2: 0.474509805, 0.23137255, 0.521568656, 0.176470593
vb0[817]+000 TEXCOORD3: 0.474509805, 0.23137255, 0.521568656, 0.176470593
vb0[817]+000 TANGENT: 0.474509805, 0.23137255, 0.521568656, 0.176470593

vb0[818]+000 POSITION: 1.01171875, 0.0862426758, -0.419189453, 1
vb0[818]+000 NORMAL: 0.0470588244, 0.235294119, 0.521568656, 0.176470593
vb0[818]+000 COLOR: 0.0470588244, 0.235294119, 0.521568656, 0.176470593
vb0[818]+012 TEXCOORD: -0.0625, 0.950195313
vb0[818]+000 TEXCOORD1: 0.0470588244, 0.235294119, 0.521568656, 0.176470593
vb0[818]+000 TEXCOORD2: 0.0470588244, 0.235294119, 0.521568656, 0.176470593
vb0[818]+000 TEXCOORD3: 0.0470588244, 0.235294119, 0.521568656, 0.176470593
vb0[818]+000 TANGENT: 0.0470588244, 0.235294119, 0.521568656, 0.176470593

vb0[819]+000 POSITION: 1.06542969, 0.0862426758, -0.255859375, 1
vb0[819]+000 NORMAL: 0.262745112, 0.235294119, 0.521568656, 0.176470593
vb0[819]+000 COLOR: 0.262745112, 0.235294119, 0.521568656, 0.176470593
vb0[819]+012 TEXCOORD: -0.0375061035, 0.950195313
vb0[819]+000 TEXCOORD1: 0.262745112, 0.235294119, 0.521568656, 0.176470593
vb0[819]+000 TEXCOORD2: 0.262745112, 0.235294119, 0.521568656, 0.176470593
vb0[819]+000 TEXCOORD3: 0.262745112, 0.235294119, 0.521568656, 0.176470593
vb0[819]+000 TANGENT: 0.262745112, 0.235294119, 0.521568656, 0.176470593

vb0[820]+000 POSITION: 1.09179688, 0.0862426758, -0.0859375, 1
vb0[820]+000 NORMAL: 0.368627459, 0.235294119, 0.521568656, 0.176470593
vb0[820]+000 COLOR: 0.368627459, 0.235294119, 0.521568656, 0.176470593
vb0[820]+012 TEXCOORD: -0.0124969482, 0.950195313
vb0[820]+000 TEXCOORD1: 0.368627459, 0.235294119, 0.521568656, 0.176470593
vb0[820]+000 TEXCOORD2: 0.368627459, 0.235294119, 0.521568656, 0.176470593
vb0[820]+000 TEXCOORD3: 0.368627459, 0.235294119, 0.521568656, 0.176470593
vb0[820]+000 TANGENT: 0.368627459, 0.235294119, 0.521568656, 0.176470593

vb0[821]+000 POSITION: 1.09179688, 0.0862426758, 0.0859375, 1
vb0[821]+000 NORMAL: 0.368627459, 0.235294119, 0.521568656, 0.176470593
vb0[821]+000 COLOR: 0.368627459, 0.235294119, 0.521568656, 0.176470593
vb0[821]+012 TEXCOORD: 0.0124969482, 0.950195313
vb0[821]+000 TEXCOORD1: 0.368627459, 0.235294119, 0.521568656, 0.176470593
vb0[821]+000 TEXCOORD2: 0.368627459, 0.235294119, 0.521568656, 0.176470593
vb0[821]+000 TEXCOORD3: 0.368627459, 0.235294119, 0.521568656, 0.176470593
vb0[821]+000 TANGENT: 0.368627459, 0.235294119, 0.521568656, 0.176470593

vb0[822]+000 POSITION: 1.06542969, 0.0862426758, 0.255859375, 1
vb0[822]+000 NORMAL: 0.262745112, 0.235294119, 0.521568656, 0.176470593
vb0[822]+000 COLOR: 0.262745112, 0.235294119, 0.521568656, 0.176470593
vb0[822]+012 TEXCOORD: 0.0375061035, 0.950195313
vb0[822]+000 TEXCOORD1: 0.262745112, 0.235294119, 0.521568656, 0.176470593
vb0[822]+000 TEXCOORD2: 0.262745112, 0.235294119, 0.521568656, 0.176470593
vb0[822]+000 TEXCOORD3: 0.262745112, 0.235294119, 0.521568656, 0.176470593
vb0[822]+000 TANGENT: 0.262745112, 0.235294119, 0.521568656, 0.176470593

vb0[823]+000 POSITION: 1.01171875, 0.0862426758, 0.419189453, 1
vb0[823]+000 NORMAL: 0.0470588244, 0.235294119, 0.521568656, 0.176470593
vb0[823]+000 COLOR: 0.0470588244, 0.235294119, 0.521568656, 0.176470593
vb0[823]+012 TEXCOORD: 0.0625, 0.950195313
vb0[823]+000 TEXCOORD1: 0.0470588244, 0.235294119, 0.521568656, 0.176470593
vb0[823]+000 TEXCOORD2: 0.0470588244, 0.235294119, 0.521568656, 0.176470593
vb0[823]+000 TEXCOORD3: 0.0470588244, 0.235294119, 0.521568656, 0.176470593
vb0[823]+000 TANGENT: 0.0470588244, 0.235294119, 0.521568656, 0.176470593

vb0[824]+000 POSITION: 0.934082031, 0.0862426758, 0.572265625, 1
vb0[824]+000 NORMAL: 0.474509805, 0.23137255, 0.521568656, 0.176470593
vb0[824]+000 COLOR: 0.474509805, 0.23137255, 0.521568656, 0.176470593
vb0[824]+012 TEXCOORD: 0.0875244141, 0.950195313
vb0[824]+000 TEXCOORD1: 0.474509805, 0.23137255, 0.521568656, 0.176470593
vb0[824]+000 TEXCOORD2: 0.474509805, 0.23137255, 0.521568656, 0.176470593
vb0[824]+000 TEXCOORD3: 0.474509805, 0.23137255, 0.521568656, 0.176470593
vb0[824]+000 TANGENT: 0.474509805, 0.23137255, 0.521568656, 0.176470593

vb0[825]+000 POSITION: 0.833007813, 0.0862426758, 0.711425781, 1
vb0[825]+000 NORMAL: 0.666666687, 0.227450982, 0.521568656, 0.176470593
vb0[825]+000 COLOR: 0.666666687, 0.227450982, 0.521568656, 0.176470593
vb0[825]+012 TEXCOORD: 0.112487793, 0.950195313
vb0[825]+000 TEXCOORD1: 0.666666687, 0.227450982, 0.521568656, 0.176470593
vb0[825]+000 TEXCOORD2: 0.666666687, 0.227450982, 0.521568656, 0.176470593
vb0[825]+000 TEXCOORD3: 0.666666687, 0.227450982, 0.521568656, 0.176470593
vb0[825]+000 TANGENT: 0.666666687, 0.227450982, 0.521568656, 0.176470593

vb0[826]+000 POSITION: 0.711425781, 0.0862426758, 0.833007813, 1
vb0[826]+000 NORMAL: 0.694117665, 0.223529413, 0.521568656, 0.176470593
vb0[826]+000 COLOR: 0.694117665, 0.223529413, 0.521568656, 0.176470593
vb0[826]+012 TEXCOORD: 0.137451172, 0.950195313
vb0[826]+000 TEXCOORD1: 0.694117665, 0.223529413, 0.521568656, 0.176470593
vb0[826]+000 TEXCOORD2: 0.694117665, 0.223529413, 0.521568656, 0.176470593
vb0[826]+000 TEXCOORD3: 0.694117665, 0.223529413, 0.521568656, 0.176470593
vb0[826]+000 TANGENT: 0.694117665, 0.223529413, 0.521568656, 0.176470593

vb0[827]+000 POSITION: 0.572265625, 0.0862426758, 0.934082031, 1
vb0[827]+000 NORMAL: 0.580392182, 0.219607845, 0.521568656, 0.176470593
vb0[827]+000 COLOR: 0.580392182, 0.219607845, 0.521568656, 0.176470593
vb0[827]+012 TEXCOORD: 0.162475586, 0.950195313
vb0[827]+000 TEXCOORD1: 0.580392182, 0.219607845, 0.521568656, 0.176470593
vb0[827]+000 TEXCOORD2: 0.580392182, 0.219607845, 0.521568656, 0.176470593
vb0[827]+000 TEXCOORD3: 0.580392182, 0.219607845, 0.521568656, 0.176470593
vb0[827]+000 TANGENT: 0.580392182, 0.219607845, 0.521568656, 0.176470593

vb0[828]+000 POSITION: 0.419189453, 0.0862426758, 1.01171875, 1
vb0[828]+000 NORMAL: 0.709803939, 0.211764708, 0.521568656, 0.176470593
vb0[828]+000 COLOR: 0.709803939, 0.211764708, 0.521568656, 0.176470593
vb0[828]+012 TEXCOORD: 0.1875, 0.950195313
vb0[828]+000 TEXCOORD1: 0.709803939, 0.211764708, 0.521568656, 0.176470593
vb0[828]+000 TEXCOORD2: 0.709803939, 0.211764708, 0.521568656, 0.176470593
vb0[828]+000 TEXCOORD3: 0.709803939, 0.211764708, 0.521568656, 0.176470593
vb0[828]+000 TANGENT: 0.709803939, 0.211764708, 0.521568656, 0.176470593

vb0[829]+000 POSITION: 0.255859375, 0.0862426758, 1.06542969, 1
vb0[829]+000 NORMAL: 0.0941176489, 0.203921571, 0.521568656, 0.176470593
vb0[829]+000 COLOR: 0.0941176489, 0.203921571, 0.521568656, 0.176470593
vb0[829]+012 TEXCOORD: 0.212524414, 0.950195313
vb0[829]+000 TEXCOORD1: 0.0941176489, 0.203921571, 0.521568656, 0.176470593
vb0[829]+000 TEXCOORD2: 0.0941176489, 0.203921571, 0.521568656, 0.176470593
vb0[829]+000 TEXCOORD3: 0.0941176489, 0.203921571, 0.521568656, 0.176470593
vb0[829]+000 TANGENT: 0.0941176489, 0.203921571, 0.521568656, 0.176470593

vb0[830]+000 POSITION: 0.0859375, 0.0862426758, 1.09179688, 1
vb0[830]+000 NORMAL: 0.501960814, 0.176470593, 0.521568656, 0.176470593
vb0[830]+000 COLOR: 0.501960814, 0.176470593, 0.521568656, 0.176470593
vb0[830]+012 TEXCOORD: 0.237548828, 0.950195313
vb0[830]+000 TEXCOORD1: 0.501960814, 0.176470593, 0.521568656, 0.176470593
vb0[830]+000 TEXCOORD2: 0.501960814, 0.176470593, 0.521568656, 0.176470593
vb0[830]+000 TEXCOORD3: 0.501960814, 0.176470593, 0.521568656, 0.176470593
vb0[830]+000 TANGENT: 0.501960814, 0.176470593, 0.521568656, 0.176470593

vb0[831]+000 POSITION: -0.0859375, 0.0862426758, 1.09179688, 1
vb0[831]+000 NORMAL: 0.501960814, 0.678431392, 0.521568656, 0.176470593
vb0[831]+000 COLOR: 0.501960814, 0.678431392, 0.521568656, 0.176470593
vb0[831]+012 TEXCOORD: 0.262451172, 0.950195313
vb0[831]+000 TEXCOORD1: 0.501960814, 0.678431392, 0.521568656, 0.176470593
vb0[831]+000 TEXCOORD2: 0.501960814, 0.678431392, 0.521568656, 0.176470593
vb0[831]+000 TEXCOORD3: 0.501960814, 0.678431392, 0.521568656, 0.176470593
vb0[831]+000 TANGENT: 0.501960814, 0.678431392, 0.521568656, 0.176470593

vb0[832]+000 POSITION: -0.255859375, 0.0862426758, 1.06542969, 1
vb0[832]+000 NORMAL: 0.0941176489, 0.70588237, 0.521568656, 0.176470593
vb0[832]+000 COLOR: 0.0941176489, 0.70588237, 0.521568656, 0.176470593
vb0[832]+012 TEXCOORD: 0.287597656, 0.950195313
vb0[832]+000 TEXCOORD1: 0.0941176489, 0.70588237, 0.521568656, 0.176470593
vb0[832]+000 TEXCOORD2: 0.0941176489, 0.70588237, 0.521568656, 0.176470593
vb0[832]+000 TEXCOORD3: 0.0941176489, 0.70588237, 0.521568656, 0.176470593
vb0[832]+000 TANGENT: 0.0941176489, 0.70588237, 0.521568656, 0.176470593

vb0[833]+000 POSITION: 0.645996094, -1.1479437e-41, 0.889160156, 1
vb0[833]+000 NORMAL: 0.168627456, 0.223529413, 0.00392156886, 0.501960814
vb0[833]+000 COLOR: 0.168627456, 0.223529413, 0.00392156886, 0.501960814
vb0[833]+012 TEXCOORD: 0.150024414, 1
vb0[833]+000 TEXCOORD1: 0.168627456, 0.223529413, 0.00392156886, 0.501960814
vb0[833]+000 TEXCOORD2: 0.168627456, 0.223529413, 0.00392156886, 0.501960814
vb0[833]+000 TEXCOORD3: 0.168627456, 0.223529413, 0.00392156886, 0.501960814
vb0[833]+000 TANGENT: 0.168627456, 0.223529413, 0.00392156886, 0.501960814

vb0[834]+000 POSITION: 0.776855469, -1.1479437e-41, 0.776855469, 1
vb0[834]+000 NORMAL: 0.215686277, 0.227450982, 0.00392156886, 0.501960814
vb0[834]+000 COLOR: 0.215686277, 0.227450982, 0.00392156886, 0.501960814
vb0[834]+012 TEXCOORD: 0.125, 1
vb0[834]+000 TEXCOORD1: 0.215686277, 0.227450982, 0.00392156886, 0.501960814
vb0[834]+000 TEXCOORD2: 0.215686277, 0.227450982, 0.00392156886, 0.501960814
vb0[834]+000 TEXCOORD3: 0.215686277, 0.227450982, 0.00392156886, 0.501960814
vb0[834]+000 TANGENT: 0.215686277, 0.227450982, 0.00392156886, 0.501960814

vb0[835]+000 POSITION: 0.498779297, -1.1479437e-41, 0.979003906, 1
vb0[835]+000 NORMAL: 0.984313726, 0.215686277, 0.00392156886, 0.501960814
vb0[835]+000 COLOR: 0.984313726, 0.215686277, 0.00392156886, 0.501960814
vb0[835]+012 TEXCOORD: 0.175048828, 1
vb0[835]+000 TEXCOORD1: 0.984313726, 0.215686277, 0.00392156886, 0.501960814
vb0[835]+000 TEXCOORD2: 0.984313726, 0.215686277, 0.00392156886, 0.501960814
vb0[835]+000 TEXCOORD3: 0.984313726, 0.215686277, 0.00392156886, 0.501960814
vb0[835]+000 TANGENT: 0.984313726, 0.215686277, 0.00392156886, 0.501960814

vb0[836]+000 POSITION: 0.339599609, -1.1479437e-41, 1.04492188, 1
vb0[836]+000 NORMAL: 0.435294122, 0.20784314, 0.00392156886, 0.501960814
vb0[836]+000 COLOR: 0.435294122, 0.20784314, 0.00392156886, 0.501960814
vb0[836]+012 TEXCOORD: 0.199951172, 1
vb0[836]+000 TEXCOORD1: 0.435294122, 0.20784314, 0.00392156886, 0.501960814
vb0[836]+000 TEXCOORD2: 0.435294122, 0.20784314, 0.00392156886, 0.501960814
vb0[836]+000 TEXCOORD3: 0.435294122, 0.20784314, 0.00392156886, 0.501960814
vb0[836]+000 TANGENT: 0.435294122, 0.20784314, 0.00392156886, 0.501960814

vb0[837]+000 POSITION: 0.171875, -1.1479437e-41, 1.08496094, 1
vb0[837]+000 NORMAL: 0.501960814, 0.192156866, 0.00392156886, 0.501960814
vb0[837]+000 COLOR: 0.501960814, 0.192156866, 0.00392156886, 0.501960814
vb0[837]+012 TEXCOORD: 0.224975586, 1
vb0[837]+000 TEXCOORD1: 0.501960814, 0.192156866, 0.00392156886, 0.501960814
vb0[837]+000 TEXCOORD2: 0.501960814, 0.192156866, 0.00392156886, 0.501960814
vb0[837]+000 TEXCOORD3: 0.501960814, 0.192156866, 0.00392156886, 0.501960814
vb0[837]+000 TANGENT: 0.501960814, 0.192156866, 0.00392156886, 0.501960814

vb0[838]+000 POSITION: -1.1479437e-41, -1.1479437e-41, 1.09863281, 1
vb0[838]+000 NORMAL: 0.00392156886, 0.501960814, 0.00392156886, 0.501960814
vb0[838]+000 COLOR: 0.00392156886, 0.501960814, 0.00392156886, 0.501960814
vb0[838]+012 TEXCOORD: 0.25, 1
vb0[838]+000 TEXCOORD1: 0.00392156886, 0.501960814, 0.00392156886, 0.501960814
vb0[838]+000 TEXCOORD2: 0.00392156886, 0.501960814, 0.00392156886, 0.501960814
vb0[838]+000 TEXCOORD3: 0.00392156886, 0.501960814, 0.00392156886, 0.501960814
vb0[838]+000 TANGENT: 0.00392156886, 0.501960814, 0.00392156886, 0.501960814

vb0[839]+000 POSITION: -0.171875, -1.1479437e-41, 1.08496094, 1
vb0[839]+000 NORMAL: 0.501960814, 0.694117665, 0.00392156886, 0.501960814
vb0[839]+000 COLOR: 0.501960814, 0.694117665, 0.00392156886, 0.501960814
vb0[839]+012 TEXCOORD: 0.274902344, 1
vb0[839]+000 TEXCOORD1: 0.501960814, 0.694117665, 0.00392156886, 0.501960814
vb0[839]+000 TEXCOORD2: 0.501960814, 0.694117665, 0.00392156886, 0.501960814
vb0[839]+000 TEXCOORD3: 0.501960814, 0.694117665, 0.00392156886, 0.501960814
vb0[839]+000 TANGENT: 0.501960814, 0.694117665, 0.00392156886, 0.501960814

vb0[840]+000 POSITION: -0.339599609, -1.1479437e-41, 1.04492188, 1
vb0[840]+000 NORMAL: 0.435294122, 0.709803939, 0.00392156886, 0.501960814
vb0[840]+000 COLOR: 0.435294122, 0.709803939, 0.00392156886, 0.501960814
vb0[840]+012 TEXCOORD: 0.300048828, 1
vb0[840]+000 TEXCOORD1: 0.435294122, 0.709803939, 0.00392156886, 0.501960814
vb0[840]+000 TEXCOORD2: 0.435294122, 0.709803939, 0.00392156886, 0.501960814
vb0[840]+000 TEXCOORD3: 0.435294122, 0.709803939, 0.00392156886, 0.501960814
vb0[840]+000 TANGENT: 0.435294122, 0.709803939, 0.00392156886, 0.501960814

vb0[841]+000 POSITION: -0.498779297, -1.1479437e-41, 0.979003906, 1
vb0[841]+000 NORMAL: 0.984313726, 0.717647076, 0.00392156886, 0.501960814
vb0[841]+000 COLOR: 0.984313726, 0.717647076, 0.00392156886, 0.501960814
vb0[841]+012 TEXCOORD: 0.324951172, 1
vb0[841]+000 TEXCOORD1: 0.984313726, 0.717647076, 0.00392156886, 0.501960814
vb0[841]+000 TEXCOORD2: 0.984313726, 0.717647076, 0.00392156886, 0.501960814
vb0[841]+000 TEXCOORD3: 0.984313726, 0.717647076, 0.00392156886, 0.501960814
vb0[841]+000 TANGENT: 0.984313726, 0.717647076, 0.00392156886, 0.501960814

vb0[842]+000 POSITION: -0.645996094, -1.1479437e-41, 0.889160156, 1
vb0[842]+000 NORMAL: 0.168627456, 0.725490212, 0.00392156886, 0.501960814
vb0[842]+000 COLOR: 0.168627456, 0.725490212, 0.00392156886, 0.501960814
vb0[842]+012 TEXCOORD: 0.350097656, 1
vb0[842]+000 TEXCOORD1: 0.168627456, 0.725490212, 0.00392156886, 0.501960814
vb0[842]+000 TEXCOORD2: 0.168627456, 0.725490212, 0.00392156886, 0.501960814
vb0[842]+000 TEXCOORD3: 0.168627456, 0.725490212, 0.00392156886, 0.501960814
vb0[842]+000 TANGENT: 0.168627456, 0.725490212, 0.00392156886, 0.501960814

vb0[843]+000 POSITION: -0.776855469, -1.1479437e-41, 0.776855469, 1
vb0[843]+000 NORMAL: 0.215686277, 0.729411781, 0.00392156886, 0.501960814
vb0[843]+000 COLOR: 0.215686277, 0.729411781, 0.00392156886, 0.501960814
vb0[843]+012 TEXCOORD: 0.375, 1
vb0[843]+000 TEXCOORD1: 0.215686277, 0.729411781, 0.00392156886, 0.501960814
vb0[843]+000 TEXCOORD2: 0.215686277, 0.729411781, 0.00392156886, 0.501960814
vb0[843]+000 TEXCOORD3: 0.215686277, 0.729411781, 0.00392156886, 0.501960814
vb0[843]+000 TANGENT: 0.215686277, 0.729411781, 0.00392156886, 0.501960814

vb0[844]+000 POSITION: -0.889160156, -1.1479437e-41, 0.645996094, 1
vb0[844]+000 NORMAL: 0.113725491, 0.733333349, 0.00392156886, 0.501960814
vb0[844]+000 COLOR: 0.113725491, 0.733333349, 0.00392156886, 0.501960814
vb0[844]+012 TEXCOORD: 0.399902344, 1
vb0[844]+000 TEXCOORD1: 0.113725491, 0.733333349, 0.00392156886, 0.501960814
vb0[844]+000 TEXCOORD2: 0.113725491, 0.733333349, 0.00392156886, 0.501960814
vb0[844]+000 TEXCOORD3: 0.113725491, 0.733333349, 0.00392156886, 0.501960814
vb0[844]+000 TANGENT: 0.113725491, 0.733333349, 0.00392156886, 0.501960814

vb0[845]+000 POSITION: -0.979003906, -1.1479437e-41, 0.498779297, 1
vb0[845]+000 NORMAL: 0.835294127, 0.733333349, 0.00392156886, 0.501960814
vb0[845]+000 COLOR: 0.835294127, 0.733333349, 0.00392156886, 0.501960814
vb0[845]+012 TEXCOORD: 0.425048828, 1
vb0[845]+000 TEXCOORD1: 0.835294127, 0.733333349, 0.00392156886, 0.501960814
vb0[845]+000 TEXCOORD2: 0.835294127, 0.733333349, 0.00392156886, 0.501960814
vb0[845]+000 TEXCOORD3: 0.835294127, 0.733333349, 0.00392156886, 0.501960814
vb0[845]+000 TANGENT: 0.835294127, 0.733333349, 0.00392156886, 0.501960814

vb0[846]+000 POSITION: 0.255859375, -0.0862426758, 1.06542969, 1
vb0[846]+000 NORMAL: 0.0941176489, 0.203921571, 0.521568656, 0.678431392
vb0[846]+000 COLOR: 0.0941176489, 0.203921571, 0.521568656, 0.678431392
vb0[846]+012 TEXCOORD: 0.212524414, 1.04980469
vb0[846]+000 TEXCOORD1: 0.0941176489, 0.203921571, 0.521568656, 0.678431392
vb0[846]+000 TEXCOORD2: 0.0941176489, 0.203921571, 0.521568656, 0.678431392
vb0[846]+000 TEXCOORD3: 0.0941176489, 0.203921571, 0.521568656, 0.678431392
vb0[846]+000 TANGENT: 0.0941176489, 0.203921571, 0.521568656, 0.678431392

vb0[847]+000 POSITION: 0.0859375, -0.0862426758, 1.09179688, 1
vb0[847]+000 NORMAL: 0.501960814, 0.176470593, 0.521568656, 0.678431392
vb0[847]+000 COLOR: 0.501960814, 0.176470593, 0.521568656, 0.678431392
vb0[847]+012 TEXCOORD: 0.237548828, 1.04980469
vb0[847]+000 TEXCOORD1: 0.501960814, 0.176470593, 0.521568656, 0.678431392
vb0[847]+000 TEXCOORD2: 0.501960814, 0.176470593, 0.521568656, 0.678431392
vb0[847]+000 TEXCOORD3: 0.501960814, 0.176470593, 0.521568656, 0.678431392
vb0[847]+000 TANGENT: 0.501960814, 0.176470593, 0.521568656, 0.678431392

vb0[848]+000 POSITION: -0.255859375, -0.0862426758, 1.06542969, 1
vb0[848]+000 NORMAL: 0.0941176489, 0.70588237, 0.521568656, 0.678431392
vb0[848]+000 COLOR: 0.0941176489, 0.70588237, 0.521568656, 0.678431392
vb0[848]+012 TEXCOORD: 0.287597656, 1.04980469
vb0[848]+000 TEXCOORD1: 0.0941176489, 0.70588237, 0.521568656, 0.678431392
vb0[848]+000 TEXCOORD2: 0.0941176489, 0.70588237, 0.521568656, 0.678431392
vb0[848]+000 TEXCOORD3: 0.0941176489, 0.70588237, 0.521568656, 0.678431392
vb0[848]+000 TANGENT: 0.0941176489, 0.70588237, 0.521568656, 0.678431392

vb0[849]+000 POSITION: -0.419189453, -0.0862426758, 1.01171875, 1
vb0[849]+000 NORMAL: 0.709803939, 0.713725507, 0.521568656, 0.678431392
vb0[849]+000 COLOR: 0.709803939, 0.713725507, 0.521568656, 0.678431392
vb0[849]+012 TEXCOORD: 0.3125, 1.04980469
vb0[849]+000 TEXCOORD1: 0.709803939, 0.713725507, 0.521568656, 0.678431392
vb0[849]+000 TEXCOORD2: 0.709803939, 0.713725507, 0.521568656, 0.678431392
vb0[849]+000 TEXCOORD3: 0.709803939, 0.713725507, 0.521568656, 0.678431392
vb0[849]+000 TANGENT: 0.709803939, 0.713725507, 0.521568656, 0.678431392

vb0[850]+000 POSITION: -0.711425781, -0.0862426758, 0.833007813, 1
vb0[850]+000 NORMAL: 0.694117665, 0.725490212, 0.521568656, 0.678431392
vb0[850]+000 COLOR: 0.694117665, 0.725490212, 0.521568656, 0.678431392
vb0[850]+012 TEXCOORD: 0.362548828, 1.04980469
vb0[850]+000 TEXCOORD1: 0.694117665, 0.725490212, 0.521568656, 0.678431392
vb0[850]+000 TEXCOORD2: 0.694117665, 0.725490212, 0.521568656, 0.678431392
vb0[850]+000 TEXCOORD3: 0.694117665, 0.725490212, 0.521568656, 0.678431392
vb0[850]+000 TANGENT: 0.694117665, 0.725490212, 0.521568656, 0.678431392

vb0[851]+000 POSITION: -0.572265625, -0.0862426758, 0.934082031, 1
vb0[851]+000 NORMAL: 0.580392182, 0.721568644, 0.521568656, 0.678431392
vb0[851]+000 COLOR: 0.580392182, 0.721568644, 0.521568656, 0.678431392
vb0[851]+012 TEXCOORD: 0.337402344, 1.04980469
vb0[851]+000 TEXCOORD1: 0.580392182, 0.721568644, 0.521568656, 0.678431392
vb0[851]+000 TEXCOORD2: 0.580392182, 0.721568644, 0.521568656, 0.678431392
vb0[851]+000 TEXCOORD3: 0.580392182, 0.721568644, 0.521568656, 0.678431392
vb0[851]+000 TANGENT: 0.580392182, 0.721568644, 0.521568656, 0.678431392

vb0[852]+000 POSITION: -0.934082031, -0.0862426758, 0.572265625, 1
vb0[852]+000 NORMAL: 0.474509805, 0.733333349, 0.521568656, 0.678431392
vb0[852]+000 COLOR: 0.474509805, 0.733333349, 0.521568656, 0.678431392
vb0[852]+012 TEXCOORD: 0.412597656, 1.04980469
vb0[852]+000 TEXCOORD1: 0.474509805, 0.733333349, 0.521568656, 0.678431392
vb0[852]+000 TEXCOORD2: 0.474509805, 0.733333349, 0.521568656, 0.678431392
vb0[852]+000 TEXCOORD3: 0.474509805, 0.733333349, 0.521568656, 0.678431392
vb0[852]+000 TANGENT: 0.474509805, 0.733333349, 0.521568656, 0.678431392

vb0[853]+000 POSITION: -0.833007813, -0.0862426758, 0.711425781, 1
vb0[853]+000 NORMAL: 0.666666687, 0.729411781, 0.521568656, 0.678431392
vb0[853]+000 COLOR: 0.666666687, 0.729411781, 0.521568656, 0.678431392
vb0[853]+012 TEXCOORD: 0.387451172, 1.04980469
vb0[853]+000 TEXCOORD1: 0.666666687, 0.729411781, 0.521568656, 0.678431392
vb0[853]+000 TEXCOORD2: 0.666666687, 0.729411781, 0.521568656, 0.678431392
vb0[853]+000 TEXCOORD3: 0.666666687, 0.729411781, 0.521568656, 0.678431392
vb0[853]+000 TANGENT: 0.666666687, 0.729411781, 0.521568656, 0.678431392

vb0[854]+000 POSITION: 0.169799805, -0.171875, 1.07226563, 1
vb0[854]+000 NORMAL: 0.435294122, 0.192156866, 0.501960814, 0.694117665
vb0[854]+000 COLOR: 0.435294122, 0.192156866, 0.501960814, 0.694117665
vb0[854]+012 TEXCOORD: 0.224975586, 1.09960938
vb0[854]+000 TEXCOORD1: 0.435294122, 0.192156866, 0.501960814, 0.694117665
vb0[854]+000 TEXCOORD2: 0.435294122, 0.192156866, 0.501960814, 0.694117665
vb0[854]+000 TEXCOORD3: 0.435294122, 0.192156866, 0.501960814, 0.694117665
vb0[854]+000 TANGENT: 0.435294122, 0.192156866, 0.501960814, 0.694117665

vb0[855]+000 POSITION: 0.335449219, -0.171875, 1.03222656, 1
vb0[855]+000 NORMAL: 0.368627459, 0.20784314, 0.501960814, 0.694117665
vb0[855]+000 COLOR: 0.368627459, 0.20784314, 0.501960814, 0.694117665
vb0[855]+012 TEXCOORD: 0.199951172, 1.09960938
vb0[855]+000 TEXCOORD1: 0.368627459, 0.20784314, 0.501960814, 0.694117665
vb0[855]+000 TEXCOORD2: 0.368627459, 0.20784314, 0.501960814, 0.694117665
vb0[855]+000 TEXCOORD3: 0.368627459, 0.20784314, 0.501960814, 0.694117665
vb0[855]+000 TANGENT: 0.368627459, 0.20784314, 0.501960814, 0.694117665

vb0[856]+000 POSITION: 0.419189453, -0.0862426758, 1.01171875, 1
vb0[856]+000 NORMAL: 0.709803939, 0.211764708, 0.521568656, 0.678431392
vb0[856]+000 COLOR: 0.709803939, 0.211764708, 0.521568656, 0.678431392
vb0[856]+012 TEXCOORD: 0.1875, 1.04980469
vb0[856]+000 TEXCOORD1: 0.709803939, 0.211764708, 0.521568656, 0.678431392
vb0[856]+000 TEXCOORD2: 0.709803939, 0.211764708, 0.521568656, 0.678431392
vb0[856]+000 TEXCOORD3: 0.709803939, 0.211764708, 0.521568656, 0.678431392
vb0[856]+000 TANGENT: 0.709803939, 0.211764708, 0.521568656, 0.678431392

vb0[857]+000 POSITION: 0.572265625, -0.0862426758, 0.934082031, 1
vb0[857]+000 NORMAL: 0.580392182, 0.219607845, 0.521568656, 0.678431392
vb0[857]+000 COLOR: 0.580392182, 0.219607845, 0.521568656, 0.678431392
vb0[857]+012 TEXCOORD: 0.162475586, 1.04980469
vb0[857]+000 TEXCOORD1: 0.580392182, 0.219607845, 0.521568656, 0.678431392
vb0[857]+000 TEXCOORD2: 0.580392182, 0.219607845, 0.521568656, 0.678431392
vb0[857]+000 TEXCOORD3: 0.580392182, 0.219607845, 0.521568656, 0.678431392
vb0[857]+000 TANGENT: 0.580392182, 0.219607845, 0.521568656, 0.678431392

vb0[858]+000 POSITION: 0.711425781, -0.0862426758, 0.833007813, 1
vb0[858]+000 NORMAL: 0.694117665, 0.223529413, 0.521568656, 0.678431392
vb0[858]+000 COLOR: 0.694117665, 0.223529413, 0.521568656, 0.678431392
vb0[858]+012 TEXCOORD: 0.137451172, 1.04980469
vb0[858]+000 TEXCOORD1: 0.694117665, 0.223529413, 0.521568656, 0.678431392
vb0[858]+000 TEXCOORD2: 0.694117665, 0.223529413, 0.521568656, 0.678431392
vb0[858]+000 TEXCOORD3: 0.694117665, 0.223529413, 0.521568656, 0.678431392
vb0[858]+000 TANGENT: 0.694117665, 0.223529413, 0.521568656, 0.678431392

vb0[859]+000 POSITION: 0.833007813, -0.0862426758, 0.711425781, 1
vb0[859]+000 NORMAL: 0.666666687, 0.227450982, 0.521568656, 0.678431392
vb0[859]+000 COLOR: 0.666666687, 0.227450982, 0.521568656, 0.678431392
vb0[859]+012 TEXCOORD: 0.112487793, 1.04980469
vb0[859]+000 TEXCOORD1: 0.666666687, 0.227450982, 0.521568656, 0.678431392
vb0[859]+000 TEXCOORD2: 0.666666687, 0.227450982, 0.521568656, 0.678431392
vb0[859]+000 TEXCOORD3: 0.666666687, 0.227450982, 0.521568656, 0.678431392
vb0[859]+000 TANGENT: 0.666666687, 0.227450982, 0.521568656, 0.678431392

vb0[860]+000 POSITION: 0.889160156, -1.1479437e-41, 0.645996094, 1
vb0[860]+000 NORMAL: 0.113725491, 0.23137255, 0.00392156886, 0.501960814
vb0[860]+000 COLOR: 0.113725491, 0.23137255, 0.00392156886, 0.501960814
vb0[860]+012 TEXCOORD: 0.0999755859, 1
vb0[860]+000 TEXCOORD1: 0.113725491, 0.23137255, 0.00392156886, 0.501960814
vb0[860]+000 TEXCOORD2: 0.113725491, 0.23137255, 0.00392156886, 0.501960814
vb0[860]+000 TEXCOORD3: 0.113725491, 0.23137255, 0.00392156886, 0.501960814
vb0[860]+000 TANGENT: 0.113725491, 0.23137255, 0.00392156886, 0.501960814

vb0[861]+000 POSITION: 0.979003906, -1.1479437e-41, 0.498779297, 1
vb0[861]+000 NORMAL: 0.835294127, 0.23137255, 0.00392156886, 0.501960814
vb0[861]+000 COLOR: 0.835294127, 0.23137255, 0.00392156886, 0.501960814
vb0[861]+012 TEXCOORD: 0.075012207, 1
vb0[861]+000 TEXCOORD1: 0.835294127, 0.23137255, 0.00392156886, 0.501960814
vb0[861]+000 TEXCOORD2: 0.835294127, 0.23137255, 0.00392156886, 0.501960814
vb0[861]+000 TEXCOORD3: 0.835294127, 0.23137255, 0.00392156886, 0.501960814
vb0[861]+000 TANGENT: 0.835294127, 0.23137255, 0.00392156886, 0.501960814

vb0[862]+000 POSITION: 1.04492188, -1.1479437e-41, 0.339599609, 1
vb0[862]+000 NORMAL: 0.180392161, 0.235294119, 0.00392156886, 0.501960814
vb0[862]+000 COLOR: 0.180392161, 0.235294119, 0.00392156886, 0.501960814
vb0[862]+012 TEXCOORD: 0.049987793, 1
vb0[862]+000 TEXCOORD1: 0.180392161, 0.235294119, 0.00392156886, 0.501960814
vb0[862]+000 TEXCOORD2: 0.180392161, 0.235294119, 0.00392156886, 0.501960814
vb0[862]+000 TEXCOORD3: 0.180392161, 0.235294119, 0.00392156886, 0.501960814
vb0[862]+000 TANGENT: 0.180392161, 0.235294119, 0.00392156886, 0.501960814

vb0[863]+000 POSITION: 1.08496094, -1.1479437e-41, 0.171875, 1
vb0[863]+000 NORMAL: 0.34117648, 0.235294119, 0.00392156886, 0.501960814
vb0[863]+000 COLOR: 0.34117648, 0.235294119, 0.00392156886, 0.501960814
vb0[863]+012 TEXCOORD: 0.0249938965, 1
vb0[863]+000 TEXCOORD1: 0.34117648, 0.235294119, 0.00392156886, 0.501960814
vb0[863]+000 TEXCOORD2: 0.34117648, 0.235294119, 0.00392156886, 0.501960814
vb0[863]+000 TEXCOORD3: 0.34117648, 0.235294119, 0.00392156886, 0.501960814
vb0[863]+000 TANGENT: 0.34117648, 0.235294119, 0.00392156886, 0.501960814

vb0[864]+000 POSITION: 1.09863281, -1.1479437e-41, -0, 1
vb0[864]+000 NORMAL: 0.396078438, 0.235294119, 0.00392156886, 0.501960814
vb0[864]+000 COLOR: 0.396078438, 0.235294119, 0.00392156886, 0.501960814
vb0[864]+012 TEXCOORD: 0, 1
vb0[864]+000 TEXCOORD1: 0.396078438, 0.235294119, 0.00392156886, 0.501960814
vb0[864]+000 TEXCOORD2: 0.396078438, 0.235294119, 0.00392156886, 0.501960814
vb0[864]+000 TEXCOORD3: 0.396078438, 0.235294119, 0.00392156886, 0.501960814
vb0[864]+000 TANGENT: 0.396078438, 0.235294119, 0.00392156886, 0.501960814

vb0[865]+000 POSITION: 1.08496094, -1.1479437e-41, -0.171875, 1
vb0[865]+000 NORMAL: 0.34117648, 0.235294119, 0.00392156886, 0.501960814
vb0[865]+000 COLOR: 0.34117648, 0.235294119, 0.00392156886, 0.501960814
vb0[865]+012 TEXCOORD: -0.0249938965, 1
vb0[865]+000 TEXCOORD1: 0.34117648, 0.235294119, 0.00392156886, 0.501960814
vb0[865]+000 TEXCOORD2: 0.34117648, 0.235294119, 0.00392156886, 0.501960814
vb0[865]+000 TEXCOORD3: 0.34117648, 0.235294119, 0.00392156886, 0.501960814
vb0[865]+000 TANGENT: 0.34117648, 0.235294119, 0.00392156886, 0.501960814

vb0[866]+000 POSITION: 1.04492188, -1.1479437e-41, -0.339599609, 1
vb0[866]+000 NORMAL: 0.180392161, 0.235294119, 0.00392156886, 0.501960814
vb0[866]+000 COLOR: 0.180392161, 0.235294119, 0.00392156886, 0.501960814
vb0[866]+012 TEXCOORD: -0.049987793, 1
vb0[866]+000 TEXCOORD1: 0.180392161, 0.235294119, 0.00392156886, 0.501960814
vb0[866]+000 TEXCOORD2: 0.180392161, 0.235294119, 0.00392156886, 0.501960814
vb0[866]+000 TEXCOORD3: 0.180392161, 0.235294119, 0.00392156886, 0.501960814
vb0[866]+000 TANGENT: 0.180392161, 0.235294119, 0.00392156886, 0.501960814

vb0[867]+000 POSITION: 0.979003906, -1.1479437e-41, -0.498779297, 1
vb0[867]+000 NORMAL: 0.835294127, 0.23137255, 0.00392156886, 0.501960814
vb0[867]+000 COLOR: 0.835294127, 0.23137255, 0.00392156886, 0.501960814
vb0[867]+012 TEXCOORD: -0.075012207, 1
vb0[867]+000 TEXCOORD1: 0.835294127, 0.23137255, 0.00392156886, 0.501960814
vb0[867]+000 TEXCOORD2: 0.835294127, 0.23137255, 0.00392156886, 0.501960814
vb0[867]+000 TEXCOORD3: 0.835294127, 0.23137255, 0.00392156886, 0.501960814
vb0[867]+000 TANGENT: 0.835294127, 0.23137255, 0.00392156886, 0.501960814

vb0[868]+000 POSITION: 0.889160156, -1.1479437e-41, -0.645996094, 1
vb0[868]+000 NORMAL: 0.113725491, 0.23137255, 0.00392156886, 0.501960814
vb0[868]+000 COLOR: 0.113725491, 0.23137255, 0.00392156886, 0.501960814
vb0[868]+012 TEXCOORD: -0.0999755859, 1
vb0[868]+000 TEXCOORD1: 0.113725491, 0.23137255, 0.00392156886, 0.501960814
vb0[868]+000 TEXCOORD2: 0.113725491, 0.23137255, 0.00392156886, 0.501960814
vb0[868]+000 TEXCOORD3: 0.113725491, 0.23137255, 0.00392156886, 0.501960814
vb0[868]+000 TANGENT: 0.113725491, 0.23137255, 0.00392156886, 0.501960814

vb0[869]+000 POSITION: 0.776855469, -1.1479437e-41, -0.776855469, 1
vb0[869]+000 NORMAL: 0.215686277, 0.227450982, 0.00392156886, 0.501960814
vb0[869]+000 COLOR: 0.215686277, 0.227450982, 0.00392156886, 0.501960814
vb0[869]+012 TEXCOORD: -0.125, 1
vb0[869]+000 TEXCOORD1: 0.215686277, 0.227450982, 0.00392156886, 0.501960814
vb0[869]+000 TEXCOORD2: 0.215686277, 0.227450982, 0.00392156886, 0.501960814
vb0[869]+000 TEXCOORD3: 0.215686277, 0.227450982, 0.00392156886, 0.501960814
vb0[869]+000 TANGENT: 0.215686277, 0.227450982, 0.00392156886, 0.501960814

vb0[870]+000 POSITION: 0.645996094, -1.1479437e-41, -0.889160156, 1
vb0[870]+000 NORMAL: 0.168627456, 0.223529413, 0.00392156886, 0.501960814
vb0[870]+000 COLOR: 0.168627456, 0.223529413, 0.00392156886, 0.501960814
vb0[870]+012 TEXCOORD: -0.150024414, 1
vb0[870]+000 TEXCOORD1: 0.168627456, 0.223529413, 0.00392156886, 0.501960814
vb0[870]+000 TEXCOORD2: 0.168627456, 0.223529413, 0.00392156886, 0.501960814
vb0[870]+000 TEXCOORD3: 0.168627456, 0.223529413, 0.00392156886, 0.501960814
vb0[870]+000 TANGENT: 0.168627456, 0.223529413, 0.00392156886, 0.501960814

vb0[871]+000 POSITION: 0.498779297, -1.1479437e-41, -0.979003906, 1
vb0[871]+000 NORMAL: 0.984313726, 0.215686277, 0.00392156886, 0.501960814
vb0[871]+000 COLOR: 0.984313726, 0.215686277, 0.00392156886, 0.501960814
vb0[871]+012 TEXCOORD: -0.175048828, 1
vb0[871]+000 TEXCOORD1: 0.984313726, 0.215686277, 0.00392156886, 0.501960814
vb0[871]+000 TEXCOORD2: 0.984313726, 0.215686277, 0.00392156886, 0.501960814
vb0[871]+000 TEXCOORD3: 0.984313726, 0.215686277, 0.00392156886, 0.501960814
vb0[871]+000 TANGENT: 0.984313726, 0.215686277, 0.00392156886, 0.501960814

vb0[872]+000 POSITION: 0.339599609, -1.1479437e-41, -1.04492188, 1
vb0[872]+000 NORMAL: 0.435294122, 0.20784314, 0.00392156886, 0.501960814
vb0[872]+000 COLOR: 0.435294122, 0.20784314, 0.00392156886, 0.501960814
vb0[872]+012 TEXCOORD: -0.199951172, 1
vb0[872]+000 TEXCOORD1: 0.435294122, 0.20784314, 0.00392156886, 0.501960814
vb0[872]+000 TEXCOORD2: 0.435294122, 0.20784314, 0.00392156886, 0.501960814
vb0[872]+000 TEXCOORD3: 0.435294122, 0.20784314, 0.00392156886, 0.501960814
vb0[872]+000 TANGENT: 0.435294122, 0.20784314, 0.00392156886, 0.501960814

vb0[873]+000 POSITION: 0.171875, -1.1479437e-41, -1.08496094, 1
vb0[873]+000 NORMAL: 0.501960814, 0.192156866, 0.00392156886, 0.501960814
vb0[873]+000 COLOR: 0.501960814, 0.192156866, 0.00392156886, 0.501960814
vb0[873]+012 TEXCOORD: -0.224975586, 1
vb0[873]+000 TEXCOORD1: 0.501960814, 0.192156866, 0.00392156886, 0.501960814
vb0[873]+000 TEXCOORD2: 0.501960814, 0.192156866, 0.00392156886, 0.501960814
vb0[873]+000 TEXCOORD3: 0.501960814, 0.192156866, 0.00392156886, 0.501960814
vb0[873]+000 TANGENT: 0.501960814, 0.192156866, 0.00392156886, 0.501960814

vb0[874]+000 POSITION: -1.1479437e-41, -1.1479437e-41, -1.09863281, 1
vb0[874]+000 NORMAL: 0.00392156886, 0.501960814, 0.00392156886, 0.501960814
vb0[874]+000 COLOR: 0.00392156886, 0.501960814, 0.00392156886, 0.501960814
vb0[874]+012 TEXCOORD: -0.25, 1
vb0[874]+000 TEXCOORD1: 0.00392156886, 0.501960814, 0.00392156886, 0.501960814
vb0[874]+000 TEXCOORD2: 0.00392156886, 0.501960814, 0.00392156886, 0.501960814
vb0[874]+000 TEXCOORD3: 0.00392156886, 0.501960814, 0.00392156886, 0.501960814
vb0[874]+000 TANGENT: 0.00392156886, 0.501960814, 0.00392156886, 0.501960814

vb0[875]+000 POSITION: 0.0859375, -0.0862426758, -1.09179688, 1
vb0[875]+000 NORMAL: 0.501960814, 0.176470593, 0.521568656, 0.678431392
vb0[875]+000 COLOR: 0.501960814, 0.176470593, 0.521568656, 0.678431392
vb0[875]+012 TEXCOORD: -0.237548828, 1.04980469
vb0[875]+000 TEXCOORD1: 0.501960814, 0.176470593, 0.521568656, 0.678431392
vb0[875]+000 TEXCOORD2: 0.501960814, 0.176470593, 0.521568656, 0.678431392
vb0[875]+000 TEXCOORD3: 0.501960814, 0.176470593, 0.521568656, 0.678431392
vb0[875]+000 TANGENT: 0.501960814, 0.176470593, 0.521568656, 0.678431392

vb0[876]+000 POSITION: -0.0859375, -0.0862426758, -1.09179688, 1
vb0[876]+000 NORMAL: 0.501960814, 0.678431392, 0.521568656, 0.678431392
vb0[876]+000 COLOR: 0.501960814, 0.678431392, 0.521568656, 0.678431392
vb0[876]+012 TEXCOORD: -0.262451172, 1.04980469
vb0[876]+000 TEXCOORD1: 0.501960814, 0.678431392, 0.521568656, 0.678431392
vb0[876]+000 TEXCOORD2: 0.501960814, 0.678431392, 0.521568656, 0.678431392
vb0[876]+000 TEXCOORD3: 0.501960814, 0.678431392, 0.521568656, 0.678431392
vb0[876]+000 TANGENT: 0.501960814, 0.678431392, 0.521568656, 0.678431392

vb0[877]+000 POSITION: 0.255859375, -0.0862426758, -1.06542969, 1
vb0[877]+000 NORMAL: 0.0941176489, 0.203921571, 0.521568656, 0.678431392
vb0[877]+000 COLOR: 0.0941176489, 0.203921571, 0.521568656, 0.678431392
vb0[877]+012 TEXCOORD: -0.212524414, 1.04980469
vb0[877]+000 TEXCOORD1: 0.0941176489, 0.203921571, 0.521568656, 0.678431392
vb0[877]+000 TEXCOORD2: 0.0941176489, 0.203921571, 0.521568656, 0.678431392
vb0[877]+000 TEXCOORD3: 0.0941176489, 0.203921571, 0.521568656, 0.678431392
vb0[877]+000 TANGENT: 0.0941176489, 0.203921571, 0.521568656, 0.678431392

vb0[878]+000 POSITION: 0.419189453, -0.0862426758, -1.01171875, 1
vb0[878]+000 NORMAL: 0.709803939, 0.211764708, 0.521568656, 0.678431392
vb0[878]+000 COLOR: 0.709803939, 0.211764708, 0.521568656, 0.678431392
vb0[878]+012 TEXCOORD: -0.1875, 1.04980469
vb0[878]+000 TEXCOORD1: 0.709803939, 0.211764708, 0.521568656, 0.678431392
vb0[878]+000 TEXCOORD2: 0.709803939, 0.211764708, 0.521568656, 0.678431392
vb0[878]+000 TEXCOORD3: 0.709803939, 0.211764708, 0.521568656, 0.678431392
vb0[878]+000 TANGENT: 0.709803939, 0.211764708, 0.521568656, 0.678431392

vb0[879]+000 POSITION: 0.572265625, -0.0862426758, -0.934082031, 1
vb0[879]+000 NORMAL: 0.580392182, 0.219607845, 0.521568656, 0.678431392
vb0[879]+000 COLOR: 0.580392182, 0.219607845, 0.521568656, 0.678431392
vb0[879]+012 TEXCOORD: -0.162475586, 1.04980469
vb0[879]+000 TEXCOORD1: 0.580392182, 0.219607845, 0.521568656, 0.678431392
vb0[879]+000 TEXCOORD2: 0.580392182, 0.219607845, 0.521568656, 0.678431392
vb0[879]+000 TEXCOORD3: 0.580392182, 0.219607845, 0.521568656, 0.678431392
vb0[879]+000 TANGENT: 0.580392182, 0.219607845, 0.521568656, 0.678431392

vb0[880]+000 POSITION: 0.711425781, -0.0862426758, -0.833007813, 1
vb0[880]+000 NORMAL: 0.694117665, 0.223529413, 0.521568656, 0.678431392
vb0[880]+000 COLOR: 0.694117665, 0.223529413, 0.521568656, 0.678431392
vb0[880]+012 TEXCOORD: -0.137451172, 1.04980469
vb0[880]+000 TEXCOORD1: 0.694117665, 0.223529413, 0.521568656, 0.678431392
vb0[880]+000 TEXCOORD2: 0.694117665, 0.223529413, 0.521568656, 0.678431392
vb0[880]+000 TEXCOORD3: 0.694117665, 0.223529413, 0.521568656, 0.678431392
vb0[880]+000 TANGENT: 0.694117665, 0.223529413, 0.521568656, 0.678431392

vb0[881]+000 POSITION: 0.833007813, -0.0862426758, -0.711425781, 1
vb0[881]+000 NORMAL: 0.666666687, 0.227450982, 0.521568656, 0.678431392
vb0[881]+000 COLOR: 0.666666687, 0.227450982, 0.521568656, 0.678431392
vb0[881]+012 TEXCOORD: -0.112487793, 1.04980469
vb0[881]+000 TEXCOORD1: 0.666666687, 0.227450982, 0.521568656, 0.678431392
vb0[881]+000 TEXCOORD2: 0.666666687, 0.227450982, 0.521568656, 0.678431392
vb0[881]+000 TEXCOORD3: 0.666666687, 0.227450982, 0.521568656, 0.678431392
vb0[881]+000 TANGENT: 0.666666687, 0.227450982, 0.521568656, 0.678431392

vb0[882]+000 POSITION: 0.934082031, -0.0862426758, -0.572265625, 1
vb0[882]+000 NORMAL: 0.474509805, 0.23137255, 0.521568656, 0.678431392
vb0[882]+000 COLOR: 0.474509805, 0.23137255, 0.521568656, 0.678431392
vb0[882]+012 TEXCOORD: -0.0875244141, 1.04980469
vb0[882]+000 TEXCOORD1: 0.474509805, 0.23137255, 0.521568656, 0.678431392
vb0[882]+000 TEXCOORD2: 0.474509805, 0.23137255, 0.521568656, 0.678431392
vb0[882]+000 TEXCOORD3: 0.474509805, 0.23137255, 0.521568656, 0.678431392
vb0[882]+000 TANGENT: 0.474509805, 0.23137255, 0.521568656, 0.678431392

vb0[883]+000 POSITION: 1.01171875, -0.0862426758, -0.419189453, 1
vb0[883]+000 NORMAL: 0.0470588244, 0.235294119, 0.521568656, 0.678431392
vb0[883]+000 COLOR: 0.0470588244, 0.235294119, 0.521568656, 0.678431392
vb0[883]+012 TEXCOORD: -0.0625, 1.04980469
vb0[883]+000 TEXCOORD1: 0.0470588244, 0.235294119, 0.521568656, 0.678431392
vb0[883]+000 TEXCOORD2: 0.0470588244, 0.235294119, 0.521568656, 0.678431392
vb0[883]+000 TEXCOORD3: 0.0470588244, 0.235294119, 0.521568656, 0.678431392
vb0[883]+000 TANGENT: 0.0470588244, 0.235294119, 0.521568656, 0.678431392

vb0[884]+000 POSITION: 1.06542969, -0.0862426758, -0.255859375, 1
vb0[884]+000 NORMAL: 0.262745112, 0.235294119, 0.521568656, 0.678431392
vb0[884]+000 COLOR: 0.262745112, 0.235294119, 0.521568656, 0.678431392
vb0[884]+012 TEXCOORD: -0.0375061035, 1.04980469
vb0[884]+000 TEXCOORD1: 0.262745112, 0.235294119, 0.521568656, 0.678431392
vb0[884]+000 TEXCOORD2: 0.262745112, 0.235294119, 0.521568656, 0.678431392
vb0[884]+000 TEXCOORD3: 0.262745112, 0.235294119, 0.521568656, 0.678431392
vb0[884]+000 TANGENT: 0.262745112, 0.235294119, 0.521568656, 0.678431392

vb0[885]+000 POSITION: 1.09179688, -0.0862426758, -0.0859375, 1
vb0[885]+000 NORMAL: 0.368627459, 0.235294119, 0.521568656, 0.678431392
vb0[885]+000 COLOR: 0.368627459, 0.235294119, 0.521568656, 0.678431392
vb0[885]+012 TEXCOORD: -0.0124969482, 1.04980469
vb0[885]+000 TEXCOORD1: 0.368627459, 0.235294119, 0.521568656, 0.678431392
vb0[885]+000 TEXCOORD2: 0.368627459, 0.235294119, 0.521568656, 0.678431392
vb0[885]+000 TEXCOORD3: 0.368627459, 0.235294119, 0.521568656, 0.678431392
vb0[885]+000 TANGENT: 0.368627459, 0.235294119, 0.521568656, 0.678431392

vb0[886]+000 POSITION: 1.09179688, -0.0862426758, 0.0859375, 1
vb0[886]+000 NORMAL: 0.368627459, 0.235294119, 0.521568656, 0.678431392
vb0[886]+000 COLOR: 0.368627459, 0.235294119, 0.521568656, 0.678431392
vb0[886]+012 TEXCOORD: 0.0124969482, 1.04980469
vb0[886]+000 TEXCOORD1: 0.368627459, 0.235294119, 0.521568656, 0.678431392
vb0[886]+000 TEXCOORD2: 0.368627459, 0.235294119, 0.521568656, 0.678431392
vb0[886]+000 TEXCOORD3: 0.368627459, 0.235294119, 0.521568656, 0.678431392
vb0[886]+000 TANGENT: 0.368627459, 0.235294119, 0.521568656, 0.678431392

vb0[887]+000 POSITION: 1.06542969, -0.0862426758, 0.255859375, 1
vb0[887]+000 NORMAL: 0.262745112, 0.235294119, 0.521568656, 0.678431392
vb0[887]+000 COLOR: 0.262745112, 0.235294119, 0.521568656, 0.678431392
vb0[887]+012 TEXCOORD: 0.0375061035, 1.04980469
vb0[887]+000 TEXCOORD1: 0.262745112, 0.235294119, 0.521568656, 0.678431392
vb0[887]+000 TEXCOORD2: 0.262745112, 0.235294119, 0.521568656, 0.678431392
vb0[887]+000 TEXCOORD3: 0.262745112, 0.235294119, 0.521568656, 0.678431392
vb0[887]+000 TANGENT: 0.262745112, 0.235294119, 0.521568656, 0.678431392

vb0[888]+000 POSITION: 1.01171875, -0.0862426758, 0.419189453, 1
vb0[888]+000 NORMAL: 0.0470588244, 0.235294119, 0.521568656, 0.678431392
vb0[888]+000 COLOR: 0.0470588244, 0.235294119, 0.521568656, 0.678431392
vb0[888]+012 TEXCOORD: 0.0625, 1.04980469
vb0[888]+000 TEXCOORD1: 0.0470588244, 0.235294119, 0.521568656, 0.678431392
vb0[888]+000 TEXCOORD2: 0.0470588244, 0.235294119, 0.521568656, 0.678431392
vb0[888]+000 TEXCOORD3: 0.0470588244, 0.235294119, 0.521568656, 0.678431392
vb0[888]+000 TANGENT: 0.0470588244, 0.235294119, 0.521568656, 0.678431392

vb0[889]+000 POSITION: 0.934082031, -0.0862426758, 0.572265625, 1
vb0[889]+000 NORMAL: 0.474509805, 0.23137255, 0.521568656, 0.678431392
vb0[889]+000 COLOR: 0.474509805, 0.23137255, 0.521568656, 0.678431392
vb0[889]+012 TEXCOORD: 0.0875244141, 1.04980469
vb0[889]+000 TEXCOORD1: 0.474509805, 0.23137255, 0.521568656, 0.678431392
vb0[889]+000 TEXCOORD2: 0.474509805, 0.23137255, 0.521568656, 0.678431392
vb0[889]+000 TEXCOORD3: 0.474509805, 0.23137255, 0.521568656, 0.678431392
vb0[889]+000 TANGENT: 0.474509805, 0.23137255, 0.521568656, 0.678431392

vb0[890]+000 POSITION: 1.03222656, -0.171875, -0.335449219, 1
vb0[890]+000 NORMAL: 0.129411772, 0.235294119, 0.501960814, 0.694117665
vb0[890]+000 COLOR: 0.129411772, 0.235294119, 0.501960814, 0.694117665
vb0[890]+012 TEXCOORD: -0.049987793, 1.09960938
vb0[890]+000 TEXCOORD1: 0.129411772, 0.235294119, 0.501960814, 0.694117665
vb0[890]+000 TEXCOORD2: 0.129411772, 0.235294119, 0.501960814, 0.694117665
vb0[890]+000 TEXCOORD3: 0.129411772, 0.235294119, 0.501960814, 0.694117665
vb0[890]+000 TANGENT: 0.129411772, 0.235294119, 0.501960814, 0.694117665

vb0[891]+000 POSITION: 0.967285156, -0.171875, -0.492675781, 1
vb0[891]+000 NORMAL: 0.741176486, 0.23137255, 0.501960814, 0.694117665
vb0[891]+000 COLOR: 0.741176486, 0.23137255, 0.501960814, 0.694117665
vb0[891]+012 TEXCOORD: -0.075012207, 1.09960938
vb0[891]+000 TEXCOORD1: 0.741176486, 0.23137255, 0.501960814, 0.694117665
vb0[891]+000 TEXCOORD2: 0.741176486, 0.23137255, 0.501960814, 0.694117665
vb0[891]+000 TEXCOORD3: 0.741176486, 0.23137255, 0.501960814, 0.694117665
vb0[891]+000 TANGENT: 0.741176486, 0.23137255, 0.501960814, 0.694117665

vb0[892]+000 POSITION: 1.07226563, -0.171875, -0.169799805, 1
vb0[892]+000 NORMAL: 0.290196091, 0.235294119, 0.501960814, 0.694117665
vb0[892]+000 COLOR: 0.290196091, 0.235294119, 0.501960814, 0.694117665
vb0[892]+012 TEXCOORD: -0.0249938965, 1.09960938
vb0[892]+000 TEXCOORD1: 0.290196091, 0.235294119, 0.501960814, 0.694117665
vb0[892]+000 TEXCOORD2: 0.290196091, 0.235294119, 0.501960814, 0.694117665
vb0[892]+000 TEXCOORD3: 0.290196091, 0.235294119, 0.501960814, 0.694117665
vb0[892]+000 TANGENT: 0.290196091, 0.235294119, 0.501960814, 0.694117665

vb0[893]+000 POSITION: 1.08496094, -0.171875, -0, 1
vb0[893]+000 NORMAL: 0.34117648, 0.235294119, 0.501960814, 0.694117665
vb0[893]+000 COLOR: 0.34117648, 0.235294119, 0.501960814, 0.694117665
vb0[893]+012 TEXCOORD: 0, 1.09960938
vb0[893]+000 TEXCOORD1: 0.34117648, 0.235294119, 0.501960814, 0.694117665
vb0[893]+000 TEXCOORD2: 0.34117648, 0.235294119, 0.501960814, 0.694117665
vb0[893]+000 TEXCOORD3: 0.34117648, 0.235294119, 0.501960814, 0.694117665
vb0[893]+000 TANGENT: 0.34117648, 0.235294119, 0.501960814, 0.694117665

vb0[894]+000 POSITION: 1.07226563, -0.171875, 0.169799805, 1
vb0[894]+000 NORMAL: 0.290196091, 0.235294119, 0.501960814, 0.694117665
vb0[894]+000 COLOR: 0.290196091, 0.235294119, 0.501960814, 0.694117665
vb0[894]+012 TEXCOORD: 0.0249938965, 1.09960938
vb0[894]+000 TEXCOORD1: 0.290196091, 0.235294119, 0.501960814, 0.694117665
vb0[894]+000 TEXCOORD2: 0.290196091, 0.235294119, 0.501960814, 0.694117665
vb0[894]+000 TEXCOORD3: 0.290196091, 0.235294119, 0.501960814, 0.694117665
vb0[894]+000 TANGENT: 0.290196091, 0.235294119, 0.501960814, 0.694117665

vb0[895]+000 POSITION: 1.03222656, -0.171875, 0.335449219, 1
vb0[895]+000 NORMAL: 0.129411772, 0.235294119, 0.501960814, 0.694117665
vb0[895]+000 COLOR: 0.129411772, 0.235294119, 0.501960814, 0.694117665
vb0[895]+012 TEXCOORD: 0.049987793, 1.09960938
vb0[895]+000 TEXCOORD1: 0.129411772, 0.235294119, 0.501960814, 0.694117665
vb0[895]+000 TEXCOORD2: 0.129411772, 0.235294119, 0.501960814, 0.694117665
vb0[895]+000 TEXCOORD3: 0.129411772, 0.235294119, 0.501960814, 0.694117665
vb0[895]+000 TANGENT: 0.129411772, 0.235294119, 0.501960814, 0.694117665

vb0[896]+000 POSITION: 0.967285156, -0.171875, 0.492675781, 1
vb0[896]+000 NORMAL: 0.741176486, 0.23137255, 0.501960814, 0.694117665
vb0[896]+000 COLOR: 0.741176486, 0.23137255, 0.501960814, 0.694117665
vb0[896]+012 TEXCOORD: 0.075012207, 1.09960938
vb0[896]+000 TEXCOORD1: 0.741176486, 0.23137255, 0.501960814, 0.694117665
vb0[896]+000 TEXCOORD2: 0.741176486, 0.23137255, 0.501960814, 0.694117665
vb0[896]+000 TEXCOORD3: 0.741176486, 0.23137255, 0.501960814, 0.694117665
vb0[896]+000 TANGENT: 0.741176486, 0.23137255, 0.501960814, 0.694117665

vb0[897]+000 POSITION: 0.877929688, -0.171875, 0.638183594, 1
vb0[897]+000 NORMAL: 0.0235294122, 0.23137255, 0.501960814, 0.694117665
vb0[897]+000 COLOR: 0.0235294122, 0.23137255, 0.501960814, 0.694117665
vb0[897]+012 TEXCOORD: 0.0999755859, 1.09960938
vb0[897]+000 TEXCOORD1: 0.0235294122, 0.23137255, 0.501960814, 0.694117665
vb0[897]+000 TEXCOORD2: 0.0235294122, 0.23137255, 0.501960814, 0.694117665
vb0[897]+000 TEXCOORD3: 0.0235294122, 0.23137255, 0.501960814, 0.694117665
vb0[897]+000 TANGENT: 0.0235294122, 0.23137255, 0.501960814, 0.694117665

vb0[898]+000 POSITION: 0.767578125, -0.171875, 0.767578125, 1
vb0[898]+000 NORMAL: 0.141176477, 0.227450982, 0.501960814, 0.694117665
vb0[898]+000 COLOR: 0.141176477, 0.227450982, 0.501960814, 0.694117665
vb0[898]+012 TEXCOORD: 0.125, 1.09960938
vb0[898]+000 TEXCOORD1: 0.141176477, 0.227450982, 0.501960814, 0.694117665
vb0[898]+000 TEXCOORD2: 0.141176477, 0.227450982, 0.501960814, 0.694117665
vb0[898]+000 TEXCOORD3: 0.141176477, 0.227450982, 0.501960814, 0.694117665
vb0[898]+000 TANGENT: 0.141176477, 0.227450982, 0.501960814, 0.694117665

vb0[899]+000 POSITION: 0.638183594, -0.171875, 0.877929688, 1
vb0[899]+000 NORMAL: 0.105882354, 0.223529413, 0.501960814, 0.694117665
vb0[899]+000 COLOR: 0.105882354, 0.223529413, 0.501960814, 0.694117665
vb0[899]+012 TEXCOORD: 0.150024414, 1.09960938
vb0[899]+000 TEXCOORD1: 0.105882354, 0.223529413, 0.501960814, 0.694117665
vb0[899]+000 TEXCOORD2: 0.105882354, 0.223529413, 0.501960814, 0.694117665
vb0[899]+000 TEXCOORD3: 0.105882354, 0.223529413, 0.501960814, 0.694117665
vb0[899]+000 TANGENT: 0.105882354, 0.223529413, 0.501960814, 0.694117665

vb0[900]+000 POSITION: 0.492675781, -0.171875, 0.967285156, 1
vb0[900]+000 NORMAL: 0.886274517, 0.215686277, 0.501960814, 0.694117665
vb0[900]+000 COLOR: 0.886274517, 0.215686277, 0.501960814, 0.694117665
vb0[900]+012 TEXCOORD: 0.175048828, 1.09960938
vb0[900]+000 TEXCOORD1: 0.886274517, 0.215686277, 0.501960814, 0.694117665
vb0[900]+000 TEXCOORD2: 0.886274517, 0.215686277, 0.501960814, 0.694117665
vb0[900]+000 TEXCOORD3: 0.886274517, 0.215686277, 0.501960814, 0.694117665
vb0[900]+000 TANGENT: 0.886274517, 0.215686277, 0.501960814, 0.694117665

vb0[901]+000 POSITION: 0.987304688, -0.256591797, -0.408935547, 1
vb0[901]+000 NORMAL: 0.90196079, 0.23137255, 0.105882354, 0.70588237
vb0[901]+000 COLOR: 0.90196079, 0.23137255, 0.105882354, 0.70588237
vb0[901]+012 TEXCOORD: -0.0625, 1.15039063
vb0[901]+000 TEXCOORD1: 0.90196079, 0.23137255, 0.105882354, 0.70588237
vb0[901]+000 TEXCOORD2: 0.90196079, 0.23137255, 0.105882354, 0.70588237
vb0[901]+000 TEXCOORD3: 0.90196079, 0.23137255, 0.105882354, 0.70588237
vb0[901]+000 TANGENT: 0.90196079, 0.23137255, 0.105882354, 0.70588237

vb0[902]+000 POSITION: 0.911132813, -0.256591797, -0.558105469, 1
vb0[902]+000 NORMAL: 0.290196091, 0.23137255, 0.105882354, 0.70588237
vb0[902]+000 COLOR: 0.290196091, 0.23137255, 0.105882354, 0.70588237
vb0[902]+012 TEXCOORD: -0.0875244141, 1.15039063
vb0[902]+000 TEXCOORD1: 0.290196091, 0.23137255, 0.105882354, 0.70588237
vb0[902]+000 TEXCOORD2: 0.290196091, 0.23137255, 0.105882354, 0.70588237
vb0[902]+000 TEXCOORD3: 0.290196091, 0.23137255, 0.105882354, 0.70588237
vb0[902]+000 TANGENT: 0.290196091, 0.23137255, 0.105882354, 0.70588237

vb0[903]+000 POSITION: 0.877929688, -0.171875, -0.638183594, 1
vb0[903]+000 NORMAL: 0.0235294122, 0.23137255, 0.501960814, 0.694117665
vb0[903]+000 COLOR: 0.0235294122, 0.23137255, 0.501960814, 0.694117665
vb0[903]+012 TEXCOORD: -0.0999755859, 1.09960938
vb0[903]+000 TEXCOORD1: 0.0235294122, 0.23137255, 0.501960814, 0.694117665
vb0[903]+000 TEXCOORD2: 0.0235294122, 0.23137255, 0.501960814, 0.694117665
vb0[903]+000 TEXCOORD3: 0.0235294122, 0.23137255, 0.501960814, 0.694117665
vb0[903]+000 TANGENT: 0.0235294122, 0.23137255, 0.501960814, 0.694117665

vb0[904]+000 POSITION: 0.767578125, -0.171875, -0.767578125, 1
vb0[904]+000 NORMAL: 0.141176477, 0.227450982, 0.501960814, 0.694117665
vb0[904]+000 COLOR: 0.141176477, 0.227450982, 0.501960814, 0.694117665
vb0[904]+012 TEXCOORD: -0.125, 1.09960938
vb0[904]+000 TEXCOORD1: 0.141176477, 0.227450982, 0.501960814, 0.694117665
vb0[904]+000 TEXCOORD2: 0.141176477, 0.227450982, 0.501960814, 0.694117665
vb0[904]+000 TEXCOORD3: 0.141176477, 0.227450982, 0.501960814, 0.694117665
vb0[904]+000 TANGENT: 0.141176477, 0.227450982, 0.501960814, 0.694117665

vb0[905]+000 POSITION: 0.638183594, -0.171875, -0.877929688, 1
vb0[905]+000 NORMAL: 0.105882354, 0.223529413, 0.501960814, 0.694117665
vb0[905]+000 COLOR: 0.105882354, 0.223529413, 0.501960814, 0.694117665
vb0[905]+012 TEXCOORD: -0.150024414, 1.09960938
vb0[905]+000 TEXCOORD1: 0.105882354, 0.223529413, 0.501960814, 0.694117665
vb0[905]+000 TEXCOORD2: 0.105882354, 0.223529413, 0.501960814, 0.694117665
vb0[905]+000 TEXCOORD3: 0.105882354, 0.223529413, 0.501960814, 0.694117665
vb0[905]+000 TANGENT: 0.105882354, 0.223529413, 0.501960814, 0.694117665

vb0[906]+000 POSITION: 0.492675781, -0.171875, -0.967285156, 1
vb0[906]+000 NORMAL: 0.886274517, 0.215686277, 0.501960814, 0.694117665
vb0[906]+000 COLOR: 0.886274517, 0.215686277, 0.501960814, 0.694117665
vb0[906]+012 TEXCOORD: -0.175048828, 1.09960938
vb0[906]+000 TEXCOORD1: 0.886274517, 0.215686277, 0.501960814, 0.694117665
vb0[906]+000 TEXCOORD2: 0.886274517, 0.215686277, 0.501960814, 0.694117665
vb0[906]+000 TEXCOORD3: 0.886274517, 0.215686277, 0.501960814, 0.694117665
vb0[906]+000 TANGENT: 0.886274517, 0.215686277, 0.501960814, 0.694117665

vb0[907]+000 POSITION: 0.335449219, -0.171875, -1.03222656, 1
vb0[907]+000 NORMAL: 0.368627459, 0.20784314, 0.501960814, 0.694117665
vb0[907]+000 COLOR: 0.368627459, 0.20784314, 0.501960814, 0.694117665
vb0[907]+012 TEXCOORD: -0.199951172, 1.09960938
vb0[907]+000 TEXCOORD1: 0.368627459, 0.20784314, 0.501960814, 0.694117665
vb0[907]+000 TEXCOORD2: 0.368627459, 0.20784314, 0.501960814, 0.694117665
vb0[907]+000 TEXCOORD3: 0.368627459, 0.20784314, 0.501960814, 0.694117665
vb0[907]+000 TANGENT: 0.368627459, 0.20784314, 0.501960814, 0.694117665

vb0[908]+000 POSITION: 0.169799805, -0.171875, -1.07226563, 1
vb0[908]+000 NORMAL: 0.435294122, 0.192156866, 0.501960814, 0.694117665
vb0[908]+000 COLOR: 0.435294122, 0.192156866, 0.501960814, 0.694117665
vb0[908]+012 TEXCOORD: -0.224975586, 1.09960938
vb0[908]+000 TEXCOORD1: 0.435294122, 0.192156866, 0.501960814, 0.694117665
vb0[908]+000 TEXCOORD2: 0.435294122, 0.192156866, 0.501960814, 0.694117665
vb0[908]+000 TEXCOORD3: 0.435294122, 0.192156866, 0.501960814, 0.694117665
vb0[908]+000 TANGENT: 0.435294122, 0.192156866, 0.501960814, 0.694117665

vb0[909]+000 POSITION: -1.1479437e-41, -0.171875, -1.08496094, 1
vb0[909]+000 NORMAL: 0.00392156886, 0.501960814, 0.501960814, 0.694117665
vb0[909]+000 COLOR: 0.00392156886, 0.501960814, 0.501960814, 0.694117665
vb0[909]+012 TEXCOORD: -0.25, 1.09960938
vb0[909]+000 TEXCOORD1: 0.00392156886, 0.501960814, 0.501960814, 0.694117665
vb0[909]+000 TEXCOORD2: 0.00392156886, 0.501960814, 0.501960814, 0.694117665
vb0[909]+000 TEXCOORD3: 0.00392156886, 0.501960814, 0.501960814, 0.694117665
vb0[909]+000 TANGENT: 0.00392156886, 0.501960814, 0.501960814, 0.694117665

vb0[910]+000 POSITION: -0.169799805, -0.171875, -1.07226563, 1
vb0[910]+000 NORMAL: 0.435294122, 0.694117665, 0.501960814, 0.694117665
vb0[910]+000 COLOR: 0.435294122, 0.694117665, 0.501960814, 0.694117665
vb0[910]+012 TEXCOORD: -0.274902344, 1.09960938
vb0[910]+000 TEXCOORD1: 0.435294122, 0.694117665, 0.501960814, 0.694117665
vb0[910]+000 TEXCOORD2: 0.435294122, 0.694117665, 0.501960814, 0.694117665
vb0[910]+000 TEXCOORD3: 0.435294122, 0.694117665, 0.501960814, 0.694117665
vb0[910]+000 TANGENT: 0.435294122, 0.694117665, 0.501960814, 0.694117665

vb0[911]+000 POSITION: -0.0838623047, -0.256591797, -1.06542969, 1
vb0[911]+000 NORMAL: 0.368627459, 0.678431392, 0.105882354, 0.70588237
vb0[911]+000 COLOR: 0.368627459, 0.678431392, 0.105882354, 0.70588237
vb0[911]+012 TEXCOORD: -0.262451172, 1.15039063
vb0[911]+000 TEXCOORD1: 0.368627459, 0.678431392, 0.105882354, 0.70588237
vb0[911]+000 TEXCOORD2: 0.368627459, 0.678431392, 0.105882354, 0.70588237
vb0[911]+000 TEXCOORD3: 0.368627459, 0.678431392, 0.105882354, 0.70588237
vb0[911]+000 TANGENT: 0.368627459, 0.678431392, 0.105882354, 0.70588237

vb0[912]+000 POSITION: -0.249389648, -0.256591797, -1.0390625, 1
vb0[912]+000 NORMAL: 0.984313726, 0.701960802, 0.105882354, 0.70588237
vb0[912]+000 COLOR: 0.984313726, 0.701960802, 0.105882354, 0.70588237
vb0[912]+012 TEXCOORD: -0.287597656, 1.15039063
vb0[912]+000 TEXCOORD1: 0.984313726, 0.701960802, 0.105882354, 0.70588237
vb0[912]+000 TEXCOORD2: 0.984313726, 0.701960802, 0.105882354, 0.70588237
vb0[912]+000 TEXCOORD3: 0.984313726, 0.701960802, 0.105882354, 0.70588237
vb0[912]+000 TANGENT: 0.984313726, 0.701960802, 0.105882354, 0.70588237

vb0[913]+000 POSITION: 0.0838623047, -0.256591797, -1.06542969, 1
vb0[913]+000 NORMAL: 0.368627459, 0.176470593, 0.105882354, 0.70588237
vb0[913]+000 COLOR: 0.368627459, 0.176470593, 0.105882354, 0.70588237
vb0[913]+012 TEXCOORD: -0.237548828, 1.15039063
vb0[913]+000 TEXCOORD1: 0.368627459, 0.176470593, 0.105882354, 0.70588237
vb0[913]+000 TEXCOORD2: 0.368627459, 0.176470593, 0.105882354, 0.70588237
vb0[913]+000 TEXCOORD3: 0.368627459, 0.176470593, 0.105882354, 0.70588237
vb0[913]+000 TANGENT: 0.368627459, 0.176470593, 0.105882354, 0.70588237

vb0[914]+000 POSITION: 0.249389648, -0.256591797, -1.0390625, 1
vb0[914]+000 NORMAL: 0.984313726, 0.200000003, 0.105882354, 0.70588237
vb0[914]+000 COLOR: 0.984313726, 0.200000003, 0.105882354, 0.70588237
vb0[914]+012 TEXCOORD: -0.212524414, 1.15039063
vb0[914]+000 TEXCOORD1: 0.984313726, 0.200000003, 0.105882354, 0.70588237
vb0[914]+000 TEXCOORD2: 0.984313726, 0.200000003, 0.105882354, 0.70588237
vb0[914]+000 TEXCOORD3: 0.984313726, 0.200000003, 0.105882354, 0.70588237
vb0[914]+000 TANGENT: 0.984313726, 0.200000003, 0.105882354, 0.70588237

vb0[915]+000 POSITION: 0.408935547, -0.256591797, -0.987304688, 1
vb0[915]+000 NORMAL: 0.545098066, 0.211764708, 0.105882354, 0.70588237
vb0[915]+000 COLOR: 0.545098066, 0.211764708, 0.105882354, 0.70588237
vb0[915]+012 TEXCOORD: -0.1875, 1.15039063
vb0[915]+000 TEXCOORD1: 0.545098066, 0.211764708, 0.105882354, 0.70588237
vb0[915]+000 TEXCOORD2: 0.545098066, 0.211764708, 0.105882354, 0.70588237
vb0[915]+000 TEXCOORD3: 0.545098066, 0.211764708, 0.105882354, 0.70588237
vb0[915]+000 TANGENT: 0.545098066, 0.211764708, 0.105882354, 0.70588237

vb0[916]+000 POSITION: 0.558105469, -0.256591797, -0.911132813, 1
vb0[916]+000 NORMAL: 0.466666669, 0.219607845, 0.105882354, 0.70588237
vb0[916]+000 COLOR: 0.466666669, 0.219607845, 0.105882354, 0.70588237
vb0[916]+012 TEXCOORD: -0.162475586, 1.15039063
vb0[916]+000 TEXCOORD1: 0.466666669, 0.219607845, 0.105882354, 0.70588237
vb0[916]+000 TEXCOORD2: 0.466666669, 0.219607845, 0.105882354, 0.70588237
vb0[916]+000 TEXCOORD3: 0.466666669, 0.219607845, 0.105882354, 0.70588237
vb0[916]+000 TANGENT: 0.466666669, 0.219607845, 0.105882354, 0.70588237

vb0[917]+000 POSITION: 0.693847656, -0.256591797, -0.8125, 1
vb0[917]+000 NORMAL: 0.552941203, 0.223529413, 0.105882354, 0.70588237
vb0[917]+000 COLOR: 0.552941203, 0.223529413, 0.105882354, 0.70588237
vb0[917]+012 TEXCOORD: -0.137451172, 1.15039063
vb0[917]+000 TEXCOORD1: 0.552941203, 0.223529413, 0.105882354, 0.70588237
vb0[917]+000 TEXCOORD2: 0.552941203, 0.223529413, 0.105882354, 0.70588237
vb0[917]+000 TEXCOORD3: 0.552941203, 0.223529413, 0.105882354, 0.70588237
vb0[917]+000 TANGENT: 0.552941203, 0.223529413, 0.105882354, 0.70588237

vb0[918]+000 POSITION: 0.8125, -0.256591797, -0.693847656, 1
vb0[918]+000 NORMAL: 0.501960814, 0.227450982, 0.105882354, 0.70588237
vb0[918]+000 COLOR: 0.501960814, 0.227450982, 0.105882354, 0.70588237
vb0[918]+012 TEXCOORD: -0.112487793, 1.15039063
vb0[918]+000 TEXCOORD1: 0.501960814, 0.227450982, 0.105882354, 0.70588237
vb0[918]+000 TEXCOORD2: 0.501960814, 0.227450982, 0.105882354, 0.70588237
vb0[918]+000 TEXCOORD3: 0.501960814, 0.227450982, 0.105882354, 0.70588237
vb0[918]+000 TANGENT: 0.501960814, 0.227450982, 0.105882354, 0.70588237

vb0[919]+000 POSITION: -0.163452148, -0.339599609, -1.03222656, 1
vb0[919]+000 NORMAL: 0.23137255, 0.694117665, 0.435294122, 0.709803939
vb0[919]+000 COLOR: 0.23137255, 0.694117665, 0.435294122, 0.709803939
vb0[919]+012 TEXCOORD: -0.274902344, 1.20019531
vb0[919]+000 TEXCOORD1: 0.23137255, 0.694117665, 0.435294122, 0.709803939
vb0[919]+000 TEXCOORD2: 0.23137255, 0.694117665, 0.435294122, 0.709803939
vb0[919]+000 TEXCOORD3: 0.23137255, 0.694117665, 0.435294122, 0.709803939
vb0[919]+000 TANGENT: 0.23137255, 0.694117665, 0.435294122, 0.709803939

vb0[920]+000 POSITION: -0.322998047, -0.339599609, -0.994140625, 1
vb0[920]+000 NORMAL: 0.168627456, 0.709803939, 0.435294122, 0.709803939
vb0[920]+000 COLOR: 0.168627456, 0.709803939, 0.435294122, 0.709803939
vb0[920]+012 TEXCOORD: -0.300048828, 1.20019531
vb0[920]+000 TEXCOORD1: 0.168627456, 0.709803939, 0.435294122, 0.709803939
vb0[920]+000 TEXCOORD2: 0.168627456, 0.709803939, 0.435294122, 0.709803939
vb0[920]+000 TEXCOORD3: 0.168627456, 0.709803939, 0.435294122, 0.709803939
vb0[920]+000 TANGENT: 0.168627456, 0.709803939, 0.435294122, 0.709803939

vb0[921]+000 POSITION: -1.1479437e-41, -0.339599609, -1.04492188, 1
vb0[921]+000 NORMAL: 0.00392156886, 0.501960814, 0.435294122, 0.709803939
vb0[921]+000 COLOR: 0.00392156886, 0.501960814, 0.435294122, 0.709803939
vb0[921]+012 TEXCOORD: -0.25, 1.20019531
vb0[921]+000 TEXCOORD1: 0.00392156886, 0.501960814, 0.435294122, 0.709803939
vb0[921]+000 TEXCOORD2: 0.00392156886, 0.501960814, 0.435294122, 0.709803939
vb0[921]+000 TEXCOORD3: 0.00392156886, 0.501960814, 0.435294122, 0.709803939
vb0[921]+000 TANGENT: 0.00392156886, 0.501960814, 0.435294122, 0.709803939

vb0[922]+000 POSITION: 0.163452148, -0.339599609, -1.03222656, 1
vb0[922]+000 NORMAL: 0.23137255, 0.192156866, 0.435294122, 0.709803939
vb0[922]+000 COLOR: 0.23137255, 0.192156866, 0.435294122, 0.709803939
vb0[922]+012 TEXCOORD: -0.224975586, 1.20019531
vb0[922]+000 TEXCOORD1: 0.23137255, 0.192156866, 0.435294122, 0.709803939
vb0[922]+000 TEXCOORD2: 0.23137255, 0.192156866, 0.435294122, 0.709803939
vb0[922]+000 TEXCOORD3: 0.23137255, 0.192156866, 0.435294122, 0.709803939
vb0[922]+000 TANGENT: 0.23137255, 0.192156866, 0.435294122, 0.709803939

vb0[923]+000 POSITION: 0.322998047, -0.339599609, -0.994140625, 1
vb0[923]+000 NORMAL: 0.168627456, 0.20784314, 0.435294122, 0.709803939
vb0[923]+000 COLOR: 0.168627456, 0.20784314, 0.435294122, 0.709803939
vb0[923]+012 TEXCOORD: -0.199951172, 1.20019531
vb0[923]+000 TEXCOORD1: 0.168627456, 0.20784314, 0.435294122, 0.709803939
vb0[923]+000 TEXCOORD2: 0.168627456, 0.20784314, 0.435294122, 0.709803939
vb0[923]+000 TEXCOORD3: 0.168627456, 0.20784314, 0.435294122, 0.709803939
vb0[923]+000 TANGENT: 0.168627456, 0.20784314, 0.435294122, 0.709803939

vb0[924]+000 POSITION: 0.474365234, -0.339599609, -0.931152344, 1
vb0[924]+000 NORMAL: 0.592156887, 0.215686277, 0.435294122, 0.709803939
vb0[924]+000 COLOR: 0.592156887, 0.215686277, 0.435294122, 0.709803939
vb0[924]+012 TEXCOORD: -0.175048828, 1.20019531
vb0[924]+000 TEXCOORD1: 0.592156887, 0.215686277, 0.435294122, 0.709803939
vb0[924]+000 TEXCOORD2: 0.592156887, 0.215686277, 0.435294122, 0.709803939
vb0[924]+000 TEXCOORD3: 0.592156887, 0.215686277, 0.435294122, 0.709803939
vb0[924]+000 TANGENT: 0.592156887, 0.215686277, 0.435294122, 0.709803939

vb0[925]+000 POSITION: 0.614257813, -0.339599609, -0.845703125, 1
vb0[925]+000 NORMAL: 0.917647064, 0.219607845, 0.435294122, 0.709803939
vb0[925]+000 COLOR: 0.917647064, 0.219607845, 0.435294122, 0.709803939
vb0[925]+012 TEXCOORD: -0.150024414, 1.20019531
vb0[925]+000 TEXCOORD1: 0.917647064, 0.219607845, 0.435294122, 0.709803939
vb0[925]+000 TEXCOORD2: 0.917647064, 0.219607845, 0.435294122, 0.709803939
vb0[925]+000 TEXCOORD3: 0.917647064, 0.219607845, 0.435294122, 0.709803939
vb0[925]+000 TANGENT: 0.917647064, 0.219607845, 0.435294122, 0.709803939

vb0[926]+000 POSITION: 0.738769531, -0.339599609, -0.738769531, 1
vb0[926]+000 NORMAL: 0.913725495, 0.223529413, 0.435294122, 0.709803939
vb0[926]+000 COLOR: 0.913725495, 0.223529413, 0.435294122, 0.709803939
vb0[926]+012 TEXCOORD: -0.125, 1.20019531
vb0[926]+000 TEXCOORD1: 0.913725495, 0.223529413, 0.435294122, 0.709803939
vb0[926]+000 TEXCOORD2: 0.913725495, 0.223529413, 0.435294122, 0.709803939
vb0[926]+000 TEXCOORD3: 0.913725495, 0.223529413, 0.435294122, 0.709803939
vb0[926]+000 TANGENT: 0.913725495, 0.223529413, 0.435294122, 0.709803939

vb0[927]+000 POSITION: 0.845703125, -0.339599609, -0.614257813, 1
vb0[927]+000 NORMAL: 0.768627465, 0.227450982, 0.435294122, 0.709803939
vb0[927]+000 COLOR: 0.768627465, 0.227450982, 0.435294122, 0.709803939
vb0[927]+012 TEXCOORD: -0.0999755859, 1.20019531
vb0[927]+000 TEXCOORD1: 0.768627465, 0.227450982, 0.435294122, 0.709803939
vb0[927]+000 TEXCOORD2: 0.768627465, 0.227450982, 0.435294122, 0.709803939
vb0[927]+000 TEXCOORD3: 0.768627465, 0.227450982, 0.435294122, 0.709803939
vb0[927]+000 TANGENT: 0.768627465, 0.227450982, 0.435294122, 0.709803939

vb0[928]+000 POSITION: 0.931152344, -0.339599609, -0.474365234, 1
vb0[928]+000 NORMAL: 0.450980395, 0.23137255, 0.435294122, 0.709803939
vb0[928]+000 COLOR: 0.450980395, 0.23137255, 0.435294122, 0.709803939
vb0[928]+012 TEXCOORD: -0.075012207, 1.20019531
vb0[928]+000 TEXCOORD1: 0.450980395, 0.23137255, 0.435294122, 0.709803939
vb0[928]+000 TEXCOORD2: 0.450980395, 0.23137255, 0.435294122, 0.709803939
vb0[928]+000 TEXCOORD3: 0.450980395, 0.23137255, 0.435294122, 0.709803939
vb0[928]+000 TANGENT: 0.450980395, 0.23137255, 0.435294122, 0.709803939

vb0[929]+000 POSITION: 0.994140625, -0.339599609, -0.322998047, 1
vb0[929]+000 NORMAL: 0.956862748, 0.23137255, 0.435294122, 0.709803939
vb0[929]+000 COLOR: 0.956862748, 0.23137255, 0.435294122, 0.709803939
vb0[929]+012 TEXCOORD: -0.049987793, 1.20019531
vb0[929]+000 TEXCOORD1: 0.956862748, 0.23137255, 0.435294122, 0.709803939
vb0[929]+000 TEXCOORD2: 0.956862748, 0.23137255, 0.435294122, 0.709803939
vb0[929]+000 TEXCOORD3: 0.956862748, 0.23137255, 0.435294122, 0.709803939
vb0[929]+000 TANGENT: 0.956862748, 0.23137255, 0.435294122, 0.709803939

vb0[930]+000 POSITION: 1.0390625, -0.256591797, -0.249389648, 1
vb0[930]+000 NORMAL: 0.156862751, 0.235294119, 0.105882354, 0.70588237
vb0[930]+000 COLOR: 0.156862751, 0.235294119, 0.105882354, 0.70588237
vb0[930]+012 TEXCOORD: -0.0375061035, 1.15039063
vb0[930]+000 TEXCOORD1: 0.156862751, 0.235294119, 0.105882354, 0.70588237
vb0[930]+000 TEXCOORD2: 0.156862751, 0.235294119, 0.105882354, 0.70588237
vb0[930]+000 TEXCOORD3: 0.156862751, 0.235294119, 0.105882354, 0.70588237
vb0[930]+000 TANGENT: 0.156862751, 0.235294119, 0.105882354, 0.70588237

vb0[931]+000 POSITION: 1.06542969, -0.256591797, -0.0838623047, 1
vb0[931]+000 NORMAL: 0.262745112, 0.235294119, 0.105882354, 0.70588237
vb0[931]+000 COLOR: 0.262745112, 0.235294119, 0.105882354, 0.70588237
vb0[931]+012 TEXCOORD: -0.0124969482, 1.15039063
vb0[931]+000 TEXCOORD1: 0.262745112, 0.235294119, 0.105882354, 0.70588237
vb0[931]+000 TEXCOORD2: 0.262745112, 0.235294119, 0.105882354, 0.70588237
vb0[931]+000 TEXCOORD3: 0.262745112, 0.235294119, 0.105882354, 0.70588237
vb0[931]+000 TANGENT: 0.262745112, 0.235294119, 0.105882354, 0.70588237

vb0[932]+000 POSITION: 1.06542969, -0.256591797, 0.0838623047, 1
vb0[932]+000 NORMAL: 0.262745112, 0.235294119, 0.105882354, 0.70588237
vb0[932]+000 COLOR: 0.262745112, 0.235294119, 0.105882354, 0.70588237
vb0[932]+012 TEXCOORD: 0.0124969482, 1.15039063
vb0[932]+000 TEXCOORD1: 0.262745112, 0.235294119, 0.105882354, 0.70588237
vb0[932]+000 TEXCOORD2: 0.262745112, 0.235294119, 0.105882354, 0.70588237
vb0[932]+000 TEXCOORD3: 0.262745112, 0.235294119, 0.105882354, 0.70588237
vb0[932]+000 TANGENT: 0.262745112, 0.235294119, 0.105882354, 0.70588237

vb0[933]+000 POSITION: 1.0390625, -0.256591797, 0.249389648, 1
vb0[933]+000 NORMAL: 0.156862751, 0.235294119, 0.105882354, 0.70588237
vb0[933]+000 COLOR: 0.156862751, 0.235294119, 0.105882354, 0.70588237
vb0[933]+012 TEXCOORD: 0.0375061035, 1.15039063
vb0[933]+000 TEXCOORD1: 0.156862751, 0.235294119, 0.105882354, 0.70588237
vb0[933]+000 TEXCOORD2: 0.156862751, 0.235294119, 0.105882354, 0.70588237
vb0[933]+000 TEXCOORD3: 0.156862751, 0.235294119, 0.105882354, 0.70588237
vb0[933]+000 TANGENT: 0.156862751, 0.235294119, 0.105882354, 0.70588237

vb0[934]+000 POSITION: 0.987304688, -0.256591797, 0.408935547, 1
vb0[934]+000 NORMAL: 0.90196079, 0.23137255, 0.105882354, 0.70588237
vb0[934]+000 COLOR: 0.90196079, 0.23137255, 0.105882354, 0.70588237
vb0[934]+012 TEXCOORD: 0.0625, 1.15039063
vb0[934]+000 TEXCOORD1: 0.90196079, 0.23137255, 0.105882354, 0.70588237
vb0[934]+000 TEXCOORD2: 0.90196079, 0.23137255, 0.105882354, 0.70588237
vb0[934]+000 TEXCOORD3: 0.90196079, 0.23137255, 0.105882354, 0.70588237
vb0[934]+000 TANGENT: 0.90196079, 0.23137255, 0.105882354, 0.70588237

vb0[935]+000 POSITION: 0.911132813, -0.256591797, 0.558105469, 1
vb0[935]+000 NORMAL: 0.290196091, 0.23137255, 0.105882354, 0.70588237
vb0[935]+000 COLOR: 0.290196091, 0.23137255, 0.105882354, 0.70588237
vb0[935]+012 TEXCOORD: 0.0875244141, 1.15039063
vb0[935]+000 TEXCOORD1: 0.290196091, 0.23137255, 0.105882354, 0.70588237
vb0[935]+000 TEXCOORD2: 0.290196091, 0.23137255, 0.105882354, 0.70588237
vb0[935]+000 TEXCOORD3: 0.290196091, 0.23137255, 0.105882354, 0.70588237
vb0[935]+000 TANGENT: 0.290196091, 0.23137255, 0.105882354, 0.70588237

vb0[936]+000 POSITION: 0.8125, -0.256591797, 0.693847656, 1
vb0[936]+000 NORMAL: 0.501960814, 0.227450982, 0.105882354, 0.70588237
vb0[936]+000 COLOR: 0.501960814, 0.227450982, 0.105882354, 0.70588237
vb0[936]+012 TEXCOORD: 0.112487793, 1.15039063
vb0[936]+000 TEXCOORD1: 0.501960814, 0.227450982, 0.105882354, 0.70588237
vb0[936]+000 TEXCOORD2: 0.501960814, 0.227450982, 0.105882354, 0.70588237
vb0[936]+000 TEXCOORD3: 0.501960814, 0.227450982, 0.105882354, 0.70588237
vb0[936]+000 TANGENT: 0.501960814, 0.227450982, 0.105882354, 0.70588237

vb0[937]+000 POSITION: 0.693847656, -0.256591797, 0.8125, 1
vb0[937]+000 NORMAL: 0.552941203, 0.223529413, 0.105882354, 0.70588237
vb0[937]+000 COLOR: 0.552941203, 0.223529413, 0.105882354, 0.70588237
vb0[937]+012 TEXCOORD: 0.137451172, 1.15039063
vb0[937]+000 TEXCOORD1: 0.552941203, 0.223529413, 0.105882354, 0.70588237
vb0[937]+000 TEXCOORD2: 0.552941203, 0.223529413, 0.105882354, 0.70588237
vb0[937]+000 TEXCOORD3: 0.552941203, 0.223529413, 0.105882354, 0.70588237
vb0[937]+000 TANGENT: 0.552941203, 0.223529413, 0.105882354, 0.70588237

vb0[938]+000 POSITION: 0.558105469, -0.256591797, 0.911132813, 1
vb0[938]+000 NORMAL: 0.466666669, 0.219607845, 0.105882354, 0.70588237
vb0[938]+000 COLOR: 0.466666669, 0.219607845, 0.105882354, 0.70588237
vb0[938]+012 TEXCOORD: 0.162475586, 1.15039063
vb0[938]+000 TEXCOORD1: 0.466666669, 0.219607845, 0.105882354, 0.70588237
vb0[938]+000 TEXCOORD2: 0.466666669, 0.219607845, 0.105882354, 0.70588237
vb0[938]+000 TEXCOORD3: 0.466666669, 0.219607845, 0.105882354, 0.70588237
vb0[938]+000 TANGENT: 0.466666669, 0.219607845, 0.105882354, 0.70588237

vb0[939]+000 POSITION: 0.408935547, -0.256591797, 0.987304688, 1
vb0[939]+000 NORMAL: 0.545098066, 0.211764708, 0.105882354, 0.70588237
vb0[939]+000 COLOR: 0.545098066, 0.211764708, 0.105882354, 0.70588237
vb0[939]+012 TEXCOORD: 0.1875, 1.15039063
vb0[939]+000 TEXCOORD1: 0.545098066, 0.211764708, 0.105882354, 0.70588237
vb0[939]+000 TEXCOORD2: 0.545098066, 0.211764708, 0.105882354, 0.70588237
vb0[939]+000 TEXCOORD3: 0.545098066, 0.211764708, 0.105882354, 0.70588237
vb0[939]+000 TANGENT: 0.545098066, 0.211764708, 0.105882354, 0.70588237

vb0[940]+000 POSITION: 0.249389648, -0.256591797, 1.0390625, 1
vb0[940]+000 NORMAL: 0.984313726, 0.200000003, 0.105882354, 0.70588237
vb0[940]+000 COLOR: 0.984313726, 0.200000003, 0.105882354, 0.70588237
vb0[940]+012 TEXCOORD: 0.212524414, 1.15039063
vb0[940]+000 TEXCOORD1: 0.984313726, 0.200000003, 0.105882354, 0.70588237
vb0[940]+000 TEXCOORD2: 0.984313726, 0.200000003, 0.105882354, 0.70588237
vb0[940]+000 TEXCOORD3: 0.984313726, 0.200000003, 0.105882354, 0.70588237
vb0[940]+000 TANGENT: 0.984313726, 0.200000003, 0.105882354, 0.70588237

vb0[941]+000 POSITION: 0.0838623047, -0.256591797, 1.06542969, 1
vb0[941]+000 NORMAL: 0.368627459, 0.176470593, 0.105882354, 0.70588237
vb0[941]+000 COLOR: 0.368627459, 0.176470593, 0.105882354, 0.70588237
vb0[941]+012 TEXCOORD: 0.237548828, 1.15039063
vb0[941]+000 TEXCOORD1: 0.368627459, 0.176470593, 0.105882354, 0.70588237
vb0[941]+000 TEXCOORD2: 0.368627459, 0.176470593, 0.105882354, 0.70588237
vb0[941]+000 TEXCOORD3: 0.368627459, 0.176470593, 0.105882354, 0.70588237
vb0[941]+000 TANGENT: 0.368627459, 0.176470593, 0.105882354, 0.70588237

vb0[942]+000 POSITION: -1.1479437e-41, -0.171875, 1.08496094, 1
vb0[942]+000 NORMAL: 0.00392156886, 0.501960814, 0.501960814, 0.694117665
vb0[942]+000 COLOR: 0.00392156886, 0.501960814, 0.501960814, 0.694117665
vb0[942]+012 TEXCOORD: 0.25, 1.09960938
vb0[942]+000 TEXCOORD1: 0.00392156886, 0.501960814, 0.501960814, 0.694117665
vb0[942]+000 TEXCOORD2: 0.00392156886, 0.501960814, 0.501960814, 0.694117665
vb0[942]+000 TEXCOORD3: 0.00392156886, 0.501960814, 0.501960814, 0.694117665
vb0[942]+000 TANGENT: 0.00392156886, 0.501960814, 0.501960814, 0.694117665

vb0[943]+000 POSITION: -0.0859375, -0.0862426758, 1.09179688, 1
vb0[943]+000 NORMAL: 0.501960814, 0.678431392, 0.521568656, 0.678431392
vb0[943]+000 COLOR: 0.501960814, 0.678431392, 0.521568656, 0.678431392
vb0[943]+012 TEXCOORD: 0.262451172, 1.04980469
vb0[943]+000 TEXCOORD1: 0.501960814, 0.678431392, 0.521568656, 0.678431392
vb0[943]+000 TEXCOORD2: 0.501960814, 0.678431392, 0.521568656, 0.678431392
vb0[943]+000 TEXCOORD3: 0.501960814, 0.678431392, 0.521568656, 0.678431392
vb0[943]+000 TANGENT: 0.501960814, 0.678431392, 0.521568656, 0.678431392

vb0[944]+000 POSITION: -0.169799805, -0.171875, 1.07226563, 1
vb0[944]+000 NORMAL: 0.435294122, 0.694117665, 0.501960814, 0.694117665
vb0[944]+000 COLOR: 0.435294122, 0.694117665, 0.501960814, 0.694117665
vb0[944]+012 TEXCOORD: 0.274902344, 1.09960938
vb0[944]+000 TEXCOORD1: 0.435294122, 0.694117665, 0.501960814, 0.694117665
vb0[944]+000 TEXCOORD2: 0.435294122, 0.694117665, 0.501960814, 0.694117665
vb0[944]+000 TEXCOORD3: 0.435294122, 0.694117665, 0.501960814, 0.694117665
vb0[944]+000 TANGENT: 0.435294122, 0.694117665, 0.501960814, 0.694117665

vb0[945]+000 POSITION: -0.335449219, -0.171875, 1.03222656, 1
vb0[945]+000 NORMAL: 0.368627459, 0.709803939, 0.501960814, 0.694117665
vb0[945]+000 COLOR: 0.368627459, 0.709803939, 0.501960814, 0.694117665
vb0[945]+012 TEXCOORD: 0.300048828, 1.09960938
vb0[945]+000 TEXCOORD1: 0.368627459, 0.709803939, 0.501960814, 0.694117665
vb0[945]+000 TEXCOORD2: 0.368627459, 0.709803939, 0.501960814, 0.694117665
vb0[945]+000 TEXCOORD3: 0.368627459, 0.709803939, 0.501960814, 0.694117665
vb0[945]+000 TANGENT: 0.368627459, 0.709803939, 0.501960814, 0.694117665

vb0[946]+000 POSITION: -0.492675781, -0.171875, 0.967285156, 1
vb0[946]+000 NORMAL: 0.886274517, 0.717647076, 0.501960814, 0.694117665
vb0[946]+000 COLOR: 0.886274517, 0.717647076, 0.501960814, 0.694117665
vb0[946]+012 TEXCOORD: 0.324951172, 1.09960938
vb0[946]+000 TEXCOORD1: 0.886274517, 0.717647076, 0.501960814, 0.694117665
vb0[946]+000 TEXCOORD2: 0.886274517, 0.717647076, 0.501960814, 0.694117665
vb0[946]+000 TEXCOORD3: 0.886274517, 0.717647076, 0.501960814, 0.694117665
vb0[946]+000 TANGENT: 0.886274517, 0.717647076, 0.501960814, 0.694117665

vb0[947]+000 POSITION: -0.638183594, -0.171875, 0.877929688, 1
vb0[947]+000 NORMAL: 0.105882354, 0.725490212, 0.501960814, 0.694117665
vb0[947]+000 COLOR: 0.105882354, 0.725490212, 0.501960814, 0.694117665
vb0[947]+012 TEXCOORD: 0.350097656, 1.09960938
vb0[947]+000 TEXCOORD1: 0.105882354, 0.725490212, 0.501960814, 0.694117665
vb0[947]+000 TEXCOORD2: 0.105882354, 0.725490212, 0.501960814, 0.694117665
vb0[947]+000 TEXCOORD3: 0.105882354, 0.725490212, 0.501960814, 0.694117665
vb0[947]+000 TANGENT: 0.105882354, 0.725490212, 0.501960814, 0.694117665

vb0[948]+000 POSITION: -0.767578125, -0.171875, 0.767578125, 1
vb0[948]+000 NORMAL: 0.141176477, 0.729411781, 0.501960814, 0.694117665
vb0[948]+000 COLOR: 0.141176477, 0.729411781, 0.501960814, 0.694117665
vb0[948]+012 TEXCOORD: 0.375, 1.09960938
vb0[948]+000 TEXCOORD1: 0.141176477, 0.729411781, 0.501960814, 0.694117665
vb0[948]+000 TEXCOORD2: 0.141176477, 0.729411781, 0.501960814, 0.694117665
vb0[948]+000 TEXCOORD3: 0.141176477, 0.729411781, 0.501960814, 0.694117665
vb0[948]+000 TANGENT: 0.141176477, 0.729411781, 0.501960814, 0.694117665

vb0[949]+000 POSITION: -0.877929688, -0.171875, 0.638183594, 1
vb0[949]+000 NORMAL: 0.0235294122, 0.733333349, 0.501960814, 0.694117665
vb0[949]+000 COLOR: 0.0235294122, 0.733333349, 0.501960814, 0.694117665
vb0[949]+012 TEXCOORD: 0.399902344, 1.09960938
vb0[949]+000 TEXCOORD1: 0.0235294122, 0.733333349, 0.501960814, 0.694117665
vb0[949]+000 TEXCOORD2: 0.0235294122, 0.733333349, 0.501960814, 0.694117665
vb0[949]+000 TEXCOORD3: 0.0235294122, 0.733333349, 0.501960814, 0.694117665
vb0[949]+000 TANGENT: 0.0235294122, 0.733333349, 0.501960814, 0.694117665

vb0[950]+000 POSITION: -0.967285156, -0.171875, 0.492675781, 1
vb0[950]+000 NORMAL: 0.741176486, 0.733333349, 0.501960814, 0.694117665
vb0[950]+000 COLOR: 0.741176486, 0.733333349, 0.501960814, 0.694117665
vb0[950]+012 TEXCOORD: 0.425048828, 1.09960938
vb0[950]+000 TEXCOORD1: 0.741176486, 0.733333349, 0.501960814, 0.694117665
vb0[950]+000 TEXCOORD2: 0.741176486, 0.733333349, 0.501960814, 0.694117665
vb0[950]+000 TEXCOORD3: 0.741176486, 0.733333349, 0.501960814, 0.694117665
vb0[950]+000 TANGENT: 0.741176486, 0.733333349, 0.501960814, 0.694117665

vb0[951]+000 POSITION: -1.01171875, -0.0862426758, 0.419189453, 1
vb0[951]+000 NORMAL: 0.0470588244, 0.737254918, 0.521568656, 0.678431392
vb0[951]+000 COLOR: 0.0470588244, 0.737254918, 0.521568656, 0.678431392
vb0[951]+012 TEXCOORD: 0.4375, 1.04980469
vb0[951]+000 TEXCOORD1: 0.0470588244, 0.737254918, 0.521568656, 0.678431392
vb0[951]+000 TEXCOORD2: 0.0470588244, 0.737254918, 0.521568656, 0.678431392
vb0[951]+000 TEXCOORD3: 0.0470588244, 0.737254918, 0.521568656, 0.678431392
vb0[951]+000 TANGENT: 0.0470588244, 0.737254918, 0.521568656, 0.678431392

vb0[952]+000 POSITION: -1.06542969, -0.0862426758, 0.255859375, 1
vb0[952]+000 NORMAL: 0.262745112, 0.737254918, 0.521568656, 0.678431392
vb0[952]+000 COLOR: 0.262745112, 0.737254918, 0.521568656, 0.678431392
vb0[952]+012 TEXCOORD: 0.462402344, 1.04980469
vb0[952]+000 TEXCOORD1: 0.262745112, 0.737254918, 0.521568656, 0.678431392
vb0[952]+000 TEXCOORD2: 0.262745112, 0.737254918, 0.521568656, 0.678431392
vb0[952]+000 TEXCOORD3: 0.262745112, 0.737254918, 0.521568656, 0.678431392
vb0[952]+000 TANGENT: 0.262745112, 0.737254918, 0.521568656, 0.678431392

vb0[953]+000 POSITION: -1.09179688, -0.0862426758, 0.0859375, 1
vb0[953]+000 NORMAL: 0.368627459, 0.737254918, 0.521568656, 0.678431392
vb0[953]+000 COLOR: 0.368627459, 0.737254918, 0.521568656, 0.678431392
vb0[953]+012 TEXCOORD: 0.487548828, 1.04980469
vb0[953]+000 TEXCOORD1: 0.368627459, 0.737254918, 0.521568656, 0.678431392
vb0[953]+000 TEXCOORD2: 0.368627459, 0.737254918, 0.521568656, 0.678431392
vb0[953]+000 TEXCOORD3: 0.368627459, 0.737254918, 0.521568656, 0.678431392
vb0[953]+000 TANGENT: 0.368627459, 0.737254918, 0.521568656, 0.678431392

vb0[954]+000 POSITION: -1.09179688, -0.0862426758, -0.0859375, 1
vb0[954]+000 NORMAL: 0.368627459, 0.737254918, 0.521568656, 0.678431392
vb0[954]+000 COLOR: 0.368627459, 0.737254918, 0.521568656, 0.678431392
vb0[954]+012 TEXCOORD: 0.512695313, 1.04980469
vb0[954]+000 TEXCOORD1: 0.368627459, 0.737254918, 0.521568656, 0.678431392
vb0[954]+000 TEXCOORD2: 0.368627459, 0.737254918, 0.521568656, 0.678431392
vb0[954]+000 TEXCOORD3: 0.368627459, 0.737254918, 0.521568656, 0.678431392
vb0[954]+000 TANGENT: 0.368627459, 0.737254918, 0.521568656, 0.678431392

vb0[955]+000 POSITION: -1.06542969, -0.0862426758, -0.255859375, 1
vb0[955]+000 NORMAL: 0.262745112, 0.737254918, 0.521568656, 0.678431392
vb0[955]+000 COLOR: 0.262745112, 0.737254918, 0.521568656, 0.678431392
vb0[955]+012 TEXCOORD: 0.537597656, 1.04980469
vb0[955]+000 TEXCOORD1: 0.262745112, 0.737254918, 0.521568656, 0.678431392
vb0[955]+000 TEXCOORD2: 0.262745112, 0.737254918, 0.521568656, 0.678431392
vb0[955]+000 TEXCOORD3: 0.262745112, 0.737254918, 0.521568656, 0.678431392
vb0[955]+000 TANGENT: 0.262745112, 0.737254918, 0.521568656, 0.678431392

vb0[956]+000 POSITION: -1.01171875, -0.0862426758, -0.419189453, 1
vb0[956]+000 NORMAL: 0.0470588244, 0.737254918, 0.521568656, 0.678431392
vb0[956]+000 COLOR: 0.0470588244, 0.737254918, 0.521568656, 0.678431392
vb0[956]+012 TEXCOORD: 0.5625, 1.04980469
vb0[956]+000 TEXCOORD1: 0.0470588244, 0.737254918, 0.521568656, 0.678431392
vb0[956]+000 TEXCOORD2: 0.0470588244, 0.737254918, 0.521568656, 0.678431392
vb0[956]+000 TEXCOORD3: 0.0470588244, 0.737254918, 0.521568656, 0.678431392
vb0[956]+000 TANGENT: 0.0470588244, 0.737254918, 0.521568656, 0.678431392

vb0[957]+000 POSITION: -1.03222656, -0.171875, 0.335449219, 1
vb0[957]+000 NORMAL: 0.129411772, 0.737254918, 0.501960814, 0.694117665
vb0[957]+000 COLOR: 0.129411772, 0.737254918, 0.501960814, 0.694117665
vb0[957]+012 TEXCOORD: 0.449951172, 1.09960938
vb0[957]+000 TEXCOORD1: 0.129411772, 0.737254918, 0.501960814, 0.694117665
vb0[957]+000 TEXCOORD2: 0.129411772, 0.737254918, 0.501960814, 0.694117665
vb0[957]+000 TEXCOORD3: 0.129411772, 0.737254918, 0.501960814, 0.694117665
vb0[957]+000 TANGENT: 0.129411772, 0.737254918, 0.501960814, 0.694117665

vb0[958]+000 POSITION: -1.07226563, -0.171875, 0.169799805, 1
vb0[958]+000 NORMAL: 0.290196091, 0.737254918, 0.501960814, 0.694117665
vb0[958]+000 COLOR: 0.290196091, 0.737254918, 0.501960814, 0.694117665
vb0[958]+012 TEXCOORD: 0.475097656, 1.09960938
vb0[958]+000 TEXCOORD1: 0.290196091, 0.737254918, 0.501960814, 0.694117665
vb0[958]+000 TEXCOORD2: 0.290196091, 0.737254918, 0.501960814, 0.694117665
vb0[958]+000 TEXCOORD3: 0.290196091, 0.737254918, 0.501960814, 0.694117665
vb0[958]+000 TANGENT: 0.290196091, 0.737254918, 0.501960814, 0.694117665

vb0[959]+000 POSITION: -1.08496094, -0.171875, -2.2958874e-41, 1
vb0[959]+000 NORMAL: 0.34117648, 0.737254918, 0.501960814, 0.694117665
vb0[959]+000 COLOR: 0.34117648, 0.737254918, 0.501960814, 0.694117665
vb0[959]+012 TEXCOORD: 0.5, 1.09960938
vb0[959]+000 TEXCOORD1: 0.34117648, 0.737254918, 0.501960814, 0.694117665
vb0[959]+000 TEXCOORD2: 0.34117648, 0.737254918, 0.501960814, 0.694117665
vb0[959]+000 TEXCOORD3: 0.34117648, 0.737254918, 0.501960814, 0.694117665
vb0[959]+000 TANGENT: 0.34117648, 0.737254918, 0.501960814, 0.694117665

vb0[960]+000 POSITION: -1.07226563, -0.171875, -0.169799805, 1
vb0[960]+000 NORMAL: 0.290196091, 0.737254918, 0.501960814, 0.694117665
vb0[960]+000 COLOR: 0.290196091, 0.737254918, 0.501960814, 0.694117665
vb0[960]+012 TEXCOORD: 0.524902344, 1.09960938
vb0[960]+000 TEXCOORD1: 0.290196091, 0.737254918, 0.501960814, 0.694117665
vb0[960]+000 TEXCOORD2: 0.290196091, 0.737254918, 0.501960814, 0.694117665
vb0[960]+000 TEXCOORD3: 0.290196091, 0.737254918, 0.501960814, 0.694117665
vb0[960]+000 TANGENT: 0.290196091, 0.737254918, 0.501960814, 0.694117665

vb0[961]+000 POSITION: -1.03222656, -0.171875, -0.335449219, 1
vb0[961]+000 NORMAL: 0.129411772, 0.737254918, 0.501960814, 0.694117665
vb0[961]+000 COLOR: 0.129411772, 0.737254918, 0.501960814, 0.694117665
vb0[961]+012 TEXCOORD: 0.549804688, 1.09960938
vb0[961]+000 TEXCOORD1: 0.129411772, 0.737254918, 0.501960814, 0.694117665
vb0[961]+000 TEXCOORD2: 0.129411772, 0.737254918, 0.501960814, 0.694117665
vb0[961]+000 TEXCOORD3: 0.129411772, 0.737254918, 0.501960814, 0.694117665
vb0[961]+000 TANGENT: 0.129411772, 0.737254918, 0.501960814, 0.694117665

vb0[962]+000 POSITION: -0.967285156, -0.171875, -0.492675781, 1
vb0[962]+000 NORMAL: 0.741176486, 0.733333349, 0.501960814, 0.694117665
vb0[962]+000 COLOR: 0.741176486, 0.733333349, 0.501960814, 0.694117665
vb0[962]+012 TEXCOORD: 0.575195313, 1.09960938
vb0[962]+000 TEXCOORD1: 0.741176486, 0.733333349, 0.501960814, 0.694117665
vb0[962]+000 TEXCOORD2: 0.741176486, 0.733333349, 0.501960814, 0.694117665
vb0[962]+000 TEXCOORD3: 0.741176486, 0.733333349, 0.501960814, 0.694117665
vb0[962]+000 TANGENT: 0.741176486, 0.733333349, 0.501960814, 0.694117665

vb0[963]+000 POSITION: -0.877929688, -0.171875, -0.638183594, 1
vb0[963]+000 NORMAL: 0.0235294122, 0.733333349, 0.501960814, 0.694117665
vb0[963]+000 COLOR: 0.0235294122, 0.733333349, 0.501960814, 0.694117665
vb0[963]+012 TEXCOORD: 0.600097656, 1.09960938
vb0[963]+000 TEXCOORD1: 0.0235294122, 0.733333349, 0.501960814, 0.694117665
vb0[963]+000 TEXCOORD2: 0.0235294122, 0.733333349, 0.501960814, 0.694117665
vb0[963]+000 TEXCOORD3: 0.0235294122, 0.733333349, 0.501960814, 0.694117665
vb0[963]+000 TANGENT: 0.0235294122, 0.733333349, 0.501960814, 0.694117665

vb0[964]+000 POSITION: -0.767578125, -0.171875, -0.767578125, 1
vb0[964]+000 NORMAL: 0.141176477, 0.729411781, 0.501960814, 0.694117665
vb0[964]+000 COLOR: 0.141176477, 0.729411781, 0.501960814, 0.694117665
vb0[964]+012 TEXCOORD: 0.625, 1.09960938
vb0[964]+000 TEXCOORD1: 0.141176477, 0.729411781, 0.501960814, 0.694117665
vb0[964]+000 TEXCOORD2: 0.141176477, 0.729411781, 0.501960814, 0.694117665
vb0[964]+000 TEXCOORD3: 0.141176477, 0.729411781, 0.501960814, 0.694117665
vb0[964]+000 TANGENT: 0.141176477, 0.729411781, 0.501960814, 0.694117665

vb0[965]+000 POSITION: -0.711425781, -0.0862426758, -0.833007813, 1
vb0[965]+000 NORMAL: 0.694117665, 0.725490212, 0.521568656, 0.678431392
vb0[965]+000 COLOR: 0.694117665, 0.725490212, 0.521568656, 0.678431392
vb0[965]+012 TEXCOORD: 0.637695313, 1.04980469
vb0[965]+000 TEXCOORD1: 0.694117665, 0.725490212, 0.521568656, 0.678431392
vb0[965]+000 TEXCOORD2: 0.694117665, 0.725490212, 0.521568656, 0.678431392
vb0[965]+000 TEXCOORD3: 0.694117665, 0.725490212, 0.521568656, 0.678431392
vb0[965]+000 TANGENT: 0.694117665, 0.725490212, 0.521568656, 0.678431392

vb0[966]+000 POSITION: -0.645996094, -1.1479437e-41, -0.889160156, 1
vb0[966]+000 NORMAL: 0.168627456, 0.725490212, 0.00392156886, 0.501960814
vb0[966]+000 COLOR: 0.168627456, 0.725490212, 0.00392156886, 0.501960814
vb0[966]+012 TEXCOORD: 0.649902344, 1
vb0[966]+000 TEXCOORD1: 0.168627456, 0.725490212, 0.00392156886, 0.501960814
vb0[966]+000 TEXCOORD2: 0.168627456, 0.725490212, 0.00392156886, 0.501960814
vb0[966]+000 TEXCOORD3: 0.168627456, 0.725490212, 0.00392156886, 0.501960814
vb0[966]+000 TANGENT: 0.168627456, 0.725490212, 0.00392156886, 0.501960814

vb0[967]+000 POSITION: -0.572265625, -0.0862426758, -0.934082031, 1
vb0[967]+000 NORMAL: 0.580392182, 0.721568644, 0.521568656, 0.678431392
vb0[967]+000 COLOR: 0.580392182, 0.721568644, 0.521568656, 0.678431392
vb0[967]+012 TEXCOORD: 0.662597656, 1.04980469
vb0[967]+000 TEXCOORD1: 0.580392182, 0.721568644, 0.521568656, 0.678431392
vb0[967]+000 TEXCOORD2: 0.580392182, 0.721568644, 0.521568656, 0.678431392
vb0[967]+000 TEXCOORD3: 0.580392182, 0.721568644, 0.521568656, 0.678431392
vb0[967]+000 TANGENT: 0.580392182, 0.721568644, 0.521568656, 0.678431392

vb0[968]+000 POSITION: -0.419189453, -0.0862426758, -1.01171875, 1
vb0[968]+000 NORMAL: 0.709803939, 0.713725507, 0.521568656, 0.678431392
vb0[968]+000 COLOR: 0.709803939, 0.713725507, 0.521568656, 0.678431392
vb0[968]+012 TEXCOORD: 0.6875, 1.04980469
vb0[968]+000 TEXCOORD1: 0.709803939, 0.713725507, 0.521568656, 0.678431392
vb0[968]+000 TEXCOORD2: 0.709803939, 0.713725507, 0.521568656, 0.678431392
vb0[968]+000 TEXCOORD3: 0.709803939, 0.713725507, 0.521568656, 0.678431392
vb0[968]+000 TANGENT: 0.709803939, 0.713725507, 0.521568656, 0.678431392

vb0[969]+000 POSITION: -0.255859375, -0.0862426758, -1.06542969, 1
vb0[969]+000 NORMAL: 0.0941176489, 0.70588237, 0.521568656, 0.678431392
vb0[969]+000 COLOR: 0.0941176489, 0.70588237, 0.521568656, 0.678431392
vb0[969]+012 TEXCOORD: 0.712402344, 1.04980469
vb0[969]+000 TEXCOORD1: 0.0941176489, 0.70588237, 0.521568656, 0.678431392
vb0[969]+000 TEXCOORD2: 0.0941176489, 0.70588237, 0.521568656, 0.678431392
vb0[969]+000 TEXCOORD3: 0.0941176489, 0.70588237, 0.521568656, 0.678431392
vb0[969]+000 TANGENT: 0.0941176489, 0.70588237, 0.521568656, 0.678431392

vb0[970]+000 POSITION: -0.0859375, -0.0862426758, -1.09179688, 1
vb0[970]+000 NORMAL: 0.501960814, 0.678431392, 0.521568656, 0.678431392
vb0[970]+000 COLOR: 0.501960814, 0.678431392, 0.521568656, 0.678431392
vb0[970]+012 TEXCOORD: 0.737304688, 1.04980469
vb0[970]+000 TEXCOORD1: 0.501960814, 0.678431392, 0.521568656, 0.678431392
vb0[970]+000 TEXCOORD2: 0.501960814, 0.678431392, 0.521568656, 0.678431392
vb0[970]+000 TEXCOORD3: 0.501960814, 0.678431392, 0.521568656, 0.678431392
vb0[970]+000 TANGENT: 0.501960814, 0.678431392, 0.521568656, 0.678431392

vb0[971]+000 POSITION: -0.638183594, -0.171875, -0.877929688, 1
vb0[971]+000 NORMAL: 0.105882354, 0.725490212, 0.501960814, 0.694117665
vb0[971]+000 COLOR: 0.105882354, 0.725490212, 0.501960814, 0.694117665
vb0[971]+012 TEXCOORD: 0.649902344, 1.09960938
vb0[971]+000 TEXCOORD1: 0.105882354, 0.725490212, 0.501960814, 0.694117665
vb0[971]+000 TEXCOORD2: 0.105882354, 0.725490212, 0.501960814, 0.694117665
vb0[971]+000 TEXCOORD3: 0.105882354, 0.725490212, 0.501960814, 0.694117665
vb0[971]+000 TANGENT: 0.105882354, 0.725490212, 0.501960814, 0.694117665

vb0[972]+000 POSITION: -0.492675781, -0.171875, -0.967285156, 1
vb0[972]+000 NORMAL: 0.886274517, 0.717647076, 0.501960814, 0.694117665
vb0[972]+000 COLOR: 0.886274517, 0.717647076, 0.501960814, 0.694117665
vb0[972]+012 TEXCOORD: 0.674804688, 1.09960938
vb0[972]+000 TEXCOORD1: 0.886274517, 0.717647076, 0.501960814, 0.694117665
vb0[972]+000 TEXCOORD2: 0.886274517, 0.717647076, 0.501960814, 0.694117665
vb0[972]+000 TEXCOORD3: 0.886274517, 0.717647076, 0.501960814, 0.694117665
vb0[972]+000 TANGENT: 0.886274517, 0.717647076, 0.501960814, 0.694117665

vb0[973]+000 POSITION: -0.335449219, -0.171875, -1.03222656, 1
vb0[973]+000 NORMAL: 0.368627459, 0.709803939, 0.501960814, 0.694117665
vb0[973]+000 COLOR: 0.368627459, 0.709803939, 0.501960814, 0.694117665
vb0[973]+012 TEXCOORD: 0.700195313, 1.09960938
vb0[973]+000 TEXCOORD1: 0.368627459, 0.709803939, 0.501960814, 0.694117665
vb0[973]+000 TEXCOORD2: 0.368627459, 0.709803939, 0.501960814, 0.694117665
vb0[973]+000 TEXCOORD3: 0.368627459, 0.709803939, 0.501960814, 0.694117665
vb0[973]+000 TANGENT: 0.368627459, 0.709803939, 0.501960814, 0.694117665

vb0[974]+000 POSITION: -0.169799805, -0.171875, -1.07226563, 1
vb0[974]+000 NORMAL: 0.435294122, 0.694117665, 0.501960814, 0.694117665
vb0[974]+000 COLOR: 0.435294122, 0.694117665, 0.501960814, 0.694117665
vb0[974]+012 TEXCOORD: 0.725097656, 1.09960938
vb0[974]+000 TEXCOORD1: 0.435294122, 0.694117665, 0.501960814, 0.694117665
vb0[974]+000 TEXCOORD2: 0.435294122, 0.694117665, 0.501960814, 0.694117665
vb0[974]+000 TEXCOORD3: 0.435294122, 0.694117665, 0.501960814, 0.694117665
vb0[974]+000 TANGENT: 0.435294122, 0.694117665, 0.501960814, 0.694117665

vb0[975]+000 POSITION: -0.558105469, -0.256591797, -0.911132813, 1
vb0[975]+000 NORMAL: 0.466666669, 0.721568644, 0.105882354, 0.70588237
vb0[975]+000 COLOR: 0.466666669, 0.721568644, 0.105882354, 0.70588237
vb0[975]+012 TEXCOORD: 0.662597656, 1.15039063
vb0[975]+000 TEXCOORD1: 0.466666669, 0.721568644, 0.105882354, 0.70588237
vb0[975]+000 TEXCOORD2: 0.466666669, 0.721568644, 0.105882354, 0.70588237
vb0[975]+000 TEXCOORD3: 0.466666669, 0.721568644, 0.105882354, 0.70588237
vb0[975]+000 TANGENT: 0.466666669, 0.721568644, 0.105882354, 0.70588237

vb0[976]+000 POSITION: -0.693847656, -0.256591797, -0.8125, 1
vb0[976]+000 NORMAL: 0.552941203, 0.725490212, 0.105882354, 0.70588237
vb0[976]+000 COLOR: 0.552941203, 0.725490212, 0.105882354, 0.70588237
vb0[976]+012 TEXCOORD: 0.637695313, 1.15039063
vb0[976]+000 TEXCOORD1: 0.552941203, 0.725490212, 0.105882354, 0.70588237
vb0[976]+000 TEXCOORD2: 0.552941203, 0.725490212, 0.105882354, 0.70588237
vb0[976]+000 TEXCOORD3: 0.552941203, 0.725490212, 0.105882354, 0.70588237
vb0[976]+000 TANGENT: 0.552941203, 0.725490212, 0.105882354, 0.70588237

vb0[977]+000 POSITION: -0.8125, -0.256591797, -0.693847656, 1
vb0[977]+000 NORMAL: 0.501960814, 0.729411781, 0.105882354, 0.70588237
vb0[977]+000 COLOR: 0.501960814, 0.729411781, 0.105882354, 0.70588237
vb0[977]+012 TEXCOORD: 0.612304688, 1.15039063
vb0[977]+000 TEXCOORD1: 0.501960814, 0.729411781, 0.105882354, 0.70588237
vb0[977]+000 TEXCOORD2: 0.501960814, 0.729411781, 0.105882354, 0.70588237
vb0[977]+000 TEXCOORD3: 0.501960814, 0.729411781, 0.105882354, 0.70588237
vb0[977]+000 TANGENT: 0.501960814, 0.729411781, 0.105882354, 0.70588237

vb0[978]+000 POSITION: -0.911132813, -0.256591797, -0.558105469, 1
vb0[978]+000 NORMAL: 0.290196091, 0.733333349, 0.105882354, 0.70588237
vb0[978]+000 COLOR: 0.290196091, 0.733333349, 0.105882354, 0.70588237
vb0[978]+012 TEXCOORD: 0.587402344, 1.15039063
vb0[978]+000 TEXCOORD1: 0.290196091, 0.733333349, 0.105882354, 0.70588237
vb0[978]+000 TEXCOORD2: 0.290196091, 0.733333349, 0.105882354, 0.70588237
vb0[978]+000 TEXCOORD3: 0.290196091, 0.733333349, 0.105882354, 0.70588237
vb0[978]+000 TANGENT: 0.290196091, 0.733333349, 0.105882354, 0.70588237

vb0[979]+000 POSITION: -0.987304688, -0.256591797, -0.408935547, 1
vb0[979]+000 NORMAL: 0.90196079, 0.733333349, 0.105882354, 0.70588237
vb0[979]+000 COLOR: 0.90196079, 0.733333349, 0.105882354, 0.70588237
vb0[979]+012 TEXCOORD: 0.5625, 1.15039063
vb0[979]+000 TEXCOORD1: 0.90196079, 0.733333349, 0.105882354, 0.70588237
vb0[979]+000 TEXCOORD2: 0.90196079, 0.733333349, 0.105882354, 0.70588237
vb0[979]+000 TEXCOORD3: 0.90196079, 0.733333349, 0.105882354, 0.70588237
vb0[979]+000 TANGENT: 0.90196079, 0.733333349, 0.105882354, 0.70588237

vb0[980]+000 POSITION: -1.0390625, -0.256591797, -0.249389648, 1
vb0[980]+000 NORMAL: 0.156862751, 0.737254918, 0.105882354, 0.70588237
vb0[980]+000 COLOR: 0.156862751, 0.737254918, 0.105882354, 0.70588237
vb0[980]+012 TEXCOORD: 0.537597656, 1.15039063
vb0[980]+000 TEXCOORD1: 0.156862751, 0.737254918, 0.105882354, 0.70588237
vb0[980]+000 TEXCOORD2: 0.156862751, 0.737254918, 0.105882354, 0.70588237
vb0[980]+000 TEXCOORD3: 0.156862751, 0.737254918, 0.105882354, 0.70588237
vb0[980]+000 TANGENT: 0.156862751, 0.737254918, 0.105882354, 0.70588237

vb0[981]+000 POSITION: -1.06542969, -0.256591797, -0.0838623047, 1
vb0[981]+000 NORMAL: 0.262745112, 0.737254918, 0.105882354, 0.70588237
vb0[981]+000 COLOR: 0.262745112, 0.737254918, 0.105882354, 0.70588237
vb0[981]+012 TEXCOORD: 0.512695313, 1.15039063
vb0[981]+000 TEXCOORD1: 0.262745112, 0.737254918, 0.105882354, 0.70588237
vb0[981]+000 TEXCOORD2: 0.262745112, 0.737254918, 0.105882354, 0.70588237
vb0[981]+000 TEXCOORD3: 0.262745112, 0.737254918, 0.105882354, 0.70588237
vb0[981]+000 TANGENT: 0.262745112, 0.737254918, 0.105882354, 0.70588237

vb0[982]+000 POSITION: -1.06542969, -0.256591797, 0.0838623047, 1
vb0[982]+000 NORMAL: 0.262745112, 0.737254918, 0.105882354, 0.70588237
vb0[982]+000 COLOR: 0.262745112, 0.737254918, 0.105882354, 0.70588237
vb0[982]+012 TEXCOORD: 0.487548828, 1.15039063
vb0[982]+000 TEXCOORD1: 0.262745112, 0.737254918, 0.105882354, 0.70588237
vb0[982]+000 TEXCOORD2: 0.262745112, 0.737254918, 0.105882354, 0.70588237
vb0[982]+000 TEXCOORD3: 0.262745112, 0.737254918, 0.105882354, 0.70588237
vb0[982]+000 TANGENT: 0.262745112, 0.737254918, 0.105882354, 0.70588237

vb0[983]+000 POSITION: -1.0390625, -0.256591797, 0.249389648, 1
vb0[983]+000 NORMAL: 0.156862751, 0.737254918, 0.105882354, 0.70588237
vb0[983]+000 COLOR: 0.156862751, 0.737254918, 0.105882354, 0.70588237
vb0[983]+012 TEXCOORD: 0.462402344, 1.15039063
vb0[983]+000 TEXCOORD1: 0.156862751, 0.737254918, 0.105882354, 0.70588237
vb0[983]+000 TEXCOORD2: 0.156862751, 0.737254918, 0.105882354, 0.70588237
vb0[983]+000 TEXCOORD3: 0.156862751, 0.737254918, 0.105882354, 0.70588237
vb0[983]+000 TANGENT: 0.156862751, 0.737254918, 0.105882354, 0.70588237

vb0[984]+000 POSITION: -0.987304688, -0.256591797, 0.408935547, 1
vb0[984]+000 NORMAL: 0.90196079, 0.733333349, 0.105882354, 0.70588237
vb0[984]+000 COLOR: 0.90196079, 0.733333349, 0.105882354, 0.70588237
vb0[984]+012 TEXCOORD: 0.4375, 1.15039063
vb0[984]+000 TEXCOORD1: 0.90196079, 0.733333349, 0.105882354, 0.70588237
vb0[984]+000 TEXCOORD2: 0.90196079, 0.733333349, 0.105882354, 0.70588237
vb0[984]+000 TEXCOORD3: 0.90196079, 0.733333349, 0.105882354, 0.70588237
vb0[984]+000 TANGENT: 0.90196079, 0.733333349, 0.105882354, 0.70588237

vb0[985]+000 POSITION: -0.911132813, -0.256591797, 0.558105469, 1
vb0[985]+000 NORMAL: 0.290196091, 0.733333349, 0.105882354, 0.70588237
vb0[985]+000 COLOR: 0.290196091, 0.733333349, 0.105882354, 0.70588237
vb0[985]+012 TEXCOORD: 0.412597656, 1.15039063
vb0[985]+000 TEXCOORD1: 0.290196091, 0.733333349, 0.105882354, 0.70588237
vb0[985]+000 TEXCOORD2: 0.290196091, 0.733333349, 0.105882354, 0.70588237
vb0[985]+000 TEXCOORD3: 0.290196091, 0.733333349, 0.105882354, 0.70588237
vb0[985]+000 TANGENT: 0.290196091, 0.733333349, 0.105882354, 0.70588237

vb0[986]+000 POSITION: -0.8125, -0.256591797, 0.693847656, 1
vb0[986]+000 NORMAL: 0.501960814, 0.729411781, 0.105882354, 0.70588237
vb0[986]+000 COLOR: 0.501960814, 0.729411781, 0.105882354, 0.70588237
vb0[986]+012 TEXCOORD: 0.387451172, 1.15039063
vb0[986]+000 TEXCOORD1: 0.501960814, 0.729411781, 0.105882354, 0.70588237
vb0[986]+000 TEXCOORD2: 0.501960814, 0.729411781, 0.105882354, 0.70588237
vb0[986]+000 TEXCOORD3: 0.501960814, 0.729411781, 0.105882354, 0.70588237
vb0[986]+000 TANGENT: 0.501960814, 0.729411781, 0.105882354, 0.70588237

vb0[987]+000 POSITION: -0.693847656, -0.256591797, 0.8125, 1
vb0[987]+000 NORMAL: 0.552941203, 0.725490212, 0.105882354, 0.70588237
vb0[987]+000 COLOR: 0.552941203, 0.725490212, 0.105882354, 0.70588237
vb0[987]+012 TEXCOORD: 0.362548828, 1.15039063
vb0[987]+000 TEXCOORD1: 0.552941203, 0.725490212, 0.105882354, 0.70588237
vb0[987]+000 TEXCOORD2: 0.552941203, 0.725490212, 0.105882354, 0.70588237
vb0[987]+000 TEXCOORD3: 0.552941203, 0.725490212, 0.105882354, 0.70588237
vb0[987]+000 TANGENT: 0.552941203, 0.725490212, 0.105882354, 0.70588237

vb0[988]+000 POSITION: -0.558105469, -0.256591797, 0.911132813, 1
vb0[988]+000 NORMAL: 0.466666669, 0.721568644, 0.105882354, 0.70588237
vb0[988]+000 COLOR: 0.466666669, 0.721568644, 0.105882354, 0.70588237
vb0[988]+012 TEXCOORD: 0.337402344, 1.15039063
vb0[988]+000 TEXCOORD1: 0.466666669, 0.721568644, 0.105882354, 0.70588237
vb0[988]+000 TEXCOORD2: 0.466666669, 0.721568644, 0.105882354, 0.70588237
vb0[988]+000 TEXCOORD3: 0.466666669, 0.721568644, 0.105882354, 0.70588237
vb0[988]+000 TANGENT: 0.466666669, 0.721568644, 0.105882354, 0.70588237

vb0[989]+000 POSITION: -0.408935547, -0.256591797, 0.987304688, 1
vb0[989]+000 NORMAL: 0.545098066, 0.713725507, 0.105882354, 0.70588237
vb0[989]+000 COLOR: 0.545098066, 0.713725507, 0.105882354, 0.70588237
vb0[989]+012 TEXCOORD: 0.3125, 1.15039063
vb0[989]+000 TEXCOORD1: 0.545098066, 0.713725507, 0.105882354, 0.70588237
vb0[989]+000 TEXCOORD2: 0.545098066, 0.713725507, 0.105882354, 0.70588237
vb0[989]+000 TEXCOORD3: 0.545098066, 0.713725507, 0.105882354, 0.70588237
vb0[989]+000 TANGENT: 0.545098066, 0.713725507, 0.105882354, 0.70588237

vb0[990]+000 POSITION: -0.249389648, -0.256591797, 1.0390625, 1
vb0[990]+000 NORMAL: 0.984313726, 0.701960802, 0.105882354, 0.70588237
vb0[990]+000 COLOR: 0.984313726, 0.701960802, 0.105882354, 0.70588237
vb0[990]+012 TEXCOORD: 0.287597656, 1.15039063
vb0[990]+000 TEXCOORD1: 0.984313726, 0.701960802, 0.105882354, 0.70588237
vb0[990]+000 TEXCOORD2: 0.984313726, 0.701960802, 0.105882354, 0.70588237
vb0[990]+000 TEXCOORD3: 0.984313726, 0.701960802, 0.105882354, 0.70588237
vb0[990]+000 TANGENT: 0.984313726, 0.701960802, 0.105882354, 0.70588237

vb0[991]+000 POSITION: -0.0838623047, -0.256591797, 1.06542969, 1
vb0[991]+000 NORMAL: 0.368627459, 0.678431392, 0.105882354, 0.70588237
vb0[991]+000 COLOR: 0.368627459, 0.678431392, 0.105882354, 0.70588237
vb0[991]+012 TEXCOORD: 0.262451172, 1.15039063
vb0[991]+000 TEXCOORD1: 0.368627459, 0.678431392, 0.105882354, 0.70588237
vb0[991]+000 TEXCOORD2: 0.368627459, 0.678431392, 0.105882354, 0.70588237
vb0[991]+000 TEXCOORD3: 0.368627459, 0.678431392, 0.105882354, 0.70588237
vb0[991]+000 TANGENT: 0.368627459, 0.678431392, 0.105882354, 0.70588237

vb0[992]+000 POSITION: -1.1479437e-41, -0.339599609, 1.04492188, 1
vb0[992]+000 NORMAL: 0.00392156886, 0.501960814, 0.435294122, 0.709803939
vb0[992]+000 COLOR: 0.00392156886, 0.501960814, 0.435294122, 0.709803939
vb0[992]+012 TEXCOORD: 0.25, 1.20019531
vb0[992]+000 TEXCOORD1: 0.00392156886, 0.501960814, 0.435294122, 0.709803939
vb0[992]+000 TEXCOORD2: 0.00392156886, 0.501960814, 0.435294122, 0.709803939
vb0[992]+000 TEXCOORD3: 0.00392156886, 0.501960814, 0.435294122, 0.709803939
vb0[992]+000 TANGENT: 0.00392156886, 0.501960814, 0.435294122, 0.709803939

vb0[993]+000 POSITION: 0.163452148, -0.339599609, 1.03222656, 1
vb0[993]+000 NORMAL: 0.23137255, 0.192156866, 0.435294122, 0.709803939
vb0[993]+000 COLOR: 0.23137255, 0.192156866, 0.435294122, 0.709803939
vb0[993]+012 TEXCOORD: 0.224975586, 1.20019531
vb0[993]+000 TEXCOORD1: 0.23137255, 0.192156866, 0.435294122, 0.709803939
vb0[993]+000 TEXCOORD2: 0.23137255, 0.192156866, 0.435294122, 0.709803939
vb0[993]+000 TEXCOORD3: 0.23137255, 0.192156866, 0.435294122, 0.709803939
vb0[993]+000 TANGENT: 0.23137255, 0.192156866, 0.435294122, 0.709803939

vb0[994]+000 POSITION: 0.322998047, -0.339599609, 0.994140625, 1
vb0[994]+000 NORMAL: 0.168627456, 0.20784314, 0.435294122, 0.709803939
vb0[994]+000 COLOR: 0.168627456, 0.20784314, 0.435294122, 0.709803939
vb0[994]+012 TEXCOORD: 0.199951172, 1.20019531
vb0[994]+000 TEXCOORD1: 0.168627456, 0.20784314, 0.435294122, 0.709803939
vb0[994]+000 TEXCOORD2: 0.168627456, 0.20784314, 0.435294122, 0.709803939
vb0[994]+000 TEXCOORD3: 0.168627456, 0.20784314, 0.435294122, 0.709803939
vb0[994]+000 TANGENT: 0.168627456, 0.20784314, 0.435294122, 0.709803939

vb0[995]+000 POSITION: 0.474365234, -0.339599609, 0.931152344, 1
vb0[995]+000 NORMAL: 0.592156887, 0.215686277, 0.435294122, 0.709803939
vb0[995]+000 COLOR: 0.592156887, 0.215686277, 0.435294122, 0.709803939
vb0[995]+012 TEXCOORD: 0.175048828, 1.20019531
vb0[995]+000 TEXCOORD1: 0.592156887, 0.215686277, 0.435294122, 0.709803939
vb0[995]+000 TEXCOORD2: 0.592156887, 0.215686277, 0.435294122, 0.709803939
vb0[995]+000 TEXCOORD3: 0.592156887, 0.215686277, 0.435294122, 0.709803939
vb0[995]+000 TANGENT: 0.592156887, 0.215686277, 0.435294122, 0.709803939

vb0[996]+000 POSITION: 0.614257813, -0.339599609, 0.845703125, 1
vb0[996]+000 NORMAL: 0.917647064, 0.219607845, 0.435294122, 0.709803939
vb0[996]+000 COLOR: 0.917647064, 0.219607845, 0.435294122, 0.709803939
vb0[996]+012 TEXCOORD: 0.150024414, 1.20019531
vb0[996]+000 TEXCOORD1: 0.917647064, 0.219607845, 0.435294122, 0.709803939
vb0[996]+000 TEXCOORD2: 0.917647064, 0.219607845, 0.435294122, 0.709803939
vb0[996]+000 TEXCOORD3: 0.917647064, 0.219607845, 0.435294122, 0.709803939
vb0[996]+000 TANGENT: 0.917647064, 0.219607845, 0.435294122, 0.709803939

vb0[997]+000 POSITION: 0.738769531, -0.339599609, 0.738769531, 1
vb0[997]+000 NORMAL: 0.913725495, 0.223529413, 0.435294122, 0.709803939
vb0[997]+000 COLOR: 0.913725495, 0.223529413, 0.435294122, 0.709803939
vb0[997]+012 TEXCOORD: 0.125, 1.20019531
vb0[997]+000 TEXCOORD1: 0.913725495, 0.223529413, 0.435294122, 0.709803939
vb0[997]+000 TEXCOORD2: 0.913725495, 0.223529413, 0.435294122, 0.709803939
vb0[997]+000 TEXCOORD3: 0.913725495, 0.223529413, 0.435294122, 0.709803939
vb0[997]+000 TANGENT: 0.913725495, 0.223529413, 0.435294122, 0.709803939

vb0[998]+000 POSITION: 0.845703125, -0.339599609, 0.614257813, 1
vb0[998]+000 NORMAL: 0.768627465, 0.227450982, 0.435294122, 0.709803939
vb0[998]+000 COLOR: 0.768627465, 0.227450982, 0.435294122, 0.709803939
vb0[998]+012 TEXCOORD: 0.0999755859, 1.20019531
vb0[998]+000 TEXCOORD1: 0.768627465, 0.227450982, 0.435294122, 0.709803939
vb0[998]+000 TEXCOORD2: 0.768627465, 0.227450982, 0.435294122, 0.709803939
vb0[998]+000 TEXCOORD3: 0.768627465, 0.227450982, 0.435294122, 0.709803939
vb0[998]+000 TANGENT: 0.768627465, 0.227450982, 0.435294122, 0.709803939

vb0[999]+000 POSITION: 0.931152344, -0.339599609, 0.474365234, 1
vb0[999]+000 NORMAL: 0.450980395, 0.23137255, 0.435294122, 0.709803939
vb0[999]+000 COLOR: 0.450980395, 0.23137255, 0.435294122, 0.709803939
vb0[999]+012 TEXCOORD: 0.075012207, 1.20019531
vb0[999]+000 TEXCOORD1: 0.450980395, 0.23137255, 0.435294122, 0.709803939
vb0[999]+000 TEXCOORD2: 0.450980395, 0.23137255, 0.435294122, 0.709803939
vb0[999]+000 TEXCOORD3: 0.450980395, 0.23137255, 0.435294122, 0.709803939
vb0[999]+000 TANGENT: 0.450980395, 0.23137255, 0.435294122, 0.709803939

vb0[1000]+000 POSITION: 0.994140625, -0.339599609, 0.322998047, 1
vb0[1000]+000 NORMAL: 0.956862748, 0.23137255, 0.435294122, 0.709803939
vb0[1000]+000 COLOR: 0.956862748, 0.23137255, 0.435294122, 0.709803939
vb0[1000]+012 TEXCOORD: 0.049987793, 1.20019531
vb0[1000]+000 TEXCOORD1: 0.956862748, 0.23137255, 0.435294122, 0.709803939
vb0[1000]+000 TEXCOORD2: 0.956862748, 0.23137255, 0.435294122, 0.709803939
vb0[1000]+000 TEXCOORD3: 0.956862748, 0.23137255, 0.435294122, 0.709803939
vb0[1000]+000 TANGENT: 0.956862748, 0.23137255, 0.435294122, 0.709803939

vb0[1001]+000 POSITION: 1.03222656, -0.339599609, 0.163452148, 1
vb0[1001]+000 NORMAL: 0.129411772, 0.235294119, 0.435294122, 0.709803939
vb0[1001]+000 COLOR: 0.129411772, 0.235294119, 0.435294122, 0.709803939
vb0[1001]+012 TEXCOORD: 0.0249938965, 1.20019531
vb0[1001]+000 TEXCOORD1: 0.129411772, 0.235294119, 0.435294122, 0.709803939
vb0[1001]+000 TEXCOORD2: 0.129411772, 0.235294119, 0.435294122, 0.709803939
vb0[1001]+000 TEXCOORD3: 0.129411772, 0.235294119, 0.435294122, 0.709803939
vb0[1001]+000 TANGENT: 0.129411772, 0.235294119, 0.435294122, 0.709803939

vb0[1002]+000 POSITION: 1.04492188, -0.339599609, -0, 1
vb0[1002]+000 NORMAL: 0.180392161, 0.235294119, 0.435294122, 0.709803939
vb0[1002]+000 COLOR: 0.180392161, 0.235294119, 0.435294122, 0.709803939
vb0[1002]+012 TEXCOORD: 0, 1.20019531
vb0[1002]+000 TEXCOORD1: 0.180392161, 0.235294119, 0.435294122, 0.709803939
vb0[1002]+000 TEXCOORD2: 0.180392161, 0.235294119, 0.435294122, 0.709803939
vb0[1002]+000 TEXCOORD3: 0.180392161, 0.235294119, 0.435294122, 0.709803939
vb0[1002]+000 TANGENT: 0.180392161, 0.235294119, 0.435294122, 0.709803939

vb0[1003]+000 POSITION: 1.03222656, -0.339599609, -0.163452148, 1
vb0[1003]+000 NORMAL: 0.129411772, 0.235294119, 0.435294122, 0.709803939
vb0[1003]+000 COLOR: 0.129411772, 0.235294119, 0.435294122, 0.709803939
vb0[1003]+012 TEXCOORD: -0.0249938965, 1.20019531
vb0[1003]+000 TEXCOORD1: 0.129411772, 0.235294119, 0.435294122, 0.709803939
vb0[1003]+000 TEXCOORD2: 0.129411772, 0.235294119, 0.435294122, 0.709803939
vb0[1003]+000 TEXCOORD3: 0.129411772, 0.235294119, 0.435294122, 0.709803939
vb0[1003]+000 TANGENT: 0.129411772, 0.235294119, 0.435294122, 0.709803939

vb0[1004]+000 POSITION: 0.987304688, -0.420410156, -0.237060547, 1
vb0[1004]+000 NORMAL: 0.90196079, 0.23137255, 0.729411781, 0.713725507
vb0[1004]+000 COLOR: 0.90196079, 0.23137255, 0.729411781, 0.713725507
vb0[1004]+012 TEXCOORD: -0.0375061035, 1.25
vb0[1004]+000 TEXCOORD1: 0.90196079, 0.23137255, 0.729411781, 0.713725507
vb0[1004]+000 TEXCOORD2: 0.90196079, 0.23137255, 0.729411781, 0.713725507
vb0[1004]+000 TEXCOORD3: 0.90196079, 0.23137255, 0.729411781, 0.713725507
vb0[1004]+000 TANGENT: 0.90196079, 0.23137255, 0.729411781, 0.713725507

vb0[1005]+000 POSITION: 0.937988281, -0.420410156, -0.388427734, 1
vb0[1005]+000 NORMAL: 0.505882382, 0.23137255, 0.729411781, 0.713725507
vb0[1005]+000 COLOR: 0.505882382, 0.23137255, 0.729411781, 0.713725507
vb0[1005]+012 TEXCOORD: -0.0625, 1.25
vb0[1005]+000 TEXCOORD1: 0.505882382, 0.23137255, 0.729411781, 0.713725507
vb0[1005]+000 TEXCOORD2: 0.505882382, 0.23137255, 0.729411781, 0.713725507
vb0[1005]+000 TEXCOORD3: 0.505882382, 0.23137255, 0.729411781, 0.713725507
vb0[1005]+000 TANGENT: 0.505882382, 0.23137255, 0.729411781, 0.713725507

vb0[1006]+000 POSITION: 0.865722656, -0.420410156, -0.530273438, 1
vb0[1006]+000 NORMAL: 0.929411769, 0.227450982, 0.729411781, 0.713725507
vb0[1006]+000 COLOR: 0.929411769, 0.227450982, 0.729411781, 0.713725507
vb0[1006]+012 TEXCOORD: -0.0875244141, 1.25
vb0[1006]+000 TEXCOORD1: 0.929411769, 0.227450982, 0.729411781, 0.713725507
vb0[1006]+000 TEXCOORD2: 0.929411769, 0.227450982, 0.729411781, 0.713725507
vb0[1006]+000 TEXCOORD3: 0.929411769, 0.227450982, 0.729411781, 0.713725507
vb0[1006]+000 TANGENT: 0.929411769, 0.227450982, 0.729411781, 0.713725507

vb0[1007]+000 POSITION: 0.771972656, -0.420410156, -0.659179688, 1
vb0[1007]+000 NORMAL: 0.176470593, 0.227450982, 0.729411781, 0.713725507
vb0[1007]+000 COLOR: 0.176470593, 0.227450982, 0.729411781, 0.713725507
vb0[1007]+012 TEXCOORD: -0.112487793, 1.25
vb0[1007]+000 TEXCOORD1: 0.176470593, 0.227450982, 0.729411781, 0.713725507
vb0[1007]+000 TEXCOORD2: 0.176470593, 0.227450982, 0.729411781, 0.713725507
vb0[1007]+000 TEXCOORD3: 0.176470593, 0.227450982, 0.729411781, 0.713725507
vb0[1007]+000 TANGENT: 0.176470593, 0.227450982, 0.729411781, 0.713725507

vb0[1008]+000 POSITION: 0.659179688, -0.420410156, -0.771972656, 1
vb0[1008]+000 NORMAL: 0.274509817, 0.223529413, 0.729411781, 0.713725507
vb0[1008]+000 COLOR: 0.274509817, 0.223529413, 0.729411781, 0.713725507
vb0[1008]+012 TEXCOORD: -0.137451172, 1.25
vb0[1008]+000 TEXCOORD1: 0.274509817, 0.223529413, 0.729411781, 0.713725507
vb0[1008]+000 TEXCOORD2: 0.274509817, 0.223529413, 0.729411781, 0.713725507
vb0[1008]+000 TEXCOORD3: 0.274509817, 0.223529413, 0.729411781, 0.713725507
vb0[1008]+000 TANGENT: 0.274509817, 0.223529413, 0.729411781, 0.713725507

vb0[1009]+000 POSITION: 0.530273438, -0.420410156, -0.865722656, 1
vb0[1009]+000 NORMAL: 0.243137255, 0.219607845, 0.729411781, 0.713725507
vb0[1009]+000 COLOR: 0.243137255, 0.219607845, 0.729411781, 0.713725507
vb0[1009]+012 TEXCOORD: -0.162475586, 1.25
vb0[1009]+000 TEXCOORD1: 0.243137255, 0.219607845, 0.729411781, 0.713725507
vb0[1009]+000 TEXCOORD2: 0.243137255, 0.219607845, 0.729411781, 0.713725507
vb0[1009]+000 TEXCOORD3: 0.243137255, 0.219607845, 0.729411781, 0.713725507
vb0[1009]+000 TANGENT: 0.243137255, 0.219607845, 0.729411781, 0.713725507

vb0[1010]+000 POSITION: 0.388427734, -0.420410156, -0.937988281, 1
vb0[1010]+000 NORMAL: 0.215686277, 0.211764708, 0.729411781, 0.713725507
vb0[1010]+000 COLOR: 0.215686277, 0.211764708, 0.729411781, 0.713725507
vb0[1010]+012 TEXCOORD: -0.1875, 1.25
vb0[1010]+000 TEXCOORD1: 0.215686277, 0.211764708, 0.729411781, 0.713725507
vb0[1010]+000 TEXCOORD2: 0.215686277, 0.211764708, 0.729411781, 0.713725507
vb0[1010]+000 TEXCOORD3: 0.215686277, 0.211764708, 0.729411781, 0.713725507
vb0[1010]+000 TANGENT: 0.215686277, 0.211764708, 0.729411781, 0.713725507

vb0[1011]+000 POSITION: 0.237060547, -0.420410156, -0.987304688, 1
vb0[1011]+000 NORMAL: 0.588235319, 0.200000003, 0.729411781, 0.713725507
vb0[1011]+000 COLOR: 0.588235319, 0.200000003, 0.729411781, 0.713725507
vb0[1011]+012 TEXCOORD: -0.212524414, 1.25
vb0[1011]+000 TEXCOORD1: 0.588235319, 0.200000003, 0.729411781, 0.713725507
vb0[1011]+000 TEXCOORD2: 0.588235319, 0.200000003, 0.729411781, 0.713725507
vb0[1011]+000 TEXCOORD3: 0.588235319, 0.200000003, 0.729411781, 0.713725507
vb0[1011]+000 TANGENT: 0.588235319, 0.200000003, 0.729411781, 0.713725507

vb0[1012]+000 POSITION: 0.0796508789, -0.420410156, -1.01171875, 1
vb0[1012]+000 NORMAL: 0.0980392173, 0.176470593, 0.729411781, 0.713725507
vb0[1012]+000 COLOR: 0.0980392173, 0.176470593, 0.729411781, 0.713725507
vb0[1012]+012 TEXCOORD: -0.237548828, 1.25
vb0[1012]+000 TEXCOORD1: 0.0980392173, 0.176470593, 0.729411781, 0.713725507
vb0[1012]+000 TEXCOORD2: 0.0980392173, 0.176470593, 0.729411781, 0.713725507
vb0[1012]+000 TEXCOORD3: 0.0980392173, 0.176470593, 0.729411781, 0.713725507
vb0[1012]+000 TANGENT: 0.0980392173, 0.176470593, 0.729411781, 0.713725507

vb0[1013]+000 POSITION: -0.0796508789, -0.420410156, -1.01171875, 1
vb0[1013]+000 NORMAL: 0.0980392173, 0.678431392, 0.729411781, 0.713725507
vb0[1013]+000 COLOR: 0.0980392173, 0.678431392, 0.729411781, 0.713725507
vb0[1013]+012 TEXCOORD: -0.262451172, 1.25
vb0[1013]+000 TEXCOORD1: 0.0980392173, 0.678431392, 0.729411781, 0.713725507
vb0[1013]+000 TEXCOORD2: 0.0980392173, 0.678431392, 0.729411781, 0.713725507
vb0[1013]+000 TEXCOORD3: 0.0980392173, 0.678431392, 0.729411781, 0.713725507
vb0[1013]+000 TANGENT: 0.0980392173, 0.678431392, 0.729411781, 0.713725507

vb0[1014]+000 POSITION: -0.237060547, -0.420410156, -0.987304688, 1
vb0[1014]+000 NORMAL: 0.588235319, 0.701960802, 0.729411781, 0.713725507
vb0[1014]+000 COLOR: 0.588235319, 0.701960802, 0.729411781, 0.713725507
vb0[1014]+012 TEXCOORD: -0.287597656, 1.25
vb0[1014]+000 TEXCOORD1: 0.588235319, 0.701960802, 0.729411781, 0.713725507
vb0[1014]+000 TEXCOORD2: 0.588235319, 0.701960802, 0.729411781, 0.713725507
vb0[1014]+000 TEXCOORD3: 0.588235319, 0.701960802, 0.729411781, 0.713725507
vb0[1014]+000 TANGENT: 0.588235319, 0.701960802, 0.729411781, 0.713725507

vb0[1015]+000 POSITION: -0.388427734, -0.420410156, -0.937988281, 1
vb0[1015]+000 NORMAL: 0.215686277, 0.713725507, 0.729411781, 0.713725507
vb0[1015]+000 COLOR: 0.215686277, 0.713725507, 0.729411781, 0.713725507
vb0[1015]+012 TEXCOORD: -0.3125, 1.25
vb0[1015]+000 TEXCOORD1: 0.215686277, 0.713725507, 0.729411781, 0.713725507
vb0[1015]+000 TEXCOORD2: 0.215686277, 0.713725507, 0.729411781, 0.713725507
vb0[1015]+000 TEXCOORD3: 0.215686277, 0.713725507, 0.729411781, 0.713725507
vb0[1015]+000 TANGENT: 0.215686277, 0.713725507, 0.729411781, 0.713725507

vb0[1016]+000 POSITION: -0.302490234, -0.498779297, -0.931152344, 1
vb0[1016]+000 NORMAL: 0.843137264, 0.70588237, 0.984313726, 0.717647076
vb0[1016]+000 COLOR: 0.843137264, 0.70588237, 0.984313726, 0.717647076
vb0[1016]+012 TEXCOORD: -0.300048828, 1.29980469
vb0[1016]+000 TEXCOORD1: 0.843137264, 0.70588237, 0.984313726, 0.717647076
vb0[1016]+000 TEXCOORD2: 0.843137264, 0.70588237, 0.984313726, 0.717647076
vb0[1016]+000 TEXCOORD3: 0.843137264, 0.70588237, 0.984313726, 0.717647076
vb0[1016]+000 TANGENT: 0.843137264, 0.70588237, 0.984313726, 0.717647076

vb0[1017]+000 POSITION: -0.444580078, -0.498779297, -0.872558594, 1
vb0[1017]+000 NORMAL: 0.113725491, 0.717647076, 0.984313726, 0.717647076
vb0[1017]+000 COLOR: 0.113725491, 0.717647076, 0.984313726, 0.717647076
vb0[1017]+012 TEXCOORD: -0.324951172, 1.29980469
vb0[1017]+000 TEXCOORD1: 0.113725491, 0.717647076, 0.984313726, 0.717647076
vb0[1017]+000 TEXCOORD2: 0.113725491, 0.717647076, 0.984313726, 0.717647076
vb0[1017]+000 TEXCOORD3: 0.113725491, 0.717647076, 0.984313726, 0.717647076
vb0[1017]+000 TANGENT: 0.113725491, 0.717647076, 0.984313726, 0.717647076

vb0[1018]+000 POSITION: -0.153198242, -0.498779297, -0.967285156, 1
vb0[1018]+000 NORMAL: 0.905882359, 0.690196097, 0.984313726, 0.717647076
vb0[1018]+000 COLOR: 0.905882359, 0.690196097, 0.984313726, 0.717647076
vb0[1018]+012 TEXCOORD: -0.274902344, 1.29980469
vb0[1018]+000 TEXCOORD1: 0.905882359, 0.690196097, 0.984313726, 0.717647076
vb0[1018]+000 TEXCOORD2: 0.905882359, 0.690196097, 0.984313726, 0.717647076
vb0[1018]+000 TEXCOORD3: 0.905882359, 0.690196097, 0.984313726, 0.717647076
vb0[1018]+000 TANGENT: 0.905882359, 0.690196097, 0.984313726, 0.717647076

vb0[1019]+000 POSITION: -1.1479437e-41, -0.498779297, -0.979003906, 1
vb0[1019]+000 NORMAL: 0.00392156886, 0.501960814, 0.984313726, 0.717647076
vb0[1019]+000 COLOR: 0.00392156886, 0.501960814, 0.984313726, 0.717647076
vb0[1019]+012 TEXCOORD: -0.25, 1.29980469
vb0[1019]+000 TEXCOORD1: 0.00392156886, 0.501960814, 0.984313726, 0.717647076
vb0[1019]+000 TEXCOORD2: 0.00392156886, 0.501960814, 0.984313726, 0.717647076
vb0[1019]+000 TEXCOORD3: 0.00392156886, 0.501960814, 0.984313726, 0.717647076
vb0[1019]+000 TANGENT: 0.00392156886, 0.501960814, 0.984313726, 0.717647076

vb0[1020]+000 POSITION: 0.153198242, -0.498779297, -0.967285156, 1
vb0[1020]+000 NORMAL: 0.905882359, 0.188235298, 0.984313726, 0.717647076
vb0[1020]+000 COLOR: 0.905882359, 0.188235298, 0.984313726, 0.717647076
vb0[1020]+012 TEXCOORD: -0.224975586, 1.29980469
vb0[1020]+000 TEXCOORD1: 0.905882359, 0.188235298, 0.984313726, 0.717647076
vb0[1020]+000 TEXCOORD2: 0.905882359, 0.188235298, 0.984313726, 0.717647076
vb0[1020]+000 TEXCOORD3: 0.905882359, 0.188235298, 0.984313726, 0.717647076
vb0[1020]+000 TANGENT: 0.905882359, 0.188235298, 0.984313726, 0.717647076

vb0[1021]+000 POSITION: 0.302490234, -0.498779297, -0.931152344, 1
vb0[1021]+000 NORMAL: 0.843137264, 0.203921571, 0.984313726, 0.717647076
vb0[1021]+000 COLOR: 0.843137264, 0.203921571, 0.984313726, 0.717647076
vb0[1021]+012 TEXCOORD: -0.199951172, 1.29980469
vb0[1021]+000 TEXCOORD1: 0.843137264, 0.203921571, 0.984313726, 0.717647076
vb0[1021]+000 TEXCOORD2: 0.843137264, 0.203921571, 0.984313726, 0.717647076
vb0[1021]+000 TEXCOORD3: 0.843137264, 0.203921571, 0.984313726, 0.717647076
vb0[1021]+000 TANGENT: 0.843137264, 0.203921571, 0.984313726, 0.717647076

vb0[1022]+000 POSITION: 0.444580078, -0.498779297, -0.872558594, 1
vb0[1022]+000 NORMAL: 0.113725491, 0.215686277, 0.984313726, 0.717647076
vb0[1022]+000 COLOR: 0.113725491, 0.215686277, 0.984313726, 0.717647076
vb0[1022]+012 TEXCOORD: -0.175048828, 1.29980469
vb0[1022]+000 TEXCOORD1: 0.113725491, 0.215686277, 0.984313726, 0.717647076
vb0[1022]+000 TEXCOORD2: 0.113725491, 0.215686277, 0.984313726, 0.717647076
vb0[1022]+000 TEXCOORD3: 0.113725491, 0.215686277, 0.984313726, 0.717647076
vb0[1022]+000 TANGENT: 0.113725491, 0.215686277, 0.984313726, 0.717647076

vb0[1023]+000 POSITION: 0.575683594, -0.498779297, -0.791992188, 1
vb0[1023]+000 NORMAL: 0.607843161, 0.219607845, 0.984313726, 0.717647076
vb0[1023]+000 COLOR: 0.607843161, 0.219607845, 0.984313726, 0.717647076
vb0[1023]+012 TEXCOORD: -0.150024414, 1.29980469
vb0[1023]+000 TEXCOORD1: 0.607843161, 0.219607845, 0.984313726, 0.717647076
vb0[1023]+000 TEXCOORD2: 0.607843161, 0.219607845, 0.984313726, 0.717647076
vb0[1023]+000 TEXCOORD3: 0.607843161, 0.219607845, 0.984313726, 0.717647076
vb0[1023]+000 TANGENT: 0.607843161, 0.219607845, 0.984313726, 0.717647076

vb0[1024]+000 POSITION: 0.692382813, -0.498779297, -0.692382813, 1
vb0[1024]+000 NORMAL: 0.541176498, 0.223529413, 0.984313726, 0.717647076
vb0[1024]+000 COLOR: 0.541176498, 0.223529413, 0.984313726, 0.717647076
vb0[1024]+012 TEXCOORD: -0.125, 1.29980469
vb0[1024]+000 TEXCOORD1: 0.541176498, 0.223529413, 0.984313726, 0.717647076
vb0[1024]+000 TEXCOORD2: 0.541176498, 0.223529413, 0.984313726, 0.717647076
vb0[1024]+000 TEXCOORD3: 0.541176498, 0.223529413, 0.984313726, 0.717647076
vb0[1024]+000 TANGENT: 0.541176498, 0.223529413, 0.984313726, 0.717647076

vb0[1025]+000 POSITION: 0.791992188, -0.498779297, -0.575683594, 1
vb0[1025]+000 NORMAL: 0.337254912, 0.227450982, 0.984313726, 0.717647076
vb0[1025]+000 COLOR: 0.337254912, 0.227450982, 0.984313726, 0.717647076
vb0[1025]+012 TEXCOORD: -0.0999755859, 1.29980469
vb0[1025]+000 TEXCOORD1: 0.337254912, 0.227450982, 0.984313726, 0.717647076
vb0[1025]+000 TEXCOORD2: 0.337254912, 0.227450982, 0.984313726, 0.717647076
vb0[1025]+000 TEXCOORD3: 0.337254912, 0.227450982, 0.984313726, 0.717647076
vb0[1025]+000 TANGENT: 0.337254912, 0.227450982, 0.984313726, 0.717647076

vb0[1026]+000 POSITION: 0.872558594, -0.498779297, -0.444580078, 1
vb0[1026]+000 NORMAL: 0.984313726, 0.227450982, 0.984313726, 0.717647076
vb0[1026]+000 COLOR: 0.984313726, 0.227450982, 0.984313726, 0.717647076
vb0[1026]+012 TEXCOORD: -0.075012207, 1.29980469
vb0[1026]+000 TEXCOORD1: 0.984313726, 0.227450982, 0.984313726, 0.717647076
vb0[1026]+000 TEXCOORD2: 0.984313726, 0.227450982, 0.984313726, 0.717647076
vb0[1026]+000 TEXCOORD3: 0.984313726, 0.227450982, 0.984313726, 0.717647076
vb0[1026]+000 TANGENT: 0.984313726, 0.227450982, 0.984313726, 0.717647076

vb0[1027]+000 POSITION: 0.931152344, -0.498779297, -0.302490234, 1
vb0[1027]+000 NORMAL: 0.450980395, 0.23137255, 0.984313726, 0.717647076
vb0[1027]+000 COLOR: 0.450980395, 0.23137255, 0.984313726, 0.717647076
vb0[1027]+012 TEXCOORD: -0.049987793, 1.29980469
vb0[1027]+000 TEXCOORD1: 0.450980395, 0.23137255, 0.984313726, 0.717647076
vb0[1027]+000 TEXCOORD2: 0.450980395, 0.23137255, 0.984313726, 0.717647076
vb0[1027]+000 TEXCOORD3: 0.450980395, 0.23137255, 0.984313726, 0.717647076
vb0[1027]+000 TANGENT: 0.450980395, 0.23137255, 0.984313726, 0.717647076

vb0[1028]+000 POSITION: 0.967285156, -0.498779297, -0.153198242, 1
vb0[1028]+000 NORMAL: 0.741176486, 0.23137255, 0.984313726, 0.717647076
vb0[1028]+000 COLOR: 0.741176486, 0.23137255, 0.984313726, 0.717647076
vb0[1028]+012 TEXCOORD: -0.0249938965, 1.29980469
vb0[1028]+000 TEXCOORD1: 0.741176486, 0.23137255, 0.984313726, 0.717647076
vb0[1028]+000 TEXCOORD2: 0.741176486, 0.23137255, 0.984313726, 0.717647076
vb0[1028]+000 TEXCOORD3: 0.741176486, 0.23137255, 0.984313726, 0.717647076
vb0[1028]+000 TANGENT: 0.741176486, 0.23137255, 0.984313726, 0.717647076

vb0[1029]+000 POSITION: 1.01171875, -0.420410156, -0.0796508789, 1
vb0[1029]+000 NORMAL: 0.0470588244, 0.235294119, 0.729411781, 0.713725507
vb0[1029]+000 COLOR: 0.0470588244, 0.235294119, 0.729411781, 0.713725507
vb0[1029]+012 TEXCOORD: -0.0124969482, 1.25
vb0[1029]+000 TEXCOORD1: 0.0470588244, 0.235294119, 0.729411781, 0.713725507
vb0[1029]+000 TEXCOORD2: 0.0470588244, 0.235294119, 0.729411781, 0.713725507
vb0[1029]+000 TEXCOORD3: 0.0470588244, 0.235294119, 0.729411781, 0.713725507
vb0[1029]+000 TANGENT: 0.0470588244, 0.235294119, 0.729411781, 0.713725507

vb0[1030]+000 POSITION: 1.01171875, -0.420410156, 0.0796508789, 1
vb0[1030]+000 NORMAL: 0.0470588244, 0.235294119, 0.729411781, 0.713725507
vb0[1030]+000 COLOR: 0.0470588244, 0.235294119, 0.729411781, 0.713725507
vb0[1030]+012 TEXCOORD: 0.0124969482, 1.25
vb0[1030]+000 TEXCOORD1: 0.0470588244, 0.235294119, 0.729411781, 0.713725507
vb0[1030]+000 TEXCOORD2: 0.0470588244, 0.235294119, 0.729411781, 0.713725507
vb0[1030]+000 TEXCOORD3: 0.0470588244, 0.235294119, 0.729411781, 0.713725507
vb0[1030]+000 TANGENT: 0.0470588244, 0.235294119, 0.729411781, 0.713725507

vb0[1031]+000 POSITION: 0.987304688, -0.420410156, 0.237060547, 1
vb0[1031]+000 NORMAL: 0.90196079, 0.23137255, 0.729411781, 0.713725507
vb0[1031]+000 COLOR: 0.90196079, 0.23137255, 0.729411781, 0.713725507
vb0[1031]+012 TEXCOORD: 0.0375061035, 1.25
vb0[1031]+000 TEXCOORD1: 0.90196079, 0.23137255, 0.729411781, 0.713725507
vb0[1031]+000 TEXCOORD2: 0.90196079, 0.23137255, 0.729411781, 0.713725507
vb0[1031]+000 TEXCOORD3: 0.90196079, 0.23137255, 0.729411781, 0.713725507
vb0[1031]+000 TANGENT: 0.90196079, 0.23137255, 0.729411781, 0.713725507

vb0[1032]+000 POSITION: 0.937988281, -0.420410156, 0.388427734, 1
vb0[1032]+000 NORMAL: 0.505882382, 0.23137255, 0.729411781, 0.713725507
vb0[1032]+000 COLOR: 0.505882382, 0.23137255, 0.729411781, 0.713725507
vb0[1032]+012 TEXCOORD: 0.0625, 1.25
vb0[1032]+000 TEXCOORD1: 0.505882382, 0.23137255, 0.729411781, 0.713725507
vb0[1032]+000 TEXCOORD2: 0.505882382, 0.23137255, 0.729411781, 0.713725507
vb0[1032]+000 TEXCOORD3: 0.505882382, 0.23137255, 0.729411781, 0.713725507
vb0[1032]+000 TANGENT: 0.505882382, 0.23137255, 0.729411781, 0.713725507

vb0[1033]+000 POSITION: 0.865722656, -0.420410156, 0.530273438, 1
vb0[1033]+000 NORMAL: 0.929411769, 0.227450982, 0.729411781, 0.713725507
vb0[1033]+000 COLOR: 0.929411769, 0.227450982, 0.729411781, 0.713725507
vb0[1033]+012 TEXCOORD: 0.0875244141, 1.25
vb0[1033]+000 TEXCOORD1: 0.929411769, 0.227450982, 0.729411781, 0.713725507
vb0[1033]+000 TEXCOORD2: 0.929411769, 0.227450982, 0.729411781, 0.713725507
vb0[1033]+000 TEXCOORD3: 0.929411769, 0.227450982, 0.729411781, 0.713725507
vb0[1033]+000 TANGENT: 0.929411769, 0.227450982, 0.729411781, 0.713725507

vb0[1034]+000 POSITION: 0.771972656, -0.420410156, 0.659179688, 1
vb0[1034]+000 NORMAL: 0.176470593, 0.227450982, 0.729411781, 0.713725507
vb0[1034]+000 COLOR: 0.176470593, 0.227450982, 0.729411781, 0.713725507
vb0[1034]+012 TEXCOORD: 0.112487793, 1.25
vb0[1034]+000 TEXCOORD1: 0.176470593, 0.227450982, 0.729411781, 0.713725507
vb0[1034]+000 TEXCOORD2: 0.176470593, 0.227450982, 0.729411781, 0.713725507
vb0[1034]+000 TEXCOORD3: 0.176470593, 0.227450982, 0.729411781, 0.713725507
vb0[1034]+000 TANGENT: 0.176470593, 0.227450982, 0.729411781, 0.713725507

vb0[1035]+000 POSITION: 0.659179688, -0.420410156, 0.771972656, 1
vb0[1035]+000 NORMAL: 0.274509817, 0.223529413, 0.729411781, 0.713725507
vb0[1035]+000 COLOR: 0.274509817, 0.223529413, 0.729411781, 0.713725507
vb0[1035]+012 TEXCOORD: 0.137451172, 1.25
vb0[1035]+000 TEXCOORD1: 0.274509817, 0.223529413, 0.729411781, 0.713725507
vb0[1035]+000 TEXCOORD2: 0.274509817, 0.223529413, 0.729411781, 0.713725507
vb0[1035]+000 TEXCOORD3: 0.274509817, 0.223529413, 0.729411781, 0.713725507
vb0[1035]+000 TANGENT: 0.274509817, 0.223529413, 0.729411781, 0.713725507

vb0[1036]+000 POSITION: 0.530273438, -0.420410156, 0.865722656, 1
vb0[1036]+000 NORMAL: 0.243137255, 0.219607845, 0.729411781, 0.713725507
vb0[1036]+000 COLOR: 0.243137255, 0.219607845, 0.729411781, 0.713725507
vb0[1036]+012 TEXCOORD: 0.162475586, 1.25
vb0[1036]+000 TEXCOORD1: 0.243137255, 0.219607845, 0.729411781, 0.713725507
vb0[1036]+000 TEXCOORD2: 0.243137255, 0.219607845, 0.729411781, 0.713725507
vb0[1036]+000 TEXCOORD3: 0.243137255, 0.219607845, 0.729411781, 0.713725507
vb0[1036]+000 TANGENT: 0.243137255, 0.219607845, 0.729411781, 0.713725507

vb0[1037]+000 POSITION: 0.388427734, -0.420410156, 0.937988281, 1
vb0[1037]+000 NORMAL: 0.215686277, 0.211764708, 0.729411781, 0.713725507
vb0[1037]+000 COLOR: 0.215686277, 0.211764708, 0.729411781, 0.713725507
vb0[1037]+012 TEXCOORD: 0.1875, 1.25
vb0[1037]+000 TEXCOORD1: 0.215686277, 0.211764708, 0.729411781, 0.713725507
vb0[1037]+000 TEXCOORD2: 0.215686277, 0.211764708, 0.729411781, 0.713725507
vb0[1037]+000 TEXCOORD3: 0.215686277, 0.211764708, 0.729411781, 0.713725507
vb0[1037]+000 TANGENT: 0.215686277, 0.211764708, 0.729411781, 0.713725507

vb0[1038]+000 POSITION: 0.237060547, -0.420410156, 0.987304688, 1
vb0[1038]+000 NORMAL: 0.588235319, 0.200000003, 0.729411781, 0.713725507
vb0[1038]+000 COLOR: 0.588235319, 0.200000003, 0.729411781, 0.713725507
vb0[1038]+012 TEXCOORD: 0.212524414, 1.25
vb0[1038]+000 TEXCOORD1: 0.588235319, 0.200000003, 0.729411781, 0.713725507
vb0[1038]+000 TEXCOORD2: 0.588235319, 0.200000003, 0.729411781, 0.713725507
vb0[1038]+000 TEXCOORD3: 0.588235319, 0.200000003, 0.729411781, 0.713725507
vb0[1038]+000 TANGENT: 0.588235319, 0.200000003, 0.729411781, 0.713725507

vb0[1039]+000 POSITION: 0.0796508789, -0.420410156, 1.01171875, 1
vb0[1039]+000 NORMAL: 0.0980392173, 0.176470593, 0.729411781, 0.713725507
vb0[1039]+000 COLOR: 0.0980392173, 0.176470593, 0.729411781, 0.713725507
vb0[1039]+012 TEXCOORD: 0.237548828, 1.25
vb0[1039]+000 TEXCOORD1: 0.0980392173, 0.176470593, 0.729411781, 0.713725507
vb0[1039]+000 TEXCOORD2: 0.0980392173, 0.176470593, 0.729411781, 0.713725507
vb0[1039]+000 TEXCOORD3: 0.0980392173, 0.176470593, 0.729411781, 0.713725507
vb0[1039]+000 TANGENT: 0.0980392173, 0.176470593, 0.729411781, 0.713725507

vb0[1040]+000 POSITION: -0.0796508789, -0.420410156, 1.01171875, 1
vb0[1040]+000 NORMAL: 0.0980392173, 0.678431392, 0.729411781, 0.713725507
vb0[1040]+000 COLOR: 0.0980392173, 0.678431392, 0.729411781, 0.713725507
vb0[1040]+012 TEXCOORD: 0.262451172, 1.25
vb0[1040]+000 TEXCOORD1: 0.0980392173, 0.678431392, 0.729411781, 0.713725507
vb0[1040]+000 TEXCOORD2: 0.0980392173, 0.678431392, 0.729411781, 0.713725507
vb0[1040]+000 TEXCOORD3: 0.0980392173, 0.678431392, 0.729411781, 0.713725507
vb0[1040]+000 TANGENT: 0.0980392173, 0.678431392, 0.729411781, 0.713725507

vb0[1041]+000 POSITION: -0.163452148, -0.339599609, 1.03222656, 1
vb0[1041]+000 NORMAL: 0.23137255, 0.694117665, 0.435294122, 0.709803939
vb0[1041]+000 COLOR: 0.23137255, 0.694117665, 0.435294122, 0.709803939
vb0[1041]+012 TEXCOORD: 0.274902344, 1.20019531
vb0[1041]+000 TEXCOORD1: 0.23137255, 0.694117665, 0.435294122, 0.709803939
vb0[1041]+000 TEXCOORD2: 0.23137255, 0.694117665, 0.435294122, 0.709803939
vb0[1041]+000 TEXCOORD3: 0.23137255, 0.694117665, 0.435294122, 0.709803939
vb0[1041]+000 TANGENT: 0.23137255, 0.694117665, 0.435294122, 0.709803939

vb0[1042]+000 POSITION: -0.322998047, -0.339599609, 0.994140625, 1
vb0[1042]+000 NORMAL: 0.168627456, 0.709803939, 0.435294122, 0.709803939
vb0[1042]+000 COLOR: 0.168627456, 0.709803939, 0.435294122, 0.709803939
vb0[1042]+012 TEXCOORD: 0.300048828, 1.20019531
vb0[1042]+000 TEXCOORD1: 0.168627456, 0.709803939, 0.435294122, 0.709803939
vb0[1042]+000 TEXCOORD2: 0.168627456, 0.709803939, 0.435294122, 0.709803939
vb0[1042]+000 TEXCOORD3: 0.168627456, 0.709803939, 0.435294122, 0.709803939
vb0[1042]+000 TANGENT: 0.168627456, 0.709803939, 0.435294122, 0.709803939

vb0[1043]+000 POSITION: -0.474365234, -0.339599609, 0.931152344, 1
vb0[1043]+000 NORMAL: 0.592156887, 0.717647076, 0.435294122, 0.709803939
vb0[1043]+000 COLOR: 0.592156887, 0.717647076, 0.435294122, 0.709803939
vb0[1043]+012 TEXCOORD: 0.324951172, 1.20019531
vb0[1043]+000 TEXCOORD1: 0.592156887, 0.717647076, 0.435294122, 0.709803939
vb0[1043]+000 TEXCOORD2: 0.592156887, 0.717647076, 0.435294122, 0.709803939
vb0[1043]+000 TEXCOORD3: 0.592156887, 0.717647076, 0.435294122, 0.709803939
vb0[1043]+000 TANGENT: 0.592156887, 0.717647076, 0.435294122, 0.709803939

vb0[1044]+000 POSITION: -0.614257813, -0.339599609, 0.845703125, 1
vb0[1044]+000 NORMAL: 0.917647064, 0.721568644, 0.435294122, 0.709803939
vb0[1044]+000 COLOR: 0.917647064, 0.721568644, 0.435294122, 0.709803939
vb0[1044]+012 TEXCOORD: 0.350097656, 1.20019531
vb0[1044]+000 TEXCOORD1: 0.917647064, 0.721568644, 0.435294122, 0.709803939
vb0[1044]+000 TEXCOORD2: 0.917647064, 0.721568644, 0.435294122, 0.709803939
vb0[1044]+000 TEXCOORD3: 0.917647064, 0.721568644, 0.435294122, 0.709803939
vb0[1044]+000 TANGENT: 0.917647064, 0.721568644, 0.435294122, 0.709803939

vb0[1045]+000 POSITION: -0.738769531, -0.339599609, 0.738769531, 1
vb0[1045]+000 NORMAL: 0.913725495, 0.725490212, 0.435294122, 0.709803939
vb0[1045]+000 COLOR: 0.913725495, 0.725490212, 0.435294122, 0.709803939
vb0[1045]+012 TEXCOORD: 0.375, 1.20019531
vb0[1045]+000 TEXCOORD1: 0.913725495, 0.725490212, 0.435294122, 0.709803939
vb0[1045]+000 TEXCOORD2: 0.913725495, 0.725490212, 0.435294122, 0.709803939
vb0[1045]+000 TEXCOORD3: 0.913725495, 0.725490212, 0.435294122, 0.709803939
vb0[1045]+000 TANGENT: 0.913725495, 0.725490212, 0.435294122, 0.709803939

vb0[1046]+000 POSITION: -0.845703125, -0.339599609, 0.614257813, 1
vb0[1046]+000 NORMAL: 0.768627465, 0.729411781, 0.435294122, 0.709803939
vb0[1046]+000 COLOR: 0.768627465, 0.729411781, 0.435294122, 0.709803939
vb0[1046]+012 TEXCOORD: 0.399902344, 1.20019531
vb0[1046]+000 TEXCOORD1: 0.768627465, 0.729411781, 0.435294122, 0.709803939
vb0[1046]+000 TEXCOORD2: 0.768627465, 0.729411781, 0.435294122, 0.709803939
vb0[1046]+000 TEXCOORD3: 0.768627465, 0.729411781, 0.435294122, 0.709803939
vb0[1046]+000 TANGENT: 0.768627465, 0.729411781, 0.435294122, 0.709803939

vb0[1047]+000 POSITION: -0.931152344, -0.339599609, 0.474365234, 1
vb0[1047]+000 NORMAL: 0.450980395, 0.733333349, 0.435294122, 0.709803939
vb0[1047]+000 COLOR: 0.450980395, 0.733333349, 0.435294122, 0.709803939
vb0[1047]+012 TEXCOORD: 0.425048828, 1.20019531
vb0[1047]+000 TEXCOORD1: 0.450980395, 0.733333349, 0.435294122, 0.709803939
vb0[1047]+000 TEXCOORD2: 0.450980395, 0.733333349, 0.435294122, 0.709803939
vb0[1047]+000 TEXCOORD3: 0.450980395, 0.733333349, 0.435294122, 0.709803939
vb0[1047]+000 TANGENT: 0.450980395, 0.733333349, 0.435294122, 0.709803939

vb0[1048]+000 POSITION: -0.994140625, -0.339599609, 0.322998047, 1
vb0[1048]+000 NORMAL: 0.956862748, 0.733333349, 0.435294122, 0.709803939
vb0[1048]+000 COLOR: 0.956862748, 0.733333349, 0.435294122, 0.709803939
vb0[1048]+012 TEXCOORD: 0.449951172, 1.20019531
vb0[1048]+000 TEXCOORD1: 0.956862748, 0.733333349, 0.435294122, 0.709803939
vb0[1048]+000 TEXCOORD2: 0.956862748, 0.733333349, 0.435294122, 0.709803939
vb0[1048]+000 TEXCOORD3: 0.956862748, 0.733333349, 0.435294122, 0.709803939
vb0[1048]+000 TANGENT: 0.956862748, 0.733333349, 0.435294122, 0.709803939

vb0[1049]+000 POSITION: -1.03222656, -0.339599609, 0.163452148, 1
vb0[1049]+000 NORMAL: 0.129411772, 0.737254918, 0.435294122, 0.709803939
vb0[1049]+000 COLOR: 0.129411772, 0.737254918, 0.435294122, 0.709803939
vb0[1049]+012 TEXCOORD: 0.475097656, 1.20019531
vb0[1049]+000 TEXCOORD1: 0.129411772, 0.737254918, 0.435294122, 0.709803939
vb0[1049]+000 TEXCOORD2: 0.129411772, 0.737254918, 0.435294122, 0.709803939
vb0[1049]+000 TEXCOORD3: 0.129411772, 0.737254918, 0.435294122, 0.709803939
vb0[1049]+000 TANGENT: 0.129411772, 0.737254918, 0.435294122, 0.709803939

vb0[1050]+000 POSITION: -1.04492188, -0.339599609, -2.2958874e-41, 1
vb0[1050]+000 NORMAL: 0.180392161, 0.737254918, 0.435294122, 0.709803939
vb0[1050]+000 COLOR: 0.180392161, 0.737254918, 0.435294122, 0.709803939
vb0[1050]+012 TEXCOORD: 0.5, 1.20019531
vb0[1050]+000 TEXCOORD1: 0.180392161, 0.737254918, 0.435294122, 0.709803939
vb0[1050]+000 TEXCOORD2: 0.180392161, 0.737254918, 0.435294122, 0.709803939
vb0[1050]+000 TEXCOORD3: 0.180392161, 0.737254918, 0.435294122, 0.709803939
vb0[1050]+000 TANGENT: 0.180392161, 0.737254918, 0.435294122, 0.709803939

vb0[1051]+000 POSITION: -1.03222656, -0.339599609, -0.163452148, 1
vb0[1051]+000 NORMAL: 0.129411772, 0.737254918, 0.435294122, 0.709803939
vb0[1051]+000 COLOR: 0.129411772, 0.737254918, 0.435294122, 0.709803939
vb0[1051]+012 TEXCOORD: 0.524902344, 1.20019531
vb0[1051]+000 TEXCOORD1: 0.129411772, 0.737254918, 0.435294122, 0.709803939
vb0[1051]+000 TEXCOORD2: 0.129411772, 0.737254918, 0.435294122, 0.709803939
vb0[1051]+000 TEXCOORD3: 0.129411772, 0.737254918, 0.435294122, 0.709803939
vb0[1051]+000 TANGENT: 0.129411772, 0.737254918, 0.435294122, 0.709803939

vb0[1052]+000 POSITION: -0.994140625, -0.339599609, -0.322998047, 1
vb0[1052]+000 NORMAL: 0.956862748, 0.733333349, 0.435294122, 0.709803939
vb0[1052]+000 COLOR: 0.956862748, 0.733333349, 0.435294122, 0.709803939
vb0[1052]+012 TEXCOORD: 0.549804688, 1.20019531
vb0[1052]+000 TEXCOORD1: 0.956862748, 0.733333349, 0.435294122, 0.709803939
vb0[1052]+000 TEXCOORD2: 0.956862748, 0.733333349, 0.435294122, 0.709803939
vb0[1052]+000 TEXCOORD3: 0.956862748, 0.733333349, 0.435294122, 0.709803939
vb0[1052]+000 TANGENT: 0.956862748, 0.733333349, 0.435294122, 0.709803939

vb0[1053]+000 POSITION: -0.931152344, -0.339599609, -0.474365234, 1
vb0[1053]+000 NORMAL: 0.450980395, 0.733333349, 0.435294122, 0.709803939
vb0[1053]+000 COLOR: 0.450980395, 0.733333349, 0.435294122, 0.709803939
vb0[1053]+012 TEXCOORD: 0.575195313, 1.20019531
vb0[1053]+000 TEXCOORD1: 0.450980395, 0.733333349, 0.435294122, 0.709803939
vb0[1053]+000 TEXCOORD2: 0.450980395, 0.733333349, 0.435294122, 0.709803939
vb0[1053]+000 TEXCOORD3: 0.450980395, 0.733333349, 0.435294122, 0.709803939
vb0[1053]+000 TANGENT: 0.450980395, 0.733333349, 0.435294122, 0.709803939

vb0[1054]+000 POSITION: -0.845703125, -0.339599609, -0.614257813, 1
vb0[1054]+000 NORMAL: 0.768627465, 0.729411781, 0.435294122, 0.709803939
vb0[1054]+000 COLOR: 0.768627465, 0.729411781, 0.435294122, 0.709803939
vb0[1054]+012 TEXCOORD: 0.600097656, 1.20019531
vb0[1054]+000 TEXCOORD1: 0.768627465, 0.729411781, 0.435294122, 0.709803939
vb0[1054]+000 TEXCOORD2: 0.768627465, 0.729411781, 0.435294122, 0.709803939
vb0[1054]+000 TEXCOORD3: 0.768627465, 0.729411781, 0.435294122, 0.709803939
vb0[1054]+000 TANGENT: 0.768627465, 0.729411781, 0.435294122, 0.709803939

vb0[1055]+000 POSITION: -0.738769531, -0.339599609, -0.738769531, 1
vb0[1055]+000 NORMAL: 0.913725495, 0.725490212, 0.435294122, 0.709803939
vb0[1055]+000 COLOR: 0.913725495, 0.725490212, 0.435294122, 0.709803939
vb0[1055]+012 TEXCOORD: 0.625, 1.20019531
vb0[1055]+000 TEXCOORD1: 0.913725495, 0.725490212, 0.435294122, 0.709803939
vb0[1055]+000 TEXCOORD2: 0.913725495, 0.725490212, 0.435294122, 0.709803939
vb0[1055]+000 TEXCOORD3: 0.913725495, 0.725490212, 0.435294122, 0.709803939
vb0[1055]+000 TANGENT: 0.913725495, 0.725490212, 0.435294122, 0.709803939

vb0[1056]+000 POSITION: -0.614257813, -0.339599609, -0.845703125, 1
vb0[1056]+000 NORMAL: 0.917647064, 0.721568644, 0.435294122, 0.709803939
vb0[1056]+000 COLOR: 0.917647064, 0.721568644, 0.435294122, 0.709803939
vb0[1056]+012 TEXCOORD: 0.649902344, 1.20019531
vb0[1056]+000 TEXCOORD1: 0.917647064, 0.721568644, 0.435294122, 0.709803939
vb0[1056]+000 TEXCOORD2: 0.917647064, 0.721568644, 0.435294122, 0.709803939
vb0[1056]+000 TEXCOORD3: 0.917647064, 0.721568644, 0.435294122, 0.709803939
vb0[1056]+000 TANGENT: 0.917647064, 0.721568644, 0.435294122, 0.709803939

vb0[1057]+000 POSITION: -0.474365234, -0.339599609, -0.931152344, 1
vb0[1057]+000 NORMAL: 0.592156887, 0.717647076, 0.435294122, 0.709803939
vb0[1057]+000 COLOR: 0.592156887, 0.717647076, 0.435294122, 0.709803939
vb0[1057]+012 TEXCOORD: 0.674804688, 1.20019531
vb0[1057]+000 TEXCOORD1: 0.592156887, 0.717647076, 0.435294122, 0.709803939
vb0[1057]+000 TEXCOORD2: 0.592156887, 0.717647076, 0.435294122, 0.709803939
vb0[1057]+000 TEXCOORD3: 0.592156887, 0.717647076, 0.435294122, 0.709803939
vb0[1057]+000 TANGENT: 0.592156887, 0.717647076, 0.435294122, 0.709803939

vb0[1058]+000 POSITION: -0.408935547, -0.256591797, -0.987304688, 1
vb0[1058]+000 NORMAL: 0.545098066, 0.713725507, 0.105882354, 0.70588237
vb0[1058]+000 COLOR: 0.545098066, 0.713725507, 0.105882354, 0.70588237
vb0[1058]+012 TEXCOORD: 0.6875, 1.15039063
vb0[1058]+000 TEXCOORD1: 0.545098066, 0.713725507, 0.105882354, 0.70588237
vb0[1058]+000 TEXCOORD2: 0.545098066, 0.713725507, 0.105882354, 0.70588237
vb0[1058]+000 TEXCOORD3: 0.545098066, 0.713725507, 0.105882354, 0.70588237
vb0[1058]+000 TANGENT: 0.545098066, 0.713725507, 0.105882354, 0.70588237

vb0[1059]+000 POSITION: -0.249389648, -0.256591797, -1.0390625, 1
vb0[1059]+000 NORMAL: 0.984313726, 0.701960802, 0.105882354, 0.70588237
vb0[1059]+000 COLOR: 0.984313726, 0.701960802, 0.105882354, 0.70588237
vb0[1059]+012 TEXCOORD: 0.712402344, 1.15039063
vb0[1059]+000 TEXCOORD1: 0.984313726, 0.701960802, 0.105882354, 0.70588237
vb0[1059]+000 TEXCOORD2: 0.984313726, 0.701960802, 0.105882354, 0.70588237
vb0[1059]+000 TEXCOORD3: 0.984313726, 0.701960802, 0.105882354, 0.70588237
vb0[1059]+000 TANGENT: 0.984313726, 0.701960802, 0.105882354, 0.70588237

vb0[1060]+000 POSITION: -0.322998047, -0.339599609, -0.994140625, 1
vb0[1060]+000 NORMAL: 0.168627456, 0.709803939, 0.435294122, 0.709803939
vb0[1060]+000 COLOR: 0.168627456, 0.709803939, 0.435294122, 0.709803939
vb0[1060]+012 TEXCOORD: 0.700195313, 1.20019531
vb0[1060]+000 TEXCOORD1: 0.168627456, 0.709803939, 0.435294122, 0.709803939
vb0[1060]+000 TEXCOORD2: 0.168627456, 0.709803939, 0.435294122, 0.709803939
vb0[1060]+000 TEXCOORD3: 0.168627456, 0.709803939, 0.435294122, 0.709803939
vb0[1060]+000 TANGENT: 0.168627456, 0.709803939, 0.435294122, 0.709803939

vb0[1061]+000 POSITION: -0.865722656, -0.420410156, -0.530273438, 1
vb0[1061]+000 NORMAL: 0.929411769, 0.729411781, 0.729411781, 0.713725507
vb0[1061]+000 COLOR: 0.929411769, 0.729411781, 0.729411781, 0.713725507
vb0[1061]+012 TEXCOORD: 0.587402344, 1.25
vb0[1061]+000 TEXCOORD1: 0.929411769, 0.729411781, 0.729411781, 0.713725507
vb0[1061]+000 TEXCOORD2: 0.929411769, 0.729411781, 0.729411781, 0.713725507
vb0[1061]+000 TEXCOORD3: 0.929411769, 0.729411781, 0.729411781, 0.713725507
vb0[1061]+000 TANGENT: 0.929411769, 0.729411781, 0.729411781, 0.713725507

vb0[1062]+000 POSITION: -0.937988281, -0.420410156, -0.388427734, 1
vb0[1062]+000 NORMAL: 0.505882382, 0.733333349, 0.729411781, 0.713725507
vb0[1062]+000 COLOR: 0.505882382, 0.733333349, 0.729411781, 0.713725507
vb0[1062]+012 TEXCOORD: 0.5625, 1.25
vb0[1062]+000 TEXCOORD1: 0.505882382, 0.733333349, 0.729411781, 0.713725507
vb0[1062]+000 TEXCOORD2: 0.505882382, 0.733333349, 0.729411781, 0.713725507
vb0[1062]+000 TEXCOORD3: 0.505882382, 0.733333349, 0.729411781, 0.713725507
vb0[1062]+000 TANGENT: 0.505882382, 0.733333349, 0.729411781, 0.713725507

vb0[1063]+000 POSITION: -0.771972656, -0.420410156, -0.659179688, 1
vb0[1063]+000 NORMAL: 0.176470593, 0.729411781, 0.729411781, 0.713725507
vb0[1063]+000 COLOR: 0.176470593, 0.729411781, 0.729411781, 0.713725507
vb0[1063]+012 TEXCOORD: 0.612304688, 1.25
vb0[1063]+000 TEXCOORD1: 0.176470593, 0.729411781, 0.729411781, 0.713725507
vb0[1063]+000 TEXCOORD2: 0.176470593, 0.729411781, 0.729411781, 0.713725507
vb0[1063]+000 TEXCOORD3: 0.176470593, 0.729411781, 0.729411781, 0.713725507
vb0[1063]+000 TANGENT: 0.176470593, 0.729411781, 0.729411781, 0.713725507

vb0[1064]+000 POSITION: -0.659179688, -0.420410156, -0.771972656, 1
vb0[1064]+000 NORMAL: 0.274509817, 0.725490212, 0.729411781, 0.713725507
vb0[1064]+000 COLOR: 0.274509817, 0.725490212, 0.729411781, 0.713725507
vb0[1064]+012 TEXCOORD: 0.637695313, 1.25
vb0[1064]+000 TEXCOORD1: 0.274509817, 0.725490212, 0.729411781, 0.713725507
vb0[1064]+000 TEXCOORD2: 0.274509817, 0.725490212, 0.729411781, 0.713725507
vb0[1064]+000 TEXCOORD3: 0.274509817, 0.725490212, 0.729411781, 0.713725507
vb0[1064]+000 TANGENT: 0.274509817, 0.725490212, 0.729411781, 0.713725507

vb0[1065]+000 POSITION: -0.530273438, -0.420410156, -0.865722656, 1
vb0[1065]+000 NORMAL: 0.243137255, 0.721568644, 0.729411781, 0.713725507
vb0[1065]+000 COLOR: 0.243137255, 0.721568644, 0.729411781, 0.713725507
vb0[1065]+012 TEXCOORD: 0.662597656, 1.25
vb0[1065]+000 TEXCOORD1: 0.243137255, 0.721568644, 0.729411781, 0.713725507
vb0[1065]+000 TEXCOORD2: 0.243137255, 0.721568644, 0.729411781, 0.713725507
vb0[1065]+000 TEXCOORD3: 0.243137255, 0.721568644, 0.729411781, 0.713725507
vb0[1065]+000 TANGENT: 0.243137255, 0.721568644, 0.729411781, 0.713725507

vb0[1066]+000 POSITION: -0.388427734, -0.420410156, -0.937988281, 1
vb0[1066]+000 NORMAL: 0.215686277, 0.713725507, 0.729411781, 0.713725507
vb0[1066]+000 COLOR: 0.215686277, 0.713725507, 0.729411781, 0.713725507
vb0[1066]+012 TEXCOORD: 0.6875, 1.25
vb0[1066]+000 TEXCOORD1: 0.215686277, 0.713725507, 0.729411781, 0.713725507
vb0[1066]+000 TEXCOORD2: 0.215686277, 0.713725507, 0.729411781, 0.713725507
vb0[1066]+000 TEXCOORD3: 0.215686277, 0.713725507, 0.729411781, 0.713725507
vb0[1066]+000 TANGENT: 0.215686277, 0.713725507, 0.729411781, 0.713725507

vb0[1067]+000 POSITION: -0.872558594, -0.498779297, -0.444580078, 1
vb0[1067]+000 NORMAL: 0.984313726, 0.729411781, 0.984313726, 0.717647076
vb0[1067]+000 COLOR: 0.984313726, 0.729411781, 0.984313726, 0.717647076
vb0[1067]+012 TEXCOORD: 0.575195313, 1.29980469
vb0[1067]+000 TEXCOORD1: 0.984313726, 0.729411781, 0.984313726, 0.717647076
vb0[1067]+000 TEXCOORD2: 0.984313726, 0.729411781, 0.984313726, 0.717647076
vb0[1067]+000 TEXCOORD3: 0.984313726, 0.729411781, 0.984313726, 0.717647076
vb0[1067]+000 TANGENT: 0.984313726, 0.729411781, 0.984313726, 0.717647076

vb0[1068]+000 POSITION: -0.931152344, -0.498779297, -0.302490234, 1
vb0[1068]+000 NORMAL: 0.450980395, 0.733333349, 0.984313726, 0.717647076
vb0[1068]+000 COLOR: 0.450980395, 0.733333349, 0.984313726, 0.717647076
vb0[1068]+012 TEXCOORD: 0.549804688, 1.29980469
vb0[1068]+000 TEXCOORD1: 0.450980395, 0.733333349, 0.984313726, 0.717647076
vb0[1068]+000 TEXCOORD2: 0.450980395, 0.733333349, 0.984313726, 0.717647076
vb0[1068]+000 TEXCOORD3: 0.450980395, 0.733333349, 0.984313726, 0.717647076
vb0[1068]+000 TANGENT: 0.450980395, 0.733333349, 0.984313726, 0.717647076

vb0[1069]+000 POSITION: -0.987304688, -0.420410156, -0.237060547, 1
vb0[1069]+000 NORMAL: 0.90196079, 0.733333349, 0.729411781, 0.713725507
vb0[1069]+000 COLOR: 0.90196079, 0.733333349, 0.729411781, 0.713725507
vb0[1069]+012 TEXCOORD: 0.537597656, 1.25
vb0[1069]+000 TEXCOORD1: 0.90196079, 0.733333349, 0.729411781, 0.713725507
vb0[1069]+000 TEXCOORD2: 0.90196079, 0.733333349, 0.729411781, 0.713725507
vb0[1069]+000 TEXCOORD3: 0.90196079, 0.733333349, 0.729411781, 0.713725507
vb0[1069]+000 TANGENT: 0.90196079, 0.733333349, 0.729411781, 0.713725507

vb0[1070]+000 POSITION: -1.01171875, -0.420410156, -0.0796508789, 1
vb0[1070]+000 NORMAL: 0.0470588244, 0.737254918, 0.729411781, 0.713725507
vb0[1070]+000 COLOR: 0.0470588244, 0.737254918, 0.729411781, 0.713725507
vb0[1070]+012 TEXCOORD: 0.512695313, 1.25
vb0[1070]+000 TEXCOORD1: 0.0470588244, 0.737254918, 0.729411781, 0.713725507
vb0[1070]+000 TEXCOORD2: 0.0470588244, 0.737254918, 0.729411781, 0.713725507
vb0[1070]+000 TEXCOORD3: 0.0470588244, 0.737254918, 0.729411781, 0.713725507
vb0[1070]+000 TANGENT: 0.0470588244, 0.737254918, 0.729411781, 0.713725507

vb0[1071]+000 POSITION: -1.01171875, -0.420410156, 0.0796508789, 1
vb0[1071]+000 NORMAL: 0.0470588244, 0.737254918, 0.729411781, 0.713725507
vb0[1071]+000 COLOR: 0.0470588244, 0.737254918, 0.729411781, 0.713725507
vb0[1071]+012 TEXCOORD: 0.487548828, 1.25
vb0[1071]+000 TEXCOORD1: 0.0470588244, 0.737254918, 0.729411781, 0.713725507
vb0[1071]+000 TEXCOORD2: 0.0470588244, 0.737254918, 0.729411781, 0.713725507
vb0[1071]+000 TEXCOORD3: 0.0470588244, 0.737254918, 0.729411781, 0.713725507
vb0[1071]+000 TANGENT: 0.0470588244, 0.737254918, 0.729411781, 0.713725507

vb0[1072]+000 POSITION: -0.987304688, -0.420410156, 0.237060547, 1
vb0[1072]+000 NORMAL: 0.90196079, 0.733333349, 0.729411781, 0.713725507
vb0[1072]+000 COLOR: 0.90196079, 0.733333349, 0.729411781, 0.713725507
vb0[1072]+012 TEXCOORD: 0.462402344, 1.25
vb0[1072]+000 TEXCOORD1: 0.90196079, 0.733333349, 0.729411781, 0.713725507
vb0[1072]+000 TEXCOORD2: 0.90196079, 0.733333349, 0.729411781, 0.713725507
vb0[1072]+000 TEXCOORD3: 0.90196079, 0.733333349, 0.729411781, 0.713725507
vb0[1072]+000 TANGENT: 0.90196079, 0.733333349, 0.729411781, 0.713725507

vb0[1073]+000 POSITION: -0.937988281, -0.420410156, 0.388427734, 1
vb0[1073]+000 NORMAL: 0.505882382, 0.733333349, 0.729411781, 0.713725507
vb0[1073]+000 COLOR: 0.505882382, 0.733333349, 0.729411781, 0.713725507
vb0[1073]+012 TEXCOORD: 0.4375, 1.25
vb0[1073]+000 TEXCOORD1: 0.505882382, 0.733333349, 0.729411781, 0.713725507
vb0[1073]+000 TEXCOORD2: 0.505882382, 0.733333349, 0.729411781, 0.713725507
vb0[1073]+000 TEXCOORD3: 0.505882382, 0.733333349, 0.729411781, 0.713725507
vb0[1073]+000 TANGENT: 0.505882382, 0.733333349, 0.729411781, 0.713725507

vb0[1074]+000 POSITION: -0.865722656, -0.420410156, 0.530273438, 1
vb0[1074]+000 NORMAL: 0.929411769, 0.729411781, 0.729411781, 0.713725507
vb0[1074]+000 COLOR: 0.929411769, 0.729411781, 0.729411781, 0.713725507
vb0[1074]+012 TEXCOORD: 0.412597656, 1.25
vb0[1074]+000 TEXCOORD1: 0.929411769, 0.729411781, 0.729411781, 0.713725507
vb0[1074]+000 TEXCOORD2: 0.929411769, 0.729411781, 0.729411781, 0.713725507
vb0[1074]+000 TEXCOORD3: 0.929411769, 0.729411781, 0.729411781, 0.713725507
vb0[1074]+000 TANGENT: 0.929411769, 0.729411781, 0.729411781, 0.713725507

vb0[1075]+000 POSITION: -0.771972656, -0.420410156, 0.659179688, 1
vb0[1075]+000 NORMAL: 0.176470593, 0.729411781, 0.729411781, 0.713725507
vb0[1075]+000 COLOR: 0.176470593, 0.729411781, 0.729411781, 0.713725507
vb0[1075]+012 TEXCOORD: 0.387451172, 1.25
vb0[1075]+000 TEXCOORD1: 0.176470593, 0.729411781, 0.729411781, 0.713725507
vb0[1075]+000 TEXCOORD2: 0.176470593, 0.729411781, 0.729411781, 0.713725507
vb0[1075]+000 TEXCOORD3: 0.176470593, 0.729411781, 0.729411781, 0.713725507
vb0[1075]+000 TANGENT: 0.176470593, 0.729411781, 0.729411781, 0.713725507

vb0[1076]+000 POSITION: -0.659179688, -0.420410156, 0.771972656, 1
vb0[1076]+000 NORMAL: 0.274509817, 0.725490212, 0.729411781, 0.713725507
vb0[1076]+000 COLOR: 0.274509817, 0.725490212, 0.729411781, 0.713725507
vb0[1076]+012 TEXCOORD: 0.362548828, 1.25
vb0[1076]+000 TEXCOORD1: 0.274509817, 0.725490212, 0.729411781, 0.713725507
vb0[1076]+000 TEXCOORD2: 0.274509817, 0.725490212, 0.729411781, 0.713725507
vb0[1076]+000 TEXCOORD3: 0.274509817, 0.725490212, 0.729411781, 0.713725507
vb0[1076]+000 TANGENT: 0.274509817, 0.725490212, 0.729411781, 0.713725507

vb0[1077]+000 POSITION: -0.530273438, -0.420410156, 0.865722656, 1
vb0[1077]+000 NORMAL: 0.243137255, 0.721568644, 0.729411781, 0.713725507
vb0[1077]+000 COLOR: 0.243137255, 0.721568644, 0.729411781, 0.713725507
vb0[1077]+012 TEXCOORD: 0.337402344, 1.25
vb0[1077]+000 TEXCOORD1: 0.243137255, 0.721568644, 0.729411781, 0.713725507
vb0[1077]+000 TEXCOORD2: 0.243137255, 0.721568644, 0.729411781, 0.713725507
vb0[1077]+000 TEXCOORD3: 0.243137255, 0.721568644, 0.729411781, 0.713725507
vb0[1077]+000 TANGENT: 0.243137255, 0.721568644, 0.729411781, 0.713725507

vb0[1078]+000 POSITION: -0.388427734, -0.420410156, 0.937988281, 1
vb0[1078]+000 NORMAL: 0.215686277, 0.713725507, 0.729411781, 0.713725507
vb0[1078]+000 COLOR: 0.215686277, 0.713725507, 0.729411781, 0.713725507
vb0[1078]+012 TEXCOORD: 0.3125, 1.25
vb0[1078]+000 TEXCOORD1: 0.215686277, 0.713725507, 0.729411781, 0.713725507
vb0[1078]+000 TEXCOORD2: 0.215686277, 0.713725507, 0.729411781, 0.713725507
vb0[1078]+000 TEXCOORD3: 0.215686277, 0.713725507, 0.729411781, 0.713725507
vb0[1078]+000 TANGENT: 0.215686277, 0.713725507, 0.729411781, 0.713725507

vb0[1079]+000 POSITION: -0.237060547, -0.420410156, 0.987304688, 1
vb0[1079]+000 NORMAL: 0.588235319, 0.701960802, 0.729411781, 0.713725507
vb0[1079]+000 COLOR: 0.588235319, 0.701960802, 0.729411781, 0.713725507
vb0[1079]+012 TEXCOORD: 0.287597656, 1.25
vb0[1079]+000 TEXCOORD1: 0.588235319, 0.701960802, 0.729411781, 0.713725507
vb0[1079]+000 TEXCOORD2: 0.588235319, 0.701960802, 0.729411781, 0.713725507
vb0[1079]+000 TEXCOORD3: 0.588235319, 0.701960802, 0.729411781, 0.713725507
vb0[1079]+000 TANGENT: 0.588235319, 0.701960802, 0.729411781, 0.713725507

vb0[1080]+000 POSITION: -0.153198242, -0.498779297, 0.967285156, 1
vb0[1080]+000 NORMAL: 0.905882359, 0.690196097, 0.984313726, 0.717647076
vb0[1080]+000 COLOR: 0.905882359, 0.690196097, 0.984313726, 0.717647076
vb0[1080]+012 TEXCOORD: 0.274902344, 1.29980469
vb0[1080]+000 TEXCOORD1: 0.905882359, 0.690196097, 0.984313726, 0.717647076
vb0[1080]+000 TEXCOORD2: 0.905882359, 0.690196097, 0.984313726, 0.717647076
vb0[1080]+000 TEXCOORD3: 0.905882359, 0.690196097, 0.984313726, 0.717647076
vb0[1080]+000 TANGENT: 0.905882359, 0.690196097, 0.984313726, 0.717647076

vb0[1081]+000 POSITION: -1.1479437e-41, -0.498779297, 0.979003906, 1
vb0[1081]+000 NORMAL: 0.00392156886, 0.501960814, 0.984313726, 0.717647076
vb0[1081]+000 COLOR: 0.00392156886, 0.501960814, 0.984313726, 0.717647076
vb0[1081]+012 TEXCOORD: 0.25, 1.29980469
vb0[1081]+000 TEXCOORD1: 0.00392156886, 0.501960814, 0.984313726, 0.717647076
vb0[1081]+000 TEXCOORD2: 0.00392156886, 0.501960814, 0.984313726, 0.717647076
vb0[1081]+000 TEXCOORD3: 0.00392156886, 0.501960814, 0.984313726, 0.717647076
vb0[1081]+000 TANGENT: 0.00392156886, 0.501960814, 0.984313726, 0.717647076

vb0[1082]+000 POSITION: 0.153198242, -0.498779297, 0.967285156, 1
vb0[1082]+000 NORMAL: 0.905882359, 0.188235298, 0.984313726, 0.717647076
vb0[1082]+000 COLOR: 0.905882359, 0.188235298, 0.984313726, 0.717647076
vb0[1082]+012 TEXCOORD: 0.224975586, 1.29980469
vb0[1082]+000 TEXCOORD1: 0.905882359, 0.188235298, 0.984313726, 0.717647076
vb0[1082]+000 TEXCOORD2: 0.905882359, 0.188235298, 0.984313726, 0.717647076
vb0[1082]+000 TEXCOORD3: 0.905882359, 0.188235298, 0.984313726, 0.717647076
vb0[1082]+000 TANGENT: 0.905882359, 0.188235298, 0.984313726, 0.717647076

vb0[1083]+000 POSITION: 0.302490234, -0.498779297, 0.931152344, 1
vb0[1083]+000 NORMAL: 0.843137264, 0.203921571, 0.984313726, 0.717647076
vb0[1083]+000 COLOR: 0.843137264, 0.203921571, 0.984313726, 0.717647076
vb0[1083]+012 TEXCOORD: 0.199951172, 1.29980469
vb0[1083]+000 TEXCOORD1: 0.843137264, 0.203921571, 0.984313726, 0.717647076
vb0[1083]+000 TEXCOORD2: 0.843137264, 0.203921571, 0.984313726, 0.717647076
vb0[1083]+000 TEXCOORD3: 0.843137264, 0.203921571, 0.984313726, 0.717647076
vb0[1083]+000 TANGENT: 0.843137264, 0.203921571, 0.984313726, 0.717647076

vb0[1084]+000 POSITION: 0.444580078, -0.498779297, 0.872558594, 1
vb0[1084]+000 NORMAL: 0.113725491, 0.215686277, 0.984313726, 0.717647076
vb0[1084]+000 COLOR: 0.113725491, 0.215686277, 0.984313726, 0.717647076
vb0[1084]+012 TEXCOORD: 0.175048828, 1.29980469
vb0[1084]+000 TEXCOORD1: 0.113725491, 0.215686277, 0.984313726, 0.717647076
vb0[1084]+000 TEXCOORD2: 0.113725491, 0.215686277, 0.984313726, 0.717647076
vb0[1084]+000 TEXCOORD3: 0.113725491, 0.215686277, 0.984313726, 0.717647076
vb0[1084]+000 TANGENT: 0.113725491, 0.215686277, 0.984313726, 0.717647076

vb0[1085]+000 POSITION: 0.575683594, -0.498779297, 0.791992188, 1
vb0[1085]+000 NORMAL: 0.607843161, 0.219607845, 0.984313726, 0.717647076
vb0[1085]+000 COLOR: 0.607843161, 0.219607845, 0.984313726, 0.717647076
vb0[1085]+012 TEXCOORD: 0.150024414, 1.29980469
vb0[1085]+000 TEXCOORD1: 0.607843161, 0.219607845, 0.984313726, 0.717647076
vb0[1085]+000 TEXCOORD2: 0.607843161, 0.219607845, 0.984313726, 0.717647076
vb0[1085]+000 TEXCOORD3: 0.607843161, 0.219607845, 0.984313726, 0.717647076
vb0[1085]+000 TANGENT: 0.607843161, 0.219607845, 0.984313726, 0.717647076

vb0[1086]+000 POSITION: 0.692382813, -0.498779297, 0.692382813, 1
vb0[1086]+000 NORMAL: 0.541176498, 0.223529413, 0.984313726, 0.717647076
vb0[1086]+000 COLOR: 0.541176498, 0.223529413, 0.984313726, 0.717647076
vb0[1086]+012 TEXCOORD: 0.125, 1.29980469
vb0[1086]+000 TEXCOORD1: 0.541176498, 0.223529413, 0.984313726, 0.717647076
vb0[1086]+000 TEXCOORD2: 0.541176498, 0.223529413, 0.984313726, 0.717647076
vb0[1086]+000 TEXCOORD3: 0.541176498, 0.223529413, 0.984313726, 0.717647076
vb0[1086]+000 TANGENT: 0.541176498, 0.223529413, 0.984313726, 0.717647076

vb0[1087]+000 POSITION: 0.791992188, -0.498779297, 0.575683594, 1
vb0[1087]+000 NORMAL: 0.337254912, 0.227450982, 0.984313726, 0.717647076
vb0[1087]+000 COLOR: 0.337254912, 0.227450982, 0.984313726, 0.717647076
vb0[1087]+012 TEXCOORD: 0.0999755859, 1.29980469
vb0[1087]+000 TEXCOORD1: 0.337254912, 0.227450982, 0.984313726, 0.717647076
vb0[1087]+000 TEXCOORD2: 0.337254912, 0.227450982, 0.984313726, 0.717647076
vb0[1087]+000 TEXCOORD3: 0.337254912, 0.227450982, 0.984313726, 0.717647076
vb0[1087]+000 TANGENT: 0.337254912, 0.227450982, 0.984313726, 0.717647076

vb0[1088]+000 POSITION: 0.872558594, -0.498779297, 0.444580078, 1
vb0[1088]+000 NORMAL: 0.984313726, 0.227450982, 0.984313726, 0.717647076
vb0[1088]+000 COLOR: 0.984313726, 0.227450982, 0.984313726, 0.717647076
vb0[1088]+012 TEXCOORD: 0.075012207, 1.29980469
vb0[1088]+000 TEXCOORD1: 0.984313726, 0.227450982, 0.984313726, 0.717647076
vb0[1088]+000 TEXCOORD2: 0.984313726, 0.227450982, 0.984313726, 0.717647076
vb0[1088]+000 TEXCOORD3: 0.984313726, 0.227450982, 0.984313726, 0.717647076
vb0[1088]+000 TANGENT: 0.984313726, 0.227450982, 0.984313726, 0.717647076

vb0[1089]+000 POSITION: 0.931152344, -0.498779297, 0.302490234, 1
vb0[1089]+000 NORMAL: 0.450980395, 0.23137255, 0.984313726, 0.717647076
vb0[1089]+000 COLOR: 0.450980395, 0.23137255, 0.984313726, 0.717647076
vb0[1089]+012 TEXCOORD: 0.049987793, 1.29980469
vb0[1089]+000 TEXCOORD1: 0.450980395, 0.23137255, 0.984313726, 0.717647076
vb0[1089]+000 TEXCOORD2: 0.450980395, 0.23137255, 0.984313726, 0.717647076
vb0[1089]+000 TEXCOORD3: 0.450980395, 0.23137255, 0.984313726, 0.717647076
vb0[1089]+000 TANGENT: 0.450980395, 0.23137255, 0.984313726, 0.717647076

vb0[1090]+000 POSITION: 0.967285156, -0.498779297, 0.153198242, 1
vb0[1090]+000 NORMAL: 0.741176486, 0.23137255, 0.984313726, 0.717647076
vb0[1090]+000 COLOR: 0.741176486, 0.23137255, 0.984313726, 0.717647076
vb0[1090]+012 TEXCOORD: 0.0249938965, 1.29980469
vb0[1090]+000 TEXCOORD1: 0.741176486, 0.23137255, 0.984313726, 0.717647076
vb0[1090]+000 TEXCOORD2: 0.741176486, 0.23137255, 0.984313726, 0.717647076
vb0[1090]+000 TEXCOORD3: 0.741176486, 0.23137255, 0.984313726, 0.717647076
vb0[1090]+000 TANGENT: 0.741176486, 0.23137255, 0.984313726, 0.717647076

vb0[1091]+000 POSITION: 0.979003906, -0.498779297, -0, 1
vb0[1091]+000 NORMAL: 0.835294127, 0.23137255, 0.984313726, 0.717647076
vb0[1091]+000 COLOR: 0.835294127, 0.23137255, 0.984313726, 0.717647076
vb0[1091]+012 TEXCOORD: 0, 1.29980469
vb0[1091]+000 TEXCOORD1: 0.835294127, 0.23137255, 0.984313726, 0.717647076
vb0[1091]+000 TEXCOORD2: 0.835294127, 0.23137255, 0.984313726, 0.717647076
vb0[1091]+000 TEXCOORD3: 0.835294127, 0.23137255, 0.984313726, 0.717647076
vb0[1091]+000 TANGENT: 0.835294127, 0.23137255, 0.984313726, 0.717647076

vb0[1092]+000 POSITION: 0.934082031, -0.57421875, -0.0734863281, 1
vb0[1092]+000 NORMAL: 0.474509805, 0.23137255, 0.596078455, 0.721568644
vb0[1092]+000 COLOR: 0.474509805, 0.23137255, 0.596078455, 0.721568644
vb0[1092]+012 TEXCOORD: -0.0124969482, 1.34960938
vb0[1092]+000 TEXCOORD1: 0.474509805, 0.23137255, 0.596078455, 0.721568644
vb0[1092]+000 TEXCOORD2: 0.474509805, 0.23137255, 0.596078455, 0.721568644
vb0[1092]+000 TEXCOORD3: 0.474509805, 0.23137255, 0.596078455, 0.721568644
vb0[1092]+000 TANGENT: 0.474509805, 0.23137255, 0.596078455, 0.721568644

vb0[1093]+000 POSITION: 0.911132813, -0.57421875, -0.21875, 1
vb0[1093]+000 NORMAL: 0.290196091, 0.23137255, 0.596078455, 0.721568644
vb0[1093]+000 COLOR: 0.290196091, 0.23137255, 0.596078455, 0.721568644
vb0[1093]+012 TEXCOORD: -0.0375061035, 1.34960938
vb0[1093]+000 TEXCOORD1: 0.290196091, 0.23137255, 0.596078455, 0.721568644
vb0[1093]+000 TEXCOORD2: 0.290196091, 0.23137255, 0.596078455, 0.721568644
vb0[1093]+000 TEXCOORD3: 0.290196091, 0.23137255, 0.596078455, 0.721568644
vb0[1093]+000 TANGENT: 0.290196091, 0.23137255, 0.596078455, 0.721568644

vb0[1094]+000 POSITION: 0.865722656, -0.57421875, -0.358642578, 1
vb0[1094]+000 NORMAL: 0.929411769, 0.227450982, 0.596078455, 0.721568644
vb0[1094]+000 COLOR: 0.929411769, 0.227450982, 0.596078455, 0.721568644
vb0[1094]+012 TEXCOORD: -0.0625, 1.34960938
vb0[1094]+000 TEXCOORD1: 0.929411769, 0.227450982, 0.596078455, 0.721568644
vb0[1094]+000 TEXCOORD2: 0.929411769, 0.227450982, 0.596078455, 0.721568644
vb0[1094]+000 TEXCOORD3: 0.929411769, 0.227450982, 0.596078455, 0.721568644
vb0[1094]+000 TANGENT: 0.929411769, 0.227450982, 0.596078455, 0.721568644

vb0[1095]+000 POSITION: 0.798828125, -0.57421875, -0.489501953, 1
vb0[1095]+000 NORMAL: 0.392156869, 0.227450982, 0.596078455, 0.721568644
vb0[1095]+000 COLOR: 0.392156869, 0.227450982, 0.596078455, 0.721568644
vb0[1095]+012 TEXCOORD: -0.0875244141, 1.34960938
vb0[1095]+000 TEXCOORD1: 0.392156869, 0.227450982, 0.596078455, 0.721568644
vb0[1095]+000 TEXCOORD2: 0.392156869, 0.227450982, 0.596078455, 0.721568644
vb0[1095]+000 TEXCOORD3: 0.392156869, 0.227450982, 0.596078455, 0.721568644
vb0[1095]+000 TANGENT: 0.392156869, 0.227450982, 0.596078455, 0.721568644

vb0[1096]+000 POSITION: 0.712402344, -0.57421875, -0.608398438, 1
vb0[1096]+000 NORMAL: 0.701960802, 0.223529413, 0.596078455, 0.721568644
vb0[1096]+000 COLOR: 0.701960802, 0.223529413, 0.596078455, 0.721568644
vb0[1096]+012 TEXCOORD: -0.112487793, 1.34960938
vb0[1096]+000 TEXCOORD1: 0.701960802, 0.223529413, 0.596078455, 0.721568644
vb0[1096]+000 TEXCOORD2: 0.701960802, 0.223529413, 0.596078455, 0.721568644
vb0[1096]+000 TEXCOORD3: 0.701960802, 0.223529413, 0.596078455, 0.721568644
vb0[1096]+000 TANGENT: 0.701960802, 0.223529413, 0.596078455, 0.721568644

vb0[1097]+000 POSITION: 0.608398438, -0.57421875, -0.712402344, 1
vb0[1097]+000 NORMAL: 0.870588243, 0.219607845, 0.596078455, 0.721568644
vb0[1097]+000 COLOR: 0.870588243, 0.219607845, 0.596078455, 0.721568644
vb0[1097]+012 TEXCOORD: -0.137451172, 1.34960938
vb0[1097]+000 TEXCOORD1: 0.870588243, 0.219607845, 0.596078455, 0.721568644
vb0[1097]+000 TEXCOORD2: 0.870588243, 0.219607845, 0.596078455, 0.721568644
vb0[1097]+000 TEXCOORD3: 0.870588243, 0.219607845, 0.596078455, 0.721568644
vb0[1097]+000 TANGENT: 0.870588243, 0.219607845, 0.596078455, 0.721568644

vb0[1098]+000 POSITION: 0.489501953, -0.57421875, -0.798828125, 1
vb0[1098]+000 NORMAL: 0.835294127, 0.215686277, 0.596078455, 0.721568644
vb0[1098]+000 COLOR: 0.835294127, 0.215686277, 0.596078455, 0.721568644
vb0[1098]+012 TEXCOORD: -0.162475586, 1.34960938
vb0[1098]+000 TEXCOORD1: 0.835294127, 0.215686277, 0.596078455, 0.721568644
vb0[1098]+000 TEXCOORD2: 0.835294127, 0.215686277, 0.596078455, 0.721568644
vb0[1098]+000 TEXCOORD3: 0.835294127, 0.215686277, 0.596078455, 0.721568644
vb0[1098]+000 TANGENT: 0.835294127, 0.215686277, 0.596078455, 0.721568644

vb0[1099]+000 POSITION: 0.358642578, -0.57421875, -0.865722656, 1
vb0[1099]+000 NORMAL: 0.741176486, 0.20784314, 0.596078455, 0.721568644
vb0[1099]+000 COLOR: 0.741176486, 0.20784314, 0.596078455, 0.721568644
vb0[1099]+012 TEXCOORD: -0.1875, 1.34960938
vb0[1099]+000 TEXCOORD1: 0.741176486, 0.20784314, 0.596078455, 0.721568644
vb0[1099]+000 TEXCOORD2: 0.741176486, 0.20784314, 0.596078455, 0.721568644
vb0[1099]+000 TEXCOORD3: 0.741176486, 0.20784314, 0.596078455, 0.721568644
vb0[1099]+000 TANGENT: 0.741176486, 0.20784314, 0.596078455, 0.721568644

vb0[1100]+000 POSITION: 0.21875, -0.57421875, -0.911132813, 1
vb0[1100]+000 NORMAL: 0, 0.200000003, 0.596078455, 0.721568644
vb0[1100]+000 COLOR: 0, 0.200000003, 0.596078455, 0.721568644
vb0[1100]+012 TEXCOORD: -0.212524414, 1.34960938
vb0[1100]+000 TEXCOORD1: 0, 0.200000003, 0.596078455, 0.721568644
vb0[1100]+000 TEXCOORD2: 0, 0.200000003, 0.596078455, 0.721568644
vb0[1100]+000 TEXCOORD3: 0, 0.200000003, 0.596078455, 0.721568644
vb0[1100]+000 TANGENT: 0, 0.200000003, 0.596078455, 0.721568644

vb0[1101]+000 POSITION: 0.0734863281, -0.57421875, -0.934082031, 1
vb0[1101]+000 NORMAL: 0.70588237, 0.172549024, 0.596078455, 0.721568644
vb0[1101]+000 COLOR: 0.70588237, 0.172549024, 0.596078455, 0.721568644
vb0[1101]+012 TEXCOORD: -0.237548828, 1.34960938
vb0[1101]+000 TEXCOORD1: 0.70588237, 0.172549024, 0.596078455, 0.721568644
vb0[1101]+000 TEXCOORD2: 0.70588237, 0.172549024, 0.596078455, 0.721568644
vb0[1101]+000 TEXCOORD3: 0.70588237, 0.172549024, 0.596078455, 0.721568644
vb0[1101]+000 TANGENT: 0.70588237, 0.172549024, 0.596078455, 0.721568644

vb0[1102]+000 POSITION: -0.0734863281, -0.57421875, -0.934082031, 1
vb0[1102]+000 NORMAL: 0.70588237, 0.674509823, 0.596078455, 0.721568644
vb0[1102]+000 COLOR: 0.70588237, 0.674509823, 0.596078455, 0.721568644
vb0[1102]+012 TEXCOORD: -0.262451172, 1.34960938
vb0[1102]+000 TEXCOORD1: 0.70588237, 0.674509823, 0.596078455, 0.721568644
vb0[1102]+000 TEXCOORD2: 0.70588237, 0.674509823, 0.596078455, 0.721568644
vb0[1102]+000 TEXCOORD3: 0.70588237, 0.674509823, 0.596078455, 0.721568644
vb0[1102]+000 TANGENT: 0.70588237, 0.674509823, 0.596078455, 0.721568644

vb0[1103]+000 POSITION: -0.21875, -0.57421875, -0.911132813, 1
vb0[1103]+000 NORMAL: 0, 0.701960802, 0.596078455, 0.721568644
vb0[1103]+000 COLOR: 0, 0.701960802, 0.596078455, 0.721568644
vb0[1103]+012 TEXCOORD: -0.287597656, 1.34960938
vb0[1103]+000 TEXCOORD1: 0, 0.701960802, 0.596078455, 0.721568644
vb0[1103]+000 TEXCOORD2: 0, 0.701960802, 0.596078455, 0.721568644
vb0[1103]+000 TEXCOORD3: 0, 0.701960802, 0.596078455, 0.721568644
vb0[1103]+000 TANGENT: 0, 0.701960802, 0.596078455, 0.721568644

vb0[1104]+000 POSITION: -0.358642578, -0.57421875, -0.865722656, 1
vb0[1104]+000 NORMAL: 0.741176486, 0.709803939, 0.596078455, 0.721568644
vb0[1104]+000 COLOR: 0.741176486, 0.709803939, 0.596078455, 0.721568644
vb0[1104]+012 TEXCOORD: -0.3125, 1.34960938
vb0[1104]+000 TEXCOORD1: 0.741176486, 0.709803939, 0.596078455, 0.721568644
vb0[1104]+000 TEXCOORD2: 0.741176486, 0.709803939, 0.596078455, 0.721568644
vb0[1104]+000 TEXCOORD3: 0.741176486, 0.709803939, 0.596078455, 0.721568644
vb0[1104]+000 TANGENT: 0.741176486, 0.709803939, 0.596078455, 0.721568644

vb0[1105]+000 POSITION: -0.489501953, -0.57421875, -0.798828125, 1
vb0[1105]+000 NORMAL: 0.835294127, 0.717647076, 0.596078455, 0.721568644
vb0[1105]+000 COLOR: 0.835294127, 0.717647076, 0.596078455, 0.721568644
vb0[1105]+012 TEXCOORD: -0.337402344, 1.34960938
vb0[1105]+000 TEXCOORD1: 0.835294127, 0.717647076, 0.596078455, 0.721568644
vb0[1105]+000 TEXCOORD2: 0.835294127, 0.717647076, 0.596078455, 0.721568644
vb0[1105]+000 TEXCOORD3: 0.835294127, 0.717647076, 0.596078455, 0.721568644
vb0[1105]+000 TANGENT: 0.835294127, 0.717647076, 0.596078455, 0.721568644

vb0[1106]+000 POSITION: -0.403564453, -0.645996094, -0.791992188, 1
vb0[1106]+000 NORMAL: 0.458823532, 0.713725507, 0.168627456, 0.725490212
vb0[1106]+000 COLOR: 0.458823532, 0.713725507, 0.168627456, 0.725490212
vb0[1106]+012 TEXCOORD: -0.324951172, 1.40039063
vb0[1106]+000 TEXCOORD1: 0.458823532, 0.713725507, 0.168627456, 0.725490212
vb0[1106]+000 TEXCOORD2: 0.458823532, 0.713725507, 0.168627456, 0.725490212
vb0[1106]+000 TEXCOORD3: 0.458823532, 0.713725507, 0.168627456, 0.725490212
vb0[1106]+000 TANGENT: 0.458823532, 0.713725507, 0.168627456, 0.725490212

vb0[1107]+000 POSITION: -0.522460938, -0.645996094, -0.719238281, 1
vb0[1107]+000 NORMAL: 0.180392161, 0.721568644, 0.168627456, 0.725490212
vb0[1107]+000 COLOR: 0.180392161, 0.721568644, 0.168627456, 0.725490212
vb0[1107]+012 TEXCOORD: -0.350097656, 1.40039063
vb0[1107]+000 TEXCOORD1: 0.180392161, 0.721568644, 0.168627456, 0.725490212
vb0[1107]+000 TEXCOORD2: 0.180392161, 0.721568644, 0.168627456, 0.725490212
vb0[1107]+000 TEXCOORD3: 0.180392161, 0.721568644, 0.168627456, 0.725490212
vb0[1107]+000 TANGENT: 0.180392161, 0.721568644, 0.168627456, 0.725490212

vb0[1108]+000 POSITION: -0.274658203, -0.645996094, -0.845703125, 1
vb0[1108]+000 NORMAL: 0.396078438, 0.70588237, 0.168627456, 0.725490212
vb0[1108]+000 COLOR: 0.396078438, 0.70588237, 0.168627456, 0.725490212
vb0[1108]+012 TEXCOORD: -0.300048828, 1.40039063
vb0[1108]+000 TEXCOORD1: 0.396078438, 0.70588237, 0.168627456, 0.725490212
vb0[1108]+000 TEXCOORD2: 0.396078438, 0.70588237, 0.168627456, 0.725490212
vb0[1108]+000 TEXCOORD3: 0.396078438, 0.70588237, 0.168627456, 0.725490212
vb0[1108]+000 TANGENT: 0.396078438, 0.70588237, 0.168627456, 0.725490212

vb0[1109]+000 POSITION: -0.139038086, -0.645996094, -0.877929688, 1
vb0[1109]+000 NORMAL: 0.450980395, 0.690196097, 0.168627456, 0.725490212
vb0[1109]+000 COLOR: 0.450980395, 0.690196097, 0.168627456, 0.725490212
vb0[1109]+012 TEXCOORD: -0.274902344, 1.40039063
vb0[1109]+000 TEXCOORD1: 0.450980395, 0.690196097, 0.168627456, 0.725490212
vb0[1109]+000 TEXCOORD2: 0.450980395, 0.690196097, 0.168627456, 0.725490212
vb0[1109]+000 TEXCOORD3: 0.450980395, 0.690196097, 0.168627456, 0.725490212
vb0[1109]+000 TANGENT: 0.450980395, 0.690196097, 0.168627456, 0.725490212

vb0[1110]+000 POSITION: -1.1479437e-41, -0.645996094, -0.889160156, 1
vb0[1110]+000 NORMAL: 0.00392156886, 0.501960814, 0.168627456, 0.725490212
vb0[1110]+000 COLOR: 0.00392156886, 0.501960814, 0.168627456, 0.725490212
vb0[1110]+012 TEXCOORD: -0.25, 1.40039063
vb0[1110]+000 TEXCOORD1: 0.00392156886, 0.501960814, 0.168627456, 0.725490212
vb0[1110]+000 TEXCOORD2: 0.00392156886, 0.501960814, 0.168627456, 0.725490212
vb0[1110]+000 TEXCOORD3: 0.00392156886, 0.501960814, 0.168627456, 0.725490212
vb0[1110]+000 TANGENT: 0.00392156886, 0.501960814, 0.168627456, 0.725490212

vb0[1111]+000 POSITION: 0.139038086, -0.645996094, -0.877929688, 1
vb0[1111]+000 NORMAL: 0.450980395, 0.188235298, 0.168627456, 0.725490212
vb0[1111]+000 COLOR: 0.450980395, 0.188235298, 0.168627456, 0.725490212
vb0[1111]+012 TEXCOORD: -0.224975586, 1.40039063
vb0[1111]+000 TEXCOORD1: 0.450980395, 0.188235298, 0.168627456, 0.725490212
vb0[1111]+000 TEXCOORD2: 0.450980395, 0.188235298, 0.168627456, 0.725490212
vb0[1111]+000 TEXCOORD3: 0.450980395, 0.188235298, 0.168627456, 0.725490212
vb0[1111]+000 TANGENT: 0.450980395, 0.188235298, 0.168627456, 0.725490212

vb0[1112]+000 POSITION: 0.274658203, -0.645996094, -0.845703125, 1
vb0[1112]+000 NORMAL: 0.396078438, 0.203921571, 0.168627456, 0.725490212
vb0[1112]+000 COLOR: 0.396078438, 0.203921571, 0.168627456, 0.725490212
vb0[1112]+012 TEXCOORD: -0.199951172, 1.40039063
vb0[1112]+000 TEXCOORD1: 0.396078438, 0.203921571, 0.168627456, 0.725490212
vb0[1112]+000 TEXCOORD2: 0.396078438, 0.203921571, 0.168627456, 0.725490212
vb0[1112]+000 TEXCOORD3: 0.396078438, 0.203921571, 0.168627456, 0.725490212
vb0[1112]+000 TANGENT: 0.396078438, 0.203921571, 0.168627456, 0.725490212

vb0[1113]+000 POSITION: 0.403564453, -0.645996094, -0.791992188, 1
vb0[1113]+000 NORMAL: 0.458823532, 0.211764708, 0.168627456, 0.725490212
vb0[1113]+000 COLOR: 0.458823532, 0.211764708, 0.168627456, 0.725490212
vb0[1113]+012 TEXCOORD: -0.175048828, 1.40039063
vb0[1113]+000 TEXCOORD1: 0.458823532, 0.211764708, 0.168627456, 0.725490212
vb0[1113]+000 TEXCOORD2: 0.458823532, 0.211764708, 0.168627456, 0.725490212
vb0[1113]+000 TEXCOORD3: 0.458823532, 0.211764708, 0.168627456, 0.725490212
vb0[1113]+000 TANGENT: 0.458823532, 0.211764708, 0.168627456, 0.725490212

vb0[1114]+000 POSITION: 0.522460938, -0.645996094, -0.719238281, 1
vb0[1114]+000 NORMAL: 0.180392161, 0.219607845, 0.168627456, 0.725490212
vb0[1114]+000 COLOR: 0.180392161, 0.219607845, 0.168627456, 0.725490212
vb0[1114]+012 TEXCOORD: -0.150024414, 1.40039063
vb0[1114]+000 TEXCOORD1: 0.180392161, 0.219607845, 0.168627456, 0.725490212
vb0[1114]+000 TEXCOORD2: 0.180392161, 0.219607845, 0.168627456, 0.725490212
vb0[1114]+000 TEXCOORD3: 0.180392161, 0.219607845, 0.168627456, 0.725490212
vb0[1114]+000 TANGENT: 0.180392161, 0.219607845, 0.168627456, 0.725490212

vb0[1115]+000 POSITION: 0.628417969, -0.645996094, -0.628417969, 1
vb0[1115]+000 NORMAL: 0.0274509806, 0.223529413, 0.168627456, 0.725490212
vb0[1115]+000 COLOR: 0.0274509806, 0.223529413, 0.168627456, 0.725490212
vb0[1115]+012 TEXCOORD: -0.125, 1.40039063
vb0[1115]+000 TEXCOORD1: 0.0274509806, 0.223529413, 0.168627456, 0.725490212
vb0[1115]+000 TEXCOORD2: 0.0274509806, 0.223529413, 0.168627456, 0.725490212
vb0[1115]+000 TEXCOORD3: 0.0274509806, 0.223529413, 0.168627456, 0.725490212
vb0[1115]+000 TANGENT: 0.0274509806, 0.223529413, 0.168627456, 0.725490212

vb0[1116]+000 POSITION: 0.719238281, -0.645996094, -0.522460938, 1
vb0[1116]+000 NORMAL: 0.75686276, 0.223529413, 0.168627456, 0.725490212
vb0[1116]+000 COLOR: 0.75686276, 0.223529413, 0.168627456, 0.725490212
vb0[1116]+012 TEXCOORD: -0.0999755859, 1.40039063
vb0[1116]+000 TEXCOORD1: 0.75686276, 0.223529413, 0.168627456, 0.725490212
vb0[1116]+000 TEXCOORD2: 0.75686276, 0.223529413, 0.168627456, 0.725490212
vb0[1116]+000 TEXCOORD3: 0.75686276, 0.223529413, 0.168627456, 0.725490212
vb0[1116]+000 TANGENT: 0.75686276, 0.223529413, 0.168627456, 0.725490212

vb0[1117]+000 POSITION: 0.791992188, -0.645996094, -0.403564453, 1
vb0[1117]+000 NORMAL: 0.337254912, 0.227450982, 0.168627456, 0.725490212
vb0[1117]+000 COLOR: 0.337254912, 0.227450982, 0.168627456, 0.725490212
vb0[1117]+012 TEXCOORD: -0.075012207, 1.40039063
vb0[1117]+000 TEXCOORD1: 0.337254912, 0.227450982, 0.168627456, 0.725490212
vb0[1117]+000 TEXCOORD2: 0.337254912, 0.227450982, 0.168627456, 0.725490212
vb0[1117]+000 TEXCOORD3: 0.337254912, 0.227450982, 0.168627456, 0.725490212
vb0[1117]+000 TANGENT: 0.337254912, 0.227450982, 0.168627456, 0.725490212

vb0[1118]+000 POSITION: 0.845703125, -0.645996094, -0.274658203, 1
vb0[1118]+000 NORMAL: 0.768627465, 0.227450982, 0.168627456, 0.725490212
vb0[1118]+000 COLOR: 0.768627465, 0.227450982, 0.168627456, 0.725490212
vb0[1118]+012 TEXCOORD: -0.049987793, 1.40039063
vb0[1118]+000 TEXCOORD1: 0.768627465, 0.227450982, 0.168627456, 0.725490212
vb0[1118]+000 TEXCOORD2: 0.768627465, 0.227450982, 0.168627456, 0.725490212
vb0[1118]+000 TEXCOORD3: 0.768627465, 0.227450982, 0.168627456, 0.725490212
vb0[1118]+000 TANGENT: 0.768627465, 0.227450982, 0.168627456, 0.725490212

vb0[1119]+000 POSITION: 0.877929688, -0.645996094, -0.139038086, 1
vb0[1119]+000 NORMAL: 0.0235294122, 0.23137255, 0.168627456, 0.725490212
vb0[1119]+000 COLOR: 0.0235294122, 0.23137255, 0.168627456, 0.725490212
vb0[1119]+012 TEXCOORD: -0.0249938965, 1.40039063
vb0[1119]+000 TEXCOORD1: 0.0235294122, 0.23137255, 0.168627456, 0.725490212
vb0[1119]+000 TEXCOORD2: 0.0235294122, 0.23137255, 0.168627456, 0.725490212
vb0[1119]+000 TEXCOORD3: 0.0235294122, 0.23137255, 0.168627456, 0.725490212
vb0[1119]+000 TANGENT: 0.0235294122, 0.23137255, 0.168627456, 0.725490212

vb0[1120]+000 POSITION: 0.889160156, -0.645996094, -0, 1
vb0[1120]+000 NORMAL: 0.113725491, 0.23137255, 0.168627456, 0.725490212
vb0[1120]+000 COLOR: 0.113725491, 0.23137255, 0.168627456, 0.725490212
vb0[1120]+012 TEXCOORD: 0, 1.40039063
vb0[1120]+000 TEXCOORD1: 0.113725491, 0.23137255, 0.168627456, 0.725490212
vb0[1120]+000 TEXCOORD2: 0.113725491, 0.23137255, 0.168627456, 0.725490212
vb0[1120]+000 TEXCOORD3: 0.113725491, 0.23137255, 0.168627456, 0.725490212
vb0[1120]+000 TANGENT: 0.113725491, 0.23137255, 0.168627456, 0.725490212

vb0[1121]+000 POSITION: 0.934082031, -0.57421875, 0.0734863281, 1
vb0[1121]+000 NORMAL: 0.474509805, 0.23137255, 0.596078455, 0.721568644
vb0[1121]+000 COLOR: 0.474509805, 0.23137255, 0.596078455, 0.721568644
vb0[1121]+012 TEXCOORD: 0.0124969482, 1.34960938
vb0[1121]+000 TEXCOORD1: 0.474509805, 0.23137255, 0.596078455, 0.721568644
vb0[1121]+000 TEXCOORD2: 0.474509805, 0.23137255, 0.596078455, 0.721568644
vb0[1121]+000 TEXCOORD3: 0.474509805, 0.23137255, 0.596078455, 0.721568644
vb0[1121]+000 TANGENT: 0.474509805, 0.23137255, 0.596078455, 0.721568644

vb0[1122]+000 POSITION: 0.911132813, -0.57421875, 0.21875, 1
vb0[1122]+000 NORMAL: 0.290196091, 0.23137255, 0.596078455, 0.721568644
vb0[1122]+000 COLOR: 0.290196091, 0.23137255, 0.596078455, 0.721568644
vb0[1122]+012 TEXCOORD: 0.0375061035, 1.34960938
vb0[1122]+000 TEXCOORD1: 0.290196091, 0.23137255, 0.596078455, 0.721568644
vb0[1122]+000 TEXCOORD2: 0.290196091, 0.23137255, 0.596078455, 0.721568644
vb0[1122]+000 TEXCOORD3: 0.290196091, 0.23137255, 0.596078455, 0.721568644
vb0[1122]+000 TANGENT: 0.290196091, 0.23137255, 0.596078455, 0.721568644

vb0[1123]+000 POSITION: 0.865722656, -0.57421875, 0.358642578, 1
vb0[1123]+000 NORMAL: 0.929411769, 0.227450982, 0.596078455, 0.721568644
vb0[1123]+000 COLOR: 0.929411769, 0.227450982, 0.596078455, 0.721568644
vb0[1123]+012 TEXCOORD: 0.0625, 1.34960938
vb0[1123]+000 TEXCOORD1: 0.929411769, 0.227450982, 0.596078455, 0.721568644
vb0[1123]+000 TEXCOORD2: 0.929411769, 0.227450982, 0.596078455, 0.721568644
vb0[1123]+000 TEXCOORD3: 0.929411769, 0.227450982, 0.596078455, 0.721568644
vb0[1123]+000 TANGENT: 0.929411769, 0.227450982, 0.596078455, 0.721568644

vb0[1124]+000 POSITION: 0.798828125, -0.57421875, 0.489501953, 1
vb0[1124]+000 NORMAL: 0.392156869, 0.227450982, 0.596078455, 0.721568644
vb0[1124]+000 COLOR: 0.392156869, 0.227450982, 0.596078455, 0.721568644
vb0[1124]+012 TEXCOORD: 0.0875244141, 1.34960938
vb0[1124]+000 TEXCOORD1: 0.392156869, 0.227450982, 0.596078455, 0.721568644
vb0[1124]+000 TEXCOORD2: 0.392156869, 0.227450982, 0.596078455, 0.721568644
vb0[1124]+000 TEXCOORD3: 0.392156869, 0.227450982, 0.596078455, 0.721568644
vb0[1124]+000 TANGENT: 0.392156869, 0.227450982, 0.596078455, 0.721568644

vb0[1125]+000 POSITION: 0.712402344, -0.57421875, 0.608398438, 1
vb0[1125]+000 NORMAL: 0.701960802, 0.223529413, 0.596078455, 0.721568644
vb0[1125]+000 COLOR: 0.701960802, 0.223529413, 0.596078455, 0.721568644
vb0[1125]+012 TEXCOORD: 0.112487793, 1.34960938
vb0[1125]+000 TEXCOORD1: 0.701960802, 0.223529413, 0.596078455, 0.721568644
vb0[1125]+000 TEXCOORD2: 0.701960802, 0.223529413, 0.596078455, 0.721568644
vb0[1125]+000 TEXCOORD3: 0.701960802, 0.223529413, 0.596078455, 0.721568644
vb0[1125]+000 TANGENT: 0.701960802, 0.223529413, 0.596078455, 0.721568644

vb0[1126]+000 POSITION: 0.608398438, -0.57421875, 0.712402344, 1
vb0[1126]+000 NORMAL: 0.870588243, 0.219607845, 0.596078455, 0.721568644
vb0[1126]+000 COLOR: 0.870588243, 0.219607845, 0.596078455, 0.721568644
vb0[1126]+012 TEXCOORD: 0.137451172, 1.34960938
vb0[1126]+000 TEXCOORD1: 0.870588243, 0.219607845, 0.596078455, 0.721568644
vb0[1126]+000 TEXCOORD2: 0.870588243, 0.219607845, 0.596078455, 0.721568644
vb0[1126]+000 TEXCOORD3: 0.870588243, 0.219607845, 0.596078455, 0.721568644
vb0[1126]+000 TANGENT: 0.870588243, 0.219607845, 0.596078455, 0.721568644

vb0[1127]+000 POSITION: 0.489501953, -0.57421875, 0.798828125, 1
vb0[1127]+000 NORMAL: 0.835294127, 0.215686277, 0.596078455, 0.721568644
vb0[1127]+000 COLOR: 0.835294127, 0.215686277, 0.596078455, 0.721568644
vb0[1127]+012 TEXCOORD: 0.162475586, 1.34960938
vb0[1127]+000 TEXCOORD1: 0.835294127, 0.215686277, 0.596078455, 0.721568644
vb0[1127]+000 TEXCOORD2: 0.835294127, 0.215686277, 0.596078455, 0.721568644
vb0[1127]+000 TEXCOORD3: 0.835294127, 0.215686277, 0.596078455, 0.721568644
vb0[1127]+000 TANGENT: 0.835294127, 0.215686277, 0.596078455, 0.721568644

vb0[1128]+000 POSITION: 0.358642578, -0.57421875, 0.865722656, 1
vb0[1128]+000 NORMAL: 0.741176486, 0.20784314, 0.596078455, 0.721568644
vb0[1128]+000 COLOR: 0.741176486, 0.20784314, 0.596078455, 0.721568644
vb0[1128]+012 TEXCOORD: 0.1875, 1.34960938
vb0[1128]+000 TEXCOORD1: 0.741176486, 0.20784314, 0.596078455, 0.721568644
vb0[1128]+000 TEXCOORD2: 0.741176486, 0.20784314, 0.596078455, 0.721568644
vb0[1128]+000 TEXCOORD3: 0.741176486, 0.20784314, 0.596078455, 0.721568644
vb0[1128]+000 TANGENT: 0.741176486, 0.20784314, 0.596078455, 0.721568644

vb0[1129]+000 POSITION: 0.21875, -0.57421875, 0.911132813, 1
vb0[1129]+000 NORMAL: 0, 0.200000003, 0.596078455, 0.721568644
vb0[1129]+000 COLOR: 0, 0.200000003, 0.596078455, 0.721568644
vb0[1129]+012 TEXCOORD: 0.212524414, 1.34960938
vb0[1129]+000 TEXCOORD1: 0, 0.200000003, 0.596078455, 0.721568644
vb0[1129]+000 TEXCOORD2: 0, 0.200000003, 0.596078455, 0.721568644
vb0[1129]+000 TEXCOORD3: 0, 0.200000003, 0.596078455, 0.721568644
vb0[1129]+000 TANGENT: 0, 0.200000003, 0.596078455, 0.721568644

vb0[1130]+000 POSITION: 0.0734863281, -0.57421875, 0.934082031, 1
vb0[1130]+000 NORMAL: 0.70588237, 0.172549024, 0.596078455, 0.721568644
vb0[1130]+000 COLOR: 0.70588237, 0.172549024, 0.596078455, 0.721568644
vb0[1130]+012 TEXCOORD: 0.237548828, 1.34960938
vb0[1130]+000 TEXCOORD1: 0.70588237, 0.172549024, 0.596078455, 0.721568644
vb0[1130]+000 TEXCOORD2: 0.70588237, 0.172549024, 0.596078455, 0.721568644
vb0[1130]+000 TEXCOORD3: 0.70588237, 0.172549024, 0.596078455, 0.721568644
vb0[1130]+000 TANGENT: 0.70588237, 0.172549024, 0.596078455, 0.721568644

vb0[1131]+000 POSITION: -0.0734863281, -0.57421875, 0.934082031, 1
vb0[1131]+000 NORMAL: 0.70588237, 0.674509823, 0.596078455, 0.721568644
vb0[1131]+000 COLOR: 0.70588237, 0.674509823, 0.596078455, 0.721568644
vb0[1131]+012 TEXCOORD: 0.262451172, 1.34960938
vb0[1131]+000 TEXCOORD1: 0.70588237, 0.674509823, 0.596078455, 0.721568644
vb0[1131]+000 TEXCOORD2: 0.70588237, 0.674509823, 0.596078455, 0.721568644
vb0[1131]+000 TEXCOORD3: 0.70588237, 0.674509823, 0.596078455, 0.721568644
vb0[1131]+000 TANGENT: 0.70588237, 0.674509823, 0.596078455, 0.721568644

vb0[1132]+000 POSITION: -0.21875, -0.57421875, 0.911132813, 1
vb0[1132]+000 NORMAL: 0, 0.701960802, 0.596078455, 0.721568644
vb0[1132]+000 COLOR: 0, 0.701960802, 0.596078455, 0.721568644
vb0[1132]+012 TEXCOORD: 0.287597656, 1.34960938
vb0[1132]+000 TEXCOORD1: 0, 0.701960802, 0.596078455, 0.721568644
vb0[1132]+000 TEXCOORD2: 0, 0.701960802, 0.596078455, 0.721568644
vb0[1132]+000 TEXCOORD3: 0, 0.701960802, 0.596078455, 0.721568644
vb0[1132]+000 TANGENT: 0, 0.701960802, 0.596078455, 0.721568644

vb0[1133]+000 POSITION: -0.302490234, -0.498779297, 0.931152344, 1
vb0[1133]+000 NORMAL: 0.843137264, 0.70588237, 0.984313726, 0.717647076
vb0[1133]+000 COLOR: 0.843137264, 0.70588237, 0.984313726, 0.717647076
vb0[1133]+012 TEXCOORD: 0.300048828, 1.29980469
vb0[1133]+000 TEXCOORD1: 0.843137264, 0.70588237, 0.984313726, 0.717647076
vb0[1133]+000 TEXCOORD2: 0.843137264, 0.70588237, 0.984313726, 0.717647076
vb0[1133]+000 TEXCOORD3: 0.843137264, 0.70588237, 0.984313726, 0.717647076
vb0[1133]+000 TANGENT: 0.843137264, 0.70588237, 0.984313726, 0.717647076

vb0[1134]+000 POSITION: -0.444580078, -0.498779297, 0.872558594, 1
vb0[1134]+000 NORMAL: 0.113725491, 0.717647076, 0.984313726, 0.717647076
vb0[1134]+000 COLOR: 0.113725491, 0.717647076, 0.984313726, 0.717647076
vb0[1134]+012 TEXCOORD: 0.324951172, 1.29980469
vb0[1134]+000 TEXCOORD1: 0.113725491, 0.717647076, 0.984313726, 0.717647076
vb0[1134]+000 TEXCOORD2: 0.113725491, 0.717647076, 0.984313726, 0.717647076
vb0[1134]+000 TEXCOORD3: 0.113725491, 0.717647076, 0.984313726, 0.717647076
vb0[1134]+000 TANGENT: 0.113725491, 0.717647076, 0.984313726, 0.717647076

vb0[1135]+000 POSITION: -0.575683594, -0.498779297, 0.791992188, 1
vb0[1135]+000 NORMAL: 0.607843161, 0.721568644, 0.984313726, 0.717647076
vb0[1135]+000 COLOR: 0.607843161, 0.721568644, 0.984313726, 0.717647076
vb0[1135]+012 TEXCOORD: 0.350097656, 1.29980469
vb0[1135]+000 TEXCOORD1: 0.607843161, 0.721568644, 0.984313726, 0.717647076
vb0[1135]+000 TEXCOORD2: 0.607843161, 0.721568644, 0.984313726, 0.717647076
vb0[1135]+000 TEXCOORD3: 0.607843161, 0.721568644, 0.984313726, 0.717647076
vb0[1135]+000 TANGENT: 0.607843161, 0.721568644, 0.984313726, 0.717647076

vb0[1136]+000 POSITION: -0.692382813, -0.498779297, 0.692382813, 1
vb0[1136]+000 NORMAL: 0.541176498, 0.725490212, 0.984313726, 0.717647076
vb0[1136]+000 COLOR: 0.541176498, 0.725490212, 0.984313726, 0.717647076
vb0[1136]+012 TEXCOORD: 0.375, 1.29980469
vb0[1136]+000 TEXCOORD1: 0.541176498, 0.725490212, 0.984313726, 0.717647076
vb0[1136]+000 TEXCOORD2: 0.541176498, 0.725490212, 0.984313726, 0.717647076
vb0[1136]+000 TEXCOORD3: 0.541176498, 0.725490212, 0.984313726, 0.717647076
vb0[1136]+000 TANGENT: 0.541176498, 0.725490212, 0.984313726, 0.717647076

vb0[1137]+000 POSITION: -0.791992188, -0.498779297, 0.575683594, 1
vb0[1137]+000 NORMAL: 0.337254912, 0.729411781, 0.984313726, 0.717647076
vb0[1137]+000 COLOR: 0.337254912, 0.729411781, 0.984313726, 0.717647076
vb0[1137]+012 TEXCOORD: 0.399902344, 1.29980469
vb0[1137]+000 TEXCOORD1: 0.337254912, 0.729411781, 0.984313726, 0.717647076
vb0[1137]+000 TEXCOORD2: 0.337254912, 0.729411781, 0.984313726, 0.717647076
vb0[1137]+000 TEXCOORD3: 0.337254912, 0.729411781, 0.984313726, 0.717647076
vb0[1137]+000 TANGENT: 0.337254912, 0.729411781, 0.984313726, 0.717647076

vb0[1138]+000 POSITION: -0.872558594, -0.498779297, 0.444580078, 1
vb0[1138]+000 NORMAL: 0.984313726, 0.729411781, 0.984313726, 0.717647076
vb0[1138]+000 COLOR: 0.984313726, 0.729411781, 0.984313726, 0.717647076
vb0[1138]+012 TEXCOORD: 0.425048828, 1.29980469
vb0[1138]+000 TEXCOORD1: 0.984313726, 0.729411781, 0.984313726, 0.717647076
vb0[1138]+000 TEXCOORD2: 0.984313726, 0.729411781, 0.984313726, 0.717647076
vb0[1138]+000 TEXCOORD3: 0.984313726, 0.729411781, 0.984313726, 0.717647076
vb0[1138]+000 TANGENT: 0.984313726, 0.729411781, 0.984313726, 0.717647076

vb0[1139]+000 POSITION: -0.931152344, -0.498779297, 0.302490234, 1
vb0[1139]+000 NORMAL: 0.450980395, 0.733333349, 0.984313726, 0.717647076
vb0[1139]+000 COLOR: 0.450980395, 0.733333349, 0.984313726, 0.717647076
vb0[1139]+012 TEXCOORD: 0.449951172, 1.29980469
vb0[1139]+000 TEXCOORD1: 0.450980395, 0.733333349, 0.984313726, 0.717647076
vb0[1139]+000 TEXCOORD2: 0.450980395, 0.733333349, 0.984313726, 0.717647076
vb0[1139]+000 TEXCOORD3: 0.450980395, 0.733333349, 0.984313726, 0.717647076
vb0[1139]+000 TANGENT: 0.450980395, 0.733333349, 0.984313726, 0.717647076

vb0[1140]+000 POSITION: -0.967285156, -0.498779297, 0.153198242, 1
vb0[1140]+000 NORMAL: 0.741176486, 0.733333349, 0.984313726, 0.717647076
vb0[1140]+000 COLOR: 0.741176486, 0.733333349, 0.984313726, 0.717647076
vb0[1140]+012 TEXCOORD: 0.475097656, 1.29980469
vb0[1140]+000 TEXCOORD1: 0.741176486, 0.733333349, 0.984313726, 0.717647076
vb0[1140]+000 TEXCOORD2: 0.741176486, 0.733333349, 0.984313726, 0.717647076
vb0[1140]+000 TEXCOORD3: 0.741176486, 0.733333349, 0.984313726, 0.717647076
vb0[1140]+000 TANGENT: 0.741176486, 0.733333349, 0.984313726, 0.717647076

vb0[1141]+000 POSITION: -0.979003906, -0.498779297, -1.1479437e-41, 1
vb0[1141]+000 NORMAL: 0.835294127, 0.733333349, 0.984313726, 0.717647076
vb0[1141]+000 COLOR: 0.835294127, 0.733333349, 0.984313726, 0.717647076
vb0[1141]+012 TEXCOORD: 0.5, 1.29980469
vb0[1141]+000 TEXCOORD1: 0.835294127, 0.733333349, 0.984313726, 0.717647076
vb0[1141]+000 TEXCOORD2: 0.835294127, 0.733333349, 0.984313726, 0.717647076
vb0[1141]+000 TEXCOORD3: 0.835294127, 0.733333349, 0.984313726, 0.717647076
vb0[1141]+000 TANGENT: 0.835294127, 0.733333349, 0.984313726, 0.717647076

vb0[1142]+000 POSITION: -0.967285156, -0.498779297, -0.153198242, 1
vb0[1142]+000 NORMAL: 0.741176486, 0.733333349, 0.984313726, 0.717647076
vb0[1142]+000 COLOR: 0.741176486, 0.733333349, 0.984313726, 0.717647076
vb0[1142]+012 TEXCOORD: 0.524902344, 1.29980469
vb0[1142]+000 TEXCOORD1: 0.741176486, 0.733333349, 0.984313726, 0.717647076
vb0[1142]+000 TEXCOORD2: 0.741176486, 0.733333349, 0.984313726, 0.717647076
vb0[1142]+000 TEXCOORD3: 0.741176486, 0.733333349, 0.984313726, 0.717647076
vb0[1142]+000 TANGENT: 0.741176486, 0.733333349, 0.984313726, 0.717647076

vb0[1143]+000 POSITION: -0.712402344, -0.57421875, 0.608398438, 1
vb0[1143]+000 NORMAL: 0.701960802, 0.725490212, 0.596078455, 0.721568644
vb0[1143]+000 COLOR: 0.701960802, 0.725490212, 0.596078455, 0.721568644
vb0[1143]+012 TEXCOORD: 0.387451172, 1.34960938
vb0[1143]+000 TEXCOORD1: 0.701960802, 0.725490212, 0.596078455, 0.721568644
vb0[1143]+000 TEXCOORD2: 0.701960802, 0.725490212, 0.596078455, 0.721568644
vb0[1143]+000 TEXCOORD3: 0.701960802, 0.725490212, 0.596078455, 0.721568644
vb0[1143]+000 TANGENT: 0.701960802, 0.725490212, 0.596078455, 0.721568644

vb0[1144]+000 POSITION: -0.608398438, -0.57421875, 0.712402344, 1
vb0[1144]+000 NORMAL: 0.870588243, 0.721568644, 0.596078455, 0.721568644
vb0[1144]+000 COLOR: 0.870588243, 0.721568644, 0.596078455, 0.721568644
vb0[1144]+012 TEXCOORD: 0.362548828, 1.34960938
vb0[1144]+000 TEXCOORD1: 0.870588243, 0.721568644, 0.596078455, 0.721568644
vb0[1144]+000 TEXCOORD2: 0.870588243, 0.721568644, 0.596078455, 0.721568644
vb0[1144]+000 TEXCOORD3: 0.870588243, 0.721568644, 0.596078455, 0.721568644
vb0[1144]+000 TANGENT: 0.870588243, 0.721568644, 0.596078455, 0.721568644

vb0[1145]+000 POSITION: -0.798828125, -0.57421875, 0.489501953, 1
vb0[1145]+000 NORMAL: 0.392156869, 0.729411781, 0.596078455, 0.721568644
vb0[1145]+000 COLOR: 0.392156869, 0.729411781, 0.596078455, 0.721568644
vb0[1145]+012 TEXCOORD: 0.412597656, 1.34960938
vb0[1145]+000 TEXCOORD1: 0.392156869, 0.729411781, 0.596078455, 0.721568644
vb0[1145]+000 TEXCOORD2: 0.392156869, 0.729411781, 0.596078455, 0.721568644
vb0[1145]+000 TEXCOORD3: 0.392156869, 0.729411781, 0.596078455, 0.721568644
vb0[1145]+000 TANGENT: 0.392156869, 0.729411781, 0.596078455, 0.721568644

vb0[1146]+000 POSITION: -0.865722656, -0.57421875, 0.358642578, 1
vb0[1146]+000 NORMAL: 0.929411769, 0.729411781, 0.596078455, 0.721568644
vb0[1146]+000 COLOR: 0.929411769, 0.729411781, 0.596078455, 0.721568644
vb0[1146]+012 TEXCOORD: 0.4375, 1.34960938
vb0[1146]+000 TEXCOORD1: 0.929411769, 0.729411781, 0.596078455, 0.721568644
vb0[1146]+000 TEXCOORD2: 0.929411769, 0.729411781, 0.596078455, 0.721568644
vb0[1146]+000 TEXCOORD3: 0.929411769, 0.729411781, 0.596078455, 0.721568644
vb0[1146]+000 TANGENT: 0.929411769, 0.729411781, 0.596078455, 0.721568644

vb0[1147]+000 POSITION: -0.911132813, -0.57421875, 0.21875, 1
vb0[1147]+000 NORMAL: 0.290196091, 0.733333349, 0.596078455, 0.721568644
vb0[1147]+000 COLOR: 0.290196091, 0.733333349, 0.596078455, 0.721568644
vb0[1147]+012 TEXCOORD: 0.462402344, 1.34960938
vb0[1147]+000 TEXCOORD1: 0.290196091, 0.733333349, 0.596078455, 0.721568644
vb0[1147]+000 TEXCOORD2: 0.290196091, 0.733333349, 0.596078455, 0.721568644
vb0[1147]+000 TEXCOORD3: 0.290196091, 0.733333349, 0.596078455, 0.721568644
vb0[1147]+000 TANGENT: 0.290196091, 0.733333349, 0.596078455, 0.721568644

vb0[1148]+000 POSITION: -0.934082031, -0.57421875, 0.0734863281, 1
vb0[1148]+000 NORMAL: 0.474509805, 0.733333349, 0.596078455, 0.721568644
vb0[1148]+000 COLOR: 0.474509805, 0.733333349, 0.596078455, 0.721568644
vb0[1148]+012 TEXCOORD: 0.487548828, 1.34960938
vb0[1148]+000 TEXCOORD1: 0.474509805, 0.733333349, 0.596078455, 0.721568644
vb0[1148]+000 TEXCOORD2: 0.474509805, 0.733333349, 0.596078455, 0.721568644
vb0[1148]+000 TEXCOORD3: 0.474509805, 0.733333349, 0.596078455, 0.721568644
vb0[1148]+000 TANGENT: 0.474509805, 0.733333349, 0.596078455, 0.721568644

vb0[1149]+000 POSITION: -0.934082031, -0.57421875, -0.0734863281, 1
vb0[1149]+000 NORMAL: 0.474509805, 0.733333349, 0.596078455, 0.721568644
vb0[1149]+000 COLOR: 0.474509805, 0.733333349, 0.596078455, 0.721568644
vb0[1149]+012 TEXCOORD: 0.512695313, 1.34960938
vb0[1149]+000 TEXCOORD1: 0.474509805, 0.733333349, 0.596078455, 0.721568644
vb0[1149]+000 TEXCOORD2: 0.474509805, 0.733333349, 0.596078455, 0.721568644
vb0[1149]+000 TEXCOORD3: 0.474509805, 0.733333349, 0.596078455, 0.721568644
vb0[1149]+000 TANGENT: 0.474509805, 0.733333349, 0.596078455, 0.721568644

vb0[1150]+000 POSITION: -0.911132813, -0.57421875, -0.21875, 1
vb0[1150]+000 NORMAL: 0.290196091, 0.733333349, 0.596078455, 0.721568644
vb0[1150]+000 COLOR: 0.290196091, 0.733333349, 0.596078455, 0.721568644
vb0[1150]+012 TEXCOORD: 0.537597656, 1.34960938
vb0[1150]+000 TEXCOORD1: 0.290196091, 0.733333349, 0.596078455, 0.721568644
vb0[1150]+000 TEXCOORD2: 0.290196091, 0.733333349, 0.596078455, 0.721568644
vb0[1150]+000 TEXCOORD3: 0.290196091, 0.733333349, 0.596078455, 0.721568644
vb0[1150]+000 TANGENT: 0.290196091, 0.733333349, 0.596078455, 0.721568644

vb0[1151]+000 POSITION: -0.865722656, -0.57421875, -0.358642578, 1
vb0[1151]+000 NORMAL: 0.929411769, 0.729411781, 0.596078455, 0.721568644
vb0[1151]+000 COLOR: 0.929411769, 0.729411781, 0.596078455, 0.721568644
vb0[1151]+012 TEXCOORD: 0.5625, 1.34960938
vb0[1151]+000 TEXCOORD1: 0.929411769, 0.729411781, 0.596078455, 0.721568644
vb0[1151]+000 TEXCOORD2: 0.929411769, 0.729411781, 0.596078455, 0.721568644
vb0[1151]+000 TEXCOORD3: 0.929411769, 0.729411781, 0.596078455, 0.721568644
vb0[1151]+000 TANGENT: 0.929411769, 0.729411781, 0.596078455, 0.721568644

vb0[1152]+000 POSITION: -0.798828125, -0.57421875, -0.489501953, 1
vb0[1152]+000 NORMAL: 0.392156869, 0.729411781, 0.596078455, 0.721568644
vb0[1152]+000 COLOR: 0.392156869, 0.729411781, 0.596078455, 0.721568644
vb0[1152]+012 TEXCOORD: 0.587402344, 1.34960938
vb0[1152]+000 TEXCOORD1: 0.392156869, 0.729411781, 0.596078455, 0.721568644
vb0[1152]+000 TEXCOORD2: 0.392156869, 0.729411781, 0.596078455, 0.721568644
vb0[1152]+000 TEXCOORD3: 0.392156869, 0.729411781, 0.596078455, 0.721568644
vb0[1152]+000 TANGENT: 0.392156869, 0.729411781, 0.596078455, 0.721568644

vb0[1153]+000 POSITION: -0.791992188, -0.498779297, -0.575683594, 1
vb0[1153]+000 NORMAL: 0.337254912, 0.729411781, 0.984313726, 0.717647076
vb0[1153]+000 COLOR: 0.337254912, 0.729411781, 0.984313726, 0.717647076
vb0[1153]+012 TEXCOORD: 0.600097656, 1.29980469
vb0[1153]+000 TEXCOORD1: 0.337254912, 0.729411781, 0.984313726, 0.717647076
vb0[1153]+000 TEXCOORD2: 0.337254912, 0.729411781, 0.984313726, 0.717647076
vb0[1153]+000 TEXCOORD3: 0.337254912, 0.729411781, 0.984313726, 0.717647076
vb0[1153]+000 TANGENT: 0.337254912, 0.729411781, 0.984313726, 0.717647076

vb0[1154]+000 POSITION: -0.692382813, -0.498779297, -0.692382813, 1
vb0[1154]+000 NORMAL: 0.541176498, 0.725490212, 0.984313726, 0.717647076
vb0[1154]+000 COLOR: 0.541176498, 0.725490212, 0.984313726, 0.717647076
vb0[1154]+012 TEXCOORD: 0.625, 1.29980469
vb0[1154]+000 TEXCOORD1: 0.541176498, 0.725490212, 0.984313726, 0.717647076
vb0[1154]+000 TEXCOORD2: 0.541176498, 0.725490212, 0.984313726, 0.717647076
vb0[1154]+000 TEXCOORD3: 0.541176498, 0.725490212, 0.984313726, 0.717647076
vb0[1154]+000 TANGENT: 0.541176498, 0.725490212, 0.984313726, 0.717647076

vb0[1155]+000 POSITION: -0.575683594, -0.498779297, -0.791992188, 1
vb0[1155]+000 NORMAL: 0.607843161, 0.721568644, 0.984313726, 0.717647076
vb0[1155]+000 COLOR: 0.607843161, 0.721568644, 0.984313726, 0.717647076
vb0[1155]+012 TEXCOORD: 0.649902344, 1.29980469
vb0[1155]+000 TEXCOORD1: 0.607843161, 0.721568644, 0.984313726, 0.717647076
vb0[1155]+000 TEXCOORD2: 0.607843161, 0.721568644, 0.984313726, 0.717647076
vb0[1155]+000 TEXCOORD3: 0.607843161, 0.721568644, 0.984313726, 0.717647076
vb0[1155]+000 TANGENT: 0.607843161, 0.721568644, 0.984313726, 0.717647076

vb0[1156]+000 POSITION: -0.444580078, -0.498779297, -0.872558594, 1
vb0[1156]+000 NORMAL: 0.113725491, 0.717647076, 0.984313726, 0.717647076
vb0[1156]+000 COLOR: 0.113725491, 0.717647076, 0.984313726, 0.717647076
vb0[1156]+012 TEXCOORD: 0.674804688, 1.29980469
vb0[1156]+000 TEXCOORD1: 0.113725491, 0.717647076, 0.984313726, 0.717647076
vb0[1156]+000 TEXCOORD2: 0.113725491, 0.717647076, 0.984313726, 0.717647076
vb0[1156]+000 TEXCOORD3: 0.113725491, 0.717647076, 0.984313726, 0.717647076
vb0[1156]+000 TANGENT: 0.113725491, 0.717647076, 0.984313726, 0.717647076

vb0[1157]+000 POSITION: -0.712402344, -0.57421875, -0.608398438, 1
vb0[1157]+000 NORMAL: 0.701960802, 0.725490212, 0.596078455, 0.721568644
vb0[1157]+000 COLOR: 0.701960802, 0.725490212, 0.596078455, 0.721568644
vb0[1157]+012 TEXCOORD: 0.612304688, 1.34960938
vb0[1157]+000 TEXCOORD1: 0.701960802, 0.725490212, 0.596078455, 0.721568644
vb0[1157]+000 TEXCOORD2: 0.701960802, 0.725490212, 0.596078455, 0.721568644
vb0[1157]+000 TEXCOORD3: 0.701960802, 0.725490212, 0.596078455, 0.721568644
vb0[1157]+000 TANGENT: 0.701960802, 0.725490212, 0.596078455, 0.721568644

vb0[1158]+000 POSITION: -0.608398438, -0.57421875, -0.712402344, 1
vb0[1158]+000 NORMAL: 0.870588243, 0.721568644, 0.596078455, 0.721568644
vb0[1158]+000 COLOR: 0.870588243, 0.721568644, 0.596078455, 0.721568644
vb0[1158]+012 TEXCOORD: 0.637695313, 1.34960938
vb0[1158]+000 TEXCOORD1: 0.870588243, 0.721568644, 0.596078455, 0.721568644
vb0[1158]+000 TEXCOORD2: 0.870588243, 0.721568644, 0.596078455, 0.721568644
vb0[1158]+000 TEXCOORD3: 0.870588243, 0.721568644, 0.596078455, 0.721568644
vb0[1158]+000 TANGENT: 0.870588243, 0.721568644, 0.596078455, 0.721568644

vb0[1159]+000 POSITION: -0.489501953, -0.57421875, -0.798828125, 1
vb0[1159]+000 NORMAL: 0.835294127, 0.717647076, 0.596078455, 0.721568644
vb0[1159]+000 COLOR: 0.835294127, 0.717647076, 0.596078455, 0.721568644
vb0[1159]+012 TEXCOORD: 0.662597656, 1.34960938
vb0[1159]+000 TEXCOORD1: 0.835294127, 0.717647076, 0.596078455, 0.721568644
vb0[1159]+000 TEXCOORD2: 0.835294127, 0.717647076, 0.596078455, 0.721568644
vb0[1159]+000 TEXCOORD3: 0.835294127, 0.717647076, 0.596078455, 0.721568644
vb0[1159]+000 TANGENT: 0.835294127, 0.717647076, 0.596078455, 0.721568644

vb0[1160]+000 POSITION: -0.845703125, -0.645996094, -0.274658203, 1
vb0[1160]+000 NORMAL: 0.768627465, 0.729411781, 0.168627456, 0.725490212
vb0[1160]+000 COLOR: 0.768627465, 0.729411781, 0.168627456, 0.725490212
vb0[1160]+012 TEXCOORD: 0.549804688, 1.40039063
vb0[1160]+000 TEXCOORD1: 0.768627465, 0.729411781, 0.168627456, 0.725490212
vb0[1160]+000 TEXCOORD2: 0.768627465, 0.729411781, 0.168627456, 0.725490212
vb0[1160]+000 TEXCOORD3: 0.768627465, 0.729411781, 0.168627456, 0.725490212
vb0[1160]+000 TANGENT: 0.768627465, 0.729411781, 0.168627456, 0.725490212

vb0[1161]+000 POSITION: -0.791992188, -0.645996094, -0.403564453, 1
vb0[1161]+000 NORMAL: 0.337254912, 0.729411781, 0.168627456, 0.725490212
vb0[1161]+000 COLOR: 0.337254912, 0.729411781, 0.168627456, 0.725490212
vb0[1161]+012 TEXCOORD: 0.575195313, 1.40039063
vb0[1161]+000 TEXCOORD1: 0.337254912, 0.729411781, 0.168627456, 0.725490212
vb0[1161]+000 TEXCOORD2: 0.337254912, 0.729411781, 0.168627456, 0.725490212
vb0[1161]+000 TEXCOORD3: 0.337254912, 0.729411781, 0.168627456, 0.725490212
vb0[1161]+000 TANGENT: 0.337254912, 0.729411781, 0.168627456, 0.725490212

vb0[1162]+000 POSITION: -0.719238281, -0.645996094, -0.522460938, 1
vb0[1162]+000 NORMAL: 0.75686276, 0.725490212, 0.168627456, 0.725490212
vb0[1162]+000 COLOR: 0.75686276, 0.725490212, 0.168627456, 0.725490212
vb0[1162]+012 TEXCOORD: 0.600097656, 1.40039063
vb0[1162]+000 TEXCOORD1: 0.75686276, 0.725490212, 0.168627456, 0.725490212
vb0[1162]+000 TEXCOORD2: 0.75686276, 0.725490212, 0.168627456, 0.725490212
vb0[1162]+000 TEXCOORD3: 0.75686276, 0.725490212, 0.168627456, 0.725490212
vb0[1162]+000 TANGENT: 0.75686276, 0.725490212, 0.168627456, 0.725490212

vb0[1163]+000 POSITION: -0.628417969, -0.645996094, -0.628417969, 1
vb0[1163]+000 NORMAL: 0.0274509806, 0.725490212, 0.168627456, 0.725490212
vb0[1163]+000 COLOR: 0.0274509806, 0.725490212, 0.168627456, 0.725490212
vb0[1163]+012 TEXCOORD: 0.625, 1.40039063
vb0[1163]+000 TEXCOORD1: 0.0274509806, 0.725490212, 0.168627456, 0.725490212
vb0[1163]+000 TEXCOORD2: 0.0274509806, 0.725490212, 0.168627456, 0.725490212
vb0[1163]+000 TEXCOORD3: 0.0274509806, 0.725490212, 0.168627456, 0.725490212
vb0[1163]+000 TANGENT: 0.0274509806, 0.725490212, 0.168627456, 0.725490212

vb0[1164]+000 POSITION: -0.522460938, -0.645996094, -0.719238281, 1
vb0[1164]+000 NORMAL: 0.180392161, 0.721568644, 0.168627456, 0.725490212
vb0[1164]+000 COLOR: 0.180392161, 0.721568644, 0.168627456, 0.725490212
vb0[1164]+012 TEXCOORD: 0.649902344, 1.40039063
vb0[1164]+000 TEXCOORD1: 0.180392161, 0.721568644, 0.168627456, 0.725490212
vb0[1164]+000 TEXCOORD2: 0.180392161, 0.721568644, 0.168627456, 0.725490212
vb0[1164]+000 TEXCOORD3: 0.180392161, 0.721568644, 0.168627456, 0.725490212
vb0[1164]+000 TANGENT: 0.180392161, 0.721568644, 0.168627456, 0.725490212

vb0[1165]+000 POSITION: -0.771972656, -0.713867188, -0.319824219, 1
vb0[1165]+000 NORMAL: 0.176470593, 0.729411781, 0.713725507, 0.725490212
vb0[1165]+000 COLOR: 0.176470593, 0.729411781, 0.713725507, 0.725490212
vb0[1165]+012 TEXCOORD: 0.5625, 1.45019531
vb0[1165]+000 TEXCOORD1: 0.176470593, 0.729411781, 0.713725507, 0.725490212
vb0[1165]+000 TEXCOORD2: 0.176470593, 0.729411781, 0.713725507, 0.725490212
vb0[1165]+000 TEXCOORD3: 0.176470593, 0.729411781, 0.713725507, 0.725490212
vb0[1165]+000 TANGENT: 0.176470593, 0.729411781, 0.713725507, 0.725490212

vb0[1166]+000 POSITION: -0.8125, -0.713867188, -0.195068359, 1
vb0[1166]+000 NORMAL: 0.501960814, 0.729411781, 0.713725507, 0.725490212
vb0[1166]+000 COLOR: 0.501960814, 0.729411781, 0.713725507, 0.725490212
vb0[1166]+012 TEXCOORD: 0.537597656, 1.45019531
vb0[1166]+000 TEXCOORD1: 0.501960814, 0.729411781, 0.713725507, 0.725490212
vb0[1166]+000 TEXCOORD2: 0.501960814, 0.729411781, 0.713725507, 0.725490212
vb0[1166]+000 TEXCOORD3: 0.501960814, 0.729411781, 0.713725507, 0.725490212
vb0[1166]+000 TANGENT: 0.501960814, 0.729411781, 0.713725507, 0.725490212

vb0[1167]+000 POSITION: -0.877929688, -0.645996094, -0.139038086, 1
vb0[1167]+000 NORMAL: 0.0235294122, 0.733333349, 0.168627456, 0.725490212
vb0[1167]+000 COLOR: 0.0235294122, 0.733333349, 0.168627456, 0.725490212
vb0[1167]+012 TEXCOORD: 0.524902344, 1.40039063
vb0[1167]+000 TEXCOORD1: 0.0235294122, 0.733333349, 0.168627456, 0.725490212
vb0[1167]+000 TEXCOORD2: 0.0235294122, 0.733333349, 0.168627456, 0.725490212
vb0[1167]+000 TEXCOORD3: 0.0235294122, 0.733333349, 0.168627456, 0.725490212
vb0[1167]+000 TANGENT: 0.0235294122, 0.733333349, 0.168627456, 0.725490212

vb0[1168]+000 POSITION: -0.889160156, -0.645996094, -1.1479437e-41, 1
vb0[1168]+000 NORMAL: 0.113725491, 0.733333349, 0.168627456, 0.725490212
vb0[1168]+000 COLOR: 0.113725491, 0.733333349, 0.168627456, 0.725490212
vb0[1168]+012 TEXCOORD: 0.5, 1.40039063
vb0[1168]+000 TEXCOORD1: 0.113725491, 0.733333349, 0.168627456, 0.725490212
vb0[1168]+000 TEXCOORD2: 0.113725491, 0.733333349, 0.168627456, 0.725490212
vb0[1168]+000 TEXCOORD3: 0.113725491, 0.733333349, 0.168627456, 0.725490212
vb0[1168]+000 TANGENT: 0.113725491, 0.733333349, 0.168627456, 0.725490212

vb0[1169]+000 POSITION: -0.877929688, -0.645996094, 0.139038086, 1
vb0[1169]+000 NORMAL: 0.0235294122, 0.733333349, 0.168627456, 0.725490212
vb0[1169]+000 COLOR: 0.0235294122, 0.733333349, 0.168627456, 0.725490212
vb0[1169]+012 TEXCOORD: 0.475097656, 1.40039063
vb0[1169]+000 TEXCOORD1: 0.0235294122, 0.733333349, 0.168627456, 0.725490212
vb0[1169]+000 TEXCOORD2: 0.0235294122, 0.733333349, 0.168627456, 0.725490212
vb0[1169]+000 TEXCOORD3: 0.0235294122, 0.733333349, 0.168627456, 0.725490212
vb0[1169]+000 TANGENT: 0.0235294122, 0.733333349, 0.168627456, 0.725490212

vb0[1170]+000 POSITION: -0.845703125, -0.645996094, 0.274658203, 1
vb0[1170]+000 NORMAL: 0.768627465, 0.729411781, 0.168627456, 0.725490212
vb0[1170]+000 COLOR: 0.768627465, 0.729411781, 0.168627456, 0.725490212
vb0[1170]+012 TEXCOORD: 0.449951172, 1.40039063
vb0[1170]+000 TEXCOORD1: 0.768627465, 0.729411781, 0.168627456, 0.725490212
vb0[1170]+000 TEXCOORD2: 0.768627465, 0.729411781, 0.168627456, 0.725490212
vb0[1170]+000 TEXCOORD3: 0.768627465, 0.729411781, 0.168627456, 0.725490212
vb0[1170]+000 TANGENT: 0.768627465, 0.729411781, 0.168627456, 0.725490212

vb0[1171]+000 POSITION: -0.791992188, -0.645996094, 0.403564453, 1
vb0[1171]+000 NORMAL: 0.337254912, 0.729411781, 0.168627456, 0.725490212
vb0[1171]+000 COLOR: 0.337254912, 0.729411781, 0.168627456, 0.725490212
vb0[1171]+012 TEXCOORD: 0.425048828, 1.40039063
vb0[1171]+000 TEXCOORD1: 0.337254912, 0.729411781, 0.168627456, 0.725490212
vb0[1171]+000 TEXCOORD2: 0.337254912, 0.729411781, 0.168627456, 0.725490212
vb0[1171]+000 TEXCOORD3: 0.337254912, 0.729411781, 0.168627456, 0.725490212
vb0[1171]+000 TANGENT: 0.337254912, 0.729411781, 0.168627456, 0.725490212

vb0[1172]+000 POSITION: -0.719238281, -0.645996094, 0.522460938, 1
vb0[1172]+000 NORMAL: 0.75686276, 0.725490212, 0.168627456, 0.725490212
vb0[1172]+000 COLOR: 0.75686276, 0.725490212, 0.168627456, 0.725490212
vb0[1172]+012 TEXCOORD: 0.399902344, 1.40039063
vb0[1172]+000 TEXCOORD1: 0.75686276, 0.725490212, 0.168627456, 0.725490212
vb0[1172]+000 TEXCOORD2: 0.75686276, 0.725490212, 0.168627456, 0.725490212
vb0[1172]+000 TEXCOORD3: 0.75686276, 0.725490212, 0.168627456, 0.725490212
vb0[1172]+000 TANGENT: 0.75686276, 0.725490212, 0.168627456, 0.725490212

vb0[1173]+000 POSITION: -0.628417969, -0.645996094, 0.628417969, 1
vb0[1173]+000 NORMAL: 0.0274509806, 0.725490212, 0.168627456, 0.725490212
vb0[1173]+000 COLOR: 0.0274509806, 0.725490212, 0.168627456, 0.725490212
vb0[1173]+012 TEXCOORD: 0.375, 1.40039063
vb0[1173]+000 TEXCOORD1: 0.0274509806, 0.725490212, 0.168627456, 0.725490212
vb0[1173]+000 TEXCOORD2: 0.0274509806, 0.725490212, 0.168627456, 0.725490212
vb0[1173]+000 TEXCOORD3: 0.0274509806, 0.725490212, 0.168627456, 0.725490212
vb0[1173]+000 TANGENT: 0.0274509806, 0.725490212, 0.168627456, 0.725490212

vb0[1174]+000 POSITION: -0.522460938, -0.645996094, 0.719238281, 1
vb0[1174]+000 NORMAL: 0.180392161, 0.721568644, 0.168627456, 0.725490212
vb0[1174]+000 COLOR: 0.180392161, 0.721568644, 0.168627456, 0.725490212
vb0[1174]+012 TEXCOORD: 0.350097656, 1.40039063
vb0[1174]+000 TEXCOORD1: 0.180392161, 0.721568644, 0.168627456, 0.725490212
vb0[1174]+000 TEXCOORD2: 0.180392161, 0.721568644, 0.168627456, 0.725490212
vb0[1174]+000 TEXCOORD3: 0.180392161, 0.721568644, 0.168627456, 0.725490212
vb0[1174]+000 TANGENT: 0.180392161, 0.721568644, 0.168627456, 0.725490212

vb0[1175]+000 POSITION: -0.489501953, -0.57421875, 0.798828125, 1
vb0[1175]+000 NORMAL: 0.835294127, 0.717647076, 0.596078455, 0.721568644
vb0[1175]+000 COLOR: 0.835294127, 0.717647076, 0.596078455, 0.721568644
vb0[1175]+012 TEXCOORD: 0.337402344, 1.34960938
vb0[1175]+000 TEXCOORD1: 0.835294127, 0.717647076, 0.596078455, 0.721568644
vb0[1175]+000 TEXCOORD2: 0.835294127, 0.717647076, 0.596078455, 0.721568644
vb0[1175]+000 TEXCOORD3: 0.835294127, 0.717647076, 0.596078455, 0.721568644
vb0[1175]+000 TANGENT: 0.835294127, 0.717647076, 0.596078455, 0.721568644

vb0[1176]+000 POSITION: -0.358642578, -0.57421875, 0.865722656, 1
vb0[1176]+000 NORMAL: 0.741176486, 0.709803939, 0.596078455, 0.721568644
vb0[1176]+000 COLOR: 0.741176486, 0.709803939, 0.596078455, 0.721568644
vb0[1176]+012 TEXCOORD: 0.3125, 1.34960938
vb0[1176]+000 TEXCOORD1: 0.741176486, 0.709803939, 0.596078455, 0.721568644
vb0[1176]+000 TEXCOORD2: 0.741176486, 0.709803939, 0.596078455, 0.721568644
vb0[1176]+000 TEXCOORD3: 0.741176486, 0.709803939, 0.596078455, 0.721568644
vb0[1176]+000 TANGENT: 0.741176486, 0.709803939, 0.596078455, 0.721568644

vb0[1177]+000 POSITION: -0.274658203, -0.645996094, 0.845703125, 1
vb0[1177]+000 NORMAL: 0.396078438, 0.70588237, 0.168627456, 0.725490212
vb0[1177]+000 COLOR: 0.396078438, 0.70588237, 0.168627456, 0.725490212
vb0[1177]+012 TEXCOORD: 0.300048828, 1.40039063
vb0[1177]+000 TEXCOORD1: 0.396078438, 0.70588237, 0.168627456, 0.725490212
vb0[1177]+000 TEXCOORD2: 0.396078438, 0.70588237, 0.168627456, 0.725490212
vb0[1177]+000 TEXCOORD3: 0.396078438, 0.70588237, 0.168627456, 0.725490212
vb0[1177]+000 TANGENT: 0.396078438, 0.70588237, 0.168627456, 0.725490212

vb0[1178]+000 POSITION: -0.139038086, -0.645996094, 0.877929688, 1
vb0[1178]+000 NORMAL: 0.450980395, 0.690196097, 0.168627456, 0.725490212
vb0[1178]+000 COLOR: 0.450980395, 0.690196097, 0.168627456, 0.725490212
vb0[1178]+012 TEXCOORD: 0.274902344, 1.40039063
vb0[1178]+000 TEXCOORD1: 0.450980395, 0.690196097, 0.168627456, 0.725490212
vb0[1178]+000 TEXCOORD2: 0.450980395, 0.690196097, 0.168627456, 0.725490212
vb0[1178]+000 TEXCOORD3: 0.450980395, 0.690196097, 0.168627456, 0.725490212
vb0[1178]+000 TANGENT: 0.450980395, 0.690196097, 0.168627456, 0.725490212

vb0[1179]+000 POSITION: -1.1479437e-41, -0.645996094, 0.889160156, 1
vb0[1179]+000 NORMAL: 0.00392156886, 0.501960814, 0.168627456, 0.725490212
vb0[1179]+000 COLOR: 0.00392156886, 0.501960814, 0.168627456, 0.725490212
vb0[1179]+012 TEXCOORD: 0.25, 1.40039063
vb0[1179]+000 TEXCOORD1: 0.00392156886, 0.501960814, 0.168627456, 0.725490212
vb0[1179]+000 TEXCOORD2: 0.00392156886, 0.501960814, 0.168627456, 0.725490212
vb0[1179]+000 TEXCOORD3: 0.00392156886, 0.501960814, 0.168627456, 0.725490212
vb0[1179]+000 TANGENT: 0.00392156886, 0.501960814, 0.168627456, 0.725490212

vb0[1180]+000 POSITION: 0.139038086, -0.645996094, 0.877929688, 1
vb0[1180]+000 NORMAL: 0.450980395, 0.188235298, 0.168627456, 0.725490212
vb0[1180]+000 COLOR: 0.450980395, 0.188235298, 0.168627456, 0.725490212
vb0[1180]+012 TEXCOORD: 0.224975586, 1.40039063
vb0[1180]+000 TEXCOORD1: 0.450980395, 0.188235298, 0.168627456, 0.725490212
vb0[1180]+000 TEXCOORD2: 0.450980395, 0.188235298, 0.168627456, 0.725490212
vb0[1180]+000 TEXCOORD3: 0.450980395, 0.188235298, 0.168627456, 0.725490212
vb0[1180]+000 TANGENT: 0.450980395, 0.188235298, 0.168627456, 0.725490212

vb0[1181]+000 POSITION: 0.274658203, -0.645996094, 0.845703125, 1
vb0[1181]+000 NORMAL: 0.396078438, 0.203921571, 0.168627456, 0.725490212
vb0[1181]+000 COLOR: 0.396078438, 0.203921571, 0.168627456, 0.725490212
vb0[1181]+012 TEXCOORD: 0.199951172, 1.40039063
vb0[1181]+000 TEXCOORD1: 0.396078438, 0.203921571, 0.168627456, 0.725490212
vb0[1181]+000 TEXCOORD2: 0.396078438, 0.203921571, 0.168627456, 0.725490212
vb0[1181]+000 TEXCOORD3: 0.396078438, 0.203921571, 0.168627456, 0.725490212
vb0[1181]+000 TANGENT: 0.396078438, 0.203921571, 0.168627456, 0.725490212

vb0[1182]+000 POSITION: 0.403564453, -0.645996094, 0.791992188, 1
vb0[1182]+000 NORMAL: 0.458823532, 0.211764708, 0.168627456, 0.725490212
vb0[1182]+000 COLOR: 0.458823532, 0.211764708, 0.168627456, 0.725490212
vb0[1182]+012 TEXCOORD: 0.175048828, 1.40039063
vb0[1182]+000 TEXCOORD1: 0.458823532, 0.211764708, 0.168627456, 0.725490212
vb0[1182]+000 TEXCOORD2: 0.458823532, 0.211764708, 0.168627456, 0.725490212
vb0[1182]+000 TEXCOORD3: 0.458823532, 0.211764708, 0.168627456, 0.725490212
vb0[1182]+000 TANGENT: 0.458823532, 0.211764708, 0.168627456, 0.725490212

vb0[1183]+000 POSITION: 0.522460938, -0.645996094, 0.719238281, 1
vb0[1183]+000 NORMAL: 0.180392161, 0.219607845, 0.168627456, 0.725490212
vb0[1183]+000 COLOR: 0.180392161, 0.219607845, 0.168627456, 0.725490212
vb0[1183]+012 TEXCOORD: 0.150024414, 1.40039063
vb0[1183]+000 TEXCOORD1: 0.180392161, 0.219607845, 0.168627456, 0.725490212
vb0[1183]+000 TEXCOORD2: 0.180392161, 0.219607845, 0.168627456, 0.725490212
vb0[1183]+000 TEXCOORD3: 0.180392161, 0.219607845, 0.168627456, 0.725490212
vb0[1183]+000 TANGENT: 0.180392161, 0.219607845, 0.168627456, 0.725490212

vb0[1184]+000 POSITION: 0.628417969, -0.645996094, 0.628417969, 1
vb0[1184]+000 NORMAL: 0.0274509806, 0.223529413, 0.168627456, 0.725490212
vb0[1184]+000 COLOR: 0.0274509806, 0.223529413, 0.168627456, 0.725490212
vb0[1184]+012 TEXCOORD: 0.125, 1.40039063
vb0[1184]+000 TEXCOORD1: 0.0274509806, 0.223529413, 0.168627456, 0.725490212
vb0[1184]+000 TEXCOORD2: 0.0274509806, 0.223529413, 0.168627456, 0.725490212
vb0[1184]+000 TEXCOORD3: 0.0274509806, 0.223529413, 0.168627456, 0.725490212
vb0[1184]+000 TANGENT: 0.0274509806, 0.223529413, 0.168627456, 0.725490212

vb0[1185]+000 POSITION: 0.719238281, -0.645996094, 0.522460938, 1
vb0[1185]+000 NORMAL: 0.75686276, 0.223529413, 0.168627456, 0.725490212
vb0[1185]+000 COLOR: 0.75686276, 0.223529413, 0.168627456, 0.725490212
vb0[1185]+012 TEXCOORD: 0.0999755859, 1.40039063
vb0[1185]+000 TEXCOORD1: 0.75686276, 0.223529413, 0.168627456, 0.725490212
vb0[1185]+000 TEXCOORD2: 0.75686276, 0.223529413, 0.168627456, 0.725490212
vb0[1185]+000 TEXCOORD3: 0.75686276, 0.223529413, 0.168627456, 0.725490212
vb0[1185]+000 TANGENT: 0.75686276, 0.223529413, 0.168627456, 0.725490212

vb0[1186]+000 POSITION: 0.791992188, -0.645996094, 0.403564453, 1
vb0[1186]+000 NORMAL: 0.337254912, 0.227450982, 0.168627456, 0.725490212
vb0[1186]+000 COLOR: 0.337254912, 0.227450982, 0.168627456, 0.725490212
vb0[1186]+012 TEXCOORD: 0.075012207, 1.40039063
vb0[1186]+000 TEXCOORD1: 0.337254912, 0.227450982, 0.168627456, 0.725490212
vb0[1186]+000 TEXCOORD2: 0.337254912, 0.227450982, 0.168627456, 0.725490212
vb0[1186]+000 TEXCOORD3: 0.337254912, 0.227450982, 0.168627456, 0.725490212
vb0[1186]+000 TANGENT: 0.337254912, 0.227450982, 0.168627456, 0.725490212

vb0[1187]+000 POSITION: 0.845703125, -0.645996094, 0.274658203, 1
vb0[1187]+000 NORMAL: 0.768627465, 0.227450982, 0.168627456, 0.725490212
vb0[1187]+000 COLOR: 0.768627465, 0.227450982, 0.168627456, 0.725490212
vb0[1187]+012 TEXCOORD: 0.049987793, 1.40039063
vb0[1187]+000 TEXCOORD1: 0.768627465, 0.227450982, 0.168627456, 0.725490212
vb0[1187]+000 TEXCOORD2: 0.768627465, 0.227450982, 0.168627456, 0.725490212
vb0[1187]+000 TEXCOORD3: 0.768627465, 0.227450982, 0.168627456, 0.725490212
vb0[1187]+000 TANGENT: 0.768627465, 0.227450982, 0.168627456, 0.725490212

vb0[1188]+000 POSITION: 0.877929688, -0.645996094, 0.139038086, 1
vb0[1188]+000 NORMAL: 0.0235294122, 0.23137255, 0.168627456, 0.725490212
vb0[1188]+000 COLOR: 0.0235294122, 0.23137255, 0.168627456, 0.725490212
vb0[1188]+012 TEXCOORD: 0.0249938965, 1.40039063
vb0[1188]+000 TEXCOORD1: 0.0235294122, 0.23137255, 0.168627456, 0.725490212
vb0[1188]+000 TEXCOORD2: 0.0235294122, 0.23137255, 0.168627456, 0.725490212
vb0[1188]+000 TEXCOORD3: 0.0235294122, 0.23137255, 0.168627456, 0.725490212
vb0[1188]+000 TANGENT: 0.0235294122, 0.23137255, 0.168627456, 0.725490212

vb0[1189]+000 POSITION: 0.833007813, -0.713867188, 0.0655517578, 1
vb0[1189]+000 NORMAL: 0.666666687, 0.227450982, 0.713725507, 0.725490212
vb0[1189]+000 COLOR: 0.666666687, 0.227450982, 0.713725507, 0.725490212
vb0[1189]+012 TEXCOORD: 0.0124969482, 1.45019531
vb0[1189]+000 TEXCOORD1: 0.666666687, 0.227450982, 0.713725507, 0.725490212
vb0[1189]+000 TEXCOORD2: 0.666666687, 0.227450982, 0.713725507, 0.725490212
vb0[1189]+000 TEXCOORD3: 0.666666687, 0.227450982, 0.713725507, 0.725490212
vb0[1189]+000 TANGENT: 0.666666687, 0.227450982, 0.713725507, 0.725490212

vb0[1190]+000 POSITION: 0.833007813, -0.713867188, -0.0655517578, 1
vb0[1190]+000 NORMAL: 0.666666687, 0.227450982, 0.713725507, 0.725490212
vb0[1190]+000 COLOR: 0.666666687, 0.227450982, 0.713725507, 0.725490212
vb0[1190]+012 TEXCOORD: -0.0124969482, 1.45019531
vb0[1190]+000 TEXCOORD1: 0.666666687, 0.227450982, 0.713725507, 0.725490212
vb0[1190]+000 TEXCOORD2: 0.666666687, 0.227450982, 0.713725507, 0.725490212
vb0[1190]+000 TEXCOORD3: 0.666666687, 0.227450982, 0.713725507, 0.725490212
vb0[1190]+000 TANGENT: 0.666666687, 0.227450982, 0.713725507, 0.725490212

vb0[1191]+000 POSITION: 0.8125, -0.713867188, -0.195068359, 1
vb0[1191]+000 NORMAL: 0.501960814, 0.227450982, 0.713725507, 0.725490212
vb0[1191]+000 COLOR: 0.501960814, 0.227450982, 0.713725507, 0.725490212
vb0[1191]+012 TEXCOORD: -0.0375061035, 1.45019531
vb0[1191]+000 TEXCOORD1: 0.501960814, 0.227450982, 0.713725507, 0.725490212
vb0[1191]+000 TEXCOORD2: 0.501960814, 0.227450982, 0.713725507, 0.725490212
vb0[1191]+000 TEXCOORD3: 0.501960814, 0.227450982, 0.713725507, 0.725490212
vb0[1191]+000 TANGENT: 0.501960814, 0.227450982, 0.713725507, 0.725490212

vb0[1192]+000 POSITION: 0.771972656, -0.713867188, -0.319824219, 1
vb0[1192]+000 NORMAL: 0.176470593, 0.227450982, 0.713725507, 0.725490212
vb0[1192]+000 COLOR: 0.176470593, 0.227450982, 0.713725507, 0.725490212
vb0[1192]+012 TEXCOORD: -0.0625, 1.45019531
vb0[1192]+000 TEXCOORD1: 0.176470593, 0.227450982, 0.713725507, 0.725490212
vb0[1192]+000 TEXCOORD2: 0.176470593, 0.227450982, 0.713725507, 0.725490212
vb0[1192]+000 TEXCOORD3: 0.176470593, 0.227450982, 0.713725507, 0.725490212
vb0[1192]+000 TANGENT: 0.176470593, 0.227450982, 0.713725507, 0.725490212

vb0[1193]+000 POSITION: 0.712402344, -0.713867188, -0.436523438, 1
vb0[1193]+000 NORMAL: 0.701960802, 0.223529413, 0.713725507, 0.725490212
vb0[1193]+000 COLOR: 0.701960802, 0.223529413, 0.713725507, 0.725490212
vb0[1193]+012 TEXCOORD: -0.0875244141, 1.45019531
vb0[1193]+000 TEXCOORD1: 0.701960802, 0.223529413, 0.713725507, 0.725490212
vb0[1193]+000 TEXCOORD2: 0.701960802, 0.223529413, 0.713725507, 0.725490212
vb0[1193]+000 TEXCOORD3: 0.701960802, 0.223529413, 0.713725507, 0.725490212
vb0[1193]+000 TANGENT: 0.701960802, 0.223529413, 0.713725507, 0.725490212

vb0[1194]+000 POSITION: 0.635253906, -0.713867188, -0.542480469, 1
vb0[1194]+000 NORMAL: 0.0823529437, 0.223529413, 0.713725507, 0.725490212
vb0[1194]+000 COLOR: 0.0823529437, 0.223529413, 0.713725507, 0.725490212
vb0[1194]+012 TEXCOORD: -0.112487793, 1.45019531
vb0[1194]+000 TEXCOORD1: 0.0823529437, 0.223529413, 0.713725507, 0.725490212
vb0[1194]+000 TEXCOORD2: 0.0823529437, 0.223529413, 0.713725507, 0.725490212
vb0[1194]+000 TEXCOORD3: 0.0823529437, 0.223529413, 0.713725507, 0.725490212
vb0[1194]+000 TANGENT: 0.0823529437, 0.223529413, 0.713725507, 0.725490212

vb0[1195]+000 POSITION: 0.542480469, -0.713867188, -0.635253906, 1
vb0[1195]+000 NORMAL: 0.34117648, 0.219607845, 0.713725507, 0.725490212
vb0[1195]+000 COLOR: 0.34117648, 0.219607845, 0.713725507, 0.725490212
vb0[1195]+012 TEXCOORD: -0.137451172, 1.45019531
vb0[1195]+000 TEXCOORD1: 0.34117648, 0.219607845, 0.713725507, 0.725490212
vb0[1195]+000 TEXCOORD2: 0.34117648, 0.219607845, 0.713725507, 0.725490212
vb0[1195]+000 TEXCOORD3: 0.34117648, 0.219607845, 0.713725507, 0.725490212
vb0[1195]+000 TANGENT: 0.34117648, 0.219607845, 0.713725507, 0.725490212

vb0[1196]+000 POSITION: 0.436523438, -0.713867188, -0.712402344, 1
vb0[1196]+000 NORMAL: 0.988235295, 0.211764708, 0.713725507, 0.725490212
vb0[1196]+000 COLOR: 0.988235295, 0.211764708, 0.713725507, 0.725490212
vb0[1196]+012 TEXCOORD: -0.162475586, 1.45019531
vb0[1196]+000 TEXCOORD1: 0.988235295, 0.211764708, 0.713725507, 0.725490212
vb0[1196]+000 TEXCOORD2: 0.988235295, 0.211764708, 0.713725507, 0.725490212
vb0[1196]+000 TEXCOORD3: 0.988235295, 0.211764708, 0.713725507, 0.725490212
vb0[1196]+000 TANGENT: 0.988235295, 0.211764708, 0.713725507, 0.725490212

vb0[1197]+000 POSITION: 0.319824219, -0.713867188, -0.771972656, 1
vb0[1197]+000 NORMAL: 0.117647059, 0.20784314, 0.713725507, 0.725490212
vb0[1197]+000 COLOR: 0.117647059, 0.20784314, 0.713725507, 0.725490212
vb0[1197]+012 TEXCOORD: -0.1875, 1.45019531
vb0[1197]+000 TEXCOORD1: 0.117647059, 0.20784314, 0.713725507, 0.725490212
vb0[1197]+000 TEXCOORD2: 0.117647059, 0.20784314, 0.713725507, 0.725490212
vb0[1197]+000 TEXCOORD3: 0.117647059, 0.20784314, 0.713725507, 0.725490212
vb0[1197]+000 TANGENT: 0.117647059, 0.20784314, 0.713725507, 0.725490212

vb0[1198]+000 POSITION: 0.195068359, -0.713867188, -0.8125, 1
vb0[1198]+000 NORMAL: 0.243137255, 0.196078435, 0.713725507, 0.725490212
vb0[1198]+000 COLOR: 0.243137255, 0.196078435, 0.713725507, 0.725490212
vb0[1198]+012 TEXCOORD: -0.212524414, 1.45019531
vb0[1198]+000 TEXCOORD1: 0.243137255, 0.196078435, 0.713725507, 0.725490212
vb0[1198]+000 TEXCOORD2: 0.243137255, 0.196078435, 0.713725507, 0.725490212
vb0[1198]+000 TEXCOORD3: 0.243137255, 0.196078435, 0.713725507, 0.725490212
vb0[1198]+000 TANGENT: 0.243137255, 0.196078435, 0.713725507, 0.725490212

vb0[1199]+000 POSITION: 0.0655517578, -0.713867188, -0.833007813, 1
vb0[1199]+000 NORMAL: 0.196078435, 0.172549024, 0.713725507, 0.725490212
vb0[1199]+000 COLOR: 0.196078435, 0.172549024, 0.713725507, 0.725490212
vb0[1199]+012 TEXCOORD: -0.237548828, 1.45019531
vb0[1199]+000 TEXCOORD1: 0.196078435, 0.172549024, 0.713725507, 0.725490212
vb0[1199]+000 TEXCOORD2: 0.196078435, 0.172549024, 0.713725507, 0.725490212
vb0[1199]+000 TEXCOORD3: 0.196078435, 0.172549024, 0.713725507, 0.725490212
vb0[1199]+000 TANGENT: 0.196078435, 0.172549024, 0.713725507, 0.725490212

vb0[1200]+000 POSITION: -0.0655517578, -0.713867188, -0.833007813, 1
vb0[1200]+000 NORMAL: 0.196078435, 0.674509823, 0.713725507, 0.725490212
vb0[1200]+000 COLOR: 0.196078435, 0.674509823, 0.713725507, 0.725490212
vb0[1200]+012 TEXCOORD: -0.262451172, 1.45019531
vb0[1200]+000 TEXCOORD1: 0.196078435, 0.674509823, 0.713725507, 0.725490212
vb0[1200]+000 TEXCOORD2: 0.196078435, 0.674509823, 0.713725507, 0.725490212
vb0[1200]+000 TEXCOORD3: 0.196078435, 0.674509823, 0.713725507, 0.725490212
vb0[1200]+000 TANGENT: 0.196078435, 0.674509823, 0.713725507, 0.725490212

vb0[1201]+000 POSITION: -0.195068359, -0.713867188, -0.8125, 1
vb0[1201]+000 NORMAL: 0.243137255, 0.698039234, 0.713725507, 0.725490212
vb0[1201]+000 COLOR: 0.243137255, 0.698039234, 0.713725507, 0.725490212
vb0[1201]+012 TEXCOORD: -0.287597656, 1.45019531
vb0[1201]+000 TEXCOORD1: 0.243137255, 0.698039234, 0.713725507, 0.725490212
vb0[1201]+000 TEXCOORD2: 0.243137255, 0.698039234, 0.713725507, 0.725490212
vb0[1201]+000 TEXCOORD3: 0.243137255, 0.698039234, 0.713725507, 0.725490212
vb0[1201]+000 TANGENT: 0.243137255, 0.698039234, 0.713725507, 0.725490212

vb0[1202]+000 POSITION: -0.319824219, -0.713867188, -0.771972656, 1
vb0[1202]+000 NORMAL: 0.117647059, 0.709803939, 0.713725507, 0.725490212
vb0[1202]+000 COLOR: 0.117647059, 0.709803939, 0.713725507, 0.725490212
vb0[1202]+012 TEXCOORD: -0.3125, 1.45019531
vb0[1202]+000 TEXCOORD1: 0.117647059, 0.709803939, 0.713725507, 0.725490212
vb0[1202]+000 TEXCOORD2: 0.117647059, 0.709803939, 0.713725507, 0.725490212
vb0[1202]+000 TEXCOORD3: 0.117647059, 0.709803939, 0.713725507, 0.725490212
vb0[1202]+000 TANGENT: 0.117647059, 0.709803939, 0.713725507, 0.725490212

vb0[1203]+000 POSITION: -0.436523438, -0.713867188, -0.712402344, 1
vb0[1203]+000 NORMAL: 0.988235295, 0.713725507, 0.713725507, 0.725490212
vb0[1203]+000 COLOR: 0.988235295, 0.713725507, 0.713725507, 0.725490212
vb0[1203]+012 TEXCOORD: -0.337402344, 1.45019531
vb0[1203]+000 TEXCOORD1: 0.988235295, 0.713725507, 0.713725507, 0.725490212
vb0[1203]+000 TEXCOORD2: 0.988235295, 0.713725507, 0.713725507, 0.725490212
vb0[1203]+000 TEXCOORD3: 0.988235295, 0.713725507, 0.713725507, 0.725490212
vb0[1203]+000 TANGENT: 0.988235295, 0.713725507, 0.713725507, 0.725490212

vb0[1204]+000 POSITION: -0.542480469, -0.713867188, -0.635253906, 1
vb0[1204]+000 NORMAL: 0.34117648, 0.721568644, 0.713725507, 0.725490212
vb0[1204]+000 COLOR: 0.34117648, 0.721568644, 0.713725507, 0.725490212
vb0[1204]+012 TEXCOORD: -0.362548828, 1.45019531
vb0[1204]+000 TEXCOORD1: 0.34117648, 0.721568644, 0.713725507, 0.725490212
vb0[1204]+000 TEXCOORD2: 0.34117648, 0.721568644, 0.713725507, 0.725490212
vb0[1204]+000 TEXCOORD3: 0.34117648, 0.721568644, 0.713725507, 0.725490212
vb0[1204]+000 TANGENT: 0.34117648, 0.721568644, 0.713725507, 0.725490212

vb0[1205]+000 POSITION: -0.456787109, -0.776855469, -0.628417969, 1
vb0[1205]+000 NORMAL: 0.309803933, 0.717647076, 0.215686277, 0.729411781
vb0[1205]+000 COLOR: 0.309803933, 0.717647076, 0.215686277, 0.729411781
vb0[1205]+012 TEXCOORD: -0.350097656, 1.5
vb0[1205]+000 TEXCOORD1: 0.309803933, 0.717647076, 0.215686277, 0.729411781
vb0[1205]+000 TEXCOORD2: 0.309803933, 0.717647076, 0.215686277, 0.729411781
vb0[1205]+000 TEXCOORD3: 0.309803933, 0.717647076, 0.215686277, 0.729411781
vb0[1205]+000 TANGENT: 0.309803933, 0.717647076, 0.215686277, 0.729411781

vb0[1206]+000 POSITION: -0.549316406, -0.776855469, -0.549316406, 1
vb0[1206]+000 NORMAL: 0.396078438, 0.721568644, 0.215686277, 0.729411781
vb0[1206]+000 COLOR: 0.396078438, 0.721568644, 0.215686277, 0.729411781
vb0[1206]+012 TEXCOORD: -0.375, 1.5
vb0[1206]+000 TEXCOORD1: 0.396078438, 0.721568644, 0.215686277, 0.729411781
vb0[1206]+000 TEXCOORD2: 0.396078438, 0.721568644, 0.215686277, 0.729411781
vb0[1206]+000 TEXCOORD3: 0.396078438, 0.721568644, 0.215686277, 0.729411781
vb0[1206]+000 TANGENT: 0.396078438, 0.721568644, 0.215686277, 0.729411781

vb0[1207]+000 POSITION: -0.352783203, -0.776855469, -0.692382813, 1
vb0[1207]+000 NORMAL: 0.647058845, 0.709803939, 0.215686277, 0.729411781
vb0[1207]+000 COLOR: 0.647058845, 0.709803939, 0.215686277, 0.729411781
vb0[1207]+012 TEXCOORD: -0.324951172, 1.5
vb0[1207]+000 TEXCOORD1: 0.647058845, 0.709803939, 0.215686277, 0.729411781
vb0[1207]+000 TEXCOORD2: 0.647058845, 0.709803939, 0.215686277, 0.729411781
vb0[1207]+000 TEXCOORD3: 0.647058845, 0.709803939, 0.215686277, 0.729411781
vb0[1207]+000 TANGENT: 0.647058845, 0.709803939, 0.215686277, 0.729411781

vb0[1208]+000 POSITION: -0.240112305, -0.776855469, -0.738769531, 1
vb0[1208]+000 NORMAL: 0.686274529, 0.701960802, 0.215686277, 0.729411781
vb0[1208]+000 COLOR: 0.686274529, 0.701960802, 0.215686277, 0.729411781
vb0[1208]+012 TEXCOORD: -0.300048828, 1.5
vb0[1208]+000 TEXCOORD1: 0.686274529, 0.701960802, 0.215686277, 0.729411781
vb0[1208]+000 TEXCOORD2: 0.686274529, 0.701960802, 0.215686277, 0.729411781
vb0[1208]+000 TEXCOORD3: 0.686274529, 0.701960802, 0.215686277, 0.729411781
vb0[1208]+000 TANGENT: 0.686274529, 0.701960802, 0.215686277, 0.729411781

vb0[1209]+000 POSITION: -0.121582031, -0.776855469, -0.767578125, 1
vb0[1209]+000 NORMAL: 0.784313738, 0.686274529, 0.215686277, 0.729411781
vb0[1209]+000 COLOR: 0.784313738, 0.686274529, 0.215686277, 0.729411781
vb0[1209]+012 TEXCOORD: -0.274902344, 1.5
vb0[1209]+000 TEXCOORD1: 0.784313738, 0.686274529, 0.215686277, 0.729411781
vb0[1209]+000 TEXCOORD2: 0.784313738, 0.686274529, 0.215686277, 0.729411781
vb0[1209]+000 TEXCOORD3: 0.784313738, 0.686274529, 0.215686277, 0.729411781
vb0[1209]+000 TANGENT: 0.784313738, 0.686274529, 0.215686277, 0.729411781

vb0[1210]+000 POSITION: -1.1479437e-41, -0.776855469, -0.776855469, 1
vb0[1210]+000 NORMAL: 0.00392156886, 0.501960814, 0.215686277, 0.729411781
vb0[1210]+000 COLOR: 0.00392156886, 0.501960814, 0.215686277, 0.729411781
vb0[1210]+012 TEXCOORD: -0.25, 1.5
vb0[1210]+000 TEXCOORD1: 0.00392156886, 0.501960814, 0.215686277, 0.729411781
vb0[1210]+000 TEXCOORD2: 0.00392156886, 0.501960814, 0.215686277, 0.729411781
vb0[1210]+000 TEXCOORD3: 0.00392156886, 0.501960814, 0.215686277, 0.729411781
vb0[1210]+000 TANGENT: 0.00392156886, 0.501960814, 0.215686277, 0.729411781

vb0[1211]+000 POSITION: 0.121582031, -0.776855469, -0.767578125, 1
vb0[1211]+000 NORMAL: 0.784313738, 0.184313729, 0.215686277, 0.729411781
vb0[1211]+000 COLOR: 0.784313738, 0.184313729, 0.215686277, 0.729411781
vb0[1211]+012 TEXCOORD: -0.224975586, 1.5
vb0[1211]+000 TEXCOORD1: 0.784313738, 0.184313729, 0.215686277, 0.729411781
vb0[1211]+000 TEXCOORD2: 0.784313738, 0.184313729, 0.215686277, 0.729411781
vb0[1211]+000 TEXCOORD3: 0.784313738, 0.184313729, 0.215686277, 0.729411781
vb0[1211]+000 TANGENT: 0.784313738, 0.184313729, 0.215686277, 0.729411781

vb0[1212]+000 POSITION: 0.240112305, -0.776855469, -0.738769531, 1
vb0[1212]+000 NORMAL: 0.686274529, 0.200000003, 0.215686277, 0.729411781
vb0[1212]+000 COLOR: 0.686274529, 0.200000003, 0.215686277, 0.729411781
vb0[1212]+012 TEXCOORD: -0.199951172, 1.5
vb0[1212]+000 TEXCOORD1: 0.686274529, 0.200000003, 0.215686277, 0.729411781
vb0[1212]+000 TEXCOORD2: 0.686274529, 0.200000003, 0.215686277, 0.729411781
vb0[1212]+000 TEXCOORD3: 0.686274529, 0.200000003, 0.215686277, 0.729411781
vb0[1212]+000 TANGENT: 0.686274529, 0.200000003, 0.215686277, 0.729411781

vb0[1213]+000 POSITION: 0.352783203, -0.776855469, -0.692382813, 1
vb0[1213]+000 NORMAL: 0.647058845, 0.20784314, 0.215686277, 0.729411781
vb0[1213]+000 COLOR: 0.647058845, 0.20784314, 0.215686277, 0.729411781
vb0[1213]+012 TEXCOORD: -0.175048828, 1.5
vb0[1213]+000 TEXCOORD1: 0.647058845, 0.20784314, 0.215686277, 0.729411781
vb0[1213]+000 TEXCOORD2: 0.647058845, 0.20784314, 0.215686277, 0.729411781
vb0[1213]+000 TEXCOORD3: 0.647058845, 0.20784314, 0.215686277, 0.729411781
vb0[1213]+000 TANGENT: 0.647058845, 0.20784314, 0.215686277, 0.729411781

vb0[1214]+000 POSITION: 0.456787109, -0.776855469, -0.628417969, 1
vb0[1214]+000 NORMAL: 0.309803933, 0.215686277, 0.215686277, 0.729411781
vb0[1214]+000 COLOR: 0.309803933, 0.215686277, 0.215686277, 0.729411781
vb0[1214]+012 TEXCOORD: -0.150024414, 1.5
vb0[1214]+000 TEXCOORD1: 0.309803933, 0.215686277, 0.215686277, 0.729411781
vb0[1214]+000 TEXCOORD2: 0.309803933, 0.215686277, 0.215686277, 0.729411781
vb0[1214]+000 TEXCOORD3: 0.309803933, 0.215686277, 0.215686277, 0.729411781
vb0[1214]+000 TANGENT: 0.309803933, 0.215686277, 0.215686277, 0.729411781

vb0[1215]+000 POSITION: 0.549316406, -0.776855469, -0.549316406, 1
vb0[1215]+000 NORMAL: 0.396078438, 0.219607845, 0.215686277, 0.729411781
vb0[1215]+000 COLOR: 0.396078438, 0.219607845, 0.215686277, 0.729411781
vb0[1215]+012 TEXCOORD: -0.125, 1.5
vb0[1215]+000 TEXCOORD1: 0.396078438, 0.219607845, 0.215686277, 0.729411781
vb0[1215]+000 TEXCOORD2: 0.396078438, 0.219607845, 0.215686277, 0.729411781
vb0[1215]+000 TEXCOORD3: 0.396078438, 0.219607845, 0.215686277, 0.729411781
vb0[1215]+000 TANGENT: 0.396078438, 0.219607845, 0.215686277, 0.729411781

vb0[1216]+000 POSITION: 0.628417969, -0.776855469, -0.456787109, 1
vb0[1216]+000 NORMAL: 0.0274509806, 0.223529413, 0.215686277, 0.729411781
vb0[1216]+000 COLOR: 0.0274509806, 0.223529413, 0.215686277, 0.729411781
vb0[1216]+012 TEXCOORD: -0.0999755859, 1.5
vb0[1216]+000 TEXCOORD1: 0.0274509806, 0.223529413, 0.215686277, 0.729411781
vb0[1216]+000 TEXCOORD2: 0.0274509806, 0.223529413, 0.215686277, 0.729411781
vb0[1216]+000 TEXCOORD3: 0.0274509806, 0.223529413, 0.215686277, 0.729411781
vb0[1216]+000 TANGENT: 0.0274509806, 0.223529413, 0.215686277, 0.729411781

vb0[1217]+000 POSITION: 0.692382813, -0.776855469, -0.352783203, 1
vb0[1217]+000 NORMAL: 0.541176498, 0.223529413, 0.215686277, 0.729411781
vb0[1217]+000 COLOR: 0.541176498, 0.223529413, 0.215686277, 0.729411781
vb0[1217]+012 TEXCOORD: -0.075012207, 1.5
vb0[1217]+000 TEXCOORD1: 0.541176498, 0.223529413, 0.215686277, 0.729411781
vb0[1217]+000 TEXCOORD2: 0.541176498, 0.223529413, 0.215686277, 0.729411781
vb0[1217]+000 TEXCOORD3: 0.541176498, 0.223529413, 0.215686277, 0.729411781
vb0[1217]+000 TANGENT: 0.541176498, 0.223529413, 0.215686277, 0.729411781

vb0[1218]+000 POSITION: 0.738769531, -0.776855469, -0.240112305, 1
vb0[1218]+000 NORMAL: 0.913725495, 0.223529413, 0.215686277, 0.729411781
vb0[1218]+000 COLOR: 0.913725495, 0.223529413, 0.215686277, 0.729411781
vb0[1218]+012 TEXCOORD: -0.049987793, 1.5
vb0[1218]+000 TEXCOORD1: 0.913725495, 0.223529413, 0.215686277, 0.729411781
vb0[1218]+000 TEXCOORD2: 0.913725495, 0.223529413, 0.215686277, 0.729411781
vb0[1218]+000 TEXCOORD3: 0.913725495, 0.223529413, 0.215686277, 0.729411781
vb0[1218]+000 TANGENT: 0.913725495, 0.223529413, 0.215686277, 0.729411781

vb0[1219]+000 POSITION: 0.767578125, -0.776855469, -0.121582031, 1
vb0[1219]+000 NORMAL: 0.141176477, 0.227450982, 0.215686277, 0.729411781
vb0[1219]+000 COLOR: 0.141176477, 0.227450982, 0.215686277, 0.729411781
vb0[1219]+012 TEXCOORD: -0.0249938965, 1.5
vb0[1219]+000 TEXCOORD1: 0.141176477, 0.227450982, 0.215686277, 0.729411781
vb0[1219]+000 TEXCOORD2: 0.141176477, 0.227450982, 0.215686277, 0.729411781
vb0[1219]+000 TEXCOORD3: 0.141176477, 0.227450982, 0.215686277, 0.729411781
vb0[1219]+000 TANGENT: 0.141176477, 0.227450982, 0.215686277, 0.729411781

vb0[1220]+000 POSITION: 0.776855469, -0.776855469, -0, 1
vb0[1220]+000 NORMAL: 0.215686277, 0.227450982, 0.215686277, 0.729411781
vb0[1220]+000 COLOR: 0.215686277, 0.227450982, 0.215686277, 0.729411781
vb0[1220]+012 TEXCOORD: 0, 1.5
vb0[1220]+000 TEXCOORD1: 0.215686277, 0.227450982, 0.215686277, 0.729411781
vb0[1220]+000 TEXCOORD2: 0.215686277, 0.227450982, 0.215686277, 0.729411781
vb0[1220]+000 TEXCOORD3: 0.215686277, 0.227450982, 0.215686277, 0.729411781
vb0[1220]+000 TANGENT: 0.215686277, 0.227450982, 0.215686277, 0.729411781

vb0[1221]+000 POSITION: 0.767578125, -0.776855469, 0.121582031, 1
vb0[1221]+000 NORMAL: 0.141176477, 0.227450982, 0.215686277, 0.729411781
vb0[1221]+000 COLOR: 0.141176477, 0.227450982, 0.215686277, 0.729411781
vb0[1221]+012 TEXCOORD: 0.0249938965, 1.5
vb0[1221]+000 TEXCOORD1: 0.141176477, 0.227450982, 0.215686277, 0.729411781
vb0[1221]+000 TEXCOORD2: 0.141176477, 0.227450982, 0.215686277, 0.729411781
vb0[1221]+000 TEXCOORD3: 0.141176477, 0.227450982, 0.215686277, 0.729411781
vb0[1221]+000 TANGENT: 0.141176477, 0.227450982, 0.215686277, 0.729411781

vb0[1222]+000 POSITION: 0.8125, -0.713867188, 0.195068359, 1
vb0[1222]+000 NORMAL: 0.501960814, 0.227450982, 0.713725507, 0.725490212
vb0[1222]+000 COLOR: 0.501960814, 0.227450982, 0.713725507, 0.725490212
vb0[1222]+012 TEXCOORD: 0.0375061035, 1.45019531
vb0[1222]+000 TEXCOORD1: 0.501960814, 0.227450982, 0.713725507, 0.725490212
vb0[1222]+000 TEXCOORD2: 0.501960814, 0.227450982, 0.713725507, 0.725490212
vb0[1222]+000 TEXCOORD3: 0.501960814, 0.227450982, 0.713725507, 0.725490212
vb0[1222]+000 TANGENT: 0.501960814, 0.227450982, 0.713725507, 0.725490212

vb0[1223]+000 POSITION: 0.771972656, -0.713867188, 0.319824219, 1
vb0[1223]+000 NORMAL: 0.176470593, 0.227450982, 0.713725507, 0.725490212
vb0[1223]+000 COLOR: 0.176470593, 0.227450982, 0.713725507, 0.725490212
vb0[1223]+012 TEXCOORD: 0.0625, 1.45019531
vb0[1223]+000 TEXCOORD1: 0.176470593, 0.227450982, 0.713725507, 0.725490212
vb0[1223]+000 TEXCOORD2: 0.176470593, 0.227450982, 0.713725507, 0.725490212
vb0[1223]+000 TEXCOORD3: 0.176470593, 0.227450982, 0.713725507, 0.725490212
vb0[1223]+000 TANGENT: 0.176470593, 0.227450982, 0.713725507, 0.725490212

vb0[1224]+000 POSITION: 0.712402344, -0.713867188, 0.436523438, 1
vb0[1224]+000 NORMAL: 0.701960802, 0.223529413, 0.713725507, 0.725490212
vb0[1224]+000 COLOR: 0.701960802, 0.223529413, 0.713725507, 0.725490212
vb0[1224]+012 TEXCOORD: 0.0875244141, 1.45019531
vb0[1224]+000 TEXCOORD1: 0.701960802, 0.223529413, 0.713725507, 0.725490212
vb0[1224]+000 TEXCOORD2: 0.701960802, 0.223529413, 0.713725507, 0.725490212
vb0[1224]+000 TEXCOORD3: 0.701960802, 0.223529413, 0.713725507, 0.725490212
vb0[1224]+000 TANGENT: 0.701960802, 0.223529413, 0.713725507, 0.725490212

vb0[1225]+000 POSITION: 0.635253906, -0.713867188, 0.542480469, 1
vb0[1225]+000 NORMAL: 0.0823529437, 0.223529413, 0.713725507, 0.725490212
vb0[1225]+000 COLOR: 0.0823529437, 0.223529413, 0.713725507, 0.725490212
vb0[1225]+012 TEXCOORD: 0.112487793, 1.45019531
vb0[1225]+000 TEXCOORD1: 0.0823529437, 0.223529413, 0.713725507, 0.725490212
vb0[1225]+000 TEXCOORD2: 0.0823529437, 0.223529413, 0.713725507, 0.725490212
vb0[1225]+000 TEXCOORD3: 0.0823529437, 0.223529413, 0.713725507, 0.725490212
vb0[1225]+000 TANGENT: 0.0823529437, 0.223529413, 0.713725507, 0.725490212

vb0[1226]+000 POSITION: 0.542480469, -0.713867188, 0.635253906, 1
vb0[1226]+000 NORMAL: 0.34117648, 0.219607845, 0.713725507, 0.725490212
vb0[1226]+000 COLOR: 0.34117648, 0.219607845, 0.713725507, 0.725490212
vb0[1226]+012 TEXCOORD: 0.137451172, 1.45019531
vb0[1226]+000 TEXCOORD1: 0.34117648, 0.219607845, 0.713725507, 0.725490212
vb0[1226]+000 TEXCOORD2: 0.34117648, 0.219607845, 0.713725507, 0.725490212
vb0[1226]+000 TEXCOORD3: 0.34117648, 0.219607845, 0.713725507, 0.725490212
vb0[1226]+000 TANGENT: 0.34117648, 0.219607845, 0.713725507, 0.725490212

vb0[1227]+000 POSITION: 0.436523438, -0.713867188, 0.712402344, 1
vb0[1227]+000 NORMAL: 0.988235295, 0.211764708, 0.713725507, 0.725490212
vb0[1227]+000 COLOR: 0.988235295, 0.211764708, 0.713725507, 0.725490212
vb0[1227]+012 TEXCOORD: 0.162475586, 1.45019531
vb0[1227]+000 TEXCOORD1: 0.988235295, 0.211764708, 0.713725507, 0.725490212
vb0[1227]+000 TEXCOORD2: 0.988235295, 0.211764708, 0.713725507, 0.725490212
vb0[1227]+000 TEXCOORD3: 0.988235295, 0.211764708, 0.713725507, 0.725490212
vb0[1227]+000 TANGENT: 0.988235295, 0.211764708, 0.713725507, 0.725490212

vb0[1228]+000 POSITION: 0.319824219, -0.713867188, 0.771972656, 1
vb0[1228]+000 NORMAL: 0.117647059, 0.20784314, 0.713725507, 0.725490212
vb0[1228]+000 COLOR: 0.117647059, 0.20784314, 0.713725507, 0.725490212
vb0[1228]+012 TEXCOORD: 0.1875, 1.45019531
vb0[1228]+000 TEXCOORD1: 0.117647059, 0.20784314, 0.713725507, 0.725490212
vb0[1228]+000 TEXCOORD2: 0.117647059, 0.20784314, 0.713725507, 0.725490212
vb0[1228]+000 TEXCOORD3: 0.117647059, 0.20784314, 0.713725507, 0.725490212
vb0[1228]+000 TANGENT: 0.117647059, 0.20784314, 0.713725507, 0.725490212

vb0[1229]+000 POSITION: 0.195068359, -0.713867188, 0.8125, 1
vb0[1229]+000 NORMAL: 0.243137255, 0.196078435, 0.713725507, 0.725490212
vb0[1229]+000 COLOR: 0.243137255, 0.196078435, 0.713725507, 0.725490212
vb0[1229]+012 TEXCOORD: 0.212524414, 1.45019531
vb0[1229]+000 TEXCOORD1: 0.243137255, 0.196078435, 0.713725507, 0.725490212
vb0[1229]+000 TEXCOORD2: 0.243137255, 0.196078435, 0.713725507, 0.725490212
vb0[1229]+000 TEXCOORD3: 0.243137255, 0.196078435, 0.713725507, 0.725490212
vb0[1229]+000 TANGENT: 0.243137255, 0.196078435, 0.713725507, 0.725490212

vb0[1230]+000 POSITION: 0.0655517578, -0.713867188, 0.833007813, 1
vb0[1230]+000 NORMAL: 0.196078435, 0.172549024, 0.713725507, 0.725490212
vb0[1230]+000 COLOR: 0.196078435, 0.172549024, 0.713725507, 0.725490212
vb0[1230]+012 TEXCOORD: 0.237548828, 1.45019531
vb0[1230]+000 TEXCOORD1: 0.196078435, 0.172549024, 0.713725507, 0.725490212
vb0[1230]+000 TEXCOORD2: 0.196078435, 0.172549024, 0.713725507, 0.725490212
vb0[1230]+000 TEXCOORD3: 0.196078435, 0.172549024, 0.713725507, 0.725490212
vb0[1230]+000 TANGENT: 0.196078435, 0.172549024, 0.713725507, 0.725490212

vb0[1231]+000 POSITION: -0.0655517578, -0.713867188, 0.833007813, 1
vb0[1231]+000 NORMAL: 0.196078435, 0.674509823, 0.713725507, 0.725490212
vb0[1231]+000 COLOR: 0.196078435, 0.674509823, 0.713725507, 0.725490212
vb0[1231]+012 TEXCOORD: 0.262451172, 1.45019531
vb0[1231]+000 TEXCOORD1: 0.196078435, 0.674509823, 0.713725507, 0.725490212
vb0[1231]+000 TEXCOORD2: 0.196078435, 0.674509823, 0.713725507, 0.725490212
vb0[1231]+000 TEXCOORD3: 0.196078435, 0.674509823, 0.713725507, 0.725490212
vb0[1231]+000 TANGENT: 0.196078435, 0.674509823, 0.713725507, 0.725490212

vb0[1232]+000 POSITION: -0.195068359, -0.713867188, 0.8125, 1
vb0[1232]+000 NORMAL: 0.243137255, 0.698039234, 0.713725507, 0.725490212
vb0[1232]+000 COLOR: 0.243137255, 0.698039234, 0.713725507, 0.725490212
vb0[1232]+012 TEXCOORD: 0.287597656, 1.45019531
vb0[1232]+000 TEXCOORD1: 0.243137255, 0.698039234, 0.713725507, 0.725490212
vb0[1232]+000 TEXCOORD2: 0.243137255, 0.698039234, 0.713725507, 0.725490212
vb0[1232]+000 TEXCOORD3: 0.243137255, 0.698039234, 0.713725507, 0.725490212
vb0[1232]+000 TANGENT: 0.243137255, 0.698039234, 0.713725507, 0.725490212

vb0[1233]+000 POSITION: -0.319824219, -0.713867188, 0.771972656, 1
vb0[1233]+000 NORMAL: 0.117647059, 0.709803939, 0.713725507, 0.725490212
vb0[1233]+000 COLOR: 0.117647059, 0.709803939, 0.713725507, 0.725490212
vb0[1233]+012 TEXCOORD: 0.3125, 1.45019531
vb0[1233]+000 TEXCOORD1: 0.117647059, 0.709803939, 0.713725507, 0.725490212
vb0[1233]+000 TEXCOORD2: 0.117647059, 0.709803939, 0.713725507, 0.725490212
vb0[1233]+000 TEXCOORD3: 0.117647059, 0.709803939, 0.713725507, 0.725490212
vb0[1233]+000 TANGENT: 0.117647059, 0.709803939, 0.713725507, 0.725490212

vb0[1234]+000 POSITION: -0.403564453, -0.645996094, 0.791992188, 1
vb0[1234]+000 NORMAL: 0.458823532, 0.713725507, 0.168627456, 0.725490212
vb0[1234]+000 COLOR: 0.458823532, 0.713725507, 0.168627456, 0.725490212
vb0[1234]+012 TEXCOORD: 0.324951172, 1.40039063
vb0[1234]+000 TEXCOORD1: 0.458823532, 0.713725507, 0.168627456, 0.725490212
vb0[1234]+000 TEXCOORD2: 0.458823532, 0.713725507, 0.168627456, 0.725490212
vb0[1234]+000 TEXCOORD3: 0.458823532, 0.713725507, 0.168627456, 0.725490212
vb0[1234]+000 TANGENT: 0.458823532, 0.713725507, 0.168627456, 0.725490212

vb0[1235]+000 POSITION: -0.436523438, -0.713867188, 0.712402344, 1
vb0[1235]+000 NORMAL: 0.988235295, 0.713725507, 0.713725507, 0.725490212
vb0[1235]+000 COLOR: 0.988235295, 0.713725507, 0.713725507, 0.725490212
vb0[1235]+012 TEXCOORD: 0.337402344, 1.45019531
vb0[1235]+000 TEXCOORD1: 0.988235295, 0.713725507, 0.713725507, 0.725490212
vb0[1235]+000 TEXCOORD2: 0.988235295, 0.713725507, 0.713725507, 0.725490212
vb0[1235]+000 TEXCOORD3: 0.988235295, 0.713725507, 0.713725507, 0.725490212
vb0[1235]+000 TANGENT: 0.988235295, 0.713725507, 0.713725507, 0.725490212

vb0[1236]+000 POSITION: -0.542480469, -0.713867188, 0.635253906, 1
vb0[1236]+000 NORMAL: 0.34117648, 0.721568644, 0.713725507, 0.725490212
vb0[1236]+000 COLOR: 0.34117648, 0.721568644, 0.713725507, 0.725490212
vb0[1236]+012 TEXCOORD: 0.362548828, 1.45019531
vb0[1236]+000 TEXCOORD1: 0.34117648, 0.721568644, 0.713725507, 0.725490212
vb0[1236]+000 TEXCOORD2: 0.34117648, 0.721568644, 0.713725507, 0.725490212
vb0[1236]+000 TEXCOORD3: 0.34117648, 0.721568644, 0.713725507, 0.725490212
vb0[1236]+000 TANGENT: 0.34117648, 0.721568644, 0.713725507, 0.725490212

vb0[1237]+000 POSITION: -0.635253906, -0.713867188, 0.542480469, 1
vb0[1237]+000 NORMAL: 0.0823529437, 0.725490212, 0.713725507, 0.725490212
vb0[1237]+000 COLOR: 0.0823529437, 0.725490212, 0.713725507, 0.725490212
vb0[1237]+012 TEXCOORD: 0.387451172, 1.45019531
vb0[1237]+000 TEXCOORD1: 0.0823529437, 0.725490212, 0.713725507, 0.725490212
vb0[1237]+000 TEXCOORD2: 0.0823529437, 0.725490212, 0.713725507, 0.725490212
vb0[1237]+000 TEXCOORD3: 0.0823529437, 0.725490212, 0.713725507, 0.725490212
vb0[1237]+000 TANGENT: 0.0823529437, 0.725490212, 0.713725507, 0.725490212

vb0[1238]+000 POSITION: -0.712402344, -0.713867188, 0.436523438, 1
vb0[1238]+000 NORMAL: 0.701960802, 0.725490212, 0.713725507, 0.725490212
vb0[1238]+000 COLOR: 0.701960802, 0.725490212, 0.713725507, 0.725490212
vb0[1238]+012 TEXCOORD: 0.412597656, 1.45019531
vb0[1238]+000 TEXCOORD1: 0.701960802, 0.725490212, 0.713725507, 0.725490212
vb0[1238]+000 TEXCOORD2: 0.701960802, 0.725490212, 0.713725507, 0.725490212
vb0[1238]+000 TEXCOORD3: 0.701960802, 0.725490212, 0.713725507, 0.725490212
vb0[1238]+000 TANGENT: 0.701960802, 0.725490212, 0.713725507, 0.725490212

vb0[1239]+000 POSITION: -0.771972656, -0.713867188, 0.319824219, 1
vb0[1239]+000 NORMAL: 0.176470593, 0.729411781, 0.713725507, 0.725490212
vb0[1239]+000 COLOR: 0.176470593, 0.729411781, 0.713725507, 0.725490212
vb0[1239]+012 TEXCOORD: 0.4375, 1.45019531
vb0[1239]+000 TEXCOORD1: 0.176470593, 0.729411781, 0.713725507, 0.725490212
vb0[1239]+000 TEXCOORD2: 0.176470593, 0.729411781, 0.713725507, 0.725490212
vb0[1239]+000 TEXCOORD3: 0.176470593, 0.729411781, 0.713725507, 0.725490212
vb0[1239]+000 TANGENT: 0.176470593, 0.729411781, 0.713725507, 0.725490212

vb0[1240]+000 POSITION: -0.8125, -0.713867188, 0.195068359, 1
vb0[1240]+000 NORMAL: 0.501960814, 0.729411781, 0.713725507, 0.725490212
vb0[1240]+000 COLOR: 0.501960814, 0.729411781, 0.713725507, 0.725490212
vb0[1240]+012 TEXCOORD: 0.462402344, 1.45019531
vb0[1240]+000 TEXCOORD1: 0.501960814, 0.729411781, 0.713725507, 0.725490212
vb0[1240]+000 TEXCOORD2: 0.501960814, 0.729411781, 0.713725507, 0.725490212
vb0[1240]+000 TEXCOORD3: 0.501960814, 0.729411781, 0.713725507, 0.725490212
vb0[1240]+000 TANGENT: 0.501960814, 0.729411781, 0.713725507, 0.725490212

vb0[1241]+000 POSITION: -0.833007813, -0.713867188, 0.0655517578, 1
vb0[1241]+000 NORMAL: 0.666666687, 0.729411781, 0.713725507, 0.725490212
vb0[1241]+000 COLOR: 0.666666687, 0.729411781, 0.713725507, 0.725490212
vb0[1241]+012 TEXCOORD: 0.487548828, 1.45019531
vb0[1241]+000 TEXCOORD1: 0.666666687, 0.729411781, 0.713725507, 0.725490212
vb0[1241]+000 TEXCOORD2: 0.666666687, 0.729411781, 0.713725507, 0.725490212
vb0[1241]+000 TEXCOORD3: 0.666666687, 0.729411781, 0.713725507, 0.725490212
vb0[1241]+000 TANGENT: 0.666666687, 0.729411781, 0.713725507, 0.725490212

vb0[1242]+000 POSITION: -0.833007813, -0.713867188, -0.0655517578, 1
vb0[1242]+000 NORMAL: 0.666666687, 0.729411781, 0.713725507, 0.725490212
vb0[1242]+000 COLOR: 0.666666687, 0.729411781, 0.713725507, 0.725490212
vb0[1242]+012 TEXCOORD: 0.512695313, 1.45019531
vb0[1242]+000 TEXCOORD1: 0.666666687, 0.729411781, 0.713725507, 0.725490212
vb0[1242]+000 TEXCOORD2: 0.666666687, 0.729411781, 0.713725507, 0.725490212
vb0[1242]+000 TEXCOORD3: 0.666666687, 0.729411781, 0.713725507, 0.725490212
vb0[1242]+000 TANGENT: 0.666666687, 0.729411781, 0.713725507, 0.725490212

vb0[1243]+000 POSITION: -0.456787109, -0.776855469, 0.628417969, 1
vb0[1243]+000 NORMAL: 0.309803933, 0.717647076, 0.215686277, 0.729411781
vb0[1243]+000 COLOR: 0.309803933, 0.717647076, 0.215686277, 0.729411781
vb0[1243]+012 TEXCOORD: 0.350097656, 1.5
vb0[1243]+000 TEXCOORD1: 0.309803933, 0.717647076, 0.215686277, 0.729411781
vb0[1243]+000 TEXCOORD2: 0.309803933, 0.717647076, 0.215686277, 0.729411781
vb0[1243]+000 TEXCOORD3: 0.309803933, 0.717647076, 0.215686277, 0.729411781
vb0[1243]+000 TANGENT: 0.309803933, 0.717647076, 0.215686277, 0.729411781

vb0[1244]+000 POSITION: -0.549316406, -0.776855469, 0.549316406, 1
vb0[1244]+000 NORMAL: 0.396078438, 0.721568644, 0.215686277, 0.729411781
vb0[1244]+000 COLOR: 0.396078438, 0.721568644, 0.215686277, 0.729411781
vb0[1244]+012 TEXCOORD: 0.375, 1.5
vb0[1244]+000 TEXCOORD1: 0.396078438, 0.721568644, 0.215686277, 0.729411781
vb0[1244]+000 TEXCOORD2: 0.396078438, 0.721568644, 0.215686277, 0.729411781
vb0[1244]+000 TEXCOORD3: 0.396078438, 0.721568644, 0.215686277, 0.729411781
vb0[1244]+000 TANGENT: 0.396078438, 0.721568644, 0.215686277, 0.729411781

vb0[1245]+000 POSITION: -0.628417969, -0.776855469, 0.456787109, 1
vb0[1245]+000 NORMAL: 0.0274509806, 0.725490212, 0.215686277, 0.729411781
vb0[1245]+000 COLOR: 0.0274509806, 0.725490212, 0.215686277, 0.729411781
vb0[1245]+012 TEXCOORD: 0.399902344, 1.5
vb0[1245]+000 TEXCOORD1: 0.0274509806, 0.725490212, 0.215686277, 0.729411781
vb0[1245]+000 TEXCOORD2: 0.0274509806, 0.725490212, 0.215686277, 0.729411781
vb0[1245]+000 TEXCOORD3: 0.0274509806, 0.725490212, 0.215686277, 0.729411781
vb0[1245]+000 TANGENT: 0.0274509806, 0.725490212, 0.215686277, 0.729411781

vb0[1246]+000 POSITION: -0.692382813, -0.776855469, 0.352783203, 1
vb0[1246]+000 NORMAL: 0.541176498, 0.725490212, 0.215686277, 0.729411781
vb0[1246]+000 COLOR: 0.541176498, 0.725490212, 0.215686277, 0.729411781
vb0[1246]+012 TEXCOORD: 0.425048828, 1.5
vb0[1246]+000 TEXCOORD1: 0.541176498, 0.725490212, 0.215686277, 0.729411781
vb0[1246]+000 TEXCOORD2: 0.541176498, 0.725490212, 0.215686277, 0.729411781
vb0[1246]+000 TEXCOORD3: 0.541176498, 0.725490212, 0.215686277, 0.729411781
vb0[1246]+000 TANGENT: 0.541176498, 0.725490212, 0.215686277, 0.729411781

vb0[1247]+000 POSITION: -0.738769531, -0.776855469, 0.240112305, 1
vb0[1247]+000 NORMAL: 0.913725495, 0.725490212, 0.215686277, 0.729411781
vb0[1247]+000 COLOR: 0.913725495, 0.725490212, 0.215686277, 0.729411781
vb0[1247]+012 TEXCOORD: 0.449951172, 1.5
vb0[1247]+000 TEXCOORD1: 0.913725495, 0.725490212, 0.215686277, 0.729411781
vb0[1247]+000 TEXCOORD2: 0.913725495, 0.725490212, 0.215686277, 0.729411781
vb0[1247]+000 TEXCOORD3: 0.913725495, 0.725490212, 0.215686277, 0.729411781
vb0[1247]+000 TANGENT: 0.913725495, 0.725490212, 0.215686277, 0.729411781

vb0[1248]+000 POSITION: -0.767578125, -0.776855469, 0.121582031, 1
vb0[1248]+000 NORMAL: 0.141176477, 0.729411781, 0.215686277, 0.729411781
vb0[1248]+000 COLOR: 0.141176477, 0.729411781, 0.215686277, 0.729411781
vb0[1248]+012 TEXCOORD: 0.475097656, 1.5
vb0[1248]+000 TEXCOORD1: 0.141176477, 0.729411781, 0.215686277, 0.729411781
vb0[1248]+000 TEXCOORD2: 0.141176477, 0.729411781, 0.215686277, 0.729411781
vb0[1248]+000 TEXCOORD3: 0.141176477, 0.729411781, 0.215686277, 0.729411781
vb0[1248]+000 TANGENT: 0.141176477, 0.729411781, 0.215686277, 0.729411781

vb0[1249]+000 POSITION: -0.776855469, -0.776855469, -1.1479437e-41, 1
vb0[1249]+000 NORMAL: 0.215686277, 0.729411781, 0.215686277, 0.729411781
vb0[1249]+000 COLOR: 0.215686277, 0.729411781, 0.215686277, 0.729411781
vb0[1249]+012 TEXCOORD: 0.5, 1.5
vb0[1249]+000 TEXCOORD1: 0.215686277, 0.729411781, 0.215686277, 0.729411781
vb0[1249]+000 TEXCOORD2: 0.215686277, 0.729411781, 0.215686277, 0.729411781
vb0[1249]+000 TEXCOORD3: 0.215686277, 0.729411781, 0.215686277, 0.729411781
vb0[1249]+000 TANGENT: 0.215686277, 0.729411781, 0.215686277, 0.729411781

vb0[1250]+000 POSITION: -0.767578125, -0.776855469, -0.121582031, 1
vb0[1250]+000 NORMAL: 0.141176477, 0.729411781, 0.215686277, 0.729411781
vb0[1250]+000 COLOR: 0.141176477, 0.729411781, 0.215686277, 0.729411781
vb0[1250]+012 TEXCOORD: 0.524902344, 1.5
vb0[1250]+000 TEXCOORD1: 0.141176477, 0.729411781, 0.215686277, 0.729411781
vb0[1250]+000 TEXCOORD2: 0.141176477, 0.729411781, 0.215686277, 0.729411781
vb0[1250]+000 TEXCOORD3: 0.141176477, 0.729411781, 0.215686277, 0.729411781
vb0[1250]+000 TANGENT: 0.141176477, 0.729411781, 0.215686277, 0.729411781

vb0[1251]+000 POSITION: -0.738769531, -0.776855469, -0.240112305, 1
vb0[1251]+000 NORMAL: 0.913725495, 0.725490212, 0.215686277, 0.729411781
vb0[1251]+000 COLOR: 0.913725495, 0.725490212, 0.215686277, 0.729411781
vb0[1251]+012 TEXCOORD: 0.549804688, 1.5
vb0[1251]+000 TEXCOORD1: 0.913725495, 0.725490212, 0.215686277, 0.729411781
vb0[1251]+000 TEXCOORD2: 0.913725495, 0.725490212, 0.215686277, 0.729411781
vb0[1251]+000 TEXCOORD3: 0.913725495, 0.725490212, 0.215686277, 0.729411781
vb0[1251]+000 TANGENT: 0.913725495, 0.725490212, 0.215686277, 0.729411781

vb0[1252]+000 POSITION: -0.692382813, -0.776855469, -0.352783203, 1
vb0[1252]+000 NORMAL: 0.541176498, 0.725490212, 0.215686277, 0.729411781
vb0[1252]+000 COLOR: 0.541176498, 0.725490212, 0.215686277, 0.729411781
vb0[1252]+012 TEXCOORD: 0.575195313, 1.5
vb0[1252]+000 TEXCOORD1: 0.541176498, 0.725490212, 0.215686277, 0.729411781
vb0[1252]+000 TEXCOORD2: 0.541176498, 0.725490212, 0.215686277, 0.729411781
vb0[1252]+000 TEXCOORD3: 0.541176498, 0.725490212, 0.215686277, 0.729411781
vb0[1252]+000 TANGENT: 0.541176498, 0.725490212, 0.215686277, 0.729411781

vb0[1253]+000 POSITION: -0.712402344, -0.713867188, -0.436523438, 1
vb0[1253]+000 NORMAL: 0.701960802, 0.725490212, 0.713725507, 0.725490212
vb0[1253]+000 COLOR: 0.701960802, 0.725490212, 0.713725507, 0.725490212
vb0[1253]+012 TEXCOORD: 0.587402344, 1.45019531
vb0[1253]+000 TEXCOORD1: 0.701960802, 0.725490212, 0.713725507, 0.725490212
vb0[1253]+000 TEXCOORD2: 0.701960802, 0.725490212, 0.713725507, 0.725490212
vb0[1253]+000 TEXCOORD3: 0.701960802, 0.725490212, 0.713725507, 0.725490212
vb0[1253]+000 TANGENT: 0.701960802, 0.725490212, 0.713725507, 0.725490212

vb0[1254]+000 POSITION: -0.635253906, -0.713867188, -0.542480469, 1
vb0[1254]+000 NORMAL: 0.0823529437, 0.725490212, 0.713725507, 0.725490212
vb0[1254]+000 COLOR: 0.0823529437, 0.725490212, 0.713725507, 0.725490212
vb0[1254]+012 TEXCOORD: 0.612304688, 1.45019531
vb0[1254]+000 TEXCOORD1: 0.0823529437, 0.725490212, 0.713725507, 0.725490212
vb0[1254]+000 TEXCOORD2: 0.0823529437, 0.725490212, 0.713725507, 0.725490212
vb0[1254]+000 TEXCOORD3: 0.0823529437, 0.725490212, 0.713725507, 0.725490212
vb0[1254]+000 TANGENT: 0.0823529437, 0.725490212, 0.713725507, 0.725490212

vb0[1255]+000 POSITION: -0.542480469, -0.713867188, -0.635253906, 1
vb0[1255]+000 NORMAL: 0.34117648, 0.721568644, 0.713725507, 0.725490212
vb0[1255]+000 COLOR: 0.34117648, 0.721568644, 0.713725507, 0.725490212
vb0[1255]+012 TEXCOORD: 0.637695313, 1.45019531
vb0[1255]+000 TEXCOORD1: 0.34117648, 0.721568644, 0.713725507, 0.725490212
vb0[1255]+000 TEXCOORD2: 0.34117648, 0.721568644, 0.713725507, 0.725490212
vb0[1255]+000 TEXCOORD3: 0.34117648, 0.721568644, 0.713725507, 0.725490212
vb0[1255]+000 TANGENT: 0.34117648, 0.721568644, 0.713725507, 0.725490212

vb0[1256]+000 POSITION: -0.628417969, -0.776855469, -0.456787109, 1
vb0[1256]+000 NORMAL: 0.0274509806, 0.725490212, 0.215686277, 0.729411781
vb0[1256]+000 COLOR: 0.0274509806, 0.725490212, 0.215686277, 0.729411781
vb0[1256]+012 TEXCOORD: 0.600097656, 1.5
vb0[1256]+000 TEXCOORD1: 0.0274509806, 0.725490212, 0.215686277, 0.729411781
vb0[1256]+000 TEXCOORD2: 0.0274509806, 0.725490212, 0.215686277, 0.729411781
vb0[1256]+000 TEXCOORD3: 0.0274509806, 0.725490212, 0.215686277, 0.729411781
vb0[1256]+000 TANGENT: 0.0274509806, 0.725490212, 0.215686277, 0.729411781

vb0[1257]+000 POSITION: -0.549316406, -0.776855469, -0.549316406, 1
vb0[1257]+000 NORMAL: 0.396078438, 0.721568644, 0.215686277, 0.729411781
vb0[1257]+000 COLOR: 0.396078438, 0.721568644, 0.215686277, 0.729411781
vb0[1257]+012 TEXCOORD: 0.625, 1.5
vb0[1257]+000 TEXCOORD1: 0.396078438, 0.721568644, 0.215686277, 0.729411781
vb0[1257]+000 TEXCOORD2: 0.396078438, 0.721568644, 0.215686277, 0.729411781
vb0[1257]+000 TEXCOORD3: 0.396078438, 0.721568644, 0.215686277, 0.729411781
vb0[1257]+000 TANGENT: 0.396078438, 0.721568644, 0.215686277, 0.729411781

vb0[1258]+000 POSITION: -0.693847656, -0.835449219, -0.166625977, 1
vb0[1258]+000 NORMAL: 0.552941203, 0.725490212, 0.686274529, 0.729411781
vb0[1258]+000 COLOR: 0.552941203, 0.725490212, 0.686274529, 0.729411781
vb0[1258]+012 TEXCOORD: 0.537597656, 1.54980469
vb0[1258]+000 TEXCOORD1: 0.552941203, 0.725490212, 0.686274529, 0.729411781
vb0[1258]+000 TEXCOORD2: 0.552941203, 0.725490212, 0.686274529, 0.729411781
vb0[1258]+000 TEXCOORD3: 0.552941203, 0.725490212, 0.686274529, 0.729411781
vb0[1258]+000 TANGENT: 0.552941203, 0.725490212, 0.686274529, 0.729411781

vb0[1259]+000 POSITION: -0.711425781, -0.835449219, -0.0559997559, 1
vb0[1259]+000 NORMAL: 0.694117665, 0.725490212, 0.686274529, 0.729411781
vb0[1259]+000 COLOR: 0.694117665, 0.725490212, 0.686274529, 0.729411781
vb0[1259]+012 TEXCOORD: 0.512695313, 1.54980469
vb0[1259]+000 TEXCOORD1: 0.694117665, 0.725490212, 0.686274529, 0.729411781
vb0[1259]+000 TEXCOORD2: 0.694117665, 0.725490212, 0.686274529, 0.729411781
vb0[1259]+000 TEXCOORD3: 0.694117665, 0.725490212, 0.686274529, 0.729411781
vb0[1259]+000 TANGENT: 0.694117665, 0.725490212, 0.686274529, 0.729411781

vb0[1260]+000 POSITION: -0.659179688, -0.835449219, -0.273193359, 1
vb0[1260]+000 NORMAL: 0.274509817, 0.725490212, 0.686274529, 0.729411781
vb0[1260]+000 COLOR: 0.274509817, 0.725490212, 0.686274529, 0.729411781
vb0[1260]+012 TEXCOORD: 0.5625, 1.54980469
vb0[1260]+000 TEXCOORD1: 0.274509817, 0.725490212, 0.686274529, 0.729411781
vb0[1260]+000 TEXCOORD2: 0.274509817, 0.725490212, 0.686274529, 0.729411781
vb0[1260]+000 TEXCOORD3: 0.274509817, 0.725490212, 0.686274529, 0.729411781
vb0[1260]+000 TANGENT: 0.274509817, 0.725490212, 0.686274529, 0.729411781

vb0[1261]+000 POSITION: -0.608398438, -0.835449219, -0.372802734, 1
vb0[1261]+000 NORMAL: 0.870588243, 0.721568644, 0.686274529, 0.729411781
vb0[1261]+000 COLOR: 0.870588243, 0.721568644, 0.686274529, 0.729411781
vb0[1261]+012 TEXCOORD: 0.587402344, 1.54980469
vb0[1261]+000 TEXCOORD1: 0.870588243, 0.721568644, 0.686274529, 0.729411781
vb0[1261]+000 TEXCOORD2: 0.870588243, 0.721568644, 0.686274529, 0.729411781
vb0[1261]+000 TEXCOORD3: 0.870588243, 0.721568644, 0.686274529, 0.729411781
vb0[1261]+000 TANGENT: 0.870588243, 0.721568644, 0.686274529, 0.729411781

vb0[1262]+000 POSITION: -0.542480469, -0.835449219, -0.463378906, 1
vb0[1262]+000 NORMAL: 0.34117648, 0.721568644, 0.686274529, 0.729411781
vb0[1262]+000 COLOR: 0.34117648, 0.721568644, 0.686274529, 0.729411781
vb0[1262]+012 TEXCOORD: 0.612304688, 1.54980469
vb0[1262]+000 TEXCOORD1: 0.34117648, 0.721568644, 0.686274529, 0.729411781
vb0[1262]+000 TEXCOORD2: 0.34117648, 0.721568644, 0.686274529, 0.729411781
vb0[1262]+000 TEXCOORD3: 0.34117648, 0.721568644, 0.686274529, 0.729411781
vb0[1262]+000 TANGENT: 0.34117648, 0.721568644, 0.686274529, 0.729411781

vb0[1263]+000 POSITION: -0.638183594, -0.889160156, -0.101074219, 1
vb0[1263]+000 NORMAL: 0.105882354, 0.725490212, 0.113725491, 0.733333349
vb0[1263]+000 COLOR: 0.105882354, 0.725490212, 0.113725491, 0.733333349
vb0[1263]+012 TEXCOORD: 0.524902344, 1.59960938
vb0[1263]+000 TEXCOORD1: 0.105882354, 0.725490212, 0.113725491, 0.733333349
vb0[1263]+000 TEXCOORD2: 0.105882354, 0.725490212, 0.113725491, 0.733333349
vb0[1263]+000 TEXCOORD3: 0.105882354, 0.725490212, 0.113725491, 0.733333349
vb0[1263]+000 TANGENT: 0.105882354, 0.725490212, 0.113725491, 0.733333349

vb0[1264]+000 POSITION: -0.645996094, -0.889160156, -1.1479437e-41, 1
vb0[1264]+000 NORMAL: 0.168627456, 0.725490212, 0.113725491, 0.733333349
vb0[1264]+000 COLOR: 0.168627456, 0.725490212, 0.113725491, 0.733333349
vb0[1264]+012 TEXCOORD: 0.5, 1.59960938
vb0[1264]+000 TEXCOORD1: 0.168627456, 0.725490212, 0.113725491, 0.733333349
vb0[1264]+000 TEXCOORD2: 0.168627456, 0.725490212, 0.113725491, 0.733333349
vb0[1264]+000 TEXCOORD3: 0.168627456, 0.725490212, 0.113725491, 0.733333349
vb0[1264]+000 TANGENT: 0.168627456, 0.725490212, 0.113725491, 0.733333349

vb0[1265]+000 POSITION: -0.711425781, -0.835449219, 0.0559997559, 1
vb0[1265]+000 NORMAL: 0.694117665, 0.725490212, 0.686274529, 0.729411781
vb0[1265]+000 COLOR: 0.694117665, 0.725490212, 0.686274529, 0.729411781
vb0[1265]+012 TEXCOORD: 0.487548828, 1.54980469
vb0[1265]+000 TEXCOORD1: 0.694117665, 0.725490212, 0.686274529, 0.729411781
vb0[1265]+000 TEXCOORD2: 0.694117665, 0.725490212, 0.686274529, 0.729411781
vb0[1265]+000 TEXCOORD3: 0.694117665, 0.725490212, 0.686274529, 0.729411781
vb0[1265]+000 TANGENT: 0.694117665, 0.725490212, 0.686274529, 0.729411781

vb0[1266]+000 POSITION: -0.693847656, -0.835449219, 0.166625977, 1
vb0[1266]+000 NORMAL: 0.552941203, 0.725490212, 0.686274529, 0.729411781
vb0[1266]+000 COLOR: 0.552941203, 0.725490212, 0.686274529, 0.729411781
vb0[1266]+012 TEXCOORD: 0.462402344, 1.54980469
vb0[1266]+000 TEXCOORD1: 0.552941203, 0.725490212, 0.686274529, 0.729411781
vb0[1266]+000 TEXCOORD2: 0.552941203, 0.725490212, 0.686274529, 0.729411781
vb0[1266]+000 TEXCOORD3: 0.552941203, 0.725490212, 0.686274529, 0.729411781
vb0[1266]+000 TANGENT: 0.552941203, 0.725490212, 0.686274529, 0.729411781

vb0[1267]+000 POSITION: -0.659179688, -0.835449219, 0.273193359, 1
vb0[1267]+000 NORMAL: 0.274509817, 0.725490212, 0.686274529, 0.729411781
vb0[1267]+000 COLOR: 0.274509817, 0.725490212, 0.686274529, 0.729411781
vb0[1267]+012 TEXCOORD: 0.4375, 1.54980469
vb0[1267]+000 TEXCOORD1: 0.274509817, 0.725490212, 0.686274529, 0.729411781
vb0[1267]+000 TEXCOORD2: 0.274509817, 0.725490212, 0.686274529, 0.729411781
vb0[1267]+000 TEXCOORD3: 0.274509817, 0.725490212, 0.686274529, 0.729411781
vb0[1267]+000 TANGENT: 0.274509817, 0.725490212, 0.686274529, 0.729411781

vb0[1268]+000 POSITION: -0.608398438, -0.835449219, 0.372802734, 1
vb0[1268]+000 NORMAL: 0.870588243, 0.721568644, 0.686274529, 0.729411781
vb0[1268]+000 COLOR: 0.870588243, 0.721568644, 0.686274529, 0.729411781
vb0[1268]+012 TEXCOORD: 0.412597656, 1.54980469
vb0[1268]+000 TEXCOORD1: 0.870588243, 0.721568644, 0.686274529, 0.729411781
vb0[1268]+000 TEXCOORD2: 0.870588243, 0.721568644, 0.686274529, 0.729411781
vb0[1268]+000 TEXCOORD3: 0.870588243, 0.721568644, 0.686274529, 0.729411781
vb0[1268]+000 TANGENT: 0.870588243, 0.721568644, 0.686274529, 0.729411781

vb0[1269]+000 POSITION: -0.542480469, -0.835449219, 0.463378906, 1
vb0[1269]+000 NORMAL: 0.34117648, 0.721568644, 0.686274529, 0.729411781
vb0[1269]+000 COLOR: 0.34117648, 0.721568644, 0.686274529, 0.729411781
vb0[1269]+012 TEXCOORD: 0.387451172, 1.54980469
vb0[1269]+000 TEXCOORD1: 0.34117648, 0.721568644, 0.686274529, 0.729411781
vb0[1269]+000 TEXCOORD2: 0.34117648, 0.721568644, 0.686274529, 0.729411781
vb0[1269]+000 TEXCOORD3: 0.34117648, 0.721568644, 0.686274529, 0.729411781
vb0[1269]+000 TANGENT: 0.34117648, 0.721568644, 0.686274529, 0.729411781

vb0[1270]+000 POSITION: -0.463378906, -0.835449219, 0.542480469, 1
vb0[1270]+000 NORMAL: 0.41568628, 0.717647076, 0.686274529, 0.729411781
vb0[1270]+000 COLOR: 0.41568628, 0.717647076, 0.686274529, 0.729411781
vb0[1270]+012 TEXCOORD: 0.362548828, 1.54980469
vb0[1270]+000 TEXCOORD1: 0.41568628, 0.717647076, 0.686274529, 0.729411781
vb0[1270]+000 TEXCOORD2: 0.41568628, 0.717647076, 0.686274529, 0.729411781
vb0[1270]+000 TEXCOORD3: 0.41568628, 0.717647076, 0.686274529, 0.729411781
vb0[1270]+000 TANGENT: 0.41568628, 0.717647076, 0.686274529, 0.729411781

vb0[1271]+000 POSITION: -0.372802734, -0.835449219, 0.608398438, 1
vb0[1271]+000 NORMAL: 0.968627453, 0.709803939, 0.686274529, 0.729411781
vb0[1271]+000 COLOR: 0.968627453, 0.709803939, 0.686274529, 0.729411781
vb0[1271]+012 TEXCOORD: 0.337402344, 1.54980469
vb0[1271]+000 TEXCOORD1: 0.968627453, 0.709803939, 0.686274529, 0.729411781
vb0[1271]+000 TEXCOORD2: 0.968627453, 0.709803939, 0.686274529, 0.729411781
vb0[1271]+000 TEXCOORD3: 0.968627453, 0.709803939, 0.686274529, 0.729411781
vb0[1271]+000 TANGENT: 0.968627453, 0.709803939, 0.686274529, 0.729411781

vb0[1272]+000 POSITION: -0.352783203, -0.776855469, 0.692382813, 1
vb0[1272]+000 NORMAL: 0.647058845, 0.709803939, 0.215686277, 0.729411781
vb0[1272]+000 COLOR: 0.647058845, 0.709803939, 0.215686277, 0.729411781
vb0[1272]+012 TEXCOORD: 0.324951172, 1.5
vb0[1272]+000 TEXCOORD1: 0.647058845, 0.709803939, 0.215686277, 0.729411781
vb0[1272]+000 TEXCOORD2: 0.647058845, 0.709803939, 0.215686277, 0.729411781
vb0[1272]+000 TEXCOORD3: 0.647058845, 0.709803939, 0.215686277, 0.729411781
vb0[1272]+000 TANGENT: 0.647058845, 0.709803939, 0.215686277, 0.729411781

vb0[1273]+000 POSITION: -0.240112305, -0.776855469, 0.738769531, 1
vb0[1273]+000 NORMAL: 0.686274529, 0.701960802, 0.215686277, 0.729411781
vb0[1273]+000 COLOR: 0.686274529, 0.701960802, 0.215686277, 0.729411781
vb0[1273]+012 TEXCOORD: 0.300048828, 1.5
vb0[1273]+000 TEXCOORD1: 0.686274529, 0.701960802, 0.215686277, 0.729411781
vb0[1273]+000 TEXCOORD2: 0.686274529, 0.701960802, 0.215686277, 0.729411781
vb0[1273]+000 TEXCOORD3: 0.686274529, 0.701960802, 0.215686277, 0.729411781
vb0[1273]+000 TANGENT: 0.686274529, 0.701960802, 0.215686277, 0.729411781

vb0[1274]+000 POSITION: -0.121582031, -0.776855469, 0.767578125, 1
vb0[1274]+000 NORMAL: 0.784313738, 0.686274529, 0.215686277, 0.729411781
vb0[1274]+000 COLOR: 0.784313738, 0.686274529, 0.215686277, 0.729411781
vb0[1274]+012 TEXCOORD: 0.274902344, 1.5
vb0[1274]+000 TEXCOORD1: 0.784313738, 0.686274529, 0.215686277, 0.729411781
vb0[1274]+000 TEXCOORD2: 0.784313738, 0.686274529, 0.215686277, 0.729411781
vb0[1274]+000 TEXCOORD3: 0.784313738, 0.686274529, 0.215686277, 0.729411781
vb0[1274]+000 TANGENT: 0.784313738, 0.686274529, 0.215686277, 0.729411781

vb0[1275]+000 POSITION: -1.1479437e-41, -0.776855469, 0.776855469, 1
vb0[1275]+000 NORMAL: 0.00392156886, 0.501960814, 0.215686277, 0.729411781
vb0[1275]+000 COLOR: 0.00392156886, 0.501960814, 0.215686277, 0.729411781
vb0[1275]+012 TEXCOORD: 0.25, 1.5
vb0[1275]+000 TEXCOORD1: 0.00392156886, 0.501960814, 0.215686277, 0.729411781
vb0[1275]+000 TEXCOORD2: 0.00392156886, 0.501960814, 0.215686277, 0.729411781
vb0[1275]+000 TEXCOORD3: 0.00392156886, 0.501960814, 0.215686277, 0.729411781
vb0[1275]+000 TANGENT: 0.00392156886, 0.501960814, 0.215686277, 0.729411781

vb0[1276]+000 POSITION: 0.121582031, -0.776855469, 0.767578125, 1
vb0[1276]+000 NORMAL: 0.784313738, 0.184313729, 0.215686277, 0.729411781
vb0[1276]+000 COLOR: 0.784313738, 0.184313729, 0.215686277, 0.729411781
vb0[1276]+012 TEXCOORD: 0.224975586, 1.5
vb0[1276]+000 TEXCOORD1: 0.784313738, 0.184313729, 0.215686277, 0.729411781
vb0[1276]+000 TEXCOORD2: 0.784313738, 0.184313729, 0.215686277, 0.729411781
vb0[1276]+000 TEXCOORD3: 0.784313738, 0.184313729, 0.215686277, 0.729411781
vb0[1276]+000 TANGENT: 0.784313738, 0.184313729, 0.215686277, 0.729411781

vb0[1277]+000 POSITION: 0.240112305, -0.776855469, 0.738769531, 1
vb0[1277]+000 NORMAL: 0.686274529, 0.200000003, 0.215686277, 0.729411781
vb0[1277]+000 COLOR: 0.686274529, 0.200000003, 0.215686277, 0.729411781
vb0[1277]+012 TEXCOORD: 0.199951172, 1.5
vb0[1277]+000 TEXCOORD1: 0.686274529, 0.200000003, 0.215686277, 0.729411781
vb0[1277]+000 TEXCOORD2: 0.686274529, 0.200000003, 0.215686277, 0.729411781
vb0[1277]+000 TEXCOORD3: 0.686274529, 0.200000003, 0.215686277, 0.729411781
vb0[1277]+000 TANGENT: 0.686274529, 0.200000003, 0.215686277, 0.729411781

vb0[1278]+000 POSITION: 0.352783203, -0.776855469, 0.692382813, 1
vb0[1278]+000 NORMAL: 0.647058845, 0.20784314, 0.215686277, 0.729411781
vb0[1278]+000 COLOR: 0.647058845, 0.20784314, 0.215686277, 0.729411781
vb0[1278]+012 TEXCOORD: 0.175048828, 1.5
vb0[1278]+000 TEXCOORD1: 0.647058845, 0.20784314, 0.215686277, 0.729411781
vb0[1278]+000 TEXCOORD2: 0.647058845, 0.20784314, 0.215686277, 0.729411781
vb0[1278]+000 TEXCOORD3: 0.647058845, 0.20784314, 0.215686277, 0.729411781
vb0[1278]+000 TANGENT: 0.647058845, 0.20784314, 0.215686277, 0.729411781

vb0[1279]+000 POSITION: 0.456787109, -0.776855469, 0.628417969, 1
vb0[1279]+000 NORMAL: 0.309803933, 0.215686277, 0.215686277, 0.729411781
vb0[1279]+000 COLOR: 0.309803933, 0.215686277, 0.215686277, 0.729411781
vb0[1279]+012 TEXCOORD: 0.150024414, 1.5
vb0[1279]+000 TEXCOORD1: 0.309803933, 0.215686277, 0.215686277, 0.729411781
vb0[1279]+000 TEXCOORD2: 0.309803933, 0.215686277, 0.215686277, 0.729411781
vb0[1279]+000 TEXCOORD3: 0.309803933, 0.215686277, 0.215686277, 0.729411781
vb0[1279]+000 TANGENT: 0.309803933, 0.215686277, 0.215686277, 0.729411781

vb0[1280]+000 POSITION: 0.549316406, -0.776855469, 0.549316406, 1
vb0[1280]+000 NORMAL: 0.396078438, 0.219607845, 0.215686277, 0.729411781
vb0[1280]+000 COLOR: 0.396078438, 0.219607845, 0.215686277, 0.729411781
vb0[1280]+012 TEXCOORD: 0.125, 1.5
vb0[1280]+000 TEXCOORD1: 0.396078438, 0.219607845, 0.215686277, 0.729411781
vb0[1280]+000 TEXCOORD2: 0.396078438, 0.219607845, 0.215686277, 0.729411781
vb0[1280]+000 TEXCOORD3: 0.396078438, 0.219607845, 0.215686277, 0.729411781
vb0[1280]+000 TANGENT: 0.396078438, 0.219607845, 0.215686277, 0.729411781

vb0[1281]+000 POSITION: 0.628417969, -0.776855469, 0.456787109, 1
vb0[1281]+000 NORMAL: 0.0274509806, 0.223529413, 0.215686277, 0.729411781
vb0[1281]+000 COLOR: 0.0274509806, 0.223529413, 0.215686277, 0.729411781
vb0[1281]+012 TEXCOORD: 0.0999755859, 1.5
vb0[1281]+000 TEXCOORD1: 0.0274509806, 0.223529413, 0.215686277, 0.729411781
vb0[1281]+000 TEXCOORD2: 0.0274509806, 0.223529413, 0.215686277, 0.729411781
vb0[1281]+000 TEXCOORD3: 0.0274509806, 0.223529413, 0.215686277, 0.729411781
vb0[1281]+000 TANGENT: 0.0274509806, 0.223529413, 0.215686277, 0.729411781

vb0[1282]+000 POSITION: 0.692382813, -0.776855469, 0.352783203, 1
vb0[1282]+000 NORMAL: 0.541176498, 0.223529413, 0.215686277, 0.729411781
vb0[1282]+000 COLOR: 0.541176498, 0.223529413, 0.215686277, 0.729411781
vb0[1282]+012 TEXCOORD: 0.075012207, 1.5
vb0[1282]+000 TEXCOORD1: 0.541176498, 0.223529413, 0.215686277, 0.729411781
vb0[1282]+000 TEXCOORD2: 0.541176498, 0.223529413, 0.215686277, 0.729411781
vb0[1282]+000 TEXCOORD3: 0.541176498, 0.223529413, 0.215686277, 0.729411781
vb0[1282]+000 TANGENT: 0.541176498, 0.223529413, 0.215686277, 0.729411781

vb0[1283]+000 POSITION: 0.738769531, -0.776855469, 0.240112305, 1
vb0[1283]+000 NORMAL: 0.913725495, 0.223529413, 0.215686277, 0.729411781
vb0[1283]+000 COLOR: 0.913725495, 0.223529413, 0.215686277, 0.729411781
vb0[1283]+012 TEXCOORD: 0.049987793, 1.5
vb0[1283]+000 TEXCOORD1: 0.913725495, 0.223529413, 0.215686277, 0.729411781
vb0[1283]+000 TEXCOORD2: 0.913725495, 0.223529413, 0.215686277, 0.729411781
vb0[1283]+000 TEXCOORD3: 0.913725495, 0.223529413, 0.215686277, 0.729411781
vb0[1283]+000 TANGENT: 0.913725495, 0.223529413, 0.215686277, 0.729411781

vb0[1284]+000 POSITION: 0.693847656, -0.835449219, 0.166625977, 1
vb0[1284]+000 NORMAL: 0.552941203, 0.223529413, 0.686274529, 0.729411781
vb0[1284]+000 COLOR: 0.552941203, 0.223529413, 0.686274529, 0.729411781
vb0[1284]+012 TEXCOORD: 0.0375061035, 1.54980469
vb0[1284]+000 TEXCOORD1: 0.552941203, 0.223529413, 0.686274529, 0.729411781
vb0[1284]+000 TEXCOORD2: 0.552941203, 0.223529413, 0.686274529, 0.729411781
vb0[1284]+000 TEXCOORD3: 0.552941203, 0.223529413, 0.686274529, 0.729411781
vb0[1284]+000 TANGENT: 0.552941203, 0.223529413, 0.686274529, 0.729411781

vb0[1285]+000 POSITION: 0.711425781, -0.835449219, 0.0559997559, 1
vb0[1285]+000 NORMAL: 0.694117665, 0.223529413, 0.686274529, 0.729411781
vb0[1285]+000 COLOR: 0.694117665, 0.223529413, 0.686274529, 0.729411781
vb0[1285]+012 TEXCOORD: 0.0124969482, 1.54980469
vb0[1285]+000 TEXCOORD1: 0.694117665, 0.223529413, 0.686274529, 0.729411781
vb0[1285]+000 TEXCOORD2: 0.694117665, 0.223529413, 0.686274529, 0.729411781
vb0[1285]+000 TEXCOORD3: 0.694117665, 0.223529413, 0.686274529, 0.729411781
vb0[1285]+000 TANGENT: 0.694117665, 0.223529413, 0.686274529, 0.729411781

vb0[1286]+000 POSITION: 0.711425781, -0.835449219, -0.0559997559, 1
vb0[1286]+000 NORMAL: 0.694117665, 0.223529413, 0.686274529, 0.729411781
vb0[1286]+000 COLOR: 0.694117665, 0.223529413, 0.686274529, 0.729411781
vb0[1286]+012 TEXCOORD: -0.0124969482, 1.54980469
vb0[1286]+000 TEXCOORD1: 0.694117665, 0.223529413, 0.686274529, 0.729411781
vb0[1286]+000 TEXCOORD2: 0.694117665, 0.223529413, 0.686274529, 0.729411781
vb0[1286]+000 TEXCOORD3: 0.694117665, 0.223529413, 0.686274529, 0.729411781
vb0[1286]+000 TANGENT: 0.694117665, 0.223529413, 0.686274529, 0.729411781

vb0[1287]+000 POSITION: 0.693847656, -0.835449219, -0.166625977, 1
vb0[1287]+000 NORMAL: 0.552941203, 0.223529413, 0.686274529, 0.729411781
vb0[1287]+000 COLOR: 0.552941203, 0.223529413, 0.686274529, 0.729411781
vb0[1287]+012 TEXCOORD: -0.0375061035, 1.54980469
vb0[1287]+000 TEXCOORD1: 0.552941203, 0.223529413, 0.686274529, 0.729411781
vb0[1287]+000 TEXCOORD2: 0.552941203, 0.223529413, 0.686274529, 0.729411781
vb0[1287]+000 TEXCOORD3: 0.552941203, 0.223529413, 0.686274529, 0.729411781
vb0[1287]+000 TANGENT: 0.552941203, 0.223529413, 0.686274529, 0.729411781

vb0[1288]+000 POSITION: 0.659179688, -0.835449219, -0.273193359, 1
vb0[1288]+000 NORMAL: 0.274509817, 0.223529413, 0.686274529, 0.729411781
vb0[1288]+000 COLOR: 0.274509817, 0.223529413, 0.686274529, 0.729411781
vb0[1288]+012 TEXCOORD: -0.0625, 1.54980469
vb0[1288]+000 TEXCOORD1: 0.274509817, 0.223529413, 0.686274529, 0.729411781
vb0[1288]+000 TEXCOORD2: 0.274509817, 0.223529413, 0.686274529, 0.729411781
vb0[1288]+000 TEXCOORD3: 0.274509817, 0.223529413, 0.686274529, 0.729411781
vb0[1288]+000 TANGENT: 0.274509817, 0.223529413, 0.686274529, 0.729411781

vb0[1289]+000 POSITION: 0.608398438, -0.835449219, -0.372802734, 1
vb0[1289]+000 NORMAL: 0.870588243, 0.219607845, 0.686274529, 0.729411781
vb0[1289]+000 COLOR: 0.870588243, 0.219607845, 0.686274529, 0.729411781
vb0[1289]+012 TEXCOORD: -0.0875244141, 1.54980469
vb0[1289]+000 TEXCOORD1: 0.870588243, 0.219607845, 0.686274529, 0.729411781
vb0[1289]+000 TEXCOORD2: 0.870588243, 0.219607845, 0.686274529, 0.729411781
vb0[1289]+000 TEXCOORD3: 0.870588243, 0.219607845, 0.686274529, 0.729411781
vb0[1289]+000 TANGENT: 0.870588243, 0.219607845, 0.686274529, 0.729411781

vb0[1290]+000 POSITION: 0.542480469, -0.835449219, -0.463378906, 1
vb0[1290]+000 NORMAL: 0.34117648, 0.219607845, 0.686274529, 0.729411781
vb0[1290]+000 COLOR: 0.34117648, 0.219607845, 0.686274529, 0.729411781
vb0[1290]+012 TEXCOORD: -0.112487793, 1.54980469
vb0[1290]+000 TEXCOORD1: 0.34117648, 0.219607845, 0.686274529, 0.729411781
vb0[1290]+000 TEXCOORD2: 0.34117648, 0.219607845, 0.686274529, 0.729411781
vb0[1290]+000 TEXCOORD3: 0.34117648, 0.219607845, 0.686274529, 0.729411781
vb0[1290]+000 TANGENT: 0.34117648, 0.219607845, 0.686274529, 0.729411781

vb0[1291]+000 POSITION: 0.463378906, -0.835449219, -0.542480469, 1
vb0[1291]+000 NORMAL: 0.41568628, 0.215686277, 0.686274529, 0.729411781
vb0[1291]+000 COLOR: 0.41568628, 0.215686277, 0.686274529, 0.729411781
vb0[1291]+012 TEXCOORD: -0.137451172, 1.54980469
vb0[1291]+000 TEXCOORD1: 0.41568628, 0.215686277, 0.686274529, 0.729411781
vb0[1291]+000 TEXCOORD2: 0.41568628, 0.215686277, 0.686274529, 0.729411781
vb0[1291]+000 TEXCOORD3: 0.41568628, 0.215686277, 0.686274529, 0.729411781
vb0[1291]+000 TANGENT: 0.41568628, 0.215686277, 0.686274529, 0.729411781

vb0[1292]+000 POSITION: 0.372802734, -0.835449219, -0.608398438, 1
vb0[1292]+000 NORMAL: 0.968627453, 0.20784314, 0.686274529, 0.729411781
vb0[1292]+000 COLOR: 0.968627453, 0.20784314, 0.686274529, 0.729411781
vb0[1292]+012 TEXCOORD: -0.162475586, 1.54980469
vb0[1292]+000 TEXCOORD1: 0.968627453, 0.20784314, 0.686274529, 0.729411781
vb0[1292]+000 TEXCOORD2: 0.968627453, 0.20784314, 0.686274529, 0.729411781
vb0[1292]+000 TEXCOORD3: 0.968627453, 0.20784314, 0.686274529, 0.729411781
vb0[1292]+000 TANGENT: 0.968627453, 0.20784314, 0.686274529, 0.729411781

vb0[1293]+000 POSITION: 0.273193359, -0.835449219, -0.659179688, 1
vb0[1293]+000 NORMAL: 0.372549027, 0.203921571, 0.686274529, 0.729411781
vb0[1293]+000 COLOR: 0.372549027, 0.203921571, 0.686274529, 0.729411781
vb0[1293]+012 TEXCOORD: -0.1875, 1.54980469
vb0[1293]+000 TEXCOORD1: 0.372549027, 0.203921571, 0.686274529, 0.729411781
vb0[1293]+000 TEXCOORD2: 0.372549027, 0.203921571, 0.686274529, 0.729411781
vb0[1293]+000 TEXCOORD3: 0.372549027, 0.203921571, 0.686274529, 0.729411781
vb0[1293]+000 TANGENT: 0.372549027, 0.203921571, 0.686274529, 0.729411781

vb0[1294]+000 POSITION: 0.166625977, -0.835449219, -0.693847656, 1
vb0[1294]+000 NORMAL: 0.333333343, 0.192156866, 0.686274529, 0.729411781
vb0[1294]+000 COLOR: 0.333333343, 0.192156866, 0.686274529, 0.729411781
vb0[1294]+012 TEXCOORD: -0.212524414, 1.54980469
vb0[1294]+000 TEXCOORD1: 0.333333343, 0.192156866, 0.686274529, 0.729411781
vb0[1294]+000 TEXCOORD2: 0.333333343, 0.192156866, 0.686274529, 0.729411781
vb0[1294]+000 TEXCOORD3: 0.333333343, 0.192156866, 0.686274529, 0.729411781
vb0[1294]+000 TANGENT: 0.333333343, 0.192156866, 0.686274529, 0.729411781

vb0[1295]+000 POSITION: 0.0559997559, -0.835449219, -0.711425781, 1
vb0[1295]+000 NORMAL: 0.168627456, 0.168627456, 0.686274529, 0.729411781
vb0[1295]+000 COLOR: 0.168627456, 0.168627456, 0.686274529, 0.729411781
vb0[1295]+012 TEXCOORD: -0.237548828, 1.54980469
vb0[1295]+000 TEXCOORD1: 0.168627456, 0.168627456, 0.686274529, 0.729411781
vb0[1295]+000 TEXCOORD2: 0.168627456, 0.168627456, 0.686274529, 0.729411781
vb0[1295]+000 TEXCOORD3: 0.168627456, 0.168627456, 0.686274529, 0.729411781
vb0[1295]+000 TANGENT: 0.168627456, 0.168627456, 0.686274529, 0.729411781

vb0[1296]+000 POSITION: -0.0559997559, -0.835449219, -0.711425781, 1
vb0[1296]+000 NORMAL: 0.168627456, 0.670588255, 0.686274529, 0.729411781
vb0[1296]+000 COLOR: 0.168627456, 0.670588255, 0.686274529, 0.729411781
vb0[1296]+012 TEXCOORD: -0.262451172, 1.54980469
vb0[1296]+000 TEXCOORD1: 0.168627456, 0.670588255, 0.686274529, 0.729411781
vb0[1296]+000 TEXCOORD2: 0.168627456, 0.670588255, 0.686274529, 0.729411781
vb0[1296]+000 TEXCOORD3: 0.168627456, 0.670588255, 0.686274529, 0.729411781
vb0[1296]+000 TANGENT: 0.168627456, 0.670588255, 0.686274529, 0.729411781

vb0[1297]+000 POSITION: -0.166625977, -0.835449219, -0.693847656, 1
vb0[1297]+000 NORMAL: 0.333333343, 0.694117665, 0.686274529, 0.729411781
vb0[1297]+000 COLOR: 0.333333343, 0.694117665, 0.686274529, 0.729411781
vb0[1297]+012 TEXCOORD: -0.287597656, 1.54980469
vb0[1297]+000 TEXCOORD1: 0.333333343, 0.694117665, 0.686274529, 0.729411781
vb0[1297]+000 TEXCOORD2: 0.333333343, 0.694117665, 0.686274529, 0.729411781
vb0[1297]+000 TEXCOORD3: 0.333333343, 0.694117665, 0.686274529, 0.729411781
vb0[1297]+000 TANGENT: 0.333333343, 0.694117665, 0.686274529, 0.729411781

vb0[1298]+000 POSITION: -0.273193359, -0.835449219, -0.659179688, 1
vb0[1298]+000 NORMAL: 0.372549027, 0.70588237, 0.686274529, 0.729411781
vb0[1298]+000 COLOR: 0.372549027, 0.70588237, 0.686274529, 0.729411781
vb0[1298]+012 TEXCOORD: -0.3125, 1.54980469
vb0[1298]+000 TEXCOORD1: 0.372549027, 0.70588237, 0.686274529, 0.729411781
vb0[1298]+000 TEXCOORD2: 0.372549027, 0.70588237, 0.686274529, 0.729411781
vb0[1298]+000 TEXCOORD3: 0.372549027, 0.70588237, 0.686274529, 0.729411781
vb0[1298]+000 TANGENT: 0.372549027, 0.70588237, 0.686274529, 0.729411781

vb0[1299]+000 POSITION: -0.372802734, -0.835449219, -0.608398438, 1
vb0[1299]+000 NORMAL: 0.968627453, 0.709803939, 0.686274529, 0.729411781
vb0[1299]+000 COLOR: 0.968627453, 0.709803939, 0.686274529, 0.729411781
vb0[1299]+012 TEXCOORD: -0.337402344, 1.54980469
vb0[1299]+000 TEXCOORD1: 0.968627453, 0.709803939, 0.686274529, 0.729411781
vb0[1299]+000 TEXCOORD2: 0.968627453, 0.709803939, 0.686274529, 0.729411781
vb0[1299]+000 TEXCOORD3: 0.968627453, 0.709803939, 0.686274529, 0.729411781
vb0[1299]+000 TANGENT: 0.968627453, 0.709803939, 0.686274529, 0.729411781

vb0[1300]+000 POSITION: -0.463378906, -0.835449219, -0.542480469, 1
vb0[1300]+000 NORMAL: 0.41568628, 0.717647076, 0.686274529, 0.729411781
vb0[1300]+000 COLOR: 0.41568628, 0.717647076, 0.686274529, 0.729411781
vb0[1300]+012 TEXCOORD: -0.362548828, 1.54980469
vb0[1300]+000 TEXCOORD1: 0.41568628, 0.717647076, 0.686274529, 0.729411781
vb0[1300]+000 TEXCOORD2: 0.41568628, 0.717647076, 0.686274529, 0.729411781
vb0[1300]+000 TEXCOORD3: 0.41568628, 0.717647076, 0.686274529, 0.729411781
vb0[1300]+000 TANGENT: 0.41568628, 0.717647076, 0.686274529, 0.729411781

vb0[1301]+000 POSITION: -0.542480469, -0.835449219, -0.463378906, 1
vb0[1301]+000 NORMAL: 0.34117648, 0.721568644, 0.686274529, 0.729411781
vb0[1301]+000 COLOR: 0.34117648, 0.721568644, 0.686274529, 0.729411781
vb0[1301]+012 TEXCOORD: -0.387451172, 1.54980469
vb0[1301]+000 TEXCOORD1: 0.34117648, 0.721568644, 0.686274529, 0.729411781
vb0[1301]+000 TEXCOORD2: 0.34117648, 0.721568644, 0.686274529, 0.729411781
vb0[1301]+000 TEXCOORD3: 0.34117648, 0.721568644, 0.686274529, 0.729411781
vb0[1301]+000 TANGENT: 0.34117648, 0.721568644, 0.686274529, 0.729411781

vb0[1302]+000 POSITION: -0.456787109, -0.889160156, -0.456787109, 1
vb0[1302]+000 NORMAL: 0.309803933, 0.717647076, 0.113725491, 0.733333349
vb0[1302]+000 COLOR: 0.309803933, 0.717647076, 0.113725491, 0.733333349
vb0[1302]+012 TEXCOORD: -0.375, 1.59960938
vb0[1302]+000 TEXCOORD1: 0.309803933, 0.717647076, 0.113725491, 0.733333349
vb0[1302]+000 TEXCOORD2: 0.309803933, 0.717647076, 0.113725491, 0.733333349
vb0[1302]+000 TEXCOORD3: 0.309803933, 0.717647076, 0.113725491, 0.733333349
vb0[1302]+000 TANGENT: 0.309803933, 0.717647076, 0.113725491, 0.733333349

vb0[1303]+000 POSITION: -0.522460938, -0.889160156, -0.379638672, 1
vb0[1303]+000 NORMAL: 0.180392161, 0.721568644, 0.113725491, 0.733333349
vb0[1303]+000 COLOR: 0.180392161, 0.721568644, 0.113725491, 0.733333349
vb0[1303]+012 TEXCOORD: -0.399902344, 1.59960938
vb0[1303]+000 TEXCOORD1: 0.180392161, 0.721568644, 0.113725491, 0.733333349
vb0[1303]+000 TEXCOORD2: 0.180392161, 0.721568644, 0.113725491, 0.733333349
vb0[1303]+000 TEXCOORD3: 0.180392161, 0.721568644, 0.113725491, 0.733333349
vb0[1303]+000 TANGENT: 0.180392161, 0.721568644, 0.113725491, 0.733333349

vb0[1304]+000 POSITION: -0.379638672, -0.889160156, -0.522460938, 1
vb0[1304]+000 NORMAL: 0.0745098069, 0.713725507, 0.113725491, 0.733333349
vb0[1304]+000 COLOR: 0.0745098069, 0.713725507, 0.113725491, 0.733333349
vb0[1304]+012 TEXCOORD: -0.350097656, 1.59960938
vb0[1304]+000 TEXCOORD1: 0.0745098069, 0.713725507, 0.113725491, 0.733333349
vb0[1304]+000 TEXCOORD2: 0.0745098069, 0.713725507, 0.113725491, 0.733333349
vb0[1304]+000 TEXCOORD3: 0.0745098069, 0.713725507, 0.113725491, 0.733333349
vb0[1304]+000 TANGENT: 0.0745098069, 0.713725507, 0.113725491, 0.733333349

vb0[1305]+000 POSITION: -0.293212891, -0.889160156, -0.575683594, 1
vb0[1305]+000 NORMAL: 0.694117665, 0.70588237, 0.113725491, 0.733333349
vb0[1305]+000 COLOR: 0.694117665, 0.70588237, 0.113725491, 0.733333349
vb0[1305]+012 TEXCOORD: -0.324951172, 1.59960938
vb0[1305]+000 TEXCOORD1: 0.694117665, 0.70588237, 0.113725491, 0.733333349
vb0[1305]+000 TEXCOORD2: 0.694117665, 0.70588237, 0.113725491, 0.733333349
vb0[1305]+000 TEXCOORD3: 0.694117665, 0.70588237, 0.113725491, 0.733333349
vb0[1305]+000 TANGENT: 0.694117665, 0.70588237, 0.113725491, 0.733333349

vb0[1306]+000 POSITION: -0.199584961, -0.889160156, -0.614257813, 1
vb0[1306]+000 NORMAL: 0.388235301, 0.698039234, 0.113725491, 0.733333349
vb0[1306]+000 COLOR: 0.388235301, 0.698039234, 0.113725491, 0.733333349
vb0[1306]+012 TEXCOORD: -0.300048828, 1.59960938
vb0[1306]+000 TEXCOORD1: 0.388235301, 0.698039234, 0.113725491, 0.733333349
vb0[1306]+000 TEXCOORD2: 0.388235301, 0.698039234, 0.113725491, 0.733333349
vb0[1306]+000 TEXCOORD3: 0.388235301, 0.698039234, 0.113725491, 0.733333349
vb0[1306]+000 TANGENT: 0.388235301, 0.698039234, 0.113725491, 0.733333349

vb0[1307]+000 POSITION: -0.101074219, -0.889160156, -0.638183594, 1
vb0[1307]+000 NORMAL: 0.470588237, 0.68235296, 0.113725491, 0.733333349
vb0[1307]+000 COLOR: 0.470588237, 0.68235296, 0.113725491, 0.733333349
vb0[1307]+012 TEXCOORD: -0.274902344, 1.59960938
vb0[1307]+000 TEXCOORD1: 0.470588237, 0.68235296, 0.113725491, 0.733333349
vb0[1307]+000 TEXCOORD2: 0.470588237, 0.68235296, 0.113725491, 0.733333349
vb0[1307]+000 TEXCOORD3: 0.470588237, 0.68235296, 0.113725491, 0.733333349
vb0[1307]+000 TANGENT: 0.470588237, 0.68235296, 0.113725491, 0.733333349

vb0[1308]+000 POSITION: -0, -0.889160156, -0.645996094, 1
vb0[1308]+000 NORMAL: 0, 0.501960814, 0.113725491, 0.733333349
vb0[1308]+000 COLOR: 0, 0.501960814, 0.113725491, 0.733333349
vb0[1308]+012 TEXCOORD: -0.25, 1.59960938
vb0[1308]+000 TEXCOORD1: 0, 0.501960814, 0.113725491, 0.733333349
vb0[1308]+000 TEXCOORD2: 0, 0.501960814, 0.113725491, 0.733333349
vb0[1308]+000 TEXCOORD3: 0, 0.501960814, 0.113725491, 0.733333349
vb0[1308]+000 TANGENT: 0, 0.501960814, 0.113725491, 0.733333349

vb0[1309]+000 POSITION: 0.101074219, -0.889160156, -0.638183594, 1
vb0[1309]+000 NORMAL: 0.470588237, 0.180392161, 0.113725491, 0.733333349
vb0[1309]+000 COLOR: 0.470588237, 0.180392161, 0.113725491, 0.733333349
vb0[1309]+012 TEXCOORD: -0.224975586, 1.59960938
vb0[1309]+000 TEXCOORD1: 0.470588237, 0.180392161, 0.113725491, 0.733333349
vb0[1309]+000 TEXCOORD2: 0.470588237, 0.180392161, 0.113725491, 0.733333349
vb0[1309]+000 TEXCOORD3: 0.470588237, 0.180392161, 0.113725491, 0.733333349
vb0[1309]+000 TANGENT: 0.470588237, 0.180392161, 0.113725491, 0.733333349

vb0[1310]+000 POSITION: 0.199584961, -0.889160156, -0.614257813, 1
vb0[1310]+000 NORMAL: 0.388235301, 0.196078435, 0.113725491, 0.733333349
vb0[1310]+000 COLOR: 0.388235301, 0.196078435, 0.113725491, 0.733333349
vb0[1310]+012 TEXCOORD: -0.199951172, 1.59960938
vb0[1310]+000 TEXCOORD1: 0.388235301, 0.196078435, 0.113725491, 0.733333349
vb0[1310]+000 TEXCOORD2: 0.388235301, 0.196078435, 0.113725491, 0.733333349
vb0[1310]+000 TEXCOORD3: 0.388235301, 0.196078435, 0.113725491, 0.733333349
vb0[1310]+000 TANGENT: 0.388235301, 0.196078435, 0.113725491, 0.733333349

vb0[1311]+000 POSITION: 0.293212891, -0.889160156, -0.575683594, 1
vb0[1311]+000 NORMAL: 0.694117665, 0.203921571, 0.113725491, 0.733333349
vb0[1311]+000 COLOR: 0.694117665, 0.203921571, 0.113725491, 0.733333349
vb0[1311]+012 TEXCOORD: -0.175048828, 1.59960938
vb0[1311]+000 TEXCOORD1: 0.694117665, 0.203921571, 0.113725491, 0.733333349
vb0[1311]+000 TEXCOORD2: 0.694117665, 0.203921571, 0.113725491, 0.733333349
vb0[1311]+000 TEXCOORD3: 0.694117665, 0.203921571, 0.113725491, 0.733333349
vb0[1311]+000 TANGENT: 0.694117665, 0.203921571, 0.113725491, 0.733333349

vb0[1312]+000 POSITION: 0.379638672, -0.889160156, -0.522460938, 1
vb0[1312]+000 NORMAL: 0.0745098069, 0.211764708, 0.113725491, 0.733333349
vb0[1312]+000 COLOR: 0.0745098069, 0.211764708, 0.113725491, 0.733333349
vb0[1312]+012 TEXCOORD: -0.150024414, 1.59960938
vb0[1312]+000 TEXCOORD1: 0.0745098069, 0.211764708, 0.113725491, 0.733333349
vb0[1312]+000 TEXCOORD2: 0.0745098069, 0.211764708, 0.113725491, 0.733333349
vb0[1312]+000 TEXCOORD3: 0.0745098069, 0.211764708, 0.113725491, 0.733333349
vb0[1312]+000 TANGENT: 0.0745098069, 0.211764708, 0.113725491, 0.733333349

vb0[1313]+000 POSITION: 0.456787109, -0.889160156, -0.456787109, 1
vb0[1313]+000 NORMAL: 0.309803933, 0.215686277, 0.113725491, 0.733333349
vb0[1313]+000 COLOR: 0.309803933, 0.215686277, 0.113725491, 0.733333349
vb0[1313]+012 TEXCOORD: -0.125, 1.59960938
vb0[1313]+000 TEXCOORD1: 0.309803933, 0.215686277, 0.113725491, 0.733333349
vb0[1313]+000 TEXCOORD2: 0.309803933, 0.215686277, 0.113725491, 0.733333349
vb0[1313]+000 TEXCOORD3: 0.309803933, 0.215686277, 0.113725491, 0.733333349
vb0[1313]+000 TANGENT: 0.309803933, 0.215686277, 0.113725491, 0.733333349

vb0[1314]+000 POSITION: 0.522460938, -0.889160156, -0.379638672, 1
vb0[1314]+000 NORMAL: 0.180392161, 0.219607845, 0.113725491, 0.733333349
vb0[1314]+000 COLOR: 0.180392161, 0.219607845, 0.113725491, 0.733333349
vb0[1314]+012 TEXCOORD: -0.0999755859, 1.59960938
vb0[1314]+000 TEXCOORD1: 0.180392161, 0.219607845, 0.113725491, 0.733333349
vb0[1314]+000 TEXCOORD2: 0.180392161, 0.219607845, 0.113725491, 0.733333349
vb0[1314]+000 TEXCOORD3: 0.180392161, 0.219607845, 0.113725491, 0.733333349
vb0[1314]+000 TANGENT: 0.180392161, 0.219607845, 0.113725491, 0.733333349

vb0[1315]+000 POSITION: 0.575683594, -0.889160156, -0.293212891, 1
vb0[1315]+000 NORMAL: 0.607843161, 0.219607845, 0.113725491, 0.733333349
vb0[1315]+000 COLOR: 0.607843161, 0.219607845, 0.113725491, 0.733333349
vb0[1315]+012 TEXCOORD: -0.075012207, 1.59960938
vb0[1315]+000 TEXCOORD1: 0.607843161, 0.219607845, 0.113725491, 0.733333349
vb0[1315]+000 TEXCOORD2: 0.607843161, 0.219607845, 0.113725491, 0.733333349
vb0[1315]+000 TEXCOORD3: 0.607843161, 0.219607845, 0.113725491, 0.733333349
vb0[1315]+000 TANGENT: 0.607843161, 0.219607845, 0.113725491, 0.733333349

vb0[1316]+000 POSITION: 0.614257813, -0.889160156, -0.199584961, 1
vb0[1316]+000 NORMAL: 0.917647064, 0.219607845, 0.113725491, 0.733333349
vb0[1316]+000 COLOR: 0.917647064, 0.219607845, 0.113725491, 0.733333349
vb0[1316]+012 TEXCOORD: -0.049987793, 1.59960938
vb0[1316]+000 TEXCOORD1: 0.917647064, 0.219607845, 0.113725491, 0.733333349
vb0[1316]+000 TEXCOORD2: 0.917647064, 0.219607845, 0.113725491, 0.733333349
vb0[1316]+000 TEXCOORD3: 0.917647064, 0.219607845, 0.113725491, 0.733333349
vb0[1316]+000 TANGENT: 0.917647064, 0.219607845, 0.113725491, 0.733333349

vb0[1317]+000 POSITION: 0.638183594, -0.889160156, -0.101074219, 1
vb0[1317]+000 NORMAL: 0.105882354, 0.223529413, 0.113725491, 0.733333349
vb0[1317]+000 COLOR: 0.105882354, 0.223529413, 0.113725491, 0.733333349
vb0[1317]+012 TEXCOORD: -0.0249938965, 1.59960938
vb0[1317]+000 TEXCOORD1: 0.105882354, 0.223529413, 0.113725491, 0.733333349
vb0[1317]+000 TEXCOORD2: 0.105882354, 0.223529413, 0.113725491, 0.733333349
vb0[1317]+000 TEXCOORD3: 0.105882354, 0.223529413, 0.113725491, 0.733333349
vb0[1317]+000 TANGENT: 0.105882354, 0.223529413, 0.113725491, 0.733333349

vb0[1318]+000 POSITION: 0.645996094, -0.889160156, -0, 1
vb0[1318]+000 NORMAL: 0.168627456, 0.223529413, 0.113725491, 0.733333349
vb0[1318]+000 COLOR: 0.168627456, 0.223529413, 0.113725491, 0.733333349
vb0[1318]+012 TEXCOORD: 0, 1.59960938
vb0[1318]+000 TEXCOORD1: 0.168627456, 0.223529413, 0.113725491, 0.733333349
vb0[1318]+000 TEXCOORD2: 0.168627456, 0.223529413, 0.113725491, 0.733333349
vb0[1318]+000 TEXCOORD3: 0.168627456, 0.223529413, 0.113725491, 0.733333349
vb0[1318]+000 TANGENT: 0.168627456, 0.223529413, 0.113725491, 0.733333349

vb0[1319]+000 POSITION: 0.638183594, -0.889160156, 0.101074219, 1
vb0[1319]+000 NORMAL: 0.105882354, 0.223529413, 0.113725491, 0.733333349
vb0[1319]+000 COLOR: 0.105882354, 0.223529413, 0.113725491, 0.733333349
vb0[1319]+012 TEXCOORD: 0.0249938965, 1.59960938
vb0[1319]+000 TEXCOORD1: 0.105882354, 0.223529413, 0.113725491, 0.733333349
vb0[1319]+000 TEXCOORD2: 0.105882354, 0.223529413, 0.113725491, 0.733333349
vb0[1319]+000 TEXCOORD3: 0.105882354, 0.223529413, 0.113725491, 0.733333349
vb0[1319]+000 TANGENT: 0.105882354, 0.223529413, 0.113725491, 0.733333349

vb0[1320]+000 POSITION: 0.614257813, -0.889160156, 0.199584961, 1
vb0[1320]+000 NORMAL: 0.917647064, 0.219607845, 0.113725491, 0.733333349
vb0[1320]+000 COLOR: 0.917647064, 0.219607845, 0.113725491, 0.733333349
vb0[1320]+012 TEXCOORD: 0.049987793, 1.59960938
vb0[1320]+000 TEXCOORD1: 0.917647064, 0.219607845, 0.113725491, 0.733333349
vb0[1320]+000 TEXCOORD2: 0.917647064, 0.219607845, 0.113725491, 0.733333349
vb0[1320]+000 TEXCOORD3: 0.917647064, 0.219607845, 0.113725491, 0.733333349
vb0[1320]+000 TANGENT: 0.917647064, 0.219607845, 0.113725491, 0.733333349

vb0[1321]+000 POSITION: 0.659179688, -0.835449219, 0.273193359, 1
vb0[1321]+000 NORMAL: 0.274509817, 0.223529413, 0.686274529, 0.729411781
vb0[1321]+000 COLOR: 0.274509817, 0.223529413, 0.686274529, 0.729411781
vb0[1321]+012 TEXCOORD: 0.0625, 1.54980469
vb0[1321]+000 TEXCOORD1: 0.274509817, 0.223529413, 0.686274529, 0.729411781
vb0[1321]+000 TEXCOORD2: 0.274509817, 0.223529413, 0.686274529, 0.729411781
vb0[1321]+000 TEXCOORD3: 0.274509817, 0.223529413, 0.686274529, 0.729411781
vb0[1321]+000 TANGENT: 0.274509817, 0.223529413, 0.686274529, 0.729411781

vb0[1322]+000 POSITION: 0.608398438, -0.835449219, 0.372802734, 1
vb0[1322]+000 NORMAL: 0.870588243, 0.219607845, 0.686274529, 0.729411781
vb0[1322]+000 COLOR: 0.870588243, 0.219607845, 0.686274529, 0.729411781
vb0[1322]+012 TEXCOORD: 0.0875244141, 1.54980469
vb0[1322]+000 TEXCOORD1: 0.870588243, 0.219607845, 0.686274529, 0.729411781
vb0[1322]+000 TEXCOORD2: 0.870588243, 0.219607845, 0.686274529, 0.729411781
vb0[1322]+000 TEXCOORD3: 0.870588243, 0.219607845, 0.686274529, 0.729411781
vb0[1322]+000 TANGENT: 0.870588243, 0.219607845, 0.686274529, 0.729411781

vb0[1323]+000 POSITION: 0.542480469, -0.835449219, 0.463378906, 1
vb0[1323]+000 NORMAL: 0.34117648, 0.219607845, 0.686274529, 0.729411781
vb0[1323]+000 COLOR: 0.34117648, 0.219607845, 0.686274529, 0.729411781
vb0[1323]+012 TEXCOORD: 0.112487793, 1.54980469
vb0[1323]+000 TEXCOORD1: 0.34117648, 0.219607845, 0.686274529, 0.729411781
vb0[1323]+000 TEXCOORD2: 0.34117648, 0.219607845, 0.686274529, 0.729411781
vb0[1323]+000 TEXCOORD3: 0.34117648, 0.219607845, 0.686274529, 0.729411781
vb0[1323]+000 TANGENT: 0.34117648, 0.219607845, 0.686274529, 0.729411781

vb0[1324]+000 POSITION: 0.463378906, -0.835449219, 0.542480469, 1
vb0[1324]+000 NORMAL: 0.41568628, 0.215686277, 0.686274529, 0.729411781
vb0[1324]+000 COLOR: 0.41568628, 0.215686277, 0.686274529, 0.729411781
vb0[1324]+012 TEXCOORD: 0.137451172, 1.54980469
vb0[1324]+000 TEXCOORD1: 0.41568628, 0.215686277, 0.686274529, 0.729411781
vb0[1324]+000 TEXCOORD2: 0.41568628, 0.215686277, 0.686274529, 0.729411781
vb0[1324]+000 TEXCOORD3: 0.41568628, 0.215686277, 0.686274529, 0.729411781
vb0[1324]+000 TANGENT: 0.41568628, 0.215686277, 0.686274529, 0.729411781

vb0[1325]+000 POSITION: 0.372802734, -0.835449219, 0.608398438, 1
vb0[1325]+000 NORMAL: 0.968627453, 0.20784314, 0.686274529, 0.729411781
vb0[1325]+000 COLOR: 0.968627453, 0.20784314, 0.686274529, 0.729411781
vb0[1325]+012 TEXCOORD: 0.162475586, 1.54980469
vb0[1325]+000 TEXCOORD1: 0.968627453, 0.20784314, 0.686274529, 0.729411781
vb0[1325]+000 TEXCOORD2: 0.968627453, 0.20784314, 0.686274529, 0.729411781
vb0[1325]+000 TEXCOORD3: 0.968627453, 0.20784314, 0.686274529, 0.729411781
vb0[1325]+000 TANGENT: 0.968627453, 0.20784314, 0.686274529, 0.729411781

vb0[1326]+000 POSITION: 0.273193359, -0.835449219, 0.659179688, 1
vb0[1326]+000 NORMAL: 0.372549027, 0.203921571, 0.686274529, 0.729411781
vb0[1326]+000 COLOR: 0.372549027, 0.203921571, 0.686274529, 0.729411781
vb0[1326]+012 TEXCOORD: 0.1875, 1.54980469
vb0[1326]+000 TEXCOORD1: 0.372549027, 0.203921571, 0.686274529, 0.729411781
vb0[1326]+000 TEXCOORD2: 0.372549027, 0.203921571, 0.686274529, 0.729411781
vb0[1326]+000 TEXCOORD3: 0.372549027, 0.203921571, 0.686274529, 0.729411781
vb0[1326]+000 TANGENT: 0.372549027, 0.203921571, 0.686274529, 0.729411781

vb0[1327]+000 POSITION: 0.166625977, -0.835449219, 0.693847656, 1
vb0[1327]+000 NORMAL: 0.333333343, 0.192156866, 0.686274529, 0.729411781
vb0[1327]+000 COLOR: 0.333333343, 0.192156866, 0.686274529, 0.729411781
vb0[1327]+012 TEXCOORD: 0.212524414, 1.54980469
vb0[1327]+000 TEXCOORD1: 0.333333343, 0.192156866, 0.686274529, 0.729411781
vb0[1327]+000 TEXCOORD2: 0.333333343, 0.192156866, 0.686274529, 0.729411781
vb0[1327]+000 TEXCOORD3: 0.333333343, 0.192156866, 0.686274529, 0.729411781
vb0[1327]+000 TANGENT: 0.333333343, 0.192156866, 0.686274529, 0.729411781

vb0[1328]+000 POSITION: 0.0559997559, -0.835449219, 0.711425781, 1
vb0[1328]+000 NORMAL: 0.168627456, 0.168627456, 0.686274529, 0.729411781
vb0[1328]+000 COLOR: 0.168627456, 0.168627456, 0.686274529, 0.729411781
vb0[1328]+012 TEXCOORD: 0.237548828, 1.54980469
vb0[1328]+000 TEXCOORD1: 0.168627456, 0.168627456, 0.686274529, 0.729411781
vb0[1328]+000 TEXCOORD2: 0.168627456, 0.168627456, 0.686274529, 0.729411781
vb0[1328]+000 TEXCOORD3: 0.168627456, 0.168627456, 0.686274529, 0.729411781
vb0[1328]+000 TANGENT: 0.168627456, 0.168627456, 0.686274529, 0.729411781

vb0[1329]+000 POSITION: -0.0559997559, -0.835449219, 0.711425781, 1
vb0[1329]+000 NORMAL: 0.168627456, 0.670588255, 0.686274529, 0.729411781
vb0[1329]+000 COLOR: 0.168627456, 0.670588255, 0.686274529, 0.729411781
vb0[1329]+012 TEXCOORD: 0.262451172, 1.54980469
vb0[1329]+000 TEXCOORD1: 0.168627456, 0.670588255, 0.686274529, 0.729411781
vb0[1329]+000 TEXCOORD2: 0.168627456, 0.670588255, 0.686274529, 0.729411781
vb0[1329]+000 TEXCOORD3: 0.168627456, 0.670588255, 0.686274529, 0.729411781
vb0[1329]+000 TANGENT: 0.168627456, 0.670588255, 0.686274529, 0.729411781

vb0[1330]+000 POSITION: -0.166625977, -0.835449219, 0.693847656, 1
vb0[1330]+000 NORMAL: 0.333333343, 0.694117665, 0.686274529, 0.729411781
vb0[1330]+000 COLOR: 0.333333343, 0.694117665, 0.686274529, 0.729411781
vb0[1330]+012 TEXCOORD: 0.287597656, 1.54980469
vb0[1330]+000 TEXCOORD1: 0.333333343, 0.694117665, 0.686274529, 0.729411781
vb0[1330]+000 TEXCOORD2: 0.333333343, 0.694117665, 0.686274529, 0.729411781
vb0[1330]+000 TEXCOORD3: 0.333333343, 0.694117665, 0.686274529, 0.729411781
vb0[1330]+000 TANGENT: 0.333333343, 0.694117665, 0.686274529, 0.729411781

vb0[1331]+000 POSITION: -0.273193359, -0.835449219, 0.659179688, 1
vb0[1331]+000 NORMAL: 0.372549027, 0.70588237, 0.686274529, 0.729411781
vb0[1331]+000 COLOR: 0.372549027, 0.70588237, 0.686274529, 0.729411781
vb0[1331]+012 TEXCOORD: 0.3125, 1.54980469
vb0[1331]+000 TEXCOORD1: 0.372549027, 0.70588237, 0.686274529, 0.729411781
vb0[1331]+000 TEXCOORD2: 0.372549027, 0.70588237, 0.686274529, 0.729411781
vb0[1331]+000 TEXCOORD3: 0.372549027, 0.70588237, 0.686274529, 0.729411781
vb0[1331]+000 TANGENT: 0.372549027, 0.70588237, 0.686274529, 0.729411781

vb0[1332]+000 POSITION: 0.293212891, -0.889160156, 0.575683594, 1
vb0[1332]+000 NORMAL: 0.694117665, 0.203921571, 0.113725491, 0.733333349
vb0[1332]+000 COLOR: 0.694117665, 0.203921571, 0.113725491, 0.733333349
vb0[1332]+012 TEXCOORD: 0.175048828, 1.59960938
vb0[1332]+000 TEXCOORD1: 0.694117665, 0.203921571, 0.113725491, 0.733333349
vb0[1332]+000 TEXCOORD2: 0.694117665, 0.203921571, 0.113725491, 0.733333349
vb0[1332]+000 TEXCOORD3: 0.694117665, 0.203921571, 0.113725491, 0.733333349
vb0[1332]+000 TANGENT: 0.694117665, 0.203921571, 0.113725491, 0.733333349

vb0[1333]+000 POSITION: 0.379638672, -0.889160156, 0.522460938, 1
vb0[1333]+000 NORMAL: 0.0745098069, 0.211764708, 0.113725491, 0.733333349
vb0[1333]+000 COLOR: 0.0745098069, 0.211764708, 0.113725491, 0.733333349
vb0[1333]+012 TEXCOORD: 0.150024414, 1.59960938
vb0[1333]+000 TEXCOORD1: 0.0745098069, 0.211764708, 0.113725491, 0.733333349
vb0[1333]+000 TEXCOORD2: 0.0745098069, 0.211764708, 0.113725491, 0.733333349
vb0[1333]+000 TEXCOORD3: 0.0745098069, 0.211764708, 0.113725491, 0.733333349
vb0[1333]+000 TANGENT: 0.0745098069, 0.211764708, 0.113725491, 0.733333349

vb0[1334]+000 POSITION: 0.199584961, -0.889160156, 0.614257813, 1
vb0[1334]+000 NORMAL: 0.388235301, 0.196078435, 0.113725491, 0.733333349
vb0[1334]+000 COLOR: 0.388235301, 0.196078435, 0.113725491, 0.733333349
vb0[1334]+012 TEXCOORD: 0.199951172, 1.59960938
vb0[1334]+000 TEXCOORD1: 0.388235301, 0.196078435, 0.113725491, 0.733333349
vb0[1334]+000 TEXCOORD2: 0.388235301, 0.196078435, 0.113725491, 0.733333349
vb0[1334]+000 TEXCOORD3: 0.388235301, 0.196078435, 0.113725491, 0.733333349
vb0[1334]+000 TANGENT: 0.388235301, 0.196078435, 0.113725491, 0.733333349

vb0[1335]+000 POSITION: 0.101074219, -0.889160156, 0.638183594, 1
vb0[1335]+000 NORMAL: 0.470588237, 0.180392161, 0.113725491, 0.733333349
vb0[1335]+000 COLOR: 0.470588237, 0.180392161, 0.113725491, 0.733333349
vb0[1335]+012 TEXCOORD: 0.224975586, 1.59960938
vb0[1335]+000 TEXCOORD1: 0.470588237, 0.180392161, 0.113725491, 0.733333349
vb0[1335]+000 TEXCOORD2: 0.470588237, 0.180392161, 0.113725491, 0.733333349
vb0[1335]+000 TEXCOORD3: 0.470588237, 0.180392161, 0.113725491, 0.733333349
vb0[1335]+000 TANGENT: 0.470588237, 0.180392161, 0.113725491, 0.733333349

vb0[1336]+000 POSITION: -0, -0.889160156, 0.645996094, 1
vb0[1336]+000 NORMAL: 0, 0.501960814, 0.113725491, 0.733333349
vb0[1336]+000 COLOR: 0, 0.501960814, 0.113725491, 0.733333349
vb0[1336]+012 TEXCOORD: 0.25, 1.59960938
vb0[1336]+000 TEXCOORD1: 0, 0.501960814, 0.113725491, 0.733333349
vb0[1336]+000 TEXCOORD2: 0, 0.501960814, 0.113725491, 0.733333349
vb0[1336]+000 TEXCOORD3: 0, 0.501960814, 0.113725491, 0.733333349
vb0[1336]+000 TANGENT: 0, 0.501960814, 0.113725491, 0.733333349

vb0[1337]+000 POSITION: -0.101074219, -0.889160156, 0.638183594, 1
vb0[1337]+000 NORMAL: 0.470588237, 0.68235296, 0.113725491, 0.733333349
vb0[1337]+000 COLOR: 0.470588237, 0.68235296, 0.113725491, 0.733333349
vb0[1337]+012 TEXCOORD: 0.274902344, 1.59960938
vb0[1337]+000 TEXCOORD1: 0.470588237, 0.68235296, 0.113725491, 0.733333349
vb0[1337]+000 TEXCOORD2: 0.470588237, 0.68235296, 0.113725491, 0.733333349
vb0[1337]+000 TEXCOORD3: 0.470588237, 0.68235296, 0.113725491, 0.733333349
vb0[1337]+000 TANGENT: 0.470588237, 0.68235296, 0.113725491, 0.733333349

vb0[1338]+000 POSITION: -0.199584961, -0.889160156, 0.614257813, 1
vb0[1338]+000 NORMAL: 0.388235301, 0.698039234, 0.113725491, 0.733333349
vb0[1338]+000 COLOR: 0.388235301, 0.698039234, 0.113725491, 0.733333349
vb0[1338]+012 TEXCOORD: 0.300048828, 1.59960938
vb0[1338]+000 TEXCOORD1: 0.388235301, 0.698039234, 0.113725491, 0.733333349
vb0[1338]+000 TEXCOORD2: 0.388235301, 0.698039234, 0.113725491, 0.733333349
vb0[1338]+000 TEXCOORD3: 0.388235301, 0.698039234, 0.113725491, 0.733333349
vb0[1338]+000 TANGENT: 0.388235301, 0.698039234, 0.113725491, 0.733333349

vb0[1339]+000 POSITION: -0.293212891, -0.889160156, 0.575683594, 1
vb0[1339]+000 NORMAL: 0.694117665, 0.70588237, 0.113725491, 0.733333349
vb0[1339]+000 COLOR: 0.694117665, 0.70588237, 0.113725491, 0.733333349
vb0[1339]+012 TEXCOORD: 0.324951172, 1.59960938
vb0[1339]+000 TEXCOORD1: 0.694117665, 0.70588237, 0.113725491, 0.733333349
vb0[1339]+000 TEXCOORD2: 0.694117665, 0.70588237, 0.113725491, 0.733333349
vb0[1339]+000 TEXCOORD3: 0.694117665, 0.70588237, 0.113725491, 0.733333349
vb0[1339]+000 TANGENT: 0.694117665, 0.70588237, 0.113725491, 0.733333349

vb0[1340]+000 POSITION: -0.379638672, -0.889160156, 0.522460938, 1
vb0[1340]+000 NORMAL: 0.0745098069, 0.713725507, 0.113725491, 0.733333349
vb0[1340]+000 COLOR: 0.0745098069, 0.713725507, 0.113725491, 0.733333349
vb0[1340]+012 TEXCOORD: 0.350097656, 1.59960938
vb0[1340]+000 TEXCOORD1: 0.0745098069, 0.713725507, 0.113725491, 0.733333349
vb0[1340]+000 TEXCOORD2: 0.0745098069, 0.713725507, 0.113725491, 0.733333349
vb0[1340]+000 TEXCOORD3: 0.0745098069, 0.713725507, 0.113725491, 0.733333349
vb0[1340]+000 TANGENT: 0.0745098069, 0.713725507, 0.113725491, 0.733333349

vb0[1341]+000 POSITION: -0.456787109, -0.889160156, 0.456787109, 1
vb0[1341]+000 NORMAL: 0.309803933, 0.717647076, 0.113725491, 0.733333349
vb0[1341]+000 COLOR: 0.309803933, 0.717647076, 0.113725491, 0.733333349
vb0[1341]+012 TEXCOORD: 0.375, 1.59960938
vb0[1341]+000 TEXCOORD1: 0.309803933, 0.717647076, 0.113725491, 0.733333349
vb0[1341]+000 TEXCOORD2: 0.309803933, 0.717647076, 0.113725491, 0.733333349
vb0[1341]+000 TEXCOORD3: 0.309803933, 0.717647076, 0.113725491, 0.733333349
vb0[1341]+000 TANGENT: 0.309803933, 0.717647076, 0.113725491, 0.733333349

vb0[1342]+000 POSITION: -0.522460938, -0.889160156, 0.379638672, 1
vb0[1342]+000 NORMAL: 0.180392161, 0.721568644, 0.113725491, 0.733333349
vb0[1342]+000 COLOR: 0.180392161, 0.721568644, 0.113725491, 0.733333349
vb0[1342]+012 TEXCOORD: 0.399902344, 1.59960938
vb0[1342]+000 TEXCOORD1: 0.180392161, 0.721568644, 0.113725491, 0.733333349
vb0[1342]+000 TEXCOORD2: 0.180392161, 0.721568644, 0.113725491, 0.733333349
vb0[1342]+000 TEXCOORD3: 0.180392161, 0.721568644, 0.113725491, 0.733333349
vb0[1342]+000 TANGENT: 0.180392161, 0.721568644, 0.113725491, 0.733333349

vb0[1343]+000 POSITION: -0.575683594, -0.889160156, 0.293212891, 1
vb0[1343]+000 NORMAL: 0.607843161, 0.721568644, 0.113725491, 0.733333349
vb0[1343]+000 COLOR: 0.607843161, 0.721568644, 0.113725491, 0.733333349
vb0[1343]+012 TEXCOORD: 0.425048828, 1.59960938
vb0[1343]+000 TEXCOORD1: 0.607843161, 0.721568644, 0.113725491, 0.733333349
vb0[1343]+000 TEXCOORD2: 0.607843161, 0.721568644, 0.113725491, 0.733333349
vb0[1343]+000 TEXCOORD3: 0.607843161, 0.721568644, 0.113725491, 0.733333349
vb0[1343]+000 TANGENT: 0.607843161, 0.721568644, 0.113725491, 0.733333349

vb0[1344]+000 POSITION: -0.614257813, -0.889160156, 0.199584961, 1
vb0[1344]+000 NORMAL: 0.917647064, 0.721568644, 0.113725491, 0.733333349
vb0[1344]+000 COLOR: 0.917647064, 0.721568644, 0.113725491, 0.733333349
vb0[1344]+012 TEXCOORD: 0.449951172, 1.59960938
vb0[1344]+000 TEXCOORD1: 0.917647064, 0.721568644, 0.113725491, 0.733333349
vb0[1344]+000 TEXCOORD2: 0.917647064, 0.721568644, 0.113725491, 0.733333349
vb0[1344]+000 TEXCOORD3: 0.917647064, 0.721568644, 0.113725491, 0.733333349
vb0[1344]+000 TANGENT: 0.917647064, 0.721568644, 0.113725491, 0.733333349

vb0[1345]+000 POSITION: -0.638183594, -0.889160156, 0.101074219, 1
vb0[1345]+000 NORMAL: 0.105882354, 0.725490212, 0.113725491, 0.733333349
vb0[1345]+000 COLOR: 0.105882354, 0.725490212, 0.113725491, 0.733333349
vb0[1345]+012 TEXCOORD: 0.475097656, 1.59960938
vb0[1345]+000 TEXCOORD1: 0.105882354, 0.725490212, 0.113725491, 0.733333349
vb0[1345]+000 TEXCOORD2: 0.105882354, 0.725490212, 0.113725491, 0.733333349
vb0[1345]+000 TEXCOORD3: 0.105882354, 0.725490212, 0.113725491, 0.733333349
vb0[1345]+000 TANGENT: 0.105882354, 0.725490212, 0.113725491, 0.733333349

vb0[1346]+000 POSITION: -0.134033203, -0.937011719, 0.558105469, 1
vb0[1346]+000 NORMAL: 0.290196091, 0.690196097, 0.498039216, 0.733333349
vb0[1346]+000 COLOR: 0.290196091, 0.690196097, 0.498039216, 0.733333349
vb0[1346]+012 TEXCOORD: 0.287597656, 1.65039063
vb0[1346]+000 TEXCOORD1: 0.290196091, 0.690196097, 0.498039216, 0.733333349
vb0[1346]+000 TEXCOORD2: 0.290196091, 0.690196097, 0.498039216, 0.733333349
vb0[1346]+000 TEXCOORD3: 0.290196091, 0.690196097, 0.498039216, 0.733333349
vb0[1346]+000 TANGENT: 0.290196091, 0.690196097, 0.498039216, 0.733333349

vb0[1347]+000 POSITION: -0.219726563, -0.937011719, 0.530273438, 1
vb0[1347]+000 NORMAL: 0.0313725509, 0.701960802, 0.498039216, 0.733333349
vb0[1347]+000 COLOR: 0.0313725509, 0.701960802, 0.498039216, 0.733333349
vb0[1347]+012 TEXCOORD: 0.3125, 1.65039063
vb0[1347]+000 TEXCOORD1: 0.0313725509, 0.701960802, 0.498039216, 0.733333349
vb0[1347]+000 TEXCOORD2: 0.0313725509, 0.701960802, 0.498039216, 0.733333349
vb0[1347]+000 TEXCOORD3: 0.0313725509, 0.701960802, 0.498039216, 0.733333349
vb0[1347]+000 TANGENT: 0.0313725509, 0.701960802, 0.498039216, 0.733333349

vb0[1348]+000 POSITION: -0.372802734, -0.937011719, 0.436523438, 1
vb0[1348]+000 NORMAL: 0.968627453, 0.709803939, 0.498039216, 0.733333349
vb0[1348]+000 COLOR: 0.968627453, 0.709803939, 0.498039216, 0.733333349
vb0[1348]+012 TEXCOORD: 0.362548828, 1.65039063
vb0[1348]+000 TEXCOORD1: 0.968627453, 0.709803939, 0.498039216, 0.733333349
vb0[1348]+000 TEXCOORD2: 0.968627453, 0.709803939, 0.498039216, 0.733333349
vb0[1348]+000 TEXCOORD3: 0.968627453, 0.709803939, 0.498039216, 0.733333349
vb0[1348]+000 TANGENT: 0.968627453, 0.709803939, 0.498039216, 0.733333349

vb0[1349]+000 POSITION: -0.436523438, -0.937011719, 0.372802734, 1
vb0[1349]+000 NORMAL: 0.988235295, 0.713725507, 0.498039216, 0.733333349
vb0[1349]+000 COLOR: 0.988235295, 0.713725507, 0.498039216, 0.733333349
vb0[1349]+012 TEXCOORD: 0.387451172, 1.65039063
vb0[1349]+000 TEXCOORD1: 0.988235295, 0.713725507, 0.498039216, 0.733333349
vb0[1349]+000 TEXCOORD2: 0.988235295, 0.713725507, 0.498039216, 0.733333349
vb0[1349]+000 TEXCOORD3: 0.988235295, 0.713725507, 0.498039216, 0.733333349
vb0[1349]+000 TANGENT: 0.988235295, 0.713725507, 0.498039216, 0.733333349

vb0[1350]+000 POSITION: -0.489501953, -0.937011719, 0.300048828, 1
vb0[1350]+000 NORMAL: 0.835294127, 0.717647076, 0.498039216, 0.733333349
vb0[1350]+000 COLOR: 0.835294127, 0.717647076, 0.498039216, 0.733333349
vb0[1350]+012 TEXCOORD: 0.412597656, 1.65039063
vb0[1350]+000 TEXCOORD1: 0.835294127, 0.717647076, 0.498039216, 0.733333349
vb0[1350]+000 TEXCOORD2: 0.835294127, 0.717647076, 0.498039216, 0.733333349
vb0[1350]+000 TEXCOORD3: 0.835294127, 0.717647076, 0.498039216, 0.733333349
vb0[1350]+000 TANGENT: 0.835294127, 0.717647076, 0.498039216, 0.733333349

vb0[1351]+000 POSITION: -0.530273438, -0.937011719, 0.219726563, 1
vb0[1351]+000 NORMAL: 0.243137255, 0.721568644, 0.498039216, 0.733333349
vb0[1351]+000 COLOR: 0.243137255, 0.721568644, 0.498039216, 0.733333349
vb0[1351]+012 TEXCOORD: 0.4375, 1.65039063
vb0[1351]+000 TEXCOORD1: 0.243137255, 0.721568644, 0.498039216, 0.733333349
vb0[1351]+000 TEXCOORD2: 0.243137255, 0.721568644, 0.498039216, 0.733333349
vb0[1351]+000 TEXCOORD3: 0.243137255, 0.721568644, 0.498039216, 0.733333349
vb0[1351]+000 TANGENT: 0.243137255, 0.721568644, 0.498039216, 0.733333349

vb0[1352]+000 POSITION: -0.558105469, -0.937011719, 0.134033203, 1
vb0[1352]+000 NORMAL: 0.466666669, 0.721568644, 0.498039216, 0.733333349
vb0[1352]+000 COLOR: 0.466666669, 0.721568644, 0.498039216, 0.733333349
vb0[1352]+012 TEXCOORD: 0.462402344, 1.65039063
vb0[1352]+000 TEXCOORD1: 0.466666669, 0.721568644, 0.498039216, 0.733333349
vb0[1352]+000 TEXCOORD2: 0.466666669, 0.721568644, 0.498039216, 0.733333349
vb0[1352]+000 TEXCOORD3: 0.466666669, 0.721568644, 0.498039216, 0.733333349
vb0[1352]+000 TANGENT: 0.466666669, 0.721568644, 0.498039216, 0.733333349

vb0[1353]+000 POSITION: -0.572265625, -0.937011719, 0.0450439453, 1
vb0[1353]+000 NORMAL: 0.580392182, 0.721568644, 0.498039216, 0.733333349
vb0[1353]+000 COLOR: 0.580392182, 0.721568644, 0.498039216, 0.733333349
vb0[1353]+012 TEXCOORD: 0.487548828, 1.65039063
vb0[1353]+000 TEXCOORD1: 0.580392182, 0.721568644, 0.498039216, 0.733333349
vb0[1353]+000 TEXCOORD2: 0.580392182, 0.721568644, 0.498039216, 0.733333349
vb0[1353]+000 TEXCOORD3: 0.580392182, 0.721568644, 0.498039216, 0.733333349
vb0[1353]+000 TANGENT: 0.580392182, 0.721568644, 0.498039216, 0.733333349

vb0[1354]+000 POSITION: -0.572265625, -0.937011719, -0.0450439453, 1
vb0[1354]+000 NORMAL: 0.580392182, 0.721568644, 0.498039216, 0.733333349
vb0[1354]+000 COLOR: 0.580392182, 0.721568644, 0.498039216, 0.733333349
vb0[1354]+012 TEXCOORD: 0.512695313, 1.65039063
vb0[1354]+000 TEXCOORD1: 0.580392182, 0.721568644, 0.498039216, 0.733333349
vb0[1354]+000 TEXCOORD2: 0.580392182, 0.721568644, 0.498039216, 0.733333349
vb0[1354]+000 TEXCOORD3: 0.580392182, 0.721568644, 0.498039216, 0.733333349
vb0[1354]+000 TANGENT: 0.580392182, 0.721568644, 0.498039216, 0.733333349

vb0[1355]+000 POSITION: -0.558105469, -0.937011719, -0.134033203, 1
vb0[1355]+000 NORMAL: 0.466666669, 0.721568644, 0.498039216, 0.733333349
vb0[1355]+000 COLOR: 0.466666669, 0.721568644, 0.498039216, 0.733333349
vb0[1355]+012 TEXCOORD: 0.537597656, 1.65039063
vb0[1355]+000 TEXCOORD1: 0.466666669, 0.721568644, 0.498039216, 0.733333349
vb0[1355]+000 TEXCOORD2: 0.466666669, 0.721568644, 0.498039216, 0.733333349
vb0[1355]+000 TEXCOORD3: 0.466666669, 0.721568644, 0.498039216, 0.733333349
vb0[1355]+000 TANGENT: 0.466666669, 0.721568644, 0.498039216, 0.733333349

vb0[1356]+000 POSITION: -0.614257813, -0.889160156, -0.199584961, 1
vb0[1356]+000 NORMAL: 0.917647064, 0.721568644, 0.113725491, 0.733333349
vb0[1356]+000 COLOR: 0.917647064, 0.721568644, 0.113725491, 0.733333349
vb0[1356]+012 TEXCOORD: 0.549804688, 1.59960938
vb0[1356]+000 TEXCOORD1: 0.917647064, 0.721568644, 0.113725491, 0.733333349
vb0[1356]+000 TEXCOORD2: 0.917647064, 0.721568644, 0.113725491, 0.733333349
vb0[1356]+000 TEXCOORD3: 0.917647064, 0.721568644, 0.113725491, 0.733333349
vb0[1356]+000 TANGENT: 0.917647064, 0.721568644, 0.113725491, 0.733333349

vb0[1357]+000 POSITION: -0.575683594, -0.889160156, -0.293212891, 1
vb0[1357]+000 NORMAL: 0.607843161, 0.721568644, 0.113725491, 0.733333349
vb0[1357]+000 COLOR: 0.607843161, 0.721568644, 0.113725491, 0.733333349
vb0[1357]+012 TEXCOORD: 0.575195313, 1.59960938
vb0[1357]+000 TEXCOORD1: 0.607843161, 0.721568644, 0.113725491, 0.733333349
vb0[1357]+000 TEXCOORD2: 0.607843161, 0.721568644, 0.113725491, 0.733333349
vb0[1357]+000 TEXCOORD3: 0.607843161, 0.721568644, 0.113725491, 0.733333349
vb0[1357]+000 TANGENT: 0.607843161, 0.721568644, 0.113725491, 0.733333349

vb0[1358]+000 POSITION: -0.522460938, -0.889160156, -0.379638672, 1
vb0[1358]+000 NORMAL: 0.180392161, 0.721568644, 0.113725491, 0.733333349
vb0[1358]+000 COLOR: 0.180392161, 0.721568644, 0.113725491, 0.733333349
vb0[1358]+012 TEXCOORD: 0.600097656, 1.59960938
vb0[1358]+000 TEXCOORD1: 0.180392161, 0.721568644, 0.113725491, 0.733333349
vb0[1358]+000 TEXCOORD2: 0.180392161, 0.721568644, 0.113725491, 0.733333349
vb0[1358]+000 TEXCOORD3: 0.180392161, 0.721568644, 0.113725491, 0.733333349
vb0[1358]+000 TANGENT: 0.180392161, 0.721568644, 0.113725491, 0.733333349

vb0[1359]+000 POSITION: -0.530273438, -0.937011719, -0.219726563, 1
vb0[1359]+000 NORMAL: 0.243137255, 0.721568644, 0.498039216, 0.733333349
vb0[1359]+000 COLOR: 0.243137255, 0.721568644, 0.498039216, 0.733333349
vb0[1359]+012 TEXCOORD: 0.5625, 1.65039063
vb0[1359]+000 TEXCOORD1: 0.243137255, 0.721568644, 0.498039216, 0.733333349
vb0[1359]+000 TEXCOORD2: 0.243137255, 0.721568644, 0.498039216, 0.733333349
vb0[1359]+000 TEXCOORD3: 0.243137255, 0.721568644, 0.498039216, 0.733333349
vb0[1359]+000 TANGENT: 0.243137255, 0.721568644, 0.498039216, 0.733333349

vb0[1360]+000 POSITION: -0.489501953, -0.937011719, -0.300048828, 1
vb0[1360]+000 NORMAL: 0.835294127, 0.717647076, 0.498039216, 0.733333349
vb0[1360]+000 COLOR: 0.835294127, 0.717647076, 0.498039216, 0.733333349
vb0[1360]+012 TEXCOORD: 0.587402344, 1.65039063
vb0[1360]+000 TEXCOORD1: 0.835294127, 0.717647076, 0.498039216, 0.733333349
vb0[1360]+000 TEXCOORD2: 0.835294127, 0.717647076, 0.498039216, 0.733333349
vb0[1360]+000 TEXCOORD3: 0.835294127, 0.717647076, 0.498039216, 0.733333349
vb0[1360]+000 TANGENT: 0.835294127, 0.717647076, 0.498039216, 0.733333349

vb0[1361]+000 POSITION: -0.444580078, -0.979003906, 0.22644043, 1
vb0[1361]+000 NORMAL: 0.113725491, 0.717647076, 0.835294127, 0.733333349
vb0[1361]+000 COLOR: 0.113725491, 0.717647076, 0.835294127, 0.733333349
vb0[1361]+012 TEXCOORD: 0.425048828, 1.70019531
vb0[1361]+000 TEXCOORD1: 0.113725491, 0.717647076, 0.835294127, 0.733333349
vb0[1361]+000 TEXCOORD2: 0.113725491, 0.717647076, 0.835294127, 0.733333349
vb0[1361]+000 TEXCOORD3: 0.113725491, 0.717647076, 0.835294127, 0.733333349
vb0[1361]+000 TANGENT: 0.113725491, 0.717647076, 0.835294127, 0.733333349

vb0[1362]+000 POSITION: -0.474365234, -0.979003906, 0.154174805, 1
vb0[1362]+000 NORMAL: 0.592156887, 0.717647076, 0.835294127, 0.733333349
vb0[1362]+000 COLOR: 0.592156887, 0.717647076, 0.835294127, 0.733333349
vb0[1362]+012 TEXCOORD: 0.449951172, 1.70019531
vb0[1362]+000 TEXCOORD1: 0.592156887, 0.717647076, 0.835294127, 0.733333349
vb0[1362]+000 TEXCOORD2: 0.592156887, 0.717647076, 0.835294127, 0.733333349
vb0[1362]+000 TEXCOORD3: 0.592156887, 0.717647076, 0.835294127, 0.733333349
vb0[1362]+000 TANGENT: 0.592156887, 0.717647076, 0.835294127, 0.733333349

vb0[1363]+000 POSITION: -0.498779297, -0.979003906, -1.1479437e-41, 1
vb0[1363]+000 NORMAL: 0.984313726, 0.717647076, 0.835294127, 0.733333349
vb0[1363]+000 COLOR: 0.984313726, 0.717647076, 0.835294127, 0.733333349
vb0[1363]+012 TEXCOORD: 0.5, 1.70019531
vb0[1363]+000 TEXCOORD1: 0.984313726, 0.717647076, 0.835294127, 0.733333349
vb0[1363]+000 TEXCOORD2: 0.984313726, 0.717647076, 0.835294127, 0.733333349
vb0[1363]+000 TEXCOORD3: 0.984313726, 0.717647076, 0.835294127, 0.733333349
vb0[1363]+000 TANGENT: 0.984313726, 0.717647076, 0.835294127, 0.733333349

vb0[1364]+000 POSITION: -0.492675781, -0.979003906, -0.0780639648, 1
vb0[1364]+000 NORMAL: 0.886274517, 0.717647076, 0.835294127, 0.733333349
vb0[1364]+000 COLOR: 0.886274517, 0.717647076, 0.835294127, 0.733333349
vb0[1364]+012 TEXCOORD: 0.524902344, 1.70019531
vb0[1364]+000 TEXCOORD1: 0.886274517, 0.717647076, 0.835294127, 0.733333349
vb0[1364]+000 TEXCOORD2: 0.886274517, 0.717647076, 0.835294127, 0.733333349
vb0[1364]+000 TEXCOORD3: 0.886274517, 0.717647076, 0.835294127, 0.733333349
vb0[1364]+000 TANGENT: 0.886274517, 0.717647076, 0.835294127, 0.733333349

vb0[1365]+000 POSITION: -0.474365234, -0.979003906, -0.154174805, 1
vb0[1365]+000 NORMAL: 0.592156887, 0.717647076, 0.835294127, 0.733333349
vb0[1365]+000 COLOR: 0.592156887, 0.717647076, 0.835294127, 0.733333349
vb0[1365]+012 TEXCOORD: 0.549804688, 1.70019531
vb0[1365]+000 TEXCOORD1: 0.592156887, 0.717647076, 0.835294127, 0.733333349
vb0[1365]+000 TEXCOORD2: 0.592156887, 0.717647076, 0.835294127, 0.733333349
vb0[1365]+000 TEXCOORD3: 0.592156887, 0.717647076, 0.835294127, 0.733333349
vb0[1365]+000 TANGENT: 0.592156887, 0.717647076, 0.835294127, 0.733333349

vb0[1366]+000 POSITION: -0.444580078, -0.979003906, -0.22644043, 1
vb0[1366]+000 NORMAL: 0.113725491, 0.717647076, 0.835294127, 0.733333349
vb0[1366]+000 COLOR: 0.113725491, 0.717647076, 0.835294127, 0.733333349
vb0[1366]+012 TEXCOORD: 0.575195313, 1.70019531
vb0[1366]+000 TEXCOORD1: 0.113725491, 0.717647076, 0.835294127, 0.733333349
vb0[1366]+000 TEXCOORD2: 0.113725491, 0.717647076, 0.835294127, 0.733333349
vb0[1366]+000 TEXCOORD3: 0.113725491, 0.717647076, 0.835294127, 0.733333349
vb0[1366]+000 TANGENT: 0.113725491, 0.717647076, 0.835294127, 0.733333349

vb0[1367]+000 POSITION: -0.388427734, -1.015625, 0.160888672, 1
vb0[1367]+000 NORMAL: 0.215686277, 0.713725507, 0.0627451017, 0.737254918
vb0[1367]+000 COLOR: 0.215686277, 0.713725507, 0.0627451017, 0.737254918
vb0[1367]+012 TEXCOORD: 0.4375, 1.75
vb0[1367]+000 TEXCOORD1: 0.215686277, 0.713725507, 0.0627451017, 0.737254918
vb0[1367]+000 TEXCOORD2: 0.215686277, 0.713725507, 0.0627451017, 0.737254918
vb0[1367]+000 TEXCOORD3: 0.215686277, 0.713725507, 0.0627451017, 0.737254918
vb0[1367]+000 TANGENT: 0.215686277, 0.713725507, 0.0627451017, 0.737254918

vb0[1368]+000 POSITION: -0.358642578, -1.015625, 0.219726563, 1
vb0[1368]+000 NORMAL: 0.741176486, 0.709803939, 0.0627451017, 0.737254918
vb0[1368]+000 COLOR: 0.741176486, 0.709803939, 0.0627451017, 0.737254918
vb0[1368]+012 TEXCOORD: 0.412597656, 1.75
vb0[1368]+000 TEXCOORD1: 0.741176486, 0.709803939, 0.0627451017, 0.737254918
vb0[1368]+000 TEXCOORD2: 0.741176486, 0.709803939, 0.0627451017, 0.737254918
vb0[1368]+000 TEXCOORD3: 0.741176486, 0.709803939, 0.0627451017, 0.737254918
vb0[1368]+000 TANGENT: 0.741176486, 0.709803939, 0.0627451017, 0.737254918

vb0[1369]+000 POSITION: -0.403564453, -0.979003906, 0.293212891, 1
vb0[1369]+000 NORMAL: 0.458823532, 0.713725507, 0.835294127, 0.733333349
vb0[1369]+000 COLOR: 0.458823532, 0.713725507, 0.835294127, 0.733333349
vb0[1369]+012 TEXCOORD: 0.399902344, 1.70019531
vb0[1369]+000 TEXCOORD1: 0.458823532, 0.713725507, 0.835294127, 0.733333349
vb0[1369]+000 TEXCOORD2: 0.458823532, 0.713725507, 0.835294127, 0.733333349
vb0[1369]+000 TEXCOORD3: 0.458823532, 0.713725507, 0.835294127, 0.733333349
vb0[1369]+000 TANGENT: 0.458823532, 0.713725507, 0.835294127, 0.733333349

vb0[1370]+000 POSITION: -0.352783203, -0.979003906, 0.352783203, 1
vb0[1370]+000 NORMAL: 0.647058845, 0.709803939, 0.835294127, 0.733333349
vb0[1370]+000 COLOR: 0.647058845, 0.709803939, 0.835294127, 0.733333349
vb0[1370]+012 TEXCOORD: 0.375, 1.70019531
vb0[1370]+000 TEXCOORD1: 0.647058845, 0.709803939, 0.835294127, 0.733333349
vb0[1370]+000 TEXCOORD2: 0.647058845, 0.709803939, 0.835294127, 0.733333349
vb0[1370]+000 TEXCOORD3: 0.647058845, 0.709803939, 0.835294127, 0.733333349
vb0[1370]+000 TANGENT: 0.647058845, 0.709803939, 0.835294127, 0.733333349

vb0[1371]+000 POSITION: -0.293212891, -0.979003906, 0.403564453, 1
vb0[1371]+000 NORMAL: 0.694117665, 0.70588237, 0.835294127, 0.733333349
vb0[1371]+000 COLOR: 0.694117665, 0.70588237, 0.835294127, 0.733333349
vb0[1371]+012 TEXCOORD: 0.350097656, 1.70019531
vb0[1371]+000 TEXCOORD1: 0.694117665, 0.70588237, 0.835294127, 0.733333349
vb0[1371]+000 TEXCOORD2: 0.694117665, 0.70588237, 0.835294127, 0.733333349
vb0[1371]+000 TEXCOORD3: 0.694117665, 0.70588237, 0.835294127, 0.733333349
vb0[1371]+000 TANGENT: 0.694117665, 0.70588237, 0.835294127, 0.733333349

vb0[1372]+000 POSITION: -0.300048828, -0.937011719, 0.489501953, 1
vb0[1372]+000 NORMAL: 0.80392158, 0.70588237, 0.498039216, 0.733333349
vb0[1372]+000 COLOR: 0.80392158, 0.70588237, 0.498039216, 0.733333349
vb0[1372]+012 TEXCOORD: 0.337402344, 1.65039063
vb0[1372]+000 TEXCOORD1: 0.80392158, 0.70588237, 0.498039216, 0.733333349
vb0[1372]+000 TEXCOORD2: 0.80392158, 0.70588237, 0.498039216, 0.733333349
vb0[1372]+000 TEXCOORD3: 0.80392158, 0.70588237, 0.498039216, 0.733333349
vb0[1372]+000 TANGENT: 0.80392158, 0.70588237, 0.498039216, 0.733333349

vb0[1373]+000 POSITION: -0.22644043, -0.979003906, 0.444580078, 1
vb0[1373]+000 NORMAL: 0.247058824, 0.701960802, 0.835294127, 0.733333349
vb0[1373]+000 COLOR: 0.247058824, 0.701960802, 0.835294127, 0.733333349
vb0[1373]+012 TEXCOORD: 0.324951172, 1.70019531
vb0[1373]+000 TEXCOORD1: 0.247058824, 0.701960802, 0.835294127, 0.733333349
vb0[1373]+000 TEXCOORD2: 0.247058824, 0.701960802, 0.835294127, 0.733333349
vb0[1373]+000 TEXCOORD3: 0.247058824, 0.701960802, 0.835294127, 0.733333349
vb0[1373]+000 TANGENT: 0.247058824, 0.701960802, 0.835294127, 0.733333349

vb0[1374]+000 POSITION: -0.154174805, -0.979003906, 0.474365234, 1
vb0[1374]+000 NORMAL: 0.937254906, 0.690196097, 0.835294127, 0.733333349
vb0[1374]+000 COLOR: 0.937254906, 0.690196097, 0.835294127, 0.733333349
vb0[1374]+012 TEXCOORD: 0.300048828, 1.70019531
vb0[1374]+000 TEXCOORD1: 0.937254906, 0.690196097, 0.835294127, 0.733333349
vb0[1374]+000 TEXCOORD2: 0.937254906, 0.690196097, 0.835294127, 0.733333349
vb0[1374]+000 TEXCOORD3: 0.937254906, 0.690196097, 0.835294127, 0.733333349
vb0[1374]+000 TANGENT: 0.937254906, 0.690196097, 0.835294127, 0.733333349

vb0[1375]+000 POSITION: -0.0780639648, -0.979003906, 0.492675781, 1
vb0[1375]+000 NORMAL: 1, 0.674509823, 0.835294127, 0.733333349
vb0[1375]+000 COLOR: 1, 0.674509823, 0.835294127, 0.733333349
vb0[1375]+012 TEXCOORD: 0.274902344, 1.70019531
vb0[1375]+000 TEXCOORD1: 1, 0.674509823, 0.835294127, 0.733333349
vb0[1375]+000 TEXCOORD2: 1, 0.674509823, 0.835294127, 0.733333349
vb0[1375]+000 TEXCOORD3: 1, 0.674509823, 0.835294127, 0.733333349
vb0[1375]+000 TANGENT: 1, 0.674509823, 0.835294127, 0.733333349

vb0[1376]+000 POSITION: -0.0450439453, -0.937011719, 0.572265625, 1
vb0[1376]+000 NORMAL: 0.768627465, 0.662745118, 0.498039216, 0.733333349
vb0[1376]+000 COLOR: 0.768627465, 0.662745118, 0.498039216, 0.733333349
vb0[1376]+012 TEXCOORD: 0.262451172, 1.65039063
vb0[1376]+000 TEXCOORD1: 0.768627465, 0.662745118, 0.498039216, 0.733333349
vb0[1376]+000 TEXCOORD2: 0.768627465, 0.662745118, 0.498039216, 0.733333349
vb0[1376]+000 TEXCOORD3: 0.768627465, 0.662745118, 0.498039216, 0.733333349
vb0[1376]+000 TANGENT: 0.768627465, 0.662745118, 0.498039216, 0.733333349

vb0[1377]+000 POSITION: 0.0450439453, -0.937011719, 0.572265625, 1
vb0[1377]+000 NORMAL: 0.768627465, 0.160784319, 0.498039216, 0.733333349
vb0[1377]+000 COLOR: 0.768627465, 0.160784319, 0.498039216, 0.733333349
vb0[1377]+012 TEXCOORD: 0.237548828, 1.65039063
vb0[1377]+000 TEXCOORD1: 0.768627465, 0.160784319, 0.498039216, 0.733333349
vb0[1377]+000 TEXCOORD2: 0.768627465, 0.160784319, 0.498039216, 0.733333349
vb0[1377]+000 TEXCOORD3: 0.768627465, 0.160784319, 0.498039216, 0.733333349
vb0[1377]+000 TANGENT: 0.768627465, 0.160784319, 0.498039216, 0.733333349

vb0[1378]+000 POSITION: 0.134033203, -0.937011719, 0.558105469, 1
vb0[1378]+000 NORMAL: 0.290196091, 0.188235298, 0.498039216, 0.733333349
vb0[1378]+000 COLOR: 0.290196091, 0.188235298, 0.498039216, 0.733333349
vb0[1378]+012 TEXCOORD: 0.212524414, 1.65039063
vb0[1378]+000 TEXCOORD1: 0.290196091, 0.188235298, 0.498039216, 0.733333349
vb0[1378]+000 TEXCOORD2: 0.290196091, 0.188235298, 0.498039216, 0.733333349
vb0[1378]+000 TEXCOORD3: 0.290196091, 0.188235298, 0.498039216, 0.733333349
vb0[1378]+000 TANGENT: 0.290196091, 0.188235298, 0.498039216, 0.733333349

vb0[1379]+000 POSITION: 0.219726563, -0.937011719, 0.530273438, 1
vb0[1379]+000 NORMAL: 0.0313725509, 0.200000003, 0.498039216, 0.733333349
vb0[1379]+000 COLOR: 0.0313725509, 0.200000003, 0.498039216, 0.733333349
vb0[1379]+012 TEXCOORD: 0.1875, 1.65039063
vb0[1379]+000 TEXCOORD1: 0.0313725509, 0.200000003, 0.498039216, 0.733333349
vb0[1379]+000 TEXCOORD2: 0.0313725509, 0.200000003, 0.498039216, 0.733333349
vb0[1379]+000 TEXCOORD3: 0.0313725509, 0.200000003, 0.498039216, 0.733333349
vb0[1379]+000 TANGENT: 0.0313725509, 0.200000003, 0.498039216, 0.733333349

vb0[1380]+000 POSITION: 0.300048828, -0.937011719, 0.489501953, 1
vb0[1380]+000 NORMAL: 0.80392158, 0.203921571, 0.498039216, 0.733333349
vb0[1380]+000 COLOR: 0.80392158, 0.203921571, 0.498039216, 0.733333349
vb0[1380]+012 TEXCOORD: 0.162475586, 1.65039063
vb0[1380]+000 TEXCOORD1: 0.80392158, 0.203921571, 0.498039216, 0.733333349
vb0[1380]+000 TEXCOORD2: 0.80392158, 0.203921571, 0.498039216, 0.733333349
vb0[1380]+000 TEXCOORD3: 0.80392158, 0.203921571, 0.498039216, 0.733333349
vb0[1380]+000 TANGENT: 0.80392158, 0.203921571, 0.498039216, 0.733333349

vb0[1381]+000 POSITION: 0.372802734, -0.937011719, 0.436523438, 1
vb0[1381]+000 NORMAL: 0.968627453, 0.20784314, 0.498039216, 0.733333349
vb0[1381]+000 COLOR: 0.968627453, 0.20784314, 0.498039216, 0.733333349
vb0[1381]+012 TEXCOORD: 0.137451172, 1.65039063
vb0[1381]+000 TEXCOORD1: 0.968627453, 0.20784314, 0.498039216, 0.733333349
vb0[1381]+000 TEXCOORD2: 0.968627453, 0.20784314, 0.498039216, 0.733333349
vb0[1381]+000 TEXCOORD3: 0.968627453, 0.20784314, 0.498039216, 0.733333349
vb0[1381]+000 TANGENT: 0.968627453, 0.20784314, 0.498039216, 0.733333349

vb0[1382]+000 POSITION: 0.456787109, -0.889160156, 0.456787109, 1
vb0[1382]+000 NORMAL: 0.309803933, 0.215686277, 0.113725491, 0.733333349
vb0[1382]+000 COLOR: 0.309803933, 0.215686277, 0.113725491, 0.733333349
vb0[1382]+012 TEXCOORD: 0.125, 1.59960938
vb0[1382]+000 TEXCOORD1: 0.309803933, 0.215686277, 0.113725491, 0.733333349
vb0[1382]+000 TEXCOORD2: 0.309803933, 0.215686277, 0.113725491, 0.733333349
vb0[1382]+000 TEXCOORD3: 0.309803933, 0.215686277, 0.113725491, 0.733333349
vb0[1382]+000 TANGENT: 0.309803933, 0.215686277, 0.113725491, 0.733333349

vb0[1383]+000 POSITION: 0.522460938, -0.889160156, 0.379638672, 1
vb0[1383]+000 NORMAL: 0.180392161, 0.219607845, 0.113725491, 0.733333349
vb0[1383]+000 COLOR: 0.180392161, 0.219607845, 0.113725491, 0.733333349
vb0[1383]+012 TEXCOORD: 0.0999755859, 1.59960938
vb0[1383]+000 TEXCOORD1: 0.180392161, 0.219607845, 0.113725491, 0.733333349
vb0[1383]+000 TEXCOORD2: 0.180392161, 0.219607845, 0.113725491, 0.733333349
vb0[1383]+000 TEXCOORD3: 0.180392161, 0.219607845, 0.113725491, 0.733333349
vb0[1383]+000 TANGENT: 0.180392161, 0.219607845, 0.113725491, 0.733333349

vb0[1384]+000 POSITION: 0.575683594, -0.889160156, 0.293212891, 1
vb0[1384]+000 NORMAL: 0.607843161, 0.219607845, 0.113725491, 0.733333349
vb0[1384]+000 COLOR: 0.607843161, 0.219607845, 0.113725491, 0.733333349
vb0[1384]+012 TEXCOORD: 0.075012207, 1.59960938
vb0[1384]+000 TEXCOORD1: 0.607843161, 0.219607845, 0.113725491, 0.733333349
vb0[1384]+000 TEXCOORD2: 0.607843161, 0.219607845, 0.113725491, 0.733333349
vb0[1384]+000 TEXCOORD3: 0.607843161, 0.219607845, 0.113725491, 0.733333349
vb0[1384]+000 TANGENT: 0.607843161, 0.219607845, 0.113725491, 0.733333349

vb0[1385]+000 POSITION: 0.530273438, -0.937011719, 0.219726563, 1
vb0[1385]+000 NORMAL: 0.243137255, 0.219607845, 0.498039216, 0.733333349
vb0[1385]+000 COLOR: 0.243137255, 0.219607845, 0.498039216, 0.733333349
vb0[1385]+012 TEXCOORD: 0.0625, 1.65039063
vb0[1385]+000 TEXCOORD1: 0.243137255, 0.219607845, 0.498039216, 0.733333349
vb0[1385]+000 TEXCOORD2: 0.243137255, 0.219607845, 0.498039216, 0.733333349
vb0[1385]+000 TEXCOORD3: 0.243137255, 0.219607845, 0.498039216, 0.733333349
vb0[1385]+000 TANGENT: 0.243137255, 0.219607845, 0.498039216, 0.733333349

vb0[1386]+000 POSITION: 0.558105469, -0.937011719, 0.134033203, 1
vb0[1386]+000 NORMAL: 0.466666669, 0.219607845, 0.498039216, 0.733333349
vb0[1386]+000 COLOR: 0.466666669, 0.219607845, 0.498039216, 0.733333349
vb0[1386]+012 TEXCOORD: 0.0375061035, 1.65039063
vb0[1386]+000 TEXCOORD1: 0.466666669, 0.219607845, 0.498039216, 0.733333349
vb0[1386]+000 TEXCOORD2: 0.466666669, 0.219607845, 0.498039216, 0.733333349
vb0[1386]+000 TEXCOORD3: 0.466666669, 0.219607845, 0.498039216, 0.733333349
vb0[1386]+000 TANGENT: 0.466666669, 0.219607845, 0.498039216, 0.733333349

vb0[1387]+000 POSITION: 0.572265625, -0.937011719, 0.0450439453, 1
vb0[1387]+000 NORMAL: 0.580392182, 0.219607845, 0.498039216, 0.733333349
vb0[1387]+000 COLOR: 0.580392182, 0.219607845, 0.498039216, 0.733333349
vb0[1387]+012 TEXCOORD: 0.0124969482, 1.65039063
vb0[1387]+000 TEXCOORD1: 0.580392182, 0.219607845, 0.498039216, 0.733333349
vb0[1387]+000 TEXCOORD2: 0.580392182, 0.219607845, 0.498039216, 0.733333349
vb0[1387]+000 TEXCOORD3: 0.580392182, 0.219607845, 0.498039216, 0.733333349
vb0[1387]+000 TANGENT: 0.580392182, 0.219607845, 0.498039216, 0.733333349

vb0[1388]+000 POSITION: 0.572265625, -0.937011719, -0.0450439453, 1
vb0[1388]+000 NORMAL: 0.580392182, 0.219607845, 0.498039216, 0.733333349
vb0[1388]+000 COLOR: 0.580392182, 0.219607845, 0.498039216, 0.733333349
vb0[1388]+012 TEXCOORD: -0.0124969482, 1.65039063
vb0[1388]+000 TEXCOORD1: 0.580392182, 0.219607845, 0.498039216, 0.733333349
vb0[1388]+000 TEXCOORD2: 0.580392182, 0.219607845, 0.498039216, 0.733333349
vb0[1388]+000 TEXCOORD3: 0.580392182, 0.219607845, 0.498039216, 0.733333349
vb0[1388]+000 TANGENT: 0.580392182, 0.219607845, 0.498039216, 0.733333349

vb0[1389]+000 POSITION: 0.558105469, -0.937011719, -0.134033203, 1
vb0[1389]+000 NORMAL: 0.466666669, 0.219607845, 0.498039216, 0.733333349
vb0[1389]+000 COLOR: 0.466666669, 0.219607845, 0.498039216, 0.733333349
vb0[1389]+012 TEXCOORD: -0.0375061035, 1.65039063
vb0[1389]+000 TEXCOORD1: 0.466666669, 0.219607845, 0.498039216, 0.733333349
vb0[1389]+000 TEXCOORD2: 0.466666669, 0.219607845, 0.498039216, 0.733333349
vb0[1389]+000 TEXCOORD3: 0.466666669, 0.219607845, 0.498039216, 0.733333349
vb0[1389]+000 TANGENT: 0.466666669, 0.219607845, 0.498039216, 0.733333349

vb0[1390]+000 POSITION: 0.530273438, -0.937011719, -0.219726563, 1
vb0[1390]+000 NORMAL: 0.243137255, 0.219607845, 0.498039216, 0.733333349
vb0[1390]+000 COLOR: 0.243137255, 0.219607845, 0.498039216, 0.733333349
vb0[1390]+012 TEXCOORD: -0.0625, 1.65039063
vb0[1390]+000 TEXCOORD1: 0.243137255, 0.219607845, 0.498039216, 0.733333349
vb0[1390]+000 TEXCOORD2: 0.243137255, 0.219607845, 0.498039216, 0.733333349
vb0[1390]+000 TEXCOORD3: 0.243137255, 0.219607845, 0.498039216, 0.733333349
vb0[1390]+000 TANGENT: 0.243137255, 0.219607845, 0.498039216, 0.733333349

vb0[1391]+000 POSITION: 0.489501953, -0.937011719, -0.300048828, 1
vb0[1391]+000 NORMAL: 0.835294127, 0.215686277, 0.498039216, 0.733333349
vb0[1391]+000 COLOR: 0.835294127, 0.215686277, 0.498039216, 0.733333349
vb0[1391]+012 TEXCOORD: -0.0875244141, 1.65039063
vb0[1391]+000 TEXCOORD1: 0.835294127, 0.215686277, 0.498039216, 0.733333349
vb0[1391]+000 TEXCOORD2: 0.835294127, 0.215686277, 0.498039216, 0.733333349
vb0[1391]+000 TEXCOORD3: 0.835294127, 0.215686277, 0.498039216, 0.733333349
vb0[1391]+000 TANGENT: 0.835294127, 0.215686277, 0.498039216, 0.733333349

vb0[1392]+000 POSITION: 0.436523438, -0.937011719, -0.372802734, 1
vb0[1392]+000 NORMAL: 0.988235295, 0.211764708, 0.498039216, 0.733333349
vb0[1392]+000 COLOR: 0.988235295, 0.211764708, 0.498039216, 0.733333349
vb0[1392]+012 TEXCOORD: -0.112487793, 1.65039063
vb0[1392]+000 TEXCOORD1: 0.988235295, 0.211764708, 0.498039216, 0.733333349
vb0[1392]+000 TEXCOORD2: 0.988235295, 0.211764708, 0.498039216, 0.733333349
vb0[1392]+000 TEXCOORD3: 0.988235295, 0.211764708, 0.498039216, 0.733333349
vb0[1392]+000 TANGENT: 0.988235295, 0.211764708, 0.498039216, 0.733333349

vb0[1393]+000 POSITION: 0.372802734, -0.937011719, -0.436523438, 1
vb0[1393]+000 NORMAL: 0.968627453, 0.20784314, 0.498039216, 0.733333349
vb0[1393]+000 COLOR: 0.968627453, 0.20784314, 0.498039216, 0.733333349
vb0[1393]+012 TEXCOORD: -0.137451172, 1.65039063
vb0[1393]+000 TEXCOORD1: 0.968627453, 0.20784314, 0.498039216, 0.733333349
vb0[1393]+000 TEXCOORD2: 0.968627453, 0.20784314, 0.498039216, 0.733333349
vb0[1393]+000 TEXCOORD3: 0.968627453, 0.20784314, 0.498039216, 0.733333349
vb0[1393]+000 TANGENT: 0.968627453, 0.20784314, 0.498039216, 0.733333349

vb0[1394]+000 POSITION: 0.300048828, -0.937011719, -0.489501953, 1
vb0[1394]+000 NORMAL: 0.80392158, 0.203921571, 0.498039216, 0.733333349
vb0[1394]+000 COLOR: 0.80392158, 0.203921571, 0.498039216, 0.733333349
vb0[1394]+012 TEXCOORD: -0.162475586, 1.65039063
vb0[1394]+000 TEXCOORD1: 0.80392158, 0.203921571, 0.498039216, 0.733333349
vb0[1394]+000 TEXCOORD2: 0.80392158, 0.203921571, 0.498039216, 0.733333349
vb0[1394]+000 TEXCOORD3: 0.80392158, 0.203921571, 0.498039216, 0.733333349
vb0[1394]+000 TANGENT: 0.80392158, 0.203921571, 0.498039216, 0.733333349

vb0[1395]+000 POSITION: 0.219726563, -0.937011719, -0.530273438, 1
vb0[1395]+000 NORMAL: 0.0313725509, 0.200000003, 0.498039216, 0.733333349
vb0[1395]+000 COLOR: 0.0313725509, 0.200000003, 0.498039216, 0.733333349
vb0[1395]+012 TEXCOORD: -0.1875, 1.65039063
vb0[1395]+000 TEXCOORD1: 0.0313725509, 0.200000003, 0.498039216, 0.733333349
vb0[1395]+000 TEXCOORD2: 0.0313725509, 0.200000003, 0.498039216, 0.733333349
vb0[1395]+000 TEXCOORD3: 0.0313725509, 0.200000003, 0.498039216, 0.733333349
vb0[1395]+000 TANGENT: 0.0313725509, 0.200000003, 0.498039216, 0.733333349

vb0[1396]+000 POSITION: 0.134033203, -0.937011719, -0.558105469, 1
vb0[1396]+000 NORMAL: 0.290196091, 0.188235298, 0.498039216, 0.733333349
vb0[1396]+000 COLOR: 0.290196091, 0.188235298, 0.498039216, 0.733333349
vb0[1396]+012 TEXCOORD: -0.212524414, 1.65039063
vb0[1396]+000 TEXCOORD1: 0.290196091, 0.188235298, 0.498039216, 0.733333349
vb0[1396]+000 TEXCOORD2: 0.290196091, 0.188235298, 0.498039216, 0.733333349
vb0[1396]+000 TEXCOORD3: 0.290196091, 0.188235298, 0.498039216, 0.733333349
vb0[1396]+000 TANGENT: 0.290196091, 0.188235298, 0.498039216, 0.733333349

vb0[1397]+000 POSITION: 0.0450439453, -0.937011719, -0.572265625, 1
vb0[1397]+000 NORMAL: 0.768627465, 0.160784319, 0.498039216, 0.733333349
vb0[1397]+000 COLOR: 0.768627465, 0.160784319, 0.498039216, 0.733333349
vb0[1397]+012 TEXCOORD: -0.237548828, 1.65039063
vb0[1397]+000 TEXCOORD1: 0.768627465, 0.160784319, 0.498039216, 0.733333349
vb0[1397]+000 TEXCOORD2: 0.768627465, 0.160784319, 0.498039216, 0.733333349
vb0[1397]+000 TEXCOORD3: 0.768627465, 0.160784319, 0.498039216, 0.733333349
vb0[1397]+000 TANGENT: 0.768627465, 0.160784319, 0.498039216, 0.733333349

vb0[1398]+000 POSITION: -0.0450439453, -0.937011719, -0.572265625, 1
vb0[1398]+000 NORMAL: 0.768627465, 0.662745118, 0.498039216, 0.733333349
vb0[1398]+000 COLOR: 0.768627465, 0.662745118, 0.498039216, 0.733333349
vb0[1398]+012 TEXCOORD: -0.262451172, 1.65039063
vb0[1398]+000 TEXCOORD1: 0.768627465, 0.662745118, 0.498039216, 0.733333349
vb0[1398]+000 TEXCOORD2: 0.768627465, 0.662745118, 0.498039216, 0.733333349
vb0[1398]+000 TEXCOORD3: 0.768627465, 0.662745118, 0.498039216, 0.733333349
vb0[1398]+000 TANGENT: 0.768627465, 0.662745118, 0.498039216, 0.733333349

vb0[1399]+000 POSITION: -0.134033203, -0.937011719, -0.558105469, 1
vb0[1399]+000 NORMAL: 0.290196091, 0.690196097, 0.498039216, 0.733333349
vb0[1399]+000 COLOR: 0.290196091, 0.690196097, 0.498039216, 0.733333349
vb0[1399]+012 TEXCOORD: -0.287597656, 1.65039063
vb0[1399]+000 TEXCOORD1: 0.290196091, 0.690196097, 0.498039216, 0.733333349
vb0[1399]+000 TEXCOORD2: 0.290196091, 0.690196097, 0.498039216, 0.733333349
vb0[1399]+000 TEXCOORD3: 0.290196091, 0.690196097, 0.498039216, 0.733333349
vb0[1399]+000 TANGENT: 0.290196091, 0.690196097, 0.498039216, 0.733333349

vb0[1400]+000 POSITION: -0.219726563, -0.937011719, -0.530273438, 1
vb0[1400]+000 NORMAL: 0.0313725509, 0.701960802, 0.498039216, 0.733333349
vb0[1400]+000 COLOR: 0.0313725509, 0.701960802, 0.498039216, 0.733333349
vb0[1400]+012 TEXCOORD: -0.3125, 1.65039063
vb0[1400]+000 TEXCOORD1: 0.0313725509, 0.701960802, 0.498039216, 0.733333349
vb0[1400]+000 TEXCOORD2: 0.0313725509, 0.701960802, 0.498039216, 0.733333349
vb0[1400]+000 TEXCOORD3: 0.0313725509, 0.701960802, 0.498039216, 0.733333349
vb0[1400]+000 TANGENT: 0.0313725509, 0.701960802, 0.498039216, 0.733333349

vb0[1401]+000 POSITION: -0.300048828, -0.937011719, -0.489501953, 1
vb0[1401]+000 NORMAL: 0.80392158, 0.70588237, 0.498039216, 0.733333349
vb0[1401]+000 COLOR: 0.80392158, 0.70588237, 0.498039216, 0.733333349
vb0[1401]+012 TEXCOORD: -0.337402344, 1.65039063
vb0[1401]+000 TEXCOORD1: 0.80392158, 0.70588237, 0.498039216, 0.733333349
vb0[1401]+000 TEXCOORD2: 0.80392158, 0.70588237, 0.498039216, 0.733333349
vb0[1401]+000 TEXCOORD3: 0.80392158, 0.70588237, 0.498039216, 0.733333349
vb0[1401]+000 TANGENT: 0.80392158, 0.70588237, 0.498039216, 0.733333349

vb0[1402]+000 POSITION: -0.372802734, -0.937011719, -0.436523438, 1
vb0[1402]+000 NORMAL: 0.968627453, 0.709803939, 0.498039216, 0.733333349
vb0[1402]+000 COLOR: 0.968627453, 0.709803939, 0.498039216, 0.733333349
vb0[1402]+012 TEXCOORD: -0.362548828, 1.65039063
vb0[1402]+000 TEXCOORD1: 0.968627453, 0.709803939, 0.498039216, 0.733333349
vb0[1402]+000 TEXCOORD2: 0.968627453, 0.709803939, 0.498039216, 0.733333349
vb0[1402]+000 TEXCOORD3: 0.968627453, 0.709803939, 0.498039216, 0.733333349
vb0[1402]+000 TANGENT: 0.968627453, 0.709803939, 0.498039216, 0.733333349

vb0[1403]+000 POSITION: -0.436523438, -0.937011719, -0.372802734, 1
vb0[1403]+000 NORMAL: 0.988235295, 0.713725507, 0.498039216, 0.733333349
vb0[1403]+000 COLOR: 0.988235295, 0.713725507, 0.498039216, 0.733333349
vb0[1403]+012 TEXCOORD: -0.387451172, 1.65039063
vb0[1403]+000 TEXCOORD1: 0.988235295, 0.713725507, 0.498039216, 0.733333349
vb0[1403]+000 TEXCOORD2: 0.988235295, 0.713725507, 0.498039216, 0.733333349
vb0[1403]+000 TEXCOORD3: 0.988235295, 0.713725507, 0.498039216, 0.733333349
vb0[1403]+000 TANGENT: 0.988235295, 0.713725507, 0.498039216, 0.733333349

vb0[1404]+000 POSITION: -0.489501953, -0.937011719, -0.300048828, 1
vb0[1404]+000 NORMAL: 0.835294127, 0.717647076, 0.498039216, 0.733333349
vb0[1404]+000 COLOR: 0.835294127, 0.717647076, 0.498039216, 0.733333349
vb0[1404]+012 TEXCOORD: -0.412597656, 1.65039063
vb0[1404]+000 TEXCOORD1: 0.835294127, 0.717647076, 0.498039216, 0.733333349
vb0[1404]+000 TEXCOORD2: 0.835294127, 0.717647076, 0.498039216, 0.733333349
vb0[1404]+000 TEXCOORD3: 0.835294127, 0.717647076, 0.498039216, 0.733333349
vb0[1404]+000 TANGENT: 0.835294127, 0.717647076, 0.498039216, 0.733333349

vb0[1405]+000 POSITION: -0.403564453, -0.979003906, -0.293212891, 1
vb0[1405]+000 NORMAL: 0.458823532, 0.713725507, 0.835294127, 0.733333349
vb0[1405]+000 COLOR: 0.458823532, 0.713725507, 0.835294127, 0.733333349
vb0[1405]+012 TEXCOORD: -0.399902344, 1.70019531
vb0[1405]+000 TEXCOORD1: 0.458823532, 0.713725507, 0.835294127, 0.733333349
vb0[1405]+000 TEXCOORD2: 0.458823532, 0.713725507, 0.835294127, 0.733333349
vb0[1405]+000 TEXCOORD3: 0.458823532, 0.713725507, 0.835294127, 0.733333349
vb0[1405]+000 TANGENT: 0.458823532, 0.713725507, 0.835294127, 0.733333349

vb0[1406]+000 POSITION: -0.444580078, -0.979003906, -0.22644043, 1
vb0[1406]+000 NORMAL: 0.113725491, 0.717647076, 0.835294127, 0.733333349
vb0[1406]+000 COLOR: 0.113725491, 0.717647076, 0.835294127, 0.733333349
vb0[1406]+012 TEXCOORD: -0.425048828, 1.70019531
vb0[1406]+000 TEXCOORD1: 0.113725491, 0.717647076, 0.835294127, 0.733333349
vb0[1406]+000 TEXCOORD2: 0.113725491, 0.717647076, 0.835294127, 0.733333349
vb0[1406]+000 TEXCOORD3: 0.113725491, 0.717647076, 0.835294127, 0.733333349
vb0[1406]+000 TANGENT: 0.113725491, 0.717647076, 0.835294127, 0.733333349

vb0[1407]+000 POSITION: -0.352783203, -0.979003906, -0.352783203, 1
vb0[1407]+000 NORMAL: 0.647058845, 0.709803939, 0.835294127, 0.733333349
vb0[1407]+000 COLOR: 0.647058845, 0.709803939, 0.835294127, 0.733333349
vb0[1407]+012 TEXCOORD: -0.375, 1.70019531
vb0[1407]+000 TEXCOORD1: 0.647058845, 0.709803939, 0.835294127, 0.733333349
vb0[1407]+000 TEXCOORD2: 0.647058845, 0.709803939, 0.835294127, 0.733333349
vb0[1407]+000 TEXCOORD3: 0.647058845, 0.709803939, 0.835294127, 0.733333349
vb0[1407]+000 TANGENT: 0.647058845, 0.709803939, 0.835294127, 0.733333349

vb0[1408]+000 POSITION: -0.293212891, -0.979003906, -0.403564453, 1
vb0[1408]+000 NORMAL: 0.694117665, 0.70588237, 0.835294127, 0.733333349
vb0[1408]+000 COLOR: 0.694117665, 0.70588237, 0.835294127, 0.733333349
vb0[1408]+012 TEXCOORD: -0.350097656, 1.70019531
vb0[1408]+000 TEXCOORD1: 0.694117665, 0.70588237, 0.835294127, 0.733333349
vb0[1408]+000 TEXCOORD2: 0.694117665, 0.70588237, 0.835294127, 0.733333349
vb0[1408]+000 TEXCOORD3: 0.694117665, 0.70588237, 0.835294127, 0.733333349
vb0[1408]+000 TANGENT: 0.694117665, 0.70588237, 0.835294127, 0.733333349

vb0[1409]+000 POSITION: -0.22644043, -0.979003906, -0.444580078, 1
vb0[1409]+000 NORMAL: 0.247058824, 0.701960802, 0.835294127, 0.733333349
vb0[1409]+000 COLOR: 0.247058824, 0.701960802, 0.835294127, 0.733333349
vb0[1409]+012 TEXCOORD: -0.324951172, 1.70019531
vb0[1409]+000 TEXCOORD1: 0.247058824, 0.701960802, 0.835294127, 0.733333349
vb0[1409]+000 TEXCOORD2: 0.247058824, 0.701960802, 0.835294127, 0.733333349
vb0[1409]+000 TEXCOORD3: 0.247058824, 0.701960802, 0.835294127, 0.733333349
vb0[1409]+000 TANGENT: 0.247058824, 0.701960802, 0.835294127, 0.733333349

vb0[1410]+000 POSITION: -0.154174805, -0.979003906, -0.474365234, 1
vb0[1410]+000 NORMAL: 0.937254906, 0.690196097, 0.835294127, 0.733333349
vb0[1410]+000 COLOR: 0.937254906, 0.690196097, 0.835294127, 0.733333349
vb0[1410]+012 TEXCOORD: -0.300048828, 1.70019531
vb0[1410]+000 TEXCOORD1: 0.937254906, 0.690196097, 0.835294127, 0.733333349
vb0[1410]+000 TEXCOORD2: 0.937254906, 0.690196097, 0.835294127, 0.733333349
vb0[1410]+000 TEXCOORD3: 0.937254906, 0.690196097, 0.835294127, 0.733333349
vb0[1410]+000 TANGENT: 0.937254906, 0.690196097, 0.835294127, 0.733333349

vb0[1411]+000 POSITION: -0.0780639648, -0.979003906, -0.492675781, 1
vb0[1411]+000 NORMAL: 1, 0.674509823, 0.835294127, 0.733333349
vb0[1411]+000 COLOR: 1, 0.674509823, 0.835294127, 0.733333349
vb0[1411]+012 TEXCOORD: -0.274902344, 1.70019531
vb0[1411]+000 TEXCOORD1: 1, 0.674509823, 0.835294127, 0.733333349
vb0[1411]+000 TEXCOORD2: 1, 0.674509823, 0.835294127, 0.733333349
vb0[1411]+000 TEXCOORD3: 1, 0.674509823, 0.835294127, 0.733333349
vb0[1411]+000 TANGENT: 1, 0.674509823, 0.835294127, 0.733333349

vb0[1412]+000 POSITION: -0, -0.979003906, -0.498779297, 1
vb0[1412]+000 NORMAL: 0, 0.501960814, 0.835294127, 0.733333349
vb0[1412]+000 COLOR: 0, 0.501960814, 0.835294127, 0.733333349
vb0[1412]+012 TEXCOORD: -0.25, 1.70019531
vb0[1412]+000 TEXCOORD1: 0, 0.501960814, 0.835294127, 0.733333349
vb0[1412]+000 TEXCOORD2: 0, 0.501960814, 0.835294127, 0.733333349
vb0[1412]+000 TEXCOORD3: 0, 0.501960814, 0.835294127, 0.733333349
vb0[1412]+000 TANGENT: 0, 0.501960814, 0.835294127, 0.733333349

vb0[1413]+000 POSITION: 0.0780639648, -0.979003906, -0.492675781, 1
vb0[1413]+000 NORMAL: 1, 0.172549024, 0.835294127, 0.733333349
vb0[1413]+000 COLOR: 1, 0.172549024, 0.835294127, 0.733333349
vb0[1413]+012 TEXCOORD: -0.224975586, 1.70019531
vb0[1413]+000 TEXCOORD1: 1, 0.172549024, 0.835294127, 0.733333349
vb0[1413]+000 TEXCOORD2: 1, 0.172549024, 0.835294127, 0.733333349
vb0[1413]+000 TEXCOORD3: 1, 0.172549024, 0.835294127, 0.733333349
vb0[1413]+000 TANGENT: 1, 0.172549024, 0.835294127, 0.733333349

vb0[1414]+000 POSITION: 0.154174805, -0.979003906, -0.474365234, 1
vb0[1414]+000 NORMAL: 0.937254906, 0.188235298, 0.835294127, 0.733333349
vb0[1414]+000 COLOR: 0.937254906, 0.188235298, 0.835294127, 0.733333349
vb0[1414]+012 TEXCOORD: -0.199951172, 1.70019531
vb0[1414]+000 TEXCOORD1: 0.937254906, 0.188235298, 0.835294127, 0.733333349
vb0[1414]+000 TEXCOORD2: 0.937254906, 0.188235298, 0.835294127, 0.733333349
vb0[1414]+000 TEXCOORD3: 0.937254906, 0.188235298, 0.835294127, 0.733333349
vb0[1414]+000 TANGENT: 0.937254906, 0.188235298, 0.835294127, 0.733333349

vb0[1415]+000 POSITION: 0.22644043, -0.979003906, -0.444580078, 1
vb0[1415]+000 NORMAL: 0.247058824, 0.200000003, 0.835294127, 0.733333349
vb0[1415]+000 COLOR: 0.247058824, 0.200000003, 0.835294127, 0.733333349
vb0[1415]+012 TEXCOORD: -0.175048828, 1.70019531
vb0[1415]+000 TEXCOORD1: 0.247058824, 0.200000003, 0.835294127, 0.733333349
vb0[1415]+000 TEXCOORD2: 0.247058824, 0.200000003, 0.835294127, 0.733333349
vb0[1415]+000 TEXCOORD3: 0.247058824, 0.200000003, 0.835294127, 0.733333349
vb0[1415]+000 TANGENT: 0.247058824, 0.200000003, 0.835294127, 0.733333349

vb0[1416]+000 POSITION: 0.293212891, -0.979003906, -0.403564453, 1
vb0[1416]+000 NORMAL: 0.694117665, 0.203921571, 0.835294127, 0.733333349
vb0[1416]+000 COLOR: 0.694117665, 0.203921571, 0.835294127, 0.733333349
vb0[1416]+012 TEXCOORD: -0.150024414, 1.70019531
vb0[1416]+000 TEXCOORD1: 0.694117665, 0.203921571, 0.835294127, 0.733333349
vb0[1416]+000 TEXCOORD2: 0.694117665, 0.203921571, 0.835294127, 0.733333349
vb0[1416]+000 TEXCOORD3: 0.694117665, 0.203921571, 0.835294127, 0.733333349
vb0[1416]+000 TANGENT: 0.694117665, 0.203921571, 0.835294127, 0.733333349

vb0[1417]+000 POSITION: 0.352783203, -0.979003906, -0.352783203, 1
vb0[1417]+000 NORMAL: 0.647058845, 0.20784314, 0.835294127, 0.733333349
vb0[1417]+000 COLOR: 0.647058845, 0.20784314, 0.835294127, 0.733333349
vb0[1417]+012 TEXCOORD: -0.125, 1.70019531
vb0[1417]+000 TEXCOORD1: 0.647058845, 0.20784314, 0.835294127, 0.733333349
vb0[1417]+000 TEXCOORD2: 0.647058845, 0.20784314, 0.835294127, 0.733333349
vb0[1417]+000 TEXCOORD3: 0.647058845, 0.20784314, 0.835294127, 0.733333349
vb0[1417]+000 TANGENT: 0.647058845, 0.20784314, 0.835294127, 0.733333349

vb0[1418]+000 POSITION: 0.403564453, -0.979003906, -0.293212891, 1
vb0[1418]+000 NORMAL: 0.458823532, 0.211764708, 0.835294127, 0.733333349
vb0[1418]+000 COLOR: 0.458823532, 0.211764708, 0.835294127, 0.733333349
vb0[1418]+012 TEXCOORD: -0.0999755859, 1.70019531
vb0[1418]+000 TEXCOORD1: 0.458823532, 0.211764708, 0.835294127, 0.733333349
vb0[1418]+000 TEXCOORD2: 0.458823532, 0.211764708, 0.835294127, 0.733333349
vb0[1418]+000 TEXCOORD3: 0.458823532, 0.211764708, 0.835294127, 0.733333349
vb0[1418]+000 TANGENT: 0.458823532, 0.211764708, 0.835294127, 0.733333349

vb0[1419]+000 POSITION: 0.444580078, -0.979003906, -0.22644043, 1
vb0[1419]+000 NORMAL: 0.113725491, 0.215686277, 0.835294127, 0.733333349
vb0[1419]+000 COLOR: 0.113725491, 0.215686277, 0.835294127, 0.733333349
vb0[1419]+012 TEXCOORD: -0.075012207, 1.70019531
vb0[1419]+000 TEXCOORD1: 0.113725491, 0.215686277, 0.835294127, 0.733333349
vb0[1419]+000 TEXCOORD2: 0.113725491, 0.215686277, 0.835294127, 0.733333349
vb0[1419]+000 TEXCOORD3: 0.113725491, 0.215686277, 0.835294127, 0.733333349
vb0[1419]+000 TANGENT: 0.113725491, 0.215686277, 0.835294127, 0.733333349

vb0[1420]+000 POSITION: 0.474365234, -0.979003906, -0.154174805, 1
vb0[1420]+000 NORMAL: 0.592156887, 0.215686277, 0.835294127, 0.733333349
vb0[1420]+000 COLOR: 0.592156887, 0.215686277, 0.835294127, 0.733333349
vb0[1420]+012 TEXCOORD: -0.049987793, 1.70019531
vb0[1420]+000 TEXCOORD1: 0.592156887, 0.215686277, 0.835294127, 0.733333349
vb0[1420]+000 TEXCOORD2: 0.592156887, 0.215686277, 0.835294127, 0.733333349
vb0[1420]+000 TEXCOORD3: 0.592156887, 0.215686277, 0.835294127, 0.733333349
vb0[1420]+000 TANGENT: 0.592156887, 0.215686277, 0.835294127, 0.733333349

vb0[1421]+000 POSITION: 0.492675781, -0.979003906, -0.0780639648, 1
vb0[1421]+000 NORMAL: 0.886274517, 0.215686277, 0.835294127, 0.733333349
vb0[1421]+000 COLOR: 0.886274517, 0.215686277, 0.835294127, 0.733333349
vb0[1421]+012 TEXCOORD: -0.0249938965, 1.70019531
vb0[1421]+000 TEXCOORD1: 0.886274517, 0.215686277, 0.835294127, 0.733333349
vb0[1421]+000 TEXCOORD2: 0.886274517, 0.215686277, 0.835294127, 0.733333349
vb0[1421]+000 TEXCOORD3: 0.886274517, 0.215686277, 0.835294127, 0.733333349
vb0[1421]+000 TANGENT: 0.886274517, 0.215686277, 0.835294127, 0.733333349

vb0[1422]+000 POSITION: 0.498779297, -0.979003906, -0, 1
vb0[1422]+000 NORMAL: 0.984313726, 0.215686277, 0.835294127, 0.733333349
vb0[1422]+000 COLOR: 0.984313726, 0.215686277, 0.835294127, 0.733333349
vb0[1422]+012 TEXCOORD: 0, 1.70019531
vb0[1422]+000 TEXCOORD1: 0.984313726, 0.215686277, 0.835294127, 0.733333349
vb0[1422]+000 TEXCOORD2: 0.984313726, 0.215686277, 0.835294127, 0.733333349
vb0[1422]+000 TEXCOORD3: 0.984313726, 0.215686277, 0.835294127, 0.733333349
vb0[1422]+000 TANGENT: 0.984313726, 0.215686277, 0.835294127, 0.733333349

vb0[1423]+000 POSITION: 0.492675781, -0.979003906, 0.0780639648, 1
vb0[1423]+000 NORMAL: 0.886274517, 0.215686277, 0.835294127, 0.733333349
vb0[1423]+000 COLOR: 0.886274517, 0.215686277, 0.835294127, 0.733333349
vb0[1423]+012 TEXCOORD: 0.0249938965, 1.70019531
vb0[1423]+000 TEXCOORD1: 0.886274517, 0.215686277, 0.835294127, 0.733333349
vb0[1423]+000 TEXCOORD2: 0.886274517, 0.215686277, 0.835294127, 0.733333349
vb0[1423]+000 TEXCOORD3: 0.886274517, 0.215686277, 0.835294127, 0.733333349
vb0[1423]+000 TANGENT: 0.886274517, 0.215686277, 0.835294127, 0.733333349

vb0[1424]+000 POSITION: 0.474365234, -0.979003906, 0.154174805, 1
vb0[1424]+000 NORMAL: 0.592156887, 0.215686277, 0.835294127, 0.733333349
vb0[1424]+000 COLOR: 0.592156887, 0.215686277, 0.835294127, 0.733333349
vb0[1424]+012 TEXCOORD: 0.049987793, 1.70019531
vb0[1424]+000 TEXCOORD1: 0.592156887, 0.215686277, 0.835294127, 0.733333349
vb0[1424]+000 TEXCOORD2: 0.592156887, 0.215686277, 0.835294127, 0.733333349
vb0[1424]+000 TEXCOORD3: 0.592156887, 0.215686277, 0.835294127, 0.733333349
vb0[1424]+000 TANGENT: 0.592156887, 0.215686277, 0.835294127, 0.733333349

vb0[1425]+000 POSITION: 0.444580078, -0.979003906, 0.22644043, 1
vb0[1425]+000 NORMAL: 0.113725491, 0.215686277, 0.835294127, 0.733333349
vb0[1425]+000 COLOR: 0.113725491, 0.215686277, 0.835294127, 0.733333349
vb0[1425]+012 TEXCOORD: 0.075012207, 1.70019531
vb0[1425]+000 TEXCOORD1: 0.113725491, 0.215686277, 0.835294127, 0.733333349
vb0[1425]+000 TEXCOORD2: 0.113725491, 0.215686277, 0.835294127, 0.733333349
vb0[1425]+000 TEXCOORD3: 0.113725491, 0.215686277, 0.835294127, 0.733333349
vb0[1425]+000 TANGENT: 0.113725491, 0.215686277, 0.835294127, 0.733333349

vb0[1426]+000 POSITION: 0.489501953, -0.937011719, 0.300048828, 1
vb0[1426]+000 NORMAL: 0.835294127, 0.215686277, 0.498039216, 0.733333349
vb0[1426]+000 COLOR: 0.835294127, 0.215686277, 0.498039216, 0.733333349
vb0[1426]+012 TEXCOORD: 0.0875244141, 1.65039063
vb0[1426]+000 TEXCOORD1: 0.835294127, 0.215686277, 0.498039216, 0.733333349
vb0[1426]+000 TEXCOORD2: 0.835294127, 0.215686277, 0.498039216, 0.733333349
vb0[1426]+000 TEXCOORD3: 0.835294127, 0.215686277, 0.498039216, 0.733333349
vb0[1426]+000 TANGENT: 0.835294127, 0.215686277, 0.498039216, 0.733333349

vb0[1427]+000 POSITION: 0.436523438, -0.937011719, 0.372802734, 1
vb0[1427]+000 NORMAL: 0.988235295, 0.211764708, 0.498039216, 0.733333349
vb0[1427]+000 COLOR: 0.988235295, 0.211764708, 0.498039216, 0.733333349
vb0[1427]+012 TEXCOORD: 0.112487793, 1.65039063
vb0[1427]+000 TEXCOORD1: 0.988235295, 0.211764708, 0.498039216, 0.733333349
vb0[1427]+000 TEXCOORD2: 0.988235295, 0.211764708, 0.498039216, 0.733333349
vb0[1427]+000 TEXCOORD3: 0.988235295, 0.211764708, 0.498039216, 0.733333349
vb0[1427]+000 TANGENT: 0.988235295, 0.211764708, 0.498039216, 0.733333349

vb0[1428]+000 POSITION: 0.403564453, -0.979003906, 0.293212891, 1
vb0[1428]+000 NORMAL: 0.458823532, 0.211764708, 0.835294127, 0.733333349
vb0[1428]+000 COLOR: 0.458823532, 0.211764708, 0.835294127, 0.733333349
vb0[1428]+012 TEXCOORD: 0.0999755859, 1.70019531
vb0[1428]+000 TEXCOORD1: 0.458823532, 0.211764708, 0.835294127, 0.733333349
vb0[1428]+000 TEXCOORD2: 0.458823532, 0.211764708, 0.835294127, 0.733333349
vb0[1428]+000 TEXCOORD3: 0.458823532, 0.211764708, 0.835294127, 0.733333349
vb0[1428]+000 TANGENT: 0.458823532, 0.211764708, 0.835294127, 0.733333349

vb0[1429]+000 POSITION: 0.352783203, -0.979003906, 0.352783203, 1
vb0[1429]+000 NORMAL: 0.647058845, 0.20784314, 0.835294127, 0.733333349
vb0[1429]+000 COLOR: 0.647058845, 0.20784314, 0.835294127, 0.733333349
vb0[1429]+012 TEXCOORD: 0.125, 1.70019531
vb0[1429]+000 TEXCOORD1: 0.647058845, 0.20784314, 0.835294127, 0.733333349
vb0[1429]+000 TEXCOORD2: 0.647058845, 0.20784314, 0.835294127, 0.733333349
vb0[1429]+000 TEXCOORD3: 0.647058845, 0.20784314, 0.835294127, 0.733333349
vb0[1429]+000 TANGENT: 0.647058845, 0.20784314, 0.835294127, 0.733333349

vb0[1430]+000 POSITION: 0.293212891, -0.979003906, 0.403564453, 1
vb0[1430]+000 NORMAL: 0.694117665, 0.203921571, 0.835294127, 0.733333349
vb0[1430]+000 COLOR: 0.694117665, 0.203921571, 0.835294127, 0.733333349
vb0[1430]+012 TEXCOORD: 0.150024414, 1.70019531
vb0[1430]+000 TEXCOORD1: 0.694117665, 0.203921571, 0.835294127, 0.733333349
vb0[1430]+000 TEXCOORD2: 0.694117665, 0.203921571, 0.835294127, 0.733333349
vb0[1430]+000 TEXCOORD3: 0.694117665, 0.203921571, 0.835294127, 0.733333349
vb0[1430]+000 TANGENT: 0.694117665, 0.203921571, 0.835294127, 0.733333349

vb0[1431]+000 POSITION: 0.22644043, -0.979003906, 0.444580078, 1
vb0[1431]+000 NORMAL: 0.247058824, 0.200000003, 0.835294127, 0.733333349
vb0[1431]+000 COLOR: 0.247058824, 0.200000003, 0.835294127, 0.733333349
vb0[1431]+012 TEXCOORD: 0.175048828, 1.70019531
vb0[1431]+000 TEXCOORD1: 0.247058824, 0.200000003, 0.835294127, 0.733333349
vb0[1431]+000 TEXCOORD2: 0.247058824, 0.200000003, 0.835294127, 0.733333349
vb0[1431]+000 TEXCOORD3: 0.247058824, 0.200000003, 0.835294127, 0.733333349
vb0[1431]+000 TANGENT: 0.247058824, 0.200000003, 0.835294127, 0.733333349

vb0[1432]+000 POSITION: 0.154174805, -0.979003906, 0.474365234, 1
vb0[1432]+000 NORMAL: 0.937254906, 0.188235298, 0.835294127, 0.733333349
vb0[1432]+000 COLOR: 0.937254906, 0.188235298, 0.835294127, 0.733333349
vb0[1432]+012 TEXCOORD: 0.199951172, 1.70019531
vb0[1432]+000 TEXCOORD1: 0.937254906, 0.188235298, 0.835294127, 0.733333349
vb0[1432]+000 TEXCOORD2: 0.937254906, 0.188235298, 0.835294127, 0.733333349
vb0[1432]+000 TEXCOORD3: 0.937254906, 0.188235298, 0.835294127, 0.733333349
vb0[1432]+000 TANGENT: 0.937254906, 0.188235298, 0.835294127, 0.733333349

vb0[1433]+000 POSITION: 0.0780639648, -0.979003906, 0.492675781, 1
vb0[1433]+000 NORMAL: 1, 0.172549024, 0.835294127, 0.733333349
vb0[1433]+000 COLOR: 1, 0.172549024, 0.835294127, 0.733333349
vb0[1433]+012 TEXCOORD: 0.224975586, 1.70019531
vb0[1433]+000 TEXCOORD1: 1, 0.172549024, 0.835294127, 0.733333349
vb0[1433]+000 TEXCOORD2: 1, 0.172549024, 0.835294127, 0.733333349
vb0[1433]+000 TEXCOORD3: 1, 0.172549024, 0.835294127, 0.733333349
vb0[1433]+000 TANGENT: 1, 0.172549024, 0.835294127, 0.733333349

vb0[1434]+000 POSITION: -0, -0.979003906, 0.498779297, 1
vb0[1434]+000 NORMAL: 0, 0.501960814, 0.835294127, 0.733333349
vb0[1434]+000 COLOR: 0, 0.501960814, 0.835294127, 0.733333349
vb0[1434]+012 TEXCOORD: 0.25, 1.70019531
vb0[1434]+000 TEXCOORD1: 0, 0.501960814, 0.835294127, 0.733333349
vb0[1434]+000 TEXCOORD2: 0, 0.501960814, 0.835294127, 0.733333349
vb0[1434]+000 TEXCOORD3: 0, 0.501960814, 0.835294127, 0.733333349
vb0[1434]+000 TANGENT: 0, 0.501960814, 0.835294127, 0.733333349

vb0[1435]+000 POSITION: 0.319824219, -1.015625, 0.273193359, 1
vb0[1435]+000 NORMAL: 0.117647059, 0.20784314, 0.0627451017, 0.737254918
vb0[1435]+000 COLOR: 0.117647059, 0.20784314, 0.0627451017, 0.737254918
vb0[1435]+012 TEXCOORD: 0.112487793, 1.75
vb0[1435]+000 TEXCOORD1: 0.117647059, 0.20784314, 0.0627451017, 0.737254918
vb0[1435]+000 TEXCOORD2: 0.117647059, 0.20784314, 0.0627451017, 0.737254918
vb0[1435]+000 TEXCOORD3: 0.117647059, 0.20784314, 0.0627451017, 0.737254918
vb0[1435]+000 TANGENT: 0.117647059, 0.20784314, 0.0627451017, 0.737254918

vb0[1436]+000 POSITION: 0.358642578, -1.015625, 0.219726563, 1
vb0[1436]+000 NORMAL: 0.741176486, 0.20784314, 0.0627451017, 0.737254918
vb0[1436]+000 COLOR: 0.741176486, 0.20784314, 0.0627451017, 0.737254918
vb0[1436]+012 TEXCOORD: 0.0875244141, 1.75
vb0[1436]+000 TEXCOORD1: 0.741176486, 0.20784314, 0.0627451017, 0.737254918
vb0[1436]+000 TEXCOORD2: 0.741176486, 0.20784314, 0.0627451017, 0.737254918
vb0[1436]+000 TEXCOORD3: 0.741176486, 0.20784314, 0.0627451017, 0.737254918
vb0[1436]+000 TANGENT: 0.741176486, 0.20784314, 0.0627451017, 0.737254918

vb0[1437]+000 POSITION: 0.388427734, -1.015625, 0.160888672, 1
vb0[1437]+000 NORMAL: 0.215686277, 0.211764708, 0.0627451017, 0.737254918
vb0[1437]+000 COLOR: 0.215686277, 0.211764708, 0.0627451017, 0.737254918
vb0[1437]+012 TEXCOORD: 0.0625, 1.75
vb0[1437]+000 TEXCOORD1: 0.215686277, 0.211764708, 0.0627451017, 0.737254918
vb0[1437]+000 TEXCOORD2: 0.215686277, 0.211764708, 0.0627451017, 0.737254918
vb0[1437]+000 TEXCOORD3: 0.215686277, 0.211764708, 0.0627451017, 0.737254918
vb0[1437]+000 TANGENT: 0.215686277, 0.211764708, 0.0627451017, 0.737254918

vb0[1438]+000 POSITION: 0.408935547, -1.015625, 0.0981445313, 1
vb0[1438]+000 NORMAL: 0.545098066, 0.211764708, 0.0627451017, 0.737254918
vb0[1438]+000 COLOR: 0.545098066, 0.211764708, 0.0627451017, 0.737254918
vb0[1438]+012 TEXCOORD: 0.0375061035, 1.75
vb0[1438]+000 TEXCOORD1: 0.545098066, 0.211764708, 0.0627451017, 0.737254918
vb0[1438]+000 TEXCOORD2: 0.545098066, 0.211764708, 0.0627451017, 0.737254918
vb0[1438]+000 TEXCOORD3: 0.545098066, 0.211764708, 0.0627451017, 0.737254918
vb0[1438]+000 TANGENT: 0.545098066, 0.211764708, 0.0627451017, 0.737254918

vb0[1439]+000 POSITION: 0.419189453, -1.015625, 0.032989502, 1
vb0[1439]+000 NORMAL: 0.709803939, 0.211764708, 0.0627451017, 0.737254918
vb0[1439]+000 COLOR: 0.709803939, 0.211764708, 0.0627451017, 0.737254918
vb0[1439]+012 TEXCOORD: 0.0124969482, 1.75
vb0[1439]+000 TEXCOORD1: 0.709803939, 0.211764708, 0.0627451017, 0.737254918
vb0[1439]+000 TEXCOORD2: 0.709803939, 0.211764708, 0.0627451017, 0.737254918
vb0[1439]+000 TEXCOORD3: 0.709803939, 0.211764708, 0.0627451017, 0.737254918
vb0[1439]+000 TANGENT: 0.709803939, 0.211764708, 0.0627451017, 0.737254918

vb0[1440]+000 POSITION: 0.419189453, -1.015625, -0.032989502, 1
vb0[1440]+000 NORMAL: 0.709803939, 0.211764708, 0.0627451017, 0.737254918
vb0[1440]+000 COLOR: 0.709803939, 0.211764708, 0.0627451017, 0.737254918
vb0[1440]+012 TEXCOORD: -0.0124969482, 1.75
vb0[1440]+000 TEXCOORD1: 0.709803939, 0.211764708, 0.0627451017, 0.737254918
vb0[1440]+000 TEXCOORD2: 0.709803939, 0.211764708, 0.0627451017, 0.737254918
vb0[1440]+000 TEXCOORD3: 0.709803939, 0.211764708, 0.0627451017, 0.737254918
vb0[1440]+000 TANGENT: 0.709803939, 0.211764708, 0.0627451017, 0.737254918

vb0[1441]+000 POSITION: 0.408935547, -1.015625, -0.0981445313, 1
vb0[1441]+000 NORMAL: 0.545098066, 0.211764708, 0.0627451017, 0.737254918
vb0[1441]+000 COLOR: 0.545098066, 0.211764708, 0.0627451017, 0.737254918
vb0[1441]+012 TEXCOORD: -0.0375061035, 1.75
vb0[1441]+000 TEXCOORD1: 0.545098066, 0.211764708, 0.0627451017, 0.737254918
vb0[1441]+000 TEXCOORD2: 0.545098066, 0.211764708, 0.0627451017, 0.737254918
vb0[1441]+000 TEXCOORD3: 0.545098066, 0.211764708, 0.0627451017, 0.737254918
vb0[1441]+000 TANGENT: 0.545098066, 0.211764708, 0.0627451017, 0.737254918

vb0[1442]+000 POSITION: 0.388427734, -1.015625, -0.160888672, 1
vb0[1442]+000 NORMAL: 0.215686277, 0.211764708, 0.0627451017, 0.737254918
vb0[1442]+000 COLOR: 0.215686277, 0.211764708, 0.0627451017, 0.737254918
vb0[1442]+012 TEXCOORD: -0.0625, 1.75
vb0[1442]+000 TEXCOORD1: 0.215686277, 0.211764708, 0.0627451017, 0.737254918
vb0[1442]+000 TEXCOORD2: 0.215686277, 0.211764708, 0.0627451017, 0.737254918
vb0[1442]+000 TEXCOORD3: 0.215686277, 0.211764708, 0.0627451017, 0.737254918
vb0[1442]+000 TANGENT: 0.215686277, 0.211764708, 0.0627451017, 0.737254918

vb0[1443]+000 POSITION: 0.358642578, -1.015625, -0.219726563, 1
vb0[1443]+000 NORMAL: 0.741176486, 0.20784314, 0.0627451017, 0.737254918
vb0[1443]+000 COLOR: 0.741176486, 0.20784314, 0.0627451017, 0.737254918
vb0[1443]+012 TEXCOORD: -0.0875244141, 1.75
vb0[1443]+000 TEXCOORD1: 0.741176486, 0.20784314, 0.0627451017, 0.737254918
vb0[1443]+000 TEXCOORD2: 0.741176486, 0.20784314, 0.0627451017, 0.737254918
vb0[1443]+000 TEXCOORD3: 0.741176486, 0.20784314, 0.0627451017, 0.737254918
vb0[1443]+000 TANGENT: 0.741176486, 0.20784314, 0.0627451017, 0.737254918

vb0[1444]+000 POSITION: 0.319824219, -1.015625, -0.273193359, 1
vb0[1444]+000 NORMAL: 0.117647059, 0.20784314, 0.0627451017, 0.737254918
vb0[1444]+000 COLOR: 0.117647059, 0.20784314, 0.0627451017, 0.737254918
vb0[1444]+012 TEXCOORD: -0.112487793, 1.75
vb0[1444]+000 TEXCOORD1: 0.117647059, 0.20784314, 0.0627451017, 0.737254918
vb0[1444]+000 TEXCOORD2: 0.117647059, 0.20784314, 0.0627451017, 0.737254918
vb0[1444]+000 TEXCOORD3: 0.117647059, 0.20784314, 0.0627451017, 0.737254918
vb0[1444]+000 TANGENT: 0.117647059, 0.20784314, 0.0627451017, 0.737254918

vb0[1445]+000 POSITION: 0.273193359, -1.015625, -0.319824219, 1
vb0[1445]+000 NORMAL: 0.372549027, 0.203921571, 0.0627451017, 0.737254918
vb0[1445]+000 COLOR: 0.372549027, 0.203921571, 0.0627451017, 0.737254918
vb0[1445]+012 TEXCOORD: -0.137451172, 1.75
vb0[1445]+000 TEXCOORD1: 0.372549027, 0.203921571, 0.0627451017, 0.737254918
vb0[1445]+000 TEXCOORD2: 0.372549027, 0.203921571, 0.0627451017, 0.737254918
vb0[1445]+000 TEXCOORD3: 0.372549027, 0.203921571, 0.0627451017, 0.737254918
vb0[1445]+000 TANGENT: 0.372549027, 0.203921571, 0.0627451017, 0.737254918

vb0[1446]+000 POSITION: 0.219726563, -1.015625, -0.358642578, 1
vb0[1446]+000 NORMAL: 0.0313725509, 0.200000003, 0.0627451017, 0.737254918
vb0[1446]+000 COLOR: 0.0313725509, 0.200000003, 0.0627451017, 0.737254918
vb0[1446]+012 TEXCOORD: -0.162475586, 1.75
vb0[1446]+000 TEXCOORD1: 0.0313725509, 0.200000003, 0.0627451017, 0.737254918
vb0[1446]+000 TEXCOORD2: 0.0313725509, 0.200000003, 0.0627451017, 0.737254918
vb0[1446]+000 TEXCOORD3: 0.0313725509, 0.200000003, 0.0627451017, 0.737254918
vb0[1446]+000 TANGENT: 0.0313725509, 0.200000003, 0.0627451017, 0.737254918

vb0[1447]+000 POSITION: 0.160888672, -1.015625, -0.388427734, 1
vb0[1447]+000 NORMAL: 0.149019614, 0.192156866, 0.0627451017, 0.737254918
vb0[1447]+000 COLOR: 0.149019614, 0.192156866, 0.0627451017, 0.737254918
vb0[1447]+012 TEXCOORD: -0.1875, 1.75
vb0[1447]+000 TEXCOORD1: 0.149019614, 0.192156866, 0.0627451017, 0.737254918
vb0[1447]+000 TEXCOORD2: 0.149019614, 0.192156866, 0.0627451017, 0.737254918
vb0[1447]+000 TEXCOORD3: 0.149019614, 0.192156866, 0.0627451017, 0.737254918
vb0[1447]+000 TANGENT: 0.149019614, 0.192156866, 0.0627451017, 0.737254918

vb0[1448]+000 POSITION: 0.0981445313, -1.015625, -0.408935547, 1
vb0[1448]+000 NORMAL: 0.282352954, 0.180392161, 0.0627451017, 0.737254918
vb0[1448]+000 COLOR: 0.282352954, 0.180392161, 0.0627451017, 0.737254918
vb0[1448]+012 TEXCOORD: -0.212524414, 1.75
vb0[1448]+000 TEXCOORD1: 0.282352954, 0.180392161, 0.0627451017, 0.737254918
vb0[1448]+000 TEXCOORD2: 0.282352954, 0.180392161, 0.0627451017, 0.737254918
vb0[1448]+000 TEXCOORD3: 0.282352954, 0.180392161, 0.0627451017, 0.737254918
vb0[1448]+000 TANGENT: 0.282352954, 0.180392161, 0.0627451017, 0.737254918

vb0[1449]+000 POSITION: 0.032989502, -1.015625, -0.419189453, 1
vb0[1449]+000 NORMAL: 0.223529413, 0.156862751, 0.0627451017, 0.737254918
vb0[1449]+000 COLOR: 0.223529413, 0.156862751, 0.0627451017, 0.737254918
vb0[1449]+012 TEXCOORD: -0.237548828, 1.75
vb0[1449]+000 TEXCOORD1: 0.223529413, 0.156862751, 0.0627451017, 0.737254918
vb0[1449]+000 TEXCOORD2: 0.223529413, 0.156862751, 0.0627451017, 0.737254918
vb0[1449]+000 TEXCOORD3: 0.223529413, 0.156862751, 0.0627451017, 0.737254918
vb0[1449]+000 TANGENT: 0.223529413, 0.156862751, 0.0627451017, 0.737254918

vb0[1450]+000 POSITION: -0.032989502, -1.015625, -0.419189453, 1
vb0[1450]+000 NORMAL: 0.223529413, 0.65882355, 0.0627451017, 0.737254918
vb0[1450]+000 COLOR: 0.223529413, 0.65882355, 0.0627451017, 0.737254918
vb0[1450]+012 TEXCOORD: -0.262451172, 1.75
vb0[1450]+000 TEXCOORD1: 0.223529413, 0.65882355, 0.0627451017, 0.737254918
vb0[1450]+000 TEXCOORD2: 0.223529413, 0.65882355, 0.0627451017, 0.737254918
vb0[1450]+000 TEXCOORD3: 0.223529413, 0.65882355, 0.0627451017, 0.737254918
vb0[1450]+000 TANGENT: 0.223529413, 0.65882355, 0.0627451017, 0.737254918

vb0[1451]+000 POSITION: -0.0981445313, -1.015625, -0.408935547, 1
vb0[1451]+000 NORMAL: 0.282352954, 0.68235296, 0.0627451017, 0.737254918
vb0[1451]+000 COLOR: 0.282352954, 0.68235296, 0.0627451017, 0.737254918
vb0[1451]+012 TEXCOORD: -0.287597656, 1.75
vb0[1451]+000 TEXCOORD1: 0.282352954, 0.68235296, 0.0627451017, 0.737254918
vb0[1451]+000 TEXCOORD2: 0.282352954, 0.68235296, 0.0627451017, 0.737254918
vb0[1451]+000 TEXCOORD3: 0.282352954, 0.68235296, 0.0627451017, 0.737254918
vb0[1451]+000 TANGENT: 0.282352954, 0.68235296, 0.0627451017, 0.737254918

vb0[1452]+000 POSITION: -0.160888672, -1.015625, -0.388427734, 1
vb0[1452]+000 NORMAL: 0.149019614, 0.694117665, 0.0627451017, 0.737254918
vb0[1452]+000 COLOR: 0.149019614, 0.694117665, 0.0627451017, 0.737254918
vb0[1452]+012 TEXCOORD: -0.3125, 1.75
vb0[1452]+000 TEXCOORD1: 0.149019614, 0.694117665, 0.0627451017, 0.737254918
vb0[1452]+000 TEXCOORD2: 0.149019614, 0.694117665, 0.0627451017, 0.737254918
vb0[1452]+000 TEXCOORD3: 0.149019614, 0.694117665, 0.0627451017, 0.737254918
vb0[1452]+000 TANGENT: 0.149019614, 0.694117665, 0.0627451017, 0.737254918

vb0[1453]+000 POSITION: -0.219726563, -1.015625, -0.358642578, 1
vb0[1453]+000 NORMAL: 0.0313725509, 0.701960802, 0.0627451017, 0.737254918
vb0[1453]+000 COLOR: 0.0313725509, 0.701960802, 0.0627451017, 0.737254918
vb0[1453]+012 TEXCOORD: -0.337402344, 1.75
vb0[1453]+000 TEXCOORD1: 0.0313725509, 0.701960802, 0.0627451017, 0.737254918
vb0[1453]+000 TEXCOORD2: 0.0313725509, 0.701960802, 0.0627451017, 0.737254918
vb0[1453]+000 TEXCOORD3: 0.0313725509, 0.701960802, 0.0627451017, 0.737254918
vb0[1453]+000 TANGENT: 0.0313725509, 0.701960802, 0.0627451017, 0.737254918

vb0[1454]+000 POSITION: -0.273193359, -1.015625, -0.319824219, 1
vb0[1454]+000 NORMAL: 0.372549027, 0.70588237, 0.0627451017, 0.737254918
vb0[1454]+000 COLOR: 0.372549027, 0.70588237, 0.0627451017, 0.737254918
vb0[1454]+012 TEXCOORD: -0.362548828, 1.75
vb0[1454]+000 TEXCOORD1: 0.372549027, 0.70588237, 0.0627451017, 0.737254918
vb0[1454]+000 TEXCOORD2: 0.372549027, 0.70588237, 0.0627451017, 0.737254918
vb0[1454]+000 TEXCOORD3: 0.372549027, 0.70588237, 0.0627451017, 0.737254918
vb0[1454]+000 TANGENT: 0.372549027, 0.70588237, 0.0627451017, 0.737254918

vb0[1455]+000 POSITION: -0.319824219, -1.015625, -0.273193359, 1
vb0[1455]+000 NORMAL: 0.117647059, 0.709803939, 0.0627451017, 0.737254918
vb0[1455]+000 COLOR: 0.117647059, 0.709803939, 0.0627451017, 0.737254918
vb0[1455]+012 TEXCOORD: -0.387451172, 1.75
vb0[1455]+000 TEXCOORD1: 0.117647059, 0.709803939, 0.0627451017, 0.737254918
vb0[1455]+000 TEXCOORD2: 0.117647059, 0.709803939, 0.0627451017, 0.737254918
vb0[1455]+000 TEXCOORD3: 0.117647059, 0.709803939, 0.0627451017, 0.737254918
vb0[1455]+000 TANGENT: 0.117647059, 0.709803939, 0.0627451017, 0.737254918

vb0[1456]+000 POSITION: -0.358642578, -1.015625, -0.219726563, 1
vb0[1456]+000 NORMAL: 0.741176486, 0.709803939, 0.0627451017, 0.737254918
vb0[1456]+000 COLOR: 0.741176486, 0.709803939, 0.0627451017, 0.737254918
vb0[1456]+012 TEXCOORD: -0.412597656, 1.75
vb0[1456]+000 TEXCOORD1: 0.741176486, 0.709803939, 0.0627451017, 0.737254918
vb0[1456]+000 TEXCOORD2: 0.741176486, 0.709803939, 0.0627451017, 0.737254918
vb0[1456]+000 TEXCOORD3: 0.741176486, 0.709803939, 0.0627451017, 0.737254918
vb0[1456]+000 TANGENT: 0.741176486, 0.709803939, 0.0627451017, 0.737254918

vb0[1457]+000 POSITION: -0.388427734, -1.015625, -0.160888672, 1
vb0[1457]+000 NORMAL: 0.215686277, 0.713725507, 0.0627451017, 0.737254918
vb0[1457]+000 COLOR: 0.215686277, 0.713725507, 0.0627451017, 0.737254918
vb0[1457]+012 TEXCOORD: -0.4375, 1.75
vb0[1457]+000 TEXCOORD1: 0.215686277, 0.713725507, 0.0627451017, 0.737254918
vb0[1457]+000 TEXCOORD2: 0.215686277, 0.713725507, 0.0627451017, 0.737254918
vb0[1457]+000 TEXCOORD3: 0.215686277, 0.713725507, 0.0627451017, 0.737254918
vb0[1457]+000 TANGENT: 0.215686277, 0.713725507, 0.0627451017, 0.737254918

vb0[1458]+000 POSITION: -0.302490234, -1.04492188, -0.154174805, 1
vb0[1458]+000 NORMAL: 0.843137264, 0.70588237, 0.180392161, 0.737254918
vb0[1458]+000 COLOR: 0.843137264, 0.70588237, 0.180392161, 0.737254918
vb0[1458]+012 TEXCOORD: -0.425048828, 1.79980469
vb0[1458]+000 TEXCOORD1: 0.843137264, 0.70588237, 0.180392161, 0.737254918
vb0[1458]+000 TEXCOORD2: 0.843137264, 0.70588237, 0.180392161, 0.737254918
vb0[1458]+000 TEXCOORD3: 0.843137264, 0.70588237, 0.180392161, 0.737254918
vb0[1458]+000 TANGENT: 0.843137264, 0.70588237, 0.180392161, 0.737254918

vb0[1459]+000 POSITION: -0.322998047, -1.04492188, -0.104919434, 1
vb0[1459]+000 NORMAL: 0.168627456, 0.709803939, 0.180392161, 0.737254918
vb0[1459]+000 COLOR: 0.168627456, 0.709803939, 0.180392161, 0.737254918
vb0[1459]+012 TEXCOORD: -0.449951172, 1.79980469
vb0[1459]+000 TEXCOORD1: 0.168627456, 0.709803939, 0.180392161, 0.737254918
vb0[1459]+000 TEXCOORD2: 0.168627456, 0.709803939, 0.180392161, 0.737254918
vb0[1459]+000 TEXCOORD3: 0.168627456, 0.709803939, 0.180392161, 0.737254918
vb0[1459]+000 TANGENT: 0.168627456, 0.709803939, 0.180392161, 0.737254918

vb0[1460]+000 POSITION: -0.274658203, -1.04492188, -0.199584961, 1
vb0[1460]+000 NORMAL: 0.396078438, 0.70588237, 0.180392161, 0.737254918
vb0[1460]+000 COLOR: 0.396078438, 0.70588237, 0.180392161, 0.737254918
vb0[1460]+012 TEXCOORD: -0.399902344, 1.79980469
vb0[1460]+000 TEXCOORD1: 0.396078438, 0.70588237, 0.180392161, 0.737254918
vb0[1460]+000 TEXCOORD2: 0.396078438, 0.70588237, 0.180392161, 0.737254918
vb0[1460]+000 TEXCOORD3: 0.396078438, 0.70588237, 0.180392161, 0.737254918
vb0[1460]+000 TANGENT: 0.396078438, 0.70588237, 0.180392161, 0.737254918

vb0[1461]+000 POSITION: -0.240112305, -1.04492188, -0.240112305, 1
vb0[1461]+000 NORMAL: 0.686274529, 0.701960802, 0.180392161, 0.737254918
vb0[1461]+000 COLOR: 0.686274529, 0.701960802, 0.180392161, 0.737254918
vb0[1461]+012 TEXCOORD: -0.375, 1.79980469
vb0[1461]+000 TEXCOORD1: 0.686274529, 0.701960802, 0.180392161, 0.737254918
vb0[1461]+000 TEXCOORD2: 0.686274529, 0.701960802, 0.180392161, 0.737254918
vb0[1461]+000 TEXCOORD3: 0.686274529, 0.701960802, 0.180392161, 0.737254918
vb0[1461]+000 TANGENT: 0.686274529, 0.701960802, 0.180392161, 0.737254918

vb0[1462]+000 POSITION: -0.199584961, -1.04492188, -0.274658203, 1
vb0[1462]+000 NORMAL: 0.388235301, 0.698039234, 0.180392161, 0.737254918
vb0[1462]+000 COLOR: 0.388235301, 0.698039234, 0.180392161, 0.737254918
vb0[1462]+012 TEXCOORD: -0.350097656, 1.79980469
vb0[1462]+000 TEXCOORD1: 0.388235301, 0.698039234, 0.180392161, 0.737254918
vb0[1462]+000 TEXCOORD2: 0.388235301, 0.698039234, 0.180392161, 0.737254918
vb0[1462]+000 TEXCOORD3: 0.388235301, 0.698039234, 0.180392161, 0.737254918
vb0[1462]+000 TANGENT: 0.388235301, 0.698039234, 0.180392161, 0.737254918

vb0[1463]+000 POSITION: -0.154174805, -1.04492188, -0.302490234, 1
vb0[1463]+000 NORMAL: 0.937254906, 0.690196097, 0.180392161, 0.737254918
vb0[1463]+000 COLOR: 0.937254906, 0.690196097, 0.180392161, 0.737254918
vb0[1463]+012 TEXCOORD: -0.324951172, 1.79980469
vb0[1463]+000 TEXCOORD1: 0.937254906, 0.690196097, 0.180392161, 0.737254918
vb0[1463]+000 TEXCOORD2: 0.937254906, 0.690196097, 0.180392161, 0.737254918
vb0[1463]+000 TEXCOORD3: 0.937254906, 0.690196097, 0.180392161, 0.737254918
vb0[1463]+000 TANGENT: 0.937254906, 0.690196097, 0.180392161, 0.737254918

vb0[1464]+000 POSITION: -0.104919434, -1.04492188, -0.322998047, 1
vb0[1464]+000 NORMAL: 0.717647076, 0.68235296, 0.180392161, 0.737254918
vb0[1464]+000 COLOR: 0.717647076, 0.68235296, 0.180392161, 0.737254918
vb0[1464]+012 TEXCOORD: -0.300048828, 1.79980469
vb0[1464]+000 TEXCOORD1: 0.717647076, 0.68235296, 0.180392161, 0.737254918
vb0[1464]+000 TEXCOORD2: 0.717647076, 0.68235296, 0.180392161, 0.737254918
vb0[1464]+000 TEXCOORD3: 0.717647076, 0.68235296, 0.180392161, 0.737254918
vb0[1464]+000 TANGENT: 0.717647076, 0.68235296, 0.180392161, 0.737254918

vb0[1465]+000 POSITION: -0.0531311035, -1.04492188, -0.335449219, 1
vb0[1465]+000 NORMAL: 0.80392158, 0.666666687, 0.180392161, 0.737254918
vb0[1465]+000 COLOR: 0.80392158, 0.666666687, 0.180392161, 0.737254918
vb0[1465]+012 TEXCOORD: -0.274902344, 1.79980469
vb0[1465]+000 TEXCOORD1: 0.80392158, 0.666666687, 0.180392161, 0.737254918
vb0[1465]+000 TEXCOORD2: 0.80392158, 0.666666687, 0.180392161, 0.737254918
vb0[1465]+000 TEXCOORD3: 0.80392158, 0.666666687, 0.180392161, 0.737254918
vb0[1465]+000 TANGENT: 0.80392158, 0.666666687, 0.180392161, 0.737254918

vb0[1466]+000 POSITION: -0, -1.04492188, -0.339599609, 1
vb0[1466]+000 NORMAL: 0, 0.501960814, 0.180392161, 0.737254918
vb0[1466]+000 COLOR: 0, 0.501960814, 0.180392161, 0.737254918
vb0[1466]+012 TEXCOORD: -0.25, 1.79980469
vb0[1466]+000 TEXCOORD1: 0, 0.501960814, 0.180392161, 0.737254918
vb0[1466]+000 TEXCOORD2: 0, 0.501960814, 0.180392161, 0.737254918
vb0[1466]+000 TEXCOORD3: 0, 0.501960814, 0.180392161, 0.737254918
vb0[1466]+000 TANGENT: 0, 0.501960814, 0.180392161, 0.737254918

vb0[1467]+000 POSITION: 0.0531311035, -1.04492188, -0.335449219, 1
vb0[1467]+000 NORMAL: 0.80392158, 0.164705887, 0.180392161, 0.737254918
vb0[1467]+000 COLOR: 0.80392158, 0.164705887, 0.180392161, 0.737254918
vb0[1467]+012 TEXCOORD: -0.224975586, 1.79980469
vb0[1467]+000 TEXCOORD1: 0.80392158, 0.164705887, 0.180392161, 0.737254918
vb0[1467]+000 TEXCOORD2: 0.80392158, 0.164705887, 0.180392161, 0.737254918
vb0[1467]+000 TEXCOORD3: 0.80392158, 0.164705887, 0.180392161, 0.737254918
vb0[1467]+000 TANGENT: 0.80392158, 0.164705887, 0.180392161, 0.737254918

vb0[1468]+000 POSITION: 0.104919434, -1.04492188, -0.322998047, 1
vb0[1468]+000 NORMAL: 0.717647076, 0.180392161, 0.180392161, 0.737254918
vb0[1468]+000 COLOR: 0.717647076, 0.180392161, 0.180392161, 0.737254918
vb0[1468]+012 TEXCOORD: -0.199951172, 1.79980469
vb0[1468]+000 TEXCOORD1: 0.717647076, 0.180392161, 0.180392161, 0.737254918
vb0[1468]+000 TEXCOORD2: 0.717647076, 0.180392161, 0.180392161, 0.737254918
vb0[1468]+000 TEXCOORD3: 0.717647076, 0.180392161, 0.180392161, 0.737254918
vb0[1468]+000 TANGENT: 0.717647076, 0.180392161, 0.180392161, 0.737254918

vb0[1469]+000 POSITION: 0.154174805, -1.04492188, -0.302490234, 1
vb0[1469]+000 NORMAL: 0.937254906, 0.188235298, 0.180392161, 0.737254918
vb0[1469]+000 COLOR: 0.937254906, 0.188235298, 0.180392161, 0.737254918
vb0[1469]+012 TEXCOORD: -0.175048828, 1.79980469
vb0[1469]+000 TEXCOORD1: 0.937254906, 0.188235298, 0.180392161, 0.737254918
vb0[1469]+000 TEXCOORD2: 0.937254906, 0.188235298, 0.180392161, 0.737254918
vb0[1469]+000 TEXCOORD3: 0.937254906, 0.188235298, 0.180392161, 0.737254918
vb0[1469]+000 TANGENT: 0.937254906, 0.188235298, 0.180392161, 0.737254918

vb0[1470]+000 POSITION: 0.199584961, -1.04492188, -0.274658203, 1
vb0[1470]+000 NORMAL: 0.388235301, 0.196078435, 0.180392161, 0.737254918
vb0[1470]+000 COLOR: 0.388235301, 0.196078435, 0.180392161, 0.737254918
vb0[1470]+012 TEXCOORD: -0.150024414, 1.79980469
vb0[1470]+000 TEXCOORD1: 0.388235301, 0.196078435, 0.180392161, 0.737254918
vb0[1470]+000 TEXCOORD2: 0.388235301, 0.196078435, 0.180392161, 0.737254918
vb0[1470]+000 TEXCOORD3: 0.388235301, 0.196078435, 0.180392161, 0.737254918
vb0[1470]+000 TANGENT: 0.388235301, 0.196078435, 0.180392161, 0.737254918

vb0[1471]+000 POSITION: 0.240112305, -1.04492188, -0.240112305, 1
vb0[1471]+000 NORMAL: 0.686274529, 0.200000003, 0.180392161, 0.737254918
vb0[1471]+000 COLOR: 0.686274529, 0.200000003, 0.180392161, 0.737254918
vb0[1471]+012 TEXCOORD: -0.125, 1.79980469
vb0[1471]+000 TEXCOORD1: 0.686274529, 0.200000003, 0.180392161, 0.737254918
vb0[1471]+000 TEXCOORD2: 0.686274529, 0.200000003, 0.180392161, 0.737254918
vb0[1471]+000 TEXCOORD3: 0.686274529, 0.200000003, 0.180392161, 0.737254918
vb0[1471]+000 TANGENT: 0.686274529, 0.200000003, 0.180392161, 0.737254918

vb0[1472]+000 POSITION: 0.274658203, -1.04492188, -0.199584961, 1
vb0[1472]+000 NORMAL: 0.396078438, 0.203921571, 0.180392161, 0.737254918
vb0[1472]+000 COLOR: 0.396078438, 0.203921571, 0.180392161, 0.737254918
vb0[1472]+012 TEXCOORD: -0.0999755859, 1.79980469
vb0[1472]+000 TEXCOORD1: 0.396078438, 0.203921571, 0.180392161, 0.737254918
vb0[1472]+000 TEXCOORD2: 0.396078438, 0.203921571, 0.180392161, 0.737254918
vb0[1472]+000 TEXCOORD3: 0.396078438, 0.203921571, 0.180392161, 0.737254918
vb0[1472]+000 TANGENT: 0.396078438, 0.203921571, 0.180392161, 0.737254918

vb0[1473]+000 POSITION: 0.302490234, -1.04492188, -0.154174805, 1
vb0[1473]+000 NORMAL: 0.843137264, 0.203921571, 0.180392161, 0.737254918
vb0[1473]+000 COLOR: 0.843137264, 0.203921571, 0.180392161, 0.737254918
vb0[1473]+012 TEXCOORD: -0.075012207, 1.79980469
vb0[1473]+000 TEXCOORD1: 0.843137264, 0.203921571, 0.180392161, 0.737254918
vb0[1473]+000 TEXCOORD2: 0.843137264, 0.203921571, 0.180392161, 0.737254918
vb0[1473]+000 TEXCOORD3: 0.843137264, 0.203921571, 0.180392161, 0.737254918
vb0[1473]+000 TANGENT: 0.843137264, 0.203921571, 0.180392161, 0.737254918

vb0[1474]+000 POSITION: 0.322998047, -1.04492188, -0.104919434, 1
vb0[1474]+000 NORMAL: 0.168627456, 0.20784314, 0.180392161, 0.737254918
vb0[1474]+000 COLOR: 0.168627456, 0.20784314, 0.180392161, 0.737254918
vb0[1474]+012 TEXCOORD: -0.049987793, 1.79980469
vb0[1474]+000 TEXCOORD1: 0.168627456, 0.20784314, 0.180392161, 0.737254918
vb0[1474]+000 TEXCOORD2: 0.168627456, 0.20784314, 0.180392161, 0.737254918
vb0[1474]+000 TEXCOORD3: 0.168627456, 0.20784314, 0.180392161, 0.737254918
vb0[1474]+000 TANGENT: 0.168627456, 0.20784314, 0.180392161, 0.737254918

vb0[1475]+000 POSITION: 0.335449219, -1.04492188, -0.0531311035, 1
vb0[1475]+000 NORMAL: 0.368627459, 0.20784314, 0.180392161, 0.737254918
vb0[1475]+000 COLOR: 0.368627459, 0.20784314, 0.180392161, 0.737254918
vb0[1475]+012 TEXCOORD: -0.0249938965, 1.79980469
vb0[1475]+000 TEXCOORD1: 0.368627459, 0.20784314, 0.180392161, 0.737254918
vb0[1475]+000 TEXCOORD2: 0.368627459, 0.20784314, 0.180392161, 0.737254918
vb0[1475]+000 TEXCOORD3: 0.368627459, 0.20784314, 0.180392161, 0.737254918
vb0[1475]+000 TANGENT: 0.368627459, 0.20784314, 0.180392161, 0.737254918

vb0[1476]+000 POSITION: 0.339599609, -1.04492188, -0, 1
vb0[1476]+000 NORMAL: 0.435294122, 0.20784314, 0.180392161, 0.737254918
vb0[1476]+000 COLOR: 0.435294122, 0.20784314, 0.180392161, 0.737254918
vb0[1476]+012 TEXCOORD: 0, 1.79980469
vb0[1476]+000 TEXCOORD1: 0.435294122, 0.20784314, 0.180392161, 0.737254918
vb0[1476]+000 TEXCOORD2: 0.435294122, 0.20784314, 0.180392161, 0.737254918
vb0[1476]+000 TEXCOORD3: 0.435294122, 0.20784314, 0.180392161, 0.737254918
vb0[1476]+000 TANGENT: 0.435294122, 0.20784314, 0.180392161, 0.737254918

vb0[1477]+000 POSITION: 0.335449219, -1.04492188, 0.0531311035, 1
vb0[1477]+000 NORMAL: 0.368627459, 0.20784314, 0.180392161, 0.737254918
vb0[1477]+000 COLOR: 0.368627459, 0.20784314, 0.180392161, 0.737254918
vb0[1477]+012 TEXCOORD: 0.0249938965, 1.79980469
vb0[1477]+000 TEXCOORD1: 0.368627459, 0.20784314, 0.180392161, 0.737254918
vb0[1477]+000 TEXCOORD2: 0.368627459, 0.20784314, 0.180392161, 0.737254918
vb0[1477]+000 TEXCOORD3: 0.368627459, 0.20784314, 0.180392161, 0.737254918
vb0[1477]+000 TANGENT: 0.368627459, 0.20784314, 0.180392161, 0.737254918

vb0[1478]+000 POSITION: 0.322998047, -1.04492188, 0.104919434, 1
vb0[1478]+000 NORMAL: 0.168627456, 0.20784314, 0.180392161, 0.737254918
vb0[1478]+000 COLOR: 0.168627456, 0.20784314, 0.180392161, 0.737254918
vb0[1478]+012 TEXCOORD: 0.049987793, 1.79980469
vb0[1478]+000 TEXCOORD1: 0.168627456, 0.20784314, 0.180392161, 0.737254918
vb0[1478]+000 TEXCOORD2: 0.168627456, 0.20784314, 0.180392161, 0.737254918
vb0[1478]+000 TEXCOORD3: 0.168627456, 0.20784314, 0.180392161, 0.737254918
vb0[1478]+000 TANGENT: 0.168627456, 0.20784314, 0.180392161, 0.737254918

vb0[1479]+000 POSITION: 0.302490234, -1.04492188, 0.154174805, 1
vb0[1479]+000 NORMAL: 0.843137264, 0.203921571, 0.180392161, 0.737254918
vb0[1479]+000 COLOR: 0.843137264, 0.203921571, 0.180392161, 0.737254918
vb0[1479]+012 TEXCOORD: 0.075012207, 1.79980469
vb0[1479]+000 TEXCOORD1: 0.843137264, 0.203921571, 0.180392161, 0.737254918
vb0[1479]+000 TEXCOORD2: 0.843137264, 0.203921571, 0.180392161, 0.737254918
vb0[1479]+000 TEXCOORD3: 0.843137264, 0.203921571, 0.180392161, 0.737254918
vb0[1479]+000 TANGENT: 0.843137264, 0.203921571, 0.180392161, 0.737254918

vb0[1480]+000 POSITION: 0.274658203, -1.04492188, 0.199584961, 1
vb0[1480]+000 NORMAL: 0.396078438, 0.203921571, 0.180392161, 0.737254918
vb0[1480]+000 COLOR: 0.396078438, 0.203921571, 0.180392161, 0.737254918
vb0[1480]+012 TEXCOORD: 0.0999755859, 1.79980469
vb0[1480]+000 TEXCOORD1: 0.396078438, 0.203921571, 0.180392161, 0.737254918
vb0[1480]+000 TEXCOORD2: 0.396078438, 0.203921571, 0.180392161, 0.737254918
vb0[1480]+000 TEXCOORD3: 0.396078438, 0.203921571, 0.180392161, 0.737254918
vb0[1480]+000 TANGENT: 0.396078438, 0.203921571, 0.180392161, 0.737254918

vb0[1481]+000 POSITION: 0.240112305, -1.04492188, 0.240112305, 1
vb0[1481]+000 NORMAL: 0.686274529, 0.200000003, 0.180392161, 0.737254918
vb0[1481]+000 COLOR: 0.686274529, 0.200000003, 0.180392161, 0.737254918
vb0[1481]+012 TEXCOORD: 0.125, 1.79980469
vb0[1481]+000 TEXCOORD1: 0.686274529, 0.200000003, 0.180392161, 0.737254918
vb0[1481]+000 TEXCOORD2: 0.686274529, 0.200000003, 0.180392161, 0.737254918
vb0[1481]+000 TEXCOORD3: 0.686274529, 0.200000003, 0.180392161, 0.737254918
vb0[1481]+000 TANGENT: 0.686274529, 0.200000003, 0.180392161, 0.737254918

vb0[1482]+000 POSITION: 0.273193359, -1.015625, 0.319824219, 1
vb0[1482]+000 NORMAL: 0.372549027, 0.203921571, 0.0627451017, 0.737254918
vb0[1482]+000 COLOR: 0.372549027, 0.203921571, 0.0627451017, 0.737254918
vb0[1482]+012 TEXCOORD: 0.137451172, 1.75
vb0[1482]+000 TEXCOORD1: 0.372549027, 0.203921571, 0.0627451017, 0.737254918
vb0[1482]+000 TEXCOORD2: 0.372549027, 0.203921571, 0.0627451017, 0.737254918
vb0[1482]+000 TEXCOORD3: 0.372549027, 0.203921571, 0.0627451017, 0.737254918
vb0[1482]+000 TANGENT: 0.372549027, 0.203921571, 0.0627451017, 0.737254918

vb0[1483]+000 POSITION: 0.219726563, -1.015625, 0.358642578, 1
vb0[1483]+000 NORMAL: 0.0313725509, 0.200000003, 0.0627451017, 0.737254918
vb0[1483]+000 COLOR: 0.0313725509, 0.200000003, 0.0627451017, 0.737254918
vb0[1483]+012 TEXCOORD: 0.162475586, 1.75
vb0[1483]+000 TEXCOORD1: 0.0313725509, 0.200000003, 0.0627451017, 0.737254918
vb0[1483]+000 TEXCOORD2: 0.0313725509, 0.200000003, 0.0627451017, 0.737254918
vb0[1483]+000 TEXCOORD3: 0.0313725509, 0.200000003, 0.0627451017, 0.737254918
vb0[1483]+000 TANGENT: 0.0313725509, 0.200000003, 0.0627451017, 0.737254918

vb0[1484]+000 POSITION: 0.160888672, -1.015625, 0.388427734, 1
vb0[1484]+000 NORMAL: 0.149019614, 0.192156866, 0.0627451017, 0.737254918
vb0[1484]+000 COLOR: 0.149019614, 0.192156866, 0.0627451017, 0.737254918
vb0[1484]+012 TEXCOORD: 0.1875, 1.75
vb0[1484]+000 TEXCOORD1: 0.149019614, 0.192156866, 0.0627451017, 0.737254918
vb0[1484]+000 TEXCOORD2: 0.149019614, 0.192156866, 0.0627451017, 0.737254918
vb0[1484]+000 TEXCOORD3: 0.149019614, 0.192156866, 0.0627451017, 0.737254918
vb0[1484]+000 TANGENT: 0.149019614, 0.192156866, 0.0627451017, 0.737254918

vb0[1485]+000 POSITION: 0.0981445313, -1.015625, 0.408935547, 1
vb0[1485]+000 NORMAL: 0.282352954, 0.180392161, 0.0627451017, 0.737254918
vb0[1485]+000 COLOR: 0.282352954, 0.180392161, 0.0627451017, 0.737254918
vb0[1485]+012 TEXCOORD: 0.212524414, 1.75
vb0[1485]+000 TEXCOORD1: 0.282352954, 0.180392161, 0.0627451017, 0.737254918
vb0[1485]+000 TEXCOORD2: 0.282352954, 0.180392161, 0.0627451017, 0.737254918
vb0[1485]+000 TEXCOORD3: 0.282352954, 0.180392161, 0.0627451017, 0.737254918
vb0[1485]+000 TANGENT: 0.282352954, 0.180392161, 0.0627451017, 0.737254918

vb0[1486]+000 POSITION: 0.032989502, -1.015625, 0.419189453, 1
vb0[1486]+000 NORMAL: 0.223529413, 0.156862751, 0.0627451017, 0.737254918
vb0[1486]+000 COLOR: 0.223529413, 0.156862751, 0.0627451017, 0.737254918
vb0[1486]+012 TEXCOORD: 0.237548828, 1.75
vb0[1486]+000 TEXCOORD1: 0.223529413, 0.156862751, 0.0627451017, 0.737254918
vb0[1486]+000 TEXCOORD2: 0.223529413, 0.156862751, 0.0627451017, 0.737254918
vb0[1486]+000 TEXCOORD3: 0.223529413, 0.156862751, 0.0627451017, 0.737254918
vb0[1486]+000 TANGENT: 0.223529413, 0.156862751, 0.0627451017, 0.737254918

vb0[1487]+000 POSITION: -0.032989502, -1.015625, 0.419189453, 1
vb0[1487]+000 NORMAL: 0.223529413, 0.65882355, 0.0627451017, 0.737254918
vb0[1487]+000 COLOR: 0.223529413, 0.65882355, 0.0627451017, 0.737254918
vb0[1487]+012 TEXCOORD: 0.262451172, 1.75
vb0[1487]+000 TEXCOORD1: 0.223529413, 0.65882355, 0.0627451017, 0.737254918
vb0[1487]+000 TEXCOORD2: 0.223529413, 0.65882355, 0.0627451017, 0.737254918
vb0[1487]+000 TEXCOORD3: 0.223529413, 0.65882355, 0.0627451017, 0.737254918
vb0[1487]+000 TANGENT: 0.223529413, 0.65882355, 0.0627451017, 0.737254918

vb0[1488]+000 POSITION: -0.0981445313, -1.015625, 0.408935547, 1
vb0[1488]+000 NORMAL: 0.282352954, 0.68235296, 0.0627451017, 0.737254918
vb0[1488]+000 COLOR: 0.282352954, 0.68235296, 0.0627451017, 0.737254918
vb0[1488]+012 TEXCOORD: 0.287597656, 1.75
vb0[1488]+000 TEXCOORD1: 0.282352954, 0.68235296, 0.0627451017, 0.737254918
vb0[1488]+000 TEXCOORD2: 0.282352954, 0.68235296, 0.0627451017, 0.737254918
vb0[1488]+000 TEXCOORD3: 0.282352954, 0.68235296, 0.0627451017, 0.737254918
vb0[1488]+000 TANGENT: 0.282352954, 0.68235296, 0.0627451017, 0.737254918

vb0[1489]+000 POSITION: -0.160888672, -1.015625, 0.388427734, 1
vb0[1489]+000 NORMAL: 0.149019614, 0.694117665, 0.0627451017, 0.737254918
vb0[1489]+000 COLOR: 0.149019614, 0.694117665, 0.0627451017, 0.737254918
vb0[1489]+012 TEXCOORD: 0.3125, 1.75
vb0[1489]+000 TEXCOORD1: 0.149019614, 0.694117665, 0.0627451017, 0.737254918
vb0[1489]+000 TEXCOORD2: 0.149019614, 0.694117665, 0.0627451017, 0.737254918
vb0[1489]+000 TEXCOORD3: 0.149019614, 0.694117665, 0.0627451017, 0.737254918
vb0[1489]+000 TANGENT: 0.149019614, 0.694117665, 0.0627451017, 0.737254918

vb0[1490]+000 POSITION: -0.219726563, -1.015625, 0.358642578, 1
vb0[1490]+000 NORMAL: 0.0313725509, 0.701960802, 0.0627451017, 0.737254918
vb0[1490]+000 COLOR: 0.0313725509, 0.701960802, 0.0627451017, 0.737254918
vb0[1490]+012 TEXCOORD: 0.337402344, 1.75
vb0[1490]+000 TEXCOORD1: 0.0313725509, 0.701960802, 0.0627451017, 0.737254918
vb0[1490]+000 TEXCOORD2: 0.0313725509, 0.701960802, 0.0627451017, 0.737254918
vb0[1490]+000 TEXCOORD3: 0.0313725509, 0.701960802, 0.0627451017, 0.737254918
vb0[1490]+000 TANGENT: 0.0313725509, 0.701960802, 0.0627451017, 0.737254918

vb0[1491]+000 POSITION: -0.273193359, -1.015625, 0.319824219, 1
vb0[1491]+000 NORMAL: 0.372549027, 0.70588237, 0.0627451017, 0.737254918
vb0[1491]+000 COLOR: 0.372549027, 0.70588237, 0.0627451017, 0.737254918
vb0[1491]+012 TEXCOORD: 0.362548828, 1.75
vb0[1491]+000 TEXCOORD1: 0.372549027, 0.70588237, 0.0627451017, 0.737254918
vb0[1491]+000 TEXCOORD2: 0.372549027, 0.70588237, 0.0627451017, 0.737254918
vb0[1491]+000 TEXCOORD3: 0.372549027, 0.70588237, 0.0627451017, 0.737254918
vb0[1491]+000 TANGENT: 0.372549027, 0.70588237, 0.0627451017, 0.737254918

vb0[1492]+000 POSITION: -0.319824219, -1.015625, 0.273193359, 1
vb0[1492]+000 NORMAL: 0.117647059, 0.709803939, 0.0627451017, 0.737254918
vb0[1492]+000 COLOR: 0.117647059, 0.709803939, 0.0627451017, 0.737254918
vb0[1492]+012 TEXCOORD: 0.387451172, 1.75
vb0[1492]+000 TEXCOORD1: 0.117647059, 0.709803939, 0.0627451017, 0.737254918
vb0[1492]+000 TEXCOORD2: 0.117647059, 0.709803939, 0.0627451017, 0.737254918
vb0[1492]+000 TEXCOORD3: 0.117647059, 0.709803939, 0.0627451017, 0.737254918
vb0[1492]+000 TANGENT: 0.117647059, 0.709803939, 0.0627451017, 0.737254918

vb0[1493]+000 POSITION: -0, -1.04492188, 0.339599609, 1
vb0[1493]+000 NORMAL: 0, 0.501960814, 0.180392161, 0.737254918
vb0[1493]+000 COLOR: 0, 0.501960814, 0.180392161, 0.737254918
vb0[1493]+012 TEXCOORD: 0.25, 1.79980469
vb0[1493]+000 TEXCOORD1: 0, 0.501960814, 0.180392161, 0.737254918
vb0[1493]+000 TEXCOORD2: 0, 0.501960814, 0.180392161, 0.737254918
vb0[1493]+000 TEXCOORD3: 0, 0.501960814, 0.180392161, 0.737254918
vb0[1493]+000 TANGENT: 0, 0.501960814, 0.180392161, 0.737254918

vb0[1494]+000 POSITION: 0.0531311035, -1.04492188, 0.335449219, 1
vb0[1494]+000 NORMAL: 0.80392158, 0.164705887, 0.180392161, 0.737254918
vb0[1494]+000 COLOR: 0.80392158, 0.164705887, 0.180392161, 0.737254918
vb0[1494]+012 TEXCOORD: 0.224975586, 1.79980469
vb0[1494]+000 TEXCOORD1: 0.80392158, 0.164705887, 0.180392161, 0.737254918
vb0[1494]+000 TEXCOORD2: 0.80392158, 0.164705887, 0.180392161, 0.737254918
vb0[1494]+000 TEXCOORD3: 0.80392158, 0.164705887, 0.180392161, 0.737254918
vb0[1494]+000 TANGENT: 0.80392158, 0.164705887, 0.180392161, 0.737254918

vb0[1495]+000 POSITION: -0.0531311035, -1.04492188, 0.335449219, 1
vb0[1495]+000 NORMAL: 0.80392158, 0.666666687, 0.180392161, 0.737254918
vb0[1495]+000 COLOR: 0.80392158, 0.666666687, 0.180392161, 0.737254918
vb0[1495]+012 TEXCOORD: 0.274902344, 1.79980469
vb0[1495]+000 TEXCOORD1: 0.80392158, 0.666666687, 0.180392161, 0.737254918
vb0[1495]+000 TEXCOORD2: 0.80392158, 0.666666687, 0.180392161, 0.737254918
vb0[1495]+000 TEXCOORD3: 0.80392158, 0.666666687, 0.180392161, 0.737254918
vb0[1495]+000 TANGENT: 0.80392158, 0.666666687, 0.180392161, 0.737254918

vb0[1496]+000 POSITION: -0.104919434, -1.04492188, 0.322998047, 1
vb0[1496]+000 NORMAL: 0.717647076, 0.68235296, 0.180392161, 0.737254918
vb0[1496]+000 COLOR: 0.717647076, 0.68235296, 0.180392161, 0.737254918
vb0[1496]+012 TEXCOORD: 0.300048828, 1.79980469
vb0[1496]+000 TEXCOORD1: 0.717647076, 0.68235296, 0.180392161, 0.737254918
vb0[1496]+000 TEXCOORD2: 0.717647076, 0.68235296, 0.180392161, 0.737254918
vb0[1496]+000 TEXCOORD3: 0.717647076, 0.68235296, 0.180392161, 0.737254918
vb0[1496]+000 TANGENT: 0.717647076, 0.68235296, 0.180392161, 0.737254918

vb0[1497]+000 POSITION: -0.154174805, -1.04492188, 0.302490234, 1
vb0[1497]+000 NORMAL: 0.937254906, 0.690196097, 0.180392161, 0.737254918
vb0[1497]+000 COLOR: 0.937254906, 0.690196097, 0.180392161, 0.737254918
vb0[1497]+012 TEXCOORD: 0.324951172, 1.79980469
vb0[1497]+000 TEXCOORD1: 0.937254906, 0.690196097, 0.180392161, 0.737254918
vb0[1497]+000 TEXCOORD2: 0.937254906, 0.690196097, 0.180392161, 0.737254918
vb0[1497]+000 TEXCOORD3: 0.937254906, 0.690196097, 0.180392161, 0.737254918
vb0[1497]+000 TANGENT: 0.937254906, 0.690196097, 0.180392161, 0.737254918

vb0[1498]+000 POSITION: -0.199584961, -1.04492188, 0.274658203, 1
vb0[1498]+000 NORMAL: 0.388235301, 0.698039234, 0.180392161, 0.737254918
vb0[1498]+000 COLOR: 0.388235301, 0.698039234, 0.180392161, 0.737254918
vb0[1498]+012 TEXCOORD: 0.350097656, 1.79980469
vb0[1498]+000 TEXCOORD1: 0.388235301, 0.698039234, 0.180392161, 0.737254918
vb0[1498]+000 TEXCOORD2: 0.388235301, 0.698039234, 0.180392161, 0.737254918
vb0[1498]+000 TEXCOORD3: 0.388235301, 0.698039234, 0.180392161, 0.737254918
vb0[1498]+000 TANGENT: 0.388235301, 0.698039234, 0.180392161, 0.737254918

vb0[1499]+000 POSITION: -0.240112305, -1.04492188, 0.240112305, 1
vb0[1499]+000 NORMAL: 0.686274529, 0.701960802, 0.180392161, 0.737254918
vb0[1499]+000 COLOR: 0.686274529, 0.701960802, 0.180392161, 0.737254918
vb0[1499]+012 TEXCOORD: 0.375, 1.79980469
vb0[1499]+000 TEXCOORD1: 0.686274529, 0.701960802, 0.180392161, 0.737254918
vb0[1499]+000 TEXCOORD2: 0.686274529, 0.701960802, 0.180392161, 0.737254918
vb0[1499]+000 TEXCOORD3: 0.686274529, 0.701960802, 0.180392161, 0.737254918
vb0[1499]+000 TANGENT: 0.686274529, 0.701960802, 0.180392161, 0.737254918

vb0[1500]+000 POSITION: -0.274658203, -1.04492188, 0.199584961, 1
vb0[1500]+000 NORMAL: 0.396078438, 0.70588237, 0.180392161, 0.737254918
vb0[1500]+000 COLOR: 0.396078438, 0.70588237, 0.180392161, 0.737254918
vb0[1500]+012 TEXCOORD: 0.399902344, 1.79980469
vb0[1500]+000 TEXCOORD1: 0.396078438, 0.70588237, 0.180392161, 0.737254918
vb0[1500]+000 TEXCOORD2: 0.396078438, 0.70588237, 0.180392161, 0.737254918
vb0[1500]+000 TEXCOORD3: 0.396078438, 0.70588237, 0.180392161, 0.737254918
vb0[1500]+000 TANGENT: 0.396078438, 0.70588237, 0.180392161, 0.737254918

vb0[1501]+000 POSITION: -0.302490234, -1.04492188, 0.154174805, 1
vb0[1501]+000 NORMAL: 0.843137264, 0.70588237, 0.180392161, 0.737254918
vb0[1501]+000 COLOR: 0.843137264, 0.70588237, 0.180392161, 0.737254918
vb0[1501]+012 TEXCOORD: 0.425048828, 1.79980469
vb0[1501]+000 TEXCOORD1: 0.843137264, 0.70588237, 0.180392161, 0.737254918
vb0[1501]+000 TEXCOORD2: 0.843137264, 0.70588237, 0.180392161, 0.737254918
vb0[1501]+000 TEXCOORD3: 0.843137264, 0.70588237, 0.180392161, 0.737254918
vb0[1501]+000 TANGENT: 0.843137264, 0.70588237, 0.180392161, 0.737254918

vb0[1502]+000 POSITION: -0.322998047, -1.04492188, 0.104919434, 1
vb0[1502]+000 NORMAL: 0.168627456, 0.709803939, 0.180392161, 0.737254918
vb0[1502]+000 COLOR: 0.168627456, 0.709803939, 0.180392161, 0.737254918
vb0[1502]+012 TEXCOORD: 0.449951172, 1.79980469
vb0[1502]+000 TEXCOORD1: 0.168627456, 0.709803939, 0.180392161, 0.737254918
vb0[1502]+000 TEXCOORD2: 0.168627456, 0.709803939, 0.180392161, 0.737254918
vb0[1502]+000 TEXCOORD3: 0.168627456, 0.709803939, 0.180392161, 0.737254918
vb0[1502]+000 TANGENT: 0.168627456, 0.709803939, 0.180392161, 0.737254918

vb0[1503]+000 POSITION: -0.408935547, -1.015625, 0.0981445313, 1
vb0[1503]+000 NORMAL: 0.545098066, 0.713725507, 0.0627451017, 0.737254918
vb0[1503]+000 COLOR: 0.545098066, 0.713725507, 0.0627451017, 0.737254918
vb0[1503]+012 TEXCOORD: 0.462402344, 1.75
vb0[1503]+000 TEXCOORD1: 0.545098066, 0.713725507, 0.0627451017, 0.737254918
vb0[1503]+000 TEXCOORD2: 0.545098066, 0.713725507, 0.0627451017, 0.737254918
vb0[1503]+000 TEXCOORD3: 0.545098066, 0.713725507, 0.0627451017, 0.737254918
vb0[1503]+000 TANGENT: 0.545098066, 0.713725507, 0.0627451017, 0.737254918

vb0[1504]+000 POSITION: -0.492675781, -0.979003906, 0.0780639648, 1
vb0[1504]+000 NORMAL: 0.886274517, 0.717647076, 0.835294127, 0.733333349
vb0[1504]+000 COLOR: 0.886274517, 0.717647076, 0.835294127, 0.733333349
vb0[1504]+012 TEXCOORD: 0.475097656, 1.70019531
vb0[1504]+000 TEXCOORD1: 0.886274517, 0.717647076, 0.835294127, 0.733333349
vb0[1504]+000 TEXCOORD2: 0.886274517, 0.717647076, 0.835294127, 0.733333349
vb0[1504]+000 TEXCOORD3: 0.886274517, 0.717647076, 0.835294127, 0.733333349
vb0[1504]+000 TANGENT: 0.886274517, 0.717647076, 0.835294127, 0.733333349

vb0[1505]+000 POSITION: -0.419189453, -1.015625, 0.032989502, 1
vb0[1505]+000 NORMAL: 0.709803939, 0.713725507, 0.0627451017, 0.737254918
vb0[1505]+000 COLOR: 0.709803939, 0.713725507, 0.0627451017, 0.737254918
vb0[1505]+012 TEXCOORD: 0.487548828, 1.75
vb0[1505]+000 TEXCOORD1: 0.709803939, 0.713725507, 0.0627451017, 0.737254918
vb0[1505]+000 TEXCOORD2: 0.709803939, 0.713725507, 0.0627451017, 0.737254918
vb0[1505]+000 TEXCOORD3: 0.709803939, 0.713725507, 0.0627451017, 0.737254918
vb0[1505]+000 TANGENT: 0.709803939, 0.713725507, 0.0627451017, 0.737254918

vb0[1506]+000 POSITION: -0.419189453, -1.015625, -0.032989502, 1
vb0[1506]+000 NORMAL: 0.709803939, 0.713725507, 0.0627451017, 0.737254918
vb0[1506]+000 COLOR: 0.709803939, 0.713725507, 0.0627451017, 0.737254918
vb0[1506]+012 TEXCOORD: 0.512695313, 1.75
vb0[1506]+000 TEXCOORD1: 0.709803939, 0.713725507, 0.0627451017, 0.737254918
vb0[1506]+000 TEXCOORD2: 0.709803939, 0.713725507, 0.0627451017, 0.737254918
vb0[1506]+000 TEXCOORD3: 0.709803939, 0.713725507, 0.0627451017, 0.737254918
vb0[1506]+000 TANGENT: 0.709803939, 0.713725507, 0.0627451017, 0.737254918

vb0[1507]+000 POSITION: -0.408935547, -1.015625, -0.0981445313, 1
vb0[1507]+000 NORMAL: 0.545098066, 0.713725507, 0.0627451017, 0.737254918
vb0[1507]+000 COLOR: 0.545098066, 0.713725507, 0.0627451017, 0.737254918
vb0[1507]+012 TEXCOORD: 0.537597656, 1.75
vb0[1507]+000 TEXCOORD1: 0.545098066, 0.713725507, 0.0627451017, 0.737254918
vb0[1507]+000 TEXCOORD2: 0.545098066, 0.713725507, 0.0627451017, 0.737254918
vb0[1507]+000 TEXCOORD3: 0.545098066, 0.713725507, 0.0627451017, 0.737254918
vb0[1507]+000 TANGENT: 0.545098066, 0.713725507, 0.0627451017, 0.737254918

vb0[1508]+000 POSITION: -0.388427734, -1.015625, -0.160888672, 1
vb0[1508]+000 NORMAL: 0.215686277, 0.713725507, 0.0627451017, 0.737254918
vb0[1508]+000 COLOR: 0.215686277, 0.713725507, 0.0627451017, 0.737254918
vb0[1508]+012 TEXCOORD: 0.5625, 1.75
vb0[1508]+000 TEXCOORD1: 0.215686277, 0.713725507, 0.0627451017, 0.737254918
vb0[1508]+000 TEXCOORD2: 0.215686277, 0.713725507, 0.0627451017, 0.737254918
vb0[1508]+000 TEXCOORD3: 0.215686277, 0.713725507, 0.0627451017, 0.737254918
vb0[1508]+000 TANGENT: 0.215686277, 0.713725507, 0.0627451017, 0.737254918

vb0[1509]+000 POSITION: -0.335449219, -1.04492188, 0.0531311035, 1
vb0[1509]+000 NORMAL: 0.368627459, 0.709803939, 0.180392161, 0.737254918
vb0[1509]+000 COLOR: 0.368627459, 0.709803939, 0.180392161, 0.737254918
vb0[1509]+012 TEXCOORD: 0.475097656, 1.79980469
vb0[1509]+000 TEXCOORD1: 0.368627459, 0.709803939, 0.180392161, 0.737254918
vb0[1509]+000 TEXCOORD2: 0.368627459, 0.709803939, 0.180392161, 0.737254918
vb0[1509]+000 TEXCOORD3: 0.368627459, 0.709803939, 0.180392161, 0.737254918
vb0[1509]+000 TANGENT: 0.368627459, 0.709803939, 0.180392161, 0.737254918

vb0[1510]+000 POSITION: -0.339599609, -1.04492188, -0, 1
vb0[1510]+000 NORMAL: 0.435294122, 0.709803939, 0.180392161, 0.737254918
vb0[1510]+000 COLOR: 0.435294122, 0.709803939, 0.180392161, 0.737254918
vb0[1510]+012 TEXCOORD: 0.5, 1.79980469
vb0[1510]+000 TEXCOORD1: 0.435294122, 0.709803939, 0.180392161, 0.737254918
vb0[1510]+000 TEXCOORD2: 0.435294122, 0.709803939, 0.180392161, 0.737254918
vb0[1510]+000 TEXCOORD3: 0.435294122, 0.709803939, 0.180392161, 0.737254918
vb0[1510]+000 TANGENT: 0.435294122, 0.709803939, 0.180392161, 0.737254918

vb0[1511]+000 POSITION: -0.335449219, -1.04492188, -0.0531311035, 1
vb0[1511]+000 NORMAL: 0.368627459, 0.709803939, 0.180392161, 0.737254918
vb0[1511]+000 COLOR: 0.368627459, 0.709803939, 0.180392161, 0.737254918
vb0[1511]+012 TEXCOORD: 0.524902344, 1.79980469
vb0[1511]+000 TEXCOORD1: 0.368627459, 0.709803939, 0.180392161, 0.737254918
vb0[1511]+000 TEXCOORD2: 0.368627459, 0.709803939, 0.180392161, 0.737254918
vb0[1511]+000 TEXCOORD3: 0.368627459, 0.709803939, 0.180392161, 0.737254918
vb0[1511]+000 TANGENT: 0.368627459, 0.709803939, 0.180392161, 0.737254918

vb0[1512]+000 POSITION: -0.322998047, -1.04492188, -0.104919434, 1
vb0[1512]+000 NORMAL: 0.168627456, 0.709803939, 0.180392161, 0.737254918
vb0[1512]+000 COLOR: 0.168627456, 0.709803939, 0.180392161, 0.737254918
vb0[1512]+012 TEXCOORD: 0.549804688, 1.79980469
vb0[1512]+000 TEXCOORD1: 0.168627456, 0.709803939, 0.180392161, 0.737254918
vb0[1512]+000 TEXCOORD2: 0.168627456, 0.709803939, 0.180392161, 0.737254918
vb0[1512]+000 TEXCOORD3: 0.168627456, 0.709803939, 0.180392161, 0.737254918
vb0[1512]+000 TANGENT: 0.168627456, 0.709803939, 0.180392161, 0.737254918

vb0[1513]+000 POSITION: -0.255859375, -1.06835938, 0.0201263428, 1
vb0[1513]+000 NORMAL: 0.0941176489, 0.70588237, 0.274509817, 0.737254918
vb0[1513]+000 COLOR: 0.0941176489, 0.70588237, 0.274509817, 0.737254918
vb0[1513]+012 TEXCOORD: 0.487548828, 1.84960938
vb0[1513]+000 TEXCOORD1: 0.0941176489, 0.70588237, 0.274509817, 0.737254918
vb0[1513]+000 TEXCOORD2: 0.0941176489, 0.70588237, 0.274509817, 0.737254918
vb0[1513]+000 TEXCOORD3: 0.0941176489, 0.70588237, 0.274509817, 0.737254918
vb0[1513]+000 TANGENT: 0.0941176489, 0.70588237, 0.274509817, 0.737254918

vb0[1514]+000 POSITION: -0.249389648, -1.06835938, 0.0598754883, 1
vb0[1514]+000 NORMAL: 0.984313726, 0.701960802, 0.274509817, 0.737254918
vb0[1514]+000 COLOR: 0.984313726, 0.701960802, 0.274509817, 0.737254918
vb0[1514]+012 TEXCOORD: 0.462402344, 1.84960938
vb0[1514]+000 TEXCOORD1: 0.984313726, 0.701960802, 0.274509817, 0.737254918
vb0[1514]+000 TEXCOORD2: 0.984313726, 0.701960802, 0.274509817, 0.737254918
vb0[1514]+000 TEXCOORD3: 0.984313726, 0.701960802, 0.274509817, 0.737254918
vb0[1514]+000 TANGENT: 0.984313726, 0.701960802, 0.274509817, 0.737254918

vb0[1515]+000 POSITION: -0.237060547, -1.06835938, 0.0981445313, 1
vb0[1515]+000 NORMAL: 0.588235319, 0.701960802, 0.274509817, 0.737254918
vb0[1515]+000 COLOR: 0.588235319, 0.701960802, 0.274509817, 0.737254918
vb0[1515]+012 TEXCOORD: 0.4375, 1.84960938
vb0[1515]+000 TEXCOORD1: 0.588235319, 0.701960802, 0.274509817, 0.737254918
vb0[1515]+000 TEXCOORD2: 0.588235319, 0.701960802, 0.274509817, 0.737254918
vb0[1515]+000 TEXCOORD3: 0.588235319, 0.701960802, 0.274509817, 0.737254918
vb0[1515]+000 TANGENT: 0.588235319, 0.701960802, 0.274509817, 0.737254918

vb0[1516]+000 POSITION: -0.21875, -1.06835938, 0.134033203, 1
vb0[1516]+000 NORMAL: 0, 0.701960802, 0.274509817, 0.737254918
vb0[1516]+000 COLOR: 0, 0.701960802, 0.274509817, 0.737254918
vb0[1516]+012 TEXCOORD: 0.412597656, 1.84960938
vb0[1516]+000 TEXCOORD1: 0, 0.701960802, 0.274509817, 0.737254918
vb0[1516]+000 TEXCOORD2: 0, 0.701960802, 0.274509817, 0.737254918
vb0[1516]+000 TEXCOORD3: 0, 0.701960802, 0.274509817, 0.737254918
vb0[1516]+000 TANGENT: 0, 0.701960802, 0.274509817, 0.737254918

vb0[1517]+000 POSITION: -0.195068359, -1.06835938, 0.166625977, 1
vb0[1517]+000 NORMAL: 0.243137255, 0.698039234, 0.274509817, 0.737254918
vb0[1517]+000 COLOR: 0.243137255, 0.698039234, 0.274509817, 0.737254918
vb0[1517]+012 TEXCOORD: 0.387451172, 1.84960938
vb0[1517]+000 TEXCOORD1: 0.243137255, 0.698039234, 0.274509817, 0.737254918
vb0[1517]+000 TEXCOORD2: 0.243137255, 0.698039234, 0.274509817, 0.737254918
vb0[1517]+000 TEXCOORD3: 0.243137255, 0.698039234, 0.274509817, 0.737254918
vb0[1517]+000 TANGENT: 0.243137255, 0.698039234, 0.274509817, 0.737254918

vb0[1518]+000 POSITION: -0.166625977, -1.06835938, 0.195068359, 1
vb0[1518]+000 NORMAL: 0.333333343, 0.694117665, 0.274509817, 0.737254918
vb0[1518]+000 COLOR: 0.333333343, 0.694117665, 0.274509817, 0.737254918
vb0[1518]+012 TEXCOORD: 0.362548828, 1.84960938
vb0[1518]+000 TEXCOORD1: 0.333333343, 0.694117665, 0.274509817, 0.737254918
vb0[1518]+000 TEXCOORD2: 0.333333343, 0.694117665, 0.274509817, 0.737254918
vb0[1518]+000 TEXCOORD3: 0.333333343, 0.694117665, 0.274509817, 0.737254918
vb0[1518]+000 TANGENT: 0.333333343, 0.694117665, 0.274509817, 0.737254918

vb0[1519]+000 POSITION: -0.134033203, -1.06835938, 0.21875, 1
vb0[1519]+000 NORMAL: 0.290196091, 0.690196097, 0.274509817, 0.737254918
vb0[1519]+000 COLOR: 0.290196091, 0.690196097, 0.274509817, 0.737254918
vb0[1519]+012 TEXCOORD: 0.337402344, 1.84960938
vb0[1519]+000 TEXCOORD1: 0.290196091, 0.690196097, 0.274509817, 0.737254918
vb0[1519]+000 TEXCOORD2: 0.290196091, 0.690196097, 0.274509817, 0.737254918
vb0[1519]+000 TEXCOORD3: 0.290196091, 0.690196097, 0.274509817, 0.737254918
vb0[1519]+000 TANGENT: 0.290196091, 0.690196097, 0.274509817, 0.737254918

vb0[1520]+000 POSITION: -0.0981445313, -1.06835938, 0.237060547, 1
vb0[1520]+000 NORMAL: 0.282352954, 0.68235296, 0.274509817, 0.737254918
vb0[1520]+000 COLOR: 0.282352954, 0.68235296, 0.274509817, 0.737254918
vb0[1520]+012 TEXCOORD: 0.3125, 1.84960938
vb0[1520]+000 TEXCOORD1: 0.282352954, 0.68235296, 0.274509817, 0.737254918
vb0[1520]+000 TEXCOORD2: 0.282352954, 0.68235296, 0.274509817, 0.737254918
vb0[1520]+000 TEXCOORD3: 0.282352954, 0.68235296, 0.274509817, 0.737254918
vb0[1520]+000 TANGENT: 0.282352954, 0.68235296, 0.274509817, 0.737254918

vb0[1521]+000 POSITION: -0.0598754883, -1.06835938, 0.249389648, 1
vb0[1521]+000 NORMAL: 0.666666687, 0.670588255, 0.274509817, 0.737254918
vb0[1521]+000 COLOR: 0.666666687, 0.670588255, 0.274509817, 0.737254918
vb0[1521]+012 TEXCOORD: 0.287597656, 1.84960938
vb0[1521]+000 TEXCOORD1: 0.666666687, 0.670588255, 0.274509817, 0.737254918
vb0[1521]+000 TEXCOORD2: 0.666666687, 0.670588255, 0.274509817, 0.737254918
vb0[1521]+000 TEXCOORD3: 0.666666687, 0.670588255, 0.274509817, 0.737254918
vb0[1521]+000 TANGENT: 0.666666687, 0.670588255, 0.274509817, 0.737254918

vb0[1522]+000 POSITION: -0.0201263428, -1.06835938, 0.255859375, 1
vb0[1522]+000 NORMAL: 0.152941182, 0.647058845, 0.274509817, 0.737254918
vb0[1522]+000 COLOR: 0.152941182, 0.647058845, 0.274509817, 0.737254918
vb0[1522]+012 TEXCOORD: 0.262451172, 1.84960938
vb0[1522]+000 TEXCOORD1: 0.152941182, 0.647058845, 0.274509817, 0.737254918
vb0[1522]+000 TEXCOORD2: 0.152941182, 0.647058845, 0.274509817, 0.737254918
vb0[1522]+000 TEXCOORD3: 0.152941182, 0.647058845, 0.274509817, 0.737254918
vb0[1522]+000 TANGENT: 0.152941182, 0.647058845, 0.274509817, 0.737254918

vb0[1523]+000 POSITION: 0.0201263428, -1.06835938, 0.255859375, 1
vb0[1523]+000 NORMAL: 0.152941182, 0.145098045, 0.274509817, 0.737254918
vb0[1523]+000 COLOR: 0.152941182, 0.145098045, 0.274509817, 0.737254918
vb0[1523]+012 TEXCOORD: 0.237548828, 1.84960938
vb0[1523]+000 TEXCOORD1: 0.152941182, 0.145098045, 0.274509817, 0.737254918
vb0[1523]+000 TEXCOORD2: 0.152941182, 0.145098045, 0.274509817, 0.737254918
vb0[1523]+000 TEXCOORD3: 0.152941182, 0.145098045, 0.274509817, 0.737254918
vb0[1523]+000 TANGENT: 0.152941182, 0.145098045, 0.274509817, 0.737254918

vb0[1524]+000 POSITION: 0.0598754883, -1.06835938, 0.249389648, 1
vb0[1524]+000 NORMAL: 0.666666687, 0.168627456, 0.274509817, 0.737254918
vb0[1524]+000 COLOR: 0.666666687, 0.168627456, 0.274509817, 0.737254918
vb0[1524]+012 TEXCOORD: 0.212524414, 1.84960938
vb0[1524]+000 TEXCOORD1: 0.666666687, 0.168627456, 0.274509817, 0.737254918
vb0[1524]+000 TEXCOORD2: 0.666666687, 0.168627456, 0.274509817, 0.737254918
vb0[1524]+000 TEXCOORD3: 0.666666687, 0.168627456, 0.274509817, 0.737254918
vb0[1524]+000 TANGENT: 0.666666687, 0.168627456, 0.274509817, 0.737254918

vb0[1525]+000 POSITION: 0.104919434, -1.04492188, 0.322998047, 1
vb0[1525]+000 NORMAL: 0.717647076, 0.180392161, 0.180392161, 0.737254918
vb0[1525]+000 COLOR: 0.717647076, 0.180392161, 0.180392161, 0.737254918
vb0[1525]+012 TEXCOORD: 0.199951172, 1.79980469
vb0[1525]+000 TEXCOORD1: 0.717647076, 0.180392161, 0.180392161, 0.737254918
vb0[1525]+000 TEXCOORD2: 0.717647076, 0.180392161, 0.180392161, 0.737254918
vb0[1525]+000 TEXCOORD3: 0.717647076, 0.180392161, 0.180392161, 0.737254918
vb0[1525]+000 TANGENT: 0.717647076, 0.180392161, 0.180392161, 0.737254918

vb0[1526]+000 POSITION: 0.154174805, -1.04492188, 0.302490234, 1
vb0[1526]+000 NORMAL: 0.937254906, 0.188235298, 0.180392161, 0.737254918
vb0[1526]+000 COLOR: 0.937254906, 0.188235298, 0.180392161, 0.737254918
vb0[1526]+012 TEXCOORD: 0.175048828, 1.79980469
vb0[1526]+000 TEXCOORD1: 0.937254906, 0.188235298, 0.180392161, 0.737254918
vb0[1526]+000 TEXCOORD2: 0.937254906, 0.188235298, 0.180392161, 0.737254918
vb0[1526]+000 TEXCOORD3: 0.937254906, 0.188235298, 0.180392161, 0.737254918
vb0[1526]+000 TANGENT: 0.937254906, 0.188235298, 0.180392161, 0.737254918

vb0[1527]+000 POSITION: 0.199584961, -1.04492188, 0.274658203, 1
vb0[1527]+000 NORMAL: 0.388235301, 0.196078435, 0.180392161, 0.737254918
vb0[1527]+000 COLOR: 0.388235301, 0.196078435, 0.180392161, 0.737254918
vb0[1527]+012 TEXCOORD: 0.150024414, 1.79980469
vb0[1527]+000 TEXCOORD1: 0.388235301, 0.196078435, 0.180392161, 0.737254918
vb0[1527]+000 TEXCOORD2: 0.388235301, 0.196078435, 0.180392161, 0.737254918
vb0[1527]+000 TEXCOORD3: 0.388235301, 0.196078435, 0.180392161, 0.737254918
vb0[1527]+000 TANGENT: 0.388235301, 0.196078435, 0.180392161, 0.737254918

vb0[1528]+000 POSITION: 0.166625977, -1.06835938, 0.195068359, 1
vb0[1528]+000 NORMAL: 0.333333343, 0.192156866, 0.274509817, 0.737254918
vb0[1528]+000 COLOR: 0.333333343, 0.192156866, 0.274509817, 0.737254918
vb0[1528]+012 TEXCOORD: 0.137451172, 1.84960938
vb0[1528]+000 TEXCOORD1: 0.333333343, 0.192156866, 0.274509817, 0.737254918
vb0[1528]+000 TEXCOORD2: 0.333333343, 0.192156866, 0.274509817, 0.737254918
vb0[1528]+000 TEXCOORD3: 0.333333343, 0.192156866, 0.274509817, 0.737254918
vb0[1528]+000 TANGENT: 0.333333343, 0.192156866, 0.274509817, 0.737254918

vb0[1529]+000 POSITION: 0.195068359, -1.06835938, 0.166625977, 1
vb0[1529]+000 NORMAL: 0.243137255, 0.196078435, 0.274509817, 0.737254918
vb0[1529]+000 COLOR: 0.243137255, 0.196078435, 0.274509817, 0.737254918
vb0[1529]+012 TEXCOORD: 0.112487793, 1.84960938
vb0[1529]+000 TEXCOORD1: 0.243137255, 0.196078435, 0.274509817, 0.737254918
vb0[1529]+000 TEXCOORD2: 0.243137255, 0.196078435, 0.274509817, 0.737254918
vb0[1529]+000 TEXCOORD3: 0.243137255, 0.196078435, 0.274509817, 0.737254918
vb0[1529]+000 TANGENT: 0.243137255, 0.196078435, 0.274509817, 0.737254918

vb0[1530]+000 POSITION: 0.21875, -1.06835938, 0.134033203, 1
vb0[1530]+000 NORMAL: 0, 0.200000003, 0.274509817, 0.737254918
vb0[1530]+000 COLOR: 0, 0.200000003, 0.274509817, 0.737254918
vb0[1530]+012 TEXCOORD: 0.0875244141, 1.84960938
vb0[1530]+000 TEXCOORD1: 0, 0.200000003, 0.274509817, 0.737254918
vb0[1530]+000 TEXCOORD2: 0, 0.200000003, 0.274509817, 0.737254918
vb0[1530]+000 TEXCOORD3: 0, 0.200000003, 0.274509817, 0.737254918
vb0[1530]+000 TANGENT: 0, 0.200000003, 0.274509817, 0.737254918

vb0[1531]+000 POSITION: 0.237060547, -1.06835938, 0.0981445313, 1
vb0[1531]+000 NORMAL: 0.588235319, 0.200000003, 0.274509817, 0.737254918
vb0[1531]+000 COLOR: 0.588235319, 0.200000003, 0.274509817, 0.737254918
vb0[1531]+012 TEXCOORD: 0.0625, 1.84960938
vb0[1531]+000 TEXCOORD1: 0.588235319, 0.200000003, 0.274509817, 0.737254918
vb0[1531]+000 TEXCOORD2: 0.588235319, 0.200000003, 0.274509817, 0.737254918
vb0[1531]+000 TEXCOORD3: 0.588235319, 0.200000003, 0.274509817, 0.737254918
vb0[1531]+000 TANGENT: 0.588235319, 0.200000003, 0.274509817, 0.737254918

vb0[1532]+000 POSITION: 0.249389648, -1.06835938, 0.0598754883, 1
vb0[1532]+000 NORMAL: 0.984313726, 0.200000003, 0.274509817, 0.737254918
vb0[1532]+000 COLOR: 0.984313726, 0.200000003, 0.274509817, 0.737254918
vb0[1532]+012 TEXCOORD: 0.0375061035, 1.84960938
vb0[1532]+000 TEXCOORD1: 0.984313726, 0.200000003, 0.274509817, 0.737254918
vb0[1532]+000 TEXCOORD2: 0.984313726, 0.200000003, 0.274509817, 0.737254918
vb0[1532]+000 TEXCOORD3: 0.984313726, 0.200000003, 0.274509817, 0.737254918
vb0[1532]+000 TANGENT: 0.984313726, 0.200000003, 0.274509817, 0.737254918

vb0[1533]+000 POSITION: 0.255859375, -1.06835938, 0.0201263428, 1
vb0[1533]+000 NORMAL: 0.0941176489, 0.203921571, 0.274509817, 0.737254918
vb0[1533]+000 COLOR: 0.0941176489, 0.203921571, 0.274509817, 0.737254918
vb0[1533]+012 TEXCOORD: 0.0124969482, 1.84960938
vb0[1533]+000 TEXCOORD1: 0.0941176489, 0.203921571, 0.274509817, 0.737254918
vb0[1533]+000 TEXCOORD2: 0.0941176489, 0.203921571, 0.274509817, 0.737254918
vb0[1533]+000 TEXCOORD3: 0.0941176489, 0.203921571, 0.274509817, 0.737254918
vb0[1533]+000 TANGENT: 0.0941176489, 0.203921571, 0.274509817, 0.737254918

vb0[1534]+000 POSITION: 0.255859375, -1.06835938, -0.0201263428, 1
vb0[1534]+000 NORMAL: 0.0941176489, 0.203921571, 0.274509817, 0.737254918
vb0[1534]+000 COLOR: 0.0941176489, 0.203921571, 0.274509817, 0.737254918
vb0[1534]+012 TEXCOORD: -0.0124969482, 1.84960938
vb0[1534]+000 TEXCOORD1: 0.0941176489, 0.203921571, 0.274509817, 0.737254918
vb0[1534]+000 TEXCOORD2: 0.0941176489, 0.203921571, 0.274509817, 0.737254918
vb0[1534]+000 TEXCOORD3: 0.0941176489, 0.203921571, 0.274509817, 0.737254918
vb0[1534]+000 TANGENT: 0.0941176489, 0.203921571, 0.274509817, 0.737254918

vb0[1535]+000 POSITION: 0.249389648, -1.06835938, -0.0598754883, 1
vb0[1535]+000 NORMAL: 0.984313726, 0.200000003, 0.274509817, 0.737254918
vb0[1535]+000 COLOR: 0.984313726, 0.200000003, 0.274509817, 0.737254918
vb0[1535]+012 TEXCOORD: -0.0375061035, 1.84960938
vb0[1535]+000 TEXCOORD1: 0.984313726, 0.200000003, 0.274509817, 0.737254918
vb0[1535]+000 TEXCOORD2: 0.984313726, 0.200000003, 0.274509817, 0.737254918
vb0[1535]+000 TEXCOORD3: 0.984313726, 0.200000003, 0.274509817, 0.737254918
vb0[1535]+000 TANGENT: 0.984313726, 0.200000003, 0.274509817, 0.737254918

vb0[1536]+000 POSITION: 0.237060547, -1.06835938, -0.0981445313, 1
vb0[1536]+000 NORMAL: 0.588235319, 0.200000003, 0.274509817, 0.737254918
vb0[1536]+000 COLOR: 0.588235319, 0.200000003, 0.274509817, 0.737254918
vb0[1536]+012 TEXCOORD: -0.0625, 1.84960938
vb0[1536]+000 TEXCOORD1: 0.588235319, 0.200000003, 0.274509817, 0.737254918
vb0[1536]+000 TEXCOORD2: 0.588235319, 0.200000003, 0.274509817, 0.737254918
vb0[1536]+000 TEXCOORD3: 0.588235319, 0.200000003, 0.274509817, 0.737254918
vb0[1536]+000 TANGENT: 0.588235319, 0.200000003, 0.274509817, 0.737254918

vb0[1537]+000 POSITION: 0.21875, -1.06835938, -0.134033203, 1
vb0[1537]+000 NORMAL: 0, 0.200000003, 0.274509817, 0.737254918
vb0[1537]+000 COLOR: 0, 0.200000003, 0.274509817, 0.737254918
vb0[1537]+012 TEXCOORD: -0.0875244141, 1.84960938
vb0[1537]+000 TEXCOORD1: 0, 0.200000003, 0.274509817, 0.737254918
vb0[1537]+000 TEXCOORD2: 0, 0.200000003, 0.274509817, 0.737254918
vb0[1537]+000 TEXCOORD3: 0, 0.200000003, 0.274509817, 0.737254918
vb0[1537]+000 TANGENT: 0, 0.200000003, 0.274509817, 0.737254918

vb0[1538]+000 POSITION: 0.195068359, -1.06835938, -0.166625977, 1
vb0[1538]+000 NORMAL: 0.243137255, 0.196078435, 0.274509817, 0.737254918
vb0[1538]+000 COLOR: 0.243137255, 0.196078435, 0.274509817, 0.737254918
vb0[1538]+012 TEXCOORD: -0.112487793, 1.84960938
vb0[1538]+000 TEXCOORD1: 0.243137255, 0.196078435, 0.274509817, 0.737254918
vb0[1538]+000 TEXCOORD2: 0.243137255, 0.196078435, 0.274509817, 0.737254918
vb0[1538]+000 TEXCOORD3: 0.243137255, 0.196078435, 0.274509817, 0.737254918
vb0[1538]+000 TANGENT: 0.243137255, 0.196078435, 0.274509817, 0.737254918

vb0[1539]+000 POSITION: 0.166625977, -1.06835938, -0.195068359, 1
vb0[1539]+000 NORMAL: 0.333333343, 0.192156866, 0.274509817, 0.737254918
vb0[1539]+000 COLOR: 0.333333343, 0.192156866, 0.274509817, 0.737254918
vb0[1539]+012 TEXCOORD: -0.137451172, 1.84960938
vb0[1539]+000 TEXCOORD1: 0.333333343, 0.192156866, 0.274509817, 0.737254918
vb0[1539]+000 TEXCOORD2: 0.333333343, 0.192156866, 0.274509817, 0.737254918
vb0[1539]+000 TEXCOORD3: 0.333333343, 0.192156866, 0.274509817, 0.737254918
vb0[1539]+000 TANGENT: 0.333333343, 0.192156866, 0.274509817, 0.737254918

vb0[1540]+000 POSITION: 0.134033203, -1.06835938, -0.21875, 1
vb0[1540]+000 NORMAL: 0.290196091, 0.188235298, 0.274509817, 0.737254918
vb0[1540]+000 COLOR: 0.290196091, 0.188235298, 0.274509817, 0.737254918
vb0[1540]+012 TEXCOORD: -0.162475586, 1.84960938
vb0[1540]+000 TEXCOORD1: 0.290196091, 0.188235298, 0.274509817, 0.737254918
vb0[1540]+000 TEXCOORD2: 0.290196091, 0.188235298, 0.274509817, 0.737254918
vb0[1540]+000 TEXCOORD3: 0.290196091, 0.188235298, 0.274509817, 0.737254918
vb0[1540]+000 TANGENT: 0.290196091, 0.188235298, 0.274509817, 0.737254918

vb0[1541]+000 POSITION: 0.0981445313, -1.06835938, -0.237060547, 1
vb0[1541]+000 NORMAL: 0.282352954, 0.180392161, 0.274509817, 0.737254918
vb0[1541]+000 COLOR: 0.282352954, 0.180392161, 0.274509817, 0.737254918
vb0[1541]+012 TEXCOORD: -0.1875, 1.84960938
vb0[1541]+000 TEXCOORD1: 0.282352954, 0.180392161, 0.274509817, 0.737254918
vb0[1541]+000 TEXCOORD2: 0.282352954, 0.180392161, 0.274509817, 0.737254918
vb0[1541]+000 TEXCOORD3: 0.282352954, 0.180392161, 0.274509817, 0.737254918
vb0[1541]+000 TANGENT: 0.282352954, 0.180392161, 0.274509817, 0.737254918

vb0[1542]+000 POSITION: 0.0598754883, -1.06835938, -0.249389648, 1
vb0[1542]+000 NORMAL: 0.666666687, 0.168627456, 0.274509817, 0.737254918
vb0[1542]+000 COLOR: 0.666666687, 0.168627456, 0.274509817, 0.737254918
vb0[1542]+012 TEXCOORD: -0.212524414, 1.84960938
vb0[1542]+000 TEXCOORD1: 0.666666687, 0.168627456, 0.274509817, 0.737254918
vb0[1542]+000 TEXCOORD2: 0.666666687, 0.168627456, 0.274509817, 0.737254918
vb0[1542]+000 TEXCOORD3: 0.666666687, 0.168627456, 0.274509817, 0.737254918
vb0[1542]+000 TANGENT: 0.666666687, 0.168627456, 0.274509817, 0.737254918

vb0[1543]+000 POSITION: 0.0201263428, -1.06835938, -0.255859375, 1
vb0[1543]+000 NORMAL: 0.152941182, 0.145098045, 0.274509817, 0.737254918
vb0[1543]+000 COLOR: 0.152941182, 0.145098045, 0.274509817, 0.737254918
vb0[1543]+012 TEXCOORD: -0.237548828, 1.84960938
vb0[1543]+000 TEXCOORD1: 0.152941182, 0.145098045, 0.274509817, 0.737254918
vb0[1543]+000 TEXCOORD2: 0.152941182, 0.145098045, 0.274509817, 0.737254918
vb0[1543]+000 TEXCOORD3: 0.152941182, 0.145098045, 0.274509817, 0.737254918
vb0[1543]+000 TANGENT: 0.152941182, 0.145098045, 0.274509817, 0.737254918

vb0[1544]+000 POSITION: -0.0201263428, -1.06835938, -0.255859375, 1
vb0[1544]+000 NORMAL: 0.152941182, 0.647058845, 0.274509817, 0.737254918
vb0[1544]+000 COLOR: 0.152941182, 0.647058845, 0.274509817, 0.737254918
vb0[1544]+012 TEXCOORD: -0.262451172, 1.84960938
vb0[1544]+000 TEXCOORD1: 0.152941182, 0.647058845, 0.274509817, 0.737254918
vb0[1544]+000 TEXCOORD2: 0.152941182, 0.647058845, 0.274509817, 0.737254918
vb0[1544]+000 TEXCOORD3: 0.152941182, 0.647058845, 0.274509817, 0.737254918
vb0[1544]+000 TANGENT: 0.152941182, 0.647058845, 0.274509817, 0.737254918

vb0[1545]+000 POSITION: -0.0598754883, -1.06835938, -0.249389648, 1
vb0[1545]+000 NORMAL: 0.666666687, 0.670588255, 0.274509817, 0.737254918
vb0[1545]+000 COLOR: 0.666666687, 0.670588255, 0.274509817, 0.737254918
vb0[1545]+012 TEXCOORD: -0.287597656, 1.84960938
vb0[1545]+000 TEXCOORD1: 0.666666687, 0.670588255, 0.274509817, 0.737254918
vb0[1545]+000 TEXCOORD2: 0.666666687, 0.670588255, 0.274509817, 0.737254918
vb0[1545]+000 TEXCOORD3: 0.666666687, 0.670588255, 0.274509817, 0.737254918
vb0[1545]+000 TANGENT: 0.666666687, 0.670588255, 0.274509817, 0.737254918

vb0[1546]+000 POSITION: -0.0981445313, -1.06835938, -0.237060547, 1
vb0[1546]+000 NORMAL: 0.282352954, 0.68235296, 0.274509817, 0.737254918
vb0[1546]+000 COLOR: 0.282352954, 0.68235296, 0.274509817, 0.737254918
vb0[1546]+012 TEXCOORD: -0.3125, 1.84960938
vb0[1546]+000 TEXCOORD1: 0.282352954, 0.68235296, 0.274509817, 0.737254918
vb0[1546]+000 TEXCOORD2: 0.282352954, 0.68235296, 0.274509817, 0.737254918
vb0[1546]+000 TEXCOORD3: 0.282352954, 0.68235296, 0.274509817, 0.737254918
vb0[1546]+000 TANGENT: 0.282352954, 0.68235296, 0.274509817, 0.737254918

vb0[1547]+000 POSITION: -0.134033203, -1.06835938, -0.21875, 1
vb0[1547]+000 NORMAL: 0.290196091, 0.690196097, 0.274509817, 0.737254918
vb0[1547]+000 COLOR: 0.290196091, 0.690196097, 0.274509817, 0.737254918
vb0[1547]+012 TEXCOORD: -0.337402344, 1.84960938
vb0[1547]+000 TEXCOORD1: 0.290196091, 0.690196097, 0.274509817, 0.737254918
vb0[1547]+000 TEXCOORD2: 0.290196091, 0.690196097, 0.274509817, 0.737254918
vb0[1547]+000 TEXCOORD3: 0.290196091, 0.690196097, 0.274509817, 0.737254918
vb0[1547]+000 TANGENT: 0.290196091, 0.690196097, 0.274509817, 0.737254918

vb0[1548]+000 POSITION: -0.166625977, -1.06835938, -0.195068359, 1
vb0[1548]+000 NORMAL: 0.333333343, 0.694117665, 0.274509817, 0.737254918
vb0[1548]+000 COLOR: 0.333333343, 0.694117665, 0.274509817, 0.737254918
vb0[1548]+012 TEXCOORD: -0.362548828, 1.84960938
vb0[1548]+000 TEXCOORD1: 0.333333343, 0.694117665, 0.274509817, 0.737254918
vb0[1548]+000 TEXCOORD2: 0.333333343, 0.694117665, 0.274509817, 0.737254918
vb0[1548]+000 TEXCOORD3: 0.333333343, 0.694117665, 0.274509817, 0.737254918
vb0[1548]+000 TANGENT: 0.333333343, 0.694117665, 0.274509817, 0.737254918

vb0[1549]+000 POSITION: -0.195068359, -1.06835938, -0.166625977, 1
vb0[1549]+000 NORMAL: 0.243137255, 0.698039234, 0.274509817, 0.737254918
vb0[1549]+000 COLOR: 0.243137255, 0.698039234, 0.274509817, 0.737254918
vb0[1549]+012 TEXCOORD: -0.387451172, 1.84960938
vb0[1549]+000 TEXCOORD1: 0.243137255, 0.698039234, 0.274509817, 0.737254918
vb0[1549]+000 TEXCOORD2: 0.243137255, 0.698039234, 0.274509817, 0.737254918
vb0[1549]+000 TEXCOORD3: 0.243137255, 0.698039234, 0.274509817, 0.737254918
vb0[1549]+000 TANGENT: 0.243137255, 0.698039234, 0.274509817, 0.737254918

vb0[1550]+000 POSITION: -0.21875, -1.06835938, -0.134033203, 1
vb0[1550]+000 NORMAL: 0, 0.701960802, 0.274509817, 0.737254918
vb0[1550]+000 COLOR: 0, 0.701960802, 0.274509817, 0.737254918
vb0[1550]+012 TEXCOORD: -0.412597656, 1.84960938
vb0[1550]+000 TEXCOORD1: 0, 0.701960802, 0.274509817, 0.737254918
vb0[1550]+000 TEXCOORD2: 0, 0.701960802, 0.274509817, 0.737254918
vb0[1550]+000 TEXCOORD3: 0, 0.701960802, 0.274509817, 0.737254918
vb0[1550]+000 TANGENT: 0, 0.701960802, 0.274509817, 0.737254918

vb0[1551]+000 POSITION: -0.237060547, -1.06835938, -0.0981445313, 1
vb0[1551]+000 NORMAL: 0.588235319, 0.701960802, 0.274509817, 0.737254918
vb0[1551]+000 COLOR: 0.588235319, 0.701960802, 0.274509817, 0.737254918
vb0[1551]+012 TEXCOORD: -0.4375, 1.84960938
vb0[1551]+000 TEXCOORD1: 0.588235319, 0.701960802, 0.274509817, 0.737254918
vb0[1551]+000 TEXCOORD2: 0.588235319, 0.701960802, 0.274509817, 0.737254918
vb0[1551]+000 TEXCOORD3: 0.588235319, 0.701960802, 0.274509817, 0.737254918
vb0[1551]+000 TANGENT: 0.588235319, 0.701960802, 0.274509817, 0.737254918

vb0[1552]+000 POSITION: -0.249389648, -1.06835938, -0.0598754883, 1
vb0[1552]+000 NORMAL: 0.984313726, 0.701960802, 0.274509817, 0.737254918
vb0[1552]+000 COLOR: 0.984313726, 0.701960802, 0.274509817, 0.737254918
vb0[1552]+012 TEXCOORD: -0.462402344, 1.84960938
vb0[1552]+000 TEXCOORD1: 0.984313726, 0.701960802, 0.274509817, 0.737254918
vb0[1552]+000 TEXCOORD2: 0.984313726, 0.701960802, 0.274509817, 0.737254918
vb0[1552]+000 TEXCOORD3: 0.984313726, 0.701960802, 0.274509817, 0.737254918
vb0[1552]+000 TANGENT: 0.984313726, 0.701960802, 0.274509817, 0.737254918

vb0[1553]+000 POSITION: -0.163452148, -1.08496094, -0.0531311035, 1
vb0[1553]+000 NORMAL: 0.23137255, 0.694117665, 0.34117648, 0.737254918
vb0[1553]+000 COLOR: 0.23137255, 0.694117665, 0.34117648, 0.737254918
vb0[1553]+012 TEXCOORD: -0.449951172, 1.90039063
vb0[1553]+000 TEXCOORD1: 0.23137255, 0.694117665, 0.34117648, 0.737254918
vb0[1553]+000 TEXCOORD2: 0.23137255, 0.694117665, 0.34117648, 0.737254918
vb0[1553]+000 TEXCOORD3: 0.23137255, 0.694117665, 0.34117648, 0.737254918
vb0[1553]+000 TANGENT: 0.23137255, 0.694117665, 0.34117648, 0.737254918

vb0[1554]+000 POSITION: -0.169799805, -1.08496094, -0.0268859863, 1
vb0[1554]+000 NORMAL: 0.435294122, 0.694117665, 0.34117648, 0.737254918
vb0[1554]+000 COLOR: 0.435294122, 0.694117665, 0.34117648, 0.737254918
vb0[1554]+012 TEXCOORD: -0.475097656, 1.90039063
vb0[1554]+000 TEXCOORD1: 0.435294122, 0.694117665, 0.34117648, 0.737254918
vb0[1554]+000 TEXCOORD2: 0.435294122, 0.694117665, 0.34117648, 0.737254918
vb0[1554]+000 TEXCOORD3: 0.435294122, 0.694117665, 0.34117648, 0.737254918
vb0[1554]+000 TANGENT: 0.435294122, 0.694117665, 0.34117648, 0.737254918

vb0[1555]+000 POSITION: -0.153198242, -1.08496094, -0.0780639648, 1
vb0[1555]+000 NORMAL: 0.905882359, 0.690196097, 0.34117648, 0.737254918
vb0[1555]+000 COLOR: 0.905882359, 0.690196097, 0.34117648, 0.737254918
vb0[1555]+012 TEXCOORD: -0.425048828, 1.90039063
vb0[1555]+000 TEXCOORD1: 0.905882359, 0.690196097, 0.34117648, 0.737254918
vb0[1555]+000 TEXCOORD2: 0.905882359, 0.690196097, 0.34117648, 0.737254918
vb0[1555]+000 TEXCOORD3: 0.905882359, 0.690196097, 0.34117648, 0.737254918
vb0[1555]+000 TANGENT: 0.905882359, 0.690196097, 0.34117648, 0.737254918

vb0[1556]+000 POSITION: -0.139038086, -1.08496094, -0.101074219, 1
vb0[1556]+000 NORMAL: 0.450980395, 0.690196097, 0.34117648, 0.737254918
vb0[1556]+000 COLOR: 0.450980395, 0.690196097, 0.34117648, 0.737254918
vb0[1556]+012 TEXCOORD: -0.399902344, 1.90039063
vb0[1556]+000 TEXCOORD1: 0.450980395, 0.690196097, 0.34117648, 0.737254918
vb0[1556]+000 TEXCOORD2: 0.450980395, 0.690196097, 0.34117648, 0.737254918
vb0[1556]+000 TEXCOORD3: 0.450980395, 0.690196097, 0.34117648, 0.737254918
vb0[1556]+000 TANGENT: 0.450980395, 0.690196097, 0.34117648, 0.737254918

vb0[1557]+000 POSITION: -0.121582031, -1.08496094, -0.121582031, 1
vb0[1557]+000 NORMAL: 0.784313738, 0.686274529, 0.34117648, 0.737254918
vb0[1557]+000 COLOR: 0.784313738, 0.686274529, 0.34117648, 0.737254918
vb0[1557]+012 TEXCOORD: -0.375, 1.90039063
vb0[1557]+000 TEXCOORD1: 0.784313738, 0.686274529, 0.34117648, 0.737254918
vb0[1557]+000 TEXCOORD2: 0.784313738, 0.686274529, 0.34117648, 0.737254918
vb0[1557]+000 TEXCOORD3: 0.784313738, 0.686274529, 0.34117648, 0.737254918
vb0[1557]+000 TANGENT: 0.784313738, 0.686274529, 0.34117648, 0.737254918

vb0[1558]+000 POSITION: -0.101074219, -1.08496094, -0.139038086, 1
vb0[1558]+000 NORMAL: 0.470588237, 0.68235296, 0.34117648, 0.737254918
vb0[1558]+000 COLOR: 0.470588237, 0.68235296, 0.34117648, 0.737254918
vb0[1558]+012 TEXCOORD: -0.350097656, 1.90039063
vb0[1558]+000 TEXCOORD1: 0.470588237, 0.68235296, 0.34117648, 0.737254918
vb0[1558]+000 TEXCOORD2: 0.470588237, 0.68235296, 0.34117648, 0.737254918
vb0[1558]+000 TEXCOORD3: 0.470588237, 0.68235296, 0.34117648, 0.737254918
vb0[1558]+000 TANGENT: 0.470588237, 0.68235296, 0.34117648, 0.737254918

vb0[1559]+000 POSITION: -0.0780639648, -1.08496094, -0.153198242, 1
vb0[1559]+000 NORMAL: 1, 0.674509823, 0.34117648, 0.737254918
vb0[1559]+000 COLOR: 1, 0.674509823, 0.34117648, 0.737254918
vb0[1559]+012 TEXCOORD: -0.324951172, 1.90039063
vb0[1559]+000 TEXCOORD1: 1, 0.674509823, 0.34117648, 0.737254918
vb0[1559]+000 TEXCOORD2: 1, 0.674509823, 0.34117648, 0.737254918
vb0[1559]+000 TEXCOORD3: 1, 0.674509823, 0.34117648, 0.737254918
vb0[1559]+000 TANGENT: 1, 0.674509823, 0.34117648, 0.737254918

vb0[1560]+000 POSITION: -0.0531311035, -1.08496094, -0.163452148, 1
vb0[1560]+000 NORMAL: 0.80392158, 0.666666687, 0.34117648, 0.737254918
vb0[1560]+000 COLOR: 0.80392158, 0.666666687, 0.34117648, 0.737254918
vb0[1560]+012 TEXCOORD: -0.300048828, 1.90039063
vb0[1560]+000 TEXCOORD1: 0.80392158, 0.666666687, 0.34117648, 0.737254918
vb0[1560]+000 TEXCOORD2: 0.80392158, 0.666666687, 0.34117648, 0.737254918
vb0[1560]+000 TEXCOORD3: 0.80392158, 0.666666687, 0.34117648, 0.737254918
vb0[1560]+000 TANGENT: 0.80392158, 0.666666687, 0.34117648, 0.737254918

vb0[1561]+000 POSITION: -0.0268859863, -1.08496094, -0.169799805, 1
vb0[1561]+000 NORMAL: 0.886274517, 0.650980413, 0.34117648, 0.737254918
vb0[1561]+000 COLOR: 0.886274517, 0.650980413, 0.34117648, 0.737254918
vb0[1561]+012 TEXCOORD: -0.274902344, 1.90039063
vb0[1561]+000 TEXCOORD1: 0.886274517, 0.650980413, 0.34117648, 0.737254918
vb0[1561]+000 TEXCOORD2: 0.886274517, 0.650980413, 0.34117648, 0.737254918
vb0[1561]+000 TEXCOORD3: 0.886274517, 0.650980413, 0.34117648, 0.737254918
vb0[1561]+000 TANGENT: 0.886274517, 0.650980413, 0.34117648, 0.737254918

vb0[1562]+000 POSITION: -0, -1.08496094, -0.171875, 1
vb0[1562]+000 NORMAL: 0, 0.501960814, 0.34117648, 0.737254918
vb0[1562]+000 COLOR: 0, 0.501960814, 0.34117648, 0.737254918
vb0[1562]+012 TEXCOORD: -0.25, 1.90039063
vb0[1562]+000 TEXCOORD1: 0, 0.501960814, 0.34117648, 0.737254918
vb0[1562]+000 TEXCOORD2: 0, 0.501960814, 0.34117648, 0.737254918
vb0[1562]+000 TEXCOORD3: 0, 0.501960814, 0.34117648, 0.737254918
vb0[1562]+000 TANGENT: 0, 0.501960814, 0.34117648, 0.737254918

vb0[1563]+000 POSITION: 0.0268859863, -1.08496094, -0.169799805, 1
vb0[1563]+000 NORMAL: 0.886274517, 0.149019614, 0.34117648, 0.737254918
vb0[1563]+000 COLOR: 0.886274517, 0.149019614, 0.34117648, 0.737254918
vb0[1563]+012 TEXCOORD: -0.224975586, 1.90039063
vb0[1563]+000 TEXCOORD1: 0.886274517, 0.149019614, 0.34117648, 0.737254918
vb0[1563]+000 TEXCOORD2: 0.886274517, 0.149019614, 0.34117648, 0.737254918
vb0[1563]+000 TEXCOORD3: 0.886274517, 0.149019614, 0.34117648, 0.737254918
vb0[1563]+000 TANGENT: 0.886274517, 0.149019614, 0.34117648, 0.737254918

vb0[1564]+000 POSITION: 0.0531311035, -1.08496094, -0.163452148, 1
vb0[1564]+000 NORMAL: 0.80392158, 0.164705887, 0.34117648, 0.737254918
vb0[1564]+000 COLOR: 0.80392158, 0.164705887, 0.34117648, 0.737254918
vb0[1564]+012 TEXCOORD: -0.199951172, 1.90039063
vb0[1564]+000 TEXCOORD1: 0.80392158, 0.164705887, 0.34117648, 0.737254918
vb0[1564]+000 TEXCOORD2: 0.80392158, 0.164705887, 0.34117648, 0.737254918
vb0[1564]+000 TEXCOORD3: 0.80392158, 0.164705887, 0.34117648, 0.737254918
vb0[1564]+000 TANGENT: 0.80392158, 0.164705887, 0.34117648, 0.737254918

vb0[1565]+000 POSITION: 0.0780639648, -1.08496094, -0.153198242, 1
vb0[1565]+000 NORMAL: 1, 0.172549024, 0.34117648, 0.737254918
vb0[1565]+000 COLOR: 1, 0.172549024, 0.34117648, 0.737254918
vb0[1565]+012 TEXCOORD: -0.175048828, 1.90039063
vb0[1565]+000 TEXCOORD1: 1, 0.172549024, 0.34117648, 0.737254918
vb0[1565]+000 TEXCOORD2: 1, 0.172549024, 0.34117648, 0.737254918
vb0[1565]+000 TEXCOORD3: 1, 0.172549024, 0.34117648, 0.737254918
vb0[1565]+000 TANGENT: 1, 0.172549024, 0.34117648, 0.737254918

vb0[1566]+000 POSITION: 0.101074219, -1.08496094, -0.139038086, 1
vb0[1566]+000 NORMAL: 0.470588237, 0.180392161, 0.34117648, 0.737254918
vb0[1566]+000 COLOR: 0.470588237, 0.180392161, 0.34117648, 0.737254918
vb0[1566]+012 TEXCOORD: -0.150024414, 1.90039063
vb0[1566]+000 TEXCOORD1: 0.470588237, 0.180392161, 0.34117648, 0.737254918
vb0[1566]+000 TEXCOORD2: 0.470588237, 0.180392161, 0.34117648, 0.737254918
vb0[1566]+000 TEXCOORD3: 0.470588237, 0.180392161, 0.34117648, 0.737254918
vb0[1566]+000 TANGENT: 0.470588237, 0.180392161, 0.34117648, 0.737254918

vb0[1567]+000 POSITION: 0.121582031, -1.08496094, -0.121582031, 1
vb0[1567]+000 NORMAL: 0.784313738, 0.184313729, 0.34117648, 0.737254918
vb0[1567]+000 COLOR: 0.784313738, 0.184313729, 0.34117648, 0.737254918
vb0[1567]+012 TEXCOORD: -0.125, 1.90039063
vb0[1567]+000 TEXCOORD1: 0.784313738, 0.184313729, 0.34117648, 0.737254918
vb0[1567]+000 TEXCOORD2: 0.784313738, 0.184313729, 0.34117648, 0.737254918
vb0[1567]+000 TEXCOORD3: 0.784313738, 0.184313729, 0.34117648, 0.737254918
vb0[1567]+000 TANGENT: 0.784313738, 0.184313729, 0.34117648, 0.737254918

vb0[1568]+000 POSITION: 0.139038086, -1.08496094, -0.101074219, 1
vb0[1568]+000 NORMAL: 0.450980395, 0.188235298, 0.34117648, 0.737254918
vb0[1568]+000 COLOR: 0.450980395, 0.188235298, 0.34117648, 0.737254918
vb0[1568]+012 TEXCOORD: -0.0999755859, 1.90039063
vb0[1568]+000 TEXCOORD1: 0.450980395, 0.188235298, 0.34117648, 0.737254918
vb0[1568]+000 TEXCOORD2: 0.450980395, 0.188235298, 0.34117648, 0.737254918
vb0[1568]+000 TEXCOORD3: 0.450980395, 0.188235298, 0.34117648, 0.737254918
vb0[1568]+000 TANGENT: 0.450980395, 0.188235298, 0.34117648, 0.737254918

vb0[1569]+000 POSITION: 0.153198242, -1.08496094, -0.0780639648, 1
vb0[1569]+000 NORMAL: 0.905882359, 0.188235298, 0.34117648, 0.737254918
vb0[1569]+000 COLOR: 0.905882359, 0.188235298, 0.34117648, 0.737254918
vb0[1569]+012 TEXCOORD: -0.075012207, 1.90039063
vb0[1569]+000 TEXCOORD1: 0.905882359, 0.188235298, 0.34117648, 0.737254918
vb0[1569]+000 TEXCOORD2: 0.905882359, 0.188235298, 0.34117648, 0.737254918
vb0[1569]+000 TEXCOORD3: 0.905882359, 0.188235298, 0.34117648, 0.737254918
vb0[1569]+000 TANGENT: 0.905882359, 0.188235298, 0.34117648, 0.737254918

vb0[1570]+000 POSITION: 0.163452148, -1.08496094, -0.0531311035, 1
vb0[1570]+000 NORMAL: 0.23137255, 0.192156866, 0.34117648, 0.737254918
vb0[1570]+000 COLOR: 0.23137255, 0.192156866, 0.34117648, 0.737254918
vb0[1570]+012 TEXCOORD: -0.049987793, 1.90039063
vb0[1570]+000 TEXCOORD1: 0.23137255, 0.192156866, 0.34117648, 0.737254918
vb0[1570]+000 TEXCOORD2: 0.23137255, 0.192156866, 0.34117648, 0.737254918
vb0[1570]+000 TEXCOORD3: 0.23137255, 0.192156866, 0.34117648, 0.737254918
vb0[1570]+000 TANGENT: 0.23137255, 0.192156866, 0.34117648, 0.737254918

vb0[1571]+000 POSITION: 0.169799805, -1.08496094, -0.0268859863, 1
vb0[1571]+000 NORMAL: 0.435294122, 0.192156866, 0.34117648, 0.737254918
vb0[1571]+000 COLOR: 0.435294122, 0.192156866, 0.34117648, 0.737254918
vb0[1571]+012 TEXCOORD: -0.0249938965, 1.90039063
vb0[1571]+000 TEXCOORD1: 0.435294122, 0.192156866, 0.34117648, 0.737254918
vb0[1571]+000 TEXCOORD2: 0.435294122, 0.192156866, 0.34117648, 0.737254918
vb0[1571]+000 TEXCOORD3: 0.435294122, 0.192156866, 0.34117648, 0.737254918
vb0[1571]+000 TANGENT: 0.435294122, 0.192156866, 0.34117648, 0.737254918

vb0[1572]+000 POSITION: 0.171875, -1.08496094, -0, 1
vb0[1572]+000 NORMAL: 0.501960814, 0.192156866, 0.34117648, 0.737254918
vb0[1572]+000 COLOR: 0.501960814, 0.192156866, 0.34117648, 0.737254918
vb0[1572]+012 TEXCOORD: 0, 1.90039063
vb0[1572]+000 TEXCOORD1: 0.501960814, 0.192156866, 0.34117648, 0.737254918
vb0[1572]+000 TEXCOORD2: 0.501960814, 0.192156866, 0.34117648, 0.737254918
vb0[1572]+000 TEXCOORD3: 0.501960814, 0.192156866, 0.34117648, 0.737254918
vb0[1572]+000 TANGENT: 0.501960814, 0.192156866, 0.34117648, 0.737254918

vb0[1573]+000 POSITION: 0.169799805, -1.08496094, 0.0268859863, 1
vb0[1573]+000 NORMAL: 0.435294122, 0.192156866, 0.34117648, 0.737254918
vb0[1573]+000 COLOR: 0.435294122, 0.192156866, 0.34117648, 0.737254918
vb0[1573]+012 TEXCOORD: 0.0249938965, 1.90039063
vb0[1573]+000 TEXCOORD1: 0.435294122, 0.192156866, 0.34117648, 0.737254918
vb0[1573]+000 TEXCOORD2: 0.435294122, 0.192156866, 0.34117648, 0.737254918
vb0[1573]+000 TEXCOORD3: 0.435294122, 0.192156866, 0.34117648, 0.737254918
vb0[1573]+000 TANGENT: 0.435294122, 0.192156866, 0.34117648, 0.737254918

vb0[1574]+000 POSITION: 0.163452148, -1.08496094, 0.0531311035, 1
vb0[1574]+000 NORMAL: 0.23137255, 0.192156866, 0.34117648, 0.737254918
vb0[1574]+000 COLOR: 0.23137255, 0.192156866, 0.34117648, 0.737254918
vb0[1574]+012 TEXCOORD: 0.049987793, 1.90039063
vb0[1574]+000 TEXCOORD1: 0.23137255, 0.192156866, 0.34117648, 0.737254918
vb0[1574]+000 TEXCOORD2: 0.23137255, 0.192156866, 0.34117648, 0.737254918
vb0[1574]+000 TEXCOORD3: 0.23137255, 0.192156866, 0.34117648, 0.737254918
vb0[1574]+000 TANGENT: 0.23137255, 0.192156866, 0.34117648, 0.737254918

vb0[1575]+000 POSITION: 0.153198242, -1.08496094, 0.0780639648, 1
vb0[1575]+000 NORMAL: 0.905882359, 0.188235298, 0.34117648, 0.737254918
vb0[1575]+000 COLOR: 0.905882359, 0.188235298, 0.34117648, 0.737254918
vb0[1575]+012 TEXCOORD: 0.075012207, 1.90039063
vb0[1575]+000 TEXCOORD1: 0.905882359, 0.188235298, 0.34117648, 0.737254918
vb0[1575]+000 TEXCOORD2: 0.905882359, 0.188235298, 0.34117648, 0.737254918
vb0[1575]+000 TEXCOORD3: 0.905882359, 0.188235298, 0.34117648, 0.737254918
vb0[1575]+000 TANGENT: 0.905882359, 0.188235298, 0.34117648, 0.737254918

vb0[1576]+000 POSITION: 0.139038086, -1.08496094, 0.101074219, 1
vb0[1576]+000 NORMAL: 0.450980395, 0.188235298, 0.34117648, 0.737254918
vb0[1576]+000 COLOR: 0.450980395, 0.188235298, 0.34117648, 0.737254918
vb0[1576]+012 TEXCOORD: 0.0999755859, 1.90039063
vb0[1576]+000 TEXCOORD1: 0.450980395, 0.188235298, 0.34117648, 0.737254918
vb0[1576]+000 TEXCOORD2: 0.450980395, 0.188235298, 0.34117648, 0.737254918
vb0[1576]+000 TEXCOORD3: 0.450980395, 0.188235298, 0.34117648, 0.737254918
vb0[1576]+000 TANGENT: 0.450980395, 0.188235298, 0.34117648, 0.737254918

vb0[1577]+000 POSITION: 0.121582031, -1.08496094, 0.121582031, 1
vb0[1577]+000 NORMAL: 0.784313738, 0.184313729, 0.34117648, 0.737254918
vb0[1577]+000 COLOR: 0.784313738, 0.184313729, 0.34117648, 0.737254918
vb0[1577]+012 TEXCOORD: 0.125, 1.90039063
vb0[1577]+000 TEXCOORD1: 0.784313738, 0.184313729, 0.34117648, 0.737254918
vb0[1577]+000 TEXCOORD2: 0.784313738, 0.184313729, 0.34117648, 0.737254918
vb0[1577]+000 TEXCOORD3: 0.784313738, 0.184313729, 0.34117648, 0.737254918
vb0[1577]+000 TANGENT: 0.784313738, 0.184313729, 0.34117648, 0.737254918

vb0[1578]+000 POSITION: 0.101074219, -1.08496094, 0.139038086, 1
vb0[1578]+000 NORMAL: 0.470588237, 0.180392161, 0.34117648, 0.737254918
vb0[1578]+000 COLOR: 0.470588237, 0.180392161, 0.34117648, 0.737254918
vb0[1578]+012 TEXCOORD: 0.150024414, 1.90039063
vb0[1578]+000 TEXCOORD1: 0.470588237, 0.180392161, 0.34117648, 0.737254918
vb0[1578]+000 TEXCOORD2: 0.470588237, 0.180392161, 0.34117648, 0.737254918
vb0[1578]+000 TEXCOORD3: 0.470588237, 0.180392161, 0.34117648, 0.737254918
vb0[1578]+000 TANGENT: 0.470588237, 0.180392161, 0.34117648, 0.737254918

vb0[1579]+000 POSITION: 0.134033203, -1.06835938, 0.21875, 1
vb0[1579]+000 NORMAL: 0.290196091, 0.188235298, 0.274509817, 0.737254918
vb0[1579]+000 COLOR: 0.290196091, 0.188235298, 0.274509817, 0.737254918
vb0[1579]+012 TEXCOORD: 0.162475586, 1.84960938
vb0[1579]+000 TEXCOORD1: 0.290196091, 0.188235298, 0.274509817, 0.737254918
vb0[1579]+000 TEXCOORD2: 0.290196091, 0.188235298, 0.274509817, 0.737254918
vb0[1579]+000 TEXCOORD3: 0.290196091, 0.188235298, 0.274509817, 0.737254918
vb0[1579]+000 TANGENT: 0.290196091, 0.188235298, 0.274509817, 0.737254918

vb0[1580]+000 POSITION: 0.0981445313, -1.06835938, 0.237060547, 1
vb0[1580]+000 NORMAL: 0.282352954, 0.180392161, 0.274509817, 0.737254918
vb0[1580]+000 COLOR: 0.282352954, 0.180392161, 0.274509817, 0.737254918
vb0[1580]+012 TEXCOORD: 0.1875, 1.84960938
vb0[1580]+000 TEXCOORD1: 0.282352954, 0.180392161, 0.274509817, 0.737254918
vb0[1580]+000 TEXCOORD2: 0.282352954, 0.180392161, 0.274509817, 0.737254918
vb0[1580]+000 TEXCOORD3: 0.282352954, 0.180392161, 0.274509817, 0.737254918
vb0[1580]+000 TANGENT: 0.282352954, 0.180392161, 0.274509817, 0.737254918

vb0[1581]+000 POSITION: 0.0780639648, -1.08496094, 0.153198242, 1
vb0[1581]+000 NORMAL: 1, 0.172549024, 0.34117648, 0.737254918
vb0[1581]+000 COLOR: 1, 0.172549024, 0.34117648, 0.737254918
vb0[1581]+012 TEXCOORD: 0.175048828, 1.90039063
vb0[1581]+000 TEXCOORD1: 1, 0.172549024, 0.34117648, 0.737254918
vb0[1581]+000 TEXCOORD2: 1, 0.172549024, 0.34117648, 0.737254918
vb0[1581]+000 TEXCOORD3: 1, 0.172549024, 0.34117648, 0.737254918
vb0[1581]+000 TANGENT: 1, 0.172549024, 0.34117648, 0.737254918

vb0[1582]+000 POSITION: 0.0531311035, -1.08496094, 0.163452148, 1
vb0[1582]+000 NORMAL: 0.80392158, 0.164705887, 0.34117648, 0.737254918
vb0[1582]+000 COLOR: 0.80392158, 0.164705887, 0.34117648, 0.737254918
vb0[1582]+012 TEXCOORD: 0.199951172, 1.90039063
vb0[1582]+000 TEXCOORD1: 0.80392158, 0.164705887, 0.34117648, 0.737254918
vb0[1582]+000 TEXCOORD2: 0.80392158, 0.164705887, 0.34117648, 0.737254918
vb0[1582]+000 TEXCOORD3: 0.80392158, 0.164705887, 0.34117648, 0.737254918
vb0[1582]+000 TANGENT: 0.80392158, 0.164705887, 0.34117648, 0.737254918

vb0[1583]+000 POSITION: 0.0268859863, -1.08496094, 0.169799805, 1
vb0[1583]+000 NORMAL: 0.886274517, 0.149019614, 0.34117648, 0.737254918
vb0[1583]+000 COLOR: 0.886274517, 0.149019614, 0.34117648, 0.737254918
vb0[1583]+012 TEXCOORD: 0.224975586, 1.90039063
vb0[1583]+000 TEXCOORD1: 0.886274517, 0.149019614, 0.34117648, 0.737254918
vb0[1583]+000 TEXCOORD2: 0.886274517, 0.149019614, 0.34117648, 0.737254918
vb0[1583]+000 TEXCOORD3: 0.886274517, 0.149019614, 0.34117648, 0.737254918
vb0[1583]+000 TANGENT: 0.886274517, 0.149019614, 0.34117648, 0.737254918

vb0[1584]+000 POSITION: -0, -1.08496094, 0.171875, 1
vb0[1584]+000 NORMAL: 0, 0.501960814, 0.34117648, 0.737254918
vb0[1584]+000 COLOR: 0, 0.501960814, 0.34117648, 0.737254918
vb0[1584]+012 TEXCOORD: 0.25, 1.90039063
vb0[1584]+000 TEXCOORD1: 0, 0.501960814, 0.34117648, 0.737254918
vb0[1584]+000 TEXCOORD2: 0, 0.501960814, 0.34117648, 0.737254918
vb0[1584]+000 TEXCOORD3: 0, 0.501960814, 0.34117648, 0.737254918
vb0[1584]+000 TANGENT: 0, 0.501960814, 0.34117648, 0.737254918

vb0[1585]+000 POSITION: -0.0268859863, -1.08496094, 0.169799805, 1
vb0[1585]+000 NORMAL: 0.886274517, 0.650980413, 0.34117648, 0.737254918
vb0[1585]+000 COLOR: 0.886274517, 0.650980413, 0.34117648, 0.737254918
vb0[1585]+012 TEXCOORD: 0.274902344, 1.90039063
vb0[1585]+000 TEXCOORD1: 0.886274517, 0.650980413, 0.34117648, 0.737254918
vb0[1585]+000 TEXCOORD2: 0.886274517, 0.650980413, 0.34117648, 0.737254918
vb0[1585]+000 TEXCOORD3: 0.886274517, 0.650980413, 0.34117648, 0.737254918
vb0[1585]+000 TANGENT: 0.886274517, 0.650980413, 0.34117648, 0.737254918

vb0[1586]+000 POSITION: -0.0531311035, -1.08496094, 0.163452148, 1
vb0[1586]+000 NORMAL: 0.80392158, 0.666666687, 0.34117648, 0.737254918
vb0[1586]+000 COLOR: 0.80392158, 0.666666687, 0.34117648, 0.737254918
vb0[1586]+012 TEXCOORD: 0.300048828, 1.90039063
vb0[1586]+000 TEXCOORD1: 0.80392158, 0.666666687, 0.34117648, 0.737254918
vb0[1586]+000 TEXCOORD2: 0.80392158, 0.666666687, 0.34117648, 0.737254918
vb0[1586]+000 TEXCOORD3: 0.80392158, 0.666666687, 0.34117648, 0.737254918
vb0[1586]+000 TANGENT: 0.80392158, 0.666666687, 0.34117648, 0.737254918

vb0[1587]+000 POSITION: -0.0780639648, -1.08496094, 0.153198242, 1
vb0[1587]+000 NORMAL: 1, 0.674509823, 0.34117648, 0.737254918
vb0[1587]+000 COLOR: 1, 0.674509823, 0.34117648, 0.737254918
vb0[1587]+012 TEXCOORD: 0.324951172, 1.90039063
vb0[1587]+000 TEXCOORD1: 1, 0.674509823, 0.34117648, 0.737254918
vb0[1587]+000 TEXCOORD2: 1, 0.674509823, 0.34117648, 0.737254918
vb0[1587]+000 TEXCOORD3: 1, 0.674509823, 0.34117648, 0.737254918
vb0[1587]+000 TANGENT: 1, 0.674509823, 0.34117648, 0.737254918

vb0[1588]+000 POSITION: -0.101074219, -1.08496094, 0.139038086, 1
vb0[1588]+000 NORMAL: 0.470588237, 0.68235296, 0.34117648, 0.737254918
vb0[1588]+000 COLOR: 0.470588237, 0.68235296, 0.34117648, 0.737254918
vb0[1588]+012 TEXCOORD: 0.350097656, 1.90039063
vb0[1588]+000 TEXCOORD1: 0.470588237, 0.68235296, 0.34117648, 0.737254918
vb0[1588]+000 TEXCOORD2: 0.470588237, 0.68235296, 0.34117648, 0.737254918
vb0[1588]+000 TEXCOORD3: 0.470588237, 0.68235296, 0.34117648, 0.737254918
vb0[1588]+000 TANGENT: 0.470588237, 0.68235296, 0.34117648, 0.737254918

vb0[1589]+000 POSITION: -0.121582031, -1.08496094, 0.121582031, 1
vb0[1589]+000 NORMAL: 0.784313738, 0.686274529, 0.34117648, 0.737254918
vb0[1589]+000 COLOR: 0.784313738, 0.686274529, 0.34117648, 0.737254918
vb0[1589]+012 TEXCOORD: 0.375, 1.90039063
vb0[1589]+000 TEXCOORD1: 0.784313738, 0.686274529, 0.34117648, 0.737254918
vb0[1589]+000 TEXCOORD2: 0.784313738, 0.686274529, 0.34117648, 0.737254918
vb0[1589]+000 TEXCOORD3: 0.784313738, 0.686274529, 0.34117648, 0.737254918
vb0[1589]+000 TANGENT: 0.784313738, 0.686274529, 0.34117648, 0.737254918

vb0[1590]+000 POSITION: -0.139038086, -1.08496094, 0.101074219, 1
vb0[1590]+000 NORMAL: 0.450980395, 0.690196097, 0.34117648, 0.737254918
vb0[1590]+000 COLOR: 0.450980395, 0.690196097, 0.34117648, 0.737254918
vb0[1590]+012 TEXCOORD: 0.399902344, 1.90039063
vb0[1590]+000 TEXCOORD1: 0.450980395, 0.690196097, 0.34117648, 0.737254918
vb0[1590]+000 TEXCOORD2: 0.450980395, 0.690196097, 0.34117648, 0.737254918
vb0[1590]+000 TEXCOORD3: 0.450980395, 0.690196097, 0.34117648, 0.737254918
vb0[1590]+000 TANGENT: 0.450980395, 0.690196097, 0.34117648, 0.737254918

vb0[1591]+000 POSITION: -0.153198242, -1.08496094, 0.0780639648, 1
vb0[1591]+000 NORMAL: 0.905882359, 0.690196097, 0.34117648, 0.737254918
vb0[1591]+000 COLOR: 0.905882359, 0.690196097, 0.34117648, 0.737254918
vb0[1591]+012 TEXCOORD: 0.425048828, 1.90039063
vb0[1591]+000 TEXCOORD1: 0.905882359, 0.690196097, 0.34117648, 0.737254918
vb0[1591]+000 TEXCOORD2: 0.905882359, 0.690196097, 0.34117648, 0.737254918
vb0[1591]+000 TEXCOORD3: 0.905882359, 0.690196097, 0.34117648, 0.737254918
vb0[1591]+000 TANGENT: 0.905882359, 0.690196097, 0.34117648, 0.737254918

vb0[1592]+000 POSITION: -0.163452148, -1.08496094, 0.0531311035, 1
vb0[1592]+000 NORMAL: 0.23137255, 0.694117665, 0.34117648, 0.737254918
vb0[1592]+000 COLOR: 0.23137255, 0.694117665, 0.34117648, 0.737254918
vb0[1592]+012 TEXCOORD: 0.449951172, 1.90039063
vb0[1592]+000 TEXCOORD1: 0.23137255, 0.694117665, 0.34117648, 0.737254918
vb0[1592]+000 TEXCOORD2: 0.23137255, 0.694117665, 0.34117648, 0.737254918
vb0[1592]+000 TEXCOORD3: 0.23137255, 0.694117665, 0.34117648, 0.737254918
vb0[1592]+000 TANGENT: 0.23137255, 0.694117665, 0.34117648, 0.737254918

vb0[1593]+000 POSITION: -0.169799805, -1.08496094, 0.0268859863, 1
vb0[1593]+000 NORMAL: 0.435294122, 0.694117665, 0.34117648, 0.737254918
vb0[1593]+000 COLOR: 0.435294122, 0.694117665, 0.34117648, 0.737254918
vb0[1593]+012 TEXCOORD: 0.475097656, 1.90039063
vb0[1593]+000 TEXCOORD1: 0.435294122, 0.694117665, 0.34117648, 0.737254918
vb0[1593]+000 TEXCOORD2: 0.435294122, 0.694117665, 0.34117648, 0.737254918
vb0[1593]+000 TEXCOORD3: 0.435294122, 0.694117665, 0.34117648, 0.737254918
vb0[1593]+000 TANGENT: 0.435294122, 0.694117665, 0.34117648, 0.737254918

vb0[1594]+000 POSITION: -0.171875, -1.08496094, -0, 1
vb0[1594]+000 NORMAL: 0.501960814, 0.694117665, 0.34117648, 0.737254918
vb0[1594]+000 COLOR: 0.501960814, 0.694117665, 0.34117648, 0.737254918
vb0[1594]+012 TEXCOORD: 0.5, 1.90039063
vb0[1594]+000 TEXCOORD1: 0.501960814, 0.694117665, 0.34117648, 0.737254918
vb0[1594]+000 TEXCOORD2: 0.501960814, 0.694117665, 0.34117648, 0.737254918
vb0[1594]+000 TEXCOORD3: 0.501960814, 0.694117665, 0.34117648, 0.737254918
vb0[1594]+000 TANGENT: 0.501960814, 0.694117665, 0.34117648, 0.737254918

vb0[1595]+000 POSITION: -0.255859375, -1.06835938, -0.0201263428, 1
vb0[1595]+000 NORMAL: 0.0941176489, 0.70588237, 0.274509817, 0.737254918
vb0[1595]+000 COLOR: 0.0941176489, 0.70588237, 0.274509817, 0.737254918
vb0[1595]+012 TEXCOORD: 0.512695313, 1.84960938
vb0[1595]+000 TEXCOORD1: 0.0941176489, 0.70588237, 0.274509817, 0.737254918
vb0[1595]+000 TEXCOORD2: 0.0941176489, 0.70588237, 0.274509817, 0.737254918
vb0[1595]+000 TEXCOORD3: 0.0941176489, 0.70588237, 0.274509817, 0.737254918
vb0[1595]+000 TANGENT: 0.0941176489, 0.70588237, 0.274509817, 0.737254918

vb0[1596]+000 POSITION: -0.249389648, -1.06835938, -0.0598754883, 1
vb0[1596]+000 NORMAL: 0.984313726, 0.701960802, 0.274509817, 0.737254918
vb0[1596]+000 COLOR: 0.984313726, 0.701960802, 0.274509817, 0.737254918
vb0[1596]+012 TEXCOORD: 0.537597656, 1.84960938
vb0[1596]+000 TEXCOORD1: 0.984313726, 0.701960802, 0.274509817, 0.737254918
vb0[1596]+000 TEXCOORD2: 0.984313726, 0.701960802, 0.274509817, 0.737254918
vb0[1596]+000 TEXCOORD3: 0.984313726, 0.701960802, 0.274509817, 0.737254918
vb0[1596]+000 TANGENT: 0.984313726, 0.701960802, 0.274509817, 0.737254918

vb0[1597]+000 POSITION: -0.169799805, -1.08496094, -0.0268859863, 1
vb0[1597]+000 NORMAL: 0.435294122, 0.694117665, 0.34117648, 0.737254918
vb0[1597]+000 COLOR: 0.435294122, 0.694117665, 0.34117648, 0.737254918
vb0[1597]+012 TEXCOORD: 0.524902344, 1.90039063
vb0[1597]+000 TEXCOORD1: 0.435294122, 0.694117665, 0.34117648, 0.737254918
vb0[1597]+000 TEXCOORD2: 0.435294122, 0.694117665, 0.34117648, 0.737254918
vb0[1597]+000 TEXCOORD3: 0.435294122, 0.694117665, 0.34117648, 0.737254918
vb0[1597]+000 TANGENT: 0.435294122, 0.694117665, 0.34117648, 0.737254918

vb0[1598]+000 POSITION: -0.0734863281, -1.09570313, 0.0450439453, 1
vb0[1598]+000 NORMAL: 0.70588237, 0.674509823, 0.384313732, 0.737254918
vb0[1598]+000 COLOR: 0.70588237, 0.674509823, 0.384313732, 0.737254918
vb0[1598]+012 TEXCOORD: 0.412597656, 1.95019531
vb0[1598]+000 TEXCOORD1: 0.70588237, 0.674509823, 0.384313732, 0.737254918
vb0[1598]+000 TEXCOORD2: 0.70588237, 0.674509823, 0.384313732, 0.737254918
vb0[1598]+000 TEXCOORD3: 0.70588237, 0.674509823, 0.384313732, 0.737254918
vb0[1598]+000 TANGENT: 0.70588237, 0.674509823, 0.384313732, 0.737254918

vb0[1599]+000 POSITION: -0.0655517578, -1.09570313, 0.0559997559, 1
vb0[1599]+000 NORMAL: 0.196078435, 0.674509823, 0.384313732, 0.737254918
vb0[1599]+000 COLOR: 0.196078435, 0.674509823, 0.384313732, 0.737254918
vb0[1599]+012 TEXCOORD: 0.387451172, 1.95019531
vb0[1599]+000 TEXCOORD1: 0.196078435, 0.674509823, 0.384313732, 0.737254918
vb0[1599]+000 TEXCOORD2: 0.196078435, 0.674509823, 0.384313732, 0.737254918
vb0[1599]+000 TEXCOORD3: 0.196078435, 0.674509823, 0.384313732, 0.737254918
vb0[1599]+000 TANGENT: 0.196078435, 0.674509823, 0.384313732, 0.737254918

vb0[1600]+000 POSITION: -0.0796508789, -1.09570313, 0.032989502, 1
vb0[1600]+000 NORMAL: 0.0980392173, 0.678431392, 0.384313732, 0.737254918
vb0[1600]+000 COLOR: 0.0980392173, 0.678431392, 0.384313732, 0.737254918
vb0[1600]+012 TEXCOORD: 0.4375, 1.95019531
vb0[1600]+000 TEXCOORD1: 0.0980392173, 0.678431392, 0.384313732, 0.737254918
vb0[1600]+000 TEXCOORD2: 0.0980392173, 0.678431392, 0.384313732, 0.737254918
vb0[1600]+000 TEXCOORD3: 0.0980392173, 0.678431392, 0.384313732, 0.737254918
vb0[1600]+000 TANGENT: 0.0980392173, 0.678431392, 0.384313732, 0.737254918

vb0[1601]+000 POSITION: -0.0838623047, -1.09570313, 0.0201263428, 1
vb0[1601]+000 NORMAL: 0.368627459, 0.678431392, 0.384313732, 0.737254918
vb0[1601]+000 COLOR: 0.368627459, 0.678431392, 0.384313732, 0.737254918
vb0[1601]+012 TEXCOORD: 0.462402344, 1.95019531
vb0[1601]+000 TEXCOORD1: 0.368627459, 0.678431392, 0.384313732, 0.737254918
vb0[1601]+000 TEXCOORD2: 0.368627459, 0.678431392, 0.384313732, 0.737254918
vb0[1601]+000 TEXCOORD3: 0.368627459, 0.678431392, 0.384313732, 0.737254918
vb0[1601]+000 TANGENT: 0.368627459, 0.678431392, 0.384313732, 0.737254918

vb0[1602]+000 POSITION: -0.0859375, -1.09570313, 0.00676345825, 1
vb0[1602]+000 NORMAL: 0.501960814, 0.678431392, 0.384313732, 0.737254918
vb0[1602]+000 COLOR: 0.501960814, 0.678431392, 0.384313732, 0.737254918
vb0[1602]+012 TEXCOORD: 0.487548828, 1.95019531
vb0[1602]+000 TEXCOORD1: 0.501960814, 0.678431392, 0.384313732, 0.737254918
vb0[1602]+000 TEXCOORD2: 0.501960814, 0.678431392, 0.384313732, 0.737254918
vb0[1602]+000 TEXCOORD3: 0.501960814, 0.678431392, 0.384313732, 0.737254918
vb0[1602]+000 TANGENT: 0.501960814, 0.678431392, 0.384313732, 0.737254918

vb0[1603]+000 POSITION: -0.0859375, -1.09570313, -0.00676345825, 1
vb0[1603]+000 NORMAL: 0.501960814, 0.678431392, 0.384313732, 0.737254918
vb0[1603]+000 COLOR: 0.501960814, 0.678431392, 0.384313732, 0.737254918
vb0[1603]+012 TEXCOORD: 0.512695313, 1.95019531
vb0[1603]+000 TEXCOORD1: 0.501960814, 0.678431392, 0.384313732, 0.737254918
vb0[1603]+000 TEXCOORD2: 0.501960814, 0.678431392, 0.384313732, 0.737254918
vb0[1603]+000 TEXCOORD3: 0.501960814, 0.678431392, 0.384313732, 0.737254918
vb0[1603]+000 TANGENT: 0.501960814, 0.678431392, 0.384313732, 0.737254918

vb0[1604]+000 POSITION: 1.1479437e-41, -1.09863281, -1.1479437e-41, 1
vb0[1604]+000 NORMAL: 0.00392156886, 0, 0.396078438, 0.737254918
vb0[1604]+000 COLOR: 0.00392156886, 0, 0.396078438, 0.737254918
vb0[1604]+012 TEXCOORD: 0.399902344, 2
vb0[1604]+000 TEXCOORD1: 0.00392156886, 0, 0.396078438, 0.737254918
vb0[1604]+000 TEXCOORD2: 0.00392156886, 0, 0.396078438, 0.737254918
vb0[1604]+000 TEXCOORD3: 0.00392156886, 0, 0.396078438, 0.737254918
vb0[1604]+000 TANGENT: 0.00392156886, 0, 0.396078438, 0.737254918

vb0[1605]+000 POSITION: 1.1479437e-41, -1.09863281, -1.1479437e-41, 1
vb0[1605]+000 NORMAL: 0.00392156886, 0, 0.396078438, 0.737254918
vb0[1605]+000 COLOR: 0.00392156886, 0, 0.396078438, 0.737254918
vb0[1605]+012 TEXCOORD: 0.375, 2
vb0[1605]+000 TEXCOORD1: 0.00392156886, 0, 0.396078438, 0.737254918
vb0[1605]+000 TEXCOORD2: 0.00392156886, 0, 0.396078438, 0.737254918
vb0[1605]+000 TEXCOORD3: 0.00392156886, 0, 0.396078438, 0.737254918
vb0[1605]+000 TANGENT: 0.00392156886, 0, 0.396078438, 0.737254918

vb0[1606]+000 POSITION: -0.0559997559, -1.09570313, 0.0655517578, 1
vb0[1606]+000 NORMAL: 0.168627456, 0.670588255, 0.384313732, 0.737254918
vb0[1606]+000 COLOR: 0.168627456, 0.670588255, 0.384313732, 0.737254918
vb0[1606]+012 TEXCOORD: 0.362548828, 1.95019531
vb0[1606]+000 TEXCOORD1: 0.168627456, 0.670588255, 0.384313732, 0.737254918
vb0[1606]+000 TEXCOORD2: 0.168627456, 0.670588255, 0.384313732, 0.737254918
vb0[1606]+000 TEXCOORD3: 0.168627456, 0.670588255, 0.384313732, 0.737254918
vb0[1606]+000 TANGENT: 0.168627456, 0.670588255, 0.384313732, 0.737254918

vb0[1607]+000 POSITION: -0.0450439453, -1.09570313, 0.0734863281, 1
vb0[1607]+000 NORMAL: 0.768627465, 0.662745118, 0.384313732, 0.737254918
vb0[1607]+000 COLOR: 0.768627465, 0.662745118, 0.384313732, 0.737254918
vb0[1607]+012 TEXCOORD: 0.337402344, 1.95019531
vb0[1607]+000 TEXCOORD1: 0.768627465, 0.662745118, 0.384313732, 0.737254918
vb0[1607]+000 TEXCOORD2: 0.768627465, 0.662745118, 0.384313732, 0.737254918
vb0[1607]+000 TEXCOORD3: 0.768627465, 0.662745118, 0.384313732, 0.737254918
vb0[1607]+000 TANGENT: 0.768627465, 0.662745118, 0.384313732, 0.737254918

vb0[1608]+000 POSITION: -0.032989502, -1.09570313, 0.0796508789, 1
vb0[1608]+000 NORMAL: 0.223529413, 0.65882355, 0.384313732, 0.737254918
vb0[1608]+000 COLOR: 0.223529413, 0.65882355, 0.384313732, 0.737254918
vb0[1608]+012 TEXCOORD: 0.3125, 1.95019531
vb0[1608]+000 TEXCOORD1: 0.223529413, 0.65882355, 0.384313732, 0.737254918
vb0[1608]+000 TEXCOORD2: 0.223529413, 0.65882355, 0.384313732, 0.737254918
vb0[1608]+000 TEXCOORD3: 0.223529413, 0.65882355, 0.384313732, 0.737254918
vb0[1608]+000 TANGENT: 0.223529413, 0.65882355, 0.384313732, 0.737254918

vb0[1609]+000 POSITION: -0.0201263428, -1.09570313, 0.0838623047, 1
vb0[1609]+000 NORMAL: 0.152941182, 0.647058845, 0.384313732, 0.737254918
vb0[1609]+000 COLOR: 0.152941182, 0.647058845, 0.384313732, 0.737254918
vb0[1609]+012 TEXCOORD: 0.287597656, 1.95019531
vb0[1609]+000 TEXCOORD1: 0.152941182, 0.647058845, 0.384313732, 0.737254918
vb0[1609]+000 TEXCOORD2: 0.152941182, 0.647058845, 0.384313732, 0.737254918
vb0[1609]+000 TEXCOORD3: 0.152941182, 0.647058845, 0.384313732, 0.737254918
vb0[1609]+000 TANGENT: 0.152941182, 0.647058845, 0.384313732, 0.737254918

vb0[1610]+000 POSITION: -0.00676345825, -1.09570313, 0.0859375, 1
vb0[1610]+000 NORMAL: 0.929411769, 0.619607866, 0.384313732, 0.737254918
vb0[1610]+000 COLOR: 0.929411769, 0.619607866, 0.384313732, 0.737254918
vb0[1610]+012 TEXCOORD: 0.262451172, 1.95019531
vb0[1610]+000 TEXCOORD1: 0.929411769, 0.619607866, 0.384313732, 0.737254918
vb0[1610]+000 TEXCOORD2: 0.929411769, 0.619607866, 0.384313732, 0.737254918
vb0[1610]+000 TEXCOORD3: 0.929411769, 0.619607866, 0.384313732, 0.737254918
vb0[1610]+000 TANGENT: 0.929411769, 0.619607866, 0.384313732, 0.737254918

vb0[1611]+000 POSITION: 0.00676345825, -1.09570313, 0.0859375, 1
vb0[1611]+000 NORMAL: 0.929411769, 0.117647059, 0.384313732, 0.737254918
vb0[1611]+000 COLOR: 0.929411769, 0.117647059, 0.384313732, 0.737254918
vb0[1611]+012 TEXCOORD: 0.237548828, 1.95019531
vb0[1611]+000 TEXCOORD1: 0.929411769, 0.117647059, 0.384313732, 0.737254918
vb0[1611]+000 TEXCOORD2: 0.929411769, 0.117647059, 0.384313732, 0.737254918
vb0[1611]+000 TEXCOORD3: 0.929411769, 0.117647059, 0.384313732, 0.737254918
vb0[1611]+000 TANGENT: 0.929411769, 0.117647059, 0.384313732, 0.737254918

vb0[1612]+000 POSITION: 0.0201263428, -1.09570313, 0.0838623047, 1
vb0[1612]+000 NORMAL: 0.152941182, 0.145098045, 0.384313732, 0.737254918
vb0[1612]+000 COLOR: 0.152941182, 0.145098045, 0.384313732, 0.737254918
vb0[1612]+012 TEXCOORD: 0.212524414, 1.95019531
vb0[1612]+000 TEXCOORD1: 0.152941182, 0.145098045, 0.384313732, 0.737254918
vb0[1612]+000 TEXCOORD2: 0.152941182, 0.145098045, 0.384313732, 0.737254918
vb0[1612]+000 TEXCOORD3: 0.152941182, 0.145098045, 0.384313732, 0.737254918
vb0[1612]+000 TANGENT: 0.152941182, 0.145098045, 0.384313732, 0.737254918

vb0[1613]+000 POSITION: 0.032989502, -1.09570313, 0.0796508789, 1
vb0[1613]+000 NORMAL: 0.223529413, 0.156862751, 0.384313732, 0.737254918
vb0[1613]+000 COLOR: 0.223529413, 0.156862751, 0.384313732, 0.737254918
vb0[1613]+012 TEXCOORD: 0.1875, 1.95019531
vb0[1613]+000 TEXCOORD1: 0.223529413, 0.156862751, 0.384313732, 0.737254918
vb0[1613]+000 TEXCOORD2: 0.223529413, 0.156862751, 0.384313732, 0.737254918
vb0[1613]+000 TEXCOORD3: 0.223529413, 0.156862751, 0.384313732, 0.737254918
vb0[1613]+000 TANGENT: 0.223529413, 0.156862751, 0.384313732, 0.737254918

vb0[1614]+000 POSITION: 0.0450439453, -1.09570313, 0.0734863281, 1
vb0[1614]+000 NORMAL: 0.768627465, 0.160784319, 0.384313732, 0.737254918
vb0[1614]+000 COLOR: 0.768627465, 0.160784319, 0.384313732, 0.737254918
vb0[1614]+012 TEXCOORD: 0.162475586, 1.95019531
vb0[1614]+000 TEXCOORD1: 0.768627465, 0.160784319, 0.384313732, 0.737254918
vb0[1614]+000 TEXCOORD2: 0.768627465, 0.160784319, 0.384313732, 0.737254918
vb0[1614]+000 TEXCOORD3: 0.768627465, 0.160784319, 0.384313732, 0.737254918
vb0[1614]+000 TANGENT: 0.768627465, 0.160784319, 0.384313732, 0.737254918

vb0[1615]+000 POSITION: 0.0559997559, -1.09570313, 0.0655517578, 1
vb0[1615]+000 NORMAL: 0.168627456, 0.168627456, 0.384313732, 0.737254918
vb0[1615]+000 COLOR: 0.168627456, 0.168627456, 0.384313732, 0.737254918
vb0[1615]+012 TEXCOORD: 0.137451172, 1.95019531
vb0[1615]+000 TEXCOORD1: 0.168627456, 0.168627456, 0.384313732, 0.737254918
vb0[1615]+000 TEXCOORD2: 0.168627456, 0.168627456, 0.384313732, 0.737254918
vb0[1615]+000 TEXCOORD3: 0.168627456, 0.168627456, 0.384313732, 0.737254918
vb0[1615]+000 TANGENT: 0.168627456, 0.168627456, 0.384313732, 0.737254918

vb0[1616]+000 POSITION: 0.0655517578, -1.09570313, 0.0559997559, 1
vb0[1616]+000 NORMAL: 0.196078435, 0.172549024, 0.384313732, 0.737254918
vb0[1616]+000 COLOR: 0.196078435, 0.172549024, 0.384313732, 0.737254918
vb0[1616]+012 TEXCOORD: 0.112487793, 1.95019531
vb0[1616]+000 TEXCOORD1: 0.196078435, 0.172549024, 0.384313732, 0.737254918
vb0[1616]+000 TEXCOORD2: 0.196078435, 0.172549024, 0.384313732, 0.737254918
vb0[1616]+000 TEXCOORD3: 0.196078435, 0.172549024, 0.384313732, 0.737254918
vb0[1616]+000 TANGENT: 0.196078435, 0.172549024, 0.384313732, 0.737254918

vb0[1617]+000 POSITION: 0.0734863281, -1.09570313, 0.0450439453, 1
vb0[1617]+000 NORMAL: 0.70588237, 0.172549024, 0.384313732, 0.737254918
vb0[1617]+000 COLOR: 0.70588237, 0.172549024, 0.384313732, 0.737254918
vb0[1617]+012 TEXCOORD: 0.0875244141, 1.95019531
vb0[1617]+000 TEXCOORD1: 0.70588237, 0.172549024, 0.384313732, 0.737254918
vb0[1617]+000 TEXCOORD2: 0.70588237, 0.172549024, 0.384313732, 0.737254918
vb0[1617]+000 TEXCOORD3: 0.70588237, 0.172549024, 0.384313732, 0.737254918
vb0[1617]+000 TANGENT: 0.70588237, 0.172549024, 0.384313732, 0.737254918

vb0[1618]+000 POSITION: 0.0796508789, -1.09570313, 0.032989502, 1
vb0[1618]+000 NORMAL: 0.0980392173, 0.176470593, 0.384313732, 0.737254918
vb0[1618]+000 COLOR: 0.0980392173, 0.176470593, 0.384313732, 0.737254918
vb0[1618]+012 TEXCOORD: 0.0625, 1.95019531
vb0[1618]+000 TEXCOORD1: 0.0980392173, 0.176470593, 0.384313732, 0.737254918
vb0[1618]+000 TEXCOORD2: 0.0980392173, 0.176470593, 0.384313732, 0.737254918
vb0[1618]+000 TEXCOORD3: 0.0980392173, 0.176470593, 0.384313732, 0.737254918
vb0[1618]+000 TANGENT: 0.0980392173, 0.176470593, 0.384313732, 0.737254918

vb0[1619]+000 POSITION: 0.0838623047, -1.09570313, 0.0201263428, 1
vb0[1619]+000 NORMAL: 0.368627459, 0.176470593, 0.384313732, 0.737254918
vb0[1619]+000 COLOR: 0.368627459, 0.176470593, 0.384313732, 0.737254918
vb0[1619]+012 TEXCOORD: 0.0375061035, 1.95019531
vb0[1619]+000 TEXCOORD1: 0.368627459, 0.176470593, 0.384313732, 0.737254918
vb0[1619]+000 TEXCOORD2: 0.368627459, 0.176470593, 0.384313732, 0.737254918
vb0[1619]+000 TEXCOORD3: 0.368627459, 0.176470593, 0.384313732, 0.737254918
vb0[1619]+000 TANGENT: 0.368627459, 0.176470593, 0.384313732, 0.737254918

vb0[1620]+000 POSITION: 0.0859375, -1.09570313, 0.00676345825, 1
vb0[1620]+000 NORMAL: 0.501960814, 0.176470593, 0.384313732, 0.737254918
vb0[1620]+000 COLOR: 0.501960814, 0.176470593, 0.384313732, 0.737254918
vb0[1620]+012 TEXCOORD: 0.0124969482, 1.95019531
vb0[1620]+000 TEXCOORD1: 0.501960814, 0.176470593, 0.384313732, 0.737254918
vb0[1620]+000 TEXCOORD2: 0.501960814, 0.176470593, 0.384313732, 0.737254918
vb0[1620]+000 TEXCOORD3: 0.501960814, 0.176470593, 0.384313732, 0.737254918
vb0[1620]+000 TANGENT: 0.501960814, 0.176470593, 0.384313732, 0.737254918

vb0[1621]+000 POSITION: 0.0859375, -1.09570313, -0.00676345825, 1
vb0[1621]+000 NORMAL: 0.501960814, 0.176470593, 0.384313732, 0.737254918
vb0[1621]+000 COLOR: 0.501960814, 0.176470593, 0.384313732, 0.737254918
vb0[1621]+012 TEXCOORD: -0.0124969482, 1.95019531
vb0[1621]+000 TEXCOORD1: 0.501960814, 0.176470593, 0.384313732, 0.737254918
vb0[1621]+000 TEXCOORD2: 0.501960814, 0.176470593, 0.384313732, 0.737254918
vb0[1621]+000 TEXCOORD3: 0.501960814, 0.176470593, 0.384313732, 0.737254918
vb0[1621]+000 TANGENT: 0.501960814, 0.176470593, 0.384313732, 0.737254918

vb0[1622]+000 POSITION: 0.0838623047, -1.09570313, -0.0201263428, 1
vb0[1622]+000 NORMAL: 0.368627459, 0.176470593, 0.384313732, 0.737254918
vb0[1622]+000 COLOR: 0.368627459, 0.176470593, 0.384313732, 0.737254918
vb0[1622]+012 TEXCOORD: -0.0375061035, 1.95019531
vb0[1622]+000 TEXCOORD1: 0.368627459, 0.176470593, 0.384313732, 0.737254918
vb0[1622]+000 TEXCOORD2: 0.368627459, 0.176470593, 0.384313732, 0.737254918
vb0[1622]+000 TEXCOORD3: 0.368627459, 0.176470593, 0.384313732, 0.737254918
vb0[1622]+000 TANGENT: 0.368627459, 0.176470593, 0.384313732, 0.737254918

vb0[1623]+000 POSITION: 0.0796508789, -1.09570313, -0.032989502, 1
vb0[1623]+000 NORMAL: 0.0980392173, 0.176470593, 0.384313732, 0.737254918
vb0[1623]+000 COLOR: 0.0980392173, 0.176470593, 0.384313732, 0.737254918
vb0[1623]+012 TEXCOORD: -0.0625, 1.95019531
vb0[1623]+000 TEXCOORD1: 0.0980392173, 0.176470593, 0.384313732, 0.737254918
vb0[1623]+000 TEXCOORD2: 0.0980392173, 0.176470593, 0.384313732, 0.737254918
vb0[1623]+000 TEXCOORD3: 0.0980392173, 0.176470593, 0.384313732, 0.737254918
vb0[1623]+000 TANGENT: 0.0980392173, 0.176470593, 0.384313732, 0.737254918

vb0[1624]+000 POSITION: 0.0734863281, -1.09570313, -0.0450439453, 1
vb0[1624]+000 NORMAL: 0.70588237, 0.172549024, 0.384313732, 0.737254918
vb0[1624]+000 COLOR: 0.70588237, 0.172549024, 0.384313732, 0.737254918
vb0[1624]+012 TEXCOORD: -0.0875244141, 1.95019531
vb0[1624]+000 TEXCOORD1: 0.70588237, 0.172549024, 0.384313732, 0.737254918
vb0[1624]+000 TEXCOORD2: 0.70588237, 0.172549024, 0.384313732, 0.737254918
vb0[1624]+000 TEXCOORD3: 0.70588237, 0.172549024, 0.384313732, 0.737254918
vb0[1624]+000 TANGENT: 0.70588237, 0.172549024, 0.384313732, 0.737254918

vb0[1625]+000 POSITION: 0.0655517578, -1.09570313, -0.0559997559, 1
vb0[1625]+000 NORMAL: 0.196078435, 0.172549024, 0.384313732, 0.737254918
vb0[1625]+000 COLOR: 0.196078435, 0.172549024, 0.384313732, 0.737254918
vb0[1625]+012 TEXCOORD: -0.112487793, 1.95019531
vb0[1625]+000 TEXCOORD1: 0.196078435, 0.172549024, 0.384313732, 0.737254918
vb0[1625]+000 TEXCOORD2: 0.196078435, 0.172549024, 0.384313732, 0.737254918
vb0[1625]+000 TEXCOORD3: 0.196078435, 0.172549024, 0.384313732, 0.737254918
vb0[1625]+000 TANGENT: 0.196078435, 0.172549024, 0.384313732, 0.737254918

vb0[1626]+000 POSITION: 0.0559997559, -1.09570313, -0.0655517578, 1
vb0[1626]+000 NORMAL: 0.168627456, 0.168627456, 0.384313732, 0.737254918
vb0[1626]+000 COLOR: 0.168627456, 0.168627456, 0.384313732, 0.737254918
vb0[1626]+012 TEXCOORD: -0.137451172, 1.95019531
vb0[1626]+000 TEXCOORD1: 0.168627456, 0.168627456, 0.384313732, 0.737254918
vb0[1626]+000 TEXCOORD2: 0.168627456, 0.168627456, 0.384313732, 0.737254918
vb0[1626]+000 TEXCOORD3: 0.168627456, 0.168627456, 0.384313732, 0.737254918
vb0[1626]+000 TANGENT: 0.168627456, 0.168627456, 0.384313732, 0.737254918

vb0[1627]+000 POSITION: 0.0450439453, -1.09570313, -0.0734863281, 1
vb0[1627]+000 NORMAL: 0.768627465, 0.160784319, 0.384313732, 0.737254918
vb0[1627]+000 COLOR: 0.768627465, 0.160784319, 0.384313732, 0.737254918
vb0[1627]+012 TEXCOORD: -0.162475586, 1.95019531
vb0[1627]+000 TEXCOORD1: 0.768627465, 0.160784319, 0.384313732, 0.737254918
vb0[1627]+000 TEXCOORD2: 0.768627465, 0.160784319, 0.384313732, 0.737254918
vb0[1627]+000 TEXCOORD3: 0.768627465, 0.160784319, 0.384313732, 0.737254918
vb0[1627]+000 TANGENT: 0.768627465, 0.160784319, 0.384313732, 0.737254918

vb0[1628]+000 POSITION: 0.032989502, -1.09570313, -0.0796508789, 1
vb0[1628]+000 NORMAL: 0.223529413, 0.156862751, 0.384313732, 0.737254918
vb0[1628]+000 COLOR: 0.223529413, 0.156862751, 0.384313732, 0.737254918
vb0[1628]+012 TEXCOORD: -0.1875, 1.95019531
vb0[1628]+000 TEXCOORD1: 0.223529413, 0.156862751, 0.384313732, 0.737254918
vb0[1628]+000 TEXCOORD2: 0.223529413, 0.156862751, 0.384313732, 0.737254918
vb0[1628]+000 TEXCOORD3: 0.223529413, 0.156862751, 0.384313732, 0.737254918
vb0[1628]+000 TANGENT: 0.223529413, 0.156862751, 0.384313732, 0.737254918

vb0[1629]+000 POSITION: 0.0201263428, -1.09570313, -0.0838623047, 1
vb0[1629]+000 NORMAL: 0.152941182, 0.145098045, 0.384313732, 0.737254918
vb0[1629]+000 COLOR: 0.152941182, 0.145098045, 0.384313732, 0.737254918
vb0[1629]+012 TEXCOORD: -0.212524414, 1.95019531
vb0[1629]+000 TEXCOORD1: 0.152941182, 0.145098045, 0.384313732, 0.737254918
vb0[1629]+000 TEXCOORD2: 0.152941182, 0.145098045, 0.384313732, 0.737254918
vb0[1629]+000 TEXCOORD3: 0.152941182, 0.145098045, 0.384313732, 0.737254918
vb0[1629]+000 TANGENT: 0.152941182, 0.145098045, 0.384313732, 0.737254918

vb0[1630]+000 POSITION: 0.00676345825, -1.09570313, -0.0859375, 1
vb0[1630]+000 NORMAL: 0.929411769, 0.117647059, 0.384313732, 0.737254918
vb0[1630]+000 COLOR: 0.929411769, 0.117647059, 0.384313732, 0.737254918
vb0[1630]+012 TEXCOORD: -0.237548828, 1.95019531
vb0[1630]+000 TEXCOORD1: 0.929411769, 0.117647059, 0.384313732, 0.737254918
vb0[1630]+000 TEXCOORD2: 0.929411769, 0.117647059, 0.384313732, 0.737254918
vb0[1630]+000 TEXCOORD3: 0.929411769, 0.117647059, 0.384313732, 0.737254918
vb0[1630]+000 TANGENT: 0.929411769, 0.117647059, 0.384313732, 0.737254918

vb0[1631]+000 POSITION: -0.00676345825, -1.09570313, -0.0859375, 1
vb0[1631]+000 NORMAL: 0.929411769, 0.619607866, 0.384313732, 0.737254918
vb0[1631]+000 COLOR: 0.929411769, 0.619607866, 0.384313732, 0.737254918
vb0[1631]+012 TEXCOORD: -0.262451172, 1.95019531
vb0[1631]+000 TEXCOORD1: 0.929411769, 0.619607866, 0.384313732, 0.737254918
vb0[1631]+000 TEXCOORD2: 0.929411769, 0.619607866, 0.384313732, 0.737254918
vb0[1631]+000 TEXCOORD3: 0.929411769, 0.619607866, 0.384313732, 0.737254918
vb0[1631]+000 TANGENT: 0.929411769, 0.619607866, 0.384313732, 0.737254918

vb0[1632]+000 POSITION: -0.0201263428, -1.09570313, -0.0838623047, 1
vb0[1632]+000 NORMAL: 0.152941182, 0.647058845, 0.384313732, 0.737254918
vb0[1632]+000 COLOR: 0.152941182, 0.647058845, 0.384313732, 0.737254918
vb0[1632]+012 TEXCOORD: -0.287597656, 1.95019531
vb0[1632]+000 TEXCOORD1: 0.152941182, 0.647058845, 0.384313732, 0.737254918
vb0[1632]+000 TEXCOORD2: 0.152941182, 0.647058845, 0.384313732, 0.737254918
vb0[1632]+000 TEXCOORD3: 0.152941182, 0.647058845, 0.384313732, 0.737254918
vb0[1632]+000 TANGENT: 0.152941182, 0.647058845, 0.384313732, 0.737254918

vb0[1633]+000 POSITION: -0.032989502, -1.09570313, -0.0796508789, 1
vb0[1633]+000 NORMAL: 0.223529413, 0.65882355, 0.384313732, 0.737254918
vb0[1633]+000 COLOR: 0.223529413, 0.65882355, 0.384313732, 0.737254918
vb0[1633]+012 TEXCOORD: -0.3125, 1.95019531
vb0[1633]+000 TEXCOORD1: 0.223529413, 0.65882355, 0.384313732, 0.737254918
vb0[1633]+000 TEXCOORD2: 0.223529413, 0.65882355, 0.384313732, 0.737254918
vb0[1633]+000 TEXCOORD3: 0.223529413, 0.65882355, 0.384313732, 0.737254918
vb0[1633]+000 TANGENT: 0.223529413, 0.65882355, 0.384313732, 0.737254918

vb0[1634]+000 POSITION: -0.0450439453, -1.09570313, -0.0734863281, 1
vb0[1634]+000 NORMAL: 0.768627465, 0.662745118, 0.384313732, 0.737254918
vb0[1634]+000 COLOR: 0.768627465, 0.662745118, 0.384313732, 0.737254918
vb0[1634]+012 TEXCOORD: -0.337402344, 1.95019531
vb0[1634]+000 TEXCOORD1: 0.768627465, 0.662745118, 0.384313732, 0.737254918
vb0[1634]+000 TEXCOORD2: 0.768627465, 0.662745118, 0.384313732, 0.737254918
vb0[1634]+000 TEXCOORD3: 0.768627465, 0.662745118, 0.384313732, 0.737254918
vb0[1634]+000 TANGENT: 0.768627465, 0.662745118, 0.384313732, 0.737254918

vb0[1635]+000 POSITION: -0.0559997559, -1.09570313, -0.0655517578, 1
vb0[1635]+000 NORMAL: 0.168627456, 0.670588255, 0.384313732, 0.737254918
vb0[1635]+000 COLOR: 0.168627456, 0.670588255, 0.384313732, 0.737254918
vb0[1635]+012 TEXCOORD: -0.362548828, 1.95019531
vb0[1635]+000 TEXCOORD1: 0.168627456, 0.670588255, 0.384313732, 0.737254918
vb0[1635]+000 TEXCOORD2: 0.168627456, 0.670588255, 0.384313732, 0.737254918
vb0[1635]+000 TEXCOORD3: 0.168627456, 0.670588255, 0.384313732, 0.737254918
vb0[1635]+000 TANGENT: 0.168627456, 0.670588255, 0.384313732, 0.737254918

vb0[1636]+000 POSITION: -0.0655517578, -1.09570313, -0.0559997559, 1
vb0[1636]+000 NORMAL: 0.196078435, 0.674509823, 0.384313732, 0.737254918
vb0[1636]+000 COLOR: 0.196078435, 0.674509823, 0.384313732, 0.737254918
vb0[1636]+012 TEXCOORD: -0.387451172, 1.95019531
vb0[1636]+000 TEXCOORD1: 0.196078435, 0.674509823, 0.384313732, 0.737254918
vb0[1636]+000 TEXCOORD2: 0.196078435, 0.674509823, 0.384313732, 0.737254918
vb0[1636]+000 TEXCOORD3: 0.196078435, 0.674509823, 0.384313732, 0.737254918
vb0[1636]+000 TANGENT: 0.196078435, 0.674509823, 0.384313732, 0.737254918

vb0[1637]+000 POSITION: -0.0734863281, -1.09570313, -0.0450439453, 1
vb0[1637]+000 NORMAL: 0.70588237, 0.674509823, 0.384313732, 0.737254918
vb0[1637]+000 COLOR: 0.70588237, 0.674509823, 0.384313732, 0.737254918
vb0[1637]+012 TEXCOORD: -0.412597656, 1.95019531
vb0[1637]+000 TEXCOORD1: 0.70588237, 0.674509823, 0.384313732, 0.737254918
vb0[1637]+000 TEXCOORD2: 0.70588237, 0.674509823, 0.384313732, 0.737254918
vb0[1637]+000 TEXCOORD3: 0.70588237, 0.674509823, 0.384313732, 0.737254918
vb0[1637]+000 TANGENT: 0.70588237, 0.674509823, 0.384313732, 0.737254918

vb0[1638]+000 POSITION: -0.0796508789, -1.09570313, -0.032989502, 1
vb0[1638]+000 NORMAL: 0.0980392173, 0.678431392, 0.384313732, 0.737254918
vb0[1638]+000 COLOR: 0.0980392173, 0.678431392, 0.384313732, 0.737254918
vb0[1638]+012 TEXCOORD: -0.4375, 1.95019531
vb0[1638]+000 TEXCOORD1: 0.0980392173, 0.678431392, 0.384313732, 0.737254918
vb0[1638]+000 TEXCOORD2: 0.0980392173, 0.678431392, 0.384313732, 0.737254918
vb0[1638]+000 TEXCOORD3: 0.0980392173, 0.678431392, 0.384313732, 0.737254918
vb0[1638]+000 TANGENT: 0.0980392173, 0.678431392, 0.384313732, 0.737254918

vb0[1639]+000 POSITION: -0.0838623047, -1.09570313, -0.0201263428, 1
vb0[1639]+000 NORMAL: 0.368627459, 0.678431392, 0.384313732, 0.737254918
vb0[1639]+000 COLOR: 0.368627459, 0.678431392, 0.384313732, 0.737254918
vb0[1639]+012 TEXCOORD: -0.462402344, 1.95019531
vb0[1639]+000 TEXCOORD1: 0.368627459, 0.678431392, 0.384313732, 0.737254918
vb0[1639]+000 TEXCOORD2: 0.368627459, 0.678431392, 0.384313732, 0.737254918
vb0[1639]+000 TEXCOORD3: 0.368627459, 0.678431392, 0.384313732, 0.737254918
vb0[1639]+000 TANGENT: 0.368627459, 0.678431392, 0.384313732, 0.737254918

vb0[1640]+000 POSITION: -0.0859375, -1.09570313, -0.00676345825, 1
vb0[1640]+000 NORMAL: 0.501960814, 0.678431392, 0.384313732, 0.737254918
vb0[1640]+000 COLOR: 0.501960814, 0.678431392, 0.384313732, 0.737254918
vb0[1640]+012 TEXCOORD: -0.487548828, 1.95019531
vb0[1640]+000 TEXCOORD1: 0.501960814, 0.678431392, 0.384313732, 0.737254918
vb0[1640]+000 TEXCOORD2: 0.501960814, 0.678431392, 0.384313732, 0.737254918
vb0[1640]+000 TEXCOORD3: 0.501960814, 0.678431392, 0.384313732, 0.737254918
vb0[1640]+000 TANGENT: 0.501960814, 0.678431392, 0.384313732, 0.737254918

vb0[1641]+000 POSITION: 2.2958874e-41, -1.09863281, 0, 1
vb0[1641]+000 NORMAL: 0.00784313772, 0, 0.396078438, 0.737254918
vb0[1641]+000 COLOR: 0.00784313772, 0, 0.396078438, 0.737254918
vb0[1641]+012 TEXCOORD: -0.475097656, 2
vb0[1641]+000 TEXCOORD1: 0.00784313772, 0, 0.396078438, 0.737254918
vb0[1641]+000 TEXCOORD2: 0.00784313772, 0, 0.396078438, 0.737254918
vb0[1641]+000 TEXCOORD3: 0.00784313772, 0, 0.396078438, 0.737254918
vb0[1641]+000 TANGENT: 0.00784313772, 0, 0.396078438, 0.737254918

vb0[1642]+000 POSITION: 2.2958874e-41, -1.09863281, -0, 1
vb0[1642]+000 NORMAL: 0.00784313772, 0, 0.396078438, 0.737254918
vb0[1642]+000 COLOR: 0.00784313772, 0, 0.396078438, 0.737254918
vb0[1642]+012 TEXCOORD: -0.5, 2
vb0[1642]+000 TEXCOORD1: 0.00784313772, 0, 0.396078438, 0.737254918
vb0[1642]+000 TEXCOORD2: 0.00784313772, 0, 0.396078438, 0.737254918
vb0[1642]+000 TEXCOORD3: 0.00784313772, 0, 0.396078438, 0.737254918
vb0[1642]+000 TANGENT: 0.00784313772, 0, 0.396078438, 0.737254918

vb0[1643]+000 POSITION: 2.2958874e-41, -1.09863281, 0, 1
vb0[1643]+000 NORMAL: 0.00784313772, 0, 0.396078438, 0.737254918
vb0[1643]+000 COLOR: 0.00784313772, 0, 0.396078438, 0.737254918
vb0[1643]+012 TEXCOORD: -0.449951172, 2
vb0[1643]+000 TEXCOORD1: 0.00784313772, 0, 0.396078438, 0.737254918
vb0[1643]+000 TEXCOORD2: 0.00784313772, 0, 0.396078438, 0.737254918
vb0[1643]+000 TEXCOORD3: 0.00784313772, 0, 0.396078438, 0.737254918
vb0[1643]+000 TANGENT: 0.00784313772, 0, 0.396078438, 0.737254918

vb0[1644]+000 POSITION: 1.1479437e-41, -1.09863281, 1.1479437e-41, 1
vb0[1644]+000 NORMAL: 0.00392156886, 0, 0.396078438, 0.737254918
vb0[1644]+000 COLOR: 0.00392156886, 0, 0.396078438, 0.737254918
vb0[1644]+012 TEXCOORD: -0.425048828, 2
vb0[1644]+000 TEXCOORD1: 0.00392156886, 0, 0.396078438, 0.737254918
vb0[1644]+000 TEXCOORD2: 0.00392156886, 0, 0.396078438, 0.737254918
vb0[1644]+000 TEXCOORD3: 0.00392156886, 0, 0.396078438, 0.737254918
vb0[1644]+000 TANGENT: 0.00392156886, 0, 0.396078438, 0.737254918

vb0[1645]+000 POSITION: 1.1479437e-41, -1.09863281, 1.1479437e-41, 1
vb0[1645]+000 NORMAL: 0.00392156886, 0, 0.396078438, 0.737254918
vb0[1645]+000 COLOR: 0.00392156886, 0, 0.396078438, 0.737254918
vb0[1645]+012 TEXCOORD: -0.399902344, 2
vb0[1645]+000 TEXCOORD1: 0.00392156886, 0, 0.396078438, 0.737254918
vb0[1645]+000 TEXCOORD2: 0.00392156886, 0, 0.396078438, 0.737254918
vb0[1645]+000 TEXCOORD3: 0.00392156886, 0, 0.396078438, 0.737254918
vb0[1645]+000 TANGENT: 0.00392156886, 0, 0.396078438, 0.737254918

vb0[1646]+000 POSITION: 1.1479437e-41, -1.09863281, 1.1479437e-41, 1
vb0[1646]+000 NORMAL: 0.00392156886, 0, 0.396078438, 0.737254918
vb0[1646]+000 COLOR: 0.00392156886, 0, 0.396078438, 0.737254918
vb0[1646]+012 TEXCOORD: -0.375, 2
vb0[1646]+000 TEXCOORD1: 0.00392156886, 0, 0.396078438, 0.737254918
vb0[1646]+000 TEXCOORD2: 0.00392156886, 0, 0.396078438, 0.737254918
vb0[1646]+000 TEXCOORD3: 0.00392156886, 0, 0.396078438, 0.737254918
vb0[1646]+000 TANGENT: 0.00392156886, 0, 0.396078438, 0.737254918

vb0[1647]+000 POSITION: 1.1479437e-41, -1.09863281, 1.1479437e-41, 1
vb0[1647]+000 NORMAL: 0.00392156886, 0, 0.396078438, 0.737254918
vb0[1647]+000 COLOR: 0.00392156886, 0, 0.396078438, 0.737254918
vb0[1647]+012 TEXCOORD: -0.350097656, 2
vb0[1647]+000 TEXCOORD1: 0.00392156886, 0, 0.396078438, 0.737254918
vb0[1647]+000 TEXCOORD2: 0.00392156886, 0, 0.396078438, 0.737254918
vb0[1647]+000 TEXCOORD3: 0.00392156886, 0, 0.396078438, 0.737254918
vb0[1647]+000 TANGENT: 0.00392156886, 0, 0.396078438, 0.737254918

vb0[1648]+000 POSITION: 1.1479437e-41, -1.09863281, 1.1479437e-41, 1
vb0[1648]+000 NORMAL: 0.00392156886, 0, 0.396078438, 0.737254918
vb0[1648]+000 COLOR: 0.00392156886, 0, 0.396078438, 0.737254918
vb0[1648]+012 TEXCOORD: -0.324951172, 2
vb0[1648]+000 TEXCOORD1: 0.00392156886, 0, 0.396078438, 0.737254918
vb0[1648]+000 TEXCOORD2: 0.00392156886, 0, 0.396078438, 0.737254918
vb0[1648]+000 TEXCOORD3: 0.00392156886, 0, 0.396078438, 0.737254918
vb0[1648]+000 TANGENT: 0.00392156886, 0, 0.396078438, 0.737254918

vb0[1649]+000 POSITION: 0, -1.09863281, 2.2958874e-41, 1
vb0[1649]+000 NORMAL: 0, 0, 0.396078438, 0.737254918
vb0[1649]+000 COLOR: 0, 0, 0.396078438, 0.737254918
vb0[1649]+012 TEXCOORD: -0.300048828, 2
vb0[1649]+000 TEXCOORD1: 0, 0, 0.396078438, 0.737254918
vb0[1649]+000 TEXCOORD2: 0, 0, 0.396078438, 0.737254918
vb0[1649]+000 TEXCOORD3: 0, 0, 0.396078438, 0.737254918
vb0[1649]+000 TANGENT: 0, 0, 0.396078438, 0.737254918

vb0[1650]+000 POSITION: 0, -1.09863281, 2.2958874e-41, 1
vb0[1650]+000 NORMAL: 0, 0, 0.396078438, 0.737254918
vb0[1650]+000 COLOR: 0, 0, 0.396078438, 0.737254918
vb0[1650]+012 TEXCOORD: -0.274902344, 2
vb0[1650]+000 TEXCOORD1: 0, 0, 0.396078438, 0.737254918
vb0[1650]+000 TEXCOORD2: 0, 0, 0.396078438, 0.737254918
vb0[1650]+000 TEXCOORD3: 0, 0, 0.396078438, 0.737254918
vb0[1650]+000 TANGENT: 0, 0, 0.396078438, 0.737254918

vb0[1651]+000 POSITION: 0, -1.09863281, 2.2958874e-41, 1
vb0[1651]+000 NORMAL: 0, 0, 0.396078438, 0.737254918
vb0[1651]+000 COLOR: 0, 0, 0.396078438, 0.737254918
vb0[1651]+012 TEXCOORD: -0.25, 2
vb0[1651]+000 TEXCOORD1: 0, 0, 0.396078438, 0.737254918
vb0[1651]+000 TEXCOORD2: 0, 0, 0.396078438, 0.737254918
vb0[1651]+000 TEXCOORD3: 0, 0, 0.396078438, 0.737254918
vb0[1651]+000 TANGENT: 0, 0, 0.396078438, 0.737254918

vb0[1652]+000 POSITION: -0, -1.09863281, 2.2958874e-41, 1
vb0[1652]+000 NORMAL: 0, 0.501960814, 0.396078438, 0.737254918
vb0[1652]+000 COLOR: 0, 0.501960814, 0.396078438, 0.737254918
vb0[1652]+012 TEXCOORD: -0.224975586, 2
vb0[1652]+000 TEXCOORD1: 0, 0.501960814, 0.396078438, 0.737254918
vb0[1652]+000 TEXCOORD2: 0, 0.501960814, 0.396078438, 0.737254918
vb0[1652]+000 TEXCOORD3: 0, 0.501960814, 0.396078438, 0.737254918
vb0[1652]+000 TANGENT: 0, 0.501960814, 0.396078438, 0.737254918

vb0[1653]+000 POSITION: -0, -1.09863281, 2.2958874e-41, 1
vb0[1653]+000 NORMAL: 0, 0.501960814, 0.396078438, 0.737254918
vb0[1653]+000 COLOR: 0, 0.501960814, 0.396078438, 0.737254918
vb0[1653]+012 TEXCOORD: -0.199951172, 2
vb0[1653]+000 TEXCOORD1: 0, 0.501960814, 0.396078438, 0.737254918
vb0[1653]+000 TEXCOORD2: 0, 0.501960814, 0.396078438, 0.737254918
vb0[1653]+000 TEXCOORD3: 0, 0.501960814, 0.396078438, 0.737254918
vb0[1653]+000 TANGENT: 0, 0.501960814, 0.396078438, 0.737254918

vb0[1654]+000 POSITION: -1.1479437e-41, -1.09863281, 1.1479437e-41, 1
vb0[1654]+000 NORMAL: 0.00392156886, 0.501960814, 0.396078438, 0.737254918
vb0[1654]+000 COLOR: 0.00392156886, 0.501960814, 0.396078438, 0.737254918
vb0[1654]+012 TEXCOORD: -0.175048828, 2
vb0[1654]+000 TEXCOORD1: 0.00392156886, 0.501960814, 0.396078438, 0.737254918
vb0[1654]+000 TEXCOORD2: 0.00392156886, 0.501960814, 0.396078438, 0.737254918
vb0[1654]+000 TEXCOORD3: 0.00392156886, 0.501960814, 0.396078438, 0.737254918
vb0[1654]+000 TANGENT: 0.00392156886, 0.501960814, 0.396078438, 0.737254918

vb0[1655]+000 POSITION: -1.1479437e-41, -1.09863281, 1.1479437e-41, 1
vb0[1655]+000 NORMAL: 0.00392156886, 0.501960814, 0.396078438, 0.737254918
vb0[1655]+000 COLOR: 0.00392156886, 0.501960814, 0.396078438, 0.737254918
vb0[1655]+012 TEXCOORD: -0.150024414, 2
vb0[1655]+000 TEXCOORD1: 0.00392156886, 0.501960814, 0.396078438, 0.737254918
vb0[1655]+000 TEXCOORD2: 0.00392156886, 0.501960814, 0.396078438, 0.737254918
vb0[1655]+000 TEXCOORD3: 0.00392156886, 0.501960814, 0.396078438, 0.737254918
vb0[1655]+000 TANGENT: 0.00392156886, 0.501960814, 0.396078438, 0.737254918

vb0[1656]+000 POSITION: -1.1479437e-41, -1.09863281, 1.1479437e-41, 1
vb0[1656]+000 NORMAL: 0.00392156886, 0.501960814, 0.396078438, 0.737254918
vb0[1656]+000 COLOR: 0.00392156886, 0.501960814, 0.396078438, 0.737254918
vb0[1656]+012 TEXCOORD: -0.125, 2
vb0[1656]+000 TEXCOORD1: 0.00392156886, 0.501960814, 0.396078438, 0.737254918
vb0[1656]+000 TEXCOORD2: 0.00392156886, 0.501960814, 0.396078438, 0.737254918
vb0[1656]+000 TEXCOORD3: 0.00392156886, 0.501960814, 0.396078438, 0.737254918
vb0[1656]+000 TANGENT: 0.00392156886, 0.501960814, 0.396078438, 0.737254918

vb0[1657]+000 POSITION: -1.1479437e-41, -1.09863281, 1.1479437e-41, 1
vb0[1657]+000 NORMAL: 0.00392156886, 0.501960814, 0.396078438, 0.737254918
vb0[1657]+000 COLOR: 0.00392156886, 0.501960814, 0.396078438, 0.737254918
vb0[1657]+012 TEXCOORD: -0.0999755859, 2
vb0[1657]+000 TEXCOORD1: 0.00392156886, 0.501960814, 0.396078438, 0.737254918
vb0[1657]+000 TEXCOORD2: 0.00392156886, 0.501960814, 0.396078438, 0.737254918
vb0[1657]+000 TEXCOORD3: 0.00392156886, 0.501960814, 0.396078438, 0.737254918
vb0[1657]+000 TANGENT: 0.00392156886, 0.501960814, 0.396078438, 0.737254918

vb0[1658]+000 POSITION: -1.1479437e-41, -1.09863281, 1.1479437e-41, 1
vb0[1658]+000 NORMAL: 0.00392156886, 0.501960814, 0.396078438, 0.737254918
vb0[1658]+000 COLOR: 0.00392156886, 0.501960814, 0.396078438, 0.737254918
vb0[1658]+012 TEXCOORD: -0.075012207, 2
vb0[1658]+000 TEXCOORD1: 0.00392156886, 0.501960814, 0.396078438, 0.737254918
vb0[1658]+000 TEXCOORD2: 0.00392156886, 0.501960814, 0.396078438, 0.737254918
vb0[1658]+000 TEXCOORD3: 0.00392156886, 0.501960814, 0.396078438, 0.737254918
vb0[1658]+000 TANGENT: 0.00392156886, 0.501960814, 0.396078438, 0.737254918

vb0[1659]+000 POSITION: -2.2958874e-41, -1.09863281, 0, 1
vb0[1659]+000 NORMAL: 0.00784313772, 0.501960814, 0.396078438, 0.737254918
vb0[1659]+000 COLOR: 0.00784313772, 0.501960814, 0.396078438, 0.737254918
vb0[1659]+012 TEXCOORD: -0.049987793, 2
vb0[1659]+000 TEXCOORD1: 0.00784313772, 0.501960814, 0.396078438, 0.737254918
vb0[1659]+000 TEXCOORD2: 0.00784313772, 0.501960814, 0.396078438, 0.737254918
vb0[1659]+000 TEXCOORD3: 0.00784313772, 0.501960814, 0.396078438, 0.737254918
vb0[1659]+000 TANGENT: 0.00784313772, 0.501960814, 0.396078438, 0.737254918

vb0[1660]+000 POSITION: -2.2958874e-41, -1.09863281, 0, 1
vb0[1660]+000 NORMAL: 0.00784313772, 0.501960814, 0.396078438, 0.737254918
vb0[1660]+000 COLOR: 0.00784313772, 0.501960814, 0.396078438, 0.737254918
vb0[1660]+012 TEXCOORD: -0.0249938965, 2
vb0[1660]+000 TEXCOORD1: 0.00784313772, 0.501960814, 0.396078438, 0.737254918
vb0[1660]+000 TEXCOORD2: 0.00784313772, 0.501960814, 0.396078438, 0.737254918
vb0[1660]+000 TEXCOORD3: 0.00784313772, 0.501960814, 0.396078438, 0.737254918
vb0[1660]+000 TANGENT: 0.00784313772, 0.501960814, 0.396078438, 0.737254918

vb0[1661]+000 POSITION: -2.2958874e-41, -1.09863281, -0, 1
vb0[1661]+000 NORMAL: 0.00784313772, 0.501960814, 0.396078438, 0.737254918
vb0[1661]+000 COLOR: 0.00784313772, 0.501960814, 0.396078438, 0.737254918
vb0[1661]+012 TEXCOORD: 0, 2
vb0[1661]+000 TEXCOORD1: 0.00784313772, 0.501960814, 0.396078438, 0.737254918
vb0[1661]+000 TEXCOORD2: 0.00784313772, 0.501960814, 0.396078438, 0.737254918
vb0[1661]+000 TEXCOORD3: 0.00784313772, 0.501960814, 0.396078438, 0.737254918
vb0[1661]+000 TANGENT: 0.00784313772, 0.501960814, 0.396078438, 0.737254918

vb0[1662]+000 POSITION: -2.2958874e-41, -1.09863281, -0, 1
vb0[1662]+000 NORMAL: 0.00784313772, 0.501960814, 0.396078438, 0.737254918
vb0[1662]+000 COLOR: 0.00784313772, 0.501960814, 0.396078438, 0.737254918
vb0[1662]+012 TEXCOORD: 0.0249938965, 2
vb0[1662]+000 TEXCOORD1: 0.00784313772, 0.501960814, 0.396078438, 0.737254918
vb0[1662]+000 TEXCOORD2: 0.00784313772, 0.501960814, 0.396078438, 0.737254918
vb0[1662]+000 TEXCOORD3: 0.00784313772, 0.501960814, 0.396078438, 0.737254918
vb0[1662]+000 TANGENT: 0.00784313772, 0.501960814, 0.396078438, 0.737254918

vb0[1663]+000 POSITION: -2.2958874e-41, -1.09863281, -0, 1
vb0[1663]+000 NORMAL: 0.00784313772, 0.501960814, 0.396078438, 0.737254918
vb0[1663]+000 COLOR: 0.00784313772, 0.501960814, 0.396078438, 0.737254918
vb0[1663]+012 TEXCOORD: 0.049987793, 2
vb0[1663]+000 TEXCOORD1: 0.00784313772, 0.501960814, 0.396078438, 0.737254918
vb0[1663]+000 TEXCOORD2: 0.00784313772, 0.501960814, 0.396078438, 0.737254918
vb0[1663]+000 TEXCOORD3: 0.00784313772, 0.501960814, 0.396078438, 0.737254918
vb0[1663]+000 TANGENT: 0.00784313772, 0.501960814, 0.396078438, 0.737254918

vb0[1664]+000 POSITION: -1.1479437e-41, -1.09863281, -1.1479437e-41, 1
vb0[1664]+000 NORMAL: 0.00392156886, 0.501960814, 0.396078438, 0.737254918
vb0[1664]+000 COLOR: 0.00392156886, 0.501960814, 0.396078438, 0.737254918
vb0[1664]+012 TEXCOORD: 0.075012207, 2
vb0[1664]+000 TEXCOORD1: 0.00392156886, 0.501960814, 0.396078438, 0.737254918
vb0[1664]+000 TEXCOORD2: 0.00392156886, 0.501960814, 0.396078438, 0.737254918
vb0[1664]+000 TEXCOORD3: 0.00392156886, 0.501960814, 0.396078438, 0.737254918
vb0[1664]+000 TANGENT: 0.00392156886, 0.501960814, 0.396078438, 0.737254918

vb0[1665]+000 POSITION: -1.1479437e-41, -1.09863281, -1.1479437e-41, 1
vb0[1665]+000 NORMAL: 0.00392156886, 0.501960814, 0.396078438, 0.737254918
vb0[1665]+000 COLOR: 0.00392156886, 0.501960814, 0.396078438, 0.737254918
vb0[1665]+012 TEXCOORD: 0.0999755859, 2
vb0[1665]+000 TEXCOORD1: 0.00392156886, 0.501960814, 0.396078438, 0.737254918
vb0[1665]+000 TEXCOORD2: 0.00392156886, 0.501960814, 0.396078438, 0.737254918
vb0[1665]+000 TEXCOORD3: 0.00392156886, 0.501960814, 0.396078438, 0.737254918
vb0[1665]+000 TANGENT: 0.00392156886, 0.501960814, 0.396078438, 0.737254918

vb0[1666]+000 POSITION: -1.1479437e-41, -1.09863281, -1.1479437e-41, 1
vb0[1666]+000 NORMAL: 0.00392156886, 0.501960814, 0.396078438, 0.737254918
vb0[1666]+000 COLOR: 0.00392156886, 0.501960814, 0.396078438, 0.737254918
vb0[1666]+012 TEXCOORD: 0.125, 2
vb0[1666]+000 TEXCOORD1: 0.00392156886, 0.501960814, 0.396078438, 0.737254918
vb0[1666]+000 TEXCOORD2: 0.00392156886, 0.501960814, 0.396078438, 0.737254918
vb0[1666]+000 TEXCOORD3: 0.00392156886, 0.501960814, 0.396078438, 0.737254918
vb0[1666]+000 TANGENT: 0.00392156886, 0.501960814, 0.396078438, 0.737254918

vb0[1667]+000 POSITION: -1.1479437e-41, -1.09863281, -1.1479437e-41, 1
vb0[1667]+000 NORMAL: 0.00392156886, 0.501960814, 0.396078438, 0.737254918
vb0[1667]+000 COLOR: 0.00392156886, 0.501960814, 0.396078438, 0.737254918
vb0[1667]+012 TEXCOORD: 0.150024414, 2
vb0[1667]+000 TEXCOORD1: 0.00392156886, 0.501960814, 0.396078438, 0.737254918
vb0[1667]+000 TEXCOORD2: 0.00392156886, 0.501960814, 0.396078438, 0.737254918
vb0[1667]+000 TEXCOORD3: 0.00392156886, 0.501960814, 0.396078438, 0.737254918
vb0[1667]+000 TANGENT: 0.00392156886, 0.501960814, 0.396078438, 0.737254918

vb0[1668]+000 POSITION: -1.1479437e-41, -1.09863281, -1.1479437e-41, 1
vb0[1668]+000 NORMAL: 0.00392156886, 0.501960814, 0.396078438, 0.737254918
vb0[1668]+000 COLOR: 0.00392156886, 0.501960814, 0.396078438, 0.737254918
vb0[1668]+012 TEXCOORD: 0.175048828, 2
vb0[1668]+000 TEXCOORD1: 0.00392156886, 0.501960814, 0.396078438, 0.737254918
vb0[1668]+000 TEXCOORD2: 0.00392156886, 0.501960814, 0.396078438, 0.737254918
vb0[1668]+000 TEXCOORD3: 0.00392156886, 0.501960814, 0.396078438, 0.737254918
vb0[1668]+000 TANGENT: 0.00392156886, 0.501960814, 0.396078438, 0.737254918

vb0[1669]+000 POSITION: -0, -1.09863281, -2.2958874e-41, 1
vb0[1669]+000 NORMAL: 0, 0.501960814, 0.396078438, 0.737254918
vb0[1669]+000 COLOR: 0, 0.501960814, 0.396078438, 0.737254918
vb0[1669]+012 TEXCOORD: 0.199951172, 2
vb0[1669]+000 TEXCOORD1: 0, 0.501960814, 0.396078438, 0.737254918
vb0[1669]+000 TEXCOORD2: 0, 0.501960814, 0.396078438, 0.737254918
vb0[1669]+000 TEXCOORD3: 0, 0.501960814, 0.396078438, 0.737254918
vb0[1669]+000 TANGENT: 0, 0.501960814, 0.396078438, 0.737254918

vb0[1670]+000 POSITION: -0, -1.09863281, -2.2958874e-41, 1
vb0[1670]+000 NORMAL: 0, 0.501960814, 0.396078438, 0.737254918
vb0[1670]+000 COLOR: 0, 0.501960814, 0.396078438, 0.737254918
vb0[1670]+012 TEXCOORD: 0.224975586, 2
vb0[1670]+000 TEXCOORD1: 0, 0.501960814, 0.396078438, 0.737254918
vb0[1670]+000 TEXCOORD2: 0, 0.501960814, 0.396078438, 0.737254918
vb0[1670]+000 TEXCOORD3: 0, 0.501960814, 0.396078438, 0.737254918
vb0[1670]+000 TANGENT: 0, 0.501960814, 0.396078438, 0.737254918

vb0[1671]+000 POSITION: 0, -1.09863281, -2.2958874e-41, 1
vb0[1671]+000 NORMAL: 0, 0, 0.396078438, 0.737254918
vb0[1671]+000 COLOR: 0, 0, 0.396078438, 0.737254918
vb0[1671]+012 TEXCOORD: 0.25, 2
vb0[1671]+000 TEXCOORD1: 0, 0, 0.396078438, 0.737254918
vb0[1671]+000 TEXCOORD2: 0, 0, 0.396078438, 0.737254918
vb0[1671]+000 TEXCOORD3: 0, 0, 0.396078438, 0.737254918
vb0[1671]+000 TANGENT: 0, 0, 0.396078438, 0.737254918

vb0[1672]+000 POSITION: 0, -1.09863281, -2.2958874e-41, 1
vb0[1672]+000 NORMAL: 0, 0, 0.396078438, 0.737254918
vb0[1672]+000 COLOR: 0, 0, 0.396078438, 0.737254918
vb0[1672]+012 TEXCOORD: 0.274902344, 2
vb0[1672]+000 TEXCOORD1: 0, 0, 0.396078438, 0.737254918
vb0[1672]+000 TEXCOORD2: 0, 0, 0.396078438, 0.737254918
vb0[1672]+000 TEXCOORD3: 0, 0, 0.396078438, 0.737254918
vb0[1672]+000 TANGENT: 0, 0, 0.396078438, 0.737254918

vb0[1673]+000 POSITION: 0, -1.09863281, -2.2958874e-41, 1
vb0[1673]+000 NORMAL: 0, 0, 0.396078438, 0.737254918
vb0[1673]+000 COLOR: 0, 0, 0.396078438, 0.737254918
vb0[1673]+012 TEXCOORD: 0.300048828, 2
vb0[1673]+000 TEXCOORD1: 0, 0, 0.396078438, 0.737254918
vb0[1673]+000 TEXCOORD2: 0, 0, 0.396078438, 0.737254918
vb0[1673]+000 TEXCOORD3: 0, 0, 0.396078438, 0.737254918
vb0[1673]+000 TANGENT: 0, 0, 0.396078438, 0.737254918

vb0[1674]+000 POSITION: 1.1479437e-41, -1.09863281, -1.1479437e-41, 1
vb0[1674]+000 NORMAL: 0.00392156886, 0, 0.396078438, 0.737254918
vb0[1674]+000 COLOR: 0.00392156886, 0, 0.396078438, 0.737254918
vb0[1674]+012 TEXCOORD: 0.324951172, 2
vb0[1674]+000 TEXCOORD1: 0.00392156886, 0, 0.396078438, 0.737254918
vb0[1674]+000 TEXCOORD2: 0.00392156886, 0, 0.396078438, 0.737254918
vb0[1674]+000 TEXCOORD3: 0.00392156886, 0, 0.396078438, 0.737254918
vb0[1674]+000 TANGENT: 0.00392156886, 0, 0.396078438, 0.737254918

vb0[1675]+000 POSITION: 1.1479437e-41, -1.09863281, -1.1479437e-41, 1
vb0[1675]+000 NORMAL: 0.00392156886, 0, 0.396078438, 0.737254918
vb0[1675]+000 COLOR: 0.00392156886, 0, 0.396078438, 0.737254918
vb0[1675]+012 TEXCOORD: 0.350097656, 2
vb0[1675]+000 TEXCOORD1: 0.00392156886, 0, 0.396078438, 0.737254918
vb0[1675]+000 TEXCOORD2: 0.00392156886, 0, 0.396078438, 0.737254918
vb0[1675]+000 TEXCOORD3: 0.00392156886, 0, 0.396078438, 0.737254918
vb0[1675]+000 TANGENT: 0.00392156886, 0, 0.396078438, 0.737254918

vb0[1676]+000 POSITION: 1.1479437e-41, -1.09863281, -1.1479437e-41, 1
vb0[1676]+000 NORMAL: 0.00392156886, 0, 0.396078438, 0.737254918
vb0[1676]+000 COLOR: 0.00392156886, 0, 0.396078438, 0.737254918
vb0[1676]+012 TEXCOORD: 0.425048828, 2
vb0[1676]+000 TEXCOORD1: 0.00392156886, 0, 0.396078438, 0.737254918
vb0[1676]+000 TEXCOORD2: 0.00392156886, 0, 0.396078438, 0.737254918
vb0[1676]+000 TEXCOORD3: 0.00392156886, 0, 0.396078438, 0.737254918
vb0[1676]+000 TANGENT: 0.00392156886, 0, 0.396078438, 0.737254918

vb0[1677]+000 POSITION: 2.2958874e-41, -1.09863281, -0, 1
vb0[1677]+000 NORMAL: 0.00784313772, 0, 0.396078438, 0.737254918
vb0[1677]+000 COLOR: 0.00784313772, 0, 0.396078438, 0.737254918
vb0[1677]+012 TEXCOORD: 0.449951172, 2
vb0[1677]+000 TEXCOORD1: 0.00784313772, 0, 0.396078438, 0.737254918
vb0[1677]+000 TEXCOORD2: 0.00784313772, 0, 0.396078438, 0.737254918
vb0[1677]+000 TEXCOORD3: 0.00784313772, 0, 0.396078438, 0.737254918
vb0[1677]+000 TANGENT: 0.00784313772, 0, 0.396078438, 0.737254918

vb0[1678]+000 POSITION: 2.2958874e-41, -1.09863281, -0, 1
vb0[1678]+000 NORMAL: 0.00784313772, 0, 0.396078438, 0.737254918
vb0[1678]+000 COLOR: 0.00784313772, 0, 0.396078438, 0.737254918
vb0[1678]+012 TEXCOORD: 0.475097656, 2
vb0[1678]+000 TEXCOORD1: 0.00784313772, 0, 0.396078438, 0.737254918
vb0[1678]+000 TEXCOORD2: 0.00784313772, 0, 0.396078438, 0.737254918
vb0[1678]+000 TEXCOORD3: 0.00784313772, 0, 0.396078438, 0.737254918
vb0[1678]+000 TANGENT: 0.00784313772, 0, 0.396078438, 0.737254918

vb0[1679]+000 POSITION: 2.2958874e-41, -1.09863281, 0, 1
vb0[1679]+000 NORMAL: 0.00784313772, 0, 0.396078438, 0.737254918
vb0[1679]+000 COLOR: 0.00784313772, 0, 0.396078438, 0.737254918
vb0[1679]+012 TEXCOORD: 0.5, 2
vb0[1679]+000 TEXCOORD1: 0.00784313772, 0, 0.396078438, 0.737254918
vb0[1679]+000 TEXCOORD2: 0.00784313772, 0, 0.396078438, 0.737254918
vb0[1679]+000 TEXCOORD3: 0.00784313772, 0, 0.396078438, 0.737254918
vb0[1679]+000 TANGENT: 0.00784313772, 0, 0.396078438, 0.737254918
