stride: 20
first vertex: 0
vertex count: 509
topology: trianglelist
element[0]:
  SemanticName: POSITION
  SemanticIndex: 0
  Format: R16G16B16A16_FLOAT
  InputSlot: 0
  AlignedByteOffset: 0
  InputSlotClass: per-vertex
  InstanceDataStepRate: 0
element[1]:
  SemanticName: NORMAL
  SemanticIndex: 0
  Format: R8G8B8A8_SNORM
  InputSlot: 0
  AlignedByteOffset: 8
  InputSlotClass: per-vertex
  InstanceDataStepRate: 0
element[2]:
  SemanticName: COLOR
  SemanticIndex: 0
  Format: R8G8B8A8_UNORM
  InputSlot: 0
  AlignedByteOffset: 12
  InputSlotClass: per-vertex
  InstanceDataStepRate: 0
element[3]:
  SemanticName: TEXCOORD
  SemanticIndex: 0
  Format: R16G16_FLOAT
  InputSlot: 0
  AlignedByteOffset: 16
  InputSlotClass: per-vertex
  InstanceDataStepRate: 0
element[4]:
  SemanticName: TEXCOORD
  SemanticIndex: 1
  Format: R8G8B8A8_UNORM
  InputSlot: 0
  AlignedByteOffset: 0
  InputSlotClass: per-vertex
  InstanceDataStepRate: 0
element[5]:
  SemanticName: TEXCOORD
  SemanticIndex: 2
  Format: R8G8B8A8_UNORM
  InputSlot: 0
  AlignedByteOffset: 0
  InputSlotClass: per-vertex
  InstanceDataStepRate: 0
element[6]:
  SemanticName: TEXCOORD
  SemanticIndex: 3
  Format: R8G8B8A8_UNORM
  InputSlot: 0
  AlignedByteOffset: 0
  InputSlotClass: per-vertex
  InstanceDataStepRate: 0
element[7]:
  SemanticName: TANGENT
  SemanticIndex: 0
  Format: R8G8B8A8_UNORM
  InputSlot: 1
  AlignedByteOffset: 4
  InputSlotClass: per-vertex
  InstanceDataStepRate: 0

vertex-data:

vb0[0]+000 POSITION: -0.0522155762, 0.512695313, 0.0359802246, 1
vb0[0]+008 NORMAL: 0, -0.291338593, -0.96062994, 0
vb0[0]+012 COLOR: 0.345098048, 0.396078438, 0.964705884, 0.592156887
vb0[0]+016 TEXCOORD: 0.592285156, 0.114440918
vb0[0]+000 TEXCOORD1: 0.686274529, 0.666666687, 0.101960786, 0.219607845
vb0[0]+000 TEXCOORD2: 0.686274529, 0.666666687, 0.101960786, 0.219607845
vb0[0]+000 TEXCOORD3: 0.686274529, 0.666666687, 0.101960786, 0.219607845

vb0[1]+000 POSITION: 0.497314453, 1.15722656, 0.367431641, 1
vb0[1]+008 NORMAL: 0.874015749, 0.488188982, 0, 0
vb0[1]+012 COLOR: 0.321568638, 0.274509817, 0.909803927, 0.101960786
vb0[1]+016 TEXCOORD: 0.171386719, 0.557128906
vb0[1]+000 TEXCOORD1: 0.960784316, 0.215686277, 0.631372571, 0.235294119
vb0[1]+000 TEXCOORD2: 0.960784316, 0.215686277, 0.631372571, 0.235294119
vb0[1]+000 TEXCOORD3: 0.960784316, 0.215686277, 0.631372571, 0.235294119

vb0[2]+000 POSITION: -0.484130859, 1.46582031, 0.108215332, 1
vb0[2]+008 NORMAL: -0.590551198, 0.700787425, -0.393700778, 0
vb0[2]+012 COLOR: 0.321568638, 0.239215687, 0.886274517, 0.101960786
vb0[2]+016 TEXCOORD: 0.986328125, 0.557128906
vb0[2]+000 TEXCOORD1: 0.749019623, 0.717647076, 0.866666675, 0.239215687
vb0[2]+000 TEXCOORD2: 0.749019623, 0.717647076, 0.866666675, 0.239215687
vb0[2]+000 TEXCOORD3: 0.749019623, 0.717647076, 0.866666675, 0.239215687

vb0[3]+000 POSITION: 0.402099609, 1.421875, 0.581542969, 1
vb0[3]+008 NORMAL: 0.51968503, 0.826771677, 0.212598428, 0
vb0[3]+012 COLOR: 0.294117659, 0.215686277, 0.854901969, 0.329411775
vb0[3]+016 TEXCOORD: 0.171386719, 0.936035156
vb0[3]+000 TEXCOORD1: 0.435294122, 0.211764708, 0.690196097, 0.239215687
vb0[3]+000 TEXCOORD2: 0.435294122, 0.211764708, 0.690196097, 0.239215687
vb0[3]+000 TEXCOORD3: 0.435294122, 0.211764708, 0.690196097, 0.239215687

vb0[4]+000 POSITION: 0.0545349121, 1.71972656, 0.5703125, 1
vb0[4]+008 NORMAL: 0.0787401572, 0.976377964, 0.188976377, 0
vb0[4]+012 COLOR: 0.321568638, 0.211764708, 0.866666675, 0.874509811
vb0[4]+016 TEXCOORD: 0.576171875, 0.999511719
vb0[4]+000 TEXCOORD1: 0.984313726, 0.164705887, 0.882352948, 0.243137255
vb0[4]+000 TEXCOORD2: 0.984313726, 0.164705887, 0.882352948, 0.243137255
vb0[4]+000 TEXCOORD3: 0.984313726, 0.164705887, 0.882352948, 0.243137255

vb0[5]+000 POSITION: -0.419677734, 1.70410156, 0.366943359, 1
vb0[5]+008 NORMAL: -0.377952754, 0.92125982, -0.0787401572, 0
vb0[5]+012 COLOR: 0.36470589, 0.164705887, 0.843137264, 0.733333349
vb0[5]+016 TEXCOORD: 0.986328125, 0.936035156
vb0[5]+000 TEXCOORD1: 0.717647076, 0.713725507, 0.819607854, 0.243137255
vb0[5]+000 TEXCOORD2: 0.717647076, 0.713725507, 0.819607854, 0.243137255
vb0[5]+000 TEXCOORD3: 0.717647076, 0.713725507, 0.819607854, 0.243137255

vb0[6]+000 POSITION: -0.508300781, 1.67089844, 0.256835938, 1
vb0[6]+008 NORMAL: -0.51968503, 0.826771677, -0.212598428, 0
vb0[6]+012 COLOR: 0.533333361, 0.925490201, 0.760784328, 0.423529416
vb0[6]+016 TEXCOORD: 0.00859832764, 0.388183594
vb0[6]+000 TEXCOORD1: 0.0666666701, 0.721568644, 0.686274529, 0.243137255
vb0[6]+000 TEXCOORD2: 0.0666666701, 0.721568644, 0.686274529, 0.243137255
vb0[6]+000 TEXCOORD3: 0.0666666701, 0.721568644, 0.686274529, 0.243137255

vb0[7]+000 POSITION: -0.193481445, 1.28515625, 0.851074219, 1
vb0[7]+008 NORMAL: -0.275590539, 0.700787425, 0.653543293, 0
vb0[7]+012 COLOR: 0.533333361, 0.925490201, 0.760784328, 0.843137264
vb0[7]+016 TEXCOORD: 0.392333984, 0.388183594
vb0[7]+000 TEXCOORD1: 0.192156866, 0.698039234, 0.141176477, 0.239215687
vb0[7]+000 TEXCOORD2: 0.192156866, 0.698039234, 0.141176477, 0.239215687
vb0[7]+000 TEXCOORD3: 0.192156866, 0.698039234, 0.141176477, 0.239215687

vb0[8]+000 POSITION: 0.557128906, 1.40039063, 0.568847656, 1
vb0[8]+008 NORMAL: 0.692913413, 0.700787425, 0.14173229, 0
vb0[8]+012 COLOR: 0.533333361, 0.925490201, 0.760784328, 0.101960786
vb0[8]+016 TEXCOORD: 0.392333984, 0.00448608398
vb0[8]+000 TEXCOORD1: 0.458823532, 0.219607845, 0.603921592, 0.239215687
vb0[8]+000 TEXCOORD2: 0.458823532, 0.219607845, 0.603921592, 0.239215687
vb0[8]+000 TEXCOORD3: 0.458823532, 0.219607845, 0.603921592, 0.239215687

vb0[9]+000 POSITION: 0.242675781, 1.78515625, -0.0250549316, 1
vb0[9]+008 NORMAL: 0.212598428, 0.92125982, -0.322834641, 0
vb0[9]+012 COLOR: 0.533333361, 0.925490201, 0.760784328, 0.78039217
vb0[9]+016 TEXCOORD: 0.00859832764, 0.00448608398
vb0[9]+000 TEXCOORD1: 0.768627465, 0.200000003, 0.141176477, 0.247058824
vb0[9]+000 TEXCOORD2: 0.768627465, 0.200000003, 0.141176477, 0.247058824
vb0[9]+000 TEXCOORD3: 0.768627465, 0.200000003, 0.141176477, 0.247058824

vb0[10]+000 POSITION: -0.0522155762, 0.512695313, 0.0359802246, 1
vb0[10]+008 NORMAL: 0, -0.291338593, -0.96062994, 0
vb0[10]+012 COLOR: 0.956862748, 0.435294122, 0.694117665, 0.592156887
vb0[10]+016 TEXCOORD: 0.592285156, 0.114440918
vb0[10]+000 TEXCOORD1: 0.686274529, 0.666666687, 0.101960786, 0.219607845
vb0[10]+000 TEXCOORD2: 0.686274529, 0.666666687, 0.101960786, 0.219607845
vb0[10]+000 TEXCOORD3: 0.686274529, 0.666666687, 0.101960786, 0.219607845

vb0[11]+000 POSITION: 0.197021484, 1.37304688, -0.257568359, 1
vb0[11]+008 NORMAL: 0.338582665, 0.488188982, -0.811023593, 0
vb0[11]+012 COLOR: 0.952941179, 0.384313732, 0.678431392, 0.101960786
vb0[11]+016 TEXCOORD: 0.171386719, 0.557128906
vb0[11]+000 TEXCOORD1: 0.305882365, 0.196078435, 0.494117647, 0.239215687
vb0[11]+000 TEXCOORD2: 0.305882365, 0.196078435, 0.494117647, 0.239215687
vb0[11]+000 TEXCOORD3: 0.305882365, 0.196078435, 0.494117647, 0.239215687

vb0[12]+000 POSITION: -0.254638672, 1.08300781, 0.702636719, 1
vb0[12]+008 NORMAL: -0.488188982, 0.488188982, 0.724409461, 0
vb0[12]+012 COLOR: 0.952941179, 0.34117648, 0.635294139, 0.101960786
vb0[12]+016 TEXCOORD: 0.986328125, 0.557128906
vb0[12]+000 TEXCOORD1: 0.0745098069, 0.70588237, 0.333333343, 0.235294119
vb0[12]+000 TEXCOORD2: 0.0745098069, 0.70588237, 0.333333343, 0.235294119
vb0[12]+000 TEXCOORD3: 0.0745098069, 0.70588237, 0.333333343, 0.235294119

vb0[13]+000 POSITION: 0.231933594, 1.9140625, 0.213378906, 1
vb0[13]+008 NORMAL: 0.165354326, 0.976377964, -0.11023622, 0
vb0[13]+012 COLOR: 0.945098042, 0.321568638, 0.639215708, 0.968627453
vb0[13]+016 TEXCOORD: 0.171386719, 0.936035156
vb0[13]+000 TEXCOORD1: 0.423529416, 0.200000003, 0.65882355, 0.247058824
vb0[13]+000 TEXCOORD2: 0.423529416, 0.200000003, 0.65882355, 0.247058824
vb0[13]+000 TEXCOORD3: 0.423529416, 0.200000003, 0.65882355, 0.247058824

vb0[14]+000 POSITION: 0.0545349121, 1.71972656, 0.5703125, 1
vb0[14]+008 NORMAL: 0.0787401572, 0.976377964, 0.188976377, 0
vb0[14]+012 COLOR: 0.949019611, 0.301960796, 0.592156887, 0.874509811
vb0[14]+016 TEXCOORD: 0.576171875, 0.999511719
vb0[14]+000 TEXCOORD1: 0.984313726, 0.164705887, 0.882352948, 0.243137255
vb0[14]+000 TEXCOORD2: 0.984313726, 0.164705887, 0.882352948, 0.243137255
vb0[14]+000 TEXCOORD3: 0.984313726, 0.164705887, 0.882352948, 0.243137255

vb0[15]+000 POSITION: -0.114562988, 1.43359375, 0.841796875, 1
vb0[15]+008 NORMAL: -0.11023622, 0.826771677, 0.551181078, 0
vb0[15]+012 COLOR: 0.952941179, 0.294117659, 0.564705908, 0.968627453
vb0[15]+016 TEXCOORD: 0.986328125, 0.936035156
vb0[15]+000 TEXCOORD1: 0.333333343, 0.686274529, 0.737254918, 0.239215687
vb0[15]+000 TEXCOORD2: 0.333333343, 0.686274529, 0.737254918, 0.239215687
vb0[15]+000 TEXCOORD3: 0.333333343, 0.686274529, 0.737254918, 0.239215687

vb0[16]+000 POSITION: -0.0657348633, 0.62109375, 0.0369262695, 1
vb0[16]+008 NORMAL: 0, -0.291338593, -0.96062994, 0
vb0[16]+012 COLOR: 0.0941176489, 0.282352954, 0.305882365, 0.329411775
vb0[16]+016 TEXCOORD: 0.592285156, 0.114440918
vb0[16]+000 TEXCOORD1: 0.20784314, 0.674509823, 0.972549021, 0.219607845
vb0[16]+000 TEXCOORD2: 0.20784314, 0.674509823, 0.972549021, 0.219607845
vb0[16]+000 TEXCOORD3: 0.20784314, 0.674509823, 0.972549021, 0.219607845

vb0[17]+000 POSITION: -0.583007813, 1.203125, 0.476074219, 1
vb0[17]+008 NORMAL: -0.858267725, 0.488188982, 0.173228353, 0
vb0[17]+012 COLOR: 0.172549024, 0.180392161, 0.298039228, 0.101960786
vb0[17]+016 TEXCOORD: 0.171386719, 0.557128906
vb0[17]+000 TEXCOORD1: 0.666666687, 0.721568644, 0.815686285, 0.235294119
vb0[17]+000 TEXCOORD2: 0.666666687, 0.721568644, 0.815686285, 0.235294119
vb0[17]+000 TEXCOORD3: 0.666666687, 0.721568644, 0.815686285, 0.235294119

vb0[18]+000 POSITION: -0.305175781, 1.49804688, -0.4453125, 1
vb0[18]+008 NORMAL: -0.338582665, 0.488188982, -0.811023593, 0
vb0[18]+012 COLOR: 0.200000003, 0.152941182, 0.301960796, 0.101960786
vb0[18]+016 TEXCOORD: 0.986328125, 0.557128906
vb0[18]+000 TEXCOORD1: 0.886274517, 0.70588237, 0.996078432, 0.239215687
vb0[18]+000 TEXCOORD2: 0.886274517, 0.70588237, 0.996078432, 0.239215687
vb0[18]+000 TEXCOORD3: 0.886274517, 0.70588237, 0.996078432, 0.239215687

vb0[19]+000 POSITION: -0.844726563, 1.41210938, 0.350341797, 1
vb0[19]+008 NORMAL: -0.874015749, 0.488188982, 0, 0
vb0[19]+012 COLOR: 0.239215687, 0.13333334, 0.282352954, 0.670588255
vb0[19]+016 TEXCOORD: 0.171386719, 0.936035156
vb0[19]+000 TEXCOORD1: 0.760784328, 0.729411781, 0.650980413, 0.239215687
vb0[19]+000 TEXCOORD2: 0.760784328, 0.729411781, 0.650980413, 0.239215687
vb0[19]+000 TEXCOORD3: 0.760784328, 0.729411781, 0.650980413, 0.239215687

vb0[20]+000 POSITION: -0.866699219, 1.68066406, 0.00350952148, 1
vb0[20]+008 NORMAL: -0.653543293, 0.700787425, -0.275590539, 0
vb0[20]+012 COLOR: 0.227450982, 0.129411772, 0.309803933, 0.921568632
vb0[20]+016 TEXCOORD: 0.576171875, 0.999511719
vb0[20]+000 TEXCOORD1: 0.937254906, 0.729411781, 0.725490212, 0.243137255
vb0[20]+000 TEXCOORD2: 0.937254906, 0.729411781, 0.725490212, 0.243137255
vb0[20]+000 TEXCOORD3: 0.937254906, 0.729411781, 0.725490212, 0.243137255

vb0[21]+000 POSITION: -0.619140625, 1.68066406, -0.423095703, 1
vb0[21]+008 NORMAL: -0.393700778, 0.700787425, -0.590551198, 0
vb0[21]+012 COLOR: 0.250980407, 0.0901960805, 0.356862754, 0.749019623
vb0[21]+016 TEXCOORD: 0.986328125, 0.936035156
vb0[21]+000 TEXCOORD1: 0.956862748, 0.721568644, 0.725490212, 0.243137255
vb0[21]+000 TEXCOORD2: 0.956862748, 0.721568644, 0.725490212, 0.243137255
vb0[21]+000 TEXCOORD3: 0.956862748, 0.721568644, 0.725490212, 0.243137255

vb0[22]+000 POSITION: -0.0657348633, 0.62109375, 0.0369262695, 1
vb0[22]+008 NORMAL: 0, -0.291338593, -0.96062994, 0
vb0[22]+012 COLOR: 0.294117659, 0.423529416, 0.949019611, 0.329411775
vb0[22]+016 TEXCOORD: 0.592285156, 0.114440918
vb0[22]+000 TEXCOORD1: 0.20784314, 0.674509823, 0.972549021, 0.219607845
vb0[22]+000 TEXCOORD2: 0.20784314, 0.674509823, 0.972549021, 0.219607845
vb0[22]+000 TEXCOORD3: 0.20784314, 0.674509823, 0.972549021, 0.219607845

vb0[23]+000 POSITION: 0.0169677734, 1.50976563, 0.2265625, 1
vb0[23]+008 NORMAL: 0.0393700786, 0.976377964, -0.196850389, 0
vb0[23]+012 COLOR: 0.31764707, 0.376470596, 0.949019611, 0.101960786
vb0[23]+016 TEXCOORD: 0.171386719, 0.557128906
vb0[23]+000 TEXCOORD1: 0.345098048, 0.141176477, 0.0392156877, 0.243137255
vb0[23]+000 TEXCOORD2: 0.345098048, 0.141176477, 0.0392156877, 0.243137255
vb0[23]+000 TEXCOORD3: 0.345098048, 0.141176477, 0.0392156877, 0.243137255

vb0[24]+000 POSITION: -0.832519531, 1.03320313, -0.246948242, 1
vb0[24]+008 NORMAL: -0.700787425, 0.125984251, -0.700787425, 0
vb0[24]+012 COLOR: 0.36470589, 0.349019617, 0.956862748, 0.101960786
vb0[24]+016 TEXCOORD: 0.986328125, 0.557128906
vb0[24]+000 TEXCOORD1: 0.662745118, 0.729411781, 0.13333334, 0.235294119
vb0[24]+000 TEXCOORD2: 0.662745118, 0.729411781, 0.13333334, 0.235294119
vb0[24]+000 TEXCOORD3: 0.662745118, 0.729411781, 0.13333334, 0.235294119

vb0[25]+000 POSITION: -0.5703125, 1.94140625, 0.181762695, 1
vb0[25]+008 NORMAL: -0.362204731, 0.92125982, -0.149606302, 0
vb0[25]+012 COLOR: 0.36470589, 0.325490206, 0.949019611, 0.968627453
vb0[25]+016 TEXCOORD: 0.171386719, 0.936035156
vb0[25]+000 TEXCOORD1: 0.564705908, 0.721568644, 0.768627465, 0.247058824
vb0[25]+000 TEXCOORD2: 0.564705908, 0.721568644, 0.768627465, 0.247058824
vb0[25]+000 TEXCOORD3: 0.564705908, 0.721568644, 0.768627465, 0.247058824

vb0[26]+000 POSITION: -0.866699219, 1.68066406, 0.00350952148, 1
vb0[26]+008 NORMAL: -0.653543293, 0.700787425, -0.275590539, 0
vb0[26]+012 COLOR: 0.411764711, 0.31764707, 0.956862748, 0.921568632
vb0[26]+016 TEXCOORD: 0.576171875, 0.999511719
vb0[26]+000 TEXCOORD1: 0.937254906, 0.729411781, 0.725490212, 0.243137255
vb0[26]+000 TEXCOORD2: 0.937254906, 0.729411781, 0.725490212, 0.243137255
vb0[26]+000 TEXCOORD3: 0.937254906, 0.729411781, 0.725490212, 0.243137255

vb0[27]+000 POSITION: -1.05859375, 1.34960938, -0.153442383, 1
vb0[27]+008 NORMAL: -0.724409461, 0.488188982, -0.488188982, 0
vb0[27]+012 COLOR: 0.435294122, 0.31764707, 0.960784316, 0.858823538
vb0[27]+016 TEXCOORD: 0.986328125, 0.936035156
vb0[27]+000 TEXCOORD1: 0.235294119, 0.737254918, 0.400000006, 0.239215687
vb0[27]+000 TEXCOORD2: 0.235294119, 0.737254918, 0.400000006, 0.239215687
vb0[27]+000 TEXCOORD3: 0.235294119, 0.737254918, 0.400000006, 0.239215687

vb0[28]+000 POSITION: -0.0626831055, 0.62109375, 0.0367736816, 1
vb0[28]+008 NORMAL: 0, -0.291338593, -0.96062994, 0
vb0[28]+012 COLOR: 0.113725491, 0.592156887, 0.807843149, 0.325490206
vb0[28]+016 TEXCOORD: 0.592285156, 0.114440918
vb0[28]+000 TEXCOORD1: 0.0117647061, 0.674509823, 0.972549021, 0.219607845
vb0[28]+000 TEXCOORD2: 0.0117647061, 0.674509823, 0.972549021, 0.219607845
vb0[28]+000 TEXCOORD3: 0.0117647061, 0.674509823, 0.972549021, 0.219607845

vb0[29]+000 POSITION: 0.382324219, 1.15722656, 0.43359375, 1
vb0[29]+008 NORMAL: 0.874015749, 0.488188982, 0, 0
vb0[29]+012 COLOR: 0.0823529437, 0.4627451, 0.768627465, 0.101960786
vb0[29]+016 TEXCOORD: 0.171386719, 0.557128906
vb0[29]+000 TEXCOORD1: 0.117647059, 0.211764708, 0.631372571, 0.235294119
vb0[29]+000 TEXCOORD2: 0.117647059, 0.211764708, 0.631372571, 0.235294119
vb0[29]+000 TEXCOORD3: 0.117647059, 0.211764708, 0.631372571, 0.235294119

vb0[30]+000 POSITION: -0.0974731445, 1.48242188, -0.267333984, 1
vb0[30]+008 NORMAL: 0, 0.700787425, -0.708661437, 0
vb0[30]+012 COLOR: 0.0784313753, 0.423529416, 0.75686276, 0.101960786
vb0[30]+016 TEXCOORD: 0.986328125, 0.557128906
vb0[30]+000 TEXCOORD1: 0.239215687, 0.68235296, 0.933333337, 0.239215687
vb0[30]+000 TEXCOORD2: 0.239215687, 0.68235296, 0.933333337, 0.239215687
vb0[30]+000 TEXCOORD3: 0.239215687, 0.68235296, 0.933333337, 0.239215687

vb0[31]+000 POSITION: 0.302001953, 1.44335938, 0.499267578, 1
vb0[31]+008 NORMAL: 0.551181078, 0.826771677, 0.11023622, 0
vb0[31]+012 COLOR: 0.0666666701, 0.392156869, 0.721568644, 0.486274511
vb0[31]+016 TEXCOORD: 0.171386719, 0.936035156
vb0[31]+000 TEXCOORD1: 0.835294127, 0.203921571, 0.776470602, 0.239215687
vb0[31]+000 TEXCOORD2: 0.835294127, 0.203921571, 0.776470602, 0.239215687
vb0[31]+000 TEXCOORD3: 0.835294127, 0.203921571, 0.776470602, 0.239215687

vb0[32]+000 POSITION: 0.155639648, 1.73339844, 0.278808594, 1
vb0[32]+008 NORMAL: 0.165354326, 0.976377964, -0.11023622, 0
vb0[32]+012 COLOR: 0.0823529437, 0.384313732, 0.745098054, 0.101960786
vb0[32]+016 TEXCOORD: 0.576171875, 0.999511719
vb0[32]+000 TEXCOORD1: 0.984313726, 0.188235298, 0.937254906, 0.243137255
vb0[32]+000 TEXCOORD2: 0.984313726, 0.188235298, 0.937254906, 0.243137255
vb0[32]+000 TEXCOORD3: 0.984313726, 0.188235298, 0.937254906, 0.243137255

vb0[33]+000 POSITION: -0.0931396484, 1.73535156, -0.0899047852, 1
vb0[33]+008 NORMAL: -0.0787401572, 0.92125982, -0.377952754, 0
vb0[33]+012 COLOR: 0.113725491, 0.321568638, 0.760784328, 0.156862751
vb0[33]+016 TEXCOORD: 0.986328125, 0.936035156
vb0[33]+000 TEXCOORD1: 0.964705884, 0.678431392, 0.945098042, 0.243137255
vb0[33]+000 TEXCOORD2: 0.964705884, 0.678431392, 0.945098042, 0.243137255
vb0[33]+000 TEXCOORD3: 0.964705884, 0.678431392, 0.945098042, 0.243137255

vb0[34]+000 POSITION: -0.0626831055, 0.62109375, 0.0367736816, 1
vb0[34]+008 NORMAL: 0, -0.291338593, -0.96062994, 0
vb0[34]+012 COLOR: 0.749019623, 0.41568628, 0.925490201, 0.325490206
vb0[34]+016 TEXCOORD: 0.592285156, 0.114440918
vb0[34]+000 TEXCOORD1: 0.0117647061, 0.674509823, 0.972549021, 0.219607845
vb0[34]+000 TEXCOORD2: 0.0117647061, 0.674509823, 0.972549021, 0.219607845
vb0[34]+000 TEXCOORD3: 0.0117647061, 0.674509823, 0.972549021, 0.219607845

vb0[35]+000 POSITION: 0.521484375, 1.21484375, -0.187988281, 1
vb0[35]+008 NORMAL: 0.622047246, 0.488188982, -0.622047246, 0
vb0[35]+012 COLOR: 0.741176486, 0.36470589, 0.917647064, 0.101960786
vb0[35]+016 TEXCOORD: 0.171386719, 0.557128906
vb0[35]+000 TEXCOORD1: 0.172549024, 0.219607845, 0.862745106, 0.235294119
vb0[35]+000 TEXCOORD2: 0.172549024, 0.219607845, 0.862745106, 0.235294119
vb0[35]+000 TEXCOORD3: 0.172549024, 0.219607845, 0.862745106, 0.235294119

vb0[36]+000 POSITION: -0.326171875, 1.29003906, 0.324951172, 1
vb0[36]+008 NORMAL: -0.551181078, 0.826771677, -0.11023622, 0
vb0[36]+012 COLOR: 0.749019623, 0.309803933, 0.890196085, 0.101960786
vb0[36]+016 TEXCOORD: 0.986328125, 0.557128906
vb0[36]+000 TEXCOORD1: 0.219607845, 0.709803939, 0.160784319, 0.239215687
vb0[36]+000 TEXCOORD2: 0.219607845, 0.709803939, 0.160784319, 0.239215687
vb0[36]+000 TEXCOORD3: 0.219607845, 0.709803939, 0.160784319, 0.239215687

vb0[37]+000 POSITION: 0.505371094, 1.77539063, 0.078918457, 1
vb0[37]+008 NORMAL: 0.464566916, 0.826771677, -0.307086617, 0
vb0[37]+012 COLOR: 0.733333349, 0.294117659, 0.890196085, 0.952941179
vb0[37]+016 TEXCOORD: 0.171386719, 0.936035156
vb0[37]+000 TEXCOORD1: 0.0431372561, 0.219607845, 0.101960786, 0.247058824
vb0[37]+000 TEXCOORD2: 0.0431372561, 0.219607845, 0.101960786, 0.247058824
vb0[37]+000 TEXCOORD3: 0.0431372561, 0.219607845, 0.101960786, 0.247058824

vb0[38]+000 POSITION: 0.155639648, 1.73339844, 0.278808594, 1
vb0[38]+008 NORMAL: 0.165354326, 0.976377964, -0.11023622, 0
vb0[38]+012 COLOR: 0.752941191, 0.262745112, 0.858823538, 0.101960786
vb0[38]+016 TEXCOORD: 0.576171875, 0.999511719
vb0[38]+000 TEXCOORD1: 0.984313726, 0.188235298, 0.937254906, 0.243137255
vb0[38]+000 TEXCOORD2: 0.984313726, 0.188235298, 0.937254906, 0.243137255
vb0[38]+000 TEXCOORD3: 0.984313726, 0.188235298, 0.937254906, 0.243137255

vb0[39]+000 POSITION: -0.178100586, 1.59375, 0.435791016, 1
vb0[39]+008 NORMAL: -0.196850389, 0.976377964, 0.0393700786, 0
vb0[39]+012 COLOR: 0.764705896, 0.247058824, 0.839215696, 0.592156887
vb0[39]+016 TEXCOORD: 0.986328125, 0.936035156
vb0[39]+000 TEXCOORD1: 0.701960802, 0.694117665, 0.376470596, 0.243137255
vb0[39]+000 TEXCOORD2: 0.701960802, 0.694117665, 0.376470596, 0.243137255
vb0[39]+000 TEXCOORD3: 0.701960802, 0.694117665, 0.376470596, 0.243137255

vb0[40]+000 POSITION: -0.0613098145, 0.620605469, 0.0346984863, 1
vb0[40]+008 NORMAL: 0, -0.291338593, -0.96062994, 0
vb0[40]+012 COLOR: 0.541176498, 0.470588237, 0.996078432, 0.164705887
vb0[40]+016 TEXCOORD: 0.592285156, 0.114440918
vb0[40]+000 TEXCOORD1: 0.850980401, 0.670588255, 0.968627453, 0.219607845
vb0[40]+000 TEXCOORD2: 0.850980401, 0.670588255, 0.968627453, 0.219607845
vb0[40]+000 TEXCOORD3: 0.850980401, 0.670588255, 0.968627453, 0.219607845

vb0[41]+000 POSITION: 0.666015625, 1.05175781, 0.000668525696, 1
vb0[41]+008 NORMAL: 0.826771677, 0.125984251, -0.551181078, 0
vb0[41]+012 COLOR: 0.470588237, 0.360784322, 0.980392158, 0.101960786
vb0[41]+016 TEXCOORD: 0.171386719, 0.557128906
vb0[41]+000 TEXCOORD1: 0.329411775, 0.223529413, 0.20784314, 0.235294119
vb0[41]+000 TEXCOORD2: 0.329411775, 0.223529413, 0.20784314, 0.235294119
vb0[41]+000 TEXCOORD3: 0.329411775, 0.223529413, 0.20784314, 0.235294119

vb0[42]+000 POSITION: -0.122375488, 1.54589844, 0.0941162109, 1
vb0[42]+008 NORMAL: -0.0787401572, 0.92125982, -0.377952754, 0
vb0[42]+012 COLOR: 0.454901963, 0.329411775, 0.968627453, 0.101960786
vb0[42]+016 TEXCOORD: 0.986328125, 0.557128906
vb0[42]+000 TEXCOORD1: 0.835294127, 0.686274529, 0.184313729, 0.243137255
vb0[42]+000 TEXCOORD2: 0.835294127, 0.686274529, 0.184313729, 0.243137255
vb0[42]+000 TEXCOORD3: 0.835294127, 0.686274529, 0.184313729, 0.243137255

vb0[43]+000 POSITION: 0.749023438, 1.30859375, 0.164916992, 1
vb0[43]+008 NORMAL: 0.811023593, 0.488188982, -0.338582665, 0
vb0[43]+012 COLOR: 0.411764711, 0.309803933, 0.952941179, 0.376470596
vb0[43]+016 TEXCOORD: 0.171386719, 0.936035156
vb0[43]+000 TEXCOORD1: 0.996078432, 0.223529413, 0.235294119, 0.239215687
vb0[43]+000 TEXCOORD2: 0.996078432, 0.223529413, 0.235294119, 0.239215687
vb0[43]+000 TEXCOORD3: 0.996078432, 0.223529413, 0.235294119, 0.239215687

vb0[44]+000 POSITION: 0.551269531, 1.64746094, 0.232543945, 1
vb0[44]+008 NORMAL: 0.51968503, 0.826771677, -0.212598428, 0
vb0[44]+012 COLOR: 0.43921569, 0.298039228, 0.952941179, 0.749019623
vb0[44]+016 TEXCOORD: 0.576171875, 0.999511719
vb0[44]+000 TEXCOORD1: 0.411764711, 0.219607845, 0.592156887, 0.243137255
vb0[44]+000 TEXCOORD2: 0.411764711, 0.219607845, 0.592156887, 0.243137255
vb0[44]+000 TEXCOORD3: 0.411764711, 0.219607845, 0.592156887, 0.243137255

vb0[45]+000 POSITION: 0.0957641602, 1.7421875, 0.241088867, 1
vb0[45]+008 NORMAL: 0.11023622, 0.976377964, -0.165354326, 0
vb0[45]+012 COLOR: 0.454901963, 0.235294119, 0.921568632, 0.376470596
vb0[45]+016 TEXCOORD: 0.986328125, 0.936035156
vb0[45]+000 TEXCOORD1: 0.129411772, 0.180392161, 0.972549021, 0.243137255
vb0[45]+000 TEXCOORD2: 0.129411772, 0.180392161, 0.972549021, 0.243137255
vb0[45]+000 TEXCOORD3: 0.129411772, 0.180392161, 0.972549021, 0.243137255

vb0[46]+000 POSITION: -0.0518188477, 1.73144531, 0.204956055, 1
vb0[46]+008 NORMAL: 0, 0.976377964, -0.204724416, 0
vb0[46]+012 COLOR: 0.737254918, 0.909803927, 0.654901981, 0.686274529
vb0[46]+016 TEXCOORD: 0.00859832764, 0.388183594
vb0[46]+000 TEXCOORD1: 0.635294139, 0.666666687, 0.929411769, 0.243137255
vb0[46]+000 TEXCOORD2: 0.635294139, 0.666666687, 0.929411769, 0.243137255
vb0[46]+000 TEXCOORD3: 0.635294139, 0.666666687, 0.929411769, 0.243137255

vb0[47]+000 POSITION: 0.340820313, 1.34375, 0.6328125, 1
vb0[47]+008 NORMAL: 0.590551198, 0.700787425, 0.393700778, 0
vb0[47]+012 COLOR: 0.737254918, 0.909803927, 0.654901981, 0.101960786
vb0[47]+016 TEXCOORD: 0.392333984, 0.388183594
vb0[47]+000 TEXCOORD1: 0.454901963, 0.20784314, 0.376470596, 0.239215687
vb0[47]+000 TEXCOORD2: 0.454901963, 0.20784314, 0.376470596, 0.239215687
vb0[47]+000 TEXCOORD3: 0.454901963, 0.20784314, 0.376470596, 0.239215687

vb0[48]+000 POSITION: 0.833007813, 1.25097656, 0.118103027, 1
vb0[48]+008 NORMAL: 0.811023593, 0.488188982, -0.338582665, 0
vb0[48]+012 COLOR: 0.737254918, 0.909803927, 0.654901981, 0.101960786
vb0[48]+016 TEXCOORD: 0.392333984, 0.00448608398
vb0[48]+000 TEXCOORD1: 0.666666687, 0.227450982, 0.00392156886, 0.239215687
vb0[48]+000 TEXCOORD2: 0.666666687, 0.227450982, 0.00392156886, 0.239215687
vb0[48]+000 TEXCOORD3: 0.666666687, 0.227450982, 0.00392156886, 0.239215687

vb0[49]+000 POSITION: 0.440673828, 1.63867188, -0.309814453, 1
vb0[49]+008 NORMAL: 0.393700778, 0.700787425, -0.590551198, 0
vb0[49]+012 COLOR: 0.737254918, 0.909803927, 0.654901981, 0.921568632
vb0[49]+016 TEXCOORD: 0.00859832764, 0.00448608398
vb0[49]+000 TEXCOORD1: 0.0509803928, 0.215686277, 0.556862772, 0.243137255
vb0[49]+000 TEXCOORD2: 0.0509803928, 0.215686277, 0.556862772, 0.243137255
vb0[49]+000 TEXCOORD3: 0.0509803928, 0.215686277, 0.556862772, 0.243137255

vb0[50]+000 POSITION: -0.0613098145, 0.620605469, 0.0346984863, 1
vb0[50]+008 NORMAL: 0, -0.291338593, -0.96062994, 0
vb0[50]+012 COLOR: 0.956862748, 0.294117659, 0.486274511, 0.164705887
vb0[50]+016 TEXCOORD: 0.592285156, 0.114440918
vb0[50]+000 TEXCOORD1: 0.850980401, 0.670588255, 0.968627453, 0.219607845
vb0[50]+000 TEXCOORD2: 0.850980401, 0.670588255, 0.968627453, 0.219607845
vb0[50]+000 TEXCOORD3: 0.850980401, 0.670588255, 0.968627453, 0.219607845

vb0[51]+000 POSITION: 0.228515625, 1.2890625, -0.4296875, 1
vb0[51]+008 NORMAL: 0.173228353, 0.488188982, -0.858267725, 0
vb0[51]+012 COLOR: 0.933333337, 0.247058824, 0.482352942, 0.101960786
vb0[51]+016 TEXCOORD: 0.171386719, 0.557128906
vb0[51]+000 TEXCOORD1: 0.313725501, 0.200000003, 0.156862751, 0.239215687
vb0[51]+000 TEXCOORD2: 0.313725501, 0.200000003, 0.156862751, 0.239215687
vb0[51]+000 TEXCOORD3: 0.313725501, 0.200000003, 0.156862751, 0.239215687

vb0[52]+000 POSITION: 0.204833984, 1.18066406, 0.552246094, 1
vb0[52]+008 NORMAL: 0.590551198, 0.700787425, 0.393700778, 0
vb0[52]+012 COLOR: 0.90196079, 0.20784314, 0.450980395, 0.101960786
vb0[52]+016 TEXCOORD: 0.986328125, 0.557128906
vb0[52]+000 TEXCOORD1: 0.556862772, 0.196078435, 0.725490212, 0.235294119
vb0[52]+000 TEXCOORD2: 0.556862772, 0.196078435, 0.725490212, 0.235294119
vb0[52]+000 TEXCOORD3: 0.556862772, 0.196078435, 0.725490212, 0.235294119

vb0[53]+000 POSITION: 0.589355469, 1.75976563, -0.150146484, 1
vb0[53]+008 NORMAL: 0.503937006, 0.700787425, -0.503937006, 0
vb0[53]+012 COLOR: 0.890196085, 0.192156866, 0.458823532, 0.968627453
vb0[53]+016 TEXCOORD: 0.171386719, 0.936035156
vb0[53]+000 TEXCOORD1: 0.717647076, 0.219607845, 0.0392156877, 0.247058824
vb0[53]+000 TEXCOORD2: 0.717647076, 0.219607845, 0.0392156877, 0.247058824
vb0[53]+000 TEXCOORD3: 0.717647076, 0.219607845, 0.0392156877, 0.247058824

vb0[54]+000 POSITION: 0.551269531, 1.64746094, 0.232543945, 1
vb0[54]+008 NORMAL: 0.51968503, 0.826771677, -0.212598428, 0
vb0[54]+012 COLOR: 0.870588243, 0.172549024, 0.419607848, 0.749019623
vb0[54]+016 TEXCOORD: 0.576171875, 0.999511719
vb0[54]+000 TEXCOORD1: 0.411764711, 0.219607845, 0.592156887, 0.243137255
vb0[54]+000 TEXCOORD2: 0.411764711, 0.219607845, 0.592156887, 0.243137255
vb0[54]+000 TEXCOORD3: 0.411764711, 0.219607845, 0.592156887, 0.243137255

vb0[55]+000 POSITION: 0.460449219, 1.45214844, 0.557617188, 1
vb0[55]+008 NORMAL: 0.51968503, 0.826771677, 0.212598428, 0
vb0[55]+012 COLOR: 0.858823538, 0.164705887, 0.400000006, 0.529411793
vb0[55]+016 TEXCOORD: 0.986328125, 0.936035156
vb0[55]+000 TEXCOORD1: 0.368627459, 0.215686277, 0.811764717, 0.239215687
vb0[55]+000 TEXCOORD2: 0.368627459, 0.215686277, 0.811764717, 0.239215687
vb0[55]+000 TEXCOORD3: 0.368627459, 0.215686277, 0.811764717, 0.239215687

vb0[56]+000 POSITION: -0.351806641, 1.62792969, 0.57421875, 1
vb0[56]+008 NORMAL: -0.322834641, 0.92125982, 0.212598428, 0
vb0[56]+012 COLOR: 0.572549045, 0.996078432, 0.517647088, 0.890196085
vb0[56]+016 TEXCOORD: 0.00859832764, 0.388183594
vb0[56]+000 TEXCOORD1: 0.631372571, 0.709803939, 0.513725519, 0.243137255
vb0[56]+000 TEXCOORD2: 0.631372571, 0.709803939, 0.513725519, 0.243137255
vb0[56]+000 TEXCOORD3: 0.631372571, 0.709803939, 0.513725519, 0.243137255

vb0[57]+000 POSITION: 0.41015625, 1.5234375, 0.294189453, 1
vb0[57]+008 NORMAL: 0.551181078, 0.826771677, -0.11023622, 0
vb0[57]+012 COLOR: 0.572549045, 0.996078432, 0.517647088, 0.101960786
vb0[57]+016 TEXCOORD: 0.392333984, 0.388183594
vb0[57]+000 TEXCOORD1: 0.564705908, 0.211764708, 0.0941176489, 0.243137255
vb0[57]+000 TEXCOORD2: 0.564705908, 0.211764708, 0.0941176489, 0.243137255
vb0[57]+000 TEXCOORD3: 0.564705908, 0.211764708, 0.0941176489, 0.243137255

vb0[58]+000 POSITION: 0.127929688, 1.59277344, -0.446777344, 1
vb0[58]+008 NORMAL: 0.14173229, 0.700787425, -0.692913413, 0
vb0[58]+012 COLOR: 0.572549045, 0.996078432, 0.517647088, 0.501960814
vb0[58]+016 TEXCOORD: 0.392333984, 0.00448608398
vb0[58]+000 TEXCOORD1: 0.0941176489, 0.188235298, 0.372549027, 0.243137255
vb0[58]+000 TEXCOORD2: 0.0941176489, 0.188235298, 0.372549027, 0.243137255
vb0[58]+000 TEXCOORD3: 0.0941176489, 0.188235298, 0.372549027, 0.243137255

vb0[59]+000 POSITION: -0.634277344, 1.69726563, -0.166870117, 1
vb0[59]+008 NORMAL: -0.503937006, 0.700787425, -0.503937006, 0
vb0[59]+012 COLOR: 0.572549045, 0.996078432, 0.517647088, 0.623529434
vb0[59]+016 TEXCOORD: 0.00859832764, 0.00448608398
vb0[59]+000 TEXCOORD1: 0.0745098069, 0.725490212, 0.792156875, 0.243137255
vb0[59]+000 TEXCOORD2: 0.0745098069, 0.725490212, 0.792156875, 0.243137255
vb0[59]+000 TEXCOORD3: 0.0745098069, 0.725490212, 0.792156875, 0.243137255

vb0[60]+000 POSITION: 0.297851563, 1.81835938, 0.0547790527, 1
vb0[60]+008 NORMAL: 0.275590539, 0.92125982, -0.275590539, 0
vb0[60]+012 COLOR: 0.56078434, 0.929411769, 0.254901975, 0.811764717
vb0[60]+016 TEXCOORD: 0.00859832764, 0.388183594
vb0[60]+000 TEXCOORD1: 0.768627465, 0.203921571, 0.274509817, 0.247058824
vb0[60]+000 TEXCOORD2: 0.768627465, 0.203921571, 0.274509817, 0.247058824
vb0[60]+000 TEXCOORD3: 0.768627465, 0.203921571, 0.274509817, 0.247058824

vb0[61]+000 POSITION: 0.419677734, 1.42578125, -0.6015625, 1
vb0[61]+008 NORMAL: 0.338582665, 0.488188982, -0.811023593, 0
vb0[61]+012 COLOR: 0.56078434, 0.929411769, 0.254901975, 0.686274529
vb0[61]+016 TEXCOORD: 0.392333984, 0.388183594
vb0[61]+000 TEXCOORD1: 0.717647076, 0.211764708, 0.70588237, 0.239215687
vb0[61]+000 TEXCOORD2: 0.717647076, 0.211764708, 0.70588237, 0.239215687
vb0[61]+000 TEXCOORD3: 0.717647076, 0.211764708, 0.70588237, 0.239215687

vb0[62]+000 POSITION: -0.384033203, 1.45214844, -0.758300781, 1
vb0[62]+008 NORMAL: -0.173228353, 0.488188982, -0.858267725, 0
vb0[62]+012 COLOR: 0.56078434, 0.929411769, 0.254901975, 0.188235298
vb0[62]+016 TEXCOORD: 0.392333984, 0.00448608398
vb0[62]+000 TEXCOORD1: 0.145098045, 0.713725507, 0.811764717, 0.239215687
vb0[62]+000 TEXCOORD2: 0.145098045, 0.713725507, 0.811764717, 0.239215687
vb0[62]+000 TEXCOORD3: 0.145098045, 0.713725507, 0.811764717, 0.239215687

vb0[63]+000 POSITION: -0.505859375, 1.84472656, -0.101806641, 1
vb0[63]+008 NORMAL: -0.393700778, 0.826771677, -0.393700778, 0
vb0[63]+012 COLOR: 0.56078434, 0.929411769, 0.254901975, 0.890196085
vb0[63]+016 TEXCOORD: 0.00859832764, 0.00448608398
vb0[63]+000 TEXCOORD1: 0.0470588244, 0.721568644, 0.380392164, 0.247058824
vb0[63]+000 TEXCOORD2: 0.0470588244, 0.721568644, 0.380392164, 0.247058824
vb0[63]+000 TEXCOORD3: 0.0470588244, 0.721568644, 0.380392164, 0.247058824

vb0[64]+000 POSITION: -0.0563659668, 0.512207031, 0.0320129395, 1
vb0[64]+008 NORMAL: 0, -0.291338593, -0.96062994, 0
vb0[64]+012 COLOR: 0.235294119, 0.388235301, 0.0901960805, 0.607843161
vb0[64]+016 TEXCOORD: 0.592285156, 0.114440918
vb0[64]+000 TEXCOORD1: 0.215686277, 0.670588255, 0.0980392173, 0.219607845
vb0[64]+000 TEXCOORD2: 0.215686277, 0.670588255, 0.0980392173, 0.219607845
vb0[64]+000 TEXCOORD3: 0.215686277, 0.670588255, 0.0980392173, 0.219607845

vb0[65]+000 POSITION: -0.544921875, 1.33398438, 0.126342773, 1
vb0[65]+008 NORMAL: -0.590551198, 0.700787425, -0.393700778, 0
vb0[65]+012 COLOR: 0.235294119, 0.337254912, 0.109803922, 0.101960786
vb0[65]+016 TEXCOORD: 0.171386719, 0.557128906
vb0[65]+000 TEXCOORD1: 0.360784322, 0.721568644, 0.337254912, 0.239215687
vb0[65]+000 TEXCOORD2: 0.360784322, 0.721568644, 0.337254912, 0.239215687
vb0[65]+000 TEXCOORD3: 0.360784322, 0.721568644, 0.337254912, 0.239215687

vb0[66]+000 POSITION: 0.413085938, 1.12890625, -0.442138672, 1
vb0[66]+008 NORMAL: 0.377952754, 0.125984251, -0.913385808, 0
vb0[66]+012 COLOR: 0.215686277, 0.294117659, 0.145098045, 0.101960786
vb0[66]+016 TEXCOORD: 0.986328125, 0.557128906
vb0[66]+000 TEXCOORD1: 0.611764729, 0.211764708, 0.517647088, 0.235294119
vb0[66]+000 TEXCOORD2: 0.611764729, 0.211764708, 0.517647088, 0.235294119
vb0[66]+000 TEXCOORD3: 0.611764729, 0.211764708, 0.517647088, 0.235294119

vb0[67]+000 POSITION: -0.381103516, 1.88964844, -0.305419922, 1
vb0[67]+008 NORMAL: -0.212598428, 0.826771677, -0.51968503, 0
vb0[67]+012 COLOR: 0.223529413, 0.278431386, 0.145098045, 0.454901963
vb0[67]+016 TEXCOORD: 0.171386719, 0.936035156
vb0[67]+000 TEXCOORD1: 0.0980392173, 0.713725507, 0.56078434, 0.247058824
vb0[67]+000 TEXCOORD2: 0.0980392173, 0.713725507, 0.56078434, 0.247058824
vb0[67]+000 TEXCOORD3: 0.0980392173, 0.713725507, 0.56078434, 0.247058824

vb0[68]+000 POSITION: -0.00512313843, 1.72753906, -0.509277344, 1
vb0[68]+008 NORMAL: 0, 0.700787425, -0.708661437, 0
vb0[68]+012 COLOR: 0.200000003, 0.254901975, 0.184313729, 0.733333349
vb0[68]+016 TEXCOORD: 0.576171875, 0.999511719
vb0[68]+000 TEXCOORD1: 0.247058824, 0.615686297, 0.913725495, 0.243137255
vb0[68]+000 TEXCOORD2: 0.247058824, 0.615686297, 0.913725495, 0.243137255
vb0[68]+000 TEXCOORD3: 0.247058824, 0.615686297, 0.913725495, 0.243137255

vb0[69]+000 POSITION: 0.327392578, 1.47070313, -0.642578125, 1
vb0[69]+008 NORMAL: 0.338582665, 0.488188982, -0.811023593, 0
vb0[69]+012 COLOR: 0.184313729, 0.247058824, 0.203921571, 0.78039217
vb0[69]+016 TEXCOORD: 0.986328125, 0.936035156
vb0[69]+000 TEXCOORD1: 0.239215687, 0.20784314, 0.886274517, 0.239215687
vb0[69]+000 TEXCOORD2: 0.239215687, 0.20784314, 0.886274517, 0.239215687
vb0[69]+000 TEXCOORD3: 0.239215687, 0.20784314, 0.886274517, 0.239215687

vb0[70]+000 POSITION: -0.0670776367, 0.621582031, 0.034362793, 1
vb0[70]+008 NORMAL: 0, -0.291338593, -0.96062994, 0
vb0[70]+012 COLOR: 0.447058827, 0.305882365, 0.0431372561, 0.329411775
vb0[70]+016 TEXCOORD: 0.592285156, 0.114440918
vb0[70]+000 TEXCOORD1: 0.294117659, 0.674509823, 0.97647059, 0.219607845
vb0[70]+000 TEXCOORD2: 0.294117659, 0.674509823, 0.97647059, 0.219607845
vb0[70]+000 TEXCOORD3: 0.294117659, 0.674509823, 0.97647059, 0.219607845

vb0[71]+000 POSITION: -0.7109375, 1.24121094, -0.154541016, 1
vb0[71]+008 NORMAL: -0.622047246, 0.488188982, -0.622047246, 0
vb0[71]+012 COLOR: 0.490196079, 0.200000003, 0.101960786, 0.101960786
vb0[71]+016 TEXCOORD: 0.171386719, 0.557128906
vb0[71]+000 TEXCOORD1: 0.690196097, 0.725490212, 0.968627453, 0.235294119
vb0[71]+000 TEXCOORD2: 0.690196097, 0.725490212, 0.968627453, 0.235294119
vb0[71]+000 TEXCOORD3: 0.690196097, 0.725490212, 0.968627453, 0.235294119

vb0[72]+000 POSITION: 0.285644531, 1.51757813, -0.384277344, 1
vb0[72]+008 NORMAL: 0.275590539, 0.700787425, -0.653543293, 0
vb0[72]+012 COLOR: 0.501960814, 0.168627456, 0.125490203, 0.101960786
vb0[72]+016 TEXCOORD: 0.986328125, 0.557128906
vb0[72]+000 TEXCOORD1: 0.572549045, 0.203921571, 0.0705882385, 0.243137255
vb0[72]+000 TEXCOORD2: 0.572549045, 0.203921571, 0.0705882385, 0.243137255
vb0[72]+000 TEXCOORD3: 0.572549045, 0.203921571, 0.0705882385, 0.243137255

vb0[73]+000 POSITION: -0.722167969, 1.46289063, -0.432617188, 1
vb0[73]+008 NORMAL: -0.488188982, 0.488188982, -0.724409461, 0
vb0[73]+012 COLOR: 0.53725493, 0.149019614, 0.149019614, 0.501960814
vb0[73]+016 TEXCOORD: 0.171386719, 0.936035156
vb0[73]+000 TEXCOORD1: 0.78039217, 0.725490212, 0.854901969, 0.239215687
vb0[73]+000 TEXCOORD2: 0.78039217, 0.725490212, 0.854901969, 0.239215687
vb0[73]+000 TEXCOORD3: 0.78039217, 0.725490212, 0.854901969, 0.239215687

vb0[74]+000 POSITION: -0.406005859, 1.73339844, -0.620117188, 1
vb0[74]+008 NORMAL: -0.275590539, 0.700787425, -0.653543293, 0
vb0[74]+012 COLOR: 0.509803951, 0.145098045, 0.149019614, 0.937254906
vb0[74]+016 TEXCOORD: 0.576171875, 0.999511719
vb0[74]+000 TEXCOORD1: 0.498039216, 0.713725507, 0.937254906, 0.243137255
vb0[74]+000 TEXCOORD2: 0.498039216, 0.713725507, 0.937254906, 0.243137255
vb0[74]+000 TEXCOORD3: 0.498039216, 0.713725507, 0.937254906, 0.243137255

vb0[75]+000 POSITION: 0.111022949, 1.71777344, -0.631347656, 1
vb0[75]+008 NORMAL: 0.14173229, 0.700787425, -0.692913413, 0
vb0[75]+012 COLOR: 0.482352942, 0.105882354, 0.192156866, 0.968627453
vb0[75]+016 TEXCOORD: 0.986328125, 0.936035156
vb0[75]+000 TEXCOORD1: 0.105882354, 0.184313729, 0.874509811, 0.243137255
vb0[75]+000 TEXCOORD2: 0.105882354, 0.184313729, 0.874509811, 0.243137255
vb0[75]+000 TEXCOORD3: 0.105882354, 0.184313729, 0.874509811, 0.243137255

vb0[76]+000 POSITION: -0.0670776367, 0.621582031, 0.034362793, 1
vb0[76]+008 NORMAL: 0, -0.291338593, -0.96062994, 0
vb0[76]+012 COLOR: 0.00392156886, 0.43921569, 0.541176498, 0.329411775
vb0[76]+016 TEXCOORD: 0.592285156, 0.114440918
vb0[76]+000 TEXCOORD1: 0.294117659, 0.674509823, 0.97647059, 0.219607845
vb0[76]+000 TEXCOORD2: 0.294117659, 0.674509823, 0.97647059, 0.219607845
vb0[76]+000 TEXCOORD3: 0.294117659, 0.674509823, 0.97647059, 0.219607845

vb0[77]+000 POSITION: -0.161865234, 1.52441406, 0.234741211, 1
vb0[77]+008 NORMAL: -0.11023622, 0.976377964, -0.165354326, 0
vb0[77]+012 COLOR: 0.0156862754, 0.392156869, 0.56078434, 0.101960786
vb0[77]+016 TEXCOORD: 0.171386719, 0.557128906
vb0[77]+000 TEXCOORD1: 0.180392161, 0.694117665, 0.0980392173, 0.243137255
vb0[77]+000 TEXCOORD2: 0.180392161, 0.694117665, 0.0980392173, 0.243137255
vb0[77]+000 TEXCOORD3: 0.180392161, 0.694117665, 0.0980392173, 0.243137255

vb0[78]+000 POSITION: -0.185791016, 1.06933594, -0.744140625, 1
vb0[78]+008 NORMAL: -0.196850389, 0.125984251, -0.976377964, 0
vb0[78]+012 COLOR: 0.0313725509, 0.356862754, 0.607843161, 0.101960786
vb0[78]+016 TEXCOORD: 0.986328125, 0.557128906
vb0[78]+000 TEXCOORD1: 0.949019611, 0.694117665, 0.278431386, 0.235294119
vb0[78]+000 TEXCOORD2: 0.949019611, 0.694117665, 0.278431386, 0.235294119
vb0[78]+000 TEXCOORD3: 0.949019611, 0.694117665, 0.278431386, 0.235294119

vb0[79]+000 POSITION: -0.405761719, 1.98828125, -0.268310547, 1
vb0[79]+008 NORMAL: -0.212598428, 0.826771677, -0.51968503, 0
vb0[79]+012 COLOR: 0.0392156877, 0.337254912, 0.603921592, 0.968627453
vb0[79]+016 TEXCOORD: 0.171386719, 0.936035156
vb0[79]+000 TEXCOORD1: 0.494117647, 0.713725507, 0.956862748, 0.247058824
vb0[79]+000 TEXCOORD2: 0.494117647, 0.713725507, 0.956862748, 0.247058824
vb0[79]+000 TEXCOORD3: 0.494117647, 0.713725507, 0.956862748, 0.247058824

vb0[80]+000 POSITION: -0.406005859, 1.73339844, -0.620117188, 1
vb0[80]+008 NORMAL: -0.275590539, 0.700787425, -0.653543293, 0
vb0[80]+012 COLOR: 0.0588235296, 0.325490206, 0.650980413, 0.937254906
vb0[80]+016 TEXCOORD: 0.576171875, 0.999511719
vb0[80]+000 TEXCOORD1: 0.498039216, 0.713725507, 0.937254906, 0.243137255
vb0[80]+000 TEXCOORD2: 0.498039216, 0.713725507, 0.937254906, 0.243137255
vb0[80]+000 TEXCOORD3: 0.498039216, 0.713725507, 0.937254906, 0.243137255

vb0[81]+000 POSITION: -0.375, 1.40234375, -0.875488281, 1
vb0[81]+008 NORMAL: -0.173228353, 0.488188982, -0.858267725, 0
vb0[81]+012 COLOR: 0.0666666701, 0.321568638, 0.674509823, 0.764705896
vb0[81]+016 TEXCOORD: 0.986328125, 0.936035156
vb0[81]+000 TEXCOORD1: 0, 0.713725507, 0.611764729, 0.239215687
vb0[81]+000 TEXCOORD2: 0, 0.713725507, 0.611764729, 0.239215687
vb0[81]+000 TEXCOORD3: 0, 0.713725507, 0.611764729, 0.239215687

vb0[82]+000 POSITION: -0.665527344, 1.59765625, -0.349121094, 1
vb0[82]+008 NORMAL: -0.488188982, 0.488188982, -0.724409461, 0
vb0[82]+012 COLOR: 0.152941182, 0.850980401, 0.580392182, 0.235294119
vb0[82]+016 TEXCOORD: 0.00859832764, 0.388183594
vb0[82]+000 TEXCOORD1: 0.325490206, 0.725490212, 0.392156869, 0.243137255
vb0[82]+000 TEXCOORD2: 0.325490206, 0.725490212, 0.392156869, 0.243137255
vb0[82]+000 TEXCOORD3: 0.325490206, 0.725490212, 0.392156869, 0.243137255

vb0[83]+000 POSITION: -1.05078125, 1.125, 0.0586547852, 1
vb0[83]+008 NORMAL: -0.913385808, 0.125984251, -0.377952754, 0
vb0[83]+012 COLOR: 0.152941182, 0.850980401, 0.580392182, 0.796078444
vb0[83]+016 TEXCOORD: 0.392333984, 0.388183594
vb0[83]+000 TEXCOORD1: 0.203921571, 0.737254918, 0.501960814, 0.235294119
vb0[83]+000 TEXCOORD2: 0.203921571, 0.737254918, 0.501960814, 0.235294119
vb0[83]+000 TEXCOORD3: 0.203921571, 0.737254918, 0.501960814, 0.235294119

vb0[84]+000 POSITION: -0.682617188, 1.34472656, 0.67578125, 1
vb0[84]+008 NORMAL: -0.811023593, 0.488188982, 0.338582665, 0
vb0[84]+012 COLOR: 0.152941182, 0.850980401, 0.580392182, 0.592156887
vb0[84]+016 TEXCOORD: 0.392333984, 0.00448608398
vb0[84]+000 TEXCOORD1: 0.4627451, 0.725490212, 0.380392164, 0.239215687
vb0[84]+000 TEXCOORD2: 0.4627451, 0.725490212, 0.380392164, 0.239215687
vb0[84]+000 TEXCOORD3: 0.4627451, 0.725490212, 0.380392164, 0.239215687

vb0[85]+000 POSITION: -0.297363281, 1.81738281, 0.267822266, 1
vb0[85]+008 NORMAL: -0.165354326, 0.976377964, -0.11023622, 0
vb0[85]+012 COLOR: 0.152941182, 0.850980401, 0.580392182, 0.952941179
vb0[85]+016 TEXCOORD: 0.00859832764, 0.00448608398
vb0[85]+000 TEXCOORD1: 0.760784328, 0.70588237, 0.270588249, 0.247058824
vb0[85]+000 TEXCOORD2: 0.760784328, 0.70588237, 0.270588249, 0.247058824
vb0[85]+000 TEXCOORD3: 0.760784328, 0.70588237, 0.270588249, 0.247058824

vb0[86]+000 POSITION: -0.0650024414, 0.62109375, 0.0372314453, 1
vb0[86]+008 NORMAL: 0, -0.291338593, -0.96062994, 0
vb0[86]+012 COLOR: 0.431372553, 0.423529416, 0.988235295, 0.313725501
vb0[86]+016 TEXCOORD: 0.592285156, 0.114440918
vb0[86]+000 TEXCOORD1: 0.160784319, 0.674509823, 0.972549021, 0.219607845
vb0[86]+000 TEXCOORD2: 0.160784319, 0.674509823, 0.972549021, 0.219607845
vb0[86]+000 TEXCOORD3: 0.160784319, 0.674509823, 0.972549021, 0.219607845

vb0[87]+000 POSITION: 0.00301742554, 1.49609375, 0.185180664, 1
vb0[87]+008 NORMAL: 0.0787401572, 0.92125982, -0.377952754, 0
vb0[87]+012 COLOR: 0.454901963, 0.380392164, 0.984313726, 0.101960786
vb0[87]+016 TEXCOORD: 0.171386719, 0.557128906
vb0[87]+000 TEXCOORD1: 0.180392161, 0.101960786, 0.988235295, 0.239215687
vb0[87]+000 TEXCOORD2: 0.180392161, 0.101960786, 0.988235295, 0.239215687
vb0[87]+000 TEXCOORD3: 0.180392161, 0.101960786, 0.988235295, 0.239215687

vb0[88]+000 POSITION: -0.893066406, 0.975097656, -0.0258483887, 1
vb0[88]+008 NORMAL: -0.913385808, 0.125984251, -0.377952754, 0
vb0[88]+012 COLOR: 0.505882382, 0.352941185, 0.97647059, 0.43921569
vb0[88]+016 TEXCOORD: 0.986328125, 0.557128906
vb0[88]+000 TEXCOORD1: 0.145098045, 0.733333349, 0.80392158, 0.23137255
vb0[88]+000 TEXCOORD2: 0.145098045, 0.733333349, 0.80392158, 0.23137255
vb0[88]+000 TEXCOORD3: 0.145098045, 0.733333349, 0.80392158, 0.23137255

vb0[89]+000 POSITION: -0.58984375, 1.88476563, 0.297607422, 1
vb0[89]+008 NORMAL: -0.377952754, 0.92125982, -0.0787401572, 0
vb0[89]+012 COLOR: 0.505882382, 0.329411775, 0.968627453, 0.968627453
vb0[89]+016 TEXCOORD: 0.171386719, 0.936035156
vb0[89]+000 TEXCOORD1: 0.721568644, 0.721568644, 0.541176498, 0.247058824
vb0[89]+000 TEXCOORD2: 0.721568644, 0.721568644, 0.541176498, 0.247058824
vb0[89]+000 TEXCOORD3: 0.721568644, 0.721568644, 0.541176498, 0.247058824

vb0[90]+000 POSITION: -0.899414063, 1.61035156, 0.212524414, 1
vb0[90]+008 NORMAL: -0.692913413, 0.700787425, -0.14173229, 0
vb0[90]+012 COLOR: 0.552941203, 0.325490206, 0.964705884, 0.968627453
vb0[90]+016 TEXCOORD: 0.576171875, 0.999511719
vb0[90]+000 TEXCOORD1: 0.196078435, 0.733333349, 0.443137258, 0.243137255
vb0[90]+000 TEXCOORD2: 0.196078435, 0.733333349, 0.443137258, 0.243137255
vb0[90]+000 TEXCOORD3: 0.196078435, 0.733333349, 0.443137258, 0.243137255

vb0[91]+000 POSITION: -1.10058594, 1.2734375, 0.119934082, 1
vb0[91]+008 NORMAL: -0.858267725, 0.488188982, -0.173228353, 0
vb0[91]+012 COLOR: 0.576470613, 0.325490206, 0.964705884, 0.858823538
vb0[91]+016 TEXCOORD: 0.986328125, 0.936035156
vb0[91]+000 TEXCOORD1: 0.403921574, 0.737254918, 0.0941176489, 0.239215687
vb0[91]+000 TEXCOORD2: 0.403921574, 0.737254918, 0.0941176489, 0.239215687
vb0[91]+000 TEXCOORD3: 0.403921574, 0.737254918, 0.0941176489, 0.239215687

vb0[92]+000 POSITION: -0.0630493164, 0.620605469, -0.0557861328, 1
vb0[92]+008 NORMAL: 0, -0.291338593, -0.96062994, 0
vb0[92]+012 COLOR: 0.101960786, 0.274509817, 0.70588237, 0.34117648
vb0[92]+016 TEXCOORD: 0.592285156, 0.114440918
vb0[92]+000 TEXCOORD1: 0.0352941193, 0.674509823, 0.968627453, 0.219607845
vb0[92]+000 TEXCOORD2: 0.0352941193, 0.674509823, 0.968627453, 0.219607845
vb0[92]+000 TEXCOORD3: 0.0352941193, 0.674509823, 0.968627453, 0.219607845

vb0[93]+000 POSITION: 0.0745849609, 1.01953125, 0.645996094, 1
vb0[93]+008 NORMAL: 0.338582665, 0.488188982, 0.811023593, 0
vb0[93]+012 COLOR: 0.129411772, 0.184313729, 0.615686297, 0.101960786
vb0[93]+016 TEXCOORD: 0.171386719, 0.557128906
vb0[93]+000 TEXCOORD1: 0.776470602, 0.172549024, 0.0784313753, 0.235294119
vb0[93]+000 TEXCOORD2: 0.776470602, 0.172549024, 0.0784313753, 0.235294119
vb0[93]+000 TEXCOORD3: 0.776470602, 0.172549024, 0.0784313753, 0.235294119

vb0[94]+000 POSITION: -0.477783203, 1.45703125, 0.055267334, 1
vb0[94]+008 NORMAL: -0.503937006, 0.700787425, -0.503937006, 0
vb0[94]+012 COLOR: 0.145098045, 0.160784319, 0.588235319, 0.101960786
vb0[94]+016 TEXCOORD: 0.986328125, 0.557128906
vb0[94]+000 TEXCOORD1: 0.647058845, 0.717647076, 0.831372559, 0.239215687
vb0[94]+000 TEXCOORD2: 0.647058845, 0.717647076, 0.831372559, 0.239215687
vb0[94]+000 TEXCOORD3: 0.647058845, 0.717647076, 0.831372559, 0.239215687

vb0[95]+000 POSITION: -0.13671875, 1.20214844, 0.814941406, 1
vb0[95]+008 NORMAL: -0.173228353, 0.488188982, 0.858267725, 0
vb0[95]+012 COLOR: 0.145098045, 0.149019614, 0.541176498, 0.733333349
vb0[95]+016 TEXCOORD: 0.171386719, 0.936035156
vb0[95]+000 TEXCOORD1: 0.376470596, 0.690196097, 0.811764717, 0.235294119
vb0[95]+000 TEXCOORD2: 0.376470596, 0.690196097, 0.811764717, 0.235294119
vb0[95]+000 TEXCOORD3: 0.376470596, 0.690196097, 0.811764717, 0.235294119

vb0[96]+000 POSITION: -0.393554688, 1.49511719, 0.715332031, 1
vb0[96]+008 NORMAL: -0.393700778, 0.826771677, 0.393700778, 0
vb0[96]+012 COLOR: 0.160784319, 0.137254909, 0.564705908, 0.890196085
vb0[96]+016 TEXCOORD: 0.576171875, 0.999511719
vb0[96]+000 TEXCOORD1: 0.298039228, 0.713725507, 0.984313726, 0.239215687
vb0[96]+000 TEXCOORD2: 0.298039228, 0.713725507, 0.984313726, 0.239215687
vb0[96]+000 TEXCOORD3: 0.298039228, 0.713725507, 0.984313726, 0.239215687

vb0[97]+000 POSITION: -0.602050781, 1.58691406, 0.328857422, 1
vb0[97]+008 NORMAL: -0.551181078, 0.826771677, -0.11023622, 0
vb0[97]+012 COLOR: 0.211764708, 0.0980392173, 0.56078434, 0.56078434
vb0[97]+016 TEXCOORD: 0.986328125, 0.936035156
vb0[97]+000 TEXCOORD1: 0.819607854, 0.721568644, 0.349019617, 0.243137255
vb0[97]+000 TEXCOORD2: 0.819607854, 0.721568644, 0.349019617, 0.243137255
vb0[97]+000 TEXCOORD3: 0.819607854, 0.721568644, 0.349019617, 0.243137255

vb0[98]+000 POSITION: -0.587890625, 1.59765625, 0.183837891, 1
vb0[98]+008 NORMAL: -0.51968503, 0.826771677, -0.212598428, 0
vb0[98]+012 COLOR: 0.333333343, 0.823529422, 0.843137264, 0.203921571
vb0[98]+016 TEXCOORD: 0.00859832764, 0.388183594
vb0[98]+000 TEXCOORD1: 0.70588237, 0.721568644, 0.392156869, 0.243137255
vb0[98]+000 TEXCOORD2: 0.70588237, 0.721568644, 0.392156869, 0.243137255
vb0[98]+000 TEXCOORD3: 0.70588237, 0.721568644, 0.392156869, 0.243137255

vb0[99]+000 POSITION: -0.686523438, 1.09082031, 0.614257813, 1
vb0[99]+008 NORMAL: -0.913385808, 0.125984251, 0.377952754, 0
vb0[99]+012 COLOR: 0.333333343, 0.823529422, 0.843137264, 0.101960786
vb0[99]+016 TEXCOORD: 0.392333984, 0.388183594
vb0[99]+000 TEXCOORD1: 0.494117647, 0.725490212, 0.36470589, 0.235294119
vb0[99]+000 TEXCOORD2: 0.494117647, 0.725490212, 0.36470589, 0.235294119
vb0[99]+000 TEXCOORD3: 0.494117647, 0.725490212, 0.36470589, 0.235294119

vb0[100]+000 POSITION: -0.0112075806, 1.16992188, 0.864746094, 1
vb0[100]+008 NORMAL: 0, 0.488188982, 0.874015749, 0
vb0[100]+012 COLOR: 0.333333343, 0.823529422, 0.843137264, 0.298039228
vb0[100]+016 TEXCOORD: 0.392333984, 0.00448608398
vb0[100]+000 TEXCOORD1: 0.741176486, 0.631372571, 0.68235296, 0.235294119
vb0[100]+000 TEXCOORD2: 0.741176486, 0.631372571, 0.68235296, 0.235294119
vb0[100]+000 TEXCOORD3: 0.741176486, 0.631372571, 0.68235296, 0.235294119

vb0[101]+000 POSITION: 0.0871582031, 1.67675781, 0.434082031, 1
vb0[101]+008 NORMAL: 0.196850389, 0.976377964, 0.0393700786, 0
vb0[101]+012 COLOR: 0.333333343, 0.823529422, 0.843137264, 0.101960786
vb0[101]+016 TEXCOORD: 0.00859832764, 0.00448608398
vb0[101]+000 TEXCOORD1: 0.580392182, 0.176470593, 0.709803939, 0.243137255
vb0[101]+000 TEXCOORD2: 0.580392182, 0.176470593, 0.709803939, 0.243137255
vb0[101]+000 TEXCOORD3: 0.580392182, 0.176470593, 0.709803939, 0.243137255

vb0[102]+000 POSITION: -0.0630493164, 0.620605469, -0.0557861328, 1
vb0[102]+008 NORMAL: 0, -0.291338593, -0.96062994, 0
vb0[102]+012 COLOR: 0.733333349, 0.309803933, 0.898039222, 0.34117648
vb0[102]+016 TEXCOORD: 0.592285156, 0.114440918
vb0[102]+000 TEXCOORD1: 0.0352941193, 0.674509823, 0.968627453, 0.219607845
vb0[102]+000 TEXCOORD2: 0.0352941193, 0.674509823, 0.968627453, 0.219607845
vb0[102]+000 TEXCOORD3: 0.0352941193, 0.674509823, 0.968627453, 0.219607845

vb0[103]+000 POSITION: 0.213867188, 1.38964844, 0.151123047, 1
vb0[103]+008 NORMAL: 0.393700778, 0.826771677, -0.393700778, 0
vb0[103]+012 COLOR: 0.745098054, 0.266666681, 0.870588243, 0.101960786
vb0[103]+016 TEXCOORD: 0.171386719, 0.557128906
vb0[103]+000 TEXCOORD1: 0.847058833, 0.196078435, 0.56078434, 0.239215687
vb0[103]+000 TEXCOORD2: 0.847058833, 0.196078435, 0.56078434, 0.239215687
vb0[103]+000 TEXCOORD3: 0.847058833, 0.196078435, 0.56078434, 0.239215687

vb0[104]+000 POSITION: -0.635253906, 0.961914063, 0.44140625, 1
vb0[104]+008 NORMAL: -0.992125988, 0.125984251, 0, 0
vb0[104]+012 COLOR: 0.772549033, 0.243137255, 0.831372559, 0.203921571
vb0[104]+016 TEXCOORD: 0.986328125, 0.557128906
vb0[104]+000 TEXCOORD1: 0.0823529437, 0.725490212, 0.698039234, 0.23137255
vb0[104]+000 TEXCOORD2: 0.0823529437, 0.725490212, 0.698039234, 0.23137255
vb0[104]+000 TEXCOORD3: 0.0823529437, 0.725490212, 0.698039234, 0.23137255

vb0[105]+000 POSITION: -0.0778808594, 1.7265625, 0.638671875, 1
vb0[105]+008 NORMAL: -0.0393700786, 0.976377964, 0.196850389, 0
vb0[105]+012 COLOR: 0.764705896, 0.223529413, 0.819607854, 0.968627453
vb0[105]+016 TEXCOORD: 0.171386719, 0.936035156
vb0[105]+000 TEXCOORD1: 0.988235295, 0.674509823, 0.909803927, 0.243137255
vb0[105]+000 TEXCOORD2: 0.988235295, 0.674509823, 0.909803927, 0.243137255
vb0[105]+000 TEXCOORD3: 0.988235295, 0.674509823, 0.909803927, 0.243137255

vb0[106]+000 POSITION: -0.393554688, 1.49511719, 0.715332031, 1
vb0[106]+008 NORMAL: -0.393700778, 0.826771677, 0.393700778, 0
vb0[106]+012 COLOR: 0.800000012, 0.219607845, 0.784313738, 0.890196085
vb0[106]+016 TEXCOORD: 0.576171875, 0.999511719
vb0[106]+000 TEXCOORD1: 0.298039228, 0.713725507, 0.984313726, 0.239215687
vb0[106]+000 TEXCOORD2: 0.298039228, 0.713725507, 0.984313726, 0.239215687
vb0[106]+000 TEXCOORD3: 0.298039228, 0.713725507, 0.984313726, 0.239215687

vb0[107]+000 POSITION: -0.646484375, 1.20703125, 0.712890625, 1
vb0[107]+008 NORMAL: -0.811023593, 0.488188982, 0.338582665, 0
vb0[107]+012 COLOR: 0.815686285, 0.219607845, 0.768627465, 0.101960786
vb0[107]+016 TEXCOORD: 0.986328125, 0.936035156
vb0[107]+000 TEXCOORD1: 0.172549024, 0.725490212, 0.831372559, 0.235294119
vb0[107]+000 TEXCOORD2: 0.172549024, 0.725490212, 0.831372559, 0.235294119
vb0[107]+000 TEXCOORD3: 0.172549024, 0.725490212, 0.831372559, 0.235294119

vb0[108]+000 POSITION: -0.0610961914, 0.62109375, 0.0340270996, 1
vb0[108]+008 NORMAL: 0, -0.291338593, -0.96062994, 0
vb0[108]+012 COLOR: 0.662745118, 0.305882365, 0.929411769, 0.125490203
vb0[108]+016 TEXCOORD: 0.592285156, 0.114440918
vb0[108]+000 TEXCOORD1: 0.823529422, 0.670588255, 0.972549021, 0.219607845
vb0[108]+000 TEXCOORD2: 0.823529422, 0.670588255, 0.972549021, 0.219607845
vb0[108]+000 TEXCOORD3: 0.823529422, 0.670588255, 0.972549021, 0.219607845

vb0[109]+000 POSITION: 0.638183594, 1.21582031, 0.0391540527, 1
vb0[109]+008 NORMAL: 0.724409461, 0.488188982, -0.488188982, 0
vb0[109]+012 COLOR: 0.600000024, 0.200000003, 0.886274517, 0.101960786
vb0[109]+016 TEXCOORD: 0.171386719, 0.557128906
vb0[109]+000 TEXCOORD1: 0.105882354, 0.223529413, 0.866666675, 0.235294119
vb0[109]+000 TEXCOORD2: 0.105882354, 0.223529413, 0.866666675, 0.235294119
vb0[109]+000 TEXCOORD3: 0.105882354, 0.223529413, 0.866666675, 0.235294119

vb0[110]+000 POSITION: -0.241577148, 1.52929688, 0.515625, 1
vb0[110]+008 NORMAL: -0.322834641, 0.92125982, 0.212598428, 0
vb0[110]+012 COLOR: 0.58431375, 0.168627456, 0.866666675, 0.250980407
vb0[110]+016 TEXCOORD: 0.986328125, 0.557128906
vb0[110]+000 TEXCOORD1: 0.733333349, 0.701960802, 0.117647059, 0.243137255
vb0[110]+000 TEXCOORD2: 0.733333349, 0.701960802, 0.117647059, 0.243137255
vb0[110]+000 TEXCOORD3: 0.733333349, 0.701960802, 0.117647059, 0.243137255

vb0[111]+000 POSITION: 0.737304688, 1.4375, 0.300292969, 1
vb0[111]+008 NORMAL: 0.858267725, 0.488188982, -0.173228353, 0
vb0[111]+012 COLOR: 0.545098066, 0.149019614, 0.854901969, 0.109803922
vb0[111]+016 TEXCOORD: 0.171386719, 0.936035156
vb0[111]+000 TEXCOORD1: 0.90196079, 0.223529413, 0.752941191, 0.239215687
vb0[111]+000 TEXCOORD2: 0.90196079, 0.223529413, 0.752941191, 0.239215687
vb0[111]+000 TEXCOORD3: 0.90196079, 0.223529413, 0.752941191, 0.239215687

vb0[112]+000 POSITION: 0.498779297, 1.71875, 0.559082031, 1
vb0[112]+008 NORMAL: 0.551181078, 0.826771677, 0.11023622, 0
vb0[112]+012 COLOR: 0.572549045, 0.145098045, 0.843137264, 0.80392158
vb0[112]+016 TEXCOORD: 0.576171875, 0.999511719
vb0[112]+000 TEXCOORD1: 0.984313726, 0.215686277, 0.87843138, 0.243137255
vb0[112]+000 TEXCOORD2: 0.984313726, 0.215686277, 0.87843138, 0.243137255
vb0[112]+000 TEXCOORD3: 0.984313726, 0.215686277, 0.87843138, 0.243137255

vb0[113]+000 POSITION: 0.00457382202, 1.72265625, 0.704589844, 1
vb0[113]+008 NORMAL: 0.0787401572, 0.92125982, 0.377952754, 0
vb0[113]+012 COLOR: 0.58431375, 0.105882354, 0.796078444, 0.968627453
vb0[113]+016 TEXCOORD: 0.986328125, 0.936035156
vb0[113]+000 TEXCOORD1: 0.686274529, 0.109803922, 0.894117653, 0.243137255
vb0[113]+000 TEXCOORD2: 0.686274529, 0.109803922, 0.894117653, 0.243137255
vb0[113]+000 TEXCOORD3: 0.686274529, 0.109803922, 0.894117653, 0.243137255

vb0[114]+000 POSITION: -0.148925781, 1.69335938, 0.656738281, 1
vb0[114]+008 NORMAL: -0.0787401572, 0.976377964, 0.188976377, 0
vb0[114]+012 COLOR: 0.725490212, 0.87843138, 0.733333349, 0.968627453
vb0[114]+016 TEXCOORD: 0.00859832764, 0.388183594
vb0[114]+000 TEXCOORD1: 0.768627465, 0.690196097, 0.776470602, 0.243137255
vb0[114]+000 TEXCOORD2: 0.768627465, 0.690196097, 0.776470602, 0.243137255
vb0[114]+000 TEXCOORD3: 0.768627465, 0.690196097, 0.776470602, 0.243137255

vb0[115]+000 POSITION: 0.448730469, 1.23046875, 0.83203125, 1
vb0[115]+008 NORMAL: 0.622047246, 0.488188982, 0.622047246, 0
vb0[115]+012 COLOR: 0.725490212, 0.87843138, 0.733333349, 0.101960786
vb0[115]+016 TEXCOORD: 0.392333984, 0.388183594
vb0[115]+000 TEXCOORD1: 0.180392161, 0.215686277, 0.925490201, 0.235294119
vb0[115]+000 TEXCOORD2: 0.180392161, 0.215686277, 0.925490201, 0.235294119
vb0[115]+000 TEXCOORD3: 0.180392161, 0.215686277, 0.925490201, 0.235294119

vb0[116]+000 POSITION: 0.833007813, 1.41113281, 0.172607422, 1
vb0[116]+008 NORMAL: 0.858267725, 0.488188982, -0.173228353, 0
vb0[116]+012 COLOR: 0.725490212, 0.87843138, 0.733333349, 0.764705896
vb0[116]+016 TEXCOORD: 0.392333984, 0.00448608398
vb0[116]+000 TEXCOORD1: 0.666666687, 0.227450982, 0.647058845, 0.239215687
vb0[116]+000 TEXCOORD2: 0.666666687, 0.227450982, 0.647058845, 0.239215687
vb0[116]+000 TEXCOORD3: 0.666666687, 0.227450982, 0.647058845, 0.239215687

vb0[117]+000 POSITION: 0.235595703, 1.87402344, -0.00293159485, 1
vb0[117]+008 NORMAL: 0.212598428, 0.92125982, -0.322834641, 0
vb0[117]+012 COLOR: 0.725490212, 0.87843138, 0.733333349, 0.968627453
vb0[117]+016 TEXCOORD: 0.00859832764, 0.00448608398
vb0[117]+000 TEXCOORD1: 0.541176498, 0.200000003, 0.498039216, 0.247058824
vb0[117]+000 TEXCOORD2: 0.541176498, 0.200000003, 0.498039216, 0.247058824
vb0[117]+000 TEXCOORD3: 0.541176498, 0.200000003, 0.498039216, 0.247058824

vb0[118]+000 POSITION: -0.0610961914, 0.62109375, 0.033996582, 1
vb0[118]+008 NORMAL: 0, -0.291338593, -0.96062994, 0
vb0[118]+012 COLOR: 0.960784316, 0.41568628, 0.321568638, 0.125490203
vb0[118]+016 TEXCOORD: 0.592285156, 0.114440918
vb0[118]+000 TEXCOORD1: 0.823529422, 0.670588255, 0.972549021, 0.219607845
vb0[118]+000 TEXCOORD2: 0.823529422, 0.670588255, 0.972549021, 0.219607845
vb0[118]+000 TEXCOORD3: 0.823529422, 0.670588255, 0.972549021, 0.219607845

vb0[119]+000 POSITION: 0.0138244629, 1.51855469, -0.195922852, 1
vb0[119]+008 NORMAL: 0, 0.700787425, -0.708661437, 0
vb0[119]+012 COLOR: 0.941176474, 0.368627459, 0.305882365, 0.101960786
vb0[119]+016 TEXCOORD: 0.171386719, 0.557128906
vb0[119]+000 TEXCOORD1: 0.0784313753, 0.137254909, 0.0745098069, 0.243137255
vb0[119]+000 TEXCOORD2: 0.0784313753, 0.137254909, 0.0745098069, 0.243137255
vb0[119]+000 TEXCOORD3: 0.0784313753, 0.137254909, 0.0745098069, 0.243137255

vb0[120]+000 POSITION: 0.292480469, 1.06542969, 0.745117188, 1
vb0[120]+008 NORMAL: 0.622047246, 0.488188982, 0.622047246, 0
vb0[120]+012 COLOR: 0.913725495, 0.337254912, 0.270588249, 0.101960786
vb0[120]+016 TEXCOORD: 0.986328125, 0.557128906
vb0[120]+000 TEXCOORD1: 0.68235296, 0.203921571, 0.262745112, 0.235294119
vb0[120]+000 TEXCOORD2: 0.68235296, 0.203921571, 0.262745112, 0.235294119
vb0[120]+000 TEXCOORD3: 0.68235296, 0.203921571, 0.262745112, 0.235294119

vb0[121]+000 POSITION: 0.410644531, 1.97265625, 0.217407227, 1
vb0[121]+008 NORMAL: 0.362204731, 0.92125982, -0.149606302, 0
vb0[121]+012 COLOR: 0.905882359, 0.313725501, 0.274509817, 0.968627453
vb0[121]+016 TEXCOORD: 0.171386719, 0.936035156
vb0[121]+000 TEXCOORD1: 0.572549045, 0.211764708, 0.894117653, 0.247058824
vb0[121]+000 TEXCOORD2: 0.572549045, 0.211764708, 0.894117653, 0.247058824
vb0[121]+000 TEXCOORD3: 0.572549045, 0.211764708, 0.894117653, 0.247058824

vb0[122]+000 POSITION: 0.498779297, 1.71875, 0.559082031, 1
vb0[122]+008 NORMAL: 0.551181078, 0.826771677, 0.11023622, 0
vb0[122]+012 COLOR: 0.874509811, 0.305882365, 0.235294119, 0.80392158
vb0[122]+016 TEXCOORD: 0.576171875, 0.999511719
vb0[122]+000 TEXCOORD1: 0.984313726, 0.215686277, 0.87843138, 0.243137255
vb0[122]+000 TEXCOORD2: 0.984313726, 0.215686277, 0.87843138, 0.243137255
vb0[122]+000 TEXCOORD3: 0.984313726, 0.215686277, 0.87843138, 0.243137255

vb0[123]+000 POSITION: 0.525878906, 1.390625, 0.817382813, 1
vb0[123]+008 NORMAL: 0.590551198, 0.700787425, 0.393700778, 0
vb0[123]+012 COLOR: 0.858823538, 0.305882365, 0.211764708, 0.654901981
vb0[123]+016 TEXCOORD: 0.986328125, 0.936035156
vb0[123]+000 TEXCOORD1: 0.20784314, 0.219607845, 0.564705908, 0.239215687
vb0[123]+000 TEXCOORD2: 0.20784314, 0.219607845, 0.564705908, 0.239215687
vb0[123]+000 TEXCOORD3: 0.20784314, 0.219607845, 0.564705908, 0.239215687

vb0[124]+000 POSITION: -0.0625, 0.621582031, 0.0327758789, 1
vb0[124]+008 NORMAL: 0, -0.291338593, -0.96062994, 0
vb0[124]+012 COLOR: 0.898039222, 0.235294119, 0.643137276, 0.121568628
vb0[124]+016 TEXCOORD: 0.592285156, 0.114440918
vb0[124]+000 TEXCOORD1: 0, 0.674509823, 0.97647059, 0.219607845
vb0[124]+000 TEXCOORD2: 0, 0.674509823, 0.97647059, 0.219607845
vb0[124]+000 TEXCOORD3: 0, 0.674509823, 0.97647059, 0.219607845

vb0[125]+000 POSITION: 0.390136719, 1.19433594, -0.164672852, 1
vb0[125]+008 NORMAL: 0.488188982, 0.488188982, -0.724409461, 0
vb0[125]+012 COLOR: 0.819607854, 0.13333334, 0.623529434, 0.101960786
vb0[125]+016 TEXCOORD: 0.171386719, 0.557128906
vb0[125]+000 TEXCOORD1: 0.243137255, 0.211764708, 0.78039217, 0.235294119
vb0[125]+000 TEXCOORD2: 0.243137255, 0.211764708, 0.78039217, 0.235294119
vb0[125]+000 TEXCOORD3: 0.243137255, 0.211764708, 0.78039217, 0.235294119

vb0[126]+000 POSITION: 0.120727539, 1.23632813, 0.658203125, 1
vb0[126]+008 NORMAL: 0.307086617, 0.826771677, 0.464566916, 0
vb0[126]+012 COLOR: 0.792156875, 0.109803922, 0.611764729, 0.101960786
vb0[126]+016 TEXCOORD: 0.986328125, 0.557128906
vb0[126]+000 TEXCOORD1: 0.729411781, 0.184313729, 0.949019611, 0.235294119
vb0[126]+000 TEXCOORD2: 0.729411781, 0.184313729, 0.949019611, 0.235294119
vb0[126]+000 TEXCOORD3: 0.729411781, 0.184313729, 0.949019611, 0.235294119

vb0[127]+000 POSITION: 0.607910156, 1.33789063, -0.000681877136, 1
vb0[127]+008 NORMAL: 0.724409461, 0.488188982, -0.488188982, 0
vb0[127]+012 COLOR: 0.752941191, 0.0862745121, 0.623529434, 0.101960786
vb0[127]+016 TEXCOORD: 0.171386719, 0.936035156
vb0[127]+000 TEXCOORD1: 0.866666675, 0.219607845, 0.352941185, 0.239215687
vb0[127]+000 TEXCOORD2: 0.866666675, 0.219607845, 0.352941185, 0.239215687
vb0[127]+000 TEXCOORD3: 0.866666675, 0.219607845, 0.352941185, 0.239215687

vb0[128]+000 POSITION: 0.613769531, 1.48339844, 0.352783203, 1
vb0[128]+008 NORMAL: 0.708661437, 0.700787425, 0, 0
vb0[128]+012 COLOR: 0.768627465, 0.0901960805, 0.600000024, 0.101960786
vb0[128]+016 TEXCOORD: 0.576171875, 0.999511719
vb0[128]+000 TEXCOORD1: 0.913725495, 0.219607845, 0.937254906, 0.239215687
vb0[128]+000 TEXCOORD2: 0.913725495, 0.219607845, 0.937254906, 0.239215687
vb0[128]+000 TEXCOORD3: 0.913725495, 0.219607845, 0.937254906, 0.239215687

vb0[129]+000 POSITION: 0.388427734, 1.390625, 0.695800781, 1
vb0[129]+008 NORMAL: 0.590551198, 0.700787425, 0.393700778, 0
vb0[129]+012 COLOR: 0.745098054, 0.0666666701, 0.541176498, 0.513725519
vb0[129]+016 TEXCOORD: 0.986328125, 0.936035156
vb0[129]+000 TEXCOORD1: 0.215686277, 0.211764708, 0.564705908, 0.239215687
vb0[129]+000 TEXCOORD2: 0.215686277, 0.211764708, 0.564705908, 0.239215687
vb0[129]+000 TEXCOORD3: 0.215686277, 0.211764708, 0.564705908, 0.239215687

vb0[130]+000 POSITION: -0.0625, 0.621582031, 0.0327758789, 1
vb0[130]+008 NORMAL: 0, -0.291338593, -0.96062994, 0
vb0[130]+012 COLOR: 0.725490212, 0.556862772, 0.0549019612, 0.121568628
vb0[130]+016 TEXCOORD: 0.592285156, 0.114440918
vb0[130]+000 TEXCOORD1: 0, 0.674509823, 0.97647059, 0.219607845
vb0[130]+000 TEXCOORD2: 0, 0.674509823, 0.97647059, 0.219607845
vb0[130]+000 TEXCOORD3: 0, 0.674509823, 0.97647059, 0.219607845

vb0[131]+000 POSITION: -0.132568359, 1.39355469, 0.0994262695, 1
vb0[131]+008 NORMAL: -0.212598428, 0.826771677, -0.51968503, 0
vb0[131]+012 COLOR: 0.698039234, 0.513725519, 0.0431372561, 0.101960786
vb0[131]+016 TEXCOORD: 0.171386719, 0.557128906
vb0[131]+000 TEXCOORD1: 0.243137255, 0.690196097, 0.576470613, 0.239215687
vb0[131]+000 TEXCOORD2: 0.243137255, 0.690196097, 0.576470613, 0.239215687
vb0[131]+000 TEXCOORD3: 0.243137255, 0.690196097, 0.576470613, 0.239215687

vb0[132]+000 POSITION: 0.580566406, 0.895996094, 0.393554688, 1
vb0[132]+008 NORMAL: 0.992125988, 0.125984251, 0, 0
vb0[132]+012 COLOR: 0.654901981, 0.486274511, 0.0235294122, 0.125490203
vb0[132]+016 TEXCOORD: 0.986328125, 0.557128906
vb0[132]+000 TEXCOORD1: 0.647058845, 0.219607845, 0.168627456, 0.23137255
vb0[132]+000 TEXCOORD2: 0.647058845, 0.219607845, 0.168627456, 0.23137255
vb0[132]+000 TEXCOORD3: 0.647058845, 0.219607845, 0.168627456, 0.23137255

vb0[133]+000 POSITION: 0.364990234, 1.73730469, 0.263427734, 1
vb0[133]+008 NORMAL: 0.362204731, 0.92125982, -0.149606302, 0
vb0[133]+012 COLOR: 0.650980413, 0.466666669, 0.0235294122, 0.470588237
vb0[133]+016 TEXCOORD: 0.171386719, 0.936035156
vb0[133]+000 TEXCOORD1: 0.843137264, 0.20784314, 0.952941179, 0.243137255
vb0[133]+000 TEXCOORD2: 0.843137264, 0.20784314, 0.952941179, 0.243137255
vb0[133]+000 TEXCOORD3: 0.843137264, 0.20784314, 0.952941179, 0.243137255

vb0[134]+000 POSITION: 0.613769531, 1.48339844, 0.352783203, 1
vb0[134]+008 NORMAL: 0.708661437, 0.700787425, 0, 0
vb0[134]+012 COLOR: 0.607843161, 0.458823532, 0.0117647061, 0.101960786
vb0[134]+016 TEXCOORD: 0.576171875, 0.999511719
vb0[134]+000 TEXCOORD1: 0.913725495, 0.219607845, 0.937254906, 0.239215687
vb0[134]+000 TEXCOORD2: 0.913725495, 0.219607845, 0.937254906, 0.239215687
vb0[134]+000 TEXCOORD3: 0.913725495, 0.219607845, 0.937254906, 0.239215687

vb0[135]+000 POSITION: 0.774902344, 1.17578125, 0.403808594, 1
vb0[135]+008 NORMAL: 0.874015749, 0.488188982, 0, 0
vb0[135]+012 COLOR: 0.580392182, 0.4627451, 0.00784313772, 0.188235298
vb0[135]+016 TEXCOORD: 0.986328125, 0.936035156
vb0[135]+000 TEXCOORD1: 0.200000003, 0.227450982, 0.70588237, 0.235294119
vb0[135]+000 TEXCOORD2: 0.200000003, 0.227450982, 0.70588237, 0.235294119
vb0[135]+000 TEXCOORD3: 0.200000003, 0.227450982, 0.70588237, 0.235294119

vb0[136]+000 POSITION: -0.0551757813, 0.512695313, 0.032043457, 1
vb0[136]+008 NORMAL: 0, -0.291338593, -0.96062994, 0
vb0[136]+012 COLOR: 0.407843143, 0.486274511, 0.00784313772, 0.592156887
vb0[136]+016 TEXCOORD: 0.592285156, 0.114440918
vb0[136]+000 TEXCOORD1: 0.0627451017, 0.670588255, 0.101960786, 0.219607845
vb0[136]+000 TEXCOORD2: 0.0627451017, 0.670588255, 0.101960786, 0.219607845
vb0[136]+000 TEXCOORD3: 0.0627451017, 0.670588255, 0.101960786, 0.219607845

vb0[137]+000 POSITION: -0.461425781, 1.26464844, 0.0899658203, 1
vb0[137]+008 NORMAL: -0.724409461, 0.488188982, -0.488188982, 0
vb0[137]+012 COLOR: 0.400000006, 0.435294122, 0.0156862754, 0.101960786
vb0[137]+016 TEXCOORD: 0.171386719, 0.557128906
vb0[137]+000 TEXCOORD1: 0.384313732, 0.717647076, 0.0588235296, 0.239215687
vb0[137]+000 TEXCOORD2: 0.384313732, 0.717647076, 0.0588235296, 0.239215687
vb0[137]+000 TEXCOORD3: 0.384313732, 0.717647076, 0.0588235296, 0.239215687

vb0[138]+000 POSITION: 0.52734375, 1.07617188, -0.0911865234, 1
vb0[138]+008 NORMAL: 0.700787425, 0.125984251, -0.700787425, 0
vb0[138]+012 COLOR: 0.368627459, 0.388235301, 0.0313725509, 0.101960786
vb0[138]+016 TEXCOORD: 0.986328125, 0.557128906
vb0[138]+000 TEXCOORD1: 0.219607845, 0.219607845, 0.305882365, 0.235294119
vb0[138]+000 TEXCOORD2: 0.219607845, 0.219607845, 0.305882365, 0.235294119
vb0[138]+000 TEXCOORD3: 0.219607845, 0.219607845, 0.305882365, 0.235294119

vb0[139]+000 POSITION: -0.147705078, 1.79492188, -0.110107422, 1
vb0[139]+008 NORMAL: -0.0787401572, 0.92125982, -0.377952754, 0
vb0[139]+012 COLOR: 0.376470596, 0.368627459, 0.0352941193, 0.78039217
vb0[139]+016 TEXCOORD: 0.171386719, 0.936035156
vb0[139]+000 TEXCOORD1: 0.729411781, 0.690196097, 0.180392161, 0.247058824
vb0[139]+000 TEXCOORD2: 0.729411781, 0.690196097, 0.180392161, 0.247058824
vb0[139]+000 TEXCOORD3: 0.729411781, 0.690196097, 0.180392161, 0.247058824

vb0[140]+000 POSITION: 0.23034668, 1.64648438, -0.180053711, 1
vb0[140]+008 NORMAL: 0.212598428, 0.826771677, -0.51968503, 0
vb0[140]+012 COLOR: 0.337254912, 0.345098048, 0.0549019612, 0.101960786
vb0[140]+016 TEXCOORD: 0.576171875, 0.999511719
vb0[140]+000 TEXCOORD1: 0.372549027, 0.200000003, 0.588235319, 0.243137255
vb0[140]+000 TEXCOORD2: 0.372549027, 0.200000003, 0.588235319, 0.243137255
vb0[140]+000 TEXCOORD3: 0.372549027, 0.200000003, 0.588235319, 0.243137255

vb0[141]+000 POSITION: 0.543457031, 1.40917969, -0.223144531, 1
vb0[141]+008 NORMAL: 0.622047246, 0.488188982, -0.622047246, 0
vb0[141]+012 COLOR: 0.31764707, 0.337254912, 0.0666666701, 0.250980407
vb0[141]+016 TEXCOORD: 0.986328125, 0.936035156
vb0[141]+000 TEXCOORD1: 0.349019617, 0.219607845, 0.639215708, 0.239215687
vb0[141]+000 TEXCOORD2: 0.349019617, 0.219607845, 0.639215708, 0.239215687
vb0[141]+000 TEXCOORD3: 0.349019617, 0.219607845, 0.639215708, 0.239215687

vb0[142]+000 POSITION: -0.0658569336, 0.620117188, 0.0325012207, 1
vb0[142]+008 NORMAL: 0, -0.291338593, -0.96062994, 0
vb0[142]+012 COLOR: 0.850980401, 0.419607848, 0.152941182, 0.321568638
vb0[142]+016 TEXCOORD: 0.592285156, 0.114440918
vb0[142]+000 TEXCOORD1: 0.215686277, 0.674509823, 0.964705884, 0.219607845
vb0[142]+000 TEXCOORD2: 0.215686277, 0.674509823, 0.964705884, 0.219607845
vb0[142]+000 TEXCOORD3: 0.215686277, 0.674509823, 0.964705884, 0.219607845

vb0[143]+000 POSITION: -0.690917969, 0.852050781, -0.650878906, 1
vb0[143]+008 NORMAL: -0.551181078, 0.125984251, -0.826771677, 0
vb0[143]+012 COLOR: 0.90196079, 0.34117648, 0.247058824, 0.298039228
vb0[143]+016 TEXCOORD: 0.171386719, 0.557128906
vb0[143]+000 TEXCOORD1: 0.529411793, 0.725490212, 0.819607854, 0.227450982
vb0[143]+000 TEXCOORD2: 0.529411793, 0.725490212, 0.819607854, 0.227450982
vb0[143]+000 TEXCOORD3: 0.529411793, 0.725490212, 0.819607854, 0.227450982

vb0[144]+000 POSITION: -0.147216797, 1.61914063, -0.278076172, 1
vb0[144]+008 NORMAL: -0.14173229, 0.700787425, -0.692913413, 0
vb0[144]+012 COLOR: 0.905882359, 0.313725501, 0.274509817, 0.101960786
vb0[144]+016 TEXCOORD: 0.986328125, 0.557128906
vb0[144]+000 TEXCOORD1: 0.713725507, 0.690196097, 0.478431374, 0.243137255
vb0[144]+000 TEXCOORD2: 0.713725507, 0.690196097, 0.478431374, 0.243137255
vb0[144]+000 TEXCOORD3: 0.713725507, 0.690196097, 0.478431374, 0.243137255

vb0[145]+000 POSITION: -0.65234375, 1.08789063, -0.920898438, 1
vb0[145]+008 NORMAL: -0.377952754, 0.125984251, -0.913385808, 0
vb0[145]+012 COLOR: 0.925490201, 0.313725501, 0.321568638, 0.968627453
vb0[145]+016 TEXCOORD: 0.171386719, 0.936035156
vb0[145]+000 TEXCOORD1: 0.219607845, 0.725490212, 0.352941185, 0.235294119
vb0[145]+000 TEXCOORD2: 0.219607845, 0.725490212, 0.352941185, 0.235294119
vb0[145]+000 TEXCOORD3: 0.219607845, 0.725490212, 0.352941185, 0.235294119

vb0[146]+000 POSITION: -0.517578125, 1.50585938, -0.932128906, 1
vb0[146]+008 NORMAL: -0.338582665, 0.488188982, -0.811023593, 0
vb0[146]+012 COLOR: 0.909803927, 0.290196091, 0.305882365, 0.968627453
vb0[146]+016 TEXCOORD: 0.576171875, 0.999511719
vb0[146]+000 TEXCOORD1: 0.141176477, 0.721568644, 0.0235294122, 0.243137255
vb0[146]+000 TEXCOORD2: 0.141176477, 0.721568644, 0.0235294122, 0.243137255
vb0[146]+000 TEXCOORD3: 0.141176477, 0.721568644, 0.0235294122, 0.243137255

vb0[147]+000 POSITION: -0.207397461, 1.75, -0.619140625, 1
vb0[147]+008 NORMAL: -0.14173229, 0.700787425, -0.692913413, 0
vb0[147]+012 COLOR: 0.886274517, 0.23137255, 0.329411775, 0.968627453
vb0[147]+016 TEXCOORD: 0.986328125, 0.936035156
vb0[147]+000 TEXCOORD1: 0.639215708, 0.698039234, 0, 0.247058824
vb0[147]+000 TEXCOORD2: 0.639215708, 0.698039234, 0, 0.247058824
vb0[147]+000 TEXCOORD3: 0.639215708, 0.698039234, 0, 0.247058824

vb0[148]+000 POSITION: -0.119262695, 1.78125, -0.4453125, 1
vb0[148]+008 NORMAL: 0, 0.700787425, -0.708661437, 0
vb0[148]+012 COLOR: 0.407843143, 0.800000012, 0.109803922, 0.843137264
vb0[148]+016 TEXCOORD: 0.00859832764, 0.388183594
vb0[148]+000 TEXCOORD1: 0.635294139, 0.686274529, 0.125490203, 0.247058824
vb0[148]+000 TEXCOORD2: 0.635294139, 0.686274529, 0.125490203, 0.247058824
vb0[148]+000 TEXCOORD3: 0.635294139, 0.686274529, 0.125490203, 0.247058824

vb0[149]+000 POSITION: 0.060760498, 1.21582031, -0.924804688, 1
vb0[149]+008 NORMAL: 0, 0.125984251, -0.992125988, 0
vb0[149]+012 COLOR: 0.407843143, 0.800000012, 0.109803922, 0.470588237
vb0[149]+016 TEXCOORD: 0.392333984, 0.388183594
vb0[149]+000 TEXCOORD1: 0.78039217, 0.168627456, 0.866666675, 0.235294119
vb0[149]+000 TEXCOORD2: 0.78039217, 0.168627456, 0.866666675, 0.235294119
vb0[149]+000 TEXCOORD3: 0.78039217, 0.168627456, 0.866666675, 0.235294119

vb0[150]+000 POSITION: -0.728027344, 0.998535156, -0.90234375, 1
vb0[150]+008 NORMAL: -0.377952754, 0.125984251, -0.913385808, 0
vb0[150]+012 COLOR: 0.407843143, 0.800000012, 0.109803922, 0.796078444
vb0[150]+016 TEXCOORD: 0.392333984, 0.00448608398
vb0[150]+000 TEXCOORD1: 0.827450991, 0.725490212, 0.992156863, 0.23137255
vb0[150]+000 TEXCOORD2: 0.827450991, 0.725490212, 0.992156863, 0.23137255
vb0[150]+000 TEXCOORD3: 0.827450991, 0.725490212, 0.992156863, 0.23137255

vb0[151]+000 POSITION: -0.908203125, 1.56445313, -0.422607422, 1
vb0[151]+008 NORMAL: -0.622047246, 0.488188982, -0.622047246, 0
vb0[151]+012 COLOR: 0.407843143, 0.800000012, 0.109803922, 0.78039217
vb0[151]+016 TEXCOORD: 0.00859832764, 0.00448608398
vb0[151]+000 TEXCOORD1: 0.266666681, 0.733333349, 0.258823544, 0.243137255
vb0[151]+000 TEXCOORD2: 0.266666681, 0.733333349, 0.258823544, 0.243137255
vb0[151]+000 TEXCOORD3: 0.266666681, 0.733333349, 0.258823544, 0.243137255

vb0[152]+000 POSITION: -0.0667114258, 0.620605469, 0.0343322754, 1
vb0[152]+008 NORMAL: 0, -0.291338593, -0.96062994, 0
vb0[152]+012 COLOR: 0.513725519, 0.125490203, 0.168627456, 0.333333343
vb0[152]+016 TEXCOORD: 0.592285156, 0.114440918
vb0[152]+000 TEXCOORD1: 0.270588249, 0.674509823, 0.968627453, 0.219607845
vb0[152]+000 TEXCOORD2: 0.270588249, 0.674509823, 0.968627453, 0.219607845
vb0[152]+000 TEXCOORD3: 0.270588249, 0.674509823, 0.968627453, 0.219607845

vb0[153]+000 POSITION: -0.729003906, 0.931152344, -0.349365234, 1
vb0[153]+008 NORMAL: -0.700787425, 0.125984251, -0.700787425, 0
vb0[153]+012 COLOR: 0.572549045, 0.0666666701, 0.262745112, 0.101960786
vb0[153]+016 TEXCOORD: 0.171386719, 0.557128906
vb0[153]+000 TEXCOORD1: 0.835294127, 0.725490212, 0.450980395, 0.23137255
vb0[153]+000 TEXCOORD2: 0.835294127, 0.725490212, 0.450980395, 0.23137255
vb0[153]+000 TEXCOORD3: 0.835294127, 0.725490212, 0.450980395, 0.23137255

vb0[154]+000 POSITION: 0.0848388672, 1.234375, -0.658691406, 1
vb0[154]+008 NORMAL: 0.173228353, 0.488188982, -0.858267725, 0
vb0[154]+012 COLOR: 0.58431375, 0.0509803928, 0.294117659, 0.101960786
vb0[154]+016 TEXCOORD: 0.986328125, 0.557128906
vb0[154]+000 TEXCOORD1: 0.431372553, 0.176470593, 0.941176474, 0.235294119
vb0[154]+000 TEXCOORD2: 0.431372553, 0.176470593, 0.941176474, 0.235294119
vb0[154]+000 TEXCOORD3: 0.431372553, 0.176470593, 0.941176474, 0.235294119

vb0[155]+000 POSITION: -0.764648438, 1.0078125, -0.658203125, 1
vb0[155]+008 NORMAL: -0.551181078, 0.125984251, -0.826771677, 0
vb0[155]+012 COLOR: 0.619607866, 0.0509803928, 0.321568638, 0.486274511
vb0[155]+016 TEXCOORD: 0.171386719, 0.936035156
vb0[155]+000 TEXCOORD1: 0.117647059, 0.729411781, 0.0313725509, 0.235294119
vb0[155]+000 TEXCOORD2: 0.117647059, 0.729411781, 0.0313725509, 0.235294119
vb0[155]+000 TEXCOORD3: 0.117647059, 0.729411781, 0.0313725509, 0.235294119

vb0[156]+000 POSITION: -0.53515625, 1.20800781, -0.919433594, 1
vb0[156]+008 NORMAL: -0.377952754, 0.125984251, -0.913385808, 0
vb0[156]+012 COLOR: 0.596078455, 0.0431372561, 0.325490206, 0.78039217
vb0[156]+016 TEXCOORD: 0.576171875, 0.999511719
vb0[156]+000 TEXCOORD1: 0.282352954, 0.721568644, 0.835294127, 0.235294119
vb0[156]+000 TEXCOORD2: 0.282352954, 0.721568644, 0.835294127, 0.235294119
vb0[156]+000 TEXCOORD3: 0.282352954, 0.721568644, 0.835294127, 0.235294119

vb0[157]+000 POSITION: -0.0883178711, 1.27734375, -0.931152344, 1
vb0[157]+008 NORMAL: 0, 0.125984251, -0.992125988, 0
vb0[157]+012 COLOR: 0.572549045, 0.0196078438, 0.380392164, 0.101960786
vb0[157]+016 TEXCOORD: 0.986328125, 0.936035156
vb0[157]+000 TEXCOORD1: 0.654901981, 0.678431392, 0.109803922, 0.239215687
vb0[157]+000 TEXCOORD2: 0.654901981, 0.678431392, 0.109803922, 0.239215687
vb0[157]+000 TEXCOORD3: 0.654901981, 0.678431392, 0.109803922, 0.239215687

vb0[158]+000 POSITION: -0.0667114258, 0.620605469, 0.0343322754, 1
vb0[158]+008 NORMAL: 0, -0.291338593, -0.96062994, 0
vb0[158]+012 COLOR: 0.0274509806, 0.349019617, 0.568627477, 0.333333343
vb0[158]+016 TEXCOORD: 0.592285156, 0.114440918
vb0[158]+000 TEXCOORD1: 0.270588249, 0.674509823, 0.968627453, 0.219607845
vb0[158]+000 TEXCOORD2: 0.270588249, 0.674509823, 0.968627453, 0.219607845
vb0[158]+000 TEXCOORD3: 0.270588249, 0.674509823, 0.968627453, 0.219607845

vb0[159]+000 POSITION: -0.339599609, 1.37402344, -0.160644531, 1
vb0[159]+008 NORMAL: -0.275590539, 0.700787425, -0.653543293, 0
vb0[159]+012 COLOR: 0.0470588244, 0.31764707, 0.607843161, 0.101960786
vb0[159]+016 TEXCOORD: 0.171386719, 0.557128906
vb0[159]+000 TEXCOORD1: 0.435294122, 0.709803939, 0.498039216, 0.239215687
vb0[159]+000 TEXCOORD2: 0.435294122, 0.709803939, 0.498039216, 0.239215687
vb0[159]+000 TEXCOORD3: 0.435294122, 0.709803939, 0.498039216, 0.239215687

vb0[160]+000 POSITION: -0.20703125, 0.687011719, -0.760253906, 1
vb0[160]+008 NORMAL: -0.188976377, -0.181102365, -0.968503952, 0
vb0[160]+012 COLOR: 0.0666666701, 0.309803933, 0.662745118, 0.313725501
vb0[160]+016 TEXCOORD: 0.986328125, 0.557128906
vb0[160]+000 TEXCOORD1: 0.627451003, 0.698039234, 0.498039216, 0.223529413
vb0[160]+000 TEXCOORD2: 0.627451003, 0.698039234, 0.498039216, 0.223529413
vb0[160]+000 TEXCOORD3: 0.627451003, 0.698039234, 0.498039216, 0.223529413

vb0[161]+000 POSITION: -0.608398438, 1.5234375, -0.739746094, 1
vb0[161]+008 NORMAL: -0.338582665, 0.488188982, -0.811023593, 0
vb0[161]+012 COLOR: 0.0784313753, 0.294117659, 0.666666687, 0.937254906
vb0[161]+016 TEXCOORD: 0.171386719, 0.936035156
vb0[161]+000 TEXCOORD1: 0.870588243, 0.721568644, 0.0941176489, 0.243137255
vb0[161]+000 TEXCOORD2: 0.870588243, 0.721568644, 0.0941176489, 0.243137255
vb0[161]+000 TEXCOORD3: 0.870588243, 0.721568644, 0.0941176489, 0.243137255

vb0[162]+000 POSITION: -0.53515625, 1.20800781, -0.919433594, 1
vb0[162]+008 NORMAL: -0.377952754, 0.125984251, -0.913385808, 0
vb0[162]+012 COLOR: 0.0901960805, 0.305882365, 0.713725507, 0.78039217
vb0[162]+016 TEXCOORD: 0.576171875, 0.999511719
vb0[162]+000 TEXCOORD1: 0.282352954, 0.721568644, 0.835294127, 0.235294119
vb0[162]+000 TEXCOORD2: 0.282352954, 0.721568644, 0.835294127, 0.235294119
vb0[162]+000 TEXCOORD3: 0.282352954, 0.721568644, 0.835294127, 0.235294119

vb0[163]+000 POSITION: -0.426513672, 0.869628906, -0.993164063, 1
vb0[163]+008 NORMAL: -0.196850389, 0.125984251, -0.976377964, 0
vb0[163]+012 COLOR: 0.0980392173, 0.31764707, 0.737254918, 0.858823538
vb0[163]+016 TEXCOORD: 0.986328125, 0.936035156
vb0[163]+000 TEXCOORD1: 0.827450991, 0.713725507, 0.960784316, 0.227450982
vb0[163]+000 TEXCOORD2: 0.827450991, 0.713725507, 0.960784316, 0.227450982
vb0[163]+000 TEXCOORD3: 0.827450991, 0.713725507, 0.960784316, 0.227450982

vb0[164]+000 POSITION: -0.457275391, 1.30957031, -0.795898438, 1
vb0[164]+008 NORMAL: -0.338582665, 0.488188982, -0.811023593, 0
vb0[164]+012 COLOR: 0.125490203, 0.709803939, 0.243137255, 0.329411775
vb0[164]+016 TEXCOORD: 0.00859832764, 0.388183594
vb0[164]+000 TEXCOORD1: 0.31764707, 0.717647076, 0.239215687, 0.239215687
vb0[164]+000 TEXCOORD2: 0.31764707, 0.717647076, 0.239215687, 0.239215687
vb0[164]+000 TEXCOORD3: 0.31764707, 0.717647076, 0.239215687, 0.239215687

vb0[165]+000 POSITION: -0.868164063, 0.796386719, -0.613769531, 1
vb0[165]+008 NORMAL: -0.543307066, -0.181102365, -0.818897665, 0
vb0[165]+012 COLOR: 0.125490203, 0.709803939, 0.243137255, 0.545098066
vb0[165]+016 TEXCOORD: 0.392333984, 0.388183594
vb0[165]+000 TEXCOORD1: 0.949019611, 0.729411781, 0.372549027, 0.227450982
vb0[165]+000 TEXCOORD2: 0.949019611, 0.729411781, 0.372549027, 0.227450982
vb0[165]+000 TEXCOORD3: 0.949019611, 0.729411781, 0.372549027, 0.227450982

vb0[166]+000 POSITION: -1.08496094, 1.11230469, -0.0351867676, 1
vb0[166]+008 NORMAL: -0.913385808, 0.125984251, -0.377952754, 0
vb0[166]+012 COLOR: 0.125490203, 0.709803939, 0.243137255, 0.858823538
vb0[166]+016 TEXCOORD: 0.392333984, 0.00448608398
vb0[166]+000 TEXCOORD1: 0.34117648, 0.737254918, 0.450980395, 0.235294119
vb0[166]+000 TEXCOORD2: 0.34117648, 0.737254918, 0.450980395, 0.235294119
vb0[166]+000 TEXCOORD3: 0.34117648, 0.737254918, 0.450980395, 0.235294119

vb0[167]+000 POSITION: -0.673828125, 1.62597656, -0.217407227, 1
vb0[167]+008 NORMAL: -0.503937006, 0.700787425, -0.503937006, 0
vb0[167]+012 COLOR: 0.125490203, 0.709803939, 0.243137255, 0.313725501
vb0[167]+016 TEXCOORD: 0.00859832764, 0.00448608398
vb0[167]+000 TEXCOORD1: 0.392156869, 0.725490212, 0.505882382, 0.243137255
vb0[167]+000 TEXCOORD2: 0.392156869, 0.725490212, 0.505882382, 0.243137255
vb0[167]+000 TEXCOORD3: 0.392156869, 0.725490212, 0.505882382, 0.243137255

vb0[168]+000 POSITION: -0.114013672, 0.617675781, 0.0358276367, 1
vb0[168]+008 NORMAL: -0.188976377, -0.291338593, -0.937007844, 0
vb0[168]+012 COLOR: 0.141176477, 0.41568628, 0.839215696, 0.749019623
vb0[168]+016 TEXCOORD: 0.592285156, 0.114440918
vb0[168]+000 TEXCOORD1: 0.298039228, 0.686274529, 0.945098042, 0.219607845
vb0[168]+000 TEXCOORD2: 0.298039228, 0.686274529, 0.945098042, 0.219607845
vb0[168]+000 TEXCOORD3: 0.298039228, 0.686274529, 0.945098042, 0.219607845

vb0[169]+000 POSITION: -0.373046875, 1.4140625, -0.044921875, 1
vb0[169]+008 NORMAL: -0.393700778, 0.700787425, -0.590551198, 0
vb0[169]+012 COLOR: 0.172549024, 0.384313732, 0.862745106, 0.101960786
vb0[169]+016 TEXCOORD: 0.171386719, 0.557128906
vb0[169]+000 TEXCOORD1: 0.972549021, 0.709803939, 0.65882355, 0.239215687
vb0[169]+000 TEXCOORD2: 0.972549021, 0.709803939, 0.65882355, 0.239215687
vb0[169]+000 TEXCOORD3: 0.972549021, 0.709803939, 0.65882355, 0.239215687

vb0[170]+000 POSITION: -0.700195313, 0.695800781, -0.566894531, 1
vb0[170]+008 NORMAL: -0.543307066, -0.181102365, -0.818897665, 0
vb0[170]+012 COLOR: 0.219607845, 0.376470596, 0.894117653, 0.43921569
vb0[170]+016 TEXCOORD: 0.986328125, 0.557128906
vb0[170]+000 TEXCOORD1: 0.603921592, 0.725490212, 0.568627477, 0.223529413
vb0[170]+000 TEXCOORD2: 0.603921592, 0.725490212, 0.568627477, 0.223529413
vb0[170]+000 TEXCOORD3: 0.603921592, 0.725490212, 0.568627477, 0.223529413

vb0[171]+000 POSITION: -0.928222656, 1.59277344, -0.401855469, 1
vb0[171]+008 NORMAL: -0.622047246, 0.488188982, -0.622047246, 0
vb0[171]+012 COLOR: 0.227450982, 0.356862754, 0.894117653, 0.968627453
vb0[171]+016 TEXCOORD: 0.171386719, 0.936035156
vb0[171]+000 TEXCOORD1: 0.427450985, 0.733333349, 0.372549027, 0.243137255
vb0[171]+000 TEXCOORD2: 0.427450985, 0.733333349, 0.372549027, 0.243137255
vb0[171]+000 TEXCOORD3: 0.427450985, 0.733333349, 0.372549027, 0.243137255

vb0[172]+000 POSITION: -1.01171875, 1.26171875, -0.566894531, 1
vb0[172]+008 NORMAL: -0.700787425, 0.125984251, -0.700787425, 0
vb0[172]+012 COLOR: 0.266666681, 0.372549027, 0.921568632, 0.733333349
vb0[172]+016 TEXCOORD: 0.576171875, 0.999511719
vb0[172]+000 TEXCOORD1: 0.0470588244, 0.737254918, 0.0470588244, 0.239215687
vb0[172]+000 TEXCOORD2: 0.0470588244, 0.737254918, 0.0470588244, 0.239215687
vb0[172]+000 TEXCOORD3: 0.0470588244, 0.737254918, 0.0470588244, 0.239215687

vb0[173]+000 POSITION: -1.00292969, 0.905273438, -0.659667969, 1
vb0[173]+008 NORMAL: -0.700787425, 0.125984251, -0.700787425, 0
vb0[173]+012 COLOR: 0.286274523, 0.380392164, 0.937254906, 0.43921569
vb0[173]+016 TEXCOORD: 0.986328125, 0.936035156
vb0[173]+000 TEXCOORD1: 0.0117647061, 0.737254918, 0.243137255, 0.23137255
vb0[173]+000 TEXCOORD2: 0.0117647061, 0.737254918, 0.243137255, 0.23137255
vb0[173]+000 TEXCOORD3: 0.0117647061, 0.737254918, 0.243137255, 0.23137255

vb0[174]+000 POSITION: -0.112792969, 0.618652344, 0.0365905762, 1
vb0[174]+008 NORMAL: -0.188976377, -0.291338593, -0.937007844, 0
vb0[174]+012 COLOR: 0.137254909, 0.156862751, 0.490196079, 0.729411781
vb0[174]+016 TEXCOORD: 0.592285156, 0.114440918
vb0[174]+000 TEXCOORD1: 0.219607845, 0.686274529, 0.952941179, 0.219607845
vb0[174]+000 TEXCOORD2: 0.219607845, 0.686274529, 0.952941179, 0.219607845
vb0[174]+000 TEXCOORD3: 0.219607845, 0.686274529, 0.952941179, 0.219607845

vb0[175]+000 POSITION: -0.620605469, 1.15234375, 0.255615234, 1
vb0[175]+008 NORMAL: -0.858267725, 0.488188982, -0.173228353, 0
vb0[175]+012 COLOR: 0.23137255, 0.0784313753, 0.501960814, 0.156862751
vb0[175]+016 TEXCOORD: 0.171386719, 0.557128906
vb0[175]+000 TEXCOORD1: 0.968627453, 0.721568644, 0.611764729, 0.235294119
vb0[175]+000 TEXCOORD2: 0.968627453, 0.721568644, 0.611764729, 0.235294119
vb0[175]+000 TEXCOORD3: 0.968627453, 0.721568644, 0.611764729, 0.235294119

vb0[176]+000 POSITION: -0.549804688, 1.10644531, -0.609863281, 1
vb0[176]+008 NORMAL: -0.377952754, 0.125984251, -0.913385808, 0
vb0[176]+012 COLOR: 0.262745112, 0.0627451017, 0.509803951, 0.101960786
vb0[176]+016 TEXCOORD: 0.986328125, 0.557128906
vb0[176]+000 TEXCOORD1: 0.400000006, 0.721568644, 0.427450985, 0.235294119
vb0[176]+000 TEXCOORD2: 0.400000006, 0.721568644, 0.427450985, 0.235294119
vb0[176]+000 TEXCOORD3: 0.400000006, 0.721568644, 0.427450985, 0.235294119

vb0[177]+000 POSITION: -0.895996094, 1.24023438, 0.126953125, 1
vb0[177]+008 NORMAL: -0.811023593, 0.488188982, -0.338582665, 0
vb0[177]+012 COLOR: 0.298039228, 0.0431372561, 0.490196079, 0.545098066
vb0[177]+016 TEXCOORD: 0.171386719, 0.936035156
vb0[177]+000 TEXCOORD1: 0.168627456, 0.733333349, 0.964705884, 0.235294119
vb0[177]+000 TEXCOORD2: 0.168627456, 0.733333349, 0.964705884, 0.235294119
vb0[177]+000 TEXCOORD3: 0.168627456, 0.733333349, 0.964705884, 0.235294119

vb0[178]+000 POSITION: -1.00878906, 1.33007813, -0.234130859, 1
vb0[178]+008 NORMAL: -0.724409461, 0.488188982, -0.488188982, 0
vb0[178]+012 COLOR: 0.290196091, 0.0470588244, 0.517647088, 0.819607854
vb0[178]+016 TEXCOORD: 0.576171875, 0.999511719
vb0[178]+000 TEXCOORD1: 0.0352941193, 0.737254918, 0.321568638, 0.239215687
vb0[178]+000 TEXCOORD2: 0.0352941193, 0.737254918, 0.321568638, 0.239215687
vb0[178]+000 TEXCOORD3: 0.0352941193, 0.737254918, 0.321568638, 0.239215687

vb0[179]+000 POSITION: -0.84765625, 1.21777344, -0.605957031, 1
vb0[179]+008 NORMAL: -0.551181078, 0.125984251, -0.826771677, 0
vb0[179]+012 COLOR: 0.325490206, 0.0352941193, 0.564705908, 0.576470613
vb0[179]+016 TEXCOORD: 0.986328125, 0.936035156
vb0[179]+000 TEXCOORD1: 0.784313738, 0.729411781, 0.874509811, 0.235294119
vb0[179]+000 TEXCOORD2: 0.784313738, 0.729411781, 0.874509811, 0.235294119
vb0[179]+000 TEXCOORD3: 0.784313738, 0.729411781, 0.874509811, 0.235294119

vb0[180]+000 POSITION: -0.112792969, 0.618652344, 0.0365905762, 1
vb0[180]+008 NORMAL: -0.188976377, -0.291338593, -0.937007844, 0
vb0[180]+012 COLOR: 0.36470589, 0.596078455, 0.972549021, 0.729411781
vb0[180]+016 TEXCOORD: 0.592285156, 0.114440918
vb0[180]+000 TEXCOORD1: 0.219607845, 0.686274529, 0.952941179, 0.219607845
vb0[180]+000 TEXCOORD2: 0.219607845, 0.686274529, 0.952941179, 0.219607845
vb0[180]+000 TEXCOORD3: 0.219607845, 0.686274529, 0.952941179, 0.219607845

vb0[181]+000 POSITION: -0.212524414, 1.37695313, -0.145507813, 1
vb0[181]+008 NORMAL: -0.275590539, 0.700787425, -0.653543293, 0
vb0[181]+012 COLOR: 0.400000006, 0.56078434, 0.984313726, 0.101960786
vb0[181]+016 TEXCOORD: 0.171386719, 0.557128906
vb0[181]+000 TEXCOORD1: 0.80392158, 0.698039234, 0.509803951, 0.239215687
vb0[181]+000 TEXCOORD2: 0.80392158, 0.698039234, 0.509803951, 0.239215687
vb0[181]+000 TEXCOORD3: 0.80392158, 0.698039234, 0.509803951, 0.239215687

vb0[182]+000 POSITION: -0.869140625, 0.751464844, -0.203979492, 1
vb0[182]+008 NORMAL: -0.818897665, -0.181102365, -0.543307066, 0
vb0[182]+012 COLOR: 0.450980395, 0.545098066, 0.996078432, 0.513725519
vb0[182]+016 TEXCOORD: 0.986328125, 0.557128906
vb0[182]+000 TEXCOORD1: 0.956862748, 0.729411781, 0.0117647061, 0.227450982
vb0[182]+000 TEXCOORD2: 0.956862748, 0.729411781, 0.0117647061, 0.227450982
vb0[182]+000 TEXCOORD3: 0.956862748, 0.729411781, 0.0117647061, 0.227450982

vb0[183]+000 POSITION: -0.797851563, 1.62597656, -0.237060547, 1
vb0[183]+008 NORMAL: -0.503937006, 0.700787425, -0.503937006, 0
vb0[183]+012 COLOR: 0.454901963, 0.521568656, 0.996078432, 0.623529434
vb0[183]+016 TEXCOORD: 0.171386719, 0.936035156
vb0[183]+000 TEXCOORD1: 0.384313732, 0.729411781, 0.505882382, 0.243137255
vb0[183]+000 TEXCOORD2: 0.384313732, 0.729411781, 0.505882382, 0.243137255
vb0[183]+000 TEXCOORD3: 0.384313732, 0.729411781, 0.505882382, 0.243137255

vb0[184]+000 POSITION: -1.00878906, 1.33007813, -0.234130859, 1
vb0[184]+008 NORMAL: -0.724409461, 0.488188982, -0.488188982, 0
vb0[184]+012 COLOR: 0.501960814, 0.525490224, 1, 0.819607854
vb0[184]+016 TEXCOORD: 0.576171875, 0.999511719
vb0[184]+000 TEXCOORD1: 0.0352941193, 0.737254918, 0.321568638, 0.239215687
vb0[184]+000 TEXCOORD2: 0.0352941193, 0.737254918, 0.321568638, 0.239215687
vb0[184]+000 TEXCOORD3: 0.0352941193, 0.737254918, 0.321568638, 0.239215687

vb0[185]+000 POSITION: -1.11523438, 1, -0.206542969, 1
vb0[185]+008 NORMAL: -0.826771677, 0.125984251, -0.551181078, 0
vb0[185]+012 COLOR: 0.529411793, 0.533333361, 1, 0.811764717
vb0[185]+016 TEXCOORD: 0.986328125, 0.936035156
vb0[185]+000 TEXCOORD1: 0.4627451, 0.737254918, 0, 0.235294119
vb0[185]+000 TEXCOORD2: 0.4627451, 0.737254918, 0, 0.235294119
vb0[185]+000 TEXCOORD3: 0.4627451, 0.737254918, 0, 0.235294119

vb0[186]+000 POSITION: -0.122619629, 0.616699219, 0.0793457031, 1
vb0[186]+008 NORMAL: -0.188976377, -0.291338593, -0.937007844, 0
vb0[186]+012 COLOR: 0.160784319, 0.13333334, 0.509803951, 0.454901963
vb0[186]+016 TEXCOORD: 0.592285156, 0.114440918
vb0[186]+000 TEXCOORD1: 0.850980401, 0.686274529, 0.937254906, 0.219607845
vb0[186]+000 TEXCOORD2: 0.850980401, 0.686274529, 0.937254906, 0.219607845
vb0[186]+000 TEXCOORD3: 0.850980401, 0.686274529, 0.937254906, 0.219607845

vb0[187]+000 POSITION: -0.470214844, 0.958496094, 0.801757813, 1
vb0[187]+008 NORMAL: -0.700787425, 0.125984251, 0.700787425, 0
vb0[187]+012 COLOR: 0.243137255, 0.0745098069, 0.443137258, 0.701960802
vb0[187]+016 TEXCOORD: 0.171386719, 0.557128906
vb0[187]+000 TEXCOORD1: 0.525490224, 0.717647076, 0.670588255, 0.23137255
vb0[187]+000 TEXCOORD2: 0.525490224, 0.717647076, 0.670588255, 0.23137255
vb0[187]+000 TEXCOORD3: 0.525490224, 0.717647076, 0.670588255, 0.23137255

vb0[188]+000 POSITION: -0.875, 1.30957031, -0.00442886353, 1
vb0[188]+008 NORMAL: -0.811023593, 0.488188982, -0.338582665, 0
vb0[188]+012 COLOR: 0.274509817, 0.0588235296, 0.427450985, 0.101960786
vb0[188]+016 TEXCOORD: 0.986328125, 0.557128906
vb0[188]+000 TEXCOORD1: 0, 0.733333349, 0.239215687, 0.239215687
vb0[188]+000 TEXCOORD2: 0, 0.733333349, 0.239215687, 0.239215687
vb0[188]+000 TEXCOORD3: 0, 0.733333349, 0.239215687, 0.239215687

vb0[189]+000 POSITION: -0.806152344, 1.0546875, 0.868652344, 1
vb0[189]+008 NORMAL: -0.826771677, 0.125984251, 0.551181078, 0
vb0[189]+012 COLOR: 0.298039228, 0.0588235296, 0.388235301, 0.968627453
vb0[189]+016 TEXCOORD: 0.171386719, 0.936035156
vb0[189]+000 TEXCOORD1: 0.450980395, 0.729411781, 0.219607845, 0.235294119
vb0[189]+000 TEXCOORD2: 0.450980395, 0.729411781, 0.219607845, 0.235294119
vb0[189]+000 TEXCOORD3: 0.450980395, 0.729411781, 0.219607845, 0.235294119

vb0[190]+000 POSITION: -1.10839844, 1.28417969, 0.659179688, 1
vb0[190]+008 NORMAL: -0.858267725, 0.488188982, 0.173228353, 0
vb0[190]+012 COLOR: 0.301960796, 0.0470588244, 0.411764711, 0.968627453
vb0[190]+016 TEXCOORD: 0.576171875, 0.999511719
vb0[190]+000 TEXCOORD1: 0.435294122, 0.737254918, 0.137254909, 0.239215687
vb0[190]+000 TEXCOORD2: 0.435294122, 0.737254918, 0.137254909, 0.239215687
vb0[190]+000 TEXCOORD3: 0.435294122, 0.737254918, 0.137254909, 0.239215687

vb0[191]+000 POSITION: -1.15917969, 1.36523438, 0.200317383, 1
vb0[191]+008 NORMAL: -0.858267725, 0.488188982, -0.173228353, 0
vb0[191]+012 COLOR: 0.356862754, 0.0274509806, 0.431372553, 0.968627453
vb0[191]+016 TEXCOORD: 0.986328125, 0.936035156
vb0[191]+000 TEXCOORD1: 0.639215708, 0.737254918, 0.4627451, 0.239215687
vb0[191]+000 TEXCOORD2: 0.639215708, 0.737254918, 0.4627451, 0.239215687
vb0[191]+000 TEXCOORD3: 0.639215708, 0.737254918, 0.4627451, 0.239215687

vb0[192]+000 POSITION: -0.98828125, 1.40625, 0.0166168213, 1
vb0[192]+008 NORMAL: -0.811023593, 0.488188982, -0.338582665, 0
vb0[192]+012 COLOR: 0.113725491, 0.70588237, 0.741176486, 0.858823538
vb0[192]+016 TEXCOORD: 0.00859832764, 0.388183594
vb0[192]+000 TEXCOORD1: 0.909803927, 0.733333349, 0.627451003, 0.239215687
vb0[192]+000 TEXCOORD2: 0.909803927, 0.733333349, 0.627451003, 0.239215687
vb0[192]+000 TEXCOORD3: 0.909803927, 0.733333349, 0.627451003, 0.239215687

vb0[193]+000 POSITION: -1.06640625, 0.818359375, 0.389160156, 1
vb0[193]+008 NORMAL: -0.984251976, -0.181102365, 0, 0
vb0[193]+012 COLOR: 0.113725491, 0.70588237, 0.741176486, 0.968627453
vb0[193]+016 TEXCOORD: 0.392333984, 0.388183594
vb0[193]+000 TEXCOORD1: 0.266666681, 0.737254918, 0.549019635, 0.227450982
vb0[193]+000 TEXCOORD2: 0.266666681, 0.737254918, 0.549019635, 0.227450982
vb0[193]+000 TEXCOORD3: 0.266666681, 0.737254918, 0.549019635, 0.227450982

vb0[194]+000 POSITION: -0.605957031, 1.05957031, 0.918945313, 1
vb0[194]+008 NORMAL: -0.700787425, 0.125984251, 0.700787425, 0
vb0[194]+012 COLOR: 0.113725491, 0.70588237, 0.741176486, 0.937254906
vb0[194]+016 TEXCOORD: 0.392333984, 0.00448608398
vb0[194]+000 TEXCOORD1: 0.850980401, 0.721568644, 0.239215687, 0.235294119
vb0[194]+000 TEXCOORD2: 0.850980401, 0.721568644, 0.239215687, 0.235294119
vb0[194]+000 TEXCOORD3: 0.850980401, 0.721568644, 0.239215687, 0.235294119

vb0[195]+000 POSITION: -0.527832031, 1.64746094, 0.546386719, 1
vb0[195]+008 NORMAL: -0.551181078, 0.826771677, 0.11023622, 0
vb0[195]+012 COLOR: 0.113725491, 0.70588237, 0.741176486, 0.890196085
vb0[195]+016 TEXCOORD: 0.00859832764, 0.00448608398
vb0[195]+000 TEXCOORD1: 0.223529413, 0.721568644, 0.592156887, 0.243137255
vb0[195]+000 TEXCOORD2: 0.223529413, 0.721568644, 0.592156887, 0.243137255
vb0[195]+000 TEXCOORD3: 0.223529413, 0.721568644, 0.592156887, 0.243137255

vb0[196]+000 POSITION: -0.0792236328, 0.623046875, 0.0793457031, 1
vb0[196]+008 NORMAL: -0.188976377, -0.291338593, -0.937007844, 0
vb0[196]+012 COLOR: 0.600000024, 0.34117648, 0.964705884, 0.141176477
vb0[196]+016 TEXCOORD: 0.592285156, 0.114440918
vb0[196]+000 TEXCOORD1: 0.0705882385, 0.678431392, 0.988235295, 0.219607845
vb0[196]+000 TEXCOORD2: 0.0705882385, 0.678431392, 0.988235295, 0.219607845
vb0[196]+000 TEXCOORD3: 0.0705882385, 0.678431392, 0.988235295, 0.219607845

vb0[197]+000 POSITION: -0.229492188, 1.4375, 0.387207031, 1
vb0[197]+008 NORMAL: -0.385826766, 0.92125982, 0, 0
vb0[197]+012 COLOR: 0.643137276, 0.301960796, 0.933333337, 0.101960786
vb0[197]+016 TEXCOORD: 0.171386719, 0.557128906
vb0[197]+000 TEXCOORD1: 0.345098048, 0.701960802, 0.752941191, 0.239215687
vb0[197]+000 TEXCOORD2: 0.345098048, 0.701960802, 0.752941191, 0.239215687
vb0[197]+000 TEXCOORD3: 0.345098048, 0.701960802, 0.752941191, 0.239215687

vb0[198]+000 POSITION: -0.947265625, 0.728027344, 0.300048828, 1
vb0[198]+008 NORMAL: -0.968503952, -0.181102365, -0.188976377, 0
vb0[198]+012 COLOR: 0.670588255, 0.290196091, 0.921568632, 0.890196085
vb0[198]+016 TEXCOORD: 0.986328125, 0.557128906
vb0[198]+000 TEXCOORD1: 0.580392182, 0.733333349, 0.827450991, 0.223529413
vb0[198]+000 TEXCOORD2: 0.580392182, 0.733333349, 0.827450991, 0.223529413
vb0[198]+000 TEXCOORD3: 0.580392182, 0.733333349, 0.827450991, 0.223529413

vb0[199]+000 POSITION: -0.784179688, 1.55566406, 0.720703125, 1
vb0[199]+008 NORMAL: -0.653543293, 0.700787425, 0.275590539, 0
vb0[199]+012 COLOR: 0.662745118, 0.262745112, 0.909803927, 0.968627453
vb0[199]+016 TEXCOORD: 0.171386719, 0.936035156
vb0[199]+000 TEXCOORD1: 0.274509817, 0.729411781, 0.223529413, 0.243137255
vb0[199]+000 TEXCOORD2: 0.274509817, 0.729411781, 0.223529413, 0.243137255
vb0[199]+000 TEXCOORD3: 0.274509817, 0.729411781, 0.223529413, 0.243137255

vb0[200]+000 POSITION: -1.06542969, 1.29003906, 0.659179688, 1
vb0[200]+008 NORMAL: -0.858267725, 0.488188982, 0.173228353, 0
vb0[200]+012 COLOR: 0.694117665, 0.282352954, 0.905882359, 0.827450991
vb0[200]+016 TEXCOORD: 0.576171875, 0.999511719
vb0[200]+000 TEXCOORD1: 0.262745112, 0.737254918, 0.160784319, 0.239215687
vb0[200]+000 TEXCOORD2: 0.262745112, 0.737254918, 0.160784319, 0.239215687
vb0[200]+000 TEXCOORD3: 0.262745112, 0.737254918, 0.160784319, 0.239215687

vb0[201]+000 POSITION: -1.17480469, 0.931640625, 0.550292969, 1
vb0[201]+008 NORMAL: -0.976377964, 0.125984251, 0.196850389, 0
vb0[201]+012 COLOR: 0.749019623, 0.305882365, 0.886274517, 0.968627453
vb0[201]+016 TEXCOORD: 0.986328125, 0.936035156
vb0[201]+000 TEXCOORD1: 0.701960802, 0.737254918, 0.454901963, 0.23137255
vb0[201]+000 TEXCOORD2: 0.701960802, 0.737254918, 0.454901963, 0.23137255
vb0[201]+000 TEXCOORD3: 0.701960802, 0.737254918, 0.454901963, 0.23137255

vb0[202]+000 POSITION: -0.903808594, 1.16796875, 0.350585938, 1
vb0[202]+008 NORMAL: -0.874015749, 0.488188982, 0, 0
vb0[202]+012 COLOR: 0.254901975, 0.639215708, 0.913725495, 0.101960786
vb0[202]+016 TEXCOORD: 0.00859832764, 0.388183594
vb0[202]+000 TEXCOORD1: 0.23137255, 0.733333349, 0.674509823, 0.235294119
vb0[202]+000 TEXCOORD2: 0.23137255, 0.733333349, 0.674509823, 0.235294119
vb0[202]+000 TEXCOORD3: 0.23137255, 0.733333349, 0.674509823, 0.235294119

vb0[203]+000 POSITION: -0.670410156, 0.675292969, 0.653808594, 1
vb0[203]+008 NORMAL: -0.88188976, -0.291338593, 0.370078743, 0
vb0[203]+012 COLOR: 0.254901975, 0.639215708, 0.913725495, 0.843137264
vb0[203]+016 TEXCOORD: 0.392333984, 0.388183594
vb0[203]+000 TEXCOORD1: 0.36470589, 0.725490212, 0.403921574, 0.223529413
vb0[203]+000 TEXCOORD2: 0.36470589, 0.725490212, 0.403921574, 0.223529413
vb0[203]+000 TEXCOORD3: 0.36470589, 0.725490212, 0.403921574, 0.223529413

vb0[204]+000 POSITION: -0.137207031, 0.990234375, 0.866210938, 1
vb0[204]+008 NORMAL: -0.196850389, 0.125984251, 0.976377964, 0
vb0[204]+012 COLOR: 0.254901975, 0.639215708, 0.913725495, 0.670588255
vb0[204]+016 TEXCOORD: 0.392333984, 0.00448608398
vb0[204]+000 TEXCOORD1: 0.392156869, 0.690196097, 0.925490201, 0.23137255
vb0[204]+000 TEXCOORD2: 0.392156869, 0.690196097, 0.925490201, 0.23137255
vb0[204]+000 TEXCOORD3: 0.392156869, 0.690196097, 0.925490201, 0.23137255

vb0[205]+000 POSITION: -0.370361328, 1.48242188, 0.562988281, 1
vb0[205]+008 NORMAL: -0.51968503, 0.826771677, 0.212598428, 0
vb0[205]+012 COLOR: 0.254901975, 0.639215708, 0.913725495, 0.376470596
vb0[205]+016 TEXCOORD: 0.00859832764, 0.00448608398
vb0[205]+000 TEXCOORD1: 0.929411769, 0.709803939, 0.933333337, 0.239215687
vb0[205]+000 TEXCOORD2: 0.929411769, 0.709803939, 0.933333337, 0.239215687
vb0[205]+000 TEXCOORD3: 0.929411769, 0.709803939, 0.933333337, 0.239215687

vb0[206]+000 POSITION: -0.0628051758, 0.62109375, -0.0560913086, 1
vb0[206]+008 NORMAL: 0, -0.291338593, -0.96062994, 0
vb0[206]+012 COLOR: 0.843137264, 0.407843143, 0.854901969, 0.337254912
vb0[206]+016 TEXCOORD: 0.592285156, 0.114440918
vb0[206]+000 TEXCOORD1: 0.0196078438, 0.674509823, 0.972549021, 0.219607845
vb0[206]+000 TEXCOORD2: 0.0196078438, 0.674509823, 0.972549021, 0.219607845
vb0[206]+000 TEXCOORD3: 0.0196078438, 0.674509823, 0.972549021, 0.219607845

vb0[207]+000 POSITION: -0.202148438, 1.32128906, 0.261230469, 1
vb0[207]+008 NORMAL: -0.275590539, 0.92125982, -0.275590539, 0
vb0[207]+012 COLOR: 0.866666675, 0.384313732, 0.819607854, 0.101960786
vb0[207]+016 TEXCOORD: 0.171386719, 0.557128906
vb0[207]+000 TEXCOORD1: 0.470588237, 0.698039234, 0.286274523, 0.239215687
vb0[207]+000 TEXCOORD2: 0.470588237, 0.698039234, 0.286274523, 0.239215687
vb0[207]+000 TEXCOORD3: 0.470588237, 0.698039234, 0.286274523, 0.239215687

vb0[208]+000 POSITION: -0.628417969, 0.594726563, 0.485107422, 1
vb0[208]+008 NORMAL: -0.937007844, -0.291338593, 0.188976377, 0
vb0[208]+012 COLOR: 0.90196079, 0.380392164, 0.772549033, 0.78039217
vb0[208]+016 TEXCOORD: 0.986328125, 0.557128906
vb0[208]+000 TEXCOORD1: 0.0274509806, 0.725490212, 0.760784328, 0.219607845
vb0[208]+000 TEXCOORD2: 0.0274509806, 0.725490212, 0.760784328, 0.219607845
vb0[208]+000 TEXCOORD3: 0.0274509806, 0.725490212, 0.760784328, 0.219607845

vb0[209]+000 POSITION: -0.542480469, 1.41015625, 0.780273438, 1
vb0[209]+008 NORMAL: -0.590551198, 0.700787425, 0.393700778, 0
vb0[209]+012 COLOR: 0.90196079, 0.36470589, 0.760784328, 0.874509811
vb0[209]+016 TEXCOORD: 0.171386719, 0.936035156
vb0[209]+000 TEXCOORD1: 0.34117648, 0.721568644, 0.643137276, 0.239215687
vb0[209]+000 TEXCOORD2: 0.34117648, 0.721568644, 0.643137276, 0.239215687
vb0[209]+000 TEXCOORD3: 0.34117648, 0.721568644, 0.643137276, 0.239215687

vb0[210]+000 POSITION: -0.668457031, 1.08691406, 0.821777344, 1
vb0[210]+008 NORMAL: -0.826771677, 0.125984251, 0.551181078, 0
vb0[210]+012 COLOR: 0.933333337, 0.380392164, 0.721568644, 0.670588255
vb0[210]+016 TEXCOORD: 0.576171875, 0.999511719
vb0[210]+000 TEXCOORD1: 0.349019617, 0.725490212, 0.349019617, 0.235294119
vb0[210]+000 TEXCOORD2: 0.349019617, 0.725490212, 0.349019617, 0.235294119
vb0[210]+000 TEXCOORD3: 0.349019617, 0.725490212, 0.349019617, 0.235294119

vb0[211]+000 POSITION: -0.725585938, 0.753417969, 0.777832031, 1
vb0[211]+008 NORMAL: -0.818897665, -0.181102365, 0.543307066, 0
vb0[211]+012 COLOR: 0.945098042, 0.396078438, 0.70588237, 0.937254906
vb0[211]+016 TEXCOORD: 0.986328125, 0.936035156
vb0[211]+000 TEXCOORD1: 0.807843149, 0.725490212, 0.0274509806, 0.227450982
vb0[211]+000 TEXCOORD2: 0.807843149, 0.725490212, 0.0274509806, 0.227450982
vb0[211]+000 TEXCOORD3: 0.807843149, 0.725490212, 0.0274509806, 0.227450982

vb0[212]+000 POSITION: -0.0618896484, 0.620117188, -0.0570678711, 1
vb0[212]+008 NORMAL: 0, -0.291338593, -0.96062994, 0
vb0[212]+012 COLOR: 0.313725501, 0.117647059, 0.760784328, 0.321568638
vb0[212]+016 TEXCOORD: 0.592285156, 0.114440918
vb0[212]+000 TEXCOORD1: 0.925490201, 0.670588255, 0.964705884, 0.219607845
vb0[212]+000 TEXCOORD2: 0.925490201, 0.670588255, 0.964705884, 0.219607845
vb0[212]+000 TEXCOORD3: 0.925490201, 0.670588255, 0.964705884, 0.219607845

vb0[213]+000 POSITION: 0.411376953, 0.80859375, 0.553710938, 1
vb0[213]+008 NORMAL: 0.905511796, -0.181102365, 0.377952754, 0
vb0[213]+012 COLOR: 0.290196091, 0.0705882385, 0.647058845, 0.423529416
vb0[213]+016 TEXCOORD: 0.171386719, 0.557128906
vb0[213]+000 TEXCOORD1: 0.58431375, 0.211764708, 0.470588237, 0.227450982
vb0[213]+000 TEXCOORD2: 0.58431375, 0.211764708, 0.470588237, 0.227450982
vb0[213]+000 TEXCOORD3: 0.58431375, 0.211764708, 0.470588237, 0.227450982

vb0[214]+000 POSITION: -0.383056641, 1.20117188, 0.568847656, 1
vb0[214]+008 NORMAL: -0.653543293, 0.700787425, 0.275590539, 0
vb0[214]+012 COLOR: 0.290196091, 0.0627451017, 0.615686297, 0.101960786
vb0[214]+016 TEXCOORD: 0.986328125, 0.557128906
vb0[214]+000 TEXCOORD1: 0.129411772, 0.713725507, 0.807843149, 0.235294119
vb0[214]+000 TEXCOORD2: 0.129411772, 0.713725507, 0.807843149, 0.235294119
vb0[214]+000 TEXCOORD3: 0.129411772, 0.713725507, 0.807843149, 0.235294119

vb0[215]+000 POSITION: 0.330566406, 0.865234375, 0.848632813, 1
vb0[215]+008 NORMAL: 0.543307066, -0.181102365, 0.818897665, 0
vb0[215]+012 COLOR: 0.266666681, 0.0627451017, 0.576470613, 0.298039228
vb0[215]+016 TEXCOORD: 0.171386719, 0.936035156
vb0[215]+000 TEXCOORD1: 0.290196091, 0.20784314, 0.925490201, 0.227450982
vb0[215]+000 TEXCOORD2: 0.290196091, 0.20784314, 0.925490201, 0.227450982
vb0[215]+000 TEXCOORD3: 0.290196091, 0.20784314, 0.925490201, 0.227450982

vb0[216]+000 POSITION: 0.0534973145, 1.078125, 1.01953125, 1
vb0[216]+008 NORMAL: 0.196850389, 0.125984251, 0.976377964, 0
vb0[216]+012 COLOR: 0.290196091, 0.0549019612, 0.580392182, 0.858823538
vb0[216]+016 TEXCOORD: 0.576171875, 0.999511719
vb0[216]+000 TEXCOORD1: 0.850980401, 0.164705887, 0.313725501, 0.235294119
vb0[216]+000 TEXCOORD2: 0.850980401, 0.164705887, 0.313725501, 0.235294119
vb0[216]+000 TEXCOORD3: 0.850980401, 0.164705887, 0.313725501, 0.235294119

vb0[217]+000 POSITION: -0.333496094, 1.20703125, 0.876953125, 1
vb0[217]+008 NORMAL: -0.488188982, 0.488188982, 0.724409461, 0
vb0[217]+012 COLOR: 0.329411775, 0.0313725509, 0.53725493, 0.921568632
vb0[217]+016 TEXCOORD: 0.986328125, 0.936035156
vb0[217]+000 TEXCOORD1: 0.337254912, 0.709803939, 0.831372559, 0.235294119
vb0[217]+000 TEXCOORD2: 0.337254912, 0.709803939, 0.831372559, 0.235294119
vb0[217]+000 TEXCOORD3: 0.337254912, 0.709803939, 0.831372559, 0.235294119

vb0[218]+000 POSITION: -0.406494141, 1.27539063, 0.737792969, 1
vb0[218]+008 NORMAL: -0.503937006, 0.700787425, 0.503937006, 0
vb0[218]+012 COLOR: 0.53725493, 0.627451003, 0.980392158, 0.639215708
vb0[218]+016 TEXCOORD: 0.00859832764, 0.388183594
vb0[218]+000 TEXCOORD1: 0.505882382, 0.713725507, 0.101960786, 0.239215687
vb0[218]+000 TEXCOORD2: 0.505882382, 0.713725507, 0.101960786, 0.239215687
vb0[218]+000 TEXCOORD3: 0.505882382, 0.713725507, 0.101960786, 0.239215687

vb0[219]+000 POSITION: -0.198120117, 0.701171875, 0.874511719, 1
vb0[219]+008 NORMAL: -0.370078743, -0.291338593, 0.88188976, 0
vb0[219]+012 COLOR: 0.53725493, 0.627451003, 0.980392158, 0.968627453
vb0[219]+016 TEXCOORD: 0.392333984, 0.388183594
vb0[219]+000 TEXCOORD1: 0.34117648, 0.698039234, 0.611764729, 0.223529413
vb0[219]+000 TEXCOORD2: 0.34117648, 0.698039234, 0.611764729, 0.223529413
vb0[219]+000 TEXCOORD3: 0.34117648, 0.698039234, 0.611764729, 0.223529413

vb0[220]+000 POSITION: 0.45703125, 0.872070313, 0.780273438, 1
vb0[220]+008 NORMAL: 0.818897665, -0.181102365, 0.543307066, 0
vb0[220]+012 COLOR: 0.53725493, 0.627451003, 0.980392158, 0.454901963
vb0[220]+016 TEXCOORD: 0.392333984, 0.00448608398
vb0[220]+000 TEXCOORD1: 0.313725501, 0.215686277, 0.980392158, 0.227450982
vb0[220]+000 TEXCOORD2: 0.313725501, 0.215686277, 0.980392158, 0.227450982
vb0[220]+000 TEXCOORD3: 0.313725501, 0.215686277, 0.980392158, 0.227450982

vb0[221]+000 POSITION: 0.248657227, 1.44628906, 0.644042969, 1
vb0[221]+008 NORMAL: 0.393700778, 0.826771677, 0.393700778, 0
vb0[221]+012 COLOR: 0.53725493, 0.627451003, 0.980392158, 0.101960786
vb0[221]+016 TEXCOORD: 0.00859832764, 0.00448608398
vb0[221]+000 TEXCOORD1: 0.960784316, 0.200000003, 0.788235307, 0.239215687
vb0[221]+000 TEXCOORD2: 0.960784316, 0.200000003, 0.788235307, 0.239215687
vb0[221]+000 TEXCOORD3: 0.960784316, 0.200000003, 0.788235307, 0.239215687

vb0[222]+000 POSITION: -0.0618896484, 0.620117188, -0.0570678711, 1
vb0[222]+008 NORMAL: 0, -0.291338593, -0.96062994, 0
vb0[222]+012 COLOR: 0.929411769, 0.270588249, 0.607843161, 0.321568638
vb0[222]+016 TEXCOORD: 0.592285156, 0.114440918
vb0[222]+000 TEXCOORD1: 0.925490201, 0.670588255, 0.964705884, 0.219607845
vb0[222]+000 TEXCOORD2: 0.925490201, 0.670588255, 0.964705884, 0.219607845
vb0[222]+000 TEXCOORD3: 0.925490201, 0.670588255, 0.964705884, 0.219607845

vb0[223]+000 POSITION: 0.208496094, 1.29199219, 0.293945313, 1
vb0[223]+008 NORMAL: 0.51968503, 0.826771677, -0.212598428, 0
vb0[223]+012 COLOR: 0.925490201, 0.247058824, 0.564705908, 0.101960786
vb0[223]+016 TEXCOORD: 0.171386719, 0.557128906
vb0[223]+000 TEXCOORD1: 0.674509823, 0.196078435, 0.168627456, 0.239215687
vb0[223]+000 TEXCOORD2: 0.674509823, 0.196078435, 0.168627456, 0.239215687
vb0[223]+000 TEXCOORD3: 0.674509823, 0.196078435, 0.168627456, 0.239215687

vb0[224]+000 POSITION: -0.24621582, 0.634277344, 0.705078125, 1
vb0[224]+008 NORMAL: -0.535433054, -0.291338593, 0.795275569, 0
vb0[224]+012 COLOR: 0.929411769, 0.243137255, 0.505882382, 0.811764717
vb0[224]+016 TEXCOORD: 0.986328125, 0.557128906
vb0[224]+000 TEXCOORD1: 0.882352948, 0.701960802, 0.0745098069, 0.223529413
vb0[224]+000 TEXCOORD2: 0.882352948, 0.701960802, 0.0745098069, 0.223529413
vb0[224]+000 TEXCOORD3: 0.882352948, 0.701960802, 0.0745098069, 0.223529413

vb0[225]+000 POSITION: 0.234863281, 1.37597656, 0.919921875, 1
vb0[225]+008 NORMAL: 0.275590539, 0.700787425, 0.653543293, 0
vb0[225]+012 COLOR: 0.921568632, 0.227450982, 0.498039216, 0.78039217
vb0[225]+016 TEXCOORD: 0.171386719, 0.936035156
vb0[225]+000 TEXCOORD1: 0.517647088, 0.200000003, 0.505882382, 0.239215687
vb0[225]+000 TEXCOORD2: 0.517647088, 0.200000003, 0.505882382, 0.239215687
vb0[225]+000 TEXCOORD3: 0.517647088, 0.200000003, 0.505882382, 0.239215687

vb0[226]+000 POSITION: 0.0534973145, 1.078125, 1.01953125, 1
vb0[226]+008 NORMAL: 0.196850389, 0.125984251, 0.976377964, 0
vb0[226]+012 COLOR: 0.929411769, 0.247058824, 0.450980395, 0.858823538
vb0[226]+016 TEXCOORD: 0.576171875, 0.999511719
vb0[226]+000 TEXCOORD1: 0.850980401, 0.164705887, 0.313725501, 0.235294119
vb0[226]+000 TEXCOORD2: 0.850980401, 0.164705887, 0.313725501, 0.235294119
vb0[226]+000 TEXCOORD3: 0.850980401, 0.164705887, 0.313725501, 0.235294119

vb0[227]+000 POSITION: -0.119873047, 0.768554688, 1.00976563, 1
vb0[227]+008 NORMAL: -0.188976377, -0.181102365, 0.968503952, 0
vb0[227]+012 COLOR: 0.933333337, 0.258823544, 0.427450985, 0.968627453
vb0[227]+016 TEXCOORD: 0.986328125, 0.936035156
vb0[227]+000 TEXCOORD1: 0.674509823, 0.686274529, 0.149019614, 0.227450982
vb0[227]+000 TEXCOORD2: 0.674509823, 0.686274529, 0.149019614, 0.227450982
vb0[227]+000 TEXCOORD3: 0.674509823, 0.686274529, 0.149019614, 0.227450982

vb0[228]+000 POSITION: 0.000184774399, 0.625, 0.0444335938, 1
vb0[228]+008 NORMAL: 0, -0.291338593, -0.96062994, 0
vb0[228]+012 COLOR: 0.529411793, 0.113725491, 0.815686285, 0.101960786
vb0[228]+016 TEXCOORD: 0.592285156, 0.114440918
vb0[228]+000 TEXCOORD1: 0.0549019612, 0.0392156877, 0, 0.223529413
vb0[228]+000 TEXCOORD2: 0.0549019612, 0.0392156877, 0, 0.223529413
vb0[228]+000 TEXCOORD3: 0.0549019612, 0.0392156877, 0, 0.223529413

vb0[229]+000 POSITION: 0.702148438, 0.963378906, 0.398193359, 1
vb0[229]+008 NORMAL: 0.992125988, 0.125984251, 0, 0
vb0[229]+012 COLOR: 0.466666669, 0.0549019612, 0.725490212, 0.392156869
vb0[229]+016 TEXCOORD: 0.171386719, 0.557128906
vb0[229]+000 TEXCOORD1: 0.619607866, 0.223529413, 0.709803939, 0.23137255
vb0[229]+000 TEXCOORD2: 0.619607866, 0.223529413, 0.709803939, 0.23137255
vb0[229]+000 TEXCOORD3: 0.619607866, 0.223529413, 0.709803939, 0.23137255

vb0[230]+000 POSITION: -0.124694824, 1.22753906, 0.80078125, 1
vb0[230]+008 NORMAL: -0.14173229, 0.700787425, 0.692913413, 0
vb0[230]+012 COLOR: 0.454901963, 0.0431372561, 0.694117665, 0.454901963
vb0[230]+016 TEXCOORD: 0.986328125, 0.557128906
vb0[230]+000 TEXCOORD1: 0.984313726, 0.686274529, 0.913725495, 0.235294119
vb0[230]+000 TEXCOORD2: 0.984313726, 0.686274529, 0.913725495, 0.235294119
vb0[230]+000 TEXCOORD3: 0.984313726, 0.686274529, 0.913725495, 0.235294119

vb0[231]+000 POSITION: 0.763671875, 1.03320313, 0.717285156, 1
vb0[231]+008 NORMAL: 0.913385808, 0.125984251, 0.377952754, 0
vb0[231]+012 COLOR: 0.41568628, 0.0392156877, 0.670588255, 0.423529416
vb0[231]+016 TEXCOORD: 0.171386719, 0.936035156
vb0[231]+000 TEXCOORD1: 0.109803922, 0.227450982, 0.13333334, 0.235294119
vb0[231]+000 TEXCOORD2: 0.109803922, 0.227450982, 0.13333334, 0.235294119
vb0[231]+000 TEXCOORD3: 0.109803922, 0.227450982, 0.13333334, 0.235294119

vb0[232]+000 POSITION: 0.541015625, 1.21972656, 1.015625, 1
vb0[232]+008 NORMAL: 0.622047246, 0.488188982, 0.622047246, 0
vb0[232]+012 COLOR: 0.43921569, 0.0313725509, 0.666666687, 0.882352948
vb0[232]+016 TEXCOORD: 0.576171875, 0.999511719
vb0[232]+000 TEXCOORD1: 0.329411775, 0.219607845, 0.882352948, 0.235294119
vb0[232]+000 TEXCOORD2: 0.329411775, 0.219607845, 0.882352948, 0.235294119
vb0[232]+000 TEXCOORD3: 0.329411775, 0.219607845, 0.882352948, 0.235294119

vb0[233]+000 POSITION: 0.0771484375, 1.27050781, 1.06933594, 1
vb0[233]+008 NORMAL: 0.173228353, 0.488188982, 0.858267725, 0
vb0[233]+012 COLOR: 0.458823532, 0.0117647061, 0.607843161, 0.968627453
vb0[233]+016 TEXCOORD: 0.986328125, 0.936035156
vb0[233]+000 TEXCOORD1: 0.941176474, 0.172549024, 0.0823529437, 0.239215687
vb0[233]+000 TEXCOORD2: 0.941176474, 0.172549024, 0.0823529437, 0.239215687
vb0[233]+000 TEXCOORD3: 0.941176474, 0.172549024, 0.0823529437, 0.239215687

vb0[234]+000 POSITION: -0.0713500977, 1.31054688, 0.959472656, 1
vb0[234]+008 NORMAL: 0, 0.700787425, 0.708661437, 0
vb0[234]+012 COLOR: 0.721568644, 0.678431392, 0.913725495, 0.968627453
vb0[234]+016 TEXCOORD: 0.00859832764, 0.388183594
vb0[234]+000 TEXCOORD1: 0.568627477, 0.674509823, 0.243137255, 0.239215687
vb0[234]+000 TEXCOORD2: 0.568627477, 0.674509823, 0.243137255, 0.239215687
vb0[234]+000 TEXCOORD3: 0.568627477, 0.674509823, 0.243137255, 0.239215687

vb0[235]+000 POSITION: 0.337402344, 0.760253906, 0.979492188, 1
vb0[235]+008 NORMAL: 0.543307066, -0.181102365, 0.818897665, 0
vb0[235]+012 COLOR: 0.721568644, 0.678431392, 0.913725495, 0.968627453
vb0[235]+016 TEXCOORD: 0.392333984, 0.388183594
vb0[235]+000 TEXCOORD1: 0.400000006, 0.20784314, 0.0823529437, 0.227450982
vb0[235]+000 TEXCOORD2: 0.400000006, 0.20784314, 0.0823529437, 0.227450982
vb0[235]+000 TEXCOORD3: 0.400000006, 0.20784314, 0.0823529437, 0.227450982

vb0[236]+000 POSITION: 0.851074219, 1.05273438, 0.578125, 1
vb0[236]+008 NORMAL: 0.976377964, 0.125984251, 0.196850389, 0
vb0[236]+012 COLOR: 0.721568644, 0.678431392, 0.913725495, 0.796078444
vb0[236]+016 TEXCOORD: 0.392333984, 0.00448608398
vb0[236]+000 TEXCOORD1: 0.811764717, 0.227450982, 0.211764708, 0.235294119
vb0[236]+000 TEXCOORD2: 0.811764717, 0.227450982, 0.211764708, 0.235294119
vb0[236]+000 TEXCOORD3: 0.811764717, 0.227450982, 0.211764708, 0.235294119

vb0[237]+000 POSITION: 0.442626953, 1.60253906, 0.558105469, 1
vb0[237]+008 NORMAL: 0.51968503, 0.826771677, 0.212598428, 0
vb0[237]+012 COLOR: 0.721568644, 0.678431392, 0.913725495, 0.156862751
vb0[237]+016 TEXCOORD: 0.00859832764, 0.00448608398
vb0[237]+000 TEXCOORD1: 0.0823529437, 0.215686277, 0.411764711, 0.243137255
vb0[237]+000 TEXCOORD2: 0.0823529437, 0.215686277, 0.411764711, 0.243137255
vb0[237]+000 TEXCOORD3: 0.0823529437, 0.215686277, 0.411764711, 0.243137255

vb0[238]+000 POSITION: 0.000184774399, 0.625, 0.0444335938, 1
vb0[238]+008 NORMAL: 0, -0.291338593, -0.96062994, 0
vb0[238]+012 COLOR: 0.968627453, 0.376470596, 0.380392164, 0.101960786
vb0[238]+016 TEXCOORD: 0.592285156, 0.114440918
vb0[238]+000 TEXCOORD1: 0.0549019612, 0.0392156877, 0, 0.223529413
vb0[238]+000 TEXCOORD2: 0.0549019612, 0.0392156877, 0, 0.223529413
vb0[238]+000 TEXCOORD3: 0.0549019612, 0.0392156877, 0, 0.223529413

vb0[239]+000 POSITION: 0.258300781, 1.40917969, 0.257324219, 1
vb0[239]+008 NORMAL: 0.464566916, 0.826771677, -0.307086617, 0
vb0[239]+012 COLOR: 0.949019611, 0.349019617, 0.345098048, 0.101960786
vb0[239]+016 TEXCOORD: 0.171386719, 0.557128906
vb0[239]+000 TEXCOORD1: 0.13333334, 0.203921571, 0.639215708, 0.239215687
vb0[239]+000 TEXCOORD2: 0.13333334, 0.203921571, 0.639215708, 0.239215687
vb0[239]+000 TEXCOORD3: 0.13333334, 0.203921571, 0.639215708, 0.239215687

vb0[240]+000 POSITION: 0.216064453, 0.671875, 0.85546875, 1
vb0[240]+008 NORMAL: 0.535433054, -0.291338593, 0.795275569, 0
vb0[240]+012 COLOR: 0.925490201, 0.34117648, 0.294117659, 0.843137264
vb0[240]+016 TEXCOORD: 0.986328125, 0.557128906
vb0[240]+000 TEXCOORD1: 0.917647064, 0.196078435, 0.376470596, 0.223529413
vb0[240]+000 TEXCOORD2: 0.917647064, 0.196078435, 0.376470596, 0.223529413
vb0[240]+000 TEXCOORD3: 0.917647064, 0.196078435, 0.376470596, 0.223529413

vb0[241]+000 POSITION: 0.581542969, 1.55664063, 0.838867188, 1
vb0[241]+008 NORMAL: 0.590551198, 0.700787425, 0.393700778, 0
vb0[241]+012 COLOR: 0.917647064, 0.325490206, 0.286274523, 0.952941179
vb0[241]+016 TEXCOORD: 0.171386719, 0.936035156
vb0[241]+000 TEXCOORD1: 0.654901981, 0.219607845, 0.227450982, 0.243137255
vb0[241]+000 TEXCOORD2: 0.654901981, 0.219607845, 0.227450982, 0.243137255
vb0[241]+000 TEXCOORD3: 0.654901981, 0.219607845, 0.227450982, 0.243137255

vb0[242]+000 POSITION: 0.541015625, 1.21972656, 1.015625, 1
vb0[242]+008 NORMAL: 0.622047246, 0.488188982, 0.622047246, 0
vb0[242]+012 COLOR: 0.898039222, 0.34117648, 0.243137255, 0.882352948
vb0[242]+016 TEXCOORD: 0.576171875, 0.999511719
vb0[242]+000 TEXCOORD1: 0.329411775, 0.219607845, 0.882352948, 0.235294119
vb0[242]+000 TEXCOORD2: 0.329411775, 0.219607845, 0.882352948, 0.235294119
vb0[242]+000 TEXCOORD3: 0.329411775, 0.219607845, 0.882352948, 0.235294119

vb0[243]+000 POSITION: 0.454345703, 0.862792969, 1.08496094, 1
vb0[243]+008 NORMAL: 0.551181078, 0.125984251, 0.826771677, 0
vb0[243]+012 COLOR: 0.886274517, 0.352941185, 0.219607845, 0.968627453
vb0[243]+016 TEXCOORD: 0.986328125, 0.936035156
vb0[243]+000 TEXCOORD1: 0.270588249, 0.215686277, 0.905882359, 0.227450982
vb0[243]+000 TEXCOORD2: 0.270588249, 0.215686277, 0.905882359, 0.227450982
vb0[243]+000 TEXCOORD3: 0.270588249, 0.215686277, 0.905882359, 0.227450982

vb0[244]+000 POSITION: 0.0333557129, 0.627929688, 0.0549316406, 1
vb0[244]+008 NORMAL: 0.188976377, -0.291338593, -0.937007844, 0
vb0[244]+012 COLOR: 0.768627465, 0.156862751, 0.741176486, 0.101960786
vb0[244]+016 TEXCOORD: 0.592285156, 0.114440918
vb0[244]+000 TEXCOORD1: 0.270588249, 0.156862751, 0.0235294122, 0.223529413
vb0[244]+000 TEXCOORD2: 0.270588249, 0.156862751, 0.0235294122, 0.223529413
vb0[244]+000 TEXCOORD3: 0.270588249, 0.156862751, 0.0235294122, 0.223529413

vb0[245]+000 POSITION: 0.736816406, 1.1796875, 0.0569458008, 1
vb0[245]+008 NORMAL: 0.811023593, 0.488188982, -0.338582665, 0
vb0[245]+012 COLOR: 0.686274529, 0.0784313753, 0.690196097, 0.101960786
vb0[245]+016 TEXCOORD: 0.171386719, 0.557128906
vb0[245]+000 TEXCOORD1: 0.898039222, 0.223529413, 0.721568644, 0.235294119
vb0[245]+000 TEXCOORD2: 0.898039222, 0.223529413, 0.721568644, 0.235294119
vb0[245]+000 TEXCOORD3: 0.898039222, 0.223529413, 0.721568644, 0.235294119

vb0[246]+000 POSITION: 0.135620117, 1.27246094, 0.862792969, 1
vb0[246]+008 NORMAL: 0.275590539, 0.700787425, 0.653543293, 0
vb0[246]+012 COLOR: 0.666666687, 0.0588235296, 0.666666687, 0.101960786
vb0[246]+016 TEXCOORD: 0.986328125, 0.557128906
vb0[246]+000 TEXCOORD1: 0.34117648, 0.188235298, 0.0901960805, 0.239215687
vb0[246]+000 TEXCOORD2: 0.34117648, 0.188235298, 0.0901960805, 0.239215687
vb0[246]+000 TEXCOORD3: 0.34117648, 0.188235298, 0.0901960805, 0.239215687

vb0[247]+000 POSITION: 0.940429688, 1.29199219, 0.327148438, 1
vb0[247]+008 NORMAL: 0.874015749, 0.488188982, 0, 0
vb0[247]+012 COLOR: 0.619607866, 0.0431372561, 0.666666687, 0.952941179
vb0[247]+016 TEXCOORD: 0.171386719, 0.936035156
vb0[247]+000 TEXCOORD1: 0.525490224, 0.23137255, 0.168627456, 0.239215687
vb0[247]+000 TEXCOORD2: 0.525490224, 0.23137255, 0.168627456, 0.239215687
vb0[247]+000 TEXCOORD3: 0.525490224, 0.23137255, 0.168627456, 0.239215687

vb0[248]+000 POSITION: 0.843261719, 1.44921875, 0.729003906, 1
vb0[248]+008 NORMAL: 0.811023593, 0.488188982, 0.338582665, 0
vb0[248]+012 COLOR: 0.643137276, 0.0431372561, 0.647058845, 0.929411769
vb0[248]+016 TEXCOORD: 0.576171875, 0.999511719
vb0[248]+000 TEXCOORD1: 0.749019623, 0.227450982, 0.800000012, 0.239215687
vb0[248]+000 TEXCOORD2: 0.749019623, 0.227450982, 0.800000012, 0.239215687
vb0[248]+000 TEXCOORD3: 0.749019623, 0.227450982, 0.800000012, 0.239215687

vb0[249]+000 POSITION: 0.444824219, 1.38867188, 1.01367188, 1
vb0[249]+008 NORMAL: 0.488188982, 0.488188982, 0.724409461, 0
vb0[249]+012 COLOR: 0.635294139, 0.0274509806, 0.588235319, 0.968627453
vb0[249]+016 TEXCOORD: 0.986328125, 0.936035156
vb0[249]+000 TEXCOORD1: 0.117647059, 0.215686277, 0.556862772, 0.239215687
vb0[249]+000 TEXCOORD2: 0.117647059, 0.215686277, 0.556862772, 0.239215687
vb0[249]+000 TEXCOORD3: 0.117647059, 0.215686277, 0.556862772, 0.239215687

vb0[250]+000 POSITION: 0.263916016, 1.3828125, 0.977539063, 1
vb0[250]+008 NORMAL: 0.275590539, 0.700787425, 0.653543293, 0
vb0[250]+012 COLOR: 0.831372559, 0.772549033, 0.75686276, 0.937254906
vb0[250]+016 TEXCOORD: 0.00859832764, 0.388183594
vb0[250]+000 TEXCOORD1: 0.223529413, 0.203921571, 0.533333361, 0.239215687
vb0[250]+000 TEXCOORD2: 0.223529413, 0.203921571, 0.533333361, 0.239215687
vb0[250]+000 TEXCOORD3: 0.223529413, 0.203921571, 0.533333361, 0.239215687

vb0[251]+000 POSITION: 0.813476563, 0.924316406, 0.751953125, 1
vb0[251]+008 NORMAL: 0.913385808, 0.125984251, 0.377952754, 0
vb0[251]+012 COLOR: 0.831372559, 0.772549033, 0.75686276, 0.937254906
vb0[251]+016 TEXCOORD: 0.392333984, 0.388183594
vb0[251]+000 TEXCOORD1: 0.509803951, 0.227450982, 0.396078438, 0.23137255
vb0[251]+000 TEXCOORD2: 0.509803951, 0.227450982, 0.396078438, 0.23137255
vb0[251]+000 TEXCOORD3: 0.509803951, 0.227450982, 0.396078438, 0.23137255

vb0[252]+000 POSITION: 0.958984375, 1.32226563, 0.143676758, 1
vb0[252]+008 NORMAL: 0.858267725, 0.488188982, -0.173228353, 0
vb0[252]+012 COLOR: 0.831372559, 0.772549033, 0.75686276, 0.952941179
vb0[252]+016 TEXCOORD: 0.392333984, 0.00448608398
vb0[252]+000 TEXCOORD1: 0.674509823, 0.23137255, 0.290196091, 0.239215687
vb0[252]+000 TEXCOORD2: 0.674509823, 0.23137255, 0.290196091, 0.239215687
vb0[252]+000 TEXCOORD3: 0.674509823, 0.23137255, 0.290196091, 0.239215687

vb0[253]+000 POSITION: 0.409423828, 1.78125, 0.369140625, 1
vb0[253]+008 NORMAL: 0.385826766, 0.92125982, 0, 0
vb0[253]+012 COLOR: 0.831372559, 0.772549033, 0.75686276, 0.56078434
vb0[253]+016 TEXCOORD: 0.00859832764, 0.00448608398
vb0[253]+000 TEXCOORD1: 0.552941203, 0.211764708, 0.125490203, 0.247058824
vb0[253]+000 TEXCOORD2: 0.552941203, 0.211764708, 0.125490203, 0.247058824
vb0[253]+000 TEXCOORD3: 0.552941203, 0.211764708, 0.125490203, 0.247058824

vb0[254]+000 POSITION: 0.0333557129, 0.627929688, 0.0549316406, 1
vb0[254]+008 NORMAL: 0.188976377, -0.291338593, -0.937007844, 0
vb0[254]+012 COLOR: 0.862745106, 0.509803951, 0.156862751, 0.101960786
vb0[254]+016 TEXCOORD: 0.592285156, 0.114440918
vb0[254]+000 TEXCOORD1: 0.270588249, 0.156862751, 0.0235294122, 0.223529413
vb0[254]+000 TEXCOORD2: 0.270588249, 0.156862751, 0.0235294122, 0.223529413
vb0[254]+000 TEXCOORD3: 0.270588249, 0.156862751, 0.0235294122, 0.223529413

vb0[255]+000 POSITION: 0.124511719, 1.51269531, 0.180053711, 1
vb0[255]+008 NORMAL: 0.212598428, 0.92125982, -0.322834641, 0
vb0[255]+012 COLOR: 0.835294127, 0.474509805, 0.129411772, 0.101960786
vb0[255]+016 TEXCOORD: 0.171386719, 0.557128906
vb0[255]+000 TEXCOORD1: 0.972549021, 0.184313729, 0.0509803928, 0.243137255
vb0[255]+000 TEXCOORD2: 0.972549021, 0.184313729, 0.0509803928, 0.243137255
vb0[255]+000 TEXCOORD3: 0.972549021, 0.184313729, 0.0509803928, 0.243137255

vb0[256]+000 POSITION: 0.645507813, 0.793945313, 0.702636719, 1
vb0[256]+008 NORMAL: 0.905511796, -0.181102365, 0.377952754, 0
vb0[256]+012 COLOR: 0.792156875, 0.458823532, 0.0980392173, 0.827450991
vb0[256]+016 TEXCOORD: 0.986328125, 0.557128906
vb0[256]+000 TEXCOORD1: 0.164705887, 0.223529413, 0.352941185, 0.227450982
vb0[256]+000 TEXCOORD2: 0.164705887, 0.223529413, 0.352941185, 0.227450982
vb0[256]+000 TEXCOORD3: 0.164705887, 0.223529413, 0.352941185, 0.227450982

vb0[257]+000 POSITION: 0.676269531, 1.79101563, 0.568847656, 1
vb0[257]+008 NORMAL: 0.551181078, 0.826771677, 0.11023622, 0
vb0[257]+012 COLOR: 0.788235307, 0.435294122, 0.0941176489, 0.968627453
vb0[257]+016 TEXCOORD: 0.171386719, 0.936035156
vb0[257]+000 TEXCOORD1: 0.411764711, 0.223529413, 0.164705887, 0.247058824
vb0[257]+000 TEXCOORD2: 0.411764711, 0.223529413, 0.164705887, 0.247058824
vb0[257]+000 TEXCOORD3: 0.411764711, 0.223529413, 0.164705887, 0.247058824

vb0[258]+000 POSITION: 0.843261719, 1.44921875, 0.729003906, 1
vb0[258]+008 NORMAL: 0.811023593, 0.488188982, 0.338582665, 0
vb0[258]+012 COLOR: 0.749019623, 0.443137258, 0.0705882385, 0.929411769
vb0[258]+016 TEXCOORD: 0.576171875, 0.999511719
vb0[258]+000 TEXCOORD1: 0.749019623, 0.227450982, 0.800000012, 0.239215687
vb0[258]+000 TEXCOORD2: 0.749019623, 0.227450982, 0.800000012, 0.239215687
vb0[258]+000 TEXCOORD3: 0.749019623, 0.227450982, 0.800000012, 0.239215687

vb0[259]+000 POSITION: 0.918945313, 1.06738281, 0.810546875, 1
vb0[259]+008 NORMAL: 0.913385808, 0.125984251, 0.377952754, 0
vb0[259]+012 COLOR: 0.725490212, 0.450980395, 0.0549019612, 0.968627453
vb0[259]+016 TEXCOORD: 0.986328125, 0.936035156
vb0[259]+000 TEXCOORD1: 0.352941185, 0.23137255, 0.270588249, 0.235294119
vb0[259]+000 TEXCOORD2: 0.352941185, 0.23137255, 0.270588249, 0.235294119
vb0[259]+000 TEXCOORD3: 0.352941185, 0.23137255, 0.270588249, 0.235294119

vb0[260]+000 POSITION: -0.109069824, 0.578613281, 0.0323181152, 1
vb0[260]+008 NORMAL: 0.188976377, -0.291338593, -0.937007844, 0
vb0[260]+012 COLOR: 0.725490212, 0.0941176489, 0.686274529, 0.647058845
vb0[260]+016 TEXCOORD: 0.592285156, 0.114440918
vb0[260]+000 TEXCOORD1: 0.984313726, 0.68235296, 0.631372571, 0.219607845
vb0[260]+000 TEXCOORD2: 0.984313726, 0.68235296, 0.631372571, 0.219607845
vb0[260]+000 TEXCOORD3: 0.984313726, 0.68235296, 0.631372571, 0.219607845

vb0[261]+000 POSITION: 0.603515625, 0.750976563, -0.458007813, 1
vb0[261]+008 NORMAL: 0.692913413, -0.181102365, -0.692913413, 0
vb0[261]+012 COLOR: 0.615686297, 0.0627451017, 0.709803939, 0.623529434
vb0[261]+016 TEXCOORD: 0.171386719, 0.557128906
vb0[261]+000 TEXCOORD1: 0.831372559, 0.219607845, 0.00784313772, 0.227450982
vb0[261]+000 TEXCOORD2: 0.831372559, 0.219607845, 0.00784313772, 0.227450982
vb0[261]+000 TEXCOORD3: 0.831372559, 0.219607845, 0.00784313772, 0.227450982

vb0[262]+000 POSITION: 0.645019531, 1.16699219, 0.385986328, 1
vb0[262]+008 NORMAL: 0.874015749, 0.488188982, 0, 0
vb0[262]+012 COLOR: 0.580392182, 0.0549019612, 0.709803939, 0.101960786
vb0[262]+016 TEXCOORD: 0.986328125, 0.557128906
vb0[262]+000 TEXCOORD1: 0.160784319, 0.223529413, 0.670588255, 0.235294119
vb0[262]+000 TEXCOORD2: 0.160784319, 0.223529413, 0.670588255, 0.235294119
vb0[262]+000 TEXCOORD3: 0.160784319, 0.223529413, 0.670588255, 0.235294119

vb0[263]+000 POSITION: 0.942382813, 0.792480469, -0.369873047, 1
vb0[263]+008 NORMAL: 0.818897665, -0.181102365, -0.543307066, 0
vb0[263]+012 COLOR: 0.545098066, 0.0627451017, 0.733333349, 0.968627453
vb0[263]+016 TEXCOORD: 0.171386719, 0.936035156
vb0[263]+000 TEXCOORD1: 0.541176498, 0.23137255, 0.34117648, 0.227450982
vb0[263]+000 TEXCOORD2: 0.541176498, 0.23137255, 0.34117648, 0.227450982
vb0[263]+000 TEXCOORD3: 0.541176498, 0.23137255, 0.34117648, 0.227450982

vb0[264]+000 POSITION: 1.15136719, 1.00976563, -0.0728149414, 1
vb0[264]+008 NORMAL: 0.913385808, 0.125984251, -0.377952754, 0
vb0[264]+012 COLOR: 0.549019635, 0.0470588244, 0.709803939, 0.956862748
vb0[264]+016 TEXCOORD: 0.576171875, 0.999511719
vb0[264]+000 TEXCOORD1: 0.607843161, 0.235294119, 0.0392156877, 0.235294119
vb0[264]+000 TEXCOORD2: 0.607843161, 0.235294119, 0.0392156877, 0.235294119
vb0[264]+000 TEXCOORD3: 0.607843161, 0.235294119, 0.0392156877, 0.235294119

vb0[265]+000 POSITION: 0.99609375, 1.15429688, 0.3359375, 1
vb0[265]+008 NORMAL: 0.992125988, 0.125984251, 0, 0
vb0[265]+012 COLOR: 0.505882382, 0.0313725509, 0.670588255, 0.968627453
vb0[265]+016 TEXCOORD: 0.986328125, 0.936035156
vb0[265]+000 TEXCOORD1: 0.972549021, 0.23137255, 0.619607866, 0.235294119
vb0[265]+000 TEXCOORD2: 0.972549021, 0.23137255, 0.619607866, 0.235294119
vb0[265]+000 TEXCOORD3: 0.972549021, 0.23137255, 0.619607866, 0.235294119

vb0[266]+000 POSITION: 0.858398438, 1.171875, 0.411865234, 1
vb0[266]+008 NORMAL: 0.992125988, 0.125984251, 0, 0
vb0[266]+012 COLOR: 0.996078432, 0.533333361, 0.466666669, 0.235294119
vb0[266]+016 TEXCOORD: 0.00859832764, 0.388183594
vb0[266]+000 TEXCOORD1: 0.870588243, 0.227450982, 0.690196097, 0.235294119
vb0[266]+000 TEXCOORD2: 0.870588243, 0.227450982, 0.690196097, 0.235294119
vb0[266]+000 TEXCOORD3: 0.870588243, 0.227450982, 0.690196097, 0.235294119

vb0[267]+000 POSITION: 0.885253906, 0.532226563, 0.182617188, 1
vb0[267]+008 NORMAL: 0.937007844, -0.291338593, -0.188976377, 0
vb0[267]+012 COLOR: 0.996078432, 0.533333361, 0.466666669, 0.952941179
vb0[267]+016 TEXCOORD: 0.392333984, 0.388183594
vb0[267]+000 TEXCOORD1: 0.0823529437, 0.23137255, 0.258823544, 0.219607845
vb0[267]+000 TEXCOORD2: 0.0823529437, 0.23137255, 0.258823544, 0.219607845
vb0[267]+000 TEXCOORD3: 0.0823529437, 0.23137255, 0.258823544, 0.219607845

vb0[268]+000 POSITION: 0.825195313, 0.743164063, -0.504394531, 1
vb0[268]+008 NORMAL: 0.692913413, -0.181102365, -0.692913413, 0
vb0[268]+012 COLOR: 0.996078432, 0.533333361, 0.466666669, 0.968627453
vb0[268]+016 TEXCOORD: 0.392333984, 0.00448608398
vb0[268]+000 TEXCOORD1: 0.603921592, 0.227450982, 0.949019611, 0.223529413
vb0[268]+000 TEXCOORD2: 0.603921592, 0.227450982, 0.949019611, 0.223529413
vb0[268]+000 TEXCOORD3: 0.603921592, 0.227450982, 0.949019611, 0.223529413

vb0[269]+000 POSITION: 0.797851563, 1.3828125, -0.275390625, 1
vb0[269]+008 NORMAL: 0.724409461, 0.488188982, -0.488188982, 0
vb0[269]+012 COLOR: 0.996078432, 0.533333361, 0.466666669, 0.843137264
vb0[269]+016 TEXCOORD: 0.00859832764, 0.00448608398
vb0[269]+000 TEXCOORD1: 0.384313732, 0.227450982, 0.533333361, 0.239215687
vb0[269]+000 TEXCOORD2: 0.384313732, 0.227450982, 0.533333361, 0.239215687
vb0[269]+000 TEXCOORD3: 0.384313732, 0.227450982, 0.533333361, 0.239215687

vb0[270]+000 POSITION: -0.109375, 0.577636719, 0.0323181152, 1
vb0[270]+008 NORMAL: 0.188976377, -0.291338593, -0.937007844, 0
vb0[270]+012 COLOR: 0.592156887, 0.278431386, 0.0627451017, 0.635294139
vb0[270]+016 TEXCOORD: 0.592285156, 0.114440918
vb0[270]+000 TEXCOORD1: 0, 0.686274529, 0.623529434, 0.219607845
vb0[270]+000 TEXCOORD2: 0, 0.686274529, 0.623529434, 0.219607845
vb0[270]+000 TEXCOORD3: 0, 0.686274529, 0.623529434, 0.219607845

vb0[271]+000 POSITION: 0.344970703, 1.29296875, -0.237182617, 1
vb0[271]+008 NORMAL: 0.488188982, 0.488188982, -0.724409461, 0
vb0[271]+012 COLOR: 0.549019635, 0.254901975, 0.0666666701, 0.101960786
vb0[271]+016 TEXCOORD: 0.171386719, 0.557128906
vb0[271]+000 TEXCOORD1: 0.521568656, 0.20784314, 0.172549024, 0.239215687
vb0[271]+000 TEXCOORD2: 0.521568656, 0.20784314, 0.172549024, 0.239215687
vb0[271]+000 TEXCOORD3: 0.521568656, 0.20784314, 0.172549024, 0.239215687

vb0[272]+000 POSITION: 0.755859375, 0.539550781, 0.232177734, 1
vb0[272]+008 NORMAL: 0.937007844, -0.291338593, -0.188976377, 0
vb0[272]+012 COLOR: 0.494117647, 0.258823544, 0.0627451017, 0.796078444
vb0[272]+016 TEXCOORD: 0.986328125, 0.557128906
vb0[272]+000 TEXCOORD1: 0.0470588244, 0.227450982, 0.31764707, 0.219607845
vb0[272]+000 TEXCOORD2: 0.0470588244, 0.227450982, 0.31764707, 0.219607845
vb0[272]+000 TEXCOORD3: 0.0470588244, 0.227450982, 0.31764707, 0.219607845

vb0[273]+000 POSITION: 1.0625, 1.34277344, -0.258789063, 1
vb0[273]+008 NORMAL: 0.724409461, 0.488188982, -0.488188982, 0
vb0[273]+012 COLOR: 0.482352942, 0.243137255, 0.0705882385, 0.968627453
vb0[273]+016 TEXCOORD: 0.171386719, 0.936035156
vb0[273]+000 TEXCOORD1: 0.250980407, 0.235294119, 0.372549027, 0.239215687
vb0[273]+000 TEXCOORD2: 0.250980407, 0.235294119, 0.372549027, 0.239215687
vb0[273]+000 TEXCOORD3: 0.250980407, 0.235294119, 0.372549027, 0.239215687

vb0[274]+000 POSITION: 1.15039063, 1.00878906, -0.0728149414, 1
vb0[274]+008 NORMAL: 0.913385808, 0.125984251, -0.377952754, 0
vb0[274]+012 COLOR: 0.443137258, 0.262745112, 0.0627451017, 0.949019611
vb0[274]+016 TEXCOORD: 0.576171875, 0.999511719
vb0[274]+000 TEXCOORD1: 0.603921592, 0.235294119, 0.0352941193, 0.235294119
vb0[274]+000 TEXCOORD2: 0.603921592, 0.235294119, 0.0352941193, 0.235294119
vb0[274]+000 TEXCOORD3: 0.603921592, 0.235294119, 0.0352941193, 0.235294119

vb0[275]+000 POSITION: 1.11328125, 0.668457031, 0.103820801, 1
vb0[275]+008 NORMAL: 0.968503952, -0.181102365, -0.188976377, 0
vb0[275]+012 COLOR: 0.419607848, 0.278431386, 0.0588235296, 0.968627453
vb0[275]+016 TEXCOORD: 0.986328125, 0.936035156
vb0[275]+000 TEXCOORD1: 0.454901963, 0.235294119, 0.349019617, 0.223529413
vb0[275]+000 TEXCOORD2: 0.454901963, 0.235294119, 0.349019617, 0.223529413
vb0[275]+000 TEXCOORD3: 0.454901963, 0.235294119, 0.349019617, 0.223529413

vb0[276]+000 POSITION: -0.117614746, 0.616699219, 0.0278015137, 1
vb0[276]+008 NORMAL: -0.188976377, -0.291338593, -0.937007844, 0
vb0[276]+012 COLOR: 0.827450991, 0.121568628, 0.509803951, 0.529411793
vb0[276]+016 TEXCOORD: 0.592285156, 0.114440918
vb0[276]+000 TEXCOORD1: 0.529411793, 0.686274529, 0.937254906, 0.219607845
vb0[276]+000 TEXCOORD2: 0.529411793, 0.686274529, 0.937254906, 0.219607845
vb0[276]+000 TEXCOORD3: 0.529411793, 0.686274529, 0.937254906, 0.219607845

vb0[277]+000 POSITION: 0.226928711, 0.900390625, -0.716308594, 1
vb0[277]+008 NORMAL: 0.196850389, 0.125984251, -0.976377964, 0
vb0[277]+012 COLOR: 0.745098054, 0.0705882385, 0.580392182, 0.101960786
vb0[277]+016 TEXCOORD: 0.171386719, 0.557128906
vb0[277]+000 TEXCOORD1: 0.262745112, 0.200000003, 0.203921571, 0.23137255
vb0[277]+000 TEXCOORD2: 0.262745112, 0.200000003, 0.203921571, 0.23137255
vb0[277]+000 TEXCOORD3: 0.262745112, 0.200000003, 0.203921571, 0.23137255

vb0[278]+000 POSITION: 0.650878906, 1.28808594, 0.0508422852, 1
vb0[278]+008 NORMAL: 0.724409461, 0.488188982, -0.488188982, 0
vb0[278]+012 COLOR: 0.717647076, 0.0588235296, 0.596078455, 0.101960786
vb0[278]+016 TEXCOORD: 0.986328125, 0.557128906
vb0[278]+000 TEXCOORD1: 0.20784314, 0.223529413, 0.152941182, 0.239215687
vb0[278]+000 TEXCOORD2: 0.20784314, 0.223529413, 0.152941182, 0.239215687
vb0[278]+000 TEXCOORD3: 0.20784314, 0.223529413, 0.152941182, 0.239215687

vb0[279]+000 POSITION: 0.562011719, 0.982421875, -0.793457031, 1
vb0[279]+008 NORMAL: 0.377952754, 0.125984251, -0.913385808, 0
vb0[279]+012 COLOR: 0.694117665, 0.0588235296, 0.639215708, 0.843137264
vb0[279]+016 TEXCOORD: 0.171386719, 0.936035156
vb0[279]+000 TEXCOORD1: 0.498039216, 0.219607845, 0.862745106, 0.23137255
vb0[279]+000 TEXCOORD2: 0.498039216, 0.219607845, 0.862745106, 0.23137255
vb0[279]+000 TEXCOORD3: 0.498039216, 0.219607845, 0.862745106, 0.23137255

vb0[280]+000 POSITION: 0.871582031, 1.21484375, -0.606445313, 1
vb0[280]+008 NORMAL: 0.700787425, 0.125984251, -0.700787425, 0
vb0[280]+012 COLOR: 0.686274529, 0.0509803928, 0.611764729, 0.905882359
vb0[280]+016 TEXCOORD: 0.576171875, 0.999511719
vb0[280]+000 TEXCOORD1: 0.97647059, 0.227450982, 0.862745106, 0.235294119
vb0[280]+000 TEXCOORD2: 0.97647059, 0.227450982, 0.862745106, 0.235294119
vb0[280]+000 TEXCOORD3: 0.97647059, 0.227450982, 0.862745106, 0.235294119

vb0[281]+000 POSITION: 0.931640625, 1.32324219, -0.159301758, 1
vb0[281]+008 NORMAL: 0.724409461, 0.488188982, -0.488188982, 0
vb0[281]+012 COLOR: 0.631372571, 0.0274509806, 0.596078455, 0.827450991
vb0[281]+016 TEXCOORD: 0.986328125, 0.936035156
vb0[281]+000 TEXCOORD1: 0.454901963, 0.23137255, 0.294117659, 0.239215687
vb0[281]+000 TEXCOORD2: 0.454901963, 0.23137255, 0.294117659, 0.239215687
vb0[281]+000 TEXCOORD3: 0.454901963, 0.23137255, 0.294117659, 0.239215687

vb0[282]+000 POSITION: 0.826171875, 1.37304688, -0.0114822388, 1
vb0[282]+008 NORMAL: 0.811023593, 0.488188982, -0.338582665, 0
vb0[282]+012 COLOR: 0.890196085, 0.674509823, 0.239215687, 0.858823538
vb0[282]+016 TEXCOORD: 0.00859832764, 0.388183594
vb0[282]+000 TEXCOORD1: 0.611764729, 0.227450982, 0.494117647, 0.239215687
vb0[282]+000 TEXCOORD2: 0.611764729, 0.227450982, 0.494117647, 0.239215687
vb0[282]+000 TEXCOORD3: 0.611764729, 0.227450982, 0.494117647, 0.239215687

vb0[283]+000 POSITION: 0.879394531, 0.765625, -0.337646484, 1
vb0[283]+008 NORMAL: 0.692913413, -0.181102365, -0.692913413, 0
vb0[283]+012 COLOR: 0.890196085, 0.674509823, 0.239215687, 0.733333349
vb0[283]+016 TEXCOORD: 0.392333984, 0.388183594
vb0[283]+000 TEXCOORD1: 0.0352941193, 0.23137255, 0.125490203, 0.227450982
vb0[283]+000 TEXCOORD2: 0.0352941193, 0.23137255, 0.125490203, 0.227450982
vb0[283]+000 TEXCOORD3: 0.0352941193, 0.23137255, 0.125490203, 0.227450982

vb0[284]+000 POSITION: 0.422851563, 0.982910156, -0.874023438, 1
vb0[284]+008 NORMAL: 0.377952754, 0.125984251, -0.913385808, 0
vb0[284]+012 COLOR: 0.890196085, 0.674509823, 0.239215687, 0.101960786
vb0[284]+016 TEXCOORD: 0.392333984, 0.00448608398
vb0[284]+000 TEXCOORD1: 0.768627465, 0.211764708, 0.866666675, 0.23137255
vb0[284]+000 TEXCOORD2: 0.768627465, 0.211764708, 0.866666675, 0.23137255
vb0[284]+000 TEXCOORD3: 0.768627465, 0.211764708, 0.866666675, 0.23137255

vb0[285]+000 POSITION: 0.369384766, 1.58984375, -0.547851563, 1
vb0[285]+008 NORMAL: 0.338582665, 0.488188982, -0.811023593, 0
vb0[285]+012 COLOR: 0.890196085, 0.674509823, 0.239215687, 0.952941179
vb0[285]+016 TEXCOORD: 0.00859832764, 0.00448608398
vb0[285]+000 TEXCOORD1: 0.913725495, 0.20784314, 0.360784322, 0.243137255
vb0[285]+000 TEXCOORD2: 0.913725495, 0.20784314, 0.360784322, 0.243137255
vb0[285]+000 TEXCOORD3: 0.913725495, 0.20784314, 0.360784322, 0.243137255

vb0[286]+000 POSITION: -0.117614746, 0.616699219, 0.0278015137, 1
vb0[286]+008 NORMAL: -0.188976377, -0.291338593, -0.937007844, 0
vb0[286]+012 COLOR: 0.392156869, 0.313725501, 0.0509803928, 0.529411793
vb0[286]+016 TEXCOORD: 0.592285156, 0.114440918
vb0[286]+000 TEXCOORD1: 0.529411793, 0.686274529, 0.937254906, 0.219607845
vb0[286]+000 TEXCOORD2: 0.529411793, 0.686274529, 0.937254906, 0.219607845
vb0[286]+000 TEXCOORD3: 0.529411793, 0.686274529, 0.937254906, 0.219607845

vb0[287]+000 POSITION: 0.0520019531, 1.39941406, -0.338623047, 1
vb0[287]+008 NORMAL: 0.173228353, 0.488188982, -0.858267725, 0
vb0[287]+012 COLOR: 0.356862754, 0.286274523, 0.0705882385, 0.101960786
vb0[287]+016 TEXCOORD: 0.171386719, 0.557128906
vb0[287]+000 TEXCOORD1: 0.65882355, 0.164705887, 0.600000024, 0.239215687
vb0[287]+000 TEXCOORD2: 0.65882355, 0.164705887, 0.600000024, 0.239215687
vb0[287]+000 TEXCOORD3: 0.65882355, 0.164705887, 0.600000024, 0.239215687

vb0[288]+000 POSITION: 0.742675781, 0.684570313, -0.208618164, 1
vb0[288]+008 NORMAL: 0.692913413, -0.181102365, -0.692913413, 0
vb0[288]+012 COLOR: 0.309803933, 0.278431386, 0.0941176489, 0.529411793
vb0[288]+016 TEXCOORD: 0.986328125, 0.557128906
vb0[288]+000 TEXCOORD1: 0.945098042, 0.223529413, 0.478431374, 0.223529413
vb0[288]+000 TEXCOORD2: 0.945098042, 0.223529413, 0.478431374, 0.223529413
vb0[288]+000 TEXCOORD3: 0.945098042, 0.223529413, 0.478431374, 0.223529413

vb0[289]+000 POSITION: 0.658691406, 1.54394531, -0.688964844, 1
vb0[289]+008 NORMAL: 0.488188982, 0.488188982, -0.724409461, 0
vb0[289]+012 COLOR: 0.305882365, 0.262745112, 0.105882354, 0.968627453
vb0[289]+016 TEXCOORD: 0.171386719, 0.936035156
vb0[289]+000 TEXCOORD1: 0.270588249, 0.223529413, 0.176470593, 0.243137255
vb0[289]+000 TEXCOORD2: 0.270588249, 0.223529413, 0.176470593, 0.243137255
vb0[289]+000 TEXCOORD3: 0.270588249, 0.223529413, 0.176470593, 0.243137255

vb0[290]+000 POSITION: 0.871582031, 1.21484375, -0.606445313, 1
vb0[290]+008 NORMAL: 0.700787425, 0.125984251, -0.700787425, 0
vb0[290]+012 COLOR: 0.262745112, 0.274509817, 0.121568628, 0.905882359
vb0[290]+016 TEXCOORD: 0.576171875, 0.999511719
vb0[290]+000 TEXCOORD1: 0.97647059, 0.227450982, 0.862745106, 0.235294119
vb0[290]+000 TEXCOORD2: 0.97647059, 0.227450982, 0.862745106, 0.235294119
vb0[290]+000 TEXCOORD3: 0.97647059, 0.227450982, 0.862745106, 0.235294119

vb0[291]+000 POSITION: 0.971679688, 0.864257813, -0.474121094, 1
vb0[291]+008 NORMAL: 0.700787425, 0.125984251, -0.700787425, 0
vb0[291]+012 COLOR: 0.239215687, 0.286274523, 0.129411772, 0.968627453
vb0[291]+016 TEXCOORD: 0.986328125, 0.936035156
vb0[291]+000 TEXCOORD1: 0.776470602, 0.23137255, 0.917647064, 0.227450982
vb0[291]+000 TEXCOORD2: 0.776470602, 0.23137255, 0.917647064, 0.227450982
vb0[291]+000 TEXCOORD3: 0.776470602, 0.23137255, 0.917647064, 0.227450982

vb0[292]+000 POSITION: -0.0651855469, 0.619140625, 0.0325317383, 1
vb0[292]+008 NORMAL: 0, -0.291338593, -0.96062994, 0
vb0[292]+012 COLOR: 0.913725495, 0.243137255, 0.396078438, 0.321568638
vb0[292]+016 TEXCOORD: 0.592285156, 0.114440918
vb0[292]+000 TEXCOORD1: 0.172549024, 0.674509823, 0.956862748, 0.219607845
vb0[292]+000 TEXCOORD2: 0.172549024, 0.674509823, 0.956862748, 0.219607845
vb0[292]+000 TEXCOORD3: 0.172549024, 0.674509823, 0.956862748, 0.219607845

vb0[293]+000 POSITION: -0.300048828, 0.612304688, -0.875488281, 1
vb0[293]+008 NORMAL: -0.188976377, -0.181102365, -0.968503952, 0
vb0[293]+012 COLOR: 0.905882359, 0.20784314, 0.521568656, 0.701960802
vb0[293]+016 TEXCOORD: 0.171386719, 0.557128906
vb0[293]+000 TEXCOORD1: 0.80392158, 0.70588237, 0.90196079, 0.219607845
vb0[293]+000 TEXCOORD2: 0.80392158, 0.70588237, 0.90196079, 0.219607845
vb0[293]+000 TEXCOORD3: 0.80392158, 0.70588237, 0.90196079, 0.219607845

vb0[294]+000 POSITION: 0.254882813, 1.40429688, -0.622558594, 1
vb0[294]+008 NORMAL: 0.173228353, 0.488188982, -0.858267725, 0
vb0[294]+012 COLOR: 0.894117653, 0.200000003, 0.552941203, 0.282352954
vb0[294]+016 TEXCOORD: 0.986328125, 0.557128906
vb0[294]+000 TEXCOORD1: 0.0784313753, 0.203921571, 0.619607866, 0.239215687
vb0[294]+000 TEXCOORD2: 0.0784313753, 0.203921571, 0.619607866, 0.239215687
vb0[294]+000 TEXCOORD3: 0.0784313753, 0.203921571, 0.619607866, 0.239215687

vb0[295]+000 POSITION: -0.0987548828, 0.717773438, -1.16796875, 1
vb0[295]+008 NORMAL: 0, -0.181102365, -0.984251976, 0
vb0[295]+012 COLOR: 0.898039222, 0.215686277, 0.600000024, 0.968627453
vb0[295]+016 TEXCOORD: 0.171386719, 0.936035156
vb0[295]+000 TEXCOORD1: 0.321568638, 0.68235296, 0.745098054, 0.223529413
vb0[295]+000 TEXCOORD2: 0.321568638, 0.68235296, 0.745098054, 0.223529413
vb0[295]+000 TEXCOORD3: 0.321568638, 0.68235296, 0.745098054, 0.223529413

vb0[296]+000 POSITION: 0.14050293, 1.07910156, -1.27441406, 1
vb0[296]+008 NORMAL: 0.196850389, 0.125984251, -0.976377964, 0
vb0[296]+012 COLOR: 0.882352948, 0.192156866, 0.588235319, 0.937254906
vb0[296]+016 TEXCOORD: 0.576171875, 0.999511719
vb0[296]+000 TEXCOORD1: 0.498039216, 0.188235298, 0.31764707, 0.235294119
vb0[296]+000 TEXCOORD2: 0.498039216, 0.188235298, 0.31764707, 0.235294119
vb0[296]+000 TEXCOORD3: 0.498039216, 0.188235298, 0.31764707, 0.235294119

vb0[297]+000 POSITION: 0.365722656, 1.39550781, -0.9765625, 1
vb0[297]+008 NORMAL: 0.173228353, 0.488188982, -0.858267725, 0
vb0[297]+012 COLOR: 0.839215696, 0.149019614, 0.615686297, 0.968627453
vb0[297]+016 TEXCOORD: 0.986328125, 0.936035156
vb0[297]+000 TEXCOORD1: 0.854901969, 0.20784314, 0.58431375, 0.239215687
vb0[297]+000 TEXCOORD2: 0.854901969, 0.20784314, 0.58431375, 0.239215687
vb0[297]+000 TEXCOORD3: 0.854901969, 0.20784314, 0.58431375, 0.239215687

vb0[298]+000 POSITION: 0.364257813, 1.4921875, -0.776855469, 1
vb0[298]+008 NORMAL: 0.338582665, 0.488188982, -0.811023593, 0
vb0[298]+012 COLOR: 0.623529434, 0.607843161, 0.0274509806, 0.968627453
vb0[298]+016 TEXCOORD: 0.00859832764, 0.388183594
vb0[298]+000 TEXCOORD1: 0.831372559, 0.20784314, 0.972549021, 0.239215687
vb0[298]+000 TEXCOORD2: 0.831372559, 0.20784314, 0.972549021, 0.239215687
vb0[298]+000 TEXCOORD3: 0.831372559, 0.20784314, 0.972549021, 0.239215687

vb0[299]+000 POSITION: 0.548828125, 0.787109375, -0.891601563, 1
vb0[299]+008 NORMAL: 0.377952754, -0.181102365, -0.905511796, 0
vb0[299]+012 COLOR: 0.623529434, 0.607843161, 0.0274509806, 0.952941179
vb0[299]+016 TEXCOORD: 0.392333984, 0.388183594
vb0[299]+000 TEXCOORD1: 0.392156869, 0.219607845, 0.298039228, 0.227450982
vb0[299]+000 TEXCOORD2: 0.392156869, 0.219607845, 0.298039228, 0.227450982
vb0[299]+000 TEXCOORD3: 0.392156869, 0.219607845, 0.298039228, 0.227450982

vb0[300]+000 POSITION: -0.221069336, 0.658203125, -1.12011719, 1
vb0[300]+008 NORMAL: -0.188976377, -0.181102365, -0.968503952, 0
vb0[300]+012 COLOR: 0.623529434, 0.607843161, 0.0274509806, 0.968627453
vb0[300]+016 TEXCOORD: 0.392333984, 0.00448608398
vb0[300]+000 TEXCOORD1: 0.0745098069, 0.701960802, 0.266666681, 0.223529413
vb0[300]+000 TEXCOORD2: 0.0745098069, 0.701960802, 0.266666681, 0.223529413
vb0[300]+000 TEXCOORD3: 0.0745098069, 0.701960802, 0.266666681, 0.223529413

vb0[301]+000 POSITION: -0.405517578, 1.36328125, -1.00488281, 1
vb0[301]+008 NORMAL: -0.173228353, 0.488188982, -0.858267725, 0
vb0[301]+012 COLOR: 0.623529434, 0.607843161, 0.0274509806, 0.968627453
vb0[301]+016 TEXCOORD: 0.00859832764, 0.00448608398
vb0[301]+000 TEXCOORD1: 0.490196079, 0.713725507, 0.454901963, 0.239215687
vb0[301]+000 TEXCOORD2: 0.490196079, 0.713725507, 0.454901963, 0.239215687
vb0[301]+000 TEXCOORD3: 0.490196079, 0.713725507, 0.454901963, 0.239215687

vb0[302]+000 POSITION: -0.0651855469, 0.619140625, 0.0325317383, 1
vb0[302]+008 NORMAL: 0, -0.291338593, -0.96062994, 0
vb0[302]+012 COLOR: 0.294117659, 0.105882354, 0.274509817, 0.321568638
vb0[302]+016 TEXCOORD: 0.592285156, 0.114440918
vb0[302]+000 TEXCOORD1: 0.172549024, 0.674509823, 0.956862748, 0.219607845
vb0[302]+000 TEXCOORD2: 0.172549024, 0.674509823, 0.956862748, 0.219607845
vb0[302]+000 TEXCOORD3: 0.172549024, 0.674509823, 0.956862748, 0.219607845

vb0[303]+000 POSITION: -0.505859375, 1.21582031, -0.610839844, 1
vb0[303]+008 NORMAL: -0.377952754, 0.125984251, -0.913385808, 0
vb0[303]+012 COLOR: 0.286274523, 0.0862745121, 0.31764707, 0.101960786
vb0[303]+016 TEXCOORD: 0.171386719, 0.557128906
vb0[303]+000 TEXCOORD1: 0.0470588244, 0.721568644, 0.866666675, 0.235294119
vb0[303]+000 TEXCOORD2: 0.0470588244, 0.721568644, 0.866666675, 0.235294119
vb0[303]+000 TEXCOORD3: 0.0470588244, 0.721568644, 0.866666675, 0.235294119

vb0[304]+000 POSITION: 0.50390625, 0.740234375, -0.706542969, 1
vb0[304]+008 NORMAL: 0.377952754, -0.181102365, -0.905511796, 0
vb0[304]+012 COLOR: 0.262745112, 0.0823529437, 0.368627459, 0.78039217
vb0[304]+016 TEXCOORD: 0.986328125, 0.557128906
vb0[304]+000 TEXCOORD1: 0.0313725509, 0.219607845, 0.925490201, 0.223529413
vb0[304]+000 TEXCOORD2: 0.0313725509, 0.219607845, 0.925490201, 0.223529413
vb0[304]+000 TEXCOORD3: 0.0313725509, 0.219607845, 0.925490201, 0.223529413

vb0[305]+000 POSITION: -0.247558594, 1.30859375, -1.31347656, 1
vb0[305]+008 NORMAL: -0.196850389, 0.125984251, -0.976377964, 0
vb0[305]+012 COLOR: 0.270588249, 0.0705882385, 0.380392164, 0.968627453
vb0[305]+016 TEXCOORD: 0.171386719, 0.936035156
vb0[305]+000 TEXCOORD1: 0.925490201, 0.701960802, 0.235294119, 0.239215687
vb0[305]+000 TEXCOORD2: 0.925490201, 0.701960802, 0.235294119, 0.239215687
vb0[305]+000 TEXCOORD3: 0.925490201, 0.701960802, 0.235294119, 0.239215687

vb0[306]+000 POSITION: 0.14050293, 1.07910156, -1.27441406, 1
vb0[306]+008 NORMAL: 0.196850389, 0.125984251, -0.976377964, 0
vb0[306]+012 COLOR: 0.239215687, 0.0823529437, 0.41568628, 0.937254906
vb0[306]+016 TEXCOORD: 0.576171875, 0.999511719
vb0[306]+000 TEXCOORD1: 0.498039216, 0.188235298, 0.31764707, 0.235294119
vb0[306]+000 TEXCOORD2: 0.498039216, 0.188235298, 0.31764707, 0.235294119
vb0[306]+000 TEXCOORD3: 0.498039216, 0.188235298, 0.31764707, 0.235294119

vb0[307]+000 POSITION: 0.469726563, 0.831542969, -1.11914063, 1
vb0[307]+008 NORMAL: 0.377952754, 0.125984251, -0.913385808, 0
vb0[307]+012 COLOR: 0.223529413, 0.0901960805, 0.431372553, 0.968627453
vb0[307]+016 TEXCOORD: 0.986328125, 0.936035156
vb0[307]+000 TEXCOORD1: 0.517647088, 0.215686277, 0.654901981, 0.227450982
vb0[307]+000 TEXCOORD2: 0.517647088, 0.215686277, 0.654901981, 0.227450982
vb0[307]+000 TEXCOORD3: 0.517647088, 0.215686277, 0.654901981, 0.227450982

vb0[308]+000 POSITION: -0.0662841797, 0.620117188, 0.0335998535, 1
vb0[308]+008 NORMAL: 0, -0.291338593, -0.96062994, 0
vb0[308]+012 COLOR: 0.650980413, 0.0549019612, 0.333333343, 0.337254912
vb0[308]+016 TEXCOORD: 0.592285156, 0.114440918
vb0[308]+000 TEXCOORD1: 0.243137255, 0.674509823, 0.964705884, 0.219607845
vb0[308]+000 TEXCOORD2: 0.243137255, 0.674509823, 0.964705884, 0.219607845
vb0[308]+000 TEXCOORD3: 0.243137255, 0.674509823, 0.964705884, 0.219607845

vb0[309]+000 POSITION: -0.525878906, 0.709472656, -0.619628906, 1
vb0[309]+008 NORMAL: -0.377952754, -0.181102365, -0.905511796, 0
vb0[309]+012 COLOR: 0.674509823, 0.0352941193, 0.450980395, 0.529411793
vb0[309]+016 TEXCOORD: 0.171386719, 0.557128906
vb0[309]+000 TEXCOORD1: 0.20784314, 0.721568644, 0.678431392, 0.223529413
vb0[309]+000 TEXCOORD2: 0.20784314, 0.721568644, 0.678431392, 0.223529413
vb0[309]+000 TEXCOORD3: 0.20784314, 0.721568644, 0.678431392, 0.223529413

vb0[310]+000 POSITION: 0.309082031, 1.03222656, -0.718261719, 1
vb0[310]+008 NORMAL: 0.196850389, 0.125984251, -0.976377964, 0
vb0[310]+012 COLOR: 0.674509823, 0.0313725509, 0.486274511, 0.101960786
vb0[310]+016 TEXCOORD: 0.986328125, 0.557128906
vb0[310]+000 TEXCOORD1: 0.949019611, 0.203921571, 0.129411772, 0.235294119
vb0[310]+000 TEXCOORD2: 0.949019611, 0.203921571, 0.129411772, 0.235294119
vb0[310]+000 TEXCOORD3: 0.949019611, 0.203921571, 0.129411772, 0.235294119

vb0[311]+000 POSITION: -0.440429688, 0.696777344, -0.921875, 1
vb0[311]+008 NORMAL: -0.188976377, -0.181102365, -0.968503952, 0
vb0[311]+012 COLOR: 0.698039234, 0.0431372561, 0.521568656, 0.952941179
vb0[311]+016 TEXCOORD: 0.171386719, 0.936035156
vb0[311]+000 TEXCOORD1: 0.0470588244, 0.717647076, 0.576470613, 0.223529413
vb0[311]+000 TEXCOORD2: 0.0470588244, 0.717647076, 0.576470613, 0.223529413
vb0[311]+000 TEXCOORD3: 0.0470588244, 0.717647076, 0.576470613, 0.223529413

vb0[312]+000 POSITION: -0.142700195, 0.848144531, -1.13769531, 1
vb0[312]+008 NORMAL: 0, 0.125984251, -0.992125988, 0
vb0[312]+012 COLOR: 0.674509823, 0.0313725509, 0.517647088, 0.75686276
vb0[312]+016 TEXCOORD: 0.576171875, 0.999511719
vb0[312]+000 TEXCOORD1: 0.568627477, 0.690196097, 0.788235307, 0.227450982
vb0[312]+000 TEXCOORD2: 0.568627477, 0.690196097, 0.788235307, 0.227450982
vb0[312]+000 TEXCOORD3: 0.568627477, 0.690196097, 0.788235307, 0.227450982

vb0[313]+000 POSITION: 0.258789063, 0.976074219, -1.0234375, 1
vb0[313]+008 NORMAL: 0.196850389, 0.125984251, -0.976377964, 0
vb0[313]+012 COLOR: 0.635294139, 0.0235294122, 0.564705908, 0.545098066
vb0[313]+016 TEXCOORD: 0.986328125, 0.936035156
vb0[313]+000 TEXCOORD1: 0.141176477, 0.203921571, 0.811764717, 0.23137255
vb0[313]+000 TEXCOORD2: 0.141176477, 0.203921571, 0.811764717, 0.23137255
vb0[313]+000 TEXCOORD3: 0.141176477, 0.203921571, 0.811764717, 0.23137255

vb0[314]+000 POSITION: -0.0662841797, 0.620117188, 0.0335998535, 1
vb0[314]+008 NORMAL: 0, -0.291338593, -0.96062994, 0
vb0[314]+012 COLOR: 0.0509803928, 0.290196091, 0.435294122, 0.337254912
vb0[314]+016 TEXCOORD: 0.592285156, 0.114440918
vb0[314]+000 TEXCOORD1: 0.243137255, 0.674509823, 0.964705884, 0.219607845
vb0[314]+000 TEXCOORD2: 0.243137255, 0.674509823, 0.964705884, 0.219607845
vb0[314]+000 TEXCOORD3: 0.243137255, 0.674509823, 0.964705884, 0.219607845

vb0[315]+000 POSITION: -0.275878906, 1.22363281, -0.479980469, 1
vb0[315]+008 NORMAL: -0.173228353, 0.488188982, -0.858267725, 0
vb0[315]+012 COLOR: 0.0549019612, 0.274509817, 0.482352942, 0.101960786
vb0[315]+016 TEXCOORD: 0.171386719, 0.557128906
vb0[315]+000 TEXCOORD1: 0.41568628, 0.70588237, 0.898039222, 0.235294119
vb0[315]+000 TEXCOORD2: 0.41568628, 0.70588237, 0.898039222, 0.235294119
vb0[315]+000 TEXCOORD3: 0.41568628, 0.70588237, 0.898039222, 0.235294119

vb0[316]+000 POSITION: 0.117675781, 0.458251953, -0.715332031, 1
vb0[316]+008 NORMAL: 0.188976377, -0.291338593, -0.937007844, 0
vb0[316]+012 COLOR: 0.0470588244, 0.286274523, 0.541176498, 0.78039217
vb0[316]+016 TEXCOORD: 0.986328125, 0.557128906
vb0[316]+000 TEXCOORD1: 0.533333361, 0.184313729, 0.333333343, 0.215686277
vb0[316]+000 TEXCOORD2: 0.533333361, 0.184313729, 0.333333343, 0.215686277
vb0[316]+000 TEXCOORD3: 0.533333361, 0.184313729, 0.333333343, 0.215686277

vb0[317]+000 POSITION: -0.296386719, 1.17382813, -1.11523438, 1
vb0[317]+008 NORMAL: -0.196850389, 0.125984251, -0.976377964, 0
vb0[317]+012 COLOR: 0.0588235296, 0.274509817, 0.552941203, 0.796078444
vb0[317]+016 TEXCOORD: 0.171386719, 0.936035156
vb0[317]+000 TEXCOORD1: 0.745098054, 0.70588237, 0.698039234, 0.235294119
vb0[317]+000 TEXCOORD2: 0.745098054, 0.70588237, 0.698039234, 0.235294119
vb0[317]+000 TEXCOORD3: 0.745098054, 0.70588237, 0.698039234, 0.235294119

vb0[318]+000 POSITION: -0.142700195, 0.848144531, -1.13769531, 1
vb0[318]+008 NORMAL: 0, 0.125984251, -0.992125988, 0
vb0[318]+012 COLOR: 0.0509803928, 0.301960796, 0.596078455, 0.75686276
vb0[318]+016 TEXCOORD: 0.576171875, 0.999511719
vb0[318]+000 TEXCOORD1: 0.568627477, 0.690196097, 0.788235307, 0.227450982
vb0[318]+000 TEXCOORD2: 0.568627477, 0.690196097, 0.788235307, 0.227450982
vb0[318]+000 TEXCOORD3: 0.568627477, 0.690196097, 0.788235307, 0.227450982

vb0[319]+000 POSITION: 0.00237464905, 0.534667969, -1.04882813, 1
vb0[319]+008 NORMAL: 0, -0.181102365, -0.984251976, 0
vb0[319]+012 COLOR: 0.0470588244, 0.321568638, 0.615686297, 0.968627453
vb0[319]+016 TEXCOORD: 0.986328125, 0.936035156
vb0[319]+000 TEXCOORD1: 0.866666675, 0.0941176489, 0.278431386, 0.219607845
vb0[319]+000 TEXCOORD2: 0.866666675, 0.0941176489, 0.278431386, 0.219607845
vb0[319]+000 TEXCOORD3: 0.866666675, 0.0941176489, 0.278431386, 0.219607845

vb0[320]+000 POSITION: -0.0891723633, 1.72265625, -0.546875, 1
vb0[320]+008 NORMAL: 0, 0.700787425, -0.708661437, 0
vb0[320]+012 COLOR: 0.266666681, 0.823529422, 0.200000003, 0.749019623
vb0[320]+016 TEXCOORD: 0.00859832764, 0.388183594
vb0[320]+000 TEXCOORD1: 0.709803939, 0.678431392, 0.894117653, 0.243137255
vb0[320]+000 TEXCOORD2: 0.709803939, 0.678431392, 0.894117653, 0.243137255
vb0[320]+000 TEXCOORD3: 0.709803939, 0.678431392, 0.894117653, 0.243137255

vb0[321]+000 POSITION: -0.452880859, 1.1484375, -0.881835938, 1
vb0[321]+008 NORMAL: -0.377952754, 0.125984251, -0.913385808, 0
vb0[321]+012 COLOR: 0.266666681, 0.823529422, 0.200000003, 0.423529416
vb0[321]+016 TEXCOORD: 0.392333984, 0.388183594
vb0[321]+000 TEXCOORD1: 0.247058824, 0.717647076, 0.596078455, 0.235294119
vb0[321]+000 TEXCOORD2: 0.247058824, 0.717647076, 0.596078455, 0.235294119
vb0[321]+000 TEXCOORD3: 0.247058824, 0.717647076, 0.596078455, 0.235294119

vb0[322]+000 POSITION: -1.06152344, 1.19433594, -0.361572266, 1
vb0[322]+008 NORMAL: -0.826771677, 0.125984251, -0.551181078, 0
vb0[322]+012 COLOR: 0.266666681, 0.823529422, 0.200000003, 0.701960802
vb0[322]+016 TEXCOORD: 0.392333984, 0.00448608398
vb0[322]+000 TEXCOORD1: 0.247058824, 0.737254918, 0.78039217, 0.235294119
vb0[322]+000 TEXCOORD2: 0.247058824, 0.737254918, 0.78039217, 0.235294119
vb0[322]+000 TEXCOORD3: 0.247058824, 0.737254918, 0.78039217, 0.235294119

vb0[323]+000 POSITION: -0.697753906, 1.76855469, -0.02684021, 1
vb0[323]+008 NORMAL: -0.464566916, 0.826771677, -0.307086617, 0
vb0[323]+012 COLOR: 0.266666681, 0.823529422, 0.200000003, 0.968627453
vb0[323]+016 TEXCOORD: 0.00859832764, 0.00448608398
vb0[323]+000 TEXCOORD1: 0.58431375, 0.725490212, 0.0745098069, 0.247058824
vb0[323]+000 TEXCOORD2: 0.58431375, 0.725490212, 0.0745098069, 0.247058824
vb0[323]+000 TEXCOORD3: 0.58431375, 0.725490212, 0.0745098069, 0.247058824

vb0[324]+000 POSITION: -0.0670166016, 0.620605469, 0.0343017578, 1
vb0[324]+008 NORMAL: 0, -0.291338593, -0.96062994, 0
vb0[324]+012 COLOR: 0.0509803928, 0.278431386, 0.525490224, 0.337254912
vb0[324]+016 TEXCOORD: 0.592285156, 0.114440918
vb0[324]+000 TEXCOORD1: 0.290196091, 0.674509823, 0.968627453, 0.219607845
vb0[324]+000 TEXCOORD2: 0.290196091, 0.674509823, 0.968627453, 0.219607845
vb0[324]+000 TEXCOORD3: 0.290196091, 0.674509823, 0.968627453, 0.219607845

vb0[325]+000 POSITION: -0.469726563, 1.45898438, 0.223266602, 1
vb0[325]+008 NORMAL: -0.51968503, 0.826771677, -0.212598428, 0
vb0[325]+012 COLOR: 0.0745098069, 0.239215687, 0.549019635, 0.101960786
vb0[325]+016 TEXCOORD: 0.171386719, 0.557128906
vb0[325]+000 TEXCOORD1: 0.517647088, 0.717647076, 0.839215696, 0.239215687
vb0[325]+000 TEXCOORD2: 0.517647088, 0.717647076, 0.839215696, 0.239215687
vb0[325]+000 TEXCOORD3: 0.517647088, 0.717647076, 0.839215696, 0.239215687

vb0[326]+000 POSITION: -0.309570313, 1.01660156, -0.754394531, 1
vb0[326]+008 NORMAL: -0.196850389, 0.125984251, -0.976377964, 0
vb0[326]+012 COLOR: 0.101960786, 0.211764708, 0.592156887, 0.101960786
vb0[326]+016 TEXCOORD: 0.986328125, 0.557128906
vb0[326]+000 TEXCOORD1: 0.956862748, 0.70588237, 0.0666666701, 0.235294119
vb0[326]+000 TEXCOORD2: 0.956862748, 0.70588237, 0.0666666701, 0.235294119
vb0[326]+000 TEXCOORD3: 0.956862748, 0.70588237, 0.0666666701, 0.235294119

vb0[327]+000 POSITION: -0.845703125, 1.8359375, -0.292480469, 1
vb0[327]+008 NORMAL: -0.503937006, 0.700787425, -0.503937006, 0
vb0[327]+012 COLOR: 0.113725491, 0.196078435, 0.592156887, 0.968627453
vb0[327]+016 TEXCOORD: 0.171386719, 0.936035156
vb0[327]+000 TEXCOORD1: 0.768627465, 0.729411781, 0.345098048, 0.247058824
vb0[327]+000 TEXCOORD2: 0.768627465, 0.729411781, 0.345098048, 0.247058824
vb0[327]+000 TEXCOORD3: 0.768627465, 0.729411781, 0.345098048, 0.247058824

vb0[328]+000 POSITION: -0.749023438, 1.59179688, -0.643066406, 1
vb0[328]+008 NORMAL: -0.488188982, 0.488188982, -0.724409461, 0
vb0[328]+012 COLOR: 0.129411772, 0.192156866, 0.635294139, 0.968627453
vb0[328]+016 TEXCOORD: 0.576171875, 0.999511719
vb0[328]+000 TEXCOORD1: 0.996078432, 0.725490212, 0.368627459, 0.243137255
vb0[328]+000 TEXCOORD2: 0.996078432, 0.725490212, 0.368627459, 0.243137255
vb0[328]+000 TEXCOORD3: 0.996078432, 0.725490212, 0.368627459, 0.243137255

vb0[329]+000 POSITION: -0.599609375, 1.28320313, -0.89453125, 1
vb0[329]+008 NORMAL: -0.377952754, 0.125984251, -0.913385808, 0
vb0[329]+012 COLOR: 0.141176477, 0.192156866, 0.662745118, 0.717647076
vb0[329]+016 TEXCOORD: 0.986328125, 0.936035156
vb0[329]+000 TEXCOORD1: 0.800000012, 0.721568644, 0.13333334, 0.239215687
vb0[329]+000 TEXCOORD2: 0.800000012, 0.721568644, 0.13333334, 0.239215687
vb0[329]+000 TEXCOORD3: 0.800000012, 0.721568644, 0.13333334, 0.239215687

vb0[330]+000 POSITION: -0.164794922, 0.617675781, -0.0461120605, 1
vb0[330]+008 NORMAL: -0.370078743, -0.291338593, -0.88188976, 0
vb0[330]+012 COLOR: 0.396078438, 0.0549019612, 0.294117659, 0.694117665
vb0[330]+016 TEXCOORD: 0.592285156, 0.114440918
vb0[330]+000 TEXCOORD1: 0.274509817, 0.694117665, 0.945098042, 0.219607845
vb0[330]+000 TEXCOORD2: 0.274509817, 0.694117665, 0.945098042, 0.219607845
vb0[330]+000 TEXCOORD3: 0.274509817, 0.694117665, 0.945098042, 0.219607845

vb0[331]+000 POSITION: -0.982421875, 0.819335938, -0.0731201172, 1
vb0[331]+008 NORMAL: -0.905511796, -0.181102365, -0.377952754, 0
vb0[331]+012 COLOR: 0.498039216, 0.0235294122, 0.345098048, 0.670588255
vb0[331]+016 TEXCOORD: 0.171386719, 0.557128906
vb0[331]+000 TEXCOORD1: 0.862745106, 0.733333349, 0.556862772, 0.227450982
vb0[331]+000 TEXCOORD2: 0.862745106, 0.733333349, 0.556862772, 0.227450982
vb0[331]+000 TEXCOORD3: 0.862745106, 0.733333349, 0.556862772, 0.227450982

vb0[332]+000 POSITION: -0.522949219, 1.05859375, -0.818847656, 1
vb0[332]+008 NORMAL: -0.377952754, 0.125984251, -0.913385808, 0
vb0[332]+012 COLOR: 0.525490224, 0.0196078438, 0.368627459, 0.313725501
vb0[332]+016 TEXCOORD: 0.986328125, 0.557128906
vb0[332]+000 TEXCOORD1: 0.184313729, 0.721568644, 0.235294119, 0.235294119
vb0[332]+000 TEXCOORD2: 0.184313729, 0.721568644, 0.235294119, 0.235294119
vb0[332]+000 TEXCOORD3: 0.184313729, 0.721568644, 0.235294119, 0.235294119

vb0[333]+000 POSITION: -1.1953125, 0.822753906, -0.321533203, 1
vb0[333]+008 NORMAL: -0.818897665, -0.181102365, -0.543307066, 0
vb0[333]+012 COLOR: 0.568627477, 0.0235294122, 0.368627459, 0.921568632
vb0[333]+016 TEXCOORD: 0.171386719, 0.936035156
vb0[333]+000 TEXCOORD1: 0.784313738, 0.737254918, 0.58431375, 0.227450982
vb0[333]+000 TEXCOORD2: 0.784313738, 0.737254918, 0.58431375, 0.227450982
vb0[333]+000 TEXCOORD3: 0.784313738, 0.737254918, 0.58431375, 0.227450982

vb0[334]+000 POSITION: -1.18066406, 0.9609375, -0.697753906, 1
vb0[334]+008 NORMAL: -0.700787425, 0.125984251, -0.700787425, 0
vb0[334]+012 COLOR: 0.549019635, 0.0156862754, 0.388235301, 0.952941179
vb0[334]+016 TEXCOORD: 0.576171875, 0.999511719
vb0[334]+000 TEXCOORD1: 0.725490212, 0.737254918, 0.690196097, 0.23137255
vb0[334]+000 TEXCOORD2: 0.725490212, 0.737254918, 0.690196097, 0.23137255
vb0[334]+000 TEXCOORD3: 0.725490212, 0.737254918, 0.690196097, 0.23137255

vb0[335]+000 POSITION: -0.825195313, 1.03515625, -0.958007813, 1
vb0[335]+008 NORMAL: -0.551181078, 0.125984251, -0.826771677, 0
vb0[335]+012 COLOR: 0.564705908, 0.00784313772, 0.447058827, 0.968627453
vb0[335]+016 TEXCOORD: 0.986328125, 0.936035156
vb0[335]+000 TEXCOORD1: 0.603921592, 0.729411781, 0.141176477, 0.235294119
vb0[335]+000 TEXCOORD2: 0.603921592, 0.729411781, 0.141176477, 0.235294119
vb0[335]+000 TEXCOORD3: 0.603921592, 0.729411781, 0.141176477, 0.235294119

vb0[336]+000 POSITION: -0.591796875, 1.10839844, -0.840332031, 1
vb0[336]+008 NORMAL: -0.377952754, 0.125984251, -0.913385808, 0
vb0[336]+012 COLOR: 0.0862745121, 0.564705908, 0.223529413, 0.109803922
vb0[336]+016 TEXCOORD: 0.00859832764, 0.388183594
vb0[336]+000 TEXCOORD1: 0.737254918, 0.721568644, 0.435294122, 0.235294119
vb0[336]+000 TEXCOORD2: 0.737254918, 0.721568644, 0.435294122, 0.235294119
vb0[336]+000 TEXCOORD3: 0.737254918, 0.721568644, 0.435294122, 0.235294119

vb0[337]+000 POSITION: -0.841796875, 0.5546875, -0.595703125, 1
vb0[337]+008 NORMAL: -0.535433054, -0.291338593, -0.795275569, 0
vb0[337]+012 COLOR: 0.0862745121, 0.564705908, 0.223529413, 0.670588255
vb0[337]+016 TEXCOORD: 0.392333984, 0.388183594
vb0[337]+000 TEXCOORD1: 0.737254918, 0.729411781, 0.43921569, 0.219607845
vb0[337]+000 TEXCOORD2: 0.737254918, 0.729411781, 0.43921569, 0.219607845
vb0[337]+000 TEXCOORD3: 0.737254918, 0.729411781, 0.43921569, 0.219607845

vb0[338]+000 POSITION: -1.14257813, 0.864746094, -0.0700683594, 1
vb0[338]+008 NORMAL: -0.913385808, 0.125984251, -0.377952754, 0
vb0[338]+012 COLOR: 0.0862745121, 0.564705908, 0.223529413, 0.937254906
vb0[338]+016 TEXCOORD: 0.392333984, 0.00448608398
vb0[338]+000 TEXCOORD1: 0.572549045, 0.737254918, 0.921568632, 0.227450982
vb0[338]+000 TEXCOORD2: 0.572549045, 0.737254918, 0.921568632, 0.227450982
vb0[338]+000 TEXCOORD3: 0.572549045, 0.737254918, 0.921568632, 0.227450982

vb0[339]+000 POSITION: -0.893066406, 1.41796875, -0.314697266, 1
vb0[339]+008 NORMAL: -0.622047246, 0.488188982, -0.622047246, 0
vb0[339]+012 COLOR: 0.0862745121, 0.564705908, 0.223529413, 0.623529434
vb0[339]+016 TEXCOORD: 0.00859832764, 0.00448608398
vb0[339]+000 TEXCOORD1: 0.145098045, 0.733333349, 0.674509823, 0.239215687
vb0[339]+000 TEXCOORD2: 0.145098045, 0.733333349, 0.674509823, 0.239215687
vb0[339]+000 TEXCOORD3: 0.145098045, 0.733333349, 0.674509823, 0.239215687

vb0[340]+000 POSITION: -0.164794922, 0.617675781, -0.0461120605, 1
vb0[340]+008 NORMAL: -0.370078743, -0.291338593, -0.88188976, 0
vb0[340]+012 COLOR: 0.168627456, 0.360784322, 0.847058833, 0.694117665
vb0[340]+016 TEXCOORD: 0.592285156, 0.114440918
vb0[340]+000 TEXCOORD1: 0.274509817, 0.694117665, 0.945098042, 0.219607845
vb0[340]+000 TEXCOORD2: 0.274509817, 0.694117665, 0.945098042, 0.219607845
vb0[340]+000 TEXCOORD3: 0.274509817, 0.694117665, 0.945098042, 0.219607845

vb0[341]+000 POSITION: -0.627929688, 1.29882813, -0.217773438, 1
vb0[341]+008 NORMAL: -0.622047246, 0.488188982, -0.622047246, 0
vb0[341]+012 COLOR: 0.20784314, 0.345098048, 0.874509811, 0.101960786
vb0[341]+016 TEXCOORD: 0.171386719, 0.557128906
vb0[341]+000 TEXCOORD1: 0.0235294122, 0.725490212, 0.196078435, 0.239215687
vb0[341]+000 TEXCOORD2: 0.0235294122, 0.725490212, 0.196078435, 0.239215687
vb0[341]+000 TEXCOORD3: 0.0235294122, 0.725490212, 0.196078435, 0.239215687

vb0[342]+000 POSITION: -0.73046875, 0.498046875, -0.6328125, 1
vb0[342]+008 NORMAL: -0.535433054, -0.291338593, -0.795275569, 0
vb0[342]+012 COLOR: 0.250980407, 0.352941185, 0.905882359, 0.921568632
vb0[342]+016 TEXCOORD: 0.986328125, 0.557128906
vb0[342]+000 TEXCOORD1: 0.847058833, 0.725490212, 0.972549021, 0.215686277
vb0[342]+000 TEXCOORD2: 0.847058833, 0.725490212, 0.972549021, 0.215686277
vb0[342]+000 TEXCOORD3: 0.847058833, 0.725490212, 0.972549021, 0.215686277

vb0[343]+000 POSITION: -1.19628906, 1.30761719, -0.579101563, 1
vb0[343]+008 NORMAL: -0.700787425, 0.125984251, -0.700787425, 0
vb0[343]+012 COLOR: 0.262745112, 0.337254912, 0.909803927, 0.968627453
vb0[343]+016 TEXCOORD: 0.171386719, 0.936035156
vb0[343]+000 TEXCOORD1: 0.788235307, 0.737254918, 0.23137255, 0.239215687
vb0[343]+000 TEXCOORD2: 0.788235307, 0.737254918, 0.23137255, 0.239215687
vb0[343]+000 TEXCOORD3: 0.788235307, 0.737254918, 0.23137255, 0.239215687

vb0[344]+000 POSITION: -1.18066406, 0.9609375, -0.697753906, 1
vb0[344]+008 NORMAL: -0.700787425, 0.125984251, -0.700787425, 0
vb0[344]+012 COLOR: 0.298039228, 0.360784322, 0.937254906, 0.952941179
vb0[344]+016 TEXCOORD: 0.576171875, 0.999511719
vb0[344]+000 TEXCOORD1: 0.725490212, 0.737254918, 0.690196097, 0.23137255
vb0[344]+000 TEXCOORD2: 0.725490212, 0.737254918, 0.690196097, 0.23137255
vb0[344]+000 TEXCOORD3: 0.725490212, 0.737254918, 0.690196097, 0.23137255

vb0[345]+000 POSITION: -1.07324219, 0.618652344, -0.744140625, 1
vb0[345]+008 NORMAL: -0.692913413, -0.181102365, -0.692913413, 0
vb0[345]+012 COLOR: 0.313725501, 0.380392164, 0.949019611, 0.968627453
vb0[345]+016 TEXCOORD: 0.986328125, 0.936035156
vb0[345]+000 TEXCOORD1: 0.294117659, 0.737254918, 0.952941179, 0.219607845
vb0[345]+000 TEXCOORD2: 0.294117659, 0.737254918, 0.952941179, 0.219607845
vb0[345]+000 TEXCOORD3: 0.294117659, 0.737254918, 0.952941179, 0.219607845

vb0[346]+000 POSITION: 0.44921875, 1.71191406, -0.189697266, 1
vb0[346]+008 NORMAL: 0.307086617, 0.826771677, -0.464566916, 0
vb0[346]+012 COLOR: 0.635294139, 0.835294127, 0.156862751, 0.968627453
vb0[346]+016 TEXCOORD: 0.00859832764, 0.388183594
vb0[346]+000 TEXCOORD1: 0.188235298, 0.215686277, 0.850980401, 0.243137255
vb0[346]+000 TEXCOORD2: 0.188235298, 0.215686277, 0.850980401, 0.243137255
vb0[346]+000 TEXCOORD3: 0.188235298, 0.215686277, 0.850980401, 0.243137255

vb0[347]+000 POSITION: 0.708496094, 1.15429688, -0.633789063, 1
vb0[347]+008 NORMAL: 0.551181078, 0.125984251, -0.826771677, 0
vb0[347]+012 COLOR: 0.635294139, 0.835294127, 0.156862751, 0.576470613
vb0[347]+016 TEXCOORD: 0.392333984, 0.388183594
vb0[347]+000 TEXCOORD1: 0.670588255, 0.223529413, 0.619607866, 0.235294119
vb0[347]+000 TEXCOORD2: 0.670588255, 0.223529413, 0.619607866, 0.235294119
vb0[347]+000 TEXCOORD3: 0.670588255, 0.223529413, 0.619607866, 0.235294119

vb0[348]+000 POSITION: -0.0304260254, 1.109375, -0.968261719, 1
vb0[348]+008 NORMAL: 0, 0.125984251, -0.992125988, 0
vb0[348]+012 COLOR: 0.635294139, 0.835294127, 0.156862751, 0.407843143
vb0[348]+016 TEXCOORD: 0.392333984, 0.00448608398
vb0[348]+000 TEXCOORD1: 0.792156875, 0.654901981, 0.43921569, 0.235294119
vb0[348]+000 TEXCOORD2: 0.792156875, 0.654901981, 0.43921569, 0.235294119
vb0[348]+000 TEXCOORD3: 0.792156875, 0.654901981, 0.43921569, 0.235294119

vb0[349]+000 POSITION: -0.290039063, 1.66699219, -0.523925781, 1
vb0[349]+008 NORMAL: -0.14173229, 0.700787425, -0.692913413, 0
vb0[349]+012 COLOR: 0.635294139, 0.835294127, 0.156862751, 0.392156869
vb0[349]+016 TEXCOORD: 0.00859832764, 0.00448608398
vb0[349]+000 TEXCOORD1: 0.643137276, 0.70588237, 0.670588255, 0.243137255
vb0[349]+000 TEXCOORD2: 0.643137276, 0.70588237, 0.670588255, 0.243137255
vb0[349]+000 TEXCOORD3: 0.643137276, 0.70588237, 0.670588255, 0.243137255

vb0[350]+000 POSITION: 0.484130859, 1.21484375, 0.80859375, 1
vb0[350]+008 NORMAL: 0.724409461, 0.488188982, 0.488188982, 0
vb0[350]+012 COLOR: 0.968627453, 0.600000024, 0.643137276, 0.101960786
vb0[350]+016 TEXCOORD: 0.00859832764, 0.388183594
vb0[350]+000 TEXCOORD1: 0.749019623, 0.215686277, 0.862745106, 0.235294119
vb0[350]+000 TEXCOORD2: 0.749019623, 0.215686277, 0.862745106, 0.235294119
vb0[350]+000 TEXCOORD3: 0.749019623, 0.215686277, 0.862745106, 0.235294119

vb0[351]+000 POSITION: 0.720703125, 0.637695313, 0.440917969, 1
vb0[351]+008 NORMAL: 0.96062994, -0.291338593, 0, 0
vb0[351]+012 COLOR: 0.968627453, 0.600000024, 0.643137276, 0.858823538
vb0[351]+016 TEXCOORD: 0.392333984, 0.388183594
vb0[351]+000 TEXCOORD1: 0.768627465, 0.223529413, 0.101960786, 0.223529413
vb0[351]+000 TEXCOORD2: 0.768627465, 0.223529413, 0.101960786, 0.223529413
vb0[351]+000 TEXCOORD3: 0.768627465, 0.223529413, 0.101960786, 0.223529413

vb0[352]+000 POSITION: 0.833007813, 1.01953125, -0.185546875, 1
vb0[352]+008 NORMAL: 0.826771677, 0.125984251, -0.551181078, 0
vb0[352]+012 COLOR: 0.968627453, 0.600000024, 0.643137276, 0.156862751
vb0[352]+016 TEXCOORD: 0.392333984, 0.00448608398
vb0[352]+000 TEXCOORD1: 0.666666687, 0.227450982, 0.0784313753, 0.235294119
vb0[352]+000 TEXCOORD2: 0.666666687, 0.227450982, 0.0784313753, 0.235294119
vb0[352]+000 TEXCOORD3: 0.666666687, 0.227450982, 0.0784313753, 0.235294119

vb0[353]+000 POSITION: 0.596679688, 1.59667969, 0.182128906, 1
vb0[353]+008 NORMAL: 0.51968503, 0.826771677, -0.212598428, 0
vb0[353]+012 COLOR: 0.968627453, 0.600000024, 0.643137276, 0.764705896
vb0[353]+016 TEXCOORD: 0.00859832764, 0.00448608398
vb0[353]+000 TEXCOORD1: 0.776470602, 0.219607845, 0.388235301, 0.243137255
vb0[353]+000 TEXCOORD2: 0.776470602, 0.219607845, 0.388235301, 0.243137255
vb0[353]+000 TEXCOORD3: 0.776470602, 0.219607845, 0.388235301, 0.243137255

vb0[354]+000 POSITION: -0.844238281, 0.879394531, -0.324462891, 1
vb0[354]+008 NORMAL: -0.700787425, 0.125984251, -0.700787425, 0
vb0[354]+012 COLOR: 0.0196078438, 0.631372571, 0.545098066, 0.109803922
vb0[354]+016 TEXCOORD: 0.00859832764, 0.388183594
vb0[354]+000 TEXCOORD1: 0.75686276, 0.729411781, 0.0352941193, 0.23137255
vb0[354]+000 TEXCOORD2: 0.75686276, 0.729411781, 0.0352941193, 0.23137255
vb0[354]+000 TEXCOORD3: 0.75686276, 0.729411781, 0.0352941193, 0.23137255

vb0[355]+000 POSITION: -0.845214844, 0.665039063, 0.294189453, 1
vb0[355]+008 NORMAL: -0.937007844, -0.291338593, -0.188976377, 0
vb0[355]+012 COLOR: 0.0196078438, 0.631372571, 0.545098066, 0.874509811
vb0[355]+016 TEXCOORD: 0.392333984, 0.388183594
vb0[355]+000 TEXCOORD1: 0.764705896, 0.729411781, 0.321568638, 0.223529413
vb0[355]+000 TEXCOORD2: 0.764705896, 0.729411781, 0.321568638, 0.223529413
vb0[355]+000 TEXCOORD3: 0.764705896, 0.729411781, 0.321568638, 0.223529413

vb0[356]+000 POSITION: -0.669921875, 1.22070313, 0.517089844, 1
vb0[356]+008 NORMAL: -0.858267725, 0.488188982, 0.173228353, 0
vb0[356]+012 COLOR: 0.0196078438, 0.631372571, 0.545098066, 0.101960786
vb0[356]+016 TEXCOORD: 0.392333984, 0.00448608398
vb0[356]+000 TEXCOORD1: 0.360784322, 0.725490212, 0.886274517, 0.235294119
vb0[356]+000 TEXCOORD2: 0.360784322, 0.725490212, 0.886274517, 0.235294119
vb0[356]+000 TEXCOORD3: 0.360784322, 0.725490212, 0.886274517, 0.235294119

vb0[357]+000 POSITION: -0.668945313, 1.43554688, -0.10144043, 1
vb0[357]+008 NORMAL: -0.622047246, 0.488188982, -0.622047246, 0
vb0[357]+012 COLOR: 0.0196078438, 0.631372571, 0.545098066, 0.101960786
vb0[357]+016 TEXCOORD: 0.00859832764, 0.00448608398
vb0[357]+000 TEXCOORD1: 0.352941185, 0.725490212, 0.745098054, 0.239215687
vb0[357]+000 TEXCOORD2: 0.352941185, 0.725490212, 0.745098054, 0.239215687
vb0[357]+000 TEXCOORD3: 0.352941185, 0.725490212, 0.745098054, 0.239215687

vb0[358]+000 POSITION: 0.330322266, 1.55664063, 0.336425781, 1
vb0[358]+008 NORMAL: 0.377952754, 0.92125982, -0.0787401572, 0
vb0[358]+012 COLOR: 0.784313738, 0.890196085, 0.372549027, 0.101960786
vb0[358]+016 TEXCOORD: 0.00859832764, 0.388183594
vb0[358]+000 TEXCOORD1: 0.286274523, 0.20784314, 0.227450982, 0.243137255
vb0[358]+000 TEXCOORD2: 0.286274523, 0.20784314, 0.227450982, 0.243137255
vb0[358]+000 TEXCOORD3: 0.286274523, 0.20784314, 0.227450982, 0.243137255

vb0[359]+000 POSITION: 0.740722656, 1.09960938, -0.149658203, 1
vb0[359]+008 NORMAL: 0.826771677, 0.125984251, -0.551181078, 0
vb0[359]+012 COLOR: 0.784313738, 0.890196085, 0.372549027, 0.101960786
vb0[359]+016 TEXCOORD: 0.392333984, 0.388183594
vb0[359]+000 TEXCOORD1: 0.929411769, 0.223529413, 0.400000006, 0.235294119
vb0[359]+000 TEXCOORD2: 0.929411769, 0.223529413, 0.400000006, 0.235294119
vb0[359]+000 TEXCOORD3: 0.929411769, 0.223529413, 0.400000006, 0.235294119

vb0[360]+000 POSITION: 0.243652344, 1.26464844, -0.74609375, 1
vb0[360]+008 NORMAL: 0.173228353, 0.488188982, -0.858267725, 0
vb0[360]+012 COLOR: 0.784313738, 0.890196085, 0.372549027, 0.156862751
vb0[360]+016 TEXCOORD: 0.392333984, 0.00448608398
vb0[360]+000 TEXCOORD1: 0.800000012, 0.200000003, 0.0588235296, 0.239215687
vb0[360]+000 TEXCOORD2: 0.800000012, 0.200000003, 0.0588235296, 0.239215687
vb0[360]+000 TEXCOORD3: 0.800000012, 0.200000003, 0.0588235296, 0.239215687

vb0[361]+000 POSITION: -0.166748047, 1.72167969, -0.260009766, 1
vb0[361]+008 NORMAL: -0.11023622, 0.826771677, -0.551181078, 0
vb0[361]+012 COLOR: 0.784313738, 0.890196085, 0.372549027, 0.607843161
vb0[361]+016 TEXCOORD: 0.00859832764, 0.00448608398
vb0[361]+000 TEXCOORD1: 0.337254912, 0.694117665, 0.890196085, 0.243137255
vb0[361]+000 TEXCOORD2: 0.337254912, 0.694117665, 0.890196085, 0.243137255
vb0[361]+000 TEXCOORD3: 0.337254912, 0.694117665, 0.890196085, 0.243137255

vb0[362]+000 POSITION: 0.482177734, 1.29101563, 0.481445313, 1
vb0[362]+008 NORMAL: 0.692913413, 0.700787425, 0.14173229, 0
vb0[362]+012 COLOR: 0.984313726, 0.627451003, 0.505882382, 0.101960786
vb0[362]+016 TEXCOORD: 0.00859832764, 0.388183594
vb0[362]+000 TEXCOORD1: 0.717647076, 0.215686277, 0.164705887, 0.239215687
vb0[362]+000 TEXCOORD2: 0.717647076, 0.215686277, 0.164705887, 0.239215687
vb0[362]+000 TEXCOORD3: 0.717647076, 0.215686277, 0.164705887, 0.239215687

vb0[363]+000 POSITION: 0.650390625, 0.665527344, 0.188964844, 1
vb0[363]+008 NORMAL: 0.88188976, -0.291338593, -0.370078743, 0
vb0[363]+012 COLOR: 0.984313726, 0.627451003, 0.505882382, 0.407843143
vb0[363]+016 TEXCOORD: 0.392333984, 0.388183594
vb0[363]+000 TEXCOORD1: 0.203921571, 0.223529413, 0.325490206, 0.223529413
vb0[363]+000 TEXCOORD2: 0.203921571, 0.223529413, 0.325490206, 0.223529413
vb0[363]+000 TEXCOORD3: 0.203921571, 0.223529413, 0.325490206, 0.223529413

vb0[364]+000 POSITION: 0.586425781, 0.943359375, -0.510742188, 1
vb0[364]+008 NORMAL: 0.551181078, 0.125984251, -0.826771677, 0
vb0[364]+012 COLOR: 0.984313726, 0.627451003, 0.505882382, 0.203921571
vb0[364]+016 TEXCOORD: 0.392333984, 0.00448608398
vb0[364]+000 TEXCOORD1: 0.694117665, 0.219607845, 0.549019635, 0.23137255
vb0[364]+000 TEXCOORD2: 0.694117665, 0.219607845, 0.549019635, 0.23137255
vb0[364]+000 TEXCOORD3: 0.694117665, 0.219607845, 0.549019635, 0.23137255

vb0[365]+000 POSITION: 0.417724609, 1.56933594, -0.218139648, 1
vb0[365]+008 NORMAL: 0.393700778, 0.700787425, -0.590551198, 0
vb0[365]+012 COLOR: 0.984313726, 0.627451003, 0.505882382, 0.101960786
vb0[365]+016 TEXCOORD: 0.00859832764, 0.00448608398
vb0[365]+000 TEXCOORD1: 0.686274529, 0.211764708, 0.278431386, 0.243137255
vb0[365]+000 TEXCOORD2: 0.686274529, 0.211764708, 0.278431386, 0.243137255
vb0[365]+000 TEXCOORD3: 0.686274529, 0.211764708, 0.278431386, 0.243137255

vb0[366]+000 POSITION: -0.0160827637, 0.598144531, 0.202758789, 1
vb0[366]+008 NORMAL: -0.858267725, 0.496062994, -0.149606302, 0
vb0[366]+012 COLOR: 0.43921569, 0.729411781, 0.0588235296, 0.313725501
vb0[366]+016 TEXCOORD: 0.0738525391, 0.962890625
vb0[366]+000 TEXCOORD1: 0.117647059, 0.643137276, 0.788235307, 0.219607845
vb0[366]+000 TEXCOORD2: 0.117647059, 0.643137276, 0.788235307, 0.219607845
vb0[366]+000 TEXCOORD3: 0.117647059, 0.643137276, 0.788235307, 0.219607845

vb0[367]+000 POSITION: -0.0598144531, 0.42578125, 0.118286133, 1
vb0[367]+008 NORMAL: 0.88188976, -0.0787401572, -0.456692904, 0
vb0[367]+012 COLOR: 0.87843138, 0.513725519, 0.176470593, 0.592156887
vb0[367]+016 TEXCOORD: 0.0522155762, 0.969726563
vb0[367]+000 TEXCOORD1: 0.65882355, 0.670588255, 0.815686285, 0.211764708
vb0[367]+000 TEXCOORD2: 0.65882355, 0.670588255, 0.815686285, 0.211764708
vb0[367]+000 TEXCOORD3: 0.65882355, 0.670588255, 0.815686285, 0.211764708

vb0[368]+000 POSITION: -0.0888671875, 0.440673828, 0.126464844, 1
vb0[368]+008 NORMAL: -0.866141737, 0.417322844, -0.283464581, 0
vb0[368]+012 COLOR: 0.470588237, 0.694117665, 0.0392156877, 0.41568628
vb0[368]+016 TEXCOORD: 0.0495300293, 0.961914063
vb0[368]+000 TEXCOORD1: 0.690196097, 0.678431392, 0.0509803928, 0.215686277
vb0[368]+000 TEXCOORD2: 0.690196097, 0.678431392, 0.0509803928, 0.215686277
vb0[368]+000 TEXCOORD3: 0.690196097, 0.678431392, 0.0509803928, 0.215686277

vb0[369]+000 POSITION: 0.0102462769, 0.598144531, 0.197631836, 1
vb0[369]+008 NORMAL: 0.834645689, -0.0472440943, -0.551181078, 0
vb0[369]+012 COLOR: 0.850980401, 0.533333361, 0.149019614, 0.407843143
vb0[369]+016 TEXCOORD: 0.0765991211, 0.970703125
vb0[369]+000 TEXCOORD1: 0.247058824, 0.129411772, 0.788235307, 0.219607845
vb0[369]+000 TEXCOORD2: 0.247058824, 0.129411772, 0.788235307, 0.219607845
vb0[369]+000 TEXCOORD3: 0.247058824, 0.129411772, 0.788235307, 0.219607845

vb0[370]+000 POSITION: -6.45144361e-39, 0.580566406, 0.216674805, 1
vb0[370]+008 NORMAL: 0.433070868, -0.472440958, 0.771653533, 0
vb0[370]+012 COLOR: 0.745098054, 0.258823544, 0.862745106, 0.701960802
vb0[370]+016 TEXCOORD: 0.078918457, 0.979003906
vb0[370]+000 TEXCOORD1: 0.196078435, 0.509803951, 0.647058845, 0.219607845
vb0[370]+000 TEXCOORD2: 0.196078435, 0.509803951, 0.647058845, 0.219607845
vb0[370]+000 TEXCOORD3: 0.196078435, 0.509803951, 0.647058845, 0.219607845

vb0[371]+000 POSITION: -0.0725097656, 0.416259766, 0.145751953, 1
vb0[371]+008 NORMAL: 0.291338593, -0.44094488, 0.850393713, 0
vb0[371]+012 COLOR: 0.576470613, 0.31764707, 0.960784316, 0.874509811
vb0[371]+016 TEXCOORD: 0.0546875, 0.978027344
vb0[371]+000 TEXCOORD1: 0.643137276, 0.674509823, 0.662745118, 0.211764708
vb0[371]+000 TEXCOORD2: 0.643137276, 0.674509823, 0.662745118, 0.211764708
vb0[371]+000 TEXCOORD3: 0.643137276, 0.674509823, 0.662745118, 0.211764708

vb0[372]+000 POSITION: -0.0160827637, 0.598144531, 0.202758789, 1
vb0[372]+008 NORMAL: -0.858267725, 0.496062994, -0.149606302, 0
vb0[372]+012 COLOR: 0.152941182, 0.498039216, 0.858823538, 0.313725501
vb0[372]+016 TEXCOORD: 0.0830688477, 0.990722656
vb0[372]+000 TEXCOORD1: 0.117647059, 0.643137276, 0.788235307, 0.219607845
vb0[372]+000 TEXCOORD2: 0.117647059, 0.643137276, 0.788235307, 0.219607845
vb0[372]+000 TEXCOORD3: 0.117647059, 0.643137276, 0.788235307, 0.219607845

vb0[373]+000 POSITION: -0.0888671875, 0.440673828, 0.126464844, 1
vb0[373]+008 NORMAL: -0.866141737, 0.417322844, -0.283464581, 0
vb0[373]+012 COLOR: 0.117647059, 0.482352942, 0.819607854, 0.41568628
vb0[373]+016 TEXCOORD: 0.0587158203, 0.989746094
vb0[373]+000 TEXCOORD1: 0.690196097, 0.678431392, 0.0509803928, 0.215686277
vb0[373]+000 TEXCOORD2: 0.690196097, 0.678431392, 0.0509803928, 0.215686277
vb0[373]+000 TEXCOORD3: 0.690196097, 0.678431392, 0.0509803928, 0.215686277

vb0[374]+000 POSITION: 0.0849609375, 0.823730469, 0.30078125, 1
vb0[374]+008 NORMAL: 0.338582665, 0.866141737, 0.362204731, 0
vb0[374]+012 COLOR: 0.41568628, 0.729411781, 0.0627451017, 0.101960786
vb0[374]+016 TEXCOORD: 0.0834960938, 0.971191406
vb0[374]+000 TEXCOORD1: 0.43921569, 0.176470593, 0.592156887, 0.227450982
vb0[374]+000 TEXCOORD2: 0.43921569, 0.176470593, 0.592156887, 0.227450982
vb0[374]+000 TEXCOORD3: 0.43921569, 0.176470593, 0.592156887, 0.227450982

vb0[375]+000 POSITION: 0.0849609375, 0.823730469, 0.30078125, 1
vb0[375]+008 NORMAL: 0.338582665, 0.866141737, 0.362204731, 0
vb0[375]+012 COLOR: 0.956862748, 0.313725501, 0.576470613, 0.101960786
vb0[375]+016 TEXCOORD: 0.0861206055, 0.979003906
vb0[375]+000 TEXCOORD1: 0.43921569, 0.176470593, 0.592156887, 0.227450982
vb0[375]+000 TEXCOORD2: 0.43921569, 0.176470593, 0.592156887, 0.227450982
vb0[375]+000 TEXCOORD3: 0.43921569, 0.176470593, 0.592156887, 0.227450982

vb0[376]+000 POSITION: 0.0849609375, 0.823730469, 0.30078125, 1
vb0[376]+008 NORMAL: 0.338582665, 0.866141737, 0.362204731, 0
vb0[376]+012 COLOR: 0.164705887, 0.490196079, 0.870588243, 0.101960786
vb0[376]+016 TEXCOORD: 0.0887451172, 0.986816406
vb0[376]+000 TEXCOORD1: 0.43921569, 0.176470593, 0.592156887, 0.227450982
vb0[376]+000 TEXCOORD2: 0.43921569, 0.176470593, 0.592156887, 0.227450982
vb0[376]+000 TEXCOORD3: 0.43921569, 0.176470593, 0.592156887, 0.227450982

vb0[377]+000 POSITION: -0.107299805, 0.200317383, 0.0342102051, 1
vb0[377]+008 NORMAL: 0.92125982, -0.0472440943, -0.377952754, 0
vb0[377]+012 COLOR: 0.894117653, 0.533333361, 0.192156866, 0.454901963
vb0[377]+016 TEXCOORD: 0.0278320313, 0.969238281
vb0[377]+000 TEXCOORD1: 0.870588243, 0.68235296, 0.411764711, 0.196078435
vb0[377]+000 TEXCOORD2: 0.870588243, 0.68235296, 0.411764711, 0.196078435
vb0[377]+000 TEXCOORD3: 0.870588243, 0.68235296, 0.411764711, 0.196078435

vb0[378]+000 POSITION: -0.137817383, 0.216674805, 0.0436401367, 1
vb0[378]+008 NORMAL: -0.88188976, 0.322834641, -0.338582665, 0
vb0[378]+012 COLOR: 0.454901963, 0.68235296, 0.0352941193, 0.101960786
vb0[378]+016 TEXCOORD: 0.0252075195, 0.9609375
vb0[378]+000 TEXCOORD1: 0.411764711, 0.690196097, 0.937254906, 0.196078435
vb0[378]+000 TEXCOORD2: 0.411764711, 0.690196097, 0.937254906, 0.196078435
vb0[378]+000 TEXCOORD3: 0.411764711, 0.690196097, 0.937254906, 0.196078435

vb0[379]+000 POSITION: -0.116943359, 0.195556641, 0.0646972656, 1
vb0[379]+008 NORMAL: 0.543307066, -0.377952754, 0.748031497, 0
vb0[379]+012 COLOR: 0.31764707, 0.376470596, 0.949019611, 0.749019623
vb0[379]+016 TEXCOORD: 0.030456543, 0.977050781
vb0[379]+000 TEXCOORD1: 0.486274511, 0.686274529, 0.258823544, 0.196078435
vb0[379]+000 TEXCOORD2: 0.486274511, 0.686274529, 0.258823544, 0.196078435
vb0[379]+000 TEXCOORD3: 0.486274511, 0.686274529, 0.258823544, 0.196078435

vb0[380]+000 POSITION: -0.137817383, 0.216674805, 0.0436401367, 1
vb0[380]+008 NORMAL: -0.88188976, 0.322834641, -0.338582665, 0
vb0[380]+012 COLOR: 0.125490203, 0.458823532, 0.831372559, 0.101960786
vb0[380]+016 TEXCOORD: 0.0343933105, 0.988769531
vb0[380]+000 TEXCOORD1: 0.411764711, 0.690196097, 0.937254906, 0.196078435
vb0[380]+000 TEXCOORD2: 0.411764711, 0.690196097, 0.937254906, 0.196078435
vb0[380]+000 TEXCOORD3: 0.411764711, 0.690196097, 0.937254906, 0.196078435

vb0[381]+000 POSITION: -0.120605469, 0.104248047, 0.0678710938, 1
vb0[381]+008 NORMAL: -0.259842515, -0.05511811, 0.96062994, 0
vb0[381]+012 COLOR: 0.380392164, 0.443137258, 0.980392158, 0.827450991
vb0[381]+016 TEXCOORD: 0.0321655273, 0.980957031
vb0[381]+000 TEXCOORD1: 0.721568644, 0.686274529, 0.674509823, 0.180392161
vb0[381]+000 TEXCOORD2: 0.721568644, 0.686274529, 0.674509823, 0.180392161
vb0[381]+000 TEXCOORD3: 0.721568644, 0.686274529, 0.674509823, 0.180392161

vb0[382]+000 POSITION: -0.0711669922, -0.0490722656, 0.0204162598, 1
vb0[382]+008 NORMAL: 0.866141737, 0.0944881886, -0.496062994, 0
vb0[382]+012 COLOR: 0.886274517, 0.529411793, 0.815686285, 0.360784322
vb0[382]+016 TEXCOORD: 0.0290527344, 0.992675781
vb0[382]+000 TEXCOORD1: 0.556862772, 0.674509823, 0.282352954, 0.666666687
vb0[382]+000 TEXCOORD2: 0.556862772, 0.674509823, 0.282352954, 0.666666687
vb0[382]+000 TEXCOORD3: 0.556862772, 0.674509823, 0.282352954, 0.666666687

vb0[383]+000 POSITION: -0.0842895508, 0.111877441, 0.0236816406, 1
vb0[383]+008 NORMAL: 0.834645689, 0.181102365, -0.51968503, 0
vb0[383]+012 COLOR: 0.87843138, 0.533333361, 0.823529422, 0.486274511
vb0[383]+016 TEXCOORD: 0.0357666016, 0.993164063
vb0[383]+000 TEXCOORD1: 0.396078438, 0.678431392, 0.160784319, 0.184313729
vb0[383]+000 TEXCOORD2: 0.396078438, 0.678431392, 0.160784319, 0.184313729
vb0[383]+000 TEXCOORD3: 0.396078438, 0.678431392, 0.160784319, 0.184313729

vb0[384]+000 POSITION: -0.110595703, -0.0496826172, 0.0702514648, 1
vb0[384]+008 NORMAL: -0.527559042, 0.0393700786, 0.850393713, 0
vb0[384]+012 COLOR: 0.117647059, 0.494117647, 0.823529422, 0.827450991
vb0[384]+016 TEXCOORD: 0.0251159668, 0.980957031
vb0[384]+000 TEXCOORD1: 0.0784313753, 0.686274529, 0.360784322, 0.666666687
vb0[384]+000 TEXCOORD2: 0.0784313753, 0.686274529, 0.360784322, 0.666666687
vb0[384]+000 TEXCOORD3: 0.0784313753, 0.686274529, 0.360784322, 0.666666687

vb0[385]+000 POSITION: -0.128173828, 0.0938110352, 0.0105438232, 1
vb0[385]+008 NORMAL: -0.448818892, 0.0393700786, -0.889763772, 0
vb0[385]+012 COLOR: 0.152941182, 0.525490224, 0.137254909, 0.686274529
vb0[385]+016 TEXCOORD: 0.0276489258, 0.969726563
vb0[385]+000 TEXCOORD1: 0.101960786, 0.690196097, 0.00392156886, 0.180392161
vb0[385]+000 TEXCOORD2: 0.101960786, 0.690196097, 0.00392156886, 0.180392161
vb0[385]+000 TEXCOORD3: 0.101960786, 0.690196097, 0.00392156886, 0.180392161

vb0[386]+000 POSITION: -0.127563477, -0.0494384766, 0.00141716003, 1
vb0[386]+008 NORMAL: -0.488188982, 0.0393700786, -0.874015749, 0
vb0[386]+012 COLOR: 0.388235301, 0.525490224, 0.0156862754, 0.749019623
vb0[386]+016 TEXCOORD: 0.0211791992, 0.96875
vb0[386]+000 TEXCOORD1: 0.0823529437, 0.690196097, 0.329411775, 0.666666687
vb0[386]+000 TEXCOORD2: 0.0823529437, 0.690196097, 0.329411775, 0.666666687
vb0[386]+000 TEXCOORD3: 0.0823529437, 0.690196097, 0.329411775, 0.666666687

vb0[387]+000 POSITION: -0.0842895508, 0.111877441, 0.0236816406, 1
vb0[387]+008 NORMAL: 0.834645689, 0.181102365, -0.51968503, 0
vb0[387]+012 COLOR: 0.631372571, 0.549019635, 0.0196078438, 0.486274511
vb0[387]+016 TEXCOORD: 0.0252685547, 0.961425781
vb0[387]+000 TEXCOORD1: 0.396078438, 0.678431392, 0.160784319, 0.184313729
vb0[387]+000 TEXCOORD2: 0.396078438, 0.678431392, 0.160784319, 0.184313729
vb0[387]+000 TEXCOORD3: 0.396078438, 0.678431392, 0.160784319, 0.184313729

vb0[388]+000 POSITION: -0.0711669922, -0.0490722656, 0.0204162598, 1
vb0[388]+008 NORMAL: 0.866141737, 0.0944881886, -0.496062994, 0
vb0[388]+012 COLOR: 0.65882355, 0.521568656, 0.0274509806, 0.360784322
vb0[388]+016 TEXCOORD: 0.0185699463, 0.9609375
vb0[388]+000 TEXCOORD1: 0.556862772, 0.674509823, 0.282352954, 0.666666687
vb0[388]+000 TEXCOORD2: 0.556862772, 0.674509823, 0.282352954, 0.666666687
vb0[388]+000 TEXCOORD3: 0.556862772, 0.674509823, 0.282352954, 0.666666687

vb0[389]+000 POSITION: -0.151000977, 0.263183594, 0.084777832, 1
vb0[389]+008 NORMAL: -0.188976377, -0.236220479, 0.952755928, 0
vb0[389]+012 COLOR: 0.392156869, 0.352941185, 0.964705884, 0.796078444
vb0[389]+016 TEXCOORD: 0.0462036133, 0.981933594
vb0[389]+000 TEXCOORD1: 0.835294127, 0.690196097, 0.211764708, 0.203921571
vb0[389]+000 TEXCOORD2: 0.835294127, 0.690196097, 0.211764708, 0.203921571
vb0[389]+000 TEXCOORD3: 0.835294127, 0.690196097, 0.211764708, 0.203921571

vb0[390]+000 POSITION: -0.122558594, 0.283691406, 0.0501098633, 1
vb0[390]+008 NORMAL: 0.779527545, 0.385826766, -0.488188982, 0
vb0[390]+012 COLOR: 0.866666675, 0.521568656, 0.839215696, 0.352941185
vb0[390]+016 TEXCOORD: 0.0501708984, 0.993652344
vb0[390]+000 TEXCOORD1: 0.847058833, 0.686274529, 0.541176498, 0.203921571
vb0[390]+000 TEXCOORD2: 0.847058833, 0.686274529, 0.541176498, 0.203921571
vb0[390]+000 TEXCOORD3: 0.847058833, 0.686274529, 0.541176498, 0.203921571

vb0[391]+000 POSITION: -0.162231445, 0.269287109, 0.0378723145, 1
vb0[391]+008 NORMAL: -0.496062994, 0.102362208, -0.866141737, 0
vb0[391]+012 COLOR: 0.141176477, 0.533333361, 0.156862751, 0.607843161
vb0[391]+016 TEXCOORD: 0.0421447754, 0.969726563
vb0[391]+000 TEXCOORD1: 0.192156866, 0.694117665, 0.309803933, 0.203921571
vb0[391]+000 TEXCOORD2: 0.192156866, 0.694117665, 0.309803933, 0.203921571
vb0[391]+000 TEXCOORD3: 0.192156866, 0.694117665, 0.309803933, 0.203921571

vb0[392]+000 POSITION: -0.122558594, 0.283691406, 0.0501098633, 1
vb0[392]+008 NORMAL: 0.779527545, 0.385826766, -0.488188982, 0
vb0[392]+012 COLOR: 0.596078455, 0.635294139, 0.0274509806, 0.352941185
vb0[392]+016 TEXCOORD: 0.0396728516, 0.961914063
vb0[392]+000 TEXCOORD1: 0.847058833, 0.686274529, 0.541176498, 0.203921571
vb0[392]+000 TEXCOORD2: 0.847058833, 0.686274529, 0.541176498, 0.203921571
vb0[392]+000 TEXCOORD3: 0.847058833, 0.686274529, 0.541176498, 0.203921571

vb0[393]+000 POSITION: -0.225830078, 0.451171875, 0.151245117, 1
vb0[393]+008 NORMAL: -0.0944881886, -0.236220479, 0.968503952, 0
vb0[393]+012 COLOR: 0.545098066, 0.396078438, 0.988235295, 0.78039217
vb0[393]+016 TEXCOORD: 0.0748901367, 0.982421875
vb0[393]+000 TEXCOORD1: 0.227450982, 0.701960802, 0.219607845, 0.215686277
vb0[393]+000 TEXCOORD2: 0.227450982, 0.701960802, 0.219607845, 0.215686277
vb0[393]+000 TEXCOORD3: 0.227450982, 0.701960802, 0.219607845, 0.215686277

vb0[394]+000 POSITION: -0.194824219, 0.465087891, 0.122131348, 1
vb0[394]+008 NORMAL: 0.842519701, 0.385826766, -0.385826766, 0
vb0[394]+012 COLOR: 0.843137264, 0.494117647, 0.862745106, 0.458823532
vb0[394]+016 TEXCOORD: 0.0781860352, 0.994628906
vb0[394]+000 TEXCOORD1: 0.235294119, 0.698039234, 0.443137258, 0.215686277
vb0[394]+000 TEXCOORD2: 0.235294119, 0.698039234, 0.443137258, 0.215686277
vb0[394]+000 TEXCOORD3: 0.235294119, 0.698039234, 0.443137258, 0.215686277

vb0[395]+000 POSITION: -0.23046875, 0.467529297, 0.117004395, 1
vb0[395]+008 NORMAL: -0.511811018, 0.125984251, -0.850393713, 0
vb0[395]+012 COLOR: 0.0823529437, 0.4627451, 0.223529413, 0.56078434
vb0[395]+016 TEXCOORD: 0.0707397461, 0.970703125
vb0[395]+000 TEXCOORD1: 0.376470596, 0.701960802, 0.482352942, 0.215686277
vb0[395]+000 TEXCOORD2: 0.376470596, 0.701960802, 0.482352942, 0.215686277
vb0[395]+000 TEXCOORD3: 0.376470596, 0.701960802, 0.482352942, 0.215686277

vb0[396]+000 POSITION: -0.194824219, 0.465087891, 0.122131348, 1
vb0[396]+008 NORMAL: 0.842519701, 0.385826766, -0.385826766, 0
vb0[396]+012 COLOR: 0.572549045, 0.678431392, 0.0392156877, 0.458823532
vb0[396]+016 TEXCOORD: 0.0676879883, 0.963378906
vb0[396]+000 TEXCOORD1: 0.235294119, 0.698039234, 0.443137258, 0.215686277
vb0[396]+000 TEXCOORD2: 0.235294119, 0.698039234, 0.443137258, 0.215686277
vb0[396]+000 TEXCOORD3: 0.235294119, 0.698039234, 0.443137258, 0.215686277

vb0[397]+000 POSITION: -0.277099609, 0.83203125, 0.204101563, 1
vb0[397]+008 NORMAL: -0.149606302, 0.968503952, 0.181102365, 0
vb0[397]+012 COLOR: 0.843137264, 0.494117647, 0.862745106, 0.101960786
vb0[397]+016 TEXCOORD: 0.0902099609, 0.987304688
vb0[397]+000 TEXCOORD1: 0.435294122, 0.70588237, 0.65882355, 0.227450982
vb0[397]+000 TEXCOORD2: 0.435294122, 0.70588237, 0.65882355, 0.227450982
vb0[397]+000 TEXCOORD3: 0.435294122, 0.70588237, 0.65882355, 0.227450982

vb0[398]+000 POSITION: -0.277099609, 0.83203125, 0.204101563, 1
vb0[398]+008 NORMAL: -0.149606302, 0.968503952, 0.181102365, 0
vb0[398]+012 COLOR: 0.00784313772, 0.427450985, 0.533333361, 0.101960786
vb0[398]+016 TEXCOORD: 0.0849609375, 0.971191406
vb0[398]+000 TEXCOORD1: 0.435294122, 0.70588237, 0.65882355, 0.227450982
vb0[398]+000 TEXCOORD2: 0.435294122, 0.70588237, 0.65882355, 0.227450982
vb0[398]+000 TEXCOORD3: 0.435294122, 0.70588237, 0.65882355, 0.227450982

vb0[399]+000 POSITION: -0.277099609, 0.83203125, 0.204101563, 1
vb0[399]+008 NORMAL: -0.149606302, 0.968503952, 0.181102365, 0
vb0[399]+012 COLOR: 0.576470613, 0.623529434, 0.0235294122, 0.101960786
vb0[399]+016 TEXCOORD: 0.0823364258, 0.963378906
vb0[399]+000 TEXCOORD1: 0.435294122, 0.70588237, 0.65882355, 0.227450982
vb0[399]+000 TEXCOORD2: 0.435294122, 0.70588237, 0.65882355, 0.227450982
vb0[399]+000 TEXCOORD3: 0.435294122, 0.70588237, 0.65882355, 0.227450982

vb0[400]+000 POSITION: -0.0858154297, 0.212402344, -0.129272461, 1
vb0[400]+008 NORMAL: -0.716535449, -0.527559042, -0.456692904, 0
vb0[400]+012 COLOR: 0.125490203, 0.168627456, 0.505882382, 0.858823538
vb0[400]+016 TEXCOORD: 0.0174560547, 0.9765625
vb0[400]+000 TEXCOORD1: 0.494117647, 0.678431392, 0.800000012, 0.196078435
vb0[400]+000 TEXCOORD2: 0.494117647, 0.678431392, 0.800000012, 0.196078435
vb0[400]+000 TEXCOORD3: 0.494117647, 0.678431392, 0.800000012, 0.196078435

vb0[401]+000 POSITION: -0.00983428955, 0.123718262, -0.124694824, 1
vb0[401]+008 NORMAL: 0.0393700786, -0.181102365, 0.984251976, 0
vb0[401]+012 COLOR: 0.235294119, 0.294117659, 0.870588243, 0.101960786
vb0[401]+016 TEXCOORD: 0.00572967529, 0.964355469
vb0[401]+000 TEXCOORD1: 0.0352941193, 0.631372571, 0.921568632, 0.184313729
vb0[401]+000 TEXCOORD2: 0.0352941193, 0.631372571, 0.921568632, 0.184313729
vb0[401]+000 TEXCOORD3: 0.0352941193, 0.631372571, 0.921568632, 0.184313729

vb0[402]+000 POSITION: -0.0697021484, 0.233154297, -0.106018066, 1
vb0[402]+008 NORMAL: 0.574803174, 0.362204731, 0.732283473, 0
vb0[402]+012 COLOR: 0.270588249, 0.258823544, 0.874509811, 0.454901963
vb0[402]+016 TEXCOORD: 0.0135269165, 0.964355469
vb0[402]+000 TEXCOORD1: 0.4627451, 0.674509823, 0.4627451, 0.200000003
vb0[402]+000 TEXCOORD2: 0.4627451, 0.674509823, 0.4627451, 0.200000003
vb0[402]+000 TEXCOORD3: 0.4627451, 0.674509823, 0.4627451, 0.200000003

vb0[403]+000 POSITION: -0.0227355957, 0.107421875, -0.142822266, 1
vb0[403]+008 NORMAL: -0.763779521, -0.377952754, -0.51968503, 0
vb0[403]+012 COLOR: 0.152941182, 0.337254912, 0.176470593, 0.827450991
vb0[403]+016 TEXCOORD: 0.00966644287, 0.976074219
vb0[403]+000 TEXCOORD1: 0.823529422, 0.647058845, 0.87843138, 0.180392161
vb0[403]+000 TEXCOORD2: 0.823529422, 0.647058845, 0.87843138, 0.180392161
vb0[403]+000 TEXCOORD3: 0.823529422, 0.647058845, 0.87843138, 0.180392161

vb0[404]+000 POSITION: -0.0631103516, 0.230712891, -0.138061523, 1
vb0[404]+008 NORMAL: 0.354330719, 0.354330719, -0.866141737, 0
vb0[404]+012 COLOR: 0.607843161, 0.654901981, 0.0392156877, 0.513725519
vb0[404]+016 TEXCOORD: 0.0200805664, 0.984375
vb0[404]+000 TEXCOORD1: 0.0392156877, 0.674509823, 0.384313732, 0.200000003
vb0[404]+000 TEXCOORD2: 0.0392156877, 0.674509823, 0.384313732, 0.200000003
vb0[404]+000 TEXCOORD3: 0.0392156877, 0.674509823, 0.384313732, 0.200000003

vb0[405]+000 POSITION: -0.0050239563, 0.121032715, -0.151367188, 1
vb0[405]+008 NORMAL: 0.165354326, 0.212598428, -0.96062994, 0
vb0[405]+012 COLOR: 0.898039222, 0.737254918, 0.309803933, 0.701960802
vb0[405]+016 TEXCOORD: 0.0122833252, 0.983886719
vb0[405]+000 TEXCOORD1: 0.145098045, 0.615686297, 0.749019623, 0.184313729
vb0[405]+000 TEXCOORD2: 0.145098045, 0.615686297, 0.749019623, 0.184313729
vb0[405]+000 TEXCOORD3: 0.145098045, 0.615686297, 0.749019623, 0.184313729

vb0[406]+000 POSITION: -0.0697021484, 0.233154297, -0.106018066, 1
vb0[406]+008 NORMAL: 0.574803174, 0.362204731, 0.732283473, 0
vb0[406]+012 COLOR: 0.890196085, 0.807843149, 0.564705908, 0.454901963
vb0[406]+016 TEXCOORD: 0.0227050781, 0.9921875
vb0[406]+000 TEXCOORD1: 0.4627451, 0.674509823, 0.4627451, 0.200000003
vb0[406]+000 TEXCOORD2: 0.4627451, 0.674509823, 0.4627451, 0.200000003
vb0[406]+000 TEXCOORD3: 0.4627451, 0.674509823, 0.4627451, 0.200000003

vb0[407]+000 POSITION: -0.00983428955, 0.123718262, -0.124694824, 1
vb0[407]+008 NORMAL: 0.0393700786, -0.181102365, 0.984251976, 0
vb0[407]+012 COLOR: 0.941176474, 0.729411781, 0.556862772, 0.101960786
vb0[407]+016 TEXCOORD: 0.0149078369, 0.9921875
vb0[407]+000 TEXCOORD1: 0.0352941193, 0.631372571, 0.921568632, 0.184313729
vb0[407]+000 TEXCOORD2: 0.0352941193, 0.631372571, 0.921568632, 0.184313729
vb0[407]+000 TEXCOORD3: 0.0352941193, 0.631372571, 0.921568632, 0.184313729

vb0[408]+000 POSITION: -0.194213867, 0.335449219, -0.0953979492, 1
vb0[408]+008 NORMAL: 0.236220479, 0.102362208, 0.968503952, 0
vb0[408]+012 COLOR: 0.258823544, 0.235294119, 0.850980401, 0.592156887
vb0[408]+016 TEXCOORD: 0.0329589844, 0.965332031
vb0[408]+000 TEXCOORD1: 0.215686277, 0.698039234, 0.368627459, 0.20784314
vb0[408]+000 TEXCOORD2: 0.215686277, 0.698039234, 0.368627459, 0.20784314
vb0[408]+000 TEXCOORD3: 0.215686277, 0.698039234, 0.368627459, 0.20784314

vb0[409]+000 POSITION: -0.209472656, 0.319580078, -0.119445801, 1
vb0[409]+008 NORMAL: -0.692913413, -0.551181078, -0.464566916, 0
vb0[409]+012 COLOR: 0.105882354, 0.215686277, 0.376470596, 0.858823538
vb0[409]+016 TEXCOORD: 0.0368652344, 0.977050781
vb0[409]+000 TEXCOORD1: 0.70588237, 0.698039234, 0.113725491, 0.20784314
vb0[409]+000 TEXCOORD2: 0.70588237, 0.698039234, 0.113725491, 0.20784314
vb0[409]+000 TEXCOORD3: 0.70588237, 0.698039234, 0.113725491, 0.20784314

vb0[410]+000 POSITION: -0.243164063, 0.415283203, -0.0857543945, 1
vb0[410]+008 NORMAL: 0.00787401572, 0.0314960629, 1, 0
vb0[410]+012 COLOR: 0.192156866, 0.356862754, 0.866666675, 0.572549045
vb0[410]+016 TEXCOORD: 0.0523681641, 0.966308594
vb0[410]+000 TEXCOORD1: 0.784313738, 0.701960802, 0.647058845, 0.211764708
vb0[410]+000 TEXCOORD2: 0.784313738, 0.701960802, 0.647058845, 0.211764708
vb0[410]+000 TEXCOORD3: 0.784313738, 0.701960802, 0.647058845, 0.211764708

vb0[411]+000 POSITION: -0.263183594, 0.404785156, -0.105773926, 1
vb0[411]+008 NORMAL: -0.858267725, -0.40157479, -0.330708653, 0
vb0[411]+012 COLOR: 0.109803922, 0.298039228, 0.258823544, 0.78039217
vb0[411]+016 TEXCOORD: 0.0562744141, 0.978027344
vb0[411]+000 TEXCOORD1: 0.211764708, 0.70588237, 0.478431374, 0.211764708
vb0[411]+000 TEXCOORD2: 0.211764708, 0.70588237, 0.478431374, 0.211764708
vb0[411]+000 TEXCOORD3: 0.211764708, 0.70588237, 0.478431374, 0.211764708

vb0[412]+000 POSITION: -0.240356445, 0.415283203, -0.115722656, 1
vb0[412]+008 NORMAL: 0.330708653, 0.181102365, -0.929133832, 0
vb0[412]+012 COLOR: 0.839215696, 0.686274529, 0.184313729, 0.513725519
vb0[412]+016 TEXCOORD: 0.0589599609, 0.985839844
vb0[412]+000 TEXCOORD1: 0.694117665, 0.701960802, 0.647058845, 0.211764708
vb0[412]+000 TEXCOORD2: 0.694117665, 0.701960802, 0.647058845, 0.211764708
vb0[412]+000 TEXCOORD3: 0.694117665, 0.701960802, 0.647058845, 0.211764708

vb0[413]+000 POSITION: -0.193603516, 0.342529297, -0.125976563, 1
vb0[413]+008 NORMAL: 0.259842515, 0.362204731, -0.897637784, 0
vb0[413]+012 COLOR: 0.709803939, 0.752941191, 0.121568628, 0.56078434
vb0[413]+016 TEXCOORD: 0.0395202637, 0.985351563
vb0[413]+000 TEXCOORD1: 0.196078435, 0.698039234, 0.482352942, 0.20784314
vb0[413]+000 TEXCOORD2: 0.196078435, 0.698039234, 0.482352942, 0.20784314
vb0[413]+000 TEXCOORD3: 0.196078435, 0.698039234, 0.482352942, 0.20784314

vb0[414]+000 POSITION: -0.194213867, 0.335449219, -0.0953979492, 1
vb0[414]+008 NORMAL: 0.236220479, 0.102362208, 0.968503952, 0
vb0[414]+012 COLOR: 0.894117653, 0.800000012, 0.568627477, 0.592156887
vb0[414]+016 TEXCOORD: 0.0422058105, 0.993164063
vb0[414]+000 TEXCOORD1: 0.215686277, 0.698039234, 0.368627459, 0.20784314
vb0[414]+000 TEXCOORD2: 0.215686277, 0.698039234, 0.368627459, 0.20784314
vb0[414]+000 TEXCOORD3: 0.215686277, 0.698039234, 0.368627459, 0.20784314

vb0[415]+000 POSITION: -0.243164063, 0.415283203, -0.0857543945, 1
vb0[415]+008 NORMAL: 0.00787401572, 0.0314960629, 1, 0
vb0[415]+012 COLOR: 0.945098042, 0.725490212, 0.541176498, 0.572549045
vb0[415]+016 TEXCOORD: 0.0617370605, 0.993652344
vb0[415]+000 TEXCOORD1: 0.784313738, 0.701960802, 0.647058845, 0.211764708
vb0[415]+000 TEXCOORD2: 0.784313738, 0.701960802, 0.647058845, 0.211764708
vb0[415]+000 TEXCOORD3: 0.784313738, 0.701960802, 0.647058845, 0.211764708

vb0[416]+000 POSITION: -0.315673828, 0.558105469, -0.127319336, 1
vb0[416]+008 NORMAL: -0.771653533, -0.393700778, -0.496062994, 0
vb0[416]+012 COLOR: 0.0431372561, 0.309803933, 0.568627477, 0.733333349
vb0[416]+016 TEXCOORD: 0.0640258789, 0.978515625
vb0[416]+000 TEXCOORD1: 0.0509803928, 0.709803939, 0.466666669, 0.219607845
vb0[416]+000 TEXCOORD2: 0.0509803928, 0.709803939, 0.466666669, 0.219607845
vb0[416]+000 TEXCOORD3: 0.0509803928, 0.709803939, 0.466666669, 0.219607845

vb0[417]+000 POSITION: -0.303222656, 0.56640625, -0.114501953, 1
vb0[417]+008 NORMAL: 0.448818892, 0.393700778, 0.803149581, 0
vb0[417]+012 COLOR: 0.211764708, 0.349019617, 0.87843138, 0.345098048
vb0[417]+016 TEXCOORD: 0.0602416992, 0.966308594
vb0[417]+000 TEXCOORD1: 0.854901969, 0.70588237, 0.533333361, 0.219607845
vb0[417]+000 TEXCOORD2: 0.854901969, 0.70588237, 0.533333361, 0.219607845
vb0[417]+000 TEXCOORD3: 0.854901969, 0.70588237, 0.533333361, 0.219607845

vb0[418]+000 POSITION: -0.301757813, 0.567871094, -0.133666992, 1
vb0[418]+008 NORMAL: 0.338582665, 0.228346452, -0.913385808, 0
vb0[418]+012 COLOR: 0.635294139, 0.588235319, 0.0274509806, 0.43921569
vb0[418]+016 TEXCOORD: 0.0668334961, 0.986328125
vb0[418]+000 TEXCOORD1: 0.831372559, 0.70588237, 0.545098066, 0.219607845
vb0[418]+000 TEXCOORD2: 0.831372559, 0.70588237, 0.545098066, 0.219607845
vb0[418]+000 TEXCOORD3: 0.831372559, 0.70588237, 0.545098066, 0.219607845

vb0[419]+000 POSITION: -0.303222656, 0.56640625, -0.114501953, 1
vb0[419]+008 NORMAL: 0.448818892, 0.393700778, 0.803149581, 0
vb0[419]+012 COLOR: 0.941176474, 0.733333349, 0.549019635, 0.345098048
vb0[419]+016 TEXCOORD: 0.0696411133, 0.994140625
vb0[419]+000 TEXCOORD1: 0.854901969, 0.70588237, 0.533333361, 0.219607845
vb0[419]+000 TEXCOORD2: 0.854901969, 0.70588237, 0.533333361, 0.219607845
vb0[419]+000 TEXCOORD3: 0.854901969, 0.70588237, 0.533333361, 0.219607845

vb0[420]+000 POSITION: -0.410888672, 0.698242188, -0.0993652344, 1
vb0[420]+008 NORMAL: -0.614173234, 0.779527545, 0.133858263, 0
vb0[420]+012 COLOR: 0.270588249, 0.266666681, 0.87843138, 0.113725491
vb0[420]+016 TEXCOORD: 0.0719604492, 0.978515625
vb0[420]+000 TEXCOORD1: 0.576470613, 0.713725507, 0.588235319, 0.223529413
vb0[420]+000 TEXCOORD2: 0.576470613, 0.713725507, 0.588235319, 0.223529413
vb0[420]+000 TEXCOORD3: 0.576470613, 0.713725507, 0.588235319, 0.223529413

vb0[421]+000 POSITION: -0.410888672, 0.698242188, -0.0993652344, 1
vb0[421]+008 NORMAL: -0.614173234, 0.779527545, 0.133858263, 0
vb0[421]+012 COLOR: 0.313725501, 0.466666669, 0.0392156877, 0.113725491
vb0[421]+016 TEXCOORD: 0.0745849609, 0.986328125
vb0[421]+000 TEXCOORD1: 0.576470613, 0.713725507, 0.588235319, 0.223529413
vb0[421]+000 TEXCOORD2: 0.576470613, 0.713725507, 0.588235319, 0.223529413
vb0[421]+000 TEXCOORD3: 0.576470613, 0.713725507, 0.588235319, 0.223529413

vb0[422]+000 POSITION: -0.410888672, 0.698242188, -0.0993652344, 1
vb0[422]+008 NORMAL: -0.614173234, 0.779527545, 0.133858263, 0
vb0[422]+012 COLOR: 0.886274517, 0.811764717, 0.549019635, 0.113725491
vb0[422]+016 TEXCOORD: 0.0772094727, 0.994628906
vb0[422]+000 TEXCOORD1: 0.576470613, 0.713725507, 0.588235319, 0.223529413
vb0[422]+000 TEXCOORD2: 0.576470613, 0.713725507, 0.588235319, 0.223529413
vb0[422]+000 TEXCOORD3: 0.576470613, 0.713725507, 0.588235319, 0.223529413

vb0[423]+000 POSITION: 0.0587768555, 0.611816406, -0.266845703, 1
vb0[423]+008 NORMAL: 0.976377964, 0.05511811, -0.196850389, 0
vb0[423]+012 COLOR: 0.972549021, 0.53725493, 0.337254912, 0.513725519
vb0[423]+016 TEXCOORD: 0.0200958252, 0.984375
vb0[423]+000 TEXCOORD1: 0.525490224, 0.168627456, 0.898039222, 0.219607845
vb0[423]+000 TEXCOORD2: 0.525490224, 0.168627456, 0.898039222, 0.219607845
vb0[423]+000 TEXCOORD3: 0.525490224, 0.168627456, 0.898039222, 0.219607845

vb0[424]+000 POSITION: 0.0728149414, 0.429199219, -0.282470703, 1
vb0[424]+008 NORMAL: -0.0472440943, 0.0157480314, -1, 0
vb0[424]+012 COLOR: 0.796078444, 0.556862772, 0.101960786, 0.101960786
vb0[424]+016 TEXCOORD: 0.0149459839, 0.9921875
vb0[424]+000 TEXCOORD1: 0.662745118, 0.172549024, 0.870588243, 0.211764708
vb0[424]+000 TEXCOORD2: 0.662745118, 0.172549024, 0.870588243, 0.211764708
vb0[424]+000 TEXCOORD3: 0.662745118, 0.172549024, 0.870588243, 0.211764708

vb0[425]+000 POSITION: 0.0433044434, 0.616210938, -0.278564453, 1
vb0[425]+008 NORMAL: -0.149606302, 0.204724416, -0.968503952, 0
vb0[425]+012 COLOR: 0.811764717, 0.576470613, 0.117647059, 0.239215687
vb0[425]+016 TEXCOORD: 0.0227050781, 0.9921875
vb0[425]+000 TEXCOORD1: 0.545098066, 0.160784319, 0.933333337, 0.219607845
vb0[425]+000 TEXCOORD2: 0.545098066, 0.160784319, 0.933333337, 0.219607845
vb0[425]+000 TEXCOORD3: 0.545098066, 0.160784319, 0.933333337, 0.219607845

vb0[426]+000 POSITION: 0.0924682617, 0.418457031, -0.270263672, 1
vb0[426]+008 NORMAL: 0.952755928, 0.149606302, 0.275590539, 0
vb0[426]+012 COLOR: 0.97647059, 0.576470613, 0.631372571, 0.623529434
vb0[426]+016 TEXCOORD: 0.0123291016, 0.984375
vb0[426]+000 TEXCOORD1: 0.921568632, 0.176470593, 0.698039234, 0.211764708
vb0[426]+000 TEXCOORD2: 0.921568632, 0.176470593, 0.698039234, 0.211764708
vb0[426]+000 TEXCOORD3: 0.921568632, 0.176470593, 0.698039234, 0.211764708

vb0[427]+000 POSITION: 0.0460510254, 0.606933594, -0.250976563, 1
vb0[427]+008 NORMAL: 0.0236220472, -0.133858263, 0.992125988, 0
vb0[427]+012 COLOR: 0.627451003, 0.458823532, 0.980392158, 0.392156869
vb0[427]+016 TEXCOORD: 0.0174713135, 0.9765625
vb0[427]+000 TEXCOORD1: 0.898039222, 0.160784319, 0.858823538, 0.219607845
vb0[427]+000 TEXCOORD2: 0.898039222, 0.160784319, 0.858823538, 0.219607845
vb0[427]+000 TEXCOORD3: 0.898039222, 0.160784319, 0.858823538, 0.219607845

vb0[428]+000 POSITION: 0.0762939453, 0.406738281, -0.253417969, 1
vb0[428]+008 NORMAL: 0.11811024, 0.00787401572, 0.992125988, 0
vb0[428]+012 COLOR: 0.368627459, 0.474509805, 0.980392158, 0.101960786
vb0[428]+016 TEXCOORD: 0.00970458984, 0.976074219
vb0[428]+000 TEXCOORD1: 0.886274517, 0.172549024, 0.509803951, 0.211764708
vb0[428]+000 TEXCOORD2: 0.886274517, 0.172549024, 0.509803951, 0.211764708
vb0[428]+000 TEXCOORD3: 0.886274517, 0.172549024, 0.509803951, 0.211764708

vb0[429]+000 POSITION: 0.0305633545, 0.611816406, -0.263916016, 1
vb0[429]+008 NORMAL: -1, 0.0157480314, 0.00787401572, 0
vb0[429]+012 COLOR: 0.0196078438, 0.490196079, 0.643137276, 0.101960786
vb0[429]+016 TEXCOORD: 0.0148391724, 0.96875
vb0[429]+000 TEXCOORD1: 0.827450991, 0.152941182, 0.898039222, 0.219607845
vb0[429]+000 TEXCOORD2: 0.827450991, 0.152941182, 0.898039222, 0.219607845
vb0[429]+000 TEXCOORD3: 0.827450991, 0.152941182, 0.898039222, 0.219607845

vb0[430]+000 POSITION: 0.0581359863, 0.41796875, -0.266601563, 1
vb0[430]+008 NORMAL: -0.929133832, -0.14173229, 0.346456707, 0
vb0[430]+012 COLOR: 0.0235294122, 0.431372553, 0.360784322, 0.101960786
vb0[430]+016 TEXCOORD: 0.00708007813, 0.968261719
vb0[430]+000 TEXCOORD1: 0.443137258, 0.168627456, 0.690196097, 0.211764708
vb0[430]+000 TEXCOORD2: 0.443137258, 0.168627456, 0.690196097, 0.211764708
vb0[430]+000 TEXCOORD3: 0.443137258, 0.168627456, 0.690196097, 0.211764708

vb0[431]+000 POSITION: 0.0433044434, 0.616210938, -0.278564453, 1
vb0[431]+008 NORMAL: -0.149606302, 0.204724416, -0.968503952, 0
vb0[431]+012 COLOR: 0.125490203, 0.529411793, 0.168627456, 0.239215687
vb0[431]+016 TEXCOORD: 0.01222229, 0.9609375
vb0[431]+000 TEXCOORD1: 0.545098066, 0.160784319, 0.933333337, 0.219607845
vb0[431]+000 TEXCOORD2: 0.545098066, 0.160784319, 0.933333337, 0.219607845
vb0[431]+000 TEXCOORD3: 0.545098066, 0.160784319, 0.933333337, 0.219607845

vb0[432]+000 POSITION: 0.0728149414, 0.429199219, -0.282470703, 1
vb0[432]+008 NORMAL: -0.0472440943, 0.0157480314, -1, 0
vb0[432]+012 COLOR: 0.152941182, 0.450980395, 0.145098045, 0.101960786
vb0[432]+016 TEXCOORD: 0.00445556641, 0.960449219
vb0[432]+000 TEXCOORD1: 0.662745118, 0.172549024, 0.870588243, 0.211764708
vb0[432]+000 TEXCOORD2: 0.662745118, 0.172549024, 0.870588243, 0.211764708
vb0[432]+000 TEXCOORD3: 0.662745118, 0.172549024, 0.870588243, 0.211764708

vb0[433]+000 POSITION: 0.0905761719, 0.88671875, -0.170898438, 1
vb0[433]+008 NORMAL: 0.157480314, 0.937007844, 0.314960629, 0
vb0[433]+012 COLOR: 0.815686285, 0.596078455, 0.121568628, 0.101960786
vb0[433]+016 TEXCOORD: 0.0744018555, 0.986816406
vb0[433]+000 TEXCOORD1: 0.800000012, 0.176470593, 0.0941176489, 0.23137255
vb0[433]+000 TEXCOORD2: 0.800000012, 0.176470593, 0.0941176489, 0.23137255
vb0[433]+000 TEXCOORD3: 0.800000012, 0.176470593, 0.0941176489, 0.23137255

vb0[434]+000 POSITION: 0.0905761719, 0.88671875, -0.170898438, 1
vb0[434]+008 NORMAL: 0.157480314, 0.937007844, 0.314960629, 0
vb0[434]+012 COLOR: 0.894117653, 0.360784322, 0.772549033, 0.101960786
vb0[434]+016 TEXCOORD: 0.0717773438, 0.978515625
vb0[434]+000 TEXCOORD1: 0.800000012, 0.176470593, 0.0941176489, 0.23137255
vb0[434]+000 TEXCOORD2: 0.800000012, 0.176470593, 0.0941176489, 0.23137255
vb0[434]+000 TEXCOORD3: 0.800000012, 0.176470593, 0.0941176489, 0.23137255

vb0[435]+000 POSITION: 0.0905761719, 0.88671875, -0.170898438, 1
vb0[435]+008 NORMAL: 0.157480314, 0.937007844, 0.314960629, 0
vb0[435]+012 COLOR: 0.168627456, 0.447058827, 0.870588243, 0.101960786
vb0[435]+016 TEXCOORD: 0.069152832, 0.970703125
vb0[435]+000 TEXCOORD1: 0.800000012, 0.176470593, 0.0941176489, 0.23137255
vb0[435]+000 TEXCOORD2: 0.800000012, 0.176470593, 0.0941176489, 0.23137255
vb0[435]+000 TEXCOORD3: 0.800000012, 0.176470593, 0.0941176489, 0.23137255

vb0[436]+000 POSITION: 0.0905761719, 0.88671875, -0.170898438, 1
vb0[436]+008 NORMAL: 0.157480314, 0.937007844, 0.314960629, 0
vb0[436]+012 COLOR: 0.125490203, 0.674509823, 0.223529413, 0.101960786
vb0[436]+016 TEXCOORD: 0.0665283203, 0.962890625
vb0[436]+000 TEXCOORD1: 0.800000012, 0.176470593, 0.0941176489, 0.23137255
vb0[436]+000 TEXCOORD2: 0.800000012, 0.176470593, 0.0941176489, 0.23137255
vb0[436]+000 TEXCOORD3: 0.800000012, 0.176470593, 0.0941176489, 0.23137255

vb0[437]+000 POSITION: -0.0286102295, 0.0703735352, -0.13684082, 1
vb0[437]+008 NORMAL: -0.354330719, -0.00787401572, -0.937007844, 0
vb0[437]+012 COLOR: 0.325490206, 0.431372553, 0.0352941193, 0.811764717
vb0[437]+016 TEXCOORD: 0.0253143311, 0.980957031
vb0[437]+000 TEXCOORD1: 0.325490206, 0.654901981, 0.505882382, 0.172549024
vb0[437]+000 TEXCOORD2: 0.325490206, 0.654901981, 0.505882382, 0.172549024
vb0[437]+000 TEXCOORD3: 0.325490206, 0.654901981, 0.505882382, 0.172549024

vb0[438]+000 POSITION: -0.0523986816, -0.0553283691, -0.0794677734, 1
vb0[438]+008 NORMAL: -0.433070868, 0.188976377, 0.88188976, 0
vb0[438]+012 COLOR: 0.00784313772, 0.564705908, 0.43921569, 0.631372571
vb0[438]+016 TEXCOORD: 0.0149459839, 0.9921875
vb0[438]+000 TEXCOORD1: 0.709803939, 0.666666687, 0.0823529437, 0.670588255
vb0[438]+000 TEXCOORD2: 0.709803939, 0.666666687, 0.0823529437, 0.670588255
vb0[438]+000 TEXCOORD3: 0.709803939, 0.666666687, 0.0823529437, 0.670588255

vb0[439]+000 POSITION: -0.0316772461, 0.0892944336, -0.0997314453, 1
vb0[439]+008 NORMAL: -0.44094488, 0.283464581, 0.850393713, 0
vb0[439]+012 COLOR: 0.0156862754, 0.588235319, 0.419607848, 0.529411793
vb0[439]+016 TEXCOORD: 0.0292510986, 0.992675781
vb0[439]+000 TEXCOORD1: 0.0549019612, 0.65882355, 0.717647076, 0.176470593
vb0[439]+000 TEXCOORD2: 0.0549019612, 0.65882355, 0.717647076, 0.176470593
vb0[439]+000 TEXCOORD3: 0.0549019612, 0.65882355, 0.717647076, 0.176470593

vb0[440]+000 POSITION: -0.0469055176, -0.0560913086, -0.135620117, 1
vb0[440]+008 NORMAL: -0.0236220472, 0.0472440943, -1, 0
vb0[440]+012 COLOR: 0.623529434, 0.474509805, 0.0156862754, 0.811764717
vb0[440]+016 TEXCOORD: 0.0110168457, 0.98046875
vb0[440]+000 TEXCOORD1: 0.00392156886, 0.666666687, 0.180392161, 0.670588255
vb0[440]+000 TEXCOORD2: 0.00392156886, 0.666666687, 0.180392161, 0.670588255
vb0[440]+000 TEXCOORD3: 0.00392156886, 0.666666687, 0.180392161, 0.670588255

vb0[441]+000 POSITION: 0.00416946411, 0.0776367188, -0.106994629, 1
vb0[441]+008 NORMAL: 0.842519701, -0.0236220472, 0.535433054, 0
vb0[441]+012 COLOR: 0.984313726, 0.494117647, 0.627451003, 0.717647076
vb0[441]+016 TEXCOORD: 0.0213775635, 0.96875
vb0[441]+000 TEXCOORD1: 0.270588249, 0.109803922, 0.972549021, 0.172549024
vb0[441]+000 TEXCOORD2: 0.270588249, 0.109803922, 0.972549021, 0.172549024
vb0[441]+000 TEXCOORD3: 0.270588249, 0.109803922, 0.972549021, 0.172549024

vb0[442]+000 POSITION: -0.00500106812, -0.0558166504, -0.0947875977, 1
vb0[442]+008 NORMAL: 0.866141737, 0, 0.496062994, 0
vb0[442]+012 COLOR: 0.854901969, 0.513725519, 0.850980401, 0.78039217
vb0[442]+016 TEXCOORD: 0.00708007813, 0.968261719
vb0[442]+000 TEXCOORD1: 0.121568628, 0.615686297, 0.145098045, 0.670588255
vb0[442]+000 TEXCOORD2: 0.121568628, 0.615686297, 0.145098045, 0.670588255
vb0[442]+000 TEXCOORD3: 0.121568628, 0.615686297, 0.145098045, 0.670588255

vb0[443]+000 POSITION: -0.0316772461, 0.0892944336, -0.0997314453, 1
vb0[443]+008 NORMAL: -0.44094488, 0.283464581, 0.850393713, 0
vb0[443]+012 COLOR: 0.631372571, 0.564705908, 0.97647059, 0.529411793
vb0[443]+016 TEXCOORD: 0.0187530518, 0.9609375
vb0[443]+000 TEXCOORD1: 0.0549019612, 0.65882355, 0.717647076, 0.176470593
vb0[443]+000 TEXCOORD2: 0.0549019612, 0.65882355, 0.717647076, 0.176470593
vb0[443]+000 TEXCOORD3: 0.0549019612, 0.65882355, 0.717647076, 0.176470593

vb0[444]+000 POSITION: -0.0523986816, -0.0553283691, -0.0794677734, 1
vb0[444]+008 NORMAL: -0.433070868, 0.188976377, 0.88188976, 0
vb0[444]+012 COLOR: 0.654901981, 0.545098066, 0.972549021, 0.631372571
vb0[444]+016 TEXCOORD: 0.00445556641, 0.960449219
vb0[444]+000 TEXCOORD1: 0.709803939, 0.666666687, 0.0823529437, 0.670588255
vb0[444]+000 TEXCOORD2: 0.709803939, 0.666666687, 0.0823529437, 0.670588255
vb0[444]+000 TEXCOORD3: 0.709803939, 0.666666687, 0.0823529437, 0.670588255

vb0[445]+000 POSITION: 0.0152664185, 0.242797852, -0.184692383, 1
vb0[445]+008 NORMAL: -0.574803174, -0.125984251, -0.811023593, 0
vb0[445]+012 COLOR: 0.188235298, 0.403921574, 0.121568628, 0.717647076
vb0[445]+016 TEXCOORD: 0.0466918945, 0.981445313
vb0[445]+000 TEXCOORD1: 0.819607854, 0.137254909, 0.772549033, 0.200000003
vb0[445]+000 TEXCOORD2: 0.819607854, 0.137254909, 0.772549033, 0.200000003
vb0[445]+000 TEXCOORD3: 0.819607854, 0.137254909, 0.772549033, 0.200000003

vb0[446]+000 POSITION: 0.0132980347, 0.257080078, -0.153808594, 1
vb0[446]+008 NORMAL: -0.377952754, 0.48031497, 0.795275569, 0
vb0[446]+012 COLOR: 0.0235294122, 0.623529434, 0.411764711, 0.396078438
vb0[446]+016 TEXCOORD: 0.0505065918, 0.993652344
vb0[446]+000 TEXCOORD1: 0.811764717, 0.13333334, 0.113725491, 0.203921571
vb0[446]+000 TEXCOORD2: 0.811764717, 0.13333334, 0.113725491, 0.203921571
vb0[446]+000 TEXCOORD3: 0.811764717, 0.13333334, 0.113725491, 0.203921571

vb0[447]+000 POSITION: 0.040802002, 0.245117188, -0.16015625, 1
vb0[447]+008 NORMAL: 0.858267725, -0.0472440943, 0.503937006, 0
vb0[447]+012 COLOR: 0.984313726, 0.368627459, 0.482352942, 0.670588255
vb0[447]+016 TEXCOORD: 0.0424499512, 0.970214844
vb0[447]+000 TEXCOORD1: 0.223529413, 0.160784319, 0.847058833, 0.200000003
vb0[447]+000 TEXCOORD2: 0.223529413, 0.160784319, 0.847058833, 0.200000003
vb0[447]+000 TEXCOORD3: 0.223529413, 0.160784319, 0.847058833, 0.200000003

vb0[448]+000 POSITION: 0.0132980347, 0.257080078, -0.153808594, 1
vb0[448]+008 NORMAL: -0.377952754, 0.48031497, 0.795275569, 0
vb0[448]+012 COLOR: 0.65882355, 0.643137276, 0.952941179, 0.396078438
vb0[448]+016 TEXCOORD: 0.0400085449, 0.961914063
vb0[448]+000 TEXCOORD1: 0.811764717, 0.13333334, 0.113725491, 0.203921571
vb0[448]+000 TEXCOORD2: 0.811764717, 0.13333334, 0.113725491, 0.203921571
vb0[448]+000 TEXCOORD3: 0.811764717, 0.13333334, 0.113725491, 0.203921571

vb0[449]+000 POSITION: 0.071105957, 0.393310547, -0.230834961, 1
vb0[449]+008 NORMAL: -0.228346452, 0.551181078, 0.803149581, 0
vb0[449]+012 COLOR: 0.0588235296, 0.670588255, 0.662745118, 0.400000006
vb0[449]+016 TEXCOORD: 0.0648193359, 0.994140625
vb0[449]+000 TEXCOORD1: 0.552941203, 0.172549024, 0.294117659, 0.211764708
vb0[449]+000 TEXCOORD2: 0.552941203, 0.172549024, 0.294117659, 0.211764708
vb0[449]+000 TEXCOORD3: 0.552941203, 0.172549024, 0.294117659, 0.211764708

vb0[450]+000 POSITION: 0.0564880371, 0.376953125, -0.250488281, 1
vb0[450]+008 NORMAL: -0.937007844, -0.05511811, -0.338582665, 0
vb0[450]+012 COLOR: 0.0705882385, 0.372549027, 0.278431386, 0.623529434
vb0[450]+016 TEXCOORD: 0.0625610352, 0.985839844
vb0[450]+000 TEXCOORD1: 0.23137255, 0.168627456, 0.0313725509, 0.211764708
vb0[450]+000 TEXCOORD2: 0.23137255, 0.168627456, 0.0313725509, 0.211764708
vb0[450]+000 TEXCOORD3: 0.23137255, 0.168627456, 0.0313725509, 0.211764708

vb0[451]+000 POSITION: 0.0819702148, 0.371337891, -0.260986328, 1
vb0[451]+008 NORMAL: 0.409448832, -0.503937006, -0.755905509, 0
vb0[451]+012 COLOR: 0.78039217, 0.294117659, 0.141176477, 0.843137264
vb0[451]+016 TEXCOORD: 0.0597839355, 0.978027344
vb0[451]+000 TEXCOORD1: 0.247058824, 0.176470593, 0.945098042, 0.20784314
vb0[451]+000 TEXCOORD2: 0.247058824, 0.176470593, 0.945098042, 0.20784314
vb0[451]+000 TEXCOORD3: 0.247058824, 0.176470593, 0.945098042, 0.20784314

vb0[452]+000 POSITION: 0.0969238281, 0.384765625, -0.237548828, 1
vb0[452]+008 NORMAL: 0.944881916, 0.11811024, 0.314960629, 0
vb0[452]+012 COLOR: 0.972549021, 0.513725519, 0.662745118, 0.607843161
vb0[452]+016 TEXCOORD: 0.056640625, 0.970703125
vb0[452]+000 TEXCOORD1: 0.203921571, 0.180392161, 0.156862751, 0.211764708
vb0[452]+000 TEXCOORD2: 0.203921571, 0.180392161, 0.156862751, 0.211764708
vb0[452]+000 TEXCOORD3: 0.203921571, 0.180392161, 0.156862751, 0.211764708

vb0[453]+000 POSITION: 0.071105957, 0.393310547, -0.230834961, 1
vb0[453]+008 NORMAL: -0.228346452, 0.551181078, 0.803149581, 0
vb0[453]+012 COLOR: 0.68235296, 0.741176486, 0.898039222, 0.400000006
vb0[453]+016 TEXCOORD: 0.0543518066, 0.962402344
vb0[453]+000 TEXCOORD1: 0.552941203, 0.172549024, 0.294117659, 0.211764708
vb0[453]+000 TEXCOORD2: 0.552941203, 0.172549024, 0.294117659, 0.211764708
vb0[453]+000 TEXCOORD3: 0.552941203, 0.172549024, 0.294117659, 0.211764708

vb0[454]+000 POSITION: 0.0191497803, 0.570800781, -0.390136719, 1
vb0[454]+008 NORMAL: -0.937007844, -0.259842515, -0.22047244, 0
vb0[454]+012 COLOR: 0, 0.478431374, 0.533333361, 0.101960786
vb0[454]+016 TEXCOORD: 0.0692749023, 0.986328125
vb0[454]+000 TEXCOORD1: 0.905882359, 0.141176477, 0.568627477, 0.219607845
vb0[454]+000 TEXCOORD2: 0.905882359, 0.141176477, 0.568627477, 0.219607845
vb0[454]+000 TEXCOORD3: 0.905882359, 0.141176477, 0.568627477, 0.219607845

vb0[455]+000 POSITION: 0.0379638672, 0.586425781, -0.380126953, 1
vb0[455]+008 NORMAL: 0.299212605, 0.685039341, 0.661417305, 0
vb0[455]+012 COLOR: 0.156862751, 0.741176486, 0.772549033, 0.196078435
vb0[455]+016 TEXCOORD: 0.0720214844, 0.994628906
vb0[455]+000 TEXCOORD1: 0.862745106, 0.156862751, 0.694117665, 0.219607845
vb0[455]+000 TEXCOORD2: 0.862745106, 0.156862751, 0.694117665, 0.219607845
vb0[455]+000 TEXCOORD3: 0.862745106, 0.156862751, 0.694117665, 0.219607845

vb0[456]+000 POSITION: 0.0405883789, 0.56640625, -0.397705078, 1
vb0[456]+008 NORMAL: 0.377952754, -0.574803174, -0.724409461, 0
vb0[456]+012 COLOR: 0.650980413, 0.203921571, 0.129411772, 0.501960814
vb0[456]+016 TEXCOORD: 0.0665893555, 0.978515625
vb0[456]+000 TEXCOORD1: 0.196078435, 0.160784319, 0.533333361, 0.219607845
vb0[456]+000 TEXCOORD2: 0.196078435, 0.160784319, 0.533333361, 0.219607845
vb0[456]+000 TEXCOORD3: 0.196078435, 0.160784319, 0.533333361, 0.219607845

vb0[457]+000 POSITION: 0.0379638672, 0.586425781, -0.380126953, 1
vb0[457]+008 NORMAL: 0.299212605, 0.685039341, 0.661417305, 0
vb0[457]+012 COLOR: 0.984313726, 0.611764729, 0.53725493, 0.196078435
vb0[457]+016 TEXCOORD: 0.0628662109, 0.966796875
vb0[457]+000 TEXCOORD1: 0.862745106, 0.156862751, 0.694117665, 0.219607845
vb0[457]+000 TEXCOORD2: 0.862745106, 0.156862751, 0.694117665, 0.219607845
vb0[457]+000 TEXCOORD3: 0.862745106, 0.156862751, 0.694117665, 0.219607845

vb0[458]+000 POSITION: 0.0468444824, 0.798339844, -0.647949219, 1
vb0[458]+008 NORMAL: 0.0393700786, 0.645669281, -0.763779521, 0
vb0[458]+012 COLOR: 0.152941182, 0.788235307, 0.713725507, 0.129411772
vb0[458]+016 TEXCOORD: 0.0837402344, 0.986816406
vb0[458]+000 TEXCOORD1: 1, 0.160784319, 0.388235301, 0.227450982
vb0[458]+000 TEXCOORD2: 1, 0.160784319, 0.388235301, 0.227450982
vb0[458]+000 TEXCOORD3: 1, 0.160784319, 0.388235301, 0.227450982

vb0[459]+000 POSITION: 0.0468444824, 0.798339844, -0.647949219, 1
vb0[459]+008 NORMAL: 0.0393700786, 0.645669281, -0.763779521, 0
vb0[459]+012 COLOR: 0.31764707, 0.160784319, 0.180392161, 0.129411772
vb0[459]+016 TEXCOORD: 0.0811157227, 0.979003906
vb0[459]+000 TEXCOORD1: 1, 0.160784319, 0.388235301, 0.227450982
vb0[459]+000 TEXCOORD2: 1, 0.160784319, 0.388235301, 0.227450982
vb0[459]+000 TEXCOORD3: 1, 0.160784319, 0.388235301, 0.227450982

vb0[460]+000 POSITION: 0.0468444824, 0.798339844, -0.647949219, 1
vb0[460]+008 NORMAL: 0.0393700786, 0.645669281, -0.763779521, 0
vb0[460]+012 COLOR: 0.996078432, 0.529411793, 0.541176498, 0.129411772
vb0[460]+016 TEXCOORD: 0.0784912109, 0.971191406
vb0[460]+000 TEXCOORD1: 1, 0.160784319, 0.388235301, 0.227450982
vb0[460]+000 TEXCOORD2: 1, 0.160784319, 0.388235301, 0.227450982
vb0[460]+000 TEXCOORD3: 1, 0.160784319, 0.388235301, 0.227450982

vb0[461]+000 POSITION: -0.453857422, 1.30175781, 0.680664063, 1
vb0[461]+008 NORMAL: 0.102362208, 0.740157485, 0.661417305, 0
vb0[461]+012 COLOR: 0.552941203, 0.870588243, 0.831372559, 0.454901963
vb0[461]+016 TEXCOORD: 0.00859832764, 0.388183594
vb0[461]+000 TEXCOORD1: 0.262745112, 0.717647076, 0.20784314, 0.239215687
vb0[461]+000 TEXCOORD2: 0.262745112, 0.717647076, 0.20784314, 0.239215687
vb0[461]+000 TEXCOORD3: 0.262745112, 0.717647076, 0.20784314, 0.239215687

vb0[462]+000 POSITION: 0.252929688, 0.994140625, 0.912109375, 1
vb0[462]+008 NORMAL: 0.102362208, 0.740157485, 0.661417305, 0
vb0[462]+012 COLOR: 0.552941203, 0.870588243, 0.831372559, 0.101960786
vb0[462]+016 TEXCOORD: 0.392333984, 0.388183594
vb0[462]+000 TEXCOORD1: 0.0470588244, 0.203921571, 0.956862748, 0.23137255
vb0[462]+000 TEXCOORD2: 0.0470588244, 0.203921571, 0.956862748, 0.23137255
vb0[462]+000 TEXCOORD3: 0.0470588244, 0.203921571, 0.956862748, 0.23137255

vb0[463]+000 POSITION: 0.657226563, 1.39355469, 0.403808594, 1
vb0[463]+008 NORMAL: 0.102362208, 0.740157485, 0.661417305, 0
vb0[463]+012 COLOR: 0.552941203, 0.870588243, 0.831372559, 0.101960786
vb0[463]+016 TEXCOORD: 0.392333984, 0.00448608398
vb0[463]+000 TEXCOORD1: 0.258823544, 0.223529413, 0.576470613, 0.239215687
vb0[463]+000 TEXCOORD2: 0.258823544, 0.223529413, 0.576470613, 0.239215687
vb0[463]+000 TEXCOORD3: 0.258823544, 0.223529413, 0.576470613, 0.239215687

vb0[464]+000 POSITION: -0.0495300293, 1.70019531, 0.172485352, 1
vb0[464]+008 NORMAL: 0.102362208, 0.740157485, 0.661417305, 0
vb0[464]+012 COLOR: 0.552941203, 0.870588243, 0.831372559, 0.501960814
vb0[464]+016 TEXCOORD: 0.00859832764, 0.00448608398
vb0[464]+000 TEXCOORD1: 0.34117648, 0.666666687, 0.80392158, 0.243137255
vb0[464]+000 TEXCOORD2: 0.34117648, 0.666666687, 0.80392158, 0.243137255
vb0[464]+000 TEXCOORD3: 0.34117648, 0.666666687, 0.80392158, 0.243137255

vb0[465]+000 POSITION: 0.19921875, 1.63378906, -0.324707031, 1
vb0[465]+008 NORMAL: -0.0944881886, 0.755905509, -0.645669281, 0
vb0[465]+012 COLOR: 0.454901963, 0.87843138, 0.176470593, 0.156862751
vb0[465]+016 TEXCOORD: 0.00859832764, 0.388183594
vb0[465]+000 TEXCOORD1: 0.376470596, 0.196078435, 0.53725493, 0.243137255
vb0[465]+000 TEXCOORD2: 0.376470596, 0.196078435, 0.53725493, 0.243137255
vb0[465]+000 TEXCOORD3: 0.376470596, 0.196078435, 0.53725493, 0.243137255

vb0[466]+000 POSITION: 0.173583984, 1.14160156, -0.900878906, 1
vb0[466]+008 NORMAL: -0.0944881886, 0.755905509, -0.645669281, 0
vb0[466]+012 COLOR: 0.454901963, 0.87843138, 0.176470593, 0.101960786
vb0[466]+016 TEXCOORD: 0.392333984, 0.388183594
vb0[466]+000 TEXCOORD1: 0.556862772, 0.192156866, 0.568627477, 0.235294119
vb0[466]+000 TEXCOORD2: 0.556862772, 0.192156866, 0.568627477, 0.235294119
vb0[466]+000 TEXCOORD3: 0.556862772, 0.192156866, 0.568627477, 0.235294119

vb0[467]+000 POSITION: -0.642578125, 1.10742188, -0.826660156, 1
vb0[467]+008 NORMAL: -0.0944881886, 0.755905509, -0.645669281, 0
vb0[467]+012 COLOR: 0.454901963, 0.87843138, 0.176470593, 0.101960786
vb0[467]+016 TEXCOORD: 0.392333984, 0.00448608398
vb0[467]+000 TEXCOORD1: 0.141176477, 0.725490212, 0.431372553, 0.235294119
vb0[467]+000 TEXCOORD2: 0.141176477, 0.725490212, 0.431372553, 0.235294119
vb0[467]+000 TEXCOORD3: 0.141176477, 0.725490212, 0.431372553, 0.235294119

vb0[468]+000 POSITION: -0.616699219, 1.59863281, -0.250732422, 1
vb0[468]+008 NORMAL: -0.0944881886, 0.755905509, -0.645669281, 0
vb0[468]+012 COLOR: 0.454901963, 0.87843138, 0.176470593, 0.101960786
vb0[468]+016 TEXCOORD: 0.00859832764, 0.00448608398
vb0[468]+000 TEXCOORD1: 0.937254906, 0.721568644, 0.396078438, 0.243137255
vb0[468]+000 TEXCOORD2: 0.937254906, 0.721568644, 0.396078438, 0.243137255
vb0[468]+000 TEXCOORD3: 0.937254906, 0.721568644, 0.396078438, 0.243137255

vb0[469]+000 POSITION: 0.067565918, 0.464599609, 0.0325927734, 1
vb0[469]+008 NORMAL: 0.984251976, 0.0629921257, -0.14173229, 0
vb0[469]+012 COLOR: 0.968627453, 0.494117647, 0.329411775, 0.529411793
vb0[469]+016 TEXCOORD: 0.0279541016, 0.984375
vb0[469]+000 TEXCOORD1: 0.325490206, 0.172549024, 0.435294122, 0.215686277
vb0[469]+000 TEXCOORD2: 0.325490206, 0.172549024, 0.435294122, 0.215686277
vb0[469]+000 TEXCOORD3: 0.325490206, 0.172549024, 0.435294122, 0.215686277

vb0[470]+000 POSITION: 0.0701904297, 0.326904297, 0.0204620361, 1
vb0[470]+008 NORMAL: -0.661417305, -0.11023622, -0.740157485, 0
vb0[470]+012 COLOR: 0.611764729, 0.545098066, 0.0156862754, 0.486274511
vb0[470]+016 TEXCOORD: 0.0149459839, 0.9921875
vb0[470]+000 TEXCOORD1: 0.494117647, 0.172549024, 0.23137255, 0.20784314
vb0[470]+000 TEXCOORD2: 0.494117647, 0.172549024, 0.23137255, 0.20784314
vb0[470]+000 TEXCOORD3: 0.494117647, 0.172549024, 0.23137255, 0.20784314

vb0[471]+000 POSITION: 0.0401000977, 0.466308594, 0.0274353027, 1
vb0[471]+008 NORMAL: -0.637795269, 0.173228353, -0.748031497, 0
vb0[471]+012 COLOR: 0.58431375, 0.650980413, 0.0313725509, 0.470588237
vb0[471]+016 TEXCOORD: 0.0303649902, 0.992675781
vb0[471]+000 TEXCOORD1: 0.13333334, 0.160784319, 0.4627451, 0.215686277
vb0[471]+000 TEXCOORD2: 0.13333334, 0.160784319, 0.4627451, 0.215686277
vb0[471]+000 TEXCOORD3: 0.13333334, 0.160784319, 0.4627451, 0.215686277

vb0[472]+000 POSITION: 0.0977172852, 0.31640625, 0.0270690918, 1
vb0[472]+008 NORMAL: 0.96062994, 0.212598428, 0.157480314, 0
vb0[472]+012 COLOR: 0.968627453, 0.600000024, 0.639215708, 0.203921571
vb0[472]+016 TEXCOORD: 0.0123291016, 0.984375
vb0[472]+000 TEXCOORD1: 0.254901975, 0.180392161, 0.0627451017, 0.20784314
vb0[472]+000 TEXCOORD2: 0.254901975, 0.180392161, 0.0627451017, 0.20784314
vb0[472]+000 TEXCOORD3: 0.254901975, 0.180392161, 0.0627451017, 0.20784314

vb0[473]+000 POSITION: 0.0460510254, 0.456787109, 0.050994873, 1
vb0[473]+008 NORMAL: -0.149606302, -0.228346452, 0.96062994, 0
vb0[473]+012 COLOR: 0.266666681, 0.419607848, 0.933333337, 0.639215708
vb0[473]+016 TEXCOORD: 0.0241546631, 0.977539063
vb0[473]+000 TEXCOORD1: 0.898039222, 0.160784319, 0.309803933, 0.215686277
vb0[473]+000 TEXCOORD2: 0.898039222, 0.160784319, 0.309803933, 0.215686277
vb0[473]+000 TEXCOORD3: 0.898039222, 0.160784319, 0.309803933, 0.215686277

vb0[474]+000 POSITION: 0.0788574219, 0.314697266, 0.0484619141, 1
vb0[474]+008 NORMAL: 0.259842515, 0.0393700786, 0.968503952, 0
vb0[474]+012 COLOR: 0.376470596, 0.4627451, 0.984313726, 0.701960802
vb0[474]+016 TEXCOORD: 0.00970458984, 0.976074219
vb0[474]+000 TEXCOORD1: 0.0470588244, 0.176470593, 0.0352941193, 0.20784314
vb0[474]+000 TEXCOORD2: 0.0470588244, 0.176470593, 0.0352941193, 0.20784314
vb0[474]+000 TEXCOORD3: 0.0470588244, 0.176470593, 0.0352941193, 0.20784314

vb0[475]+000 POSITION: 0.0701904297, 0.326904297, 0.0204620361, 1
vb0[475]+008 NORMAL: -0.661417305, -0.11023622, -0.740157485, 0
vb0[475]+012 COLOR: 0.0196078438, 0.388235301, 0.588235319, 0.486274511
vb0[475]+016 TEXCOORD: 0.00576782227, 0.964355469
vb0[475]+000 TEXCOORD1: 0.494117647, 0.172549024, 0.23137255, 0.20784314
vb0[475]+000 TEXCOORD2: 0.494117647, 0.172549024, 0.23137255, 0.20784314
vb0[475]+000 TEXCOORD3: 0.494117647, 0.172549024, 0.23137255, 0.20784314

vb0[476]+000 POSITION: 0.0401000977, 0.466308594, 0.0274353027, 1
vb0[476]+008 NORMAL: -0.637795269, 0.173228353, -0.748031497, 0
vb0[476]+012 COLOR: 0.0117647061, 0.458823532, 0.607843161, 0.470588237
vb0[476]+016 TEXCOORD: 0.0208282471, 0.96484375
vb0[476]+000 TEXCOORD1: 0.13333334, 0.160784319, 0.4627451, 0.215686277
vb0[476]+000 TEXCOORD2: 0.13333334, 0.160784319, 0.4627451, 0.215686277
vb0[476]+000 TEXCOORD3: 0.13333334, 0.160784319, 0.4627451, 0.215686277

vb0[477]+000 POSITION: 0.0936279297, 0.657226563, 0.12121582, 1
vb0[477]+008 NORMAL: 0.92125982, -0.11023622, -0.362204731, 0
vb0[477]+012 COLOR: 0.854901969, 0.576470613, 0.156862751, 0.266666681
vb0[477]+016 TEXCOORD: 0.0575866699, 0.985839844
vb0[477]+000 TEXCOORD1: 0.996078432, 0.176470593, 0.258823544, 0.223529413
vb0[477]+000 TEXCOORD2: 0.996078432, 0.176470593, 0.258823544, 0.223529413
vb0[477]+000 TEXCOORD3: 0.996078432, 0.176470593, 0.258823544, 0.223529413

vb0[478]+000 POSITION: 0.0752563477, 0.662109375, 0.120910645, 1
vb0[478]+008 NORMAL: -0.858267725, 0.488188982, -0.149606302, 0
vb0[478]+012 COLOR: 0.572549045, 0.749019623, 0.0705882385, 0.101960786
vb0[478]+016 TEXCOORD: 0.0598754883, 0.994140625
vb0[478]+000 TEXCOORD1: 0.819607854, 0.172549024, 0.298039228, 0.223529413
vb0[478]+000 TEXCOORD2: 0.819607854, 0.172549024, 0.298039228, 0.223529413
vb0[478]+000 TEXCOORD3: 0.819607854, 0.172549024, 0.298039228, 0.223529413

vb0[479]+000 POSITION: 0.0836791992, 0.647460938, 0.133911133, 1
vb0[479]+008 NORMAL: 0.165354326, -0.511811018, 0.842519701, 0
vb0[479]+012 COLOR: 0.619607866, 0.258823544, 0.921568632, 0.623529434
vb0[479]+016 TEXCOORD: 0.0552978516, 0.978027344
vb0[479]+000 TEXCOORD1: 0.356862754, 0.176470593, 0.180392161, 0.223529413
vb0[479]+000 TEXCOORD2: 0.356862754, 0.176470593, 0.180392161, 0.223529413
vb0[479]+000 TEXCOORD3: 0.356862754, 0.176470593, 0.180392161, 0.223529413

vb0[480]+000 POSITION: 0.0752563477, 0.662109375, 0.120910645, 1
vb0[480]+008 NORMAL: -0.858267725, 0.488188982, -0.149606302, 0
vb0[480]+012 COLOR: 0.0549019612, 0.509803951, 0.729411781, 0.101960786
vb0[480]+016 TEXCOORD: 0.0509643555, 0.966308594
vb0[480]+000 TEXCOORD1: 0.819607854, 0.172549024, 0.298039228, 0.223529413
vb0[480]+000 TEXCOORD2: 0.819607854, 0.172549024, 0.298039228, 0.223529413
vb0[480]+000 TEXCOORD3: 0.819607854, 0.172549024, 0.298039228, 0.223529413

vb0[481]+000 POSITION: 0.228393555, 0.872558594, 0.306152344, 1
vb0[481]+008 NORMAL: 0.464566916, 0.677165329, 0.574803174, 0
vb0[481]+012 COLOR: 0.58431375, 0.788235307, 0.101960786, 0.101960786
vb0[481]+016 TEXCOORD: 0.0728149414, 0.986328125
vb0[481]+000 TEXCOORD1: 0.309803933, 0.200000003, 0.984313726, 0.227450982
vb0[481]+000 TEXCOORD2: 0.309803933, 0.200000003, 0.984313726, 0.227450982
vb0[481]+000 TEXCOORD3: 0.309803933, 0.200000003, 0.984313726, 0.227450982

vb0[482]+000 POSITION: 0.228393555, 0.872558594, 0.306152344, 1
vb0[482]+008 NORMAL: 0.464566916, 0.677165329, 0.574803174, 0
vb0[482]+012 COLOR: 0.890196085, 0.196078435, 0.572549045, 0.101960786
vb0[482]+016 TEXCOORD: 0.0701904297, 0.978515625
vb0[482]+000 TEXCOORD1: 0.309803933, 0.200000003, 0.984313726, 0.227450982
vb0[482]+000 TEXCOORD2: 0.309803933, 0.200000003, 0.984313726, 0.227450982
vb0[482]+000 TEXCOORD3: 0.309803933, 0.200000003, 0.984313726, 0.227450982

vb0[483]+000 POSITION: 0.228393555, 0.872558594, 0.306152344, 1
vb0[483]+008 NORMAL: 0.464566916, 0.677165329, 0.574803174, 0
vb0[483]+012 COLOR: 0.0980392173, 0.529411793, 0.796078444, 0.101960786
vb0[483]+016 TEXCOORD: 0.067565918, 0.970703125
vb0[483]+000 TEXCOORD1: 0.309803933, 0.200000003, 0.984313726, 0.227450982
vb0[483]+000 TEXCOORD2: 0.309803933, 0.200000003, 0.984313726, 0.227450982
vb0[483]+000 TEXCOORD3: 0.309803933, 0.200000003, 0.984313726, 0.227450982

vb0[484]+000 POSITION: 0.0668334961, 0.313720703, 0.0489196777, 1
vb0[484]+008 NORMAL: -0.708661437, 0.385826766, 0.590551198, 0
vb0[484]+012 COLOR: 0.0745098069, 0.749019623, 0.419607848, 0.529411793
vb0[484]+016 TEXCOORD: 0.0419006348, 0.961914063
vb0[484]+000 TEXCOORD1: 0.278431386, 0.172549024, 0.0196078438, 0.20784314
vb0[484]+000 TEXCOORD2: 0.278431386, 0.172549024, 0.0196078438, 0.20784314
vb0[484]+000 TEXCOORD3: 0.278431386, 0.172549024, 0.0196078438, 0.20784314

vb0[485]+000 POSITION: -0.0173797607, 0.127075195, -0.0139846802, 1
vb0[485]+008 NORMAL: -0.173228353, 0.149606302, -0.976377964, 0
vb0[485]+012 COLOR: 0.149019614, 0.65882355, 0.180392161, 0.592156887
vb0[485]+016 TEXCOORD: 0.0257873535, 0.96875
vb0[485]+000 TEXCOORD1: 0.450980395, 0.643137276, 0.0666666701, 0.188235298
vb0[485]+000 TEXCOORD2: 0.450980395, 0.643137276, 0.0666666701, 0.188235298
vb0[485]+000 TEXCOORD3: 0.450980395, 0.643137276, 0.0666666701, 0.188235298

vb0[486]+000 POSITION: -0.0241546631, 0.132080078, 0.0339050293, 1
vb0[486]+008 NORMAL: -0.322834641, 0.133858263, 0.937007844, 0
vb0[486]+012 COLOR: 0.0392156877, 0.674509823, 0.41568628, 0.635294139
vb0[486]+016 TEXCOORD: 0.0231628418, 0.9609375
vb0[486]+000 TEXCOORD1: 0.184313729, 0.650980413, 0.227450982, 0.188235298
vb0[486]+000 TEXCOORD2: 0.184313729, 0.650980413, 0.227450982, 0.188235298
vb0[486]+000 TEXCOORD3: 0.184313729, 0.650980413, 0.227450982, 0.188235298

vb0[487]+000 POSITION: 0.0720825195, 0.309570313, 0.00978851318, 1
vb0[487]+008 NORMAL: -0.133858263, 0.165354326, -0.976377964, 0
vb0[487]+012 COLOR: 0.552941203, 0.513725519, 0.00392156886, 0.592156887
vb0[487]+016 TEXCOORD: 0.0445251465, 0.969726563
vb0[487]+000 TEXCOORD1: 0.615686297, 0.172549024, 0.956862748, 0.203921571
vb0[487]+000 TEXCOORD2: 0.615686297, 0.172549024, 0.956862748, 0.203921571
vb0[487]+000 TEXCOORD3: 0.615686297, 0.172549024, 0.956862748, 0.203921571

vb0[488]+000 POSITION: 0.0171661377, 0.113342285, 0.012008667, 1
vb0[488]+008 NORMAL: 0.952755928, -0.259842515, -0.165354326, 0
vb0[488]+012 COLOR: 0.937254906, 0.380392164, 0.290196091, 0.827450991
vb0[488]+016 TEXCOORD: 0.0284118652, 0.977050781
vb0[488]+000 TEXCOORD1: 0.396078438, 0.141176477, 0.254901975, 0.184313729
vb0[488]+000 TEXCOORD2: 0.396078438, 0.141176477, 0.254901975, 0.184313729
vb0[488]+000 TEXCOORD3: 0.396078438, 0.141176477, 0.254901975, 0.184313729

vb0[489]+000 POSITION: 0.0993041992, 0.297851563, 0.0308685303, 1
vb0[489]+008 NORMAL: 0.874015749, -0.472440958, -0.133858263, 0
vb0[489]+012 COLOR: 0.866666675, 0.282352954, 0.764705896, 0.858823538
vb0[489]+016 TEXCOORD: 0.0471496582, 0.977539063
vb0[489]+000 TEXCOORD1: 0.356862754, 0.180392161, 0.768627465, 0.203921571
vb0[489]+000 TEXCOORD2: 0.356862754, 0.180392161, 0.768627465, 0.203921571
vb0[489]+000 TEXCOORD3: 0.356862754, 0.180392161, 0.768627465, 0.203921571

vb0[490]+000 POSITION: -0.0241546631, 0.132080078, 0.0339050293, 1
vb0[490]+008 NORMAL: -0.322834641, 0.133858263, 0.937007844, 0
vb0[490]+012 COLOR: 0.698039234, 0.41568628, 0.949019611, 0.635294139
vb0[490]+016 TEXCOORD: 0.0323486328, 0.988769531
vb0[490]+000 TEXCOORD1: 0.184313729, 0.650980413, 0.227450982, 0.188235298
vb0[490]+000 TEXCOORD2: 0.184313729, 0.650980413, 0.227450982, 0.188235298
vb0[490]+000 TEXCOORD3: 0.184313729, 0.650980413, 0.227450982, 0.188235298

vb0[491]+000 POSITION: 0.0668334961, 0.313720703, 0.0489196777, 1
vb0[491]+008 NORMAL: -0.708661437, 0.385826766, 0.590551198, 0
vb0[491]+012 COLOR: 0.68235296, 0.368627459, 0.945098042, 0.529411793
vb0[491]+016 TEXCOORD: 0.0510864258, 0.989257813
vb0[491]+000 TEXCOORD1: 0.278431386, 0.172549024, 0.0196078438, 0.20784314
vb0[491]+000 TEXCOORD2: 0.278431386, 0.172549024, 0.0196078438, 0.20784314
vb0[491]+000 TEXCOORD3: 0.278431386, 0.172549024, 0.0196078438, 0.20784314

vb0[492]+000 POSITION: 0.202758789, 0.508789063, 0.0182495117, 1
vb0[492]+008 NORMAL: -0.0787401572, 0.125984251, -0.992125988, 0
vb0[492]+012 COLOR: 0.34117648, 0.662745118, 0.0549019612, 0.56078434
vb0[492]+016 TEXCOORD: 0.0592041016, 0.970214844
vb0[492]+000 TEXCOORD1: 0.490196079, 0.196078435, 0.0705882385, 0.219607845
vb0[492]+000 TEXCOORD2: 0.490196079, 0.196078435, 0.0705882385, 0.219607845
vb0[492]+000 TEXCOORD3: 0.490196079, 0.196078435, 0.0705882385, 0.219607845

vb0[493]+000 POSITION: 0.200317383, 0.514648438, 0.0541381836, 1
vb0[493]+008 NORMAL: -0.330708653, 0.102362208, 0.937007844, 0
vb0[493]+012 COLOR: 0.0431372561, 0.639215708, 0.356862754, 0.513725519
vb0[493]+016 TEXCOORD: 0.056854248, 0.962402344
vb0[493]+000 TEXCOORD1: 0.411764711, 0.196078435, 0.117647059, 0.219607845
vb0[493]+000 TEXCOORD2: 0.411764711, 0.196078435, 0.117647059, 0.219607845
vb0[493]+000 TEXCOORD3: 0.411764711, 0.196078435, 0.117647059, 0.219607845

vb0[494]+000 POSITION: 0.227294922, 0.501953125, 0.0342712402, 1
vb0[494]+008 NORMAL: 0.92125982, -0.307086617, -0.228346452, 0
vb0[494]+012 COLOR: 0.968627453, 0.325490206, 0.478431374, 0.717647076
vb0[494]+016 TEXCOORD: 0.0618896484, 0.978515625
vb0[494]+000 TEXCOORD1: 0.274509817, 0.200000003, 0.0156862754, 0.219607845
vb0[494]+000 TEXCOORD2: 0.274509817, 0.200000003, 0.0156862754, 0.219607845
vb0[494]+000 TEXCOORD3: 0.274509817, 0.200000003, 0.0156862754, 0.219607845

vb0[495]+000 POSITION: 0.200317383, 0.514648438, 0.0541381836, 1
vb0[495]+008 NORMAL: -0.330708653, 0.102362208, 0.937007844, 0
vb0[495]+012 COLOR: 0.623529434, 0.392156869, 0.972549021, 0.513725519
vb0[495]+016 TEXCOORD: 0.0661010742, 0.990234375
vb0[495]+000 TEXCOORD1: 0.411764711, 0.196078435, 0.117647059, 0.219607845
vb0[495]+000 TEXCOORD2: 0.411764711, 0.196078435, 0.117647059, 0.219607845
vb0[495]+000 TEXCOORD3: 0.411764711, 0.196078435, 0.117647059, 0.219607845

vb0[496]+000 POSITION: 0.23046875, 0.714355469, 0.0488586426, 1
vb0[496]+008 NORMAL: -0.173228353, 0.0708661452, -0.984251976, 0
vb0[496]+012 COLOR: 0.270588249, 0.53725493, 0.0588235296, 0.101960786
vb0[496]+016 TEXCOORD: 0.0669555664, 0.970703125
vb0[496]+000 TEXCOORD1: 0.376470596, 0.200000003, 0.717647076, 0.223529413
vb0[496]+000 TEXCOORD2: 0.376470596, 0.200000003, 0.717647076, 0.223529413
vb0[496]+000 TEXCOORD3: 0.376470596, 0.200000003, 0.717647076, 0.223529413

vb0[497]+000 POSITION: 0.216796875, 0.719238281, 0.0690307617, 1
vb0[497]+008 NORMAL: -0.952755928, 0.102362208, 0.275590539, 0
vb0[497]+012 COLOR: 0.0901960805, 0.53725493, 0.215686277, 0.141176477
vb0[497]+016 TEXCOORD: 0.0642700195, 0.962890625
vb0[497]+000 TEXCOORD1: 0.941176474, 0.196078435, 0.75686276, 0.223529413
vb0[497]+000 TEXCOORD2: 0.941176474, 0.196078435, 0.75686276, 0.223529413
vb0[497]+000 TEXCOORD3: 0.941176474, 0.196078435, 0.75686276, 0.223529413

vb0[498]+000 POSITION: 0.250976563, 0.715820313, 0.0626831055, 1
vb0[498]+008 NORMAL: 0.992125988, -0.0944881886, -0.0787401572, 0
vb0[498]+012 COLOR: 0.964705884, 0.482352942, 0.321568638, 0.156862751
vb0[498]+016 TEXCOORD: 0.0695800781, 0.978515625
vb0[498]+000 TEXCOORD1: 0.0156862754, 0.203921571, 0.729411781, 0.223529413
vb0[498]+000 TEXCOORD2: 0.0156862754, 0.203921571, 0.729411781, 0.223529413
vb0[498]+000 TEXCOORD3: 0.0156862754, 0.203921571, 0.729411781, 0.223529413

vb0[499]+000 POSITION: 0.238037109, 0.73046875, 0.0799560547, 1
vb0[499]+008 NORMAL: 0.204724416, 0.0472440943, 0.976377964, 0
vb0[499]+012 COLOR: 0.639215708, 0.474509805, 0.980392158, 0.313725501
vb0[499]+016 TEXCOORD: 0.0723266602, 0.986328125
vb0[499]+000 TEXCOORD1: 0.619607866, 0.200000003, 0.847058833, 0.223529413
vb0[499]+000 TEXCOORD2: 0.619607866, 0.200000003, 0.847058833, 0.223529413
vb0[499]+000 TEXCOORD3: 0.619607866, 0.200000003, 0.847058833, 0.223529413

vb0[500]+000 POSITION: 0.216796875, 0.719238281, 0.0690307617, 1
vb0[500]+008 NORMAL: -0.952755928, 0.102362208, 0.275590539, 0
vb0[500]+012 COLOR: 0.258823544, 0.533333361, 0.937254906, 0.141176477
vb0[500]+016 TEXCOORD: 0.0747680664, 0.994140625
vb0[500]+000 TEXCOORD1: 0.941176474, 0.196078435, 0.75686276, 0.223529413
vb0[500]+000 TEXCOORD2: 0.941176474, 0.196078435, 0.75686276, 0.223529413
vb0[500]+000 TEXCOORD3: 0.941176474, 0.196078435, 0.75686276, 0.223529413

vb0[501]+000 POSITION: 0.257080078, 1.05761719, 0.0311431885, 1
vb0[501]+008 NORMAL: 0.0708661452, 0.992125988, -0.102362208, 0
vb0[501]+012 COLOR: 0.0901960805, 0.517647088, 0.215686277, 0.101960786
vb0[501]+016 TEXCOORD: 0.0745849609, 0.970703125
vb0[501]+000 TEXCOORD1: 0.113725491, 0.203921571, 0.23137255, 0.235294119
vb0[501]+000 TEXCOORD2: 0.113725491, 0.203921571, 0.23137255, 0.235294119
vb0[501]+000 TEXCOORD3: 0.113725491, 0.203921571, 0.23137255, 0.235294119

vb0[502]+000 POSITION: 0.257080078, 1.05761719, 0.0311431885, 1
vb0[502]+008 NORMAL: 0.0708661452, 0.992125988, -0.102362208, 0
vb0[502]+012 COLOR: 0.78039217, 0.458823532, 0.0901960805, 0.101960786
vb0[502]+016 TEXCOORD: 0.0771484375, 0.978515625
vb0[502]+000 TEXCOORD1: 0.113725491, 0.203921571, 0.23137255, 0.235294119
vb0[502]+000 TEXCOORD2: 0.113725491, 0.203921571, 0.23137255, 0.235294119
vb0[502]+000 TEXCOORD3: 0.113725491, 0.203921571, 0.23137255, 0.235294119

vb0[503]+000 POSITION: 0.257080078, 1.05761719, 0.0311431885, 1
vb0[503]+008 NORMAL: 0.0708661452, 0.992125988, -0.102362208, 0
vb0[503]+012 COLOR: 0.909803927, 0.517647088, 0.788235307, 0.101960786
vb0[503]+016 TEXCOORD: 0.0797729492, 0.986816406
vb0[503]+000 TEXCOORD1: 0.113725491, 0.203921571, 0.23137255, 0.235294119
vb0[503]+000 TEXCOORD2: 0.113725491, 0.203921571, 0.23137255, 0.235294119
vb0[503]+000 TEXCOORD3: 0.113725491, 0.203921571, 0.23137255, 0.235294119

vb0[504]+000 POSITION: 0.257080078, 1.05761719, 0.0311431885, 1
vb0[504]+008 NORMAL: 0.0708661452, 0.992125988, -0.102362208, 0
vb0[504]+012 COLOR: 0.243137255, 0.576470613, 0.921568632, 0.101960786
vb0[504]+016 TEXCOORD: 0.0823974609, 0.994628906
vb0[504]+000 TEXCOORD1: 0.113725491, 0.203921571, 0.23137255, 0.235294119
vb0[504]+000 TEXCOORD2: 0.113725491, 0.203921571, 0.23137255, 0.235294119
vb0[504]+000 TEXCOORD3: 0.113725491, 0.203921571, 0.23137255, 0.235294119

vb0[505]+000 POSITION: -0.010635376, -0.0678710938, 0.0102233887, 1
vb0[505]+008 NORMAL: 0.976377964, -0.149606302, -0.149606302, 0
vb0[505]+012 COLOR: 0.909803927, 0.431372553, 0.78039217, 0.811764717
vb0[505]+016 TEXCOORD: 0.00966644287, 0.976074219
vb0[505]+000 TEXCOORD1: 0.447058827, 0.631372571, 0.345098048, 0.674509823
vb0[505]+000 TEXCOORD2: 0.447058827, 0.631372571, 0.345098048, 0.674509823
vb0[505]+000 TEXCOORD3: 0.447058827, 0.631372571, 0.345098048, 0.674509823

vb0[506]+000 POSITION: -0.071105957, -0.0498046875, 0.0399169922, 1
vb0[506]+008 NORMAL: -0.771653533, 0.259842515, 0.582677186, 0
vb0[506]+012 COLOR: 0.709803939, 0.458823532, 0.952941179, 0.615686297
vb0[506]+016 TEXCOORD: 0.0135955811, 0.98828125
vb0[506]+000 TEXCOORD1: 0.552941203, 0.674509823, 0.376470596, 0.666666687
vb0[506]+000 TEXCOORD2: 0.552941203, 0.674509823, 0.376470596, 0.666666687
vb0[506]+000 TEXCOORD3: 0.552941203, 0.674509823, 0.376470596, 0.666666687

vb0[507]+000 POSITION: -0.0607299805, -0.0556945801, -0.0254516602, 1
vb0[507]+008 NORMAL: -0.125984251, 0.0944881886, -0.984251976, 0
vb0[507]+012 COLOR: 0.552941203, 0.521568656, 0.00392156886, 0.701960802
vb0[507]+016 TEXCOORD: 0.00704193115, 0.968261719
vb0[507]+000 TEXCOORD1: 0.776470602, 0.670588255, 0.129411772, 0.670588255
vb0[507]+000 TEXCOORD2: 0.776470602, 0.670588255, 0.129411772, 0.670588255
vb0[507]+000 TEXCOORD3: 0.776470602, 0.670588255, 0.129411772, 0.670588255

vb0[508]+000 POSITION: -0.071105957, -0.0498046875, 0.0399169922, 1
vb0[508]+008 NORMAL: -0.771653533, 0.259842515, 0.582677186, 0
vb0[508]+012 COLOR: 0.0235294122, 0.619607866, 0.41568628, 0.615686297
vb0[508]+016 TEXCOORD: 0.00441741943, 0.960449219
vb0[508]+000 TEXCOORD1: 0.552941203, 0.674509823, 0.376470596, 0.666666687
vb0[508]+000 TEXCOORD2: 0.552941203, 0.674509823, 0.376470596, 0.666666687
vb0[508]+000 TEXCOORD3: 0.552941203, 0.674509823, 0.376470596, 0.666666687
