stride: 24
first vertex: 0
vertex count: 1136
topology: trianglelist
element[0]:
  SemanticName: POSITION
  SemanticIndex: 0
  Format: R16G16B16A16_FLOAT
  InputSlot: 0
  AlignedByteOffset: 0
  InputSlotClass: per-vertex
  InstanceDataStepRate: 0
element[1]:
  SemanticName: NORMAL
  SemanticIndex: 0
  Format: R8G8B8A8_SNORM
  InputSlot: 0
  AlignedByteOffset: 8
  InputSlotClass: per-vertex
  InstanceDataStepRate: 0
element[2]:
  SemanticName: COLOR
  SemanticIndex: 0
  Format: R8G8B8A8_UNORM
  InputSlot: 0
  AlignedByteOffset: 12
  InputSlotClass: per-vertex
  InstanceDataStepRate: 0
element[3]:
  SemanticName: TEXCOORD
  SemanticIndex: 0
  Format: R16G16_FLOAT
  InputSlot: 0
  AlignedByteOffset: 16
  InputSlotClass: per-vertex
  InstanceDataStepRate: 0
element[4]:
  SemanticName: TEXCOORD
  SemanticIndex: 1
  Format: R16G16_FLOAT
  InputSlot: 0
  AlignedByteOffset: 20
  InputSlotClass: per-vertex
  InstanceDataStepRate: 0
element[5]:
  SemanticName: TEXCOORD
  SemanticIndex: 2
  Format: R8G8B8A8_UNORM
  InputSlot: 0
  AlignedByteOffset: 0
  InputSlotClass: per-vertex
  InstanceDataStepRate: 0
element[6]:
  SemanticName: TEXCOORD
  SemanticIndex: 3
  Format: R8G8B8A8_UNORM
  InputSlot: 0
  AlignedByteOffset: 0
  InputSlotClass: per-vertex
  InstanceDataStepRate: 0
element[7]:
  SemanticName: TANGENT
  SemanticIndex: 0
  Format: R8G8B8A8_UNORM
  InputSlot: 1
  AlignedByteOffset: 4
  InputSlotClass: per-vertex
  InstanceDataStepRate: 0

vertex-data:

vb0[0]+000 POSITION: 0.670410156, 7.10546875, -1.4609375, 1
vb0[0]+008 NORMAL: 0.0236220472, -0.05511811, -1, 0
vb0[0]+012 COLOR: 0.607843161, 0.0274509806, 0.623529434, 0.592156887
vb0[0]+016 TEXCOORD: 0.509765625, 0.00245857239
vb0[0]+020 TEXCOORD1: 0.104003906, 0.987792969
vb0[0]+000 TEXCOORD2: 0.36470589, 0.223529413, 0.105882354, 0.278431386
vb0[0]+000 TEXCOORD3: 0.36470589, 0.223529413, 0.105882354, 0.278431386

vb0[1]+000 POSITION: -1.40429688, 6.40234375, -2.32617188, 1
vb0[1]+008 NORMAL: 0.00787401572, -0.0472440943, -1, 0
vb0[1]+012 COLOR: 0.631372571, 0.0470588244, 0.662745118, 0.654901981
vb0[1]+016 TEXCOORD: 0.000963687897, 0.00245857239
vb0[1]+020 TEXCOORD1: -0.0455627441, 0.963378906
vb0[1]+000 TEXCOORD2: 0.619607866, 0.741176486, 0.403921574, 0.274509817
vb0[1]+000 TEXCOORD3: 0.619607866, 0.741176486, 0.403921574, 0.274509817

vb0[2]+000 POSITION: 0.969238281, 6.5859375, -3.73828125, 1
vb0[2]+008 NORMAL: -0.0314960629, -0.0472440943, -1, 0
vb0[2]+012 COLOR: 0.631372571, 0.0470588244, 0.662745118, 0.56078434
vb0[2]+016 TEXCOORD: 0.509765625, 1
vb0[2]+020 TEXCOORD1: 0.0800170898, 0.996582031
vb0[2]+000 TEXCOORD2: 0.75686276, 0.23137255, 0.588235319, 0.274509817
vb0[2]+000 TEXCOORD3: 0.75686276, 0.23137255, 0.588235319, 0.274509817

vb0[3]+000 POSITION: -1.00292969, 5.34375, -4.93359375, 1
vb0[3]+008 NORMAL: -0.275590539, -0.0472440943, -0.96062994, 0
vb0[3]+012 COLOR: 0.650980413, 0.0666666701, 0.698039234, 0.835294127
vb0[3]+016 TEXCOORD: 0.000918388367, 1
vb0[3]+020 TEXCOORD1: 0.0800170898, 0.996582031
vb0[3]+000 TEXCOORD2: 0.0117647061, 0.737254918, 0.345098048, 0.270588249
vb0[3]+000 TEXCOORD3: 0.0117647061, 0.737254918, 0.345098048, 0.270588249

vb0[4]+000 POSITION: 3.61523438, 7.921875, -2.7109375, 1
vb0[4]+008 NORMAL: 0.850393713, 0.0472440943, -0.51968503, 0
vb0[4]+012 COLOR: 0.447058827, 0.00392156886, 0.490196079, 0.384313732
vb0[4]+016 TEXCOORD: 0.509765625, 1
vb0[4]+020 TEXCOORD1: 0.592773438, 0.805664063
vb0[4]+000 TEXCOORD2: 0.23137255, 0.262745112, 0.925490201, 0.278431386
vb0[4]+000 TEXCOORD3: 0.23137255, 0.262745112, 0.925490201, 0.278431386

vb0[5]+000 POSITION: 4.89453125, 7.734375, 0.055847168, 1
vb0[5]+008 NORMAL: 0.866141737, 0.0314960629, -0.503937006, 0
vb0[5]+012 COLOR: 0.447058827, 0.00392156886, 0.490196079, 0.858823538
vb0[5]+016 TEXCOORD: 0.000963687897, 0.00245857239
vb0[5]+020 TEXCOORD1: 0.592773438, 0.805664063
vb0[5]+000 TEXCOORD2: 0.898039222, 0.266666681, 0.737254918, 0.278431386
vb0[5]+000 TEXCOORD3: 0.898039222, 0.266666681, 0.737254918, 0.278431386

vb0[6]+000 POSITION: 2.34765625, 7.828125, -0.444824219, 1
vb0[6]+008 NORMAL: 0.818897665, 0.0472440943, -0.574803174, 0
vb0[6]+012 COLOR: 0.486274511, 0, 0.470588237, 0.529411793
vb0[6]+016 TEXCOORD: 0.509765625, 0.00245857239
vb0[6]+020 TEXCOORD1: 3.55078125, 0.808105469
vb0[6]+000 TEXCOORD2: 0.698039234, 0.250980407, 0.831372559, 0.278431386
vb0[6]+000 TEXCOORD3: 0.698039234, 0.250980407, 0.831372559, 0.278431386

vb0[7]+000 POSITION: 6.453125, 7.40234375, -2.37109375, 1
vb0[7]+008 NORMAL: 0.858267725, 0.0866141766, -0.503937006, 0
vb0[7]+012 COLOR: 0.407843143, 0.00784313772, 0.509803951, 0.866666675
vb0[7]+016 TEXCOORD: 0.000918388367, 1
vb0[7]+020 TEXCOORD1: 0.592773438, 0.805664063
vb0[7]+000 TEXCOORD2: 0.454901963, 0.274509817, 0.403921574, 0.278431386
vb0[7]+000 TEXCOORD3: 0.454901963, 0.274509817, 0.403921574, 0.278431386

vb0[8]+000 POSITION: 1.94335938, 6.4453125, 4.59375, 1
vb0[8]+008 NORMAL: 0.125984251, 0.00787401572, 0.992125988, 0
vb0[8]+012 COLOR: 0.215686277, 0.0941176489, 0.423529416, 0.843137264
vb0[8]+016 TEXCOORD: 0.509765625, 1
vb0[8]+020 TEXCOORD1: 3.01171875, 0.744628906
vb0[8]+000 TEXCOORD2: 0.776470602, 0.247058824, 0.447058827, 0.274509817
vb0[8]+000 TEXCOORD3: 0.776470602, 0.247058824, 0.447058827, 0.274509817

vb0[9]+000 POSITION: -0.5, 8.125, 4.8046875, 1
vb0[9]+008 NORMAL: 0.11023622, 0.0314960629, 0.992125988, 0
vb0[9]+012 COLOR: 0.215686277, 0.0941176489, 0.423529416, 0.796078444
vb0[9]+016 TEXCOORD: 0.000963687897, 0.00245857239
vb0[9]+020 TEXCOORD1: 3.01171875, 0.744628906
vb0[9]+000 TEXCOORD2: 0, 0.721568644, 0.0627451017, 0.282352954
vb0[9]+000 TEXCOORD3: 0, 0.721568644, 0.0627451017, 0.282352954

vb0[10]+000 POSITION: 0.698242188, 7.5, 2.66601563, 1
vb0[10]+008 NORMAL: 0.14173229, 0.0236220472, 0.992125988, 0
vb0[10]+012 COLOR: 0.215686277, 0.0901960805, 0.458823532, 0.494117647
vb0[10]+016 TEXCOORD: 0.509765625, 0.00245857239
vb0[10]+020 TEXCOORD1: 3.16601563, 0.77734375
vb0[10]+000 TEXCOORD2: 0.588235319, 0.223529413, 0.501960814, 0.278431386
vb0[10]+000 TEXCOORD3: 0.588235319, 0.223529413, 0.501960814, 0.278431386

vb0[11]+000 POSITION: 0.802734375, 6.58203125, 7.0390625, 1
vb0[11]+008 NORMAL: 0.0236220472, 0.0157480314, 1, 0
vb0[11]+012 COLOR: 0.215686277, 0.101960786, 0.392156869, 0.772549033
vb0[11]+016 TEXCOORD: 0.000918388367, 1
vb0[11]+020 TEXCOORD1: 3.01171875, 0.744628906
vb0[11]+000 TEXCOORD2: 0.423529416, 0.227450982, 0.58431375, 0.274509817
vb0[11]+000 TEXCOORD3: 0.423529416, 0.227450982, 0.58431375, 0.274509817

vb0[12]+000 POSITION: 3.58984375, 8.828125, 3.98242188, 1
vb0[12]+008 NORMAL: 0.44094488, 0.149606302, 0.88188976, 0
vb0[12]+012 COLOR: 0.403921574, 0.00784313772, 0.486274511, 0.882352948
vb0[12]+016 TEXCOORD: 0.509765625, 1
vb0[12]+020 TEXCOORD1: 3.3671875, 0.819824219
vb0[12]+000 TEXCOORD2: 0.180392161, 0.262745112, 0.41568628, 0.282352954
vb0[12]+000 TEXCOORD3: 0.180392161, 0.262745112, 0.41568628, 0.282352954

vb0[13]+000 POSITION: 0.97265625, 9.3203125, 4.80078125, 1
vb0[13]+008 NORMAL: 0.377952754, 0.149606302, 0.913385808, 0
vb0[13]+012 COLOR: 0.403921574, 0.00784313772, 0.486274511, 0.53725493
vb0[13]+016 TEXCOORD: 0.000963687897, 0.00245857239
vb0[13]+020 TEXCOORD1: 3.17578125, 0.779296875
vb0[13]+000 TEXCOORD2: 0.784313738, 0.23137255, 0.662745118, 0.282352954
vb0[13]+000 TEXCOORD3: 0.784313738, 0.23137255, 0.662745118, 0.282352954

vb0[14]+000 POSITION: 1.72949219, 9.1875, 2.55859375, 1
vb0[14]+008 NORMAL: 0.417322844, 0.14173229, 0.897637784, 0
vb0[14]+012 COLOR: 0.407843143, 0.00784313772, 0.498039216, 0.56078434
vb0[14]+016 TEXCOORD: 0.509765625, 0.00245857239
vb0[14]+020 TEXCOORD1: 3.33007813, 0.819335938
vb0[14]+000 TEXCOORD2: 0.921568632, 0.243137255, 0.596078455, 0.282352954
vb0[14]+000 TEXCOORD3: 0.921568632, 0.243137255, 0.596078455, 0.282352954

vb0[15]+000 POSITION: 3.07226563, 8.8125, 6.5234375, 1
vb0[15]+008 NORMAL: 0.472440958, 0.14173229, 0.866141737, 0
vb0[15]+012 COLOR: 0.400000006, 0.0117647061, 0.478431374, 0.874509811
vb0[15]+016 TEXCOORD: 0.000918388367, 1
vb0[15]+020 TEXCOORD1: 3.3671875, 0.819824219
vb0[15]+000 TEXCOORD2: 0.145098045, 0.258823544, 0.407843143, 0.282352954
vb0[15]+000 TEXCOORD3: 0.145098045, 0.258823544, 0.407843143, 0.282352954

vb0[16]+000 POSITION: 1.83300781, 8.9296875, 2.08007813, 1
vb0[16]+008 NORMAL: 0.370078743, 0.149606302, 0.913385808, 0
vb0[16]+012 COLOR: 0.325490206, 0.0784313753, 0.701960802, 0.41568628
vb0[16]+016 TEXCOORD: 0.509765625, 0.00245857239
vb0[16]+020 TEXCOORD1: 3.3671875, 0.819824219
vb0[16]+000 TEXCOORD2: 0.333333343, 0.247058824, 0.466666669, 0.282352954
vb0[16]+000 TEXCOORD3: 0.333333343, 0.247058824, 0.466666669, 0.282352954

vb0[17]+000 POSITION: 3.23046875, 9.359375, 4.171875, 1
vb0[17]+008 NORMAL: 0.377952754, 0.165354326, 0.913385808, 0
vb0[17]+012 COLOR: 0.325490206, 0.0666666701, 0.68235296, 0.701960802
vb0[17]+016 TEXCOORD: 0.000963687897, 0.00245857239
vb0[17]+020 TEXCOORD1: 3.3671875, 0.819824219
vb0[17]+000 TEXCOORD2: 0.4627451, 0.258823544, 0.68235296, 0.282352954
vb0[17]+000 TEXCOORD3: 0.4627451, 0.258823544, 0.68235296, 0.282352954

vb0[18]+000 POSITION: 0.418701172, 10.296875, 3.70507813, 1
vb0[18]+008 NORMAL: 0.330708653, 0.149606302, 0.929133832, 0
vb0[18]+012 COLOR: 0.325490206, 0.0666666701, 0.68235296, 0.505882382
vb0[18]+016 TEXCOORD: 0.509765625, 1
vb0[18]+020 TEXCOORD1: 2.97851563, 0.909179688
vb0[18]+000 TEXCOORD2: 0.701960802, 0.211764708, 0.149019614, 0.286274523
vb0[18]+000 TEXCOORD3: 0.701960802, 0.211764708, 0.149019614, 0.286274523

vb0[19]+000 POSITION: 2.10546875, 10.46875, 5.99609375, 1
vb0[19]+008 NORMAL: 0.362204731, 0.165354326, 0.913385808, 0
vb0[19]+012 COLOR: 0.325490206, 0.0588235296, 0.662745118, 0.709803939
vb0[19]+016 TEXCOORD: 0.000918388367, 1
vb0[19]+020 TEXCOORD1: 3.3671875, 0.819824219
vb0[19]+000 TEXCOORD2: 0.211764708, 0.250980407, 0.235294119, 0.286274523
vb0[19]+000 TEXCOORD3: 0.211764708, 0.250980407, 0.235294119, 0.286274523

vb0[20]+000 POSITION: 3.34375, 7.4921875, 0.565917969, 1
vb0[20]+008 NORMAL: 0.96062994, -0.0393700786, 0.259842515, 0
vb0[20]+012 COLOR: 0.572549045, 0.239215687, 0.0784313753, 0.694117665
vb0[20]+016 TEXCOORD: 0.509765625, 1
vb0[20]+020 TEXCOORD1: 3.4765625, 0.812988281
vb0[20]+000 TEXCOORD2: 0.690196097, 0.258823544, 0.494117647, 0.278431386
vb0[20]+000 TEXCOORD3: 0.690196097, 0.258823544, 0.494117647, 0.278431386

vb0[21]+000 POSITION: 3.89257813, 5.05859375, 2.15820313, 1
vb0[21]+008 NORMAL: 0.968503952, -0.0629921257, 0.251968503, 0
vb0[21]+012 COLOR: 0.572549045, 0.239215687, 0.0784313753, 0.850980401
vb0[21]+016 TEXCOORD: 0.000963687897, 0.00245857239
vb0[21]+020 TEXCOORD1: 3.01171875, 0.744628906
vb0[21]+000 TEXCOORD2: 0.788235307, 0.262745112, 0.0588235296, 0.270588249
vb0[21]+000 TEXCOORD3: 0.788235307, 0.262745112, 0.0588235296, 0.270588249

vb0[22]+000 POSITION: 1.67871094, 5.69140625, 1.140625, 1
vb0[22]+008 NORMAL: 0.952755928, -0.0708661452, 0.307086617, 0
vb0[22]+012 COLOR: 0.623529434, 0.254901975, 0.0823529437, 0.4627451
vb0[22]+016 TEXCOORD: 0.509765625, 0.00245857239
vb0[22]+020 TEXCOORD1: 2.9765625, 0.675292969
vb0[22]+000 TEXCOORD2: 0.717647076, 0.243137255, 0.694117665, 0.270588249
vb0[22]+000 TEXCOORD3: 0.717647076, 0.243137255, 0.694117665, 0.270588249

vb0[23]+000 POSITION: 5.7109375, 5.96484375, 1.68261719, 1
vb0[23]+008 NORMAL: 0.952755928, -0.0393700786, 0.291338593, 0
vb0[23]+012 COLOR: 0.525490224, 0.23137255, 0.0784313753, 0.796078444
vb0[23]+016 TEXCOORD: 0.000918388367, 1
vb0[23]+020 TEXCOORD1: 3.01171875, 0.744628906
vb0[23]+000 TEXCOORD2: 0.713725507, 0.270588249, 0.968627453, 0.270588249
vb0[23]+000 TEXCOORD3: 0.713725507, 0.270588249, 0.968627453, 0.270588249

vb0[24]+000 POSITION: 1.9140625, 6.578125, -3.50390625, 1
vb0[24]+008 NORMAL: 0.622047246, 0.0157480314, -0.779527545, 0
vb0[24]+012 COLOR: 0.568627477, 0.0313725509, 0.662745118, 0.709803939
vb0[24]+016 TEXCOORD: 0.509765625, 1
vb0[24]+020 TEXCOORD1: 0.0800170898, 0.996582031
vb0[24]+000 TEXCOORD2: 0.65882355, 0.247058824, 0.580392182, 0.274509817
vb0[24]+000 TEXCOORD3: 0.65882355, 0.247058824, 0.580392182, 0.274509817

vb0[25]+000 POSITION: 3.73046875, 7.5546875, -1.47167969, 1
vb0[25]+008 NORMAL: 0.606299222, 0.0236220472, -0.795275569, 0
vb0[25]+012 COLOR: 0.568627477, 0.0313725509, 0.662745118, 0.494117647
vb0[25]+016 TEXCOORD: 0.000963687897, 0.00245857239
vb0[25]+020 TEXCOORD1: 0.592773438, 0.805664063
vb0[25]+000 TEXCOORD2: 0.4627451, 0.262745112, 0.556862772, 0.278431386
vb0[25]+000 TEXCOORD3: 0.4627451, 0.262745112, 0.556862772, 0.278431386

vb0[26]+000 POSITION: 1.33203125, 7.08984375, -1.16601563, 1
vb0[26]+008 NORMAL: 0.692913413, 0.0157480314, -0.724409461, 0
vb0[26]+012 COLOR: 0.607843161, 0.0274509806, 0.631372571, 0.470588237
vb0[26]+016 TEXCOORD: 0.509765625, 0.00245857239
vb0[26]+020 TEXCOORD1: 0.493652344, 0.842285156
vb0[26]+000 TEXCOORD2: 0.329411775, 0.239215687, 0.0901960805, 0.278431386
vb0[26]+000 TEXCOORD3: 0.329411775, 0.239215687, 0.0901960805, 0.278431386

vb0[27]+000 POSITION: 4.41796875, 6.46875, -4.08984375, 1
vb0[27]+008 NORMAL: 0.622047246, 0.0157480314, -0.787401557, 0
vb0[27]+012 COLOR: 0.525490224, 0.0431372561, 0.698039234, 0.796078444
vb0[27]+016 TEXCOORD: 0.000918388367, 1
vb0[27]+020 TEXCOORD1: 0.592773438, 0.805664063
vb0[27]+000 TEXCOORD2: 0.419607848, 0.266666681, 0.470588237, 0.274509817
vb0[27]+000 TEXCOORD3: 0.419607848, 0.266666681, 0.470588237, 0.274509817

vb0[28]+000 POSITION: 0.341796875, 7.0546875, -1.31347656, 1
vb0[28]+008 NORMAL: 0.299212605, 0, -0.952755928, 0
vb0[28]+012 COLOR: 0.925490201, 0.325490206, 0.698039234, 0.513725519
vb0[28]+016 TEXCOORD: 0.509765625, 0.00245857239
vb0[28]+020 TEXCOORD1: 3.3671875, 0.871582031
vb0[28]+000 TEXCOORD2: 0.470588237, 0.20784314, 0.0549019612, 0.278431386
vb0[28]+000 TEXCOORD3: 0.470588237, 0.20784314, 0.0549019612, 0.278431386

vb0[29]+000 POSITION: 0.9765625, 6.01171875, -3.61328125, 1
vb0[29]+008 NORMAL: 0.251968503, 0.0157480314, -0.968503952, 0
vb0[29]+012 COLOR: 0.921568632, 0.321568638, 0.701960802, 0.827450991
vb0[29]+016 TEXCOORD: 0.000963687897, 0.00245857239
vb0[29]+020 TEXCOORD1: 0.0800170898, 0.996582031
vb0[29]+000 TEXCOORD2: 0.815686285, 0.23137255, 0.0117647061, 0.274509817
vb0[29]+000 TEXCOORD3: 0.815686285, 0.23137255, 0.0117647061, 0.274509817

vb0[30]+000 POSITION: 1.70019531, 8.828125, -2.65429688, 1
vb0[30]+008 NORMAL: 0.338582665, 0.0393700786, -0.937007844, 0
vb0[30]+012 COLOR: 0.921568632, 0.321568638, 0.701960802, 0.686274529
vb0[30]+016 TEXCOORD: 0.509765625, 1
vb0[30]+020 TEXCOORD1: 0.592773438, 0.805664063
vb0[30]+000 TEXCOORD2: 0.80392158, 0.243137255, 0.41568628, 0.282352954
vb0[30]+000 TEXCOORD3: 0.80392158, 0.243137255, 0.41568628, 0.282352954

vb0[31]+000 POSITION: 2.26757813, 7.17578125, -5.23828125, 1
vb0[31]+008 NORMAL: 0.259842515, 0, -0.968503952, 0
vb0[31]+012 COLOR: 0.917647064, 0.321568638, 0.70588237, 0.749019623
vb0[31]+016 TEXCOORD: 0.000918388367, 1
vb0[31]+020 TEXCOORD1: 0.0800170898, 0.996582031
vb0[31]+000 TEXCOORD2: 0.53725493, 0.250980407, 0.176470593, 0.278431386
vb0[31]+000 TEXCOORD3: 0.53725493, 0.250980407, 0.176470593, 0.278431386

vb0[32]+000 POSITION: -3.20507813, 9.390625, -1.05566406, 1
vb0[32]+008 NORMAL: -0.692913413, 0.149606302, -0.708661437, 0
vb0[32]+012 COLOR: 0.36470589, 0.0235294122, 0.447058827, 0.654901981
vb0[32]+016 TEXCOORD: 0.509765625, 1
vb0[32]+020 TEXCOORD1: -0.564453125, 0.825683594
vb0[32]+000 TEXCOORD2: 0.411764711, 0.760784328, 0.698039234, 0.282352954
vb0[32]+000 TEXCOORD3: 0.411764711, 0.760784328, 0.698039234, 0.282352954

vb0[33]+000 POSITION: -0.959472656, 8.9609375, -2.99609375, 1
vb0[33]+008 NORMAL: -0.685039341, 0.133858263, -0.708661437, 0
vb0[33]+012 COLOR: 0.36470589, 0.0235294122, 0.447058827, 0.423529416
vb0[33]+016 TEXCOORD: 0.000963687897, 0.00245857239
vb0[33]+020 TEXCOORD1: -0.109619141, 0.946289063
vb0[33]+000 TEXCOORD2: 0.678431392, 0.733333349, 0.482352942, 0.282352954
vb0[33]+000 TEXCOORD3: 0.678431392, 0.733333349, 0.482352942, 0.282352954

vb0[34]+000 POSITION: -0.891601563, 8.4765625, -0.493164063, 1
vb0[34]+008 NORMAL: -0.685039341, 0.133858263, -0.716535449, 0
vb0[34]+012 COLOR: 0.337254912, 0.0352941193, 0.41568628, 0.494117647
vb0[34]+016 TEXCOORD: 0.509765625, 0.00245857239
vb0[34]+020 TEXCOORD1: -0.337402344, 0.826660156
vb0[34]+000 TEXCOORD2: 0.13333334, 0.733333349, 0.239215687, 0.282352954
vb0[34]+000 TEXCOORD3: 0.13333334, 0.733333349, 0.239215687, 0.282352954

vb0[35]+000 POSITION: -3.46875, 9.546875, -3.69335938, 1
vb0[35]+008 NORMAL: -0.708661437, 0.157480314, -0.692913413, 0
vb0[35]+012 COLOR: 0.392156869, 0.0117647061, 0.482352942, 0.796078444
vb0[35]+016 TEXCOORD: 0.000918388367, 1
vb0[35]+020 TEXCOORD1: -0.564453125, 0.825683594
vb0[35]+000 TEXCOORD2: 0.941176474, 0.760784328, 0.776470602, 0.282352954
vb0[35]+000 TEXCOORD3: 0.941176474, 0.760784328, 0.776470602, 0.282352954

vb0[36]+000 POSITION: -3.0078125, 7.16796875, 2.23828125, 1
vb0[36]+008 NORMAL: -0.992125988, -0.0157480314, 0.14173229, 0
vb0[36]+012 COLOR: 0.764705896, 0.0745098069, 0.525490224, 0.478431374
vb0[36]+016 TEXCOORD: 0.509765625, 1
vb0[36]+020 TEXCOORD1: -0.564453125, 0.825683594
vb0[36]+000 TEXCOORD2: 0.0156862754, 0.760784328, 0.168627456, 0.278431386
vb0[36]+000 TEXCOORD3: 0.0156862754, 0.760784328, 0.168627456, 0.278431386

vb0[37]+000 POSITION: -3.06640625, 6.96875, -0.643554688, 1
vb0[37]+008 NORMAL: -0.984251976, 0, 0.157480314, 0
vb0[37]+012 COLOR: 0.764705896, 0.0745098069, 0.525490224, 0.898039222
vb0[37]+016 TEXCOORD: 0.000963687897, 0.00245857239
vb0[37]+020 TEXCOORD1: -0.564453125, 0.825683594
vb0[37]+000 TEXCOORD2: 0.13333334, 0.760784328, 0.972549021, 0.274509817
vb0[37]+000 TEXCOORD3: 0.13333334, 0.760784328, 0.972549021, 0.274509817

vb0[38]+000 POSITION: -1.31445313, 8.0546875, 0.694824219, 1
vb0[38]+008 NORMAL: -0.984251976, -0.0236220472, 0.165354326, 0
vb0[38]+012 COLOR: 0.749019623, 0.0666666701, 0.525490224, 0.576470613
vb0[38]+016 TEXCOORD: 0.509765625, 0.00245857239
vb0[38]+020 TEXCOORD1: 2.44726563, 0.823730469
vb0[38]+000 TEXCOORD2: 0.258823544, 0.741176486, 0.0274509806, 0.282352954
vb0[38]+000 TEXCOORD3: 0.258823544, 0.741176486, 0.0274509806, 0.282352954

vb0[39]+000 POSITION: -5.01171875, 5.75, 0.916503906, 1
vb0[39]+008 NORMAL: -1, -0.0314960629, 0.0157480314, 0
vb0[39]+012 COLOR: 0.776470602, 0.0862745121, 0.521568656, 0.843137264
vb0[39]+016 TEXCOORD: 0.000918388367, 1
vb0[39]+020 TEXCOORD1: -0.564453125, 0.825683594
vb0[39]+000 TEXCOORD2: 0.0117647061, 0.772549033, 0.752941191, 0.270588249
vb0[39]+000 TEXCOORD3: 0.0117647061, 0.772549033, 0.752941191, 0.270588249

vb0[40]+000 POSITION: -1.10253906, 5.921875, 3.79492188, 1
vb0[40]+008 NORMAL: -0.740157485, -0.0866141766, 0.669291317, 0
vb0[40]+012 COLOR: 0.647058845, 0.0235294122, 0.533333361, 0.486274511
vb0[40]+016 TEXCOORD: 0.509765625, 1
vb0[40]+020 TEXCOORD1: 2.20117188, 0.397705078
vb0[40]+000 TEXCOORD2: 0.411764711, 0.737254918, 0.925490201, 0.270588249
vb0[40]+000 TEXCOORD3: 0.411764711, 0.737254918, 0.925490201, 0.270588249

vb0[41]+000 POSITION: -2.875, 5.24609375, 1.921875, 1
vb0[41]+008 NORMAL: -0.732283473, -0.0866141766, 0.677165329, 0
vb0[41]+012 COLOR: 0.647058845, 0.0235294122, 0.533333361, 0.686274529
vb0[41]+016 TEXCOORD: 0.000963687897, 0.00245857239
vb0[41]+020 TEXCOORD1: 2.20117188, 0.397705078
vb0[41]+000 TEXCOORD2: 0.752941191, 0.75686276, 0.247058824, 0.270588249
vb0[41]+000 TEXCOORD3: 0.752941191, 0.75686276, 0.247058824, 0.270588249

vb0[42]+000 POSITION: -0.643554688, 5.5078125, 1.61425781, 1
vb0[42]+008 NORMAL: -0.700787425, -0.125984251, 0.700787425, 0
vb0[42]+012 COLOR: 0.572549045, 0.0156862754, 0.607843161, 0.4627451
vb0[42]+016 TEXCOORD: 0.509765625, 0.00245857239
vb0[42]+020 TEXCOORD1: 2.46679688, 0.555175781
vb0[42]+000 TEXCOORD2: 0.149019614, 0.725490212, 0.509803951, 0.270588249
vb0[42]+000 TEXCOORD3: 0.149019614, 0.725490212, 0.509803951, 0.270588249

vb0[43]+000 POSITION: -3.47070313, 4.76171875, 4.2421875, 1
vb0[43]+008 NORMAL: -0.724409461, -0.0866141766, 0.685039341, 0
vb0[43]+012 COLOR: 0.713725507, 0.0509803928, 0.458823532, 0.858823538
vb0[43]+016 TEXCOORD: 0.000918388367, 1
vb0[43]+020 TEXCOORD1: 2.20117188, 0.397705078
vb0[43]+000 TEXCOORD2: 0.945098042, 0.760784328, 0.764705896, 0.266666681
vb0[43]+000 TEXCOORD3: 0.945098042, 0.760784328, 0.764705896, 0.266666681

vb0[44]+000 POSITION: -0.288330078, 5.6796875, 1.28125, 1
vb0[44]+008 NORMAL: -0.692913413, -0.125984251, 0.708661437, 0
vb0[44]+012 COLOR: 0.772549033, 0.0941176489, 0.392156869, 0.505882382
vb0[44]+016 TEXCOORD: 0.509765625, 0.00245857239
vb0[44]+020 TEXCOORD1: 2.60742188, 0.544433594
vb0[44]+000 TEXCOORD2: 0.615686297, 0.70588237, 0.68235296, 0.270588249
vb0[44]+000 TEXCOORD3: 0.615686297, 0.70588237, 0.68235296, 0.270588249

vb0[45]+000 POSITION: -0.509765625, 4.8984375, 3.68164063, 1
vb0[45]+008 NORMAL: -0.677165329, -0.149606302, 0.716535449, 0
vb0[45]+012 COLOR: 0.80392158, 0.129411772, 0.360784322, 0.529411793
vb0[45]+016 TEXCOORD: 0.000963687897, 0.00245857239
vb0[45]+020 TEXCOORD1: 2.20117188, 0.397705078
vb0[45]+000 TEXCOORD2: 0.0784313753, 0.721568644, 0.90196079, 0.266666681
vb0[45]+000 TEXCOORD3: 0.0784313753, 0.721568644, 0.90196079, 0.266666681

vb0[46]+000 POSITION: -2.36132813, 4.234375, 1.4453125, 1
vb0[46]+008 NORMAL: -0.748031497, -0.14173229, 0.645669281, 0
vb0[46]+012 COLOR: 0.80392158, 0.129411772, 0.360784322, 0.796078444
vb0[46]+016 TEXCOORD: 0.509765625, 1
vb0[46]+020 TEXCOORD1: 2.20117188, 0.397705078
vb0[46]+000 TEXCOORD2: 0.725490212, 0.752941191, 0.235294119, 0.266666681
vb0[46]+000 TEXCOORD3: 0.725490212, 0.752941191, 0.235294119, 0.266666681

vb0[47]+000 POSITION: -2.66015625, 2.65234375, 3.91601563, 1
vb0[47]+008 NORMAL: -0.629921257, -0.22047244, 0.740157485, 0
vb0[47]+012 COLOR: 0.831372559, 0.164705887, 0.325490206, 0.827450991
vb0[47]+016 TEXCOORD: 0.000918388367, 1
vb0[47]+020 TEXCOORD1: 2.20117188, 0.397705078
vb0[47]+000 TEXCOORD2: 0.321568638, 0.75686276, 0.305882365, 0.254901975
vb0[47]+000 TEXCOORD3: 0.321568638, 0.75686276, 0.305882365, 0.254901975

vb0[48]+000 POSITION: 2.1640625, 9.421875, -0.291503906, 1
vb0[48]+008 NORMAL: 0.803149581, 0.14173229, -0.574803174, 0
vb0[48]+012 COLOR: 0.321568638, 0.0352941193, 0.4627451, 0.56078434
vb0[48]+016 TEXCOORD: 0.509765625, 0.00245857239
vb0[48]+020 TEXCOORD1: 0.592773438, 0.805664063
vb0[48]+000 TEXCOORD2: 0.329411775, 0.250980407, 0.713725507, 0.282352954
vb0[48]+000 TEXCOORD3: 0.329411775, 0.250980407, 0.713725507, 0.282352954

vb0[49]+000 POSITION: 2.53515625, 9.4609375, -2.63671875, 1
vb0[49]+008 NORMAL: 0.724409461, 0.149606302, -0.669291317, 0
vb0[49]+012 COLOR: 0.321568638, 0.0352941193, 0.4627451, 0.392156869
vb0[49]+016 TEXCOORD: 0.000963687897, 0.00245857239
vb0[49]+020 TEXCOORD1: 0.592773438, 0.805664063
vb0[49]+000 TEXCOORD2: 0.0705882385, 0.254901975, 0.733333349, 0.282352954
vb0[49]+000 TEXCOORD3: 0.0705882385, 0.254901975, 0.733333349, 0.282352954

vb0[50]+000 POSITION: 4.35546875, 8.609375, -0.701660156, 1
vb0[50]+008 NORMAL: 0.866141737, 0.125984251, -0.48031497, 0
vb0[50]+012 COLOR: 0.321568638, 0.0352941193, 0.4627451, 0.360784322
vb0[50]+016 TEXCOORD: 0.509765625, 1
vb0[50]+020 TEXCOORD1: 0.592773438, 0.805664063
vb0[50]+000 TEXCOORD2: 0.356862754, 0.266666681, 0.305882365, 0.282352954
vb0[50]+000 TEXCOORD3: 0.356862754, 0.266666681, 0.305882365, 0.282352954

vb0[51]+000 POSITION: 5.015625, 8.5703125, -3.1484375, 1
vb0[51]+008 NORMAL: 0.818897665, 0.133858263, -0.55905509, 0
vb0[51]+012 COLOR: 0.321568638, 0.0352941193, 0.458823532, 0.866666675
vb0[51]+016 TEXCOORD: 0.000918388367, 1
vb0[51]+020 TEXCOORD1: 0.592773438, 0.805664063
vb0[51]+000 TEXCOORD2: 0.0156862754, 0.270588249, 0.286274523, 0.282352954
vb0[51]+000 TEXCOORD3: 0.0156862754, 0.270588249, 0.286274523, 0.282352954

vb0[52]+000 POSITION: 3.26953125, 12.4765625, -1.51367188, 1
vb0[52]+008 NORMAL: 0.700787425, 0.488188982, -0.511811018, 0
vb0[52]+012 COLOR: 0.80392158, 0.419607848, 0.886274517, 0.717647076
vb0[52]+016 TEXCOORD: 0.509765625, 1
vb0[52]+020 TEXCOORD1: 0.250732422, 0.968261719
vb0[52]+000 TEXCOORD2: 0.541176498, 0.258823544, 0.239215687, 0.290196091
vb0[52]+000 TEXCOORD3: 0.541176498, 0.258823544, 0.239215687, 0.290196091

vb0[53]+000 POSITION: 1.85742188, 14.265625, -0.0395202637, 1
vb0[53]+008 NORMAL: 0.692913413, 0.511811018, -0.503937006, 0
vb0[53]+012 COLOR: 0.80392158, 0.419607848, 0.886274517, 0.670588255
vb0[53]+016 TEXCOORD: 0.000963687897, 0.00245857239
vb0[53]+020 TEXCOORD1: 3.1640625, 0.94921875
vb0[53]+000 TEXCOORD2: 0.431372553, 0.247058824, 0.13333334, 0.294117659
vb0[53]+000 TEXCOORD3: 0.431372553, 0.247058824, 0.13333334, 0.294117659

vb0[54]+000 POSITION: 1.4296875, 12, -0.199951172, 1
vb0[54]+008 NORMAL: 0.692913413, 0.472440958, -0.543307066, 0
vb0[54]+012 COLOR: 0.800000012, 0.41568628, 0.890196085, 0.568627477
vb0[54]+016 TEXCOORD: 0.509765625, 0.00245857239
vb0[54]+020 TEXCOORD1: 0.250732422, 0.968261719
vb0[54]+000 TEXCOORD2: 0.721568644, 0.239215687, 0, 0.290196091
vb0[54]+000 TEXCOORD3: 0.721568644, 0.239215687, 0, 0.290196091

vb0[55]+000 POSITION: 3.84375, 15.0859375, -1.48046875, 1
vb0[55]+008 NORMAL: 0.692913413, 0.55905509, -0.456692904, 0
vb0[55]+012 COLOR: 0.807843149, 0.427450985, 0.886274517, 0.850980401
vb0[55]+016 TEXCOORD: 0.000918388367, 1
vb0[55]+020 TEXCOORD1: 0.250732422, 0.968261719
vb0[55]+000 TEXCOORD2: 0.690196097, 0.262745112, 0.545098066, 0.294117659
vb0[55]+000 TEXCOORD3: 0.690196097, 0.262745112, 0.545098066, 0.294117659

vb0[56]+000 POSITION: 0.421875, 14.4453125, 0.3203125, 1
vb0[56]+008 NORMAL: 0.14173229, 0.976377964, 0.149606302, 0
vb0[56]+012 COLOR: 0.717647076, 0.556862772, 0.945098042, 0.352941185
vb0[56]+016 TEXCOORD: 0.509765625, 0.00245857239
vb0[56]+020 TEXCOORD1: -0.162109375, 0.986816406
vb0[56]+000 TEXCOORD2: 0.752941191, 0.211764708, 0.223529413, 0.294117659
vb0[56]+000 TEXCOORD3: 0.752941191, 0.211764708, 0.223529413, 0.294117659

vb0[57]+000 POSITION: 1.16894531, 16.5, -0.310302734, 1
vb0[57]+008 NORMAL: 0.22047244, 0.968503952, 0.11811024, 0
vb0[57]+012 COLOR: 0.717647076, 0.552941203, 0.945098042, 0.4627451
vb0[57]+016 TEXCOORD: 0.000963687897, 0.00245857239
vb0[57]+020 TEXCOORD1: -0.162109375, 0.986816406
vb0[57]+000 TEXCOORD2: 0.678431392, 0.235294119, 0.125490203, 0.298039228
vb0[57]+000 TEXCOORD3: 0.678431392, 0.235294119, 0.125490203, 0.298039228

vb0[58]+000 POSITION: -1.16601563, 15.9765625, 0.891601563, 1
vb0[58]+008 NORMAL: 0.157480314, 0.976377964, 0.157480314, 0
vb0[58]+012 COLOR: 0.717647076, 0.552941203, 0.945098042, 0.454901963
vb0[58]+016 TEXCOORD: 0.509765625, 1
vb0[58]+020 TEXCOORD1: -0.162109375, 0.986816406
vb0[58]+000 TEXCOORD2: 0.666666687, 0.737254918, 0.992156863, 0.294117659
vb0[58]+000 TEXCOORD3: 0.666666687, 0.737254918, 0.992156863, 0.294117659

vb0[59]+000 POSITION: -0.392578125, 18.78125, 0.208740234, 1
vb0[59]+008 NORMAL: -0.0472440943, 0.992125988, -0.0708661452, 0
vb0[59]+012 COLOR: 0.717647076, 0.549019635, 0.945098042, 0.725490212
vb0[59]+016 TEXCOORD: 0.000918388367, 1
vb0[59]+020 TEXCOORD1: -0.162109375, 0.986816406
vb0[59]+000 TEXCOORD2: 0.282352954, 0.713725507, 0.698039234, 0.298039228
vb0[59]+000 TEXCOORD3: 0.282352954, 0.713725507, 0.698039234, 0.298039228

vb0[60]+000 POSITION: -0.449951172, 13.71875, 0.356933594, 1
vb0[60]+008 NORMAL: -0.724409461, 0.661417305, -0.204724416, 0
vb0[60]+012 COLOR: 0.243137255, 0.576470613, 0.0784313753, 0.266666681
vb0[60]+016 TEXCOORD: 0.509765625, 0.00245857239
vb0[60]+020 TEXCOORD1: -0.162109375, 0.986816406
vb0[60]+000 TEXCOORD2: 0.200000003, 0.717647076, 0.862745106, 0.290196091
vb0[60]+000 TEXCOORD3: 0.200000003, 0.717647076, 0.862745106, 0.290196091

vb0[61]+000 POSITION: -1.87304688, 15.359375, 1.51464844, 1
vb0[61]+008 NORMAL: -0.622047246, 0.779527545, -0.0866141766, 0
vb0[61]+012 COLOR: 0.247058824, 0.552941203, 0.0705882385, 0.521568656
vb0[61]+016 TEXCOORD: 0.000963687897, 0.00245857239
vb0[61]+020 TEXCOORD1: -0.162109375, 0.986816406
vb0[61]+000 TEXCOORD2: 0.494117647, 0.749019623, 0.68235296, 0.294117659
vb0[61]+000 TEXCOORD3: 0.494117647, 0.749019623, 0.68235296, 0.294117659

vb0[62]+000 POSITION: 0.441894531, 16.078125, 0.241821289, 1
vb0[62]+008 NORMAL: -0.614173234, 0.779527545, -0.11023622, 0
vb0[62]+012 COLOR: 0.247058824, 0.552941203, 0.0705882385, 0.337254912
vb0[62]+016 TEXCOORD: 0.509765625, 1
vb0[62]+020 TEXCOORD1: -0.162109375, 0.986816406
vb0[62]+000 TEXCOORD2: 0.0705882385, 0.215686277, 0.0196078438, 0.298039228
vb0[62]+000 TEXCOORD3: 0.0705882385, 0.215686277, 0.0196078438, 0.298039228

vb0[63]+000 POSITION: -1.13574219, 18.171875, 1.30566406, 1
vb0[63]+008 NORMAL: -0.251968503, 0.96062994, 0.0944881886, 0
vb0[63]+012 COLOR: 0.250980407, 0.533333361, 0.0666666701, 0.78039217
vb0[63]+016 TEXCOORD: 0.000918388367, 1
vb0[63]+020 TEXCOORD1: -0.162109375, 0.986816406
vb0[63]+000 TEXCOORD2: 0.545098066, 0.737254918, 0.545098066, 0.298039228
vb0[63]+000 TEXCOORD3: 0.545098066, 0.737254918, 0.545098066, 0.298039228

vb0[64]+000 POSITION: -1.13574219, 18.171875, 1.30566406, 1
vb0[64]+008 NORMAL: -0.251968503, 0.96062994, 0.0944881886, 0
vb0[64]+012 COLOR: 0.0745098069, 0.376470596, 0.737254918, 0.78039217
vb0[64]+016 TEXCOORD: 1, 0.00245857239
vb0[64]+020 TEXCOORD1: -0.162109375, 0.986816406
vb0[64]+000 TEXCOORD2: 0.545098066, 0.737254918, 0.545098066, 0.298039228
vb0[64]+000 TEXCOORD3: 0.545098066, 0.737254918, 0.545098066, 0.298039228

vb0[65]+000 POSITION: -1.41113281, 16.484375, -0.0222167969, 1
vb0[65]+008 NORMAL: -0.425196856, 0.905511796, 0.00787401572, 0
vb0[65]+012 COLOR: 0.0745098069, 0.376470596, 0.737254918, 0.937254906
vb0[65]+016 TEXCOORD: 0.509277344, 0.00245857239
vb0[65]+020 TEXCOORD1: -0.162109375, 0.986816406
vb0[65]+000 TEXCOORD2: 0.647058845, 0.741176486, 0.121568628, 0.298039228
vb0[65]+000 TEXCOORD3: 0.647058845, 0.741176486, 0.121568628, 0.298039228

vb0[66]+000 POSITION: -0.712402344, 15.1171875, 0.477050781, 1
vb0[66]+008 NORMAL: -0.51968503, 0.850393713, -0.102362208, 0
vb0[66]+012 COLOR: 0.0745098069, 0.376470596, 0.737254918, 0.592156887
vb0[66]+016 TEXCOORD: 0.509277344, 1
vb0[66]+020 TEXCOORD1: -0.162109375, 0.986816406
vb0[66]+000 TEXCOORD2: 0.701960802, 0.725490212, 0.56078434, 0.294117659
vb0[66]+000 TEXCOORD3: 0.701960802, 0.725490212, 0.56078434, 0.294117659

vb0[67]+000 POSITION: -0.370361328, 16.15625, 1.67480469, 1
vb0[67]+008 NORMAL: -0.330708653, 0.944881916, 0.0314960629, 0
vb0[67]+012 COLOR: 0.0745098069, 0.376470596, 0.737254918, 0.874509811
vb0[67]+016 TEXCOORD: 1, 1
vb0[67]+020 TEXCOORD1: -0.162109375, 0.986816406
vb0[67]+000 TEXCOORD2: 0.929411769, 0.709803939, 0.0392156877, 0.298039228
vb0[67]+000 TEXCOORD3: 0.929411769, 0.709803939, 0.0392156877, 0.298039228

vb0[68]+000 POSITION: -0.132324219, 14.2265625, 0.971191406, 1
vb0[68]+008 NORMAL: -0.511811018, 0.748031497, 0.425196856, 0
vb0[68]+012 COLOR: 0.278431386, 0.235294119, 0.137254909, 0.576470613
vb0[68]+016 TEXCOORD: 0.509765625, 0.00245857239
vb0[68]+020 TEXCOORD1: -0.162109375, 0.986816406
vb0[68]+000 TEXCOORD2: 0.235294119, 0.690196097, 0.113725491, 0.294117659
vb0[68]+000 TEXCOORD3: 0.235294119, 0.690196097, 0.113725491, 0.294117659

vb0[69]+000 POSITION: -2.1484375, 15.15625, 1.52246094, 1
vb0[69]+008 NORMAL: -0.527559042, 0.795275569, 0.299212605, 0
vb0[69]+012 COLOR: 0.270588249, 0.243137255, 0.137254909, 0.882352948
vb0[69]+016 TEXCOORD: 0.000963687897, 0.00245857239
vb0[69]+020 TEXCOORD1: -0.162109375, 0.986816406
vb0[69]+000 TEXCOORD2: 0.298039228, 0.752941191, 0.580392182, 0.294117659
vb0[69]+000 TEXCOORD3: 0.298039228, 0.752941191, 0.580392182, 0.294117659

vb0[70]+000 POSITION: -0.953125, 16.046875, 0.141357422, 1
vb0[70]+008 NORMAL: -0.55905509, 0.787401557, 0.251968503, 0
vb0[70]+012 COLOR: 0.270588249, 0.243137255, 0.137254909, 0.819607854
vb0[70]+016 TEXCOORD: 0.509765625, 1
vb0[70]+020 TEXCOORD1: -0.162109375, 0.986816406
vb0[70]+000 TEXCOORD2: 0.627451003, 0.733333349, 0.0117647061, 0.298039228
vb0[70]+000 TEXCOORD3: 0.627451003, 0.733333349, 0.0117647061, 0.298039228

vb0[71]+000 POSITION: -2.96484375, 16.640625, 1.03808594, 1
vb0[71]+008 NORMAL: -0.582677186, 0.795275569, 0.165354326, 0
vb0[71]+012 COLOR: 0.262745112, 0.250980407, 0.137254909, 0.835294127
vb0[71]+016 TEXCOORD: 0.000918388367, 1
vb0[71]+020 TEXCOORD1: -0.162109375, 0.986816406
vb0[71]+000 TEXCOORD2: 0.933333337, 0.75686276, 0.160784319, 0.298039228
vb0[71]+000 TEXCOORD3: 0.933333337, 0.75686276, 0.160784319, 0.298039228

vb0[72]+000 POSITION: -0.458740234, 16.5, 0.741210938, 1
vb0[72]+008 NORMAL: -0.0629921257, 0.944881916, 0.314960629, 0
vb0[72]+012 COLOR: 0.356862754, 0.443137258, 0.0235294122, 0.313725501
vb0[72]+016 TEXCOORD: 0.509765625, 1
vb0[72]+020 TEXCOORD1: -0.162109375, 0.986816406
vb0[72]+000 TEXCOORD2: 0.34117648, 0.717647076, 0.125490203, 0.298039228
vb0[72]+000 TEXCOORD3: 0.34117648, 0.717647076, 0.125490203, 0.298039228

vb0[73]+000 POSITION: 1.8125, 14.7890625, 0.269287109, 1
vb0[73]+008 NORMAL: 0.228346452, 0.952755928, 0.22047244, 0
vb0[73]+012 COLOR: 0.356862754, 0.443137258, 0.0235294122, 0.717647076
vb0[73]+016 TEXCOORD: 0.000963687897, 0.00245857239
vb0[73]+020 TEXCOORD1: 0.0838623047, 0.975585938
vb0[73]+000 TEXCOORD2: 0.250980407, 0.247058824, 0.396078438, 0.294117659
vb0[73]+000 TEXCOORD3: 0.250980407, 0.247058824, 0.396078438, 0.294117659

vb0[74]+000 POSITION: -0.384277344, 14.0703125, 1.07910156, 1
vb0[74]+008 NORMAL: -0.11023622, 0.937007844, 0.330708653, 0
vb0[74]+012 COLOR: 0.349019617, 0.431372553, 0.0274509806, 0.647058845
vb0[74]+016 TEXCOORD: 0.509765625, 0.00245857239
vb0[74]+020 TEXCOORD1: -0.162109375, 0.986816406
vb0[74]+000 TEXCOORD2: 0.149019614, 0.713725507, 0.0352941193, 0.294117659
vb0[74]+000 TEXCOORD3: 0.149019614, 0.713725507, 0.0352941193, 0.294117659

vb0[75]+000 POSITION: 1.52148438, 17.921875, 0.0614929199, 1
vb0[75]+008 NORMAL: 0.11811024, 0.992125988, -0.0236220472, 0
vb0[75]+012 COLOR: 0.368627459, 0.454901963, 0.0196078438, 0.850980401
vb0[75]+016 TEXCOORD: 0.000918388367, 1
vb0[75]+020 TEXCOORD1: -0.162109375, 0.986816406
vb0[75]+000 TEXCOORD2: 0.0862745121, 0.243137255, 0.482352942, 0.298039228
vb0[75]+000 TEXCOORD3: 0.0862745121, 0.243137255, 0.482352942, 0.298039228

vb0[76]+000 POSITION: 1.07226563, 13.9140625, -1.14648438, 1
vb0[76]+008 NORMAL: 0.157480314, 0.913385808, -0.370078743, 0
vb0[76]+012 COLOR: 0.886274517, 0.380392164, 0.792156875, 0.686274529
vb0[76]+016 TEXCOORD: 0.509765625, 1
vb0[76]+020 TEXCOORD1: 0.194824219, 0.970703125
vb0[76]+000 TEXCOORD2: 0.290196091, 0.235294119, 0.960784316, 0.290196091
vb0[76]+000 TEXCOORD3: 0.290196091, 0.235294119, 0.960784316, 0.290196091

vb0[77]+000 POSITION: 1.32617188, 16.75, -0.314208984, 1
vb0[77]+008 NORMAL: 0.283464581, 0.889763772, -0.362204731, 0
vb0[77]+012 COLOR: 0.886274517, 0.380392164, 0.792156875, 0.796078444
vb0[77]+016 TEXCOORD: 0.000963687897, 0.00245857239
vb0[77]+020 TEXCOORD1: -0.162109375, 0.986816406
vb0[77]+000 TEXCOORD2: 0.305882365, 0.239215687, 0.188235298, 0.298039228
vb0[77]+000 TEXCOORD3: 0.305882365, 0.239215687, 0.188235298, 0.298039228

vb0[78]+000 POSITION: 0.01902771, 14.7109375, 0.574707031, 1
vb0[78]+008 NORMAL: 0.0866141766, 0.929133832, -0.362204731, 0
vb0[78]+012 COLOR: 0.886274517, 0.380392164, 0.792156875, 0.447058827
vb0[78]+016 TEXCOORD: 0.509765625, 0.00245857239
vb0[78]+020 TEXCOORD1: -0.162109375, 0.986816406
vb0[78]+000 TEXCOORD2: 0.874509811, 0.141176477, 0.356862754, 0.294117659
vb0[78]+000 TEXCOORD3: 0.874509811, 0.141176477, 0.356862754, 0.294117659

vb0[79]+000 POSITION: 2.30078125, 16.328125, -1.79101563, 1
vb0[79]+008 NORMAL: 0.283464581, 0.874015749, -0.40157479, 0
vb0[79]+012 COLOR: 0.890196085, 0.380392164, 0.792156875, 0.725490212
vb0[79]+016 TEXCOORD: 0.000918388367, 1
vb0[79]+020 TEXCOORD1: 0.235351563, 0.96875
vb0[79]+000 TEXCOORD2: 0.603921592, 0.250980407, 0.0823529437, 0.298039228
vb0[79]+000 TEXCOORD3: 0.603921592, 0.250980407, 0.0823529437, 0.298039228

vb0[80]+000 POSITION: 0.641113281, 7.25390625, 2.93945313, 1
vb0[80]+008 NORMAL: 0.0629921257, 0, 1, 0
vb0[80]+012 COLOR: 0.125490203, 0.200000003, 0.643137276, 0.43921569
vb0[80]+016 TEXCOORD: 0.509765625, 0.00245857239
vb0[80]+020 TEXCOORD1: 2.99609375, 0.747070313
vb0[80]+000 TEXCOORD2: 0.129411772, 0.223529413, 0.254901975, 0.278431386
vb0[80]+000 TEXCOORD3: 0.129411772, 0.223529413, 0.254901975, 0.278431386

vb0[81]+000 POSITION: 1.49414063, 7.22265625, 5.109375, 1
vb0[81]+008 NORMAL: 0.00787401572, 0.0472440943, 1, 0
vb0[81]+012 COLOR: 0.129411772, 0.176470593, 0.596078455, 0.568627477
vb0[81]+016 TEXCOORD: 0.000963687897, 0.00245857239
vb0[81]+020 TEXCOORD1: 3.01171875, 0.744628906
vb0[81]+000 TEXCOORD2: 0.980392158, 0.239215687, 0.223529413, 0.278431386
vb0[81]+000 TEXCOORD3: 0.980392158, 0.239215687, 0.223529413, 0.278431386

vb0[82]+000 POSITION: -0.323974609, 9.0234375, 4.1171875, 1
vb0[82]+008 NORMAL: 0, 0.0629921257, 1, 0
vb0[82]+012 COLOR: 0.129411772, 0.176470593, 0.596078455, 0.741176486
vb0[82]+016 TEXCOORD: 0.509765625, 1
vb0[82]+020 TEXCOORD1: 3.01171875, 0.744628906
vb0[82]+000 TEXCOORD2: 0.184313729, 0.709803939, 0.513725519, 0.282352954
vb0[82]+000 TEXCOORD3: 0.184313729, 0.709803939, 0.513725519, 0.282352954

vb0[83]+000 POSITION: 0.580078125, 8.3984375, 6.671875, 1
vb0[83]+008 NORMAL: 0.0236220472, 0.0866141766, 0.992125988, 0
vb0[83]+012 COLOR: 0.137254909, 0.156862751, 0.545098066, 0.796078444
vb0[83]+016 TEXCOORD: 0.000918388367, 1
vb0[83]+020 TEXCOORD1: 3.01171875, 0.744628906
vb0[83]+000 TEXCOORD2: 0.643137276, 0.219607845, 0.200000003, 0.282352954
vb0[83]+000 TEXCOORD3: 0.643137276, 0.219607845, 0.200000003, 0.282352954

vb0[84]+000 POSITION: -1.41015625, 7.88671875, 0.491455078, 1
vb0[84]+008 NORMAL: -0.913385808, 0.05511811, 0.40157479, 0
vb0[84]+012 COLOR: 0.788235307, 0.172549024, 0.745098054, 0.545098066
vb0[84]+016 TEXCOORD: 0.509765625, 0.00245857239
vb0[84]+020 TEXCOORD1: -0.564453125, 0.825683594
vb0[84]+000 TEXCOORD2: 0.643137276, 0.741176486, 0.890196085, 0.278431386
vb0[84]+000 TEXCOORD3: 0.643137276, 0.741176486, 0.890196085, 0.278431386

vb0[85]+000 POSITION: -2.1640625, 8.7265625, 2.51757813, 1
vb0[85]+008 NORMAL: -0.889763772, 0.0787401572, 0.448818892, 0
vb0[85]+012 COLOR: 0.792156875, 0.172549024, 0.737254918, 0.80392158
vb0[85]+016 TEXCOORD: 0.000963687897, 0.00245857239
vb0[85]+020 TEXCOORD1: 2.69921875, 0.866210938
vb0[85]+000 TEXCOORD2: 0.329411775, 0.752941191, 0.36470589, 0.282352954
vb0[85]+000 TEXCOORD3: 0.329411775, 0.752941191, 0.36470589, 0.282352954

vb0[86]+000 POSITION: -3.29882813, 6.6875, 1.10644531, 1
vb0[86]+008 NORMAL: -0.929133832, 0.0393700786, 0.370078743, 0
vb0[86]+012 COLOR: 0.792156875, 0.172549024, 0.737254918, 0.545098066
vb0[86]+016 TEXCOORD: 0.509765625, 1
vb0[86]+020 TEXCOORD1: -0.564453125, 0.825683594
vb0[86]+000 TEXCOORD2: 0.600000024, 0.760784328, 0.690196097, 0.274509817
vb0[86]+000 TEXCOORD3: 0.600000024, 0.760784328, 0.690196097, 0.274509817

vb0[87]+000 POSITION: -4.34765625, 7.12109375, 3.04101563, 1
vb0[87]+008 NORMAL: -0.92125982, 0.0393700786, 0.393700778, 0
vb0[87]+012 COLOR: 0.796078444, 0.172549024, 0.733333349, 0.913725495
vb0[87]+016 TEXCOORD: 0.000918388367, 1
vb0[87]+020 TEXCOORD1: -0.564453125, 0.825683594
vb0[87]+000 TEXCOORD2: 0.349019617, 0.768627465, 0.121568628, 0.278431386
vb0[87]+000 TEXCOORD3: 0.349019617, 0.768627465, 0.121568628, 0.278431386

vb0[88]+000 POSITION: -3.14453125, 9.2734375, 0.458251953, 1
vb0[88]+008 NORMAL: -0.866141737, 0.165354326, -0.472440958, 0
vb0[88]+012 COLOR: 0.556862772, 0.168627456, 0.129411772, 0.670588255
vb0[88]+016 TEXCOORD: 0.509765625, 1
vb0[88]+020 TEXCOORD1: -0.564453125, 0.825683594
vb0[88]+000 TEXCOORD2: 0.290196091, 0.760784328, 0.639215708, 0.282352954
vb0[88]+000 TEXCOORD3: 0.290196091, 0.760784328, 0.639215708, 0.282352954

vb0[89]+000 POSITION: -2.0859375, 11.484375, -1.34765625, 1
vb0[89]+008 NORMAL: -0.834645689, 0.173228353, -0.511811018, 0
vb0[89]+012 COLOR: 0.556862772, 0.168627456, 0.129411772, 0.478431374
vb0[89]+016 TEXCOORD: 0.000963687897, 0.00245857239
vb0[89]+020 TEXCOORD1: -0.564453125, 0.825683594
vb0[89]+000 TEXCOORD2: 0.172549024, 0.752941191, 0.745098054, 0.286274523
vb0[89]+000 TEXCOORD3: 0.172549024, 0.752941191, 0.745098054, 0.286274523

vb0[90]+000 POSITION: -0.665039063, 9.9609375, 0.194335938, 1
vb0[90]+008 NORMAL: -0.858267725, 0.157480314, -0.488188982, 0
vb0[90]+012 COLOR: 0.552941203, 0.168627456, 0.129411772, 0.454901963
vb0[90]+016 TEXCOORD: 0.509765625, 0.00245857239
vb0[90]+020 TEXCOORD1: -0.564453125, 0.825683594
vb0[90]+000 TEXCOORD2: 0.321568638, 0.725490212, 0.984313726, 0.282352954
vb0[90]+000 TEXCOORD3: 0.321568638, 0.725490212, 0.984313726, 0.282352954

vb0[91]+000 POSITION: -4.67578125, 10.7734375, -1.12792969, 1
vb0[91]+008 NORMAL: -0.92125982, 0.181102365, -0.338582665, 0
vb0[91]+012 COLOR: 0.56078434, 0.168627456, 0.129411772, 0.764705896
vb0[91]+016 TEXCOORD: 0.000918388367, 1
vb0[91]+020 TEXCOORD1: -0.564453125, 0.825683594
vb0[91]+000 TEXCOORD2: 0.678431392, 0.768627465, 0.388235301, 0.286274523
vb0[91]+000 TEXCOORD3: 0.678431392, 0.768627465, 0.388235301, 0.286274523

vb0[92]+000 POSITION: 2.87109375, 10.0859375, -2.49804688, 1
vb0[92]+008 NORMAL: 0.708661437, 0.165354326, -0.685039341, 0
vb0[92]+012 COLOR: 0.670588255, 0.0352941193, 0.427450985, 0.423529416
vb0[92]+016 TEXCOORD: 0.509765625, 1
vb0[92]+020 TEXCOORD1: 0.592773438, 0.805664063
vb0[92]+000 TEXCOORD2: 0.745098054, 0.254901975, 0.0431372561, 0.286274523
vb0[92]+000 TEXCOORD3: 0.745098054, 0.254901975, 0.0431372561, 0.286274523

vb0[93]+000 POSITION: 3.76757813, 10, 0.089050293, 1
vb0[93]+008 NORMAL: 0.763779521, 0.165354326, -0.629921257, 0
vb0[93]+012 COLOR: 0.670588255, 0.0352941193, 0.427450985, 0.686274529
vb0[93]+016 TEXCOORD: 0.000963687897, 0.00245857239
vb0[93]+020 TEXCOORD1: 0.592773438, 0.805664063
vb0[93]+000 TEXCOORD2: 0.53725493, 0.262745112, 0, 0.286274523
vb0[93]+000 TEXCOORD3: 0.53725493, 0.262745112, 0, 0.286274523

vb0[94]+000 POSITION: 1.70605469, 9.2265625, -0.672363281, 1
vb0[94]+008 NORMAL: 0.55905509, 0.165354326, -0.811023593, 0
vb0[94]+012 COLOR: 0.701960802, 0.0509803928, 0.41568628, 0.501960814
vb0[94]+016 TEXCOORD: 0.509765625, 0.00245857239
vb0[94]+020 TEXCOORD1: 3.5859375, 0.80859375
vb0[94]+000 TEXCOORD2: 0.827450991, 0.243137255, 0.615686297, 0.282352954
vb0[94]+000 TEXCOORD3: 0.827450991, 0.243137255, 0.615686297, 0.282352954

vb0[95]+000 POSITION: 5.109375, 10.671875, -1.96191406, 1
vb0[95]+008 NORMAL: 0.826771677, 0.173228353, -0.535433054, 0
vb0[95]+012 COLOR: 0.639215708, 0.0235294122, 0.435294122, 0.811764717
vb0[95]+016 TEXCOORD: 0.000918388367, 1
vb0[95]+020 TEXCOORD1: 0.592773438, 0.805664063
vb0[95]+000 TEXCOORD2: 0.109803922, 0.270588249, 0.337254912, 0.286274523
vb0[95]+000 TEXCOORD3: 0.109803922, 0.270588249, 0.337254912, 0.286274523

vb0[96]+000 POSITION: 0.575683594, 6.94921875, 2.72851563, 1
vb0[96]+008 NORMAL: -0.322834641, -0.0236220472, 0.944881916, 0
vb0[96]+012 COLOR: 0.294117659, 0.427450985, 0.0509803928, 0.592156887
vb0[96]+016 TEXCOORD: 0.509765625, 0.00245857239
vb0[96]+020 TEXCOORD1: 3.07226563, 0.7578125
vb0[96]+000 TEXCOORD2: 0.607843161, 0.219607845, 0.952941179, 0.274509817
vb0[96]+000 TEXCOORD3: 0.607843161, 0.219607845, 0.952941179, 0.274509817

vb0[97]+000 POSITION: -1.27734375, 5.734375, 3.77929688, 1
vb0[97]+008 NORMAL: -0.299212605, -0.0157480314, 0.952755928, 0
vb0[97]+012 COLOR: 0.254901975, 0.431372553, 0.0666666701, 0.470588237
vb0[97]+016 TEXCOORD: 0.000963687897, 0.00245857239
vb0[97]+020 TEXCOORD1: 2.20117188, 0.397705078
vb0[97]+000 TEXCOORD2: 0.109803922, 0.741176486, 0.737254918, 0.270588249
vb0[97]+000 TEXCOORD3: 0.109803922, 0.741176486, 0.737254918, 0.270588249

vb0[98]+000 POSITION: -1.1796875, 8.5703125, 3.28125, 1
vb0[98]+008 NORMAL: -0.354330719, -0.00787401572, 0.937007844, 0
vb0[98]+012 COLOR: 0.254901975, 0.431372553, 0.0666666701, 0.835294127
vb0[98]+016 TEXCOORD: 0.509765625, 1
vb0[98]+020 TEXCOORD1: 2.43945313, 0.825195313
vb0[98]+000 TEXCOORD2: 0.721568644, 0.737254918, 0.286274523, 0.282352954
vb0[98]+000 TEXCOORD3: 0.721568644, 0.737254918, 0.286274523, 0.282352954

vb0[99]+000 POSITION: -2.8984375, 6.73828125, 4.71875, 1
vb0[99]+008 NORMAL: -0.44094488, -0.0157480314, 0.897637784, 0
vb0[99]+012 COLOR: 0.223529413, 0.43921569, 0.0901960805, 0.898039222
vb0[99]+016 TEXCOORD: 0.000918388367, 1
vb0[99]+020 TEXCOORD1: 2.20117188, 0.397705078
vb0[99]+000 TEXCOORD2: 0.800000012, 0.75686276, 0.741176486, 0.274509817
vb0[99]+000 TEXCOORD3: 0.800000012, 0.75686276, 0.741176486, 0.274509817

vb0[100]+000 POSITION: -0.425537109, 11.171875, -2.64453125, 1
vb0[100]+008 NORMAL: -0.645669281, 0.22047244, -0.724409461, 0
vb0[100]+012 COLOR: 0.701960802, 0.768627465, 0.870588243, 0.764705896
vb0[100]+016 TEXCOORD: 0.509765625, 1
vb0[100]+020 TEXCOORD1: -0.564453125, 0.825683594
vb0[100]+000 TEXCOORD2: 0.811764717, 0.713725507, 0.588235319, 0.286274523
vb0[100]+000 TEXCOORD3: 0.811764717, 0.713725507, 0.588235319, 0.286274523

vb0[101]+000 POSITION: -2.86132813, 10.5625, -0.868164063, 1
vb0[101]+008 NORMAL: -0.645669281, 0.212598428, -0.732283473, 0
vb0[101]+012 COLOR: 0.701960802, 0.768627465, 0.870588243, 0.156862751
vb0[101]+016 TEXCOORD: 0.000963687897, 0.00245857239
vb0[101]+020 TEXCOORD1: -0.564453125, 0.825683594
vb0[101]+000 TEXCOORD2: 0.725490212, 0.75686276, 0.282352954, 0.286274523
vb0[101]+000 TEXCOORD3: 0.725490212, 0.75686276, 0.282352954, 0.286274523

vb0[102]+000 POSITION: -0.772460938, 9.015625, -1.20410156, 1
vb0[102]+008 NORMAL: -0.645669281, 0.173228353, -0.748031497, 0
vb0[102]+012 COLOR: 0.725490212, 0.721568644, 0.886274517, 0.607843161
vb0[102]+016 TEXCOORD: 0.509765625, 0.00245857239
vb0[102]+020 TEXCOORD1: -0.564453125, 0.825683594
vb0[102]+000 TEXCOORD2: 0.180392161, 0.729411781, 0.509803951, 0.282352954
vb0[102]+000 TEXCOORD3: 0.180392161, 0.729411781, 0.509803951, 0.282352954

vb0[103]+000 POSITION: -2.70507813, 12.4296875, -2.640625, 1
vb0[103]+008 NORMAL: -0.653543293, 0.314960629, -0.685039341, 0
vb0[103]+012 COLOR: 0.674509823, 0.815686285, 0.847058833, 0.952941179
vb0[103]+016 TEXCOORD: 0.000918388367, 1
vb0[103]+020 TEXCOORD1: -0.564453125, 0.825683594
vb0[103]+000 TEXCOORD2: 0.411764711, 0.75686276, 0.215686277, 0.290196091
vb0[103]+000 TEXCOORD3: 0.411764711, 0.75686276, 0.215686277, 0.290196091

vb0[104]+000 POSITION: -0.888183594, 15.1953125, 0.164794922, 1
vb0[104]+008 NORMAL: -0.149606302, 0.795275569, -0.582677186, 0
vb0[104]+012 COLOR: 0.152941182, 0.443137258, 0.141176477, 0.568627477
vb0[104]+016 TEXCOORD: 0.509765625, 1
vb0[104]+020 TEXCOORD1: -0.162109375, 0.986816406
vb0[104]+000 TEXCOORD2: 0.105882354, 0.733333349, 0.600000024, 0.294117659
vb0[104]+000 TEXCOORD3: 0.105882354, 0.733333349, 0.600000024, 0.294117659

vb0[105]+000 POSITION: 0.963867188, 13.9453125, -1.42675781, 1
vb0[105]+008 NORMAL: 0.14173229, 0.771653533, -0.622047246, 0
vb0[105]+012 COLOR: 0.152941182, 0.443137258, 0.141176477, 0.647058845
vb0[105]+016 TEXCOORD: 0.000963687897, 0.00245857239
vb0[105]+020 TEXCOORD1: 0.232788086, 0.96875
vb0[105]+000 TEXCOORD2: 0.713725507, 0.23137255, 0.97647059, 0.290196091
vb0[105]+000 TEXCOORD3: 0.713725507, 0.23137255, 0.97647059, 0.290196091

vb0[106]+000 POSITION: -0.494140625, 12.8984375, 0.0603027344, 1
vb0[106]+008 NORMAL: 0.0393700786, 0.779527545, -0.629921257, 0
vb0[106]+012 COLOR: 0.160784319, 0.458823532, 0.137254909, 0.486274511
vb0[106]+016 TEXCOORD: 0.509765625, 0.00245857239
vb0[106]+020 TEXCOORD1: -0.162109375, 0.986816406
vb0[106]+000 TEXCOORD2: 0.909803927, 0.717647076, 0.450980395, 0.290196091
vb0[106]+000 TEXCOORD3: 0.909803927, 0.717647076, 0.450980395, 0.290196091

vb0[107]+000 POSITION: 0.359619141, 16.75, -1.39160156, 1
vb0[107]+008 NORMAL: -0.188976377, 0.811023593, -0.551181078, 0
vb0[107]+012 COLOR: 0.149019614, 0.427450985, 0.149019614, 0.811764717
vb0[107]+016 TEXCOORD: 0.000918388367, 1
vb0[107]+020 TEXCOORD1: -0.162109375, 0.986816406
vb0[107]+000 TEXCOORD2: 0.75686276, 0.20784314, 0.188235298, 0.298039228
vb0[107]+000 TEXCOORD3: 0.75686276, 0.20784314, 0.188235298, 0.298039228

vb0[108]+000 POSITION: 0.336181641, 14.265625, 0.587890625, 1
vb0[108]+008 NORMAL: 0.11023622, 0.874015749, 0.48031497, 0
vb0[108]+012 COLOR: 0.960784316, 0.454901963, 0.690196097, 0.423529416
vb0[108]+016 TEXCOORD: 0.509765625, 0.00245857239
vb0[108]+020 TEXCOORD1: -0.162109375, 0.986816406
vb0[108]+000 TEXCOORD2: 0.380392164, 0.20784314, 0.13333334, 0.294117659
vb0[108]+000 TEXCOORD3: 0.380392164, 0.20784314, 0.13333334, 0.294117659

vb0[109]+000 POSITION: 1.06152344, 14.6015625, -1.0703125, 1
vb0[109]+008 NORMAL: 0.102362208, 0.984251976, 0.14173229, 0
vb0[109]+012 COLOR: 0.97647059, 0.501960814, 0.650980413, 0.478431374
vb0[109]+016 TEXCOORD: 0.000963687897, 0.00245857239
vb0[109]+020 TEXCOORD1: 0.219726563, 0.969238281
vb0[109]+000 TEXCOORD2: 0.247058824, 0.235294119, 0.301960796, 0.294117659
vb0[109]+000 TEXCOORD3: 0.247058824, 0.235294119, 0.301960796, 0.294117659

vb0[110]+000 POSITION: 0.579589844, 16.078125, 0.428955078, 1
vb0[110]+008 NORMAL: 0.125984251, 0.952755928, 0.267716527, 0
vb0[110]+012 COLOR: 0.97647059, 0.501960814, 0.650980413, 0.274509817
vb0[110]+016 TEXCOORD: 0.509765625, 1
vb0[110]+020 TEXCOORD1: -0.162109375, 0.986816406
vb0[110]+000 TEXCOORD2: 0.639215708, 0.219607845, 0.0196078438, 0.298039228
vb0[110]+000 TEXCOORD3: 0.639215708, 0.219607845, 0.0196078438, 0.298039228

vb0[111]+000 POSITION: 0.8203125, 17.0625, -1.18359375, 1
vb0[111]+008 NORMAL: 0.102362208, 0.944881916, -0.307086617, 0
vb0[111]+012 COLOR: 0.984313726, 0.552941203, 0.603921592, 0.80392158
vb0[111]+016 TEXCOORD: 0.000918388367, 1
vb0[111]+020 TEXCOORD1: -0.162109375, 0.986816406
vb0[111]+000 TEXCOORD2: 0.564705908, 0.227450982, 0.266666681, 0.298039228
vb0[111]+000 TEXCOORD3: 0.564705908, 0.227450982, 0.266666681, 0.298039228

vb0[112]+000 POSITION: 0.8203125, 17.0625, -1.18359375, 1
vb0[112]+008 NORMAL: 0.102362208, 0.944881916, -0.307086617, 0
vb0[112]+012 COLOR: 0.607843161, 0.152941182, 0.156862751, 0.80392158
vb0[112]+016 TEXCOORD: 1, 0.00245857239
vb0[112]+020 TEXCOORD1: -0.162109375, 0.986816406
vb0[112]+000 TEXCOORD2: 0.564705908, 0.227450982, 0.266666681, 0.298039228
vb0[112]+000 TEXCOORD3: 0.564705908, 0.227450982, 0.266666681, 0.298039228

vb0[113]+000 POSITION: 1.55371094, 16.171875, -0.0414428711, 1
vb0[113]+008 NORMAL: 0.157480314, 0.984251976, 0.0393700786, 0
vb0[113]+012 COLOR: 0.607843161, 0.152941182, 0.156862751, 0.858823538
vb0[113]+016 TEXCOORD: 0.509277344, 0.00245857239
vb0[113]+020 TEXCOORD1: -0.162109375, 0.986816406
vb0[113]+000 TEXCOORD2: 0.215686277, 0.243137255, 0.0431372561, 0.298039228
vb0[113]+000 TEXCOORD3: 0.215686277, 0.243137255, 0.0431372561, 0.298039228

vb0[114]+000 POSITION: 0.494628906, 15.515625, 0.26171875, 1
vb0[114]+008 NORMAL: 0.11023622, 0.992125988, 0.0472440943, 0
vb0[114]+012 COLOR: 0.607843161, 0.152941182, 0.156862751, 0.592156887
vb0[114]+016 TEXCOORD: 0.509277344, 1
vb0[114]+020 TEXCOORD1: -0.162109375, 0.986816406
vb0[114]+000 TEXCOORD2: 0.917647064, 0.215686277, 0.760784328, 0.294117659
vb0[114]+000 TEXCOORD3: 0.917647064, 0.215686277, 0.760784328, 0.294117659

vb0[115]+000 POSITION: 0.0853271484, 16.3125, -0.652832031, 1
vb0[115]+008 NORMAL: 0.133858263, 0.968503952, -0.22047244, 0
vb0[115]+012 COLOR: 0.607843161, 0.152941182, 0.156862751, 0.811764717
vb0[115]+016 TEXCOORD: 1, 1
vb0[115]+020 TEXCOORD1: -0.162109375, 0.986816406
vb0[115]+000 TEXCOORD2: 0.4627451, 0.176470593, 0.0784313753, 0.298039228
vb0[115]+000 TEXCOORD3: 0.4627451, 0.176470593, 0.0784313753, 0.298039228

vb0[116]+000 POSITION: 0.0140533447, 12.296875, 0.214111328, 1
vb0[116]+008 NORMAL: -0.582677186, 0.51968503, -0.622047246, 0
vb0[116]+012 COLOR: 0.172549024, 0.145098045, 0.372549027, 0.470588237
vb0[116]+016 TEXCOORD: 0.509765625, 0.00245857239
vb0[116]+020 TEXCOORD1: -0.176391602, 0.972167969
vb0[116]+000 TEXCOORD2: 0.196078435, 0.137254909, 0.149019614, 0.290196091
vb0[116]+000 TEXCOORD3: 0.196078435, 0.137254909, 0.149019614, 0.290196091

vb0[117]+000 POSITION: -1.81640625, 13.96875, 0.296142578, 1
vb0[117]+008 NORMAL: -0.551181078, 0.535433054, -0.637795269, 0
vb0[117]+012 COLOR: 0.156862751, 0.164705887, 0.356862754, 0.478431374
vb0[117]+016 TEXCOORD: 0.000963687897, 0.00245857239
vb0[117]+020 TEXCOORD1: -0.21862793, 0.964355469
vb0[117]+000 TEXCOORD2: 0.266666681, 0.749019623, 0.988235295, 0.290196091
vb0[117]+000 TEXCOORD3: 0.266666681, 0.749019623, 0.988235295, 0.290196091

vb0[118]+000 POSITION: -0.198486328, 13.3125, -2.0390625, 1
vb0[118]+008 NORMAL: -0.503937006, 0.551181078, -0.669291317, 0
vb0[118]+012 COLOR: 0.156862751, 0.164705887, 0.356862754, 0.882352948
vb0[118]+016 TEXCOORD: 0.509765625, 1
vb0[118]+020 TEXCOORD1: 0.133789063, 0.973144531
vb0[118]+000 TEXCOORD2: 0.352941185, 0.698039234, 0.65882355, 0.290196091
vb0[118]+000 TEXCOORD3: 0.352941185, 0.698039234, 0.65882355, 0.290196091

vb0[119]+000 POSITION: -2.05078125, 15.3828125, -1.97460938, 1
vb0[119]+008 NORMAL: -0.48031497, 0.700787425, -0.51968503, 0
vb0[119]+012 COLOR: 0.145098045, 0.188235298, 0.34117648, 0.78039217
vb0[119]+016 TEXCOORD: 0.000918388367, 1
vb0[119]+020 TEXCOORD1: -0.162109375, 0.986816406
vb0[119]+000 TEXCOORD2: 0.101960786, 0.752941191, 0.694117665, 0.294117659
vb0[119]+000 TEXCOORD3: 0.101960786, 0.752941191, 0.694117665, 0.294117659

vb0[120]+000 POSITION: 2.12695313, 12.546875, 2.50585938, 1
vb0[120]+008 NORMAL: 0.173228353, 0.307086617, 0.937007844, 0
vb0[120]+012 COLOR: 0.650980413, 0.121568628, 0.788235307, 0.764705896
vb0[120]+016 TEXCOORD: 0.509765625, 1
vb0[120]+020 TEXCOORD1: 2.97851563, 0.909179688
vb0[120]+000 TEXCOORD2: 0.254901975, 0.250980407, 0.274509817, 0.290196091
vb0[120]+000 TEXCOORD3: 0.254901975, 0.250980407, 0.274509817, 0.290196091

vb0[121]+000 POSITION: -0.268310547, 12.90625, 4.2265625, 1
vb0[121]+008 NORMAL: 0.102362208, 0.362204731, 0.929133832, 0
vb0[121]+012 COLOR: 0.650980413, 0.121568628, 0.788235307, 0.898039222
vb0[121]+016 TEXCOORD: 0.000963687897, 0.00245857239
vb0[121]+020 TEXCOORD1: 2.97851563, 0.909179688
vb0[121]+000 TEXCOORD2: 0.294117659, 0.70588237, 0.454901963, 0.290196091
vb0[121]+000 TEXCOORD3: 0.294117659, 0.70588237, 0.454901963, 0.290196091

vb0[122]+000 POSITION: -0.124450684, 11.453125, 2.16601563, 1
vb0[122]+008 NORMAL: 0.0787401572, 0.307086617, 0.952755928, 0
vb0[122]+012 COLOR: 0.643137276, 0.113725491, 0.784313738, 0.376470596
vb0[122]+016 TEXCOORD: 0.509765625, 0.00245857239
vb0[122]+020 TEXCOORD1: 2.97851563, 0.909179688
vb0[122]+000 TEXCOORD2: 0.968627453, 0.686274529, 0.729411781, 0.286274523
vb0[122]+000 TEXCOORD3: 0.968627453, 0.686274529, 0.729411781, 0.286274523

vb0[123]+000 POSITION: 1.8203125, 14.234375, 4.8203125, 1
vb0[123]+008 NORMAL: 0.181102365, 0.472440958, 0.858267725, 0
vb0[123]+012 COLOR: 0.654901981, 0.125490203, 0.792156875, 0.670588255
vb0[123]+016 TEXCOORD: 0.000918388367, 1
vb0[123]+020 TEXCOORD1: 2.97851563, 0.909179688
vb0[123]+000 TEXCOORD2: 0.282352954, 0.247058824, 0.117647059, 0.294117659
vb0[123]+000 TEXCOORD3: 0.282352954, 0.247058824, 0.117647059, 0.294117659

vb0[124]+000 POSITION: -0.299804688, 9.921875, 1.98730469, 1
vb0[124]+008 NORMAL: -0.181102365, 0.173228353, 0.968503952, 0
vb0[124]+012 COLOR: 0.694117665, 0.0392156877, 0.498039216, 0.56078434
vb0[124]+016 TEXCOORD: 0.509765625, 0.00245857239
vb0[124]+020 TEXCOORD1: 2.6953125, 0.870605469
vb0[124]+000 TEXCOORD2: 0.800000012, 0.70588237, 0.964705884, 0.282352954
vb0[124]+000 TEXCOORD3: 0.800000012, 0.70588237, 0.964705884, 0.282352954

vb0[125]+000 POSITION: 1.265625, 10.5859375, 3.67578125, 1
vb0[125]+008 NORMAL: -0.11023622, 0.165354326, 0.984251976, 0
vb0[125]+012 COLOR: 0.698039234, 0.0392156877, 0.505882382, 0.545098066
vb0[125]+016 TEXCOORD: 0.000963687897, 0.00245857239
vb0[125]+020 TEXCOORD1: 3.3671875, 0.819824219
vb0[125]+000 TEXCOORD2: 0.0627451017, 0.239215687, 0.294117659, 0.286274523
vb0[125]+000 TEXCOORD3: 0.0627451017, 0.239215687, 0.294117659, 0.286274523

vb0[126]+000 POSITION: -1.29199219, 9.4921875, 4.125, 1
vb0[126]+008 NORMAL: -0.165354326, 0.165354326, 0.976377964, 0
vb0[126]+012 COLOR: 0.698039234, 0.0392156877, 0.505882382, 0.78039217
vb0[126]+016 TEXCOORD: 0.509765625, 1
vb0[126]+020 TEXCOORD1: 2.97851563, 0.909179688
vb0[126]+000 TEXCOORD2: 0.168627456, 0.741176486, 0.749019623, 0.282352954
vb0[126]+000 TEXCOORD3: 0.168627456, 0.741176486, 0.749019623, 0.282352954

vb0[127]+000 POSITION: 0.116333008, 10.1484375, 5.9921875, 1
vb0[127]+008 NORMAL: -0.0944881886, 0.165354326, 0.984251976, 0
vb0[127]+012 COLOR: 0.698039234, 0.0392156877, 0.509803951, 0.835294127
vb0[127]+016 TEXCOORD: 0.000918388367, 1
vb0[127]+020 TEXCOORD1: 3.3671875, 0.819824219
vb0[127]+000 TEXCOORD2: 0.447058827, 0.184313729, 0.0745098069, 0.286274523
vb0[127]+000 TEXCOORD3: 0.447058827, 0.184313729, 0.0745098069, 0.286274523

vb0[128]+000 POSITION: 0.762207031, 11.640625, 3.43554688, 1
vb0[128]+008 NORMAL: -0.267716527, 0.251968503, 0.929133832, 0
vb0[128]+012 COLOR: 0.733333349, 0.184313729, 0.811764717, 0.647058845
vb0[128]+016 TEXCOORD: 0.509765625, 1
vb0[128]+020 TEXCOORD1: 2.97851563, 0.909179688
vb0[128]+000 TEXCOORD2: 0.0980392173, 0.227450982, 0.823529422, 0.286274523
vb0[128]+000 TEXCOORD3: 0.0980392173, 0.227450982, 0.823529422, 0.286274523

vb0[129]+000 POSITION: -1.77929688, 10.15625, 3.86523438, 1
vb0[129]+008 NORMAL: -0.275590539, 0.251968503, 0.929133832, 0
vb0[129]+012 COLOR: 0.733333349, 0.184313729, 0.811764717, 0.866666675
vb0[129]+016 TEXCOORD: 0.000963687897, 0.00245857239
vb0[129]+020 TEXCOORD1: 2.97851563, 0.909179688
vb0[129]+000 TEXCOORD2: 0.117647059, 0.749019623, 0.0784313753, 0.286274523
vb0[129]+000 TEXCOORD3: 0.117647059, 0.749019623, 0.0784313753, 0.286274523

vb0[130]+000 POSITION: -0.0156555176, 9.6171875, 2.13671875, 1
vb0[130]+008 NORMAL: -0.259842515, 0.244094491, 0.937007844, 0
vb0[130]+012 COLOR: 0.729411781, 0.200000003, 0.827450991, 0.407843143
vb0[130]+016 TEXCOORD: 0.509765625, 0.00245857239
vb0[130]+020 TEXCOORD1: 2.97851563, 0.909179688
vb0[130]+000 TEXCOORD2: 0.00784313772, 0.643137276, 0.811764717, 0.282352954
vb0[130]+000 TEXCOORD3: 0.00784313772, 0.643137276, 0.811764717, 0.282352954

vb0[131]+000 POSITION: -1.05859375, 12.046875, 5.39453125, 1
vb0[131]+008 NORMAL: -0.307086617, 0.275590539, 0.913385808, 0
vb0[131]+012 COLOR: 0.741176486, 0.172549024, 0.792156875, 0.717647076
vb0[131]+016 TEXCOORD: 0.000918388367, 1
vb0[131]+020 TEXCOORD1: 2.97851563, 0.909179688
vb0[131]+000 TEXCOORD2: 0.235294119, 0.737254918, 0.0235294122, 0.290196091
vb0[131]+000 TEXCOORD3: 0.235294119, 0.737254918, 0.0235294122, 0.290196091

vb0[132]+000 POSITION: 1.078125, 9.84375, -0.00413894653, 1
vb0[132]+008 NORMAL: 0.669291317, 0.236220479, -0.700787425, 0
vb0[132]+012 COLOR: 0.752941191, 0.0862745121, 0.384313732, 0.454901963
vb0[132]+016 TEXCOORD: 0.509765625, 0.00245857239
vb0[132]+020 TEXCOORD1: 0.250732422, 0.968261719
vb0[132]+000 TEXCOORD2: 0.313725501, 0.235294119, 0.925490201, 0.282352954
vb0[132]+000 TEXCOORD3: 0.313725501, 0.235294119, 0.925490201, 0.282352954

vb0[133]+000 POSITION: 1.18261719, 10.6171875, -2.51171875, 1
vb0[133]+008 NORMAL: 0.716535449, 0.236220479, -0.661417305, 0
vb0[133]+012 COLOR: 0.745098054, 0.0784313753, 0.392156869, 0.686274529
vb0[133]+016 TEXCOORD: 0.000963687897, 0.00245857239
vb0[133]+020 TEXCOORD1: 0.250732422, 0.968261719
vb0[133]+000 TEXCOORD2: 0.733333349, 0.235294119, 0.309803933, 0.286274523
vb0[133]+000 TEXCOORD3: 0.733333349, 0.235294119, 0.309803933, 0.286274523

vb0[134]+000 POSITION: 3.26171875, 11.265625, -0.326416016, 1
vb0[134]+008 NORMAL: 0.700787425, 0.236220479, -0.669291317, 0
vb0[134]+012 COLOR: 0.745098054, 0.0784313753, 0.392156869, 0.156862751
vb0[134]+016 TEXCOORD: 0.509765625, 1
vb0[134]+020 TEXCOORD1: 0.490722656, 0.854003906
vb0[134]+000 TEXCOORD2: 0.525490224, 0.258823544, 0.635294139, 0.286274523
vb0[134]+000 TEXCOORD3: 0.525490224, 0.258823544, 0.635294139, 0.286274523

vb0[135]+000 POSITION: 3.45117188, 11.9453125, -2.87109375, 1
vb0[135]+008 NORMAL: 0.645669281, 0.244094491, -0.724409461, 0
vb0[135]+012 COLOR: 0.737254918, 0.0705882385, 0.403921574, 0.749019623
vb0[135]+016 TEXCOORD: 0.000918388367, 1
vb0[135]+020 TEXCOORD1: 0.592773438, 0.805664063
vb0[135]+000 TEXCOORD2: 0.905882359, 0.258823544, 0.97647059, 0.286274523
vb0[135]+000 TEXCOORD3: 0.905882359, 0.258823544, 0.97647059, 0.286274523

vb0[136]+000 POSITION: 3.45117188, 11.9453125, -2.87109375, 1
vb0[136]+008 NORMAL: 0.645669281, 0.244094491, -0.724409461, 0
vb0[136]+012 COLOR: 0.164705887, 0.396078438, 0.145098045, 0.749019623
vb0[136]+016 TEXCOORD: 1, 0.00245857239
vb0[136]+020 TEXCOORD1: 0.592773438, 0.805664063
vb0[136]+000 TEXCOORD2: 0.905882359, 0.258823544, 0.97647059, 0.286274523
vb0[136]+000 TEXCOORD3: 0.905882359, 0.258823544, 0.97647059, 0.286274523

vb0[137]+000 POSITION: 2.97265625, 9.9921875, -1.83496094, 1
vb0[137]+008 NORMAL: 0.669291317, 0.236220479, -0.708661437, 0
vb0[137]+012 COLOR: 0.164705887, 0.396078438, 0.145098045, 0.545098066
vb0[137]+016 TEXCOORD: 0.509277344, 0.00245857239
vb0[137]+020 TEXCOORD1: 0.592773438, 0.805664063
vb0[137]+000 TEXCOORD2: 0.949019611, 0.254901975, 1, 0.282352954
vb0[137]+000 TEXCOORD3: 0.949019611, 0.254901975, 1, 0.282352954

vb0[138]+000 POSITION: 1.63085938, 10.203125, -0.620117188, 1
vb0[138]+008 NORMAL: 0.669291317, 0.236220479, -0.700787425, 0
vb0[138]+012 COLOR: 0.164705887, 0.396078438, 0.145098045, 0.513725519
vb0[138]+016 TEXCOORD: 0.509277344, 1
vb0[138]+020 TEXCOORD1: 0.250732422, 0.968261719
vb0[138]+000 TEXCOORD2: 0.525490224, 0.243137255, 0.101960786, 0.286274523
vb0[138]+000 TEXCOORD3: 0.525490224, 0.243137255, 0.101960786, 0.286274523

vb0[139]+000 POSITION: 1.82226563, 11.8828125, -1.30175781, 1
vb0[139]+008 NORMAL: 0.771653533, 0.236220479, -0.590551198, 0
vb0[139]+012 COLOR: 0.164705887, 0.396078438, 0.145098045, 0.811764717
vb0[139]+016 TEXCOORD: 1, 1
vb0[139]+020 TEXCOORD1: 0.250732422, 0.968261719
vb0[139]+000 TEXCOORD2: 0.290196091, 0.247058824, 0.945098042, 0.286274523
vb0[139]+000 TEXCOORD3: 0.290196091, 0.247058824, 0.945098042, 0.286274523

vb0[140]+000 POSITION: 0.10723877, 14.1640625, 3.53125, 1
vb0[140]+008 NORMAL: -0.0236220472, 0.771653533, 0.637795269, 0
vb0[140]+012 COLOR: 0.00392156886, 0.549019635, 0.541176498, 0.858823538
vb0[140]+016 TEXCOORD: 0.509765625, 1
vb0[140]+020 TEXCOORD1: 2.97851563, 0.909179688
vb0[140]+000 TEXCOORD2: 0.866666675, 0.180392161, 0.0823529437, 0.294117659
vb0[140]+000 TEXCOORD3: 0.866666675, 0.180392161, 0.0823529437, 0.294117659

vb0[141]+000 POSITION: 0.10949707, 15.8359375, 1.65039063, 1
vb0[141]+008 NORMAL: -0.0787401572, 0.779527545, 0.622047246, 0
vb0[141]+012 COLOR: 0.00392156886, 0.549019635, 0.541176498, 0.505882382
vb0[141]+016 TEXCOORD: 0.000963687897, 0.00245857239
vb0[141]+020 TEXCOORD1: -0.162109375, 0.986816406
vb0[141]+000 TEXCOORD2: 0.00784313772, 0.184313729, 0.921568632, 0.294117659
vb0[141]+000 TEXCOORD3: 0.00784313772, 0.184313729, 0.921568632, 0.294117659

vb0[142]+000 POSITION: -0.177368164, 14, 1.0703125, 1
vb0[142]+008 NORMAL: -0.0393700786, 0.779527545, 0.629921257, 0
vb0[142]+012 COLOR: 0.00784313772, 0.56078434, 0.552941203, 0.423529416
vb0[142]+016 TEXCOORD: 0.509765625, 0.00245857239
vb0[142]+020 TEXCOORD1: 2.90039063, 0.952148438
vb0[142]+000 TEXCOORD2: 0.678431392, 0.694117665, 0, 0.294117659
vb0[142]+000 TEXCOORD3: 0.678431392, 0.694117665, 0, 0.294117659

vb0[143]+000 POSITION: 0.261474609, 16.046875, 3.81835938, 1
vb0[143]+008 NORMAL: -0.0236220472, 0.771653533, 0.637795269, 0
vb0[143]+012 COLOR: 0.00392156886, 0.53725493, 0.529411793, 0.78039217
vb0[143]+016 TEXCOORD: 0.000918388367, 1
vb0[143]+020 TEXCOORD1: -0.162109375, 0.986816406
vb0[143]+000 TEXCOORD2: 0.184313729, 0.203921571, 0.0117647061, 0.298039228
vb0[143]+000 TEXCOORD3: 0.184313729, 0.203921571, 0.0117647061, 0.298039228

vb0[144]+000 POSITION: 0.160522461, 12.46875, 2.41796875, 1
vb0[144]+008 NORMAL: 0.173228353, 0.464566916, 0.866141737, 0
vb0[144]+012 COLOR: 0.501960814, 0.592156887, 0.00784313772, 0.501960814
vb0[144]+016 TEXCOORD: 0.509765625, 0.00245857239
vb0[144]+020 TEXCOORD1: 2.97460938, 0.910644531
vb0[144]+000 TEXCOORD2: 0.137254909, 0.192156866, 0.235294119, 0.290196091
vb0[144]+000 TEXCOORD3: 0.137254909, 0.192156866, 0.235294119, 0.290196091

vb0[145]+000 POSITION: 1.4609375, 14.09375, 2.7265625, 1
vb0[145]+008 NORMAL: 0.259842515, 0.566929162, 0.779527545, 0
vb0[145]+012 COLOR: 0.53725493, 0.603921592, 0.0117647061, 0.670588255
vb0[145]+016 TEXCOORD: 0.000963687897, 0.00245857239
vb0[145]+020 TEXCOORD1: 2.97851563, 0.909179688
vb0[145]+000 TEXCOORD2: 0.847058833, 0.239215687, 0.0470588244, 0.294117659
vb0[145]+000 TEXCOORD3: 0.847058833, 0.239215687, 0.0470588244, 0.294117659

vb0[146]+000 POSITION: 2.13671875, 11.7578125, 2.28320313, 1
vb0[146]+008 NORMAL: 0.377952754, 0.417322844, 0.826771677, 0
vb0[146]+012 COLOR: 0.53725493, 0.603921592, 0.0117647061, 0.78039217
vb0[146]+016 TEXCOORD: 0.509765625, 1
vb0[146]+020 TEXCOORD1: 3.06835938, 0.888183594
vb0[146]+000 TEXCOORD2: 0.274509817, 0.250980407, 0.882352948, 0.286274523
vb0[146]+000 TEXCOORD3: 0.274509817, 0.250980407, 0.882352948, 0.286274523

vb0[147]+000 POSITION: 3.29882813, 13.8671875, 2.95703125, 1
vb0[147]+008 NORMAL: 0.417322844, 0.551181078, 0.724409461, 0
vb0[147]+012 COLOR: 0.572549045, 0.611764729, 0.0196078438, 0.866666675
vb0[147]+016 TEXCOORD: 0.000918388367, 1
vb0[147]+020 TEXCOORD1: 2.97851563, 0.909179688
vb0[147]+000 TEXCOORD2: 0.600000024, 0.258823544, 0.937254906, 0.290196091
vb0[147]+000 TEXCOORD3: 0.600000024, 0.258823544, 0.937254906, 0.290196091

vb0[148]+000 POSITION: 0.981445313, 12.40625, 0.273193359, 1
vb0[148]+008 NORMAL: -0.0708661452, 0.858267725, -0.503937006, 0
vb0[148]+012 COLOR: 0.129411772, 0.517647088, 0.164705887, 0.250980407
vb0[148]+016 TEXCOORD: 0.509765625, 0.00245857239
vb0[148]+020 TEXCOORD1: 0.250732422, 0.968261719
vb0[148]+000 TEXCOORD2: 0.854901969, 0.23137255, 0.203921571, 0.290196091
vb0[148]+000 TEXCOORD3: 0.854901969, 0.23137255, 0.203921571, 0.290196091

vb0[149]+000 POSITION: 1.14550781, 14.546875, 0.194824219, 1
vb0[149]+008 NORMAL: -0.11811024, 0.874015749, -0.464566916, 0
vb0[149]+012 COLOR: 0.129411772, 0.517647088, 0.164705887, 0.290196091
vb0[149]+016 TEXCOORD: 0.000963687897, 0.00245857239
vb0[149]+020 TEXCOORD1: 0.0141067505, 0.979003906
vb0[149]+000 TEXCOORD2: 0.58431375, 0.235294119, 0.274509817, 0.294117659
vb0[149]+000 TEXCOORD3: 0.58431375, 0.235294119, 0.274509817, 0.294117659

vb0[150]+000 POSITION: 2.39257813, 12.90625, -1.26660156, 1
vb0[150]+008 NORMAL: -0.0787401572, 0.88188976, -0.456692904, 0
vb0[150]+012 COLOR: 0.129411772, 0.517647088, 0.164705887, 0.501960814
vb0[150]+016 TEXCOORD: 0.509765625, 1
vb0[150]+020 TEXCOORD1: 0.250732422, 0.968261719
vb0[150]+000 TEXCOORD2: 0.788235307, 0.250980407, 0.454901963, 0.290196091
vb0[150]+000 TEXCOORD3: 0.788235307, 0.250980407, 0.454901963, 0.290196091

vb0[151]+000 POSITION: 2.63085938, 15.46875, -1.36523438, 1
vb0[151]+008 NORMAL: 0.511811018, 0.700787425, -0.496062994, 0
vb0[151]+012 COLOR: 0.13333334, 0.521568656, 0.160784319, 0.811764717
vb0[151]+016 TEXCOORD: 0.000918388367, 1
vb0[151]+020 TEXCOORD1: 0.250732422, 0.968261719
vb0[151]+000 TEXCOORD2: 0.262745112, 0.254901975, 0.737254918, 0.294117659
vb0[151]+000 TEXCOORD3: 0.262745112, 0.254901975, 0.737254918, 0.294117659

vb0[152]+000 POSITION: -1.00585938, 11.765625, 3.7109375, 1
vb0[152]+008 NORMAL: -0.48031497, 0.40157479, 0.779527545, 0
vb0[152]+012 COLOR: 0.109803922, 0.266666681, 0.294117659, 0.600000024
vb0[152]+016 TEXCOORD: 0.509765625, 1
vb0[152]+020 TEXCOORD1: 2.97851563, 0.909179688
vb0[152]+000 TEXCOORD2: 0.0235294122, 0.737254918, 0.886274517, 0.286274523
vb0[152]+000 TEXCOORD3: 0.0235294122, 0.737254918, 0.886274517, 0.286274523

vb0[153]+000 POSITION: -1.07226563, 13.53125, 1.81152344, 1
vb0[153]+008 NORMAL: -0.472440958, 0.393700778, 0.795275569, 0
vb0[153]+012 COLOR: 0.109803922, 0.266666681, 0.294117659, 0.486274511
vb0[153]+016 TEXCOORD: 0.000963687897, 0.00245857239
vb0[153]+020 TEXCOORD1: 2.87695313, 0.965332031
vb0[153]+000 TEXCOORD2: 0.290196091, 0.737254918, 0.768627465, 0.290196091
vb0[153]+000 TEXCOORD3: 0.290196091, 0.737254918, 0.768627465, 0.290196091

vb0[154]+000 POSITION: 0.154174805, 11.6953125, 1.83691406, 1
vb0[154]+008 NORMAL: -0.527559042, 0.362204731, 0.763779521, 0
vb0[154]+012 COLOR: 0.129411772, 0.247058824, 0.278431386, 0.529411793
vb0[154]+016 TEXCOORD: 0.509765625, 0.00245857239
vb0[154]+020 TEXCOORD1: 2.97851563, 0.909179688
vb0[154]+000 TEXCOORD2: 0.937254906, 0.188235298, 0.850980401, 0.286274523
vb0[154]+000 TEXCOORD3: 0.937254906, 0.188235298, 0.850980401, 0.286274523

vb0[155]+000 POSITION: -2.21875, 13.8984375, 3.88867188, 1
vb0[155]+008 NORMAL: -0.511811018, 0.48031497, 0.716535449, 0
vb0[155]+012 COLOR: 0.0901960805, 0.282352954, 0.313725501, 0.811764717
vb0[155]+016 TEXCOORD: 0.000918388367, 1
vb0[155]+020 TEXCOORD1: 2.97851563, 0.909179688
vb0[155]+000 TEXCOORD2: 0.43921569, 0.752941191, 0.952941179, 0.290196091
vb0[155]+000 TEXCOORD3: 0.43921569, 0.752941191, 0.952941179, 0.290196091

vb0[156]+000 POSITION: -0.965820313, 5.25, 1.77636719, 1
vb0[156]+008 NORMAL: -0.724409461, -0.0944881886, 0.677165329, 0
vb0[156]+012 COLOR: 0.211764708, 0.101960786, 0.596078455, 0.360784322
vb0[156]+016 TEXCOORD: 0.509765625, 0.00245857239
vb0[156]+020 TEXCOORD1: 2.27734375, 0.534667969
vb0[156]+000 TEXCOORD2: 0.729411781, 0.733333349, 0.250980407, 0.270588249
vb0[156]+000 TEXCOORD3: 0.729411781, 0.733333349, 0.250980407, 0.270588249

vb0[157]+000 POSITION: -1.73242188, 6.26171875, 3.69140625, 1
vb0[157]+008 NORMAL: -0.748031497, -0.0708661452, 0.661417305, 0
vb0[157]+012 COLOR: 0.325490206, 0.0313725509, 0.53725493, 0.266666681
vb0[157]+016 TEXCOORD: 0.000963687897, 0.00245857239
vb0[157]+020 TEXCOORD1: 2.20117188, 0.397705078
vb0[157]+000 TEXCOORD2: 0.933333337, 0.745098054, 0.262745112, 0.274509817
vb0[157]+000 TEXCOORD3: 0.933333337, 0.745098054, 0.262745112, 0.274509817

vb0[158]+000 POSITION: -2.83789063, 6.46875, 1.23632813, 1
vb0[158]+008 NORMAL: -0.732283473, -0.0629921257, 0.677165329, 0
vb0[158]+012 COLOR: 0.325490206, 0.0313725509, 0.53725493, 0.56078434
vb0[158]+016 TEXCOORD: 0.509765625, 1
vb0[158]+020 TEXCOORD1: -0.564453125, 0.825683594
vb0[158]+000 TEXCOORD2: 0.678431392, 0.75686276, 0.470588237, 0.274509817
vb0[158]+000 TEXCOORD3: 0.678431392, 0.75686276, 0.470588237, 0.274509817

vb0[159]+000 POSITION: -3.80859375, 6.46875, 3.35351563, 1
vb0[159]+008 NORMAL: -0.803149581, -0.0236220472, 0.59842521, 0
vb0[159]+012 COLOR: 0.454901963, 0.00392156886, 0.478431374, 0.811764717
vb0[159]+016 TEXCOORD: 0.000918388367, 1
vb0[159]+020 TEXCOORD1: 2.20117188, 0.397705078
vb0[159]+000 TEXCOORD2: 0.619607866, 0.764705896, 0.470588237, 0.274509817
vb0[159]+000 TEXCOORD3: 0.619607866, 0.764705896, 0.470588237, 0.274509817

vb0[160]+000 POSITION: -1.86425781, 6.94921875, 3.85742188, 1
vb0[160]+008 NORMAL: -0.354330719, 0.0393700786, 0.937007844, 0
vb0[160]+012 COLOR: 0.243137255, 0.596078455, 0.0823529437, 0.576470613
vb0[160]+016 TEXCOORD: 0.509765625, 1
vb0[160]+020 TEXCOORD1: 2.64453125, 0.587890625
vb0[160]+000 TEXCOORD2: 0.458823532, 0.749019623, 0.952941179, 0.274509817
vb0[160]+000 TEXCOORD3: 0.458823532, 0.749019623, 0.952941179, 0.274509817

vb0[161]+000 POSITION: 0.0491027832, 9.1640625, 3.19335938, 1
vb0[161]+008 NORMAL: -0.307086617, 0.0472440943, 0.952755928, 0
vb0[161]+012 COLOR: 0.243137255, 0.596078455, 0.0823529437, 0.694117665
vb0[161]+016 TEXCOORD: 0.000963687897, 0.00245857239
vb0[161]+020 TEXCOORD1: 3.04492188, 0.806152344
vb0[161]+000 TEXCOORD2: 0.286274523, 0.164705887, 0.58431375, 0.282352954
vb0[161]+000 TEXCOORD3: 0.286274523, 0.164705887, 0.58431375, 0.282352954

vb0[162]+000 POSITION: 0.412597656, 6.67578125, 2.734375, 1
vb0[162]+008 NORMAL: -0.157480314, -0.00787401572, 0.984251976, 0
vb0[162]+012 COLOR: 0.286274523, 0.552941203, 0.0509803928, 0.615686297
vb0[162]+016 TEXCOORD: 0.509765625, 0.00245857239
vb0[162]+020 TEXCOORD1: 2.96289063, 0.751464844
vb0[162]+000 TEXCOORD2: 0.603921592, 0.211764708, 0.678431392, 0.274509817
vb0[162]+000 TEXCOORD3: 0.603921592, 0.211764708, 0.678431392, 0.274509817

vb0[163]+000 POSITION: -2.15429688, 8.6953125, 4.70703125, 1
vb0[163]+008 NORMAL: -0.299212605, 0.0708661452, 0.952755928, 0
vb0[163]+012 COLOR: 0.20784314, 0.635294139, 0.117647059, 0.882352948
vb0[163]+016 TEXCOORD: 0.000918388367, 1
vb0[163]+020 TEXCOORD1: 3.01171875, 0.744628906
vb0[163]+000 TEXCOORD2: 0.309803933, 0.752941191, 0.349019617, 0.282352954
vb0[163]+000 TEXCOORD3: 0.309803933, 0.752941191, 0.349019617, 0.282352954

vb0[164]+000 POSITION: 1.62109375, 10.53125, -2.07617188, 1
vb0[164]+008 NORMAL: 0.629921257, 0.157480314, -0.763779521, 0
vb0[164]+012 COLOR: 0.227450982, 0.117647059, 0.325490206, 0.686274529
vb0[164]+016 TEXCOORD: 0.509765625, 1
vb0[164]+020 TEXCOORD1: 0.538085938, 0.831542969
vb0[164]+000 TEXCOORD2: 0.486274511, 0.243137255, 0.266666681, 0.286274523
vb0[164]+000 TEXCOORD3: 0.486274511, 0.243137255, 0.266666681, 0.286274523

vb0[165]+000 POSITION: 3.8671875, 8.9140625, -2.0625, 1
vb0[165]+008 NORMAL: 0.724409461, 0.157480314, -0.669291317, 0
vb0[165]+012 COLOR: 0.227450982, 0.117647059, 0.325490206, 0.4627451
vb0[165]+016 TEXCOORD: 0.000963687897, 0.00245857239
vb0[165]+020 TEXCOORD1: 0.592773438, 0.805664063
vb0[165]+000 TEXCOORD2: 0.737254918, 0.262745112, 0.458823532, 0.282352954
vb0[165]+000 TEXCOORD3: 0.737254918, 0.262745112, 0.458823532, 0.282352954

vb0[166]+000 POSITION: 2.36328125, 9.2109375, -0.273925781, 1
vb0[166]+008 NORMAL: 0.748031497, 0.149606302, -0.645669281, 0
vb0[166]+012 COLOR: 0.223529413, 0.117647059, 0.333333343, 0.513725519
vb0[166]+016 TEXCOORD: 0.509765625, 0.00245857239
vb0[166]+020 TEXCOORD1: 0.405761719, 0.89453125
vb0[166]+000 TEXCOORD2: 0.729411781, 0.250980407, 0.607843161, 0.282352954
vb0[166]+000 TEXCOORD3: 0.729411781, 0.250980407, 0.607843161, 0.282352954

vb0[167]+000 POSITION: 3.5, 10.0625, -3.94140625, 1
vb0[167]+008 NORMAL: 0.637795269, 0.157480314, -0.755905509, 0
vb0[167]+012 COLOR: 0.227450982, 0.121568628, 0.321568638, 0.764705896
vb0[167]+016 TEXCOORD: 0.000918388367, 1
vb0[167]+020 TEXCOORD1: 0.592773438, 0.805664063
vb0[167]+000 TEXCOORD2: 0, 0.262745112, 0.0313725509, 0.286274523
vb0[167]+000 TEXCOORD3: 0, 0.262745112, 0.0313725509, 0.286274523

vb0[168]+000 POSITION: 0.146728516, 12.0859375, 1.44628906, 1
vb0[168]+008 NORMAL: 0.826771677, 0.448818892, 0.338582665, 0
vb0[168]+012 COLOR: 0.819607854, 0.188235298, 0.725490212, 0.321568638
vb0[168]+016 TEXCOORD: 0.509765625, 0.00245857239
vb0[168]+020 TEXCOORD1: 2.94335938, 0.903808594
vb0[168]+000 TEXCOORD2: 0.698039234, 0.188235298, 0.0431372561, 0.290196091
vb0[168]+000 TEXCOORD3: 0.698039234, 0.188235298, 0.0431372561, 0.290196091

vb0[169]+000 POSITION: 2.015625, 13.1953125, 0.330322266, 1
vb0[169]+008 NORMAL: 0.488188982, 0.574803174, 0.661417305, 0
vb0[169]+012 COLOR: 0.835294127, 0.20784314, 0.729411781, 0.392156869
vb0[169]+016 TEXCOORD: 0.000963687897, 0.00245857239
vb0[169]+020 TEXCOORD1: 0.250732422, 0.968261719
vb0[169]+000 TEXCOORD2: 0.0313725509, 0.250980407, 0.600000024, 0.290196091
vb0[169]+000 TEXCOORD3: 0.0313725509, 0.250980407, 0.600000024, 0.290196091

vb0[170]+000 POSITION: 0.908691406, 13.9140625, 2.87890625, 1
vb0[170]+008 NORMAL: 0.307086617, 0.606299222, 0.740157485, 0
vb0[170]+012 COLOR: 0.835294127, 0.20784314, 0.729411781, 0.258823544
vb0[170]+016 TEXCOORD: 0.509765625, 1
vb0[170]+020 TEXCOORD1: 2.97851563, 0.909179688
vb0[170]+000 TEXCOORD2: 0.270588249, 0.23137255, 0.960784316, 0.290196091
vb0[170]+000 TEXCOORD3: 0.270588249, 0.23137255, 0.960784316, 0.290196091

vb0[171]+000 POSITION: 2.65429688, 15.375, 1.92773438, 1
vb0[171]+008 NORMAL: 0.700787425, 0.708661437, 0.0944881886, 0
vb0[171]+012 COLOR: 0.850980401, 0.227450982, 0.729411781, 0.686274529
vb0[171]+016 TEXCOORD: 0.000918388367, 1
vb0[171]+020 TEXCOORD1: -0.162109375, 0.986816406
vb0[171]+000 TEXCOORD2: 0.309803933, 0.254901975, 0.690196097, 0.294117659
vb0[171]+000 TEXCOORD3: 0.309803933, 0.254901975, 0.690196097, 0.294117659

vb0[172]+000 POSITION: -0.639648438, 10.046875, 1.7265625, 1
vb0[172]+008 NORMAL: -0.708661437, 0.244094491, 0.661417305, 0
vb0[172]+012 COLOR: 0.588235319, 0.811764717, 0.117647059, 0.654901981
vb0[172]+016 TEXCOORD: 0.509765625, 0.00245857239
vb0[172]+020 TEXCOORD1: 2.64648438, 0.869628906
vb0[172]+000 TEXCOORD2: 0.117647059, 0.725490212, 0.0235294122, 0.286274523
vb0[172]+000 TEXCOORD3: 0.117647059, 0.725490212, 0.0235294122, 0.286274523

vb0[173]+000 POSITION: -2.35742188, 11.34375, 2.38476563, 1
vb0[173]+008 NORMAL: -0.748031497, 0.259842515, 0.614173234, 0
vb0[173]+012 COLOR: 0.580392182, 0.827450991, 0.13333334, 0.670588255
vb0[173]+016 TEXCOORD: 0.000963687897, 0.00245857239
vb0[173]+020 TEXCOORD1: 2.76367188, 0.875976563
vb0[173]+000 TEXCOORD2: 0.717647076, 0.752941191, 0.674509823, 0.286274523
vb0[173]+000 TEXCOORD3: 0.717647076, 0.752941191, 0.674509823, 0.286274523

vb0[174]+000 POSITION: 0.162841797, 11.5859375, 3.16015625, 1
vb0[174]+008 NORMAL: -0.582677186, 0.244094491, 0.779527545, 0
vb0[174]+012 COLOR: 0.580392182, 0.827450991, 0.13333334, 0.623529434
vb0[174]+016 TEXCOORD: 0.509765625, 1
vb0[174]+020 TEXCOORD1: 2.97070313, 0.913085938
vb0[174]+000 TEXCOORD2: 0.211764708, 0.192156866, 0.796078444, 0.286274523
vb0[174]+000 TEXCOORD3: 0.211764708, 0.192156866, 0.796078444, 0.286274523

vb0[175]+000 POSITION: -1.75195313, 12.828125, 3.98242188, 1
vb0[175]+008 NORMAL: -0.59842521, 0.267716527, 0.755905509, 0
vb0[175]+012 COLOR: 0.576470613, 0.847058833, 0.149019614, 0.858823538
vb0[175]+016 TEXCOORD: 0.000918388367, 1
vb0[175]+020 TEXCOORD1: 2.97851563, 0.909179688
vb0[175]+000 TEXCOORD2: 0.00784313772, 0.749019623, 0.41568628, 0.290196091
vb0[175]+000 TEXCOORD3: 0.00784313772, 0.749019623, 0.41568628, 0.290196091

vb0[176]+000 POSITION: -1.75195313, 12.828125, 3.98242188, 1
vb0[176]+008 NORMAL: -0.59842521, 0.267716527, 0.755905509, 0
vb0[176]+012 COLOR: 0.0235294122, 0.454901963, 0.352941185, 0.858823538
vb0[176]+016 TEXCOORD: 1, 0.00245857239
vb0[176]+020 TEXCOORD1: 2.97851563, 0.909179688
vb0[176]+000 TEXCOORD2: 0.00784313772, 0.749019623, 0.41568628, 0.290196091
vb0[176]+000 TEXCOORD3: 0.00784313772, 0.749019623, 0.41568628, 0.290196091

vb0[177]+000 POSITION: -1.15917969, 12.125, 2.2734375, 1
vb0[177]+008 NORMAL: -0.645669281, 0.283464581, 0.708661437, 0
vb0[177]+012 COLOR: 0.0235294122, 0.454901963, 0.352941185, 0.56078434
vb0[177]+016 TEXCOORD: 0.509277344, 0.00245857239
vb0[177]+020 TEXCOORD1: 2.97851563, 0.909179688
vb0[177]+000 TEXCOORD2: 0.639215708, 0.737254918, 0.0627451017, 0.290196091
vb0[177]+000 TEXCOORD3: 0.639215708, 0.737254918, 0.0627451017, 0.290196091

vb0[178]+000 POSITION: -1.0234375, 10.5703125, 2.3203125, 1
vb0[178]+008 NORMAL: -0.661417305, 0.259842515, 0.708661437, 0
vb0[178]+012 COLOR: 0.0235294122, 0.454901963, 0.352941185, 0.360784322
vb0[178]+016 TEXCOORD: 0.509277344, 1
vb0[178]+020 TEXCOORD1: 2.97851563, 0.909179688
vb0[178]+000 TEXCOORD2: 0.0941176489, 0.737254918, 0.286274523, 0.286274523
vb0[178]+000 TEXCOORD3: 0.0941176489, 0.737254918, 0.286274523, 0.286274523

vb0[179]+000 POSITION: -1.50097656, 10.9140625, 3.76757813, 1
vb0[179]+008 NORMAL: -0.574803174, 0.204724416, 0.795275569, 0
vb0[179]+012 COLOR: 0.0235294122, 0.454901963, 0.352941185, 0.952941179
vb0[179]+016 TEXCOORD: 1, 1
vb0[179]+020 TEXCOORD1: 2.97851563, 0.909179688
vb0[179]+000 TEXCOORD2: 0.00392156886, 0.745098054, 0.458823532, 0.286274523
vb0[179]+000 TEXCOORD3: 0.00392156886, 0.745098054, 0.458823532, 0.286274523

vb0[180]+000 POSITION: -0.018081665, 5.59375, 1.77246094, 1
vb0[180]+008 NORMAL: -0.732283473, -0.0944881886, 0.669291317, 0
vb0[180]+012 COLOR: 0.772549033, 0.843137264, 0.741176486, 0.505882382
vb0[180]+016 TEXCOORD: 0.509765625, 0.00245857239
vb0[180]+020 TEXCOORD1: 2.64257813, 0.612792969
vb0[180]+000 TEXCOORD2: 0.631372571, 0.643137276, 0.596078455, 0.270588249
vb0[180]+000 TEXCOORD3: 0.631372571, 0.643137276, 0.596078455, 0.270588249

vb0[181]+000 POSITION: -1.640625, 7.3359375, 1.15136719, 1
vb0[181]+008 NORMAL: -0.755905509, -0.0708661452, 0.645669281, 0
vb0[181]+012 COLOR: 0.70588237, 0.874509811, 0.760784328, 0.529411793
vb0[181]+016 TEXCOORD: 0.000963687897, 0.00245857239
vb0[181]+020 TEXCOORD1: -0.564453125, 0.825683594
vb0[181]+000 TEXCOORD2: 0.564705908, 0.745098054, 0.337254912, 0.278431386
vb0[181]+000 TEXCOORD3: 0.564705908, 0.745098054, 0.337254912, 0.278431386

vb0[182]+000 POSITION: -1.72265625, 5.7109375, 3.54296875, 1
vb0[182]+008 NORMAL: -0.692913413, -0.0629921257, 0.716535449, 0
vb0[182]+012 COLOR: 0.70588237, 0.874509811, 0.760784328, 0.298039228
vb0[182]+016 TEXCOORD: 0.509765625, 1
vb0[182]+020 TEXCOORD1: 2.20117188, 0.397705078
vb0[182]+000 TEXCOORD2: 0.894117653, 0.745098054, 0.713725507, 0.270588249
vb0[182]+000 TEXCOORD3: 0.894117653, 0.745098054, 0.713725507, 0.270588249

vb0[183]+000 POSITION: -3.33984375, 6.5234375, 3.12890625, 1
vb0[183]+008 NORMAL: -0.803149581, -0.0472440943, 0.59842521, 0
vb0[183]+012 COLOR: 0.631372571, 0.898039222, 0.772549033, 0.486274511
vb0[183]+016 TEXCOORD: 0.000918388367, 1
vb0[183]+020 TEXCOORD1: 2.20117188, 0.397705078
vb0[183]+000 TEXCOORD2: 0.68235296, 0.760784328, 0.525490224, 0.274509817
vb0[183]+000 TEXCOORD3: 0.68235296, 0.760784328, 0.525490224, 0.274509817

vb0[184]+000 POSITION: -0.687988281, 8.5, 1.12304688, 1
vb0[184]+008 NORMAL: -0.992125988, 0.14173229, 0.0236220472, 0
vb0[184]+012 COLOR: 0.435294122, 0.552941203, 0.992156863, 0.4627451
vb0[184]+016 TEXCOORD: 0.509765625, 0.00245857239
vb0[184]+020 TEXCOORD1: 2.53515625, 0.827636719
vb0[184]+000 TEXCOORD2: 0.505882382, 0.725490212, 0.250980407, 0.282352954
vb0[184]+000 TEXCOORD3: 0.505882382, 0.725490212, 0.250980407, 0.282352954

vb0[185]+000 POSITION: -2.125, 10.40625, 0.734863281, 1
vb0[185]+008 NORMAL: -0.976377964, 0.188976377, -0.0944881886, 0
vb0[185]+012 COLOR: 0.447058827, 0.549019635, 0.996078432, 0.494117647
vb0[185]+016 TEXCOORD: 0.000963687897, 0.00245857239
vb0[185]+020 TEXCOORD1: -0.564453125, 0.825683594
vb0[185]+000 TEXCOORD2: 0.250980407, 0.752941191, 0.203921571, 0.286274523
vb0[185]+000 TEXCOORD3: 0.250980407, 0.752941191, 0.203921571, 0.286274523

vb0[186]+000 POSITION: -2.953125, 7.6953125, 0.909667969, 1
vb0[186]+008 NORMAL: -0.984251976, 0.157480314, 0.05511811, 0
vb0[186]+012 COLOR: 0.447058827, 0.549019635, 0.996078432, 0.431372553
vb0[186]+016 TEXCOORD: 0.509765625, 1
vb0[186]+020 TEXCOORD1: -0.564453125, 0.825683594
vb0[186]+000 TEXCOORD2: 0.909803927, 0.75686276, 0.698039234, 0.278431386
vb0[186]+000 TEXCOORD3: 0.909803927, 0.75686276, 0.698039234, 0.278431386

vb0[187]+000 POSITION: -4.5078125, 9.2734375, 0.645996094, 1
vb0[187]+008 NORMAL: -0.992125988, 0.14173229, 0.0472440943, 0
vb0[187]+012 COLOR: 0.458823532, 0.545098066, 0.996078432, 0.811764717
vb0[187]+016 TEXCOORD: 0.000918388367, 1
vb0[187]+020 TEXCOORD1: -0.564453125, 0.825683594
vb0[187]+000 TEXCOORD2: 0.509803951, 0.768627465, 0.639215708, 0.282352954
vb0[187]+000 TEXCOORD3: 0.509803951, 0.768627465, 0.639215708, 0.282352954

vb0[188]+000 POSITION: 2.796875, 11.34375, -1.31933594, 1
vb0[188]+008 NORMAL: 0.874015749, 0.291338593, -0.393700778, 0
vb0[188]+012 COLOR: 0.87843138, 0.274509817, 0.741176486, 0.329411775
vb0[188]+016 TEXCOORD: 0.509765625, 1
vb0[188]+020 TEXCOORD1: 0.592773438, 0.805664063
vb0[188]+000 TEXCOORD2: 0.596078455, 0.254901975, 0.674509823, 0.286274523
vb0[188]+000 TEXCOORD3: 0.596078455, 0.254901975, 0.674509823, 0.286274523

vb0[189]+000 POSITION: 2.56835938, 12.984375, 0.574707031, 1
vb0[189]+008 NORMAL: 0.874015749, 0.330708653, -0.346456707, 0
vb0[189]+012 COLOR: 0.87843138, 0.274509817, 0.741176486, 0.78039217
vb0[189]+016 TEXCOORD: 0.000963687897, 0.00245857239
vb0[189]+020 TEXCOORD1: 0.250732422, 0.968261719
vb0[189]+000 TEXCOORD2: 0.137254909, 0.254901975, 0.494117647, 0.290196091
vb0[189]+000 TEXCOORD3: 0.137254909, 0.254901975, 0.494117647, 0.290196091

vb0[190]+000 POSITION: 1.57714844, 11.09375, 0.424316406, 1
vb0[190]+008 NORMAL: 0.708661437, 0.314960629, -0.629921257, 0
vb0[190]+012 COLOR: 0.882352948, 0.282352954, 0.737254918, 0.552941203
vb0[190]+016 TEXCOORD: 0.509765625, 0.00245857239
vb0[190]+020 TEXCOORD1: 3.19726563, 0.956542969
vb0[190]+000 TEXCOORD2: 0.309803933, 0.243137255, 0.549019635, 0.286274523
vb0[190]+000 TEXCOORD3: 0.309803933, 0.243137255, 0.549019635, 0.286274523

vb0[191]+000 POSITION: 3.96484375, 13.40625, -1.15917969, 1
vb0[191]+008 NORMAL: 0.692913413, 0.354330719, -0.629921257, 0
vb0[191]+012 COLOR: 0.870588243, 0.270588249, 0.745098054, 0.80392158
vb0[191]+016 TEXCOORD: 0.000918388367, 1
vb0[191]+020 TEXCOORD1: 0.250732422, 0.968261719
vb0[191]+000 TEXCOORD2: 0.933333337, 0.262745112, 0.70588237, 0.290196091
vb0[191]+000 TEXCOORD3: 0.933333337, 0.262745112, 0.70588237, 0.290196091

vb0[192]+000 POSITION: -1.70703125, 12.8046875, 1.27441406, 1
vb0[192]+008 NORMAL: -0.748031497, 0.661417305, 0.0944881886, 0
vb0[192]+012 COLOR: 0.615686297, 0.203921571, 0.113725491, 0.670588255
vb0[192]+016 TEXCOORD: 0.509765625, 1
vb0[192]+020 TEXCOORD1: -0.390380859, 0.895019531
vb0[192]+000 TEXCOORD2: 0.831372559, 0.745098054, 0.403921574, 0.290196091
vb0[192]+000 TEXCOORD3: 0.831372559, 0.745098054, 0.403921574, 0.290196091

vb0[193]+000 POSITION: -1.27441406, 15.140625, -0.374267578, 1
vb0[193]+008 NORMAL: -0.740157485, 0.669291317, 0.0472440943, 0
vb0[193]+012 COLOR: 0.615686297, 0.203921571, 0.113725491, 0.717647076
vb0[193]+016 TEXCOORD: 0.000963687897, 0.00245857239
vb0[193]+020 TEXCOORD1: -0.162109375, 0.986816406
vb0[193]+000 TEXCOORD2: 0.0980392173, 0.741176486, 0.572549045, 0.294117659
vb0[193]+000 TEXCOORD3: 0.0980392173, 0.741176486, 0.572549045, 0.294117659

vb0[194]+000 POSITION: 0.315429688, 14.1953125, 1.24414063, 1
vb0[194]+008 NORMAL: -0.740157485, 0.622047246, 0.251968503, 0
vb0[194]+012 COLOR: 0.694117665, 0.211764708, 0.141176477, 0.607843161
vb0[194]+016 TEXCOORD: 0.509765625, 0.00245857239
vb0[194]+020 TEXCOORD1: -0.162109375, 0.986816406
vb0[194]+000 TEXCOORD2: 0.0470588244, 0.20784314, 0.0980392173, 0.294117659
vb0[194]+000 TEXCOORD3: 0.0470588244, 0.20784314, 0.0980392173, 0.294117659

vb0[195]+000 POSITION: -3.21484375, 14.6171875, -0.168579102, 1
vb0[195]+008 NORMAL: -0.811023593, 0.582677186, -0.0157480314, 0
vb0[195]+012 COLOR: 0.53725493, 0.20784314, 0.0941176489, 0.905882359
vb0[195]+016 TEXCOORD: 0.000918388367, 1
vb0[195]+020 TEXCOORD1: -0.162109375, 0.986816406
vb0[195]+000 TEXCOORD2: 0.431372553, 0.760784328, 0.309803933, 0.294117659
vb0[195]+000 TEXCOORD3: 0.431372553, 0.760784328, 0.309803933, 0.294117659

vb0[196]+000 POSITION: 1.5546875, 6.87109375, -1.35644531, 1
vb0[196]+008 NORMAL: 0.724409461, 0.0157480314, -0.692913413, 0
vb0[196]+012 COLOR: 0.815686285, 0.129411772, 0.607843161, 0.41568628
vb0[196]+016 TEXCOORD: 0.509765625, 0.00245857239
vb0[196]+020 TEXCOORD1: 0.313720703, 0.909667969
vb0[196]+000 TEXCOORD2: 0.219607845, 0.243137255, 0.874509811, 0.274509817
vb0[196]+000 TEXCOORD3: 0.219607845, 0.243137255, 0.874509811, 0.274509817

vb0[197]+000 POSITION: 2.65039063, 7.2421875, -3.296875, 1
vb0[197]+008 NORMAL: 0.551181078, 0.05511811, -0.826771677, 0
vb0[197]+012 COLOR: 0.75686276, 0.0941176489, 0.635294139, 0.423529416
vb0[197]+016 TEXCOORD: 0.000963687897, 0.00245857239
vb0[197]+020 TEXCOORD1: 0.276123047, 0.923828125
vb0[197]+000 TEXCOORD2: 0.301960796, 0.254901975, 0.243137255, 0.278431386
vb0[197]+000 TEXCOORD3: 0.301960796, 0.254901975, 0.243137255, 0.278431386

vb0[198]+000 POSITION: 3.19140625, 8.375, -0.95703125, 1
vb0[198]+008 NORMAL: 0.669291317, 0.0393700786, -0.740157485, 0
vb0[198]+012 COLOR: 0.75686276, 0.0941176489, 0.635294139, 0.486274511
vb0[198]+016 TEXCOORD: 0.509765625, 1
vb0[198]+020 TEXCOORD1: 0.592773438, 0.805664063
vb0[198]+000 TEXCOORD2: 0.384313732, 0.258823544, 0.188235298, 0.282352954
vb0[198]+000 TEXCOORD3: 0.384313732, 0.258823544, 0.188235298, 0.282352954

vb0[199]+000 POSITION: 4.4453125, 8.078125, -3.24804688, 1
vb0[199]+008 NORMAL: 0.55905509, 0.0708661452, -0.826771677, 0
vb0[199]+012 COLOR: 0.694117665, 0.0705882385, 0.662745118, 0.75686276
vb0[199]+016 TEXCOORD: 0.000918388367, 1
vb0[199]+020 TEXCOORD1: 0.592773438, 0.805664063
vb0[199]+000 TEXCOORD2: 0.447058827, 0.266666681, 0.0392156877, 0.282352954
vb0[199]+000 TEXCOORD3: 0.447058827, 0.266666681, 0.0392156877, 0.282352954

vb0[200]+000 POSITION: 0.511230469, 7.63671875, 2.42382813, 1
vb0[200]+008 NORMAL: 0.0787401572, 0.11811024, 0.992125988, 0
vb0[200]+012 COLOR: 0.0549019612, 0.509803951, 0.725490212, 0.360784322
vb0[200]+016 TEXCOORD: 0.509765625, 0.00245857239
vb0[200]+020 TEXCOORD1: 3.109375, 0.765625
vb0[200]+000 TEXCOORD2: 0.0901960805, 0.219607845, 0.639215708, 0.278431386
vb0[200]+000 TEXCOORD3: 0.0901960805, 0.219607845, 0.639215708, 0.278431386

vb0[201]+000 POSITION: 1.6484375, 7.9921875, 4.6796875, 1
vb0[201]+008 NORMAL: 0.0708661452, 0.133858263, 0.992125988, 0
vb0[201]+012 COLOR: 0.0470588244, 0.494117647, 0.713725507, 0.600000024
vb0[201]+016 TEXCOORD: 0.000963687897, 0.00245857239
vb0[201]+020 TEXCOORD1: 3.16992188, 0.778320313
vb0[201]+000 TEXCOORD2: 0.596078455, 0.243137255, 0.996078432, 0.278431386
vb0[201]+000 TEXCOORD3: 0.596078455, 0.243137255, 0.996078432, 0.278431386

vb0[202]+000 POSITION: 0.750488281, 10.1484375, 2.80078125, 1
vb0[202]+008 NORMAL: 0.11023622, 0.149606302, 0.984251976, 0
vb0[202]+012 COLOR: 0.0470588244, 0.494117647, 0.713725507, 0.384313732
vb0[202]+016 TEXCOORD: 0.509765625, 1
vb0[202]+020 TEXCOORD1: 2.99023438, 0.90625
vb0[202]+000 TEXCOORD2: 0.00392156886, 0.227450982, 0.0745098069, 0.286274523
vb0[202]+000 TEXCOORD3: 0.00392156886, 0.227450982, 0.0745098069, 0.286274523

vb0[203]+000 POSITION: 1.87207031, 9.9609375, 5.35546875, 1
vb0[203]+008 NORMAL: 0.236220479, 0.14173229, 0.96062994, 0
vb0[203]+012 COLOR: 0.0431372561, 0.482352942, 0.698039234, 0.376470596
vb0[203]+016 TEXCOORD: 0.000918388367, 1
vb0[203]+020 TEXCOORD1: 3.3671875, 0.819824219
vb0[203]+000 TEXCOORD2: 0.490196079, 0.247058824, 0.984313726, 0.282352954
vb0[203]+000 TEXCOORD3: 0.490196079, 0.247058824, 0.984313726, 0.282352954

vb0[204]+000 POSITION: 1.38085938, 13.2421875, 1.21679688, 1
vb0[204]+008 NORMAL: 0.307086617, 0.527559042, 0.787401557, 0
vb0[204]+012 COLOR: 0.831372559, 0.129411772, 0.53725493, 0.470588237
vb0[204]+016 TEXCOORD: 0.509765625, 1
vb0[204]+020 TEXCOORD1: 3.00976563, 0.916015625
vb0[204]+000 TEXCOORD2: 0.525490224, 0.239215687, 0.623529434, 0.290196091
vb0[204]+000 TEXCOORD3: 0.525490224, 0.239215687, 0.623529434, 0.290196091

vb0[205]+000 POSITION: 0.170532227, 12.390625, 3.5, 1
vb0[205]+008 NORMAL: 0.314960629, 0.456692904, 0.834645689, 0
vb0[205]+012 COLOR: 0.831372559, 0.129411772, 0.53725493, 0.592156887
vb0[205]+016 TEXCOORD: 0.000963687897, 0.00245857239
vb0[205]+020 TEXCOORD1: 2.97851563, 0.909179688
vb0[205]+000 TEXCOORD2: 0.458823532, 0.192156866, 0.196078435, 0.290196091
vb0[205]+000 TEXCOORD3: 0.458823532, 0.192156866, 0.196078435, 0.290196091

vb0[206]+000 POSITION: -0.467529297, 11.859375, 1.34082031, 1
vb0[206]+008 NORMAL: 0.44094488, 0.40157479, 0.803149581, 0
vb0[206]+012 COLOR: 0.800000012, 0.101960786, 0.509803951, 0.423529416
vb0[206]+016 TEXCOORD: 0.509765625, 0.00245857239
vb0[206]+020 TEXCOORD1: 2.83007813, 0.886230469
vb0[206]+000 TEXCOORD2: 0.482352942, 0.717647076, 0.933333337, 0.286274523
vb0[206]+000 TEXCOORD3: 0.482352942, 0.717647076, 0.933333337, 0.286274523

vb0[207]+000 POSITION: 1.77636719, 14.109375, 3.47265625, 1
vb0[207]+008 NORMAL: 0.377952754, 0.527559042, 0.763779521, 0
vb0[207]+012 COLOR: 0.862745106, 0.160784319, 0.564705908, 0.607843161
vb0[207]+016 TEXCOORD: 0.000918388367, 1
vb0[207]+020 TEXCOORD1: 2.97851563, 0.909179688
vb0[207]+000 TEXCOORD2: 0.105882354, 0.247058824, 0.0549019612, 0.294117659
vb0[207]+000 TEXCOORD3: 0.105882354, 0.247058824, 0.0549019612, 0.294117659

vb0[208]+000 POSITION: 2.09960938, 13.0859375, 1.76171875, 1
vb0[208]+008 NORMAL: 0.370078743, 0.456692904, 0.811023593, 0
vb0[208]+012 COLOR: 0.647058845, 0.0901960805, 0.745098054, 0.592156887
vb0[208]+016 TEXCOORD: 0.509765625, 1
vb0[208]+020 TEXCOORD1: 2.97851563, 0.909179688
vb0[208]+000 TEXCOORD2: 0.200000003, 0.250980407, 0.545098066, 0.290196091
vb0[208]+000 TEXCOORD3: 0.200000003, 0.250980407, 0.545098066, 0.290196091

vb0[209]+000 POSITION: -0.216186523, 13.046875, 3.09570313, 1
vb0[209]+008 NORMAL: 0.314960629, 0.456692904, 0.834645689, 0
vb0[209]+012 COLOR: 0.647058845, 0.0901960805, 0.745098054, 0.56078434
vb0[209]+016 TEXCOORD: 0.000963687897, 0.00245857239
vb0[209]+020 TEXCOORD1: 2.95898438, 0.919921875
vb0[209]+000 TEXCOORD2: 0.921568632, 0.698039234, 0.525490224, 0.290196091
vb0[209]+000 TEXCOORD3: 0.921568632, 0.698039234, 0.525490224, 0.290196091

vb0[210]+000 POSITION: 0.155151367, 12.15625, 1.03515625, 1
vb0[210]+008 NORMAL: 0.291338593, 0.409448832, 0.866141737, 0
vb0[210]+012 COLOR: 0.627451003, 0.0666666701, 0.709803939, 0.392156869
vb0[210]+016 TEXCOORD: 0.509765625, 0.00245857239
vb0[210]+020 TEXCOORD1: 2.9375, 0.902832031
vb0[210]+000 TEXCOORD2: 0.968627453, 0.188235298, 0.0784313753, 0.290196091
vb0[210]+000 TEXCOORD3: 0.968627453, 0.188235298, 0.0784313753, 0.290196091

vb0[211]+000 POSITION: 1.63671875, 14.375, 3.8359375, 1
vb0[211]+008 NORMAL: 0.259842515, 0.55905509, 0.787401557, 0
vb0[211]+012 COLOR: 0.662745118, 0.117647059, 0.776470602, 0.75686276
vb0[211]+016 TEXCOORD: 0.000918388367, 1
vb0[211]+020 TEXCOORD1: 2.97851563, 0.909179688
vb0[211]+000 TEXCOORD2: 0.549019635, 0.243137255, 0.188235298, 0.294117659
vb0[211]+000 TEXCOORD3: 0.549019635, 0.243137255, 0.188235298, 0.294117659

vb0[212]+000 POSITION: -2.125, 9.984375, 2.54492188, 1
vb0[212]+008 NORMAL: -0.874015749, 0.22047244, 0.433070868, 0
vb0[212]+012 COLOR: 0.525490224, 0.141176477, 0.149019614, 0.686274529
vb0[212]+016 TEXCOORD: 0.509765625, 1
vb0[212]+020 TEXCOORD1: 2.97851563, 0.909179688
vb0[212]+000 TEXCOORD2: 0.250980407, 0.752941191, 0.996078432, 0.282352954
vb0[212]+000 TEXCOORD3: 0.250980407, 0.752941191, 0.996078432, 0.282352954

vb0[213]+000 POSITION: -2.49023438, 12.0546875, 0.395996094, 1
vb0[213]+008 NORMAL: -0.897637784, 0.212598428, 0.377952754, 0
vb0[213]+012 COLOR: 0.525490224, 0.141176477, 0.149019614, 0.188235298
vb0[213]+016 TEXCOORD: 0.000963687897, 0.00245857239
vb0[213]+020 TEXCOORD1: -0.564453125, 0.825683594
vb0[213]+000 TEXCOORD2: 0.984313726, 0.752941191, 0.0274509806, 0.290196091
vb0[213]+000 TEXCOORD3: 0.984313726, 0.752941191, 0.0274509806, 0.290196091

vb0[214]+000 POSITION: -0.271484375, 11.3984375, 1.49023438, 1
vb0[214]+008 NORMAL: -0.850393713, 0.228346452, 0.472440958, 0
vb0[214]+012 COLOR: 0.568627477, 0.149019614, 0.149019614, 0.600000024
vb0[214]+016 TEXCOORD: 0.509765625, 0.00245857239
vb0[214]+020 TEXCOORD1: 2.84375, 0.927246094
vb0[214]+000 TEXCOORD2: 0.345098048, 0.70588237, 0.701960802, 0.286274523
vb0[214]+000 TEXCOORD3: 0.345098048, 0.70588237, 0.701960802, 0.286274523

vb0[215]+000 POSITION: -4.3671875, 10.953125, 1.6328125, 1
vb0[215]+008 NORMAL: -0.944881916, 0.204724416, 0.267716527, 0
vb0[215]+012 COLOR: 0.482352942, 0.137254909, 0.152941182, 0.866666675
vb0[215]+016 TEXCOORD: 0.000918388367, 1
vb0[215]+020 TEXCOORD1: -0.564453125, 0.825683594
vb0[215]+000 TEXCOORD2: 0.368627459, 0.768627465, 0.478431374, 0.286274523
vb0[215]+000 TEXCOORD3: 0.368627459, 0.768627465, 0.478431374, 0.286274523

vb0[216]+000 POSITION: -0.544433594, 8.9296875, -0.517089844, 1
vb0[216]+008 NORMAL: -0.874015749, 0.05511811, -0.488188982, 0
vb0[216]+012 COLOR: 0.603921592, 0.0549019612, 0.698039234, 0.56078434
vb0[216]+016 TEXCOORD: 0.509765625, 0.00245857239
vb0[216]+020 TEXCOORD1: 2.68359375, 0.895996094
vb0[216]+000 TEXCOORD2: 0.356862754, 0.721568644, 0.466666669, 0.282352954
vb0[216]+000 TEXCOORD3: 0.356862754, 0.721568644, 0.466666669, 0.282352954

vb0[217]+000 POSITION: -2.73242188, 8.6015625, -0.112060547, 1
vb0[217]+008 NORMAL: -0.937007844, 0.0629921257, -0.338582665, 0
vb0[217]+012 COLOR: 0.607843161, 0.0549019612, 0.701960802, 0.545098066
vb0[217]+016 TEXCOORD: 0.000963687897, 0.00245857239
vb0[217]+020 TEXCOORD1: -0.564453125, 0.825683594
vb0[217]+000 TEXCOORD2: 0.466666669, 0.75686276, 0.301960796, 0.282352954
vb0[217]+000 TEXCOORD3: 0.466666669, 0.75686276, 0.301960796, 0.282352954

vb0[218]+000 POSITION: -1.44042969, 7.91796875, -2.31640625, 1
vb0[218]+008 NORMAL: -0.811023593, 0.0787401572, -0.582677186, 0
vb0[218]+012 COLOR: 0.607843161, 0.0549019612, 0.701960802, 0.647058845
vb0[218]+016 TEXCOORD: 0.509765625, 1
vb0[218]+020 TEXCOORD1: -0.233398438, 0.913574219
vb0[218]+000 TEXCOORD2: 0.764705896, 0.741176486, 0.921568632, 0.278431386
vb0[218]+000 TEXCOORD3: 0.764705896, 0.741176486, 0.921568632, 0.278431386

vb0[219]+000 POSITION: -3.734375, 7.421875, -2.09570313, 1
vb0[219]+008 NORMAL: -0.842519701, 0.0236220472, -0.535433054, 0
vb0[219]+012 COLOR: 0.615686297, 0.0588235296, 0.70588237, 0.898039222
vb0[219]+016 TEXCOORD: 0.000918388367, 1
vb0[219]+020 TEXCOORD1: -0.564453125, 0.825683594
vb0[219]+000 TEXCOORD2: 0.470588237, 0.764705896, 0.423529416, 0.278431386
vb0[219]+000 TEXCOORD3: 0.470588237, 0.764705896, 0.423529416, 0.278431386

vb0[220]+000 POSITION: -0.3046875, 9.1953125, -2.3203125, 1
vb0[220]+008 NORMAL: -0.0866141766, 0.0944881886, -0.992125988, 0
vb0[220]+012 COLOR: 0.568627477, 0.125490203, 0.176470593, 0.141176477
vb0[220]+016 TEXCOORD: 0.509765625, 1
vb0[220]+020 TEXCOORD1: 0.0456237793, 0.821289063
vb0[220]+000 TEXCOORD2: 0.87843138, 0.70588237, 0.600000024, 0.282352954
vb0[220]+000 TEXCOORD3: 0.87843138, 0.70588237, 0.600000024, 0.282352954

vb0[221]+000 POSITION: 1.30761719, 6.71484375, 0.91796875, 1
vb0[221]+008 NORMAL: 0.346456707, 0.0944881886, -0.937007844, 0
vb0[221]+012 COLOR: 0.568627477, 0.125490203, 0.176470593, 0.345098048
vb0[221]+016 TEXCOORD: 0.000963687897, 0.00245857239
vb0[221]+020 TEXCOORD1: 3.3671875, 0.819824219
vb0[221]+000 TEXCOORD2: 0.23137255, 0.239215687, 0.717647076, 0.274509817
vb0[221]+000 TEXCOORD3: 0.23137255, 0.239215687, 0.717647076, 0.274509817

vb0[222]+000 POSITION: -2.25195313, 6.6875, -0.339355469, 1
vb0[222]+008 NORMAL: 0.299212605, 0.00787401572, -0.952755928, 0
vb0[222]+012 COLOR: 0.619607866, 0.145098045, 0.168627456, 0.454901963
vb0[222]+016 TEXCOORD: 0.509765625, 0.00245857239
vb0[222]+020 TEXCOORD1: -0.564453125, 0.825683594
vb0[222]+000 TEXCOORD2: 0.505882382, 0.752941191, 0.690196097, 0.274509817
vb0[222]+000 TEXCOORD3: 0.505882382, 0.752941191, 0.690196097, 0.274509817

vb0[223]+000 POSITION: 2.5078125, 8.4921875, -1.26367188, 1
vb0[223]+008 NORMAL: 0.724409461, 0.0629921257, -0.685039341, 0
vb0[223]+012 COLOR: 0.517647088, 0.105882354, 0.192156866, 0.0313725509
vb0[223]+016 TEXCOORD: 0.000918388367, 1
vb0[223]+020 TEXCOORD1: 0.592773438, 0.805664063
vb0[223]+000 TEXCOORD2: 0.0156862754, 0.254901975, 0.247058824, 0.282352954
vb0[223]+000 TEXCOORD3: 0.0156862754, 0.254901975, 0.247058824, 0.282352954

vb0[224]+000 POSITION: 1.14746094, 6.48828125, -1.05761719, 1
vb0[224]+008 NORMAL: 0.724409461, -0.0157480314, -0.692913413, 0
vb0[224]+012 COLOR: 0.603921592, 0.627451003, 0.972549021, 0.521568656
vb0[224]+016 TEXCOORD: 0.509765625, 0.00245857239
vb0[224]+020 TEXCOORD1: 0.0800170898, 0.996582031
vb0[224]+000 TEXCOORD2: 0.592156887, 0.235294119, 0.490196079, 0.274509817
vb0[224]+000 TEXCOORD3: 0.592156887, 0.235294119, 0.490196079, 0.274509817

vb0[225]+000 POSITION: 3.59570313, 5.73046875, -1.39941406, 1
vb0[225]+008 NORMAL: 0.724409461, -0.0157480314, -0.692913413, 0
vb0[225]+012 COLOR: 0.654901981, 0.643137276, 0.952941179, 0.701960802
vb0[225]+016 TEXCOORD: 0.000963687897, 0.00245857239
vb0[225]+020 TEXCOORD1: 0.592773438, 0.805664063
vb0[225]+000 TEXCOORD2: 0.192156866, 0.262745112, 0.733333349, 0.270588249
vb0[225]+000 TEXCOORD3: 0.192156866, 0.262745112, 0.733333349, 0.270588249

vb0[226]+000 POSITION: 2.50195313, 8.5234375, -1.90136719, 1
vb0[226]+008 NORMAL: 0.708661437, 0.0393700786, -0.700787425, 0
vb0[226]+012 COLOR: 0.654901981, 0.643137276, 0.952941179, 0.4627451
vb0[226]+016 TEXCOORD: 0.509765625, 1
vb0[226]+020 TEXCOORD1: 0.592773438, 0.805664063
vb0[226]+000 TEXCOORD2: 0.00392156886, 0.254901975, 0.262745112, 0.282352954
vb0[226]+000 TEXCOORD3: 0.00392156886, 0.254901975, 0.262745112, 0.282352954

vb0[227]+000 POSITION: 4.99609375, 7.03125, -2.54296875, 1
vb0[227]+008 NORMAL: 0.708661437, -0.0236220472, -0.708661437, 0
vb0[227]+012 COLOR: 0.70588237, 0.65882355, 0.929411769, 0.80392158
vb0[227]+016 TEXCOORD: 0.000918388367, 1
vb0[227]+020 TEXCOORD1: 0.592773438, 0.805664063
vb0[227]+000 TEXCOORD2: 1, 0.266666681, 0.0313725509, 0.278431386
vb0[227]+000 TEXCOORD3: 1, 0.266666681, 0.0313725509, 0.278431386

vb0[228]+000 POSITION: 2.41210938, 8.375, -0.183959961, 1
vb0[228]+008 NORMAL: 0.763779521, 0.0393700786, -0.645669281, 0
vb0[228]+012 COLOR: 0.168627456, 0.152941182, 0.643137276, 0.545098066
vb0[228]+016 TEXCOORD: 0.509765625, 0.00245857239
vb0[228]+020 TEXCOORD1: 3.5078125, 0.811035156
vb0[228]+000 TEXCOORD2: 0.827450991, 0.250980407, 0.188235298, 0.282352954
vb0[228]+000 TEXCOORD3: 0.827450991, 0.250980407, 0.188235298, 0.282352954

vb0[229]+000 POSITION: 2.37890625, 7.46875, -2.46289063, 1
vb0[229]+008 NORMAL: 0.779527545, 0, -0.622047246, 0
vb0[229]+012 COLOR: 0.176470593, 0.145098045, 0.635294139, 0.407843143
vb0[229]+016 TEXCOORD: 0.000963687897, 0.00245857239
vb0[229]+020 TEXCOORD1: 0.5078125, 0.836914063
vb0[229]+000 TEXCOORD2: 0.760784328, 0.250980407, 0.470588237, 0.278431386
vb0[229]+000 TEXCOORD3: 0.760784328, 0.250980407, 0.470588237, 0.278431386

vb0[230]+000 POSITION: 4.15625, 6.65625, -0.340332031, 1
vb0[230]+008 NORMAL: 0.826771677, -0.00787401572, -0.55905509, 0
vb0[230]+012 COLOR: 0.176470593, 0.145098045, 0.635294139, 0.733333349
vb0[230]+016 TEXCOORD: 0.509765625, 1
vb0[230]+020 TEXCOORD1: 3.53125, 0.799316406
vb0[230]+000 TEXCOORD2: 0.156862751, 0.266666681, 0.65882355, 0.274509817
vb0[230]+000 TEXCOORD3: 0.156862751, 0.266666681, 0.65882355, 0.274509817

vb0[231]+000 POSITION: 4.484375, 5.50390625, -2.70898438, 1
vb0[231]+008 NORMAL: 0.795275569, 0.00787401572, -0.59842521, 0
vb0[231]+012 COLOR: 0.180392161, 0.141176477, 0.631372571, 0.882352948
vb0[231]+016 TEXCOORD: 0.000918388367, 1
vb0[231]+020 TEXCOORD1: 0.592773438, 0.805664063
vb0[231]+000 TEXCOORD2: 0.486274511, 0.266666681, 0.505882382, 0.270588249
vb0[231]+000 TEXCOORD3: 0.486274511, 0.266666681, 0.505882382, 0.270588249

vb0[232]+000 POSITION: -0.285400391, 8.484375, -3.03710938, 1
vb0[232]+008 NORMAL: -0.283464581, 0.149606302, -0.944881916, 0
vb0[232]+012 COLOR: 0.960784316, 0.419607848, 0.678431392, 0.41568628
vb0[232]+016 TEXCOORD: 0.509765625, 1
vb0[232]+020 TEXCOORD1: -0.00538635254, 0.974121094
vb0[232]+000 TEXCOORD2: 0.568627477, 0.70588237, 0.243137255, 0.282352954
vb0[232]+000 TEXCOORD3: 0.568627477, 0.70588237, 0.243137255, 0.282352954

vb0[233]+000 POSITION: -0.233276367, 10.9609375, -2.03515625, 1
vb0[233]+008 NORMAL: -0.307086617, 0.165354326, -0.937007844, 0
vb0[233]+012 COLOR: 0.960784316, 0.419607848, 0.678431392, 0.741176486
vb0[233]+016 TEXCOORD: 0.000963687897, 0.00245857239
vb0[233]+020 TEXCOORD1: 0.250732422, 0.968261719
vb0[233]+000 TEXCOORD2: 0.466666669, 0.701960802, 0.482352942, 0.286274523
vb0[233]+000 TEXCOORD3: 0.466666669, 0.701960802, 0.482352942, 0.286274523

vb0[234]+000 POSITION: -1.15722656, 9.140625, -1.046875, 1
vb0[234]+008 NORMAL: -0.322834641, 0.149606302, -0.937007844, 0
vb0[234]+012 COLOR: 0.937254906, 0.400000006, 0.721568644, 0.639215708
vb0[234]+016 TEXCOORD: 0.509765625, 0.00245857239
vb0[234]+020 TEXCOORD1: 2.5078125, 0.845703125
vb0[234]+000 TEXCOORD2: 0.631372571, 0.737254918, 0.572549045, 0.282352954
vb0[234]+000 TEXCOORD3: 0.631372571, 0.737254918, 0.572549045, 0.282352954

vb0[235]+000 POSITION: 0.274902344, 10.109375, -4.27734375, 1
vb0[235]+008 NORMAL: -0.283464581, 0.165354326, -0.944881916, 0
vb0[235]+012 COLOR: 0.97647059, 0.435294122, 0.631372571, 0.913725495
vb0[235]+016 TEXCOORD: 0.000918388367, 1
vb0[235]+020 TEXCOORD1: 0.0800170898, 0.996582031
vb0[235]+000 TEXCOORD2: 0.400000006, 0.203921571, 0.0549019612, 0.286274523
vb0[235]+000 TEXCOORD3: 0.400000006, 0.203921571, 0.0549019612, 0.286274523

vb0[236]+000 POSITION: -1.15820313, 9.4140625, -1, 1
vb0[236]+008 NORMAL: -0.338582665, 0.14173229, -0.929133832, 0
vb0[236]+012 COLOR: 0.87843138, 0.298039228, 0.75686276, 0.615686297
vb0[236]+016 TEXCOORD: 0.509765625, 0.00245857239
vb0[236]+020 TEXCOORD1: -0.564453125, 0.825683594
vb0[236]+000 TEXCOORD2: 0.635294139, 0.737254918, 0.709803939, 0.282352954
vb0[236]+000 TEXCOORD3: 0.635294139, 0.737254918, 0.709803939, 0.282352954

vb0[237]+000 POSITION: -1.06835938, 7.73828125, -2.46875, 1
vb0[237]+008 NORMAL: -0.307086617, 0.14173229, -0.944881916, 0
vb0[237]+012 COLOR: 0.898039222, 0.282352954, 0.713725507, 0.686274529
vb0[237]+016 TEXCOORD: 0.000963687897, 0.00245857239
vb0[237]+020 TEXCOORD1: -0.138916016, 0.926269531
vb0[237]+000 TEXCOORD2: 0.274509817, 0.737254918, 0.741176486, 0.278431386
vb0[237]+000 TEXCOORD3: 0.274509817, 0.737254918, 0.741176486, 0.278431386

vb0[238]+000 POSITION: 0.251708984, 10, -2.625, 1
vb0[238]+008 NORMAL: -0.338582665, 0.149606302, -0.929133832, 0
vb0[238]+012 COLOR: 0.898039222, 0.282352954, 0.713725507, 0.592156887
vb0[238]+016 TEXCOORD: 0.509765625, 1
vb0[238]+020 TEXCOORD1: 0.262451172, 0.850585938
vb0[238]+000 TEXCOORD2: 0.0274509806, 0.203921571, 0, 0.286274523
vb0[238]+000 TEXCOORD3: 0.0274509806, 0.203921571, 0, 0.286274523

vb0[239]+000 POSITION: -0.0135421753, 8.2421875, -4.33203125, 1
vb0[239]+008 NORMAL: -0.0472440943, 0.11811024, -0.992125988, 0
vb0[239]+012 COLOR: 0.909803927, 0.270588249, 0.670588255, 0.882352948
vb0[239]+016 TEXCOORD: 0.000918388367, 1
vb0[239]+020 TEXCOORD1: 0.0800170898, 0.996582031
vb0[239]+000 TEXCOORD2: 0.937254906, 0.635294139, 0.121568628, 0.282352954
vb0[239]+000 TEXCOORD3: 0.937254906, 0.635294139, 0.121568628, 0.282352954

vb0[240]+000 POSITION: -1.50488281, 10.328125, -0.0246276855, 1
vb0[240]+008 NORMAL: -0.842519701, 0.173228353, -0.511811018, 0
vb0[240]+012 COLOR: 0.43921569, 0.345098048, 0.0274509806, 0.423529416
vb0[240]+016 TEXCOORD: 0.509765625, 0.00245857239
vb0[240]+020 TEXCOORD1: -0.564453125, 0.825683594
vb0[240]+000 TEXCOORD2: 0.0196078438, 0.745098054, 0.164705887, 0.286274523
vb0[240]+000 TEXCOORD3: 0.0196078438, 0.745098054, 0.164705887, 0.286274523

vb0[241]+000 POSITION: -3.53515625, 10.7109375, 0.106872559, 1
vb0[241]+008 NORMAL: -0.92125982, 0.244094491, -0.299212605, 0
vb0[241]+012 COLOR: 0.450980395, 0.333333343, 0.0313725509, 0.694117665
vb0[241]+016 TEXCOORD: 0.000963687897, 0.00245857239
vb0[241]+020 TEXCOORD1: -0.564453125, 0.825683594
vb0[241]+000 TEXCOORD2: 0.0705882385, 0.764705896, 0.356862754, 0.286274523
vb0[241]+000 TEXCOORD3: 0.0705882385, 0.764705896, 0.356862754, 0.286274523

vb0[242]+000 POSITION: -1.82128906, 12.28125, -0.619140625, 1
vb0[242]+008 NORMAL: -0.897637784, 0.244094491, -0.362204731, 0
vb0[242]+012 COLOR: 0.450980395, 0.333333343, 0.0313725509, 0.4627451
vb0[242]+016 TEXCOORD: 0.509765625, 1
vb0[242]+020 TEXCOORD1: -0.433349609, 0.877929688
vb0[242]+000 TEXCOORD2: 0.286274523, 0.749019623, 0.141176477, 0.290196091
vb0[242]+000 TEXCOORD3: 0.286274523, 0.749019623, 0.141176477, 0.290196091

vb0[243]+000 POSITION: -4.171875, 12.6875, -0.599609375, 1
vb0[243]+008 NORMAL: -0.897637784, 0.236220479, -0.377952754, 0
vb0[243]+012 COLOR: 0.466666669, 0.321568638, 0.0352941193, 0.741176486
vb0[243]+016 TEXCOORD: 0.000918388367, 1
vb0[243]+020 TEXCOORD1: -0.564453125, 0.825683594
vb0[243]+000 TEXCOORD2: 0.172549024, 0.768627465, 0.345098048, 0.290196091
vb0[243]+000 TEXCOORD3: 0.172549024, 0.768627465, 0.345098048, 0.290196091

vb0[244]+000 POSITION: -0.578125, 13.21875, -0.0847167969, 1
vb0[244]+008 NORMAL: -0.834645689, 0.535433054, -0.133858263, 0
vb0[244]+012 COLOR: 0.494117647, 0.835294127, 0.129411772, 0.313725501
vb0[244]+016 TEXCOORD: 0.509765625, 0.00245857239
vb0[244]+020 TEXCOORD1: -0.162109375, 0.986816406
vb0[244]+000 TEXCOORD2: 0.627451003, 0.721568644, 0.611764729, 0.290196091
vb0[244]+000 TEXCOORD3: 0.627451003, 0.721568644, 0.611764729, 0.290196091

vb0[245]+000 POSITION: -0.578613281, 15.6953125, 2.15039063, 1
vb0[245]+008 NORMAL: -0.511811018, 0.850393713, 0.125984251, 0
vb0[245]+012 COLOR: 0.423529416, 0.788235307, 0.0980392173, 0.709803939
vb0[245]+016 TEXCOORD: 0.000963687897, 0.00245857239
vb0[245]+020 TEXCOORD1: -0.162109375, 0.986816406
vb0[245]+000 TEXCOORD2: 0.631372571, 0.721568644, 0.850980401, 0.294117659
vb0[245]+000 TEXCOORD3: 0.631372571, 0.721568644, 0.850980401, 0.294117659

vb0[246]+000 POSITION: 1.06152344, 14.109375, 0.692382813, 1
vb0[246]+008 NORMAL: -0.566929162, 0.818897665, 0.0472440943, 0
vb0[246]+012 COLOR: 0.423529416, 0.788235307, 0.0980392173, 0.384313732
vb0[246]+016 TEXCOORD: 0.509765625, 1
vb0[246]+020 TEXCOORD1: 0.0401306152, 0.977539063
vb0[246]+000 TEXCOORD2: 0.247058824, 0.235294119, 0.0549019612, 0.294117659
vb0[246]+000 TEXCOORD3: 0.247058824, 0.235294119, 0.0549019612, 0.294117659

vb0[247]+000 POSITION: 0.697753906, 16.90625, 2.40234375, 1
vb0[247]+008 NORMAL: 0.00787401572, 0.897637784, 0.433070868, 0
vb0[247]+012 COLOR: 0.356862754, 0.737254918, 0.0823529437, 0.772549033
vb0[247]+016 TEXCOORD: 0.000918388367, 1
vb0[247]+020 TEXCOORD1: -0.162109375, 0.986816406
vb0[247]+000 TEXCOORD2: 0.58431375, 0.223529413, 0.227450982, 0.298039228
vb0[247]+000 TEXCOORD3: 0.58431375, 0.223529413, 0.227450982, 0.298039228

vb0[248]+000 POSITION: 0.697753906, 16.90625, 2.40234375, 1
vb0[248]+008 NORMAL: 0.00787401572, 0.897637784, 0.433070868, 0
vb0[248]+012 COLOR: 0.0352941193, 0.592156887, 0.654901981, 0.772549033
vb0[248]+016 TEXCOORD: 1, 0.00245857239
vb0[248]+020 TEXCOORD1: -0.162109375, 0.986816406
vb0[248]+000 TEXCOORD2: 0.58431375, 0.223529413, 0.227450982, 0.298039228
vb0[248]+000 TEXCOORD3: 0.58431375, 0.223529413, 0.227450982, 0.298039228

vb0[249]+000 POSITION: 0.210327148, 16.65625, 0.987792969, 1
vb0[249]+008 NORMAL: 0, 0.897637784, 0.448818892, 0
vb0[249]+012 COLOR: 0.0352941193, 0.592156887, 0.654901981, 0.733333349
vb0[249]+016 TEXCOORD: 0.509277344, 0.00245857239
vb0[249]+020 TEXCOORD1: -0.162109375, 0.986816406
vb0[249]+000 TEXCOORD2: 0.733333349, 0.196078435, 0.164705887, 0.298039228
vb0[249]+000 TEXCOORD3: 0.733333349, 0.196078435, 0.164705887, 0.298039228

vb0[250]+000 POSITION: -0.470703125, 14.46875, 0.307861328, 1
vb0[250]+008 NORMAL: -0.133858263, 0.897637784, 0.425196856, 0
vb0[250]+012 COLOR: 0.0352941193, 0.592156887, 0.654901981, 0.345098048
vb0[250]+016 TEXCOORD: 0.509277344, 1
vb0[250]+020 TEXCOORD1: -0.162109375, 0.986816406
vb0[250]+000 TEXCOORD2: 0.533333361, 0.717647076, 0.235294119, 0.294117659
vb0[250]+000 TEXCOORD3: 0.533333361, 0.717647076, 0.235294119, 0.294117659

vb0[251]+000 POSITION: 0.354248047, 15.359375, 2.16992188, 1
vb0[251]+008 NORMAL: 0, 0.897637784, 0.448818892, 0
vb0[251]+012 COLOR: 0.0352941193, 0.592156887, 0.654901981, 0.501960814
vb0[251]+016 TEXCOORD: 1, 1
vb0[251]+020 TEXCOORD1: 2.84375, 0.983886719
vb0[251]+000 TEXCOORD2: 0.670588255, 0.20784314, 0.68235296, 0.294117659
vb0[251]+000 TEXCOORD3: 0.670588255, 0.20784314, 0.68235296, 0.294117659

vb0[252]+000 POSITION: 1.02636719, 9.84375, -0.512695313, 1
vb0[252]+008 NORMAL: 0.0314960629, 0.181102365, -0.984251976, 0
vb0[252]+012 COLOR: 0.31764707, 0.0431372561, 0.423529416, 0.545098066
vb0[252]+016 TEXCOORD: 0.509765625, 0.00245857239
vb0[252]+020 TEXCOORD1: 0.341552734, 0.924804688
vb0[252]+000 TEXCOORD2: 0.105882354, 0.235294119, 0.925490201, 0.282352954
vb0[252]+000 TEXCOORD3: 0.105882354, 0.235294119, 0.925490201, 0.282352954

vb0[253]+000 POSITION: -0.880859375, 10.7578125, -1.40527344, 1
vb0[253]+008 NORMAL: -0.11023622, 0.188976377, -0.976377964, 0
vb0[253]+012 COLOR: 0.31764707, 0.0392156877, 0.423529416, 0.454901963
vb0[253]+016 TEXCOORD: 0.000963687897, 0.00245857239
vb0[253]+020 TEXCOORD1: -0.231933594, 0.883789063
vb0[253]+000 TEXCOORD2: 0.0470588244, 0.733333349, 0.380392164, 0.286274523
vb0[253]+000 TEXCOORD3: 0.0470588244, 0.733333349, 0.380392164, 0.286274523

vb0[254]+000 POSITION: 1.3515625, 10.1015625, -2.76953125, 1
vb0[254]+008 NORMAL: 0.0787401572, 0.188976377, -0.976377964, 0
vb0[254]+012 COLOR: 0.31764707, 0.0392156877, 0.423529416, 0.639215708
vb0[254]+016 TEXCOORD: 0.509765625, 1
vb0[254]+020 TEXCOORD1: 0.590332031, 0.806640625
vb0[254]+000 TEXCOORD2: 0.407843143, 0.239215687, 0.0509803928, 0.286274523
vb0[254]+000 TEXCOORD3: 0.407843143, 0.239215687, 0.0509803928, 0.286274523

vb0[255]+000 POSITION: -0.385986328, 10.9609375, -3.79882813, 1
vb0[255]+008 NORMAL: -0.0866141766, 0.196850389, -0.976377964, 0
vb0[255]+012 COLOR: 0.31764707, 0.0392156877, 0.423529416, 0.850980401
vb0[255]+016 TEXCOORD: 0.000918388367, 1
vb0[255]+020 TEXCOORD1: -0.564453125, 0.825683594
vb0[255]+000 TEXCOORD2: 0.176470593, 0.713725507, 0.482352942, 0.286274523
vb0[255]+000 TEXCOORD3: 0.176470593, 0.713725507, 0.482352942, 0.286274523

vb0[256]+000 POSITION: 1.09082031, 11.140625, -0.350830078, 1
vb0[256]+008 NORMAL: 0.574803174, 0.330708653, -0.748031497, 0
vb0[256]+012 COLOR: 0.360784322, 0.250980407, 0.0901960805, 0.53725493
vb0[256]+016 TEXCOORD: 0.509765625, 0.00245857239
vb0[256]+020 TEXCOORD1: 0.317626953, 0.936523438
vb0[256]+000 TEXCOORD2: 0.36470589, 0.235294119, 0.572549045, 0.286274523
vb0[256]+000 TEXCOORD3: 0.36470589, 0.235294119, 0.572549045, 0.286274523

vb0[257]+000 POSITION: 0.251708984, 13.0078125, -1.18945313, 1
vb0[257]+008 NORMAL: 0.417322844, 0.456692904, -0.787401557, 0
vb0[257]+012 COLOR: 0.360784322, 0.250980407, 0.0901960805, 0.654901981
vb0[257]+016 TEXCOORD: 0.000963687897, 0.00245857239
vb0[257]+020 TEXCOORD1: 0.0260772705, 0.975097656
vb0[257]+000 TEXCOORD2: 0.0274509806, 0.203921571, 0.505882382, 0.290196091
vb0[257]+000 TEXCOORD3: 0.0274509806, 0.203921571, 0.505882382, 0.290196091

vb0[258]+000 POSITION: 2.6875, 12.1484375, -1.50195313, 1
vb0[258]+008 NORMAL: 0.48031497, 0.425196856, -0.763779521, 0
vb0[258]+012 COLOR: 0.360784322, 0.250980407, 0.0901960805, 0.407843143
vb0[258]+016 TEXCOORD: 0.509765625, 1
vb0[258]+020 TEXCOORD1: 0.250732422, 0.968261719
vb0[258]+000 TEXCOORD2: 0.376470596, 0.254901975, 0.0745098069, 0.290196091
vb0[258]+000 TEXCOORD3: 0.376470596, 0.254901975, 0.0745098069, 0.290196091

vb0[259]+000 POSITION: 1.96679688, 14.1796875, -2.4765625, 1
vb0[259]+008 NORMAL: 0.44094488, 0.503937006, -0.740157485, 0
vb0[259]+012 COLOR: 0.360784322, 0.250980407, 0.0901960805, 0.78039217
vb0[259]+016 TEXCOORD: 0.000918388367, 1
vb0[259]+020 TEXCOORD1: 0.250732422, 0.968261719
vb0[259]+000 TEXCOORD2: 0.870588243, 0.247058824, 0.0901960805, 0.294117659
vb0[259]+000 TEXCOORD3: 0.870588243, 0.247058824, 0.0901960805, 0.294117659

vb0[260]+000 POSITION: 1.40429688, 12.4296875, -0.520507813, 1
vb0[260]+008 NORMAL: 0.740157485, 0.40157479, -0.535433054, 0
vb0[260]+012 COLOR: 0.749019623, 0.219607845, 0.827450991, 0.494117647
vb0[260]+016 TEXCOORD: 0.509765625, 0.00245857239
vb0[260]+020 TEXCOORD1: 0.228637695, 0.969238281
vb0[260]+000 TEXCOORD2: 0.619607866, 0.239215687, 0.215686277, 0.290196091
vb0[260]+000 TEXCOORD3: 0.619607866, 0.239215687, 0.215686277, 0.290196091

vb0[261]+000 POSITION: 2.37304688, 11.9140625, -1.69628906, 1
vb0[261]+008 NORMAL: 0.708661437, 0.377952754, -0.59842521, 0
vb0[261]+012 COLOR: 0.792156875, 0.23137255, 0.80392158, 0.607843161
vb0[261]+016 TEXCOORD: 0.000963687897, 0.00245857239
vb0[261]+020 TEXCOORD1: 0.353027344, 0.919433594
vb0[261]+000 TEXCOORD2: 0.749019623, 0.250980407, 0.960784316, 0.286274523
vb0[261]+000 TEXCOORD3: 0.749019623, 0.250980407, 0.960784316, 0.286274523

vb0[262]+000 POSITION: 2.65429688, 13.4375, -0.612792969, 1
vb0[262]+008 NORMAL: 0.708661437, 0.393700778, -0.582677186, 0
vb0[262]+012 COLOR: 0.792156875, 0.23137255, 0.80392158, 0.423529416
vb0[262]+016 TEXCOORD: 0.509765625, 1
vb0[262]+020 TEXCOORD1: 0.250732422, 0.968261719
vb0[262]+000 TEXCOORD2: 0.309803933, 0.254901975, 0.721568644, 0.290196091
vb0[262]+000 TEXCOORD3: 0.309803933, 0.254901975, 0.721568644, 0.290196091

vb0[263]+000 POSITION: 3.76367188, 13.40625, -1.97851563, 1
vb0[263]+008 NORMAL: 0.677165329, 0.456692904, -0.582677186, 0
vb0[263]+012 COLOR: 0.831372559, 0.243137255, 0.772549033, 0.850980401
vb0[263]+016 TEXCOORD: 0.000918388367, 1
vb0[263]+020 TEXCOORD1: 0.250732422, 0.968261719
vb0[263]+000 TEXCOORD2: 0.529411793, 0.262745112, 0.70588237, 0.290196091
vb0[263]+000 TEXCOORD3: 0.529411793, 0.262745112, 0.70588237, 0.290196091

vb0[264]+000 POSITION: 3.29101563, 8.0078125, -1.87011719, 1
vb0[264]+008 NORMAL: 0.874015749, 0.0787401572, -0.48031497, 0
vb0[264]+012 COLOR: 0.13333334, 0.168627456, 0.576470613, 0.400000006
vb0[264]+016 TEXCOORD: 0.509765625, 1
vb0[264]+020 TEXCOORD1: 0.592773438, 0.805664063
vb0[264]+000 TEXCOORD2: 0.58431375, 0.258823544, 0.00392156886, 0.282352954
vb0[264]+000 TEXCOORD3: 0.58431375, 0.258823544, 0.00392156886, 0.282352954

vb0[265]+000 POSITION: 3.2890625, 8.703125, 1.09472656, 1
vb0[265]+008 NORMAL: 0.88188976, 0.0629921257, -0.464566916, 0
vb0[265]+012 COLOR: 0.13333334, 0.168627456, 0.576470613, 0.764705896
vb0[265]+016 TEXCOORD: 0.000963687897, 0.00245857239
vb0[265]+020 TEXCOORD1: 3.44140625, 0.814941406
vb0[265]+000 TEXCOORD2: 0.580392182, 0.258823544, 0.352941185, 0.282352954
vb0[265]+000 TEXCOORD3: 0.580392182, 0.258823544, 0.352941185, 0.282352954

vb0[266]+000 POSITION: 1.96777344, 9.9375, -0.760253906, 1
vb0[266]+008 NORMAL: 0.606299222, 0.11811024, -0.787401557, 0
vb0[266]+012 COLOR: 0.113725491, 0.192156866, 0.572549045, 0.647058845
vb0[266]+016 TEXCOORD: 0.509765625, 0.00245857239
vb0[266]+020 TEXCOORD1: 0.384521484, 0.904296875
vb0[266]+000 TEXCOORD2: 0.874509811, 0.247058824, 0.972549021, 0.282352954
vb0[266]+000 TEXCOORD3: 0.874509811, 0.247058824, 0.972549021, 0.282352954

vb0[267]+000 POSITION: 4.85546875, 6.859375, -0.307617188, 1
vb0[267]+008 NORMAL: 0.842519701, 0.11811024, -0.535433054, 0
vb0[267]+012 COLOR: 0.156862751, 0.145098045, 0.58431375, 0.75686276
vb0[267]+016 TEXCOORD: 0.000918388367, 1
vb0[267]+020 TEXCOORD1: 0.592773438, 0.805664063
vb0[267]+000 TEXCOORD2: 0.858823538, 0.266666681, 0.862745106, 0.274509817
vb0[267]+000 TEXCOORD3: 0.858823538, 0.266666681, 0.862745106, 0.274509817

vb0[268]+000 POSITION: 0.325683594, 7.99609375, 2.609375, 1
vb0[268]+008 NORMAL: -0.0157480314, 0.0157480314, 1, 0
vb0[268]+012 COLOR: 0.262745112, 0.0980392173, 0.678431392, 0.56078434
vb0[268]+016 TEXCOORD: 0.509765625, 0.00245857239
vb0[268]+020 TEXCOORD1: 3.06054688, 0.794921875
vb0[268]+000 TEXCOORD2: 0.211764708, 0.20784314, 1, 0.278431386
vb0[268]+000 TEXCOORD3: 0.211764708, 0.20784314, 1, 0.278431386

vb0[269]+000 POSITION: 2.32226563, 6.48828125, 1.87402344, 1
vb0[269]+008 NORMAL: 0.338582665, -0.00787401572, 0.937007844, 0
vb0[269]+012 COLOR: 0.219607845, 0.121568628, 0.662745118, 0.4627451
vb0[269]+016 TEXCOORD: 0.000963687897, 0.00245857239
vb0[269]+020 TEXCOORD1: 3.0234375, 0.747070313
vb0[269]+000 TEXCOORD2: 0.647058845, 0.250980407, 0.490196079, 0.274509817
vb0[269]+000 TEXCOORD3: 0.647058845, 0.250980407, 0.490196079, 0.274509817

vb0[270]+000 POSITION: 2.01367188, 7.87109375, 4.59375, 1
vb0[270]+008 NORMAL: 0.314960629, -0.00787401572, 0.944881916, 0
vb0[270]+012 COLOR: 0.219607845, 0.121568628, 0.662745118, 0.694117665
vb0[270]+016 TEXCOORD: 0.509765625, 1
vb0[270]+020 TEXCOORD1: 3.18164063, 0.780761719
vb0[270]+000 TEXCOORD2: 0.0274509806, 0.250980407, 0.874509811, 0.278431386
vb0[270]+000 TEXCOORD3: 0.0274509806, 0.250980407, 0.874509811, 0.278431386

vb0[271]+000 POSITION: 3.89453125, 6.015625, 4.23046875, 1
vb0[271]+008 NORMAL: 0.338582665, -0.00787401572, 0.937007844, 0
vb0[271]+012 COLOR: 0.176470593, 0.145098045, 0.643137276, 0.850980401
vb0[271]+016 TEXCOORD: 0.000918388367, 1
vb0[271]+020 TEXCOORD1: 3.01171875, 0.744628906
vb0[271]+000 TEXCOORD2: 0.792156875, 0.262745112, 0.0156862754, 0.274509817
vb0[271]+000 TEXCOORD3: 0.792156875, 0.262745112, 0.0156862754, 0.274509817

vb0[272]+000 POSITION: -0.58203125, 10.6328125, 0.12121582, 1
vb0[272]+008 NORMAL: -0.968503952, 0.212598428, -0.11811024, 0
vb0[272]+012 COLOR: 0.309803933, 0.0392156877, 0.450980395, 0.505882382
vb0[272]+016 TEXCOORD: 0.509765625, 0.00245857239
vb0[272]+020 TEXCOORD1: -0.564453125, 0.825683594
vb0[272]+000 TEXCOORD2: 0.65882355, 0.721568644, 0.31764707, 0.286274523
vb0[272]+000 TEXCOORD3: 0.65882355, 0.721568644, 0.31764707, 0.286274523

vb0[273]+000 POSITION: -2.1875, 11.09375, 1.93554688, 1
vb0[273]+008 NORMAL: -0.976377964, 0.228346452, -0.0236220472, 0
vb0[273]+012 COLOR: 0.305882365, 0.0431372561, 0.450980395, 0.392156869
vb0[273]+016 TEXCOORD: 0.000963687897, 0.00245857239
vb0[273]+020 TEXCOORD1: 2.49609375, 0.834960938
vb0[273]+000 TEXCOORD2: 0.376470596, 0.752941191, 0.549019635, 0.286274523
vb0[273]+000 TEXCOORD3: 0.376470596, 0.752941191, 0.549019635, 0.286274523

vb0[274]+000 POSITION: -2.62109375, 11.5859375, -0.889160156, 1
vb0[274]+008 NORMAL: -0.968503952, 0.244094491, -0.0787401572, 0
vb0[274]+012 COLOR: 0.305882365, 0.0431372561, 0.450980395, 0.376470596
vb0[274]+016 TEXCOORD: 0.509765625, 1
vb0[274]+020 TEXCOORD1: -0.564453125, 0.825683594
vb0[274]+000 TEXCOORD2: 0.243137255, 0.75686276, 0.796078444, 0.286274523
vb0[274]+000 TEXCOORD3: 0.243137255, 0.75686276, 0.796078444, 0.286274523

vb0[275]+000 POSITION: -4.328125, 12.1484375, 0.80859375, 1
vb0[275]+008 NORMAL: -0.968503952, 0.259842515, -0.0314960629, 0
vb0[275]+012 COLOR: 0.301960796, 0.0431372561, 0.450980395, 0.843137264
vb0[275]+016 TEXCOORD: 0.000918388367, 1
vb0[275]+020 TEXCOORD1: -0.564453125, 0.825683594
vb0[275]+000 TEXCOORD2: 0.329411775, 0.768627465, 0.0745098069, 0.290196091
vb0[275]+000 TEXCOORD3: 0.329411775, 0.768627465, 0.0745098069, 0.290196091

vb0[276]+000 POSITION: -2.84570313, 10.609375, 0.709960938, 1
vb0[276]+008 NORMAL: -0.937007844, 0.212598428, -0.291338593, 0
vb0[276]+012 COLOR: 0.509803951, 0.0156862754, 0.372549027, 0.407843143
vb0[276]+016 TEXCOORD: 0.509765625, 1
vb0[276]+020 TEXCOORD1: -0.564453125, 0.825683594
vb0[276]+000 TEXCOORD2: 0.694117665, 0.75686276, 0.305882365, 0.286274523
vb0[276]+000 TEXCOORD3: 0.694117665, 0.75686276, 0.305882365, 0.286274523

vb0[277]+000 POSITION: -1.40722656, 11.265625, -1.66015625, 1
vb0[277]+008 NORMAL: -0.92125982, 0.228346452, -0.307086617, 0
vb0[277]+012 COLOR: 0.509803951, 0.0156862754, 0.372549027, 0.43921569
vb0[277]+016 TEXCOORD: 0.000963687897, 0.00245857239
vb0[277]+020 TEXCOORD1: -0.564453125, 0.825683594
vb0[277]+000 TEXCOORD2: 0.631372571, 0.741176486, 0.635294139, 0.286274523
vb0[277]+000 TEXCOORD3: 0.631372571, 0.741176486, 0.635294139, 0.286274523

vb0[278]+000 POSITION: -0.437988281, 10.7890625, 0.510742188, 1
vb0[278]+008 NORMAL: -0.937007844, 0.204724416, -0.283464581, 0
vb0[278]+012 COLOR: 0.525490224, 0.0156862754, 0.380392164, 0.513725519
vb0[278]+016 TEXCOORD: 0.509765625, 0.00245857239
vb0[278]+020 TEXCOORD1: 2.61523438, 0.853027344
vb0[278]+000 TEXCOORD2: 0.00784313772, 0.717647076, 0.396078438, 0.286274523
vb0[278]+000 TEXCOORD3: 0.00784313772, 0.717647076, 0.396078438, 0.286274523

vb0[279]+000 POSITION: -3.89257813, 11.2421875, -1.42285156, 1
vb0[279]+008 NORMAL: -0.905511796, 0.251968503, -0.330708653, 0
vb0[279]+012 COLOR: 0.490196079, 0.0196078438, 0.360784322, 0.882352948
vb0[279]+016 TEXCOORD: 0.000918388367, 1
vb0[279]+020 TEXCOORD1: -0.564453125, 0.825683594
vb0[279]+000 TEXCOORD2: 0.788235307, 0.764705896, 0.623529434, 0.286274523
vb0[279]+000 TEXCOORD3: 0.788235307, 0.764705896, 0.623529434, 0.286274523

vb0[280]+000 POSITION: 1.63671875, 9.1171875, -0.567871094, 1
vb0[280]+008 NORMAL: 0.393700778, 0.0944881886, -0.913385808, 0
vb0[280]+012 COLOR: 0.643137276, 0.109803922, 0.78039217, 0.623529434
vb0[280]+016 TEXCOORD: 0.509765625, 0.00245857239
vb0[280]+020 TEXCOORD1: 0.592773438, 0.805664063
vb0[280]+000 TEXCOORD2: 0.549019635, 0.243137255, 0.56078434, 0.282352954
vb0[280]+000 TEXCOORD3: 0.549019635, 0.243137255, 0.56078434, 0.282352954

vb0[281]+000 POSITION: 0.525878906, 7.59375, -2.12109375, 1
vb0[281]+008 NORMAL: 0.314960629, 0.0472440943, -0.952755928, 0
vb0[281]+012 COLOR: 0.643137276, 0.113725491, 0.788235307, 0.545098066
vb0[281]+016 TEXCOORD: 0.000963687897, 0.00245857239
vb0[281]+020 TEXCOORD1: 0.0800170898, 0.996582031
vb0[281]+000 TEXCOORD2: 0.20784314, 0.219607845, 0.596078455, 0.278431386
vb0[281]+000 TEXCOORD3: 0.20784314, 0.219607845, 0.596078455, 0.278431386

vb0[282]+000 POSITION: 3.25390625, 8.484375, -2.28320313, 1
vb0[282]+008 NORMAL: 0.456692904, 0.0866141766, -0.889763772, 0
vb0[282]+012 COLOR: 0.643137276, 0.113725491, 0.788235307, 0.360784322
vb0[282]+016 TEXCOORD: 0.509765625, 1
vb0[282]+020 TEXCOORD1: 0.592773438, 0.805664063
vb0[282]+000 TEXCOORD2: 0.509803951, 0.258823544, 0.243137255, 0.282352954
vb0[282]+000 TEXCOORD3: 0.509803951, 0.258823544, 0.243137255, 0.282352954

vb0[283]+000 POSITION: 2.37890625, 6.84765625, -3.98242188, 1
vb0[283]+008 NORMAL: 0.40157479, 0.0393700786, -0.913385808, 0
vb0[283]+012 COLOR: 0.639215708, 0.121568628, 0.792156875, 0.741176486
vb0[283]+016 TEXCOORD: 0.000918388367, 1
vb0[283]+020 TEXCOORD1: 0.0800170898, 0.996582031
vb0[283]+000 TEXCOORD2: 0.760784328, 0.250980407, 0.850980401, 0.274509817
vb0[283]+000 TEXCOORD3: 0.760784328, 0.250980407, 0.850980401, 0.274509817

vb0[284]+000 POSITION: -1.11621094, 4.03125, 1.94824219, 1
vb0[284]+008 NORMAL: -0.543307066, -0.188976377, 0.818897665, 0
vb0[284]+012 COLOR: 0.788235307, 0.419607848, 0.90196079, 0.329411775
vb0[284]+016 TEXCOORD: 0.509765625, 1
vb0[284]+020 TEXCOORD1: 2.20117188, 0.397705078
vb0[284]+000 TEXCOORD2: 0.466666669, 0.737254918, 0.0313725509, 0.266666681
vb0[284]+000 TEXCOORD3: 0.466666669, 0.737254918, 0.0313725509, 0.266666681

vb0[285]+000 POSITION: 0.59765625, 5.97265625, 1.09863281, 1
vb0[285]+008 NORMAL: -0.496062994, -0.165354326, 0.850393713, 0
vb0[285]+012 COLOR: 0.788235307, 0.419607848, 0.90196079, 0.352941185
vb0[285]+016 TEXCOORD: 0.000963687897, 0.00245857239
vb0[285]+020 TEXCOORD1: 2.74414063, 0.913574219
vb0[285]+000 TEXCOORD2: 0.784313738, 0.219607845, 0.97647059, 0.270588249
vb0[285]+000 TEXCOORD3: 0.784313738, 0.219607845, 0.97647059, 0.270588249

vb0[286]+000 POSITION: -1.15722656, 6.2578125, 2.5859375, 1
vb0[286]+008 NORMAL: -0.377952754, -0.14173229, 0.913385808, 0
vb0[286]+012 COLOR: 0.807843149, 0.396078438, 0.882352948, 0.0941176489
vb0[286]+016 TEXCOORD: 0.509765625, 0.00245857239
vb0[286]+020 TEXCOORD1: 2.20117188, 0.397705078
vb0[286]+000 TEXCOORD2: 0.631372571, 0.737254918, 0.258823544, 0.274509817
vb0[286]+000 TEXCOORD3: 0.631372571, 0.737254918, 0.258823544, 0.274509817

vb0[287]+000 POSITION: 0.275146484, 3.06640625, 0.921386719, 1
vb0[287]+008 NORMAL: -0.574803174, -0.188976377, 0.795275569, 0
vb0[287]+012 COLOR: 0.768627465, 0.443137258, 0.917647064, 0.678431392
vb0[287]+016 TEXCOORD: 0.000918388367, 1
vb0[287]+020 TEXCOORD1: 3.02148438, 0.9921875
vb0[287]+000 TEXCOORD2: 0.403921574, 0.203921571, 0.13333334, 0.258823544
vb0[287]+000 TEXCOORD3: 0.403921574, 0.203921571, 0.13333334, 0.258823544

vb0[288]+000 POSITION: 0.234375, 6.59375, 3.17578125, 1
vb0[288]+008 NORMAL: -0.472440958, -0.0629921257, 0.88188976, 0
vb0[288]+012 COLOR: 0.839215696, 0.13333334, 0.4627451, 0.592156887
vb0[288]+016 TEXCOORD: 0.509765625, 1
vb0[288]+020 TEXCOORD1: 2.9921875, 0.736328125
vb0[288]+000 TEXCOORD2: 0.501960814, 0.200000003, 0.596078455, 0.274509817
vb0[288]+000 TEXCOORD3: 0.501960814, 0.200000003, 0.596078455, 0.274509817

vb0[289]+000 POSITION: -1.81347656, 4.6796875, 3.25390625, 1
vb0[289]+008 NORMAL: -0.543307066, -0.0708661452, 0.834645689, 0
vb0[289]+012 COLOR: 0.839215696, 0.13333334, 0.4627451, 0.53725493
vb0[289]+016 TEXCOORD: 0.000963687897, 0.00245857239
vb0[289]+020 TEXCOORD1: 2.20117188, 0.397705078
vb0[289]+000 TEXCOORD2: 0.254901975, 0.749019623, 0.68235296, 0.266666681
vb0[289]+000 TEXCOORD3: 0.254901975, 0.749019623, 0.68235296, 0.266666681

vb0[290]+000 POSITION: -0.759765625, 5.52734375, 1.2890625, 1
vb0[290]+008 NORMAL: -0.755905509, -0.0866141766, 0.645669281, 0
vb0[290]+012 COLOR: 0.843137264, 0.137254909, 0.525490224, 0.486274511
vb0[290]+016 TEXCOORD: 0.509765625, 0.00245857239
vb0[290]+020 TEXCOORD1: 2.35351563, 0.675292969
vb0[290]+000 TEXCOORD2: 0.0784313753, 0.729411781, 0.529411793, 0.270588249
vb0[290]+000 TEXCOORD3: 0.0784313753, 0.729411781, 0.529411793, 0.270588249

vb0[291]+000 POSITION: -1.05273438, 4.84765625, 5.1796875, 1
vb0[291]+008 NORMAL: -0.503937006, -0.0708661452, 0.866141737, 0
vb0[291]+012 COLOR: 0.831372559, 0.141176477, 0.400000006, 0.796078444
vb0[291]+016 TEXCOORD: 0.000918388367, 1
vb0[291]+020 TEXCOORD1: 2.20117188, 0.397705078
vb0[291]+000 TEXCOORD2: 0.211764708, 0.737254918, 0.850980401, 0.266666681
vb0[291]+000 TEXCOORD3: 0.211764708, 0.737254918, 0.850980401, 0.266666681

vb0[292]+000 POSITION: 1.3828125, 8.296875, -2.578125, 1
vb0[292]+008 NORMAL: 0.307086617, 0, -0.952755928, 0
vb0[292]+012 COLOR: 0.13333334, 0.75686276, 0.725490212, 0.600000024
vb0[292]+016 TEXCOORD: 0.509765625, 1
vb0[292]+020 TEXCOORD1: 0.592773438, 0.805664063
vb0[292]+000 TEXCOORD2: 0.533333361, 0.239215687, 0.149019614, 0.282352954
vb0[292]+000 TEXCOORD3: 0.533333361, 0.239215687, 0.149019614, 0.282352954

vb0[293]+000 POSITION: -0.0830688477, 5.9296875, -2.28125, 1
vb0[293]+008 NORMAL: 0.330708653, 0, -0.944881916, 0
vb0[293]+012 COLOR: 0.13333334, 0.75686276, 0.725490212, 0.662745118
vb0[293]+016 TEXCOORD: 0.000963687897, 0.00245857239
vb0[293]+020 TEXCOORD1: 0.0800170898, 0.996582031
vb0[293]+000 TEXCOORD2: 0.31764707, 0.678431392, 0.933333337, 0.270588249
vb0[293]+000 TEXCOORD3: 0.31764707, 0.678431392, 0.933333337, 0.270588249

vb0[294]+000 POSITION: 1.73242188, 6.6328125, -0.909179688, 1
vb0[294]+008 NORMAL: 0.417322844, 0.0236220472, -0.913385808, 0
vb0[294]+012 COLOR: 0.180392161, 0.737254918, 0.80392158, 0.58431375
vb0[294]+016 TEXCOORD: 0.509765625, 0.00245857239
vb0[294]+020 TEXCOORD1: 0.332275391, 0.902832031
vb0[294]+000 TEXCOORD2: 0.933333337, 0.243137255, 0.635294139, 0.274509817
vb0[294]+000 TEXCOORD3: 0.933333337, 0.243137255, 0.635294139, 0.274509817

vb0[295]+000 POSITION: -0.104919434, 6.8984375, -4.16796875, 1
vb0[295]+008 NORMAL: 0.299212605, 0, -0.952755928, 0
vb0[295]+012 COLOR: 0.101960786, 0.764705896, 0.639215708, 0.890196085
vb0[295]+016 TEXCOORD: 0.000918388367, 1
vb0[295]+020 TEXCOORD1: 0.0800170898, 0.996582031
vb0[295]+000 TEXCOORD2: 0.717647076, 0.68235296, 0.90196079, 0.274509817
vb0[295]+000 TEXCOORD3: 0.717647076, 0.68235296, 0.90196079, 0.274509817

vb0[296]+000 POSITION: 0.939941406, 6.87890625, 0.186767578, 1
vb0[296]+008 NORMAL: 0.732283473, -0.0314960629, -0.685039341, 0
vb0[296]+012 COLOR: 0.490196079, 0.0156862754, 0.623529434, 0.43921569
vb0[296]+016 TEXCOORD: 0.509765625, 0.00245857239
vb0[296]+020 TEXCOORD1: 3.44726563, 0.814453125
vb0[296]+000 TEXCOORD2: 0.521568656, 0.23137255, 0.882352948, 0.274509817
vb0[296]+000 TEXCOORD3: 0.521568656, 0.23137255, 0.882352948, 0.274509817

vb0[297]+000 POSITION: 1.2578125, 6.2734375, -2.20117188, 1
vb0[297]+008 NORMAL: 0.606299222, -0.0157480314, -0.795275569, 0
vb0[297]+012 COLOR: 0.443137258, 0.0313725509, 0.666666687, 0.337254912
vb0[297]+016 TEXCOORD: 0.000963687897, 0.00245857239
vb0[297]+020 TEXCOORD1: 0.0800170898, 0.996582031
vb0[297]+000 TEXCOORD2: 0.0313725509, 0.239215687, 0.274509817, 0.274509817
vb0[297]+000 TEXCOORD3: 0.0313725509, 0.239215687, 0.274509817, 0.274509817

vb0[298]+000 POSITION: 3.38085938, 6.71875, -0.245483398, 1
vb0[298]+008 NORMAL: 0.724409461, -0.0314960629, -0.685039341, 0
vb0[298]+012 COLOR: 0.443137258, 0.0313725509, 0.666666687, 0.470588237
vb0[298]+016 TEXCOORD: 0.509765625, 1
vb0[298]+020 TEXCOORD1: 3.47265625, 0.79296875
vb0[298]+000 TEXCOORD2: 0.764705896, 0.258823544, 0.721568644, 0.274509817
vb0[298]+000 TEXCOORD3: 0.764705896, 0.258823544, 0.721568644, 0.274509817

vb0[299]+000 POSITION: 3.73242188, 5.51171875, -2.63867188, 1
vb0[299]+008 NORMAL: 0.629921257, -0.0393700786, -0.779527545, 0
vb0[299]+012 COLOR: 0.400000006, 0.0549019612, 0.709803939, 0.686274529
vb0[299]+016 TEXCOORD: 0.000918388367, 1
vb0[299]+020 TEXCOORD1: 0.592773438, 0.805664063
vb0[299]+000 TEXCOORD2: 0.466666669, 0.262745112, 0.513725519, 0.270588249
vb0[299]+000 TEXCOORD3: 0.466666669, 0.262745112, 0.513725519, 0.270588249

vb0[300]+000 POSITION: 1.72851563, 8.8046875, 1.57324219, 1
vb0[300]+008 NORMAL: 0.929133832, 0.14173229, 0.346456707, 0
vb0[300]+012 COLOR: 0.53725493, 0.223529413, 0.0862745121, 0.615686297
vb0[300]+016 TEXCOORD: 0.509765625, 0.00245857239
vb0[300]+020 TEXCOORD1: 3.20117188, 0.844726563
vb0[300]+000 TEXCOORD2: 0.917647064, 0.243137255, 0.403921574, 0.282352954
vb0[300]+000 TEXCOORD3: 0.917647064, 0.243137255, 0.403921574, 0.282352954

vb0[301]+000 POSITION: 2.26953125, 10.9140625, 0.211914063, 1
vb0[301]+008 NORMAL: 0.968503952, 0.157480314, 0.188976377, 0
vb0[301]+012 COLOR: 0.53725493, 0.223529413, 0.0823529437, 0.545098066
vb0[301]+016 TEXCOORD: 0.000963687897, 0.00245857239
vb0[301]+020 TEXCOORD1: 3.38476563, 0.891601563
vb0[301]+000 TEXCOORD2: 0.541176498, 0.250980407, 0.458823532, 0.286274523
vb0[301]+000 TEXCOORD3: 0.541176498, 0.250980407, 0.458823532, 0.286274523

vb0[302]+000 POSITION: 4.27734375, 9.125, 1.57910156, 1
vb0[302]+008 NORMAL: 0.937007844, 0.165354326, 0.307086617, 0
vb0[302]+012 COLOR: 0.53725493, 0.223529413, 0.0823529437, 0.905882359
vb0[302]+016 TEXCOORD: 0.509765625, 1
vb0[302]+020 TEXCOORD1: 3.3671875, 0.819824219
vb0[302]+000 TEXCOORD2: 0.278431386, 0.266666681, 0.564705908, 0.282352954
vb0[302]+000 TEXCOORD3: 0.278431386, 0.266666681, 0.564705908, 0.282352954

vb0[303]+000 POSITION: 5.00390625, 10.9375, 0.453369141, 1
vb0[303]+008 NORMAL: 0.976377964, 0.173228353, 0.125984251, 0
vb0[303]+012 COLOR: 0.53725493, 0.227450982, 0.0823529437, 0.850980401
vb0[303]+016 TEXCOORD: 0.000918388367, 1
vb0[303]+020 TEXCOORD1: 0.592773438, 0.805664063
vb0[303]+000 TEXCOORD2: 0.00392156886, 0.270588249, 0.470588237, 0.286274523
vb0[303]+000 TEXCOORD3: 0.00392156886, 0.270588249, 0.470588237, 0.286274523

vb0[304]+000 POSITION: 1.453125, 8.0703125, 2.0546875, 1
vb0[304]+008 NORMAL: 0.14173229, 0.157480314, 0.976377964, 0
vb0[304]+012 COLOR: 0.0901960805, 0.333333343, 0.733333349, 0.368627459
vb0[304]+016 TEXCOORD: 0.509765625, 0.00245857239
vb0[304]+020 TEXCOORD1: 3.20507813, 0.785644531
vb0[304]+000 TEXCOORD2: 0.815686285, 0.239215687, 0.0352941193, 0.282352954
vb0[304]+000 TEXCOORD3: 0.815686285, 0.239215687, 0.0352941193, 0.282352954

vb0[305]+000 POSITION: 2.27734375, 9.1484375, 4.27734375, 1
vb0[305]+008 NORMAL: 0.267716527, 0.157480314, 0.952755928, 0
vb0[305]+012 COLOR: 0.0901960805, 0.321568638, 0.725490212, 0.313725501
vb0[305]+016 TEXCOORD: 0.000963687897, 0.00245857239
vb0[305]+020 TEXCOORD1: 3.3671875, 0.819824219
vb0[305]+000 TEXCOORD2: 0.556862772, 0.250980407, 0.576470613, 0.282352954
vb0[305]+000 TEXCOORD3: 0.556862772, 0.250980407, 0.576470613, 0.282352954

vb0[306]+000 POSITION: 0.5234375, 10.5, 2.16015625, 1
vb0[306]+008 NORMAL: 0.212598428, 0.157480314, 0.96062994, 0
vb0[306]+012 COLOR: 0.0901960805, 0.321568638, 0.725490212, 0.41568628
vb0[306]+016 TEXCOORD: 0.509765625, 1
vb0[306]+020 TEXCOORD1: 2.97851563, 0.909179688
vb0[306]+000 TEXCOORD2: 0.188235298, 0.219607845, 0.250980407, 0.286274523
vb0[306]+000 TEXCOORD3: 0.188235298, 0.219607845, 0.250980407, 0.286274523

vb0[307]+000 POSITION: 1.5625, 11.109375, 4.61328125, 1
vb0[307]+008 NORMAL: 0.212598428, 0.165354326, 0.96062994, 0
vb0[307]+012 COLOR: 0.0901960805, 0.313725501, 0.717647076, 0.576470613
vb0[307]+016 TEXCOORD: 0.000918388367, 1
vb0[307]+020 TEXCOORD1: 3.3671875, 0.819824219
vb0[307]+000 TEXCOORD2: 0.250980407, 0.243137255, 0.556862772, 0.286274523
vb0[307]+000 TEXCOORD3: 0.250980407, 0.243137255, 0.556862772, 0.286274523

vb0[308]+000 POSITION: -1.61035156, 9.1875, 2.08398438, 1
vb0[308]+008 NORMAL: 0.228346452, 0.0157480314, 0.976377964, 0
vb0[308]+012 COLOR: 0.698039234, 0.737254918, 0.105882354, 0.227450982
vb0[308]+016 TEXCOORD: 0.509765625, 1
vb0[308]+020 TEXCOORD1: 2.70507813, 0.8671875
vb0[308]+000 TEXCOORD2: 0.443137258, 0.745098054, 0.596078455, 0.282352954
vb0[308]+000 TEXCOORD3: 0.443137258, 0.745098054, 0.596078455, 0.282352954

vb0[309]+000 POSITION: 1.96386719, 6.1953125, 2.06445313, 1
vb0[309]+008 NORMAL: 0.409448832, -0.0708661452, 0.905511796, 0
vb0[309]+012 COLOR: 0.698039234, 0.737254918, 0.105882354, 0.345098048
vb0[309]+016 TEXCOORD: 0.000963687897, 0.00245857239
vb0[309]+020 TEXCOORD1: 3.08398438, 0.760253906
vb0[309]+000 TEXCOORD2: 0.858823538, 0.247058824, 0.196078435, 0.274509817
vb0[309]+000 TEXCOORD3: 0.858823538, 0.247058824, 0.196078435, 0.274509817

vb0[310]+000 POSITION: -1.57714844, 5.609375, 0.340576172, 1
vb0[310]+008 NORMAL: -0.393700778, -0.00787401572, 0.92125982, 0
vb0[310]+012 COLOR: 0.670588255, 0.70588237, 0.0784313753, 0.623529434
vb0[310]+016 TEXCOORD: 0.509765625, 0.00245857239
vb0[310]+020 TEXCOORD1: 2.3359375, 0.641601563
vb0[310]+000 TEXCOORD2: 0.309803933, 0.745098054, 0.611764729, 0.270588249
vb0[310]+000 TEXCOORD3: 0.309803933, 0.745098054, 0.611764729, 0.270588249

vb0[311]+000 POSITION: 1.41796875, 8.765625, 3.64648438, 1
vb0[311]+008 NORMAL: 0.425196856, 0.0393700786, 0.905511796, 0
vb0[311]+012 COLOR: 0.721568644, 0.768627465, 0.141176477, 0.0313725509
vb0[311]+016 TEXCOORD: 0.000918388367, 1
vb0[311]+020 TEXCOORD1: 3.20703125, 0.786132813
vb0[311]+000 TEXCOORD2: 0.674509823, 0.239215687, 0.384313732, 0.282352954
vb0[311]+000 TEXCOORD3: 0.674509823, 0.239215687, 0.384313732, 0.282352954

vb0[312]+000 POSITION: -1.98535156, 13.703125, -0.434326172, 1
vb0[312]+008 NORMAL: -0.858267725, 0.496062994, -0.14173229, 0
vb0[312]+012 COLOR: 0.752941191, 0.721568644, 0.870588243, 0.529411793
vb0[312]+016 TEXCOORD: 0.509765625, 1
vb0[312]+020 TEXCOORD1: -0.162109375, 0.986816406
vb0[312]+000 TEXCOORD2: 0.945098042, 0.749019623, 0.854901969, 0.290196091
vb0[312]+000 TEXCOORD3: 0.945098042, 0.749019623, 0.854901969, 0.290196091

vb0[313]+000 POSITION: -2.265625, 11.4296875, 1.10839844, 1
vb0[313]+008 NORMAL: -0.897637784, 0.425196856, -0.0944881886, 0
vb0[313]+012 COLOR: 0.752941191, 0.721568644, 0.870588243, 0.513725519
vb0[313]+016 TEXCOORD: 0.000963687897, 0.00245857239
vb0[313]+020 TEXCOORD1: -0.564453125, 0.825683594
vb0[313]+000 TEXCOORD2: 0.533333361, 0.752941191, 0.717647076, 0.286274523
vb0[313]+000 TEXCOORD3: 0.533333361, 0.752941191, 0.717647076, 0.286274523

vb0[314]+000 POSITION: -0.51171875, 11.875, -0.386474609, 1
vb0[314]+008 NORMAL: -0.858267725, 0.417322844, -0.299212605, 0
vb0[314]+012 COLOR: 0.75686276, 0.717647076, 0.866666675, 0.623529434
vb0[314]+016 TEXCOORD: 0.509765625, 0.00245857239
vb0[314]+020 TEXCOORD1: -0.180541992, 0.979492188
vb0[314]+000 TEXCOORD2: 0.0941176489, 0.721568644, 0.941176474, 0.286274523
vb0[314]+000 TEXCOORD3: 0.0941176489, 0.721568644, 0.941176474, 0.286274523

vb0[315]+000 POSITION: -3.8359375, 13.609375, 0.82421875, 1
vb0[315]+008 NORMAL: -0.88188976, 0.464566916, -0.0708661452, 0
vb0[315]+012 COLOR: 0.745098054, 0.725490212, 0.874509811, 0.874509811
vb0[315]+016 TEXCOORD: 0.000918388367, 1
vb0[315]+020 TEXCOORD1: -0.162109375, 0.986816406
vb0[315]+000 TEXCOORD2: 0.674509823, 0.764705896, 0.807843149, 0.290196091
vb0[315]+000 TEXCOORD3: 0.674509823, 0.764705896, 0.807843149, 0.290196091

vb0[316]+000 POSITION: -0.543945313, 11.671875, -0.464355469, 1
vb0[316]+008 NORMAL: -0.826771677, 0.354330719, -0.44094488, 0
vb0[316]+012 COLOR: 0.870588243, 0.713725507, 0.75686276, 0.513725519
vb0[316]+016 TEXCOORD: 0.509765625, 0.00245857239
vb0[316]+020 TEXCOORD1: -0.456054688, 0.844238281
vb0[316]+000 TEXCOORD2: 0.352941185, 0.721568644, 0.839215696, 0.286274523
vb0[316]+000 TEXCOORD3: 0.352941185, 0.721568644, 0.839215696, 0.286274523

vb0[317]+000 POSITION: -1.49609375, 13.796875, -0.858886719, 1
vb0[317]+008 NORMAL: -0.826771677, 0.535433054, -0.181102365, 0
vb0[317]+012 COLOR: 0.862745106, 0.721568644, 0.760784328, 0.282352954
vb0[317]+016 TEXCOORD: 0.000963687897, 0.00245857239
vb0[317]+020 TEXCOORD1: -0.162109375, 0.986816406
vb0[317]+000 TEXCOORD2: 0.988235295, 0.741176486, 0.90196079, 0.290196091
vb0[317]+000 TEXCOORD3: 0.988235295, 0.741176486, 0.90196079, 0.290196091

vb0[318]+000 POSITION: -2.02929688, 12.1484375, 1.30664063, 1
vb0[318]+008 NORMAL: -0.850393713, 0.496062994, -0.165354326, 0
vb0[318]+012 COLOR: 0.862745106, 0.721568644, 0.760784328, 0.623529434
vb0[318]+016 TEXCOORD: 0.509765625, 1
vb0[318]+020 TEXCOORD1: 2.73242188, 0.926757813
vb0[318]+000 TEXCOORD2: 0.0588235296, 0.752941191, 0.0745098069, 0.290196091
vb0[318]+000 TEXCOORD3: 0.0588235296, 0.752941191, 0.0745098069, 0.290196091

vb0[319]+000 POSITION: -3.10742188, 14.546875, 0.661621094, 1
vb0[319]+008 NORMAL: -0.842519701, 0.527559042, -0.0866141766, 0
vb0[319]+012 COLOR: 0.854901969, 0.729411781, 0.764705896, 0.827450991
vb0[319]+016 TEXCOORD: 0.000918388367, 1
vb0[319]+020 TEXCOORD1: -0.162109375, 0.986816406
vb0[319]+000 TEXCOORD2: 0.215686277, 0.760784328, 0.274509817, 0.294117659
vb0[319]+000 TEXCOORD3: 0.215686277, 0.760784328, 0.274509817, 0.294117659

vb0[320]+000 POSITION: -0.716796875, 13.578125, -0.606933594, 1
vb0[320]+008 NORMAL: 0.0866141766, 0.637795269, -0.763779521, 0
vb0[320]+012 COLOR: 0.443137258, 0.333333343, 0.0313725509, 0.188235298
vb0[320]+016 TEXCOORD: 0.509765625, 1
vb0[320]+020 TEXCOORD1: -0.162109375, 0.986816406
vb0[320]+000 TEXCOORD2: 0.737254918, 0.725490212, 0.792156875, 0.290196091
vb0[320]+000 TEXCOORD3: 0.737254918, 0.725490212, 0.792156875, 0.290196091

vb0[321]+000 POSITION: 1.97363281, 12.8203125, -0.654296875, 1
vb0[321]+008 NORMAL: 0.354330719, 0.629921257, -0.692913413, 0
vb0[321]+012 COLOR: 0.443137258, 0.333333343, 0.0313725509, 0.0313725509
vb0[321]+016 TEXCOORD: 0.000963687897, 0.00245857239
vb0[321]+020 TEXCOORD1: 0.250732422, 0.968261719
vb0[321]+000 TEXCOORD2: 0.898039222, 0.247058824, 0.411764711, 0.290196091
vb0[321]+000 TEXCOORD3: 0.898039222, 0.247058824, 0.411764711, 0.290196091

vb0[322]+000 POSITION: 0.149414063, 11.4609375, 0.0412597656, 1
vb0[322]+008 NORMAL: 0.22047244, 0.614173234, -0.763779521, 0
vb0[322]+012 COLOR: 0.443137258, 0.333333343, 0.0313725509, 0.376470596
vb0[322]+016 TEXCOORD: 0.509765625, 0.00245857239
vb0[322]+020 TEXCOORD1: 3.04101563, 0.990234375
vb0[322]+000 TEXCOORD2: 0.784313738, 0.188235298, 0.733333349, 0.286274523
vb0[322]+000 TEXCOORD3: 0.784313738, 0.188235298, 0.733333349, 0.286274523

vb0[323]+000 POSITION: 1.03027344, 15.1484375, -1.37695313, 1
vb0[323]+008 NORMAL: 0.291338593, 0.645669281, -0.708661437, 0
vb0[323]+012 COLOR: 0.443137258, 0.333333343, 0.0313725509, 0.56078434
vb0[323]+016 TEXCOORD: 0.000918388367, 1
vb0[323]+020 TEXCOORD1: 0.250732422, 0.968261719
vb0[323]+000 TEXCOORD2: 0.121568628, 0.235294119, 0.576470613, 0.294117659
vb0[323]+000 TEXCOORD3: 0.121568628, 0.235294119, 0.576470613, 0.294117659

vb0[324]+000 POSITION: 1.08789063, 12.34375, 0.180908203, 1
vb0[324]+008 NORMAL: 0.299212605, 0.685039341, -0.669291317, 0
vb0[324]+012 COLOR: 0.0156862754, 0.607843161, 0.450980395, 0.392156869
vb0[324]+016 TEXCOORD: 0.509765625, 0.00245857239
vb0[324]+020 TEXCOORD1: 0.188354492, 0.970703125
vb0[324]+000 TEXCOORD2: 0.352941185, 0.235294119, 0.172549024, 0.290196091
vb0[324]+000 TEXCOORD3: 0.352941185, 0.235294119, 0.172549024, 0.290196091

vb0[325]+000 POSITION: 1.3125, 14.0703125, 1.81738281, 1
vb0[325]+008 NORMAL: 0.456692904, 0.685039341, -0.574803174, 0
vb0[325]+012 COLOR: 0.0156862754, 0.611764729, 0.454901963, 0.552941203
vb0[325]+016 TEXCOORD: 0.000963687897, 0.00245857239
vb0[325]+020 TEXCOORD1: 2.90820313, 0.947265625
vb0[325]+000 TEXCOORD2: 0.250980407, 0.239215687, 0.0352941193, 0.294117659
vb0[325]+000 TEXCOORD3: 0.250980407, 0.239215687, 0.0352941193, 0.294117659

vb0[326]+000 POSITION: 1.64746094, 14.3671875, -0.960449219, 1
vb0[326]+008 NORMAL: 0.40157479, 0.645669281, -0.645669281, 0
vb0[326]+012 COLOR: 0.0156862754, 0.611764729, 0.454901963, 0.360784322
vb0[326]+016 TEXCOORD: 0.509765625, 1
vb0[326]+020 TEXCOORD1: 0.250732422, 0.968261719
vb0[326]+000 TEXCOORD2: 0.592156887, 0.243137255, 0.184313729, 0.294117659
vb0[326]+000 TEXCOORD3: 0.592156887, 0.243137255, 0.184313729, 0.294117659

vb0[327]+000 POSITION: 1.98925781, 16.484375, 0.580566406, 1
vb0[327]+008 NORMAL: 0.511811018, 0.850393713, -0.0708661452, 0
vb0[327]+012 COLOR: 0.0156862754, 0.611764729, 0.454901963, 0.835294127
vb0[327]+016 TEXCOORD: 0.000918388367, 1
vb0[327]+020 TEXCOORD1: -0.162109375, 0.986816406
vb0[327]+000 TEXCOORD2: 0.960784316, 0.247058824, 0.121568628, 0.298039228
vb0[327]+000 TEXCOORD3: 0.960784316, 0.247058824, 0.121568628, 0.298039228

vb0[328]+000 POSITION: -1.07617188, 15.0390625, 0.568847656, 1
vb0[328]+008 NORMAL: 0.05511811, 0.984251976, 0.181102365, 0
vb0[328]+012 COLOR: 0.41568628, 0.0666666701, 0.737254918, 0.741176486
vb0[328]+016 TEXCOORD: 0.509765625, 0.00245857239
vb0[328]+020 TEXCOORD1: -0.162109375, 0.986816406
vb0[328]+000 TEXCOORD2: 0.305882365, 0.737254918, 0.521568656, 0.294117659
vb0[328]+000 TEXCOORD3: 0.305882365, 0.737254918, 0.521568656, 0.294117659

vb0[329]+000 POSITION: 0.978515625, 14.3359375, 0.0127944946, 1
vb0[329]+008 NORMAL: 0.212598428, 0.937007844, 0.275590539, 0
vb0[329]+012 COLOR: 0.545098066, 0.0823529437, 0.768627465, 0.607843161
vb0[329]+016 TEXCOORD: 0.000963687897, 0.00245857239
vb0[329]+020 TEXCOORD1: 0.113464355, 0.974121094
vb0[329]+000 TEXCOORD2: 0.831372559, 0.23137255, 0.168627456, 0.294117659
vb0[329]+000 TEXCOORD3: 0.831372559, 0.23137255, 0.168627456, 0.294117659

vb0[330]+000 POSITION: 0.333251953, 15.65625, 2.19726563, 1
vb0[330]+008 NORMAL: 0.157480314, 0.889763772, 0.433070868, 0
vb0[330]+012 COLOR: 0.545098066, 0.0823529437, 0.768627465, 0.505882382
vb0[330]+016 TEXCOORD: 0.509765625, 1
vb0[330]+020 TEXCOORD1: -0.162109375, 0.986816406
vb0[330]+000 TEXCOORD2: 0.333333343, 0.20784314, 0.831372559, 0.294117659
vb0[330]+000 TEXCOORD3: 0.333333343, 0.20784314, 0.831372559, 0.294117659

vb0[331]+000 POSITION: 1.99511719, 15.984375, 1.60839844, 1
vb0[331]+008 NORMAL: 0.236220479, 0.850393713, 0.472440958, 0
vb0[331]+012 COLOR: 0.674509823, 0.121568628, 0.78039217, 0.921568632
vb0[331]+016 TEXCOORD: 0.000918388367, 1
vb0[331]+020 TEXCOORD1: -0.162109375, 0.986816406
vb0[331]+000 TEXCOORD2: 0.984313726, 0.247058824, 0.996078432, 0.294117659
vb0[331]+000 TEXCOORD3: 0.984313726, 0.247058824, 0.996078432, 0.294117659

vb0[332]+000 POSITION: 0.619140625, 7.36328125, 2.8125, 1
vb0[332]+008 NORMAL: -0.173228353, -0.0629921257, 0.984251976, 0
vb0[332]+012 COLOR: 0.427450985, 0.41568628, 0.0117647061, 0.623529434
vb0[332]+016 TEXCOORD: 0.509765625, 0.00245857239
vb0[332]+020 TEXCOORD1: 3.11328125, 0.766113281
vb0[332]+000 TEXCOORD2: 0.956862748, 0.219607845, 0.36470589, 0.278431386
vb0[332]+000 TEXCOORD3: 0.956862748, 0.219607845, 0.36470589, 0.278431386

vb0[333]+000 POSITION: -0.116088867, 5.0703125, 3.3203125, 1
vb0[333]+008 NORMAL: -0.236220479, -0.0629921257, 0.968503952, 0
vb0[333]+012 COLOR: 0.396078438, 0.392156869, 0.0235294122, 0.607843161
vb0[333]+016 TEXCOORD: 0.000963687897, 0.00245857239
vb0[333]+020 TEXCOORD1: 2.5078125, 0.529296875
vb0[333]+000 TEXCOORD2: 0.431372553, 0.686274529, 0.0705882385, 0.270588249
vb0[333]+000 TEXCOORD3: 0.431372553, 0.686274529, 0.0705882385, 0.270588249

vb0[334]+000 POSITION: -1.81054688, 7.40625, 3.17382813, 1
vb0[334]+008 NORMAL: -0.307086617, -0.05511811, 0.952755928, 0
vb0[334]+012 COLOR: 0.396078438, 0.392156869, 0.0235294122, 0.376470596
vb0[334]+016 TEXCOORD: 0.509765625, 1
vb0[334]+020 TEXCOORD1: 2.31445313, 0.497070313
vb0[334]+000 TEXCOORD2: 0.243137255, 0.749019623, 0.407843143, 0.278431386
vb0[334]+000 TEXCOORD3: 0.243137255, 0.749019623, 0.407843143, 0.278431386

vb0[335]+000 POSITION: -2.41601563, 4.65625, 4.109375, 1
vb0[335]+008 NORMAL: -0.362204731, -0.0708661452, 0.929133832, 0
vb0[335]+012 COLOR: 0.36470589, 0.372549027, 0.0352941193, 0.850980401
vb0[335]+016 TEXCOORD: 0.000918388367, 1
vb0[335]+020 TEXCOORD1: 2.20117188, 0.397705078
vb0[335]+000 TEXCOORD2: 0.835294127, 0.752941191, 0.65882355, 0.266666681
vb0[335]+000 TEXCOORD3: 0.835294127, 0.752941191, 0.65882355, 0.266666681

vb0[336]+000 POSITION: -2.91601563, 9.5, -0.1328125, 1
vb0[336]+008 NORMAL: -0.984251976, 0.05511811, -0.173228353, 0
vb0[336]+012 COLOR: 0.200000003, 0.435294122, 0.894117653, 0.494117647
vb0[336]+016 TEXCOORD: 0.509765625, 1
vb0[336]+020 TEXCOORD1: -0.564453125, 0.825683594
vb0[336]+000 TEXCOORD2: 0.835294127, 0.75686276, 0.752941191, 0.282352954
vb0[336]+000 TEXCOORD3: 0.835294127, 0.75686276, 0.752941191, 0.282352954

vb0[337]+000 POSITION: -1.93945313, 6.78515625, 0.159912109, 1
vb0[337]+008 NORMAL: -0.976377964, 0.0629921257, -0.188976377, 0
vb0[337]+012 COLOR: 0.200000003, 0.435294122, 0.894117653, 0.505882382
vb0[337]+016 TEXCOORD: 0.000963687897, 0.00245857239
vb0[337]+020 TEXCOORD1: -0.564453125, 0.825683594
vb0[337]+000 TEXCOORD2: 0.760784328, 0.749019623, 0.788235307, 0.274509817
vb0[337]+000 TEXCOORD3: 0.760784328, 0.749019623, 0.788235307, 0.274509817

vb0[338]+000 POSITION: -1.07519531, 8.7734375, 1.34277344, 1
vb0[338]+008 NORMAL: -1, 0.05511811, -0.0472440943, 0
vb0[338]+012 COLOR: 0.172549024, 0.423529416, 0.870588243, 0.454901963
vb0[338]+016 TEXCOORD: 0.509765625, 0.00245857239
vb0[338]+020 TEXCOORD1: 2.66992188, 0.861816406
vb0[338]+000 TEXCOORD2: 0.301960796, 0.737254918, 0.388235301, 0.282352954
vb0[338]+000 TEXCOORD3: 0.301960796, 0.737254918, 0.388235301, 0.282352954

vb0[339]+000 POSITION: -4.00390625, 7.3125, -1.09082031, 1
vb0[339]+008 NORMAL: -0.968503952, 0.0708661452, -0.236220479, 0
vb0[339]+012 COLOR: 0.23137255, 0.450980395, 0.917647064, 0.866666675
vb0[339]+016 TEXCOORD: 0.000918388367, 1
vb0[339]+020 TEXCOORD1: -0.564453125, 0.825683594
vb0[339]+000 TEXCOORD2: 0.00392156886, 0.768627465, 0.313725501, 0.278431386
vb0[339]+000 TEXCOORD3: 0.00392156886, 0.768627465, 0.313725501, 0.278431386

vb0[340]+000 POSITION: 2.078125, 10.71875, 0.195556641, 1
vb0[340]+008 NORMAL: 0.944881916, 0.196850389, 0.267716527, 0
vb0[340]+012 COLOR: 0.274509817, 0.0627451017, 0.580392182, 0.478431374
vb0[340]+016 TEXCOORD: 0.509765625, 0.00245857239
vb0[340]+020 TEXCOORD1: 0.292236328, 0.948242188
vb0[340]+000 TEXCOORD2: 0.156862751, 0.250980407, 0.360784322, 0.286274523
vb0[340]+000 TEXCOORD3: 0.156862751, 0.250980407, 0.360784322, 0.286274523

vb0[341]+000 POSITION: 3.67578125, 10.1484375, 1.56933594, 1
vb0[341]+008 NORMAL: 0.913385808, 0.196850389, 0.354330719, 0
vb0[341]+012 COLOR: 0.290196091, 0.0627451017, 0.623529434, 0.701960802
vb0[341]+016 TEXCOORD: 0.000963687897, 0.00245857239
vb0[341]+020 TEXCOORD1: 3.41992188, 0.81640625
vb0[341]+000 TEXCOORD2: 0.352941185, 0.262745112, 0.0745098069, 0.286274523
vb0[341]+000 TEXCOORD3: 0.352941185, 0.262745112, 0.0745098069, 0.286274523

vb0[342]+000 POSITION: 1.51171875, 11.375, 2.19726563, 1
vb0[342]+008 NORMAL: 0.905511796, 0.212598428, 0.377952754, 0
vb0[342]+012 COLOR: 0.290196091, 0.0627451017, 0.623529434, 0.717647076
vb0[342]+016 TEXCOORD: 0.509765625, 1
vb0[342]+020 TEXCOORD1: 2.97851563, 0.909179688
vb0[342]+000 TEXCOORD2: 0.0470588244, 0.243137255, 0.690196097, 0.286274523
vb0[342]+000 TEXCOORD3: 0.0470588244, 0.243137255, 0.690196097, 0.286274523

vb0[343]+000 POSITION: 3.41796875, 10.9609375, 3.3984375, 1
vb0[343]+008 NORMAL: 0.803149581, 0.212598428, 0.551181078, 0
vb0[343]+012 COLOR: 0.301960796, 0.0705882385, 0.662745118, 0.788235307
vb0[343]+016 TEXCOORD: 0.000918388367, 1
vb0[343]+020 TEXCOORD1: 3.3671875, 0.819824219
vb0[343]+000 TEXCOORD2: 0.839215696, 0.258823544, 0.482352942, 0.286274523
vb0[343]+000 TEXCOORD3: 0.839215696, 0.258823544, 0.482352942, 0.286274523

vb0[344]+000 POSITION: 1.24316406, 12.0625, 2.83007813, 1
vb0[344]+008 NORMAL: 0.0393700786, 0.204724416, 0.976377964, 0
vb0[344]+012 COLOR: 0.65882355, 0.466666669, 0.0274509806, 0.494117647
vb0[344]+016 TEXCOORD: 0.509765625, 1
vb0[344]+020 TEXCOORD1: 2.97851563, 0.909179688
vb0[344]+000 TEXCOORD2: 0.97647059, 0.235294119, 0.0313725509, 0.290196091
vb0[344]+000 TEXCOORD3: 0.97647059, 0.235294119, 0.0313725509, 0.290196091

vb0[345]+000 POSITION: 0.961425781, 9.0703125, 2.94140625, 1
vb0[345]+008 NORMAL: 0.244094491, 0.173228353, 0.952755928, 0
vb0[345]+012 COLOR: 0.65882355, 0.466666669, 0.0274509806, 0.53725493
vb0[345]+016 TEXCOORD: 0.000963687897, 0.00245857239
vb0[345]+020 TEXCOORD1: 3, 0.801757813
vb0[345]+000 TEXCOORD2: 0.694117665, 0.23137255, 0.53725493, 0.282352954
vb0[345]+000 TEXCOORD3: 0.694117665, 0.23137255, 0.53725493, 0.282352954

vb0[346]+000 POSITION: -0.912597656, 10.7421875, 2.453125, 1
vb0[346]+008 NORMAL: -0.0629921257, 0.196850389, 0.976377964, 0
vb0[346]+012 COLOR: 0.603921592, 0.470588237, 0.0117647061, 0.529411793
vb0[346]+016 TEXCOORD: 0.509765625, 0.00245857239
vb0[346]+020 TEXCOORD1: 2.88867188, 0.895507813
vb0[346]+000 TEXCOORD2: 0.301960796, 0.733333349, 0.372549027, 0.286274523
vb0[346]+000 TEXCOORD3: 0.301960796, 0.733333349, 0.372549027, 0.286274523

vb0[347]+000 POSITION: 2.7421875, 10.5625, 3.671875, 1
vb0[347]+008 NORMAL: 0.330708653, 0.181102365, 0.929133832, 0
vb0[347]+012 COLOR: 0.713725507, 0.4627451, 0.0509803928, 0.701960802
vb0[347]+016 TEXCOORD: 0.000918388367, 1
vb0[347]+020 TEXCOORD1: 3.3671875, 0.819824219
vb0[347]+000 TEXCOORD2: 0.486274511, 0.254901975, 0.282352954, 0.286274523
vb0[347]+000 TEXCOORD3: 0.486274511, 0.254901975, 0.282352954, 0.286274523

vb0[348]+000 POSITION: -1.12011719, 9.3359375, 0.302734375, 1
vb0[348]+008 NORMAL: -0.944881916, 0.11811024, 0.299212605, 0
vb0[348]+012 COLOR: 0.525490224, 0.921568632, 0.768627465, 0.250980407
vb0[348]+016 TEXCOORD: 0.509765625, 0.00245857239
vb0[348]+020 TEXCOORD1: -0.564453125, 0.825683594
vb0[348]+000 TEXCOORD2: 0.482352942, 0.737254918, 0.670588255, 0.282352954
vb0[348]+000 TEXCOORD3: 0.482352942, 0.737254918, 0.670588255, 0.282352954

vb0[349]+000 POSITION: -2.78125, 8.4375, 1.86816406, 1
vb0[349]+008 NORMAL: -0.937007844, 0.125984251, 0.338582665, 0
vb0[349]+012 COLOR: 0.525490224, 0.909803927, 0.784313738, 0.615686297
vb0[349]+016 TEXCOORD: 0.000963687897, 0.00245857239
vb0[349]+020 TEXCOORD1: -0.564453125, 0.825683594
vb0[349]+000 TEXCOORD2: 0.564705908, 0.75686276, 0.219607845, 0.282352954
vb0[349]+000 TEXCOORD3: 0.564705908, 0.75686276, 0.219607845, 0.282352954

vb0[350]+000 POSITION: 0.0779418945, 8.125, 2.06640625, 1
vb0[350]+008 NORMAL: -0.889763772, 0.11811024, 0.44094488, 0
vb0[350]+012 COLOR: 0.525490224, 0.909803927, 0.784313738, 0.384313732
vb0[350]+016 TEXCOORD: 0.509765625, 1
vb0[350]+020 TEXCOORD1: 3.0546875, 0.774902344
vb0[350]+000 TEXCOORD2: 0.992156863, 0.172549024, 0.0627451017, 0.282352954
vb0[350]+000 TEXCOORD3: 0.992156863, 0.172549024, 0.0627451017, 0.282352954

vb0[351]+000 POSITION: -1.87792969, 7.1640625, 3.484375, 1
vb0[351]+008 NORMAL: -0.866141737, 0.0708661452, 0.488188982, 0
vb0[351]+012 COLOR: 0.521568656, 0.898039222, 0.800000012, 0.117647059
vb0[351]+016 TEXCOORD: 0.000918388367, 1
vb0[351]+020 TEXCOORD1: 2.20117188, 0.397705078
vb0[351]+000 TEXCOORD2: 0.513725519, 0.749019623, 0.164705887, 0.278431386
vb0[351]+000 TEXCOORD3: 0.513725519, 0.749019623, 0.164705887, 0.278431386

vb0[352]+000 POSITION: -1.72558594, 7.57421875, 0.359863281, 1
vb0[352]+008 NORMAL: -0.803149581, 0.11023622, 0.582677186, 0
vb0[352]+012 COLOR: 0.960784316, 0.333333343, 0.603921592, 0.631372571
vb0[352]+016 TEXCOORD: 0.509765625, 0.00245857239
vb0[352]+020 TEXCOORD1: -0.564453125, 0.825683594
vb0[352]+000 TEXCOORD2: 0.905882359, 0.745098054, 0.576470613, 0.278431386
vb0[352]+000 TEXCOORD3: 0.905882359, 0.745098054, 0.576470613, 0.278431386

vb0[353]+000 POSITION: -1.06738281, 9.703125, 0.873535156, 1
vb0[353]+008 NORMAL: -0.874015749, 0.11023622, 0.464566916, 0
vb0[353]+012 COLOR: 0.960784316, 0.360784322, 0.639215708, 0.647058845
vb0[353]+016 TEXCOORD: 0.000963687897, 0.00245857239
vb0[353]+020 TEXCOORD1: 2.45898438, 0.83203125
vb0[353]+000 TEXCOORD2: 0.270588249, 0.737254918, 0.854901969, 0.282352954
vb0[353]+000 TEXCOORD3: 0.270588249, 0.737254918, 0.854901969, 0.282352954

vb0[354]+000 POSITION: -2.11132813, 7.9140625, 2.58398438, 1
vb0[354]+008 NORMAL: -0.779527545, 0.0629921257, 0.622047246, 0
vb0[354]+012 COLOR: 0.960784316, 0.360784322, 0.639215708, 0.494117647
vb0[354]+016 TEXCOORD: 0.509765625, 1
vb0[354]+020 TEXCOORD1: 2.40820313, 0.671386719
vb0[354]+000 TEXCOORD2: 0.223529413, 0.752941191, 0.917647064, 0.278431386
vb0[354]+000 TEXCOORD3: 0.223529413, 0.752941191, 0.917647064, 0.278431386

vb0[355]+000 POSITION: -1.890625, 9.4921875, 2.9765625, 1
vb0[355]+008 NORMAL: -0.740157485, 0.0944881886, 0.661417305, 0
vb0[355]+012 COLOR: 0.956862748, 0.392156869, 0.670588255, 0.701960802
vb0[355]+016 TEXCOORD: 0.000918388367, 1
vb0[355]+020 TEXCOORD1: 2.97851563, 0.909179688
vb0[355]+000 TEXCOORD2: 0.564705908, 0.749019623, 0.749019623, 0.282352954
vb0[355]+000 TEXCOORD3: 0.564705908, 0.749019623, 0.749019623, 0.282352954

vb0[356]+000 POSITION: -0.833496094, 9.4609375, -0.691894531, 1
vb0[356]+008 NORMAL: -0.503937006, 0.181102365, -0.842519701, 0
vb0[356]+012 COLOR: 0.905882359, 0.254901975, 0.349019617, 0.53725493
vb0[356]+016 TEXCOORD: 0.509765625, 1
vb0[356]+020 TEXCOORD1: -0.564453125, 0.825683594
vb0[356]+000 TEXCOORD2: 0.670588255, 0.729411781, 0.733333349, 0.282352954
vb0[356]+000 TEXCOORD3: 0.670588255, 0.729411781, 0.733333349, 0.282352954

vb0[357]+000 POSITION: -0.372558594, 11.296875, -2.421875, 1
vb0[357]+008 NORMAL: -0.472440958, 0.188976377, -0.858267725, 0
vb0[357]+012 COLOR: 0.905882359, 0.254901975, 0.349019617, 0.670588255
vb0[357]+016 TEXCOORD: 0.000963687897, 0.00245857239
vb0[357]+020 TEXCOORD1: -0.564453125, 0.825683594
vb0[357]+000 TEXCOORD2: 0.964705884, 0.709803939, 0.650980413, 0.286274523
vb0[357]+000 TEXCOORD3: 0.964705884, 0.709803939, 0.650980413, 0.286274523

vb0[358]+000 POSITION: 0.330810547, 11.2734375, -0.357910156, 1
vb0[358]+008 NORMAL: -0.448818892, 0.181102365, -0.874015749, 0
vb0[358]+012 COLOR: 0.913725495, 0.258823544, 0.356862754, 0.41568628
vb0[358]+016 TEXCOORD: 0.509765625, 0.00245857239
vb0[358]+020 TEXCOORD1: 0.018157959, 0.978515625
vb0[358]+000 TEXCOORD2: 0.294117659, 0.20784314, 0.639215708, 0.286274523
vb0[358]+000 TEXCOORD3: 0.294117659, 0.20784314, 0.639215708, 0.286274523

vb0[359]+000 POSITION: -1.5, 9.796875, -2.88085938, 1
vb0[359]+008 NORMAL: -0.417322844, 0.181102365, -0.889763772, 0
vb0[359]+012 COLOR: 0.90196079, 0.247058824, 0.337254912, 0.470588237
vb0[359]+016 TEXCOORD: 0.000918388367, 1
vb0[359]+020 TEXCOORD1: -0.564453125, 0.825683594
vb0[359]+000 TEXCOORD2: 0, 0.745098054, 0.90196079, 0.282352954
vb0[359]+000 TEXCOORD3: 0, 0.745098054, 0.90196079, 0.282352954

vb0[360]+000 POSITION: -0.273193359, 12.3828125, -0.639160156, 1
vb0[360]+008 NORMAL: 0.181102365, 0.236220479, -0.952755928, 0
vb0[360]+012 COLOR: 0.466666669, 0.180392161, 0.882352948, 0.811764717
vb0[360]+016 TEXCOORD: 0.509765625, 1
vb0[360]+020 TEXCOORD1: -0.0639648438, 0.9609375
vb0[360]+000 TEXCOORD2: 0.372549027, 0.70588237, 0.192156866, 0.290196091
vb0[360]+000 TEXCOORD3: 0.372549027, 0.70588237, 0.192156866, 0.290196091

vb0[361]+000 POSITION: 1.80273438, 10.9765625, -1.64453125, 1
vb0[361]+008 NORMAL: 0.188976377, 0.251968503, -0.952755928, 0
vb0[361]+012 COLOR: 0.466666669, 0.180392161, 0.882352948, 0.298039228
vb0[361]+016 TEXCOORD: 0.000963687897, 0.00245857239
vb0[361]+020 TEXCOORD1: 0.250732422, 0.968261719
vb0[361]+000 TEXCOORD2: 0.211764708, 0.247058824, 0.490196079, 0.286274523
vb0[361]+000 TEXCOORD3: 0.211764708, 0.247058824, 0.490196079, 0.286274523

vb0[362]+000 POSITION: 1.95117188, 12.921875, -0.436523438, 1
vb0[362]+008 NORMAL: 0.346456707, 0.346456707, -0.874015749, 0
vb0[362]+012 COLOR: 0.525490224, 0.235294119, 0.925490201, 0.384313732
vb0[362]+016 TEXCOORD: 0.509765625, 0.00245857239
vb0[362]+020 TEXCOORD1: 0.250732422, 0.968261719
vb0[362]+000 TEXCOORD2: 0.807843149, 0.247058824, 0.4627451, 0.290196091
vb0[362]+000 TEXCOORD3: 0.807843149, 0.247058824, 0.4627451, 0.290196091

vb0[363]+000 POSITION: -0.0439147949, 11.1015625, -2.015625, 1
vb0[363]+008 NORMAL: 0.188976377, 0.236220479, -0.952755928, 0
vb0[363]+012 COLOR: 0.407843143, 0.13333334, 0.827450991, 0.423529416
vb0[363]+016 TEXCOORD: 0.000918388367, 1
vb0[363]+020 TEXCOORD1: 0.250732422, 0.968261719
vb0[363]+000 TEXCOORD2: 0.623529434, 0.662745118, 0.552941203, 0.286274523
vb0[363]+000 TEXCOORD3: 0.623529434, 0.662745118, 0.552941203, 0.286274523

vb0[364]+000 POSITION: -0.263916016, 13.7109375, 0.76171875, 1
vb0[364]+008 NORMAL: -0.653543293, 0.566929162, -0.503937006, 0
vb0[364]+012 COLOR: 0.0784313753, 0.36470589, 0.733333349, 0.313725501
vb0[364]+016 TEXCOORD: 0.509765625, 0.00245857239
vb0[364]+020 TEXCOORD1: -0.162109375, 0.986816406
vb0[364]+000 TEXCOORD2: 0.223529413, 0.70588237, 0.858823538, 0.290196091
vb0[364]+000 TEXCOORD3: 0.223529413, 0.70588237, 0.858823538, 0.290196091

vb0[365]+000 POSITION: -1.29785156, 13.5390625, -1.19628906, 1
vb0[365]+008 NORMAL: -0.724409461, 0.409448832, -0.551181078, 0
vb0[365]+012 COLOR: 0.0745098069, 0.356862754, 0.721568644, 0.454901963
vb0[365]+016 TEXCOORD: 0.000963687897, 0.00245857239
vb0[365]+020 TEXCOORD1: -0.207641602, 0.96875
vb0[365]+000 TEXCOORD2: 0.192156866, 0.741176486, 0.772549033, 0.290196091
vb0[365]+000 TEXCOORD3: 0.192156866, 0.741176486, 0.772549033, 0.290196091

vb0[366]+000 POSITION: -0.00728988647, 11.6328125, 0.0363769531, 1
vb0[366]+008 NORMAL: -0.275590539, 0.48031497, -0.834645689, 0
vb0[366]+012 COLOR: 0.0745098069, 0.356862754, 0.721568644, 0.592156887
vb0[366]+016 TEXCOORD: 0.509765625, 1
vb0[366]+020 TEXCOORD1: -0.162109375, 0.986816406
vb0[366]+000 TEXCOORD2: 0.466666669, 0.623529434, 0.819607854, 0.286274523
vb0[366]+000 TEXCOORD3: 0.466666669, 0.623529434, 0.819607854, 0.286274523

vb0[367]+000 POSITION: -1.15429688, 12.2734375, -1.81347656, 1
vb0[367]+008 NORMAL: -0.543307066, 0.362204731, -0.755905509, 0
vb0[367]+012 COLOR: 0.0745098069, 0.349019617, 0.709803939, 0.470588237
vb0[367]+016 TEXCOORD: 0.000918388367, 1
vb0[367]+020 TEXCOORD1: -0.564453125, 0.825683594
vb0[367]+000 TEXCOORD2: 0.619607866, 0.737254918, 0.137254909, 0.290196091
vb0[367]+000 TEXCOORD3: 0.619607866, 0.737254918, 0.137254909, 0.290196091

vb0[368]+000 POSITION: -1.05566406, 13.1328125, -1.62988281, 1
vb0[368]+008 NORMAL: -0.551181078, 0.55905509, -0.622047246, 0
vb0[368]+012 COLOR: 0.105882354, 0.78039217, 0.623529434, 0.647058845
vb0[368]+016 TEXCOORD: 0.509765625, 1
vb0[368]+020 TEXCOORD1: -0.3828125, 0.8984375
vb0[368]+000 TEXCOORD2: 0.223529413, 0.737254918, 0.568627477, 0.290196091
vb0[368]+000 TEXCOORD3: 0.223529413, 0.737254918, 0.568627477, 0.290196091

vb0[369]+000 POSITION: -1.06640625, 11.9375, 1.06835938, 1
vb0[369]+008 NORMAL: -0.622047246, 0.55905509, -0.551181078, 0
vb0[369]+012 COLOR: 0.105882354, 0.78039217, 0.623529434, 0.274509817
vb0[369]+016 TEXCOORD: 0.000963687897, 0.00245857239
vb0[369]+020 TEXCOORD1: 2.7265625, 0.908203125
vb0[369]+000 TEXCOORD2: 0.266666681, 0.737254918, 0.972549021, 0.286274523
vb0[369]+000 TEXCOORD3: 0.266666681, 0.737254918, 0.972549021, 0.286274523

vb0[370]+000 POSITION: -0.0983276367, 14.1640625, 0.4453125, 1
vb0[370]+008 NORMAL: -0.755905509, 0.645669281, -0.11811024, 0
vb0[370]+012 COLOR: 0.0588235296, 0.717647076, 0.596078455, 0.376470596
vb0[370]+016 TEXCOORD: 0.509765625, 0.00245857239
vb0[370]+020 TEXCOORD1: -0.162109375, 0.986816406
vb0[370]+000 TEXCOORD2: 0.294117659, 0.68235296, 0.0823529437, 0.294117659
vb0[370]+000 TEXCOORD3: 0.294117659, 0.68235296, 0.0823529437, 0.294117659

vb0[371]+000 POSITION: -2.07226563, 11.84375, -0.99609375, 1
vb0[371]+008 NORMAL: -0.677165329, 0.377952754, -0.629921257, 0
vb0[371]+012 COLOR: 0.164705887, 0.839215696, 0.647058845, 0.521568656
vb0[371]+016 TEXCOORD: 0.000918388367, 1
vb0[371]+020 TEXCOORD1: -0.564453125, 0.825683594
vb0[371]+000 TEXCOORD2: 0.145098045, 0.752941191, 0.925490201, 0.286274523
vb0[371]+000 TEXCOORD3: 0.145098045, 0.752941191, 0.925490201, 0.286274523

vb0[372]+000 POSITION: -0.979980469, 10.8984375, -0.00742340088, 1
vb0[372]+008 NORMAL: -0.228346452, 0.228346452, -0.944881916, 0
vb0[372]+012 COLOR: 0.729411781, 0.0823529437, 0.352941185, 0.431372553
vb0[372]+016 TEXCOORD: 0.509765625, 1
vb0[372]+020 TEXCOORD1: -0.564453125, 0.825683594
vb0[372]+000 TEXCOORD2: 0.843137264, 0.733333349, 0.450980395, 0.286274523
vb0[372]+000 TEXCOORD3: 0.843137264, 0.733333349, 0.450980395, 0.286274523

vb0[373]+000 POSITION: 0.540527344, 12.2890625, -1.61425781, 1
vb0[373]+008 NORMAL: -0.354330719, 0.283464581, -0.889763772, 0
vb0[373]+012 COLOR: 0.729411781, 0.0823529437, 0.352941185, 0.478431374
vb0[373]+016 TEXCOORD: 0.000963687897, 0.00245857239
vb0[373]+020 TEXCOORD1: 0.250732422, 0.968261719
vb0[373]+000 TEXCOORD2: 0.325490206, 0.219607845, 0.145098045, 0.290196091
vb0[373]+000 TEXCOORD3: 0.325490206, 0.219607845, 0.145098045, 0.290196091

vb0[374]+000 POSITION: 0.916503906, 11.9140625, 0.545898438, 1
vb0[374]+008 NORMAL: -0.236220479, 0.409448832, -0.88188976, 0
vb0[374]+012 COLOR: 0.75686276, 0.0862745121, 0.384313732, 0.337254912
vb0[374]+016 TEXCOORD: 0.509765625, 0.00245857239
vb0[374]+020 TEXCOORD1: 0.250732422, 0.968261719
vb0[374]+000 TEXCOORD2: 0.333333343, 0.23137255, 0.960784316, 0.286274523
vb0[374]+000 TEXCOORD3: 0.333333343, 0.23137255, 0.960784316, 0.286274523

vb0[375]+000 POSITION: -1.18945313, 11.6796875, -2.10351563, 1
vb0[375]+008 NORMAL: 0.149606302, 0.338582665, -0.929133832, 0
vb0[375]+012 COLOR: 0.698039234, 0.0784313753, 0.321568638, 0.376470596
vb0[375]+016 TEXCOORD: 0.000918388367, 1
vb0[375]+020 TEXCOORD1: -0.564453125, 0.825683594
vb0[375]+000 TEXCOORD2: 0.760784328, 0.737254918, 0.843137264, 0.286274523
vb0[375]+000 TEXCOORD3: 0.760784328, 0.737254918, 0.843137264, 0.286274523

vb0[376]+000 POSITION: 1.96972656, 9.1328125, -0.848632813, 1
vb0[376]+008 NORMAL: 0.842519701, 0.14173229, -0.51968503, 0
vb0[376]+012 COLOR: 0.870588243, 0.168627456, 0.517647088, 0.266666681
vb0[376]+016 TEXCOORD: 0.509765625, 0.00245857239
vb0[376]+020 TEXCOORD1: 0.592773438, 0.805664063
vb0[376]+000 TEXCOORD2: 0.882352948, 0.247058824, 0.568627477, 0.282352954
vb0[376]+000 TEXCOORD3: 0.882352948, 0.247058824, 0.568627477, 0.282352954

vb0[377]+000 POSITION: 3.41601563, 10.6953125, -1.91113281, 1
vb0[377]+008 NORMAL: 0.913385808, 0.204724416, -0.362204731, 0
vb0[377]+012 COLOR: 0.843137264, 0.13333334, 0.509803951, 0.592156887
vb0[377]+016 TEXCOORD: 0.000963687897, 0.00245857239
vb0[377]+020 TEXCOORD1: 0.592773438, 0.805664063
vb0[377]+000 TEXCOORD2: 0.835294127, 0.258823544, 0.349019617, 0.286274523
vb0[377]+000 TEXCOORD3: 0.835294127, 0.258823544, 0.349019617, 0.286274523

vb0[378]+000 POSITION: 3.0390625, 10.4140625, 0.846679688, 1
vb0[378]+008 NORMAL: 0.937007844, 0.204724416, -0.283464581, 0
vb0[378]+012 COLOR: 0.843137264, 0.13333334, 0.509803951, 0.431372553
vb0[378]+016 TEXCOORD: 0.509765625, 1
vb0[378]+020 TEXCOORD1: 3.44726563, 0.823730469
vb0[378]+000 TEXCOORD2: 0.0784313753, 0.258823544, 0.20784314, 0.286274523
vb0[378]+000 TEXCOORD3: 0.0784313753, 0.258823544, 0.20784314, 0.286274523

vb0[379]+000 POSITION: 4.734375, 11.734375, -0.523925781, 1
vb0[379]+008 NORMAL: 0.866141737, 0.173228353, -0.464566916, 0
vb0[379]+012 COLOR: 0.807843149, 0.105882354, 0.501960814, 0.717647076
vb0[379]+016 TEXCOORD: 0.000918388367, 1
vb0[379]+020 TEXCOORD1: 0.592773438, 0.805664063
vb0[379]+000 TEXCOORD2: 0.737254918, 0.266666681, 0.870588243, 0.286274523
vb0[379]+000 TEXCOORD3: 0.737254918, 0.266666681, 0.870588243, 0.286274523

vb0[380]+000 POSITION: 1.06738281, 10.9375, 0.395996094, 1
vb0[380]+008 NORMAL: 0.92125982, 0.228346452, -0.314960629, 0
vb0[380]+012 COLOR: 0.631372571, 0.156862751, 0.839215696, 0.529411793
vb0[380]+016 TEXCOORD: 0.509765625, 0.00245857239
vb0[380]+020 TEXCOORD1: 3.234375, 0.964355469
vb0[380]+000 TEXCOORD2: 0.270588249, 0.235294119, 0.470588237, 0.286274523
vb0[380]+000 TEXCOORD3: 0.270588249, 0.235294119, 0.470588237, 0.286274523

vb0[381]+000 POSITION: 2.83398438, 10.234375, -1.00878906, 1
vb0[381]+008 NORMAL: 0.929133832, 0.251968503, -0.259842515, 0
vb0[381]+012 COLOR: 0.647058845, 0.160784319, 0.835294127, 0.235294119
vb0[381]+016 TEXCOORD: 0.000963687897, 0.00245857239
vb0[381]+020 TEXCOORD1: 0.592773438, 0.805664063
vb0[381]+000 TEXCOORD2: 0.670588255, 0.254901975, 0.117647059, 0.286274523
vb0[381]+000 TEXCOORD3: 0.670588255, 0.254901975, 0.117647059, 0.286274523

vb0[382]+000 POSITION: 2.984375, 12.2109375, 0.934570313, 1
vb0[382]+008 NORMAL: 0.929133832, 0.251968503, -0.259842515, 0
vb0[382]+012 COLOR: 0.647058845, 0.160784319, 0.835294127, 0.670588255
vb0[382]+016 TEXCOORD: 0.509765625, 1
vb0[382]+020 TEXCOORD1: 3.29882813, 0.905761719
vb0[382]+000 TEXCOORD2: 0.972549021, 0.254901975, 0.105882354, 0.290196091
vb0[382]+000 TEXCOORD3: 0.972549021, 0.254901975, 0.105882354, 0.290196091

vb0[383]+000 POSITION: 4.78515625, 11.6796875, -0.485839844, 1
vb0[383]+008 NORMAL: 0.944881916, 0.251968503, -0.204724416, 0
vb0[383]+012 COLOR: 0.662745118, 0.160784319, 0.831372559, 0.78039217
vb0[383]+016 TEXCOORD: 0.000918388367, 1
vb0[383]+020 TEXCOORD1: 0.592773438, 0.805664063
vb0[383]+000 TEXCOORD2: 0.788235307, 0.266666681, 0.843137264, 0.286274523
vb0[383]+000 TEXCOORD3: 0.788235307, 0.266666681, 0.843137264, 0.286274523

vb0[384]+000 POSITION: 4.78515625, 11.6796875, -0.485839844, 1
vb0[384]+008 NORMAL: 0.944881916, 0.251968503, -0.204724416, 0
vb0[384]+012 COLOR: 0.470588237, 0.145098045, 0.149019614, 0.78039217
vb0[384]+016 TEXCOORD: 1, 0.00245857239
vb0[384]+020 TEXCOORD1: 0.592773438, 0.805664063
vb0[384]+000 TEXCOORD2: 0.788235307, 0.266666681, 0.843137264, 0.286274523
vb0[384]+000 TEXCOORD3: 0.788235307, 0.266666681, 0.843137264, 0.286274523

vb0[385]+000 POSITION: 3.36132813, 10.71875, 0.607421875, 1
vb0[385]+008 NORMAL: 0.944881916, 0.251968503, -0.204724416, 0
vb0[385]+012 COLOR: 0.470588237, 0.145098045, 0.149019614, 0.529411793
vb0[385]+016 TEXCOORD: 0.509277344, 0.00245857239
vb0[385]+020 TEXCOORD1: 0.592773438, 0.805664063
vb0[385]+000 TEXCOORD2: 0.725490212, 0.258823544, 0.360784322, 0.286274523
vb0[385]+000 TEXCOORD3: 0.725490212, 0.258823544, 0.360784322, 0.286274523

vb0[386]+000 POSITION: 1.85546875, 11.2265625, 0.20324707, 1
vb0[386]+008 NORMAL: 0.92125982, 0.228346452, -0.314960629, 0
vb0[386]+012 COLOR: 0.470588237, 0.145098045, 0.149019614, 0.501960814
vb0[386]+016 TEXCOORD: 0.509277344, 1
vb0[386]+020 TEXCOORD1: 0.250732422, 0.968261719
vb0[386]+000 TEXCOORD2: 0.423529416, 0.247058824, 0.615686297, 0.286274523
vb0[386]+000 TEXCOORD3: 0.423529416, 0.247058824, 0.615686297, 0.286274523

vb0[387]+000 POSITION: 2.81835938, 12.125, -0.781738281, 1
vb0[387]+008 NORMAL: 0.913385808, 0.283464581, -0.283464581, 0
vb0[387]+012 COLOR: 0.470588237, 0.145098045, 0.149019614, 0.576470613
vb0[387]+016 TEXCOORD: 1, 1
vb0[387]+020 TEXCOORD1: 0.250732422, 0.968261719
vb0[387]+000 TEXCOORD2: 0.639215708, 0.254901975, 0.0627451017, 0.290196091
vb0[387]+000 TEXCOORD3: 0.639215708, 0.254901975, 0.0627451017, 0.290196091

vb0[388]+000 POSITION: 0.438964844, 12.453125, 3.07226563, 1
vb0[388]+008 NORMAL: 0.149606302, 0.259842515, 0.952755928, 0
vb0[388]+012 COLOR: 0.866666675, 0.749019623, 0.266666681, 0
vb0[388]+016 TEXCOORD: 0.509765625, 1
vb0[388]+020 TEXCOORD1: 2.97851563, 0.909179688
vb0[388]+000 TEXCOORD2: 0.0235294122, 0.215686277, 0.227450982, 0.290196091
vb0[388]+000 TEXCOORD3: 0.0235294122, 0.215686277, 0.227450982, 0.290196091

vb0[389]+000 POSITION: 1.55273438, 10.09375, 2.296875, 1
vb0[389]+008 NORMAL: 0.173228353, 0.236220479, 0.952755928, 0
vb0[389]+012 COLOR: 0.866666675, 0.749019623, 0.266666681, 0.392156869
vb0[389]+016 TEXCOORD: 0.000963687897, 0.00245857239
vb0[389]+020 TEXCOORD1: 3.22265625, 0.853027344
vb0[389]+000 TEXCOORD2: 0.211764708, 0.243137255, 0.0470588244, 0.286274523
vb0[389]+000 TEXCOORD3: 0.211764708, 0.243137255, 0.0470588244, 0.286274523

vb0[390]+000 POSITION: -0.0158691406, 11.3125, 1.11035156, 1
vb0[390]+008 NORMAL: 0.165354326, 0.244094491, 0.96062994, 0
vb0[390]+012 COLOR: 0.866666675, 0.749019623, 0.270588249, 0.501960814
vb0[390]+016 TEXCOORD: 0.509765625, 0.00245857239
vb0[390]+020 TEXCOORD1: 2.97851563, 0.909179688
vb0[390]+000 TEXCOORD2: 0.0627451017, 0.643137276, 0.65882355, 0.286274523
vb0[390]+000 TEXCOORD3: 0.0627451017, 0.643137276, 0.65882355, 0.286274523

vb0[391]+000 POSITION: 1.86816406, 11.515625, 4.27734375, 1
vb0[391]+008 NORMAL: 0.228346452, 0.259842515, 0.937007844, 0
vb0[391]+012 COLOR: 0.862745106, 0.749019623, 0.262745112, 0.749019623
vb0[391]+016 TEXCOORD: 0.000918388367, 1
vb0[391]+020 TEXCOORD1: 2.97851563, 0.909179688
vb0[391]+000 TEXCOORD2: 0.474509805, 0.247058824, 0.760784328, 0.286274523
vb0[391]+000 TEXCOORD3: 0.474509805, 0.247058824, 0.760784328, 0.286274523

vb0[392]+000 POSITION: -2.19726563, 10.03125, 2.15429688, 1
vb0[392]+008 NORMAL: -0.811023593, 0.259842515, 0.527559042, 0
vb0[392]+012 COLOR: 0.600000024, 0.396078438, 0.0196078438, 0.376470596
vb0[392]+016 TEXCOORD: 0.509765625, 1
vb0[392]+020 TEXCOORD1: 2.97851563, 0.909179688
vb0[392]+000 TEXCOORD2: 0.396078438, 0.752941191, 0.0156862754, 0.286274523
vb0[392]+000 TEXCOORD3: 0.396078438, 0.752941191, 0.0156862754, 0.286274523

vb0[393]+000 POSITION: -0.495117188, 12.5546875, 1.9609375, 1
vb0[393]+008 NORMAL: -0.755905509, 0.251968503, 0.606299222, 0
vb0[393]+012 COLOR: 0.600000024, 0.396078438, 0.0196078438, 0.56078434
vb0[393]+016 TEXCOORD: 0.000963687897, 0.00245857239
vb0[393]+020 TEXCOORD1: 2.97265625, 0.908691406
vb0[393]+000 TEXCOORD2: 0.925490201, 0.717647076, 0.278431386, 0.290196091
vb0[393]+000 TEXCOORD3: 0.925490201, 0.717647076, 0.278431386, 0.290196091

vb0[394]+000 POSITION: 0.283447266, 10.2578125, 2.87695313, 1
vb0[394]+008 NORMAL: -0.551181078, 0.228346452, 0.803149581, 0
vb0[394]+012 COLOR: 0.647058845, 0.36470589, 0.0392156877, 0.615686297
vb0[394]+016 TEXCOORD: 0.509765625, 0.00245857239
vb0[394]+020 TEXCOORD1: 3.12695313, 0.819824219
vb0[394]+000 TEXCOORD2: 0.53725493, 0.203921571, 0.129411772, 0.286274523
vb0[394]+000 TEXCOORD3: 0.53725493, 0.203921571, 0.129411772, 0.286274523

vb0[395]+000 POSITION: -2.91015625, 12.3359375, 1.74414063, 1
vb0[395]+008 NORMAL: -0.842519701, 0.251968503, 0.48031497, 0
vb0[395]+012 COLOR: 0.549019635, 0.427450985, 0.00784313772, 0.827450991
vb0[395]+016 TEXCOORD: 0.000918388367, 1
vb0[395]+020 TEXCOORD1: -0.564453125, 0.825683594
vb0[395]+000 TEXCOORD2: 0.823529422, 0.75686276, 0.168627456, 0.290196091
vb0[395]+000 TEXCOORD3: 0.823529422, 0.75686276, 0.168627456, 0.290196091

vb0[396]+000 POSITION: -0.131103516, 11.2734375, 1.67578125, 1
vb0[396]+008 NORMAL: -0.685039341, 0.330708653, 0.653543293, 0
vb0[396]+012 COLOR: 0.113725491, 0.337254912, 0.223529413, 0.345098048
vb0[396]+016 TEXCOORD: 0.509765625, 0.00245857239
vb0[396]+020 TEXCOORD1: 2.97851563, 0.909179688
vb0[396]+000 TEXCOORD2: 0.196078435, 0.690196097, 0.639215708, 0.286274523
vb0[396]+000 TEXCOORD3: 0.196078435, 0.690196097, 0.639215708, 0.286274523

vb0[397]+000 POSITION: -1.625, 12.2109375, 3.21875, 1
vb0[397]+008 NORMAL: -0.677165329, 0.425196856, 0.606299222, 0
vb0[397]+012 COLOR: 0.105882354, 0.349019617, 0.227450982, 0.545098066
vb0[397]+016 TEXCOORD: 0.000963687897, 0.00245857239
vb0[397]+020 TEXCOORD1: 2.97851563, 0.909179688
vb0[397]+000 TEXCOORD2: 0.501960814, 0.745098054, 0.105882354, 0.290196091
vb0[397]+000 TEXCOORD3: 0.501960814, 0.745098054, 0.105882354, 0.290196091

vb0[398]+000 POSITION: -0.574707031, 13.46875, 1.00390625, 1
vb0[398]+008 NORMAL: -0.708661437, 0.44094488, 0.551181078, 0
vb0[398]+012 COLOR: 0.105882354, 0.349019617, 0.227450982, 0.431372553
vb0[398]+016 TEXCOORD: 0.509765625, 1
vb0[398]+020 TEXCOORD1: -0.162109375, 0.986816406
vb0[398]+000 TEXCOORD2: 0.600000024, 0.721568644, 0.737254918, 0.290196091
vb0[398]+000 TEXCOORD3: 0.600000024, 0.721568644, 0.737254918, 0.290196091

vb0[399]+000 POSITION: -2.12304688, 14.59375, 2.7421875, 1
vb0[399]+008 NORMAL: -0.535433054, 0.511811018, 0.669291317, 0
vb0[399]+012 COLOR: 0.101960786, 0.36470589, 0.23137255, 0.725490212
vb0[399]+016 TEXCOORD: 0.000918388367, 1
vb0[399]+020 TEXCOORD1: -0.162109375, 0.986816406
vb0[399]+000 TEXCOORD2: 0.247058824, 0.752941191, 0.298039228, 0.294117659
vb0[399]+000 TEXCOORD3: 0.247058824, 0.752941191, 0.298039228, 0.294117659

vb0[400]+000 POSITION: 3.60546875, 8.3828125, 2.41992188, 1
vb0[400]+008 NORMAL: 0.755905509, 0.0944881886, 0.653543293, 0
vb0[400]+012 COLOR: 0.325490206, 0.0352941193, 0.454901963, 0.701960802
vb0[400]+016 TEXCOORD: 0.509765625, 1
vb0[400]+020 TEXCOORD1: 3.3671875, 0.819824219
vb0[400]+000 TEXCOORD2: 0.211764708, 0.262745112, 0.192156866, 0.282352954
vb0[400]+000 TEXCOORD3: 0.211764708, 0.262745112, 0.192156866, 0.282352954

vb0[401]+000 POSITION: 1.19726563, 9.203125, 3.3125, 1
vb0[401]+008 NORMAL: 0.716535449, 0.0944881886, 0.692913413, 0
vb0[401]+012 COLOR: 0.325490206, 0.0352941193, 0.454901963, 0.545098066
vb0[401]+016 TEXCOORD: 0.000963687897, 0.00245857239
vb0[401]+020 TEXCOORD1: 3.2734375, 0.826171875
vb0[401]+000 TEXCOORD2: 0.792156875, 0.235294119, 0.603921592, 0.282352954
vb0[401]+000 TEXCOORD3: 0.792156875, 0.235294119, 0.603921592, 0.282352954

vb0[402]+000 POSITION: 1.87304688, 9.140625, 1.12304688, 1
vb0[402]+008 NORMAL: 0.724409461, 0.0866141766, 0.685039341, 0
vb0[402]+012 COLOR: 0.325490206, 0.0313725509, 0.458823532, 0.58431375
vb0[402]+016 TEXCOORD: 0.509765625, 0.00245857239
vb0[402]+020 TEXCOORD1: 3.3671875, 0.819824219
vb0[402]+000 TEXCOORD2: 0.494117647, 0.247058824, 0.572549045, 0.282352954
vb0[402]+000 TEXCOORD3: 0.494117647, 0.247058824, 0.572549045, 0.282352954

vb0[403]+000 POSITION: 3.19921875, 8.3046875, 4.62109375, 1
vb0[403]+008 NORMAL: 0.622047246, 0.125984251, 0.771653533, 0
vb0[403]+012 COLOR: 0.325490206, 0.0352941193, 0.450980395, 0.662745118
vb0[403]+016 TEXCOORD: 0.000918388367, 1
vb0[403]+020 TEXCOORD1: 3.3671875, 0.819824219
vb0[403]+000 TEXCOORD2: 0.400000006, 0.258823544, 0.152941182, 0.282352954
vb0[403]+000 TEXCOORD3: 0.400000006, 0.258823544, 0.152941182, 0.282352954

vb0[404]+000 POSITION: 3.6171875, 9.8203125, 1.23828125, 1
vb0[404]+008 NORMAL: 0.889763772, 0.14173229, 0.433070868, 0
vb0[404]+012 COLOR: 0.53725493, 0.0431372561, 0.301960796, 0.313725501
vb0[404]+016 TEXCOORD: 0.509765625, 1
vb0[404]+020 TEXCOORD1: 3.38476563, 0.818359375
vb0[404]+000 TEXCOORD2: 0.235294119, 0.262745112, 0.913725495, 0.282352954
vb0[404]+000 TEXCOORD3: 0.235294119, 0.262745112, 0.913725495, 0.282352954

vb0[405]+000 POSITION: 1.47753906, 8.859375, 3.06054688, 1
vb0[405]+008 NORMAL: 0.771653533, 0.149606302, 0.614173234, 0
vb0[405]+012 COLOR: 0.53725493, 0.0431372561, 0.301960796, 0.392156869
vb0[405]+016 TEXCOORD: 0.000963687897, 0.00245857239
vb0[405]+020 TEXCOORD1: 3.3671875, 0.819824219
vb0[405]+000 TEXCOORD2: 0.913725495, 0.239215687, 0.431372553, 0.282352954
vb0[405]+000 TEXCOORD3: 0.913725495, 0.239215687, 0.431372553, 0.282352954

vb0[406]+000 POSITION: 1.13964844, 9.8046875, 0.744140625, 1
vb0[406]+008 NORMAL: 0.818897665, 0.149606302, 0.55905509, 0
vb0[406]+012 COLOR: 0.541176498, 0.0392156877, 0.305882365, 0.529411793
vb0[406]+016 TEXCOORD: 0.509765625, 0.00245857239
vb0[406]+020 TEXCOORD1: 3.22460938, 0.944824219
vb0[406]+000 TEXCOORD2: 0.56078434, 0.235294119, 0.905882359, 0.282352954
vb0[406]+000 TEXCOORD3: 0.56078434, 0.235294119, 0.905882359, 0.282352954

vb0[407]+000 POSITION: 4.02734375, 8.8671875, 3.50976563, 1
vb0[407]+008 NORMAL: 0.795275569, 0.149606302, 0.582677186, 0
vb0[407]+012 COLOR: 0.53725493, 0.0431372561, 0.301960796, 0.890196085
vb0[407]+016 TEXCOORD: 0.000918388367, 1
vb0[407]+020 TEXCOORD1: 3.3671875, 0.819824219
vb0[407]+000 TEXCOORD2: 0.0274509806, 0.266666681, 0.435294122, 0.282352954
vb0[407]+000 TEXCOORD3: 0.0274509806, 0.266666681, 0.435294122, 0.282352954

vb0[408]+000 POSITION: 2.4609375, 9.0078125, 0.789550781, 1
vb0[408]+008 NORMAL: 0.779527545, 0.0708661452, 0.622047246, 0
vb0[408]+012 COLOR: 0.20784314, 0.101960786, 0.41568628, 0.725490212
vb0[408]+016 TEXCOORD: 0.509765625, 1
vb0[408]+020 TEXCOORD1: 3.5390625, 0.80859375
vb0[408]+000 TEXCOORD2: 0.925490201, 0.250980407, 0.505882382, 0.282352954
vb0[408]+000 TEXCOORD3: 0.925490201, 0.250980407, 0.505882382, 0.282352954

vb0[409]+000 POSITION: 2.90820313, 8.1484375, 3.24609375, 1
vb0[409]+008 NORMAL: 0.771653533, 0.0787401572, 0.629921257, 0
vb0[409]+012 COLOR: 0.20784314, 0.101960786, 0.41568628, 0.156862751
vb0[409]+016 TEXCOORD: 0.000963687897, 0.00245857239
vb0[409]+020 TEXCOORD1: 3.3671875, 0.819824219
vb0[409]+000 TEXCOORD2: 0.819607854, 0.254901975, 0.0745098069, 0.282352954
vb0[409]+000 TEXCOORD3: 0.819607854, 0.254901975, 0.0745098069, 0.282352954

vb0[410]+000 POSITION: 1.27148438, 9.5546875, 2.61328125, 1
vb0[410]+008 NORMAL: 0.763779521, 0.0944881886, 0.645669281, 0
vb0[410]+012 COLOR: 0.196078435, 0.109803922, 0.419607848, 0.470588237
vb0[410]+016 TEXCOORD: 0.509765625, 0.00245857239
vb0[410]+020 TEXCOORD1: 3.21289063, 0.827636719
vb0[410]+000 TEXCOORD2: 0.0862745121, 0.239215687, 0.78039217, 0.282352954
vb0[410]+000 TEXCOORD3: 0.0862745121, 0.239215687, 0.78039217, 0.282352954

vb0[411]+000 POSITION: 4.1953125, 7.578125, 1.86425781, 1
vb0[411]+008 NORMAL: 0.795275569, 0.102362208, 0.59842521, 0
vb0[411]+012 COLOR: 0.223529413, 0.0941176489, 0.407843143, 0.75686276
vb0[411]+016 TEXCOORD: 0.000918388367, 1
vb0[411]+020 TEXCOORD1: 3.3671875, 0.819824219
vb0[411]+000 TEXCOORD2: 0.196078435, 0.266666681, 0.580392182, 0.278431386
vb0[411]+000 TEXCOORD3: 0.196078435, 0.266666681, 0.580392182, 0.278431386

vb0[412]+000 POSITION: 3.42382813, 7.74609375, 1.71875, 1
vb0[412]+008 NORMAL: 0.755905509, 0.102362208, 0.645669281, 0
vb0[412]+012 COLOR: 0.329411775, 0.0431372561, 0.615686297, 0.670588255
vb0[412]+016 TEXCOORD: 0.509765625, 1
vb0[412]+020 TEXCOORD1: 3.3671875, 0.819824219
vb0[412]+000 TEXCOORD2: 0.850980401, 0.258823544, 0.749019623, 0.278431386
vb0[412]+000 TEXCOORD3: 0.850980401, 0.258823544, 0.749019623, 0.278431386

vb0[413]+000 POSITION: 1.83886719, 8.828125, 3.66601563, 1
vb0[413]+008 NORMAL: 0.685039341, 0.102362208, 0.716535449, 0
vb0[413]+012 COLOR: 0.329411775, 0.0431372561, 0.615686297, 0.305882365
vb0[413]+016 TEXCOORD: 0.000963687897, 0.00245857239
vb0[413]+020 TEXCOORD1: 3.3671875, 0.819824219
vb0[413]+000 TEXCOORD2: 0.356862754, 0.247058824, 0.41568628, 0.282352954
vb0[413]+000 TEXCOORD3: 0.356862754, 0.247058824, 0.41568628, 0.282352954

vb0[414]+000 POSITION: 1.19433594, 8.3671875, 1.48046875, 1
vb0[414]+008 NORMAL: 0.708661437, 0.102362208, 0.692913413, 0
vb0[414]+012 COLOR: 0.356862754, 0.0431372561, 0.639215708, 0.478431374
vb0[414]+016 TEXCOORD: 0.509765625, 0.00245857239
vb0[414]+020 TEXCOORD1: 3.06640625, 0.860351563
vb0[414]+000 TEXCOORD2: 0.78039217, 0.235294119, 0.184313729, 0.282352954
vb0[414]+000 TEXCOORD3: 0.78039217, 0.235294119, 0.184313729, 0.282352954

vb0[415]+000 POSITION: 4.1484375, 7.89453125, 4.01953125, 1
vb0[415]+008 NORMAL: 0.755905509, 0.0944881886, 0.645669281, 0
vb0[415]+012 COLOR: 0.305882365, 0.0509803928, 0.592156887, 0.796078444
vb0[415]+016 TEXCOORD: 0.000918388367, 1
vb0[415]+020 TEXCOORD1: 3.3671875, 0.819824219
vb0[415]+000 TEXCOORD2: 0.149019614, 0.266666681, 0.898039222, 0.278431386
vb0[415]+000 TEXCOORD3: 0.149019614, 0.266666681, 0.898039222, 0.278431386

vb0[416]+000 POSITION: 2.796875, 5.82421875, -0.337158203, 1
vb0[416]+008 NORMAL: 0.354330719, -0.0787401572, -0.929133832, 0
vb0[416]+012 COLOR: 0.447058827, 0.325490206, 0.0352941193, 0.141176477
vb0[416]+016 TEXCOORD: 0.509765625, 1
vb0[416]+020 TEXCOORD1: 0.215942383, 0.946289063
vb0[416]+000 TEXCOORD2: 0.596078455, 0.254901975, 0.827450991, 0.270588249
vb0[416]+000 TEXCOORD3: 0.596078455, 0.254901975, 0.827450991, 0.270588249

vb0[417]+000 POSITION: 0.0388793945, 5.8125, -0.0082321167, 1
vb0[417]+008 NORMAL: 0.346456707, -0.0787401572, -0.937007844, 0
vb0[417]+012 COLOR: 0.447058827, 0.325490206, 0.0352941193, 0.298039228
vb0[417]+016 TEXCOORD: 0.000963687897, 0.00245857239
vb0[417]+020 TEXCOORD1: 2.72851563, 0.908691406
vb0[417]+000 TEXCOORD2: 0.980392158, 0.156862751, 0.815686285, 0.270588249
vb0[417]+000 TEXCOORD3: 0.980392158, 0.156862751, 0.815686285, 0.270588249

vb0[418]+000 POSITION: 1.30957031, 7.52734375, -1.02832031, 1
vb0[418]+008 NORMAL: 0.59842521, -0.125984251, -0.787401557, 0
vb0[418]+012 COLOR: 0.447058827, 0.274509817, 0.0549019612, 0.243137255
vb0[418]+016 TEXCOORD: 0.509765625, 0.00245857239
vb0[418]+020 TEXCOORD1: 0.466064453, 0.852539063
vb0[418]+000 TEXCOORD2: 0.239215687, 0.239215687, 0.529411793, 0.278431386
vb0[418]+000 TEXCOORD3: 0.239215687, 0.239215687, 0.529411793, 0.278431386

vb0[419]+000 POSITION: 1.70410156, 3.71679688, 0.309082031, 1
vb0[419]+008 NORMAL: 0.748031497, -0.11811024, -0.653543293, 0
vb0[419]+012 COLOR: 0.443137258, 0.380392164, 0.0156862754, 0.615686297
vb0[419]+016 TEXCOORD: 0.000918388367, 1
vb0[419]+020 TEXCOORD1: 3.02148438, 0.9921875
vb0[419]+000 TEXCOORD2: 0.819607854, 0.243137255, 0.435294122, 0.262745112
vb0[419]+000 TEXCOORD3: 0.819607854, 0.243137255, 0.435294122, 0.262745112

vb0[420]+000 POSITION: 1.3515625, 7.2734375, -1.61914063, 1
vb0[420]+008 NORMAL: 0.669291317, -0.0787401572, -0.732283473, 0
vb0[420]+012 COLOR: 0.396078438, 0.745098054, 0.925490201, 0.431372553
vb0[420]+016 TEXCOORD: 0.509765625, 0.00245857239
vb0[420]+020 TEXCOORD1: 0.592773438, 0.805664063
vb0[420]+000 TEXCOORD2: 0.407843143, 0.239215687, 0.274509817, 0.278431386
vb0[420]+000 TEXCOORD3: 0.407843143, 0.239215687, 0.274509817, 0.278431386

vb0[421]+000 POSITION: 0.7578125, 5.1640625, -0.553222656, 1
vb0[421]+008 NORMAL: 0.755905509, -0.102362208, -0.645669281, 0
vb0[421]+012 COLOR: 0.427450985, 0.68235296, 0.960784316, 0.654901981
vb0[421]+016 TEXCOORD: 0.000963687897, 0.00245857239
vb0[421]+020 TEXCOORD1: -0.260498047, 0.90625
vb0[421]+000 TEXCOORD2: 0.0627451017, 0.227450982, 0.164705887, 0.270588249
vb0[421]+000 TEXCOORD3: 0.0627451017, 0.227450982, 0.164705887, 0.270588249

vb0[422]+000 POSITION: 3.36523438, 6.3515625, -0.604003906, 1
vb0[422]+008 NORMAL: 0.779527545, -0.0944881886, -0.622047246, 0
vb0[422]+012 COLOR: 0.427450985, 0.68235296, 0.960784316, 0.376470596
vb0[422]+016 TEXCOORD: 0.509765625, 1
vb0[422]+020 TEXCOORD1: 3.4921875, 0.794921875
vb0[422]+000 TEXCOORD2: 0.733333349, 0.258823544, 0.352941185, 0.274509817
vb0[422]+000 TEXCOORD3: 0.733333349, 0.258823544, 0.352941185, 0.274509817

vb0[423]+000 POSITION: 2.92382813, 3.78320313, -0.040802002, 1
vb0[423]+008 NORMAL: 0.88188976, -0.181102365, -0.44094488, 0
vb0[423]+012 COLOR: 0.458823532, 0.611764729, 0.984313726, 0.921568632
vb0[423]+016 TEXCOORD: 0.000918388367, 1
vb0[423]+020 TEXCOORD1: 3.01171875, 0.744628906
vb0[423]+000 TEXCOORD2: 0.850980401, 0.254901975, 0.568627477, 0.262745112
vb0[423]+000 TEXCOORD3: 0.850980401, 0.254901975, 0.568627477, 0.262745112

vb0[424]+000 POSITION: 0.339355469, 7.05078125, -0.555175781, 1
vb0[424]+008 NORMAL: -0.283464581, -0.0866141766, -0.952755928, 0
vb0[424]+012 COLOR: 0.905882359, 0.223529413, 0.396078438, 0.552941203
vb0[424]+016 TEXCOORD: 0.509765625, 0.00245857239
vb0[424]+020 TEXCOORD1: 3.24804688, 0.91796875
vb0[424]+000 TEXCOORD2: 0.431372553, 0.20784314, 0.0509803928, 0.278431386
vb0[424]+000 TEXCOORD3: 0.431372553, 0.20784314, 0.0509803928, 0.278431386

vb0[425]+000 POSITION: -0.8125, 5.19140625, -0.114135742, 1
vb0[425]+008 NORMAL: -0.385826766, -0.0944881886, -0.92125982, 0
vb0[425]+012 COLOR: 0.925490201, 0.254901975, 0.411764711, 0.529411793
vb0[425]+016 TEXCOORD: 0.000963687897, 0.00245857239
vb0[425]+020 TEXCOORD1: 2.69335938, 0.887695313
vb0[425]+000 TEXCOORD2: 0.501960814, 0.729411781, 0.192156866, 0.270588249
vb0[425]+000 TEXCOORD3: 0.501960814, 0.729411781, 0.192156866, 0.270588249

vb0[426]+000 POSITION: -0.619628906, 6.3671875, -2.45117188, 1
vb0[426]+008 NORMAL: -0.322834641, -0.0787401572, -0.944881916, 0
vb0[426]+012 COLOR: 0.925490201, 0.254901975, 0.411764711, 0.282352954
vb0[426]+016 TEXCOORD: 0.509765625, 1
vb0[426]+020 TEXCOORD1: 0.0800170898, 0.996582031
vb0[426]+000 TEXCOORD2: 0.960784316, 0.721568644, 0.368627459, 0.274509817
vb0[426]+000 TEXCOORD3: 0.960784316, 0.721568644, 0.368627459, 0.274509817

vb0[427]+000 POSITION: -1.7265625, 3.99023438, -2.20117188, 1
vb0[427]+008 NORMAL: -0.535433054, -0.133858263, -0.834645689, 0
vb0[427]+012 COLOR: 0.945098042, 0.286274523, 0.427450985, 0.874509811
vb0[427]+016 TEXCOORD: 0.000918388367, 1
vb0[427]+020 TEXCOORD1: 0.0800170898, 0.996582031
vb0[427]+000 TEXCOORD2: 0.909803927, 0.745098054, 0.984313726, 0.262745112
vb0[427]+000 TEXCOORD3: 0.909803927, 0.745098054, 0.984313726, 0.262745112

vb0[428]+000 POSITION: -1.08886719, 4.91015625, 0.131591797, 1
vb0[428]+008 NORMAL: -0.0314960629, -0.165354326, 0.984251976, 0
vb0[428]+012 COLOR: 0.427450985, 0.0666666701, 0.737254918, 0.282352954
vb0[428]+016 TEXCOORD: 0.509765625, 1
vb0[428]+020 TEXCOORD1: 2.54882813, 0.717285156
vb0[428]+000 TEXCOORD2: 0.356862754, 0.737254918, 0.913725495, 0.266666681
vb0[428]+000 TEXCOORD3: 0.356862754, 0.737254918, 0.913725495, 0.266666681

vb0[429]+000 POSITION: 0.894042969, 5.69140625, 2.15820313, 1
vb0[429]+008 NORMAL: -0.0236220472, -0.11023622, 0.992125988, 0
vb0[429]+012 COLOR: 0.427450985, 0.0666666701, 0.737254918, 0.274509817
vb0[429]+016 TEXCOORD: 0.000963687897, 0.00245857239
vb0[429]+020 TEXCOORD1: 3.01171875, 0.744628906
vb0[429]+000 TEXCOORD2: 0.152941182, 0.23137255, 0.694117665, 0.270588249
vb0[429]+000 TEXCOORD3: 0.152941182, 0.23137255, 0.694117665, 0.270588249

vb0[430]+000 POSITION: -1.58886719, 5.6484375, 2.47070313, 1
vb0[430]+008 NORMAL: -0.346456707, -0.173228353, 0.92125982, 0
vb0[430]+012 COLOR: 0.529411793, 0.0274509806, 0.654901981, 0.0235294122
vb0[430]+016 TEXCOORD: 0.509765625, 0.00245857239
vb0[430]+020 TEXCOORD1: 2.20117188, 0.397705078
vb0[430]+000 TEXCOORD2: 0.356862754, 0.745098054, 0.650980413, 0.270588249
vb0[430]+000 TEXCOORD3: 0.356862754, 0.745098054, 0.650980413, 0.270588249

vb0[431]+000 POSITION: 0.910644531, 4.10546875, 0.272705078, 1
vb0[431]+008 NORMAL: -0.40157479, -0.236220479, 0.88188976, 0
vb0[431]+012 COLOR: 0.333333343, 0.137254909, 0.80392158, 0.58431375
vb0[431]+016 TEXCOORD: 0.000918388367, 1
vb0[431]+020 TEXCOORD1: 3.02148438, 0.9921875
vb0[431]+000 TEXCOORD2: 0.286274523, 0.23137255, 0.105882354, 0.266666681
vb0[431]+000 TEXCOORD3: 0.286274523, 0.23137255, 0.105882354, 0.266666681

vb0[432]+000 POSITION: 2.7265625, 6.703125, 1.22949219, 1
vb0[432]+008 NORMAL: 0.952755928, -0.0472440943, 0.291338593, 0
vb0[432]+012 COLOR: 0.337254912, 0.623529434, 0.0431372561, 0.203921571
vb0[432]+016 TEXCOORD: 0.509765625, 0.00245857239
vb0[432]+020 TEXCOORD1: 3.27734375, 0.80078125
vb0[432]+000 TEXCOORD2: 0.454901963, 0.254901975, 0.70588237, 0.274509817
vb0[432]+000 TEXCOORD3: 0.454901963, 0.254901975, 0.70588237, 0.274509817

vb0[433]+000 POSITION: 1.99902344, 4.30859375, 0.842285156, 1
vb0[433]+008 NORMAL: 0.763779521, -0.0944881886, 0.629921257, 0
vb0[433]+012 COLOR: 0.298039228, 0.588235319, 0.0509803928, 0.670588255
vb0[433]+016 TEXCOORD: 0.000963687897, 0.00245857239
vb0[433]+020 TEXCOORD1: 3.01171875, 0.762695313
vb0[433]+000 TEXCOORD2: 1, 0.247058824, 0.309803933, 0.266666681
vb0[433]+000 TEXCOORD3: 1, 0.247058824, 0.309803933, 0.266666681

vb0[434]+000 POSITION: 0.335449219, 6.47265625, 2.0234375, 1
vb0[434]+008 NORMAL: 0.692913413, -0.0708661452, 0.716535449, 0
vb0[434]+012 COLOR: 0.298039228, 0.588235319, 0.0509803928, 0.305882365
vb0[434]+016 TEXCOORD: 0.509765625, 1
vb0[434]+020 TEXCOORD1: 3.13085938, 0.770019531
vb0[434]+000 TEXCOORD2: 0.368627459, 0.20784314, 0.474509805, 0.274509817
vb0[434]+000 TEXCOORD3: 0.368627459, 0.20784314, 0.474509805, 0.274509817

vb0[435]+000 POSITION: 0.162475586, 3.49804688, 1.75488281, 1
vb0[435]+008 NORMAL: 0.732283473, -0.102362208, 0.669291317, 0
vb0[435]+012 COLOR: 0.258823544, 0.552941203, 0.0627451017, 0.75686276
vb0[435]+016 TEXCOORD: 0.000918388367, 1
vb0[435]+020 TEXCOORD1: 2.20117188, 0.397705078
vb0[435]+000 TEXCOORD2: 0.200000003, 0.192156866, 1, 0.258823544
vb0[435]+000 TEXCOORD3: 0.200000003, 0.192156866, 1, 0.258823544

vb0[436]+000 POSITION: 1.9140625, 7.96484375, -1.18066406, 1
vb0[436]+008 NORMAL: 0.716535449, -0.0314960629, -0.700787425, 0
vb0[436]+012 COLOR: 0.611764729, 0.392156869, 0.97647059, 0.56078434
vb0[436]+016 TEXCOORD: 0.509765625, 0.00245857239
vb0[436]+020 TEXCOORD1: 0.592773438, 0.805664063
vb0[436]+000 TEXCOORD2: 0.65882355, 0.247058824, 0.968627453, 0.278431386
vb0[436]+000 TEXCOORD3: 0.65882355, 0.247058824, 0.968627453, 0.278431386

vb0[437]+000 POSITION: 0.322265625, 6.3515625, -1.17578125, 1
vb0[437]+008 NORMAL: 0.629921257, -0.0314960629, -0.771653533, 0
vb0[437]+012 COLOR: 0.607843161, 0.372549027, 0.972549021, 0.654901981
vb0[437]+016 TEXCOORD: 0.000963687897, 0.00245857239
vb0[437]+020 TEXCOORD1: 0.0800170898, 0.996582031
vb0[437]+000 TEXCOORD2: 0.156862751, 0.20784314, 0.352941185, 0.274509817
vb0[437]+000 TEXCOORD3: 0.156862751, 0.20784314, 0.352941185, 0.274509817

vb0[438]+000 POSITION: 2.87890625, 6.02734375, -1.84375, 1
vb0[438]+008 NORMAL: 0.661417305, -0.0314960629, -0.748031497, 0
vb0[438]+012 COLOR: 0.607843161, 0.372549027, 0.972549021, 0.188235298
vb0[438]+016 TEXCOORD: 0.509765625, 1
vb0[438]+020 TEXCOORD1: 0.481689453, 0.846679688
vb0[438]+000 TEXCOORD2: 0.760784328, 0.254901975, 0.0274509806, 0.274509817
vb0[438]+000 TEXCOORD3: 0.760784328, 0.254901975, 0.0274509806, 0.274509817

vb0[439]+000 POSITION: 1.61035156, 4.109375, -2.17773438, 1
vb0[439]+008 NORMAL: 0.606299222, -0.0866141766, -0.787401557, 0
vb0[439]+012 COLOR: 0.603921592, 0.349019617, 0.964705884, 0.835294127
vb0[439]+016 TEXCOORD: 0.000918388367, 1
vb0[439]+020 TEXCOORD1: 0.0800170898, 0.996582031
vb0[439]+000 TEXCOORD2: 0.443137258, 0.243137255, 0.109803922, 0.266666681
vb0[439]+000 TEXCOORD3: 0.443137258, 0.243137255, 0.109803922, 0.266666681

vb0[440]+000 POSITION: -0.743164063, 6.39453125, -1.29101563, 1
vb0[440]+008 NORMAL: 0.188976377, -0.0472440943, -0.976377964, 0
vb0[440]+012 COLOR: 0.533333361, 0.247058824, 0.929411769, 0.501960814
vb0[440]+016 TEXCOORD: 0.509765625, 1
vb0[440]+020 TEXCOORD1: -0.101928711, 0.948242188
vb0[440]+000 TEXCOORD2: 0.949019611, 0.725490212, 0.396078438, 0.274509817
vb0[440]+000 TEXCOORD3: 0.949019611, 0.725490212, 0.396078438, 0.274509817

vb0[441]+000 POSITION: 2.32617188, 6.4453125, -1.49804688, 1
vb0[441]+008 NORMAL: 0.212598428, -0.05511811, -0.976377964, 0
vb0[441]+012 COLOR: 0.533333361, 0.247058824, 0.929411769, 0
vb0[441]+016 TEXCOORD: 0.000963687897, 0.00245857239
vb0[441]+020 TEXCOORD1: 0.541992188, 0.82421875
vb0[441]+000 TEXCOORD2: 0.654901981, 0.250980407, 0.447058827, 0.274509817
vb0[441]+000 TEXCOORD3: 0.654901981, 0.250980407, 0.447058827, 0.274509817

vb0[442]+000 POSITION: 0.833496094, 8.2421875, -0.31640625, 1
vb0[442]+008 NORMAL: 0.196850389, -0.0314960629, -0.976377964, 0
vb0[442]+012 COLOR: 0.533333361, 0.247058824, 0.929411769, 0.501960814
vb0[442]+016 TEXCOORD: 0.509765625, 0.00245857239
vb0[442]+020 TEXCOORD1: 0.379150391, 0.907226563
vb0[442]+000 TEXCOORD2: 0.670588255, 0.227450982, 0.121568628, 0.282352954
vb0[442]+000 TEXCOORD3: 0.670588255, 0.227450982, 0.121568628, 0.282352954

vb0[443]+000 POSITION: 0.839355469, 4.3515625, -2.59570313, 1
vb0[443]+008 NORMAL: 0.165354326, -0.0629921257, -0.984251976, 0
vb0[443]+012 COLOR: 0.533333361, 0.250980407, 0.933333337, 0.749019623
vb0[443]+016 TEXCOORD: 0.000918388367, 1
vb0[443]+020 TEXCOORD1: 0.0800170898, 0.996582031
vb0[443]+000 TEXCOORD2: 0.717647076, 0.227450982, 0.352941185, 0.266666681
vb0[443]+000 TEXCOORD3: 0.717647076, 0.227450982, 0.352941185, 0.266666681

vb0[444]+000 POSITION: 0.0203704834, 6.6875, -1.33984375, 1
vb0[444]+008 NORMAL: 0.204724416, -0.00787401572, -0.976377964, 0
vb0[444]+012 COLOR: 0.619607866, 0.164705887, 0.850980401, 0.662745118
vb0[444]+016 TEXCOORD: 0.509765625, 1
vb0[444]+020 TEXCOORD1: 0.248901367, 0.93359375
vb0[444]+000 TEXCOORD2: 0.215686277, 0.145098045, 0.690196097, 0.274509817
vb0[444]+000 TEXCOORD3: 0.215686277, 0.145098045, 0.690196097, 0.274509817

vb0[445]+000 POSITION: 2.22460938, 5.9921875, -2.7578125, 1
vb0[445]+008 NORMAL: 0.157480314, -0.0314960629, -0.984251976, 0
vb0[445]+012 COLOR: 0.619607866, 0.164705887, 0.850980401, 0.701960802
vb0[445]+016 TEXCOORD: 0.000963687897, 0.00245857239
vb0[445]+020 TEXCOORD1: 0.200805664, 0.951660156
vb0[445]+000 TEXCOORD2: 0.450980395, 0.250980407, 0.996078432, 0.270588249
vb0[445]+000 TEXCOORD3: 0.450980395, 0.250980407, 0.996078432, 0.270588249

vb0[446]+000 POSITION: 2.12890625, 7.58984375, -1.09667969, 1
vb0[446]+008 NORMAL: 0.740157485, 0.0236220472, -0.677165329, 0
vb0[446]+012 COLOR: 0.607843161, 0.152941182, 0.843137264, 0.258823544
vb0[446]+016 TEXCOORD: 0.509765625, 0.00245857239
vb0[446]+020 TEXCOORD1: 0.413330078, 0.872558594
vb0[446]+000 TEXCOORD2: 0.258823544, 0.250980407, 0.592156887, 0.278431386
vb0[446]+000 TEXCOORD3: 0.258823544, 0.250980407, 0.592156887, 0.278431386

vb0[447]+000 POSITION: 0.520507813, 4.6796875, -3.2890625, 1
vb0[447]+008 NORMAL: 0.55905509, -0.0787401572, -0.826771677, 0
vb0[447]+012 COLOR: 0.631372571, 0.180392161, 0.862745106, 0.607843161
vb0[447]+016 TEXCOORD: 0.000918388367, 1
vb0[447]+020 TEXCOORD1: 0.0800170898, 0.996582031
vb0[447]+000 TEXCOORD2: 0.164705887, 0.219607845, 0.68235296, 0.266666681
vb0[447]+000 TEXCOORD3: 0.164705887, 0.219607845, 0.68235296, 0.266666681

vb0[448]+000 POSITION: -1.12597656, 6.828125, -0.740722656, 1
vb0[448]+008 NORMAL: -0.0629921257, -0.0787401572, -0.992125988, 0
vb0[448]+012 COLOR: 0.75686276, 0.31764707, 0.890196085, 0.725490212
vb0[448]+016 TEXCOORD: 0.509765625, 1
vb0[448]+020 TEXCOORD1: -0.294189453, 0.897460938
vb0[448]+000 TEXCOORD2: 0.505882382, 0.737254918, 0.831372559, 0.274509817
vb0[448]+000 TEXCOORD3: 0.505882382, 0.737254918, 0.831372559, 0.274509817

vb0[449]+000 POSITION: 0.564453125, 5.3984375, -2.52929688, 1
vb0[449]+008 NORMAL: -0.0472440943, -0.0866141766, -0.992125988, 0
vb0[449]+012 COLOR: 0.75686276, 0.31764707, 0.890196085, 0.4627451
vb0[449]+016 TEXCOORD: 0.000963687897, 0.00245857239
vb0[449]+020 TEXCOORD1: 0.0800170898, 0.996582031
vb0[449]+000 TEXCOORD2: 0.517647088, 0.219607845, 0.400000006, 0.270588249
vb0[449]+000 TEXCOORD3: 0.517647088, 0.219607845, 0.400000006, 0.270588249

vb0[450]+000 POSITION: 0.895507813, 7.671875, -1.77148438, 1
vb0[450]+008 NORMAL: 0, -0.0708661452, -1, 0
vb0[450]+012 COLOR: 0.768627465, 0.333333343, 0.886274517, 0.431372553
vb0[450]+016 TEXCOORD: 0.509765625, 0.00245857239
vb0[450]+020 TEXCOORD1: 0.474853516, 0.849609375
vb0[450]+000 TEXCOORD2: 0.164705887, 0.23137255, 0.674509823, 0.278431386
vb0[450]+000 TEXCOORD3: 0.164705887, 0.23137255, 0.674509823, 0.278431386

vb0[451]+000 POSITION: -1.29296875, 4.17578125, -1.98242188, 1
vb0[451]+008 NORMAL: -0.385826766, -0.0866141766, -0.92125982, 0
vb0[451]+012 COLOR: 0.745098054, 0.301960796, 0.890196085, 0.545098066
vb0[451]+016 TEXCOORD: 0.000918388367, 1
vb0[451]+020 TEXCOORD1: 0.0800170898, 0.996582031
vb0[451]+000 TEXCOORD2: 0.172549024, 0.741176486, 0.176470593, 0.266666681
vb0[451]+000 TEXCOORD3: 0.172549024, 0.741176486, 0.176470593, 0.266666681

vb0[452]+000 POSITION: 1.07617188, 6.37890625, 1.35546875, 1
vb0[452]+008 NORMAL: 0.425196856, -0.0472440943, 0.905511796, 0
vb0[452]+012 COLOR: 0.0156862754, 0.372549027, 0.525490224, 0.552941203
vb0[452]+016 TEXCOORD: 0.509765625, 1
vb0[452]+020 TEXCOORD1: 3.30859375, 0.849121094
vb0[452]+000 TEXCOORD2: 0.305882365, 0.235294119, 0.380392164, 0.274509817
vb0[452]+000 TEXCOORD3: 0.305882365, 0.235294119, 0.380392164, 0.274509817

vb0[453]+000 POSITION: 1.11621094, 6.82421875, 4.375, 1
vb0[453]+008 NORMAL: 0.283464581, -0.05511811, 0.96062994, 0
vb0[453]+012 COLOR: 0.0156862754, 0.372549027, 0.525490224, 0.321568638
vb0[453]+016 TEXCOORD: 0.000963687897, 0.00245857239
vb0[453]+020 TEXCOORD1: 3.01171875, 0.744628906
vb0[453]+000 TEXCOORD2: 0.466666669, 0.235294119, 0.827450991, 0.274509817
vb0[453]+000 TEXCOORD3: 0.466666669, 0.235294119, 0.827450991, 0.274509817

vb0[454]+000 POSITION: 0.518066406, 8.6015625, 2.578125, 1
vb0[454]+008 NORMAL: 0.299212605, -0.0472440943, 0.952755928, 0
vb0[454]+012 COLOR: 0.0196078438, 0.36470589, 0.525490224, 0.321568638
vb0[454]+016 TEXCOORD: 0.509765625, 0.00245857239
vb0[454]+020 TEXCOORD1: 2.98632813, 0.864257813
vb0[454]+000 TEXCOORD2: 0.145098045, 0.219607845, 0.301960796, 0.282352954
vb0[454]+000 TEXCOORD3: 0.145098045, 0.219607845, 0.301960796, 0.282352954

vb0[455]+000 POSITION: 1.66601563, 4.44140625, 3.5390625, 1
vb0[455]+008 NORMAL: 0.299212605, -0.0629921257, 0.952755928, 0
vb0[455]+012 COLOR: 0.0156862754, 0.380392164, 0.525490224, 0.545098066
vb0[455]+016 TEXCOORD: 0.000918388367, 1
vb0[455]+020 TEXCOORD1: 3.01171875, 0.744628906
vb0[455]+000 TEXCOORD2: 0.666666687, 0.243137255, 0.443137258, 0.266666681
vb0[455]+000 TEXCOORD3: 0.666666687, 0.243137255, 0.443137258, 0.266666681

vb0[456]+000 POSITION: 0.00847625732, 7.234375, 2.10546875, 1
vb0[456]+008 NORMAL: 0.543307066, 0.653543293, -0.527559042, 0
vb0[456]+012 COLOR: 0.988235295, 0.396078438, 0.517647088, 0.141176477
vb0[456]+016 TEXCOORD: 0.509765625, 0.00245857239
vb0[456]+020 TEXCOORD1: 3.00976563, 0.745117188
vb0[456]+000 TEXCOORD2: 0.34117648, 0.125490203, 0.235294119, 0.278431386
vb0[456]+000 TEXCOORD3: 0.34117648, 0.125490203, 0.235294119, 0.278431386

vb0[457]+000 POSITION: 0.720214844, 9.8515625, -2.49023438, 1
vb0[457]+008 NORMAL: 0.874015749, 0.44094488, 0.204724416, 0
vb0[457]+012 COLOR: 0.988235295, 0.392156869, 0.517647088, 0.376470596
vb0[457]+016 TEXCOORD: 0.000963687897, 0.00245857239
vb0[457]+020 TEXCOORD1: 0.391845703, 0.836914063
vb0[457]+000 TEXCOORD2: 0.764705896, 0.223529413, 0.929411769, 0.282352954
vb0[457]+000 TEXCOORD3: 0.764705896, 0.223529413, 0.929411769, 0.282352954

vb0[458]+000 POSITION: 1.04882813, 12.359375, 3.17578125, 1
vb0[458]+008 NORMAL: 0.653543293, 0.448818892, 0.606299222, 0
vb0[458]+012 COLOR: 0.988235295, 0.392156869, 0.517647088, 0.360784322
vb0[458]+016 TEXCOORD: 0.509765625, 1
vb0[458]+020 TEXCOORD1: 2.97851563, 0.909179688
vb0[458]+000 TEXCOORD2: 0.196078435, 0.235294119, 0.180392161, 0.290196091
vb0[458]+000 TEXCOORD3: 0.196078435, 0.235294119, 0.180392161, 0.290196091

vb0[459]+000 POSITION: 1.61230469, 14.1171875, -0.97265625, 1
vb0[459]+008 NORMAL: 0.0866141766, 0.724409461, -0.685039341, 0
vb0[459]+012 COLOR: 0.988235295, 0.392156869, 0.521568656, 0.298039228
vb0[459]+016 TEXCOORD: 0.000918388367, 1
vb0[459]+020 TEXCOORD1: 0.250732422, 0.968261719
vb0[459]+000 TEXCOORD2: 0.450980395, 0.243137255, 0.0588235296, 0.294117659
vb0[459]+000 TEXCOORD3: 0.450980395, 0.243137255, 0.0588235296, 0.294117659

vb0[460]+000 POSITION: 2.92382813, 10.671875, 2.296875, 1
vb0[460]+008 NORMAL: 0.818897665, 0.275590539, 0.503937006, 0
vb0[460]+012 COLOR: 0.180392161, 0.156862751, 0.674509823, 0.384313732
vb0[460]+016 TEXCOORD: 0.509765625, 1
vb0[460]+020 TEXCOORD1: 3.3515625, 0.838378906
vb0[460]+000 TEXCOORD2: 0.850980401, 0.254901975, 0.337254912, 0.286274523
vb0[460]+000 TEXCOORD3: 0.850980401, 0.254901975, 0.337254912, 0.286274523

vb0[461]+000 POSITION: 1.03710938, 11.9375, 1.29589844, 1
vb0[461]+008 NORMAL: 0.771653533, 0.307086617, 0.551181078, 0
vb0[461]+012 COLOR: 0.180392161, 0.156862751, 0.674509823, 0.600000024
vb0[461]+016 TEXCOORD: 0.000963687897, 0.00245857239
vb0[461]+020 TEXCOORD1: 3.1171875, 0.94140625
vb0[461]+000 TEXCOORD2: 0.149019614, 0.235294119, 0.972549021, 0.286274523
vb0[461]+000 TEXCOORD3: 0.149019614, 0.235294119, 0.972549021, 0.286274523

vb0[462]+000 POSITION: 2.26757813, 10.546875, 0.291503906, 1
vb0[462]+008 NORMAL: 0.968503952, 0.22047244, 0.125984251, 0
vb0[462]+012 COLOR: 0.184313729, 0.13333334, 0.627451003, 0.56078434
vb0[462]+016 TEXCOORD: 0.509765625, 0.00245857239
vb0[462]+020 TEXCOORD1: 0.293945313, 0.947753906
vb0[462]+000 TEXCOORD2: 0.53725493, 0.250980407, 0.274509817, 0.286274523
vb0[462]+000 TEXCOORD3: 0.53725493, 0.250980407, 0.274509817, 0.286274523

vb0[463]+000 POSITION: 2.0859375, 12.1484375, 3.15820313, 1
vb0[463]+008 NORMAL: 0.622047246, 0.291338593, 0.724409461, 0
vb0[463]+012 COLOR: 0.176470593, 0.188235298, 0.717647076, 0.631372571
vb0[463]+016 TEXCOORD: 0.000918388367, 1
vb0[463]+020 TEXCOORD1: 2.97851563, 0.909179688
vb0[463]+000 TEXCOORD2: 0.172549024, 0.250980407, 0.0745098069, 0.290196091
vb0[463]+000 TEXCOORD3: 0.172549024, 0.250980407, 0.0745098069, 0.290196091

vb0[464]+000 POSITION: 1.04003906, 14.09375, 1.17578125, 1
vb0[464]+008 NORMAL: 0.181102365, 0.724409461, 0.669291317, 0
vb0[464]+012 COLOR: 0.603921592, 0.0235294122, 0.388235301, 0.156862751
vb0[464]+016 TEXCOORD: 0.509765625, 1
vb0[464]+020 TEXCOORD1: 2.85546875, 0.9765625
vb0[464]+000 TEXCOORD2: 0.160784319, 0.235294119, 0.0470588244, 0.294117659
vb0[464]+000 TEXCOORD3: 0.160784319, 0.235294119, 0.0470588244, 0.294117659

vb0[465]+000 POSITION: -0.900390625, 13.2890625, 2.74609375, 1
vb0[465]+008 NORMAL: 0.181102365, 0.724409461, 0.669291317, 0
vb0[465]+012 COLOR: 0.603921592, 0.0235294122, 0.388235301, 0.250980407
vb0[465]+016 TEXCOORD: 0.000963687897, 0.00245857239
vb0[465]+020 TEXCOORD1: 2.97851563, 0.909179688
vb0[465]+000 TEXCOORD2: 0.203921571, 0.733333349, 0.647058845, 0.290196091
vb0[465]+000 TEXCOORD3: 0.203921571, 0.733333349, 0.647058845, 0.290196091

vb0[466]+000 POSITION: -1.14160156, 14.2421875, 0.745117188, 1
vb0[466]+008 NORMAL: -0.228346452, 0.826771677, 0.511811018, 0
vb0[466]+012 COLOR: 0.509803951, 0.0509803928, 0.282352954, 0.41568628
vb0[466]+016 TEXCOORD: 0.509765625, 0.00245857239
vb0[466]+020 TEXCOORD1: -0.162109375, 0.986816406
vb0[466]+000 TEXCOORD2: 0.568627477, 0.737254918, 0.121568628, 0.294117659
vb0[466]+000 TEXCOORD3: 0.568627477, 0.737254918, 0.121568628, 0.294117659

vb0[467]+000 POSITION: 0.903808594, 14.03125, 3.14257813, 1
vb0[467]+008 NORMAL: 0.291338593, 0.637795269, 0.716535449, 0
vb0[467]+012 COLOR: 0.690196097, 0.0392156877, 0.501960814, 0.4627451
vb0[467]+016 TEXCOORD: 0.000918388367, 1
vb0[467]+020 TEXCOORD1: 2.97851563, 0.909179688
vb0[467]+000 TEXCOORD2: 0.23137255, 0.23137255, 0.0156862754, 0.294117659
vb0[467]+000 TEXCOORD3: 0.23137255, 0.23137255, 0.0156862754, 0.294117659

vb0[468]+000 POSITION: -0.582519531, 13.4453125, 2.64257813, 1
vb0[468]+008 NORMAL: -0.59842521, 0.582677186, 0.543307066, 0
vb0[468]+012 COLOR: 0.447058827, 0.00784313772, 0.556862772, 0.447058827
vb0[468]+016 TEXCOORD: 0.509765625, 1
vb0[468]+020 TEXCOORD1: 2.96289063, 0.916992188
vb0[468]+000 TEXCOORD2: 0.662745118, 0.721568644, 0.725490212, 0.290196091
vb0[468]+000 TEXCOORD3: 0.662745118, 0.721568644, 0.725490212, 0.290196091

vb0[469]+000 POSITION: -1.86425781, 13.2890625, 0.122070313, 1
vb0[469]+008 NORMAL: -0.708661437, 0.551181078, 0.433070868, 0
vb0[469]+012 COLOR: 0.447058827, 0.00784313772, 0.556862772, 0.513725519
vb0[469]+016 TEXCOORD: 0.000963687897, 0.00245857239
vb0[469]+020 TEXCOORD1: -0.417480469, 0.884277344
vb0[469]+000 TEXCOORD2: 0.458823532, 0.749019623, 0.647058845, 0.290196091
vb0[469]+000 TEXCOORD3: 0.458823532, 0.749019623, 0.647058845, 0.290196091

vb0[470]+000 POSITION: 0.509765625, 13.4375, 0.495849609, 1
vb0[470]+008 NORMAL: -0.653543293, 0.59842521, 0.456692904, 0
vb0[470]+012 COLOR: 0.529411793, 0, 0.517647088, 0.529411793
vb0[470]+016 TEXCOORD: 0.509765625, 0.00245857239
vb0[470]+020 TEXCOORD1: 0.0248718262, 0.978515625
vb0[470]+000 TEXCOORD2: 0.0784313753, 0.219607845, 0.721568644, 0.290196091
vb0[470]+000 TEXCOORD3: 0.0784313753, 0.219607845, 0.721568644, 0.290196091

vb0[471]+000 POSITION: -2.83984375, 14.0078125, 2.20117188, 1
vb0[471]+008 NORMAL: -0.716535449, 0.622047246, 0.314960629, 0
vb0[471]+012 COLOR: 0.36470589, 0.0274509806, 0.596078455, 0.905882359
vb0[471]+016 TEXCOORD: 0.000918388367, 1
vb0[471]+020 TEXCOORD1: -0.162109375, 0.986816406
vb0[471]+000 TEXCOORD2: 0.68235296, 0.75686276, 0.00392156886, 0.294117659
vb0[471]+000 TEXCOORD3: 0.68235296, 0.75686276, 0.00392156886, 0.294117659

vb0[472]+000 POSITION: 3.33203125, 14.078125, 0.862792969, 1
vb0[472]+008 NORMAL: -0.22047244, 0.779527545, 0.590551198, 0
vb0[472]+012 COLOR: 0.666666687, 0.0705882385, 0.301960796, 0.827450991
vb0[472]+016 TEXCOORD: 0.509765625, 0.00245857239
vb0[472]+020 TEXCOORD1: 0.250732422, 0.968261719
vb0[472]+000 TEXCOORD2: 0.666666687, 0.258823544, 0.0392156877, 0.294117659
vb0[472]+000 TEXCOORD3: 0.666666687, 0.258823544, 0.0392156877, 0.294117659

vb0[473]+000 POSITION: 0.366943359, 11.8671875, 3.14648438, 1
vb0[473]+008 NORMAL: 0.283464581, 0.590551198, 0.755905509, 0
vb0[473]+012 COLOR: 0.615686297, 0.0549019612, 0.301960796, 0.227450982
vb0[473]+016 TEXCOORD: 0.000963687897, 0.00245857239
vb0[473]+020 TEXCOORD1: 2.97851563, 0.909179688
vb0[473]+000 TEXCOORD2: 0.874509811, 0.20784314, 0.937254906, 0.286274523
vb0[473]+000 TEXCOORD3: 0.874509811, 0.20784314, 0.937254906, 0.286274523

vb0[474]+000 POSITION: -0.303222656, 13.765625, -1.50195313, 1
vb0[474]+008 NORMAL: 0.464566916, 0.637795269, 0.614173234, 0
vb0[474]+012 COLOR: 0.615686297, 0.0549019612, 0.301960796, 0.647058845
vb0[474]+016 TEXCOORD: 0.509765625, 1
vb0[474]+020 TEXCOORD1: -0.162109375, 0.986816406
vb0[474]+000 TEXCOORD2: 0.854901969, 0.70588237, 0.886274517, 0.290196091
vb0[474]+000 TEXCOORD3: 0.854901969, 0.70588237, 0.886274517, 0.290196091

vb0[475]+000 POSITION: -2.42382813, 12.484375, 0.839355469, 1
vb0[475]+008 NORMAL: -0.362204731, 0.755905509, 0.551181078, 0
vb0[475]+012 COLOR: 0.56078434, 0.0431372561, 0.305882365, 0.654901981
vb0[475]+016 TEXCOORD: 0.000918388367, 1
vb0[475]+020 TEXCOORD1: -0.564453125, 0.825683594
vb0[475]+000 TEXCOORD2: 0.850980401, 0.752941191, 0.243137255, 0.290196091
vb0[475]+000 TEXCOORD3: 0.850980401, 0.752941191, 0.243137255, 0.290196091

vb0[476]+000 POSITION: -2.30664063, 11.453125, 0.289550781, 1
vb0[476]+008 NORMAL: -0.897637784, 0.173228353, -0.40157479, 0
vb0[476]+012 COLOR: 0.278431386, 0.662745118, 0.0823529437, 0.407843143
vb0[476]+016 TEXCOORD: 0.509765625, 0.00245857239
vb0[476]+020 TEXCOORD1: -0.564453125, 0.825683594
vb0[476]+000 TEXCOORD2: 0.615686297, 0.752941191, 0.729411781, 0.286274523
vb0[476]+000 TEXCOORD3: 0.615686297, 0.752941191, 0.729411781, 0.286274523

vb0[477]+000 POSITION: -0.241943359, 10.8046875, -1.06152344, 1
vb0[477]+008 NORMAL: -0.905511796, 0.149606302, -0.393700778, 0
vb0[477]+012 COLOR: 0.250980407, 0.70588237, 0.117647059, 0.211764708
vb0[477]+016 TEXCOORD: 0.000963687897, 0.00245857239
vb0[477]+020 TEXCOORD1: -0.0184936523, 0.920898438
vb0[477]+000 TEXCOORD2: 0.745098054, 0.701960802, 0.403921574, 0.286274523
vb0[477]+000 TEXCOORD3: 0.745098054, 0.701960802, 0.403921574, 0.286274523

vb0[478]+000 POSITION: -2.59960938, 9.046875, -0.489501953, 1
vb0[478]+008 NORMAL: -0.913385808, 0.157480314, -0.377952754, 0
vb0[478]+012 COLOR: 0.250980407, 0.70588237, 0.117647059, 0.345098048
vb0[478]+016 TEXCOORD: 0.509765625, 1
vb0[478]+020 TEXCOORD1: -0.564453125, 0.825683594
vb0[478]+000 TEXCOORD2: 0.200000003, 0.75686276, 0.525490224, 0.282352954
vb0[478]+000 TEXCOORD3: 0.200000003, 0.75686276, 0.525490224, 0.282352954

vb0[479]+000 POSITION: -1.13085938, 8.7890625, -1.84277344, 1
vb0[479]+008 NORMAL: -0.740157485, 0.14173229, -0.661417305, 0
vb0[479]+012 COLOR: 0.23137255, 0.749019623, 0.160784319, 0.352941185
vb0[479]+016 TEXCOORD: 0.000918388367, 1
vb0[479]+020 TEXCOORD1: -0.564453125, 0.825683594
vb0[479]+000 TEXCOORD2: 0.525490224, 0.737254918, 0.396078438, 0.282352954
vb0[479]+000 TEXCOORD3: 0.525490224, 0.737254918, 0.396078438, 0.282352954

vb0[480]+000 POSITION: -2.7890625, 6.4453125, -0.398681641, 1
vb0[480]+008 NORMAL: -0.866141737, 0.0629921257, -0.496062994, 0
vb0[480]+012 COLOR: 0.917647064, 0.239215687, 0.407843143, 0.741176486
vb0[480]+016 TEXCOORD: 0.509765625, 1
vb0[480]+020 TEXCOORD1: -0.564453125, 0.825683594
vb0[480]+000 TEXCOORD2: 0.580392182, 0.75686276, 0.447058827, 0.274509817
vb0[480]+000 TEXCOORD3: 0.580392182, 0.75686276, 0.447058827, 0.274509817

vb0[481]+000 POSITION: -1.31933594, 9.0078125, -1.06152344, 1
vb0[481]+008 NORMAL: -0.818897665, 0.0708661452, -0.574803174, 0
vb0[481]+012 COLOR: 0.917647064, 0.239215687, 0.407843143, 0.615686297
vb0[481]+016 TEXCOORD: 0.000963687897, 0.00245857239
vb0[481]+020 TEXCOORD1: 2.49414063, 0.841796875
vb0[481]+000 TEXCOORD2: 0.278431386, 0.741176486, 0.505882382, 0.282352954
vb0[481]+000 TEXCOORD3: 0.278431386, 0.741176486, 0.505882382, 0.282352954

vb0[482]+000 POSITION: -1.55859375, 7.9609375, 1.28027344, 1
vb0[482]+008 NORMAL: -0.92125982, 0.0393700786, -0.385826766, 0
vb0[482]+012 COLOR: 0.921568632, 0.239215687, 0.427450985, 0.615686297
vb0[482]+016 TEXCOORD: 0.509765625, 0.00245857239
vb0[482]+020 TEXCOORD1: 2.4453125, 0.810546875
vb0[482]+000 TEXCOORD2: 0.235294119, 0.745098054, 0.964705884, 0.278431386
vb0[482]+000 TEXCOORD3: 0.235294119, 0.745098054, 0.964705884, 0.278431386

vb0[483]+000 POSITION: -2.91796875, 7.1015625, -2.4921875, 1
vb0[483]+008 NORMAL: -0.897637784, 0.0236220472, -0.433070868, 0
vb0[483]+012 COLOR: 0.909803927, 0.235294119, 0.392156869, 0.858823538
vb0[483]+016 TEXCOORD: 0.000918388367, 1
vb0[483]+020 TEXCOORD1: -0.564453125, 0.825683594
vb0[483]+000 TEXCOORD2: 0.839215696, 0.75686276, 0.101960786, 0.278431386
vb0[483]+000 TEXCOORD3: 0.839215696, 0.75686276, 0.101960786, 0.278431386

vb0[484]+000 POSITION: -1.78125, 5.60546875, -1.05859375, 1
vb0[484]+008 NORMAL: -0.637795269, -0.0314960629, -0.763779521, 0
vb0[484]+012 COLOR: 0.760784328, 0.200000003, 0.196078435, 0.592156887
vb0[484]+016 TEXCOORD: 0.509765625, 1
vb0[484]+020 TEXCOORD1: -0.564453125, 0.825683594
vb0[484]+000 TEXCOORD2: 0.125490203, 0.749019623, 0.607843161, 0.270588249
vb0[484]+000 TEXCOORD3: 0.125490203, 0.749019623, 0.607843161, 0.270588249

vb0[485]+000 POSITION: -0.741699219, 7.83203125, -2.34960938, 1
vb0[485]+008 NORMAL: -0.614173234, -0.0314960629, -0.787401557, 0
vb0[485]+012 COLOR: 0.760784328, 0.200000003, 0.196078435, 0.447058827
vb0[485]+016 TEXCOORD: 0.000963687897, 0.00245857239
vb0[485]+020 TEXCOORD1: 0.0642700195, 0.992675781
vb0[485]+000 TEXCOORD2: 0.937254906, 0.725490212, 0.835294127, 0.278431386
vb0[485]+000 TEXCOORD3: 0.937254906, 0.725490212, 0.835294127, 0.278431386

vb0[486]+000 POSITION: 0.334228516, 6.578125, -0.662597656, 1
vb0[486]+008 NORMAL: -0.496062994, -0.0472440943, -0.866141737, 0
vb0[486]+012 COLOR: 0.701960802, 0.203921571, 0.152941182, 0.368627459
vb0[486]+016 TEXCOORD: 0.509765625, 0.00245857239
vb0[486]+020 TEXCOORD1: 3.15429688, 0.923828125
vb0[486]+000 TEXCOORD2: 0.349019617, 0.20784314, 0.580392182, 0.274509817
vb0[486]+000 TEXCOORD3: 0.349019617, 0.20784314, 0.580392182, 0.274509817

vb0[487]+000 POSITION: -2.78320313, 6.171875, -2.94140625, 1
vb0[487]+008 NORMAL: -0.433070868, -0.0472440943, -0.897637784, 0
vb0[487]+012 COLOR: 0.811764717, 0.203921571, 0.243137255, 0.835294127
vb0[487]+016 TEXCOORD: 0.000918388367, 1
vb0[487]+020 TEXCOORD1: 0.0800170898, 0.996582031
vb0[487]+000 TEXCOORD2: 0.568627477, 0.75686276, 0.172549024, 0.274509817
vb0[487]+000 TEXCOORD3: 0.568627477, 0.75686276, 0.172549024, 0.274509817

vb0[488]+000 POSITION: 1.69628906, 8.515625, -0.288818359, 1
vb0[488]+008 NORMAL: 0.661417305, 0.157480314, -0.732283473, 0
vb0[488]+012 COLOR: 0.164705887, 0.200000003, 0.282352954, 0.521568656
vb0[488]+016 TEXCOORD: 0.509765625, 0.00245857239
vb0[488]+020 TEXCOORD1: 3.49023438, 0.812011719
vb0[488]+000 TEXCOORD2: 0.788235307, 0.243137255, 0.258823544, 0.282352954
vb0[488]+000 TEXCOORD3: 0.788235307, 0.243137255, 0.258823544, 0.282352954

vb0[489]+000 POSITION: 0.670410156, 10.2890625, -1.16992188, 1
vb0[489]+008 NORMAL: 0.417322844, 0.173228353, -0.889763772, 0
vb0[489]+012 COLOR: 0.164705887, 0.192156866, 0.290196091, 0.478431374
vb0[489]+016 TEXCOORD: 0.000963687897, 0.00245857239
vb0[489]+020 TEXCOORD1: 0.4296875, 0.8828125
vb0[489]+000 TEXCOORD2: 0.36470589, 0.223529413, 0.145098045, 0.286274523
vb0[489]+000 TEXCOORD3: 0.36470589, 0.223529413, 0.145098045, 0.286274523

vb0[490]+000 POSITION: 2.6171875, 8.921875, -2.27929688, 1
vb0[490]+008 NORMAL: 0.55905509, 0.165354326, -0.811023593, 0
vb0[490]+012 COLOR: 0.164705887, 0.192156866, 0.290196091, 0.376470596
vb0[490]+016 TEXCOORD: 0.509765625, 1
vb0[490]+020 TEXCOORD1: 0.592773438, 0.805664063
vb0[490]+000 TEXCOORD2: 0.235294119, 0.254901975, 0.4627451, 0.282352954
vb0[490]+000 TEXCOORD3: 0.235294119, 0.254901975, 0.4627451, 0.282352954

vb0[491]+000 POSITION: 1.85546875, 10.3515625, -3.25976563, 1
vb0[491]+008 NORMAL: 0.472440958, 0.133858263, -0.874015749, 0
vb0[491]+012 COLOR: 0.164705887, 0.184313729, 0.301960796, 0.662745118
vb0[491]+016 TEXCOORD: 0.000918388367, 1
vb0[491]+020 TEXCOORD1: 0.592773438, 0.805664063
vb0[491]+000 TEXCOORD2: 0.423529416, 0.247058824, 0.176470593, 0.286274523
vb0[491]+000 TEXCOORD3: 0.423529416, 0.247058824, 0.176470593, 0.286274523

vb0[492]+000 POSITION: 1.98144531, 10.4375, -3.453125, 1
vb0[492]+008 NORMAL: 0.551181078, 0.165354326, -0.818897665, 0
vb0[492]+012 COLOR: 0.176470593, 0.792156875, 0.749019623, 0.921568632
vb0[492]+016 TEXCOORD: 1, 0.00245857239
vb0[492]+020 TEXCOORD1: 0.592773438, 0.805664063
vb0[492]+000 TEXCOORD2: 0.929411769, 0.247058824, 0.219607845, 0.286274523
vb0[492]+000 TEXCOORD3: 0.929411769, 0.247058824, 0.219607845, 0.286274523

vb0[493]+000 POSITION: 1.79785156, 9.0703125, -2.09765625, 1
vb0[493]+008 NORMAL: 0.637795269, 0.165354326, -0.748031497, 0
vb0[493]+012 COLOR: 0.176470593, 0.792156875, 0.749019623, 0.733333349
vb0[493]+016 TEXCOORD: 0.509277344, 0.00245857239
vb0[493]+020 TEXCOORD1: 0.592773438, 0.805664063
vb0[493]+000 TEXCOORD2: 0.192156866, 0.247058824, 0.53725493, 0.282352954
vb0[493]+000 TEXCOORD3: 0.192156866, 0.247058824, 0.53725493, 0.282352954

vb0[494]+000 POSITION: 2.84570313, 9.265625, -0.964355469, 1
vb0[494]+008 NORMAL: 0.637795269, 0.165354326, -0.748031497, 0
vb0[494]+012 COLOR: 0.176470593, 0.792156875, 0.749019623, 0.639215708
vb0[494]+016 TEXCOORD: 0.509277344, 1
vb0[494]+020 TEXCOORD1: 0.592773438, 0.805664063
vb0[494]+000 TEXCOORD2: 0.694117665, 0.254901975, 0.635294139, 0.282352954
vb0[494]+000 TEXCOORD3: 0.694117665, 0.254901975, 0.635294139, 0.282352954

vb0[495]+000 POSITION: 3.16601563, 10.4453125, -1.92773438, 1
vb0[495]+008 NORMAL: 0.637795269, 0.165354326, -0.748031497, 0
vb0[495]+012 COLOR: 0.176470593, 0.792156875, 0.749019623, 0.733333349
vb0[495]+016 TEXCOORD: 1, 1
vb0[495]+020 TEXCOORD1: 0.592773438, 0.805664063
vb0[495]+000 TEXCOORD2: 0.333333343, 0.258823544, 0.223529413, 0.286274523
vb0[495]+000 TEXCOORD3: 0.333333343, 0.258823544, 0.223529413, 0.286274523

vb0[496]+000 POSITION: 4.26171875, 9.1484375, 0.534179688, 1
vb0[496]+008 NORMAL: 0.984251976, 0.181102365, -0.0787401572, 0
vb0[496]+012 COLOR: 0.294117659, 0.180392161, 0.823529422, 0.827450991
vb0[496]+016 TEXCOORD: 0.509765625, 1
vb0[496]+020 TEXCOORD1: 3.515625, 0.810058594
vb0[496]+000 TEXCOORD2: 0.262745112, 0.266666681, 0.576470613, 0.282352954
vb0[496]+000 TEXCOORD3: 0.262745112, 0.266666681, 0.576470613, 0.282352954

vb0[497]+000 POSITION: 1.92871094, 10.8828125, 0.765625, 1
vb0[497]+008 NORMAL: 0.984251976, 0.181102365, -0.0393700786, 0
vb0[497]+012 COLOR: 0.294117659, 0.180392161, 0.823529422, 0.654901981
vb0[497]+016 TEXCOORD: 0.000963687897, 0.00245857239
vb0[497]+020 TEXCOORD1: 3.18554688, 0.953613281
vb0[497]+000 TEXCOORD2: 0.717647076, 0.247058824, 0.443137258, 0.286274523
vb0[497]+000 TEXCOORD3: 0.717647076, 0.247058824, 0.443137258, 0.286274523

vb0[498]+000 POSITION: 2.27734375, 9.125, -0.952636719, 1
vb0[498]+008 NORMAL: 0.937007844, 0.181102365, -0.299212605, 0
vb0[498]+012 COLOR: 0.278431386, 0.164705887, 0.800000012, 0.639215708
vb0[498]+016 TEXCOORD: 0.509765625, 0.00245857239
vb0[498]+020 TEXCOORD1: 0.592773438, 0.805664063
vb0[498]+000 TEXCOORD2: 0.556862772, 0.250980407, 0.564705908, 0.282352954
vb0[498]+000 TEXCOORD3: 0.556862772, 0.250980407, 0.564705908, 0.282352954

vb0[499]+000 POSITION: 4.25, 10.6875, 1.85351563, 1
vb0[499]+008 NORMAL: 0.984251976, 0.181102365, -0.0393700786, 0
vb0[499]+012 COLOR: 0.309803933, 0.200000003, 0.850980401, 0.827450991
vb0[499]+016 TEXCOORD: 0.000918388367, 1
vb0[499]+020 TEXCOORD1: 3.3671875, 0.819824219
vb0[499]+000 TEXCOORD2: 0.250980407, 0.266666681, 0.345098048, 0.286274523
vb0[499]+000 TEXCOORD3: 0.250980407, 0.266666681, 0.345098048, 0.286274523

vb0[500]+000 POSITION: -2.5078125, 9.1640625, 1.00878906, 1
vb0[500]+008 NORMAL: -0.496062994, 0.826771677, 0.259842515, 0
vb0[500]+012 COLOR: 0.68235296, 0.282352954, 0.0862745121, 0.329411775
vb0[500]+016 TEXCOORD: 0.509765625, 0.00245857239
vb0[500]+020 TEXCOORD1: -0.564453125, 0.825683594
vb0[500]+000 TEXCOORD2: 0.0156862754, 0.75686276, 0.58431375, 0.282352954
vb0[500]+000 TEXCOORD3: 0.0156862754, 0.75686276, 0.58431375, 0.282352954

vb0[501]+000 POSITION: -0.616699219, 13.1484375, -0.254394531, 1
vb0[501]+008 NORMAL: 0.0393700786, 0.574803174, 0.818897665, 0
vb0[501]+012 COLOR: 0.698039234, 0.294117659, 0.0901960805, 0.529411793
vb0[501]+016 TEXCOORD: 0.000963687897, 0.00245857239
vb0[501]+020 TEXCOORD1: -0.225463867, 0.956542969
vb0[501]+000 TEXCOORD2: 0.937254906, 0.721568644, 0.576470613, 0.290196091
vb0[501]+000 TEXCOORD3: 0.937254906, 0.721568644, 0.576470613, 0.290196091

vb0[502]+000 POSITION: 1.72949219, 9.3984375, 2.75976563, 1
vb0[502]+008 NORMAL: -0.133858263, 0.661417305, 0.740157485, 0
vb0[502]+012 COLOR: 0.698039234, 0.294117659, 0.0901960805, 0.552941203
vb0[502]+016 TEXCOORD: 0.509765625, 1
vb0[502]+020 TEXCOORD1: 3.36132813, 0.818359375
vb0[502]+000 TEXCOORD2: 0.921568632, 0.243137255, 0.701960802, 0.282352954
vb0[502]+000 TEXCOORD3: 0.921568632, 0.243137255, 0.701960802, 0.282352954

vb0[503]+000 POSITION: 2.8046875, 13.0703125, 1.5625, 1
vb0[503]+008 NORMAL: 0.740157485, 0.291338593, 0.614173234, 0
vb0[503]+012 COLOR: 0.713725507, 0.305882365, 0.0901960805, 0.670588255
vb0[503]+016 TEXCOORD: 0.000918388367, 1
vb0[503]+020 TEXCOORD1: 2.97851563, 0.909179688
vb0[503]+000 TEXCOORD2: 0.611764729, 0.254901975, 0.53725493, 0.290196091
vb0[503]+000 TEXCOORD3: 0.611764729, 0.254901975, 0.53725493, 0.290196091

vb0[504]+000 POSITION: 1.2890625, 12.3671875, -1.52636719, 1
vb0[504]+008 NORMAL: 0.818897665, 0.496062994, -0.299212605, 0
vb0[504]+012 COLOR: 0.34117648, 0.0274509806, 0.533333361, 0.447058827
vb0[504]+016 TEXCOORD: 0.509765625, 0.00245857239
vb0[504]+020 TEXCOORD1: 0.250732422, 0.968261719
vb0[504]+000 TEXCOORD2: 0.156862751, 0.239215687, 0.184313729, 0.290196091
vb0[504]+000 TEXCOORD3: 0.156862751, 0.239215687, 0.184313729, 0.290196091

vb0[505]+000 POSITION: 2.8984375, 11.9296875, -0.105895996, 1
vb0[505]+008 NORMAL: 0.889763772, 0.448818892, -0.11811024, 0
vb0[505]+012 COLOR: 0.368627459, 0.0352941193, 0.627451003, 0.0941176489
vb0[505]+016 TEXCOORD: 0.000963687897, 0.00245857239
vb0[505]+020 TEXCOORD1: 0.250732422, 0.968261719
vb0[505]+000 TEXCOORD2: 0.800000012, 0.254901975, 0.968627453, 0.286274523
vb0[505]+000 TEXCOORD3: 0.800000012, 0.254901975, 0.968627453, 0.286274523

vb0[506]+000 POSITION: 0.533691406, 12.7578125, 0.494384766, 1
vb0[506]+008 NORMAL: 0.897637784, 0.409448832, -0.149606302, 0
vb0[506]+012 COLOR: 0.368627459, 0.0352941193, 0.627451003, 0.717647076
vb0[506]+016 TEXCOORD: 0.509765625, 1
vb0[506]+020 TEXCOORD1: 3.046875, 0.959960938
vb0[506]+000 TEXCOORD2: 0.270588249, 0.219607845, 0.380392164, 0.290196091
vb0[506]+000 TEXCOORD3: 0.270588249, 0.219607845, 0.380392164, 0.290196091

vb0[507]+000 POSITION: 2.29882813, 12.8046875, 1.39355469, 1
vb0[507]+008 NORMAL: 0.818897665, 0.574803174, 0.00787401572, 0
vb0[507]+012 COLOR: 0.400000006, 0.0588235296, 0.717647076, 0.345098048
vb0[507]+016 TEXCOORD: 0.000918388367, 1
vb0[507]+020 TEXCOORD1: 2.97851563, 0.909179688
vb0[507]+000 TEXCOORD2: 0.600000024, 0.250980407, 0.403921574, 0.290196091
vb0[507]+000 TEXCOORD3: 0.600000024, 0.250980407, 0.403921574, 0.290196091

vb0[508]+000 POSITION: 0.881347656, 13.0390625, 3.34570313, 1
vb0[508]+008 NORMAL: -0.0708661452, 0.535433054, 0.842519701, 0
vb0[508]+012 COLOR: 0.305882365, 0.956862748, 0.549019635, 0.321568638
vb0[508]+016 TEXCOORD: 0.509765625, 0.00245857239
vb0[508]+020 TEXCOORD1: 2.97851563, 0.909179688
vb0[508]+000 TEXCOORD2: 0.0509803928, 0.23137255, 0.521568656, 0.290196091
vb0[508]+000 TEXCOORD3: 0.0509803928, 0.23137255, 0.521568656, 0.290196091

vb0[509]+000 POSITION: 0.610839844, 13.15625, 1.11035156, 1
vb0[509]+008 NORMAL: -0.283464581, 0.48031497, 0.826771677, 0
vb0[509]+012 COLOR: 0.388235301, 0.968627453, 0.635294139, 0.250980407
vb0[509]+016 TEXCOORD: 0.000963687897, 0.00245857239
vb0[509]+020 TEXCOORD1: 2.94335938, 0.928710938
vb0[509]+000 TEXCOORD2: 0.890196085, 0.219607845, 0.580392182, 0.290196091
vb0[509]+000 TEXCOORD3: 0.890196085, 0.219607845, 0.580392182, 0.290196091

vb0[510]+000 POSITION: -1.16015625, 12.2265625, 2.84765625, 1
vb0[510]+008 NORMAL: -0.370078743, 0.503937006, 0.779527545, 0
vb0[510]+012 COLOR: 0.388235301, 0.968627453, 0.635294139, 0.180392161
vb0[510]+016 TEXCOORD: 0.509765625, 1
vb0[510]+020 TEXCOORD1: 2.9765625, 0.91015625
vb0[510]+000 TEXCOORD2: 0.643137276, 0.737254918, 0.113725491, 0.290196091
vb0[510]+000 TEXCOORD3: 0.643137276, 0.737254918, 0.113725491, 0.290196091

vb0[511]+000 POSITION: -1.27050781, 12.9921875, 1.24414063, 1
vb0[511]+008 NORMAL: -0.566929162, 0.511811018, 0.645669281, 0
vb0[511]+012 COLOR: 0.474509805, 0.949019611, 0.717647076, 0.43921569
vb0[511]+016 TEXCOORD: 0.000918388367, 1
vb0[511]+020 TEXCOORD1: -0.162109375, 0.986816406
vb0[511]+000 TEXCOORD2: 0.0823529437, 0.741176486, 0.498039216, 0.290196091
vb0[511]+000 TEXCOORD3: 0.0823529437, 0.741176486, 0.498039216, 0.290196091

vb0[512]+000 POSITION: 0.133300781, 13.1015625, -0.168457031, 1
vb0[512]+008 NORMAL: -0.787401557, 0.551181078, -0.275590539, 0
vb0[512]+012 COLOR: 0.68235296, 0.858823538, 0.203921571, 0.41568628
vb0[512]+016 TEXCOORD: 0.509765625, 1
vb0[512]+020 TEXCOORD1: 3.09179688, 0.976074219
vb0[512]+000 TEXCOORD2: 0.266666681, 0.188235298, 0.552941203, 0.290196091
vb0[512]+000 TEXCOORD3: 0.266666681, 0.188235298, 0.552941203, 0.290196091

vb0[513]+000 POSITION: -2.16796875, 14.7109375, 0.375488281, 1
vb0[513]+008 NORMAL: -0.763779521, 0.606299222, -0.228346452, 0
vb0[513]+012 COLOR: 0.68235296, 0.858823538, 0.203921571, 0.258823544
vb0[513]+016 TEXCOORD: 0.000963687897, 0.00245857239
vb0[513]+020 TEXCOORD1: -0.162109375, 0.986816406
vb0[513]+000 TEXCOORD2: 0.337254912, 0.752941191, 0.356862754, 0.294117659
vb0[513]+000 TEXCOORD3: 0.337254912, 0.752941191, 0.356862754, 0.294117659

vb0[514]+000 POSITION: 0.0250854492, 14.9609375, 1.39453125, 1
vb0[514]+008 NORMAL: -0.763779521, 0.629921257, -0.0944881886, 0
vb0[514]+012 COLOR: 0.631372571, 0.815686285, 0.13333334, 0.337254912
vb0[514]+016 TEXCOORD: 0.509765625, 0.00245857239
vb0[514]+020 TEXCOORD1: 2.84375, 0.983398438
vb0[514]+000 TEXCOORD2: 0.423529416, 0.149019614, 0.482352942, 0.294117659
vb0[514]+000 TEXCOORD3: 0.423529416, 0.149019614, 0.482352942, 0.294117659

vb0[515]+000 POSITION: -2.08007813, 13.921875, -0.954101563, 1
vb0[515]+008 NORMAL: -0.653543293, 0.622047246, -0.425196856, 0
vb0[515]+012 COLOR: 0.721568644, 0.890196085, 0.282352954, 0.600000024
vb0[515]+016 TEXCOORD: 0.000918388367, 1
vb0[515]+020 TEXCOORD1: -0.162109375, 0.986816406
vb0[515]+000 TEXCOORD2: 0.160784319, 0.752941191, 0.964705884, 0.290196091
vb0[515]+000 TEXCOORD3: 0.160784319, 0.752941191, 0.964705884, 0.290196091

vb0[516]+000 POSITION: -0.831054688, 7.7421875, 1.72363281, 1
vb0[516]+008 NORMAL: -1, -0.0157480314, 0.0157480314, 0
vb0[516]+012 COLOR: 0.917647064, 0.223529413, 0.4627451, 0.521568656
vb0[516]+016 TEXCOORD: 0.509765625, 0.00245857239
vb0[516]+020 TEXCOORD1: 2.56640625, 0.807128906
vb0[516]+000 TEXCOORD2: 0.650980413, 0.729411781, 0.745098054, 0.278431386
vb0[516]+000 TEXCOORD3: 0.650980413, 0.729411781, 0.745098054, 0.278431386

vb0[517]+000 POSITION: -2.17773438, 5.8046875, 1.01757813, 1
vb0[517]+008 NORMAL: -1, -0.0314960629, -0.00787401572, 0
vb0[517]+012 COLOR: 0.917647064, 0.223529413, 0.4627451, 0.717647076
vb0[517]+016 TEXCOORD: 0.000963687897, 0.00245857239
vb0[517]+020 TEXCOORD1: 2.4296875, 0.810058594
vb0[517]+000 TEXCOORD2: 0.356862754, 0.752941191, 0.807843149, 0.270588249
vb0[517]+000 TEXCOORD3: 0.356862754, 0.752941191, 0.807843149, 0.270588249

vb0[518]+000 POSITION: -1.03417969, 7.78125, -0.728027344, 1
vb0[518]+008 NORMAL: -1, -0.0157480314, -0.0236220472, 0
vb0[518]+012 COLOR: 0.917647064, 0.223529413, 0.4627451, 0.709803939
vb0[518]+016 TEXCOORD: 0.509765625, 1
vb0[518]+020 TEXCOORD1: -0.280517578, 0.889648438
vb0[518]+000 TEXCOORD2: 0.137254909, 0.737254918, 0.784313738, 0.278431386
vb0[518]+000 TEXCOORD3: 0.137254909, 0.737254918, 0.784313738, 0.278431386

vb0[519]+000 POSITION: -2.65039063, 5.515625, -1.984375, 1
vb0[519]+008 NORMAL: -0.929133832, -0.00787401572, -0.377952754, 0
vb0[519]+012 COLOR: 0.917647064, 0.223529413, 0.4627451, 0.858823538
vb0[519]+016 TEXCOORD: 0.000918388367, 1
vb0[519]+020 TEXCOORD1: -0.254638672, 0.907714844
vb0[519]+000 TEXCOORD2: 0.301960796, 0.75686276, 0.517647088, 0.270588249
vb0[519]+000 TEXCOORD3: 0.301960796, 0.75686276, 0.517647088, 0.270588249

vb0[520]+000 POSITION: -0.437011719, 11.046875, -0.559570313, 1
vb0[520]+008 NORMAL: -0.299212605, 0.299212605, -0.905511796, 0
vb0[520]+012 COLOR: 0.843137264, 0.643137276, 0.831372559, 0.623529434
vb0[520]+016 TEXCOORD: 0.509765625, 1
vb0[520]+020 TEXCOORD1: -0.408691406, 0.864746094
vb0[520]+000 TEXCOORD2: 0.996078432, 0.713725507, 0.525490224, 0.286274523
vb0[520]+000 TEXCOORD3: 0.996078432, 0.713725507, 0.525490224, 0.286274523

vb0[521]+000 POSITION: -0.299560547, 13.015625, -1.54101563, 1
vb0[521]+008 NORMAL: -0.299212605, 0.307086617, -0.905511796, 0
vb0[521]+012 COLOR: 0.843137264, 0.643137276, 0.831372559, 0.576470613
vb0[521]+016 TEXCOORD: 0.000963687897, 0.00245857239
vb0[521]+020 TEXCOORD1: 0.127563477, 0.973632813
vb0[521]+000 TEXCOORD2: 0.796078444, 0.70588237, 0.509803951, 0.290196091
vb0[521]+000 TEXCOORD3: 0.796078444, 0.70588237, 0.509803951, 0.290196091

vb0[522]+000 POSITION: -1.46972656, 12.5625, -0.138061523, 1
vb0[522]+008 NORMAL: -0.448818892, 0.346456707, -0.826771677, 0
vb0[522]+012 COLOR: 0.843137264, 0.643137276, 0.831372559, 0.478431374
vb0[522]+016 TEXCOORD: 0.509765625, 0.00245857239
vb0[522]+020 TEXCOORD1: -0.453125, 0.870117188
vb0[522]+000 TEXCOORD2: 0.882352948, 0.741176486, 0.282352954, 0.290196091
vb0[522]+000 TEXCOORD3: 0.882352948, 0.741176486, 0.282352954, 0.290196091

vb0[523]+000 POSITION: 1.13183594, 11.3125, -2.29296875, 1
vb0[523]+008 NORMAL: 0, 0.181102365, -0.984251976, 0
vb0[523]+012 COLOR: 0.843137264, 0.643137276, 0.835294127, 0.686274529
vb0[523]+016 TEXCOORD: 0.000918388367, 1
vb0[523]+020 TEXCOORD1: 0.250732422, 0.968261719
vb0[523]+000 TEXCOORD2: 0.529411793, 0.235294119, 0.65882355, 0.286274523
vb0[523]+000 TEXCOORD3: 0.529411793, 0.235294119, 0.65882355, 0.286274523

vb0[524]+000 POSITION: -0.163574219, 9.546875, 0.701660156, 1
vb0[524]+008 NORMAL: -0.755905509, 0.188976377, -0.622047246, 0
vb0[524]+012 COLOR: 0.31764707, 0.0901960805, 0.278431386, 0.266666681
vb0[524]+016 TEXCOORD: 0.509765625, 0.00245857239
vb0[524]+020 TEXCOORD1: 2.8515625, 0.944824219
vb0[524]+000 TEXCOORD2: 0.235294119, 0.694117665, 0.776470602, 0.282352954
vb0[524]+000 TEXCOORD3: 0.235294119, 0.694117665, 0.776470602, 0.282352954

vb0[525]+000 POSITION: -0.709472656, 10.6796875, -0.935058594, 1
vb0[525]+008 NORMAL: -0.370078743, 0.181102365, -0.913385808, 0
vb0[525]+012 COLOR: 0.31764707, 0.0901960805, 0.278431386, 0
vb0[525]+016 TEXCOORD: 0.000963687897, 0.00245857239
vb0[525]+020 TEXCOORD1: 2.4921875, 0.841796875
vb0[525]+000 TEXCOORD2: 0.678431392, 0.725490212, 0.34117648, 0.286274523
vb0[525]+000 TEXCOORD3: 0.678431392, 0.725490212, 0.34117648, 0.286274523

vb0[526]+000 POSITION: 1.41699219, 9.5703125, -0.625488281, 1
vb0[526]+008 NORMAL: -0.362204731, 0.181102365, -0.913385808, 0
vb0[526]+012 COLOR: 0.31764707, 0.0901960805, 0.278431386, 0.345098048
vb0[526]+016 TEXCOORD: 0.509765625, 1
vb0[526]+020 TEXCOORD1: 3.33007813, 0.918457031
vb0[526]+000 TEXCOORD2: 0.670588255, 0.239215687, 0.788235307, 0.282352954
vb0[526]+000 TEXCOORD3: 0.670588255, 0.239215687, 0.788235307, 0.282352954

vb0[527]+000 POSITION: 1.05859375, 10.9140625, -2.79882813, 1
vb0[527]+008 NORMAL: -0.236220479, 0.188976377, -0.952755928, 0
vb0[527]+012 COLOR: 0.31764707, 0.0901960805, 0.278431386, 0.576470613
vb0[527]+016 TEXCOORD: 0.000918388367, 1
vb0[527]+020 TEXCOORD1: 0.250732422, 0.968261719
vb0[527]+000 TEXCOORD2: 0.235294119, 0.235294119, 0.458823532, 0.286274523
vb0[527]+000 TEXCOORD3: 0.235294119, 0.235294119, 0.458823532, 0.286274523

vb0[528]+000 POSITION: 0.838867188, 6.83203125, -1.31445313, 1
vb0[528]+008 NORMAL: -0.307086617, 0.05511811, -0.952755928, 0
vb0[528]+012 COLOR: 0.211764708, 0.0980392173, 0.419607848, 0.545098066
vb0[528]+016 TEXCOORD: 0.509765625, 0.00245857239
vb0[528]+020 TEXCOORD1: 0.228149414, 0.94140625
vb0[528]+000 TEXCOORD2: 0.713725507, 0.227450982, 0.835294127, 0.274509817
vb0[528]+000 TEXCOORD3: 0.713725507, 0.227450982, 0.835294127, 0.274509817

vb0[529]+000 POSITION: -0.836914063, 7.94140625, -0.803710938, 1
vb0[529]+008 NORMAL: -0.362204731, 0.0787401572, -0.929133832, 0
vb0[529]+012 COLOR: 0.211764708, 0.0980392173, 0.419607848, 0.392156869
vb0[529]+016 TEXCOORD: 0.000963687897, 0.00245857239
vb0[529]+020 TEXCOORD1: -0.231445313, 0.872070313
vb0[529]+000 TEXCOORD2: 0.698039234, 0.729411781, 0.945098042, 0.278431386
vb0[529]+000 TEXCOORD3: 0.698039234, 0.729411781, 0.945098042, 0.278431386

vb0[530]+000 POSITION: 0.092590332, 7.7109375, -3.03710938, 1
vb0[530]+008 NORMAL: -0.362204731, 0.0787401572, -0.929133832, 0
vb0[530]+012 COLOR: 0.211764708, 0.0980392173, 0.419607848, 0.513725519
vb0[530]+016 TEXCOORD: 0.509765625, 1
vb0[530]+020 TEXCOORD1: 0.0800170898, 0.996582031
vb0[530]+000 TEXCOORD2: 0.929411769, 0.176470593, 0.713725507, 0.278431386
vb0[530]+000 TEXCOORD3: 0.929411769, 0.176470593, 0.713725507, 0.278431386

vb0[531]+000 POSITION: -2.02148438, 9.1796875, -2.74414063, 1
vb0[531]+008 NORMAL: -0.456692904, 0.0787401572, -0.889763772, 0
vb0[531]+012 COLOR: 0.211764708, 0.0980392173, 0.419607848, 0.407843143
vb0[531]+016 TEXCOORD: 0.000918388367, 1
vb0[531]+020 TEXCOORD1: -0.114990234, 0.944824219
vb0[531]+000 TEXCOORD2: 0.0431372561, 0.752941191, 0.592156887, 0.282352954
vb0[531]+000 TEXCOORD3: 0.0431372561, 0.752941191, 0.592156887, 0.282352954

vb0[532]+000 POSITION: 1.88085938, 7.7421875, -1.45703125, 1
vb0[532]+008 NORMAL: 0.55905509, 0.125984251, -0.818897665, 0
vb0[532]+012 COLOR: 0.784313738, 0.329411775, 0.874509811, 0.219607845
vb0[532]+016 TEXCOORD: 0.509765625, 1
vb0[532]+020 TEXCOORD1: 0.592773438, 0.805664063
vb0[532]+000 TEXCOORD2: 0.525490224, 0.247058824, 0.745098054, 0.278431386
vb0[532]+000 TEXCOORD3: 0.525490224, 0.247058824, 0.745098054, 0.278431386

vb0[533]+000 POSITION: 0.791992188, 10.03125, 0.394287109, 1
vb0[533]+008 NORMAL: 0.503937006, 0.157480314, -0.850393713, 0
vb0[533]+012 COLOR: 0.784313738, 0.329411775, 0.874509811, 0.4627451
vb0[533]+016 TEXCOORD: 0.000963687897, 0.00245857239
vb0[533]+020 TEXCOORD1: 3.25, 0.967773438
vb0[533]+000 TEXCOORD2: 0.337254912, 0.227450982, 0.0156862754, 0.286274523
vb0[533]+000 TEXCOORD3: 0.337254912, 0.227450982, 0.0156862754, 0.286274523

vb0[534]+000 POSITION: -0.297851563, 7.5859375, 0.114379883, 1
vb0[534]+008 NORMAL: 0.543307066, 0.133858263, -0.826771677, 0
vb0[534]+012 COLOR: 0.784313738, 0.329411775, 0.874509811, 0.486274511
vb0[534]+016 TEXCOORD: 0.509765625, 0.00245857239
vb0[534]+020 TEXCOORD1: 2.54101563, 0.85546875
vb0[534]+000 TEXCOORD2: 0.768627465, 0.70588237, 0.588235319, 0.278431386
vb0[534]+000 TEXCOORD3: 0.768627465, 0.70588237, 0.588235319, 0.278431386

vb0[535]+000 POSITION: 3.5390625, 10.640625, -1.40234375, 1
vb0[535]+008 NORMAL: 0.937007844, 0.204724416, -0.291338593, 0
vb0[535]+012 COLOR: 0.784313738, 0.329411775, 0.874509811, 0.117647059
vb0[535]+016 TEXCOORD: 0.000918388367, 1
vb0[535]+020 TEXCOORD1: 0.592773438, 0.805664063
vb0[535]+000 TEXCOORD2: 0.0784313753, 0.262745112, 0.321568638, 0.286274523
vb0[535]+000 TEXCOORD3: 0.0784313753, 0.262745112, 0.321568638, 0.286274523

vb0[536]+000 POSITION: 1.24804688, 6.28125, -0.786132813, 1
vb0[536]+008 NORMAL: 0.913385808, -0.14173229, -0.385826766, 0
vb0[536]+012 COLOR: 0.20784314, 0.137254909, 0.313725501, 0.282352954
vb0[536]+016 TEXCOORD: 0.509765625, 0.00245857239
vb0[536]+020 TEXCOORD1: 0.0800170898, 0.996582031
vb0[536]+000 TEXCOORD2: 0.996078432, 0.235294119, 0.282352954, 0.274509817
vb0[536]+000 TEXCOORD3: 0.996078432, 0.235294119, 0.282352954, 0.274509817

vb0[537]+000 POSITION: 2.6015625, 5.1953125, -0.799316406, 1
vb0[537]+008 NORMAL: 0.968503952, -0.196850389, -0.14173229, 0
vb0[537]+012 COLOR: 0.20784314, 0.137254909, 0.313725501, 0.454901963
vb0[537]+016 TEXCOORD: 0.000963687897, 0.00245857239
vb0[537]+020 TEXCOORD1: 0.0800170898, 0.996582031
vb0[537]+000 TEXCOORD2: 0.203921571, 0.254901975, 0.196078435, 0.270588249
vb0[537]+000 TEXCOORD3: 0.203921571, 0.254901975, 0.196078435, 0.270588249

vb0[538]+000 POSITION: 1.29296875, 5.46484375, 0.744140625, 1
vb0[538]+008 NORMAL: 0.968503952, -0.196850389, -0.14173229, 0
vb0[538]+012 COLOR: 0.20784314, 0.137254909, 0.313725501, 0.470588237
vb0[538]+016 TEXCOORD: 0.509765625, 1
vb0[538]+020 TEXCOORD1: 3.01171875, 0.744628906
vb0[538]+000 TEXCOORD2: 0.172549024, 0.239215687, 0.466666669, 0.270588249
vb0[538]+000 TEXCOORD3: 0.172549024, 0.239215687, 0.466666669, 0.270588249

vb0[539]+000 POSITION: 2.90820313, 4.01953125, 1.01464844, 1
vb0[539]+008 NORMAL: 0.984251976, -0.173228353, 0.0393700786, 0
vb0[539]+012 COLOR: 0.20784314, 0.137254909, 0.313725501, 0.725490212
vb0[539]+016 TEXCOORD: 0.000918388367, 1
vb0[539]+020 TEXCOORD1: 3.01171875, 0.744628906
vb0[539]+000 TEXCOORD2: 0.819607854, 0.254901975, 0.0196078438, 0.266666681
vb0[539]+000 TEXCOORD3: 0.819607854, 0.254901975, 0.0196078438, 0.266666681

vb0[540]+000 POSITION: 0.465820313, 8.046875, 3.68164063, 1
vb0[540]+008 NORMAL: 0.0708661452, 0.00787401572, 1, 0
vb0[540]+012 COLOR: 0.0549019612, 0.490196079, 0.270588249, 0.521568656
vb0[540]+016 TEXCOORD: 0.509765625, 0.00245857239
vb0[540]+020 TEXCOORD1: 3.04296875, 0.751464844
vb0[540]+000 TEXCOORD2: 0.454901963, 0.215686277, 0.0235294122, 0.282352954
vb0[540]+000 TEXCOORD3: 0.454901963, 0.215686277, 0.0235294122, 0.282352954

vb0[541]+000 POSITION: 0.995117188, 6.26171875, 2.73828125, 1
vb0[541]+008 NORMAL: 0.0708661452, -0.0472440943, 1, 0
vb0[541]+012 COLOR: 0.0549019612, 0.509803951, 0.274509817, 0.654901981
vb0[541]+016 TEXCOORD: 0.000963687897, 0.00245857239
vb0[541]+020 TEXCOORD1: 3.01171875, 0.744628906
vb0[541]+000 TEXCOORD2: 0.964705884, 0.23137255, 0.262745112, 0.274509817
vb0[541]+000 TEXCOORD3: 0.964705884, 0.23137255, 0.262745112, 0.274509817

vb0[542]+000 POSITION: 0.165649414, 6.1015625, 4.36328125, 1
vb0[542]+008 NORMAL: 0.0708661452, -0.0472440943, 1, 0
vb0[542]+012 COLOR: 0.0549019612, 0.509803951, 0.274509817, 0.717647076
vb0[542]+016 TEXCOORD: 0.509765625, 1
vb0[542]+020 TEXCOORD1: 3.01171875, 0.744628906
vb0[542]+000 TEXCOORD2: 0.301960796, 0.192156866, 0.101960786, 0.274509817
vb0[542]+000 TEXCOORD3: 0.301960796, 0.192156866, 0.101960786, 0.274509817

vb0[543]+000 POSITION: 0.560546875, 4.4609375, 3.36914063, 1
vb0[543]+008 NORMAL: -0.0629921257, -0.0866141766, 0.992125988, 0
vb0[543]+012 COLOR: 0.0549019612, 0.529411793, 0.274509817, 0.80392158
vb0[543]+016 TEXCOORD: 0.000918388367, 1
vb0[543]+020 TEXCOORD1: 3.01171875, 0.744628906
vb0[543]+000 TEXCOORD2: 0.486274511, 0.219607845, 0.4627451, 0.266666681
vb0[543]+000 TEXCOORD3: 0.486274511, 0.219607845, 0.4627451, 0.266666681

vb0[544]+000 POSITION: -1.61132813, 6.6953125, -0.349365234, 1
vb0[544]+008 NORMAL: -0.968503952, -0.0393700786, 0.244094491, 0
vb0[544]+012 COLOR: 0.376470596, 0.0274509806, 0.607843161, 0.392156869
vb0[544]+016 TEXCOORD: 0.509765625, 1
vb0[544]+020 TEXCOORD1: -0.564453125, 0.825683594
vb0[544]+000 TEXCOORD2: 0.447058827, 0.745098054, 0.698039234, 0.274509817
vb0[544]+000 TEXCOORD3: 0.447058827, 0.745098054, 0.698039234, 0.274509817

vb0[545]+000 POSITION: -1.38769531, 7.15625, 1.91503906, 1
vb0[545]+008 NORMAL: -0.968503952, -0.0393700786, 0.244094491, 0
vb0[545]+012 COLOR: 0.376470596, 0.0274509806, 0.607843161, 0.43921569
vb0[545]+016 TEXCOORD: 0.000963687897, 0.00245857239
vb0[545]+020 TEXCOORD1: -0.564453125, 0.825683594
vb0[545]+000 TEXCOORD2: 0.552941203, 0.741176486, 0.156862751, 0.278431386
vb0[545]+000 TEXCOORD3: 0.552941203, 0.741176486, 0.156862751, 0.278431386

vb0[546]+000 POSITION: -3.04882813, 7.34375, 0.849609375, 1
vb0[546]+008 NORMAL: -0.984251976, -0.00787401572, 0.181102365, 0
vb0[546]+012 COLOR: 0.376470596, 0.0274509806, 0.607843161, 0.203921571
vb0[546]+016 TEXCOORD: 0.509765625, 0.00245857239
vb0[546]+020 TEXCOORD1: -0.564453125, 0.825683594
vb0[546]+000 TEXCOORD2: 0.0980392173, 0.760784328, 0.345098048, 0.278431386
vb0[546]+000 TEXCOORD3: 0.0980392173, 0.760784328, 0.345098048, 0.278431386

vb0[547]+000 POSITION: 0.609375, 6.3515625, 0.691894531, 1
vb0[547]+008 NORMAL: -0.92125982, -0.0393700786, 0.393700778, 0
vb0[547]+012 COLOR: 0.376470596, 0.0274509806, 0.607843161, 0.368627459
vb0[547]+016 TEXCOORD: 0.000918388367, 1
vb0[547]+020 TEXCOORD1: 3.13867188, 0.824707031
vb0[547]+000 TEXCOORD2: 0.87843138, 0.219607845, 0.352941185, 0.274509817
vb0[547]+000 TEXCOORD3: 0.87843138, 0.219607845, 0.352941185, 0.274509817

vb0[548]+000 POSITION: 0.498779297, 10.265625, 3.34765625, 1
vb0[548]+008 NORMAL: -0.551181078, 0.149606302, 0.826771677, 0
vb0[548]+012 COLOR: 0.874509811, 0.41568628, 0.180392161, 0.188235298
vb0[548]+016 TEXCOORD: 0.509765625, 1
vb0[548]+020 TEXCOORD1: 2.98046875, 0.900390625
vb0[548]+000 TEXCOORD2: 0.984313726, 0.215686277, 0.13333334, 0.286274523
vb0[548]+000 TEXCOORD3: 0.984313726, 0.215686277, 0.13333334, 0.286274523

vb0[549]+000 POSITION: -1.74609375, 8.875, 1.07617188, 1
vb0[549]+008 NORMAL: -0.590551198, 0.133858263, 0.795275569, 0
vb0[549]+012 COLOR: 0.874509811, 0.41568628, 0.180392161, 0.654901981
vb0[549]+016 TEXCOORD: 0.000963687897, 0.00245857239
vb0[549]+020 TEXCOORD1: -0.564453125, 0.825683594
vb0[549]+000 TEXCOORD2: 0.988235295, 0.745098054, 0.43921569, 0.282352954
vb0[549]+000 TEXCOORD3: 0.988235295, 0.745098054, 0.43921569, 0.282352954

vb0[550]+000 POSITION: -0.96875, 11.75, 1.22070313, 1
vb0[550]+008 NORMAL: -0.55905509, 0.14173229, 0.818897665, 0
vb0[550]+012 COLOR: 0.874509811, 0.41568628, 0.180392161, 0.407843143
vb0[550]+016 TEXCOORD: 0.509765625, 0.00245857239
vb0[550]+020 TEXCOORD1: 2.73632813, 0.899902344
vb0[550]+000 TEXCOORD2: 0.752941191, 0.733333349, 0.87843138, 0.286274523
vb0[550]+000 TEXCOORD3: 0.752941191, 0.733333349, 0.87843138, 0.286274523

vb0[551]+000 POSITION: -0.15625, 6.62109375, 3.55078125, 1
vb0[551]+008 NORMAL: -0.299212605, 0.00787401572, 0.952755928, 0
vb0[551]+012 COLOR: 0.874509811, 0.41568628, 0.180392161, 0.235294119
vb0[551]+016 TEXCOORD: 0.000918388367, 1
vb0[551]+020 TEXCOORD1: 3.01171875, 0.744628906
vb0[551]+000 TEXCOORD2: 0, 0.694117665, 0.623529434, 0.274509817
vb0[551]+000 TEXCOORD3: 0, 0.694117665, 0.623529434, 0.274509817

vb0[552]+000 POSITION: -0.547363281, 11.0625, 1.88378906, 1
vb0[552]+008 NORMAL: -0.637795269, 0.11811024, 0.763779521, 0
vb0[552]+012 COLOR: 0.898039222, 0.333333343, 0.250980407, 0.321568638
vb0[552]+016 TEXCOORD: 0.509765625, 0.00245857239
vb0[552]+020 TEXCOORD1: 2.93359375, 0.93359375
vb0[552]+000 TEXCOORD2: 0.380392164, 0.721568644, 0.533333361, 0.286274523
vb0[552]+000 TEXCOORD3: 0.380392164, 0.721568644, 0.533333361, 0.286274523

vb0[553]+000 POSITION: -1.04003906, 8.9296875, 2.53710938, 1
vb0[553]+008 NORMAL: -0.606299222, 0.125984251, 0.787401557, 0
vb0[553]+012 COLOR: 0.898039222, 0.333333343, 0.250980407, 0.188235298
vb0[553]+016 TEXCOORD: 0.000963687897, 0.00245857239
vb0[553]+020 TEXCOORD1: 2.89648438, 0.896484375
vb0[553]+000 TEXCOORD2: 0.160784319, 0.737254918, 0.466666669, 0.282352954
vb0[553]+000 TEXCOORD3: 0.160784319, 0.737254918, 0.466666669, 0.282352954

vb0[554]+000 POSITION: -1.91894531, 10.125, 0.317138672, 1
vb0[554]+008 NORMAL: -0.637795269, 0.11023622, 0.763779521, 0
vb0[554]+012 COLOR: 0.898039222, 0.333333343, 0.250980407, 0.607843161
vb0[554]+016 TEXCOORD: 0.509765625, 1
vb0[554]+020 TEXCOORD1: -0.564453125, 0.825683594
vb0[554]+000 TEXCOORD2: 0.678431392, 0.749019623, 0.0627451017, 0.286274523
vb0[554]+000 TEXCOORD3: 0.678431392, 0.749019623, 0.0627451017, 0.286274523

vb0[555]+000 POSITION: -2.74023438, 7.453125, 0.808105469, 1
vb0[555]+008 NORMAL: -0.614173234, 0.00787401572, 0.787401557, 0
vb0[555]+012 COLOR: 0.898039222, 0.333333343, 0.250980407, 0.447058827
vb0[555]+016 TEXCOORD: 0.000918388367, 1
vb0[555]+020 TEXCOORD1: -0.564453125, 0.825683594
vb0[555]+000 TEXCOORD2: 0.482352942, 0.75686276, 0.454901963, 0.278431386
vb0[555]+000 TEXCOORD3: 0.482352942, 0.75686276, 0.454901963, 0.278431386

vb0[556]+000 POSITION: -1.85546875, 11.421875, 0.0118637085, 1
vb0[556]+008 NORMAL: -0.929133832, 0.165354326, -0.322834641, 0
vb0[556]+012 COLOR: 0.870588243, 0.556862772, 0.168627456, 0.607843161
vb0[556]+016 TEXCOORD: 0.509765625, 0.00245857239
vb0[556]+020 TEXCOORD1: -0.564453125, 0.825683594
vb0[556]+000 TEXCOORD2: 0.423529416, 0.749019623, 0.713725507, 0.286274523
vb0[556]+000 TEXCOORD3: 0.423529416, 0.749019623, 0.713725507, 0.286274523

vb0[557]+000 POSITION: -1.23339844, 9.46875, 0.371337891, 1
vb0[557]+008 NORMAL: -0.952755928, 0.149606302, -0.259842515, 0
vb0[557]+012 COLOR: 0.870588243, 0.556862772, 0.168627456, 0.639215708
vb0[557]+016 TEXCOORD: 0.000963687897, 0.00245857239
vb0[557]+020 TEXCOORD1: -0.564453125, 0.825683594
vb0[557]+000 TEXCOORD2: 0.937254906, 0.737254918, 0.737254918, 0.282352954
vb0[557]+000 TEXCOORD3: 0.937254906, 0.737254918, 0.737254918, 0.282352954

vb0[558]+000 POSITION: -2.8515625, 10.1640625, -1.31152344, 1
vb0[558]+008 NORMAL: -0.952755928, 0.149606302, -0.259842515, 0
vb0[558]+012 COLOR: 0.870588243, 0.556862772, 0.168627456, 0.423529416
vb0[558]+016 TEXCOORD: 0.509765625, 1
vb0[558]+020 TEXCOORD1: -0.564453125, 0.825683594
vb0[558]+000 TEXCOORD2: 0.70588237, 0.75686276, 0.0823529437, 0.286274523
vb0[558]+000 TEXCOORD3: 0.70588237, 0.75686276, 0.0823529437, 0.286274523

vb0[559]+000 POSITION: -2.29882813, 7.6328125, -1.12597656, 1
vb0[559]+008 NORMAL: -0.913385808, 0.149606302, -0.385826766, 0
vb0[559]+012 COLOR: 0.870588243, 0.556862772, 0.168627456, 0.56078434
vb0[559]+016 TEXCOORD: 0.000918388367, 1
vb0[559]+020 TEXCOORD1: -0.564453125, 0.825683594
vb0[559]+000 TEXCOORD2: 0.600000024, 0.752941191, 0.635294139, 0.278431386
vb0[559]+000 TEXCOORD3: 0.600000024, 0.752941191, 0.635294139, 0.278431386

vb0[560]+000 POSITION: 1.05761719, 15.453125, 1.01171875, 1
vb0[560]+008 NORMAL: 0.307086617, 0.716535449, 0.629921257, 0
vb0[560]+012 COLOR: 0.611764729, 0.137254909, 0.172549024, 0.125490203
vb0[560]+016 TEXCOORD: 0.509765625, 1
vb0[560]+020 TEXCOORD1: -0.162109375, 0.986816406
vb0[560]+000 TEXCOORD2: 0.23137255, 0.235294119, 0.729411781, 0.294117659
vb0[560]+000 TEXCOORD3: 0.23137255, 0.235294119, 0.729411781, 0.294117659

vb0[561]+000 POSITION: 0.345214844, 14.109375, 2.25976563, 1
vb0[561]+008 NORMAL: 0.307086617, 0.716535449, 0.629921257, 0
vb0[561]+012 COLOR: 0.611764729, 0.137254909, 0.172549024, 0.470588237
vb0[561]+016 TEXCOORD: 0.000963687897, 0.00245857239
vb0[561]+020 TEXCOORD1: 2.97851563, 0.909179688
vb0[561]+000 TEXCOORD2: 0.525490224, 0.20784314, 0.0549019612, 0.294117659
vb0[561]+000 TEXCOORD3: 0.525490224, 0.20784314, 0.0549019612, 0.294117659

vb0[562]+000 POSITION: -0.525878906, 14.9140625, 1.07519531, 1
vb0[562]+008 NORMAL: 0.14173229, 0.771653533, 0.622047246, 0
vb0[562]+012 COLOR: 0.611764729, 0.137254909, 0.172549024, 0.639215708
vb0[562]+016 TEXCOORD: 0.509765625, 0.00245857239
vb0[562]+020 TEXCOORD1: -0.162109375, 0.986816406
vb0[562]+000 TEXCOORD2: 0.20784314, 0.721568644, 0.458823532, 0.294117659
vb0[562]+000 TEXCOORD3: 0.20784314, 0.721568644, 0.458823532, 0.294117659

vb0[563]+000 POSITION: 2.38867188, 14.6015625, 2.40625, 1
vb0[563]+008 NORMAL: 0.370078743, 0.732283473, 0.566929162, 0
vb0[563]+012 COLOR: 0.611764729, 0.137254909, 0.172549024, 0.858823538
vb0[563]+016 TEXCOORD: 0.000918388367, 1
vb0[563]+020 TEXCOORD1: 2.97851563, 0.909179688
vb0[563]+000 TEXCOORD2: 0.78039217, 0.250980407, 0.301960796, 0.294117659
vb0[563]+000 TEXCOORD3: 0.78039217, 0.250980407, 0.301960796, 0.294117659

vb0[564]+000 POSITION: -0.734863281, 12.2109375, 2.32226563, 1
vb0[564]+008 NORMAL: -0.566929162, 0.448818892, 0.692913413, 0
vb0[564]+012 COLOR: 0.831372559, 0.325490206, 0.168627456, 0.521568656
vb0[564]+016 TEXCOORD: 0.509765625, 1
vb0[564]+020 TEXCOORD1: 2.97851563, 0.909179688
vb0[564]+000 TEXCOORD2: 0.882352948, 0.725490212, 0.105882354, 0.290196091
vb0[564]+000 TEXCOORD3: 0.882352948, 0.725490212, 0.105882354, 0.290196091

vb0[565]+000 POSITION: -1.93261719, 13.171875, 0.62890625, 1
vb0[565]+008 NORMAL: -0.700787425, 0.488188982, 0.51968503, 0
vb0[565]+012 COLOR: 0.831372559, 0.325490206, 0.168627456, 0.384313732
vb0[565]+016 TEXCOORD: 0.000963687897, 0.00245857239
vb0[565]+020 TEXCOORD1: -0.258544922, 0.948242188
vb0[565]+000 TEXCOORD2: 0.733333349, 0.749019623, 0.588235319, 0.290196091
vb0[565]+000 TEXCOORD3: 0.733333349, 0.749019623, 0.588235319, 0.290196091

vb0[566]+000 POSITION: -0.486816406, 14.015625, 1.62890625, 1
vb0[566]+008 NORMAL: -0.653543293, 0.503937006, 0.566929162, 0
vb0[566]+012 COLOR: 0.831372559, 0.325490206, 0.168627456, 0.384313732
vb0[566]+016 TEXCOORD: 0.509765625, 0.00245857239
vb0[566]+020 TEXCOORD1: 2.90625, 0.948242188
vb0[566]+000 TEXCOORD2: 0.792156875, 0.717647076, 0.00784313772, 0.294117659
vb0[566]+000 TEXCOORD3: 0.792156875, 0.717647076, 0.00784313772, 0.294117659

vb0[567]+000 POSITION: -2.48632813, 10.8828125, 1.26757813, 1
vb0[567]+008 NORMAL: -0.929133832, 0.283464581, 0.244094491, 0
vb0[567]+012 COLOR: 0.831372559, 0.325490206, 0.168627456, 0.290196091
vb0[567]+016 TEXCOORD: 0.000918388367, 1
vb0[567]+020 TEXCOORD1: 2.57226563, 0.846679688
vb0[567]+000 TEXCOORD2: 0.97647059, 0.752941191, 0.443137258, 0.286274523
vb0[567]+000 TEXCOORD3: 0.97647059, 0.752941191, 0.443137258, 0.286274523

vb0[568]+000 POSITION: -1.11328125, 4.7734375, 2.01171875, 1
vb0[568]+008 NORMAL: -0.992125988, -0.11811024, -0.0866141766, 0
vb0[568]+012 COLOR: 0.807843149, 0.168627456, 0.286274523, 0.53725493
vb0[568]+016 TEXCOORD: 0.509765625, 0.00245857239
vb0[568]+020 TEXCOORD1: 2.20117188, 0.397705078
vb0[568]+000 TEXCOORD2: 0.454901963, 0.737254918, 0.776470602, 0.266666681
vb0[568]+000 TEXCOORD3: 0.454901963, 0.737254918, 0.776470602, 0.266666681

vb0[569]+000 POSITION: -2.0546875, 4.78125, 0.641113281, 1
vb0[569]+008 NORMAL: -0.771653533, -0.102362208, -0.622047246, 0
vb0[569]+012 COLOR: 0.807843149, 0.168627456, 0.286274523, 0.764705896
vb0[569]+016 TEXCOORD: 0.000963687897, 0.00245857239
vb0[569]+020 TEXCOORD1: 2.20117188, 0.397705078
vb0[569]+000 TEXCOORD2: 0.109803922, 0.752941191, 0.784313738, 0.266666681
vb0[569]+000 TEXCOORD3: 0.109803922, 0.752941191, 0.784313738, 0.266666681

vb0[570]+000 POSITION: -0.539550781, 5.9609375, 0.999511719, 1
vb0[570]+008 NORMAL: -0.771653533, -0.102362208, -0.622047246, 0
vb0[570]+012 COLOR: 0.807843149, 0.168627456, 0.286274523, 0.423529416
vb0[570]+016 TEXCOORD: 0.509765625, 1
vb0[570]+020 TEXCOORD1: -0.564453125, 0.825683594
vb0[570]+000 TEXCOORD2: 0.31764707, 0.721568644, 0.964705884, 0.270588249
vb0[570]+000 TEXCOORD3: 0.31764707, 0.721568644, 0.964705884, 0.270588249

vb0[571]+000 POSITION: -1.54980469, 6.19140625, -0.817382813, 1
vb0[571]+008 NORMAL: -0.740157485, -0.05511811, -0.677165329, 0
vb0[571]+012 COLOR: 0.807843149, 0.168627456, 0.286274523, 0.0392156877
vb0[571]+016 TEXCOORD: 0.000918388367, 1
vb0[571]+020 TEXCOORD1: -0.564453125, 0.825683594
vb0[571]+000 TEXCOORD2: 0.200000003, 0.745098054, 0.192156866, 0.274509817
vb0[571]+000 TEXCOORD3: 0.200000003, 0.745098054, 0.192156866, 0.274509817

vb0[572]+000 POSITION: -0.381591797, 5.5859375, 0.556640625, 1
vb0[572]+008 NORMAL: -0.88188976, -0.228346452, -0.417322844, 0
vb0[572]+012 COLOR: 0.866666675, 0.160784319, 0.490196079, 0.600000024
vb0[572]+016 TEXCOORD: 0.509765625, 1
vb0[572]+020 TEXCOORD1: -0.564453125, 0.825683594
vb0[572]+000 TEXCOORD2: 0.105882354, 0.713725507, 0.588235319, 0.270588249
vb0[572]+000 TEXCOORD3: 0.105882354, 0.713725507, 0.588235319, 0.270588249

vb0[573]+000 POSITION: -1.18554688, 4.7578125, -0.954589844, 1
vb0[573]+008 NORMAL: -0.889763772, -0.204724416, -0.409448832, 0
vb0[573]+012 COLOR: 0.866666675, 0.160784319, 0.490196079, 0.552941203
vb0[573]+016 TEXCOORD: 0.000963687897, 0.00245857239
vb0[573]+020 TEXCOORD1: 3.02148438, 0.9921875
vb0[573]+000 TEXCOORD2: 0.745098054, 0.737254918, 0.760784328, 0.266666681
vb0[573]+000 TEXCOORD3: 0.745098054, 0.737254918, 0.760784328, 0.266666681

vb0[574]+000 POSITION: -0.0858154297, 5.94140625, -0.991699219, 1
vb0[574]+008 NORMAL: -0.716535449, -0.14173229, -0.685039341, 0
vb0[574]+012 COLOR: 0.866666675, 0.160784319, 0.490196079, 0.337254912
vb0[574]+016 TEXCOORD: 0.509765625, 0.00245857239
vb0[574]+020 TEXCOORD1: 3.02148438, 0.9921875
vb0[574]+000 TEXCOORD2: 0.494117647, 0.678431392, 0.945098042, 0.270588249
vb0[574]+000 TEXCOORD3: 0.494117647, 0.678431392, 0.945098042, 0.270588249

vb0[575]+000 POSITION: -1.7421875, 4.109375, 0.890625, 1
vb0[575]+008 NORMAL: -0.96062994, -0.259842515, -0.102362208, 0
vb0[575]+012 COLOR: 0.866666675, 0.160784319, 0.490196079, 0.670588255
vb0[575]+016 TEXCOORD: 0.000918388367, 1
vb0[575]+020 TEXCOORD1: 2.20117188, 0.397705078
vb0[575]+000 TEXCOORD2: 0.972549021, 0.745098054, 0.109803922, 0.266666681
vb0[575]+000 TEXCOORD3: 0.972549021, 0.745098054, 0.109803922, 0.266666681

vb0[576]+000 POSITION: 1.69824219, 4.49609375, 0.875, 1
vb0[576]+008 NORMAL: 0.566929162, -0.157480314, 0.803149581, 0
vb0[576]+012 COLOR: 0.909803927, 0.4627451, 0.211764708, 0.686274529
vb0[576]+016 TEXCOORD: 0.509765625, 0.00245857239
vb0[576]+020 TEXCOORD1: 3.01367188, 0.793945313
vb0[576]+000 TEXCOORD2: 0.796078444, 0.243137255, 0.498039216, 0.266666681
vb0[576]+000 TEXCOORD3: 0.796078444, 0.243137255, 0.498039216, 0.266666681

vb0[577]+000 POSITION: 1.98632813, 6.60546875, 1.01855469, 1
vb0[577]+008 NORMAL: 0.543307066, -0.11811024, 0.834645689, 0
vb0[577]+012 COLOR: 0.909803927, 0.4627451, 0.211764708, 0.505882382
vb0[577]+016 TEXCOORD: 0.000963687897, 0.00245857239
vb0[577]+020 TEXCOORD1: 3.41210938, 0.814453125
vb0[577]+000 TEXCOORD2: 0.949019611, 0.247058824, 0.607843161, 0.274509817
vb0[577]+000 TEXCOORD3: 0.949019611, 0.247058824, 0.607843161, 0.274509817

vb0[578]+000 POSITION: 2.92578125, 4.89453125, 2.5703125, 1
vb0[578]+008 NORMAL: 0.55905509, -0.133858263, 0.818897665, 0
vb0[578]+012 COLOR: 0.909803927, 0.4627451, 0.211764708, 0.866666675
vb0[578]+016 TEXCOORD: 0.509765625, 1
vb0[578]+020 TEXCOORD1: 3.01171875, 0.744628906
vb0[578]+000 TEXCOORD2: 0.854901969, 0.254901975, 0.898039222, 0.266666681
vb0[578]+000 TEXCOORD3: 0.854901969, 0.254901975, 0.898039222, 0.266666681

vb0[579]+000 POSITION: 3.484375, 7.44921875, 3.04296875, 1
vb0[579]+008 NORMAL: 0.748031497, 0.0314960629, 0.661417305, 0
vb0[579]+012 COLOR: 0.909803927, 0.4627451, 0.211764708, 0.56078434
vb0[579]+016 TEXCOORD: 0.000918388367, 1
vb0[579]+020 TEXCOORD1: 3.3671875, 0.819824219
vb0[579]+000 TEXCOORD2: 0.972549021, 0.258823544, 0.450980395, 0.278431386
vb0[579]+000 TEXCOORD3: 0.972549021, 0.258823544, 0.450980395, 0.278431386

vb0[580]+000 POSITION: 2.6796875, 6.609375, 0.790527344, 1
vb0[580]+008 NORMAL: 1, -0.0629921257, 0.0472440943, 0
vb0[580]+012 COLOR: 0.160784319, 0.368627459, 0.156862751, 0.654901981
vb0[580]+016 TEXCOORD: 0.509765625, 1
vb0[580]+020 TEXCOORD1: 3.3671875, 0.819824219
vb0[580]+000 TEXCOORD2: 0.360784322, 0.254901975, 0.611764729, 0.274509817
vb0[580]+000 TEXCOORD3: 0.360784322, 0.254901975, 0.611764729, 0.274509817

vb0[581]+000 POSITION: 3.55664063, 4.96484375, 0.546875, 1
vb0[581]+008 NORMAL: 0.992125988, -0.0787401572, 0.0629921257, 0
vb0[581]+012 COLOR: 0.160784319, 0.368627459, 0.156862751, 0.796078444
vb0[581]+016 TEXCOORD: 0.000963687897, 0.00245857239
vb0[581]+020 TEXCOORD1: 3.01171875, 0.744628906
vb0[581]+000 TEXCOORD2: 0.113725491, 0.262745112, 0.968627453, 0.266666681
vb0[581]+000 TEXCOORD3: 0.113725491, 0.262745112, 0.968627453, 0.266666681

vb0[582]+000 POSITION: 2.38476563, 5.2578125, 1.59179688, 1
vb0[582]+008 NORMAL: 0.992125988, -0.0787401572, 0.05511811, 0
vb0[582]+012 COLOR: 0.160784319, 0.368627459, 0.156862751, 0.741176486
vb0[582]+016 TEXCOORD: 0.509765625, 0.00245857239
vb0[582]+020 TEXCOORD1: 3.01171875, 0.744628906
vb0[582]+000 TEXCOORD2: 0.772549033, 0.250980407, 0.258823544, 0.270588249
vb0[582]+000 TEXCOORD3: 0.772549033, 0.250980407, 0.258823544, 0.270588249

vb0[583]+000 POSITION: 4.125, 6.515625, -0.600585938, 1
vb0[583]+008 NORMAL: 0.968503952, -0.0472440943, -0.228346452, 0
vb0[583]+012 COLOR: 0.160784319, 0.368627459, 0.156862751, 0.4627451
vb0[583]+016 TEXCOORD: 0.000918388367, 1
vb0[583]+020 TEXCOORD1: 0.592773438, 0.805664063
vb0[583]+000 TEXCOORD2: 0.125490203, 0.266666681, 0.517647088, 0.274509817
vb0[583]+000 TEXCOORD3: 0.125490203, 0.266666681, 0.517647088, 0.274509817

vb0[584]+000 POSITION: 1.28710938, 10.2578125, 1.79003906, 1
vb0[584]+008 NORMAL: 0.755905509, 0.0708661452, 0.653543293, 0
vb0[584]+012 COLOR: 0.815686285, 0.41568628, 0.87843138, 0.329411775
vb0[584]+016 TEXCOORD: 0.509765625, 0.00245857239
vb0[584]+020 TEXCOORD1: 3.10742188, 0.879394531
vb0[584]+000 TEXCOORD2: 0.149019614, 0.239215687, 0.129411772, 0.286274523
vb0[584]+000 TEXCOORD3: 0.149019614, 0.239215687, 0.129411772, 0.286274523

vb0[585]+000 POSITION: 0.557128906, 7.5234375, 1.79785156, 1
vb0[585]+008 NORMAL: 0.692913413, -0.0314960629, 0.724409461, 0
vb0[585]+012 COLOR: 0.815686285, 0.41568628, 0.87843138, 0.156862751
vb0[585]+016 TEXCOORD: 0.000963687897, 0.00245857239
vb0[585]+020 TEXCOORD1: 3.14648438, 0.9296875
vb0[585]+000 TEXCOORD2: 0.458823532, 0.219607845, 0.525490224, 0.278431386
vb0[585]+000 TEXCOORD3: 0.458823532, 0.219607845, 0.525490224, 0.278431386

vb0[586]+000 POSITION: 3.01171875, 8.8515625, 0.0419006348, 1
vb0[586]+008 NORMAL: 0.803149581, 0.0393700786, 0.590551198, 0
vb0[586]+012 COLOR: 0.815686285, 0.41568628, 0.87843138, 0.305882365
vb0[586]+016 TEXCOORD: 0.509765625, 1
vb0[586]+020 TEXCOORD1: 3.44726563, 0.814453125
vb0[586]+000 TEXCOORD2: 0.0235294122, 0.258823544, 0.427450985, 0.282352954
vb0[586]+000 TEXCOORD3: 0.0235294122, 0.258823544, 0.427450985, 0.282352954

vb0[587]+000 POSITION: 2.45507813, 5.40625, -0.24987793, 1
vb0[587]+008 NORMAL: 0.952755928, -0.0787401572, 0.299212605, 0
vb0[587]+012 COLOR: 0.815686285, 0.41568628, 0.87843138, 0.447058827
vb0[587]+016 TEXCOORD: 0.000918388367, 1
vb0[587]+020 TEXCOORD1: 0.126464844, 0.979492188
vb0[587]+000 TEXCOORD2: 0.913725495, 0.250980407, 0.407843143, 0.270588249
vb0[587]+000 TEXCOORD3: 0.913725495, 0.250980407, 0.407843143, 0.270588249

vb0[588]+000 POSITION: 1.40136719, 9.265625, -0.823242188, 1
vb0[588]+008 NORMAL: 0.496062994, 0.125984251, -0.858267725, 0
vb0[588]+012 COLOR: 0.776470602, 0.376470596, 0.898039222, 0.56078434
vb0[588]+016 TEXCOORD: 0.509765625, 0.00245857239
vb0[588]+020 TEXCOORD1: 3.4140625, 0.881835938
vb0[588]+000 TEXCOORD2: 0.607843161, 0.239215687, 0.635294139, 0.282352954
vb0[588]+000 TEXCOORD3: 0.607843161, 0.239215687, 0.635294139, 0.282352954

vb0[589]+000 POSITION: 0.754882813, 7.16015625, -1.03613281, 1
vb0[589]+008 NORMAL: 0.535433054, 0.0393700786, -0.842519701, 0
vb0[589]+012 COLOR: 0.776470602, 0.376470596, 0.898039222, 0.521568656
vb0[589]+016 TEXCOORD: 0.000963687897, 0.00245857239
vb0[589]+020 TEXCOORD1: 0.530761719, 0.828613281
vb0[589]+000 TEXCOORD2: 0.0392156877, 0.227450982, 0.160784319, 0.278431386
vb0[589]+000 TEXCOORD3: 0.0392156877, 0.227450982, 0.160784319, 0.278431386

vb0[590]+000 POSITION: 2.82617188, 8.21875, -2.14648438, 1
vb0[590]+008 NORMAL: 0.464566916, 0.0629921257, -0.88188976, 0
vb0[590]+012 COLOR: 0.776470602, 0.376470596, 0.898039222, 0.0392156877
vb0[590]+016 TEXCOORD: 0.509765625, 1
vb0[590]+020 TEXCOORD1: 0.592773438, 0.805664063
vb0[590]+000 TEXCOORD2: 0.654901981, 0.254901975, 0.109803922, 0.282352954
vb0[590]+000 TEXCOORD3: 0.654901981, 0.254901975, 0.109803922, 0.282352954

vb0[591]+000 POSITION: 2.31640625, 5.5703125, -2.62304688, 1
vb0[591]+008 NORMAL: 0.622047246, 0.0314960629, -0.779527545, 0
vb0[591]+012 COLOR: 0.776470602, 0.376470596, 0.898039222, 0.639215708
vb0[591]+016 TEXCOORD: 0.000918388367, 1
vb0[591]+020 TEXCOORD1: 0.0924682617, 0.9921875
vb0[591]+000 TEXCOORD2: 0.635294139, 0.250980407, 0.572549045, 0.270588249
vb0[591]+000 TEXCOORD3: 0.635294139, 0.250980407, 0.572549045, 0.270588249

vb0[592]+000 POSITION: 2.06445313, 13.0234375, -0.0079498291, 1
vb0[592]+008 NORMAL: 0.377952754, 0.354330719, -0.858267725, 0
vb0[592]+012 COLOR: 0.898039222, 0.333333343, 0.250980407, 0.345098048
vb0[592]+016 TEXCOORD: 0.509765625, 0.00245857239
vb0[592]+020 TEXCOORD1: 0.250732422, 0.968261719
vb0[592]+000 TEXCOORD2: 0.129411772, 0.250980407, 0.513725519, 0.290196091
vb0[592]+000 TEXCOORD3: 0.129411772, 0.250980407, 0.513725519, 0.290196091

vb0[593]+000 POSITION: 1.47167969, 10.4609375, 0.777832031, 1
vb0[593]+008 NORMAL: -0.11811024, 0.22047244, -0.968503952, 0
vb0[593]+012 COLOR: 0.898039222, 0.333333343, 0.250980407, 0.376470596
vb0[593]+016 TEXCOORD: 0.000963687897, 0.00245857239
vb0[593]+020 TEXCOORD1: 0.250732422, 0.968261719
vb0[593]+000 TEXCOORD2: 0.890196085, 0.239215687, 0.23137255, 0.286274523
vb0[593]+000 TEXCOORD3: 0.890196085, 0.239215687, 0.23137255, 0.286274523

vb0[594]+000 POSITION: 0.414306641, 11.8984375, -1.89257813, 1
vb0[594]+008 NORMAL: -0.00787401572, 0.228346452, -0.976377964, 0
vb0[594]+012 COLOR: 0.898039222, 0.333333343, 0.250980407, 0.447058827
vb0[594]+016 TEXCOORD: 0.509765625, 1
vb0[594]+020 TEXCOORD1: 0.236083984, 0.965332031
vb0[594]+000 TEXCOORD2: 0.631372571, 0.211764708, 0.952941179, 0.286274523
vb0[594]+000 TEXCOORD3: 0.631372571, 0.211764708, 0.952941179, 0.286274523

vb0[595]+000 POSITION: -0.575195313, 8.6796875, -1.30175781, 1
vb0[595]+008 NORMAL: -0.283464581, 0.157480314, -0.944881916, 0
vb0[595]+012 COLOR: 0.898039222, 0.333333343, 0.250980407, 0.360784322
vb0[595]+016 TEXCOORD: 0.000918388367, 1
vb0[595]+020 TEXCOORD1: -0.0213928223, 0.815917969
vb0[595]+000 TEXCOORD2: 0.603921592, 0.721568644, 0.34117648, 0.282352954
vb0[595]+000 TEXCOORD3: 0.603921592, 0.721568644, 0.34117648, 0.282352954

vb0[596]+000 POSITION: 0.353271484, 8.8046875, 0.7421875, 1
vb0[596]+008 NORMAL: 0.48031497, 0.291338593, -0.826771677, 0
vb0[596]+012 COLOR: 0.90196079, 0.450980395, 0.203921571, 0.188235298
vb0[596]+016 TEXCOORD: 0.509765625, 0.00245857239
vb0[596]+020 TEXCOORD1: 3.14257813, 0.926757813
vb0[596]+000 TEXCOORD2: 0.654901981, 0.20784314, 0.403921574, 0.282352954
vb0[596]+000 TEXCOORD3: 0.654901981, 0.20784314, 0.403921574, 0.282352954

vb0[597]+000 POSITION: -0.599609375, 11.9765625, -1.08105469, 1
vb0[597]+008 NORMAL: -0.212598428, 0.40157479, -0.889763772, 0
vb0[597]+012 COLOR: 0.90196079, 0.4627451, 0.203921571, 0.0156862754
vb0[597]+016 TEXCOORD: 0.000963687897, 0.00245857239
vb0[597]+020 TEXCOORD1: -0.307373047, 0.870605469
vb0[597]+000 TEXCOORD2: 0.800000012, 0.721568644, 0.992156863, 0.286274523
vb0[597]+000 TEXCOORD3: 0.800000012, 0.721568644, 0.992156863, 0.286274523

vb0[598]+000 POSITION: 2.00585938, 11.7109375, 2.5078125, 1
vb0[598]+008 NORMAL: 0.00787401572, 0.409448832, -0.913385808, 0
vb0[598]+012 COLOR: 0.90196079, 0.4627451, 0.203921571, 0.329411775
vb0[598]+016 TEXCOORD: 0.509765625, 1
vb0[598]+020 TEXCOORD1: 3.13476563, 0.889160156
vb0[598]+000 TEXCOORD2: 0.0117647061, 0.250980407, 0.858823538, 0.286274523
vb0[598]+000 TEXCOORD3: 0.0117647061, 0.250980407, 0.858823538, 0.286274523

vb0[599]+000 POSITION: 0.638671875, 15.2109375, 0.340820313, 1
vb0[599]+008 NORMAL: -0.503937006, 0.535433054, -0.677165329, 0
vb0[599]+012 COLOR: 0.90196079, 0.474509805, 0.203921571, 0.0627451017
vb0[599]+016 TEXCOORD: 0.000918388367, 1
vb0[599]+020 TEXCOORD1: -0.123291016, 0.984863281
vb0[599]+000 TEXCOORD2: 0.109803922, 0.223529413, 0.607843161, 0.294117659
vb0[599]+000 TEXCOORD3: 0.109803922, 0.223529413, 0.607843161, 0.294117659

vb0[600]+000 POSITION: -1.00292969, 5.34375, -4.93359375, 1
vb0[600]+008 NORMAL: -0.275590539, -0.0472440943, -0.96062994, 0
vb0[600]+012 COLOR: 0.0588235296, 0.458823532, 0.733333349, 0.835294127
vb0[600]+016 TEXCOORD: 1, 0.00245857239
vb0[600]+020 TEXCOORD1: 0.0800170898, 0.996582031
vb0[600]+000 TEXCOORD2: 0.0117647061, 0.737254918, 0.345098048, 0.270588249
vb0[600]+000 TEXCOORD3: 0.0117647061, 0.737254918, 0.345098048, 0.270588249

vb0[601]+000 POSITION: 0.0369567871, 4.94140625, -3.23632813, 1
vb0[601]+008 NORMAL: -0.102362208, -0.05511811, -0.992125988, 0
vb0[601]+012 COLOR: 0.0588235296, 0.458823532, 0.733333349, 0.921568632
vb0[601]+016 TEXCOORD: 0.509277344, 0.00245857239
vb0[601]+020 TEXCOORD1: 0.0800170898, 0.996582031
vb0[601]+000 TEXCOORD2: 0.733333349, 0.156862751, 0.945098042, 0.266666681
vb0[601]+000 TEXCOORD3: 0.733333349, 0.156862751, 0.945098042, 0.266666681

vb0[602]+000 POSITION: 0.670410156, 7.10546875, -1.4609375, 1
vb0[602]+008 NORMAL: 0.0236220472, -0.05511811, -1, 0
vb0[602]+012 COLOR: 0.0588235296, 0.458823532, 0.733333349, 0.592156887
vb0[602]+016 TEXCOORD: 0.509277344, 1
vb0[602]+020 TEXCOORD1: 0.104003906, 0.987792969
vb0[602]+000 TEXCOORD2: 0.36470589, 0.223529413, 0.105882354, 0.278431386
vb0[602]+000 TEXCOORD3: 0.36470589, 0.223529413, 0.105882354, 0.278431386

vb0[603]+000 POSITION: -0.407226563, 6.87109375, -3.734375, 1
vb0[603]+008 NORMAL: -0.00787401572, -0.0393700786, -1, 0
vb0[603]+012 COLOR: 0.0588235296, 0.458823532, 0.733333349, 0.952941179
vb0[603]+016 TEXCOORD: 1, 1
vb0[603]+020 TEXCOORD1: 0.0800170898, 0.996582031
vb0[603]+000 TEXCOORD2: 0.517647088, 0.713725507, 0.874509811, 0.274509817
vb0[603]+000 TEXCOORD3: 0.517647088, 0.713725507, 0.874509811, 0.274509817

vb0[604]+000 POSITION: 2.34765625, 7.828125, -0.444824219, 1
vb0[604]+008 NORMAL: 0.818897665, 0.0472440943, -0.574803174, 0
vb0[604]+012 COLOR: 0.709803939, 0.470588237, 0.952941179, 0.529411793
vb0[604]+016 TEXCOORD: 0.509277344, 1
vb0[604]+020 TEXCOORD1: 3.55078125, 0.808105469
vb0[604]+000 TEXCOORD2: 0.698039234, 0.250980407, 0.831372559, 0.278431386
vb0[604]+000 TEXCOORD3: 0.698039234, 0.250980407, 0.831372559, 0.278431386

vb0[605]+000 POSITION: 4.66796875, 6.2734375, -1.62011719, 1
vb0[605]+008 NORMAL: 0.889763772, 0.0393700786, -0.448818892, 0
vb0[605]+012 COLOR: 0.709803939, 0.470588237, 0.952941179, 0.874509811
vb0[605]+016 TEXCOORD: 0.509277344, 0.00245857239
vb0[605]+020 TEXCOORD1: 0.592773438, 0.805664063
vb0[605]+000 TEXCOORD2: 0.670588255, 0.266666681, 0.274509817, 0.274509817
vb0[605]+000 TEXCOORD3: 0.670588255, 0.266666681, 0.274509817, 0.274509817

vb0[606]+000 POSITION: 6.453125, 7.40234375, -2.37109375, 1
vb0[606]+008 NORMAL: 0.858267725, 0.0866141766, -0.503937006, 0
vb0[606]+012 COLOR: 0.709803939, 0.470588237, 0.952941179, 0.866666675
vb0[606]+016 TEXCOORD: 1, 0.00245857239
vb0[606]+020 TEXCOORD1: 0.592773438, 0.805664063
vb0[606]+000 TEXCOORD2: 0.454901963, 0.274509817, 0.403921574, 0.278431386
vb0[606]+000 TEXCOORD3: 0.454901963, 0.274509817, 0.403921574, 0.278431386

vb0[607]+000 POSITION: 4.72265625, 8.5234375, -1.49511719, 1
vb0[607]+008 NORMAL: 0.88188976, 0.0629921257, -0.472440958, 0
vb0[607]+012 COLOR: 0.709803939, 0.470588237, 0.952941179, 0.733333349
vb0[607]+016 TEXCOORD: 1, 1
vb0[607]+020 TEXCOORD1: 0.592773438, 0.805664063
vb0[607]+000 TEXCOORD2: 0.725490212, 0.266666681, 0.262745112, 0.282352954
vb0[607]+000 TEXCOORD3: 0.725490212, 0.266666681, 0.262745112, 0.282352954

vb0[608]+000 POSITION: 0.698242188, 7.5, 2.66601563, 1
vb0[608]+008 NORMAL: 0.14173229, 0.0236220472, 0.992125988, 0
vb0[608]+012 COLOR: 0.0901960805, 0.78039217, 0.568627477, 0.494117647
vb0[608]+016 TEXCOORD: 0.509277344, 1
vb0[608]+020 TEXCOORD1: 3.16601563, 0.77734375
vb0[608]+000 TEXCOORD2: 0.588235319, 0.223529413, 0.501960814, 0.278431386
vb0[608]+000 TEXCOORD3: 0.588235319, 0.223529413, 0.501960814, 0.278431386

vb0[609]+000 POSITION: 0.157226563, 5.88671875, 5.078125, 1
vb0[609]+008 NORMAL: 0.0944881886, 0.0157480314, 0.992125988, 0
vb0[609]+012 COLOR: 0.0901960805, 0.78039217, 0.568627477, 0.874509811
vb0[609]+016 TEXCOORD: 0.509277344, 0.00245857239
vb0[609]+020 TEXCOORD1: 3.01171875, 0.744628906
vb0[609]+000 TEXCOORD2: 0.0313725509, 0.192156866, 0.890196085, 0.270588249
vb0[609]+000 TEXCOORD3: 0.0313725509, 0.192156866, 0.890196085, 0.270588249

vb0[610]+000 POSITION: 0.802734375, 6.58203125, 7.0390625, 1
vb0[610]+008 NORMAL: 0.0236220472, 0.0157480314, 1, 0
vb0[610]+012 COLOR: 0.0901960805, 0.78039217, 0.568627477, 0.772549033
vb0[610]+016 TEXCOORD: 1, 0.00245857239
vb0[610]+020 TEXCOORD1: 3.01171875, 0.744628906
vb0[610]+000 TEXCOORD2: 0.423529416, 0.227450982, 0.58431375, 0.274509817
vb0[610]+000 TEXCOORD3: 0.423529416, 0.227450982, 0.58431375, 0.274509817

vb0[611]+000 POSITION: 1.40625, 7.6796875, 5.2578125, 1
vb0[611]+008 NORMAL: 0.0472440943, 0.0314960629, 1, 0
vb0[611]+012 COLOR: 0.0901960805, 0.78039217, 0.568627477, 0.592156887
vb0[611]+016 TEXCOORD: 1, 1
vb0[611]+020 TEXCOORD1: 3.01171875, 0.744628906
vb0[611]+000 TEXCOORD2: 0.627451003, 0.239215687, 0.68235296, 0.278431386
vb0[611]+000 TEXCOORD3: 0.627451003, 0.239215687, 0.68235296, 0.278431386

vb0[612]+000 POSITION: 1.72949219, 9.1875, 2.55859375, 1
vb0[612]+008 NORMAL: 0.417322844, 0.14173229, 0.897637784, 0
vb0[612]+012 COLOR: 0.0352941193, 0.588235319, 0.666666687, 0.56078434
vb0[612]+016 TEXCOORD: 0.509277344, 1
vb0[612]+020 TEXCOORD1: 3.33007813, 0.819335938
vb0[612]+000 TEXCOORD2: 0.921568632, 0.243137255, 0.596078455, 0.282352954
vb0[612]+000 TEXCOORD3: 0.921568632, 0.243137255, 0.596078455, 0.282352954

vb0[613]+000 POSITION: 2.36914063, 7.90625, 4.828125, 1
vb0[613]+008 NORMAL: 0.464566916, 0.14173229, 0.874015749, 0
vb0[613]+012 COLOR: 0.0352941193, 0.588235319, 0.666666687, 0.843137264
vb0[613]+016 TEXCOORD: 0.509277344, 0.00245857239
vb0[613]+020 TEXCOORD1: 3.3671875, 0.819824219
vb0[613]+000 TEXCOORD2: 0.741176486, 0.250980407, 0.909803927, 0.278431386
vb0[613]+000 TEXCOORD3: 0.741176486, 0.250980407, 0.909803927, 0.278431386

vb0[614]+000 POSITION: 3.07226563, 8.8125, 6.5234375, 1
vb0[614]+008 NORMAL: 0.472440958, 0.14173229, 0.866141737, 0
vb0[614]+012 COLOR: 0.0352941193, 0.588235319, 0.666666687, 0.874509811
vb0[614]+016 TEXCOORD: 1, 0.00245857239
vb0[614]+020 TEXCOORD1: 3.3671875, 0.819824219
vb0[614]+000 TEXCOORD2: 0.145098045, 0.258823544, 0.407843143, 0.282352954
vb0[614]+000 TEXCOORD3: 0.145098045, 0.258823544, 0.407843143, 0.282352954

vb0[615]+000 POSITION: 2.7578125, 9.9296875, 4.83984375, 1
vb0[615]+008 NORMAL: 0.464566916, 0.14173229, 0.874015749, 0
vb0[615]+012 COLOR: 0.0352941193, 0.588235319, 0.666666687, 0.733333349
vb0[615]+016 TEXCOORD: 1, 1
vb0[615]+020 TEXCOORD1: 3.3671875, 0.819824219
vb0[615]+000 TEXCOORD2: 0.517647088, 0.254901975, 0.968627453, 0.282352954
vb0[615]+000 TEXCOORD3: 0.517647088, 0.254901975, 0.968627453, 0.282352954

vb0[616]+000 POSITION: 2.10546875, 10.46875, 5.99609375, 1
vb0[616]+008 NORMAL: 0.362204731, 0.165354326, 0.913385808, 0
vb0[616]+012 COLOR: 0.968627453, 0.325490206, 0.53725493, 0.709803939
vb0[616]+016 TEXCOORD: 1, 0.00245857239
vb0[616]+020 TEXCOORD1: 3.3671875, 0.819824219
vb0[616]+000 TEXCOORD2: 0.211764708, 0.250980407, 0.235294119, 0.286274523
vb0[616]+000 TEXCOORD3: 0.211764708, 0.250980407, 0.235294119, 0.286274523

vb0[617]+000 POSITION: 1.72851563, 8.703125, 4.734375, 1
vb0[617]+008 NORMAL: 0.40157479, 0.157480314, 0.905511796, 0
vb0[617]+012 COLOR: 0.968627453, 0.325490206, 0.53725493, 0.529411793
vb0[617]+016 TEXCOORD: 0.509277344, 0.00245857239
vb0[617]+020 TEXCOORD1: 3.3671875, 0.819824219
vb0[617]+000 TEXCOORD2: 0.917647064, 0.243137255, 0.352941185, 0.282352954
vb0[617]+000 TEXCOORD3: 0.917647064, 0.243137255, 0.352941185, 0.282352954

vb0[618]+000 POSITION: 1.83300781, 8.9296875, 2.08007813, 1
vb0[618]+008 NORMAL: 0.370078743, 0.149606302, 0.913385808, 0
vb0[618]+012 COLOR: 0.968627453, 0.325490206, 0.53725493, 0.41568628
vb0[618]+016 TEXCOORD: 0.509277344, 1
vb0[618]+020 TEXCOORD1: 3.3671875, 0.819824219
vb0[618]+000 TEXCOORD2: 0.333333343, 0.247058824, 0.466666669, 0.282352954
vb0[618]+000 TEXCOORD3: 0.333333343, 0.247058824, 0.466666669, 0.282352954

vb0[619]+000 POSITION: 2.49804688, 10.578125, 3.83398438, 1
vb0[619]+008 NORMAL: 0.40157479, 0.157480314, 0.905511796, 0
vb0[619]+012 COLOR: 0.968627453, 0.325490206, 0.53725493, 0.858823538
vb0[619]+016 TEXCOORD: 1, 1
vb0[619]+020 TEXCOORD1: 3.3671875, 0.819824219
vb0[619]+000 TEXCOORD2: 1, 0.250980407, 0.290196091, 0.286274523
vb0[619]+000 TEXCOORD3: 1, 0.250980407, 0.290196091, 0.286274523

vb0[620]+000 POSITION: 1.67871094, 5.69140625, 1.140625, 1
vb0[620]+008 NORMAL: 0.952755928, -0.0708661452, 0.307086617, 0
vb0[620]+012 COLOR: 0.494117647, 0.0705882385, 0.752941191, 0.4627451
vb0[620]+016 TEXCOORD: 0.509277344, 1
vb0[620]+020 TEXCOORD1: 2.9765625, 0.675292969
vb0[620]+000 TEXCOORD2: 0.717647076, 0.243137255, 0.694117665, 0.270588249
vb0[620]+000 TEXCOORD3: 0.717647076, 0.243137255, 0.694117665, 0.270588249

vb0[621]+000 POSITION: 4.19140625, 4.890625, 0.56640625, 1
vb0[621]+008 NORMAL: 0.905511796, -0.0472440943, 0.417322844, 0
vb0[621]+012 COLOR: 0.494117647, 0.0705882385, 0.752941191, 0.921568632
vb0[621]+016 TEXCOORD: 0.509277344, 0.00245857239
vb0[621]+020 TEXCOORD1: 3.01171875, 0.744628906
vb0[621]+000 TEXCOORD2: 0.192156866, 0.266666681, 0.894117653, 0.266666681
vb0[621]+000 TEXCOORD3: 0.192156866, 0.266666681, 0.894117653, 0.266666681

vb0[622]+000 POSITION: 5.7109375, 5.96484375, 1.68261719, 1
vb0[622]+008 NORMAL: 0.952755928, -0.0393700786, 0.291338593, 0
vb0[622]+012 COLOR: 0.494117647, 0.0705882385, 0.752941191, 0.796078444
vb0[622]+016 TEXCOORD: 1, 0.00245857239
vb0[622]+020 TEXCOORD1: 3.01171875, 0.744628906
vb0[622]+000 TEXCOORD2: 0.713725507, 0.270588249, 0.968627453, 0.270588249
vb0[622]+000 TEXCOORD3: 0.713725507, 0.270588249, 0.968627453, 0.270588249

vb0[623]+000 POSITION: 3.65820313, 5.96875, 2.390625, 1
vb0[623]+008 NORMAL: 0.905511796, -0.0314960629, 0.417322844, 0
vb0[623]+012 COLOR: 0.494117647, 0.0705882385, 0.752941191, 0.811764717
vb0[623]+016 TEXCOORD: 1, 1
vb0[623]+020 TEXCOORD1: 3.01171875, 0.744628906
vb0[623]+000 TEXCOORD2: 0.31764707, 0.262745112, 0.972549021, 0.270588249
vb0[623]+000 TEXCOORD3: 0.31764707, 0.262745112, 0.972549021, 0.270588249

vb0[624]+000 POSITION: 1.33203125, 7.08984375, -1.16601563, 1
vb0[624]+008 NORMAL: 0.692913413, 0.0157480314, -0.724409461, 0
vb0[624]+012 COLOR: 0.843137264, 0.666666687, 0.823529422, 0.470588237
vb0[624]+016 TEXCOORD: 0.509277344, 1
vb0[624]+020 TEXCOORD1: 0.493652344, 0.842285156
vb0[624]+000 TEXCOORD2: 0.329411775, 0.239215687, 0.0901960805, 0.278431386
vb0[624]+000 TEXCOORD3: 0.329411775, 0.239215687, 0.0901960805, 0.278431386

vb0[625]+000 POSITION: 3.27734375, 5.484375, -2.59765625, 1
vb0[625]+008 NORMAL: 0.645669281, 0.0157480314, -0.763779521, 0
vb0[625]+012 COLOR: 0.843137264, 0.666666687, 0.823529422, 0.701960802
vb0[625]+016 TEXCOORD: 0.509277344, 0.00245857239
vb0[625]+020 TEXCOORD1: 0.0800170898, 0.996582031
vb0[625]+000 TEXCOORD2: 0.556862772, 0.258823544, 0.486274511, 0.270588249
vb0[625]+000 TEXCOORD3: 0.556862772, 0.258823544, 0.486274511, 0.270588249

vb0[626]+000 POSITION: 4.41796875, 6.46875, -4.08984375, 1
vb0[626]+008 NORMAL: 0.622047246, 0.0157480314, -0.787401557, 0
vb0[626]+012 COLOR: 0.843137264, 0.666666687, 0.823529422, 0.796078444
vb0[626]+016 TEXCOORD: 1, 0.00245857239
vb0[626]+020 TEXCOORD1: 0.592773438, 0.805664063
vb0[626]+000 TEXCOORD2: 0.419607848, 0.266666681, 0.470588237, 0.274509817
vb0[626]+000 TEXCOORD3: 0.419607848, 0.266666681, 0.470588237, 0.274509817

vb0[627]+000 POSITION: 2.81640625, 7.49609375, -3.15234375, 1
vb0[627]+008 NORMAL: 0.566929162, 0.0393700786, -0.818897665, 0
vb0[627]+012 COLOR: 0.843137264, 0.666666687, 0.823529422, 0.501960814
vb0[627]+016 TEXCOORD: 1, 1
vb0[627]+020 TEXCOORD1: 0.592773438, 0.805664063
vb0[627]+000 TEXCOORD2: 0.635294139, 0.254901975, 0.498039216, 0.278431386
vb0[627]+000 TEXCOORD3: 0.635294139, 0.254901975, 0.498039216, 0.278431386

vb0[628]+000 POSITION: 2.26757813, 7.17578125, -5.23828125, 1
vb0[628]+008 NORMAL: 0.259842515, 0, -0.968503952, 0
vb0[628]+012 COLOR: 0.345098048, 0.0313725509, 0.411764711, 0.749019623
vb0[628]+016 TEXCOORD: 1, 0.00245857239
vb0[628]+020 TEXCOORD1: 0.0800170898, 0.996582031
vb0[628]+000 TEXCOORD2: 0.53725493, 0.250980407, 0.176470593, 0.278431386
vb0[628]+000 TEXCOORD3: 0.53725493, 0.250980407, 0.176470593, 0.278431386

vb0[629]+000 POSITION: 2.30859375, 6.4453125, -3.11914063, 1
vb0[629]+008 NORMAL: 0.236220479, -0.00787401572, -0.968503952, 0
vb0[629]+012 COLOR: 0.345098048, 0.0313725509, 0.411764711, 0.890196085
vb0[629]+016 TEXCOORD: 0.509277344, 0.00245857239
vb0[629]+020 TEXCOORD1: 0.0800170898, 0.996582031
vb0[629]+000 TEXCOORD2: 0.619607866, 0.250980407, 0.447058827, 0.274509817
vb0[629]+000 TEXCOORD3: 0.619607866, 0.250980407, 0.447058827, 0.274509817

vb0[630]+000 POSITION: 0.341796875, 7.0546875, -1.31347656, 1
vb0[630]+008 NORMAL: 0.299212605, 0, -0.952755928, 0
vb0[630]+012 COLOR: 0.345098048, 0.0313725509, 0.411764711, 0.513725519
vb0[630]+016 TEXCOORD: 0.509277344, 1
vb0[630]+020 TEXCOORD1: 3.3671875, 0.871582031
vb0[630]+000 TEXCOORD2: 0.470588237, 0.20784314, 0.0549019612, 0.278431386
vb0[630]+000 TEXCOORD3: 0.470588237, 0.20784314, 0.0549019612, 0.278431386

vb0[631]+000 POSITION: 0.392333984, 7.2421875, -4.0078125, 1
vb0[631]+008 NORMAL: 0.236220479, -0.00787401572, -0.968503952, 0
vb0[631]+012 COLOR: 0.345098048, 0.0313725509, 0.411764711, 0.937254906
vb0[631]+016 TEXCOORD: 1, 1
vb0[631]+020 TEXCOORD1: 0.0800170898, 0.996582031
vb0[631]+000 TEXCOORD2: 0.278431386, 0.211764708, 0.243137255, 0.278431386
vb0[631]+000 TEXCOORD3: 0.278431386, 0.211764708, 0.243137255, 0.278431386

vb0[632]+000 POSITION: -0.891601563, 8.4765625, -0.493164063, 1
vb0[632]+008 NORMAL: -0.685039341, 0.133858263, -0.716535449, 0
vb0[632]+012 COLOR: 0.874509811, 0.431372553, 0.176470593, 0.494117647
vb0[632]+016 TEXCOORD: 0.509277344, 1
vb0[632]+020 TEXCOORD1: -0.337402344, 0.826660156
vb0[632]+000 TEXCOORD2: 0.13333334, 0.733333349, 0.239215687, 0.282352954
vb0[632]+000 TEXCOORD3: 0.13333334, 0.733333349, 0.239215687, 0.282352954

vb0[633]+000 POSITION: -2.73242188, 7.87109375, -2.47460938, 1
vb0[633]+008 NORMAL: -0.677165329, 0.11811024, -0.724409461, 0
vb0[633]+012 COLOR: 0.874509811, 0.431372553, 0.176470593, 0.890196085
vb0[633]+016 TEXCOORD: 0.509277344, 0.00245857239
vb0[633]+020 TEXCOORD1: -0.564453125, 0.825683594
vb0[633]+000 TEXCOORD2: 0.466666669, 0.75686276, 0.874509811, 0.278431386
vb0[633]+000 TEXCOORD3: 0.466666669, 0.75686276, 0.874509811, 0.278431386

vb0[634]+000 POSITION: -3.46875, 9.546875, -3.69335938, 1
vb0[634]+008 NORMAL: -0.708661437, 0.157480314, -0.692913413, 0
vb0[634]+012 COLOR: 0.874509811, 0.431372553, 0.176470593, 0.796078444
vb0[634]+016 TEXCOORD: 1, 0.00245857239
vb0[634]+020 TEXCOORD1: -0.564453125, 0.825683594
vb0[634]+000 TEXCOORD2: 0.941176474, 0.760784328, 0.776470602, 0.282352954
vb0[634]+000 TEXCOORD3: 0.941176474, 0.760784328, 0.776470602, 0.282352954

vb0[635]+000 POSITION: -2.01367188, 9.9296875, -2.09179688, 1
vb0[635]+008 NORMAL: -0.692913413, 0.149606302, -0.708661437, 0
vb0[635]+012 COLOR: 0.874509811, 0.431372553, 0.176470593, 0.592156887
vb0[635]+016 TEXCOORD: 1, 1
vb0[635]+020 TEXCOORD1: -0.564453125, 0.825683594
vb0[635]+000 TEXCOORD2: 0.0274509806, 0.752941191, 0.968627453, 0.282352954
vb0[635]+000 TEXCOORD3: 0.0274509806, 0.752941191, 0.968627453, 0.282352954

vb0[636]+000 POSITION: -1.31445313, 8.0546875, 0.694824219, 1
vb0[636]+008 NORMAL: -0.984251976, -0.0236220472, 0.165354326, 0
vb0[636]+012 COLOR: 0.490196079, 0.466666669, 0, 0.576470613
vb0[636]+016 TEXCOORD: 0.509277344, 1
vb0[636]+020 TEXCOORD1: 2.44726563, 0.823730469
vb0[636]+000 TEXCOORD2: 0.258823544, 0.741176486, 0.0274509806, 0.282352954
vb0[636]+000 TEXCOORD3: 0.258823544, 0.741176486, 0.0274509806, 0.282352954

vb0[637]+000 POSITION: -2.89453125, 5.73828125, 0.873046875, 1
vb0[637]+008 NORMAL: -0.992125988, -0.0236220472, 0.102362208, 0
vb0[637]+012 COLOR: 0.490196079, 0.466666669, 0, 0.858823538
vb0[637]+016 TEXCOORD: 0.509277344, 0.00245857239
vb0[637]+020 TEXCOORD1: -0.564453125, 0.825683594
vb0[637]+000 TEXCOORD2: 0.792156875, 0.75686276, 0.741176486, 0.270588249
vb0[637]+000 TEXCOORD3: 0.792156875, 0.75686276, 0.741176486, 0.270588249

vb0[638]+000 POSITION: -5.01171875, 5.75, 0.916503906, 1
vb0[638]+008 NORMAL: -1, -0.0314960629, 0.0157480314, 0
vb0[638]+012 COLOR: 0.490196079, 0.466666669, 0, 0.843137264
vb0[638]+016 TEXCOORD: 1, 0.00245857239
vb0[638]+020 TEXCOORD1: -0.564453125, 0.825683594
vb0[638]+000 TEXCOORD2: 0.0117647061, 0.772549033, 0.752941191, 0.270588249
vb0[638]+000 TEXCOORD3: 0.0117647061, 0.772549033, 0.752941191, 0.270588249

vb0[639]+000 POSITION: -3.95898438, 7.5859375, 0.770019531, 1
vb0[639]+008 NORMAL: -0.992125988, 0, 0.0944881886, 0
vb0[639]+012 COLOR: 0.490196079, 0.466666669, 0, 0.921568632
vb0[639]+016 TEXCOORD: 1, 1
vb0[639]+020 TEXCOORD1: -0.564453125, 0.825683594
vb0[639]+000 TEXCOORD2: 0.921568632, 0.764705896, 0.588235319, 0.278431386
vb0[639]+000 TEXCOORD3: 0.921568632, 0.764705896, 0.588235319, 0.278431386

vb0[640]+000 POSITION: -0.643554688, 5.5078125, 1.61425781, 1
vb0[640]+008 NORMAL: -0.700787425, -0.125984251, 0.700787425, 0
vb0[640]+012 COLOR: 0.188235298, 0.372549027, 0.129411772, 0.4627451
vb0[640]+016 TEXCOORD: 0.509277344, 1
vb0[640]+020 TEXCOORD1: 2.46679688, 0.555175781
vb0[640]+000 TEXCOORD2: 0.149019614, 0.725490212, 0.509803951, 0.270588249
vb0[640]+000 TEXCOORD3: 0.149019614, 0.725490212, 0.509803951, 0.270588249

vb0[641]+000 POSITION: -2.09375, 3.73828125, 3.3046875, 1
vb0[641]+008 NORMAL: -0.590551198, -0.102362208, 0.803149581, 0
vb0[641]+012 COLOR: 0.188235298, 0.372549027, 0.129411772, 0.423529416
vb0[641]+016 TEXCOORD: 0.509277344, 0.00245857239
vb0[641]+020 TEXCOORD1: 2.20117188, 0.397705078
vb0[641]+000 TEXCOORD2: 0.188235298, 0.752941191, 0.478431374, 0.262745112
vb0[641]+000 TEXCOORD3: 0.188235298, 0.752941191, 0.478431374, 0.262745112

vb0[642]+000 POSITION: -3.47070313, 4.76171875, 4.2421875, 1
vb0[642]+008 NORMAL: -0.724409461, -0.0866141766, 0.685039341, 0
vb0[642]+012 COLOR: 0.188235298, 0.372549027, 0.129411772, 0.858823538
vb0[642]+016 TEXCOORD: 1, 0.00245857239
vb0[642]+020 TEXCOORD1: 2.20117188, 0.397705078
vb0[642]+000 TEXCOORD2: 0.945098042, 0.760784328, 0.764705896, 0.266666681
vb0[642]+000 TEXCOORD3: 0.945098042, 0.760784328, 0.764705896, 0.266666681

vb0[643]+000 POSITION: -2.37109375, 5.640625, 2.88671875, 1
vb0[643]+008 NORMAL: -0.732283473, -0.0944881886, 0.669291317, 0
vb0[643]+012 COLOR: 0.188235298, 0.372549027, 0.129411772, 0.513725519
vb0[643]+016 TEXCOORD: 1, 1
vb0[643]+020 TEXCOORD1: 2.20117188, 0.397705078
vb0[643]+000 TEXCOORD2: 0.745098054, 0.752941191, 0.643137276, 0.270588249
vb0[643]+000 TEXCOORD3: 0.745098054, 0.752941191, 0.643137276, 0.270588249

vb0[644]+000 POSITION: -2.66015625, 2.65234375, 3.91601563, 1
vb0[644]+008 NORMAL: -0.629921257, -0.22047244, 0.740157485, 0
vb0[644]+012 COLOR: 0.800000012, 0.603921592, 0.886274517, 0.827450991
vb0[644]+016 TEXCOORD: 1, 0.00245857239
vb0[644]+020 TEXCOORD1: 2.20117188, 0.397705078
vb0[644]+000 TEXCOORD2: 0.321568638, 0.75686276, 0.305882365, 0.254901975
vb0[644]+000 TEXCOORD3: 0.321568638, 0.75686276, 0.305882365, 0.254901975

vb0[645]+000 POSITION: -1, 2.78710938, 2.50390625, 1
vb0[645]+008 NORMAL: -0.637795269, -0.283464581, 0.716535449, 0
vb0[645]+012 COLOR: 0.800000012, 0.603921592, 0.886274517, 0.890196085
vb0[645]+016 TEXCOORD: 0.509277344, 0.00245857239
vb0[645]+020 TEXCOORD1: 2.20117188, 0.397705078
vb0[645]+000 TEXCOORD2: 0, 0.737254918, 0.576470613, 0.254901975
vb0[645]+000 TEXCOORD3: 0, 0.737254918, 0.576470613, 0.254901975

vb0[646]+000 POSITION: -0.288330078, 5.6796875, 1.28125, 1
vb0[646]+008 NORMAL: -0.692913413, -0.125984251, 0.708661437, 0
vb0[646]+012 COLOR: 0.800000012, 0.603921592, 0.886274517, 0.505882382
vb0[646]+016 TEXCOORD: 0.509277344, 1
vb0[646]+020 TEXCOORD1: 2.60742188, 0.544433594
vb0[646]+000 TEXCOORD2: 0.615686297, 0.70588237, 0.68235296, 0.270588249
vb0[646]+000 TEXCOORD3: 0.615686297, 0.70588237, 0.68235296, 0.270588249

vb0[647]+000 POSITION: -2.20703125, 4.56640625, 2.96679688, 1
vb0[647]+008 NORMAL: -0.645669281, -0.188976377, 0.740157485, 0
vb0[647]+012 COLOR: 0.800000012, 0.603921592, 0.886274517, 0.513725519
vb0[647]+016 TEXCOORD: 1, 1
vb0[647]+020 TEXCOORD1: 2.20117188, 0.397705078
vb0[647]+000 TEXCOORD2: 0.41568628, 0.752941191, 0.568627477, 0.266666681
vb0[647]+000 TEXCOORD3: 0.41568628, 0.752941191, 0.568627477, 0.266666681

vb0[648]+000 POSITION: 5.015625, 8.5703125, -3.1484375, 1
vb0[648]+008 NORMAL: 0.818897665, 0.133858263, -0.55905509, 0
vb0[648]+012 COLOR: 0.184313729, 0.650980413, 0.141176477, 0.866666675
vb0[648]+016 TEXCOORD: 1, 0.00245857239
vb0[648]+020 TEXCOORD1: 0.592773438, 0.805664063
vb0[648]+000 TEXCOORD2: 0.0156862754, 0.270588249, 0.286274523, 0.282352954
vb0[648]+000 TEXCOORD3: 0.0156862754, 0.270588249, 0.286274523, 0.282352954

vb0[649]+000 POSITION: 3.46484375, 7.96484375, -1.95800781, 1
vb0[649]+008 NORMAL: 0.803149581, 0.14173229, -0.582677186, 0
vb0[649]+012 COLOR: 0.184313729, 0.650980413, 0.141176477, 0.529411793
vb0[649]+016 TEXCOORD: 0.509277344, 0.00245857239
vb0[649]+020 TEXCOORD1: 0.592773438, 0.805664063
vb0[649]+000 TEXCOORD2: 0.933333337, 0.258823544, 0.968627453, 0.278431386
vb0[649]+000 TEXCOORD3: 0.933333337, 0.258823544, 0.968627453, 0.278431386

vb0[650]+000 POSITION: 2.1640625, 9.421875, -0.291503906, 1
vb0[650]+008 NORMAL: 0.803149581, 0.14173229, -0.574803174, 0
vb0[650]+012 COLOR: 0.184313729, 0.650980413, 0.141176477, 0.56078434
vb0[650]+016 TEXCOORD: 0.509277344, 1
vb0[650]+020 TEXCOORD1: 0.592773438, 0.805664063
vb0[650]+000 TEXCOORD2: 0.329411775, 0.250980407, 0.713725507, 0.282352954
vb0[650]+000 TEXCOORD3: 0.329411775, 0.250980407, 0.713725507, 0.282352954

vb0[651]+000 POSITION: 4.203125, 9.8828125, -1.80371094, 1
vb0[651]+008 NORMAL: 0.803149581, 0.14173229, -0.582677186, 0
vb0[651]+012 COLOR: 0.184313729, 0.650980413, 0.141176477, 0.827450991
vb0[651]+016 TEXCOORD: 1, 1
vb0[651]+020 TEXCOORD1: 0.592773438, 0.805664063
vb0[651]+000 TEXCOORD2: 0.203921571, 0.266666681, 0.945098042, 0.282352954
vb0[651]+000 TEXCOORD3: 0.203921571, 0.266666681, 0.945098042, 0.282352954

vb0[652]+000 POSITION: 1.4296875, 12, -0.199951172, 1
vb0[652]+008 NORMAL: 0.692913413, 0.472440958, -0.543307066, 0
vb0[652]+012 COLOR: 0.235294119, 0.823529422, 0.772549033, 0.568627477
vb0[652]+016 TEXCOORD: 0.509277344, 1
vb0[652]+020 TEXCOORD1: 0.250732422, 0.968261719
vb0[652]+000 TEXCOORD2: 0.721568644, 0.239215687, 0, 0.290196091
vb0[652]+000 TEXCOORD3: 0.721568644, 0.239215687, 0, 0.290196091

vb0[653]+000 POSITION: 3.40039063, 13.65625, -0.166625977, 1
vb0[653]+008 NORMAL: 0.700787425, 0.503937006, -0.511811018, 0
vb0[653]+012 COLOR: 0.235294119, 0.823529422, 0.772549033, 0.874509811
vb0[653]+016 TEXCOORD: 0.509277344, 0.00245857239
vb0[653]+020 TEXCOORD1: 0.250732422, 0.968261719
vb0[653]+000 TEXCOORD2: 0.80392158, 0.258823544, 0.831372559, 0.290196091
vb0[653]+000 TEXCOORD3: 0.80392158, 0.258823544, 0.831372559, 0.290196091

vb0[654]+000 POSITION: 3.84375, 15.0859375, -1.48046875, 1
vb0[654]+008 NORMAL: 0.692913413, 0.55905509, -0.456692904, 0
vb0[654]+012 COLOR: 0.235294119, 0.823529422, 0.772549033, 0.850980401
vb0[654]+016 TEXCOORD: 1, 0.00245857239
vb0[654]+020 TEXCOORD1: 0.250732422, 0.968261719
vb0[654]+000 TEXCOORD2: 0.690196097, 0.262745112, 0.545098066, 0.294117659
vb0[654]+000 TEXCOORD3: 0.690196097, 0.262745112, 0.545098066, 0.294117659

vb0[655]+000 POSITION: 2.19726563, 13.9921875, -1.73339844, 1
vb0[655]+008 NORMAL: 0.700787425, 0.503937006, -0.511811018, 0
vb0[655]+012 COLOR: 0.235294119, 0.823529422, 0.772549033, 0.717647076
vb0[655]+016 TEXCOORD: 1, 1
vb0[655]+020 TEXCOORD1: 0.250732422, 0.968261719
vb0[655]+000 TEXCOORD2: 0.396078438, 0.250980407, 1, 0.290196091
vb0[655]+000 TEXCOORD3: 0.396078438, 0.250980407, 1, 0.290196091

vb0[656]+000 POSITION: -0.392578125, 18.78125, 0.208740234, 1
vb0[656]+008 NORMAL: -0.0472440943, 0.992125988, -0.0708661452, 0
vb0[656]+012 COLOR: 0.941176474, 0.576470613, 0.274509817, 0.725490212
vb0[656]+016 TEXCOORD: 1, 0.00245857239
vb0[656]+020 TEXCOORD1: -0.162109375, 0.986816406
vb0[656]+000 TEXCOORD2: 0.282352954, 0.713725507, 0.698039234, 0.298039228
vb0[656]+000 TEXCOORD3: 0.282352954, 0.713725507, 0.698039234, 0.298039228

vb0[657]+000 POSITION: 0.424560547, 16.984375, 1.11816406, 1
vb0[657]+008 NORMAL: -0.0787401572, 0.984251976, -0.149606302, 0
vb0[657]+012 COLOR: 0.941176474, 0.576470613, 0.274509817, 0.811764717
vb0[657]+016 TEXCOORD: 0.509277344, 0.00245857239
vb0[657]+020 TEXCOORD1: -0.162109375, 0.986816406
vb0[657]+000 TEXCOORD2: 0.796078444, 0.211764708, 0.247058824, 0.298039228
vb0[657]+000 TEXCOORD3: 0.796078444, 0.211764708, 0.247058824, 0.298039228

vb0[658]+000 POSITION: 0.421875, 14.4453125, 0.3203125, 1
vb0[658]+008 NORMAL: 0.14173229, 0.976377964, 0.149606302, 0
vb0[658]+012 COLOR: 0.941176474, 0.576470613, 0.274509817, 0.352941185
vb0[658]+016 TEXCOORD: 0.509277344, 1
vb0[658]+020 TEXCOORD1: -0.162109375, 0.986816406
vb0[658]+000 TEXCOORD2: 0.752941191, 0.211764708, 0.223529413, 0.294117659
vb0[658]+000 TEXCOORD3: 0.752941191, 0.211764708, 0.223529413, 0.294117659

vb0[659]+000 POSITION: -0.435058594, 16.75, -0.646972656, 1
vb0[659]+008 NORMAL: -0.0787401572, 0.984251976, -0.149606302, 0
vb0[659]+012 COLOR: 0.941176474, 0.576470613, 0.274509817, 0.921568632
vb0[659]+016 TEXCOORD: 1, 1
vb0[659]+020 TEXCOORD1: -0.162109375, 0.986816406
vb0[659]+000 TEXCOORD2: 0.964705884, 0.713725507, 0.188235298, 0.298039228
vb0[659]+000 TEXCOORD3: 0.964705884, 0.713725507, 0.188235298, 0.298039228

vb0[660]+000 POSITION: -2.96484375, 16.640625, 1.03808594, 1
vb0[660]+008 NORMAL: -0.582677186, 0.795275569, 0.165354326, 0
vb0[660]+012 COLOR: 0.258823544, 0.20784314, 0.823529422, 0.835294127
vb0[660]+016 TEXCOORD: 1, 0.00245857239
vb0[660]+020 TEXCOORD1: -0.162109375, 0.986816406
vb0[660]+000 TEXCOORD2: 0.933333337, 0.75686276, 0.160784319, 0.298039228
vb0[660]+000 TEXCOORD3: 0.933333337, 0.75686276, 0.160784319, 0.298039228

vb0[661]+000 POSITION: -2.03710938, 15.1875, 0.331542969, 1
vb0[661]+008 NORMAL: -0.590551198, 0.748031497, 0.299212605, 0
vb0[661]+012 COLOR: 0.258823544, 0.20784314, 0.823529422, 0.733333349
vb0[661]+016 TEXCOORD: 0.509277344, 0.00245857239
vb0[661]+020 TEXCOORD1: -0.162109375, 0.986816406
vb0[661]+000 TEXCOORD2: 0.0745098069, 0.752941191, 0.596078455, 0.294117659
vb0[661]+000 TEXCOORD3: 0.0745098069, 0.752941191, 0.596078455, 0.294117659

vb0[662]+000 POSITION: -0.132324219, 14.2265625, 0.971191406, 1
vb0[662]+008 NORMAL: -0.511811018, 0.748031497, 0.425196856, 0
vb0[662]+012 COLOR: 0.258823544, 0.20784314, 0.823529422, 0.576470613
vb0[662]+016 TEXCOORD: 0.509277344, 1
vb0[662]+020 TEXCOORD1: -0.162109375, 0.986816406
vb0[662]+000 TEXCOORD2: 0.235294119, 0.690196097, 0.113725491, 0.294117659
vb0[662]+000 TEXCOORD3: 0.235294119, 0.690196097, 0.113725491, 0.294117659

vb0[663]+000 POSITION: -1.31152344, 16.171875, 1.75390625, 1
vb0[663]+008 NORMAL: -0.59842521, 0.748031497, 0.291338593, 0
vb0[663]+012 COLOR: 0.258823544, 0.20784314, 0.823529422, 0.984313726
vb0[663]+016 TEXCOORD: 1, 1
vb0[663]+020 TEXCOORD1: -0.162109375, 0.986816406
vb0[663]+000 TEXCOORD2: 0.247058824, 0.741176486, 0.0431372561, 0.298039228
vb0[663]+000 TEXCOORD3: 0.247058824, 0.741176486, 0.0431372561, 0.298039228

vb0[664]+000 POSITION: -0.384277344, 14.0703125, 1.07910156, 1
vb0[664]+008 NORMAL: -0.11023622, 0.937007844, 0.330708653, 0
vb0[664]+012 COLOR: 0.929411769, 0.262745112, 0.400000006, 0.647058845
vb0[664]+016 TEXCOORD: 0.509277344, 1
vb0[664]+020 TEXCOORD1: -0.162109375, 0.986816406
vb0[664]+000 TEXCOORD2: 0.149019614, 0.713725507, 0.0352941193, 0.294117659
vb0[664]+000 TEXCOORD3: 0.149019614, 0.713725507, 0.0352941193, 0.294117659

vb0[665]+000 POSITION: 0.225585938, 16.328125, -0.412353516, 1
vb0[665]+008 NORMAL: 0.0866141766, 0.992125988, 0.0314960629, 0
vb0[665]+012 COLOR: 0.929411769, 0.262745112, 0.400000006, 0.501960814
vb0[665]+016 TEXCOORD: 0.509277344, 0.00245857239
vb0[665]+020 TEXCOORD1: -0.162109375, 0.986816406
vb0[665]+000 TEXCOORD2: 0.219607845, 0.200000003, 0.0823529437, 0.298039228
vb0[665]+000 TEXCOORD3: 0.219607845, 0.200000003, 0.0823529437, 0.298039228

vb0[666]+000 POSITION: 1.52148438, 17.921875, 0.0614929199, 1
vb0[666]+008 NORMAL: 0.11811024, 0.992125988, -0.0236220472, 0
vb0[666]+012 COLOR: 0.929411769, 0.262745112, 0.400000006, 0.850980401
vb0[666]+016 TEXCOORD: 1, 0.00245857239
vb0[666]+020 TEXCOORD1: -0.162109375, 0.986816406
vb0[666]+000 TEXCOORD2: 0.0862745121, 0.243137255, 0.482352942, 0.298039228
vb0[666]+000 TEXCOORD3: 0.0862745121, 0.243137255, 0.482352942, 0.298039228

vb0[667]+000 POSITION: 0.863769531, 16.625, 1.59179688, 1
vb0[667]+008 NORMAL: 0.0866141766, 0.992125988, 0.0314960629, 0
vb0[667]+012 COLOR: 0.929411769, 0.262745112, 0.400000006, 0.733333349
vb0[667]+016 TEXCOORD: 1, 1
vb0[667]+020 TEXCOORD1: -0.162109375, 0.986816406
vb0[667]+000 TEXCOORD2: 0.913725495, 0.227450982, 0.156862751, 0.298039228
vb0[667]+000 TEXCOORD3: 0.913725495, 0.227450982, 0.156862751, 0.298039228

vb0[668]+000 POSITION: 0.01902771, 14.7109375, 0.574707031, 1
vb0[668]+008 NORMAL: 0.0866141766, 0.929133832, -0.362204731, 0
vb0[668]+012 COLOR: 0.482352942, 0.921568632, 0.772549033, 0.447058827
vb0[668]+016 TEXCOORD: 0.509277344, 1
vb0[668]+020 TEXCOORD1: -0.162109375, 0.986816406
vb0[668]+000 TEXCOORD2: 0.874509811, 0.141176477, 0.356862754, 0.294117659
vb0[668]+000 TEXCOORD3: 0.874509811, 0.141176477, 0.356862754, 0.294117659

vb0[669]+000 POSITION: 1.85449219, 15.3671875, -0.106018066, 1
vb0[669]+008 NORMAL: 0.22047244, 0.905511796, -0.370078743, 0
vb0[669]+012 COLOR: 0.482352942, 0.921568632, 0.772549033, 0.654901981
vb0[669]+016 TEXCOORD: 0.509277344, 0.00245857239
vb0[669]+020 TEXCOORD1: -0.162109375, 0.986816406
vb0[669]+000 TEXCOORD2: 0.419607848, 0.247058824, 0.686274529, 0.294117659
vb0[669]+000 TEXCOORD3: 0.419607848, 0.247058824, 0.686274529, 0.294117659

vb0[670]+000 POSITION: 2.30078125, 16.328125, -1.79101563, 1
vb0[670]+008 NORMAL: 0.283464581, 0.874015749, -0.40157479, 0
vb0[670]+012 COLOR: 0.482352942, 0.921568632, 0.772549033, 0.725490212
vb0[670]+016 TEXCOORD: 1, 0.00245857239
vb0[670]+020 TEXCOORD1: 0.235351563, 0.96875
vb0[670]+000 TEXCOORD2: 0.603921592, 0.250980407, 0.0823529437, 0.298039228
vb0[670]+000 TEXCOORD3: 0.603921592, 0.250980407, 0.0823529437, 0.298039228

vb0[671]+000 POSITION: 0.513671875, 16.046875, -1.23925781, 1
vb0[671]+008 NORMAL: 0.22047244, 0.905511796, -0.370078743, 0
vb0[671]+012 COLOR: 0.482352942, 0.921568632, 0.772549033, 0.407843143
vb0[671]+016 TEXCOORD: 1, 1
vb0[671]+020 TEXCOORD1: -0.162109375, 0.986816406
vb0[671]+000 TEXCOORD2: 0.109803922, 0.219607845, 0.0117647061, 0.298039228
vb0[671]+000 TEXCOORD3: 0.109803922, 0.219607845, 0.0117647061, 0.298039228

vb0[672]+000 POSITION: 0.580078125, 8.3984375, 6.671875, 1
vb0[672]+008 NORMAL: 0.0236220472, 0.0866141766, 0.992125988, 0
vb0[672]+012 COLOR: 0.831372559, 0.141176477, 0.615686297, 0.796078444
vb0[672]+016 TEXCOORD: 1, 0.00245857239
vb0[672]+020 TEXCOORD1: 3.01171875, 0.744628906
vb0[672]+000 TEXCOORD2: 0.643137276, 0.219607845, 0.200000003, 0.282352954
vb0[672]+000 TEXCOORD3: 0.643137276, 0.219607845, 0.200000003, 0.282352954

vb0[673]+000 POSITION: -0.123779297, 6.9921875, 5.41796875, 1
vb0[673]+008 NORMAL: 0.0393700786, 0.05511811, 1, 0
vb0[673]+012 COLOR: 0.831372559, 0.141176477, 0.615686297, 0.717647076
vb0[673]+016 TEXCOORD: 0.509277344, 0.00245857239
vb0[673]+020 TEXCOORD1: 3.01171875, 0.744628906
vb0[673]+000 TEXCOORD2: 0.925490201, 0.686274529, 0.996078432, 0.274509817
vb0[673]+000 TEXCOORD3: 0.925490201, 0.686274529, 0.996078432, 0.274509817

vb0[674]+000 POSITION: 0.641113281, 7.25390625, 2.93945313, 1
vb0[674]+008 NORMAL: 0.0629921257, 0, 1, 0
vb0[674]+012 COLOR: 0.831372559, 0.141176477, 0.615686297, 0.43921569
vb0[674]+016 TEXCOORD: 0.509277344, 1
vb0[674]+020 TEXCOORD1: 2.99609375, 0.747070313
vb0[674]+000 TEXCOORD2: 0.129411772, 0.223529413, 0.254901975, 0.278431386
vb0[674]+000 TEXCOORD3: 0.129411772, 0.223529413, 0.254901975, 0.278431386

vb0[675]+000 POSITION: 1.38769531, 8.203125, 4.83984375, 1
vb0[675]+008 NORMAL: 0.0393700786, 0.05511811, 1, 0
vb0[675]+012 COLOR: 0.831372559, 0.141176477, 0.615686297, 0.701960802
vb0[675]+016 TEXCOORD: 1, 1
vb0[675]+020 TEXCOORD1: 3.01171875, 0.744628906
vb0[675]+000 TEXCOORD2: 0.552941203, 0.239215687, 0.101960786, 0.282352954
vb0[675]+000 TEXCOORD3: 0.552941203, 0.239215687, 0.101960786, 0.282352954

vb0[676]+000 POSITION: -4.34765625, 7.12109375, 3.04101563, 1
vb0[676]+008 NORMAL: -0.92125982, 0.0393700786, 0.393700778, 0
vb0[676]+012 COLOR: 0.662745118, 0.866666675, 0.800000012, 0.913725495
vb0[676]+016 TEXCOORD: 1, 0.00245857239
vb0[676]+020 TEXCOORD1: -0.564453125, 0.825683594
vb0[676]+000 TEXCOORD2: 0.349019617, 0.768627465, 0.121568628, 0.278431386
vb0[676]+000 TEXCOORD3: 0.349019617, 0.768627465, 0.121568628, 0.278431386

vb0[677]+000 POSITION: -2.55078125, 6.625, 2.31640625, 1
vb0[677]+008 NORMAL: -0.929133832, 0.0314960629, 0.362204731, 0
vb0[677]+012 COLOR: 0.662745118, 0.866666675, 0.800000012, 0.545098066
vb0[677]+016 TEXCOORD: 0.509277344, 0.00245857239
vb0[677]+020 TEXCOORD1: -0.564453125, 0.825683594
vb0[677]+000 TEXCOORD2: 0.101960786, 0.75686276, 0.627451003, 0.274509817
vb0[677]+000 TEXCOORD3: 0.101960786, 0.75686276, 0.627451003, 0.274509817

vb0[678]+000 POSITION: -1.41015625, 7.88671875, 0.491455078, 1
vb0[678]+008 NORMAL: -0.913385808, 0.05511811, 0.40157479, 0
vb0[678]+012 COLOR: 0.662745118, 0.866666675, 0.800000012, 0.545098066
vb0[678]+016 TEXCOORD: 0.509277344, 1
vb0[678]+020 TEXCOORD1: -0.564453125, 0.825683594
vb0[678]+000 TEXCOORD2: 0.643137276, 0.741176486, 0.890196085, 0.278431386
vb0[678]+000 TEXCOORD3: 0.643137276, 0.741176486, 0.890196085, 0.278431386

vb0[679]+000 POSITION: -3.7109375, 7.9453125, 1.33398438, 1
vb0[679]+008 NORMAL: -0.929133832, 0.0314960629, 0.362204731, 0
vb0[679]+012 COLOR: 0.662745118, 0.866666675, 0.800000012, 0.921568632
vb0[679]+016 TEXCOORD: 1, 1
vb0[679]+020 TEXCOORD1: -0.564453125, 0.825683594
vb0[679]+000 TEXCOORD2: 0.423529416, 0.764705896, 0.949019611, 0.278431386
vb0[679]+000 TEXCOORD3: 0.423529416, 0.764705896, 0.949019611, 0.278431386

vb0[680]+000 POSITION: -0.665039063, 9.9609375, 0.194335938, 1
vb0[680]+008 NORMAL: -0.858267725, 0.157480314, -0.488188982, 0
vb0[680]+012 COLOR: 0.670588255, 0.862745106, 0.203921571, 0.454901963
vb0[680]+016 TEXCOORD: 0.509277344, 1
vb0[680]+020 TEXCOORD1: -0.564453125, 0.825683594
vb0[680]+000 TEXCOORD2: 0.321568638, 0.725490212, 0.984313726, 0.282352954
vb0[680]+000 TEXCOORD3: 0.321568638, 0.725490212, 0.984313726, 0.282352954

vb0[681]+000 POSITION: -2.76171875, 9.6484375, -1.37695313, 1
vb0[681]+008 NORMAL: -0.88188976, 0.173228353, -0.44094488, 0
vb0[681]+012 COLOR: 0.670588255, 0.862745106, 0.203921571, 0.486274511
vb0[681]+016 TEXCOORD: 0.509277344, 0.00245857239
vb0[681]+020 TEXCOORD1: -0.564453125, 0.825683594
vb0[681]+000 TEXCOORD2: 0.525490224, 0.75686276, 0.827450991, 0.282352954
vb0[681]+000 TEXCOORD3: 0.525490224, 0.75686276, 0.827450991, 0.282352954

vb0[682]+000 POSITION: -4.67578125, 10.7734375, -1.12792969, 1
vb0[682]+008 NORMAL: -0.92125982, 0.181102365, -0.338582665, 0
vb0[682]+012 COLOR: 0.670588255, 0.862745106, 0.203921571, 0.764705896
vb0[682]+016 TEXCOORD: 1, 0.00245857239
vb0[682]+020 TEXCOORD1: -0.564453125, 0.825683594
vb0[682]+000 TEXCOORD2: 0.678431392, 0.768627465, 0.388235301, 0.286274523
vb0[682]+000 TEXCOORD3: 0.678431392, 0.768627465, 0.388235301, 0.286274523

vb0[683]+000 POSITION: -2.99609375, 11.1328125, 0.296875, 1
vb0[683]+008 NORMAL: -0.96062994, 0.173228353, -0.204724416, 0
vb0[683]+012 COLOR: 0.670588255, 0.862745106, 0.203921571, 0.266666681
vb0[683]+016 TEXCOORD: 1, 1
vb0[683]+020 TEXCOORD1: -0.564453125, 0.825683594
vb0[683]+000 TEXCOORD2: 0.996078432, 0.75686276, 0.568627477, 0.286274523
vb0[683]+000 TEXCOORD3: 0.996078432, 0.75686276, 0.568627477, 0.286274523

vb0[684]+000 POSITION: 1.70605469, 9.2265625, -0.672363281, 1
vb0[684]+008 NORMAL: 0.55905509, 0.165354326, -0.811023593, 0
vb0[684]+012 COLOR: 0.678431392, 0.494117647, 0.964705884, 0.501960814
vb0[684]+016 TEXCOORD: 0.509277344, 1
vb0[684]+020 TEXCOORD1: 3.5859375, 0.80859375
vb0[684]+000 TEXCOORD2: 0.827450991, 0.243137255, 0.615686297, 0.282352954
vb0[684]+000 TEXCOORD3: 0.827450991, 0.243137255, 0.615686297, 0.282352954

vb0[685]+000 POSITION: 4.02734375, 9.0078125, -1.64160156, 1
vb0[685]+008 NORMAL: 0.755905509, 0.173228353, -0.629921257, 0
vb0[685]+012 COLOR: 0.678431392, 0.494117647, 0.964705884, 0.407843143
vb0[685]+016 TEXCOORD: 0.509277344, 0.00245857239
vb0[685]+020 TEXCOORD1: 0.592773438, 0.805664063
vb0[685]+000 TEXCOORD2: 0.0274509806, 0.266666681, 0.505882382, 0.282352954
vb0[685]+000 TEXCOORD3: 0.0274509806, 0.266666681, 0.505882382, 0.282352954

vb0[686]+000 POSITION: 5.109375, 10.671875, -1.96191406, 1
vb0[686]+008 NORMAL: 0.826771677, 0.173228353, -0.535433054, 0
vb0[686]+012 COLOR: 0.678431392, 0.494117647, 0.964705884, 0.811764717
vb0[686]+016 TEXCOORD: 1, 0.00245857239
vb0[686]+020 TEXCOORD1: 0.592773438, 0.805664063
vb0[686]+000 TEXCOORD2: 0.109803922, 0.270588249, 0.337254912, 0.286274523
vb0[686]+000 TEXCOORD3: 0.109803922, 0.270588249, 0.337254912, 0.286274523

vb0[687]+000 POSITION: 3.21679688, 10.828125, -1.30273438, 1
vb0[687]+008 NORMAL: 0.779527545, 0.173228353, -0.59842521, 0
vb0[687]+012 COLOR: 0.678431392, 0.494117647, 0.964705884, 0.623529434
vb0[687]+016 TEXCOORD: 1, 1
vb0[687]+020 TEXCOORD1: 0.592773438, 0.805664063
vb0[687]+000 TEXCOORD2: 0.435294122, 0.258823544, 0.41568628, 0.286274523
vb0[687]+000 TEXCOORD3: 0.435294122, 0.258823544, 0.41568628, 0.286274523

vb0[688]+000 POSITION: -2.8984375, 6.73828125, 4.71875, 1
vb0[688]+008 NORMAL: -0.44094488, -0.0157480314, 0.897637784, 0
vb0[688]+012 COLOR: 0.56078434, 0.00784313772, 0.552941203, 0.898039222
vb0[688]+016 TEXCOORD: 1, 0.00245857239
vb0[688]+020 TEXCOORD1: 2.20117188, 0.397705078
vb0[688]+000 TEXCOORD2: 0.800000012, 0.75686276, 0.741176486, 0.274509817
vb0[688]+000 TEXCOORD3: 0.800000012, 0.75686276, 0.741176486, 0.274509817

vb0[689]+000 POSITION: -1.6796875, 6.3984375, 3.02734375, 1
vb0[689]+008 NORMAL: -0.40157479, -0.0236220472, 0.913385808, 0
vb0[689]+012 COLOR: 0.56078434, 0.00784313772, 0.552941203, 0.43921569
vb0[689]+016 TEXCOORD: 0.509277344, 0.00245857239
vb0[689]+020 TEXCOORD1: 2.20117188, 0.397705078
vb0[689]+000 TEXCOORD2: 0.721568644, 0.745098054, 0.400000006, 0.274509817
vb0[689]+000 TEXCOORD3: 0.721568644, 0.745098054, 0.400000006, 0.274509817

vb0[690]+000 POSITION: 0.575683594, 6.94921875, 2.72851563, 1
vb0[690]+008 NORMAL: -0.322834641, -0.0236220472, 0.944881916, 0
vb0[690]+012 COLOR: 0.56078434, 0.00784313772, 0.552941203, 0.592156887
vb0[690]+016 TEXCOORD: 0.509277344, 1
vb0[690]+020 TEXCOORD1: 3.07226563, 0.7578125
vb0[690]+000 TEXCOORD2: 0.607843161, 0.219607845, 0.952941179, 0.274509817
vb0[690]+000 TEXCOORD3: 0.607843161, 0.219607845, 0.952941179, 0.274509817

vb0[691]+000 POSITION: -0.795410156, 6.70703125, 4.9375, 1
vb0[691]+008 NORMAL: -0.40157479, -0.0236220472, 0.913385808, 0
vb0[691]+012 COLOR: 0.56078434, 0.00784313772, 0.552941203, 0.937254906
vb0[691]+016 TEXCOORD: 1, 1
vb0[691]+020 TEXCOORD1: 3.01171875, 0.744628906
vb0[691]+000 TEXCOORD2: 0.36470589, 0.729411781, 0.709803939, 0.274509817
vb0[691]+000 TEXCOORD3: 0.36470589, 0.729411781, 0.709803939, 0.274509817

vb0[692]+000 POSITION: -0.772460938, 9.015625, -1.20410156, 1
vb0[692]+008 NORMAL: -0.645669281, 0.173228353, -0.748031497, 0
vb0[692]+012 COLOR: 0.105882354, 0.396078438, 0.788235307, 0.607843161
vb0[692]+016 TEXCOORD: 0.509277344, 1
vb0[692]+020 TEXCOORD1: -0.564453125, 0.825683594
vb0[692]+000 TEXCOORD2: 0.180392161, 0.729411781, 0.509803951, 0.282352954
vb0[692]+000 TEXCOORD3: 0.180392161, 0.729411781, 0.509803951, 0.282352954

vb0[693]+000 POSITION: -1.38964844, 11.2265625, -1.25292969, 1
vb0[693]+008 NORMAL: -0.653543293, 0.251968503, -0.716535449, 0
vb0[693]+012 COLOR: 0.105882354, 0.396078438, 0.788235307, 0.576470613
vb0[693]+016 TEXCOORD: 0.509277344, 0.00245857239
vb0[693]+020 TEXCOORD1: -0.564453125, 0.825683594
vb0[693]+000 TEXCOORD2: 0.56078434, 0.741176486, 0.615686297, 0.286274523
vb0[693]+000 TEXCOORD3: 0.56078434, 0.741176486, 0.615686297, 0.286274523

vb0[694]+000 POSITION: -2.70507813, 12.4296875, -2.640625, 1
vb0[694]+008 NORMAL: -0.653543293, 0.314960629, -0.685039341, 0
vb0[694]+012 COLOR: 0.105882354, 0.396078438, 0.788235307, 0.952941179
vb0[694]+016 TEXCOORD: 1, 0.00245857239
vb0[694]+020 TEXCOORD1: -0.564453125, 0.825683594
vb0[694]+000 TEXCOORD2: 0.411764711, 0.75686276, 0.215686277, 0.290196091
vb0[694]+000 TEXCOORD3: 0.411764711, 0.75686276, 0.215686277, 0.290196091

vb0[695]+000 POSITION: -2.4140625, 10.21875, -3.01171875, 1
vb0[695]+008 NORMAL: -0.653543293, 0.188976377, -0.732283473, 0
vb0[695]+012 COLOR: 0.105882354, 0.396078438, 0.788235307, 0.890196085
vb0[695]+016 TEXCOORD: 1, 1
vb0[695]+020 TEXCOORD1: -0.564453125, 0.825683594
vb0[695]+000 TEXCOORD2: 0.831372559, 0.752941191, 0.109803922, 0.286274523
vb0[695]+000 TEXCOORD3: 0.831372559, 0.752941191, 0.109803922, 0.286274523

vb0[696]+000 POSITION: -0.494140625, 12.8984375, 0.0603027344, 1
vb0[696]+008 NORMAL: 0.0393700786, 0.779527545, -0.629921257, 0
vb0[696]+012 COLOR: 0.847058833, 0.309803933, 0.196078435, 0.486274511
vb0[696]+016 TEXCOORD: 0.509277344, 1
vb0[696]+020 TEXCOORD1: -0.162109375, 0.986816406
vb0[696]+000 TEXCOORD2: 0.909803927, 0.717647076, 0.450980395, 0.290196091
vb0[696]+000 TEXCOORD3: 0.909803927, 0.717647076, 0.450980395, 0.290196091

vb0[697]+000 POSITION: -0.818359375, 15.125, -1.49121094, 1
vb0[697]+008 NORMAL: -0.236220479, 0.803149581, -0.551181078, 0
vb0[697]+012 COLOR: 0.847058833, 0.309803933, 0.196078435, 0.811764717
vb0[697]+016 TEXCOORD: 0.509277344, 0.00245857239
vb0[697]+020 TEXCOORD1: -0.162109375, 0.986816406
vb0[697]+000 TEXCOORD2: 0.549019635, 0.729411781, 0.564705908, 0.294117659
vb0[697]+000 TEXCOORD3: 0.549019635, 0.729411781, 0.564705908, 0.294117659

vb0[698]+000 POSITION: 0.359619141, 16.75, -1.39160156, 1
vb0[698]+008 NORMAL: -0.188976377, 0.811023593, -0.551181078, 0
vb0[698]+012 COLOR: 0.847058833, 0.309803933, 0.196078435, 0.811764717
vb0[698]+016 TEXCOORD: 1, 0.00245857239
vb0[698]+020 TEXCOORD1: -0.162109375, 0.986816406
vb0[698]+000 TEXCOORD2: 0.75686276, 0.20784314, 0.188235298, 0.298039228
vb0[698]+000 TEXCOORD3: 0.75686276, 0.20784314, 0.188235298, 0.298039228

vb0[699]+000 POSITION: 0.55859375, 15.296875, -0.0187225342, 1
vb0[699]+008 NORMAL: -0.236220479, 0.803149581, -0.551181078, 0
vb0[699]+012 COLOR: 0.847058833, 0.309803933, 0.196078435, 0.529411793
vb0[699]+016 TEXCOORD: 1, 1
vb0[699]+020 TEXCOORD1: -0.162109375, 0.986816406
vb0[699]+000 TEXCOORD2: 0.470588237, 0.219607845, 0.650980413, 0.294117659
vb0[699]+000 TEXCOORD3: 0.470588237, 0.219607845, 0.650980413, 0.294117659

vb0[700]+000 POSITION: -2.05078125, 15.3828125, -1.97460938, 1
vb0[700]+008 NORMAL: -0.48031497, 0.700787425, -0.51968503, 0
vb0[700]+012 COLOR: 0.227450982, 0.607843161, 0.905882359, 0.78039217
vb0[700]+016 TEXCOORD: 1, 0.00245857239
vb0[700]+020 TEXCOORD1: -0.162109375, 0.986816406
vb0[700]+000 TEXCOORD2: 0.101960786, 0.752941191, 0.694117665, 0.294117659
vb0[700]+000 TEXCOORD3: 0.101960786, 0.752941191, 0.694117665, 0.294117659

vb0[701]+000 POSITION: -1.8203125, 13.3828125, -1.24902344, 1
vb0[701]+008 NORMAL: -0.527559042, 0.661417305, -0.535433054, 0
vb0[701]+012 COLOR: 0.227450982, 0.607843161, 0.905882359, 0.843137264
vb0[701]+016 TEXCOORD: 0.509277344, 0.00245857239
vb0[701]+020 TEXCOORD1: -0.162109375, 0.986816406
vb0[701]+000 TEXCOORD2: 0.282352954, 0.749019623, 0.694117665, 0.290196091
vb0[701]+000 TEXCOORD3: 0.282352954, 0.749019623, 0.694117665, 0.290196091

vb0[702]+000 POSITION: 0.0140533447, 12.296875, 0.214111328, 1
vb0[702]+008 NORMAL: -0.582677186, 0.51968503, -0.622047246, 0
vb0[702]+012 COLOR: 0.227450982, 0.607843161, 0.905882359, 0.470588237
vb0[702]+016 TEXCOORD: 0.509277344, 1
vb0[702]+020 TEXCOORD1: -0.176391602, 0.972167969
vb0[702]+000 TEXCOORD2: 0.196078435, 0.137254909, 0.149019614, 0.290196091
vb0[702]+000 TEXCOORD3: 0.196078435, 0.137254909, 0.149019614, 0.290196091

vb0[703]+000 POSITION: -0.401611328, 14.90625, -0.69921875, 1
vb0[703]+008 NORMAL: -0.503937006, 0.708661437, -0.488188982, 0
vb0[703]+012 COLOR: 0.227450982, 0.607843161, 0.905882359, 0.686274529
vb0[703]+016 TEXCOORD: 1, 1
vb0[703]+020 TEXCOORD1: -0.162109375, 0.986816406
vb0[703]+000 TEXCOORD2: 0.427450985, 0.713725507, 0.454901963, 0.294117659
vb0[703]+000 TEXCOORD3: 0.427450985, 0.713725507, 0.454901963, 0.294117659

vb0[704]+000 POSITION: -0.124450684, 11.453125, 2.16601563, 1
vb0[704]+008 NORMAL: 0.0787401572, 0.307086617, 0.952755928, 0
vb0[704]+012 COLOR: 0.0784313753, 0.53725493, 0.768627465, 0.376470596
vb0[704]+016 TEXCOORD: 0.509277344, 1
vb0[704]+020 TEXCOORD1: 2.97851563, 0.909179688
vb0[704]+000 TEXCOORD2: 0.968627453, 0.686274529, 0.729411781, 0.286274523
vb0[704]+000 TEXCOORD3: 0.968627453, 0.686274529, 0.729411781, 0.286274523

vb0[705]+000 POSITION: 1.16601563, 12.21875, 4.3359375, 1
vb0[705]+008 NORMAL: 0.11811024, 0.409448832, 0.905511796, 0
vb0[705]+012 COLOR: 0.0784313753, 0.53725493, 0.768627465, 0.827450991
vb0[705]+016 TEXCOORD: 0.509277344, 0.00245857239
vb0[705]+020 TEXCOORD1: 2.97851563, 0.909179688
vb0[705]+000 TEXCOORD2: 0.666666687, 0.235294119, 0.109803922, 0.290196091
vb0[705]+000 TEXCOORD3: 0.666666687, 0.235294119, 0.109803922, 0.290196091

vb0[706]+000 POSITION: 1.8203125, 14.234375, 4.8203125, 1
vb0[706]+008 NORMAL: 0.181102365, 0.472440958, 0.858267725, 0
vb0[706]+012 COLOR: 0.0784313753, 0.53725493, 0.768627465, 0.670588255
vb0[706]+016 TEXCOORD: 1, 0.00245857239
vb0[706]+020 TEXCOORD1: 2.97851563, 0.909179688
vb0[706]+000 TEXCOORD2: 0.282352954, 0.247058824, 0.117647059, 0.294117659
vb0[706]+000 TEXCOORD3: 0.282352954, 0.247058824, 0.117647059, 0.294117659

vb0[707]+000 POSITION: 0.532714844, 13.90625, 3.09179688, 1
vb0[707]+008 NORMAL: 0.11811024, 0.409448832, 0.905511796, 0
vb0[707]+012 COLOR: 0.0784313753, 0.53725493, 0.768627465, 0.717647076
vb0[707]+016 TEXCOORD: 1, 1
vb0[707]+020 TEXCOORD1: 2.97851563, 0.909179688
vb0[707]+000 TEXCOORD2: 0.262745112, 0.219607845, 0.956862748, 0.290196091
vb0[707]+000 TEXCOORD3: 0.262745112, 0.219607845, 0.956862748, 0.290196091

vb0[708]+000 POSITION: 0.116333008, 10.1484375, 5.9921875, 1
vb0[708]+008 NORMAL: -0.0944881886, 0.165354326, 0.984251976, 0
vb0[708]+012 COLOR: 0.956862748, 0.694117665, 0.443137258, 0.835294127
vb0[708]+016 TEXCOORD: 1, 0.00245857239
vb0[708]+020 TEXCOORD1: 3.3671875, 0.819824219
vb0[708]+000 TEXCOORD2: 0.447058827, 0.184313729, 0.0745098069, 0.286274523
vb0[708]+000 TEXCOORD3: 0.447058827, 0.184313729, 0.0745098069, 0.286274523

vb0[709]+000 POSITION: 0.260742188, 9.0859375, 4.2265625, 1
vb0[709]+008 NORMAL: -0.133858263, 0.165354326, 0.976377964, 0
vb0[709]+012 COLOR: 0.956862748, 0.694117665, 0.443137258, 0.686274529
vb0[709]+016 TEXCOORD: 0.509277344, 0.00245857239
vb0[709]+020 TEXCOORD1: 3.01171875, 0.744628906
vb0[709]+000 TEXCOORD2: 0.172549024, 0.203921571, 0.545098066, 0.282352954
vb0[709]+000 TEXCOORD3: 0.172549024, 0.203921571, 0.545098066, 0.282352954

vb0[710]+000 POSITION: -0.299804688, 9.921875, 1.98730469, 1
vb0[710]+008 NORMAL: -0.181102365, 0.173228353, 0.968503952, 0
vb0[710]+012 COLOR: 0.956862748, 0.694117665, 0.443137258, 0.56078434
vb0[710]+016 TEXCOORD: 0.509277344, 1
vb0[710]+020 TEXCOORD1: 2.6953125, 0.870605469
vb0[710]+000 TEXCOORD2: 0.800000012, 0.70588237, 0.964705884, 0.282352954
vb0[710]+000 TEXCOORD3: 0.800000012, 0.70588237, 0.964705884, 0.282352954

vb0[711]+000 POSITION: -0.556152344, 10.9921875, 4.234375, 1
vb0[711]+008 NORMAL: -0.133858263, 0.165354326, 0.976377964, 0
vb0[711]+012 COLOR: 0.956862748, 0.694117665, 0.443137258, 0.843137264
vb0[711]+016 TEXCOORD: 1, 1
vb0[711]+020 TEXCOORD1: 2.97851563, 0.909179688
vb0[711]+000 TEXCOORD2: 0.450980395, 0.721568644, 0.498039216, 0.286274523
vb0[711]+000 TEXCOORD3: 0.450980395, 0.721568644, 0.498039216, 0.286274523

vb0[712]+000 POSITION: -0.0156555176, 9.6171875, 2.13671875, 1
vb0[712]+008 NORMAL: -0.259842515, 0.244094491, 0.937007844, 0
vb0[712]+012 COLOR: 0.0784313753, 0.239215687, 0.556862772, 0.407843143
vb0[712]+016 TEXCOORD: 0.509277344, 1
vb0[712]+020 TEXCOORD1: 2.97851563, 0.909179688
vb0[712]+000 TEXCOORD2: 0.00784313772, 0.643137276, 0.811764717, 0.282352954
vb0[712]+000 TEXCOORD3: 0.00784313772, 0.643137276, 0.811764717, 0.282352954

vb0[713]+000 POSITION: -0.102355957, 10.2109375, 4.71875, 1
vb0[713]+008 NORMAL: -0.11023622, 0.212598428, 0.968503952, 0
vb0[713]+012 COLOR: 0.0784313753, 0.239215687, 0.556862772, 0.282352954
vb0[713]+016 TEXCOORD: 0.509277344, 0.00245857239
vb0[713]+020 TEXCOORD1: 2.97851563, 0.909179688
vb0[713]+000 TEXCOORD2: 0.552941203, 0.68235296, 0.105882354, 0.286274523
vb0[713]+000 TEXCOORD3: 0.552941203, 0.68235296, 0.105882354, 0.286274523

vb0[714]+000 POSITION: -1.05859375, 12.046875, 5.39453125, 1
vb0[714]+008 NORMAL: -0.307086617, 0.275590539, 0.913385808, 0
vb0[714]+012 COLOR: 0.0784313753, 0.239215687, 0.556862772, 0.717647076
vb0[714]+016 TEXCOORD: 1, 0.00245857239
vb0[714]+020 TEXCOORD1: 2.97851563, 0.909179688
vb0[714]+000 TEXCOORD2: 0.235294119, 0.737254918, 0.0235294122, 0.290196091
vb0[714]+000 TEXCOORD3: 0.235294119, 0.737254918, 0.0235294122, 0.290196091

vb0[715]+000 POSITION: -1.10742188, 11.5234375, 3.27929688, 1
vb0[715]+008 NORMAL: -0.291338593, 0.236220479, 0.929133832, 0
vb0[715]+012 COLOR: 0.0784313753, 0.239215687, 0.556862772, 0.513725519
vb0[715]+016 TEXCOORD: 1, 1
vb0[715]+020 TEXCOORD1: 2.97851563, 0.909179688
vb0[715]+000 TEXCOORD2: 0.431372553, 0.737254918, 0.764705896, 0.286274523
vb0[715]+000 TEXCOORD3: 0.431372553, 0.737254918, 0.764705896, 0.286274523

vb0[716]+000 POSITION: -0.177368164, 14, 1.0703125, 1
vb0[716]+008 NORMAL: -0.0393700786, 0.779527545, 0.629921257, 0
vb0[716]+012 COLOR: 0.505882382, 0.90196079, 0.200000003, 0.423529416
vb0[716]+016 TEXCOORD: 0.509277344, 1
vb0[716]+020 TEXCOORD1: 2.90039063, 0.952148438
vb0[716]+000 TEXCOORD2: 0.678431392, 0.694117665, 0, 0.294117659
vb0[716]+000 TEXCOORD3: 0.678431392, 0.694117665, 0, 0.294117659

vb0[717]+000 POSITION: -1.06738281, 15.140625, 2.84179688, 1
vb0[717]+008 NORMAL: -0.00787401572, 0.763779521, 0.645669281, 0
vb0[717]+012 COLOR: 0.505882382, 0.90196079, 0.200000003, 0.827450991
vb0[717]+016 TEXCOORD: 0.509277344, 0.00245857239
vb0[717]+020 TEXCOORD1: -0.162109375, 0.986816406
vb0[717]+000 TEXCOORD2: 0.270588249, 0.737254918, 0.572549045, 0.294117659
vb0[717]+000 TEXCOORD3: 0.270588249, 0.737254918, 0.572549045, 0.294117659

vb0[718]+000 POSITION: 0.261474609, 16.046875, 3.81835938, 1
vb0[718]+008 NORMAL: -0.0236220472, 0.771653533, 0.637795269, 0
vb0[718]+012 COLOR: 0.505882382, 0.90196079, 0.200000003, 0.78039217
vb0[718]+016 TEXCOORD: 1, 0.00245857239
vb0[718]+020 TEXCOORD1: -0.162109375, 0.986816406
vb0[718]+000 TEXCOORD2: 0.184313729, 0.203921571, 0.0117647061, 0.298039228
vb0[718]+000 TEXCOORD3: 0.184313729, 0.203921571, 0.0117647061, 0.298039228

vb0[719]+000 POSITION: 1.06445313, 14.9375, 2.609375, 1
vb0[719]+008 NORMAL: 0, 0.763779521, 0.645669281, 0
vb0[719]+012 COLOR: 0.505882382, 0.90196079, 0.200000003, 0.764705896
vb0[719]+016 TEXCOORD: 1, 1
vb0[719]+020 TEXCOORD1: 2.97851563, 0.909179688
vb0[719]+000 TEXCOORD2: 0.258823544, 0.235294119, 0.470588237, 0.294117659
vb0[719]+000 TEXCOORD3: 0.258823544, 0.235294119, 0.470588237, 0.294117659

vb0[720]+000 POSITION: 3.29882813, 13.8671875, 2.95703125, 1
vb0[720]+008 NORMAL: 0.417322844, 0.551181078, 0.724409461, 0
vb0[720]+012 COLOR: 0.286274523, 0.945098042, 0.58431375, 0.866666675
vb0[720]+016 TEXCOORD: 1, 0.00245857239
vb0[720]+020 TEXCOORD1: 2.97851563, 0.909179688
vb0[720]+000 TEXCOORD2: 0.600000024, 0.258823544, 0.937254906, 0.290196091
vb0[720]+000 TEXCOORD3: 0.600000024, 0.258823544, 0.937254906, 0.290196091

vb0[721]+000 POSITION: 1.79003906, 13.6171875, 1.97949219, 1
vb0[721]+008 NORMAL: 0.212598428, 0.535433054, 0.818897665, 0
vb0[721]+012 COLOR: 0.286274523, 0.945098042, 0.58431375, 0.392156869
vb0[721]+016 TEXCOORD: 0.509277344, 0.00245857239
vb0[721]+020 TEXCOORD1: 2.97851563, 0.909179688
vb0[721]+000 TEXCOORD2: 0.160784319, 0.247058824, 0.811764717, 0.290196091
vb0[721]+000 TEXCOORD3: 0.160784319, 0.247058824, 0.811764717, 0.290196091

vb0[722]+000 POSITION: 0.160522461, 12.46875, 2.41796875, 1
vb0[722]+008 NORMAL: 0.173228353, 0.464566916, 0.866141737, 0
vb0[722]+012 COLOR: 0.286274523, 0.945098042, 0.58431375, 0.501960814
vb0[722]+016 TEXCOORD: 0.509277344, 1
vb0[722]+020 TEXCOORD1: 2.97460938, 0.910644531
vb0[722]+000 TEXCOORD2: 0.137254909, 0.192156866, 0.235294119, 0.290196091
vb0[722]+000 TEXCOORD3: 0.137254909, 0.192156866, 0.235294119, 0.290196091

vb0[723]+000 POSITION: 1.79003906, 13.28125, 3.7734375, 1
vb0[723]+008 NORMAL: 0.244094491, 0.535433054, 0.811023593, 0
vb0[723]+012 COLOR: 0.286274523, 0.945098042, 0.58431375, 0.529411793
vb0[723]+016 TEXCOORD: 1, 1
vb0[723]+020 TEXCOORD1: 2.97851563, 0.909179688
vb0[723]+000 TEXCOORD2: 0.160784319, 0.247058824, 0.643137276, 0.290196091
vb0[723]+000 TEXCOORD3: 0.160784319, 0.247058824, 0.643137276, 0.290196091

vb0[724]+000 POSITION: 2.63085938, 15.46875, -1.36523438, 1
vb0[724]+008 NORMAL: 0.511811018, 0.700787425, -0.496062994, 0
vb0[724]+012 COLOR: 0.239215687, 0.800000012, 0.80392158, 0.811764717
vb0[724]+016 TEXCOORD: 1, 0.00245857239
vb0[724]+020 TEXCOORD1: 0.250732422, 0.968261719
vb0[724]+000 TEXCOORD2: 0.262745112, 0.254901975, 0.737254918, 0.294117659
vb0[724]+000 TEXCOORD3: 0.262745112, 0.254901975, 0.737254918, 0.294117659

vb0[725]+000 POSITION: 1.21386719, 14.2890625, -1.24316406, 1
vb0[725]+008 NORMAL: 0.527559042, 0.677165329, -0.51968503, 0
vb0[725]+012 COLOR: 0.239215687, 0.800000012, 0.80392158, 0.686274529
vb0[725]+016 TEXCOORD: 0.509277344, 0.00245857239
vb0[725]+020 TEXCOORD1: 0.250732422, 0.968261719
vb0[725]+000 TEXCOORD2: 0.858823538, 0.235294119, 0.145098045, 0.294117659
vb0[725]+000 TEXCOORD3: 0.858823538, 0.235294119, 0.145098045, 0.294117659

vb0[726]+000 POSITION: 0.981445313, 12.40625, 0.273193359, 1
vb0[726]+008 NORMAL: -0.0708661452, 0.858267725, -0.503937006, 0
vb0[726]+012 COLOR: 0.239215687, 0.800000012, 0.80392158, 0.576470613
vb0[726]+016 TEXCOORD: 0.509277344, 1
vb0[726]+020 TEXCOORD1: 0.250732422, 0.968261719
vb0[726]+000 TEXCOORD2: 0.854901969, 0.23137255, 0.203921571, 0.290196091
vb0[726]+000 TEXCOORD3: 0.854901969, 0.23137255, 0.203921571, 0.290196091

vb0[727]+000 POSITION: 2.59765625, 14.2265625, 0.0037727356, 1
vb0[727]+008 NORMAL: 0.527559042, 0.677165329, -0.51968503, 0
vb0[727]+012 COLOR: 0.239215687, 0.800000012, 0.80392158, 0.858823538
vb0[727]+016 TEXCOORD: 1, 1
vb0[727]+020 TEXCOORD1: 0.250732422, 0.968261719
vb0[727]+000 TEXCOORD2: 0.196078435, 0.254901975, 0.113725491, 0.294117659
vb0[727]+000 TEXCOORD3: 0.196078435, 0.254901975, 0.113725491, 0.294117659

vb0[728]+000 POSITION: 0.154174805, 11.6953125, 1.83691406, 1
vb0[728]+008 NORMAL: -0.527559042, 0.362204731, 0.763779521, 0
vb0[728]+012 COLOR: 0.494117647, 0.835294127, 0.129411772, 0.529411793
vb0[728]+016 TEXCOORD: 0.509277344, 1
vb0[728]+020 TEXCOORD1: 2.97851563, 0.909179688
vb0[728]+000 TEXCOORD2: 0.937254906, 0.188235298, 0.850980401, 0.286274523
vb0[728]+000 TEXCOORD3: 0.937254906, 0.188235298, 0.850980401, 0.286274523

vb0[729]+000 POSITION: -1.83007813, 12.546875, 2.61328125, 1
vb0[729]+008 NORMAL: -0.527559042, 0.417322844, 0.740157485, 0
vb0[729]+012 COLOR: 0.494117647, 0.835294127, 0.129411772, 0.749019623
vb0[729]+016 TEXCOORD: 0.509277344, 0.00245857239
vb0[729]+020 TEXCOORD1: 2.97851563, 0.909179688
vb0[729]+000 TEXCOORD2: 0.321568638, 0.749019623, 0.274509817, 0.290196091
vb0[729]+000 TEXCOORD3: 0.321568638, 0.749019623, 0.274509817, 0.290196091

vb0[730]+000 POSITION: -2.21875, 13.8984375, 3.88867188, 1
vb0[730]+008 NORMAL: -0.511811018, 0.48031497, 0.716535449, 0
vb0[730]+012 COLOR: 0.494117647, 0.835294127, 0.129411772, 0.811764717
vb0[730]+016 TEXCOORD: 1, 0.00245857239
vb0[730]+020 TEXCOORD1: 2.97851563, 0.909179688
vb0[730]+000 TEXCOORD2: 0.43921569, 0.752941191, 0.952941179, 0.290196091
vb0[730]+000 TEXCOORD3: 0.43921569, 0.752941191, 0.952941179, 0.290196091

vb0[731]+000 POSITION: -0.407470703, 13.5078125, 3.45898438, 1
vb0[731]+008 NORMAL: -0.535433054, 0.488188982, 0.692913413, 0
vb0[731]+012 COLOR: 0.494117647, 0.835294127, 0.129411772, 0.686274529
vb0[731]+016 TEXCOORD: 1, 1
vb0[731]+020 TEXCOORD1: 2.97851563, 0.909179688
vb0[731]+000 TEXCOORD2: 0.521568656, 0.713725507, 0.75686276, 0.290196091
vb0[731]+000 TEXCOORD3: 0.521568656, 0.713725507, 0.75686276, 0.290196091

vb0[732]+000 POSITION: -3.80859375, 6.46875, 3.35351563, 1
vb0[732]+008 NORMAL: -0.803149581, -0.0236220472, 0.59842521, 0
vb0[732]+012 COLOR: 0.721568644, 0.447058827, 0.945098042, 0.811764717
vb0[732]+016 TEXCOORD: 1, 0.00245857239
vb0[732]+020 TEXCOORD1: 2.20117188, 0.397705078
vb0[732]+000 TEXCOORD2: 0.619607866, 0.764705896, 0.470588237, 0.274509817
vb0[732]+000 TEXCOORD3: 0.619607866, 0.764705896, 0.470588237, 0.274509817

vb0[733]+000 POSITION: -3.1640625, 4.6484375, 2.91210938, 1
vb0[733]+008 NORMAL: -0.787401557, -0.0787401572, 0.614173234, 0
vb0[733]+012 COLOR: 0.721568644, 0.447058827, 0.945098042, 0.827450991
vb0[733]+016 TEXCOORD: 0.509277344, 0.00245857239
vb0[733]+020 TEXCOORD1: 2.20117188, 0.397705078
vb0[733]+000 TEXCOORD2: 0.329411775, 0.760784328, 0.650980413, 0.266666681
vb0[733]+000 TEXCOORD3: 0.329411775, 0.760784328, 0.650980413, 0.266666681

vb0[734]+000 POSITION: -0.965820313, 5.25, 1.77636719, 1
vb0[734]+008 NORMAL: -0.724409461, -0.0944881886, 0.677165329, 0
vb0[734]+012 COLOR: 0.721568644, 0.447058827, 0.945098042, 0.360784322
vb0[734]+016 TEXCOORD: 0.509277344, 1
vb0[734]+020 TEXCOORD1: 2.27734375, 0.534667969
vb0[734]+000 TEXCOORD2: 0.729411781, 0.733333349, 0.250980407, 0.270588249
vb0[734]+000 TEXCOORD3: 0.729411781, 0.733333349, 0.250980407, 0.270588249

vb0[735]+000 POSITION: -2.0234375, 6.23828125, 2.52929688, 1
vb0[735]+008 NORMAL: -0.795275569, -0.0629921257, 0.606299222, 0
vb0[735]+012 COLOR: 0.721568644, 0.447058827, 0.945098042, 0.423529416
vb0[735]+016 TEXCOORD: 1, 1
vb0[735]+020 TEXCOORD1: 2.20117188, 0.397705078
vb0[735]+000 TEXCOORD2: 0.0470588244, 0.752941191, 0.239215687, 0.274509817
vb0[735]+000 TEXCOORD3: 0.0470588244, 0.752941191, 0.239215687, 0.274509817

vb0[736]+000 POSITION: 0.412597656, 6.67578125, 2.734375, 1
vb0[736]+008 NORMAL: -0.157480314, -0.00787401572, 0.984251976, 0
vb0[736]+012 COLOR: 0.764705896, 0.917647064, 0.419607848, 0.615686297
vb0[736]+016 TEXCOORD: 0.509277344, 1
vb0[736]+020 TEXCOORD1: 2.96289063, 0.751464844
vb0[736]+000 TEXCOORD2: 0.603921592, 0.211764708, 0.678431392, 0.274509817
vb0[736]+000 TEXCOORD3: 0.603921592, 0.211764708, 0.678431392, 0.274509817

vb0[737]+000 POSITION: -1.4140625, 7.54296875, 2.984375, 1
vb0[737]+008 NORMAL: -0.11811024, 0.0236220472, 0.992125988, 0
vb0[737]+012 COLOR: 0.764705896, 0.917647064, 0.419607848, 0.639215708
vb0[737]+016 TEXCOORD: 0.509277344, 0.00245857239
vb0[737]+020 TEXCOORD1: 3.01171875, 0.744628906
vb0[737]+000 TEXCOORD2: 0.65882355, 0.741176486, 0.545098066, 0.278431386
vb0[737]+000 TEXCOORD3: 0.65882355, 0.741176486, 0.545098066, 0.278431386

vb0[738]+000 POSITION: -2.15429688, 8.6953125, 4.70703125, 1
vb0[738]+008 NORMAL: -0.299212605, 0.0708661452, 0.952755928, 0
vb0[738]+012 COLOR: 0.764705896, 0.917647064, 0.419607848, 0.882352948
vb0[738]+016 TEXCOORD: 1, 0.00245857239
vb0[738]+020 TEXCOORD1: 3.01171875, 0.744628906
vb0[738]+000 TEXCOORD2: 0.309803933, 0.752941191, 0.349019617, 0.282352954
vb0[738]+000 TEXCOORD3: 0.309803933, 0.752941191, 0.349019617, 0.282352954

vb0[739]+000 POSITION: -0.461914063, 7.31640625, 4.97265625, 1
vb0[739]+008 NORMAL: -0.0866141766, 0.0314960629, 0.992125988, 0
vb0[739]+012 COLOR: 0.764705896, 0.917647064, 0.419607848, 0.670588255
vb0[739]+016 TEXCOORD: 1, 1
vb0[739]+020 TEXCOORD1: 3.01171875, 0.744628906
vb0[739]+000 TEXCOORD2: 0.392156869, 0.717647076, 0.31764707, 0.278431386
vb0[739]+000 TEXCOORD3: 0.392156869, 0.717647076, 0.31764707, 0.278431386

vb0[740]+000 POSITION: 2.36328125, 9.2109375, -0.273925781, 1
vb0[740]+008 NORMAL: 0.748031497, 0.149606302, -0.645669281, 0
vb0[740]+012 COLOR: 0.894117653, 0.196078435, 0.552941203, 0.513725519
vb0[740]+016 TEXCOORD: 0.509277344, 1
vb0[740]+020 TEXCOORD1: 0.405761719, 0.89453125
vb0[740]+000 TEXCOORD2: 0.729411781, 0.250980407, 0.607843161, 0.282352954
vb0[740]+000 TEXCOORD3: 0.729411781, 0.250980407, 0.607843161, 0.282352954

vb0[741]+000 POSITION: 2.58984375, 8.8046875, -2.63085938, 1
vb0[741]+008 NORMAL: 0.677165329, 0.157480314, -0.716535449, 0
vb0[741]+012 COLOR: 0.894117653, 0.196078435, 0.552941203, 0.576470613
vb0[741]+016 TEXCOORD: 0.509277344, 0.00245857239
vb0[741]+020 TEXCOORD1: 0.592773438, 0.805664063
vb0[741]+000 TEXCOORD2: 0.180392161, 0.254901975, 0.403921574, 0.282352954
vb0[741]+000 TEXCOORD3: 0.180392161, 0.254901975, 0.403921574, 0.282352954

vb0[742]+000 POSITION: 3.5, 10.0625, -3.94140625, 1
vb0[742]+008 NORMAL: 0.637795269, 0.157480314, -0.755905509, 0
vb0[742]+012 COLOR: 0.894117653, 0.196078435, 0.552941203, 0.764705896
vb0[742]+016 TEXCOORD: 1, 0.00245857239
vb0[742]+020 TEXCOORD1: 0.592773438, 0.805664063
vb0[742]+000 TEXCOORD2: 0, 0.262745112, 0.0313725509, 0.286274523
vb0[742]+000 TEXCOORD3: 0, 0.262745112, 0.0313725509, 0.286274523

vb0[743]+000 POSITION: 3.7109375, 10.3671875, -1.9453125, 1
vb0[743]+008 NORMAL: 0.677165329, 0.157480314, -0.716535449, 0
vb0[743]+012 COLOR: 0.894117653, 0.196078435, 0.552941203, 0.486274511
vb0[743]+016 TEXCOORD: 1, 1
vb0[743]+020 TEXCOORD1: 0.592773438, 0.805664063
vb0[743]+000 TEXCOORD2: 0.423529416, 0.262745112, 0.184313729, 0.286274523
vb0[743]+000 TEXCOORD3: 0.423529416, 0.262745112, 0.184313729, 0.286274523

vb0[744]+000 POSITION: 2.65429688, 15.375, 1.92773438, 1
vb0[744]+008 NORMAL: 0.700787425, 0.708661437, 0.0944881886, 0
vb0[744]+012 COLOR: 0.713725507, 0.400000006, 0.0588235296, 0.686274529
vb0[744]+016 TEXCOORD: 1, 0.00245857239
vb0[744]+020 TEXCOORD1: -0.162109375, 0.986816406
vb0[744]+000 TEXCOORD2: 0.309803933, 0.254901975, 0.690196097, 0.294117659
vb0[744]+000 TEXCOORD3: 0.309803933, 0.254901975, 0.690196097, 0.294117659

vb0[745]+000 POSITION: 2.11914063, 13.3671875, 2.25976563, 1
vb0[745]+008 NORMAL: 0.826771677, 0.51968503, -0.228346452, 0
vb0[745]+012 COLOR: 0.713725507, 0.400000006, 0.0588235296, 0.78039217
vb0[745]+016 TEXCOORD: 0.509277344, 0.00245857239
vb0[745]+020 TEXCOORD1: 2.97851563, 0.909179688
vb0[745]+000 TEXCOORD2: 0.239215687, 0.250980407, 0.686274529, 0.290196091
vb0[745]+000 TEXCOORD3: 0.239215687, 0.250980407, 0.686274529, 0.290196091

vb0[746]+000 POSITION: 0.146728516, 12.0859375, 1.44628906, 1
vb0[746]+008 NORMAL: 0.826771677, 0.448818892, 0.338582665, 0
vb0[746]+012 COLOR: 0.713725507, 0.400000006, 0.0588235296, 0.321568638
vb0[746]+016 TEXCOORD: 0.509277344, 1
vb0[746]+020 TEXCOORD1: 2.94335938, 0.903808594
vb0[746]+000 TEXCOORD2: 0.698039234, 0.188235298, 0.0431372561, 0.290196091
vb0[746]+000 TEXCOORD3: 0.698039234, 0.188235298, 0.0431372561, 0.290196091

vb0[747]+000 POSITION: 0.766113281, 14.6796875, 1.30371094, 1
vb0[747]+008 NORMAL: 0.779527545, 0.590551198, -0.212598428, 0
vb0[747]+012 COLOR: 0.713725507, 0.400000006, 0.0588235296, 0.392156869
vb0[747]+016 TEXCOORD: 1, 1
vb0[747]+020 TEXCOORD1: -0.162109375, 0.986816406
vb0[747]+000 TEXCOORD2: 0.129411772, 0.227450982, 0.34117648, 0.294117659
vb0[747]+000 TEXCOORD3: 0.129411772, 0.227450982, 0.34117648, 0.294117659

vb0[748]+000 POSITION: -3.33984375, 6.5234375, 3.12890625, 1
vb0[748]+008 NORMAL: -0.803149581, -0.0472440943, 0.59842521, 0
vb0[748]+012 COLOR: 0.435294122, 0.819607854, 0.121568628, 0.486274511
vb0[748]+016 TEXCOORD: 1, 0.00245857239
vb0[748]+020 TEXCOORD1: 2.20117188, 0.397705078
vb0[748]+000 TEXCOORD2: 0.68235296, 0.760784328, 0.525490224, 0.274509817
vb0[748]+000 TEXCOORD3: 0.68235296, 0.760784328, 0.525490224, 0.274509817

vb0[749]+000 POSITION: -1.22265625, 6.3984375, 3.11328125, 1
vb0[749]+008 NORMAL: -0.740157485, -0.0708661452, 0.669291317, 0
vb0[749]+012 COLOR: 0.435294122, 0.819607854, 0.121568628, 0.717647076
vb0[749]+016 TEXCOORD: 0.509277344, 0.00245857239
vb0[749]+020 TEXCOORD1: 2.20117188, 0.397705078
vb0[749]+000 TEXCOORD2: 0.894117653, 0.737254918, 0.400000006, 0.274509817
vb0[749]+000 TEXCOORD3: 0.894117653, 0.737254918, 0.400000006, 0.274509817

vb0[750]+000 POSITION: -0.018081665, 5.59375, 1.77246094, 1
vb0[750]+008 NORMAL: -0.732283473, -0.0944881886, 0.669291317, 0
vb0[750]+012 COLOR: 0.435294122, 0.819607854, 0.121568628, 0.505882382
vb0[750]+016 TEXCOORD: 0.509277344, 1
vb0[750]+020 TEXCOORD1: 2.64257813, 0.612792969
vb0[750]+000 TEXCOORD2: 0.631372571, 0.643137276, 0.596078455, 0.270588249
vb0[750]+000 TEXCOORD3: 0.631372571, 0.643137276, 0.596078455, 0.270588249

vb0[751]+000 POSITION: -2.39257813, 4.9375, 2.0859375, 1
vb0[751]+008 NORMAL: -0.740157485, -0.0708661452, 0.669291317, 0
vb0[751]+012 COLOR: 0.435294122, 0.819607854, 0.121568628, 0.796078444
vb0[751]+016 TEXCOORD: 1, 1
vb0[751]+020 TEXCOORD1: 2.20117188, 0.397705078
vb0[751]+000 TEXCOORD2: 0.788235307, 0.752941191, 0.941176474, 0.266666681
vb0[751]+000 TEXCOORD3: 0.788235307, 0.752941191, 0.941176474, 0.266666681

vb0[752]+000 POSITION: -4.5078125, 9.2734375, 0.645996094, 1
vb0[752]+008 NORMAL: -0.992125988, 0.14173229, 0.0472440943, 0
vb0[752]+012 COLOR: 0.603921592, 0.988235295, 0.4627451, 0.811764717
vb0[752]+016 TEXCOORD: 1, 0.00245857239
vb0[752]+020 TEXCOORD1: -0.564453125, 0.825683594
vb0[752]+000 TEXCOORD2: 0.509803951, 0.768627465, 0.639215708, 0.282352954
vb0[752]+000 TEXCOORD3: 0.509803951, 0.768627465, 0.639215708, 0.282352954

vb0[753]+000 POSITION: -2.94140625, 8.8828125, 1.95507813, 1
vb0[753]+008 NORMAL: -0.984251976, 0.133858263, 0.0866141766, 0
vb0[753]+012 COLOR: 0.603921592, 0.988235295, 0.4627451, 0.858823538
vb0[753]+016 TEXCOORD: 0.509277344, 0.00245857239
vb0[753]+020 TEXCOORD1: -0.564453125, 0.825683594
vb0[753]+000 TEXCOORD2: 0.886274517, 0.75686276, 0.443137258, 0.282352954
vb0[753]+000 TEXCOORD3: 0.886274517, 0.75686276, 0.443137258, 0.282352954

vb0[754]+000 POSITION: -0.687988281, 8.5, 1.12304688, 1
vb0[754]+008 NORMAL: -0.992125988, 0.14173229, 0.0236220472, 0
vb0[754]+012 COLOR: 0.603921592, 0.988235295, 0.4627451, 0.4627451
vb0[754]+016 TEXCOORD: 0.509277344, 1
vb0[754]+020 TEXCOORD1: 2.53515625, 0.827636719
vb0[754]+000 TEXCOORD2: 0.505882382, 0.725490212, 0.250980407, 0.282352954
vb0[754]+000 TEXCOORD3: 0.505882382, 0.725490212, 0.250980407, 0.282352954

vb0[755]+000 POSITION: -2.66992188, 8.6640625, -0.110412598, 1
vb0[755]+008 NORMAL: -0.984251976, 0.133858263, 0.0866141766, 0
vb0[755]+012 COLOR: 0.603921592, 0.988235295, 0.4627451, 0.592156887
vb0[755]+016 TEXCOORD: 1, 1
vb0[755]+020 TEXCOORD1: -0.564453125, 0.825683594
vb0[755]+000 TEXCOORD2: 0.34117648, 0.75686276, 0.333333343, 0.282352954
vb0[755]+000 TEXCOORD3: 0.34117648, 0.75686276, 0.333333343, 0.282352954

vb0[756]+000 POSITION: 1.57714844, 11.09375, 0.424316406, 1
vb0[756]+008 NORMAL: 0.708661437, 0.314960629, -0.629921257, 0
vb0[756]+012 COLOR: 0.447058827, 0.819607854, 0.882352948, 0.552941203
vb0[756]+016 TEXCOORD: 0.509277344, 1
vb0[756]+020 TEXCOORD1: 3.19726563, 0.956542969
vb0[756]+000 TEXCOORD2: 0.309803933, 0.243137255, 0.549019635, 0.286274523
vb0[756]+000 TEXCOORD3: 0.309803933, 0.243137255, 0.549019635, 0.286274523

vb0[757]+000 POSITION: 3.65820313, 12.015625, 0.0140686035, 1
vb0[757]+008 NORMAL: 0.472440958, 0.307086617, -0.826771677, 0
vb0[757]+012 COLOR: 0.447058827, 0.819607854, 0.882352948, 0.717647076
vb0[757]+016 TEXCOORD: 0.509277344, 0.00245857239
vb0[757]+020 TEXCOORD1: 0.250732422, 0.968261719
vb0[757]+000 TEXCOORD2: 0.31764707, 0.262745112, 0.00784313772, 0.290196091
vb0[757]+000 TEXCOORD3: 0.31764707, 0.262745112, 0.00784313772, 0.290196091

vb0[758]+000 POSITION: 3.96484375, 13.40625, -1.15917969, 1
vb0[758]+008 NORMAL: 0.692913413, 0.354330719, -0.629921257, 0
vb0[758]+012 COLOR: 0.447058827, 0.819607854, 0.882352948, 0.80392158
vb0[758]+016 TEXCOORD: 1, 0.00245857239
vb0[758]+020 TEXCOORD1: 0.250732422, 0.968261719
vb0[758]+000 TEXCOORD2: 0.933333337, 0.262745112, 0.70588237, 0.290196091
vb0[758]+000 TEXCOORD3: 0.933333337, 0.262745112, 0.70588237, 0.290196091

vb0[759]+000 POSITION: 2.23632813, 12.828125, -0.864746094, 1
vb0[759]+008 NORMAL: 0.472440958, 0.307086617, -0.826771677, 0
vb0[759]+012 COLOR: 0.447058827, 0.819607854, 0.882352948, 0.0313725509
vb0[759]+016 TEXCOORD: 1, 1
vb0[759]+020 TEXCOORD1: 0.250732422, 0.968261719
vb0[759]+000 TEXCOORD2: 0.474509805, 0.250980407, 0.41568628, 0.290196091
vb0[759]+000 TEXCOORD3: 0.474509805, 0.250980407, 0.41568628, 0.290196091

vb0[760]+000 POSITION: 0.315429688, 14.1953125, 1.24414063, 1
vb0[760]+008 NORMAL: -0.740157485, 0.622047246, 0.251968503, 0
vb0[760]+012 COLOR: 0.647058845, 0.905882359, 0.250980407, 0.607843161
vb0[760]+016 TEXCOORD: 0.509277344, 1
vb0[760]+020 TEXCOORD1: -0.162109375, 0.986816406
vb0[760]+000 TEXCOORD2: 0.0470588244, 0.20784314, 0.0980392173, 0.294117659
vb0[760]+000 TEXCOORD3: 0.0470588244, 0.20784314, 0.0980392173, 0.294117659

vb0[761]+000 POSITION: -1.13964844, 14.2109375, -0.201660156, 1
vb0[761]+008 NORMAL: -0.795275569, 0.590551198, 0.165354326, 0
vb0[761]+012 COLOR: 0.647058845, 0.905882359, 0.250980407, 0.545098066
vb0[761]+016 TEXCOORD: 0.509277344, 0.00245857239
vb0[761]+020 TEXCOORD1: -0.162109375, 0.986816406
vb0[761]+000 TEXCOORD2: 0.56078434, 0.737254918, 0.105882354, 0.294117659
vb0[761]+000 TEXCOORD3: 0.56078434, 0.737254918, 0.105882354, 0.294117659

vb0[762]+000 POSITION: -3.21484375, 14.6171875, -0.168579102, 1
vb0[762]+008 NORMAL: -0.811023593, 0.582677186, -0.0157480314, 0
vb0[762]+012 COLOR: 0.647058845, 0.905882359, 0.250980407, 0.905882359
vb0[762]+016 TEXCOORD: 1, 0.00245857239
vb0[762]+020 TEXCOORD1: -0.162109375, 0.986816406
vb0[762]+000 TEXCOORD2: 0.431372553, 0.760784328, 0.309803933, 0.294117659
vb0[762]+000 TEXCOORD3: 0.431372553, 0.760784328, 0.309803933, 0.294117659

vb0[763]+000 POSITION: -1.96582031, 15.4453125, 1.32714844, 1
vb0[763]+008 NORMAL: -0.787401557, 0.590551198, 0.165354326, 0
vb0[763]+012 COLOR: 0.647058845, 0.905882359, 0.250980407, 0.454901963
vb0[763]+016 TEXCOORD: 1, 1
vb0[763]+020 TEXCOORD1: -0.162109375, 0.986816406
vb0[763]+000 TEXCOORD2: 0.866666675, 0.749019623, 0.725490212, 0.294117659
vb0[763]+000 TEXCOORD3: 0.866666675, 0.749019623, 0.725490212, 0.294117659

vb0[764]+000 POSITION: 4.4453125, 8.078125, -3.24804688, 1
vb0[764]+008 NORMAL: 0.55905509, 0.0708661452, -0.826771677, 0
vb0[764]+012 COLOR: 0.34117648, 0.250980407, 0.0980392173, 0.75686276
vb0[764]+016 TEXCOORD: 1, 0.00245857239
vb0[764]+020 TEXCOORD1: 0.592773438, 0.805664063
vb0[764]+000 TEXCOORD2: 0.447058827, 0.266666681, 0.0392156877, 0.282352954
vb0[764]+000 TEXCOORD3: 0.447058827, 0.266666681, 0.0392156877, 0.282352954

vb0[765]+000 POSITION: 3.80859375, 6.48046875, -2.33007813, 1
vb0[765]+008 NORMAL: 0.685039341, 0.0314960629, -0.732283473, 0
vb0[765]+012 COLOR: 0.34117648, 0.250980407, 0.0980392173, 0.545098066
vb0[765]+016 TEXCOORD: 0.509277344, 0.00245857239
vb0[765]+020 TEXCOORD1: 0.592773438, 0.805664063
vb0[765]+000 TEXCOORD2: 0.619607866, 0.262745112, 0.482352942, 0.274509817
vb0[765]+000 TEXCOORD3: 0.619607866, 0.262745112, 0.482352942, 0.274509817

vb0[766]+000 POSITION: 1.5546875, 6.87109375, -1.35644531, 1
vb0[766]+008 NORMAL: 0.724409461, 0.0157480314, -0.692913413, 0
vb0[766]+012 COLOR: 0.34117648, 0.250980407, 0.0980392173, 0.41568628
vb0[766]+016 TEXCOORD: 0.509277344, 1
vb0[766]+020 TEXCOORD1: 0.313720703, 0.909667969
vb0[766]+000 TEXCOORD2: 0.219607845, 0.243137255, 0.874509811, 0.274509817
vb0[766]+000 TEXCOORD3: 0.219607845, 0.243137255, 0.874509811, 0.274509817

vb0[767]+000 POSITION: 2.56835938, 7.94140625, -2.74804688, 1
vb0[767]+008 NORMAL: 0.574803174, 0.0629921257, -0.818897665, 0
vb0[767]+012 COLOR: 0.34117648, 0.250980407, 0.0980392173, 0.654901981
vb0[767]+016 TEXCOORD: 1, 1
vb0[767]+020 TEXCOORD1: 0.592773438, 0.805664063
vb0[767]+000 TEXCOORD2: 0.137254909, 0.254901975, 0.945098042, 0.278431386
vb0[767]+000 TEXCOORD3: 0.137254909, 0.254901975, 0.945098042, 0.278431386

vb0[768]+000 POSITION: 1.87207031, 9.9609375, 5.35546875, 1
vb0[768]+008 NORMAL: 0.236220479, 0.14173229, 0.96062994, 0
vb0[768]+012 COLOR: 0.623529434, 0.0941176489, 0.764705896, 0.376470596
vb0[768]+016 TEXCOORD: 1, 0.00245857239
vb0[768]+020 TEXCOORD1: 3.3671875, 0.819824219
vb0[768]+000 TEXCOORD2: 0.490196079, 0.247058824, 0.984313726, 0.282352954
vb0[768]+000 TEXCOORD3: 0.490196079, 0.247058824, 0.984313726, 0.282352954

vb0[769]+000 POSITION: 0.249755859, 8.65625, 4.640625, 1
vb0[769]+008 NORMAL: 0.228346452, 0.125984251, 0.968503952, 0
vb0[769]+012 COLOR: 0.623529434, 0.0941176489, 0.764705896, 0.486274511
vb0[769]+016 TEXCOORD: 0.509277344, 0.00245857239
vb0[769]+020 TEXCOORD1: 3.01171875, 0.744628906
vb0[769]+000 TEXCOORD2: 0.996078432, 0.200000003, 0.329411775, 0.282352954
vb0[769]+000 TEXCOORD3: 0.996078432, 0.200000003, 0.329411775, 0.282352954

vb0[770]+000 POSITION: 0.511230469, 7.63671875, 2.42382813, 1
vb0[770]+008 NORMAL: 0.0787401572, 0.11811024, 0.992125988, 0
vb0[770]+012 COLOR: 0.623529434, 0.0941176489, 0.764705896, 0.360784322
vb0[770]+016 TEXCOORD: 0.509277344, 1
vb0[770]+020 TEXCOORD1: 3.109375, 0.765625
vb0[770]+000 TEXCOORD2: 0.0901960805, 0.219607845, 0.639215708, 0.278431386
vb0[770]+000 TEXCOORD3: 0.0901960805, 0.219607845, 0.639215708, 0.278431386

vb0[771]+000 POSITION: 2.2265625, 8.6171875, 3.64648438, 1
vb0[771]+008 NORMAL: 0.228346452, 0.125984251, 0.968503952, 0
vb0[771]+012 COLOR: 0.623529434, 0.0941176489, 0.764705896, 0.423529416
vb0[771]+016 TEXCOORD: 1, 1
vb0[771]+020 TEXCOORD1: 3.3671875, 0.819824219
vb0[771]+000 TEXCOORD2: 0.454901963, 0.250980407, 0.309803933, 0.282352954
vb0[771]+000 TEXCOORD3: 0.454901963, 0.250980407, 0.309803933, 0.282352954

vb0[772]+000 POSITION: -0.467529297, 11.859375, 1.34082031, 1
vb0[772]+008 NORMAL: 0.44094488, 0.40157479, 0.803149581, 0
vb0[772]+012 COLOR: 0.270588249, 0.337254912, 0.913725495, 0.423529416
vb0[772]+016 TEXCOORD: 0.509277344, 1
vb0[772]+020 TEXCOORD1: 2.83007813, 0.886230469
vb0[772]+000 TEXCOORD2: 0.482352942, 0.717647076, 0.933333337, 0.286274523
vb0[772]+000 TEXCOORD3: 0.482352942, 0.717647076, 0.933333337, 0.286274523

vb0[773]+000 POSITION: 1.23339844, 12.421875, 2.55664063, 1
vb0[773]+008 NORMAL: 0.370078743, 0.409448832, 0.834645689, 0
vb0[773]+012 COLOR: 0.270588249, 0.337254912, 0.913725495, 0.203921571
vb0[773]+016 TEXCOORD: 0.509277344, 0.00245857239
vb0[773]+020 TEXCOORD1: 2.97851563, 0.909179688
vb0[773]+000 TEXCOORD2: 0.937254906, 0.235294119, 0.211764708, 0.290196091
vb0[773]+000 TEXCOORD3: 0.937254906, 0.235294119, 0.211764708, 0.290196091

vb0[774]+000 POSITION: 1.77636719, 14.109375, 3.47265625, 1
vb0[774]+008 NORMAL: 0.377952754, 0.527559042, 0.763779521, 0
vb0[774]+012 COLOR: 0.270588249, 0.337254912, 0.913725495, 0.607843161
vb0[774]+016 TEXCOORD: 1, 0.00245857239
vb0[774]+020 TEXCOORD1: 2.97851563, 0.909179688
vb0[774]+000 TEXCOORD2: 0.105882354, 0.247058824, 0.0549019612, 0.294117659
vb0[774]+000 TEXCOORD3: 0.105882354, 0.247058824, 0.0549019612, 0.294117659

vb0[775]+000 POSITION: 0.0288085938, 14.03125, 2.51367188, 1
vb0[775]+008 NORMAL: 0.40157479, 0.448818892, 0.795275569, 0
vb0[775]+012 COLOR: 0.270588249, 0.337254912, 0.913725495, 0.329411775
vb0[775]+016 TEXCOORD: 1, 1
vb0[775]+020 TEXCOORD1: 2.97851563, 0.909179688
vb0[775]+000 TEXCOORD2: 0.376470596, 0.152941182, 0.0156862754, 0.294117659
vb0[775]+000 TEXCOORD3: 0.376470596, 0.152941182, 0.0156862754, 0.294117659

vb0[776]+000 POSITION: 0.155151367, 12.15625, 1.03515625, 1
vb0[776]+008 NORMAL: 0.291338593, 0.409448832, 0.866141737, 0
vb0[776]+012 COLOR: 0.0627451017, 0.486274511, 0.741176486, 0.392156869
vb0[776]+016 TEXCOORD: 0.509277344, 1
vb0[776]+020 TEXCOORD1: 2.9375, 0.902832031
vb0[776]+000 TEXCOORD2: 0.968627453, 0.188235298, 0.0784313753, 0.290196091
vb0[776]+000 TEXCOORD3: 0.968627453, 0.188235298, 0.0784313753, 0.290196091

vb0[777]+000 POSITION: 1.1640625, 12.6796875, 2.96875, 1
vb0[777]+008 NORMAL: 0.244094491, 0.511811018, 0.826771677, 0
vb0[777]+012 COLOR: 0.0627451017, 0.486274511, 0.741176486, 0.203921571
vb0[777]+016 TEXCOORD: 0.509277344, 0.00245857239
vb0[777]+020 TEXCOORD1: 2.97851563, 0.909179688
vb0[777]+000 TEXCOORD2: 0.65882355, 0.235294119, 0.34117648, 0.290196091
vb0[777]+000 TEXCOORD3: 0.65882355, 0.235294119, 0.34117648, 0.290196091

vb0[778]+000 POSITION: 1.63671875, 14.375, 3.8359375, 1
vb0[778]+008 NORMAL: 0.259842515, 0.55905509, 0.787401557, 0
vb0[778]+012 COLOR: 0.0627451017, 0.486274511, 0.741176486, 0.75686276
vb0[778]+016 TEXCOORD: 1, 0.00245857239
vb0[778]+020 TEXCOORD1: 2.97851563, 0.909179688
vb0[778]+000 TEXCOORD2: 0.549019635, 0.243137255, 0.188235298, 0.294117659
vb0[778]+000 TEXCOORD3: 0.549019635, 0.243137255, 0.188235298, 0.294117659

vb0[779]+000 POSITION: 0.659667969, 14.3984375, 2.13671875, 1
vb0[779]+008 NORMAL: 0.22047244, 0.55905509, 0.795275569, 0
vb0[779]+012 COLOR: 0.0627451017, 0.486274511, 0.741176486, 0.235294119
vb0[779]+016 TEXCOORD: 1, 1
vb0[779]+020 TEXCOORD1: -0.162109375, 0.986816406
vb0[779]+000 TEXCOORD2: 0.278431386, 0.223529413, 0.200000003, 0.294117659
vb0[779]+000 TEXCOORD3: 0.278431386, 0.223529413, 0.200000003, 0.294117659

vb0[780]+000 POSITION: -0.271484375, 11.3984375, 1.49023438, 1
vb0[780]+008 NORMAL: -0.850393713, 0.228346452, 0.472440958, 0
vb0[780]+012 COLOR: 0.450980395, 0.847058833, 0.145098045, 0.600000024
vb0[780]+016 TEXCOORD: 0.509277344, 1
vb0[780]+020 TEXCOORD1: 2.84375, 0.927246094
vb0[780]+000 TEXCOORD2: 0.345098048, 0.70588237, 0.701960802, 0.286274523
vb0[780]+000 TEXCOORD3: 0.345098048, 0.70588237, 0.701960802, 0.286274523

vb0[781]+000 POSITION: -2.34179688, 10.53125, 0.873535156, 1
vb0[781]+008 NORMAL: -0.913385808, 0.196850389, 0.354330719, 0
vb0[781]+012 COLOR: 0.450980395, 0.847058833, 0.145098045, 0.592156887
vb0[781]+016 TEXCOORD: 0.509277344, 0.00245857239
vb0[781]+020 TEXCOORD1: -0.564453125, 0.825683594
vb0[781]+000 TEXCOORD2: 0.686274529, 0.752941191, 0.266666681, 0.286274523
vb0[781]+000 TEXCOORD3: 0.686274529, 0.752941191, 0.266666681, 0.286274523

vb0[782]+000 POSITION: -4.3671875, 10.953125, 1.6328125, 1
vb0[782]+008 NORMAL: -0.944881916, 0.204724416, 0.267716527, 0
vb0[782]+012 COLOR: 0.450980395, 0.847058833, 0.145098045, 0.866666675
vb0[782]+016 TEXCOORD: 1, 0.00245857239
vb0[782]+020 TEXCOORD1: -0.564453125, 0.825683594
vb0[782]+000 TEXCOORD2: 0.368627459, 0.768627465, 0.478431374, 0.286274523
vb0[782]+000 TEXCOORD3: 0.368627459, 0.768627465, 0.478431374, 0.286274523

vb0[783]+000 POSITION: -2.64453125, 12.0859375, 2.4296875, 1
vb0[783]+008 NORMAL: -0.905511796, 0.22047244, 0.362204731, 0
vb0[783]+012 COLOR: 0.450980395, 0.847058833, 0.145098045, 0.905882359
vb0[783]+016 TEXCOORD: 1, 1
vb0[783]+020 TEXCOORD1: 2.97851563, 0.909179688
vb0[783]+000 TEXCOORD2: 0.290196091, 0.75686276, 0.0431372561, 0.290196091
vb0[783]+000 TEXCOORD3: 0.290196091, 0.75686276, 0.0431372561, 0.290196091

vb0[784]+000 POSITION: -3.734375, 7.421875, -2.09570313, 1
vb0[784]+008 NORMAL: -0.842519701, 0.0236220472, -0.535433054, 0
vb0[784]+012 COLOR: 0.239215687, 0.623529434, 0.909803927, 0.898039222
vb0[784]+016 TEXCOORD: 1, 0.00245857239
vb0[784]+020 TEXCOORD1: -0.564453125, 0.825683594
vb0[784]+000 TEXCOORD2: 0.470588237, 0.764705896, 0.423529416, 0.278431386
vb0[784]+000 TEXCOORD3: 0.470588237, 0.764705896, 0.423529416, 0.278431386

vb0[785]+000 POSITION: -2.11328125, 7.1640625, -1.06640625, 1
vb0[785]+008 NORMAL: -0.811023593, 0.0236220472, -0.590551198, 0
vb0[785]+012 COLOR: 0.239215687, 0.623529434, 0.909803927, 0.513725519
vb0[785]+016 TEXCOORD: 0.509277344, 0.00245857239
vb0[785]+020 TEXCOORD1: -0.564453125, 0.825683594
vb0[785]+000 TEXCOORD2: 0.227450982, 0.752941191, 0.164705887, 0.278431386
vb0[785]+000 TEXCOORD3: 0.227450982, 0.752941191, 0.164705887, 0.278431386

vb0[786]+000 POSITION: -0.544433594, 8.9296875, -0.517089844, 1
vb0[786]+008 NORMAL: -0.874015749, 0.05511811, -0.488188982, 0
vb0[786]+012 COLOR: 0.239215687, 0.623529434, 0.909803927, 0.56078434
vb0[786]+016 TEXCOORD: 0.509277344, 1
vb0[786]+020 TEXCOORD1: 2.68359375, 0.895996094
vb0[786]+000 TEXCOORD2: 0.356862754, 0.721568644, 0.466666669, 0.282352954
vb0[786]+000 TEXCOORD3: 0.356862754, 0.721568644, 0.466666669, 0.282352954

vb0[787]+000 POSITION: -2.51757813, 8.90625, -1.84375, 1
vb0[787]+008 NORMAL: -0.818897665, 0.0157480314, -0.574803174, 0
vb0[787]+012 COLOR: 0.239215687, 0.623529434, 0.909803927, 0.78039217
vb0[787]+016 TEXCOORD: 1, 1
vb0[787]+020 TEXCOORD1: -0.564453125, 0.825683594
vb0[787]+000 TEXCOORD2: 0.0352941193, 0.75686276, 0.454901963, 0.282352954
vb0[787]+000 TEXCOORD3: 0.0352941193, 0.75686276, 0.454901963, 0.282352954

vb0[788]+000 POSITION: -2.25195313, 6.6875, -0.339355469, 1
vb0[788]+008 NORMAL: 0.299212605, 0.00787401572, -0.952755928, 0
vb0[788]+012 COLOR: 0.678431392, 0.215686277, 0.870588243, 0.454901963
vb0[788]+016 TEXCOORD: 0.509277344, 1
vb0[788]+020 TEXCOORD1: -0.564453125, 0.825683594
vb0[788]+000 TEXCOORD2: 0.505882382, 0.752941191, 0.690196097, 0.274509817
vb0[788]+000 TEXCOORD3: 0.505882382, 0.752941191, 0.690196097, 0.274509817

vb0[789]+000 POSITION: 0.392578125, 6.17578125, -1.98339844, 1
vb0[789]+008 NORMAL: 0.637795269, -0.0236220472, -0.771653533, 0
vb0[789]+012 COLOR: 0.678431392, 0.215686277, 0.870588243, 0
vb0[789]+016 TEXCOORD: 0.509277344, 0.00245857239
vb0[789]+020 TEXCOORD1: 0.0800170898, 0.996582031
vb0[789]+000 TEXCOORD2: 0.282352954, 0.211764708, 0.176470593, 0.274509817
vb0[789]+000 TEXCOORD3: 0.282352954, 0.211764708, 0.176470593, 0.274509817

vb0[790]+000 POSITION: 2.5078125, 8.4921875, -1.26367188, 1
vb0[790]+008 NORMAL: 0.724409461, 0.0629921257, -0.685039341, 0
vb0[790]+012 COLOR: 0.678431392, 0.215686277, 0.870588243, 0.0313725509
vb0[790]+016 TEXCOORD: 1, 0.00245857239
vb0[790]+020 TEXCOORD1: 0.592773438, 0.805664063
vb0[790]+000 TEXCOORD2: 0.0156862754, 0.254901975, 0.247058824, 0.282352954
vb0[790]+000 TEXCOORD3: 0.0156862754, 0.254901975, 0.247058824, 0.282352954

vb0[791]+000 POSITION: -0.377929688, 8.4765625, 0.16027832, 1
vb0[791]+008 NORMAL: 0.645669281, -0.0236220472, -0.763779521, 0
vb0[791]+012 COLOR: 0.678431392, 0.215686277, 0.870588243, 0.470588237
vb0[791]+016 TEXCOORD: 1, 1
vb0[791]+020 TEXCOORD1: 2.5390625, 0.859863281
vb0[791]+000 TEXCOORD2: 0.0470588244, 0.713725507, 0.239215687, 0.282352954
vb0[791]+000 TEXCOORD3: 0.0470588244, 0.713725507, 0.239215687, 0.282352954

vb0[792]+000 POSITION: 4.99609375, 7.03125, -2.54296875, 1
vb0[792]+008 NORMAL: 0.708661437, -0.0236220472, -0.708661437, 0
vb0[792]+012 COLOR: 0.607843161, 0.0235294122, 0.603921592, 0.80392158
vb0[792]+016 TEXCOORD: 1, 0.00245857239
vb0[792]+020 TEXCOORD1: 0.592773438, 0.805664063
vb0[792]+000 TEXCOORD2: 1, 0.266666681, 0.0313725509, 0.278431386
vb0[792]+000 TEXCOORD3: 1, 0.266666681, 0.0313725509, 0.278431386

vb0[793]+000 POSITION: 3.48242188, 6.7265625, -0.938476563, 1
vb0[793]+008 NORMAL: 0.677165329, -0.0472440943, -0.732283473, 0
vb0[793]+012 COLOR: 0.607843161, 0.0235294122, 0.603921592, 0.639215708
vb0[793]+016 TEXCOORD: 0.509277344, 0.00245857239
vb0[793]+020 TEXCOORD1: 0.592773438, 0.805664063
vb0[793]+000 TEXCOORD2: 0.968627453, 0.258823544, 0.729411781, 0.274509817
vb0[793]+000 TEXCOORD3: 0.968627453, 0.258823544, 0.729411781, 0.274509817

vb0[794]+000 POSITION: 1.14746094, 6.48828125, -1.05761719, 1
vb0[794]+008 NORMAL: 0.724409461, -0.0157480314, -0.692913413, 0
vb0[794]+012 COLOR: 0.607843161, 0.0235294122, 0.603921592, 0.521568656
vb0[794]+016 TEXCOORD: 0.509277344, 1
vb0[794]+020 TEXCOORD1: 0.0800170898, 0.996582031
vb0[794]+000 TEXCOORD2: 0.592156887, 0.235294119, 0.490196079, 0.274509817
vb0[794]+000 TEXCOORD3: 0.592156887, 0.235294119, 0.490196079, 0.274509817

vb0[795]+000 POSITION: 3.01171875, 6.16015625, -3.05664063, 1
vb0[795]+008 NORMAL: 0.629921257, -0.0393700786, -0.779527545, 0
vb0[795]+012 COLOR: 0.607843161, 0.0235294122, 0.603921592, 0.827450991
vb0[795]+016 TEXCOORD: 1, 1
vb0[795]+020 TEXCOORD1: 0.0800170898, 0.996582031
vb0[795]+000 TEXCOORD2: 0.0235294122, 0.258823544, 0.160784319, 0.274509817
vb0[795]+000 TEXCOORD3: 0.0235294122, 0.258823544, 0.160784319, 0.274509817

vb0[796]+000 POSITION: 4.484375, 5.50390625, -2.70898438, 1
vb0[796]+008 NORMAL: 0.795275569, 0.00787401572, -0.59842521, 0
vb0[796]+012 COLOR: 0.203921571, 0.623529434, 0.117647059, 0.882352948
vb0[796]+016 TEXCOORD: 1, 0.00245857239
vb0[796]+020 TEXCOORD1: 0.592773438, 0.805664063
vb0[796]+000 TEXCOORD2: 0.486274511, 0.266666681, 0.505882382, 0.270588249
vb0[796]+000 TEXCOORD3: 0.486274511, 0.266666681, 0.505882382, 0.270588249

vb0[797]+000 POSITION: 2.9921875, 5.97265625, -1.28417969, 1
vb0[797]+008 NORMAL: 0.826771677, 0.05511811, -0.566929162, 0
vb0[797]+012 COLOR: 0.203921571, 0.623529434, 0.117647059, 0.513725519
vb0[797]+016 TEXCOORD: 0.509277344, 0.00245857239
vb0[797]+020 TEXCOORD1: 0.592773438, 0.805664063
vb0[797]+000 TEXCOORD2: 0.988235295, 0.254901975, 0.97647059, 0.270588249
vb0[797]+000 TEXCOORD3: 0.988235295, 0.254901975, 0.97647059, 0.270588249

vb0[798]+000 POSITION: 2.41210938, 8.375, -0.183959961, 1
vb0[798]+008 NORMAL: 0.763779521, 0.0393700786, -0.645669281, 0
vb0[798]+012 COLOR: 0.203921571, 0.623529434, 0.117647059, 0.545098066
vb0[798]+016 TEXCOORD: 0.509277344, 1
vb0[798]+020 TEXCOORD1: 3.5078125, 0.811035156
vb0[798]+000 TEXCOORD2: 0.827450991, 0.250980407, 0.188235298, 0.282352954
vb0[798]+000 TEXCOORD3: 0.827450991, 0.250980407, 0.188235298, 0.282352954

vb0[799]+000 POSITION: 4.3984375, 7.453125, -1.89160156, 1
vb0[799]+008 NORMAL: 0.826771677, 0.05511811, -0.566929162, 0
vb0[799]+012 COLOR: 0.203921571, 0.623529434, 0.117647059, 0.529411793
vb0[799]+016 TEXCOORD: 1, 1
vb0[799]+020 TEXCOORD1: 0.592773438, 0.805664063
vb0[799]+000 TEXCOORD2: 0.400000006, 0.266666681, 0.454901963, 0.278431386
vb0[799]+000 TEXCOORD3: 0.400000006, 0.266666681, 0.454901963, 0.278431386

vb0[800]+000 POSITION: -1.15722656, 9.140625, -1.046875, 1
vb0[800]+008 NORMAL: -0.322834641, 0.149606302, -0.937007844, 0
vb0[800]+012 COLOR: 0.529411793, 0.972549021, 0.654901981, 0.639215708
vb0[800]+016 TEXCOORD: 0.509277344, 1
vb0[800]+020 TEXCOORD1: 2.5078125, 0.845703125
vb0[800]+000 TEXCOORD2: 0.631372571, 0.737254918, 0.572549045, 0.282352954
vb0[800]+000 TEXCOORD3: 0.631372571, 0.737254918, 0.572549045, 0.282352954

vb0[801]+000 POSITION: 0.306152344, 9.3828125, -2.46289063, 1
vb0[801]+008 NORMAL: -0.330708653, 0.149606302, -0.929133832, 0
vb0[801]+012 COLOR: 0.529411793, 0.972549021, 0.654901981, 0.623529434
vb0[801]+016 TEXCOORD: 0.509277344, 0.00245857239
vb0[801]+020 TEXCOORD1: 0.592773438, 0.805664063
vb0[801]+000 TEXCOORD2: 0.90196079, 0.203921571, 0.694117665, 0.282352954
vb0[801]+000 TEXCOORD3: 0.90196079, 0.203921571, 0.694117665, 0.282352954

vb0[802]+000 POSITION: 0.274902344, 10.109375, -4.27734375, 1
vb0[802]+008 NORMAL: -0.283464581, 0.165354326, -0.944881916, 0
vb0[802]+012 COLOR: 0.529411793, 0.972549021, 0.654901981, 0.913725495
vb0[802]+016 TEXCOORD: 1, 0.00245857239
vb0[802]+020 TEXCOORD1: 0.0800170898, 0.996582031
vb0[802]+000 TEXCOORD2: 0.400000006, 0.203921571, 0.0549019612, 0.286274523
vb0[802]+000 TEXCOORD3: 0.400000006, 0.203921571, 0.0549019612, 0.286274523

vb0[803]+000 POSITION: -1.41015625, 9.765625, -3.34375, 1
vb0[803]+008 NORMAL: -0.330708653, 0.149606302, -0.929133832, 0
vb0[803]+012 COLOR: 0.529411793, 0.972549021, 0.654901981, 0.874509811
vb0[803]+016 TEXCOORD: 1, 1
vb0[803]+020 TEXCOORD1: -0.564453125, 0.825683594
vb0[803]+000 TEXCOORD2: 0.643137276, 0.741176486, 0.886274517, 0.282352954
vb0[803]+000 TEXCOORD3: 0.643137276, 0.741176486, 0.886274517, 0.282352954

vb0[804]+000 POSITION: -0.0135421753, 8.2421875, -4.33203125, 1
vb0[804]+008 NORMAL: -0.0472440943, 0.11811024, -0.992125988, 0
vb0[804]+012 COLOR: 0.235294119, 0.0784313753, 0.556862772, 0.882352948
vb0[804]+016 TEXCOORD: 1, 0.00245857239
vb0[804]+020 TEXCOORD1: 0.0800170898, 0.996582031
vb0[804]+000 TEXCOORD2: 0.937254906, 0.635294139, 0.121568628, 0.282352954
vb0[804]+000 TEXCOORD3: 0.937254906, 0.635294139, 0.121568628, 0.282352954

vb0[805]+000 POSITION: 0.0269927979, 8.3515625, -2.41210938, 1
vb0[805]+008 NORMAL: -0.228346452, 0.125984251, -0.968503952, 0
vb0[805]+012 COLOR: 0.235294119, 0.0784313753, 0.556862772, 0.592156887
vb0[805]+016 TEXCOORD: 0.509277344, 0.00245857239
vb0[805]+020 TEXCOORD1: 0.0800170898, 0.996582031
vb0[805]+000 TEXCOORD2: 0.913725495, 0.149019614, 0.176470593, 0.282352954
vb0[805]+000 TEXCOORD3: 0.913725495, 0.149019614, 0.176470593, 0.282352954

vb0[806]+000 POSITION: -1.15820313, 9.4140625, -1, 1
vb0[806]+008 NORMAL: -0.338582665, 0.14173229, -0.929133832, 0
vb0[806]+012 COLOR: 0.235294119, 0.0784313753, 0.556862772, 0.615686297
vb0[806]+016 TEXCOORD: 0.509277344, 1
vb0[806]+020 TEXCOORD1: -0.564453125, 0.825683594
vb0[806]+000 TEXCOORD2: 0.635294139, 0.737254918, 0.709803939, 0.282352954
vb0[806]+000 TEXCOORD3: 0.635294139, 0.737254918, 0.709803939, 0.282352954

vb0[807]+000 POSITION: -1.43652344, 9.140625, -3.40039063, 1
vb0[807]+008 NORMAL: -0.314960629, 0.149606302, -0.937007844, 0
vb0[807]+012 COLOR: 0.235294119, 0.0784313753, 0.556862772, 0.984313726
vb0[807]+016 TEXCOORD: 1, 1
vb0[807]+020 TEXCOORD1: 0.0800170898, 0.996582031
vb0[807]+000 TEXCOORD2: 0.749019623, 0.741176486, 0.572549045, 0.282352954
vb0[807]+000 TEXCOORD3: 0.749019623, 0.741176486, 0.572549045, 0.282352954

vb0[808]+000 POSITION: -4.171875, 12.6875, -0.599609375, 1
vb0[808]+008 NORMAL: -0.897637784, 0.236220479, -0.377952754, 0
vb0[808]+012 COLOR: 0.164705887, 0.160784319, 0.654901981, 0.741176486
vb0[808]+016 TEXCOORD: 1, 0.00245857239
vb0[808]+020 TEXCOORD1: -0.564453125, 0.825683594
vb0[808]+000 TEXCOORD2: 0.172549024, 0.768627465, 0.345098048, 0.290196091
vb0[808]+000 TEXCOORD3: 0.172549024, 0.768627465, 0.345098048, 0.290196091

vb0[809]+000 POSITION: -3.20117188, 11.328125, -1.234375, 1
vb0[809]+008 NORMAL: -0.850393713, 0.181102365, -0.496062994, 0
vb0[809]+012 COLOR: 0.164705887, 0.160784319, 0.654901981, 0.56078434
vb0[809]+016 TEXCOORD: 0.509277344, 0.00245857239
vb0[809]+020 TEXCOORD1: -0.564453125, 0.825683594
vb0[809]+000 TEXCOORD2: 0.403921574, 0.760784328, 0.666666687, 0.286274523
vb0[809]+000 TEXCOORD3: 0.403921574, 0.760784328, 0.666666687, 0.286274523

vb0[810]+000 POSITION: -1.50488281, 10.328125, -0.0246276855, 1
vb0[810]+008 NORMAL: -0.842519701, 0.173228353, -0.511811018, 0
vb0[810]+012 COLOR: 0.164705887, 0.160784319, 0.654901981, 0.423529416
vb0[810]+016 TEXCOORD: 0.509277344, 1
vb0[810]+020 TEXCOORD1: -0.564453125, 0.825683594
vb0[810]+000 TEXCOORD2: 0.0196078438, 0.745098054, 0.164705887, 0.286274523
vb0[810]+000 TEXCOORD3: 0.0196078438, 0.745098054, 0.164705887, 0.286274523

vb0[811]+000 POSITION: -2.98242188, 11.8828125, 0.461914063, 1
vb0[811]+008 NORMAL: -0.858267725, 0.181102365, -0.48031497, 0
vb0[811]+012 COLOR: 0.164705887, 0.160784319, 0.654901981, 0.486274511
vb0[811]+016 TEXCOORD: 1, 1
vb0[811]+020 TEXCOORD1: -0.564453125, 0.825683594
vb0[811]+000 TEXCOORD2: 0.968627453, 0.75686276, 0.945098042, 0.286274523
vb0[811]+000 TEXCOORD3: 0.968627453, 0.75686276, 0.945098042, 0.286274523

vb0[812]+000 POSITION: -0.385986328, 10.9609375, -3.79882813, 1
vb0[812]+008 NORMAL: -0.0866141766, 0.196850389, -0.976377964, 0
vb0[812]+012 COLOR: 0.0745098069, 0.631372571, 0.729411781, 0.850980401
vb0[812]+016 TEXCOORD: 1, 0.00245857239
vb0[812]+020 TEXCOORD1: -0.564453125, 0.825683594
vb0[812]+000 TEXCOORD2: 0.176470593, 0.713725507, 0.482352942, 0.286274523
vb0[812]+000 TEXCOORD3: 0.176470593, 0.713725507, 0.482352942, 0.286274523

vb0[813]+000 POSITION: -0.0229187012, 9.5078125, -2.50390625, 1
vb0[813]+008 NORMAL: -0.0157480314, 0.188976377, -0.984251976, 0
vb0[813]+012 COLOR: 0.0745098069, 0.631372571, 0.729411781, 0.623529434
vb0[813]+016 TEXCOORD: 0.509277344, 0.00245857239
vb0[813]+020 TEXCOORD1: 0.592773438, 0.805664063
vb0[813]+000 TEXCOORD2: 0.870588243, 0.647058845, 0.75686276, 0.282352954
vb0[813]+000 TEXCOORD3: 0.870588243, 0.647058845, 0.75686276, 0.282352954

vb0[814]+000 POSITION: 1.02636719, 9.84375, -0.512695313, 1
vb0[814]+008 NORMAL: 0.0314960629, 0.181102365, -0.984251976, 0
vb0[814]+012 COLOR: 0.0745098069, 0.631372571, 0.729411781, 0.545098066
vb0[814]+016 TEXCOORD: 0.509277344, 1
vb0[814]+020 TEXCOORD1: 0.341552734, 0.924804688
vb0[814]+000 TEXCOORD2: 0.105882354, 0.235294119, 0.925490201, 0.282352954
vb0[814]+000 TEXCOORD3: 0.105882354, 0.235294119, 0.925490201, 0.282352954

vb0[815]+000 POSITION: 0.70703125, 11.3359375, -2.19335938, 1
vb0[815]+008 NORMAL: -0.0157480314, 0.188976377, -0.984251976, 0
vb0[815]+012 COLOR: 0.0745098069, 0.631372571, 0.729411781, 0.811764717
vb0[815]+016 TEXCOORD: 1, 1
vb0[815]+020 TEXCOORD1: 0.250732422, 0.968261719
vb0[815]+000 TEXCOORD2: 0.65882355, 0.223529413, 0.670588255, 0.286274523
vb0[815]+000 TEXCOORD3: 0.65882355, 0.223529413, 0.670588255, 0.286274523

vb0[816]+000 POSITION: 1.96679688, 14.1796875, -2.4765625, 1
vb0[816]+008 NORMAL: 0.44094488, 0.503937006, -0.740157485, 0
vb0[816]+012 COLOR: 0.0352941193, 0.674509823, 0.556862772, 0.78039217
vb0[816]+016 TEXCOORD: 1, 0.00245857239
vb0[816]+020 TEXCOORD1: 0.250732422, 0.968261719
vb0[816]+000 TEXCOORD2: 0.870588243, 0.247058824, 0.0901960805, 0.294117659
vb0[816]+000 TEXCOORD3: 0.870588243, 0.247058824, 0.0901960805, 0.294117659

vb0[817]+000 POSITION: 1.34863281, 12.3828125, -2.34960938, 1
vb0[817]+008 NORMAL: 0.448818892, 0.44094488, -0.779527545, 0
vb0[817]+012 COLOR: 0.0352941193, 0.674509823, 0.556862772, 0.968627453
vb0[817]+016 TEXCOORD: 0.509277344, 0.00245857239
vb0[817]+020 TEXCOORD1: 0.250732422, 0.968261719
vb0[817]+000 TEXCOORD2: 0.396078438, 0.239215687, 0.192156866, 0.290196091
vb0[817]+000 TEXCOORD3: 0.396078438, 0.239215687, 0.192156866, 0.290196091

vb0[818]+000 POSITION: 1.09082031, 11.140625, -0.350830078, 1
vb0[818]+008 NORMAL: 0.574803174, 0.330708653, -0.748031497, 0
vb0[818]+012 COLOR: 0.0352941193, 0.674509823, 0.556862772, 0.53725493
vb0[818]+016 TEXCOORD: 0.509277344, 1
vb0[818]+020 TEXCOORD1: 0.317626953, 0.936523438
vb0[818]+000 TEXCOORD2: 0.36470589, 0.235294119, 0.572549045, 0.286274523
vb0[818]+000 TEXCOORD3: 0.36470589, 0.235294119, 0.572549045, 0.286274523

vb0[819]+000 POSITION: 1.88769531, 13.328125, -0.770996094, 1
vb0[819]+008 NORMAL: 0.448818892, 0.44094488, -0.779527545, 0
vb0[819]+012 COLOR: 0.0352941193, 0.674509823, 0.556862772, 0.733333349
vb0[819]+016 TEXCOORD: 1, 1
vb0[819]+020 TEXCOORD1: 0.250732422, 0.968261719
vb0[819]+000 TEXCOORD2: 0.552941203, 0.247058824, 0.666666687, 0.290196091
vb0[819]+000 TEXCOORD3: 0.552941203, 0.247058824, 0.666666687, 0.290196091

vb0[820]+000 POSITION: 3.76367188, 13.40625, -1.97851563, 1
vb0[820]+008 NORMAL: 0.677165329, 0.456692904, -0.582677186, 0
vb0[820]+012 COLOR: 0.470588237, 0.109803922, 0.188235298, 0.850980401
vb0[820]+016 TEXCOORD: 1, 0.00245857239
vb0[820]+020 TEXCOORD1: 0.250732422, 0.968261719
vb0[820]+000 TEXCOORD2: 0.529411793, 0.262745112, 0.70588237, 0.290196091
vb0[820]+000 TEXCOORD3: 0.529411793, 0.262745112, 0.70588237, 0.290196091

vb0[821]+000 POSITION: 3.09375, 12.7890625, -0.935546875, 1
vb0[821]+008 NORMAL: 0.661417305, 0.433070868, -0.614173234, 0
vb0[821]+012 COLOR: 0.470588237, 0.109803922, 0.188235298, 0.654901981
vb0[821]+016 TEXCOORD: 0.509277344, 0.00245857239
vb0[821]+020 TEXCOORD1: 0.250732422, 0.968261719
vb0[821]+000 TEXCOORD2: 0.188235298, 0.258823544, 0.396078438, 0.290196091
vb0[821]+000 TEXCOORD3: 0.188235298, 0.258823544, 0.396078438, 0.290196091

vb0[822]+000 POSITION: 1.40429688, 12.4296875, -0.520507813, 1
vb0[822]+008 NORMAL: 0.740157485, 0.40157479, -0.535433054, 0
vb0[822]+012 COLOR: 0.470588237, 0.109803922, 0.188235298, 0.494117647
vb0[822]+016 TEXCOORD: 0.509277344, 1
vb0[822]+020 TEXCOORD1: 0.228637695, 0.969238281
vb0[822]+000 TEXCOORD2: 0.619607866, 0.239215687, 0.215686277, 0.290196091
vb0[822]+000 TEXCOORD3: 0.619607866, 0.239215687, 0.215686277, 0.290196091

vb0[823]+000 POSITION: 2.39257813, 13.5703125, -1.85351563, 1
vb0[823]+008 NORMAL: 0.645669281, 0.503937006, -0.574803174, 0
vb0[823]+012 COLOR: 0.470588237, 0.109803922, 0.188235298, 0.905882359
vb0[823]+016 TEXCOORD: 1, 1
vb0[823]+020 TEXCOORD1: 0.250732422, 0.968261719
vb0[823]+000 TEXCOORD2: 0.788235307, 0.250980407, 0.788235307, 0.290196091
vb0[823]+000 TEXCOORD3: 0.788235307, 0.250980407, 0.788235307, 0.290196091

vb0[824]+000 POSITION: 1.96777344, 9.9375, -0.760253906, 1
vb0[824]+008 NORMAL: 0.606299222, 0.11811024, -0.787401557, 0
vb0[824]+012 COLOR: 0.521568656, 0.592156887, 0.992156863, 0.647058845
vb0[824]+016 TEXCOORD: 0.509277344, 1
vb0[824]+020 TEXCOORD1: 0.384521484, 0.904296875
vb0[824]+000 TEXCOORD2: 0.874509811, 0.247058824, 0.972549021, 0.282352954
vb0[824]+000 TEXCOORD3: 0.874509811, 0.247058824, 0.972549021, 0.282352954

vb0[825]+000 POSITION: 2.76757813, 7.62890625, -0.48828125, 1
vb0[825]+008 NORMAL: 0.692913413, 0.14173229, -0.708661437, 0
vb0[825]+012 COLOR: 0.521568656, 0.592156887, 0.992156863, 0.670588255
vb0[825]+016 TEXCOORD: 0.509277344, 0.00245857239
vb0[825]+020 TEXCOORD1: 0.592773438, 0.805664063
vb0[825]+000 TEXCOORD2: 0.53725493, 0.254901975, 0.631372571, 0.278431386
vb0[825]+000 TEXCOORD3: 0.53725493, 0.254901975, 0.631372571, 0.278431386

vb0[826]+000 POSITION: 4.85546875, 6.859375, -0.307617188, 1
vb0[826]+008 NORMAL: 0.842519701, 0.11811024, -0.535433054, 0
vb0[826]+012 COLOR: 0.521568656, 0.592156887, 0.992156863, 0.75686276
vb0[826]+016 TEXCOORD: 1, 0.00245857239
vb0[826]+020 TEXCOORD1: 0.592773438, 0.805664063
vb0[826]+000 TEXCOORD2: 0.858823538, 0.266666681, 0.862745106, 0.274509817
vb0[826]+000 TEXCOORD3: 0.858823538, 0.266666681, 0.862745106, 0.274509817

vb0[827]+000 POSITION: 4.51171875, 9.0078125, -0.813476563, 1
vb0[827]+008 NORMAL: 0.606299222, 0.149606302, -0.779527545, 0
vb0[827]+012 COLOR: 0.521568656, 0.592156887, 0.992156863, 0.56078434
vb0[827]+016 TEXCOORD: 1, 1
vb0[827]+020 TEXCOORD1: 0.592773438, 0.805664063
vb0[827]+000 TEXCOORD2: 0.513725519, 0.266666681, 0.505882382, 0.282352954
vb0[827]+000 TEXCOORD3: 0.513725519, 0.266666681, 0.505882382, 0.282352954

vb0[828]+000 POSITION: 3.89453125, 6.015625, 4.23046875, 1
vb0[828]+008 NORMAL: 0.338582665, -0.00787401572, 0.937007844, 0
vb0[828]+012 COLOR: 0.568627477, 0.266666681, 0.0627451017, 0.850980401
vb0[828]+016 TEXCOORD: 1, 0.00245857239
vb0[828]+020 TEXCOORD1: 3.01171875, 0.744628906
vb0[828]+000 TEXCOORD2: 0.792156875, 0.262745112, 0.0156862754, 0.274509817
vb0[828]+000 TEXCOORD3: 0.792156875, 0.262745112, 0.0156862754, 0.274509817

vb0[829]+000 POSITION: 1.66015625, 5.85546875, 4.05859375, 1
vb0[829]+008 NORMAL: 0.00787401572, 0.0236220472, 1, 0
vb0[829]+012 COLOR: 0.568627477, 0.266666681, 0.0627451017, 0.78039217
vb0[829]+016 TEXCOORD: 0.509277344, 0.00245857239
vb0[829]+020 TEXCOORD1: 3.01171875, 0.744628906
vb0[829]+000 TEXCOORD2: 0.643137276, 0.243137255, 0.858823538, 0.270588249
vb0[829]+000 TEXCOORD3: 0.643137276, 0.243137255, 0.858823538, 0.270588249

vb0[830]+000 POSITION: 0.325683594, 7.99609375, 2.609375, 1
vb0[830]+008 NORMAL: -0.0157480314, 0.0157480314, 1, 0
vb0[830]+012 COLOR: 0.568627477, 0.266666681, 0.0627451017, 0.56078434
vb0[830]+016 TEXCOORD: 0.509277344, 1
vb0[830]+020 TEXCOORD1: 3.06054688, 0.794921875
vb0[830]+000 TEXCOORD2: 0.211764708, 0.20784314, 1, 0.278431386
vb0[830]+000 TEXCOORD3: 0.211764708, 0.20784314, 1, 0.278431386

vb0[831]+000 POSITION: 2.73632813, 7.67578125, 3.25585938, 1
vb0[831]+008 NORMAL: 0.00787401572, 0.0236220472, 1, 0
vb0[831]+012 COLOR: 0.568627477, 0.266666681, 0.0627451017, 0.623529434
vb0[831]+016 TEXCOORD: 1, 1
vb0[831]+020 TEXCOORD1: 3.3671875, 0.819824219
vb0[831]+000 TEXCOORD2: 0.474509805, 0.254901975, 0.678431392, 0.278431386
vb0[831]+000 TEXCOORD3: 0.474509805, 0.254901975, 0.678431392, 0.278431386

vb0[832]+000 POSITION: -4.328125, 12.1484375, 0.80859375, 1
vb0[832]+008 NORMAL: -0.968503952, 0.259842515, -0.0314960629, 0
vb0[832]+012 COLOR: 0.56078434, 0.423529416, 0.992156863, 0.843137264
vb0[832]+016 TEXCOORD: 1, 0.00245857239
vb0[832]+020 TEXCOORD1: -0.564453125, 0.825683594
vb0[832]+000 TEXCOORD2: 0.329411775, 0.768627465, 0.0745098069, 0.290196091
vb0[832]+000 TEXCOORD3: 0.329411775, 0.768627465, 0.0745098069, 0.290196091

vb0[833]+000 POSITION: -3.05273438, 10.515625, 0.331787109, 1
vb0[833]+008 NORMAL: -0.968503952, 0.236220479, -0.0472440943, 0
vb0[833]+012 COLOR: 0.56078434, 0.423529416, 0.992156863, 0.827450991
vb0[833]+016 TEXCOORD: 0.509277344, 0.00245857239
vb0[833]+020 TEXCOORD1: -0.564453125, 0.825683594
vb0[833]+000 TEXCOORD2: 0.105882354, 0.760784328, 0.258823544, 0.286274523
vb0[833]+000 TEXCOORD3: 0.105882354, 0.760784328, 0.258823544, 0.286274523

vb0[834]+000 POSITION: -0.58203125, 10.6328125, 0.12121582, 1
vb0[834]+008 NORMAL: -0.968503952, 0.212598428, -0.11811024, 0
vb0[834]+012 COLOR: 0.56078434, 0.423529416, 0.992156863, 0.505882382
vb0[834]+016 TEXCOORD: 0.509277344, 1
vb0[834]+020 TEXCOORD1: -0.564453125, 0.825683594
vb0[834]+000 TEXCOORD2: 0.65882355, 0.721568644, 0.31764707, 0.286274523
vb0[834]+000 TEXCOORD3: 0.65882355, 0.721568644, 0.31764707, 0.286274523

vb0[835]+000 POSITION: -2.24414063, 12.484375, 0.544921875, 1
vb0[835]+008 NORMAL: -0.968503952, 0.236220479, -0.0472440943, 0
vb0[835]+012 COLOR: 0.56078434, 0.423529416, 0.992156863, 0.733333349
vb0[835]+016 TEXCOORD: 1, 1
vb0[835]+020 TEXCOORD1: -0.564453125, 0.825683594
vb0[835]+000 TEXCOORD2: 0.490196079, 0.752941191, 0.243137255, 0.290196091
vb0[835]+000 TEXCOORD3: 0.490196079, 0.752941191, 0.243137255, 0.290196091

vb0[836]+000 POSITION: -0.437988281, 10.7890625, 0.510742188, 1
vb0[836]+008 NORMAL: -0.937007844, 0.204724416, -0.283464581, 0
vb0[836]+012 COLOR: 0.749019623, 0.615686297, 0.0823529437, 0.513725519
vb0[836]+016 TEXCOORD: 0.509277344, 1
vb0[836]+020 TEXCOORD1: 2.61523438, 0.853027344
vb0[836]+000 TEXCOORD2: 0.00784313772, 0.717647076, 0.396078438, 0.286274523
vb0[836]+000 TEXCOORD3: 0.00784313772, 0.717647076, 0.396078438, 0.286274523

vb0[837]+000 POSITION: -2.28125, 10.09375, -0.764160156, 1
vb0[837]+008 NORMAL: -0.929133832, 0.212598428, -0.307086617, 0
vb0[837]+012 COLOR: 0.749019623, 0.615686297, 0.0823529437, 0.470588237
vb0[837]+016 TEXCOORD: 0.509277344, 0.00245857239
vb0[837]+020 TEXCOORD1: -0.564453125, 0.825683594
vb0[837]+000 TEXCOORD2: 0.564705908, 0.752941191, 0.0470588244, 0.286274523
vb0[837]+000 TEXCOORD3: 0.564705908, 0.752941191, 0.0470588244, 0.286274523

vb0[838]+000 POSITION: -3.89257813, 11.2421875, -1.42285156, 1
vb0[838]+008 NORMAL: -0.905511796, 0.251968503, -0.330708653, 0
vb0[838]+012 COLOR: 0.749019623, 0.615686297, 0.0823529437, 0.882352948
vb0[838]+016 TEXCOORD: 1, 0.00245857239
vb0[838]+020 TEXCOORD1: -0.564453125, 0.825683594
vb0[838]+000 TEXCOORD2: 0.788235307, 0.764705896, 0.623529434, 0.286274523
vb0[838]+000 TEXCOORD3: 0.788235307, 0.764705896, 0.623529434, 0.286274523

vb0[839]+000 POSITION: -2.39648438, 12.1328125, -0.266357422, 1
vb0[839]+008 NORMAL: -0.905511796, 0.251968503, -0.330708653, 0
vb0[839]+012 COLOR: 0.749019623, 0.615686297, 0.0823529437, 0.156862751
vb0[839]+016 TEXCOORD: 1, 1
vb0[839]+020 TEXCOORD1: -0.564453125, 0.825683594
vb0[839]+000 TEXCOORD2: 0.796078444, 0.752941191, 0.0666666701, 0.290196091
vb0[839]+000 TEXCOORD3: 0.796078444, 0.752941191, 0.0666666701, 0.290196091

vb0[840]+000 POSITION: 2.37890625, 6.84765625, -3.98242188, 1
vb0[840]+008 NORMAL: 0.40157479, 0.0393700786, -0.913385808, 0
vb0[840]+012 COLOR: 0.0274509806, 0.333333343, 0.509803951, 0.741176486
vb0[840]+016 TEXCOORD: 1, 0.00245857239
vb0[840]+020 TEXCOORD1: 0.0800170898, 0.996582031
vb0[840]+000 TEXCOORD2: 0.760784328, 0.250980407, 0.850980401, 0.274509817
vb0[840]+000 TEXCOORD3: 0.760784328, 0.250980407, 0.850980401, 0.274509817

vb0[841]+000 POSITION: 2.44726563, 7.01953125, -1.88378906, 1
vb0[841]+008 NORMAL: 0.385826766, 0.0629921257, -0.92125982, 0
vb0[841]+012 COLOR: 0.0274509806, 0.333333343, 0.509803951, 0.623529434
vb0[841]+016 TEXCOORD: 0.509277344, 0.00245857239
vb0[841]+020 TEXCOORD1: 0.592773438, 0.805664063
vb0[841]+000 TEXCOORD2: 0.898039222, 0.250980407, 0.0196078438, 0.278431386
vb0[841]+000 TEXCOORD3: 0.898039222, 0.250980407, 0.0196078438, 0.278431386

vb0[842]+000 POSITION: 1.63671875, 9.1171875, -0.567871094, 1
vb0[842]+008 NORMAL: 0.393700778, 0.0944881886, -0.913385808, 0
vb0[842]+012 COLOR: 0.0274509806, 0.333333343, 0.509803951, 0.623529434
vb0[842]+016 TEXCOORD: 0.509277344, 1
vb0[842]+020 TEXCOORD1: 0.592773438, 0.805664063
vb0[842]+000 TEXCOORD2: 0.549019635, 0.243137255, 0.56078434, 0.282352954
vb0[842]+000 TEXCOORD3: 0.549019635, 0.243137255, 0.56078434, 0.282352954

vb0[843]+000 POSITION: 1.84375, 8.671875, -3.0703125, 1
vb0[843]+008 NORMAL: 0.385826766, 0.0629921257, -0.92125982, 0
vb0[843]+012 COLOR: 0.0274509806, 0.333333343, 0.509803951, 0.921568632
vb0[843]+016 TEXCOORD: 1, 1
vb0[843]+020 TEXCOORD1: 0.592773438, 0.805664063
vb0[843]+000 TEXCOORD2: 0.376470596, 0.247058824, 0.337254912, 0.282352954
vb0[843]+000 TEXCOORD3: 0.376470596, 0.247058824, 0.337254912, 0.282352954

vb0[844]+000 POSITION: -1.15722656, 6.2578125, 2.5859375, 1
vb0[844]+008 NORMAL: -0.377952754, -0.14173229, 0.913385808, 0
vb0[844]+012 COLOR: 0.858823538, 0.772549033, 0.286274523, 0.0941176489
vb0[844]+016 TEXCOORD: 0.509277344, 1
vb0[844]+020 TEXCOORD1: 2.20117188, 0.397705078
vb0[844]+000 TEXCOORD2: 0.631372571, 0.737254918, 0.258823544, 0.274509817
vb0[844]+000 TEXCOORD3: 0.631372571, 0.737254918, 0.258823544, 0.274509817

vb0[845]+000 POSITION: 0.0650634766, 4.01953125, 2.66796875, 1
vb0[845]+008 NORMAL: -0.385826766, -0.149606302, 0.913385808, 0
vb0[845]+012 COLOR: 0.858823538, 0.772549033, 0.286274523, 0.654901981
vb0[845]+016 TEXCOORD: 0.509277344, 0.00245857239
vb0[845]+020 TEXCOORD1: 2.20117188, 0.397705078
vb0[845]+000 TEXCOORD2: 0.164705887, 0.172549024, 0.0196078438, 0.266666681
vb0[845]+000 TEXCOORD3: 0.164705887, 0.172549024, 0.0196078438, 0.266666681

vb0[846]+000 POSITION: 0.275146484, 3.06640625, 0.921386719, 1
vb0[846]+008 NORMAL: -0.574803174, -0.188976377, 0.795275569, 0
vb0[846]+012 COLOR: 0.858823538, 0.772549033, 0.286274523, 0.678431392
vb0[846]+016 TEXCOORD: 1, 0.00245857239
vb0[846]+020 TEXCOORD1: 3.02148438, 0.9921875
vb0[846]+000 TEXCOORD2: 0.403921574, 0.203921571, 0.13333334, 0.258823544
vb0[846]+000 TEXCOORD3: 0.403921574, 0.203921571, 0.13333334, 0.258823544

vb0[847]+000 POSITION: -1.16894531, 4.43359375, 1.13378906, 1
vb0[847]+008 NORMAL: -0.393700778, -0.157480314, 0.905511796, 0
vb0[847]+012 COLOR: 0.858823538, 0.772549033, 0.286274523, 0.607843161
vb0[847]+016 TEXCOORD: 1, 1
vb0[847]+020 TEXCOORD1: 2.20117188, 0.397705078
vb0[847]+000 TEXCOORD2: 0.678431392, 0.737254918, 0.435294122, 0.266666681
vb0[847]+000 TEXCOORD3: 0.678431392, 0.737254918, 0.435294122, 0.266666681

vb0[848]+000 POSITION: -0.759765625, 5.52734375, 1.2890625, 1
vb0[848]+008 NORMAL: -0.755905509, -0.0866141766, 0.645669281, 0
vb0[848]+012 COLOR: 0.145098045, 0.160784319, 0.41568628, 0.486274511
vb0[848]+016 TEXCOORD: 0.509277344, 1
vb0[848]+020 TEXCOORD1: 2.35351563, 0.675292969
vb0[848]+000 TEXCOORD2: 0.0784313753, 0.729411781, 0.529411793, 0.270588249
vb0[848]+000 TEXCOORD3: 0.0784313753, 0.729411781, 0.529411793, 0.270588249

vb0[849]+000 POSITION: -0.319091797, 3.99023438, 3.45898438, 1
vb0[849]+008 NORMAL: -0.614173234, -0.05511811, 0.787401557, 0
vb0[849]+012 COLOR: 0.145098045, 0.160784319, 0.41568628, 0.717647076
vb0[849]+016 TEXCOORD: 0.509277344, 0.00245857239
vb0[849]+020 TEXCOORD1: 2.20117188, 0.397705078
vb0[849]+000 TEXCOORD2: 0.105882354, 0.709803939, 0.984313726, 0.262745112
vb0[849]+000 TEXCOORD3: 0.105882354, 0.709803939, 0.984313726, 0.262745112

vb0[850]+000 POSITION: -1.05273438, 4.84765625, 5.1796875, 1
vb0[850]+008 NORMAL: -0.503937006, -0.0708661452, 0.866141737, 0
vb0[850]+012 COLOR: 0.145098045, 0.160784319, 0.41568628, 0.796078444
vb0[850]+016 TEXCOORD: 1, 0.00245857239
vb0[850]+020 TEXCOORD1: 2.20117188, 0.397705078
vb0[850]+000 TEXCOORD2: 0.211764708, 0.737254918, 0.850980401, 0.266666681
vb0[850]+000 TEXCOORD3: 0.211764708, 0.737254918, 0.850980401, 0.266666681

vb0[851]+000 POSITION: -1.73144531, 5.5, 3.34960938, 1
vb0[851]+008 NORMAL: -0.582677186, -0.0629921257, 0.811023593, 0
vb0[851]+012 COLOR: 0.145098045, 0.160784319, 0.41568628, 0.0470588244
vb0[851]+016 TEXCOORD: 1, 1
vb0[851]+020 TEXCOORD1: 2.20117188, 0.397705078
vb0[851]+000 TEXCOORD2: 0.929411769, 0.745098054, 0.501960814, 0.270588249
vb0[851]+000 TEXCOORD3: 0.929411769, 0.745098054, 0.501960814, 0.270588249

vb0[852]+000 POSITION: 1.73242188, 6.6328125, -0.909179688, 1
vb0[852]+008 NORMAL: 0.417322844, 0.0236220472, -0.913385808, 0
vb0[852]+012 COLOR: 0.270588249, 0.0666666701, 0.596078455, 0.58431375
vb0[852]+016 TEXCOORD: 0.509277344, 1
vb0[852]+020 TEXCOORD1: 0.332275391, 0.902832031
vb0[852]+000 TEXCOORD2: 0.933333337, 0.243137255, 0.635294139, 0.274509817
vb0[852]+000 TEXCOORD3: 0.933333337, 0.243137255, 0.635294139, 0.274509817

vb0[853]+000 POSITION: 0.229492188, 6.94140625, -2.14453125, 1
vb0[853]+008 NORMAL: 0.40157479, 0.0236220472, -0.913385808, 0
vb0[853]+012 COLOR: 0.270588249, 0.0666666701, 0.596078455, 0.639215708
vb0[853]+016 TEXCOORD: 0.509277344, 0.00245857239
vb0[853]+020 TEXCOORD1: 0.0800170898, 0.996582031
vb0[853]+000 TEXCOORD2: 0.345098048, 0.200000003, 0.945098042, 0.274509817
vb0[853]+000 TEXCOORD3: 0.345098048, 0.200000003, 0.945098042, 0.274509817

vb0[854]+000 POSITION: -0.104919434, 6.8984375, -4.16796875, 1
vb0[854]+008 NORMAL: 0.299212605, 0, -0.952755928, 0
vb0[854]+012 COLOR: 0.270588249, 0.0666666701, 0.596078455, 0.890196085
vb0[854]+016 TEXCOORD: 1, 0.00245857239
vb0[854]+020 TEXCOORD1: 0.0800170898, 0.996582031
vb0[854]+000 TEXCOORD2: 0.717647076, 0.68235296, 0.90196079, 0.274509817
vb0[854]+000 TEXCOORD3: 0.717647076, 0.68235296, 0.90196079, 0.274509817

vb0[855]+000 POSITION: 1.5546875, 5.96875, -3.39453125, 1
vb0[855]+008 NORMAL: 0.417322844, 0.0157480314, -0.905511796, 0
vb0[855]+012 COLOR: 0.270588249, 0.0666666701, 0.596078455, 0.686274529
vb0[855]+016 TEXCOORD: 1, 1
vb0[855]+020 TEXCOORD1: 0.0800170898, 0.996582031
vb0[855]+000 TEXCOORD2: 0.219607845, 0.243137255, 0.972549021, 0.270588249
vb0[855]+000 TEXCOORD3: 0.219607845, 0.243137255, 0.972549021, 0.270588249

vb0[856]+000 POSITION: 3.73242188, 5.51171875, -2.63867188, 1
vb0[856]+008 NORMAL: 0.629921257, -0.0393700786, -0.779527545, 0
vb0[856]+012 COLOR: 0.129411772, 0.427450985, 0.172549024, 0.686274529
vb0[856]+016 TEXCOORD: 1, 0.00245857239
vb0[856]+020 TEXCOORD1: 0.592773438, 0.805664063
vb0[856]+000 TEXCOORD2: 0.466666669, 0.262745112, 0.513725519, 0.270588249
vb0[856]+000 TEXCOORD3: 0.466666669, 0.262745112, 0.513725519, 0.270588249

vb0[857]+000 POSITION: 2.4375, 4.8203125, -1.078125, 1
vb0[857]+008 NORMAL: 0.677165329, -0.05511811, -0.732283473, 0
vb0[857]+012 COLOR: 0.129411772, 0.427450985, 0.172549024, 0.639215708
vb0[857]+016 TEXCOORD: 0.509277344, 0.00245857239
vb0[857]+020 TEXCOORD1: 0.0800170898, 0.996582031
vb0[857]+000 TEXCOORD2: 0.87843138, 0.250980407, 0.823529422, 0.266666681
vb0[857]+000 TEXCOORD3: 0.87843138, 0.250980407, 0.823529422, 0.266666681

vb0[858]+000 POSITION: 0.939941406, 6.87890625, 0.186767578, 1
vb0[858]+008 NORMAL: 0.732283473, -0.0314960629, -0.685039341, 0
vb0[858]+012 COLOR: 0.129411772, 0.427450985, 0.172549024, 0.43921569
vb0[858]+016 TEXCOORD: 0.509277344, 1
vb0[858]+020 TEXCOORD1: 3.44726563, 0.814453125
vb0[858]+000 TEXCOORD2: 0.521568656, 0.23137255, 0.882352948, 0.274509817
vb0[858]+000 TEXCOORD3: 0.521568656, 0.23137255, 0.882352948, 0.274509817

vb0[859]+000 POSITION: 2.48632813, 6.91015625, -1.6015625, 1
vb0[859]+008 NORMAL: 0.685039341, -0.05511811, -0.724409461, 0
vb0[859]+012 COLOR: 0.129411772, 0.427450985, 0.172549024, 0.486274511
vb0[859]+016 TEXCOORD: 1, 1
vb0[859]+020 TEXCOORD1: 0.592773438, 0.805664063
vb0[859]+000 TEXCOORD2: 0.97647059, 0.250980407, 0.913725495, 0.274509817
vb0[859]+000 TEXCOORD3: 0.97647059, 0.250980407, 0.913725495, 0.274509817

vb0[860]+000 POSITION: 5.00390625, 10.9375, 0.453369141, 1
vb0[860]+008 NORMAL: 0.976377964, 0.173228353, 0.125984251, 0
vb0[860]+012 COLOR: 0.20784314, 0.823529422, 0.258823544, 0.850980401
vb0[860]+016 TEXCOORD: 1, 0.00245857239
vb0[860]+020 TEXCOORD1: 0.592773438, 0.805664063
vb0[860]+000 TEXCOORD2: 0.00392156886, 0.270588249, 0.470588237, 0.286274523
vb0[860]+000 TEXCOORD3: 0.00392156886, 0.270588249, 0.470588237, 0.286274523

vb0[861]+000 POSITION: 3.65820313, 9.203125, 0.151733398, 1
vb0[861]+008 NORMAL: 0.952755928, 0.165354326, 0.251968503, 0
vb0[861]+012 COLOR: 0.20784314, 0.823529422, 0.258823544, 0.764705896
vb0[861]+016 TEXCOORD: 0.509277344, 0.00245857239
vb0[861]+020 TEXCOORD1: 0.592773438, 0.805664063
vb0[861]+000 TEXCOORD2: 0.31764707, 0.262745112, 0.603921592, 0.282352954
vb0[861]+000 TEXCOORD3: 0.31764707, 0.262745112, 0.603921592, 0.282352954

vb0[862]+000 POSITION: 1.72851563, 8.8046875, 1.57324219, 1
vb0[862]+008 NORMAL: 0.929133832, 0.14173229, 0.346456707, 0
vb0[862]+012 COLOR: 0.20784314, 0.823529422, 0.258823544, 0.615686297
vb0[862]+016 TEXCOORD: 0.509277344, 1
vb0[862]+020 TEXCOORD1: 3.20117188, 0.844726563
vb0[862]+000 TEXCOORD2: 0.917647064, 0.243137255, 0.403921574, 0.282352954
vb0[862]+000 TEXCOORD3: 0.917647064, 0.243137255, 0.403921574, 0.282352954

vb0[863]+000 POSITION: 3.50195313, 10.4375, 2.00390625, 1
vb0[863]+008 NORMAL: 0.952755928, 0.165354326, 0.251968503, 0
vb0[863]+012 COLOR: 0.20784314, 0.823529422, 0.258823544, 0.905882359
vb0[863]+016 TEXCOORD: 1, 1
vb0[863]+020 TEXCOORD1: 3.3671875, 0.819824219
vb0[863]+000 TEXCOORD2: 0.00392156886, 0.262745112, 0.219607845, 0.286274523
vb0[863]+000 TEXCOORD3: 0.00392156886, 0.262745112, 0.219607845, 0.286274523

vb0[864]+000 POSITION: 1.5625, 11.109375, 4.61328125, 1
vb0[864]+008 NORMAL: 0.212598428, 0.165354326, 0.96062994, 0
vb0[864]+012 COLOR: 0.788235307, 0.23137255, 0.807843149, 0.576470613
vb0[864]+016 TEXCOORD: 1, 0.00245857239
vb0[864]+020 TEXCOORD1: 3.3671875, 0.819824219
vb0[864]+000 TEXCOORD2: 0.250980407, 0.243137255, 0.556862772, 0.286274523
vb0[864]+000 TEXCOORD3: 0.250980407, 0.243137255, 0.556862772, 0.286274523

vb0[865]+000 POSITION: 0.687011719, 9.109375, 4.0703125, 1
vb0[865]+008 NORMAL: 0.0629921257, 0.149606302, 0.984251976, 0
vb0[865]+012 COLOR: 0.788235307, 0.23137255, 0.807843149, 0.43921569
vb0[865]+016 TEXCOORD: 0.509277344, 0.00245857239
vb0[865]+020 TEXCOORD1: 3.01171875, 0.744628906
vb0[865]+000 TEXCOORD2: 0.498039216, 0.223529413, 0.556862772, 0.282352954
vb0[865]+000 TEXCOORD3: 0.498039216, 0.223529413, 0.556862772, 0.282352954

vb0[866]+000 POSITION: 1.453125, 8.0703125, 2.0546875, 1
vb0[866]+008 NORMAL: 0.14173229, 0.157480314, 0.976377964, 0
vb0[866]+012 COLOR: 0.788235307, 0.23137255, 0.807843149, 0.368627459
vb0[866]+016 TEXCOORD: 0.509277344, 1
vb0[866]+020 TEXCOORD1: 3.20507813, 0.785644531
vb0[866]+000 TEXCOORD2: 0.815686285, 0.239215687, 0.0352941193, 0.282352954
vb0[866]+000 TEXCOORD3: 0.815686285, 0.239215687, 0.0352941193, 0.282352954

vb0[867]+000 POSITION: 2.53515625, 9.8671875, 3.015625, 1
vb0[867]+008 NORMAL: 0.149606302, 0.157480314, 0.976377964, 0
vb0[867]+012 COLOR: 0.788235307, 0.23137255, 0.807843149, 0.576470613
vb0[867]+016 TEXCOORD: 1, 1
vb0[867]+020 TEXCOORD1: 3.3671875, 0.819824219
vb0[867]+000 TEXCOORD2: 0.0705882385, 0.254901975, 0.937254906, 0.282352954
vb0[867]+000 TEXCOORD3: 0.0705882385, 0.254901975, 0.937254906, 0.282352954

vb0[868]+000 POSITION: -1.57714844, 5.609375, 0.340576172, 1
vb0[868]+008 NORMAL: -0.393700778, -0.00787401572, 0.92125982, 0
vb0[868]+012 COLOR: 0.870588243, 0.164705887, 0.486274511, 0.623529434
vb0[868]+016 TEXCOORD: 0.509277344, 1
vb0[868]+020 TEXCOORD1: 2.3359375, 0.641601563
vb0[868]+000 TEXCOORD2: 0.309803933, 0.745098054, 0.611764729, 0.270588249
vb0[868]+000 TEXCOORD3: 0.309803933, 0.745098054, 0.611764729, 0.270588249

vb0[869]+000 POSITION: 0.403076172, 7.56640625, 0.608886719, 1
vb0[869]+008 NORMAL: 0, -0.0157480314, 1, 0
vb0[869]+012 COLOR: 0.870588243, 0.164705887, 0.486274511, 0.43921569
vb0[869]+016 TEXCOORD: 0.509277344, 0.00245857239
vb0[869]+020 TEXCOORD1: 3.203125, 0.850585938
vb0[869]+000 TEXCOORD2: 0.450980395, 0.211764708, 0.568627477, 0.278431386
vb0[869]+000 TEXCOORD3: 0.450980395, 0.211764708, 0.568627477, 0.278431386

vb0[870]+000 POSITION: 1.41796875, 8.765625, 3.64648438, 1
vb0[870]+008 NORMAL: 0.425196856, 0.0393700786, 0.905511796, 0
vb0[870]+012 COLOR: 0.870588243, 0.164705887, 0.486274511, 0.0313725509
vb0[870]+016 TEXCOORD: 1, 0.00245857239
vb0[870]+020 TEXCOORD1: 3.20703125, 0.786132813
vb0[870]+000 TEXCOORD2: 0.674509823, 0.239215687, 0.384313732, 0.282352954
vb0[870]+000 TEXCOORD3: 0.674509823, 0.239215687, 0.384313732, 0.282352954

vb0[871]+000 POSITION: -0.777832031, 6.14453125, 3.50976563, 1
vb0[871]+008 NORMAL: -0.173228353, 0.00787401572, 0.984251976, 0
vb0[871]+012 COLOR: 0.870588243, 0.164705887, 0.486274511, 0.156862751
vb0[871]+016 TEXCOORD: 1, 1
vb0[871]+020 TEXCOORD1: 2.47265625, 0.513671875
vb0[871]+000 TEXCOORD2: 0.223529413, 0.729411781, 0.145098045, 0.274509817
vb0[871]+000 TEXCOORD3: 0.223529413, 0.729411781, 0.145098045, 0.274509817

vb0[872]+000 POSITION: -0.51171875, 11.875, -0.386474609, 1
vb0[872]+008 NORMAL: -0.858267725, 0.417322844, -0.299212605, 0
vb0[872]+012 COLOR: 0.403921574, 0.109803922, 0.796078444, 0.623529434
vb0[872]+016 TEXCOORD: 0.509277344, 1
vb0[872]+020 TEXCOORD1: -0.180541992, 0.979492188
vb0[872]+000 TEXCOORD2: 0.0941176489, 0.721568644, 0.941176474, 0.286274523
vb0[872]+000 TEXCOORD3: 0.0941176489, 0.721568644, 0.941176474, 0.286274523

vb0[873]+000 POSITION: -1.82324219, 13.4140625, 0.908203125, 1
vb0[873]+008 NORMAL: -0.88188976, 0.464566916, -0.11811024, 0
vb0[873]+012 COLOR: 0.403921574, 0.109803922, 0.796078444, 0.623529434
vb0[873]+016 TEXCOORD: 0.509277344, 0.00245857239
vb0[873]+020 TEXCOORD1: -0.162109375, 0.986816406
vb0[873]+000 TEXCOORD2: 0.294117659, 0.749019623, 0.709803939, 0.290196091
vb0[873]+000 TEXCOORD3: 0.294117659, 0.749019623, 0.709803939, 0.290196091

vb0[874]+000 POSITION: -3.8359375, 13.609375, 0.82421875, 1
vb0[874]+008 NORMAL: -0.88188976, 0.464566916, -0.0708661452, 0
vb0[874]+012 COLOR: 0.403921574, 0.109803922, 0.796078444, 0.874509811
vb0[874]+016 TEXCOORD: 1, 0.00245857239
vb0[874]+020 TEXCOORD1: -0.162109375, 0.986816406
vb0[874]+000 TEXCOORD2: 0.674509823, 0.764705896, 0.807843149, 0.290196091
vb0[874]+000 TEXCOORD3: 0.674509823, 0.764705896, 0.807843149, 0.290196091

vb0[875]+000 POSITION: -2.875, 12.53125, -0.592285156, 1
vb0[875]+008 NORMAL: -0.88188976, 0.464566916, -0.11811024, 0
vb0[875]+012 COLOR: 0.403921574, 0.109803922, 0.796078444, 0.654901981
vb0[875]+016 TEXCOORD: 1, 1
vb0[875]+020 TEXCOORD1: -0.564453125, 0.825683594
vb0[875]+000 TEXCOORD2: 0.752941191, 0.75686276, 0.266666681, 0.290196091
vb0[875]+000 TEXCOORD3: 0.752941191, 0.75686276, 0.266666681, 0.290196091

vb0[876]+000 POSITION: -3.10742188, 14.546875, 0.661621094, 1
vb0[876]+008 NORMAL: -0.842519701, 0.527559042, -0.0866141766, 0
vb0[876]+012 COLOR: 0.623529434, 0.768627465, 0.0941176489, 0.827450991
vb0[876]+016 TEXCOORD: 1, 0.00245857239
vb0[876]+020 TEXCOORD1: -0.162109375, 0.986816406
vb0[876]+000 TEXCOORD2: 0.215686277, 0.760784328, 0.274509817, 0.294117659
vb0[876]+000 TEXCOORD3: 0.215686277, 0.760784328, 0.274509817, 0.294117659

vb0[877]+000 POSITION: -1.22167969, 13.796875, 0.549804688, 1
vb0[877]+008 NORMAL: -0.834645689, 0.51968503, -0.173228353, 0
vb0[877]+012 COLOR: 0.623529434, 0.768627465, 0.0941176489, 0.423529416
vb0[877]+016 TEXCOORD: 0.509277344, 0.00245857239
vb0[877]+020 TEXCOORD1: -0.162109375, 0.986816406
vb0[877]+000 TEXCOORD2: 0.890196085, 0.737254918, 0.90196079, 0.290196091
vb0[877]+000 TEXCOORD3: 0.890196085, 0.737254918, 0.90196079, 0.290196091

vb0[878]+000 POSITION: -0.543945313, 11.671875, -0.464355469, 1
vb0[878]+008 NORMAL: -0.826771677, 0.354330719, -0.44094488, 0
vb0[878]+012 COLOR: 0.623529434, 0.768627465, 0.0941176489, 0.513725519
vb0[878]+016 TEXCOORD: 0.509277344, 1
vb0[878]+020 TEXCOORD1: -0.456054688, 0.844238281
vb0[878]+000 TEXCOORD2: 0.352941185, 0.721568644, 0.839215696, 0.286274523
vb0[878]+000 TEXCOORD3: 0.352941185, 0.721568644, 0.839215696, 0.286274523

vb0[879]+000 POSITION: -2.74609375, 12.9140625, -0.493896484, 1
vb0[879]+008 NORMAL: -0.834645689, 0.51968503, -0.173228353, 0
vb0[879]+012 COLOR: 0.623529434, 0.768627465, 0.0941176489, 0.937254906
vb0[879]+016 TEXCOORD: 1, 1
vb0[879]+020 TEXCOORD1: -0.564453125, 0.825683594
vb0[879]+000 TEXCOORD2: 0.494117647, 0.75686276, 0.458823532, 0.290196091
vb0[879]+000 TEXCOORD3: 0.494117647, 0.75686276, 0.458823532, 0.290196091

vb0[880]+000 POSITION: 0.149414063, 11.4609375, 0.0412597656, 1
vb0[880]+008 NORMAL: 0.22047244, 0.614173234, -0.763779521, 0
vb0[880]+012 COLOR: 0.984313726, 0.380392164, 0.486274511, 0.376470596
vb0[880]+016 TEXCOORD: 0.509277344, 1
vb0[880]+020 TEXCOORD1: 3.04101563, 0.990234375
vb0[880]+000 TEXCOORD2: 0.784313738, 0.188235298, 0.733333349, 0.286274523
vb0[880]+000 TEXCOORD3: 0.784313738, 0.188235298, 0.733333349, 0.286274523

vb0[881]+000 POSITION: 0.4765625, 13.203125, -1.72460938, 1
vb0[881]+008 NORMAL: 0.22047244, 0.645669281, -0.732283473, 0
vb0[881]+012 COLOR: 0.984313726, 0.380392164, 0.486274511, 0.639215708
vb0[881]+016 TEXCOORD: 0.509277344, 0.00245857239
vb0[881]+020 TEXCOORD1: 0.250732422, 0.968261719
vb0[881]+000 TEXCOORD2: 0.627451003, 0.215686277, 0.603921592, 0.290196091
vb0[881]+000 TEXCOORD3: 0.627451003, 0.215686277, 0.603921592, 0.290196091

vb0[882]+000 POSITION: 1.03027344, 15.1484375, -1.37695313, 1
vb0[882]+008 NORMAL: 0.291338593, 0.645669281, -0.708661437, 0
vb0[882]+012 COLOR: 0.984313726, 0.380392164, 0.486274511, 0.56078434
vb0[882]+016 TEXCOORD: 1, 0.00245857239
vb0[882]+020 TEXCOORD1: 0.250732422, 0.968261719
vb0[882]+000 TEXCOORD2: 0.121568628, 0.235294119, 0.576470613, 0.294117659
vb0[882]+000 TEXCOORD3: 0.121568628, 0.235294119, 0.576470613, 0.294117659

vb0[883]+000 POSITION: 0.701660156, 13.890625, 0.208496094, 1
vb0[883]+008 NORMAL: 0.22047244, 0.645669281, -0.732283473, 0
vb0[883]+012 COLOR: 0.984313726, 0.380392164, 0.486274511, 0.423529416
vb0[883]+016 TEXCOORD: 1, 1
vb0[883]+020 TEXCOORD1: -0.162109375, 0.986816406
vb0[883]+000 TEXCOORD2: 0.615686297, 0.223529413, 0.949019611, 0.290196091
vb0[883]+000 TEXCOORD3: 0.615686297, 0.223529413, 0.949019611, 0.290196091

vb0[884]+000 POSITION: 1.98925781, 16.484375, 0.580566406, 1
vb0[884]+008 NORMAL: 0.511811018, 0.850393713, -0.0708661452, 0
vb0[884]+012 COLOR: 0.443137258, 0.4627451, 0.996078432, 0.835294127
vb0[884]+016 TEXCOORD: 1, 0.00245857239
vb0[884]+020 TEXCOORD1: -0.162109375, 0.986816406
vb0[884]+000 TEXCOORD2: 0.960784316, 0.247058824, 0.121568628, 0.298039228
vb0[884]+000 TEXCOORD3: 0.960784316, 0.247058824, 0.121568628, 0.298039228

vb0[885]+000 POSITION: 0.619140625, 14.9765625, 0.255615234, 1
vb0[885]+008 NORMAL: 0.551181078, 0.826771677, -0.11811024, 0
vb0[885]+012 COLOR: 0.443137258, 0.4627451, 0.996078432, 0.576470613
vb0[885]+016 TEXCOORD: 0.509277344, 0.00245857239
vb0[885]+020 TEXCOORD1: -0.162109375, 0.986816406
vb0[885]+000 TEXCOORD2: 0.956862748, 0.219607845, 0.490196079, 0.294117659
vb0[885]+000 TEXCOORD3: 0.956862748, 0.219607845, 0.490196079, 0.294117659

vb0[886]+000 POSITION: 1.08789063, 12.34375, 0.180908203, 1
vb0[886]+008 NORMAL: 0.299212605, 0.685039341, -0.669291317, 0
vb0[886]+012 COLOR: 0.443137258, 0.4627451, 0.996078432, 0.56078434
vb0[886]+016 TEXCOORD: 0.509277344, 1
vb0[886]+020 TEXCOORD1: 0.188354492, 0.970703125
vb0[886]+000 TEXCOORD2: 0.352941185, 0.235294119, 0.172549024, 0.290196091
vb0[886]+000 TEXCOORD3: 0.352941185, 0.235294119, 0.172549024, 0.290196091

vb0[887]+000 POSITION: 2.63671875, 14.5234375, 0.448730469, 1
vb0[887]+008 NORMAL: 0.551181078, 0.826771677, -0.11811024, 0
vb0[887]+012 COLOR: 0.443137258, 0.4627451, 0.996078432, 0.937254906
vb0[887]+016 TEXCOORD: 1, 1
vb0[887]+020 TEXCOORD1: 0.250732422, 0.968261719
vb0[887]+000 TEXCOORD2: 0.274509817, 0.254901975, 0.262745112, 0.294117659
vb0[887]+000 TEXCOORD3: 0.274509817, 0.254901975, 0.262745112, 0.294117659

vb0[888]+000 POSITION: 1.99511719, 15.984375, 1.60839844, 1
vb0[888]+008 NORMAL: 0.236220479, 0.850393713, 0.472440958, 0
vb0[888]+012 COLOR: 0.70588237, 0.250980407, 0.117647059, 0.921568632
vb0[888]+016 TEXCOORD: 1, 0.00245857239
vb0[888]+020 TEXCOORD1: -0.162109375, 0.986816406
vb0[888]+000 TEXCOORD2: 0.984313726, 0.247058824, 0.996078432, 0.294117659
vb0[888]+000 TEXCOORD3: 0.984313726, 0.247058824, 0.996078432, 0.294117659

vb0[889]+000 POSITION: 0.237304688, 15.1796875, 1.57519531, 1
vb0[889]+008 NORMAL: -0.0314960629, 0.968503952, 0.251968503, 0
vb0[889]+012 COLOR: 0.70588237, 0.250980407, 0.117647059, 0.701960802
vb0[889]+016 TEXCOORD: 0.509277344, 0.00245857239
vb0[889]+020 TEXCOORD1: -0.162109375, 0.986816406
vb0[889]+000 TEXCOORD2: 0.596078455, 0.200000003, 0.592156887, 0.294117659
vb0[889]+000 TEXCOORD3: 0.596078455, 0.200000003, 0.592156887, 0.294117659

vb0[890]+000 POSITION: -1.07617188, 15.0390625, 0.568847656, 1
vb0[890]+008 NORMAL: 0.05511811, 0.984251976, 0.181102365, 0
vb0[890]+012 COLOR: 0.70588237, 0.250980407, 0.117647059, 0.741176486
vb0[890]+016 TEXCOORD: 0.509277344, 1
vb0[890]+020 TEXCOORD1: -0.162109375, 0.986816406
vb0[890]+000 TEXCOORD2: 0.305882365, 0.737254918, 0.521568656, 0.294117659
vb0[890]+000 TEXCOORD3: 0.305882365, 0.737254918, 0.521568656, 0.294117659

vb0[891]+000 POSITION: 0.562988281, 16.859375, 0.654296875, 1
vb0[891]+008 NORMAL: -0.0314960629, 0.968503952, 0.251968503, 0
vb0[891]+012 COLOR: 0.70588237, 0.250980407, 0.117647059, 0.423529416
vb0[891]+016 TEXCOORD: 1, 1
vb0[891]+020 TEXCOORD1: -0.162109375, 0.986816406
vb0[891]+000 TEXCOORD2: 0.505882382, 0.219607845, 0.215686277, 0.298039228
vb0[891]+000 TEXCOORD3: 0.505882382, 0.219607845, 0.215686277, 0.298039228

vb0[892]+000 POSITION: -2.41601563, 4.65625, 4.109375, 1
vb0[892]+008 NORMAL: -0.362204731, -0.0708661452, 0.929133832, 0
vb0[892]+012 COLOR: 0.835294127, 0.129411772, 0.513725519, 0.850980401
vb0[892]+016 TEXCOORD: 1, 0.00245857239
vb0[892]+020 TEXCOORD1: 2.20117188, 0.397705078
vb0[892]+000 TEXCOORD2: 0.835294127, 0.752941191, 0.65882355, 0.266666681
vb0[892]+000 TEXCOORD3: 0.835294127, 0.752941191, 0.65882355, 0.266666681

vb0[893]+000 POSITION: -1.11621094, 5.5078125, 2.66992188, 1
vb0[893]+008 NORMAL: -0.196850389, -0.0629921257, 0.976377964, 0
vb0[893]+012 COLOR: 0.835294127, 0.129411772, 0.513725519, 0.501960814
vb0[893]+016 TEXCOORD: 0.509277344, 0.00245857239
vb0[893]+020 TEXCOORD1: 2.20117188, 0.397705078
vb0[893]+000 TEXCOORD2: 0.466666669, 0.737254918, 0.509803951, 0.270588249
vb0[893]+000 TEXCOORD3: 0.466666669, 0.737254918, 0.509803951, 0.270588249

vb0[894]+000 POSITION: 0.619140625, 7.36328125, 2.8125, 1
vb0[894]+008 NORMAL: -0.173228353, -0.0629921257, 0.984251976, 0
vb0[894]+012 COLOR: 0.835294127, 0.129411772, 0.513725519, 0.623529434
vb0[894]+016 TEXCOORD: 0.509277344, 1
vb0[894]+020 TEXCOORD1: 3.11328125, 0.766113281
vb0[894]+000 TEXCOORD2: 0.956862748, 0.219607845, 0.36470589, 0.278431386
vb0[894]+000 TEXCOORD3: 0.956862748, 0.219607845, 0.36470589, 0.278431386

vb0[895]+000 POSITION: -0.801269531, 5.87109375, 4.74609375, 1
vb0[895]+008 NORMAL: -0.133858263, -0.0629921257, 0.992125988, 0
vb0[895]+012 COLOR: 0.835294127, 0.129411772, 0.513725519, 0.811764717
vb0[895]+016 TEXCOORD: 1, 1
vb0[895]+020 TEXCOORD1: 3.01171875, 0.744628906
vb0[895]+000 TEXCOORD2: 0.411764711, 0.729411781, 0.874509811, 0.270588249
vb0[895]+000 TEXCOORD3: 0.411764711, 0.729411781, 0.874509811, 0.270588249

vb0[896]+000 POSITION: -1.07519531, 8.7734375, 1.34277344, 1
vb0[896]+008 NORMAL: -1, 0.05511811, -0.0472440943, 0
vb0[896]+012 COLOR: 0.678431392, 0.0392156877, 0.56078434, 0.454901963
vb0[896]+016 TEXCOORD: 0.509277344, 1
vb0[896]+020 TEXCOORD1: 2.66992188, 0.861816406
vb0[896]+000 TEXCOORD2: 0.301960796, 0.737254918, 0.388235301, 0.282352954
vb0[896]+000 TEXCOORD3: 0.301960796, 0.737254918, 0.388235301, 0.282352954

vb0[897]+000 POSITION: -3.4609375, 7.72265625, 0.925292969, 1
vb0[897]+008 NORMAL: -1, 0.0157480314, -0.0629921257, 0
vb0[897]+012 COLOR: 0.678431392, 0.0392156877, 0.56078434, 0.654901981
vb0[897]+016 TEXCOORD: 0.509277344, 0.00245857239
vb0[897]+020 TEXCOORD1: -0.564453125, 0.825683594
vb0[897]+000 TEXCOORD2: 0.925490201, 0.760784328, 0.725490212, 0.278431386
vb0[897]+000 TEXCOORD3: 0.925490201, 0.760784328, 0.725490212, 0.278431386

vb0[898]+000 POSITION: -4.00390625, 7.3125, -1.09082031, 1
vb0[898]+008 NORMAL: -0.968503952, 0.0708661452, -0.236220479, 0
vb0[898]+012 COLOR: 0.678431392, 0.0392156877, 0.56078434, 0.866666675
vb0[898]+016 TEXCOORD: 1, 0.00245857239
vb0[898]+020 TEXCOORD1: -0.564453125, 0.825683594
vb0[898]+000 TEXCOORD2: 0.00392156886, 0.768627465, 0.313725501, 0.278431386
vb0[898]+000 TEXCOORD3: 0.00392156886, 0.768627465, 0.313725501, 0.278431386

vb0[899]+000 POSITION: -2.05859375, 8.0546875, -0.659179688, 1
vb0[899]+008 NORMAL: -0.866141737, 0.0157480314, -0.496062994, 0
vb0[899]+012 COLOR: 0.678431392, 0.0392156877, 0.56078434, 0.360784322
vb0[899]+016 TEXCOORD: 1, 1
vb0[899]+020 TEXCOORD1: -0.564453125, 0.825683594
vb0[899]+000 TEXCOORD2: 0.117647059, 0.752941191, 0.0274509806, 0.282352954
vb0[899]+000 TEXCOORD3: 0.117647059, 0.752941191, 0.0274509806, 0.282352954

vb0[900]+000 POSITION: 3.41796875, 10.9609375, 3.3984375, 1
vb0[900]+008 NORMAL: 0.803149581, 0.212598428, 0.551181078, 0
vb0[900]+012 COLOR: 0.909803927, 0.262745112, 0.345098048, 0.788235307
vb0[900]+016 TEXCOORD: 1, 0.00245857239
vb0[900]+020 TEXCOORD1: 3.3671875, 0.819824219
vb0[900]+000 TEXCOORD2: 0.839215696, 0.258823544, 0.482352942, 0.286274523
vb0[900]+000 TEXCOORD3: 0.839215696, 0.258823544, 0.482352942, 0.286274523

vb0[901]+000 POSITION: 2.51953125, 10.0859375, 1.99707031, 1
vb0[901]+008 NORMAL: 0.866141737, 0.204724416, 0.448818892, 0
vb0[901]+012 COLOR: 0.909803927, 0.262745112, 0.345098048, 0.501960814
vb0[901]+016 TEXCOORD: 0.509277344, 0.00245857239
vb0[901]+020 TEXCOORD1: 3.3671875, 0.819824219
vb0[901]+000 TEXCOORD2: 0.0392156877, 0.254901975, 0.0431372561, 0.286274523
vb0[901]+000 TEXCOORD3: 0.0392156877, 0.254901975, 0.0431372561, 0.286274523

vb0[902]+000 POSITION: 2.078125, 10.71875, 0.195556641, 1
vb0[902]+008 NORMAL: 0.944881916, 0.196850389, 0.267716527, 0
vb0[902]+012 COLOR: 0.909803927, 0.262745112, 0.345098048, 0.478431374
vb0[902]+016 TEXCOORD: 0.509277344, 1
vb0[902]+020 TEXCOORD1: 0.292236328, 0.948242188
vb0[902]+000 TEXCOORD2: 0.156862751, 0.250980407, 0.360784322, 0.286274523
vb0[902]+000 TEXCOORD3: 0.156862751, 0.250980407, 0.360784322, 0.286274523

vb0[903]+000 POSITION: 3.37109375, 11.75, 1.69335938, 1
vb0[903]+008 NORMAL: 0.889763772, 0.188976377, 0.409448832, 0
vb0[903]+012 COLOR: 0.909803927, 0.262745112, 0.345098048, 0.921568632
vb0[903]+016 TEXCOORD: 1, 1
vb0[903]+020 TEXCOORD1: 3.3671875, 0.819824219
vb0[903]+000 TEXCOORD2: 0.745098054, 0.258823544, 0.87843138, 0.286274523
vb0[903]+000 TEXCOORD3: 0.745098054, 0.258823544, 0.87843138, 0.286274523

vb0[904]+000 POSITION: -0.912597656, 10.7421875, 2.453125, 1
vb0[904]+008 NORMAL: -0.0629921257, 0.196850389, 0.976377964, 0
vb0[904]+012 COLOR: 0.466666669, 0, 0.521568656, 0.529411793
vb0[904]+016 TEXCOORD: 0.509277344, 1
vb0[904]+020 TEXCOORD1: 2.88867188, 0.895507813
vb0[904]+000 TEXCOORD2: 0.301960796, 0.733333349, 0.372549027, 0.286274523
vb0[904]+000 TEXCOORD3: 0.301960796, 0.733333349, 0.372549027, 0.286274523

vb0[905]+000 POSITION: 1.11425781, 10.65625, 2.18945313, 1
vb0[905]+008 NORMAL: 0.314960629, 0.173228353, 0.929133832, 0
vb0[905]+012 COLOR: 0.466666669, 0, 0.521568656, 0.545098066
vb0[905]+016 TEXCOORD: 0.509277344, 0.00245857239
vb0[905]+020 TEXCOORD1: 2.97851563, 0.909179688
vb0[905]+000 TEXCOORD2: 0.458823532, 0.235294119, 0.329411775, 0.286274523
vb0[905]+000 TEXCOORD3: 0.458823532, 0.235294119, 0.329411775, 0.286274523

vb0[906]+000 POSITION: 2.7421875, 10.5625, 3.671875, 1
vb0[906]+008 NORMAL: 0.330708653, 0.181102365, 0.929133832, 0
vb0[906]+012 COLOR: 0.466666669, 0, 0.521568656, 0.701960802
vb0[906]+016 TEXCOORD: 1, 0.00245857239
vb0[906]+020 TEXCOORD1: 3.3671875, 0.819824219
vb0[906]+000 TEXCOORD2: 0.486274511, 0.254901975, 0.282352954, 0.286274523
vb0[906]+000 TEXCOORD3: 0.486274511, 0.254901975, 0.282352954, 0.286274523

vb0[907]+000 POSITION: 0.659179688, 10.7890625, 4.35546875, 1
vb0[907]+008 NORMAL: 0.314960629, 0.173228353, 0.929133832, 0
vb0[907]+012 COLOR: 0.466666669, 0, 0.521568656, 0.56078434
vb0[907]+016 TEXCOORD: 1, 1
vb0[907]+020 TEXCOORD1: 2.97851563, 0.909179688
vb0[907]+000 TEXCOORD2: 0.274509817, 0.223529413, 0.396078438, 0.286274523
vb0[907]+000 TEXCOORD3: 0.274509817, 0.223529413, 0.396078438, 0.286274523

vb0[908]+000 POSITION: -1.87792969, 7.1640625, 3.484375, 1
vb0[908]+008 NORMAL: -0.866141737, 0.0708661452, 0.488188982, 0
vb0[908]+012 COLOR: 0.0117647061, 0.572549045, 0.435294122, 0.117647059
vb0[908]+016 TEXCOORD: 1, 0.00245857239
vb0[908]+020 TEXCOORD1: 2.20117188, 0.397705078
vb0[908]+000 TEXCOORD2: 0.513725519, 0.749019623, 0.164705887, 0.278431386
vb0[908]+000 TEXCOORD3: 0.513725519, 0.749019623, 0.164705887, 0.278431386

vb0[909]+000 POSITION: -1.60839844, 9.0234375, 2.52539063, 1
vb0[909]+008 NORMAL: -0.913385808, 0.0866141766, 0.40157479, 0
vb0[909]+012 COLOR: 0.0117647061, 0.572549045, 0.435294122, 0.203921571
vb0[909]+016 TEXCOORD: 0.509277344, 0.00245857239
vb0[909]+020 TEXCOORD1: 2.97851563, 0.909179688
vb0[909]+000 TEXCOORD2: 0.435294122, 0.745098054, 0.513725519, 0.282352954
vb0[909]+000 TEXCOORD3: 0.435294122, 0.745098054, 0.513725519, 0.282352954

vb0[910]+000 POSITION: -1.12011719, 9.3359375, 0.302734375, 1
vb0[910]+008 NORMAL: -0.944881916, 0.11811024, 0.299212605, 0
vb0[910]+012 COLOR: 0.0117647061, 0.572549045, 0.435294122, 0.250980407
vb0[910]+016 TEXCOORD: 0.509277344, 1
vb0[910]+020 TEXCOORD1: -0.564453125, 0.825683594
vb0[910]+000 TEXCOORD2: 0.482352942, 0.737254918, 0.670588255, 0.282352954
vb0[910]+000 TEXCOORD3: 0.482352942, 0.737254918, 0.670588255, 0.282352954

vb0[911]+000 POSITION: -1.72167969, 7.23828125, 1.37695313, 1
vb0[911]+008 NORMAL: -0.913385808, 0.0866141766, 0.40157479, 0
vb0[911]+012 COLOR: 0.0117647061, 0.572549045, 0.435294122, 0.188235298
vb0[911]+016 TEXCOORD: 1, 1
vb0[911]+020 TEXCOORD1: -0.564453125, 0.825683594
vb0[911]+000 TEXCOORD2: 0.890196085, 0.745098054, 0.239215687, 0.278431386
vb0[911]+000 TEXCOORD3: 0.890196085, 0.745098054, 0.239215687, 0.278431386

vb0[912]+000 POSITION: -1.890625, 9.4921875, 2.9765625, 1
vb0[912]+008 NORMAL: -0.740157485, 0.0944881886, 0.661417305, 0
vb0[912]+012 COLOR: 0.698039234, 0.874509811, 0.235294119, 0.701960802
vb0[912]+016 TEXCOORD: 1, 0.00245857239
vb0[912]+020 TEXCOORD1: 2.97851563, 0.909179688
vb0[912]+000 TEXCOORD2: 0.564705908, 0.749019623, 0.749019623, 0.282352954
vb0[912]+000 TEXCOORD3: 0.564705908, 0.749019623, 0.749019623, 0.282352954

vb0[913]+000 POSITION: -1.10644531, 8.03125, 1.92480469, 1
vb0[913]+008 NORMAL: -0.874015749, 0.102362208, 0.48031497, 0
vb0[913]+012 COLOR: 0.698039234, 0.874509811, 0.235294119, 0.639215708
vb0[913]+016 TEXCOORD: 0.509277344, 0.00245857239
vb0[913]+020 TEXCOORD1: -0.564453125, 0.825683594
vb0[913]+000 TEXCOORD2: 0.427450985, 0.737254918, 0.0156862754, 0.282352954
vb0[913]+000 TEXCOORD3: 0.427450985, 0.737254918, 0.0156862754, 0.282352954

vb0[914]+000 POSITION: -1.72558594, 7.57421875, 0.359863281, 1
vb0[914]+008 NORMAL: -0.803149581, 0.11023622, 0.582677186, 0
vb0[914]+012 COLOR: 0.698039234, 0.874509811, 0.235294119, 0.631372571
vb0[914]+016 TEXCOORD: 0.509277344, 1
vb0[914]+020 TEXCOORD1: -0.564453125, 0.825683594
vb0[914]+000 TEXCOORD2: 0.905882359, 0.745098054, 0.576470613, 0.278431386
vb0[914]+000 TEXCOORD3: 0.905882359, 0.745098054, 0.576470613, 0.278431386

vb0[915]+000 POSITION: -2.92578125, 8.6875, 1.50878906, 1
vb0[915]+008 NORMAL: -0.874015749, 0.102362208, 0.48031497, 0
vb0[915]+012 COLOR: 0.698039234, 0.874509811, 0.235294119, 0.454901963
vb0[915]+016 TEXCOORD: 1, 1
vb0[915]+020 TEXCOORD1: -0.564453125, 0.825683594
vb0[915]+000 TEXCOORD2: 0.854901969, 0.75686276, 0.345098048, 0.282352954
vb0[915]+000 TEXCOORD3: 0.854901969, 0.75686276, 0.345098048, 0.282352954

vb0[916]+000 POSITION: 0.330810547, 11.2734375, -0.357910156, 1
vb0[916]+008 NORMAL: -0.448818892, 0.181102365, -0.874015749, 0
vb0[916]+012 COLOR: 0.611764729, 0.87843138, 0.196078435, 0.41568628
vb0[916]+016 TEXCOORD: 0.509277344, 1
vb0[916]+020 TEXCOORD1: 0.018157959, 0.978515625
vb0[916]+000 TEXCOORD2: 0.294117659, 0.20784314, 0.639215708, 0.286274523
vb0[916]+000 TEXCOORD3: 0.294117659, 0.20784314, 0.639215708, 0.286274523

vb0[917]+000 POSITION: 0.143676758, 10.171875, -2.05078125, 1
vb0[917]+008 NORMAL: -0.472440958, 0.188976377, -0.858267725, 0
vb0[917]+012 COLOR: 0.611764729, 0.87843138, 0.196078435, 0.219607845
vb0[917]+016 TEXCOORD: 0.509277344, 0.00245857239
vb0[917]+020 TEXCOORD1: 0.250732422, 0.968261719
vb0[917]+000 TEXCOORD2: 0.600000024, 0.188235298, 0.0862745121, 0.286274523
vb0[917]+000 TEXCOORD3: 0.600000024, 0.188235298, 0.0862745121, 0.286274523

vb0[918]+000 POSITION: -1.5, 9.796875, -2.88085938, 1
vb0[918]+008 NORMAL: -0.417322844, 0.181102365, -0.889763772, 0
vb0[918]+012 COLOR: 0.611764729, 0.87843138, 0.196078435, 0.470588237
vb0[918]+016 TEXCOORD: 1, 0.00245857239
vb0[918]+020 TEXCOORD1: -0.564453125, 0.825683594
vb0[918]+000 TEXCOORD2: 0, 0.745098054, 0.90196079, 0.282352954
vb0[918]+000 TEXCOORD3: 0, 0.745098054, 0.90196079, 0.282352954

vb0[919]+000 POSITION: -1.42480469, 11.078125, -1.50488281, 1
vb0[919]+008 NORMAL: -0.472440958, 0.188976377, -0.858267725, 0
vb0[919]+012 COLOR: 0.611764729, 0.87843138, 0.196078435, 0.109803922
vb0[919]+016 TEXCOORD: 1, 1
vb0[919]+020 TEXCOORD1: -0.564453125, 0.825683594
vb0[919]+000 TEXCOORD2: 0.701960802, 0.741176486, 0.541176498, 0.286274523
vb0[919]+000 TEXCOORD3: 0.701960802, 0.741176486, 0.541176498, 0.286274523

vb0[920]+000 POSITION: 1.95117188, 12.921875, -0.436523438, 1
vb0[920]+008 NORMAL: 0.346456707, 0.346456707, -0.874015749, 0
vb0[920]+012 COLOR: 0.886274517, 0.239215687, 0.313725501, 0.384313732
vb0[920]+016 TEXCOORD: 0.509277344, 1
vb0[920]+020 TEXCOORD1: 0.250732422, 0.968261719
vb0[920]+000 TEXCOORD2: 0.807843149, 0.247058824, 0.4627451, 0.290196091
vb0[920]+000 TEXCOORD3: 0.807843149, 0.247058824, 0.4627451, 0.290196091

vb0[921]+000 POSITION: 1.10058594, 11.71875, -0.521972656, 1
vb0[921]+008 NORMAL: 0.338582665, 0.338582665, -0.88188976, 0
vb0[921]+012 COLOR: 0.886274517, 0.239215687, 0.313725501, 0.360784322
vb0[921]+016 TEXCOORD: 0.509277344, 0.00245857239
vb0[921]+020 TEXCOORD1: 0.250732422, 0.968261719
vb0[921]+000 TEXCOORD2: 0.403921574, 0.235294119, 0.862745106, 0.286274523
vb0[921]+000 TEXCOORD3: 0.403921574, 0.235294119, 0.862745106, 0.286274523

vb0[922]+000 POSITION: -0.0439147949, 11.1015625, -2.015625, 1
vb0[922]+008 NORMAL: 0.188976377, 0.236220479, -0.952755928, 0
vb0[922]+012 COLOR: 0.886274517, 0.239215687, 0.313725501, 0.423529416
vb0[922]+016 TEXCOORD: 1, 0.00245857239
vb0[922]+020 TEXCOORD1: 0.250732422, 0.968261719
vb0[922]+000 TEXCOORD2: 0.623529434, 0.662745118, 0.552941203, 0.286274523
vb0[922]+000 TEXCOORD3: 0.623529434, 0.662745118, 0.552941203, 0.286274523

vb0[923]+000 POSITION: 0.99609375, 12.78125, -2.2109375, 1
vb0[923]+008 NORMAL: 0.338582665, 0.338582665, -0.88188976, 0
vb0[923]+012 COLOR: 0.886274517, 0.239215687, 0.313725501, 0.796078444
vb0[923]+016 TEXCOORD: 1, 1
vb0[923]+020 TEXCOORD1: 0.250732422, 0.968261719
vb0[923]+000 TEXCOORD2: 0.972549021, 0.23137255, 0.392156869, 0.290196091
vb0[923]+000 TEXCOORD3: 0.972549021, 0.23137255, 0.392156869, 0.290196091

vb0[924]+000 POSITION: -1.15429688, 12.2734375, -1.81347656, 1
vb0[924]+008 NORMAL: -0.543307066, 0.362204731, -0.755905509, 0
vb0[924]+012 COLOR: 0.278431386, 0.921568632, 0.34117648, 0.470588237
vb0[924]+016 TEXCOORD: 1, 0.00245857239
vb0[924]+020 TEXCOORD1: -0.564453125, 0.825683594
vb0[924]+000 TEXCOORD2: 0.619607866, 0.737254918, 0.137254909, 0.290196091
vb0[924]+000 TEXCOORD3: 0.619607866, 0.737254918, 0.137254909, 0.290196091

vb0[925]+000 POSITION: -1.60839844, 13.0625, -0.127563477, 1
vb0[925]+008 NORMAL: -0.653543293, 0.488188982, -0.574803174, 0
vb0[925]+012 COLOR: 0.278431386, 0.921568632, 0.34117648, 0.109803922
vb0[925]+016 TEXCOORD: 0.509277344, 0.00245857239
vb0[925]+020 TEXCOORD1: -0.162109375, 0.986816406
vb0[925]+000 TEXCOORD2: 0.435294122, 0.745098054, 0.533333361, 0.290196091
vb0[925]+000 TEXCOORD3: 0.435294122, 0.745098054, 0.533333361, 0.290196091

vb0[926]+000 POSITION: -0.263916016, 13.7109375, 0.76171875, 1
vb0[926]+008 NORMAL: -0.653543293, 0.566929162, -0.503937006, 0
vb0[926]+012 COLOR: 0.278431386, 0.921568632, 0.34117648, 0.313725501
vb0[926]+016 TEXCOORD: 0.509277344, 1
vb0[926]+020 TEXCOORD1: -0.162109375, 0.986816406
vb0[926]+000 TEXCOORD2: 0.223529413, 0.70588237, 0.858823538, 0.290196091
vb0[926]+000 TEXCOORD3: 0.223529413, 0.70588237, 0.858823538, 0.290196091

vb0[927]+000 POSITION: 0.0156173706, 13.5703125, -1.02929688, 1
vb0[927]+008 NORMAL: -0.543307066, 0.51968503, -0.661417305, 0
vb0[927]+012 COLOR: 0.278431386, 0.921568632, 0.34117648, 0.298039228
vb0[927]+016 TEXCOORD: 1, 1
vb0[927]+020 TEXCOORD1: 0.250732422, 0.968261719
vb0[927]+000 TEXCOORD2: 1, 0.137254909, 0.788235307, 0.290196091
vb0[927]+000 TEXCOORD3: 1, 0.137254909, 0.788235307, 0.290196091

vb0[928]+000 POSITION: -0.0983276367, 14.1640625, 0.4453125, 1
vb0[928]+008 NORMAL: -0.755905509, 0.645669281, -0.11811024, 0
vb0[928]+012 COLOR: 0.470588237, 0.254901975, 0.933333337, 0.376470596
vb0[928]+016 TEXCOORD: 0.509277344, 1
vb0[928]+020 TEXCOORD1: -0.162109375, 0.986816406
vb0[928]+000 TEXCOORD2: 0.294117659, 0.68235296, 0.0823529437, 0.294117659
vb0[928]+000 TEXCOORD3: 0.294117659, 0.68235296, 0.0823529437, 0.294117659

vb0[929]+000 POSITION: -2.14453125, 13.8203125, -0.120910645, 1
vb0[929]+008 NORMAL: -0.850393713, 0.511811018, -0.14173229, 0
vb0[929]+012 COLOR: 0.470588237, 0.254901975, 0.933333337, 0.470588237
vb0[929]+016 TEXCOORD: 0.509277344, 0.00245857239
vb0[929]+020 TEXCOORD1: -0.162109375, 0.986816406
vb0[929]+000 TEXCOORD2: 0.290196091, 0.752941191, 0.913725495, 0.290196091
vb0[929]+000 TEXCOORD3: 0.290196091, 0.752941191, 0.913725495, 0.290196091

vb0[930]+000 POSITION: -2.07226563, 11.84375, -0.99609375, 1
vb0[930]+008 NORMAL: -0.677165329, 0.377952754, -0.629921257, 0
vb0[930]+012 COLOR: 0.470588237, 0.254901975, 0.933333337, 0.521568656
vb0[930]+016 TEXCOORD: 1, 0.00245857239
vb0[930]+020 TEXCOORD1: -0.564453125, 0.825683594
vb0[930]+000 TEXCOORD2: 0.145098045, 0.752941191, 0.925490201, 0.286274523
vb0[930]+000 TEXCOORD3: 0.145098045, 0.752941191, 0.925490201, 0.286274523

vb0[931]+000 POSITION: -0.227294922, 12.875, -0.534667969, 1
vb0[931]+008 NORMAL: -0.818897665, 0.425196856, -0.385826766, 0
vb0[931]+012 COLOR: 0.470588237, 0.254901975, 0.933333337, 0.623529434
vb0[931]+016 TEXCOORD: 1, 1
vb0[931]+020 TEXCOORD1: -0.162109375, 0.986816406
vb0[931]+000 TEXCOORD2: 0.274509817, 0.701960802, 0.43921569, 0.290196091
vb0[931]+000 TEXCOORD3: 0.274509817, 0.701960802, 0.43921569, 0.290196091

vb0[932]+000 POSITION: 0.916503906, 11.9140625, 0.545898438, 1
vb0[932]+008 NORMAL: -0.236220479, 0.409448832, -0.88188976, 0
vb0[932]+012 COLOR: 0.815686285, 0.772549033, 0.223529413, 0.337254912
vb0[932]+016 TEXCOORD: 0.509277344, 1
vb0[932]+020 TEXCOORD1: 0.250732422, 0.968261719
vb0[932]+000 TEXCOORD2: 0.333333343, 0.23137255, 0.960784316, 0.286274523
vb0[932]+000 TEXCOORD3: 0.333333343, 0.23137255, 0.960784316, 0.286274523

vb0[933]+000 POSITION: 0.351806641, 11.1875, -1.078125, 1
vb0[933]+008 NORMAL: 0.409448832, 0.370078743, -0.834645689, 0
vb0[933]+012 COLOR: 0.815686285, 0.772549033, 0.223529413, 0
vb0[933]+016 TEXCOORD: 0.509277344, 0.00245857239
vb0[933]+020 TEXCOORD1: 0.250732422, 0.968261719
vb0[933]+000 TEXCOORD2: 0.631372571, 0.20784314, 0.596078455, 0.286274523
vb0[933]+000 TEXCOORD3: 0.631372571, 0.20784314, 0.596078455, 0.286274523

vb0[934]+000 POSITION: -1.18945313, 11.6796875, -2.10351563, 1
vb0[934]+008 NORMAL: 0.149606302, 0.338582665, -0.929133832, 0
vb0[934]+012 COLOR: 0.815686285, 0.772549033, 0.223529413, 0.376470596
vb0[934]+016 TEXCOORD: 1, 0.00245857239
vb0[934]+020 TEXCOORD1: -0.564453125, 0.825683594
vb0[934]+000 TEXCOORD2: 0.760784328, 0.737254918, 0.843137264, 0.286274523
vb0[934]+000 TEXCOORD3: 0.760784328, 0.737254918, 0.843137264, 0.286274523

vb0[935]+000 POSITION: -0.638671875, 12.78125, -0.62890625, 1
vb0[935]+008 NORMAL: 0.228346452, 0.48031497, -0.850393713, 0
vb0[935]+012 COLOR: 0.815686285, 0.772549033, 0.223529413, 0.0470588244
vb0[935]+016 TEXCOORD: 1, 1
vb0[935]+020 TEXCOORD1: -0.162109375, 0.986816406
vb0[935]+000 TEXCOORD2: 0.109803922, 0.725490212, 0.392156869, 0.290196091
vb0[935]+000 TEXCOORD3: 0.109803922, 0.725490212, 0.392156869, 0.290196091

vb0[936]+000 POSITION: 4.734375, 11.734375, -0.523925781, 1
vb0[936]+008 NORMAL: 0.866141737, 0.173228353, -0.464566916, 0
vb0[936]+012 COLOR: 0.541176498, 0.521568656, 0.00392156886, 0.717647076
vb0[936]+016 TEXCOORD: 1, 0.00245857239
vb0[936]+020 TEXCOORD1: 0.592773438, 0.805664063
vb0[936]+000 TEXCOORD2: 0.737254918, 0.266666681, 0.870588243, 0.286274523
vb0[936]+000 TEXCOORD3: 0.737254918, 0.266666681, 0.870588243, 0.286274523

vb0[937]+000 POSITION: 4.34375, 9.7421875, -0.781738281, 1
vb0[937]+008 NORMAL: 0.787401557, 0.0866141766, -0.614173234, 0
vb0[937]+012 COLOR: 0.541176498, 0.521568656, 0.00392156886, 0.607843161
vb0[937]+016 TEXCOORD: 0.509277344, 0.00245857239
vb0[937]+020 TEXCOORD1: 0.592773438, 0.805664063
vb0[937]+000 TEXCOORD2: 0.345098048, 0.266666681, 0.874509811, 0.282352954
vb0[937]+000 TEXCOORD3: 0.345098048, 0.266666681, 0.874509811, 0.282352954

vb0[938]+000 POSITION: 1.96972656, 9.1328125, -0.848632813, 1
vb0[938]+008 NORMAL: 0.842519701, 0.14173229, -0.51968503, 0
vb0[938]+012 COLOR: 0.541176498, 0.521568656, 0.00392156886, 0.266666681
vb0[938]+016 TEXCOORD: 0.509277344, 1
vb0[938]+020 TEXCOORD1: 0.592773438, 0.805664063
vb0[938]+000 TEXCOORD2: 0.882352948, 0.247058824, 0.568627477, 0.282352954
vb0[938]+000 TEXCOORD3: 0.882352948, 0.247058824, 0.568627477, 0.282352954

vb0[939]+000 POSITION: 2.80664063, 11.1171875, -0.848632813, 1
vb0[939]+008 NORMAL: 0.771653533, 0.102362208, -0.622047246, 0
vb0[939]+012 COLOR: 0.541176498, 0.521568656, 0.00392156886, 0.392156869
vb0[939]+016 TEXCOORD: 1, 1
vb0[939]+020 TEXCOORD1: 0.592773438, 0.805664063
vb0[939]+000 TEXCOORD2: 0.615686297, 0.254901975, 0.56078434, 0.286274523
vb0[939]+000 TEXCOORD3: 0.615686297, 0.254901975, 0.56078434, 0.286274523

vb0[940]+000 POSITION: -0.0158691406, 11.3125, 1.11035156, 1
vb0[940]+008 NORMAL: 0.165354326, 0.244094491, 0.96062994, 0
vb0[940]+012 COLOR: 0.725490212, 0.0666666701, 0.392156869, 0.501960814
vb0[940]+016 TEXCOORD: 0.509277344, 1
vb0[940]+020 TEXCOORD1: 2.97851563, 0.909179688
vb0[940]+000 TEXCOORD2: 0.0627451017, 0.643137276, 0.65882355, 0.286274523
vb0[940]+000 TEXCOORD3: 0.0627451017, 0.643137276, 0.65882355, 0.286274523

vb0[941]+000 POSITION: 1.67480469, 12.046875, 2.3671875, 1
vb0[941]+008 NORMAL: 0.165354326, 0.251968503, 0.952755928, 0
vb0[941]+012 COLOR: 0.725490212, 0.0666666701, 0.392156869, 0.376470596
vb0[941]+016 TEXCOORD: 0.509277344, 0.00245857239
vb0[941]+020 TEXCOORD1: 2.97851563, 0.909179688
vb0[941]+000 TEXCOORD2: 0.701960802, 0.243137255, 0.0235294122, 0.290196091
vb0[941]+000 TEXCOORD3: 0.701960802, 0.243137255, 0.0235294122, 0.290196091

vb0[942]+000 POSITION: 1.86816406, 11.515625, 4.27734375, 1
vb0[942]+008 NORMAL: 0.228346452, 0.259842515, 0.937007844, 0
vb0[942]+012 COLOR: 0.725490212, 0.0666666701, 0.392156869, 0.749019623
vb0[942]+016 TEXCOORD: 1, 0.00245857239
vb0[942]+020 TEXCOORD1: 2.97851563, 0.909179688
vb0[942]+000 TEXCOORD2: 0.474509805, 0.247058824, 0.760784328, 0.286274523
vb0[942]+000 TEXCOORD3: 0.474509805, 0.247058824, 0.760784328, 0.286274523

vb0[943]+000 POSITION: 0.197631836, 11.046875, 3.29101563, 1
vb0[943]+008 NORMAL: 0.165354326, 0.251968503, 0.952755928, 0
vb0[943]+012 COLOR: 0.725490212, 0.0666666701, 0.392156869, 0.0941176489
vb0[943]+016 TEXCOORD: 1, 1
vb0[943]+020 TEXCOORD1: 2.97851563, 0.909179688
vb0[943]+000 TEXCOORD2: 0.325490206, 0.196078435, 0.525490224, 0.286274523
vb0[943]+000 TEXCOORD3: 0.325490206, 0.196078435, 0.525490224, 0.286274523

vb0[944]+000 POSITION: 0.283447266, 10.2578125, 2.87695313, 1
vb0[944]+008 NORMAL: -0.551181078, 0.228346452, 0.803149581, 0
vb0[944]+012 COLOR: 0.78039217, 0.913725495, 0.470588237, 0.615686297
vb0[944]+016 TEXCOORD: 0.509277344, 1
vb0[944]+020 TEXCOORD1: 3.12695313, 0.819824219
vb0[944]+000 TEXCOORD2: 0.53725493, 0.203921571, 0.129411772, 0.286274523
vb0[944]+000 TEXCOORD3: 0.53725493, 0.203921571, 0.129411772, 0.286274523

vb0[945]+000 POSITION: -1.08105469, 11.0859375, 1.46582031, 1
vb0[945]+008 NORMAL: -0.795275569, 0.251968503, 0.551181078, 0
vb0[945]+012 COLOR: 0.78039217, 0.913725495, 0.470588237, 0.576470613
vb0[945]+016 TEXCOORD: 0.509277344, 0.00245857239
vb0[945]+020 TEXCOORD1: 2.97851563, 0.909179688
vb0[945]+000 TEXCOORD2: 0.325490206, 0.737254918, 0.545098066, 0.286274523
vb0[945]+000 TEXCOORD3: 0.325490206, 0.737254918, 0.545098066, 0.286274523

vb0[946]+000 POSITION: -2.91015625, 12.3359375, 1.74414063, 1
vb0[946]+008 NORMAL: -0.842519701, 0.251968503, 0.48031497, 0
vb0[946]+012 COLOR: 0.78039217, 0.913725495, 0.470588237, 0.827450991
vb0[946]+016 TEXCOORD: 1, 0.00245857239
vb0[946]+020 TEXCOORD1: -0.564453125, 0.825683594
vb0[946]+000 TEXCOORD2: 0.823529422, 0.75686276, 0.168627456, 0.290196091
vb0[946]+000 TEXCOORD3: 0.823529422, 0.75686276, 0.168627456, 0.290196091

vb0[947]+000 POSITION: -1.73925781, 11.6796875, 3.53320313, 1
vb0[947]+008 NORMAL: -0.748031497, 0.291338593, 0.59842521, 0
vb0[947]+012 COLOR: 0.78039217, 0.913725495, 0.470588237, 0.764705896
vb0[947]+016 TEXCOORD: 1, 1
vb0[947]+020 TEXCOORD1: 2.97851563, 0.909179688
vb0[947]+000 TEXCOORD2: 0.960784316, 0.745098054, 0.843137264, 0.286274523
vb0[947]+000 TEXCOORD3: 0.960784316, 0.745098054, 0.843137264, 0.286274523

vb0[948]+000 POSITION: -2.12304688, 14.59375, 2.7421875, 1
vb0[948]+008 NORMAL: -0.535433054, 0.511811018, 0.669291317, 0
vb0[948]+012 COLOR: 0.31764707, 0.262745112, 0.898039222, 0.725490212
vb0[948]+016 TEXCOORD: 1, 0.00245857239
vb0[948]+020 TEXCOORD1: -0.162109375, 0.986816406
vb0[948]+000 TEXCOORD2: 0.247058824, 0.752941191, 0.298039228, 0.294117659
vb0[948]+000 TEXCOORD3: 0.247058824, 0.752941191, 0.298039228, 0.294117659

vb0[949]+000 POSITION: -2.015625, 12.8203125, 1.78417969, 1
vb0[949]+008 NORMAL: -0.51968503, 0.377952754, 0.771653533, 0
vb0[949]+012 COLOR: 0.31764707, 0.262745112, 0.898039222, 0.592156887
vb0[949]+016 TEXCOORD: 0.509277344, 0.00245857239
vb0[949]+020 TEXCOORD1: -0.162109375, 0.986816406
vb0[949]+000 TEXCOORD2: 0.0313725509, 0.752941191, 0.411764711, 0.290196091
vb0[949]+000 TEXCOORD3: 0.0313725509, 0.752941191, 0.411764711, 0.290196091

vb0[950]+000 POSITION: -0.131103516, 11.2734375, 1.67578125, 1
vb0[950]+008 NORMAL: -0.685039341, 0.330708653, 0.653543293, 0
vb0[950]+012 COLOR: 0.31764707, 0.262745112, 0.898039222, 0.345098048
vb0[950]+016 TEXCOORD: 0.509277344, 1
vb0[950]+020 TEXCOORD1: 2.97851563, 0.909179688
vb0[950]+000 TEXCOORD2: 0.196078435, 0.690196097, 0.639215708, 0.286274523
vb0[950]+000 TEXCOORD3: 0.196078435, 0.690196097, 0.639215708, 0.286274523

vb0[951]+000 POSITION: -0.446777344, 13.4765625, 2.8984375, 1
vb0[951]+008 NORMAL: -0.535433054, 0.472440958, 0.700787425, 0
vb0[951]+012 COLOR: 0.31764707, 0.262745112, 0.898039222, 0.607843161
vb0[951]+016 TEXCOORD: 1, 1
vb0[951]+020 TEXCOORD1: 2.97851563, 0.909179688
vb0[951]+000 TEXCOORD2: 0.149019614, 0.717647076, 0.741176486, 0.290196091
vb0[951]+000 TEXCOORD3: 0.149019614, 0.717647076, 0.741176486, 0.290196091

vb0[952]+000 POSITION: 1.87304688, 9.140625, 1.12304688, 1
vb0[952]+008 NORMAL: 0.724409461, 0.0866141766, 0.685039341, 0
vb0[952]+012 COLOR: 0.0666666701, 0.643137276, 0.698039234, 0.58431375
vb0[952]+016 TEXCOORD: 0.509277344, 1
vb0[952]+020 TEXCOORD1: 3.3671875, 0.819824219
vb0[952]+000 TEXCOORD2: 0.494117647, 0.247058824, 0.572549045, 0.282352954
vb0[952]+000 TEXCOORD3: 0.494117647, 0.247058824, 0.572549045, 0.282352954

vb0[953]+000 POSITION: 2.3671875, 7.69140625, 2.9375, 1
vb0[953]+008 NORMAL: 0.685039341, 0.125984251, 0.716535449, 0
vb0[953]+012 COLOR: 0.0666666701, 0.643137276, 0.698039234, 0.529411793
vb0[953]+016 TEXCOORD: 0.509277344, 0.00245857239
vb0[953]+020 TEXCOORD1: 3.3671875, 0.819824219
vb0[953]+000 TEXCOORD2: 0.737254918, 0.250980407, 0.694117665, 0.278431386
vb0[953]+000 TEXCOORD3: 0.737254918, 0.250980407, 0.694117665, 0.278431386

vb0[954]+000 POSITION: 3.19921875, 8.3046875, 4.62109375, 1
vb0[954]+008 NORMAL: 0.622047246, 0.125984251, 0.771653533, 0
vb0[954]+012 COLOR: 0.0666666701, 0.643137276, 0.698039234, 0.662745118
vb0[954]+016 TEXCOORD: 1, 0.00245857239
vb0[954]+020 TEXCOORD1: 3.3671875, 0.819824219
vb0[954]+000 TEXCOORD2: 0.400000006, 0.258823544, 0.152941182, 0.282352954
vb0[954]+000 TEXCOORD3: 0.400000006, 0.258823544, 0.152941182, 0.282352954

vb0[955]+000 POSITION: 3.05664063, 9.546875, 3.09765625, 1
vb0[955]+008 NORMAL: 0.685039341, 0.125984251, 0.716535449, 0
vb0[955]+012 COLOR: 0.0666666701, 0.643137276, 0.698039234, 0.501960814
vb0[955]+016 TEXCOORD: 1, 1
vb0[955]+020 TEXCOORD1: 3.3671875, 0.819824219
vb0[955]+000 TEXCOORD2: 0.113725491, 0.258823544, 0.776470602, 0.282352954
vb0[955]+000 TEXCOORD3: 0.113725491, 0.258823544, 0.776470602, 0.282352954

vb0[956]+000 POSITION: 1.13964844, 9.8046875, 0.744140625, 1
vb0[956]+008 NORMAL: 0.818897665, 0.149606302, 0.55905509, 0
vb0[956]+012 COLOR: 0.145098045, 0.337254912, 0.811764717, 0.529411793
vb0[956]+016 TEXCOORD: 0.509277344, 1
vb0[956]+020 TEXCOORD1: 3.22460938, 0.944824219
vb0[956]+000 TEXCOORD2: 0.56078434, 0.235294119, 0.905882359, 0.282352954
vb0[956]+000 TEXCOORD3: 0.56078434, 0.235294119, 0.905882359, 0.282352954

vb0[957]+000 POSITION: 2.8203125, 8.2890625, 1.79101563, 1
vb0[957]+008 NORMAL: 0.834645689, 0.149606302, 0.527559042, 0
vb0[957]+012 COLOR: 0.145098045, 0.337254912, 0.811764717, 0.470588237
vb0[957]+016 TEXCOORD: 0.509277344, 0.00245857239
vb0[957]+020 TEXCOORD1: 3.3671875, 0.819824219
vb0[957]+000 TEXCOORD2: 0.643137276, 0.254901975, 0.145098045, 0.282352954
vb0[957]+000 TEXCOORD3: 0.643137276, 0.254901975, 0.145098045, 0.282352954

vb0[958]+000 POSITION: 4.02734375, 8.8671875, 3.50976563, 1
vb0[958]+008 NORMAL: 0.795275569, 0.149606302, 0.582677186, 0
vb0[958]+012 COLOR: 0.145098045, 0.337254912, 0.811764717, 0.890196085
vb0[958]+016 TEXCOORD: 1, 0.00245857239
vb0[958]+020 TEXCOORD1: 3.3671875, 0.819824219
vb0[958]+000 TEXCOORD2: 0.0274509806, 0.266666681, 0.435294122, 0.282352954
vb0[958]+000 TEXCOORD3: 0.0274509806, 0.266666681, 0.435294122, 0.282352954

vb0[959]+000 POSITION: 2.64257813, 10.3046875, 2.640625, 1
vb0[959]+008 NORMAL: 0.834645689, 0.149606302, 0.527559042, 0
vb0[959]+012 COLOR: 0.145098045, 0.337254912, 0.811764717, 0.43921569
vb0[959]+016 TEXCOORD: 1, 1
vb0[959]+020 TEXCOORD1: 3.3671875, 0.819824219
vb0[959]+000 TEXCOORD2: 0.286274523, 0.254901975, 0.152941182, 0.286274523
vb0[959]+000 TEXCOORD3: 0.286274523, 0.254901975, 0.152941182, 0.286274523

vb0[960]+000 POSITION: 1.27148438, 9.5546875, 2.61328125, 1
vb0[960]+008 NORMAL: 0.763779521, 0.0944881886, 0.645669281, 0
vb0[960]+012 COLOR: 0.53725493, 0.372549027, 0.980392158, 0.470588237
vb0[960]+016 TEXCOORD: 0.509277344, 1
vb0[960]+020 TEXCOORD1: 3.21289063, 0.827636719
vb0[960]+000 TEXCOORD2: 0.0862745121, 0.239215687, 0.78039217, 0.282352954
vb0[960]+000 TEXCOORD3: 0.0862745121, 0.239215687, 0.78039217, 0.282352954

vb0[961]+000 POSITION: 2.30664063, 7.71484375, 2.25585938, 1
vb0[961]+008 NORMAL: 0.755905509, 0.11811024, 0.637795269, 0
vb0[961]+012 COLOR: 0.53725493, 0.372549027, 0.980392158, 0.345098048
vb0[961]+016 TEXCOORD: 0.509277344, 0.00245857239
vb0[961]+020 TEXCOORD1: 3.3671875, 0.819824219
vb0[961]+000 TEXCOORD2: 0.615686297, 0.250980407, 0.717647076, 0.278431386
vb0[961]+000 TEXCOORD3: 0.615686297, 0.250980407, 0.717647076, 0.278431386

vb0[962]+000 POSITION: 4.1953125, 7.578125, 1.86425781, 1
vb0[962]+008 NORMAL: 0.795275569, 0.102362208, 0.59842521, 0
vb0[962]+012 COLOR: 0.53725493, 0.372549027, 0.980392158, 0.75686276
vb0[962]+016 TEXCOORD: 1, 0.00245857239
vb0[962]+020 TEXCOORD1: 3.3671875, 0.819824219
vb0[962]+000 TEXCOORD2: 0.196078435, 0.266666681, 0.580392182, 0.278431386
vb0[962]+000 TEXCOORD3: 0.196078435, 0.266666681, 0.580392182, 0.278431386

vb0[963]+000 POSITION: 3.484375, 9.234375, 2.56835938, 1
vb0[963]+008 NORMAL: 0.755905509, 0.133858263, 0.637795269, 0
vb0[963]+012 COLOR: 0.53725493, 0.372549027, 0.980392158, 0.486274511
vb0[963]+016 TEXCOORD: 1, 1
vb0[963]+020 TEXCOORD1: 3.3671875, 0.819824219
vb0[963]+000 TEXCOORD2: 0.972549021, 0.258823544, 0.619607866, 0.282352954
vb0[963]+000 TEXCOORD3: 0.972549021, 0.258823544, 0.619607866, 0.282352954

vb0[964]+000 POSITION: 1.19433594, 8.3671875, 1.48046875, 1
vb0[964]+008 NORMAL: 0.708661437, 0.102362208, 0.692913413, 0
vb0[964]+012 COLOR: 0.219607845, 0.698039234, 0.862745106, 0.478431374
vb0[964]+016 TEXCOORD: 0.509277344, 1
vb0[964]+020 TEXCOORD1: 3.06640625, 0.860351563
vb0[964]+000 TEXCOORD2: 0.78039217, 0.235294119, 0.184313729, 0.282352954
vb0[964]+000 TEXCOORD3: 0.78039217, 0.235294119, 0.184313729, 0.282352954

vb0[965]+000 POSITION: 2.5390625, 7.0390625, 3.18359375, 1
vb0[965]+008 NORMAL: 0.755905509, 0.0866141766, 0.653543293, 0
vb0[965]+012 COLOR: 0.219607845, 0.698039234, 0.862745106, 0.360784322
vb0[965]+016 TEXCOORD: 0.509277344, 0.00245857239
vb0[965]+020 TEXCOORD1: 3.3671875, 0.819824219
vb0[965]+000 TEXCOORD2: 0.0784313753, 0.254901975, 0.0392156877, 0.278431386
vb0[965]+000 TEXCOORD3: 0.0784313753, 0.254901975, 0.0392156877, 0.278431386

vb0[966]+000 POSITION: 4.1484375, 7.89453125, 4.01953125, 1
vb0[966]+008 NORMAL: 0.755905509, 0.0944881886, 0.645669281, 0
vb0[966]+012 COLOR: 0.219607845, 0.698039234, 0.862745106, 0.796078444
vb0[966]+016 TEXCOORD: 1, 0.00245857239
vb0[966]+020 TEXCOORD1: 3.3671875, 0.819824219
vb0[966]+000 TEXCOORD2: 0.149019614, 0.266666681, 0.898039222, 0.278431386
vb0[966]+000 TEXCOORD3: 0.149019614, 0.266666681, 0.898039222, 0.278431386

vb0[967]+000 POSITION: 3.11328125, 8.890625, 2.62109375, 1
vb0[967]+008 NORMAL: 0.771653533, 0.11811024, 0.622047246, 0
vb0[967]+012 COLOR: 0.219607845, 0.698039234, 0.862745106, 0.125490203
vb0[967]+016 TEXCOORD: 1, 1
vb0[967]+020 TEXCOORD1: 3.3671875, 0.819824219
vb0[967]+000 TEXCOORD2: 0.227450982, 0.258823544, 0.447058827, 0.282352954
vb0[967]+000 TEXCOORD3: 0.227450982, 0.258823544, 0.447058827, 0.282352954

vb0[968]+000 POSITION: 1.30957031, 7.52734375, -1.02832031, 1
vb0[968]+008 NORMAL: 0.59842521, -0.125984251, -0.787401557, 0
vb0[968]+012 COLOR: 0.00392156886, 0.474509805, 0.572549045, 0.243137255
vb0[968]+016 TEXCOORD: 0.509277344, 1
vb0[968]+020 TEXCOORD1: 0.466064453, 0.852539063
vb0[968]+000 TEXCOORD2: 0.239215687, 0.239215687, 0.529411793, 0.278431386
vb0[968]+000 TEXCOORD3: 0.239215687, 0.239215687, 0.529411793, 0.278431386

vb0[969]+000 POSITION: 1.49707031, 4.82421875, -1.38671875, 1
vb0[969]+008 NORMAL: 0.913385808, -0.133858263, -0.385826766, 0
vb0[969]+012 COLOR: 0.00392156886, 0.474509805, 0.572549045, 0.329411775
vb0[969]+016 TEXCOORD: 0.509277344, 0.00245857239
vb0[969]+020 TEXCOORD1: 0.0800170898, 0.996582031
vb0[969]+000 TEXCOORD2: 0.992156863, 0.239215687, 0.827450991, 0.266666681
vb0[969]+000 TEXCOORD3: 0.992156863, 0.239215687, 0.827450991, 0.266666681

vb0[970]+000 POSITION: 1.70410156, 3.71679688, 0.309082031, 1
vb0[970]+008 NORMAL: 0.748031497, -0.11811024, -0.653543293, 0
vb0[970]+012 COLOR: 0.00392156886, 0.474509805, 0.572549045, 0.615686297
vb0[970]+016 TEXCOORD: 1, 0.00245857239
vb0[970]+020 TEXCOORD1: 3.02148438, 0.9921875
vb0[970]+000 TEXCOORD2: 0.819607854, 0.243137255, 0.435294122, 0.262745112
vb0[970]+000 TEXCOORD3: 0.819607854, 0.243137255, 0.435294122, 0.262745112

vb0[971]+000 POSITION: 1.71289063, 5.75, 0.430175781, 1
vb0[971]+008 NORMAL: 0.952755928, -0.14173229, -0.251968503, 0
vb0[971]+012 COLOR: 0.00392156886, 0.474509805, 0.572549045, 0.360784322
vb0[971]+016 TEXCOORD: 1, 1
vb0[971]+020 TEXCOORD1: 0.0800170898, 0.996582031
vb0[971]+000 TEXCOORD2: 0.854901969, 0.243137255, 0.752941191, 0.270588249
vb0[971]+000 TEXCOORD3: 0.854901969, 0.243137255, 0.752941191, 0.270588249

vb0[972]+000 POSITION: 2.92382813, 3.78320313, -0.040802002, 1
vb0[972]+008 NORMAL: 0.88188976, -0.181102365, -0.44094488, 0
vb0[972]+012 COLOR: 0.0431372561, 0.298039228, 0.505882382, 0.921568632
vb0[972]+016 TEXCOORD: 1, 0.00245857239
vb0[972]+020 TEXCOORD1: 3.01171875, 0.744628906
vb0[972]+000 TEXCOORD2: 0.850980401, 0.254901975, 0.568627477, 0.262745112
vb0[972]+000 TEXCOORD3: 0.850980401, 0.254901975, 0.568627477, 0.262745112

vb0[973]+000 POSITION: 2.05273438, 5.6953125, -0.101013184, 1
vb0[973]+008 NORMAL: 0.897637784, -0.181102365, -0.409448832, 0
vb0[973]+012 COLOR: 0.0431372561, 0.298039228, 0.505882382, 0.686274529
vb0[973]+016 TEXCOORD: 0.509277344, 0.00245857239
vb0[973]+020 TEXCOORD1: 0.0800170898, 0.996582031
vb0[973]+000 TEXCOORD2: 0.105882354, 0.250980407, 0.698039234, 0.270588249
vb0[973]+000 TEXCOORD3: 0.105882354, 0.250980407, 0.698039234, 0.270588249

vb0[974]+000 POSITION: 1.3515625, 7.2734375, -1.61914063, 1
vb0[974]+008 NORMAL: 0.669291317, -0.0787401572, -0.732283473, 0
vb0[974]+012 COLOR: 0.0431372561, 0.298039228, 0.505882382, 0.431372553
vb0[974]+016 TEXCOORD: 0.509277344, 1
vb0[974]+020 TEXCOORD1: 0.592773438, 0.805664063
vb0[974]+000 TEXCOORD2: 0.407843143, 0.239215687, 0.274509817, 0.278431386
vb0[974]+000 TEXCOORD3: 0.407843143, 0.239215687, 0.274509817, 0.278431386

vb0[975]+000 POSITION: 2.48828125, 4.66796875, -1.89648438, 1
vb0[975]+008 NORMAL: 0.763779521, -0.196850389, -0.614173234, 0
vb0[975]+012 COLOR: 0.0431372561, 0.298039228, 0.505882382, 0.843137264
vb0[975]+016 TEXCOORD: 1, 1
vb0[975]+020 TEXCOORD1: 0.0800170898, 0.996582031
vb0[975]+000 TEXCOORD2: 0.980392158, 0.250980407, 0.670588255, 0.266666681
vb0[975]+000 TEXCOORD3: 0.980392158, 0.250980407, 0.670588255, 0.266666681

vb0[976]+000 POSITION: -1.7265625, 3.99023438, -2.20117188, 1
vb0[976]+008 NORMAL: -0.535433054, -0.133858263, -0.834645689, 0
vb0[976]+012 COLOR: 0.466666669, 0.282352954, 0.949019611, 0.874509811
vb0[976]+016 TEXCOORD: 1, 0.00245857239
vb0[976]+020 TEXCOORD1: 0.0800170898, 0.996582031
vb0[976]+000 TEXCOORD2: 0.909803927, 0.745098054, 0.984313726, 0.262745112
vb0[976]+000 TEXCOORD3: 0.909803927, 0.745098054, 0.984313726, 0.262745112

vb0[977]+000 POSITION: 0.0276184082, 4.62890625, -1.734375, 1
vb0[977]+008 NORMAL: -0.433070868, -0.11811024, -0.897637784, 0
vb0[977]+012 COLOR: 0.466666669, 0.282352954, 0.949019611, 0.921568632
vb0[977]+016 TEXCOORD: 0.509277344, 0.00245857239
vb0[977]+020 TEXCOORD1: 0.0800170898, 0.996582031
vb0[977]+000 TEXCOORD2: 0.0705882385, 0.152941182, 0.631372571, 0.266666681
vb0[977]+000 TEXCOORD3: 0.0705882385, 0.152941182, 0.631372571, 0.266666681

vb0[978]+000 POSITION: 0.339355469, 7.05078125, -0.555175781, 1
vb0[978]+008 NORMAL: -0.283464581, -0.0866141766, -0.952755928, 0
vb0[978]+012 COLOR: 0.466666669, 0.282352954, 0.949019611, 0.552941203
vb0[978]+016 TEXCOORD: 0.509277344, 1
vb0[978]+020 TEXCOORD1: 3.24804688, 0.91796875
vb0[978]+000 TEXCOORD2: 0.431372553, 0.20784314, 0.0509803928, 0.278431386
vb0[978]+000 TEXCOORD3: 0.431372553, 0.20784314, 0.0509803928, 0.278431386

vb0[979]+000 POSITION: -1.53710938, 5.6953125, -1.32910156, 1
vb0[979]+008 NORMAL: -0.732283473, -0.11023622, -0.669291317, 0
vb0[979]+012 COLOR: 0.466666669, 0.282352954, 0.949019611, 0.843137264
vb0[979]+016 TEXCOORD: 1, 1
vb0[979]+020 TEXCOORD1: -0.564453125, 0.825683594
vb0[979]+000 TEXCOORD2: 0.149019614, 0.745098054, 0.698039234, 0.270588249
vb0[979]+000 TEXCOORD3: 0.149019614, 0.745098054, 0.698039234, 0.270588249

vb0[980]+000 POSITION: -1.58886719, 5.6484375, 2.47070313, 1
vb0[980]+008 NORMAL: -0.346456707, -0.173228353, 0.92125982, 0
vb0[980]+012 COLOR: 0.862745106, 0.627451003, 0.819607854, 0.0235294122
vb0[980]+016 TEXCOORD: 0.509277344, 1
vb0[980]+020 TEXCOORD1: 2.20117188, 0.397705078
vb0[980]+000 TEXCOORD2: 0.356862754, 0.745098054, 0.650980413, 0.270588249
vb0[980]+000 TEXCOORD3: 0.356862754, 0.745098054, 0.650980413, 0.270588249

vb0[981]+000 POSITION: -0.400146484, 3.39453125, 1.83105469, 1
vb0[981]+008 NORMAL: -0.527559042, -0.22047244, 0.818897665, 0
vb0[981]+012 COLOR: 0.862745106, 0.627451003, 0.819607854, 0.796078444
vb0[981]+016 TEXCOORD: 0.509277344, 0.00245857239
vb0[981]+020 TEXCOORD1: 2.20117188, 0.397705078
vb0[981]+000 TEXCOORD2: 0.403921574, 0.713725507, 0.792156875, 0.258823544
vb0[981]+000 TEXCOORD3: 0.403921574, 0.713725507, 0.792156875, 0.258823544

vb0[982]+000 POSITION: 0.910644531, 4.10546875, 0.272705078, 1
vb0[982]+008 NORMAL: -0.40157479, -0.236220479, 0.88188976, 0
vb0[982]+012 COLOR: 0.862745106, 0.627451003, 0.819607854, 0.58431375
vb0[982]+016 TEXCOORD: 1, 0.00245857239
vb0[982]+020 TEXCOORD1: 3.02148438, 0.9921875
vb0[982]+000 TEXCOORD2: 0.286274523, 0.23137255, 0.105882354, 0.266666681
vb0[982]+000 TEXCOORD3: 0.286274523, 0.23137255, 0.105882354, 0.266666681

vb0[983]+000 POSITION: -0.524902344, 5.453125, 1.15429688, 1
vb0[983]+008 NORMAL: -0.834645689, -0.133858263, 0.535433054, 0
vb0[983]+012 COLOR: 0.862745106, 0.627451003, 0.819607854, 0.56078434
vb0[983]+016 TEXCOORD: 1, 1
vb0[983]+020 TEXCOORD1: -0.564453125, 0.825683594
vb0[983]+000 TEXCOORD2: 0.200000003, 0.721568644, 0.454901963, 0.270588249
vb0[983]+000 TEXCOORD3: 0.200000003, 0.721568644, 0.454901963, 0.270588249

vb0[984]+000 POSITION: 0.162475586, 3.49804688, 1.75488281, 1
vb0[984]+008 NORMAL: 0.732283473, -0.102362208, 0.669291317, 0
vb0[984]+012 COLOR: 0.839215696, 0.196078435, 0.298039228, 0.75686276
vb0[984]+016 TEXCOORD: 1, 0.00245857239
vb0[984]+020 TEXCOORD1: 2.20117188, 0.397705078
vb0[984]+000 TEXCOORD2: 0.200000003, 0.192156866, 1, 0.258823544
vb0[984]+000 TEXCOORD3: 0.200000003, 0.192156866, 1, 0.258823544

vb0[985]+000 POSITION: 1.24023438, 4.97265625, 0.565917969, 1
vb0[985]+008 NORMAL: 0.984251976, -0.0866141766, 0.173228353, 0
vb0[985]+012 COLOR: 0.839215696, 0.196078435, 0.298039228, 0.407843143
vb0[985]+016 TEXCOORD: 0.509277344, 0.00245857239
vb0[985]+020 TEXCOORD1: 3.02148438, 0.9921875
vb0[985]+000 TEXCOORD2: 0.964705884, 0.235294119, 0.97647059, 0.266666681
vb0[985]+000 TEXCOORD3: 0.964705884, 0.235294119, 0.97647059, 0.266666681

vb0[986]+000 POSITION: 2.7265625, 6.703125, 1.22949219, 1
vb0[986]+008 NORMAL: 0.952755928, -0.0472440943, 0.291338593, 0
vb0[986]+012 COLOR: 0.839215696, 0.196078435, 0.298039228, 0.203921571
vb0[986]+016 TEXCOORD: 0.509277344, 1
vb0[986]+020 TEXCOORD1: 3.27734375, 0.80078125
vb0[986]+000 TEXCOORD2: 0.454901963, 0.254901975, 0.70588237, 0.274509817
vb0[986]+000 TEXCOORD3: 0.454901963, 0.254901975, 0.70588237, 0.274509817

vb0[987]+000 POSITION: 1.95605469, 4.43359375, 2.56835938, 1
vb0[987]+008 NORMAL: 0.976377964, -0.0708661452, 0.212598428, 0
vb0[987]+012 COLOR: 0.839215696, 0.196078435, 0.298039228, 0.749019623
vb0[987]+016 TEXCOORD: 1, 1
vb0[987]+020 TEXCOORD1: 3.01171875, 0.744628906
vb0[987]+000 TEXCOORD2: 0.827450991, 0.247058824, 0.435294122, 0.266666681
vb0[987]+000 TEXCOORD3: 0.827450991, 0.247058824, 0.435294122, 0.266666681

vb0[988]+000 POSITION: 1.61035156, 4.109375, -2.17773438, 1
vb0[988]+008 NORMAL: 0.606299222, -0.0866141766, -0.787401557, 0
vb0[988]+012 COLOR: 0.0117647061, 0.509803951, 0.615686297, 0.835294127
vb0[988]+016 TEXCOORD: 1, 0.00245857239
vb0[988]+020 TEXCOORD1: 0.0800170898, 0.996582031
vb0[988]+000 TEXCOORD2: 0.443137258, 0.243137255, 0.109803922, 0.266666681
vb0[988]+000 TEXCOORD3: 0.443137258, 0.243137255, 0.109803922, 0.266666681

vb0[989]+000 POSITION: 2.11523438, 5.53515625, -0.940429688, 1
vb0[989]+008 NORMAL: 0.692913413, -0.0866141766, -0.716535449, 0
vb0[989]+012 COLOR: 0.0117647061, 0.509803951, 0.615686297, 0.686274529
vb0[989]+016 TEXCOORD: 0.509277344, 0.00245857239
vb0[989]+020 TEXCOORD1: 0.0800170898, 0.996582031
vb0[989]+000 TEXCOORD2: 0.23137255, 0.250980407, 0.53725493, 0.270588249
vb0[989]+000 TEXCOORD3: 0.23137255, 0.250980407, 0.53725493, 0.270588249

vb0[990]+000 POSITION: 1.9140625, 7.96484375, -1.18066406, 1
vb0[990]+008 NORMAL: 0.716535449, -0.0314960629, -0.700787425, 0
vb0[990]+012 COLOR: 0.0117647061, 0.509803951, 0.615686297, 0.56078434
vb0[990]+016 TEXCOORD: 0.509277344, 1
vb0[990]+020 TEXCOORD1: 0.592773438, 0.805664063
vb0[990]+000 TEXCOORD2: 0.65882355, 0.247058824, 0.968627453, 0.278431386
vb0[990]+000 TEXCOORD3: 0.65882355, 0.247058824, 0.968627453, 0.278431386

vb0[991]+000 POSITION: 1.68261719, 5.95703125, -2.81054688, 1
vb0[991]+008 NORMAL: 0.622047246, -0.0866141766, -0.779527545, 0
vb0[991]+012 COLOR: 0.0117647061, 0.509803951, 0.615686297, 0.486274511
vb0[991]+016 TEXCOORD: 1, 1
vb0[991]+020 TEXCOORD1: 0.0800170898, 0.996582031
vb0[991]+000 TEXCOORD2: 0.733333349, 0.243137255, 0.960784316, 0.270588249
vb0[991]+000 TEXCOORD3: 0.733333349, 0.243137255, 0.960784316, 0.270588249

vb0[992]+000 POSITION: 0.833496094, 8.2421875, -0.31640625, 1
vb0[992]+008 NORMAL: 0.196850389, -0.0314960629, -0.976377964, 0
vb0[992]+012 COLOR: 1, 0.517647088, 0.470588237, 0.501960814
vb0[992]+016 TEXCOORD: 0.509277344, 1
vb0[992]+020 TEXCOORD1: 0.379150391, 0.907226563
vb0[992]+000 TEXCOORD2: 0.670588255, 0.227450982, 0.121568628, 0.282352954
vb0[992]+000 TEXCOORD3: 0.670588255, 0.227450982, 0.121568628, 0.282352954

vb0[993]+000 POSITION: 0.955078125, 5.453125, -0.629882813, 1
vb0[993]+008 NORMAL: 0.204724416, -0.0472440943, -0.976377964, 0
vb0[993]+012 COLOR: 1, 0.517647088, 0.470588237, 0.407843143
vb0[993]+016 TEXCOORD: 0.509277344, 0.00245857239
vb0[993]+020 TEXCOORD1: 0.0800170898, 0.996582031
vb0[993]+000 TEXCOORD2: 0.643137276, 0.23137255, 0.454901963, 0.270588249
vb0[993]+000 TEXCOORD3: 0.643137276, 0.23137255, 0.454901963, 0.270588249

vb0[994]+000 POSITION: 0.839355469, 4.3515625, -2.59570313, 1
vb0[994]+008 NORMAL: 0.165354326, -0.0629921257, -0.984251976, 0
vb0[994]+012 COLOR: 1, 0.517647088, 0.470588237, 0.749019623
vb0[994]+016 TEXCOORD: 1, 0.00245857239
vb0[994]+020 TEXCOORD1: 0.0800170898, 0.996582031
vb0[994]+000 TEXCOORD2: 0.717647076, 0.227450982, 0.352941185, 0.266666681
vb0[994]+000 TEXCOORD3: 0.717647076, 0.227450982, 0.352941185, 0.266666681

vb0[995]+000 POSITION: 0.801269531, 6.609375, -2.578125, 1
vb0[995]+008 NORMAL: 0.204724416, -0.0472440943, -0.976377964, 0
vb0[995]+012 COLOR: 1, 0.517647088, 0.470588237, 0.0313725509
vb0[995]+016 TEXCOORD: 1, 1
vb0[995]+020 TEXCOORD1: 0.0800170898, 0.996582031
vb0[995]+000 TEXCOORD2: 0.411764711, 0.227450982, 0.611764729, 0.274509817
vb0[995]+000 TEXCOORD3: 0.411764711, 0.227450982, 0.611764729, 0.274509817

vb0[996]+000 POSITION: 2.12890625, 7.58984375, -1.09667969, 1
vb0[996]+008 NORMAL: 0.740157485, 0.0236220472, -0.677165329, 0
vb0[996]+012 COLOR: 0.941176474, 0.423529416, 0.278431386, 0.258823544
vb0[996]+016 TEXCOORD: 0.509277344, 1
vb0[996]+020 TEXCOORD1: 0.413330078, 0.872558594
vb0[996]+000 TEXCOORD2: 0.258823544, 0.250980407, 0.592156887, 0.278431386
vb0[996]+000 TEXCOORD3: 0.258823544, 0.250980407, 0.592156887, 0.278431386

vb0[997]+000 POSITION: 1.66699219, 5.1328125, -1.73046875, 1
vb0[997]+008 NORMAL: 0.889763772, -0.0708661452, -0.44094488, 0
vb0[997]+012 COLOR: 0.941176474, 0.423529416, 0.278431386, 0.0784313753
vb0[997]+016 TEXCOORD: 0.509277344, 0.00245857239
vb0[997]+020 TEXCOORD1: 0.0800170898, 0.996582031
vb0[997]+000 TEXCOORD2: 0.670588255, 0.243137255, 0.13333334, 0.270588249
vb0[997]+000 TEXCOORD3: 0.670588255, 0.243137255, 0.13333334, 0.270588249

vb0[998]+000 POSITION: 0.520507813, 4.6796875, -3.2890625, 1
vb0[998]+008 NORMAL: 0.55905509, -0.0787401572, -0.826771677, 0
vb0[998]+012 COLOR: 0.941176474, 0.423529416, 0.278431386, 0.607843161
vb0[998]+016 TEXCOORD: 1, 0.00245857239
vb0[998]+020 TEXCOORD1: 0.0800170898, 0.996582031
vb0[998]+000 TEXCOORD2: 0.164705887, 0.219607845, 0.68235296, 0.266666681
vb0[998]+000 TEXCOORD3: 0.164705887, 0.219607845, 0.68235296, 0.266666681

vb0[999]+000 POSITION: 1.2265625, 6.53125, -3.09570313, 1
vb0[999]+008 NORMAL: 0.866141737, -0.0629921257, -0.496062994, 0
vb0[999]+012 COLOR: 0.941176474, 0.423529416, 0.278431386, 0.250980407
vb0[999]+016 TEXCOORD: 1, 1
vb0[999]+020 TEXCOORD1: 0.0800170898, 0.996582031
vb0[999]+000 TEXCOORD2: 0.909803927, 0.235294119, 0.533333361, 0.274509817
vb0[999]+000 TEXCOORD3: 0.909803927, 0.235294119, 0.533333361, 0.274509817

vb0[1000]+000 POSITION: 0.895507813, 7.671875, -1.77148438, 1
vb0[1000]+008 NORMAL: 0, -0.0708661452, -1, 0
vb0[1000]+012 COLOR: 0.835294127, 0.309803933, 0.184313729, 0.431372553
vb0[1000]+016 TEXCOORD: 0.509277344, 1
vb0[1000]+020 TEXCOORD1: 0.474853516, 0.849609375
vb0[1000]+000 TEXCOORD2: 0.164705887, 0.23137255, 0.674509823, 0.278431386
vb0[1000]+000 TEXCOORD3: 0.164705887, 0.23137255, 0.674509823, 0.278431386

vb0[1001]+000 POSITION: 0.353027344, 5.26171875, -1.29492188, 1
vb0[1001]+008 NORMAL: -0.267716527, -0.0708661452, -0.96062994, 0
vb0[1001]+012 COLOR: 0.835294127, 0.309803933, 0.184313729, 0.623529434
vb0[1001]+016 TEXCOORD: 0.509277344, 0.00245857239
vb0[1001]+020 TEXCOORD1: 0.0800170898, 0.996582031
vb0[1001]+000 TEXCOORD2: 0.650980413, 0.20784314, 0.262745112, 0.270588249
vb0[1001]+000 TEXCOORD3: 0.650980413, 0.20784314, 0.262745112, 0.270588249

vb0[1002]+000 POSITION: -1.29296875, 4.17578125, -1.98242188, 1
vb0[1002]+008 NORMAL: -0.385826766, -0.0866141766, -0.92125982, 0
vb0[1002]+012 COLOR: 0.835294127, 0.309803933, 0.184313729, 0.545098066
vb0[1002]+016 TEXCOORD: 1, 0.00245857239
vb0[1002]+020 TEXCOORD1: 0.0800170898, 0.996582031
vb0[1002]+000 TEXCOORD2: 0.172549024, 0.741176486, 0.176470593, 0.266666681
vb0[1002]+000 TEXCOORD3: 0.172549024, 0.741176486, 0.176470593, 0.266666681

vb0[1003]+000 POSITION: -0.7734375, 5.96875, -2.921875, 1
vb0[1003]+008 NORMAL: -0.267716527, -0.0708661452, -0.96062994, 0
vb0[1003]+012 COLOR: 0.835294127, 0.309803933, 0.184313729, 0.360784322
vb0[1003]+016 TEXCOORD: 1, 1
vb0[1003]+020 TEXCOORD1: 0.0800170898, 0.996582031
vb0[1003]+000 TEXCOORD2: 0.188235298, 0.729411781, 0.972549021, 0.270588249
vb0[1003]+000 TEXCOORD3: 0.188235298, 0.729411781, 0.972549021, 0.270588249

vb0[1004]+000 POSITION: 0.518066406, 8.6015625, 2.578125, 1
vb0[1004]+008 NORMAL: 0.299212605, -0.0472440943, 0.952755928, 0
vb0[1004]+012 COLOR: 0.498039216, 0.611764729, 0.988235295, 0.321568638
vb0[1004]+016 TEXCOORD: 0.509277344, 1
vb0[1004]+020 TEXCOORD1: 2.98632813, 0.864257813
vb0[1004]+000 TEXCOORD2: 0.145098045, 0.219607845, 0.301960796, 0.282352954
vb0[1004]+000 TEXCOORD3: 0.145098045, 0.219607845, 0.301960796, 0.282352954

vb0[1005]+000 POSITION: 0.05078125, 5.9765625, 3.3359375, 1
vb0[1005]+008 NORMAL: 0.299212605, -0.0393700786, 0.952755928, 0
vb0[1005]+012 COLOR: 0.498039216, 0.611764729, 0.988235295, 0.313725501
vb0[1005]+016 TEXCOORD: 0.509277344, 0.00245857239
vb0[1005]+020 TEXCOORD1: 3.01171875, 0.744628906
vb0[1005]+000 TEXCOORD2: 0.501960814, 0.164705887, 0.980392158, 0.270588249
vb0[1005]+000 TEXCOORD3: 0.501960814, 0.164705887, 0.980392158, 0.270588249

vb0[1006]+000 POSITION: 1.66601563, 4.44140625, 3.5390625, 1
vb0[1006]+008 NORMAL: 0.299212605, -0.0629921257, 0.952755928, 0
vb0[1006]+012 COLOR: 0.498039216, 0.611764729, 0.988235295, 0.545098066
vb0[1006]+016 TEXCOORD: 1, 0.00245857239
vb0[1006]+020 TEXCOORD1: 3.01171875, 0.744628906
vb0[1006]+000 TEXCOORD2: 0.666666687, 0.243137255, 0.443137258, 0.266666681
vb0[1006]+000 TEXCOORD3: 0.666666687, 0.243137255, 0.443137258, 0.266666681

vb0[1007]+000 POSITION: 2.21679688, 6.5859375, 3.21289063, 1
vb0[1007]+008 NORMAL: 0.299212605, -0.0393700786, 0.952755928, 0
vb0[1007]+012 COLOR: 0.498039216, 0.611764729, 0.988235295, 0.250980407
vb0[1007]+016 TEXCOORD: 1, 1
vb0[1007]+020 TEXCOORD1: 3.01171875, 0.744628906
vb0[1007]+000 TEXCOORD2: 0.435294122, 0.250980407, 0.588235319, 0.274509817
vb0[1007]+000 TEXCOORD3: 0.435294122, 0.250980407, 0.588235319, 0.274509817

vb0[1008]+000 POSITION: 1.61230469, 14.1171875, -0.97265625, 1
vb0[1008]+008 NORMAL: 0.0866141766, 0.724409461, -0.685039341, 0
vb0[1008]+012 COLOR: 0.474509805, 0.301960796, 0.0431372561, 0.266666681
vb0[1008]+016 TEXCOORD: 1, 0.00245857239
vb0[1008]+020 TEXCOORD1: 0.250732422, 0.968261719
vb0[1008]+000 TEXCOORD2: 0.450980395, 0.243137255, 0.0588235296, 0.294117659
vb0[1008]+000 TEXCOORD3: 0.450980395, 0.243137255, 0.0588235296, 0.294117659

vb0[1009]+000 POSITION: 3.05664063, 10.140625, 0.700683594, 1
vb0[1009]+008 NORMAL: -0.40157479, 0.417322844, -0.811023593, 0
vb0[1009]+012 COLOR: 0.474509805, 0.301960796, 0.0431372561, 0.313725501
vb0[1009]+016 TEXCOORD: 0.509277344, 0.00245857239
vb0[1009]+020 TEXCOORD1: 3.38671875, 0.865234375
vb0[1009]+000 TEXCOORD2: 0.113725491, 0.258823544, 0.0705882385, 0.286274523
vb0[1009]+000 TEXCOORD3: 0.113725491, 0.258823544, 0.0705882385, 0.286274523

vb0[1010]+000 POSITION: 0.00847625732, 7.234375, 2.10546875, 1
vb0[1010]+008 NORMAL: 0.543307066, 0.653543293, -0.527559042, 0
vb0[1010]+012 COLOR: 0.474509805, 0.301960796, 0.0431372561, 0.298039228
vb0[1010]+016 TEXCOORD: 0.509277344, 1
vb0[1010]+020 TEXCOORD1: 3.00976563, 0.745117188
vb0[1010]+000 TEXCOORD2: 0.34117648, 0.125490203, 0.235294119, 0.278431386
vb0[1010]+000 TEXCOORD3: 0.34117648, 0.125490203, 0.235294119, 0.278431386

vb0[1011]+000 POSITION: -1.421875, 11.078125, 0.548828125, 1
vb0[1011]+008 NORMAL: -0.645669281, 0.566929162, -0.511811018, 0
vb0[1011]+012 COLOR: 0.474509805, 0.301960796, 0.0431372561, 0.235294119
vb0[1011]+016 TEXCOORD: 1, 1
vb0[1011]+020 TEXCOORD1: 2.59375, 0.850097656
vb0[1011]+000 TEXCOORD2: 0.690196097, 0.741176486, 0.541176498, 0.286274523
vb0[1011]+000 TEXCOORD3: 0.690196097, 0.741176486, 0.541176498, 0.286274523

vb0[1012]+000 POSITION: 2.26757813, 10.546875, 0.291503906, 1
vb0[1012]+008 NORMAL: 0.968503952, 0.22047244, 0.125984251, 0
vb0[1012]+012 COLOR: 0.117647059, 0.768627465, 0.325490206, 0.56078434
vb0[1012]+016 TEXCOORD: 0.509277344, 1
vb0[1012]+020 TEXCOORD1: 0.293945313, 0.947753906
vb0[1012]+000 TEXCOORD2: 0.53725493, 0.250980407, 0.274509817, 0.286274523
vb0[1012]+000 TEXCOORD3: 0.53725493, 0.250980407, 0.274509817, 0.286274523

vb0[1013]+000 POSITION: 1.7734375, 10.7734375, 2.00390625, 1
vb0[1013]+008 NORMAL: 0.787401557, 0.259842515, 0.551181078, 0
vb0[1013]+012 COLOR: 0.117647059, 0.768627465, 0.325490206, 0.607843161
vb0[1013]+016 TEXCOORD: 0.509277344, 0.00245857239
vb0[1013]+020 TEXCOORD1: 3.3671875, 0.819824219
vb0[1013]+000 TEXCOORD2: 0.0941176489, 0.247058824, 0.388235301, 0.286274523
vb0[1013]+000 TEXCOORD3: 0.0941176489, 0.247058824, 0.388235301, 0.286274523

vb0[1014]+000 POSITION: 2.0859375, 12.1484375, 3.15820313, 1
vb0[1014]+008 NORMAL: 0.622047246, 0.291338593, 0.724409461, 0
vb0[1014]+012 COLOR: 0.117647059, 0.768627465, 0.325490206, 0.631372571
vb0[1014]+016 TEXCOORD: 1, 0.00245857239
vb0[1014]+020 TEXCOORD1: 2.97851563, 0.909179688
vb0[1014]+000 TEXCOORD2: 0.172549024, 0.250980407, 0.0745098069, 0.290196091
vb0[1014]+000 TEXCOORD3: 0.172549024, 0.250980407, 0.0745098069, 0.290196091

vb0[1015]+000 POSITION: 2.92773438, 12.1171875, 1.54199219, 1
vb0[1015]+008 NORMAL: 0.787401557, 0.275590539, 0.551181078, 0
vb0[1015]+012 COLOR: 0.117647059, 0.768627465, 0.325490206, 0.749019623
vb0[1015]+016 TEXCOORD: 1, 1
vb0[1015]+020 TEXCOORD1: 0.250732422, 0.968261719
vb0[1015]+000 TEXCOORD2: 0.858823538, 0.254901975, 0.0588235296, 0.290196091
vb0[1015]+000 TEXCOORD3: 0.858823538, 0.254901975, 0.0588235296, 0.290196091

vb0[1016]+000 POSITION: -1.14160156, 14.2421875, 0.745117188, 1
vb0[1016]+008 NORMAL: -0.228346452, 0.826771677, 0.511811018, 0
vb0[1016]+012 COLOR: 0.13333334, 0.349019617, 0.800000012, 0.41568628
vb0[1016]+016 TEXCOORD: 0.509277344, 1
vb0[1016]+020 TEXCOORD1: -0.162109375, 0.986816406
vb0[1016]+000 TEXCOORD2: 0.568627477, 0.737254918, 0.121568628, 0.294117659
vb0[1016]+000 TEXCOORD3: 0.568627477, 0.737254918, 0.121568628, 0.294117659

vb0[1017]+000 POSITION: -0.19152832, 13.671875, 1.60546875, 1
vb0[1017]+008 NORMAL: 0.173228353, 0.732283473, 0.661417305, 0
vb0[1017]+012 COLOR: 0.13333334, 0.349019617, 0.800000012, 0.486274511
vb0[1017]+016 TEXCOORD: 0.509277344, 0.00245857239
vb0[1017]+020 TEXCOORD1: -0.162109375, 0.986816406
vb0[1017]+000 TEXCOORD2: 0.129411772, 0.698039234, 0.839215696, 0.290196091
vb0[1017]+000 TEXCOORD3: 0.129411772, 0.698039234, 0.839215696, 0.290196091

vb0[1018]+000 POSITION: 0.903808594, 14.03125, 3.14257813, 1
vb0[1018]+008 NORMAL: 0.291338593, 0.637795269, 0.716535449, 0
vb0[1018]+012 COLOR: 0.13333334, 0.349019617, 0.800000012, 0.4627451
vb0[1018]+016 TEXCOORD: 1, 0.00245857239
vb0[1018]+020 TEXCOORD1: 2.97851563, 0.909179688
vb0[1018]+000 TEXCOORD2: 0.23137255, 0.23137255, 0.0156862754, 0.294117659
vb0[1018]+000 TEXCOORD3: 0.23137255, 0.23137255, 0.0156862754, 0.294117659

vb0[1019]+000 POSITION: -0.232543945, 15.4140625, 2.43945313, 1
vb0[1019]+008 NORMAL: 0.0787401572, 0.740157485, 0.661417305, 0
vb0[1019]+012 COLOR: 0.13333334, 0.349019617, 0.800000012, 0.501960814
vb0[1019]+016 TEXCOORD: 1, 1
vb0[1019]+020 TEXCOORD1: -0.162109375, 0.986816406
vb0[1019]+000 TEXCOORD2: 0.443137258, 0.701960802, 0.709803939, 0.294117659
vb0[1019]+000 TEXCOORD3: 0.443137258, 0.701960802, 0.709803939, 0.294117659

vb0[1020]+000 POSITION: 0.509765625, 13.4375, 0.495849609, 1
vb0[1020]+008 NORMAL: -0.653543293, 0.59842521, 0.456692904, 0
vb0[1020]+012 COLOR: 0.270588249, 0.474509805, 0.0549019612, 0.529411793
vb0[1020]+016 TEXCOORD: 0.509277344, 1
vb0[1020]+020 TEXCOORD1: 0.0248718262, 0.978515625
vb0[1020]+000 TEXCOORD2: 0.0784313753, 0.219607845, 0.721568644, 0.290196091
vb0[1020]+000 TEXCOORD3: 0.0784313753, 0.219607845, 0.721568644, 0.290196091

vb0[1021]+000 POSITION: -1.18457031, 13.03125, 1.41699219, 1
vb0[1021]+008 NORMAL: -0.716535449, 0.59842521, 0.354330719, 0
vb0[1021]+012 COLOR: 0.270588249, 0.474509805, 0.0549019612, 0.486274511
vb0[1021]+016 TEXCOORD: 0.509277344, 0.00245857239
vb0[1021]+020 TEXCOORD1: -0.162109375, 0.986816406
vb0[1021]+000 TEXCOORD2: 0.741176486, 0.737254918, 0.517647088, 0.290196091
vb0[1021]+000 TEXCOORD3: 0.741176486, 0.737254918, 0.517647088, 0.290196091

vb0[1022]+000 POSITION: -2.83984375, 14.0078125, 2.20117188, 1
vb0[1022]+008 NORMAL: -0.716535449, 0.622047246, 0.314960629, 0
vb0[1022]+012 COLOR: 0.270588249, 0.474509805, 0.0549019612, 0.905882359
vb0[1022]+016 TEXCOORD: 1, 0.00245857239
vb0[1022]+020 TEXCOORD1: -0.162109375, 0.986816406
vb0[1022]+000 TEXCOORD2: 0.68235296, 0.75686276, 0.00392156886, 0.294117659
vb0[1022]+000 TEXCOORD3: 0.68235296, 0.75686276, 0.00392156886, 0.294117659

vb0[1023]+000 POSITION: -1.30371094, 15.1171875, 1.35351563, 1
vb0[1023]+008 NORMAL: -0.677165329, 0.606299222, 0.417322844, 0
vb0[1023]+012 COLOR: 0.270588249, 0.474509805, 0.0549019612, 0.423529416
vb0[1023]+016 TEXCOORD: 1, 1
vb0[1023]+020 TEXCOORD1: -0.162109375, 0.986816406
vb0[1023]+000 TEXCOORD2: 0.215686277, 0.741176486, 0.56078434, 0.294117659
vb0[1023]+000 TEXCOORD3: 0.215686277, 0.741176486, 0.56078434, 0.294117659

vb0[1024]+000 POSITION: -2.42382813, 12.484375, 0.839355469, 1
vb0[1024]+008 NORMAL: -0.362204731, 0.755905509, 0.551181078, 0
vb0[1024]+012 COLOR: 0.552941203, 0.305882365, 0.956862748, 0.313725501
vb0[1024]+016 TEXCOORD: 1, 0.00245857239
vb0[1024]+020 TEXCOORD1: -0.564453125, 0.825683594
vb0[1024]+000 TEXCOORD2: 0.850980401, 0.752941191, 0.243137255, 0.290196091
vb0[1024]+000 TEXCOORD3: 0.850980401, 0.752941191, 0.243137255, 0.290196091

vb0[1025]+000 POSITION: 1.1953125, 12.03125, 0.135742188, 1
vb0[1025]+008 NORMAL: -0.842519701, 0.511811018, 0.165354326, 0
vb0[1025]+012 COLOR: 0.552941203, 0.305882365, 0.956862748, 0.513725519
vb0[1025]+016 TEXCOORD: 0.509277344, 0.00245857239
vb0[1025]+020 TEXCOORD1: 0.250732422, 0.968261719
vb0[1025]+000 TEXCOORD2: 0.784313738, 0.235294119, 0.0156862754, 0.290196091
vb0[1025]+000 TEXCOORD3: 0.784313738, 0.235294119, 0.0156862754, 0.290196091

vb0[1026]+000 POSITION: 3.33203125, 14.078125, 0.862792969, 1
vb0[1026]+008 NORMAL: -0.22047244, 0.779527545, 0.590551198, 0
vb0[1026]+012 COLOR: 0.552941203, 0.305882365, 0.956862748, 0.717647076
vb0[1026]+016 TEXCOORD: 0.509277344, 1
vb0[1026]+020 TEXCOORD1: 0.250732422, 0.968261719
vb0[1026]+000 TEXCOORD2: 0.666666687, 0.258823544, 0.0392156877, 0.294117659
vb0[1026]+000 TEXCOORD3: 0.666666687, 0.258823544, 0.0392156877, 0.294117659

vb0[1027]+000 POSITION: -0.0484619141, 15.234375, 1.6171875, 1
vb0[1027]+008 NORMAL: -0.811023593, 0.496062994, 0.314960629, 0
vb0[1027]+012 COLOR: 0.552941203, 0.305882365, 0.956862748, 0.392156869
vb0[1027]+016 TEXCOORD: 1, 1
vb0[1027]+020 TEXCOORD1: 2.83789063, 0.986328125
vb0[1027]+000 TEXCOORD2: 0.203921571, 0.666666687, 0.619607866, 0.294117659
vb0[1027]+000 TEXCOORD3: 0.203921571, 0.666666687, 0.619607866, 0.294117659

vb0[1028]+000 POSITION: -1.13085938, 8.7890625, -1.84277344, 1
vb0[1028]+008 NORMAL: -0.740157485, 0.14173229, -0.661417305, 0
vb0[1028]+012 COLOR: 0.905882359, 0.768627465, 0.388235301, 0.352941185
vb0[1028]+016 TEXCOORD: 1, 0.00245857239
vb0[1028]+020 TEXCOORD1: -0.564453125, 0.825683594
vb0[1028]+000 TEXCOORD2: 0.525490224, 0.737254918, 0.396078438, 0.282352954
vb0[1028]+000 TEXCOORD3: 0.525490224, 0.737254918, 0.396078438, 0.282352954

vb0[1029]+000 POSITION: -2.4375, 10.5546875, -1.78613281, 1
vb0[1029]+008 NORMAL: -0.669291317, 0.125984251, -0.732283473, 0
vb0[1029]+012 COLOR: 0.905882359, 0.768627465, 0.388235301, 0.501960814
vb0[1029]+016 TEXCOORD: 0.509277344, 0.00245857239
vb0[1029]+020 TEXCOORD1: -0.564453125, 0.825683594
vb0[1029]+000 TEXCOORD2: 0.87843138, 0.752941191, 0.278431386, 0.286274523
vb0[1029]+000 TEXCOORD3: 0.87843138, 0.752941191, 0.278431386, 0.286274523

vb0[1030]+000 POSITION: -2.30664063, 11.453125, 0.289550781, 1
vb0[1030]+008 NORMAL: -0.897637784, 0.173228353, -0.40157479, 0
vb0[1030]+012 COLOR: 0.905882359, 0.768627465, 0.388235301, 0.407843143
vb0[1030]+016 TEXCOORD: 0.509277344, 1
vb0[1030]+020 TEXCOORD1: -0.564453125, 0.825683594
vb0[1030]+000 TEXCOORD2: 0.615686297, 0.752941191, 0.729411781, 0.286274523
vb0[1030]+000 TEXCOORD3: 0.615686297, 0.752941191, 0.729411781, 0.286274523

vb0[1031]+000 POSITION: -1.45507813, 9.8359375, 0.0617675781, 1
vb0[1031]+008 NORMAL: -0.685039341, 0.125984251, -0.716535449, 0
vb0[1031]+012 COLOR: 0.905882359, 0.768627465, 0.388235301, 0.639215708
vb0[1031]+016 TEXCOORD: 1, 1
vb0[1031]+020 TEXCOORD1: -0.564453125, 0.825683594
vb0[1031]+000 TEXCOORD2: 0.823529422, 0.741176486, 0.921568632, 0.282352954
vb0[1031]+000 TEXCOORD3: 0.823529422, 0.741176486, 0.921568632, 0.282352954

vb0[1032]+000 POSITION: -1.55859375, 7.9609375, 1.28027344, 1
vb0[1032]+008 NORMAL: -0.92125982, 0.0393700786, -0.385826766, 0
vb0[1032]+012 COLOR: 0.721568644, 0.913725495, 0.325490206, 0.615686297
vb0[1032]+016 TEXCOORD: 0.509277344, 1
vb0[1032]+020 TEXCOORD1: 2.4453125, 0.810546875
vb0[1032]+000 TEXCOORD2: 0.235294119, 0.745098054, 0.964705884, 0.278431386
vb0[1032]+000 TEXCOORD3: 0.235294119, 0.745098054, 0.964705884, 0.278431386

vb0[1033]+000 POSITION: -1.52050781, 6.7421875, -0.804199219, 1
vb0[1033]+008 NORMAL: -0.944881916, 0.00787401572, -0.322834641, 0
vb0[1033]+012 COLOR: 0.721568644, 0.913725495, 0.325490206, 0.607843161
vb0[1033]+016 TEXCOORD: 0.509277344, 0.00245857239
vb0[1033]+020 TEXCOORD1: -0.564453125, 0.825683594
vb0[1033]+000 TEXCOORD2: 0.0823529437, 0.745098054, 0.745098054, 0.274509817
vb0[1033]+000 TEXCOORD3: 0.0823529437, 0.745098054, 0.745098054, 0.274509817

vb0[1034]+000 POSITION: -2.91796875, 7.1015625, -2.4921875, 1
vb0[1034]+008 NORMAL: -0.897637784, 0.0236220472, -0.433070868, 0
vb0[1034]+012 COLOR: 0.721568644, 0.913725495, 0.325490206, 0.858823538
vb0[1034]+016 TEXCOORD: 1, 0.00245857239
vb0[1034]+020 TEXCOORD1: -0.564453125, 0.825683594
vb0[1034]+000 TEXCOORD2: 0.839215696, 0.75686276, 0.101960786, 0.278431386
vb0[1034]+000 TEXCOORD3: 0.839215696, 0.75686276, 0.101960786, 0.278431386

vb0[1035]+000 POSITION: -3.40234375, 7.8984375, -0.476074219, 1
vb0[1035]+008 NORMAL: -0.952755928, 0.00787401572, -0.314960629, 0
vb0[1035]+012 COLOR: 0.721568644, 0.913725495, 0.325490206, 0.501960814
vb0[1035]+016 TEXCOORD: 1, 1
vb0[1035]+020 TEXCOORD1: -0.564453125, 0.825683594
vb0[1035]+000 TEXCOORD2: 0.807843149, 0.760784328, 0.90196079, 0.278431386
vb0[1035]+000 TEXCOORD3: 0.807843149, 0.760784328, 0.90196079, 0.278431386

vb0[1036]+000 POSITION: 0.334228516, 6.578125, -0.662597656, 1
vb0[1036]+008 NORMAL: -0.496062994, -0.0472440943, -0.866141737, 0
vb0[1036]+012 COLOR: 0.639215708, 0.90196079, 0.239215687, 0.368627459
vb0[1036]+016 TEXCOORD: 0.509277344, 1
vb0[1036]+020 TEXCOORD1: 3.15429688, 0.923828125
vb0[1036]+000 TEXCOORD2: 0.349019617, 0.20784314, 0.580392182, 0.274509817
vb0[1036]+000 TEXCOORD3: 0.349019617, 0.20784314, 0.580392182, 0.274509817

vb0[1037]+000 POSITION: -0.901367188, 5.4375, -2.69726563, 1
vb0[1037]+008 NORMAL: -0.267716527, -0.0708661452, -0.96062994, 0
vb0[1037]+012 COLOR: 0.639215708, 0.90196079, 0.239215687, 0.607843161
vb0[1037]+016 TEXCOORD: 0.509277344, 0.00245857239
vb0[1037]+020 TEXCOORD1: 0.0800170898, 0.996582031
vb0[1037]+000 TEXCOORD2: 0.211764708, 0.733333349, 0.43921569, 0.270588249
vb0[1037]+000 TEXCOORD3: 0.211764708, 0.733333349, 0.43921569, 0.270588249

vb0[1038]+000 POSITION: -2.78320313, 6.171875, -2.94140625, 1
vb0[1038]+008 NORMAL: -0.433070868, -0.0472440943, -0.897637784, 0
vb0[1038]+012 COLOR: 0.639215708, 0.90196079, 0.239215687, 0.835294127
vb0[1038]+016 TEXCOORD: 1, 0.00245857239
vb0[1038]+020 TEXCOORD1: 0.0800170898, 0.996582031
vb0[1038]+000 TEXCOORD2: 0.568627477, 0.75686276, 0.172549024, 0.274509817
vb0[1038]+000 TEXCOORD3: 0.568627477, 0.75686276, 0.172549024, 0.274509817

vb0[1039]+000 POSITION: -1.7265625, 6.6484375, -1.26660156, 1
vb0[1039]+008 NORMAL: -0.267716527, -0.0629921257, -0.96062994, 0
vb0[1039]+012 COLOR: 0.639215708, 0.90196079, 0.239215687, 0.486274511
vb0[1039]+016 TEXCOORD: 1, 1
vb0[1039]+020 TEXCOORD1: -0.564453125, 0.825683594
vb0[1039]+000 TEXCOORD2: 0.909803927, 0.745098054, 0.650980413, 0.274509817
vb0[1039]+000 TEXCOORD3: 0.909803927, 0.745098054, 0.650980413, 0.274509817

vb0[1040]+000 POSITION: 1.85546875, 10.3515625, -3.25976563, 1
vb0[1040]+008 NORMAL: 0.472440958, 0.133858263, -0.874015749, 0
vb0[1040]+012 COLOR: 0.129411772, 0.796078444, 0.662745118, 0.662745118
vb0[1040]+016 TEXCOORD: 1, 0.00245857239
vb0[1040]+020 TEXCOORD1: 0.592773438, 0.805664063
vb0[1040]+000 TEXCOORD2: 0.423529416, 0.247058824, 0.176470593, 0.286274523
vb0[1040]+000 TEXCOORD3: 0.423529416, 0.247058824, 0.176470593, 0.286274523

vb0[1041]+000 POSITION: 1.25488281, 8.7578125, -2.35742188, 1
vb0[1041]+008 NORMAL: 0.503937006, 0.125984251, -0.850393713, 0
vb0[1041]+012 COLOR: 0.129411772, 0.796078444, 0.662745118, 0.827450991
vb0[1041]+016 TEXCOORD: 0.509277344, 0.00245857239
vb0[1041]+020 TEXCOORD1: 0.592773438, 0.805664063
vb0[1041]+000 TEXCOORD2: 0.0196078438, 0.239215687, 0.380392164, 0.282352954
vb0[1041]+000 TEXCOORD3: 0.0196078438, 0.239215687, 0.380392164, 0.282352954

vb0[1042]+000 POSITION: 1.69628906, 8.515625, -0.288818359, 1
vb0[1042]+008 NORMAL: 0.661417305, 0.157480314, -0.732283473, 0
vb0[1042]+012 COLOR: 0.129411772, 0.796078444, 0.662745118, 0.521568656
vb0[1042]+016 TEXCOORD: 0.509277344, 1
vb0[1042]+020 TEXCOORD1: 3.49023438, 0.812011719
vb0[1042]+000 TEXCOORD2: 0.788235307, 0.243137255, 0.258823544, 0.282352954
vb0[1042]+000 TEXCOORD3: 0.788235307, 0.243137255, 0.258823544, 0.282352954

vb0[1043]+000 POSITION: 2.55273438, 9.9296875, -1.51757813, 1
vb0[1043]+008 NORMAL: 0.740157485, 0.149606302, -0.653543293, 0
vb0[1043]+012 COLOR: 0.129411772, 0.796078444, 0.662745118, 0.607843161
vb0[1043]+016 TEXCOORD: 1, 1
vb0[1043]+020 TEXCOORD1: 0.592773438, 0.805664063
vb0[1043]+000 TEXCOORD2: 0.105882354, 0.254901975, 0.968627453, 0.282352954
vb0[1043]+000 TEXCOORD3: 0.105882354, 0.254901975, 0.968627453, 0.282352954

vb0[1044]+000 POSITION: 2.27734375, 9.125, -0.952636719, 1
vb0[1044]+008 NORMAL: 0.937007844, 0.181102365, -0.299212605, 0
vb0[1044]+012 COLOR: 0.125490203, 0.819607854, 0.58431375, 0.639215708
vb0[1044]+016 TEXCOORD: 0.509277344, 1
vb0[1044]+020 TEXCOORD1: 0.592773438, 0.805664063
vb0[1044]+000 TEXCOORD2: 0.556862772, 0.250980407, 0.564705908, 0.282352954
vb0[1044]+000 TEXCOORD3: 0.556862772, 0.250980407, 0.564705908, 0.282352954

vb0[1045]+000 POSITION: 3.02148438, 9.1484375, 1.02050781, 1
vb0[1045]+008 NORMAL: 0.937007844, 0.173228353, -0.299212605, 0
vb0[1045]+012 COLOR: 0.125490203, 0.819607854, 0.58431375, 0.701960802
vb0[1045]+016 TEXCOORD: 0.509277344, 0.00245857239
vb0[1045]+020 TEXCOORD1: 3.3671875, 0.819824219
vb0[1045]+000 TEXCOORD2: 0.0431372561, 0.258823544, 0.576470613, 0.282352954
vb0[1045]+000 TEXCOORD3: 0.0431372561, 0.258823544, 0.576470613, 0.282352954

vb0[1046]+000 POSITION: 4.25, 10.6875, 1.85351563, 1
vb0[1046]+008 NORMAL: 0.984251976, 0.181102365, -0.0393700786, 0
vb0[1046]+012 COLOR: 0.125490203, 0.819607854, 0.58431375, 0.827450991
vb0[1046]+016 TEXCOORD: 1, 0.00245857239
vb0[1046]+020 TEXCOORD1: 3.3671875, 0.819824219
vb0[1046]+000 TEXCOORD2: 0.250980407, 0.266666681, 0.345098048, 0.286274523
vb0[1046]+000 TEXCOORD3: 0.250980407, 0.266666681, 0.345098048, 0.286274523

vb0[1047]+000 POSITION: 3.96875, 10.59375, -0.264648438, 1
vb0[1047]+008 NORMAL: 0.937007844, 0.181102365, -0.299212605, 0
vb0[1047]+012 COLOR: 0.125490203, 0.819607854, 0.58431375, 0.454901963
vb0[1047]+016 TEXCOORD: 1, 1
vb0[1047]+020 TEXCOORD1: 0.592773438, 0.805664063
vb0[1047]+000 TEXCOORD2: 0.941176474, 0.262745112, 0.298039228, 0.286274523
vb0[1047]+000 TEXCOORD3: 0.941176474, 0.262745112, 0.298039228, 0.286274523

vb0[1048]+000 POSITION: 2.8046875, 13.0703125, 1.5625, 1
vb0[1048]+008 NORMAL: 0.740157485, 0.291338593, 0.614173234, 0
vb0[1048]+012 COLOR: 0.274509817, 0.847058833, 0.219607845, 0.670588255
vb0[1048]+016 TEXCOORD: 1, 0.00245857239
vb0[1048]+020 TEXCOORD1: 2.97851563, 0.909179688
vb0[1048]+000 TEXCOORD2: 0.611764729, 0.254901975, 0.53725493, 0.290196091
vb0[1048]+000 TEXCOORD3: 0.611764729, 0.254901975, 0.53725493, 0.290196091

vb0[1049]+000 POSITION: 0.738769531, 10.296875, -0.287109375, 1
vb0[1049]+008 NORMAL: 0.354330719, 0.259842515, 0.897637784, 0
vb0[1049]+012 COLOR: 0.274509817, 0.847058833, 0.219607845, 0.576470613
vb0[1049]+016 TEXCOORD: 0.509277344, 0.00245857239
vb0[1049]+020 TEXCOORD1: 0.250732422, 0.968261719
vb0[1049]+000 TEXCOORD2: 0.913725495, 0.223529413, 0.149019614, 0.286274523
vb0[1049]+000 TEXCOORD3: 0.913725495, 0.223529413, 0.149019614, 0.286274523

vb0[1050]+000 POSITION: -2.5078125, 9.1640625, 1.00878906, 1
vb0[1050]+008 NORMAL: -0.496062994, 0.826771677, 0.259842515, 0
vb0[1050]+012 COLOR: 0.274509817, 0.847058833, 0.219607845, 0.639215708
vb0[1050]+016 TEXCOORD: 0.509277344, 1
vb0[1050]+020 TEXCOORD1: -0.564453125, 0.825683594
vb0[1050]+000 TEXCOORD2: 0.0156862754, 0.75686276, 0.58431375, 0.282352954
vb0[1050]+000 TEXCOORD3: 0.0156862754, 0.75686276, 0.58431375, 0.282352954

vb0[1051]+000 POSITION: -0.700195313, 12.0078125, 2.96875, 1
vb0[1051]+008 NORMAL: 0.362204731, 0.275590539, 0.889763772, 0
vb0[1051]+012 COLOR: 0.274509817, 0.847058833, 0.219607845, 0.43921569
vb0[1051]+016 TEXCOORD: 1, 1
vb0[1051]+020 TEXCOORD1: 2.96289063, 0.909179688
vb0[1051]+000 TEXCOORD2: 0.603921592, 0.725490212, 0.00392156886, 0.290196091
vb0[1051]+000 TEXCOORD3: 0.603921592, 0.725490212, 0.00392156886, 0.290196091

vb0[1052]+000 POSITION: 2.29882813, 12.8046875, 1.39355469, 1
vb0[1052]+008 NORMAL: 0.818897665, 0.574803174, 0.00787401572, 0
vb0[1052]+012 COLOR: 0.952941179, 0.34117648, 0.36470589, 0.345098048
vb0[1052]+016 TEXCOORD: 1, 0.00245857239
vb0[1052]+020 TEXCOORD1: 2.97851563, 0.909179688
vb0[1052]+000 TEXCOORD2: 0.600000024, 0.250980407, 0.403921574, 0.290196091
vb0[1052]+000 TEXCOORD3: 0.600000024, 0.250980407, 0.403921574, 0.290196091

vb0[1053]+000 POSITION: 1.60742188, 11.9296875, -0.130371094, 1
vb0[1053]+008 NORMAL: 0.897637784, 0.409448832, -0.149606302, 0
vb0[1053]+012 COLOR: 0.952941179, 0.34117648, 0.36470589, 0.219607845
vb0[1053]+016 TEXCOORD: 0.509277344, 0.00245857239
vb0[1053]+020 TEXCOORD1: 0.250732422, 0.968261719
vb0[1053]+000 TEXCOORD2: 0.431372553, 0.243137255, 0.968627453, 0.286274523
vb0[1053]+000 TEXCOORD3: 0.431372553, 0.243137255, 0.968627453, 0.286274523

vb0[1054]+000 POSITION: 1.2890625, 12.3671875, -1.52636719, 1
vb0[1054]+008 NORMAL: 0.818897665, 0.496062994, -0.299212605, 0
vb0[1054]+012 COLOR: 0.952941179, 0.34117648, 0.36470589, 0.447058827
vb0[1054]+016 TEXCOORD: 0.509277344, 1
vb0[1054]+020 TEXCOORD1: 0.250732422, 0.968261719
vb0[1054]+000 TEXCOORD2: 0.156862751, 0.239215687, 0.184313729, 0.290196091
vb0[1054]+000 TEXCOORD3: 0.156862751, 0.239215687, 0.184313729, 0.290196091

vb0[1055]+000 POSITION: 2.20507813, 13.7265625, -0.250732422, 1
vb0[1055]+008 NORMAL: 0.811023593, 0.55905509, -0.149606302, 0
vb0[1055]+012 COLOR: 0.952941179, 0.34117648, 0.36470589, 0.313725501
vb0[1055]+016 TEXCOORD: 1, 1
vb0[1055]+020 TEXCOORD1: 0.250732422, 0.968261719
vb0[1055]+000 TEXCOORD2: 0.411764711, 0.250980407, 0.866666675, 0.290196091
vb0[1055]+000 TEXCOORD3: 0.411764711, 0.250980407, 0.866666675, 0.290196091

vb0[1056]+000 POSITION: -1.27050781, 12.9921875, 1.24414063, 1
vb0[1056]+008 NORMAL: -0.566929162, 0.511811018, 0.645669281, 0
vb0[1056]+012 COLOR: 0.827450991, 0.674509823, 0.160784319, 0.43921569
vb0[1056]+016 TEXCOORD: 1, 0.00245857239
vb0[1056]+020 TEXCOORD1: -0.162109375, 0.986816406
vb0[1056]+000 TEXCOORD2: 0.0823529437, 0.741176486, 0.498039216, 0.290196091
vb0[1056]+000 TEXCOORD3: 0.0823529437, 0.741176486, 0.498039216, 0.290196091

vb0[1057]+000 POSITION: -0.585449219, 14.2109375, 2.59375, 1
vb0[1057]+008 NORMAL: -0.314960629, 0.661417305, 0.685039341, 0
vb0[1057]+012 COLOR: 0.827450991, 0.674509823, 0.160784319, 0.545098066
vb0[1057]+016 TEXCOORD: 0.509277344, 0.00245857239
vb0[1057]+020 TEXCOORD1: -0.162109375, 0.986816406
vb0[1057]+000 TEXCOORD2: 0.686274529, 0.721568644, 0.105882354, 0.294117659
vb0[1057]+000 TEXCOORD3: 0.686274529, 0.721568644, 0.105882354, 0.294117659

vb0[1058]+000 POSITION: 0.881347656, 13.0390625, 3.34570313, 1
vb0[1058]+008 NORMAL: -0.0708661452, 0.535433054, 0.842519701, 0
vb0[1058]+012 COLOR: 0.827450991, 0.674509823, 0.160784319, 0.321568638
vb0[1058]+016 TEXCOORD: 0.509277344, 1
vb0[1058]+020 TEXCOORD1: 2.97851563, 0.909179688
vb0[1058]+000 TEXCOORD2: 0.0509803928, 0.23137255, 0.521568656, 0.290196091
vb0[1058]+000 TEXCOORD3: 0.0509803928, 0.23137255, 0.521568656, 0.290196091

vb0[1059]+000 POSITION: 0.172973633, 12.4140625, 2.41015625, 1
vb0[1059]+008 NORMAL: -0.314960629, 0.551181078, 0.771653533, 0
vb0[1059]+012 COLOR: 0.827450991, 0.674509823, 0.160784319, 0.686274529
vb0[1059]+016 TEXCOORD: 1, 1
vb0[1059]+020 TEXCOORD1: 2.97851563, 0.909179688
vb0[1059]+000 TEXCOORD2: 0.53725493, 0.192156866, 0.20784314, 0.290196091
vb0[1059]+000 TEXCOORD3: 0.53725493, 0.192156866, 0.20784314, 0.290196091

vb0[1060]+000 POSITION: 0.0250854492, 14.9609375, 1.39453125, 1
vb0[1060]+008 NORMAL: -0.763779521, 0.629921257, -0.0944881886, 0
vb0[1060]+012 COLOR: 0.160784319, 0.827450991, 0.65882355, 0.337254912
vb0[1060]+016 TEXCOORD: 0.509277344, 1
vb0[1060]+020 TEXCOORD1: 2.84375, 0.983398438
vb0[1060]+000 TEXCOORD2: 0.423529416, 0.149019614, 0.482352942, 0.294117659
vb0[1060]+000 TEXCOORD3: 0.423529416, 0.149019614, 0.482352942, 0.294117659

vb0[1061]+000 POSITION: -0.83984375, 15.5625, -0.536132813, 1
vb0[1061]+008 NORMAL: -0.661417305, 0.748031497, -0.0787401572, 0
vb0[1061]+012 COLOR: 0.160784319, 0.827450991, 0.65882355, 0.701960802
vb0[1061]+016 TEXCOORD: 0.509277344, 0.00245857239
vb0[1061]+020 TEXCOORD1: -0.162109375, 0.986816406
vb0[1061]+000 TEXCOORD2: 0.721568644, 0.729411781, 0.784313738, 0.294117659
vb0[1061]+000 TEXCOORD3: 0.721568644, 0.729411781, 0.784313738, 0.294117659

vb0[1062]+000 POSITION: -2.08007813, 13.921875, -0.954101563, 1
vb0[1062]+008 NORMAL: -0.653543293, 0.622047246, -0.425196856, 0
vb0[1062]+012 COLOR: 0.160784319, 0.827450991, 0.65882355, 0.600000024
vb0[1062]+016 TEXCOORD: 1, 0.00245857239
vb0[1062]+020 TEXCOORD1: -0.162109375, 0.986816406
vb0[1062]+000 TEXCOORD2: 0.160784319, 0.752941191, 0.964705884, 0.290196091
vb0[1062]+000 TEXCOORD3: 0.160784319, 0.752941191, 0.964705884, 0.290196091

vb0[1063]+000 POSITION: -1.3984375, 14.2265625, 1.00390625, 1
vb0[1063]+008 NORMAL: -0.661417305, 0.748031497, -0.0787401572, 0
vb0[1063]+012 COLOR: 0.160784319, 0.827450991, 0.65882355, 0.376470596
vb0[1063]+016 TEXCOORD: 1, 1
vb0[1063]+020 TEXCOORD1: -0.162109375, 0.986816406
vb0[1063]+000 TEXCOORD2: 0.596078455, 0.741176486, 0.113725491, 0.294117659
vb0[1063]+000 TEXCOORD3: 0.596078455, 0.741176486, 0.113725491, 0.294117659

vb0[1064]+000 POSITION: -2.65039063, 5.515625, -1.984375, 1
vb0[1064]+008 NORMAL: -0.929133832, -0.00787401572, -0.377952754, 0
vb0[1064]+012 COLOR: 0.301960796, 0.156862751, 0.80392158, 0.858823538
vb0[1064]+016 TEXCOORD: 1, 0.00245857239
vb0[1064]+020 TEXCOORD1: -0.254638672, 0.907714844
vb0[1064]+000 TEXCOORD2: 0.301960796, 0.75686276, 0.517647088, 0.270588249
vb0[1064]+000 TEXCOORD3: 0.301960796, 0.75686276, 0.517647088, 0.270588249

vb0[1065]+000 POSITION: -0.283691406, 5.9296875, 0.0405883789, 1
vb0[1065]+008 NORMAL: -0.96062994, 0.00787401572, -0.275590539, 0
vb0[1065]+012 COLOR: 0.301960796, 0.156862751, 0.80392158, 0.423529416
vb0[1065]+016 TEXCOORD: 0.509277344, 0.00245857239
vb0[1065]+020 TEXCOORD1: 2.61914063, 0.877929688
vb0[1065]+000 TEXCOORD2: 0.541176498, 0.70588237, 0.933333337, 0.270588249
vb0[1065]+000 TEXCOORD3: 0.541176498, 0.70588237, 0.933333337, 0.270588249

vb0[1066]+000 POSITION: -0.831054688, 7.7421875, 1.72363281, 1
vb0[1066]+008 NORMAL: -1, -0.0157480314, 0.0157480314, 0
vb0[1066]+012 COLOR: 0.301960796, 0.156862751, 0.80392158, 0.521568656
vb0[1066]+016 TEXCOORD: 0.509277344, 1
vb0[1066]+020 TEXCOORD1: 2.56640625, 0.807128906
vb0[1066]+000 TEXCOORD2: 0.650980413, 0.729411781, 0.745098054, 0.278431386
vb0[1066]+000 TEXCOORD3: 0.650980413, 0.729411781, 0.745098054, 0.278431386

vb0[1067]+000 POSITION: -2.91210938, 7.67578125, 0.283691406, 1
vb0[1067]+008 NORMAL: -0.96062994, 0, -0.283464581, 0
vb0[1067]+012 COLOR: 0.301960796, 0.156862751, 0.80392158, 0.513725519
vb0[1067]+016 TEXCOORD: 1, 1
vb0[1067]+020 TEXCOORD1: -0.564453125, 0.825683594
vb0[1067]+000 TEXCOORD2: 0.827450991, 0.75686276, 0.678431392, 0.278431386
vb0[1067]+000 TEXCOORD3: 0.827450991, 0.75686276, 0.678431392, 0.278431386

vb0[1068]+000 POSITION: -1.46972656, 12.5625, -0.138061523, 1
vb0[1068]+008 NORMAL: -0.448818892, 0.346456707, -0.826771677, 0
vb0[1068]+012 COLOR: 0.529411793, 0.945098042, 0.278431386, 0.478431374
vb0[1068]+016 TEXCOORD: 0.509277344, 1
vb0[1068]+020 TEXCOORD1: -0.453125, 0.870117188
vb0[1068]+000 TEXCOORD2: 0.882352948, 0.741176486, 0.282352954, 0.290196091
vb0[1068]+000 TEXCOORD3: 0.882352948, 0.741176486, 0.282352954, 0.290196091

vb0[1069]+000 POSITION: 0.463378906, 12.3828125, -0.236938477, 1
vb0[1069]+008 NORMAL: -0.377952754, 0.283464581, -0.88188976, 0
vb0[1069]+012 COLOR: 0.529411793, 0.945098042, 0.278431386, 0.266666681
vb0[1069]+016 TEXCOORD: 0.509277344, 0.00245857239
vb0[1069]+020 TEXCOORD1: 0.128173828, 0.973632813
vb0[1069]+000 TEXCOORD2: 0.41568628, 0.215686277, 0.192156866, 0.290196091
vb0[1069]+000 TEXCOORD3: 0.41568628, 0.215686277, 0.192156866, 0.290196091

vb0[1070]+000 POSITION: 1.13183594, 11.3125, -2.29296875, 1
vb0[1070]+008 NORMAL: 0, 0.181102365, -0.984251976, 0
vb0[1070]+012 COLOR: 0.529411793, 0.945098042, 0.278431386, 0.686274529
vb0[1070]+016 TEXCOORD: 1, 0.00245857239
vb0[1070]+020 TEXCOORD1: 0.250732422, 0.968261719
vb0[1070]+000 TEXCOORD2: 0.529411793, 0.235294119, 0.65882355, 0.286274523
vb0[1070]+000 TEXCOORD3: 0.529411793, 0.235294119, 0.65882355, 0.286274523

vb0[1071]+000 POSITION: -1.21191406, 11.6875, -1.85449219, 1
vb0[1071]+008 NORMAL: -0.267716527, 0.346456707, -0.897637784, 0
vb0[1071]+012 COLOR: 0.529411793, 0.945098042, 0.278431386, 0.376470596
vb0[1071]+016 TEXCOORD: 1, 1
vb0[1071]+020 TEXCOORD1: -0.564453125, 0.825683594
vb0[1071]+000 TEXCOORD2: 0.850980401, 0.737254918, 0.847058833, 0.286274523
vb0[1071]+000 TEXCOORD3: 0.850980401, 0.737254918, 0.847058833, 0.286274523

vb0[1072]+000 POSITION: 1.05859375, 10.9140625, -2.79882813, 1
vb0[1072]+008 NORMAL: -0.236220479, 0.188976377, -0.952755928, 0
vb0[1072]+012 COLOR: 0.0588235296, 0.729411781, 0.435294122, 0.576470613
vb0[1072]+016 TEXCOORD: 1, 0.00245857239
vb0[1072]+020 TEXCOORD1: 0.250732422, 0.968261719
vb0[1072]+000 TEXCOORD2: 0.235294119, 0.235294119, 0.458823532, 0.286274523
vb0[1072]+000 TEXCOORD3: 0.235294119, 0.235294119, 0.458823532, 0.286274523

vb0[1073]+000 POSITION: -0.132202148, 9.03125, -1.3671875, 1
vb0[1073]+008 NORMAL: -0.283464581, 0.157480314, -0.944881916, 0
vb0[1073]+012 COLOR: 0.0588235296, 0.729411781, 0.435294122, 0.345098048
vb0[1073]+016 TEXCOORD: 0.509277344, 0.00245857239
vb0[1073]+020 TEXCOORD1: -0.344726563, 0.863769531
vb0[1073]+000 TEXCOORD2: 0.23137255, 0.690196097, 0.517647088, 0.282352954
vb0[1073]+000 TEXCOORD3: 0.23137255, 0.690196097, 0.517647088, 0.282352954

vb0[1074]+000 POSITION: -0.163574219, 9.546875, 0.701660156, 1
vb0[1074]+008 NORMAL: -0.755905509, 0.188976377, -0.622047246, 0
vb0[1074]+012 COLOR: 0.0588235296, 0.729411781, 0.435294122, 0.266666681
vb0[1074]+016 TEXCOORD: 0.509277344, 1
vb0[1074]+020 TEXCOORD1: 2.8515625, 0.944824219
vb0[1074]+000 TEXCOORD2: 0.235294119, 0.694117665, 0.776470602, 0.282352954
vb0[1074]+000 TEXCOORD3: 0.235294119, 0.694117665, 0.776470602, 0.282352954

vb0[1075]+000 POSITION: 0.834472656, 11.2109375, -0.177734375, 1
vb0[1075]+008 NORMAL: -0.157480314, 0.181102365, -0.968503952, 0
vb0[1075]+012 COLOR: 0.0588235296, 0.729411781, 0.435294122, 0.407843143
vb0[1075]+016 TEXCOORD: 1, 1
vb0[1075]+020 TEXCOORD1: 0.162963867, 0.972167969
vb0[1075]+000 TEXCOORD2: 0.678431392, 0.227450982, 0.607843161, 0.286274523
vb0[1075]+000 TEXCOORD3: 0.678431392, 0.227450982, 0.607843161, 0.286274523

vb0[1076]+000 POSITION: -2.02148438, 9.1796875, -2.74414063, 1
vb0[1076]+008 NORMAL: -0.456692904, 0.0787401572, -0.889763772, 0
vb0[1076]+012 COLOR: 0.309803933, 0.549019635, 0.960784316, 0.407843143
vb0[1076]+016 TEXCOORD: 1, 0.00245857239
vb0[1076]+020 TEXCOORD1: -0.114990234, 0.944824219
vb0[1076]+000 TEXCOORD2: 0.0431372561, 0.752941191, 0.592156887, 0.282352954
vb0[1076]+000 TEXCOORD3: 0.0431372561, 0.752941191, 0.592156887, 0.282352954

vb0[1077]+000 POSITION: -1.13964844, 6.75, -2.12890625, 1
vb0[1077]+008 NORMAL: -0.346456707, 0.0787401572, -0.937007844, 0
vb0[1077]+012 COLOR: 0.309803933, 0.549019635, 0.960784316, 0.78039217
vb0[1077]+016 TEXCOORD: 0.509277344, 0.00245857239
vb0[1077]+020 TEXCOORD1: 0.0800170898, 0.996582031
vb0[1077]+000 TEXCOORD2: 0.56078434, 0.737254918, 0.752941191, 0.274509817
vb0[1077]+000 TEXCOORD3: 0.56078434, 0.737254918, 0.752941191, 0.274509817

vb0[1078]+000 POSITION: 0.838867188, 6.83203125, -1.31445313, 1
vb0[1078]+008 NORMAL: -0.307086617, 0.05511811, -0.952755928, 0
vb0[1078]+012 COLOR: 0.309803933, 0.549019635, 0.960784316, 0.545098066
vb0[1078]+016 TEXCOORD: 0.509277344, 1
vb0[1078]+020 TEXCOORD1: 0.228149414, 0.94140625
vb0[1078]+000 TEXCOORD2: 0.713725507, 0.227450982, 0.835294127, 0.274509817
vb0[1078]+000 TEXCOORD3: 0.713725507, 0.227450982, 0.835294127, 0.274509817

vb0[1079]+000 POSITION: 0.408447266, 8.890625, -1.70507813, 1
vb0[1079]+008 NORMAL: -0.362204731, 0.0944881886, -0.929133832, 0
vb0[1079]+012 COLOR: 0.309803933, 0.549019635, 0.960784316, 0.717647076
vb0[1079]+016 TEXCOORD: 1, 1
vb0[1079]+020 TEXCOORD1: 0.592773438, 0.805664063
vb0[1079]+000 TEXCOORD2: 0.53725493, 0.211764708, 0.447058827, 0.282352954
vb0[1079]+000 TEXCOORD3: 0.53725493, 0.211764708, 0.447058827, 0.282352954

vb0[1080]+000 POSITION: -0.297851563, 7.5859375, 0.114379883, 1
vb0[1080]+008 NORMAL: 0.543307066, 0.133858263, -0.826771677, 0
vb0[1080]+012 COLOR: 0.325490206, 0.866666675, 0.796078444, 0.454901963
vb0[1080]+016 TEXCOORD: 0.509277344, 1
vb0[1080]+020 TEXCOORD1: 2.54101563, 0.85546875
vb0[1080]+000 TEXCOORD2: 0.768627465, 0.70588237, 0.588235319, 0.278431386
vb0[1080]+000 TEXCOORD3: 0.768627465, 0.70588237, 0.588235319, 0.278431386

vb0[1081]+000 POSITION: 2.296875, 8.2890625, 0.776855469, 1
vb0[1081]+008 NORMAL: 0.937007844, 0.173228353, -0.299212605, 0
vb0[1081]+012 COLOR: 0.325490206, 0.866666675, 0.796078444, 0.141176477
vb0[1081]+016 TEXCOORD: 0.509277344, 0.00245857239
vb0[1081]+020 TEXCOORD1: 3.44921875, 0.814453125
vb0[1081]+000 TEXCOORD2: 0.596078455, 0.250980407, 0.145098045, 0.282352954
vb0[1081]+000 TEXCOORD3: 0.596078455, 0.250980407, 0.145098045, 0.282352954

vb0[1082]+000 POSITION: 3.5390625, 10.640625, -1.40234375, 1
vb0[1082]+008 NORMAL: 0.937007844, 0.204724416, -0.291338593, 0
vb0[1082]+012 COLOR: 0.325490206, 0.866666675, 0.796078444, 0.117647059
vb0[1082]+016 TEXCOORD: 1, 0.00245857239
vb0[1082]+020 TEXCOORD1: 0.592773438, 0.805664063
vb0[1082]+000 TEXCOORD2: 0.0784313753, 0.262745112, 0.321568638, 0.286274523
vb0[1082]+000 TEXCOORD3: 0.0784313753, 0.262745112, 0.321568638, 0.286274523

vb0[1083]+000 POSITION: 0.33984375, 9.453125, -1.82617188, 1
vb0[1083]+008 NORMAL: 0.937007844, 0.173228353, -0.299212605, 0
vb0[1083]+012 COLOR: 0.325490206, 0.866666675, 0.796078444, 0.407843143
vb0[1083]+016 TEXCOORD: 1, 1
vb0[1083]+020 TEXCOORD1: 0.221801758, 0.855957031
vb0[1083]+000 TEXCOORD2: 0.43921569, 0.20784314, 0.729411781, 0.282352954
vb0[1083]+000 TEXCOORD3: 0.43921569, 0.20784314, 0.729411781, 0.282352954

vb0[1084]+000 POSITION: 2.90820313, 4.01953125, 1.01464844, 1
vb0[1084]+008 NORMAL: 0.984251976, -0.173228353, 0.0393700786, 0
vb0[1084]+012 COLOR: 0.819607854, 0.435294122, 0.121568628, 0.725490212
vb0[1084]+016 TEXCOORD: 1, 0.00245857239
vb0[1084]+020 TEXCOORD1: 3.01171875, 0.744628906
vb0[1084]+000 TEXCOORD2: 0.819607854, 0.254901975, 0.0196078438, 0.266666681
vb0[1084]+000 TEXCOORD3: 0.819607854, 0.254901975, 0.0196078438, 0.266666681

vb0[1085]+000 POSITION: 1.29101563, 4.515625, -0.443603516, 1
vb0[1085]+008 NORMAL: 0.96062994, -0.228346452, -0.173228353, 0
vb0[1085]+012 COLOR: 0.819607854, 0.435294122, 0.121568628, 0.513725519
vb0[1085]+016 TEXCOORD: 0.509277344, 0.00245857239
vb0[1085]+020 TEXCOORD1: 0.0800170898, 0.996582031
vb0[1085]+000 TEXCOORD2: 0.164705887, 0.239215687, 0.517647088, 0.266666681
vb0[1085]+000 TEXCOORD3: 0.164705887, 0.239215687, 0.517647088, 0.266666681

vb0[1086]+000 POSITION: 1.24804688, 6.28125, -0.786132813, 1
vb0[1086]+008 NORMAL: 0.913385808, -0.14173229, -0.385826766, 0
vb0[1086]+012 COLOR: 0.819607854, 0.435294122, 0.121568628, 0.282352954
vb0[1086]+016 TEXCOORD: 0.509277344, 1
vb0[1086]+020 TEXCOORD1: 0.0800170898, 0.996582031
vb0[1086]+000 TEXCOORD2: 0.996078432, 0.235294119, 0.282352954, 0.274509817
vb0[1086]+000 TEXCOORD3: 0.996078432, 0.235294119, 0.282352954, 0.274509817

vb0[1087]+000 POSITION: 2.60351563, 6.140625, 0.388671875, 1
vb0[1087]+008 NORMAL: 0.976377964, -0.204724416, -0.05511811, 0
vb0[1087]+012 COLOR: 0.819607854, 0.435294122, 0.121568628, 0.266666681
vb0[1087]+016 TEXCOORD: 1, 1
vb0[1087]+020 TEXCOORD1: 0.0800170898, 0.996582031
vb0[1087]+000 TEXCOORD2: 0.20784314, 0.254901975, 0.141176477, 0.274509817
vb0[1087]+000 TEXCOORD3: 0.20784314, 0.254901975, 0.141176477, 0.274509817

vb0[1088]+000 POSITION: 0.560546875, 4.4609375, 3.36914063, 1
vb0[1088]+008 NORMAL: -0.0629921257, -0.0866141766, 0.992125988, 0
vb0[1088]+012 COLOR: 0.725490212, 0.545098066, 0.0549019612, 0.80392158
vb0[1088]+016 TEXCOORD: 1, 0.00245857239
vb0[1088]+020 TEXCOORD1: 3.01171875, 0.744628906
vb0[1088]+000 TEXCOORD2: 0.486274511, 0.219607845, 0.4627451, 0.266666681
vb0[1088]+000 TEXCOORD3: 0.486274511, 0.219607845, 0.4627451, 0.266666681

vb0[1089]+000 POSITION: -0.317626953, 6.2421875, 3.09570313, 1
vb0[1089]+008 NORMAL: 0.0629921257, -0.0629921257, 1, 0
vb0[1089]+012 COLOR: 0.725490212, 0.545098066, 0.0549019612, 0.749019623
vb0[1089]+016 TEXCOORD: 0.509277344, 0.00245857239
vb0[1089]+020 TEXCOORD1: 3.01171875, 0.744628906
vb0[1089]+000 TEXCOORD2: 0.0823529437, 0.709803939, 0.243137255, 0.274509817
vb0[1089]+000 TEXCOORD3: 0.0823529437, 0.709803939, 0.243137255, 0.274509817

vb0[1090]+000 POSITION: 0.465820313, 8.046875, 3.68164063, 1
vb0[1090]+008 NORMAL: 0.0708661452, 0.00787401572, 1, 0
vb0[1090]+012 COLOR: 0.725490212, 0.545098066, 0.0549019612, 0.521568656
vb0[1090]+016 TEXCOORD: 0.509277344, 1
vb0[1090]+020 TEXCOORD1: 3.04296875, 0.751464844
vb0[1090]+000 TEXCOORD2: 0.454901963, 0.215686277, 0.0235294122, 0.282352954
vb0[1090]+000 TEXCOORD3: 0.454901963, 0.215686277, 0.0235294122, 0.282352954

vb0[1091]+000 POSITION: 1.47851563, 6.125, 4.00390625, 1
vb0[1091]+008 NORMAL: 0.173228353, -0.05511811, 0.984251976, 0
vb0[1091]+012 COLOR: 0.725490212, 0.545098066, 0.0549019612, 0.529411793
vb0[1091]+016 TEXCOORD: 1, 1
vb0[1091]+020 TEXCOORD1: 3.01171875, 0.744628906
vb0[1091]+000 TEXCOORD2: 0.917647064, 0.239215687, 0.125490203, 0.274509817
vb0[1091]+000 TEXCOORD3: 0.917647064, 0.239215687, 0.125490203, 0.274509817

vb0[1092]+000 POSITION: -3.04882813, 7.34375, 0.849609375, 1
vb0[1092]+008 NORMAL: -0.984251976, -0.00787401572, 0.181102365, 0
vb0[1092]+012 COLOR: 0.549019635, 0.600000024, 0.988235295, 0.203921571
vb0[1092]+016 TEXCOORD: 0.509277344, 1
vb0[1092]+020 TEXCOORD1: -0.564453125, 0.825683594
vb0[1092]+000 TEXCOORD2: 0.0980392173, 0.760784328, 0.345098048, 0.278431386
vb0[1092]+000 TEXCOORD3: 0.0980392173, 0.760784328, 0.345098048, 0.278431386

vb0[1093]+000 POSITION: -1.82324219, 5.71875, 1.0625, 1
vb0[1093]+008 NORMAL: -0.96062994, -0.0708661452, 0.259842515, 0
vb0[1093]+012 COLOR: 0.549019635, 0.600000024, 0.988235295, 0.576470613
vb0[1093]+016 TEXCOORD: 0.509277344, 0.00245857239
vb0[1093]+020 TEXCOORD1: 2.41601563, 0.755371094
vb0[1093]+000 TEXCOORD2: 0.294117659, 0.749019623, 0.721568644, 0.270588249
vb0[1093]+000 TEXCOORD3: 0.294117659, 0.749019623, 0.721568644, 0.270588249

vb0[1094]+000 POSITION: 0.609375, 6.3515625, 0.691894531, 1
vb0[1094]+008 NORMAL: -0.92125982, -0.0393700786, 0.393700778, 0
vb0[1094]+012 COLOR: 0.549019635, 0.600000024, 0.988235295, 0.368627459
vb0[1094]+016 TEXCOORD: 1, 0.00245857239
vb0[1094]+020 TEXCOORD1: 3.13867188, 0.824707031
vb0[1094]+000 TEXCOORD2: 0.87843138, 0.219607845, 0.352941185, 0.274509817
vb0[1094]+000 TEXCOORD3: 0.87843138, 0.219607845, 0.352941185, 0.274509817

vb0[1095]+000 POSITION: -1.19140625, 8.1328125, 0.50390625, 1
vb0[1095]+008 NORMAL: -0.984251976, -0.0472440943, 0.188976377, 0
vb0[1095]+012 COLOR: 0.549019635, 0.600000024, 0.988235295, 0.486274511
vb0[1095]+016 TEXCOORD: 1, 1
vb0[1095]+020 TEXCOORD1: -0.564453125, 0.825683594
vb0[1095]+000 TEXCOORD2: 0.768627465, 0.737254918, 0.0666666701, 0.282352954
vb0[1095]+000 TEXCOORD3: 0.768627465, 0.737254918, 0.0666666701, 0.282352954

vb0[1096]+000 POSITION: -0.96875, 11.75, 1.22070313, 1
vb0[1096]+008 NORMAL: -0.55905509, 0.14173229, 0.818897665, 0
vb0[1096]+012 COLOR: 0.176470593, 0.301960796, 0.172549024, 0.407843143
vb0[1096]+016 TEXCOORD: 0.509277344, 1
vb0[1096]+020 TEXCOORD1: 2.73632813, 0.899902344
vb0[1096]+000 TEXCOORD2: 0.752941191, 0.733333349, 0.87843138, 0.286274523
vb0[1096]+000 TEXCOORD3: 0.752941191, 0.733333349, 0.87843138, 0.286274523

vb0[1097]+000 POSITION: 0.572753906, 9.2890625, 1.19628906, 1
vb0[1097]+008 NORMAL: -0.385826766, 0.0787401572, 0.92125982, 0
vb0[1097]+012 COLOR: 0.176470593, 0.301960796, 0.172549024, 0.576470613
vb0[1097]+016 TEXCOORD: 0.509277344, 0.00245857239
vb0[1097]+020 TEXCOORD1: 3.14648438, 0.9453125
vb0[1097]+000 TEXCOORD2: 0.58431375, 0.219607845, 0.647058845, 0.282352954
vb0[1097]+000 TEXCOORD3: 0.58431375, 0.219607845, 0.647058845, 0.282352954

vb0[1098]+000 POSITION: -0.15625, 6.62109375, 3.55078125, 1
vb0[1098]+008 NORMAL: -0.299212605, 0.00787401572, 0.952755928, 0
vb0[1098]+012 COLOR: 0.176470593, 0.301960796, 0.172549024, 0.235294119
vb0[1098]+016 TEXCOORD: 1, 0.00245857239
vb0[1098]+020 TEXCOORD1: 3.01171875, 0.744628906
vb0[1098]+000 TEXCOORD2: 0, 0.694117665, 0.623529434, 0.274509817
vb0[1098]+000 TEXCOORD3: 0, 0.694117665, 0.623529434, 0.274509817

vb0[1099]+000 POSITION: -1.81835938, 9.8359375, 3.23046875, 1
vb0[1099]+008 NORMAL: -0.496062994, 0.05511811, 0.866141737, 0
vb0[1099]+012 COLOR: 0.176470593, 0.301960796, 0.172549024, 0.749019623
vb0[1099]+016 TEXCOORD: 1, 1
vb0[1099]+020 TEXCOORD1: 2.97851563, 0.909179688
vb0[1099]+000 TEXCOORD2: 0.274509817, 0.749019623, 0.921568632, 0.282352954
vb0[1099]+000 TEXCOORD3: 0.274509817, 0.749019623, 0.921568632, 0.282352954

vb0[1100]+000 POSITION: -2.74023438, 7.453125, 0.808105469, 1
vb0[1100]+008 NORMAL: -0.614173234, 0.00787401572, 0.787401557, 0
vb0[1100]+012 COLOR: 0.662745118, 0.278431386, 0.917647064, 0.447058827
vb0[1100]+016 TEXCOORD: 1, 0.00245857239
vb0[1100]+020 TEXCOORD1: -0.564453125, 0.825683594
vb0[1100]+000 TEXCOORD2: 0.482352942, 0.75686276, 0.454901963, 0.278431386
vb0[1100]+000 TEXCOORD3: 0.482352942, 0.75686276, 0.454901963, 0.278431386

vb0[1101]+000 POSITION: -0.296386719, 9.046875, 0.700683594, 1
vb0[1101]+008 NORMAL: -0.629921257, 0, 0.779527545, 0
vb0[1101]+012 COLOR: 0.662745118, 0.278431386, 0.917647064, 0.345098048
vb0[1101]+016 TEXCOORD: 0.509277344, 0.00245857239
vb0[1101]+020 TEXCOORD1: 2.7421875, 0.909179688
vb0[1101]+000 TEXCOORD2: 0.745098054, 0.70588237, 0.525490224, 0.282352954
vb0[1101]+000 TEXCOORD3: 0.745098054, 0.70588237, 0.525490224, 0.282352954

vb0[1102]+000 POSITION: -0.547363281, 11.0625, 1.88378906, 1
vb0[1102]+008 NORMAL: -0.637795269, 0.11811024, 0.763779521, 0
vb0[1102]+012 COLOR: 0.662745118, 0.278431386, 0.917647064, 0.321568638
vb0[1102]+016 TEXCOORD: 0.509277344, 1
vb0[1102]+020 TEXCOORD1: 2.93359375, 0.93359375
vb0[1102]+000 TEXCOORD2: 0.380392164, 0.721568644, 0.533333361, 0.286274523
vb0[1102]+000 TEXCOORD3: 0.380392164, 0.721568644, 0.533333361, 0.286274523

vb0[1103]+000 POSITION: -2.64648438, 10.0390625, 2.16015625, 1
vb0[1103]+008 NORMAL: -0.582677186, 0.0236220472, 0.811023593, 0
vb0[1103]+012 COLOR: 0.662745118, 0.278431386, 0.917647064, 0.670588255
vb0[1103]+016 TEXCOORD: 1, 1
vb0[1103]+020 TEXCOORD1: 2.91796875, 0.899902344
vb0[1103]+000 TEXCOORD2: 0.294117659, 0.75686276, 0.0196078438, 0.286274523
vb0[1103]+000 TEXCOORD3: 0.294117659, 0.75686276, 0.0196078438, 0.286274523

vb0[1104]+000 POSITION: -2.29882813, 7.6328125, -1.12597656, 1
vb0[1104]+008 NORMAL: -0.913385808, 0.149606302, -0.385826766, 0
vb0[1104]+012 COLOR: 0.831372559, 0.356862754, 0.847058833, 0.56078434
vb0[1104]+016 TEXCOORD: 1, 0.00245857239
vb0[1104]+020 TEXCOORD1: -0.564453125, 0.825683594
vb0[1104]+000 TEXCOORD2: 0.600000024, 0.752941191, 0.635294139, 0.278431386
vb0[1104]+000 TEXCOORD3: 0.600000024, 0.752941191, 0.635294139, 0.278431386

vb0[1105]+000 POSITION: -1.04980469, 9.9765625, -1.35742188, 1
vb0[1105]+008 NORMAL: -0.944881916, 0.14173229, -0.291338593, 0
vb0[1105]+012 COLOR: 0.831372559, 0.356862754, 0.847058833, 0.749019623
vb0[1105]+016 TEXCOORD: 0.509277344, 0.00245857239
vb0[1105]+020 TEXCOORD1: -0.564453125, 0.825683594
vb0[1105]+000 TEXCOORD2: 0.200000003, 0.737254918, 0.992156863, 0.282352954
vb0[1105]+000 TEXCOORD3: 0.200000003, 0.737254918, 0.992156863, 0.282352954

vb0[1106]+000 POSITION: -1.85546875, 11.421875, 0.0118637085, 1
vb0[1106]+008 NORMAL: -0.929133832, 0.165354326, -0.322834641, 0
vb0[1106]+012 COLOR: 0.831372559, 0.356862754, 0.847058833, 0.607843161
vb0[1106]+016 TEXCOORD: 0.509277344, 1
vb0[1106]+020 TEXCOORD1: -0.564453125, 0.825683594
vb0[1106]+000 TEXCOORD2: 0.423529416, 0.749019623, 0.713725507, 0.286274523
vb0[1106]+000 TEXCOORD3: 0.423529416, 0.749019623, 0.713725507, 0.286274523

vb0[1107]+000 POSITION: -3.03515625, 9.671875, 0.422607422, 1
vb0[1107]+008 NORMAL: -0.984251976, 0.133858263, -0.11023622, 0
vb0[1107]+012 COLOR: 0.831372559, 0.356862754, 0.847058833, 0.266666681
vb0[1107]+016 TEXCOORD: 1, 1
vb0[1107]+020 TEXCOORD1: -0.564453125, 0.825683594
vb0[1107]+000 TEXCOORD2: 0.0705882385, 0.760784328, 0.839215696, 0.282352954
vb0[1107]+000 TEXCOORD3: 0.0705882385, 0.760784328, 0.839215696, 0.282352954

vb0[1108]+000 POSITION: -0.525878906, 14.9140625, 1.07519531, 1
vb0[1108]+008 NORMAL: 0.14173229, 0.771653533, 0.622047246, 0
vb0[1108]+012 COLOR: 0.31764707, 0.156862751, 0.815686285, 0.639215708
vb0[1108]+016 TEXCOORD: 0.509277344, 1
vb0[1108]+020 TEXCOORD1: -0.162109375, 0.986816406
vb0[1108]+000 TEXCOORD2: 0.20784314, 0.721568644, 0.458823532, 0.294117659
vb0[1108]+000 TEXCOORD3: 0.20784314, 0.721568644, 0.458823532, 0.294117659

vb0[1109]+000 POSITION: 0.941894531, 13.9921875, 0.927246094, 1
vb0[1109]+008 NORMAL: 0.291338593, 0.645669281, 0.708661437, 0
vb0[1109]+012 COLOR: 0.31764707, 0.156862751, 0.815686285, 0.513725519
vb0[1109]+016 TEXCOORD: 0.509277344, 0.00245857239
vb0[1109]+020 TEXCOORD1: -0.162109375, 0.986816406
vb0[1109]+000 TEXCOORD2: 0.53725493, 0.23137255, 1, 0.290196091
vb0[1109]+000 TEXCOORD3: 0.53725493, 0.23137255, 1, 0.290196091

vb0[1110]+000 POSITION: 2.38867188, 14.6015625, 2.40625, 1
vb0[1110]+008 NORMAL: 0.370078743, 0.732283473, 0.566929162, 0
vb0[1110]+012 COLOR: 0.31764707, 0.156862751, 0.815686285, 0.858823538
vb0[1110]+016 TEXCOORD: 1, 0.00245857239
vb0[1110]+020 TEXCOORD1: 2.97851563, 0.909179688
vb0[1110]+000 TEXCOORD2: 0.78039217, 0.250980407, 0.301960796, 0.294117659
vb0[1110]+000 TEXCOORD3: 0.78039217, 0.250980407, 0.301960796, 0.294117659

vb0[1111]+000 POSITION: 0.461181641, 15.5625, 2.34375, 1
vb0[1111]+008 NORMAL: 0.370078743, 0.740157485, 0.55905509, 0
vb0[1111]+012 COLOR: 0.31764707, 0.156862751, 0.815686285, 0.607843161
vb0[1111]+016 TEXCOORD: 1, 1
vb0[1111]+020 TEXCOORD1: -0.162109375, 0.986816406
vb0[1111]+000 TEXCOORD2: 0.380392164, 0.215686277, 0.784313738, 0.294117659
vb0[1111]+000 TEXCOORD3: 0.380392164, 0.215686277, 0.784313738, 0.294117659

vb0[1112]+000 POSITION: -0.486816406, 14.015625, 1.62890625, 1
vb0[1112]+008 NORMAL: -0.653543293, 0.503937006, 0.566929162, 0
vb0[1112]+012 COLOR: 0.239215687, 0.709803939, 0.129411772, 0.384313732
vb0[1112]+016 TEXCOORD: 0.509277344, 1
vb0[1112]+020 TEXCOORD1: 2.90625, 0.948242188
vb0[1112]+000 TEXCOORD2: 0.792156875, 0.717647076, 0.00784313772, 0.294117659
vb0[1112]+000 TEXCOORD3: 0.792156875, 0.717647076, 0.00784313772, 0.294117659

vb0[1113]+000 POSITION: -0.496337891, 12.265625, 0.639160156, 1
vb0[1113]+008 NORMAL: -0.88188976, 0.338582665, 0.322834641, 0
vb0[1113]+012 COLOR: 0.239215687, 0.709803939, 0.129411772, 0.376470596
vb0[1113]+016 TEXCOORD: 0.509277344, 0.00245857239
vb0[1113]+020 TEXCOORD1: -0.128295898, 0.985351563
vb0[1113]+000 TEXCOORD2: 0.945098042, 0.717647076, 0.13333334, 0.290196091
vb0[1113]+000 TEXCOORD3: 0.945098042, 0.717647076, 0.13333334, 0.290196091

vb0[1114]+000 POSITION: -2.48632813, 10.8828125, 1.26757813, 1
vb0[1114]+008 NORMAL: -0.929133832, 0.283464581, 0.244094491, 0
vb0[1114]+012 COLOR: 0.239215687, 0.709803939, 0.129411772, 0.290196091
vb0[1114]+016 TEXCOORD: 1, 0.00245857239
vb0[1114]+020 TEXCOORD1: 2.57226563, 0.846679688
vb0[1114]+000 TEXCOORD2: 0.97647059, 0.752941191, 0.443137258, 0.286274523
vb0[1114]+000 TEXCOORD3: 0.97647059, 0.752941191, 0.443137258, 0.286274523

vb0[1115]+000 POSITION: -2.16210938, 13.1328125, 2.31445313, 1
vb0[1115]+008 NORMAL: -0.866141737, 0.322834641, 0.377952754, 0
vb0[1115]+012 COLOR: 0.239215687, 0.709803939, 0.129411772, 0.717647076
vb0[1115]+016 TEXCOORD: 1, 1
vb0[1115]+020 TEXCOORD1: 2.93945313, 0.930664063
vb0[1115]+000 TEXCOORD2: 0.325490206, 0.752941191, 0.568627477, 0.290196091
vb0[1115]+000 TEXCOORD3: 0.325490206, 0.752941191, 0.568627477, 0.290196091

vb0[1116]+000 POSITION: -1.54980469, 6.19140625, -0.817382813, 1
vb0[1116]+008 NORMAL: -0.740157485, -0.05511811, -0.677165329, 0
vb0[1116]+012 COLOR: 0.113725491, 0.196078435, 0.407843143, 0.0392156877
vb0[1116]+016 TEXCOORD: 1, 0.00245857239
vb0[1116]+020 TEXCOORD1: -0.564453125, 0.825683594
vb0[1116]+000 TEXCOORD2: 0.200000003, 0.745098054, 0.192156866, 0.274509817
vb0[1116]+000 TEXCOORD3: 0.200000003, 0.745098054, 0.192156866, 0.274509817

vb0[1117]+000 POSITION: -0.633789063, 4.66015625, 0.360839844, 1
vb0[1117]+008 NORMAL: -0.44094488, -0.11023622, -0.889763772, 0
vb0[1117]+012 COLOR: 0.113725491, 0.196078435, 0.407843143, 0.376470596
vb0[1117]+016 TEXCOORD: 0.509277344, 0.00245857239
vb0[1117]+020 TEXCOORD1: 3.02148438, 0.9921875
vb0[1117]+000 TEXCOORD2: 0.0705882385, 0.725490212, 0.662745118, 0.266666681
vb0[1117]+000 TEXCOORD3: 0.0705882385, 0.725490212, 0.662745118, 0.266666681

vb0[1118]+000 POSITION: -1.11328125, 4.7734375, 2.01171875, 1
vb0[1118]+008 NORMAL: -0.992125988, -0.11811024, -0.0866141766, 0
vb0[1118]+012 COLOR: 0.113725491, 0.196078435, 0.407843143, 0.53725493
vb0[1118]+016 TEXCOORD: 0.509277344, 1
vb0[1118]+020 TEXCOORD1: 2.20117188, 0.397705078
vb0[1118]+000 TEXCOORD2: 0.454901963, 0.737254918, 0.776470602, 0.266666681
vb0[1118]+000 TEXCOORD3: 0.454901963, 0.737254918, 0.776470602, 0.266666681

vb0[1119]+000 POSITION: -1.95996094, 6.0859375, 1.27929688, 1
vb0[1119]+008 NORMAL: -0.866141737, -0.0787401572, -0.496062994, 0
vb0[1119]+012 COLOR: 0.113725491, 0.196078435, 0.407843143, 0.576470613
vb0[1119]+016 TEXCOORD: 1, 1
vb0[1119]+020 TEXCOORD1: -0.564453125, 0.825683594
vb0[1119]+000 TEXCOORD2: 0.843137264, 0.749019623, 0.0862745121, 0.274509817
vb0[1119]+000 TEXCOORD3: 0.843137264, 0.749019623, 0.0862745121, 0.274509817

vb0[1120]+000 POSITION: -0.0858154297, 5.94140625, -0.991699219, 1
vb0[1120]+008 NORMAL: -0.716535449, -0.14173229, -0.685039341, 0
vb0[1120]+012 COLOR: 0.286274523, 0.282352954, 0.101960786, 0.337254912
vb0[1120]+016 TEXCOORD: 0.509277344, 1
vb0[1120]+020 TEXCOORD1: 3.02148438, 0.9921875
vb0[1120]+000 TEXCOORD2: 0.494117647, 0.678431392, 0.945098042, 0.270588249
vb0[1120]+000 TEXCOORD3: 0.494117647, 0.678431392, 0.945098042, 0.270588249

vb0[1121]+000 POSITION: -0.017288208, 4.45703125, -0.218261719, 1
vb0[1121]+008 NORMAL: -0.787401557, -0.188976377, -0.582677186, 0
vb0[1121]+012 COLOR: 0.286274523, 0.282352954, 0.101960786, 0.686274529
vb0[1121]+016 TEXCOORD: 0.509277344, 0.00245857239
vb0[1121]+020 TEXCOORD1: 3.02148438, 0.9921875
vb0[1121]+000 TEXCOORD2: 0.427450985, 0.643137276, 0.458823532, 0.266666681
vb0[1121]+000 TEXCOORD3: 0.427450985, 0.643137276, 0.458823532, 0.266666681

vb0[1122]+000 POSITION: -1.7421875, 4.109375, 0.890625, 1
vb0[1122]+008 NORMAL: -0.96062994, -0.259842515, -0.102362208, 0
vb0[1122]+012 COLOR: 0.286274523, 0.282352954, 0.101960786, 0.670588255
vb0[1122]+016 TEXCOORD: 1, 0.00245857239
vb0[1122]+020 TEXCOORD1: 2.20117188, 0.397705078
vb0[1122]+000 TEXCOORD2: 0.972549021, 0.745098054, 0.109803922, 0.266666681
vb0[1122]+000 TEXCOORD3: 0.972549021, 0.745098054, 0.109803922, 0.266666681

vb0[1123]+000 POSITION: -1.54980469, 5.8828125, -0.179443359, 1
vb0[1123]+008 NORMAL: -0.905511796, -0.228346452, -0.354330719, 0
vb0[1123]+012 COLOR: 0.286274523, 0.282352954, 0.101960786, 0.203921571
vb0[1123]+016 TEXCOORD: 1, 1
vb0[1123]+020 TEXCOORD1: -0.564453125, 0.825683594
vb0[1123]+000 TEXCOORD2: 0.200000003, 0.745098054, 0.886274517, 0.270588249
vb0[1123]+000 TEXCOORD3: 0.200000003, 0.745098054, 0.886274517, 0.270588249

vb0[1124]+000 POSITION: 3.484375, 7.44921875, 3.04296875, 1
vb0[1124]+008 NORMAL: 0.748031497, 0.0314960629, 0.661417305, 0
vb0[1124]+012 COLOR: 0.309803933, 0.843137264, 0.188235298, 0.56078434
vb0[1124]+016 TEXCOORD: 1, 0.00245857239
vb0[1124]+020 TEXCOORD1: 3.3671875, 0.819824219
vb0[1124]+000 TEXCOORD2: 0.972549021, 0.258823544, 0.450980395, 0.278431386
vb0[1124]+000 TEXCOORD3: 0.972549021, 0.258823544, 0.450980395, 0.278431386

vb0[1125]+000 POSITION: 3.5703125, 5.640625, 0.999511719, 1
vb0[1125]+008 NORMAL: 0.787401557, 0.0236220472, 0.614173234, 0
vb0[1125]+012 COLOR: 0.309803933, 0.843137264, 0.188235298, 0.78039217
vb0[1125]+016 TEXCOORD: 0.509277344, 0.00245857239
vb0[1125]+020 TEXCOORD1: 3.01171875, 0.744628906
vb0[1125]+000 TEXCOORD2: 0.141176477, 0.262745112, 0.643137276, 0.270588249
vb0[1125]+000 TEXCOORD3: 0.141176477, 0.262745112, 0.643137276, 0.270588249

vb0[1126]+000 POSITION: 1.69824219, 4.49609375, 0.875, 1
vb0[1126]+008 NORMAL: 0.566929162, -0.157480314, 0.803149581, 0
vb0[1126]+012 COLOR: 0.309803933, 0.843137264, 0.188235298, 0.686274529
vb0[1126]+016 TEXCOORD: 0.509277344, 1
vb0[1126]+020 TEXCOORD1: 3.01367188, 0.793945313
vb0[1126]+000 TEXCOORD2: 0.796078444, 0.243137255, 0.498039216, 0.266666681
vb0[1126]+000 TEXCOORD3: 0.796078444, 0.243137255, 0.498039216, 0.266666681

vb0[1127]+000 POSITION: 1.33105469, 5.83984375, 2.57617188, 1
vb0[1127]+008 NORMAL: 0.779527545, 0.0314960629, 0.629921257, 0
vb0[1127]+012 COLOR: 0.309803933, 0.843137264, 0.188235298, 0.717647076
vb0[1127]+016 TEXCOORD: 1, 1
vb0[1127]+020 TEXCOORD1: 3.01171875, 0.744628906
vb0[1127]+000 TEXCOORD2: 0.325490206, 0.239215687, 0.843137264, 0.270588249
vb0[1127]+000 TEXCOORD3: 0.325490206, 0.239215687, 0.843137264, 0.270588249

vb0[1128]+000 POSITION: 2.38476563, 5.2578125, 1.59179688, 1
vb0[1128]+008 NORMAL: 0.992125988, -0.0787401572, 0.05511811, 0
vb0[1128]+012 COLOR: 0.733333349, 0.0627451017, 0.435294122, 0.741176486
vb0[1128]+016 TEXCOORD: 0.509277344, 1
vb0[1128]+020 TEXCOORD1: 3.01171875, 0.744628906
vb0[1128]+000 TEXCOORD2: 0.772549033, 0.250980407, 0.258823544, 0.270588249
vb0[1128]+000 TEXCOORD3: 0.772549033, 0.250980407, 0.258823544, 0.270588249

vb0[1129]+000 POSITION: 2.41796875, 5.515625, -0.0427246094, 1
vb0[1129]+008 NORMAL: 0.992125988, -0.0708661452, 0.05511811, 0
vb0[1129]+012 COLOR: 0.733333349, 0.0627451017, 0.435294122, 0.454901963
vb0[1129]+016 TEXCOORD: 0.509277344, 0.00245857239
vb0[1129]+020 TEXCOORD1: 0.0800170898, 0.996582031
vb0[1129]+000 TEXCOORD2: 0.839215696, 0.250980407, 0.517647088, 0.270588249
vb0[1129]+000 TEXCOORD3: 0.839215696, 0.250980407, 0.517647088, 0.270588249

vb0[1130]+000 POSITION: 4.125, 6.515625, -0.600585938, 1
vb0[1130]+008 NORMAL: 0.968503952, -0.0472440943, -0.228346452, 0
vb0[1130]+012 COLOR: 0.733333349, 0.0627451017, 0.435294122, 0.4627451
vb0[1130]+016 TEXCOORD: 1, 0.00245857239
vb0[1130]+020 TEXCOORD1: 0.592773438, 0.805664063
vb0[1130]+000 TEXCOORD2: 0.125490203, 0.266666681, 0.517647088, 0.274509817
vb0[1130]+000 TEXCOORD3: 0.125490203, 0.266666681, 0.517647088, 0.274509817

vb0[1131]+000 POSITION: 3.81835938, 6.05859375, 1.37988281, 1
vb0[1131]+008 NORMAL: 0.992125988, -0.0708661452, 0.05511811, 0
vb0[1131]+012 COLOR: 0.733333349, 0.0627451017, 0.435294122, 0.298039228
vb0[1131]+016 TEXCOORD: 1, 1
vb0[1131]+020 TEXCOORD1: 3.01171875, 0.744628906
vb0[1131]+000 TEXCOORD2: 0.639215708, 0.262745112, 0.0588235296, 0.274509817
vb0[1131]+000 TEXCOORD3: 0.639215708, 0.262745112, 0.0588235296, 0.274509817

vb0[1132]+000 POSITION: 2.45507813, 5.40625, -0.24987793, 1
vb0[1132]+008 NORMAL: 0.952755928, -0.0787401572, 0.299212605, 0
vb0[1132]+012 COLOR: 0.125490203, 0.298039228, 0.764705896, 0.447058827
vb0[1132]+016 TEXCOORD: 1, 0.00245857239
vb0[1132]+020 TEXCOORD1: 0.126464844, 0.979492188
vb0[1132]+000 TEXCOORD2: 0.913725495, 0.250980407, 0.407843143, 0.270588249
vb0[1132]+000 TEXCOORD3: 0.913725495, 0.250980407, 0.407843143, 0.270588249

vb0[1133]+000 POSITION: 2.92382813, 7.91015625, 2.30664063, 1
vb0[1133]+008 NORMAL: 0.96062994, 0, 0.283464581, 0
vb0[1133]+012 COLOR: 0.125490203, 0.298039228, 0.764705896, 0.219607845
vb0[1133]+016 TEXCOORD: 0.509277344, 0.00245857239
vb0[1133]+020 TEXCOORD1: 3.3671875, 0.819824219
vb0[1133]+000 TEXCOORD2: 0.850980401, 0.254901975, 0.913725495, 0.278431386
vb0[1133]+000 TEXCOORD3: 0.850980401, 0.254901975, 0.913725495, 0.278431386

vb0[1134]+000 POSITION: 1.28710938, 10.2578125, 1.79003906, 1
vb0[1134]+008 NORMAL: 0.755905509, 0.0708661452, 0.653543293, 0
vb0[1134]+012 COLOR: 0.125490203, 0.298039228, 0.764705896, 0.329411775
vb0[1134]+016 TEXCOORD: 0.509277344, 1
vb0[1134]+020 TEXCOORD1: 3.10742188, 0.879394531
vb0[1134]+000 TEXCOORD2: 0.149019614, 0.239215687, 0.129411772, 0.286274523
vb0[1134]+000 TEXCOORD3: 0.149019614, 0.239215687, 0.129411772, 0.286274523

vb0[1135]+000 POSITION: 0.6328125, 8.515625, -0.446044922, 1
vb0[1135]+008 NORMAL: 1, -0.0472440943, 0, 0
vb0[1135]+012 COLOR: 0.125490203, 0.298039228, 0.764705896, 0.623529434
vb0[1135]+016 TEXCOORD: 1, 1
vb0[1135]+020 TEXCOORD1: 3.30273438, 0.930664063
vb0[1135]+000 TEXCOORD2: 0.0627451017, 0.223529413, 0.258823544, 0.282352954
vb0[1135]+000 TEXCOORD3: 0.0627451017, 0.223529413, 0.258823544, 0.282352954
