stride: 24
first vertex: 0
vertex count: 466
topology: trianglelist
element[0]:
  SemanticName: POSITION
  SemanticIndex: 0
  Format: R16G16B16A16_FLOAT
  InputSlot: 0
  AlignedByteOffset: 0
  InputSlotClass: per-vertex
  InstanceDataStepRate: 0
element[1]:
  SemanticName: NORMAL
  SemanticIndex: 0
  Format: R8G8B8A8_SNORM
  InputSlot: 0
  AlignedByteOffset: 8
  InputSlotClass: per-vertex
  InstanceDataStepRate: 0
element[2]:
  SemanticName: COLOR
  SemanticIndex: 0
  Format: R8G8B8A8_UNORM
  InputSlot: 0
  AlignedByteOffset: 0
  InputSlotClass: per-vertex
  InstanceDataStepRate: 0
element[3]:
  SemanticName: TEXCOORD
  SemanticIndex: 0
  Format: R8G8B8A8_UNORM
  InputSlot: 0
  AlignedByteOffset: 0
  InputSlotClass: per-vertex
  InstanceDataStepRate: 0
element[4]:
  SemanticName: TEXCOORD
  SemanticIndex: 1
  Format: R8G8B8A8_UNORM
  InputSlot: 0
  AlignedByteOffset: 0
  InputSlotClass: per-vertex
  InstanceDataStepRate: 0
element[5]:
  SemanticName: TEXCOORD
  SemanticIndex: 2
  Format: R8G8B8A8_UNORM
  InputSlot: 0
  AlignedByteOffset: 0
  InputSlotClass: per-vertex
  InstanceDataStepRate: 0
element[6]:
  SemanticName: TEXCOORD
  SemanticIndex: 3
  Format: R8G8B8A8_UNORM
  InputSlot: 0
  AlignedByteOffset: 0
  InputSlotClass: per-vertex
  InstanceDataStepRate: 0
element[7]:
  SemanticName: TANGENT
  SemanticIndex: 0
  Format: R8G8B8A8_UNORM
  InputSlot: 0
  AlignedByteOffset: 0
  InputSlotClass: per-vertex
  InstanceDataStepRate: 0

vertex-data:

vb0[0]+000 POSITION: -4.0234375, 2.3671875, 4.3359375, 1
vb0[0]+008 NORMAL: -0.905511796, -0.40157479, -0.149606302, 0
vb0[0]+000 COLOR: 0.0235294122, 0.768627465, 0.737254918, 0.250980407
vb0[0]+000 TEXCOORD: 0.0235294122, 0.768627465, 0.737254918, 0.250980407
vb0[0]+000 TEXCOORD1: 0.0235294122, 0.768627465, 0.737254918, 0.250980407
vb0[0]+000 TEXCOORD2: 0.0235294122, 0.768627465, 0.737254918, 0.250980407
vb0[0]+000 TEXCOORD3: 0.0235294122, 0.768627465, 0.737254918, 0.250980407
vb0[0]+000 TANGENT: 0.0235294122, 0.768627465, 0.737254918, 0.250980407

vb0[1]+000 POSITION: -3.51367188, 1.45117188, 4.75, 1
vb0[1]+008 NORMAL: -0.826771677, -0.551181078, 0.11023622, 0
vb0[1]+000 COLOR: 0.0274509806, 0.764705896, 0.807843149, 0.239215687
vb0[1]+000 TEXCOORD: 0.0274509806, 0.764705896, 0.807843149, 0.239215687
vb0[1]+000 TEXCOORD1: 0.0274509806, 0.764705896, 0.807843149, 0.239215687
vb0[1]+000 TEXCOORD2: 0.0274509806, 0.764705896, 0.807843149, 0.239215687
vb0[1]+000 TEXCOORD3: 0.0274509806, 0.764705896, 0.807843149, 0.239215687
vb0[1]+000 TANGENT: 0.0274509806, 0.764705896, 0.807843149, 0.239215687

vb0[2]+000 POSITION: -4.09375, 3.19726563, 6.08984375, 1
vb0[2]+008 NORMAL: -0.740157485, -0.346456707, 0.574803174, 0
vb0[2]+000 COLOR: 0.0941176489, 0.768627465, 0.396078438, 0.258823544
vb0[2]+000 TEXCOORD: 0.0941176489, 0.768627465, 0.396078438, 0.258823544
vb0[2]+000 TEXCOORD1: 0.0941176489, 0.768627465, 0.396078438, 0.258823544
vb0[2]+000 TEXCOORD2: 0.0941176489, 0.768627465, 0.396078438, 0.258823544
vb0[2]+000 TEXCOORD3: 0.0941176489, 0.768627465, 0.396078438, 0.258823544
vb0[2]+000 TANGENT: 0.0941176489, 0.768627465, 0.396078438, 0.258823544

vb0[3]+000 POSITION: -3.65625, 2.37695313, 5.95703125, 1
vb0[3]+008 NORMAL: -0.574803174, -0.535433054, 0.614173234, 0
vb0[3]+000 COLOR: 0.313725501, 0.764705896, 0.75686276, 0.250980407
vb0[3]+000 TEXCOORD: 0.313725501, 0.764705896, 0.75686276, 0.250980407
vb0[3]+000 TEXCOORD1: 0.313725501, 0.764705896, 0.75686276, 0.250980407
vb0[3]+000 TEXCOORD2: 0.313725501, 0.764705896, 0.75686276, 0.250980407
vb0[3]+000 TEXCOORD3: 0.313725501, 0.764705896, 0.75686276, 0.250980407
vb0[3]+000 TANGENT: 0.313725501, 0.764705896, 0.75686276, 0.250980407

vb0[4]+000 POSITION: -2.71875, 3.609375, 6.83203125, 1
vb0[4]+008 NORMAL: -0.0629921257, -0.283464581, 0.96062994, 0
vb0[4]+000 COLOR: 0.43921569, 0.75686276, 0.219607845, 0.262745112
vb0[4]+000 TEXCOORD: 0.43921569, 0.75686276, 0.219607845, 0.262745112
vb0[4]+000 TEXCOORD1: 0.43921569, 0.75686276, 0.219607845, 0.262745112
vb0[4]+000 TEXCOORD2: 0.43921569, 0.75686276, 0.219607845, 0.262745112
vb0[4]+000 TEXCOORD3: 0.43921569, 0.75686276, 0.219607845, 0.262745112
vb0[4]+000 TANGENT: 0.43921569, 0.75686276, 0.219607845, 0.262745112

vb0[5]+000 POSITION: -3.54492188, 5.0234375, 6.9375, 1
vb0[5]+008 NORMAL: -0.503937006, -0.188976377, 0.842519701, 0
vb0[5]+000 COLOR: 0.0901960805, 0.764705896, 0.0235294122, 0.270588249
vb0[5]+000 TEXCOORD: 0.0901960805, 0.764705896, 0.0235294122, 0.270588249
vb0[5]+000 TEXCOORD1: 0.0901960805, 0.764705896, 0.0235294122, 0.270588249
vb0[5]+000 TEXCOORD2: 0.0901960805, 0.764705896, 0.0235294122, 0.270588249
vb0[5]+000 TEXCOORD3: 0.0901960805, 0.764705896, 0.0235294122, 0.270588249
vb0[5]+000 TANGENT: 0.0901960805, 0.764705896, 0.0235294122, 0.270588249

vb0[6]+000 POSITION: -2.79882813, 4.94140625, 7.12109375, 1
vb0[6]+008 NORMAL: -0.102362208, -0.275590539, 0.952755928, 0
vb0[6]+000 COLOR: 0.600000024, 0.75686276, 0.945098042, 0.266666681
vb0[6]+000 TEXCOORD: 0.600000024, 0.75686276, 0.945098042, 0.266666681
vb0[6]+000 TEXCOORD1: 0.600000024, 0.75686276, 0.945098042, 0.266666681
vb0[6]+000 TEXCOORD2: 0.600000024, 0.75686276, 0.945098042, 0.266666681
vb0[6]+000 TEXCOORD3: 0.600000024, 0.75686276, 0.945098042, 0.266666681
vb0[6]+000 TANGENT: 0.600000024, 0.75686276, 0.945098042, 0.266666681

vb0[7]+000 POSITION: -1.87207031, 3.91992188, 6.69140625, 1
vb0[7]+008 NORMAL: -0.314960629, -0.188976377, 0.929133832, 0
vb0[7]+000 COLOR: 0.490196079, 0.749019623, 0.843137264, 0.262745112
vb0[7]+000 TEXCOORD: 0.490196079, 0.749019623, 0.843137264, 0.262745112
vb0[7]+000 TEXCOORD1: 0.490196079, 0.749019623, 0.843137264, 0.262745112
vb0[7]+000 TEXCOORD2: 0.490196079, 0.749019623, 0.843137264, 0.262745112
vb0[7]+000 TEXCOORD3: 0.490196079, 0.749019623, 0.843137264, 0.262745112
vb0[7]+000 TANGENT: 0.490196079, 0.749019623, 0.843137264, 0.262745112

vb0[8]+000 POSITION: -1.78710938, 2.86523438, 6.37890625, 1
vb0[8]+008 NORMAL: -0.322834641, -0.417322844, 0.850393713, 0
vb0[8]+000 COLOR: 0.149019614, 0.749019623, 0.733333349, 0.254901975
vb0[8]+000 TEXCOORD: 0.149019614, 0.749019623, 0.733333349, 0.254901975
vb0[8]+000 TEXCOORD1: 0.149019614, 0.749019623, 0.733333349, 0.254901975
vb0[8]+000 TEXCOORD2: 0.149019614, 0.749019623, 0.733333349, 0.254901975
vb0[8]+000 TEXCOORD3: 0.149019614, 0.749019623, 0.733333349, 0.254901975
vb0[8]+000 TANGENT: 0.149019614, 0.749019623, 0.733333349, 0.254901975

vb0[9]+000 POSITION: -1.48730469, 3.82226563, 7.2890625, 1
vb0[9]+008 NORMAL: -0.724409461, -0.00787401572, 0.685039341, 0
vb0[9]+000 COLOR: 0.952941179, 0.741176486, 0.647058845, 0.262745112
vb0[9]+000 TEXCOORD: 0.952941179, 0.741176486, 0.647058845, 0.262745112
vb0[9]+000 TEXCOORD1: 0.952941179, 0.741176486, 0.647058845, 0.262745112
vb0[9]+000 TEXCOORD2: 0.952941179, 0.741176486, 0.647058845, 0.262745112
vb0[9]+000 TEXCOORD3: 0.952941179, 0.741176486, 0.647058845, 0.262745112
vb0[9]+000 TANGENT: 0.952941179, 0.741176486, 0.647058845, 0.262745112

vb0[10]+000 POSITION: -1.29296875, 4.8671875, 7.296875, 1
vb0[10]+008 NORMAL: -0.645669281, 0.102362208, 0.755905509, 0
vb0[10]+000 COLOR: 0.172549024, 0.741176486, 0.870588243, 0.266666681
vb0[10]+000 TEXCOORD: 0.172549024, 0.741176486, 0.870588243, 0.266666681
vb0[10]+000 TEXCOORD1: 0.172549024, 0.741176486, 0.870588243, 0.266666681
vb0[10]+000 TEXCOORD2: 0.172549024, 0.741176486, 0.870588243, 0.266666681
vb0[10]+000 TEXCOORD3: 0.172549024, 0.741176486, 0.870588243, 0.266666681
vb0[10]+000 TANGENT: 0.172549024, 0.741176486, 0.870588243, 0.266666681

vb0[11]+000 POSITION: -1.64453125, 5.03515625, 6.78515625, 1
vb0[11]+008 NORMAL: -0.22047244, -0.0393700786, 0.976377964, 0
vb0[11]+000 COLOR: 0.580392182, 0.745098054, 0.0352941193, 0.270588249
vb0[11]+000 TEXCOORD: 0.580392182, 0.745098054, 0.0352941193, 0.270588249
vb0[11]+000 TEXCOORD1: 0.580392182, 0.745098054, 0.0352941193, 0.270588249
vb0[11]+000 TEXCOORD2: 0.580392182, 0.745098054, 0.0352941193, 0.270588249
vb0[11]+000 TEXCOORD3: 0.580392182, 0.745098054, 0.0352941193, 0.270588249
vb0[11]+000 TANGENT: 0.580392182, 0.745098054, 0.0352941193, 0.270588249

vb0[12]+000 POSITION: -0.837402344, 4.6484375, 7.50390625, 1
vb0[12]+008 NORMAL: -0.165354326, 0.0629921257, 0.984251976, 0
vb0[12]+000 COLOR: 0.701960802, 0.729411781, 0.650980413, 0.266666681
vb0[12]+000 TEXCOORD: 0.701960802, 0.729411781, 0.650980413, 0.266666681
vb0[12]+000 TEXCOORD1: 0.701960802, 0.729411781, 0.650980413, 0.266666681
vb0[12]+000 TEXCOORD2: 0.701960802, 0.729411781, 0.650980413, 0.266666681
vb0[12]+000 TEXCOORD3: 0.701960802, 0.729411781, 0.650980413, 0.266666681
vb0[12]+000 TANGENT: 0.701960802, 0.729411781, 0.650980413, 0.266666681

vb0[13]+000 POSITION: -1.17285156, 3.33398438, 7.56640625, 1
vb0[13]+008 NORMAL: -0.385826766, -0.291338593, 0.874015749, 0
vb0[13]+000 COLOR: 0.694117665, 0.737254918, 0.670588255, 0.258823544
vb0[13]+000 TEXCOORD: 0.694117665, 0.737254918, 0.670588255, 0.258823544
vb0[13]+000 TEXCOORD1: 0.694117665, 0.737254918, 0.670588255, 0.258823544
vb0[13]+000 TEXCOORD2: 0.694117665, 0.737254918, 0.670588255, 0.258823544
vb0[13]+000 TEXCOORD3: 0.694117665, 0.737254918, 0.670588255, 0.258823544
vb0[13]+000 TANGENT: 0.694117665, 0.737254918, 0.670588255, 0.258823544

vb0[14]+000 POSITION: -1.40136719, 2.79882813, 6.8984375, 1
vb0[14]+008 NORMAL: -0.535433054, -0.590551198, 0.606299222, 0
vb0[14]+000 COLOR: 0.607843161, 0.741176486, 0.600000024, 0.254901975
vb0[14]+000 TEXCOORD: 0.607843161, 0.741176486, 0.600000024, 0.254901975
vb0[14]+000 TEXCOORD1: 0.607843161, 0.741176486, 0.600000024, 0.254901975
vb0[14]+000 TEXCOORD2: 0.607843161, 0.741176486, 0.600000024, 0.254901975
vb0[14]+000 TEXCOORD3: 0.607843161, 0.741176486, 0.600000024, 0.254901975
vb0[14]+000 TANGENT: 0.607843161, 0.741176486, 0.600000024, 0.254901975

vb0[15]+000 POSITION: -0.775390625, 2.59570313, 6.859375, 1
vb0[15]+008 NORMAL: -0.05511811, -0.826771677, 0.55905509, 0
vb0[15]+000 COLOR: 0.203921571, 0.729411781, 0.192156866, 0.254901975
vb0[15]+000 TEXCOORD: 0.203921571, 0.729411781, 0.192156866, 0.254901975
vb0[15]+000 TEXCOORD1: 0.203921571, 0.729411781, 0.192156866, 0.254901975
vb0[15]+000 TEXCOORD2: 0.203921571, 0.729411781, 0.192156866, 0.254901975
vb0[15]+000 TEXCOORD3: 0.203921571, 0.729411781, 0.192156866, 0.254901975
vb0[15]+000 TANGENT: 0.203921571, 0.729411781, 0.192156866, 0.254901975

vb0[16]+000 POSITION: -0.44140625, 3.12890625, 7.5, 1
vb0[16]+008 NORMAL: 0.149606302, -0.425196856, 0.889763772, 0
vb0[16]+000 COLOR: 0.0627451017, 0.717647076, 0.258823544, 0.258823544
vb0[16]+000 TEXCOORD: 0.0627451017, 0.717647076, 0.258823544, 0.258823544
vb0[16]+000 TEXCOORD1: 0.0627451017, 0.717647076, 0.258823544, 0.258823544
vb0[16]+000 TEXCOORD2: 0.0627451017, 0.717647076, 0.258823544, 0.258823544
vb0[16]+000 TEXCOORD3: 0.0627451017, 0.717647076, 0.258823544, 0.258823544
vb0[16]+000 TANGENT: 0.0627451017, 0.717647076, 0.258823544, 0.258823544

vb0[17]+000 POSITION: 0.592773438, 2.84570313, 6.91796875, 1
vb0[17]+008 NORMAL: 0.377952754, -0.535433054, 0.755905509, 0
vb0[17]+000 COLOR: 0.745098054, 0.219607845, 0.694117665, 0.254901975
vb0[17]+000 TEXCOORD: 0.745098054, 0.219607845, 0.694117665, 0.254901975
vb0[17]+000 TEXCOORD1: 0.745098054, 0.219607845, 0.694117665, 0.254901975
vb0[17]+000 TEXCOORD2: 0.745098054, 0.219607845, 0.694117665, 0.254901975
vb0[17]+000 TEXCOORD3: 0.745098054, 0.219607845, 0.694117665, 0.254901975
vb0[17]+000 TANGENT: 0.745098054, 0.219607845, 0.694117665, 0.254901975

vb0[18]+000 POSITION: 0.602539063, 2.38476563, 6.21875, 1
vb0[18]+008 NORMAL: -0.0157480314, -0.755905509, 0.653543293, 0
vb0[18]+000 COLOR: 0.823529422, 0.219607845, 0.772549033, 0.250980407
vb0[18]+000 TEXCOORD: 0.823529422, 0.219607845, 0.772549033, 0.250980407
vb0[18]+000 TEXCOORD1: 0.823529422, 0.219607845, 0.772549033, 0.250980407
vb0[18]+000 TEXCOORD2: 0.823529422, 0.219607845, 0.772549033, 0.250980407
vb0[18]+000 TEXCOORD3: 0.823529422, 0.219607845, 0.772549033, 0.250980407
vb0[18]+000 TANGENT: 0.823529422, 0.219607845, 0.772549033, 0.250980407

vb0[19]+000 POSITION: 1.33300781, 2.734375, 6.328125, 1
vb0[19]+008 NORMAL: 0.11811024, -0.307086617, 0.944881916, 0
vb0[19]+000 COLOR: 0.333333343, 0.239215687, 0.470588237, 0.254901975
vb0[19]+000 TEXCOORD: 0.333333343, 0.239215687, 0.470588237, 0.254901975
vb0[19]+000 TEXCOORD1: 0.333333343, 0.239215687, 0.470588237, 0.254901975
vb0[19]+000 TEXCOORD2: 0.333333343, 0.239215687, 0.470588237, 0.254901975
vb0[19]+000 TEXCOORD3: 0.333333343, 0.239215687, 0.470588237, 0.254901975
vb0[19]+000 TANGENT: 0.333333343, 0.239215687, 0.470588237, 0.254901975

vb0[20]+000 POSITION: 2.35546875, 2.39453125, 6.3359375, 1
vb0[20]+008 NORMAL: 0.0472440943, -0.354330719, 0.937007844, 0
vb0[20]+000 COLOR: 0.713725507, 0.250980407, 0.792156875, 0.250980407
vb0[20]+000 TEXCOORD: 0.713725507, 0.250980407, 0.792156875, 0.250980407
vb0[20]+000 TEXCOORD1: 0.713725507, 0.250980407, 0.792156875, 0.250980407
vb0[20]+000 TEXCOORD2: 0.713725507, 0.250980407, 0.792156875, 0.250980407
vb0[20]+000 TEXCOORD3: 0.713725507, 0.250980407, 0.792156875, 0.250980407
vb0[20]+000 TANGENT: 0.713725507, 0.250980407, 0.792156875, 0.250980407

vb0[21]+000 POSITION: 2.70507813, 3.44921875, 6.6953125, 1
vb0[21]+008 NORMAL: 0.0314960629, -0.299212605, 0.952755928, 0
vb0[21]+000 COLOR: 0.411764711, 0.254901975, 0.90196079, 0.258823544
vb0[21]+000 TEXCOORD: 0.411764711, 0.254901975, 0.90196079, 0.258823544
vb0[21]+000 TEXCOORD1: 0.411764711, 0.254901975, 0.90196079, 0.258823544
vb0[21]+000 TEXCOORD2: 0.411764711, 0.254901975, 0.90196079, 0.258823544
vb0[21]+000 TEXCOORD3: 0.411764711, 0.254901975, 0.90196079, 0.258823544
vb0[21]+000 TANGENT: 0.411764711, 0.254901975, 0.90196079, 0.258823544

vb0[22]+000 POSITION: 2.15039063, 4.4140625, 6.7734375, 1
vb0[22]+008 NORMAL: -0.362204731, -0.228346452, 0.905511796, 0
vb0[22]+000 COLOR: 0.301960796, 0.250980407, 0.41568628, 0.266666681
vb0[22]+000 TEXCOORD: 0.301960796, 0.250980407, 0.41568628, 0.266666681
vb0[22]+000 TEXCOORD1: 0.301960796, 0.250980407, 0.41568628, 0.266666681
vb0[22]+000 TEXCOORD2: 0.301960796, 0.250980407, 0.41568628, 0.266666681
vb0[22]+000 TEXCOORD3: 0.301960796, 0.250980407, 0.41568628, 0.266666681
vb0[22]+000 TANGENT: 0.301960796, 0.250980407, 0.41568628, 0.266666681

vb0[23]+000 POSITION: 2.52539063, 1.25390625, 5.828125, 1
vb0[23]+008 NORMAL: 0.00787401572, -0.653543293, 0.755905509, 0
vb0[23]+000 COLOR: 0.0509803928, 0.254901975, 0.0156862754, 0.239215687
vb0[23]+000 TEXCOORD: 0.0509803928, 0.254901975, 0.0156862754, 0.239215687
vb0[23]+000 TEXCOORD1: 0.0509803928, 0.254901975, 0.0156862754, 0.239215687
vb0[23]+000 TEXCOORD2: 0.0509803928, 0.254901975, 0.0156862754, 0.239215687
vb0[23]+000 TEXCOORD3: 0.0509803928, 0.254901975, 0.0156862754, 0.239215687
vb0[23]+000 TANGENT: 0.0509803928, 0.254901975, 0.0156862754, 0.239215687

vb0[24]+000 POSITION: 0.145874023, 4.40625, 7.3671875, 1
vb0[24]+008 NORMAL: 0.338582665, -0.0787401572, 0.937007844, 0
vb0[24]+000 COLOR: 0.670588255, 0.188235298, 0.407843143, 0.266666681
vb0[24]+000 TEXCOORD: 0.670588255, 0.188235298, 0.407843143, 0.266666681
vb0[24]+000 TEXCOORD1: 0.670588255, 0.188235298, 0.407843143, 0.266666681
vb0[24]+000 TEXCOORD2: 0.670588255, 0.188235298, 0.407843143, 0.266666681
vb0[24]+000 TEXCOORD3: 0.670588255, 0.188235298, 0.407843143, 0.266666681
vb0[24]+000 TANGENT: 0.670588255, 0.188235298, 0.407843143, 0.266666681

vb0[25]+000 POSITION: 1.70507813, 4.1796875, 6.44140625, 1
vb0[25]+008 NORMAL: -0.11023622, -0.0866141766, 0.992125988, 0
vb0[25]+000 COLOR: 0.823529422, 0.243137255, 0.180392161, 0.266666681
vb0[25]+000 TEXCOORD: 0.823529422, 0.243137255, 0.180392161, 0.266666681
vb0[25]+000 TEXCOORD1: 0.823529422, 0.243137255, 0.180392161, 0.266666681
vb0[25]+000 TEXCOORD2: 0.823529422, 0.243137255, 0.180392161, 0.266666681
vb0[25]+000 TEXCOORD3: 0.823529422, 0.243137255, 0.180392161, 0.266666681
vb0[25]+000 TANGENT: 0.823529422, 0.243137255, 0.180392161, 0.266666681

vb0[26]+000 POSITION: 1.09277344, 5.07421875, 7.03125, 1
vb0[26]+008 NORMAL: 0.488188982, -0.149606302, 0.858267725, 0
vb0[26]+000 COLOR: 0.372549027, 0.235294119, 0.0745098069, 0.270588249
vb0[26]+000 TEXCOORD: 0.372549027, 0.235294119, 0.0745098069, 0.270588249
vb0[26]+000 TEXCOORD1: 0.372549027, 0.235294119, 0.0745098069, 0.270588249
vb0[26]+000 TEXCOORD2: 0.372549027, 0.235294119, 0.0745098069, 0.270588249
vb0[26]+000 TEXCOORD3: 0.372549027, 0.235294119, 0.0745098069, 0.270588249
vb0[26]+000 TANGENT: 0.372549027, 0.235294119, 0.0745098069, 0.270588249

vb0[27]+000 POSITION: 3.50195313, 1.671875, 5.7890625, 1
vb0[27]+008 NORMAL: 0.433070868, -0.503937006, 0.748031497, 0
vb0[27]+000 COLOR: 0.00392156886, 0.262745112, 0.690196097, 0.243137255
vb0[27]+000 TEXCOORD: 0.00392156886, 0.262745112, 0.690196097, 0.243137255
vb0[27]+000 TEXCOORD1: 0.00392156886, 0.262745112, 0.690196097, 0.243137255
vb0[27]+000 TEXCOORD2: 0.00392156886, 0.262745112, 0.690196097, 0.243137255
vb0[27]+000 TEXCOORD3: 0.00392156886, 0.262745112, 0.690196097, 0.243137255
vb0[27]+000 TANGENT: 0.00392156886, 0.262745112, 0.690196097, 0.243137255

vb0[28]+000 POSITION: 3.08203125, 0.905761719, 5.3828125, 1
vb0[28]+008 NORMAL: 0.385826766, -0.653543293, 0.645669281, 0
vb0[28]+000 COLOR: 0.164705887, 0.258823544, 0.247058824, 0.23137255
vb0[28]+000 TEXCOORD: 0.164705887, 0.258823544, 0.247058824, 0.23137255
vb0[28]+000 TEXCOORD1: 0.164705887, 0.258823544, 0.247058824, 0.23137255
vb0[28]+000 TEXCOORD2: 0.164705887, 0.258823544, 0.247058824, 0.23137255
vb0[28]+000 TEXCOORD3: 0.164705887, 0.258823544, 0.247058824, 0.23137255
vb0[28]+000 TANGENT: 0.164705887, 0.258823544, 0.247058824, 0.23137255

vb0[29]+000 POSITION: 1.27636719, 1.38378906, 5.64453125, 1
vb0[29]+008 NORMAL: 0.149606302, -0.425196856, 0.897637784, 0
vb0[29]+000 COLOR: 0.105882354, 0.239215687, 0.53725493, 0.239215687
vb0[29]+000 TEXCOORD: 0.105882354, 0.239215687, 0.53725493, 0.239215687
vb0[29]+000 TEXCOORD1: 0.105882354, 0.239215687, 0.53725493, 0.239215687
vb0[29]+000 TEXCOORD2: 0.105882354, 0.239215687, 0.53725493, 0.239215687
vb0[29]+000 TEXCOORD3: 0.105882354, 0.239215687, 0.53725493, 0.239215687
vb0[29]+000 TANGENT: 0.105882354, 0.239215687, 0.53725493, 0.239215687

vb0[30]+000 POSITION: 2.50585938, 0.0345458984, 4.890625, 1
vb0[30]+008 NORMAL: 0.0236220472, -0.874015749, 0.48031497, 0
vb0[30]+000 COLOR: 0.0117647061, 0.254901975, 0.423529416, 0.156862751
vb0[30]+000 TEXCOORD: 0.0117647061, 0.254901975, 0.423529416, 0.156862751
vb0[30]+000 TEXCOORD1: 0.0117647061, 0.254901975, 0.423529416, 0.156862751
vb0[30]+000 TEXCOORD2: 0.0117647061, 0.254901975, 0.423529416, 0.156862751
vb0[30]+000 TEXCOORD3: 0.0117647061, 0.254901975, 0.423529416, 0.156862751
vb0[30]+000 TANGENT: 0.0117647061, 0.254901975, 0.423529416, 0.156862751

vb0[31]+000 POSITION: 3.8203125, 0.649902344, 3.88867188, 1
vb0[31]+008 NORMAL: 0.787401557, -0.566929162, 0.251968503, 0
vb0[31]+000 COLOR: 0.643137276, 0.262745112, 0.200000003, 0.223529413
vb0[31]+000 TEXCOORD: 0.643137276, 0.262745112, 0.200000003, 0.223529413
vb0[31]+000 TEXCOORD1: 0.643137276, 0.262745112, 0.200000003, 0.223529413
vb0[31]+000 TEXCOORD2: 0.643137276, 0.262745112, 0.200000003, 0.223529413
vb0[31]+000 TEXCOORD3: 0.643137276, 0.262745112, 0.200000003, 0.223529413
vb0[31]+000 TANGENT: 0.643137276, 0.262745112, 0.200000003, 0.223529413

vb0[32]+000 POSITION: 4.1796875, 2.078125, 5.44921875, 1
vb0[32]+008 NORMAL: 0.818897665, -0.433070868, 0.377952754, 0
vb0[32]+000 COLOR: 0.180392161, 0.266666681, 0.156862751, 0.250980407
vb0[32]+000 TEXCOORD: 0.180392161, 0.266666681, 0.156862751, 0.250980407
vb0[32]+000 TEXCOORD1: 0.180392161, 0.266666681, 0.156862751, 0.250980407
vb0[32]+000 TEXCOORD2: 0.180392161, 0.266666681, 0.156862751, 0.250980407
vb0[32]+000 TEXCOORD3: 0.180392161, 0.266666681, 0.156862751, 0.250980407
vb0[32]+000 TANGENT: 0.180392161, 0.266666681, 0.156862751, 0.250980407

vb0[33]+000 POSITION: 3.15039063, -0.249267578, 3.20507813, 1
vb0[33]+008 NORMAL: 0.574803174, -0.771653533, 0.283464581, 0
vb0[33]+000 COLOR: 0.301960796, 0.258823544, 0.980392158, 0.701960802
vb0[33]+000 TEXCOORD: 0.301960796, 0.258823544, 0.980392158, 0.701960802
vb0[33]+000 TEXCOORD1: 0.301960796, 0.258823544, 0.980392158, 0.701960802
vb0[33]+000 TEXCOORD2: 0.301960796, 0.258823544, 0.980392158, 0.701960802
vb0[33]+000 TEXCOORD3: 0.301960796, 0.258823544, 0.980392158, 0.701960802
vb0[33]+000 TANGENT: 0.301960796, 0.258823544, 0.980392158, 0.701960802

vb0[34]+000 POSITION: 2.10351563, 0.209106445, 4.74609375, 1
vb0[34]+008 NORMAL: 0.0708661452, -0.755905509, 0.645669281, 0
vb0[34]+000 COLOR: 0.20784314, 0.250980407, 0.694117665, 0.196078435
vb0[34]+000 TEXCOORD: 0.20784314, 0.250980407, 0.694117665, 0.196078435
vb0[34]+000 TEXCOORD1: 0.20784314, 0.250980407, 0.694117665, 0.196078435
vb0[34]+000 TEXCOORD2: 0.20784314, 0.250980407, 0.694117665, 0.196078435
vb0[34]+000 TEXCOORD3: 0.20784314, 0.250980407, 0.694117665, 0.196078435
vb0[34]+000 TANGENT: 0.20784314, 0.250980407, 0.694117665, 0.196078435

vb0[35]+000 POSITION: 3.39453125, -0.385253906, 2.03515625, 1
vb0[35]+008 NORMAL: 0.779527545, -0.622047246, -0.05511811, 0
vb0[35]+000 COLOR: 0.792156875, 0.258823544, 0.164705887, 0.713725507
vb0[35]+000 TEXCOORD: 0.792156875, 0.258823544, 0.164705887, 0.713725507
vb0[35]+000 TEXCOORD1: 0.792156875, 0.258823544, 0.164705887, 0.713725507
vb0[35]+000 TEXCOORD2: 0.792156875, 0.258823544, 0.164705887, 0.713725507
vb0[35]+000 TEXCOORD3: 0.792156875, 0.258823544, 0.164705887, 0.713725507
vb0[35]+000 TANGENT: 0.792156875, 0.258823544, 0.164705887, 0.713725507

vb0[36]+000 POSITION: 2.48242188, -0.743652344, 2.86132813, 1
vb0[36]+008 NORMAL: 0.251968503, -0.96062994, 0.125984251, 0
vb0[36]+000 COLOR: 0.968627453, 0.250980407, 0.952941179, 0.725490212
vb0[36]+000 TEXCOORD: 0.968627453, 0.250980407, 0.952941179, 0.725490212
vb0[36]+000 TEXCOORD1: 0.968627453, 0.250980407, 0.952941179, 0.725490212
vb0[36]+000 TEXCOORD2: 0.968627453, 0.250980407, 0.952941179, 0.725490212
vb0[36]+000 TEXCOORD3: 0.968627453, 0.250980407, 0.952941179, 0.725490212
vb0[36]+000 TANGENT: 0.968627453, 0.250980407, 0.952941179, 0.725490212

vb0[37]+000 POSITION: 2.87304688, -0.725097656, 1.99121094, 1
vb0[37]+008 NORMAL: 0.291338593, -0.96062994, 0, 0
vb0[37]+000 COLOR: 0.749019623, 0.254901975, 0.80392158, 0.725490212
vb0[37]+000 TEXCOORD: 0.749019623, 0.254901975, 0.80392158, 0.725490212
vb0[37]+000 TEXCOORD1: 0.749019623, 0.254901975, 0.80392158, 0.725490212
vb0[37]+000 TEXCOORD2: 0.749019623, 0.254901975, 0.80392158, 0.725490212
vb0[37]+000 TEXCOORD3: 0.749019623, 0.254901975, 0.80392158, 0.725490212
vb0[37]+000 TANGENT: 0.749019623, 0.254901975, 0.80392158, 0.725490212

vb0[38]+000 POSITION: 4.046875, 0.989257813, 3.24804688, 1
vb0[38]+008 NORMAL: 0.944881916, -0.330708653, -0.0472440943, 0
vb0[38]+000 COLOR: 0.0470588244, 0.266666681, 0.917647064, 0.23137255
vb0[38]+000 TEXCOORD: 0.0470588244, 0.266666681, 0.917647064, 0.23137255
vb0[38]+000 TEXCOORD1: 0.0470588244, 0.266666681, 0.917647064, 0.23137255
vb0[38]+000 TEXCOORD2: 0.0470588244, 0.266666681, 0.917647064, 0.23137255
vb0[38]+000 TEXCOORD3: 0.0470588244, 0.266666681, 0.917647064, 0.23137255
vb0[38]+000 TANGENT: 0.0470588244, 0.266666681, 0.917647064, 0.23137255

vb0[39]+000 POSITION: 3.73632813, 1.1328125, 1.83496094, 1
vb0[39]+008 NORMAL: 0.897637784, -0.307086617, 0.314960629, 0
vb0[39]+000 COLOR: 0.474509805, 0.262745112, 0.533333361, 0.235294119
vb0[39]+000 TEXCOORD: 0.474509805, 0.262745112, 0.533333361, 0.235294119
vb0[39]+000 TEXCOORD1: 0.474509805, 0.262745112, 0.533333361, 0.235294119
vb0[39]+000 TEXCOORD2: 0.474509805, 0.262745112, 0.533333361, 0.235294119
vb0[39]+000 TEXCOORD3: 0.474509805, 0.262745112, 0.533333361, 0.235294119
vb0[39]+000 TANGENT: 0.474509805, 0.262745112, 0.533333361, 0.235294119

vb0[40]+000 POSITION: 3.39453125, -0.0400695801, 1.57128906, 1
vb0[40]+008 NORMAL: 0.811023593, -0.590551198, -0.0157480314, 0
vb0[40]+000 COLOR: 0.792156875, 0.258823544, 0.129411772, 0.662745118
vb0[40]+000 TEXCOORD: 0.792156875, 0.258823544, 0.129411772, 0.662745118
vb0[40]+000 TEXCOORD1: 0.792156875, 0.258823544, 0.129411772, 0.662745118
vb0[40]+000 TEXCOORD2: 0.792156875, 0.258823544, 0.129411772, 0.662745118
vb0[40]+000 TEXCOORD3: 0.792156875, 0.258823544, 0.129411772, 0.662745118
vb0[40]+000 TANGENT: 0.792156875, 0.258823544, 0.129411772, 0.662745118

vb0[41]+000 POSITION: 0.289306641, 0.714355469, 6.08984375, 1
vb0[41]+008 NORMAL: 0.196850389, -0.267716527, 0.944881916, 0
vb0[41]+000 COLOR: 0.631372571, 0.203921571, 0.717647076, 0.223529413
vb0[41]+000 TEXCOORD: 0.631372571, 0.203921571, 0.717647076, 0.223529413
vb0[41]+000 TEXCOORD1: 0.631372571, 0.203921571, 0.717647076, 0.223529413
vb0[41]+000 TEXCOORD2: 0.631372571, 0.203921571, 0.717647076, 0.223529413
vb0[41]+000 TEXCOORD3: 0.631372571, 0.203921571, 0.717647076, 0.223529413
vb0[41]+000 TANGENT: 0.631372571, 0.203921571, 0.717647076, 0.223529413

vb0[42]+000 POSITION: 0.407958984, 2.29882813, 6.0078125, 1
vb0[42]+008 NORMAL: 0.0944881886, -0.574803174, 0.811023593, 0
vb0[42]+000 COLOR: 0.529411793, 0.211764708, 0.600000024, 0.250980407
vb0[42]+000 TEXCOORD: 0.529411793, 0.211764708, 0.600000024, 0.250980407
vb0[42]+000 TEXCOORD1: 0.529411793, 0.211764708, 0.600000024, 0.250980407
vb0[42]+000 TEXCOORD2: 0.529411793, 0.211764708, 0.600000024, 0.250980407
vb0[42]+000 TEXCOORD3: 0.529411793, 0.211764708, 0.600000024, 0.250980407
vb0[42]+000 TANGENT: 0.529411793, 0.211764708, 0.600000024, 0.250980407

vb0[43]+000 POSITION: -0.514160156, 2.35742188, 6.3828125, 1
vb0[43]+008 NORMAL: 0.0866141766, -0.590551198, 0.803149581, 0
vb0[43]+000 COLOR: 0.113725491, 0.721568644, 0.717647076, 0.250980407
vb0[43]+000 TEXCOORD: 0.113725491, 0.721568644, 0.717647076, 0.250980407
vb0[43]+000 TEXCOORD1: 0.113725491, 0.721568644, 0.717647076, 0.250980407
vb0[43]+000 TEXCOORD2: 0.113725491, 0.721568644, 0.717647076, 0.250980407
vb0[43]+000 TEXCOORD3: 0.113725491, 0.721568644, 0.717647076, 0.250980407
vb0[43]+000 TANGENT: 0.113725491, 0.721568644, 0.717647076, 0.250980407

vb0[44]+000 POSITION: 0.305175781, -0.0599365234, 5.703125, 1
vb0[44]+008 NORMAL: 0.196850389, -0.582677186, 0.787401557, 0
vb0[44]+000 COLOR: 0.886274517, 0.203921571, 0.674509823, 0.670588255
vb0[44]+000 TEXCOORD: 0.886274517, 0.203921571, 0.674509823, 0.670588255
vb0[44]+000 TEXCOORD1: 0.886274517, 0.203921571, 0.674509823, 0.670588255
vb0[44]+000 TEXCOORD2: 0.886274517, 0.203921571, 0.674509823, 0.670588255
vb0[44]+000 TEXCOORD3: 0.886274517, 0.203921571, 0.674509823, 0.670588255
vb0[44]+000 TANGENT: 0.886274517, 0.203921571, 0.674509823, 0.670588255

vb0[45]+000 POSITION: 1.25390625, -0.498779297, 4.89453125, 1
vb0[45]+008 NORMAL: 0.354330719, -0.755905509, 0.551181078, 0
vb0[45]+000 COLOR: 0.0156862754, 0.239215687, 0.984313726, 0.717647076
vb0[45]+000 TEXCOORD: 0.0156862754, 0.239215687, 0.984313726, 0.717647076
vb0[45]+000 TEXCOORD1: 0.0156862754, 0.239215687, 0.984313726, 0.717647076
vb0[45]+000 TEXCOORD2: 0.0156862754, 0.239215687, 0.984313726, 0.717647076
vb0[45]+000 TEXCOORD3: 0.0156862754, 0.239215687, 0.984313726, 0.717647076
vb0[45]+000 TANGENT: 0.0156862754, 0.239215687, 0.984313726, 0.717647076

vb0[46]+000 POSITION: 2.26953125, -0.386474609, 4.16015625, 1
vb0[46]+008 NORMAL: 0.51968503, -0.692913413, 0.496062994, 0
vb0[46]+000 COLOR: 0.541176498, 0.250980407, 0.184313729, 0.713725507
vb0[46]+000 TEXCOORD: 0.541176498, 0.250980407, 0.184313729, 0.713725507
vb0[46]+000 TEXCOORD1: 0.541176498, 0.250980407, 0.184313729, 0.713725507
vb0[46]+000 TEXCOORD2: 0.541176498, 0.250980407, 0.184313729, 0.713725507
vb0[46]+000 TEXCOORD3: 0.541176498, 0.250980407, 0.184313729, 0.713725507
vb0[46]+000 TANGENT: 0.541176498, 0.250980407, 0.184313729, 0.713725507

vb0[47]+000 POSITION: 0.981933594, -0.756835938, 4.1171875, 1
vb0[47]+008 NORMAL: 0.0944881886, -0.984251976, 0.133858263, 0
vb0[47]+000 COLOR: 0.858823538, 0.23137255, 0.0549019612, 0.729411781
vb0[47]+000 TEXCOORD: 0.858823538, 0.23137255, 0.0549019612, 0.729411781
vb0[47]+000 TEXCOORD1: 0.858823538, 0.23137255, 0.0549019612, 0.729411781
vb0[47]+000 TEXCOORD2: 0.858823538, 0.23137255, 0.0549019612, 0.729411781
vb0[47]+000 TEXCOORD3: 0.858823538, 0.23137255, 0.0549019612, 0.729411781
vb0[47]+000 TANGENT: 0.858823538, 0.23137255, 0.0549019612, 0.729411781

vb0[48]+000 POSITION: 1.7265625, -0.750488281, 3.61914063, 1
vb0[48]+008 NORMAL: 0.14173229, -0.976377964, 0.165354326, 0
vb0[48]+000 COLOR: 0.909803927, 0.243137255, 0.00392156886, 0.729411781
vb0[48]+000 TEXCOORD: 0.909803927, 0.243137255, 0.00392156886, 0.729411781
vb0[48]+000 TEXCOORD1: 0.909803927, 0.243137255, 0.00392156886, 0.729411781
vb0[48]+000 TEXCOORD2: 0.909803927, 0.243137255, 0.00392156886, 0.729411781
vb0[48]+000 TEXCOORD3: 0.909803927, 0.243137255, 0.00392156886, 0.729411781
vb0[48]+000 TANGENT: 0.909803927, 0.243137255, 0.00392156886, 0.729411781

vb0[49]+000 POSITION: -1.4765625, 2.46875, 6.40234375, 1
vb0[49]+008 NORMAL: -0.40157479, -0.51968503, 0.755905509, 0
vb0[49]+000 COLOR: 0.909803927, 0.741176486, 0.941176474, 0.250980407
vb0[49]+000 TEXCOORD: 0.909803927, 0.741176486, 0.941176474, 0.250980407
vb0[49]+000 TEXCOORD1: 0.909803927, 0.741176486, 0.941176474, 0.250980407
vb0[49]+000 TEXCOORD2: 0.909803927, 0.741176486, 0.941176474, 0.250980407
vb0[49]+000 TEXCOORD3: 0.909803927, 0.741176486, 0.941176474, 0.250980407
vb0[49]+000 TANGENT: 0.909803927, 0.741176486, 0.941176474, 0.250980407

vb0[50]+000 POSITION: -1.44628906, 1.57617188, 6.046875, 1
vb0[50]+008 NORMAL: -0.133858263, -0.173228353, 0.976377964, 0
vb0[50]+000 COLOR: 0.788235307, 0.741176486, 0.305882365, 0.243137255
vb0[50]+000 TEXCOORD: 0.788235307, 0.741176486, 0.305882365, 0.243137255
vb0[50]+000 TEXCOORD1: 0.788235307, 0.741176486, 0.305882365, 0.243137255
vb0[50]+000 TEXCOORD2: 0.788235307, 0.741176486, 0.305882365, 0.243137255
vb0[50]+000 TEXCOORD3: 0.788235307, 0.741176486, 0.305882365, 0.243137255
vb0[50]+000 TANGENT: 0.788235307, 0.741176486, 0.305882365, 0.243137255

vb0[51]+000 POSITION: -2.19921875, 1.75878906, 5.87890625, 1
vb0[51]+008 NORMAL: -0.314960629, -0.425196856, 0.850393713, 0
vb0[51]+000 COLOR: 0.400000006, 0.752941191, 0.0352941193, 0.247058824
vb0[51]+000 TEXCOORD: 0.400000006, 0.752941191, 0.0352941193, 0.247058824
vb0[51]+000 TEXCOORD1: 0.400000006, 0.752941191, 0.0352941193, 0.247058824
vb0[51]+000 TEXCOORD2: 0.400000006, 0.752941191, 0.0352941193, 0.247058824
vb0[51]+000 TEXCOORD3: 0.400000006, 0.752941191, 0.0352941193, 0.247058824
vb0[51]+000 TANGENT: 0.400000006, 0.752941191, 0.0352941193, 0.247058824

vb0[52]+000 POSITION: -1.71484375, 1.12402344, 6.125, 1
vb0[52]+008 NORMAL: -0.275590539, -0.149606302, 0.952755928, 0
vb0[52]+000 COLOR: 0.862745106, 0.745098054, 0.498039216, 0.235294119
vb0[52]+000 TEXCOORD: 0.862745106, 0.745098054, 0.498039216, 0.235294119
vb0[52]+000 TEXCOORD1: 0.862745106, 0.745098054, 0.498039216, 0.235294119
vb0[52]+000 TEXCOORD2: 0.862745106, 0.745098054, 0.498039216, 0.235294119
vb0[52]+000 TEXCOORD3: 0.862745106, 0.745098054, 0.498039216, 0.235294119
vb0[52]+000 TANGENT: 0.862745106, 0.745098054, 0.498039216, 0.235294119

vb0[53]+000 POSITION: -0.178466797, -0.110534668, 5.66015625, 1
vb0[53]+008 NORMAL: 0.11023622, -0.48031497, 0.866141737, 0
vb0[53]+000 COLOR: 0.713725507, 0.694117665, 0.0745098069, 0.686274529
vb0[53]+000 TEXCOORD: 0.713725507, 0.694117665, 0.0745098069, 0.686274529
vb0[53]+000 TEXCOORD1: 0.713725507, 0.694117665, 0.0745098069, 0.686274529
vb0[53]+000 TEXCOORD2: 0.713725507, 0.694117665, 0.0745098069, 0.686274529
vb0[53]+000 TEXCOORD3: 0.713725507, 0.694117665, 0.0745098069, 0.686274529
vb0[53]+000 TANGENT: 0.713725507, 0.694117665, 0.0745098069, 0.686274529

vb0[54]+000 POSITION: -0.599609375, -0.383789063, 5.66015625, 1
vb0[54]+008 NORMAL: 0.0787401572, -0.622047246, 0.779527545, 0
vb0[54]+000 COLOR: 0.800000012, 0.721568644, 0.141176477, 0.713725507
vb0[54]+000 TEXCOORD: 0.800000012, 0.721568644, 0.141176477, 0.713725507
vb0[54]+000 TEXCOORD1: 0.800000012, 0.721568644, 0.141176477, 0.713725507
vb0[54]+000 TEXCOORD2: 0.800000012, 0.721568644, 0.141176477, 0.713725507
vb0[54]+000 TEXCOORD3: 0.800000012, 0.721568644, 0.141176477, 0.713725507
vb0[54]+000 TANGENT: 0.800000012, 0.721568644, 0.141176477, 0.713725507

vb0[55]+000 POSITION: -2.76953125, 2.55859375, 6.45703125, 1
vb0[55]+008 NORMAL: -0.125984251, -0.464566916, 0.874015749, 0
vb0[55]+000 COLOR: 0.541176498, 0.75686276, 0.117647059, 0.254901975
vb0[55]+000 TEXCOORD: 0.541176498, 0.75686276, 0.117647059, 0.254901975
vb0[55]+000 TEXCOORD1: 0.541176498, 0.75686276, 0.117647059, 0.254901975
vb0[55]+000 TEXCOORD2: 0.541176498, 0.75686276, 0.117647059, 0.254901975
vb0[55]+000 TEXCOORD3: 0.541176498, 0.75686276, 0.117647059, 0.254901975
vb0[55]+000 TANGENT: 0.541176498, 0.75686276, 0.117647059, 0.254901975

vb0[56]+000 POSITION: -3.01757813, 0.729980469, 4.59765625, 1
vb0[56]+008 NORMAL: -0.748031497, -0.377952754, 0.543307066, 0
vb0[56]+000 COLOR: 0.0352941193, 0.760784328, 0.843137264, 0.223529413
vb0[56]+000 TEXCOORD: 0.0352941193, 0.760784328, 0.843137264, 0.223529413
vb0[56]+000 TEXCOORD1: 0.0352941193, 0.760784328, 0.843137264, 0.223529413
vb0[56]+000 TEXCOORD2: 0.0352941193, 0.760784328, 0.843137264, 0.223529413
vb0[56]+000 TEXCOORD3: 0.0352941193, 0.760784328, 0.843137264, 0.223529413
vb0[56]+000 TANGENT: 0.0352941193, 0.760784328, 0.843137264, 0.223529413

vb0[57]+000 POSITION: -2.52734375, 0.584960938, 5.109375, 1
vb0[57]+008 NORMAL: -0.645669281, -0.354330719, 0.677165329, 0
vb0[57]+000 COLOR: 0.0549019612, 0.75686276, 0.68235296, 0.219607845
vb0[57]+000 TEXCOORD: 0.0549019612, 0.75686276, 0.68235296, 0.219607845
vb0[57]+000 TEXCOORD1: 0.0549019612, 0.75686276, 0.68235296, 0.219607845
vb0[57]+000 TEXCOORD2: 0.0549019612, 0.75686276, 0.68235296, 0.219607845
vb0[57]+000 TEXCOORD3: 0.0549019612, 0.75686276, 0.68235296, 0.219607845
vb0[57]+000 TANGENT: 0.0549019612, 0.75686276, 0.68235296, 0.219607845

vb0[58]+000 POSITION: -3.56445313, 1.97265625, 3.77148438, 1
vb0[58]+008 NORMAL: -0.905511796, -0.307086617, 0.291338593, 0
vb0[58]+000 COLOR: 0.129411772, 0.764705896, 0.894117653, 0.247058824
vb0[58]+000 TEXCOORD: 0.129411772, 0.764705896, 0.894117653, 0.247058824
vb0[58]+000 TEXCOORD1: 0.129411772, 0.764705896, 0.894117653, 0.247058824
vb0[58]+000 TEXCOORD2: 0.129411772, 0.764705896, 0.894117653, 0.247058824
vb0[58]+000 TEXCOORD3: 0.129411772, 0.764705896, 0.894117653, 0.247058824
vb0[58]+000 TANGENT: 0.129411772, 0.764705896, 0.894117653, 0.247058824

vb0[59]+000 POSITION: -4.015625, 1.31738281, 3.2109375, 1
vb0[59]+008 NORMAL: -0.59842521, 0.00787401572, 0.803149581, 0
vb0[59]+000 COLOR: 0.0156862754, 0.768627465, 0.270588249, 0.239215687
vb0[59]+000 TEXCOORD: 0.0156862754, 0.768627465, 0.270588249, 0.239215687
vb0[59]+000 TEXCOORD1: 0.0156862754, 0.768627465, 0.270588249, 0.239215687
vb0[59]+000 TEXCOORD2: 0.0156862754, 0.768627465, 0.270588249, 0.239215687
vb0[59]+000 TEXCOORD3: 0.0156862754, 0.768627465, 0.270588249, 0.239215687
vb0[59]+000 TANGENT: 0.0156862754, 0.768627465, 0.270588249, 0.239215687

vb0[60]+000 POSITION: -4.609375, 2.73046875, 3.12109375, 1
vb0[60]+008 NORMAL: -0.897637784, -0.165354326, 0.409448832, 0
vb0[60]+000 COLOR: 0.611764729, 0.768627465, 0.4627451, 0.254901975
vb0[60]+000 TEXCOORD: 0.611764729, 0.768627465, 0.4627451, 0.254901975
vb0[60]+000 TEXCOORD1: 0.611764729, 0.768627465, 0.4627451, 0.254901975
vb0[60]+000 TEXCOORD2: 0.611764729, 0.768627465, 0.4627451, 0.254901975
vb0[60]+000 TEXCOORD3: 0.611764729, 0.768627465, 0.4627451, 0.254901975
vb0[60]+000 TANGENT: 0.611764729, 0.768627465, 0.4627451, 0.254901975

vb0[61]+000 POSITION: -4.1328125, 3.64648438, 3.625, 1
vb0[61]+008 NORMAL: -0.992125988, -0.14173229, -0.0314960629, 0
vb0[61]+000 COLOR: 0.13333334, 0.768627465, 0.294117659, 0.262745112
vb0[61]+000 TEXCOORD: 0.13333334, 0.768627465, 0.294117659, 0.262745112
vb0[61]+000 TEXCOORD1: 0.13333334, 0.768627465, 0.294117659, 0.262745112
vb0[61]+000 TEXCOORD2: 0.13333334, 0.768627465, 0.294117659, 0.262745112
vb0[61]+000 TEXCOORD3: 0.13333334, 0.768627465, 0.294117659, 0.262745112
vb0[61]+000 TANGENT: 0.13333334, 0.768627465, 0.294117659, 0.262745112

vb0[62]+000 POSITION: -4.6328125, 4.58203125, 3.859375, 1
vb0[62]+008 NORMAL: -0.92125982, -0.291338593, -0.267716527, 0
vb0[62]+000 COLOR: 0.635294139, 0.768627465, 0.58431375, 0.266666681
vb0[62]+000 TEXCOORD: 0.635294139, 0.768627465, 0.58431375, 0.266666681
vb0[62]+000 TEXCOORD1: 0.635294139, 0.768627465, 0.58431375, 0.266666681
vb0[62]+000 TEXCOORD2: 0.635294139, 0.768627465, 0.58431375, 0.266666681
vb0[62]+000 TEXCOORD3: 0.635294139, 0.768627465, 0.58431375, 0.266666681
vb0[62]+000 TANGENT: 0.635294139, 0.768627465, 0.58431375, 0.266666681

vb0[63]+000 POSITION: -4.46875, 3.76757813, 5.08984375, 1
vb0[63]+008 NORMAL: -0.952755928, -0.307086617, 0.05511811, 0
vb0[63]+000 COLOR: 0.470588237, 0.768627465, 0.53725493, 0.262745112
vb0[63]+000 TEXCOORD: 0.470588237, 0.768627465, 0.53725493, 0.262745112
vb0[63]+000 TEXCOORD1: 0.470588237, 0.768627465, 0.53725493, 0.262745112
vb0[63]+000 TEXCOORD2: 0.470588237, 0.768627465, 0.53725493, 0.262745112
vb0[63]+000 TEXCOORD3: 0.470588237, 0.768627465, 0.53725493, 0.262745112
vb0[63]+000 TANGENT: 0.470588237, 0.768627465, 0.53725493, 0.262745112

vb0[64]+000 POSITION: -4.71484375, 3.44335938, 2.55664063, 1
vb0[64]+008 NORMAL: -0.944881916, 0.0472440943, 0.330708653, 0
vb0[64]+000 COLOR: 0.717647076, 0.768627465, 0.890196085, 0.258823544
vb0[64]+000 TEXCOORD: 0.717647076, 0.768627465, 0.890196085, 0.258823544
vb0[64]+000 TEXCOORD1: 0.717647076, 0.768627465, 0.890196085, 0.258823544
vb0[64]+000 TEXCOORD2: 0.717647076, 0.768627465, 0.890196085, 0.258823544
vb0[64]+000 TEXCOORD3: 0.717647076, 0.768627465, 0.890196085, 0.258823544
vb0[64]+000 TANGENT: 0.717647076, 0.768627465, 0.890196085, 0.258823544

vb0[65]+000 POSITION: -4.6875, 3.06054688, 1.97851563, 1
vb0[65]+008 NORMAL: -0.976377964, -0.0944881886, 0.196850389, 0
vb0[65]+000 COLOR: 0.690196097, 0.768627465, 0.121568628, 0.258823544
vb0[65]+000 TEXCOORD: 0.690196097, 0.768627465, 0.121568628, 0.258823544
vb0[65]+000 TEXCOORD1: 0.690196097, 0.768627465, 0.121568628, 0.258823544
vb0[65]+000 TEXCOORD2: 0.690196097, 0.768627465, 0.121568628, 0.258823544
vb0[65]+000 TEXCOORD3: 0.690196097, 0.768627465, 0.121568628, 0.258823544
vb0[65]+000 TANGENT: 0.690196097, 0.768627465, 0.121568628, 0.258823544

vb0[66]+000 POSITION: -4.25, 1.89648438, 2.88671875, 1
vb0[66]+008 NORMAL: -0.842519701, 0.0157480314, 0.535433054, 0
vb0[66]+000 COLOR: 0.250980407, 0.768627465, 0.588235319, 0.247058824
vb0[66]+000 TEXCOORD: 0.250980407, 0.768627465, 0.588235319, 0.247058824
vb0[66]+000 TEXCOORD1: 0.250980407, 0.768627465, 0.588235319, 0.247058824
vb0[66]+000 TEXCOORD2: 0.250980407, 0.768627465, 0.588235319, 0.247058824
vb0[66]+000 TEXCOORD3: 0.250980407, 0.768627465, 0.588235319, 0.247058824
vb0[66]+000 TANGENT: 0.250980407, 0.768627465, 0.588235319, 0.247058824

vb0[67]+000 POSITION: -5.3125, 1.15136719, 2.90429688, 1
vb0[67]+008 NORMAL: -0.740157485, 0.267716527, 0.614173234, 0
vb0[67]+000 COLOR: 0.313725501, 0.772549033, 0.607843161, 0.235294119
vb0[67]+000 TEXCOORD: 0.313725501, 0.772549033, 0.607843161, 0.235294119
vb0[67]+000 TEXCOORD1: 0.313725501, 0.772549033, 0.607843161, 0.235294119
vb0[67]+000 TEXCOORD2: 0.313725501, 0.772549033, 0.607843161, 0.235294119
vb0[67]+000 TEXCOORD3: 0.313725501, 0.772549033, 0.607843161, 0.235294119
vb0[67]+000 TANGENT: 0.313725501, 0.772549033, 0.607843161, 0.235294119

vb0[68]+000 POSITION: -5.2578125, 1.59375, 1.30859375, 1
vb0[68]+008 NORMAL: -0.96062994, 0.0944881886, -0.267716527, 0
vb0[68]+000 COLOR: 0.258823544, 0.772549033, 0.376470596, 0.243137255
vb0[68]+000 TEXCOORD: 0.258823544, 0.772549033, 0.376470596, 0.243137255
vb0[68]+000 TEXCOORD1: 0.258823544, 0.772549033, 0.376470596, 0.243137255
vb0[68]+000 TEXCOORD2: 0.258823544, 0.772549033, 0.376470596, 0.243137255
vb0[68]+000 TEXCOORD3: 0.258823544, 0.772549033, 0.376470596, 0.243137255
vb0[68]+000 TANGENT: 0.258823544, 0.772549033, 0.376470596, 0.243137255

vb0[69]+000 POSITION: -4.828125, 2.56640625, 0.528808594, 1
vb0[69]+008 NORMAL: -0.976377964, -0.133858263, -0.149606302, 0
vb0[69]+000 COLOR: 0.831372559, 0.768627465, 0.13333334, 0.254901975
vb0[69]+000 TEXCOORD: 0.831372559, 0.768627465, 0.13333334, 0.254901975
vb0[69]+000 TEXCOORD1: 0.831372559, 0.768627465, 0.13333334, 0.254901975
vb0[69]+000 TEXCOORD2: 0.831372559, 0.768627465, 0.13333334, 0.254901975
vb0[69]+000 TEXCOORD3: 0.831372559, 0.768627465, 0.13333334, 0.254901975
vb0[69]+000 TANGENT: 0.831372559, 0.768627465, 0.13333334, 0.254901975

vb0[70]+000 POSITION: -5.2421875, 3.5390625, 0.760742188, 1
vb0[70]+008 NORMAL: -0.968503952, -0.236220479, -0.0629921257, 0
vb0[70]+000 COLOR: 0.243137255, 0.772549033, 0.0784313753, 0.262745112
vb0[70]+000 TEXCOORD: 0.243137255, 0.772549033, 0.0784313753, 0.262745112
vb0[70]+000 TEXCOORD1: 0.243137255, 0.772549033, 0.0784313753, 0.262745112
vb0[70]+000 TEXCOORD2: 0.243137255, 0.772549033, 0.0784313753, 0.262745112
vb0[70]+000 TEXCOORD3: 0.243137255, 0.772549033, 0.0784313753, 0.262745112
vb0[70]+000 TANGENT: 0.243137255, 0.772549033, 0.0784313753, 0.262745112

vb0[71]+000 POSITION: -4.06640625, 4.74609375, 2.87695313, 1
vb0[71]+008 NORMAL: -0.937007844, 0.11811024, 0.338582665, 0
vb0[71]+000 COLOR: 0.0666666701, 0.768627465, 0.749019623, 0.266666681
vb0[71]+000 TEXCOORD: 0.0666666701, 0.768627465, 0.749019623, 0.266666681
vb0[71]+000 TEXCOORD1: 0.0666666701, 0.768627465, 0.749019623, 0.266666681
vb0[71]+000 TEXCOORD2: 0.0666666701, 0.768627465, 0.749019623, 0.266666681
vb0[71]+000 TEXCOORD3: 0.0666666701, 0.768627465, 0.749019623, 0.266666681
vb0[71]+000 TANGENT: 0.0666666701, 0.768627465, 0.749019623, 0.266666681

vb0[72]+000 POSITION: -4.71875, 2.2109375, 0.391845703, 1
vb0[72]+008 NORMAL: -0.992125988, 0.0866141766, -0.11023622, 0
vb0[72]+000 COLOR: 0.721568644, 0.768627465, 0.423529416, 0.250980407
vb0[72]+000 TEXCOORD: 0.721568644, 0.768627465, 0.423529416, 0.250980407
vb0[72]+000 TEXCOORD1: 0.721568644, 0.768627465, 0.423529416, 0.250980407
vb0[72]+000 TEXCOORD2: 0.721568644, 0.768627465, 0.423529416, 0.250980407
vb0[72]+000 TEXCOORD3: 0.721568644, 0.768627465, 0.423529416, 0.250980407
vb0[72]+000 TANGENT: 0.721568644, 0.768627465, 0.423529416, 0.250980407

vb0[73]+000 POSITION: -4.66015625, 1.07617188, 0.568847656, 1
vb0[73]+008 NORMAL: -0.952755928, -0.275590539, 0.0944881886, 0
vb0[73]+000 COLOR: 0.662745118, 0.768627465, 0.305882365, 0.235294119
vb0[73]+000 TEXCOORD: 0.662745118, 0.768627465, 0.305882365, 0.235294119
vb0[73]+000 TEXCOORD1: 0.662745118, 0.768627465, 0.305882365, 0.235294119
vb0[73]+000 TEXCOORD2: 0.662745118, 0.768627465, 0.305882365, 0.235294119
vb0[73]+000 TEXCOORD3: 0.662745118, 0.768627465, 0.305882365, 0.235294119
vb0[73]+000 TANGENT: 0.662745118, 0.768627465, 0.305882365, 0.235294119

vb0[74]+000 POSITION: -5.2265625, 1.04589844, 0.134155273, 1
vb0[74]+008 NORMAL: -0.755905509, -0.14173229, 0.637795269, 0
vb0[74]+000 COLOR: 0.227450982, 0.772549033, 0.184313729, 0.235294119
vb0[74]+000 TEXCOORD: 0.227450982, 0.772549033, 0.184313729, 0.235294119
vb0[74]+000 TEXCOORD1: 0.227450982, 0.772549033, 0.184313729, 0.235294119
vb0[74]+000 TEXCOORD2: 0.227450982, 0.772549033, 0.184313729, 0.235294119
vb0[74]+000 TEXCOORD3: 0.227450982, 0.772549033, 0.184313729, 0.235294119
vb0[74]+000 TANGENT: 0.227450982, 0.772549033, 0.184313729, 0.235294119

vb0[75]+000 POSITION: -5.0078125, 3.4765625, 0.0960693359, 1
vb0[75]+008 NORMAL: -0.88188976, -0.188976377, -0.425196856, 0
vb0[75]+000 COLOR: 0.00784313772, 0.772549033, 0.956862748, 0.258823544
vb0[75]+000 TEXCOORD: 0.00784313772, 0.772549033, 0.956862748, 0.258823544
vb0[75]+000 TEXCOORD1: 0.00784313772, 0.772549033, 0.956862748, 0.258823544
vb0[75]+000 TEXCOORD2: 0.00784313772, 0.772549033, 0.956862748, 0.258823544
vb0[75]+000 TEXCOORD3: 0.00784313772, 0.772549033, 0.956862748, 0.258823544
vb0[75]+000 TANGENT: 0.00784313772, 0.772549033, 0.956862748, 0.258823544

vb0[76]+000 POSITION: -5.55078125, 1.40722656, -0.456054688, 1
vb0[76]+008 NORMAL: -0.96062994, 0.181102365, 0.228346452, 0
vb0[76]+000 COLOR: 0.552941203, 0.772549033, 0.631372571, 0.239215687
vb0[76]+000 TEXCOORD: 0.552941203, 0.772549033, 0.631372571, 0.239215687
vb0[76]+000 TEXCOORD1: 0.552941203, 0.772549033, 0.631372571, 0.239215687
vb0[76]+000 TEXCOORD2: 0.552941203, 0.772549033, 0.631372571, 0.239215687
vb0[76]+000 TEXCOORD3: 0.552941203, 0.772549033, 0.631372571, 0.239215687
vb0[76]+000 TANGENT: 0.552941203, 0.772549033, 0.631372571, 0.239215687

vb0[77]+000 POSITION: -4.3828125, 3.45117188, -0.907714844, 1
vb0[77]+008 NORMAL: -0.968503952, 0.212598428, -0.149606302, 0
vb0[77]+000 COLOR: 0.384313732, 0.768627465, 0.905882359, 0.258823544
vb0[77]+000 TEXCOORD: 0.384313732, 0.768627465, 0.905882359, 0.258823544
vb0[77]+000 TEXCOORD1: 0.384313732, 0.768627465, 0.905882359, 0.258823544
vb0[77]+000 TEXCOORD2: 0.384313732, 0.768627465, 0.905882359, 0.258823544
vb0[77]+000 TEXCOORD3: 0.384313732, 0.768627465, 0.905882359, 0.258823544
vb0[77]+000 TANGENT: 0.384313732, 0.768627465, 0.905882359, 0.258823544

vb0[78]+000 POSITION: -5.21484375, 2.28710938, -1.36914063, 1
vb0[78]+008 NORMAL: -0.88188976, 0.433070868, -0.188976377, 0
vb0[78]+000 COLOR: 0.215686277, 0.772549033, 0.576470613, 0.250980407
vb0[78]+000 TEXCOORD: 0.215686277, 0.772549033, 0.576470613, 0.250980407
vb0[78]+000 TEXCOORD1: 0.215686277, 0.772549033, 0.576470613, 0.250980407
vb0[78]+000 TEXCOORD2: 0.215686277, 0.772549033, 0.576470613, 0.250980407
vb0[78]+000 TEXCOORD3: 0.215686277, 0.772549033, 0.576470613, 0.250980407
vb0[78]+000 TANGENT: 0.215686277, 0.772549033, 0.576470613, 0.250980407

vb0[79]+000 POSITION: -5.3125, 1.03222656, -1.75878906, 1
vb0[79]+008 NORMAL: -0.96062994, 0.165354326, -0.204724416, 0
vb0[79]+000 COLOR: 0.313725501, 0.772549033, 0.129411772, 0.235294119
vb0[79]+000 TEXCOORD: 0.313725501, 0.772549033, 0.129411772, 0.235294119
vb0[79]+000 TEXCOORD1: 0.313725501, 0.772549033, 0.129411772, 0.235294119
vb0[79]+000 TEXCOORD2: 0.313725501, 0.772549033, 0.129411772, 0.235294119
vb0[79]+000 TEXCOORD3: 0.313725501, 0.772549033, 0.129411772, 0.235294119
vb0[79]+000 TANGENT: 0.313725501, 0.772549033, 0.129411772, 0.235294119

vb0[80]+000 POSITION: -4.7578125, 1.95605469, -2.40039063, 1
vb0[80]+008 NORMAL: -0.897637784, 0.425196856, -0.102362208, 0
vb0[80]+000 COLOR: 0.760784328, 0.768627465, 0.827450991, 0.247058824
vb0[80]+000 TEXCOORD: 0.760784328, 0.768627465, 0.827450991, 0.247058824
vb0[80]+000 TEXCOORD1: 0.760784328, 0.768627465, 0.827450991, 0.247058824
vb0[80]+000 TEXCOORD2: 0.760784328, 0.768627465, 0.827450991, 0.247058824
vb0[80]+000 TEXCOORD3: 0.760784328, 0.768627465, 0.827450991, 0.247058824
vb0[80]+000 TANGENT: 0.760784328, 0.768627465, 0.827450991, 0.247058824

vb0[81]+000 POSITION: -4.55078125, 2.93554688, -1.70605469, 1
vb0[81]+008 NORMAL: -0.929133832, 0.346456707, -0.11811024, 0
vb0[81]+000 COLOR: 0.552941203, 0.768627465, 0.874509811, 0.254901975
vb0[81]+000 TEXCOORD: 0.552941203, 0.768627465, 0.874509811, 0.254901975
vb0[81]+000 TEXCOORD1: 0.552941203, 0.768627465, 0.874509811, 0.254901975
vb0[81]+000 TEXCOORD2: 0.552941203, 0.768627465, 0.874509811, 0.254901975
vb0[81]+000 TEXCOORD3: 0.552941203, 0.768627465, 0.874509811, 0.254901975
vb0[81]+000 TANGENT: 0.552941203, 0.768627465, 0.874509811, 0.254901975

vb0[82]+000 POSITION: -5.61328125, 0.605957031, -0.980957031, 1
vb0[82]+008 NORMAL: -0.976377964, -0.204724416, 0.00787401572, 0
vb0[82]+000 COLOR: 0.615686297, 0.772549033, 0.850980401, 0.219607845
vb0[82]+000 TEXCOORD: 0.615686297, 0.772549033, 0.850980401, 0.219607845
vb0[82]+000 TEXCOORD1: 0.615686297, 0.772549033, 0.850980401, 0.219607845
vb0[82]+000 TEXCOORD2: 0.615686297, 0.772549033, 0.850980401, 0.219607845
vb0[82]+000 TEXCOORD3: 0.615686297, 0.772549033, 0.850980401, 0.219607845
vb0[82]+000 TANGENT: 0.615686297, 0.772549033, 0.850980401, 0.219607845

vb0[83]+000 POSITION: -4.66015625, 3.45898438, -0.386474609, 1
vb0[83]+008 NORMAL: -0.834645689, -0.181102365, -0.51968503, 0
vb0[83]+000 COLOR: 0.662745118, 0.768627465, 0.921568632, 0.258823544
vb0[83]+000 TEXCOORD: 0.662745118, 0.768627465, 0.921568632, 0.258823544
vb0[83]+000 TEXCOORD1: 0.662745118, 0.768627465, 0.921568632, 0.258823544
vb0[83]+000 TEXCOORD2: 0.662745118, 0.768627465, 0.921568632, 0.258823544
vb0[83]+000 TEXCOORD3: 0.662745118, 0.768627465, 0.921568632, 0.258823544
vb0[83]+000 TANGENT: 0.662745118, 0.768627465, 0.921568632, 0.258823544

vb0[84]+000 POSITION: -4.83984375, 5.3125, -0.573730469, 1
vb0[84]+008 NORMAL: -0.897637784, -0.0708661452, -0.433070868, 0
vb0[84]+000 COLOR: 0.843137264, 0.768627465, 0.313725501, 0.270588249
vb0[84]+000 TEXCOORD: 0.843137264, 0.768627465, 0.313725501, 0.270588249
vb0[84]+000 TEXCOORD1: 0.843137264, 0.768627465, 0.313725501, 0.270588249
vb0[84]+000 TEXCOORD2: 0.843137264, 0.768627465, 0.313725501, 0.270588249
vb0[84]+000 TEXCOORD3: 0.843137264, 0.768627465, 0.313725501, 0.270588249
vb0[84]+000 TANGENT: 0.843137264, 0.768627465, 0.313725501, 0.270588249

vb0[85]+000 POSITION: -3.98828125, 5.01953125, -1.62792969, 1
vb0[85]+008 NORMAL: -0.968503952, 0.228346452, -0.0708661452, 0
vb0[85]+000 COLOR: 0.980392158, 0.764705896, 0.0196078438, 0.270588249
vb0[85]+000 TEXCOORD: 0.980392158, 0.764705896, 0.0196078438, 0.270588249
vb0[85]+000 TEXCOORD1: 0.980392158, 0.764705896, 0.0196078438, 0.270588249
vb0[85]+000 TEXCOORD2: 0.980392158, 0.764705896, 0.0196078438, 0.270588249
vb0[85]+000 TEXCOORD3: 0.980392158, 0.764705896, 0.0196078438, 0.270588249
vb0[85]+000 TANGENT: 0.980392158, 0.764705896, 0.0196078438, 0.270588249

vb0[86]+000 POSITION: -5.25390625, 0.306640625, -2.15234375, 1
vb0[86]+008 NORMAL: -0.685039341, -0.692913413, -0.204724416, 0
vb0[86]+000 COLOR: 0.254901975, 0.772549033, 0.909803927, 0.203921571
vb0[86]+000 TEXCOORD: 0.254901975, 0.772549033, 0.909803927, 0.203921571
vb0[86]+000 TEXCOORD1: 0.254901975, 0.772549033, 0.909803927, 0.203921571
vb0[86]+000 TEXCOORD2: 0.254901975, 0.772549033, 0.909803927, 0.203921571
vb0[86]+000 TEXCOORD3: 0.254901975, 0.772549033, 0.909803927, 0.203921571
vb0[86]+000 TANGENT: 0.254901975, 0.772549033, 0.909803927, 0.203921571

vb0[87]+000 POSITION: -5.30078125, 0.21105957, -0.533691406, 1
vb0[87]+008 NORMAL: -0.59842521, -0.748031497, 0.275590539, 0
vb0[87]+000 COLOR: 0.301960796, 0.772549033, 0.75686276, 0.196078435
vb0[87]+000 TEXCOORD: 0.301960796, 0.772549033, 0.75686276, 0.196078435
vb0[87]+000 TEXCOORD1: 0.301960796, 0.772549033, 0.75686276, 0.196078435
vb0[87]+000 TEXCOORD2: 0.301960796, 0.772549033, 0.75686276, 0.196078435
vb0[87]+000 TEXCOORD3: 0.301960796, 0.772549033, 0.75686276, 0.196078435
vb0[87]+000 TANGENT: 0.301960796, 0.772549033, 0.75686276, 0.196078435

vb0[88]+000 POSITION: -4.69921875, 0.238769531, 0.0249938965, 1
vb0[88]+008 NORMAL: -0.433070868, -0.763779521, 0.472440958, 0
vb0[88]+000 COLOR: 0.701960802, 0.768627465, 0.643137276, 0.200000003
vb0[88]+000 TEXCOORD: 0.701960802, 0.768627465, 0.643137276, 0.200000003
vb0[88]+000 TEXCOORD1: 0.701960802, 0.768627465, 0.643137276, 0.200000003
vb0[88]+000 TEXCOORD2: 0.701960802, 0.768627465, 0.643137276, 0.200000003
vb0[88]+000 TEXCOORD3: 0.701960802, 0.768627465, 0.643137276, 0.200000003
vb0[88]+000 TANGENT: 0.701960802, 0.768627465, 0.643137276, 0.200000003

vb0[89]+000 POSITION: -5.33203125, 0.258789063, -1.26367188, 1
vb0[89]+008 NORMAL: -0.51968503, -0.850393713, -0.0708661452, 0
vb0[89]+000 COLOR: 0.333333343, 0.772549033, 0.141176477, 0.203921571
vb0[89]+000 TEXCOORD: 0.333333343, 0.772549033, 0.141176477, 0.203921571
vb0[89]+000 TEXCOORD1: 0.333333343, 0.772549033, 0.141176477, 0.203921571
vb0[89]+000 TEXCOORD2: 0.333333343, 0.772549033, 0.141176477, 0.203921571
vb0[89]+000 TEXCOORD3: 0.333333343, 0.772549033, 0.141176477, 0.203921571
vb0[89]+000 TANGENT: 0.333333343, 0.772549033, 0.141176477, 0.203921571

vb0[90]+000 POSITION: -4.796875, 0.190917969, -1.24316406, 1
vb0[90]+008 NORMAL: -0.0787401572, -0.992125988, -0.0708661452, 0
vb0[90]+000 COLOR: 0.800000012, 0.768627465, 0.109803922, 0.196078435
vb0[90]+000 TEXCOORD: 0.800000012, 0.768627465, 0.109803922, 0.196078435
vb0[90]+000 TEXCOORD1: 0.800000012, 0.768627465, 0.109803922, 0.196078435
vb0[90]+000 TEXCOORD2: 0.800000012, 0.768627465, 0.109803922, 0.196078435
vb0[90]+000 TEXCOORD3: 0.800000012, 0.768627465, 0.109803922, 0.196078435
vb0[90]+000 TANGENT: 0.800000012, 0.768627465, 0.109803922, 0.196078435

vb0[91]+000 POSITION: -4.8359375, 0.261474609, -2.19140625, 1
vb0[91]+008 NORMAL: -0.0708661452, -0.984251976, -0.165354326, 0
vb0[91]+000 COLOR: 0.839215696, 0.768627465, 0.184313729, 0.203921571
vb0[91]+000 TEXCOORD: 0.839215696, 0.768627465, 0.184313729, 0.203921571
vb0[91]+000 TEXCOORD1: 0.839215696, 0.768627465, 0.184313729, 0.203921571
vb0[91]+000 TEXCOORD2: 0.839215696, 0.768627465, 0.184313729, 0.203921571
vb0[91]+000 TEXCOORD3: 0.839215696, 0.768627465, 0.184313729, 0.203921571
vb0[91]+000 TANGENT: 0.839215696, 0.768627465, 0.184313729, 0.203921571

vb0[92]+000 POSITION: -4.59765625, 0.120422363, -0.453613281, 1
vb0[92]+008 NORMAL: -0.11811024, -0.992125988, 0.0314960629, 0
vb0[92]+000 COLOR: 0.600000024, 0.768627465, 0.709803939, 0.184313729
vb0[92]+000 TEXCOORD: 0.600000024, 0.768627465, 0.709803939, 0.184313729
vb0[92]+000 TEXCOORD1: 0.600000024, 0.768627465, 0.709803939, 0.184313729
vb0[92]+000 TEXCOORD2: 0.600000024, 0.768627465, 0.709803939, 0.184313729
vb0[92]+000 TEXCOORD3: 0.600000024, 0.768627465, 0.709803939, 0.184313729
vb0[92]+000 TANGENT: 0.600000024, 0.768627465, 0.709803939, 0.184313729

vb0[93]+000 POSITION: -4.15234375, 0.0659790039, -0.0540161133, 1
vb0[93]+008 NORMAL: -0.212598428, -0.968503952, 0.102362208, 0
vb0[93]+000 COLOR: 0.152941182, 0.768627465, 0.223529413, 0.172549024
vb0[93]+000 TEXCOORD: 0.152941182, 0.768627465, 0.223529413, 0.172549024
vb0[93]+000 TEXCOORD1: 0.152941182, 0.768627465, 0.223529413, 0.172549024
vb0[93]+000 TEXCOORD2: 0.152941182, 0.768627465, 0.223529413, 0.172549024
vb0[93]+000 TEXCOORD3: 0.152941182, 0.768627465, 0.223529413, 0.172549024
vb0[93]+000 TANGENT: 0.152941182, 0.768627465, 0.223529413, 0.172549024

vb0[94]+000 POSITION: -4.09765625, 0.266601563, 0.583496094, 1
vb0[94]+008 NORMAL: -0.385826766, -0.913385808, 0.133858263, 0
vb0[94]+000 COLOR: 0.0980392173, 0.768627465, 0.266666681, 0.203921571
vb0[94]+000 TEXCOORD: 0.0980392173, 0.768627465, 0.266666681, 0.203921571
vb0[94]+000 TEXCOORD1: 0.0980392173, 0.768627465, 0.266666681, 0.203921571
vb0[94]+000 TEXCOORD2: 0.0980392173, 0.768627465, 0.266666681, 0.203921571
vb0[94]+000 TEXCOORD3: 0.0980392173, 0.768627465, 0.266666681, 0.203921571
vb0[94]+000 TANGENT: 0.0980392173, 0.768627465, 0.266666681, 0.203921571

vb0[95]+000 POSITION: -3.70898438, 0.0115432739, 0.345703125, 1
vb0[95]+008 NORMAL: -0.283464581, -0.937007844, 0.196850389, 0
vb0[95]+000 COLOR: 0.419607848, 0.764705896, 0.913725495, 0.129411772
vb0[95]+000 TEXCOORD: 0.419607848, 0.764705896, 0.913725495, 0.129411772
vb0[95]+000 TEXCOORD1: 0.419607848, 0.764705896, 0.913725495, 0.129411772
vb0[95]+000 TEXCOORD2: 0.419607848, 0.764705896, 0.913725495, 0.129411772
vb0[95]+000 TEXCOORD3: 0.419607848, 0.764705896, 0.913725495, 0.129411772
vb0[95]+000 TANGENT: 0.419607848, 0.764705896, 0.913725495, 0.129411772

vb0[96]+000 POSITION: -3.8984375, 0.246337891, 0.748046875, 1
vb0[96]+008 NORMAL: -0.212598428, -0.968503952, 0.133858263, 0
vb0[96]+000 COLOR: 0.800000012, 0.764705896, 0.886274517, 0.200000003
vb0[96]+000 TEXCOORD: 0.800000012, 0.764705896, 0.886274517, 0.200000003
vb0[96]+000 TEXCOORD1: 0.800000012, 0.764705896, 0.886274517, 0.200000003
vb0[96]+000 TEXCOORD2: 0.800000012, 0.764705896, 0.886274517, 0.200000003
vb0[96]+000 TEXCOORD3: 0.800000012, 0.764705896, 0.886274517, 0.200000003
vb0[96]+000 TANGENT: 0.800000012, 0.764705896, 0.886274517, 0.200000003

vb0[97]+000 POSITION: -4.27734375, 0.240966797, 1.02636719, 1
vb0[97]+008 NORMAL: -0.0393700786, -0.992125988, -0.0866141766, 0
vb0[97]+000 COLOR: 0.278431386, 0.768627465, 0.713725507, 0.200000003
vb0[97]+000 TEXCOORD: 0.278431386, 0.768627465, 0.713725507, 0.200000003
vb0[97]+000 TEXCOORD1: 0.278431386, 0.768627465, 0.713725507, 0.200000003
vb0[97]+000 TEXCOORD2: 0.278431386, 0.768627465, 0.713725507, 0.200000003
vb0[97]+000 TEXCOORD3: 0.278431386, 0.768627465, 0.713725507, 0.200000003
vb0[97]+000 TANGENT: 0.278431386, 0.768627465, 0.713725507, 0.200000003

vb0[98]+000 POSITION: -4.69921875, 0.263183594, 0.954101563, 1
vb0[98]+008 NORMAL: -0.472440958, -0.732283473, -0.496062994, 0
vb0[98]+000 COLOR: 0.701960802, 0.768627465, 0.211764708, 0.203921571
vb0[98]+000 TEXCOORD: 0.701960802, 0.768627465, 0.211764708, 0.203921571
vb0[98]+000 TEXCOORD1: 0.701960802, 0.768627465, 0.211764708, 0.203921571
vb0[98]+000 TEXCOORD2: 0.701960802, 0.768627465, 0.211764708, 0.203921571
vb0[98]+000 TEXCOORD3: 0.701960802, 0.768627465, 0.211764708, 0.203921571
vb0[98]+000 TANGENT: 0.701960802, 0.768627465, 0.211764708, 0.203921571

vb0[99]+000 POSITION: -4.69140625, 0.428466797, 0.875976563, 1
vb0[99]+008 NORMAL: -0.661417305, -0.291338593, -0.692913413, 0
vb0[99]+000 COLOR: 0.694117665, 0.768627465, 0.858823538, 0.211764708
vb0[99]+000 TEXCOORD: 0.694117665, 0.768627465, 0.858823538, 0.211764708
vb0[99]+000 TEXCOORD1: 0.694117665, 0.768627465, 0.858823538, 0.211764708
vb0[99]+000 TEXCOORD2: 0.694117665, 0.768627465, 0.858823538, 0.211764708
vb0[99]+000 TEXCOORD3: 0.694117665, 0.768627465, 0.858823538, 0.211764708
vb0[99]+000 TANGENT: 0.694117665, 0.768627465, 0.858823538, 0.211764708

vb0[100]+000 POSITION: -5.10546875, 0.423095703, 1.46875, 1
vb0[100]+008 NORMAL: -0.842519701, -0.181102365, -0.503937006, 0
vb0[100]+000 COLOR: 0.105882354, 0.772549033, 0.772549033, 0.211764708
vb0[100]+000 TEXCOORD: 0.105882354, 0.772549033, 0.772549033, 0.211764708
vb0[100]+000 TEXCOORD1: 0.105882354, 0.772549033, 0.772549033, 0.211764708
vb0[100]+000 TEXCOORD2: 0.105882354, 0.772549033, 0.772549033, 0.211764708
vb0[100]+000 TEXCOORD3: 0.105882354, 0.772549033, 0.772549033, 0.211764708
vb0[100]+000 TANGENT: 0.105882354, 0.772549033, 0.772549033, 0.211764708

vb0[101]+000 POSITION: -5.078125, 0.21862793, 1.49609375, 1
vb0[101]+008 NORMAL: -0.55905509, -0.732283473, -0.393700778, 0
vb0[101]+000 COLOR: 0.0784313753, 0.772549033, 1, 0.196078435
vb0[101]+000 TEXCOORD: 0.0784313753, 0.772549033, 1, 0.196078435
vb0[101]+000 TEXCOORD1: 0.0784313753, 0.772549033, 1, 0.196078435
vb0[101]+000 TEXCOORD2: 0.0784313753, 0.772549033, 1, 0.196078435
vb0[101]+000 TEXCOORD3: 0.0784313753, 0.772549033, 1, 0.196078435
vb0[101]+000 TANGENT: 0.0784313753, 0.772549033, 1, 0.196078435

vb0[102]+000 POSITION: -5.390625, 0.173950195, 2.08789063, 1
vb0[102]+008 NORMAL: -0.708661437, -0.685039341, -0.149606302, 0
vb0[102]+000 COLOR: 0.392156869, 0.772549033, 0.568627477, 0.192156866
vb0[102]+000 TEXCOORD: 0.392156869, 0.772549033, 0.568627477, 0.192156866
vb0[102]+000 TEXCOORD1: 0.392156869, 0.772549033, 0.568627477, 0.192156866
vb0[102]+000 TEXCOORD2: 0.392156869, 0.772549033, 0.568627477, 0.192156866
vb0[102]+000 TEXCOORD3: 0.392156869, 0.772549033, 0.568627477, 0.192156866
vb0[102]+000 TANGENT: 0.392156869, 0.772549033, 0.568627477, 0.192156866

vb0[103]+000 POSITION: -5.44921875, 0.321289063, 2.21484375, 1
vb0[103]+008 NORMAL: -0.96062994, -0.283464581, 0.0708661452, 0
vb0[103]+000 COLOR: 0.450980395, 0.772549033, 0.141176477, 0.20784314
vb0[103]+000 TEXCOORD: 0.450980395, 0.772549033, 0.141176477, 0.20784314
vb0[103]+000 TEXCOORD1: 0.450980395, 0.772549033, 0.141176477, 0.20784314
vb0[103]+000 TEXCOORD2: 0.450980395, 0.772549033, 0.141176477, 0.20784314
vb0[103]+000 TEXCOORD3: 0.450980395, 0.772549033, 0.141176477, 0.20784314
vb0[103]+000 TANGENT: 0.450980395, 0.772549033, 0.141176477, 0.20784314

vb0[104]+000 POSITION: -5.01953125, 0.121459961, 2.62695313, 1
vb0[104]+008 NORMAL: -0.40157479, -0.889763772, 0.228346452, 0
vb0[104]+000 COLOR: 0.0196078438, 0.772549033, 0.776470602, 0.184313729
vb0[104]+000 TEXCOORD: 0.0196078438, 0.772549033, 0.776470602, 0.184313729
vb0[104]+000 TEXCOORD1: 0.0196078438, 0.772549033, 0.776470602, 0.184313729
vb0[104]+000 TEXCOORD2: 0.0196078438, 0.772549033, 0.776470602, 0.184313729
vb0[104]+000 TEXCOORD3: 0.0196078438, 0.772549033, 0.776470602, 0.184313729
vb0[104]+000 TANGENT: 0.0196078438, 0.772549033, 0.776470602, 0.184313729

vb0[105]+000 POSITION: -5.078125, 0.258056641, 2.734375, 1
vb0[105]+008 NORMAL: -0.614173234, -0.622047246, 0.488188982, 0
vb0[105]+000 COLOR: 0.0784313753, 0.772549033, 0.129411772, 0.203921571
vb0[105]+000 TEXCOORD: 0.0784313753, 0.772549033, 0.129411772, 0.203921571
vb0[105]+000 TEXCOORD1: 0.0784313753, 0.772549033, 0.129411772, 0.203921571
vb0[105]+000 TEXCOORD2: 0.0784313753, 0.772549033, 0.129411772, 0.203921571
vb0[105]+000 TEXCOORD3: 0.0784313753, 0.772549033, 0.129411772, 0.203921571
vb0[105]+000 TANGENT: 0.0784313753, 0.772549033, 0.129411772, 0.203921571

vb0[106]+000 POSITION: -4.70703125, 0.208984375, 1.4609375, 1
vb0[106]+008 NORMAL: -0.0314960629, -0.992125988, -0.102362208, 0
vb0[106]+000 COLOR: 0.709803939, 0.768627465, 0.690196097, 0.196078435
vb0[106]+000 TEXCOORD: 0.709803939, 0.768627465, 0.690196097, 0.196078435
vb0[106]+000 TEXCOORD1: 0.709803939, 0.768627465, 0.690196097, 0.196078435
vb0[106]+000 TEXCOORD2: 0.709803939, 0.768627465, 0.690196097, 0.196078435
vb0[106]+000 TEXCOORD3: 0.709803939, 0.768627465, 0.690196097, 0.196078435
vb0[106]+000 TANGENT: 0.709803939, 0.768627465, 0.690196097, 0.196078435

vb0[107]+000 POSITION: -4.671875, 0.130615234, 2.2734375, 1
vb0[107]+008 NORMAL: -0.0393700786, -0.992125988, -0.0866141766, 0
vb0[107]+000 COLOR: 0.674509823, 0.768627465, 0.180392161, 0.188235298
vb0[107]+000 TEXCOORD: 0.674509823, 0.768627465, 0.180392161, 0.188235298
vb0[107]+000 TEXCOORD1: 0.674509823, 0.768627465, 0.180392161, 0.188235298
vb0[107]+000 TEXCOORD2: 0.674509823, 0.768627465, 0.180392161, 0.188235298
vb0[107]+000 TEXCOORD3: 0.674509823, 0.768627465, 0.180392161, 0.188235298
vb0[107]+000 TANGENT: 0.674509823, 0.768627465, 0.180392161, 0.188235298

vb0[108]+000 POSITION: -4.2890625, 0.0848388672, 2.60742188, 1
vb0[108]+008 NORMAL: -0.0314960629, -0.992125988, -0.0866141766, 0
vb0[108]+000 COLOR: 0.290196091, 0.768627465, 0.431372553, 0.176470593
vb0[108]+000 TEXCOORD: 0.290196091, 0.768627465, 0.431372553, 0.176470593
vb0[108]+000 TEXCOORD1: 0.290196091, 0.768627465, 0.431372553, 0.176470593
vb0[108]+000 TEXCOORD2: 0.290196091, 0.768627465, 0.431372553, 0.176470593
vb0[108]+000 TEXCOORD3: 0.290196091, 0.768627465, 0.431372553, 0.176470593
vb0[108]+000 TANGENT: 0.290196091, 0.768627465, 0.431372553, 0.176470593

vb0[109]+000 POSITION: -4.515625, 0.052154541, 3.1015625, 1
vb0[109]+008 NORMAL: -0.165354326, -0.763779521, 0.629921257, 0
vb0[109]+000 COLOR: 0.517647088, 0.768627465, 0.678431392, 0.164705887
vb0[109]+000 TEXCOORD: 0.517647088, 0.768627465, 0.678431392, 0.164705887
vb0[109]+000 TEXCOORD1: 0.517647088, 0.768627465, 0.678431392, 0.164705887
vb0[109]+000 TEXCOORD2: 0.517647088, 0.768627465, 0.678431392, 0.164705887
vb0[109]+000 TEXCOORD3: 0.517647088, 0.768627465, 0.678431392, 0.164705887
vb0[109]+000 TANGENT: 0.517647088, 0.768627465, 0.678431392, 0.164705887

vb0[110]+000 POSITION: -4.90625, 0.177124023, 1.8515625, 1
vb0[110]+008 NORMAL: -0.0314960629, -0.992125988, -0.0944881886, 0
vb0[110]+000 COLOR: 0.909803927, 0.768627465, 0.670588255, 0.192156866
vb0[110]+000 TEXCOORD: 0.909803927, 0.768627465, 0.670588255, 0.192156866
vb0[110]+000 TEXCOORD1: 0.909803927, 0.768627465, 0.670588255, 0.192156866
vb0[110]+000 TEXCOORD2: 0.909803927, 0.768627465, 0.670588255, 0.192156866
vb0[110]+000 TEXCOORD3: 0.909803927, 0.768627465, 0.670588255, 0.192156866
vb0[110]+000 TANGENT: 0.909803927, 0.768627465, 0.670588255, 0.192156866

vb0[111]+000 POSITION: -4.48828125, 0.149291992, 3.14257813, 1
vb0[111]+008 NORMAL: -0.11023622, -0.346456707, 0.929133832, 0
vb0[111]+000 COLOR: 0.490196079, 0.768627465, 0.78039217, 0.188235298
vb0[111]+000 TEXCOORD: 0.490196079, 0.768627465, 0.78039217, 0.188235298
vb0[111]+000 TEXCOORD1: 0.490196079, 0.768627465, 0.78039217, 0.188235298
vb0[111]+000 TEXCOORD2: 0.490196079, 0.768627465, 0.78039217, 0.188235298
vb0[111]+000 TEXCOORD3: 0.490196079, 0.768627465, 0.78039217, 0.188235298
vb0[111]+000 TANGENT: 0.490196079, 0.768627465, 0.78039217, 0.188235298

vb0[112]+000 POSITION: -3.96875, 0.0599365234, 2.86132813, 1
vb0[112]+008 NORMAL: 0.149606302, -0.92125982, 0.354330719, 0
vb0[112]+000 COLOR: 0.941176474, 0.764705896, 0.674509823, 0.168627456
vb0[112]+000 TEXCOORD: 0.941176474, 0.764705896, 0.674509823, 0.168627456
vb0[112]+000 TEXCOORD1: 0.941176474, 0.764705896, 0.674509823, 0.168627456
vb0[112]+000 TEXCOORD2: 0.941176474, 0.764705896, 0.674509823, 0.168627456
vb0[112]+000 TEXCOORD3: 0.941176474, 0.764705896, 0.674509823, 0.168627456
vb0[112]+000 TANGENT: 0.941176474, 0.764705896, 0.674509823, 0.168627456

vb0[113]+000 POSITION: -3.79101563, 0.0933837891, 2.43164063, 1
vb0[113]+008 NORMAL: -0.0157480314, -0.992125988, -0.0944881886, 0
vb0[113]+000 COLOR: 0.58431375, 0.764705896, 0.980392158, 0.176470593
vb0[113]+000 TEXCOORD: 0.58431375, 0.764705896, 0.980392158, 0.176470593
vb0[113]+000 TEXCOORD1: 0.58431375, 0.764705896, 0.980392158, 0.176470593
vb0[113]+000 TEXCOORD2: 0.58431375, 0.764705896, 0.980392158, 0.176470593
vb0[113]+000 TEXCOORD3: 0.58431375, 0.764705896, 0.980392158, 0.176470593
vb0[113]+000 TANGENT: 0.58431375, 0.764705896, 0.980392158, 0.176470593

vb0[114]+000 POSITION: -3.58789063, 0.0653686523, 2.69140625, 1
vb0[114]+008 NORMAL: -0.535433054, -0.842519701, 0, 0
vb0[114]+000 COLOR: 0.176470593, 0.764705896, 0.184313729, 0.172549024
vb0[114]+000 TEXCOORD: 0.176470593, 0.764705896, 0.184313729, 0.172549024
vb0[114]+000 TEXCOORD1: 0.176470593, 0.764705896, 0.184313729, 0.172549024
vb0[114]+000 TEXCOORD2: 0.176470593, 0.764705896, 0.184313729, 0.172549024
vb0[114]+000 TEXCOORD3: 0.176470593, 0.764705896, 0.184313729, 0.172549024
vb0[114]+000 TANGENT: 0.176470593, 0.764705896, 0.184313729, 0.172549024

vb0[115]+000 POSITION: -3.65234375, 0.21875, 2.8828125, 1
vb0[115]+008 NORMAL: -0.448818892, -0.763779521, 0.472440958, 0
vb0[115]+000 COLOR: 0.305882365, 0.764705896, 0, 0.200000003
vb0[115]+000 TEXCOORD: 0.305882365, 0.764705896, 0, 0.200000003
vb0[115]+000 TEXCOORD1: 0.305882365, 0.764705896, 0, 0.200000003
vb0[115]+000 TEXCOORD2: 0.305882365, 0.764705896, 0, 0.200000003
vb0[115]+000 TEXCOORD3: 0.305882365, 0.764705896, 0, 0.200000003
vb0[115]+000 TANGENT: 0.305882365, 0.764705896, 0, 0.200000003

vb0[116]+000 POSITION: -3.4453125, -0.263671875, 3.58984375, 1
vb0[116]+008 NORMAL: -0.779527545, -0.543307066, 0.314960629, 0
vb0[116]+000 COLOR: 0.894117653, 0.760784328, 0.219607845, 0.70588237
vb0[116]+000 TEXCOORD: 0.894117653, 0.760784328, 0.219607845, 0.70588237
vb0[116]+000 TEXCOORD1: 0.894117653, 0.760784328, 0.219607845, 0.70588237
vb0[116]+000 TEXCOORD2: 0.894117653, 0.760784328, 0.219607845, 0.70588237
vb0[116]+000 TEXCOORD3: 0.894117653, 0.760784328, 0.219607845, 0.70588237
vb0[116]+000 TANGENT: 0.894117653, 0.760784328, 0.219607845, 0.70588237

vb0[117]+000 POSITION: -3.22460938, -0.605957031, 2.84570313, 1
vb0[117]+008 NORMAL: -0.527559042, -0.842519701, -0.0787401572, 0
vb0[117]+000 COLOR: 0.450980395, 0.760784328, 0.850980401, 0.721568644
vb0[117]+000 TEXCOORD: 0.450980395, 0.760784328, 0.850980401, 0.721568644
vb0[117]+000 TEXCOORD1: 0.450980395, 0.760784328, 0.850980401, 0.721568644
vb0[117]+000 TEXCOORD2: 0.450980395, 0.760784328, 0.850980401, 0.721568644
vb0[117]+000 TEXCOORD3: 0.450980395, 0.760784328, 0.850980401, 0.721568644
vb0[117]+000 TANGENT: 0.450980395, 0.760784328, 0.850980401, 0.721568644

vb0[118]+000 POSITION: -2.5859375, -0.669921875, 3.77148438, 1
vb0[118]+008 NORMAL: -0.244094491, -0.952755928, 0.165354326, 0
vb0[118]+000 COLOR: 0.172549024, 0.75686276, 0.360784322, 0.725490212
vb0[118]+000 TEXCOORD: 0.172549024, 0.75686276, 0.360784322, 0.725490212
vb0[118]+000 TEXCOORD1: 0.172549024, 0.75686276, 0.360784322, 0.725490212
vb0[118]+000 TEXCOORD2: 0.172549024, 0.75686276, 0.360784322, 0.725490212
vb0[118]+000 TEXCOORD3: 0.172549024, 0.75686276, 0.360784322, 0.725490212
vb0[118]+000 TANGENT: 0.172549024, 0.75686276, 0.360784322, 0.725490212

vb0[119]+000 POSITION: -2.95507813, -0.294921875, 4.19140625, 1
vb0[119]+008 NORMAL: -0.590551198, -0.590551198, 0.551181078, 0
vb0[119]+000 COLOR: 0.913725495, 0.75686276, 0.721568644, 0.70588237
vb0[119]+000 TEXCOORD: 0.913725495, 0.75686276, 0.721568644, 0.70588237
vb0[119]+000 TEXCOORD1: 0.913725495, 0.75686276, 0.721568644, 0.70588237
vb0[119]+000 TEXCOORD2: 0.913725495, 0.75686276, 0.721568644, 0.70588237
vb0[119]+000 TEXCOORD3: 0.913725495, 0.75686276, 0.721568644, 0.70588237
vb0[119]+000 TANGENT: 0.913725495, 0.75686276, 0.721568644, 0.70588237

vb0[120]+000 POSITION: -3.78515625, 0.529785156, 3.26953125, 1
vb0[120]+008 NORMAL: -0.59842521, -0.346456707, 0.724409461, 0
vb0[120]+000 COLOR: 0.572549045, 0.764705896, 0.239215687, 0.219607845
vb0[120]+000 TEXCOORD: 0.572549045, 0.764705896, 0.239215687, 0.219607845
vb0[120]+000 TEXCOORD1: 0.572549045, 0.764705896, 0.239215687, 0.219607845
vb0[120]+000 TEXCOORD2: 0.572549045, 0.764705896, 0.239215687, 0.219607845
vb0[120]+000 TEXCOORD3: 0.572549045, 0.764705896, 0.239215687, 0.219607845
vb0[120]+000 TANGENT: 0.572549045, 0.764705896, 0.239215687, 0.219607845

vb0[121]+000 POSITION: -2.33984375, -0.326171875, 4.68359375, 1
vb0[121]+008 NORMAL: -0.527559042, -0.629921257, 0.566929162, 0
vb0[121]+000 COLOR: 0.68235296, 0.752941191, 0.219607845, 0.709803939
vb0[121]+000 TEXCOORD: 0.68235296, 0.752941191, 0.219607845, 0.709803939
vb0[121]+000 TEXCOORD1: 0.68235296, 0.752941191, 0.219607845, 0.709803939
vb0[121]+000 TEXCOORD2: 0.68235296, 0.752941191, 0.219607845, 0.709803939
vb0[121]+000 TEXCOORD3: 0.68235296, 0.752941191, 0.219607845, 0.709803939
vb0[121]+000 TANGENT: 0.68235296, 0.752941191, 0.219607845, 0.709803939

vb0[122]+000 POSITION: -1.59179688, -0.733398438, 4.57421875, 1
vb0[122]+008 NORMAL: -0.188976377, -0.96062994, 0.181102365, 0
vb0[122]+000 COLOR: 0.368627459, 0.745098054, 0.870588243, 0.725490212
vb0[122]+000 TEXCOORD: 0.368627459, 0.745098054, 0.870588243, 0.725490212
vb0[122]+000 TEXCOORD1: 0.368627459, 0.745098054, 0.870588243, 0.725490212
vb0[122]+000 TEXCOORD2: 0.368627459, 0.745098054, 0.870588243, 0.725490212
vb0[122]+000 TEXCOORD3: 0.368627459, 0.745098054, 0.870588243, 0.725490212
vb0[122]+000 TANGENT: 0.368627459, 0.745098054, 0.870588243, 0.725490212

vb0[123]+000 POSITION: -1.39941406, -0.455810547, 5.48046875, 1
vb0[123]+008 NORMAL: -0.322834641, -0.685039341, 0.645669281, 0
vb0[123]+000 COLOR: 0.600000024, 0.741176486, 0.294117659, 0.717647076
vb0[123]+000 TEXCOORD: 0.600000024, 0.741176486, 0.294117659, 0.717647076
vb0[123]+000 TEXCOORD1: 0.600000024, 0.741176486, 0.294117659, 0.717647076
vb0[123]+000 TEXCOORD2: 0.600000024, 0.741176486, 0.294117659, 0.717647076
vb0[123]+000 TEXCOORD3: 0.600000024, 0.741176486, 0.294117659, 0.717647076
vb0[123]+000 TANGENT: 0.600000024, 0.741176486, 0.294117659, 0.717647076

vb0[124]+000 POSITION: -2.01953125, 0.684082031, 5.5234375, 1
vb0[124]+008 NORMAL: -0.622047246, -0.377952754, 0.685039341, 0
vb0[124]+000 COLOR: 0.0392156877, 0.752941191, 0.474509805, 0.223529413
vb0[124]+000 TEXCOORD: 0.0392156877, 0.752941191, 0.474509805, 0.223529413
vb0[124]+000 TEXCOORD1: 0.0392156877, 0.752941191, 0.474509805, 0.223529413
vb0[124]+000 TEXCOORD2: 0.0392156877, 0.752941191, 0.474509805, 0.223529413
vb0[124]+000 TEXCOORD3: 0.0392156877, 0.752941191, 0.474509805, 0.223529413
vb0[124]+000 TANGENT: 0.0392156877, 0.752941191, 0.474509805, 0.223529413

vb0[125]+000 POSITION: -0.790039063, -0.732910156, 4.93359375, 1
vb0[125]+008 NORMAL: -0.00787401572, -0.968503952, 0.244094491, 0
vb0[125]+000 COLOR: 0.321568638, 0.729411781, 0.866666675, 0.725490212
vb0[125]+000 TEXCOORD: 0.321568638, 0.729411781, 0.866666675, 0.725490212
vb0[125]+000 TEXCOORD1: 0.321568638, 0.729411781, 0.866666675, 0.725490212
vb0[125]+000 TEXCOORD2: 0.321568638, 0.729411781, 0.866666675, 0.725490212
vb0[125]+000 TEXCOORD3: 0.321568638, 0.729411781, 0.866666675, 0.725490212
vb0[125]+000 TANGENT: 0.321568638, 0.729411781, 0.866666675, 0.725490212

vb0[126]+000 POSITION: 0.459472656, -0.587890625, 4.98828125, 1
vb0[126]+008 NORMAL: 0.125984251, -0.897637784, 0.425196856, 0
vb0[126]+000 COLOR: 0.352941185, 0.215686277, 0.70588237, 0.721568644
vb0[126]+000 TEXCOORD: 0.352941185, 0.215686277, 0.70588237, 0.721568644
vb0[126]+000 TEXCOORD1: 0.352941185, 0.215686277, 0.70588237, 0.721568644
vb0[126]+000 TEXCOORD2: 0.352941185, 0.215686277, 0.70588237, 0.721568644
vb0[126]+000 TEXCOORD3: 0.352941185, 0.215686277, 0.70588237, 0.721568644
vb0[126]+000 TANGENT: 0.352941185, 0.215686277, 0.70588237, 0.721568644

vb0[127]+000 POSITION: 0.207763672, -0.750488281, 4.32421875, 1
vb0[127]+008 NORMAL: 0.0236220472, -1, 0.0866141766, 0
vb0[127]+000 COLOR: 0.650980413, 0.196078435, 0.00392156886, 0.729411781
vb0[127]+000 TEXCOORD: 0.650980413, 0.196078435, 0.00392156886, 0.729411781
vb0[127]+000 TEXCOORD1: 0.650980413, 0.196078435, 0.00392156886, 0.729411781
vb0[127]+000 TEXCOORD2: 0.650980413, 0.196078435, 0.00392156886, 0.729411781
vb0[127]+000 TEXCOORD3: 0.650980413, 0.196078435, 0.00392156886, 0.729411781
vb0[127]+000 TANGENT: 0.650980413, 0.196078435, 0.00392156886, 0.729411781

vb0[128]+000 POSITION: -0.541503906, -0.742675781, 4.359375, 1
vb0[128]+008 NORMAL: -0.0157480314, -1, -0.0157480314, 0
vb0[128]+000 COLOR: 0.333333343, 0.721568644, 0.945098042, 0.725490212
vb0[128]+000 TEXCOORD: 0.333333343, 0.721568644, 0.945098042, 0.725490212
vb0[128]+000 TEXCOORD1: 0.333333343, 0.721568644, 0.945098042, 0.725490212
vb0[128]+000 TEXCOORD2: 0.333333343, 0.721568644, 0.945098042, 0.725490212
vb0[128]+000 TEXCOORD3: 0.333333343, 0.721568644, 0.945098042, 0.725490212
vb0[128]+000 TANGENT: 0.333333343, 0.721568644, 0.945098042, 0.725490212

vb0[129]+000 POSITION: -5.234375, 0.647949219, 3.04296875, 1
vb0[129]+008 NORMAL: -0.637795269, -0.173228353, 0.748031497, 0
vb0[129]+000 COLOR: 0.235294119, 0.772549033, 0.184313729, 0.223529413
vb0[129]+000 TEXCOORD: 0.235294119, 0.772549033, 0.184313729, 0.223529413
vb0[129]+000 TEXCOORD1: 0.235294119, 0.772549033, 0.184313729, 0.223529413
vb0[129]+000 TEXCOORD2: 0.235294119, 0.772549033, 0.184313729, 0.223529413
vb0[129]+000 TEXCOORD3: 0.235294119, 0.772549033, 0.184313729, 0.223529413
vb0[129]+000 TANGENT: 0.235294119, 0.772549033, 0.184313729, 0.223529413

vb0[130]+000 POSITION: -0.379394531, -0.723632813, 3.72460938, 1
vb0[130]+008 NORMAL: -0.0314960629, -1, -0.0393700786, 0
vb0[130]+000 COLOR: 0.0705882385, 0.713725507, 0.792156875, 0.725490212
vb0[130]+000 TEXCOORD: 0.0705882385, 0.713725507, 0.792156875, 0.725490212
vb0[130]+000 TEXCOORD1: 0.0705882385, 0.713725507, 0.792156875, 0.725490212
vb0[130]+000 TEXCOORD2: 0.0705882385, 0.713725507, 0.792156875, 0.725490212
vb0[130]+000 TEXCOORD3: 0.0705882385, 0.713725507, 0.792156875, 0.725490212
vb0[130]+000 TANGENT: 0.0705882385, 0.713725507, 0.792156875, 0.725490212

vb0[131]+000 POSITION: -1.14746094, -0.680664063, 3.5625, 1
vb0[131]+008 NORMAL: -0.0236220472, -1, -0.05511811, 0
vb0[131]+000 COLOR: 0.592156887, 0.737254918, 0.447058827, 0.725490212
vb0[131]+000 TEXCOORD: 0.592156887, 0.737254918, 0.447058827, 0.725490212
vb0[131]+000 TEXCOORD1: 0.592156887, 0.737254918, 0.447058827, 0.725490212
vb0[131]+000 TEXCOORD2: 0.592156887, 0.737254918, 0.447058827, 0.725490212
vb0[131]+000 TEXCOORD3: 0.592156887, 0.737254918, 0.447058827, 0.725490212
vb0[131]+000 TANGENT: 0.592156887, 0.737254918, 0.447058827, 0.725490212

vb0[132]+000 POSITION: -1.39648438, -0.708984375, 3.94726563, 1
vb0[132]+008 NORMAL: -0.0157480314, -1, -0.0629921257, 0
vb0[132]+000 COLOR: 0.588235319, 0.741176486, 0.674509823, 0.725490212
vb0[132]+000 TEXCOORD: 0.588235319, 0.741176486, 0.674509823, 0.725490212
vb0[132]+000 TEXCOORD1: 0.588235319, 0.741176486, 0.674509823, 0.725490212
vb0[132]+000 TEXCOORD2: 0.588235319, 0.741176486, 0.674509823, 0.725490212
vb0[132]+000 TEXCOORD3: 0.588235319, 0.741176486, 0.674509823, 0.725490212
vb0[132]+000 TANGENT: 0.588235319, 0.741176486, 0.674509823, 0.725490212

vb0[133]+000 POSITION: -2.15820313, -0.654296875, 3.51953125, 1
vb0[133]+008 NORMAL: -0.0236220472, -1, -0.0708661452, 0
vb0[133]+000 COLOR: 0.31764707, 0.752941191, 0.235294119, 0.725490212
vb0[133]+000 TEXCOORD: 0.31764707, 0.752941191, 0.235294119, 0.725490212
vb0[133]+000 TEXCOORD1: 0.31764707, 0.752941191, 0.235294119, 0.725490212
vb0[133]+000 TEXCOORD2: 0.31764707, 0.752941191, 0.235294119, 0.725490212
vb0[133]+000 TEXCOORD3: 0.31764707, 0.752941191, 0.235294119, 0.725490212
vb0[133]+000 TANGENT: 0.31764707, 0.752941191, 0.235294119, 0.725490212

vb0[134]+000 POSITION: -2.62304688, -0.592773438, 2.76367188, 1
vb0[134]+008 NORMAL: -0.00787401572, -1, -0.0472440943, 0
vb0[134]+000 COLOR: 0.247058824, 0.75686276, 0.745098054, 0.721568644
vb0[134]+000 TEXCOORD: 0.247058824, 0.75686276, 0.745098054, 0.721568644
vb0[134]+000 TEXCOORD1: 0.247058824, 0.75686276, 0.745098054, 0.721568644
vb0[134]+000 TEXCOORD2: 0.247058824, 0.75686276, 0.745098054, 0.721568644
vb0[134]+000 TEXCOORD3: 0.247058824, 0.75686276, 0.745098054, 0.721568644
vb0[134]+000 TANGENT: 0.247058824, 0.75686276, 0.745098054, 0.721568644

vb0[135]+000 POSITION: -1.74511719, -0.650878906, 3.13085938, 1
vb0[135]+008 NORMAL: -0.0314960629, -1, -0.05511811, 0
vb0[135]+000 COLOR: 0.984313726, 0.745098054, 0.20784314, 0.725490212
vb0[135]+000 TEXCOORD: 0.984313726, 0.745098054, 0.20784314, 0.725490212
vb0[135]+000 TEXCOORD1: 0.984313726, 0.745098054, 0.20784314, 0.725490212
vb0[135]+000 TEXCOORD2: 0.984313726, 0.745098054, 0.20784314, 0.725490212
vb0[135]+000 TEXCOORD3: 0.984313726, 0.745098054, 0.20784314, 0.725490212
vb0[135]+000 TANGENT: 0.984313726, 0.745098054, 0.20784314, 0.725490212

vb0[136]+000 POSITION: -1.95898438, -0.609375, 2.5703125, 1
vb0[136]+008 NORMAL: -0.0314960629, -1, -0.05511811, 0
vb0[136]+000 COLOR: 0.839215696, 0.749019623, 0.87843138, 0.721568644
vb0[136]+000 TEXCOORD: 0.839215696, 0.749019623, 0.87843138, 0.721568644
vb0[136]+000 TEXCOORD1: 0.839215696, 0.749019623, 0.87843138, 0.721568644
vb0[136]+000 TEXCOORD2: 0.839215696, 0.749019623, 0.87843138, 0.721568644
vb0[136]+000 TEXCOORD3: 0.839215696, 0.749019623, 0.87843138, 0.721568644
vb0[136]+000 TANGENT: 0.839215696, 0.749019623, 0.87843138, 0.721568644

vb0[137]+000 POSITION: -3.22070313, -0.181396484, 2.140625, 1
vb0[137]+008 NORMAL: -0.740157485, -0.614173234, -0.259842515, 0
vb0[137]+000 COLOR: 0.443137258, 0.760784328, 0.807843149, 0.694117665
vb0[137]+000 TEXCOORD: 0.443137258, 0.760784328, 0.807843149, 0.694117665
vb0[137]+000 TEXCOORD1: 0.443137258, 0.760784328, 0.807843149, 0.694117665
vb0[137]+000 TEXCOORD2: 0.443137258, 0.760784328, 0.807843149, 0.694117665
vb0[137]+000 TEXCOORD3: 0.443137258, 0.760784328, 0.807843149, 0.694117665
vb0[137]+000 TANGENT: 0.443137258, 0.760784328, 0.807843149, 0.694117665

vb0[138]+000 POSITION: -3.53320313, 0.0981445313, 2.3046875, 1
vb0[138]+008 NORMAL: -0.393700778, -0.905511796, -0.165354326, 0
vb0[138]+000 COLOR: 0.0666666701, 0.764705896, 0.282352954, 0.180392161
vb0[138]+000 TEXCOORD: 0.0666666701, 0.764705896, 0.282352954, 0.180392161
vb0[138]+000 TEXCOORD1: 0.0666666701, 0.764705896, 0.282352954, 0.180392161
vb0[138]+000 TEXCOORD2: 0.0666666701, 0.764705896, 0.282352954, 0.180392161
vb0[138]+000 TEXCOORD3: 0.0666666701, 0.764705896, 0.282352954, 0.180392161
vb0[138]+000 TANGENT: 0.0666666701, 0.764705896, 0.282352954, 0.180392161

vb0[139]+000 POSITION: -4.55078125, 2.93554688, -1.70605469, 1
vb0[139]+008 NORMAL: -0.929133832, 0.346456707, -0.11811024, 0
vb0[139]+000 COLOR: 0.552941203, 0.768627465, 0.874509811, 0.254901975
vb0[139]+000 TEXCOORD: 0.552941203, 0.768627465, 0.874509811, 0.254901975
vb0[139]+000 TEXCOORD1: 0.552941203, 0.768627465, 0.874509811, 0.254901975
vb0[139]+000 TEXCOORD2: 0.552941203, 0.768627465, 0.874509811, 0.254901975
vb0[139]+000 TEXCOORD3: 0.552941203, 0.768627465, 0.874509811, 0.254901975
vb0[139]+000 TANGENT: 0.552941203, 0.768627465, 0.874509811, 0.254901975

vb0[140]+000 POSITION: -4.66796875, 2.25585938, -2.7421875, 1
vb0[140]+008 NORMAL: -0.929133832, 0.362204731, -0.05511811, 0
vb0[140]+000 COLOR: 0.670588255, 0.768627465, 0.513725519, 0.250980407
vb0[140]+000 TEXCOORD: 0.670588255, 0.768627465, 0.513725519, 0.250980407
vb0[140]+000 TEXCOORD1: 0.670588255, 0.768627465, 0.513725519, 0.250980407
vb0[140]+000 TEXCOORD2: 0.670588255, 0.768627465, 0.513725519, 0.250980407
vb0[140]+000 TEXCOORD3: 0.670588255, 0.768627465, 0.513725519, 0.250980407
vb0[140]+000 TANGENT: 0.670588255, 0.768627465, 0.513725519, 0.250980407

vb0[141]+000 POSITION: -4.7578125, 1.95605469, -2.40039063, 1
vb0[141]+008 NORMAL: -0.897637784, 0.425196856, -0.102362208, 0
vb0[141]+000 COLOR: 0.760784328, 0.768627465, 0.827450991, 0.247058824
vb0[141]+000 TEXCOORD: 0.760784328, 0.768627465, 0.827450991, 0.247058824
vb0[141]+000 TEXCOORD1: 0.760784328, 0.768627465, 0.827450991, 0.247058824
vb0[141]+000 TEXCOORD2: 0.760784328, 0.768627465, 0.827450991, 0.247058824
vb0[141]+000 TEXCOORD3: 0.760784328, 0.768627465, 0.827450991, 0.247058824
vb0[141]+000 TANGENT: 0.760784328, 0.768627465, 0.827450991, 0.247058824

vb0[142]+000 POSITION: -4.44921875, 4.3046875, -2.28320313, 1
vb0[142]+008 NORMAL: -0.944881916, 0.291338593, -0.149606302, 0
vb0[142]+000 COLOR: 0.450980395, 0.768627465, 0.305882365, 0.266666681
vb0[142]+000 TEXCOORD: 0.450980395, 0.768627465, 0.305882365, 0.266666681
vb0[142]+000 TEXCOORD1: 0.450980395, 0.768627465, 0.305882365, 0.266666681
vb0[142]+000 TEXCOORD2: 0.450980395, 0.768627465, 0.305882365, 0.266666681
vb0[142]+000 TEXCOORD3: 0.450980395, 0.768627465, 0.305882365, 0.266666681
vb0[142]+000 TANGENT: 0.450980395, 0.768627465, 0.305882365, 0.266666681

vb0[143]+000 POSITION: -4.30859375, 2.61523438, -3.16601563, 1
vb0[143]+008 NORMAL: -0.897637784, 0.354330719, -0.259842515, 0
vb0[143]+000 COLOR: 0.309803933, 0.768627465, 0.23137255, 0.254901975
vb0[143]+000 TEXCOORD: 0.309803933, 0.768627465, 0.23137255, 0.254901975
vb0[143]+000 TEXCOORD1: 0.309803933, 0.768627465, 0.23137255, 0.254901975
vb0[143]+000 TEXCOORD2: 0.309803933, 0.768627465, 0.23137255, 0.254901975
vb0[143]+000 TEXCOORD3: 0.309803933, 0.768627465, 0.23137255, 0.254901975
vb0[143]+000 TANGENT: 0.309803933, 0.768627465, 0.23137255, 0.254901975

vb0[144]+000 POSITION: -3.99023438, 4.51953125, -2.89453125, 1
vb0[144]+008 NORMAL: -0.952755928, 0.291338593, -0.0236220472, 0
vb0[144]+000 COLOR: 0.984313726, 0.764705896, 0.521568656, 0.266666681
vb0[144]+000 TEXCOORD: 0.984313726, 0.764705896, 0.521568656, 0.266666681
vb0[144]+000 TEXCOORD1: 0.984313726, 0.764705896, 0.521568656, 0.266666681
vb0[144]+000 TEXCOORD2: 0.984313726, 0.764705896, 0.521568656, 0.266666681
vb0[144]+000 TEXCOORD3: 0.984313726, 0.764705896, 0.521568656, 0.266666681
vb0[144]+000 TANGENT: 0.984313726, 0.764705896, 0.521568656, 0.266666681

vb0[145]+000 POSITION: -4.5390625, 4.54296875, -3.99023438, 1
vb0[145]+008 NORMAL: -0.984251976, 0.0629921257, 0.165354326, 0
vb0[145]+000 COLOR: 0.541176498, 0.768627465, 0.545098066, 0.266666681
vb0[145]+000 TEXCOORD: 0.541176498, 0.768627465, 0.545098066, 0.266666681
vb0[145]+000 TEXCOORD1: 0.541176498, 0.768627465, 0.545098066, 0.266666681
vb0[145]+000 TEXCOORD2: 0.541176498, 0.768627465, 0.545098066, 0.266666681
vb0[145]+000 TEXCOORD3: 0.541176498, 0.768627465, 0.545098066, 0.266666681
vb0[145]+000 TANGENT: 0.541176498, 0.768627465, 0.545098066, 0.266666681

vb0[146]+000 POSITION: -4.3046875, 3.73046875, -4.32421875, 1
vb0[146]+008 NORMAL: -0.92125982, -0.338582665, -0.173228353, 0
vb0[146]+000 COLOR: 0.305882365, 0.768627465, 0.4627451, 0.262745112
vb0[146]+000 TEXCOORD: 0.305882365, 0.768627465, 0.4627451, 0.262745112
vb0[146]+000 TEXCOORD1: 0.305882365, 0.768627465, 0.4627451, 0.262745112
vb0[146]+000 TEXCOORD2: 0.305882365, 0.768627465, 0.4627451, 0.262745112
vb0[146]+000 TEXCOORD3: 0.305882365, 0.768627465, 0.4627451, 0.262745112
vb0[146]+000 TANGENT: 0.305882365, 0.768627465, 0.4627451, 0.262745112

vb0[147]+000 POSITION: -4.5234375, 4.1640625, -4.72265625, 1
vb0[147]+008 NORMAL: -0.952755928, -0.22047244, -0.204724416, 0
vb0[147]+000 COLOR: 0.525490224, 0.768627465, 0.164705887, 0.266666681
vb0[147]+000 TEXCOORD: 0.525490224, 0.768627465, 0.164705887, 0.266666681
vb0[147]+000 TEXCOORD1: 0.525490224, 0.768627465, 0.164705887, 0.266666681
vb0[147]+000 TEXCOORD2: 0.525490224, 0.768627465, 0.164705887, 0.266666681
vb0[147]+000 TEXCOORD3: 0.525490224, 0.768627465, 0.164705887, 0.266666681
vb0[147]+000 TANGENT: 0.525490224, 0.768627465, 0.164705887, 0.266666681

vb0[148]+000 POSITION: -4.2578125, 5.515625, -5.1640625, 1
vb0[148]+008 NORMAL: -0.96062994, 0.0944881886, -0.275590539, 0
vb0[148]+000 COLOR: 0.258823544, 0.768627465, 0.517647088, 0.270588249
vb0[148]+000 TEXCOORD: 0.258823544, 0.768627465, 0.517647088, 0.270588249
vb0[148]+000 TEXCOORD1: 0.258823544, 0.768627465, 0.517647088, 0.270588249
vb0[148]+000 TEXCOORD2: 0.258823544, 0.768627465, 0.517647088, 0.270588249
vb0[148]+000 TEXCOORD3: 0.258823544, 0.768627465, 0.517647088, 0.270588249
vb0[148]+000 TANGENT: 0.258823544, 0.768627465, 0.517647088, 0.270588249

vb0[149]+000 POSITION: -4.2265625, 6.26171875, -4.55859375, 1
vb0[149]+008 NORMAL: -0.944881916, 0.244094491, 0.212598428, 0
vb0[149]+000 COLOR: 0.227450982, 0.768627465, 0.262745112, 0.274509817
vb0[149]+000 TEXCOORD: 0.227450982, 0.768627465, 0.262745112, 0.274509817
vb0[149]+000 TEXCOORD1: 0.227450982, 0.768627465, 0.262745112, 0.274509817
vb0[149]+000 TEXCOORD2: 0.227450982, 0.768627465, 0.262745112, 0.274509817
vb0[149]+000 TEXCOORD3: 0.227450982, 0.768627465, 0.262745112, 0.274509817
vb0[149]+000 TANGENT: 0.227450982, 0.768627465, 0.262745112, 0.274509817

vb0[150]+000 POSITION: -4.03515625, 5.2421875, -3.26367188, 1
vb0[150]+008 NORMAL: -0.763779521, 0.299212605, 0.566929162, 0
vb0[150]+000 COLOR: 0.0352941193, 0.768627465, 0.243137255, 0.270588249
vb0[150]+000 TEXCOORD: 0.0352941193, 0.768627465, 0.243137255, 0.270588249
vb0[150]+000 TEXCOORD1: 0.0352941193, 0.768627465, 0.243137255, 0.270588249
vb0[150]+000 TEXCOORD2: 0.0352941193, 0.768627465, 0.243137255, 0.270588249
vb0[150]+000 TEXCOORD3: 0.0352941193, 0.768627465, 0.243137255, 0.270588249
vb0[150]+000 TANGENT: 0.0352941193, 0.768627465, 0.243137255, 0.270588249

vb0[151]+000 POSITION: -3.87304688, 6.88671875, -4.15625, 1
vb0[151]+008 NORMAL: -0.889763772, 0.283464581, 0.354330719, 0
vb0[151]+000 COLOR: 0.749019623, 0.764705896, 0.890196085, 0.274509817
vb0[151]+000 TEXCOORD: 0.749019623, 0.764705896, 0.890196085, 0.274509817
vb0[151]+000 TEXCOORD1: 0.749019623, 0.764705896, 0.890196085, 0.274509817
vb0[151]+000 TEXCOORD2: 0.749019623, 0.764705896, 0.890196085, 0.274509817
vb0[151]+000 TEXCOORD3: 0.749019623, 0.764705896, 0.890196085, 0.274509817
vb0[151]+000 TANGENT: 0.749019623, 0.764705896, 0.890196085, 0.274509817

vb0[152]+000 POSITION: -4.76953125, 2.18554688, -3.40234375, 1
vb0[152]+008 NORMAL: -0.811023593, 0.543307066, -0.228346452, 0
vb0[152]+000 COLOR: 0.772549033, 0.768627465, 0.372549027, 0.250980407
vb0[152]+000 TEXCOORD: 0.772549033, 0.768627465, 0.372549027, 0.250980407
vb0[152]+000 TEXCOORD1: 0.772549033, 0.768627465, 0.372549027, 0.250980407
vb0[152]+000 TEXCOORD2: 0.772549033, 0.768627465, 0.372549027, 0.250980407
vb0[152]+000 TEXCOORD3: 0.772549033, 0.768627465, 0.372549027, 0.250980407
vb0[152]+000 TANGENT: 0.772549033, 0.768627465, 0.372549027, 0.250980407

vb0[153]+000 POSITION: -3.72851563, 2.54101563, -4.9453125, 1
vb0[153]+008 NORMAL: -0.755905509, -0.0944881886, -0.645669281, 0
vb0[153]+000 COLOR: 0.458823532, 0.764705896, 0.0823529437, 0.254901975
vb0[153]+000 TEXCOORD: 0.458823532, 0.764705896, 0.0823529437, 0.254901975
vb0[153]+000 TEXCOORD1: 0.458823532, 0.764705896, 0.0823529437, 0.254901975
vb0[153]+000 TEXCOORD2: 0.458823532, 0.764705896, 0.0823529437, 0.254901975
vb0[153]+000 TEXCOORD3: 0.458823532, 0.764705896, 0.0823529437, 0.254901975
vb0[153]+000 TANGENT: 0.458823532, 0.764705896, 0.0823529437, 0.254901975

vb0[154]+000 POSITION: -4.4453125, 1.5625, -4.23828125, 1
vb0[154]+008 NORMAL: -0.771653533, 0.00787401572, -0.637795269, 0
vb0[154]+000 COLOR: 0.447058827, 0.768627465, 0.250980407, 0.243137255
vb0[154]+000 TEXCOORD: 0.447058827, 0.768627465, 0.250980407, 0.243137255
vb0[154]+000 TEXCOORD1: 0.447058827, 0.768627465, 0.250980407, 0.243137255
vb0[154]+000 TEXCOORD2: 0.447058827, 0.768627465, 0.250980407, 0.243137255
vb0[154]+000 TEXCOORD3: 0.447058827, 0.768627465, 0.250980407, 0.243137255
vb0[154]+000 TANGENT: 0.447058827, 0.768627465, 0.250980407, 0.243137255

vb0[155]+000 POSITION: -5.26953125, 1.38671875, -2.98632813, 1
vb0[155]+008 NORMAL: -0.952755928, 0.212598428, -0.22047244, 0
vb0[155]+000 COLOR: 0.270588249, 0.772549033, 0.549019635, 0.239215687
vb0[155]+000 TEXCOORD: 0.270588249, 0.772549033, 0.549019635, 0.239215687
vb0[155]+000 TEXCOORD1: 0.270588249, 0.772549033, 0.549019635, 0.239215687
vb0[155]+000 TEXCOORD2: 0.270588249, 0.772549033, 0.549019635, 0.239215687
vb0[155]+000 TEXCOORD3: 0.270588249, 0.772549033, 0.549019635, 0.239215687
vb0[155]+000 TANGENT: 0.270588249, 0.772549033, 0.549019635, 0.239215687

vb0[156]+000 POSITION: -5.3125, 1.03222656, -1.75878906, 1
vb0[156]+008 NORMAL: -0.96062994, 0.165354326, -0.204724416, 0
vb0[156]+000 COLOR: 0.313725501, 0.772549033, 0.129411772, 0.235294119
vb0[156]+000 TEXCOORD: 0.313725501, 0.772549033, 0.129411772, 0.235294119
vb0[156]+000 TEXCOORD1: 0.313725501, 0.772549033, 0.129411772, 0.235294119
vb0[156]+000 TEXCOORD2: 0.313725501, 0.772549033, 0.129411772, 0.235294119
vb0[156]+000 TEXCOORD3: 0.313725501, 0.772549033, 0.129411772, 0.235294119
vb0[156]+000 TANGENT: 0.313725501, 0.772549033, 0.129411772, 0.235294119

vb0[157]+000 POSITION: -5.25390625, 0.306640625, -2.15234375, 1
vb0[157]+008 NORMAL: -0.685039341, -0.692913413, -0.204724416, 0
vb0[157]+000 COLOR: 0.254901975, 0.772549033, 0.909803927, 0.203921571
vb0[157]+000 TEXCOORD: 0.254901975, 0.772549033, 0.909803927, 0.203921571
vb0[157]+000 TEXCOORD1: 0.254901975, 0.772549033, 0.909803927, 0.203921571
vb0[157]+000 TEXCOORD2: 0.254901975, 0.772549033, 0.909803927, 0.203921571
vb0[157]+000 TEXCOORD3: 0.254901975, 0.772549033, 0.909803927, 0.203921571
vb0[157]+000 TANGENT: 0.254901975, 0.772549033, 0.909803927, 0.203921571

vb0[158]+000 POSITION: -5.078125, 0.526367188, -3.09179688, 1
vb0[158]+008 NORMAL: -0.669291317, -0.622047246, -0.40157479, 0
vb0[158]+000 COLOR: 0.0784313753, 0.772549033, 0.211764708, 0.219607845
vb0[158]+000 TEXCOORD: 0.0784313753, 0.772549033, 0.211764708, 0.219607845
vb0[158]+000 TEXCOORD1: 0.0784313753, 0.772549033, 0.211764708, 0.219607845
vb0[158]+000 TEXCOORD2: 0.0784313753, 0.772549033, 0.211764708, 0.219607845
vb0[158]+000 TEXCOORD3: 0.0784313753, 0.772549033, 0.211764708, 0.219607845
vb0[158]+000 TANGENT: 0.0784313753, 0.772549033, 0.211764708, 0.219607845

vb0[159]+000 POSITION: -4.77734375, 0.461425781, -2.984375, 1
vb0[159]+008 NORMAL: -0.0866141766, -0.976377964, -0.196850389, 0
vb0[159]+000 COLOR: 0.78039217, 0.768627465, 0.384313732, 0.215686277
vb0[159]+000 TEXCOORD: 0.78039217, 0.768627465, 0.384313732, 0.215686277
vb0[159]+000 TEXCOORD1: 0.78039217, 0.768627465, 0.384313732, 0.215686277
vb0[159]+000 TEXCOORD2: 0.78039217, 0.768627465, 0.384313732, 0.215686277
vb0[159]+000 TEXCOORD3: 0.78039217, 0.768627465, 0.384313732, 0.215686277
vb0[159]+000 TANGENT: 0.78039217, 0.768627465, 0.384313732, 0.215686277

vb0[160]+000 POSITION: -4.8359375, 0.261474609, -2.19140625, 1
vb0[160]+008 NORMAL: -0.0708661452, -0.984251976, -0.165354326, 0
vb0[160]+000 COLOR: 0.839215696, 0.768627465, 0.184313729, 0.203921571
vb0[160]+000 TEXCOORD: 0.839215696, 0.768627465, 0.184313729, 0.203921571
vb0[160]+000 TEXCOORD1: 0.839215696, 0.768627465, 0.184313729, 0.203921571
vb0[160]+000 TEXCOORD2: 0.839215696, 0.768627465, 0.184313729, 0.203921571
vb0[160]+000 TEXCOORD3: 0.839215696, 0.768627465, 0.184313729, 0.203921571
vb0[160]+000 TANGENT: 0.839215696, 0.768627465, 0.184313729, 0.203921571

vb0[161]+000 POSITION: -4.015625, 1.1796875, -4.51171875, 1
vb0[161]+008 NORMAL: -0.653543293, -0.236220479, -0.716535449, 0
vb0[161]+000 COLOR: 0.0156862754, 0.768627465, 0.721568644, 0.235294119
vb0[161]+000 TEXCOORD: 0.0156862754, 0.768627465, 0.721568644, 0.235294119
vb0[161]+000 TEXCOORD1: 0.0156862754, 0.768627465, 0.721568644, 0.235294119
vb0[161]+000 TEXCOORD2: 0.0156862754, 0.768627465, 0.721568644, 0.235294119
vb0[161]+000 TEXCOORD3: 0.0156862754, 0.768627465, 0.721568644, 0.235294119
vb0[161]+000 TANGENT: 0.0156862754, 0.768627465, 0.721568644, 0.235294119

vb0[162]+000 POSITION: -3.18945313, 2.63867188, -5.40234375, 1
vb0[162]+008 NORMAL: -0.811023593, -0.251968503, -0.527559042, 0
vb0[162]+000 COLOR: 0.380392164, 0.760784328, 0.278431386, 0.254901975
vb0[162]+000 TEXCOORD: 0.380392164, 0.760784328, 0.278431386, 0.254901975
vb0[162]+000 TEXCOORD1: 0.380392164, 0.760784328, 0.278431386, 0.254901975
vb0[162]+000 TEXCOORD2: 0.380392164, 0.760784328, 0.278431386, 0.254901975
vb0[162]+000 TEXCOORD3: 0.380392164, 0.760784328, 0.278431386, 0.254901975
vb0[162]+000 TANGENT: 0.380392164, 0.760784328, 0.278431386, 0.254901975

vb0[163]+000 POSITION: -4.25, 0.544921875, -3.87695313, 1
vb0[163]+008 NORMAL: -0.251968503, -0.92125982, -0.291338593, 0
vb0[163]+000 COLOR: 0.250980407, 0.768627465, 0.360784322, 0.219607845
vb0[163]+000 TEXCOORD: 0.250980407, 0.768627465, 0.360784322, 0.219607845
vb0[163]+000 TEXCOORD1: 0.250980407, 0.768627465, 0.360784322, 0.219607845
vb0[163]+000 TEXCOORD2: 0.250980407, 0.768627465, 0.360784322, 0.219607845
vb0[163]+000 TEXCOORD3: 0.250980407, 0.768627465, 0.360784322, 0.219607845
vb0[163]+000 TANGENT: 0.250980407, 0.768627465, 0.360784322, 0.219607845

vb0[164]+000 POSITION: -4.328125, 0.698242188, -4.13671875, 1
vb0[164]+008 NORMAL: -0.55905509, -0.527559042, -0.645669281, 0
vb0[164]+000 COLOR: 0.329411775, 0.768627465, 0.588235319, 0.223529413
vb0[164]+000 TEXCOORD: 0.329411775, 0.768627465, 0.588235319, 0.223529413
vb0[164]+000 TEXCOORD1: 0.329411775, 0.768627465, 0.588235319, 0.223529413
vb0[164]+000 TEXCOORD2: 0.329411775, 0.768627465, 0.588235319, 0.223529413
vb0[164]+000 TEXCOORD3: 0.329411775, 0.768627465, 0.588235319, 0.223529413
vb0[164]+000 TANGENT: 0.329411775, 0.768627465, 0.588235319, 0.223529413

vb0[165]+000 POSITION: -2.87890625, 2.41015625, -5.91796875, 1
vb0[165]+008 NORMAL: -0.661417305, -0.275590539, -0.700787425, 0
vb0[165]+000 COLOR: 0.760784328, 0.75686276, 0.823529422, 0.250980407
vb0[165]+000 TEXCOORD: 0.760784328, 0.75686276, 0.823529422, 0.250980407
vb0[165]+000 TEXCOORD1: 0.760784328, 0.75686276, 0.823529422, 0.250980407
vb0[165]+000 TEXCOORD2: 0.760784328, 0.75686276, 0.823529422, 0.250980407
vb0[165]+000 TEXCOORD3: 0.760784328, 0.75686276, 0.823529422, 0.250980407
vb0[165]+000 TANGENT: 0.760784328, 0.75686276, 0.823529422, 0.250980407

vb0[166]+000 POSITION: -3.06445313, 1.60644531, -5.86328125, 1
vb0[166]+008 NORMAL: -0.582677186, -0.11023622, -0.803149581, 0
vb0[166]+000 COLOR: 0.129411772, 0.760784328, 0.427450985, 0.243137255
vb0[166]+000 TEXCOORD: 0.129411772, 0.760784328, 0.427450985, 0.243137255
vb0[166]+000 TEXCOORD1: 0.129411772, 0.760784328, 0.427450985, 0.243137255
vb0[166]+000 TEXCOORD2: 0.129411772, 0.760784328, 0.427450985, 0.243137255
vb0[166]+000 TEXCOORD3: 0.129411772, 0.760784328, 0.427450985, 0.243137255
vb0[166]+000 TANGENT: 0.129411772, 0.760784328, 0.427450985, 0.243137255

vb0[167]+000 POSITION: -2.94921875, 0.364501953, -5.21484375, 1
vb0[167]+008 NORMAL: -0.48031497, -0.629921257, -0.606299222, 0
vb0[167]+000 COLOR: 0.90196079, 0.75686276, 0.835294127, 0.20784314
vb0[167]+000 TEXCOORD: 0.90196079, 0.75686276, 0.835294127, 0.20784314
vb0[167]+000 TEXCOORD1: 0.90196079, 0.75686276, 0.835294127, 0.20784314
vb0[167]+000 TEXCOORD2: 0.90196079, 0.75686276, 0.835294127, 0.20784314
vb0[167]+000 TEXCOORD3: 0.90196079, 0.75686276, 0.835294127, 0.20784314
vb0[167]+000 TANGENT: 0.90196079, 0.75686276, 0.835294127, 0.20784314

vb0[168]+000 POSITION: -2.29492188, 0.904296875, -5.890625, 1
vb0[168]+008 NORMAL: -0.299212605, -0.44094488, -0.850393713, 0
vb0[168]+000 COLOR: 0.592156887, 0.752941191, 0.235294119, 0.23137255
vb0[168]+000 TEXCOORD: 0.592156887, 0.752941191, 0.235294119, 0.23137255
vb0[168]+000 TEXCOORD1: 0.592156887, 0.752941191, 0.235294119, 0.23137255
vb0[168]+000 TEXCOORD2: 0.592156887, 0.752941191, 0.235294119, 0.23137255
vb0[168]+000 TEXCOORD3: 0.592156887, 0.752941191, 0.235294119, 0.23137255
vb0[168]+000 TANGENT: 0.592156887, 0.752941191, 0.235294119, 0.23137255

vb0[169]+000 POSITION: -1.26660156, 1.04199219, -6.22265625, 1
vb0[169]+008 NORMAL: -0.0866141766, -0.259842515, -0.96062994, 0
vb0[169]+000 COLOR: 0.0666666701, 0.741176486, 0.168627456, 0.235294119
vb0[169]+000 TEXCOORD: 0.0666666701, 0.741176486, 0.168627456, 0.235294119
vb0[169]+000 TEXCOORD1: 0.0666666701, 0.741176486, 0.168627456, 0.235294119
vb0[169]+000 TEXCOORD2: 0.0666666701, 0.741176486, 0.168627456, 0.235294119
vb0[169]+000 TEXCOORD3: 0.0666666701, 0.741176486, 0.168627456, 0.235294119
vb0[169]+000 TANGENT: 0.0666666701, 0.741176486, 0.168627456, 0.235294119

vb0[170]+000 POSITION: -1.25683594, 2.04492188, -6.1015625, 1
vb0[170]+008 NORMAL: -0.05511811, -0.330708653, -0.944881916, 0
vb0[170]+000 COLOR: 0.0274509806, 0.741176486, 0.0901960805, 0.250980407
vb0[170]+000 TEXCOORD: 0.0274509806, 0.741176486, 0.0901960805, 0.250980407
vb0[170]+000 TEXCOORD1: 0.0274509806, 0.741176486, 0.0901960805, 0.250980407
vb0[170]+000 TEXCOORD2: 0.0274509806, 0.741176486, 0.0901960805, 0.250980407
vb0[170]+000 TEXCOORD3: 0.0274509806, 0.741176486, 0.0901960805, 0.250980407
vb0[170]+000 TANGENT: 0.0274509806, 0.741176486, 0.0901960805, 0.250980407

vb0[171]+000 POSITION: 0.0356445313, 1.16210938, -6.23828125, 1
vb0[171]+008 NORMAL: 0.05511811, -0.251968503, -0.968503952, 0
vb0[171]+000 COLOR: 0.564705908, 0.156862751, 0.650980413, 0.235294119
vb0[171]+000 TEXCOORD: 0.564705908, 0.156862751, 0.650980413, 0.235294119
vb0[171]+000 TEXCOORD1: 0.564705908, 0.156862751, 0.650980413, 0.235294119
vb0[171]+000 TEXCOORD2: 0.564705908, 0.156862751, 0.650980413, 0.235294119
vb0[171]+000 TEXCOORD3: 0.564705908, 0.156862751, 0.650980413, 0.235294119
vb0[171]+000 TANGENT: 0.564705908, 0.156862751, 0.650980413, 0.235294119

vb0[172]+000 POSITION: -1.19042969, 0.185058594, -5.64453125, 1
vb0[172]+008 NORMAL: -0.0393700786, -0.826771677, -0.55905509, 0
vb0[172]+000 COLOR: 0.764705896, 0.737254918, 0.925490201, 0.192156866
vb0[172]+000 TEXCOORD: 0.764705896, 0.737254918, 0.925490201, 0.192156866
vb0[172]+000 TEXCOORD1: 0.764705896, 0.737254918, 0.925490201, 0.192156866
vb0[172]+000 TEXCOORD2: 0.764705896, 0.737254918, 0.925490201, 0.192156866
vb0[172]+000 TEXCOORD3: 0.764705896, 0.737254918, 0.925490201, 0.192156866
vb0[172]+000 TANGENT: 0.764705896, 0.737254918, 0.925490201, 0.192156866

vb0[173]+000 POSITION: -2.1015625, 0.274658203, -5.47265625, 1
vb0[173]+008 NORMAL: -0.236220479, -0.700787425, -0.669291317, 0
vb0[173]+000 COLOR: 0.203921571, 0.752941191, 0.396078438, 0.203921571
vb0[173]+000 TEXCOORD: 0.203921571, 0.752941191, 0.396078438, 0.203921571
vb0[173]+000 TEXCOORD1: 0.203921571, 0.752941191, 0.396078438, 0.203921571
vb0[173]+000 TEXCOORD2: 0.203921571, 0.752941191, 0.396078438, 0.203921571
vb0[173]+000 TEXCOORD3: 0.203921571, 0.752941191, 0.396078438, 0.203921571
vb0[173]+000 TANGENT: 0.203921571, 0.752941191, 0.396078438, 0.203921571

vb0[174]+000 POSITION: 0.65234375, 2.15039063, -6.16015625, 1
vb0[174]+008 NORMAL: 0.11023622, 0, -0.992125988, 0
vb0[174]+000 COLOR: 0.219607845, 0.223529413, 0.301960796, 0.250980407
vb0[174]+000 TEXCOORD: 0.219607845, 0.223529413, 0.301960796, 0.250980407
vb0[174]+000 TEXCOORD1: 0.219607845, 0.223529413, 0.301960796, 0.250980407
vb0[174]+000 TEXCOORD2: 0.219607845, 0.223529413, 0.301960796, 0.250980407
vb0[174]+000 TEXCOORD3: 0.219607845, 0.223529413, 0.301960796, 0.250980407
vb0[174]+000 TANGENT: 0.219607845, 0.223529413, 0.301960796, 0.250980407

vb0[175]+000 POSITION: -1.59277344, 2.5625, -6.63671875, 1
vb0[175]+008 NORMAL: 0.0472440943, -0.51968503, -0.858267725, 0
vb0[175]+000 COLOR: 0.372549027, 0.745098054, 0.125490203, 0.254901975
vb0[175]+000 TEXCOORD: 0.372549027, 0.745098054, 0.125490203, 0.254901975
vb0[175]+000 TEXCOORD1: 0.372549027, 0.745098054, 0.125490203, 0.254901975
vb0[175]+000 TEXCOORD2: 0.372549027, 0.745098054, 0.125490203, 0.254901975
vb0[175]+000 TEXCOORD3: 0.372549027, 0.745098054, 0.125490203, 0.254901975
vb0[175]+000 TANGENT: 0.372549027, 0.745098054, 0.125490203, 0.254901975

vb0[176]+000 POSITION: -0.603027344, 3.81835938, -6.625, 1
vb0[176]+008 NORMAL: 0.275590539, -0.425196856, -0.866141737, 0
vb0[176]+000 COLOR: 0.827450991, 0.721568644, 0.639215708, 0.262745112
vb0[176]+000 TEXCOORD: 0.827450991, 0.721568644, 0.639215708, 0.262745112
vb0[176]+000 TEXCOORD1: 0.827450991, 0.721568644, 0.639215708, 0.262745112
vb0[176]+000 TEXCOORD2: 0.827450991, 0.721568644, 0.639215708, 0.262745112
vb0[176]+000 TEXCOORD3: 0.827450991, 0.721568644, 0.639215708, 0.262745112
vb0[176]+000 TANGENT: 0.827450991, 0.721568644, 0.639215708, 0.262745112

vb0[177]+000 POSITION: 2.00585938, 3.19140625, -5.9375, 1
vb0[177]+008 NORMAL: 0.267716527, -0.181102365, -0.944881916, 0
vb0[177]+000 COLOR: 0.0117647061, 0.250980407, 0.384313732, 0.258823544
vb0[177]+000 TEXCOORD: 0.0117647061, 0.250980407, 0.384313732, 0.258823544
vb0[177]+000 TEXCOORD1: 0.0117647061, 0.250980407, 0.384313732, 0.258823544
vb0[177]+000 TEXCOORD2: 0.0117647061, 0.250980407, 0.384313732, 0.258823544
vb0[177]+000 TEXCOORD3: 0.0117647061, 0.250980407, 0.384313732, 0.258823544
vb0[177]+000 TANGENT: 0.0117647061, 0.250980407, 0.384313732, 0.258823544

vb0[178]+000 POSITION: 1.06152344, 4.06640625, -6.75390625, 1
vb0[178]+008 NORMAL: 0.236220479, -0.488188982, -0.834645689, 0
vb0[178]+000 COLOR: 0.247058824, 0.235294119, 0.0666666701, 0.266666681
vb0[178]+000 TEXCOORD: 0.247058824, 0.235294119, 0.0666666701, 0.266666681
vb0[178]+000 TEXCOORD1: 0.247058824, 0.235294119, 0.0666666701, 0.266666681
vb0[178]+000 TEXCOORD2: 0.247058824, 0.235294119, 0.0666666701, 0.266666681
vb0[178]+000 TEXCOORD3: 0.247058824, 0.235294119, 0.0666666701, 0.266666681
vb0[178]+000 TANGENT: 0.247058824, 0.235294119, 0.0666666701, 0.266666681

vb0[179]+000 POSITION: 2.09960938, 5.734375, -6.80859375, 1
vb0[179]+008 NORMAL: 0.503937006, -0.283464581, -0.818897665, 0
vb0[179]+000 COLOR: 0.200000003, 0.250980407, 0.737254918, 0.270588249
vb0[179]+000 TEXCOORD: 0.200000003, 0.250980407, 0.737254918, 0.270588249
vb0[179]+000 TEXCOORD1: 0.200000003, 0.250980407, 0.737254918, 0.270588249
vb0[179]+000 TEXCOORD2: 0.200000003, 0.250980407, 0.737254918, 0.270588249
vb0[179]+000 TEXCOORD3: 0.200000003, 0.250980407, 0.737254918, 0.270588249
vb0[179]+000 TANGENT: 0.200000003, 0.250980407, 0.737254918, 0.270588249

vb0[180]+000 POSITION: 2.9296875, 2.43164063, -5.69921875, 1
vb0[180]+008 NORMAL: 0.417322844, -0.125984251, -0.897637784, 0
vb0[180]+000 COLOR: 0.862745106, 0.254901975, 0.866666675, 0.250980407
vb0[180]+000 TEXCOORD: 0.862745106, 0.254901975, 0.866666675, 0.250980407
vb0[180]+000 TEXCOORD1: 0.862745106, 0.254901975, 0.866666675, 0.250980407
vb0[180]+000 TEXCOORD2: 0.862745106, 0.254901975, 0.866666675, 0.250980407
vb0[180]+000 TEXCOORD3: 0.862745106, 0.254901975, 0.866666675, 0.250980407
vb0[180]+000 TANGENT: 0.862745106, 0.254901975, 0.866666675, 0.250980407

vb0[181]+000 POSITION: -0.764648438, 4.421875, -7.11328125, 1
vb0[181]+008 NORMAL: 0.0944881886, -0.370078743, -0.929133832, 0
vb0[181]+000 COLOR: 0.117647059, 0.729411781, 0.423529416, 0.266666681
vb0[181]+000 TEXCOORD: 0.117647059, 0.729411781, 0.423529416, 0.266666681
vb0[181]+000 TEXCOORD1: 0.117647059, 0.729411781, 0.423529416, 0.266666681
vb0[181]+000 TEXCOORD2: 0.117647059, 0.729411781, 0.423529416, 0.266666681
vb0[181]+000 TEXCOORD3: 0.117647059, 0.729411781, 0.423529416, 0.266666681
vb0[181]+000 TANGENT: 0.117647059, 0.729411781, 0.423529416, 0.266666681

vb0[182]+000 POSITION: -2.22070313, 3.91210938, -7.18359375, 1
vb0[182]+008 NORMAL: -0.204724416, -0.307086617, -0.929133832, 0
vb0[182]+000 COLOR: 0.443137258, 0.752941191, 0.827450991, 0.262745112
vb0[182]+000 TEXCOORD: 0.443137258, 0.752941191, 0.827450991, 0.262745112
vb0[182]+000 TEXCOORD1: 0.443137258, 0.752941191, 0.827450991, 0.262745112
vb0[182]+000 TEXCOORD2: 0.443137258, 0.752941191, 0.827450991, 0.262745112
vb0[182]+000 TEXCOORD3: 0.443137258, 0.752941191, 0.827450991, 0.262745112
vb0[182]+000 TANGENT: 0.443137258, 0.752941191, 0.827450991, 0.262745112

vb0[183]+000 POSITION: 2.58789063, 3.84765625, -5.83984375, 1
vb0[183]+008 NORMAL: 0.51968503, -0.125984251, -0.842519701, 0
vb0[183]+000 COLOR: 0.176470593, 0.254901975, 0.698039234, 0.262745112
vb0[183]+000 TEXCOORD: 0.176470593, 0.254901975, 0.698039234, 0.262745112
vb0[183]+000 TEXCOORD1: 0.176470593, 0.254901975, 0.698039234, 0.262745112
vb0[183]+000 TEXCOORD2: 0.176470593, 0.254901975, 0.698039234, 0.262745112
vb0[183]+000 TEXCOORD3: 0.176470593, 0.254901975, 0.698039234, 0.262745112
vb0[183]+000 TANGENT: 0.176470593, 0.254901975, 0.698039234, 0.262745112

vb0[184]+000 POSITION: -2.45507813, 2.5390625, -6.53515625, 1
vb0[184]+008 NORMAL: -0.385826766, -0.614173234, -0.685039341, 0
vb0[184]+000 COLOR: 0.913725495, 0.752941191, 0.0784313753, 0.254901975
vb0[184]+000 TEXCOORD: 0.913725495, 0.752941191, 0.0784313753, 0.254901975
vb0[184]+000 TEXCOORD1: 0.913725495, 0.752941191, 0.0784313753, 0.254901975
vb0[184]+000 TEXCOORD2: 0.913725495, 0.752941191, 0.0784313753, 0.254901975
vb0[184]+000 TEXCOORD3: 0.913725495, 0.752941191, 0.0784313753, 0.254901975
vb0[184]+000 TANGENT: 0.913725495, 0.752941191, 0.0784313753, 0.254901975

vb0[185]+000 POSITION: -3.31445313, 4.765625, -6.75, 1
vb0[185]+008 NORMAL: -0.724409461, -0.244094491, -0.645669281, 0
vb0[185]+000 COLOR: 0.631372571, 0.760784328, 0.768627465, 0.266666681
vb0[185]+000 TEXCOORD: 0.631372571, 0.760784328, 0.768627465, 0.266666681
vb0[185]+000 TEXCOORD1: 0.631372571, 0.760784328, 0.768627465, 0.266666681
vb0[185]+000 TEXCOORD2: 0.631372571, 0.760784328, 0.768627465, 0.266666681
vb0[185]+000 TEXCOORD3: 0.631372571, 0.760784328, 0.768627465, 0.266666681
vb0[185]+000 TANGENT: 0.631372571, 0.760784328, 0.768627465, 0.266666681

vb0[186]+000 POSITION: -4.06640625, 3.88671875, -5.35546875, 1
vb0[186]+008 NORMAL: -0.803149581, -0.330708653, -0.496062994, 0
vb0[186]+000 COLOR: 0.0666666701, 0.768627465, 0.776470602, 0.262745112
vb0[186]+000 TEXCOORD: 0.0666666701, 0.768627465, 0.776470602, 0.262745112
vb0[186]+000 TEXCOORD1: 0.0666666701, 0.768627465, 0.776470602, 0.262745112
vb0[186]+000 TEXCOORD2: 0.0666666701, 0.768627465, 0.776470602, 0.262745112
vb0[186]+000 TEXCOORD3: 0.0666666701, 0.768627465, 0.776470602, 0.262745112
vb0[186]+000 TANGENT: 0.0666666701, 0.768627465, 0.776470602, 0.262745112

vb0[187]+000 POSITION: -3.77734375, 3.19140625, -5.09375, 1
vb0[187]+008 NORMAL: -0.787401557, -0.362204731, -0.503937006, 0
vb0[187]+000 COLOR: 0.556862772, 0.764705896, 0.384313732, 0.258823544
vb0[187]+000 TEXCOORD: 0.556862772, 0.764705896, 0.384313732, 0.258823544
vb0[187]+000 TEXCOORD1: 0.556862772, 0.764705896, 0.384313732, 0.258823544
vb0[187]+000 TEXCOORD2: 0.556862772, 0.764705896, 0.384313732, 0.258823544
vb0[187]+000 TEXCOORD3: 0.556862772, 0.764705896, 0.384313732, 0.258823544
vb0[187]+000 TANGENT: 0.556862772, 0.764705896, 0.384313732, 0.258823544

vb0[188]+000 POSITION: -3.41210938, 5.87890625, -6.953125, 1
vb0[188]+008 NORMAL: -0.858267725, -0.102362208, -0.503937006, 0
vb0[188]+000 COLOR: 0.827450991, 0.760784328, 0.882352948, 0.270588249
vb0[188]+000 TEXCOORD: 0.827450991, 0.760784328, 0.882352948, 0.270588249
vb0[188]+000 TEXCOORD1: 0.827450991, 0.760784328, 0.882352948, 0.270588249
vb0[188]+000 TEXCOORD2: 0.827450991, 0.760784328, 0.882352948, 0.270588249
vb0[188]+000 TEXCOORD3: 0.827450991, 0.760784328, 0.882352948, 0.270588249
vb0[188]+000 TANGENT: 0.827450991, 0.760784328, 0.882352948, 0.270588249

vb0[189]+000 POSITION: 3.47265625, 2.82421875, -5.40625, 1
vb0[189]+008 NORMAL: 0.787401557, -0.00787401572, -0.614173234, 0
vb0[189]+000 COLOR: 0.949019611, 0.258823544, 0.650980413, 0.254901975
vb0[189]+000 TEXCOORD: 0.949019611, 0.258823544, 0.650980413, 0.254901975
vb0[189]+000 TEXCOORD1: 0.949019611, 0.258823544, 0.650980413, 0.254901975
vb0[189]+000 TEXCOORD2: 0.949019611, 0.258823544, 0.650980413, 0.254901975
vb0[189]+000 TEXCOORD3: 0.949019611, 0.258823544, 0.650980413, 0.254901975
vb0[189]+000 TANGENT: 0.949019611, 0.258823544, 0.650980413, 0.254901975

vb0[190]+000 POSITION: 3.5390625, 3.38867188, -5.08203125, 1
vb0[190]+008 NORMAL: 0.763779521, -0.0944881886, -0.645669281, 0
vb0[190]+000 COLOR: 0.0784313753, 0.262745112, 0.78039217, 0.258823544
vb0[190]+000 TEXCOORD: 0.0784313753, 0.262745112, 0.78039217, 0.258823544
vb0[190]+000 TEXCOORD1: 0.0784313753, 0.262745112, 0.78039217, 0.258823544
vb0[190]+000 TEXCOORD2: 0.0784313753, 0.262745112, 0.78039217, 0.258823544
vb0[190]+000 TEXCOORD3: 0.0784313753, 0.262745112, 0.78039217, 0.258823544
vb0[190]+000 TANGENT: 0.0784313753, 0.262745112, 0.78039217, 0.258823544

vb0[191]+000 POSITION: 3.70703125, 1.90039063, -4.33984375, 1
vb0[191]+008 NORMAL: 0.866141737, -0.299212605, -0.393700778, 0
vb0[191]+000 COLOR: 0.41568628, 0.262745112, 0.603921592, 0.247058824
vb0[191]+000 TEXCOORD: 0.41568628, 0.262745112, 0.603921592, 0.247058824
vb0[191]+000 TEXCOORD1: 0.41568628, 0.262745112, 0.603921592, 0.247058824
vb0[191]+000 TEXCOORD2: 0.41568628, 0.262745112, 0.603921592, 0.247058824
vb0[191]+000 TEXCOORD3: 0.41568628, 0.262745112, 0.603921592, 0.247058824
vb0[191]+000 TANGENT: 0.41568628, 0.262745112, 0.603921592, 0.247058824

vb0[192]+000 POSITION: 4.24609375, 2.64648438, -3.7890625, 1
vb0[192]+008 NORMAL: 0.897637784, -0.283464581, -0.330708653, 0
vb0[192]+000 COLOR: 0.247058824, 0.266666681, 0.294117659, 0.254901975
vb0[192]+000 TEXCOORD: 0.247058824, 0.266666681, 0.294117659, 0.254901975
vb0[192]+000 TEXCOORD1: 0.247058824, 0.266666681, 0.294117659, 0.254901975
vb0[192]+000 TEXCOORD2: 0.247058824, 0.266666681, 0.294117659, 0.254901975
vb0[192]+000 TEXCOORD3: 0.247058824, 0.266666681, 0.294117659, 0.254901975
vb0[192]+000 TANGENT: 0.247058824, 0.266666681, 0.294117659, 0.254901975

vb0[193]+000 POSITION: 3.82226563, 4.1875, -5.1796875, 1
vb0[193]+008 NORMAL: 0.685039341, -0.125984251, -0.716535449, 0
vb0[193]+000 COLOR: 0.647058845, 0.262745112, 0.188235298, 0.266666681
vb0[193]+000 TEXCOORD: 0.647058845, 0.262745112, 0.188235298, 0.266666681
vb0[193]+000 TEXCOORD1: 0.647058845, 0.262745112, 0.188235298, 0.266666681
vb0[193]+000 TEXCOORD2: 0.647058845, 0.262745112, 0.188235298, 0.266666681
vb0[193]+000 TEXCOORD3: 0.647058845, 0.262745112, 0.188235298, 0.266666681
vb0[193]+000 TANGENT: 0.647058845, 0.262745112, 0.188235298, 0.266666681

vb0[194]+000 POSITION: 2.765625, 4.62109375, -5.8203125, 1
vb0[194]+008 NORMAL: 0.622047246, -0.102362208, -0.779527545, 0
vb0[194]+000 COLOR: 0.533333361, 0.254901975, 0.623529434, 0.266666681
vb0[194]+000 TEXCOORD: 0.533333361, 0.254901975, 0.623529434, 0.266666681
vb0[194]+000 TEXCOORD1: 0.533333361, 0.254901975, 0.623529434, 0.266666681
vb0[194]+000 TEXCOORD2: 0.533333361, 0.254901975, 0.623529434, 0.266666681
vb0[194]+000 TEXCOORD3: 0.533333361, 0.254901975, 0.623529434, 0.266666681
vb0[194]+000 TANGENT: 0.533333361, 0.254901975, 0.623529434, 0.266666681

vb0[195]+000 POSITION: 3.01757813, 5.47265625, -5.63671875, 1
vb0[195]+008 NORMAL: 0.59842521, 0.0944881886, -0.795275569, 0
vb0[195]+000 COLOR: 0.0352941193, 0.258823544, 0.474509805, 0.270588249
vb0[195]+000 TEXCOORD: 0.0352941193, 0.258823544, 0.474509805, 0.270588249
vb0[195]+000 TEXCOORD1: 0.0352941193, 0.258823544, 0.474509805, 0.270588249
vb0[195]+000 TEXCOORD2: 0.0352941193, 0.258823544, 0.474509805, 0.270588249
vb0[195]+000 TEXCOORD3: 0.0352941193, 0.258823544, 0.474509805, 0.270588249
vb0[195]+000 TANGENT: 0.0352941193, 0.258823544, 0.474509805, 0.270588249

vb0[196]+000 POSITION: 3.11914063, 0.619140625, -4.41796875, 1
vb0[196]+008 NORMAL: 0.716535449, -0.59842521, -0.362204731, 0
vb0[196]+000 COLOR: 0.239215687, 0.258823544, 0.956862748, 0.219607845
vb0[196]+000 TEXCOORD: 0.239215687, 0.258823544, 0.956862748, 0.219607845
vb0[196]+000 TEXCOORD1: 0.239215687, 0.258823544, 0.956862748, 0.219607845
vb0[196]+000 TEXCOORD2: 0.239215687, 0.258823544, 0.956862748, 0.219607845
vb0[196]+000 TEXCOORD3: 0.239215687, 0.258823544, 0.956862748, 0.219607845
vb0[196]+000 TANGENT: 0.239215687, 0.258823544, 0.956862748, 0.219607845

vb0[197]+000 POSITION: 4.1875, 2.09570313, -3.01953125, 1
vb0[197]+008 NORMAL: 0.905511796, -0.385826766, -0.181102365, 0
vb0[197]+000 COLOR: 0.188235298, 0.266666681, 0.192156866, 0.250980407
vb0[197]+000 TEXCOORD: 0.188235298, 0.266666681, 0.192156866, 0.250980407
vb0[197]+000 TEXCOORD1: 0.188235298, 0.266666681, 0.192156866, 0.250980407
vb0[197]+000 TEXCOORD2: 0.188235298, 0.266666681, 0.192156866, 0.250980407
vb0[197]+000 TEXCOORD3: 0.188235298, 0.266666681, 0.192156866, 0.250980407
vb0[197]+000 TANGENT: 0.188235298, 0.266666681, 0.192156866, 0.250980407

vb0[198]+000 POSITION: 3.44921875, 0.601074219, -2.70507813, 1
vb0[198]+008 NORMAL: 0.795275569, -0.606299222, 0.00787401572, 0
vb0[198]+000 COLOR: 0.90196079, 0.258823544, 0.811764717, 0.219607845
vb0[198]+000 TEXCOORD: 0.90196079, 0.258823544, 0.811764717, 0.219607845
vb0[198]+000 TEXCOORD1: 0.90196079, 0.258823544, 0.811764717, 0.219607845
vb0[198]+000 TEXCOORD2: 0.90196079, 0.258823544, 0.811764717, 0.219607845
vb0[198]+000 TEXCOORD3: 0.90196079, 0.258823544, 0.811764717, 0.219607845
vb0[198]+000 TANGENT: 0.90196079, 0.258823544, 0.811764717, 0.219607845

vb0[199]+000 POSITION: 4.59765625, 2.36914063, -1.50292969, 1
vb0[199]+008 NORMAL: 0.889763772, -0.456692904, 0.0708661452, 0
vb0[199]+000 COLOR: 0.600000024, 0.266666681, 0.741176486, 0.250980407
vb0[199]+000 TEXCOORD: 0.600000024, 0.266666681, 0.741176486, 0.250980407
vb0[199]+000 TEXCOORD1: 0.600000024, 0.266666681, 0.741176486, 0.250980407
vb0[199]+000 TEXCOORD2: 0.600000024, 0.266666681, 0.741176486, 0.250980407
vb0[199]+000 TEXCOORD3: 0.600000024, 0.266666681, 0.741176486, 0.250980407
vb0[199]+000 TANGENT: 0.600000024, 0.266666681, 0.741176486, 0.250980407

vb0[200]+000 POSITION: 3.75195313, 1.44726563, -1.29101563, 1
vb0[200]+008 NORMAL: 0.874015749, -0.377952754, -0.314960629, 0
vb0[200]+000 COLOR: 0.505882382, 0.262745112, 0.792156875, 0.239215687
vb0[200]+000 TEXCOORD: 0.505882382, 0.262745112, 0.792156875, 0.239215687
vb0[200]+000 TEXCOORD1: 0.505882382, 0.262745112, 0.792156875, 0.239215687
vb0[200]+000 TEXCOORD2: 0.505882382, 0.262745112, 0.792156875, 0.239215687
vb0[200]+000 TEXCOORD3: 0.505882382, 0.262745112, 0.792156875, 0.239215687
vb0[200]+000 TANGENT: 0.505882382, 0.262745112, 0.792156875, 0.239215687

vb0[201]+000 POSITION: 4.24609375, 2.45507813, -0.433349609, 1
vb0[201]+008 NORMAL: 0.952755928, 0.0157480314, -0.291338593, 0
vb0[201]+000 COLOR: 0.247058824, 0.266666681, 0.913725495, 0.250980407
vb0[201]+000 TEXCOORD: 0.247058824, 0.266666681, 0.913725495, 0.250980407
vb0[201]+000 TEXCOORD1: 0.247058824, 0.266666681, 0.913725495, 0.250980407
vb0[201]+000 TEXCOORD2: 0.247058824, 0.266666681, 0.913725495, 0.250980407
vb0[201]+000 TEXCOORD3: 0.247058824, 0.266666681, 0.913725495, 0.250980407
vb0[201]+000 TANGENT: 0.247058824, 0.266666681, 0.913725495, 0.250980407

vb0[202]+000 POSITION: 2.75390625, 0.0059967041, -2.21484375, 1
vb0[202]+008 NORMAL: 0.472440958, -0.88188976, -0.0393700786, 0
vb0[202]+000 COLOR: 0.509803951, 0.254901975, 0.141176477, 0.117647059
vb0[202]+000 TEXCOORD: 0.509803951, 0.254901975, 0.141176477, 0.117647059
vb0[202]+000 TEXCOORD1: 0.509803951, 0.254901975, 0.141176477, 0.117647059
vb0[202]+000 TEXCOORD2: 0.509803951, 0.254901975, 0.141176477, 0.117647059
vb0[202]+000 TEXCOORD3: 0.509803951, 0.254901975, 0.141176477, 0.117647059
vb0[202]+000 TANGENT: 0.509803951, 0.254901975, 0.141176477, 0.117647059

vb0[203]+000 POSITION: 4.87890625, 4.421875, -2.79101563, 1
vb0[203]+008 NORMAL: 0.929133832, -0.22047244, -0.291338593, 0
vb0[203]+000 COLOR: 0.882352948, 0.266666681, 0.423529416, 0.266666681
vb0[203]+000 TEXCOORD: 0.882352948, 0.266666681, 0.423529416, 0.266666681
vb0[203]+000 TEXCOORD1: 0.882352948, 0.266666681, 0.423529416, 0.266666681
vb0[203]+000 TEXCOORD2: 0.882352948, 0.266666681, 0.423529416, 0.266666681
vb0[203]+000 TEXCOORD3: 0.882352948, 0.266666681, 0.423529416, 0.266666681
vb0[203]+000 TANGENT: 0.882352948, 0.266666681, 0.423529416, 0.266666681

vb0[204]+000 POSITION: 4.61328125, 4.26171875, -3.74609375, 1
vb0[204]+008 NORMAL: 0.92125982, -0.14173229, -0.370078743, 0
vb0[204]+000 COLOR: 0.615686297, 0.266666681, 0.262745112, 0.266666681
vb0[204]+000 TEXCOORD: 0.615686297, 0.266666681, 0.262745112, 0.266666681
vb0[204]+000 TEXCOORD1: 0.615686297, 0.266666681, 0.262745112, 0.266666681
vb0[204]+000 TEXCOORD2: 0.615686297, 0.266666681, 0.262745112, 0.266666681
vb0[204]+000 TEXCOORD3: 0.615686297, 0.266666681, 0.262745112, 0.266666681
vb0[204]+000 TANGENT: 0.615686297, 0.266666681, 0.262745112, 0.266666681

vb0[205]+000 POSITION: 4.39453125, 5.9921875, -4.33984375, 1
vb0[205]+008 NORMAL: 0.826771677, 0.00787401572, -0.55905509, 0
vb0[205]+000 COLOR: 0.396078438, 0.266666681, 0.996078432, 0.270588249
vb0[205]+000 TEXCOORD: 0.396078438, 0.266666681, 0.996078432, 0.270588249
vb0[205]+000 TEXCOORD1: 0.396078438, 0.266666681, 0.996078432, 0.270588249
vb0[205]+000 TEXCOORD2: 0.396078438, 0.266666681, 0.996078432, 0.270588249
vb0[205]+000 TEXCOORD3: 0.396078438, 0.266666681, 0.996078432, 0.270588249
vb0[205]+000 TANGENT: 0.396078438, 0.266666681, 0.996078432, 0.270588249

vb0[206]+000 POSITION: 5.05078125, 5.98828125, -3.04296875, 1
vb0[206]+008 NORMAL: 0.913385808, -0.102362208, -0.393700778, 0
vb0[206]+000 COLOR: 0.0509803928, 0.270588249, 0.992156863, 0.270588249
vb0[206]+000 TEXCOORD: 0.0509803928, 0.270588249, 0.992156863, 0.270588249
vb0[206]+000 TEXCOORD1: 0.0509803928, 0.270588249, 0.992156863, 0.270588249
vb0[206]+000 TEXCOORD2: 0.0509803928, 0.270588249, 0.992156863, 0.270588249
vb0[206]+000 TEXCOORD3: 0.0509803928, 0.270588249, 0.992156863, 0.270588249
vb0[206]+000 TANGENT: 0.0509803928, 0.270588249, 0.992156863, 0.270588249

vb0[207]+000 POSITION: 5.41015625, 4.921875, -1.85449219, 1
vb0[207]+008 NORMAL: 0.937007844, -0.275590539, -0.22047244, 0
vb0[207]+000 COLOR: 0.411764711, 0.270588249, 0.925490201, 0.266666681
vb0[207]+000 TEXCOORD: 0.411764711, 0.270588249, 0.925490201, 0.266666681
vb0[207]+000 TEXCOORD1: 0.411764711, 0.270588249, 0.925490201, 0.266666681
vb0[207]+000 TEXCOORD2: 0.411764711, 0.270588249, 0.925490201, 0.266666681
vb0[207]+000 TEXCOORD3: 0.411764711, 0.270588249, 0.925490201, 0.266666681
vb0[207]+000 TANGENT: 0.411764711, 0.270588249, 0.925490201, 0.266666681

vb0[208]+000 POSITION: 5.4375, 5.0546875, -0.509765625, 1
vb0[208]+008 NORMAL: 0.92125982, -0.299212605, 0.267716527, 0
vb0[208]+000 COLOR: 0.43921569, 0.270588249, 0.0549019612, 0.270588249
vb0[208]+000 TEXCOORD: 0.43921569, 0.270588249, 0.0549019612, 0.270588249
vb0[208]+000 TEXCOORD1: 0.43921569, 0.270588249, 0.0549019612, 0.270588249
vb0[208]+000 TEXCOORD2: 0.43921569, 0.270588249, 0.0549019612, 0.270588249
vb0[208]+000 TEXCOORD3: 0.43921569, 0.270588249, 0.0549019612, 0.270588249
vb0[208]+000 TANGENT: 0.43921569, 0.270588249, 0.0549019612, 0.270588249

vb0[209]+000 POSITION: 4.5234375, 4.24609375, 0.883300781, 1
vb0[209]+008 NORMAL: 1, 0.0314960629, -0.0629921257, 0
vb0[209]+000 COLOR: 0.525490224, 0.266666681, 0.247058824, 0.266666681
vb0[209]+000 TEXCOORD: 0.525490224, 0.266666681, 0.247058824, 0.266666681
vb0[209]+000 TEXCOORD1: 0.525490224, 0.266666681, 0.247058824, 0.266666681
vb0[209]+000 TEXCOORD2: 0.525490224, 0.266666681, 0.247058824, 0.266666681
vb0[209]+000 TEXCOORD3: 0.525490224, 0.266666681, 0.247058824, 0.266666681
vb0[209]+000 TANGENT: 0.525490224, 0.266666681, 0.247058824, 0.266666681

vb0[210]+000 POSITION: 4.44921875, 5.59375, 1.26464844, 1
vb0[210]+008 NORMAL: 0.968503952, 0.102362208, 0.228346452, 0
vb0[210]+000 COLOR: 0.450980395, 0.266666681, 0.596078455, 0.270588249
vb0[210]+000 TEXCOORD: 0.450980395, 0.266666681, 0.596078455, 0.270588249
vb0[210]+000 TEXCOORD1: 0.450980395, 0.266666681, 0.596078455, 0.270588249
vb0[210]+000 TEXCOORD2: 0.450980395, 0.266666681, 0.596078455, 0.270588249
vb0[210]+000 TEXCOORD3: 0.450980395, 0.266666681, 0.596078455, 0.270588249
vb0[210]+000 TANGENT: 0.450980395, 0.266666681, 0.596078455, 0.270588249

vb0[211]+000 POSITION: 4.77734375, 4.078125, 1.30859375, 1
vb0[211]+008 NORMAL: 0.976377964, 0.22047244, 0.0472440943, 0
vb0[211]+000 COLOR: 0.78039217, 0.266666681, 0.0784313753, 0.266666681
vb0[211]+000 TEXCOORD: 0.78039217, 0.266666681, 0.0784313753, 0.266666681
vb0[211]+000 TEXCOORD1: 0.78039217, 0.266666681, 0.0784313753, 0.266666681
vb0[211]+000 TEXCOORD2: 0.78039217, 0.266666681, 0.0784313753, 0.266666681
vb0[211]+000 TEXCOORD3: 0.78039217, 0.266666681, 0.0784313753, 0.266666681
vb0[211]+000 TANGENT: 0.78039217, 0.266666681, 0.0784313753, 0.266666681

vb0[212]+000 POSITION: 4.3828125, 5.5546875, 1.69140625, 1
vb0[212]+008 NORMAL: 1, 0.0787401572, -0.00787401572, 0
vb0[212]+000 COLOR: 0.384313732, 0.266666681, 0.556862772, 0.270588249
vb0[212]+000 TEXCOORD: 0.384313732, 0.266666681, 0.556862772, 0.270588249
vb0[212]+000 TEXCOORD1: 0.384313732, 0.266666681, 0.556862772, 0.270588249
vb0[212]+000 TEXCOORD2: 0.384313732, 0.266666681, 0.556862772, 0.270588249
vb0[212]+000 TEXCOORD3: 0.384313732, 0.266666681, 0.556862772, 0.270588249
vb0[212]+000 TANGENT: 0.384313732, 0.266666681, 0.556862772, 0.270588249

vb0[213]+000 POSITION: 4.3828125, 3.45507813, 2.14453125, 1
vb0[213]+008 NORMAL: 0.984251976, -0.102362208, 0.149606302, 0
vb0[213]+000 COLOR: 0.384313732, 0.266666681, 0.913725495, 0.258823544
vb0[213]+000 TEXCOORD: 0.384313732, 0.266666681, 0.913725495, 0.258823544
vb0[213]+000 TEXCOORD1: 0.384313732, 0.266666681, 0.913725495, 0.258823544
vb0[213]+000 TEXCOORD2: 0.384313732, 0.266666681, 0.913725495, 0.258823544
vb0[213]+000 TEXCOORD3: 0.384313732, 0.266666681, 0.913725495, 0.258823544
vb0[213]+000 TANGENT: 0.384313732, 0.266666681, 0.913725495, 0.258823544

vb0[214]+000 POSITION: 4.83203125, 3.1015625, 1.64550781, 1
vb0[214]+008 NORMAL: 0.834645689, -0.0236220472, 0.551181078, 0
vb0[214]+000 COLOR: 0.835294127, 0.266666681, 0.203921571, 0.258823544
vb0[214]+000 TEXCOORD: 0.835294127, 0.266666681, 0.203921571, 0.258823544
vb0[214]+000 TEXCOORD1: 0.835294127, 0.266666681, 0.203921571, 0.258823544
vb0[214]+000 TEXCOORD2: 0.835294127, 0.266666681, 0.203921571, 0.258823544
vb0[214]+000 TEXCOORD3: 0.835294127, 0.266666681, 0.203921571, 0.258823544
vb0[214]+000 TANGENT: 0.835294127, 0.266666681, 0.203921571, 0.258823544

vb0[215]+000 POSITION: 3.73632813, 1.1328125, 1.83496094, 1
vb0[215]+008 NORMAL: 0.897637784, -0.307086617, 0.314960629, 0
vb0[215]+000 COLOR: 0.474509805, 0.262745112, 0.533333361, 0.235294119
vb0[215]+000 TEXCOORD: 0.474509805, 0.262745112, 0.533333361, 0.235294119
vb0[215]+000 TEXCOORD1: 0.474509805, 0.262745112, 0.533333361, 0.235294119
vb0[215]+000 TEXCOORD2: 0.474509805, 0.262745112, 0.533333361, 0.235294119
vb0[215]+000 TEXCOORD3: 0.474509805, 0.262745112, 0.533333361, 0.235294119
vb0[215]+000 TANGENT: 0.474509805, 0.262745112, 0.533333361, 0.235294119

vb0[216]+000 POSITION: 4.3359375, 0.88671875, 1.30957031, 1
vb0[216]+008 NORMAL: 0.629921257, -0.314960629, 0.708661437, 0
vb0[216]+000 COLOR: 0.337254912, 0.266666681, 0.0941176489, 0.23137255
vb0[216]+000 TEXCOORD: 0.337254912, 0.266666681, 0.0941176489, 0.23137255
vb0[216]+000 TEXCOORD1: 0.337254912, 0.266666681, 0.0941176489, 0.23137255
vb0[216]+000 TEXCOORD2: 0.337254912, 0.266666681, 0.0941176489, 0.23137255
vb0[216]+000 TEXCOORD3: 0.337254912, 0.266666681, 0.0941176489, 0.23137255
vb0[216]+000 TANGENT: 0.337254912, 0.266666681, 0.0941176489, 0.23137255

vb0[217]+000 POSITION: 3.39453125, -0.0400695801, 1.57128906, 1
vb0[217]+008 NORMAL: 0.811023593, -0.590551198, -0.0157480314, 0
vb0[217]+000 COLOR: 0.792156875, 0.258823544, 0.129411772, 0.662745118
vb0[217]+000 TEXCOORD: 0.792156875, 0.258823544, 0.129411772, 0.662745118
vb0[217]+000 TEXCOORD1: 0.792156875, 0.258823544, 0.129411772, 0.662745118
vb0[217]+000 TEXCOORD2: 0.792156875, 0.258823544, 0.129411772, 0.662745118
vb0[217]+000 TEXCOORD3: 0.792156875, 0.258823544, 0.129411772, 0.662745118
vb0[217]+000 TANGENT: 0.792156875, 0.258823544, 0.129411772, 0.662745118

vb0[218]+000 POSITION: 4.01953125, -0.00535202026, 1.05859375, 1
vb0[218]+008 NORMAL: 0.417322844, -0.811023593, 0.40157479, 0
vb0[218]+000 COLOR: 0.0196078438, 0.266666681, 0.482352942, 0.615686297
vb0[218]+000 TEXCOORD: 0.0196078438, 0.266666681, 0.482352942, 0.615686297
vb0[218]+000 TEXCOORD1: 0.0196078438, 0.266666681, 0.482352942, 0.615686297
vb0[218]+000 TEXCOORD2: 0.0196078438, 0.266666681, 0.482352942, 0.615686297
vb0[218]+000 TEXCOORD3: 0.0196078438, 0.266666681, 0.482352942, 0.615686297
vb0[218]+000 TANGENT: 0.0196078438, 0.266666681, 0.482352942, 0.615686297

vb0[219]+000 POSITION: 5, 3.0546875, 1.0390625, 1
vb0[219]+008 NORMAL: 0.976377964, 0.196850389, -0.0236220472, 0
vb0[219]+000 COLOR: 0, 0.270588249, 0.109803922, 0.258823544
vb0[219]+000 TEXCOORD: 0, 0.270588249, 0.109803922, 0.258823544
vb0[219]+000 TEXCOORD1: 0, 0.270588249, 0.109803922, 0.258823544
vb0[219]+000 TEXCOORD2: 0, 0.270588249, 0.109803922, 0.258823544
vb0[219]+000 TEXCOORD3: 0, 0.270588249, 0.109803922, 0.258823544
vb0[219]+000 TANGENT: 0, 0.270588249, 0.109803922, 0.258823544

vb0[220]+000 POSITION: 4.8125, 2.96484375, 0.417480469, 1
vb0[220]+008 NORMAL: 0.803149581, 0.346456707, -0.488188982, 0
vb0[220]+000 COLOR: 0.815686285, 0.266666681, 0.933333337, 0.254901975
vb0[220]+000 TEXCOORD: 0.815686285, 0.266666681, 0.933333337, 0.254901975
vb0[220]+000 TEXCOORD1: 0.815686285, 0.266666681, 0.933333337, 0.254901975
vb0[220]+000 TEXCOORD2: 0.815686285, 0.266666681, 0.933333337, 0.254901975
vb0[220]+000 TEXCOORD3: 0.815686285, 0.266666681, 0.933333337, 0.254901975
vb0[220]+000 TANGENT: 0.815686285, 0.266666681, 0.933333337, 0.254901975

vb0[221]+000 POSITION: 5.28515625, 1.23339844, 0.389648438, 1
vb0[221]+008 NORMAL: 0.984251976, -0.149606302, 0.11023622, 0
vb0[221]+000 COLOR: 0.286274523, 0.270588249, 0.937254906, 0.235294119
vb0[221]+000 TEXCOORD: 0.286274523, 0.270588249, 0.937254906, 0.235294119
vb0[221]+000 TEXCOORD1: 0.286274523, 0.270588249, 0.937254906, 0.235294119
vb0[221]+000 TEXCOORD2: 0.286274523, 0.270588249, 0.937254906, 0.235294119
vb0[221]+000 TEXCOORD3: 0.286274523, 0.270588249, 0.937254906, 0.235294119
vb0[221]+000 TANGENT: 0.286274523, 0.270588249, 0.937254906, 0.235294119

vb0[222]+000 POSITION: 4.82421875, 0.641113281, 0.662597656, 1
vb0[222]+008 NORMAL: 0.763779521, -0.417322844, 0.496062994, 0
vb0[222]+000 COLOR: 0.827450991, 0.266666681, 0.129411772, 0.223529413
vb0[222]+000 TEXCOORD: 0.827450991, 0.266666681, 0.129411772, 0.223529413
vb0[222]+000 TEXCOORD1: 0.827450991, 0.266666681, 0.129411772, 0.223529413
vb0[222]+000 TEXCOORD2: 0.827450991, 0.266666681, 0.129411772, 0.223529413
vb0[222]+000 TEXCOORD3: 0.827450991, 0.266666681, 0.129411772, 0.223529413
vb0[222]+000 TANGENT: 0.827450991, 0.266666681, 0.129411772, 0.223529413

vb0[223]+000 POSITION: 4.875, 0.408935547, 0.0748291016, 1
vb0[223]+008 NORMAL: 0.842519701, -0.51968503, -0.133858263, 0
vb0[223]+000 COLOR: 0.87843138, 0.266666681, 0.545098066, 0.211764708
vb0[223]+000 TEXCOORD: 0.87843138, 0.266666681, 0.545098066, 0.211764708
vb0[223]+000 TEXCOORD1: 0.87843138, 0.266666681, 0.545098066, 0.211764708
vb0[223]+000 TEXCOORD2: 0.87843138, 0.266666681, 0.545098066, 0.211764708
vb0[223]+000 TEXCOORD3: 0.87843138, 0.266666681, 0.545098066, 0.211764708
vb0[223]+000 TANGENT: 0.87843138, 0.266666681, 0.545098066, 0.211764708

vb0[224]+000 POSITION: 5.04296875, 1.24511719, -0.298339844, 1
vb0[224]+008 NORMAL: 0.842519701, -0.0472440943, -0.543307066, 0
vb0[224]+000 COLOR: 0.0431372561, 0.270588249, 0.984313726, 0.235294119
vb0[224]+000 TEXCOORD: 0.0431372561, 0.270588249, 0.984313726, 0.235294119
vb0[224]+000 TEXCOORD1: 0.0431372561, 0.270588249, 0.984313726, 0.235294119
vb0[224]+000 TEXCOORD2: 0.0431372561, 0.270588249, 0.984313726, 0.235294119
vb0[224]+000 TEXCOORD3: 0.0431372561, 0.270588249, 0.984313726, 0.235294119
vb0[224]+000 TANGENT: 0.0431372561, 0.270588249, 0.984313726, 0.235294119

vb0[225]+000 POSITION: 4.83203125, 1.81054688, -0.430419922, 1
vb0[225]+008 NORMAL: 0.724409461, 0.283464581, -0.629921257, 0
vb0[225]+000 COLOR: 0.835294127, 0.266666681, 0.243137255, 0.247058824
vb0[225]+000 TEXCOORD: 0.835294127, 0.266666681, 0.243137255, 0.247058824
vb0[225]+000 TEXCOORD1: 0.835294127, 0.266666681, 0.243137255, 0.247058824
vb0[225]+000 TEXCOORD2: 0.835294127, 0.266666681, 0.243137255, 0.247058824
vb0[225]+000 TEXCOORD3: 0.835294127, 0.266666681, 0.243137255, 0.247058824
vb0[225]+000 TANGENT: 0.835294127, 0.266666681, 0.243137255, 0.247058824

vb0[226]+000 POSITION: 4.32421875, 0.0914916992, -0.595703125, 1
vb0[226]+008 NORMAL: 0.535433054, -0.716535449, -0.44094488, 0
vb0[226]+000 COLOR: 0.325490206, 0.266666681, 0.858823538, 0.176470593
vb0[226]+000 TEXCOORD: 0.325490206, 0.266666681, 0.858823538, 0.176470593
vb0[226]+000 TEXCOORD1: 0.325490206, 0.266666681, 0.858823538, 0.176470593
vb0[226]+000 TEXCOORD2: 0.325490206, 0.266666681, 0.858823538, 0.176470593
vb0[226]+000 TEXCOORD3: 0.325490206, 0.266666681, 0.858823538, 0.176470593
vb0[226]+000 TANGENT: 0.325490206, 0.266666681, 0.858823538, 0.176470593

vb0[227]+000 POSITION: 3.640625, 0.0487670898, -1.43164063, 1
vb0[227]+008 NORMAL: 0.566929162, -0.645669281, -0.511811018, 0
vb0[227]+000 COLOR: 0.282352954, 0.262745112, 0.243137255, 0.164705887
vb0[227]+000 TEXCOORD: 0.282352954, 0.262745112, 0.243137255, 0.164705887
vb0[227]+000 TEXCOORD1: 0.282352954, 0.262745112, 0.243137255, 0.164705887
vb0[227]+000 TEXCOORD2: 0.282352954, 0.262745112, 0.243137255, 0.164705887
vb0[227]+000 TEXCOORD3: 0.282352954, 0.262745112, 0.243137255, 0.164705887
vb0[227]+000 TANGENT: 0.282352954, 0.262745112, 0.243137255, 0.164705887

vb0[228]+000 POSITION: 4.56640625, 0.0293731689, 0.412353516, 1
vb0[228]+008 NORMAL: 0.543307066, -0.818897665, 0.157480314, 0
vb0[228]+000 COLOR: 0.568627477, 0.266666681, 0.521568656, 0.152941182
vb0[228]+000 TEXCOORD: 0.568627477, 0.266666681, 0.521568656, 0.152941182
vb0[228]+000 TEXCOORD1: 0.568627477, 0.266666681, 0.521568656, 0.152941182
vb0[228]+000 TEXCOORD2: 0.568627477, 0.266666681, 0.521568656, 0.152941182
vb0[228]+000 TEXCOORD3: 0.568627477, 0.266666681, 0.521568656, 0.152941182
vb0[228]+000 TANGENT: 0.568627477, 0.266666681, 0.521568656, 0.152941182

vb0[229]+000 POSITION: 3.85546875, -0.0224151611, 0.786132813, 1
vb0[229]+008 NORMAL: 0.05511811, -1, 0, 0
vb0[229]+000 COLOR: 0.713725507, 0.262745112, 0.741176486, 0.647058845
vb0[229]+000 TEXCOORD: 0.713725507, 0.262745112, 0.741176486, 0.647058845
vb0[229]+000 TEXCOORD1: 0.713725507, 0.262745112, 0.741176486, 0.647058845
vb0[229]+000 TEXCOORD2: 0.713725507, 0.262745112, 0.741176486, 0.647058845
vb0[229]+000 TEXCOORD3: 0.713725507, 0.262745112, 0.741176486, 0.647058845
vb0[229]+000 TANGENT: 0.713725507, 0.262745112, 0.741176486, 0.647058845

vb0[230]+000 POSITION: 4.0390625, -0.00792694092, 0.154907227, 1
vb0[230]+008 NORMAL: 0.0787401572, -0.992125988, -0.05511811, 0
vb0[230]+000 COLOR: 0.0392156877, 0.266666681, 0.0588235296, 0.627451003
vb0[230]+000 TEXCOORD: 0.0392156877, 0.266666681, 0.0588235296, 0.627451003
vb0[230]+000 TEXCOORD1: 0.0392156877, 0.266666681, 0.0588235296, 0.627451003
vb0[230]+000 TEXCOORD2: 0.0392156877, 0.266666681, 0.0588235296, 0.627451003
vb0[230]+000 TEXCOORD3: 0.0392156877, 0.266666681, 0.0588235296, 0.627451003
vb0[230]+000 TANGENT: 0.0392156877, 0.266666681, 0.0588235296, 0.627451003

vb0[231]+000 POSITION: 3.46679688, -0.0387878418, 1.07617188, 1
vb0[231]+008 NORMAL: 0.0708661452, -1, 0.00787401572, 0
vb0[231]+000 COLOR: 0.937254906, 0.258823544, 0.968627453, 0.65882355
vb0[231]+000 TEXCOORD: 0.937254906, 0.258823544, 0.968627453, 0.65882355
vb0[231]+000 TEXCOORD1: 0.937254906, 0.258823544, 0.968627453, 0.65882355
vb0[231]+000 TEXCOORD2: 0.937254906, 0.258823544, 0.968627453, 0.65882355
vb0[231]+000 TEXCOORD3: 0.937254906, 0.258823544, 0.968627453, 0.65882355
vb0[231]+000 TANGENT: 0.937254906, 0.258823544, 0.968627453, 0.65882355

vb0[232]+000 POSITION: 3.80859375, 0.042755127, -0.491699219, 1
vb0[232]+008 NORMAL: 0.11023622, -0.992125988, -0.05511811, 0
vb0[232]+000 COLOR: 0.619607866, 0.262745112, 0.474509805, 0.160784319
vb0[232]+000 TEXCOORD: 0.619607866, 0.262745112, 0.474509805, 0.160784319
vb0[232]+000 TEXCOORD1: 0.619607866, 0.262745112, 0.474509805, 0.160784319
vb0[232]+000 TEXCOORD2: 0.619607866, 0.262745112, 0.474509805, 0.160784319
vb0[232]+000 TEXCOORD3: 0.619607866, 0.262745112, 0.474509805, 0.160784319
vb0[232]+000 TANGENT: 0.619607866, 0.262745112, 0.474509805, 0.160784319

vb0[233]+000 POSITION: 3.125, -0.0263214111, -1.23535156, 1
vb0[233]+008 NORMAL: 0.14173229, -0.992125988, -0.0629921257, 0
vb0[233]+000 COLOR: 0.250980407, 0.258823544, 0.741176486, 0.650980413
vb0[233]+000 TEXCOORD: 0.250980407, 0.258823544, 0.741176486, 0.650980413
vb0[233]+000 TEXCOORD1: 0.250980407, 0.258823544, 0.741176486, 0.650980413
vb0[233]+000 TEXCOORD2: 0.250980407, 0.258823544, 0.741176486, 0.650980413
vb0[233]+000 TEXCOORD3: 0.250980407, 0.258823544, 0.741176486, 0.650980413
vb0[233]+000 TANGENT: 0.250980407, 0.258823544, 0.741176486, 0.650980413

vb0[234]+000 POSITION: 2.43945313, -0.0953979492, -1.85351563, 1
vb0[234]+008 NORMAL: 0.157480314, -0.984251976, -0.0393700786, 0
vb0[234]+000 COLOR: 0.882352948, 0.250980407, 0.105882354, 0.68235296
vb0[234]+000 TEXCOORD: 0.882352948, 0.250980407, 0.105882354, 0.68235296
vb0[234]+000 TEXCOORD1: 0.882352948, 0.250980407, 0.105882354, 0.68235296
vb0[234]+000 TEXCOORD2: 0.882352948, 0.250980407, 0.105882354, 0.68235296
vb0[234]+000 TEXCOORD3: 0.882352948, 0.250980407, 0.105882354, 0.68235296
vb0[234]+000 TANGENT: 0.882352948, 0.250980407, 0.105882354, 0.68235296

vb0[235]+000 POSITION: 2.12304688, -0.171508789, -2.89648438, 1
vb0[235]+008 NORMAL: 0.102362208, -0.992125988, 0.0157480314, 0
vb0[235]+000 COLOR: 0.247058824, 0.250980407, 0.490196079, 0.694117665
vb0[235]+000 TEXCOORD: 0.247058824, 0.250980407, 0.490196079, 0.694117665
vb0[235]+000 TEXCOORD1: 0.247058824, 0.250980407, 0.490196079, 0.694117665
vb0[235]+000 TEXCOORD2: 0.247058824, 0.250980407, 0.490196079, 0.694117665
vb0[235]+000 TEXCOORD3: 0.247058824, 0.250980407, 0.490196079, 0.694117665
vb0[235]+000 TANGENT: 0.247058824, 0.250980407, 0.490196079, 0.694117665

vb0[236]+000 POSITION: 2.83398438, -0.0637817383, -2.87109375, 1
vb0[236]+008 NORMAL: 0.496062994, -0.866141737, 0.00787401572, 0
vb0[236]+000 COLOR: 0.670588255, 0.254901975, 0.0823529437, 0.674509823
vb0[236]+000 TEXCOORD: 0.670588255, 0.254901975, 0.0823529437, 0.674509823
vb0[236]+000 TEXCOORD1: 0.670588255, 0.254901975, 0.0823529437, 0.674509823
vb0[236]+000 TEXCOORD2: 0.670588255, 0.254901975, 0.0823529437, 0.674509823
vb0[236]+000 TEXCOORD3: 0.670588255, 0.254901975, 0.0823529437, 0.674509823
vb0[236]+000 TANGENT: 0.670588255, 0.254901975, 0.0823529437, 0.674509823

vb0[237]+000 POSITION: 2.265625, -0.154663086, -3.92773438, 1
vb0[237]+008 NORMAL: 0.267716527, -0.944881916, -0.196850389, 0
vb0[237]+000 COLOR: 0.533333361, 0.250980407, 0.952941179, 0.690196097
vb0[237]+000 TEXCOORD: 0.533333361, 0.250980407, 0.952941179, 0.690196097
vb0[237]+000 TEXCOORD1: 0.533333361, 0.250980407, 0.952941179, 0.690196097
vb0[237]+000 TEXCOORD2: 0.533333361, 0.250980407, 0.952941179, 0.690196097
vb0[237]+000 TEXCOORD3: 0.533333361, 0.250980407, 0.952941179, 0.690196097
vb0[237]+000 TANGENT: 0.533333361, 0.250980407, 0.952941179, 0.690196097

vb0[238]+000 POSITION: 2.80859375, 0.146362305, -3.88671875, 1
vb0[238]+008 NORMAL: 0.59842521, -0.763779521, -0.251968503, 0
vb0[238]+000 COLOR: 0.619607866, 0.254901975, 0.686274529, 0.188235298
vb0[238]+000 TEXCOORD: 0.619607866, 0.254901975, 0.686274529, 0.188235298
vb0[238]+000 TEXCOORD1: 0.619607866, 0.254901975, 0.686274529, 0.188235298
vb0[238]+000 TEXCOORD2: 0.619607866, 0.254901975, 0.686274529, 0.188235298
vb0[238]+000 TEXCOORD3: 0.619607866, 0.254901975, 0.686274529, 0.188235298
vb0[238]+000 TANGENT: 0.619607866, 0.254901975, 0.686274529, 0.188235298

vb0[239]+000 POSITION: 1.93847656, 0.327636719, -5.28515625, 1
vb0[239]+008 NORMAL: 0.393700778, -0.692913413, -0.606299222, 0
vb0[239]+000 COLOR: 0.75686276, 0.247058824, 0.243137255, 0.20784314
vb0[239]+000 TEXCOORD: 0.75686276, 0.247058824, 0.243137255, 0.20784314
vb0[239]+000 TEXCOORD1: 0.75686276, 0.247058824, 0.243137255, 0.20784314
vb0[239]+000 TEXCOORD2: 0.75686276, 0.247058824, 0.243137255, 0.20784314
vb0[239]+000 TEXCOORD3: 0.75686276, 0.247058824, 0.243137255, 0.20784314
vb0[239]+000 TANGENT: 0.75686276, 0.247058824, 0.243137255, 0.20784314

vb0[240]+000 POSITION: 2.59960938, 1.2734375, -5.57421875, 1
vb0[240]+008 NORMAL: 0.448818892, -0.385826766, -0.803149581, 0
vb0[240]+000 COLOR: 0.200000003, 0.254901975, 0.0941176489, 0.239215687
vb0[240]+000 TEXCOORD: 0.200000003, 0.254901975, 0.0941176489, 0.239215687
vb0[240]+000 TEXCOORD1: 0.200000003, 0.254901975, 0.0941176489, 0.239215687
vb0[240]+000 TEXCOORD2: 0.200000003, 0.254901975, 0.0941176489, 0.239215687
vb0[240]+000 TEXCOORD3: 0.200000003, 0.254901975, 0.0941176489, 0.239215687
vb0[240]+000 TANGENT: 0.200000003, 0.254901975, 0.0941176489, 0.239215687

vb0[241]+000 POSITION: 3.1171875, 1.43554688, -5.25390625, 1
vb0[241]+008 NORMAL: 0.700787425, -0.385826766, -0.59842521, 0
vb0[241]+000 COLOR: 0.235294119, 0.258823544, 0.745098054, 0.239215687
vb0[241]+000 TEXCOORD: 0.235294119, 0.258823544, 0.745098054, 0.239215687
vb0[241]+000 TEXCOORD1: 0.235294119, 0.258823544, 0.745098054, 0.239215687
vb0[241]+000 TEXCOORD2: 0.235294119, 0.258823544, 0.745098054, 0.239215687
vb0[241]+000 TEXCOORD3: 0.235294119, 0.258823544, 0.745098054, 0.239215687
vb0[241]+000 TANGENT: 0.235294119, 0.258823544, 0.745098054, 0.239215687

vb0[242]+000 POSITION: 1.02441406, 0.560058594, -5.83203125, 1
vb0[242]+008 NORMAL: 0.181102365, -0.496062994, -0.850393713, 0
vb0[242]+000 COLOR: 0.0980392173, 0.235294119, 0.482352942, 0.219607845
vb0[242]+000 TEXCOORD: 0.0980392173, 0.235294119, 0.482352942, 0.219607845
vb0[242]+000 TEXCOORD1: 0.0980392173, 0.235294119, 0.482352942, 0.219607845
vb0[242]+000 TEXCOORD2: 0.0980392173, 0.235294119, 0.482352942, 0.219607845
vb0[242]+000 TEXCOORD3: 0.0980392173, 0.235294119, 0.482352942, 0.219607845
vb0[242]+000 TANGENT: 0.0980392173, 0.235294119, 0.482352942, 0.219607845

vb0[243]+000 POSITION: 0.846679688, 1.92382813, -6.19140625, 1
vb0[243]+008 NORMAL: 0.149606302, 0.0314960629, -0.984251976, 0
vb0[243]+000 COLOR: 0.776470602, 0.227450982, 0.698039234, 0.247058824
vb0[243]+000 TEXCOORD: 0.776470602, 0.227450982, 0.698039234, 0.247058824
vb0[243]+000 TEXCOORD1: 0.776470602, 0.227450982, 0.698039234, 0.247058824
vb0[243]+000 TEXCOORD2: 0.776470602, 0.227450982, 0.698039234, 0.247058824
vb0[243]+000 TEXCOORD3: 0.776470602, 0.227450982, 0.698039234, 0.247058824
vb0[243]+000 TANGENT: 0.776470602, 0.227450982, 0.698039234, 0.247058824

vb0[244]+000 POSITION: 0.661621094, 0.0802001953, -5.4453125, 1
vb0[244]+008 NORMAL: 0.0629921257, -0.803149581, -0.590551198, 0
vb0[244]+000 COLOR: 0.294117659, 0.223529413, 0.13333334, 0.176470593
vb0[244]+000 TEXCOORD: 0.294117659, 0.223529413, 0.13333334, 0.176470593
vb0[244]+000 TEXCOORD1: 0.294117659, 0.223529413, 0.13333334, 0.176470593
vb0[244]+000 TEXCOORD2: 0.294117659, 0.223529413, 0.13333334, 0.176470593
vb0[244]+000 TEXCOORD3: 0.294117659, 0.223529413, 0.13333334, 0.176470593
vb0[244]+000 TANGENT: 0.294117659, 0.223529413, 0.13333334, 0.176470593

vb0[245]+000 POSITION: -0.328125, 0.125976563, -5.45703125, 1
vb0[245]+008 NORMAL: -0.0314960629, -0.818897665, -0.574803174, 0
vb0[245]+000 COLOR: 0.250980407, 0.709803939, 0.0313725509, 0.188235298
vb0[245]+000 TEXCOORD: 0.250980407, 0.709803939, 0.0313725509, 0.188235298
vb0[245]+000 TEXCOORD1: 0.250980407, 0.709803939, 0.0313725509, 0.188235298
vb0[245]+000 TEXCOORD2: 0.250980407, 0.709803939, 0.0313725509, 0.188235298
vb0[245]+000 TEXCOORD3: 0.250980407, 0.709803939, 0.0313725509, 0.188235298
vb0[245]+000 TANGENT: 0.250980407, 0.709803939, 0.0313725509, 0.188235298

vb0[246]+000 POSITION: -0.59375, 0.108337402, -5.25390625, 1
vb0[246]+008 NORMAL: -0.133858263, -0.952755928, -0.275590539, 0
vb0[246]+000 COLOR: 0.752941191, 0.721568644, 0.937254906, 0.180392161
vb0[246]+000 TEXCOORD: 0.752941191, 0.721568644, 0.937254906, 0.180392161
vb0[246]+000 TEXCOORD1: 0.752941191, 0.721568644, 0.937254906, 0.180392161
vb0[246]+000 TEXCOORD2: 0.752941191, 0.721568644, 0.937254906, 0.180392161
vb0[246]+000 TEXCOORD3: 0.752941191, 0.721568644, 0.937254906, 0.180392161
vb0[246]+000 TANGENT: 0.752941191, 0.721568644, 0.937254906, 0.180392161

vb0[247]+000 POSITION: -1.29589844, 0.146972656, -5.33984375, 1
vb0[247]+008 NORMAL: -0.00787401572, -0.992125988, -0.133858263, 0
vb0[247]+000 COLOR: 0.184313729, 0.741176486, 0.70588237, 0.188235298
vb0[247]+000 TEXCOORD: 0.184313729, 0.741176486, 0.70588237, 0.188235298
vb0[247]+000 TEXCOORD1: 0.184313729, 0.741176486, 0.70588237, 0.188235298
vb0[247]+000 TEXCOORD2: 0.184313729, 0.741176486, 0.70588237, 0.188235298
vb0[247]+000 TEXCOORD3: 0.184313729, 0.741176486, 0.70588237, 0.188235298
vb0[247]+000 TANGENT: 0.184313729, 0.741176486, 0.70588237, 0.188235298

vb0[248]+000 POSITION: -1.93359375, 0.133178711, -5.328125, 1
vb0[248]+008 NORMAL: -0.102362208, -0.937007844, -0.338582665, 0
vb0[248]+000 COLOR: 0.737254918, 0.749019623, 0.262745112, 0.188235298
vb0[248]+000 TEXCOORD: 0.737254918, 0.749019623, 0.262745112, 0.188235298
vb0[248]+000 TEXCOORD1: 0.737254918, 0.749019623, 0.262745112, 0.188235298
vb0[248]+000 TEXCOORD2: 0.737254918, 0.749019623, 0.262745112, 0.188235298
vb0[248]+000 TEXCOORD3: 0.737254918, 0.749019623, 0.262745112, 0.188235298
vb0[248]+000 TANGENT: 0.737254918, 0.749019623, 0.262745112, 0.188235298

vb0[249]+000 POSITION: -1.94921875, 0.104919434, -5.0390625, 1
vb0[249]+008 NORMAL: -0.0157480314, -0.992125988, -0.0944881886, 0
vb0[249]+000 COLOR: 0.800000012, 0.749019623, 0.717647076, 0.180392161
vb0[249]+000 TEXCOORD: 0.800000012, 0.749019623, 0.717647076, 0.180392161
vb0[249]+000 TEXCOORD1: 0.800000012, 0.749019623, 0.717647076, 0.180392161
vb0[249]+000 TEXCOORD2: 0.800000012, 0.749019623, 0.717647076, 0.180392161
vb0[249]+000 TEXCOORD3: 0.800000012, 0.749019623, 0.717647076, 0.180392161
vb0[249]+000 TANGENT: 0.800000012, 0.749019623, 0.717647076, 0.180392161

vb0[250]+000 POSITION: -0.119140625, -0.151733398, -4.91015625, 1
vb0[250]+008 NORMAL: -0.0236220472, -0.968503952, -0.236220479, 0
vb0[250]+000 COLOR: 0.627451003, 0.686274529, 0.858823538, 0.690196097
vb0[250]+000 TEXCOORD: 0.627451003, 0.686274529, 0.858823538, 0.690196097
vb0[250]+000 TEXCOORD1: 0.627451003, 0.686274529, 0.858823538, 0.690196097
vb0[250]+000 TEXCOORD2: 0.627451003, 0.686274529, 0.858823538, 0.690196097
vb0[250]+000 TEXCOORD3: 0.627451003, 0.686274529, 0.858823538, 0.690196097
vb0[250]+000 TANGENT: 0.627451003, 0.686274529, 0.858823538, 0.690196097

vb0[251]+000 POSITION: 0.567871094, -0.0759277344, -5.02734375, 1
vb0[251]+008 NORMAL: 0.0629921257, -0.976377964, -0.22047244, 0
vb0[251]+000 COLOR: 0.545098066, 0.219607845, 0.862745106, 0.674509823
vb0[251]+000 TEXCOORD: 0.545098066, 0.219607845, 0.862745106, 0.674509823
vb0[251]+000 TEXCOORD1: 0.545098066, 0.219607845, 0.862745106, 0.674509823
vb0[251]+000 TEXCOORD2: 0.545098066, 0.219607845, 0.862745106, 0.674509823
vb0[251]+000 TEXCOORD3: 0.545098066, 0.219607845, 0.862745106, 0.674509823
vb0[251]+000 TANGENT: 0.545098066, 0.219607845, 0.862745106, 0.674509823

vb0[252]+000 POSITION: 1.46191406, -0.0362243652, -4.921875, 1
vb0[252]+008 NORMAL: 0.181102365, -0.929133832, -0.330708653, 0
vb0[252]+000 COLOR: 0.850980401, 0.239215687, 0.639215708, 0.65882355
vb0[252]+000 TEXCOORD: 0.850980401, 0.239215687, 0.639215708, 0.65882355
vb0[252]+000 TEXCOORD1: 0.850980401, 0.239215687, 0.639215708, 0.65882355
vb0[252]+000 TEXCOORD2: 0.850980401, 0.239215687, 0.639215708, 0.65882355
vb0[252]+000 TEXCOORD3: 0.850980401, 0.239215687, 0.639215708, 0.65882355
vb0[252]+000 TANGENT: 0.850980401, 0.239215687, 0.639215708, 0.65882355

vb0[253]+000 POSITION: -2.5859375, 0.11328125, -5.0234375, 1
vb0[253]+008 NORMAL: -0.196850389, -0.937007844, -0.291338593, 0
vb0[253]+000 COLOR: 0.172549024, 0.75686276, 0.250980407, 0.184313729
vb0[253]+000 TEXCOORD: 0.172549024, 0.75686276, 0.250980407, 0.184313729
vb0[253]+000 TEXCOORD1: 0.172549024, 0.75686276, 0.250980407, 0.184313729
vb0[253]+000 TEXCOORD2: 0.172549024, 0.75686276, 0.250980407, 0.184313729
vb0[253]+000 TEXCOORD3: 0.172549024, 0.75686276, 0.250980407, 0.184313729
vb0[253]+000 TANGENT: 0.172549024, 0.75686276, 0.250980407, 0.184313729

vb0[254]+000 POSITION: -2.51171875, 0.0948486328, -4.734375, 1
vb0[254]+008 NORMAL: -0.0866141766, -0.992125988, -0.0708661452, 0
vb0[254]+000 COLOR: 0.0235294122, 0.75686276, 0.0705882385, 0.180392161
vb0[254]+000 TEXCOORD: 0.0235294122, 0.75686276, 0.0705882385, 0.180392161
vb0[254]+000 TEXCOORD1: 0.0235294122, 0.75686276, 0.0705882385, 0.180392161
vb0[254]+000 TEXCOORD2: 0.0235294122, 0.75686276, 0.0705882385, 0.180392161
vb0[254]+000 TEXCOORD3: 0.0235294122, 0.75686276, 0.0705882385, 0.180392161
vb0[254]+000 TANGENT: 0.0235294122, 0.75686276, 0.0705882385, 0.180392161

vb0[255]+000 POSITION: -3.27734375, 0.203125, -4.29296875, 1
vb0[255]+008 NORMAL: -0.228346452, -0.968503952, -0.125984251, 0
vb0[255]+000 COLOR: 0.556862772, 0.760784328, 0.501960814, 0.196078435
vb0[255]+000 TEXCOORD: 0.556862772, 0.760784328, 0.501960814, 0.196078435
vb0[255]+000 TEXCOORD1: 0.556862772, 0.760784328, 0.501960814, 0.196078435
vb0[255]+000 TEXCOORD2: 0.556862772, 0.760784328, 0.501960814, 0.196078435
vb0[255]+000 TEXCOORD3: 0.556862772, 0.760784328, 0.501960814, 0.196078435
vb0[255]+000 TANGENT: 0.556862772, 0.760784328, 0.501960814, 0.196078435

vb0[256]+000 POSITION: -3.54492188, 0.292480469, -4.453125, 1
vb0[256]+008 NORMAL: -0.551181078, -0.755905509, -0.362204731, 0
vb0[256]+000 COLOR: 0.0901960805, 0.764705896, 0.68235296, 0.203921571
vb0[256]+000 TEXCOORD: 0.0901960805, 0.764705896, 0.68235296, 0.203921571
vb0[256]+000 TEXCOORD1: 0.0901960805, 0.764705896, 0.68235296, 0.203921571
vb0[256]+000 TEXCOORD2: 0.0901960805, 0.764705896, 0.68235296, 0.203921571
vb0[256]+000 TEXCOORD3: 0.0901960805, 0.764705896, 0.68235296, 0.203921571
vb0[256]+000 TANGENT: 0.0901960805, 0.764705896, 0.68235296, 0.203921571

vb0[257]+000 POSITION: -3.91015625, 0.552246094, -4.19921875, 1
vb0[257]+008 NORMAL: -0.543307066, -0.700787425, -0.464566916, 0
vb0[257]+000 COLOR: 0.823529422, 0.764705896, 0.419607848, 0.219607845
vb0[257]+000 TEXCOORD: 0.823529422, 0.764705896, 0.419607848, 0.219607845
vb0[257]+000 TEXCOORD1: 0.823529422, 0.764705896, 0.419607848, 0.219607845
vb0[257]+000 TEXCOORD2: 0.823529422, 0.764705896, 0.419607848, 0.219607845
vb0[257]+000 TEXCOORD3: 0.823529422, 0.764705896, 0.419607848, 0.219607845
vb0[257]+000 TANGENT: 0.823529422, 0.764705896, 0.419607848, 0.219607845

vb0[258]+000 POSITION: -3.59570313, 0.221923828, -3.90234375, 1
vb0[258]+008 NORMAL: -0.464566916, -0.874015749, -0.14173229, 0
vb0[258]+000 COLOR: 0.192156866, 0.764705896, 0.101960786, 0.200000003
vb0[258]+000 TEXCOORD: 0.192156866, 0.764705896, 0.101960786, 0.200000003
vb0[258]+000 TEXCOORD1: 0.192156866, 0.764705896, 0.101960786, 0.200000003
vb0[258]+000 TEXCOORD2: 0.192156866, 0.764705896, 0.101960786, 0.200000003
vb0[258]+000 TEXCOORD3: 0.192156866, 0.764705896, 0.101960786, 0.200000003
vb0[258]+000 TANGENT: 0.192156866, 0.764705896, 0.101960786, 0.200000003

vb0[259]+000 POSITION: -3.87890625, 0.479492188, -3.82617188, 1
vb0[259]+008 NORMAL: -0.448818892, -0.88188976, -0.149606302, 0
vb0[259]+000 COLOR: 0.760784328, 0.764705896, 0.674509823, 0.215686277
vb0[259]+000 TEXCOORD: 0.760784328, 0.764705896, 0.674509823, 0.215686277
vb0[259]+000 TEXCOORD1: 0.760784328, 0.764705896, 0.674509823, 0.215686277
vb0[259]+000 TEXCOORD2: 0.760784328, 0.764705896, 0.674509823, 0.215686277
vb0[259]+000 TEXCOORD3: 0.760784328, 0.764705896, 0.674509823, 0.215686277
vb0[259]+000 TANGENT: 0.760784328, 0.764705896, 0.674509823, 0.215686277

vb0[260]+000 POSITION: 3.85546875, -0.0224151611, 0.786132813, 1
vb0[260]+008 NORMAL: 0.05511811, -1, 0, 0
vb0[260]+000 COLOR: 0.713725507, 0.262745112, 0.741176486, 0.647058845
vb0[260]+000 TEXCOORD: 0.713725507, 0.262745112, 0.741176486, 0.647058845
vb0[260]+000 TEXCOORD1: 0.713725507, 0.262745112, 0.741176486, 0.647058845
vb0[260]+000 TEXCOORD2: 0.713725507, 0.262745112, 0.741176486, 0.647058845
vb0[260]+000 TEXCOORD3: 0.713725507, 0.262745112, 0.741176486, 0.647058845
vb0[260]+000 TANGENT: 0.713725507, 0.262745112, 0.741176486, 0.647058845

vb0[261]+000 POSITION: 3.46679688, -0.0387878418, 1.07617188, 1
vb0[261]+008 NORMAL: 0.0708661452, -1, 0.00787401572, 0
vb0[261]+000 COLOR: 0.937254906, 0.258823544, 0.968627453, 0.65882355
vb0[261]+000 TEXCOORD: 0.937254906, 0.258823544, 0.968627453, 0.65882355
vb0[261]+000 TEXCOORD1: 0.937254906, 0.258823544, 0.968627453, 0.65882355
vb0[261]+000 TEXCOORD2: 0.937254906, 0.258823544, 0.968627453, 0.65882355
vb0[261]+000 TEXCOORD3: 0.937254906, 0.258823544, 0.968627453, 0.65882355
vb0[261]+000 TANGENT: 0.937254906, 0.258823544, 0.968627453, 0.65882355

vb0[262]+000 POSITION: 4.0390625, -0.00792694092, 0.154907227, 1
vb0[262]+008 NORMAL: 0.0787401572, -0.992125988, -0.05511811, 0
vb0[262]+000 COLOR: 0.0392156877, 0.266666681, 0.0588235296, 0.627451003
vb0[262]+000 TEXCOORD: 0.0392156877, 0.266666681, 0.0588235296, 0.627451003
vb0[262]+000 TEXCOORD1: 0.0392156877, 0.266666681, 0.0588235296, 0.627451003
vb0[262]+000 TEXCOORD2: 0.0392156877, 0.266666681, 0.0588235296, 0.627451003
vb0[262]+000 TEXCOORD3: 0.0392156877, 0.266666681, 0.0588235296, 0.627451003
vb0[262]+000 TANGENT: 0.0392156877, 0.266666681, 0.0588235296, 0.627451003

vb0[263]+000 POSITION: 3.19726563, -0.065246582, 0.282470703, 1
vb0[263]+008 NORMAL: 0.11811024, -0.992125988, 0, 0
vb0[263]+000 COLOR: 0.396078438, 0.258823544, 0.176470593, 0.674509823
vb0[263]+000 TEXCOORD: 0.396078438, 0.258823544, 0.176470593, 0.674509823
vb0[263]+000 TEXCOORD1: 0.396078438, 0.258823544, 0.176470593, 0.674509823
vb0[263]+000 TEXCOORD2: 0.396078438, 0.258823544, 0.176470593, 0.674509823
vb0[263]+000 TEXCOORD3: 0.396078438, 0.258823544, 0.176470593, 0.674509823
vb0[263]+000 TANGENT: 0.396078438, 0.258823544, 0.176470593, 0.674509823

vb0[264]+000 POSITION: 3.80859375, 0.042755127, -0.491699219, 1
vb0[264]+008 NORMAL: 0.11023622, -0.992125988, -0.05511811, 0
vb0[264]+000 COLOR: 0.619607866, 0.262745112, 0.474509805, 0.160784319
vb0[264]+000 TEXCOORD: 0.619607866, 0.262745112, 0.474509805, 0.160784319
vb0[264]+000 TEXCOORD1: 0.619607866, 0.262745112, 0.474509805, 0.160784319
vb0[264]+000 TEXCOORD2: 0.619607866, 0.262745112, 0.474509805, 0.160784319
vb0[264]+000 TEXCOORD3: 0.619607866, 0.262745112, 0.474509805, 0.160784319
vb0[264]+000 TANGENT: 0.619607866, 0.262745112, 0.474509805, 0.160784319

vb0[265]+000 POSITION: 3.046875, -0.0869140625, -0.629394531, 1
vb0[265]+008 NORMAL: 0.149606302, -0.984251976, -0.0472440943, 0
vb0[265]+000 COLOR: 0.0941176489, 0.258823544, 0.564705908, 0.678431392
vb0[265]+000 TEXCOORD: 0.0941176489, 0.258823544, 0.564705908, 0.678431392
vb0[265]+000 TEXCOORD1: 0.0941176489, 0.258823544, 0.564705908, 0.678431392
vb0[265]+000 TEXCOORD2: 0.0941176489, 0.258823544, 0.564705908, 0.678431392
vb0[265]+000 TEXCOORD3: 0.0941176489, 0.258823544, 0.564705908, 0.678431392
vb0[265]+000 TANGENT: 0.0941176489, 0.258823544, 0.564705908, 0.678431392

vb0[266]+000 POSITION: 2.34179688, -0.20715332, -0.000438928604, 1
vb0[266]+008 NORMAL: 0.173228353, -0.984251976, -0.0236220472, 0
vb0[266]+000 COLOR: 0.686274529, 0.250980407, 0.631372571, 0.698039234
vb0[266]+000 TEXCOORD: 0.686274529, 0.250980407, 0.631372571, 0.698039234
vb0[266]+000 TEXCOORD1: 0.686274529, 0.250980407, 0.631372571, 0.698039234
vb0[266]+000 TEXCOORD2: 0.686274529, 0.250980407, 0.631372571, 0.698039234
vb0[266]+000 TEXCOORD3: 0.686274529, 0.250980407, 0.631372571, 0.698039234
vb0[266]+000 TANGENT: 0.686274529, 0.250980407, 0.631372571, 0.698039234

vb0[267]+000 POSITION: 2.28710938, -0.151245117, -0.962402344, 1
vb0[267]+008 NORMAL: 0.14173229, -0.984251976, -0.0708661452, 0
vb0[267]+000 COLOR: 0.576470613, 0.250980407, 0.843137264, 0.690196097
vb0[267]+000 TEXCOORD: 0.576470613, 0.250980407, 0.843137264, 0.690196097
vb0[267]+000 TEXCOORD1: 0.576470613, 0.250980407, 0.843137264, 0.690196097
vb0[267]+000 TEXCOORD2: 0.576470613, 0.250980407, 0.843137264, 0.690196097
vb0[267]+000 TEXCOORD3: 0.576470613, 0.250980407, 0.843137264, 0.690196097
vb0[267]+000 TANGENT: 0.576470613, 0.250980407, 0.843137264, 0.690196097

vb0[268]+000 POSITION: 1.60449219, -0.344482422, -0.172973633, 1
vb0[268]+008 NORMAL: 0.165354326, -0.968503952, -0.165354326, 0
vb0[268]+000 COLOR: 0.419607848, 0.243137255, 0.513725519, 0.709803939
vb0[268]+000 TEXCOORD: 0.419607848, 0.243137255, 0.513725519, 0.709803939
vb0[268]+000 TEXCOORD1: 0.419607848, 0.243137255, 0.513725519, 0.709803939
vb0[268]+000 TEXCOORD2: 0.419607848, 0.243137255, 0.513725519, 0.709803939
vb0[268]+000 TEXCOORD3: 0.419607848, 0.243137255, 0.513725519, 0.709803939
vb0[268]+000 TANGENT: 0.419607848, 0.243137255, 0.513725519, 0.709803939

vb0[269]+000 POSITION: 1.20117188, -0.243896484, -1.35253906, 1
vb0[269]+008 NORMAL: 0.0787401572, -0.992125988, -0.102362208, 0
vb0[269]+000 COLOR: 0.807843149, 0.235294119, 0.807843149, 0.701960802
vb0[269]+000 TEXCOORD: 0.807843149, 0.235294119, 0.807843149, 0.701960802
vb0[269]+000 TEXCOORD1: 0.807843149, 0.235294119, 0.807843149, 0.701960802
vb0[269]+000 TEXCOORD2: 0.807843149, 0.235294119, 0.807843149, 0.701960802
vb0[269]+000 TEXCOORD3: 0.807843149, 0.235294119, 0.807843149, 0.701960802
vb0[269]+000 TANGENT: 0.807843149, 0.235294119, 0.807843149, 0.701960802

vb0[270]+000 POSITION: 0.822265625, -0.321533203, -0.324707031, 1
vb0[270]+008 NORMAL: -0.0157480314, -0.984251976, -0.157480314, 0
vb0[270]+000 COLOR: 0.580392182, 0.227450982, 0.145098045, 0.709803939
vb0[270]+000 TEXCOORD: 0.580392182, 0.227450982, 0.145098045, 0.709803939
vb0[270]+000 TEXCOORD1: 0.580392182, 0.227450982, 0.145098045, 0.709803939
vb0[270]+000 TEXCOORD2: 0.580392182, 0.227450982, 0.145098045, 0.709803939
vb0[270]+000 TEXCOORD3: 0.580392182, 0.227450982, 0.145098045, 0.709803939
vb0[270]+000 TANGENT: 0.580392182, 0.227450982, 0.145098045, 0.709803939

vb0[271]+000 POSITION: 3.125, -0.0263214111, -1.23535156, 1
vb0[271]+008 NORMAL: 0.14173229, -0.992125988, -0.0629921257, 0
vb0[271]+000 COLOR: 0.250980407, 0.258823544, 0.741176486, 0.650980413
vb0[271]+000 TEXCOORD: 0.250980407, 0.258823544, 0.741176486, 0.650980413
vb0[271]+000 TEXCOORD1: 0.250980407, 0.258823544, 0.741176486, 0.650980413
vb0[271]+000 TEXCOORD2: 0.250980407, 0.258823544, 0.741176486, 0.650980413
vb0[271]+000 TEXCOORD3: 0.250980407, 0.258823544, 0.741176486, 0.650980413
vb0[271]+000 TANGENT: 0.250980407, 0.258823544, 0.741176486, 0.650980413

vb0[272]+000 POSITION: 2.43945313, -0.0953979492, -1.85351563, 1
vb0[272]+008 NORMAL: 0.157480314, -0.984251976, -0.0393700786, 0
vb0[272]+000 COLOR: 0.882352948, 0.250980407, 0.105882354, 0.68235296
vb0[272]+000 TEXCOORD: 0.882352948, 0.250980407, 0.105882354, 0.68235296
vb0[272]+000 TEXCOORD1: 0.882352948, 0.250980407, 0.105882354, 0.68235296
vb0[272]+000 TEXCOORD2: 0.882352948, 0.250980407, 0.105882354, 0.68235296
vb0[272]+000 TEXCOORD3: 0.882352948, 0.250980407, 0.105882354, 0.68235296
vb0[272]+000 TANGENT: 0.882352948, 0.250980407, 0.105882354, 0.68235296

vb0[273]+000 POSITION: 1.20117188, -0.243896484, -1.35253906, 1
vb0[273]+008 NORMAL: 0.0708661452, -1, -0.0393700786, 0
vb0[273]+000 COLOR: 0.807843149, 0.235294119, 0.807843149, 0.701960802
vb0[273]+000 TEXCOORD: 0.807843149, 0.235294119, 0.807843149, 0.701960802
vb0[273]+000 TEXCOORD1: 0.807843149, 0.235294119, 0.807843149, 0.701960802
vb0[273]+000 TEXCOORD2: 0.807843149, 0.235294119, 0.807843149, 0.701960802
vb0[273]+000 TEXCOORD3: 0.807843149, 0.235294119, 0.807843149, 0.701960802
vb0[273]+000 TANGENT: 0.807843149, 0.235294119, 0.807843149, 0.701960802

vb0[274]+000 POSITION: 2.12304688, -0.171508789, -2.89648438, 1
vb0[274]+008 NORMAL: 0.102362208, -0.992125988, 0.0157480314, 0
vb0[274]+000 COLOR: 0.247058824, 0.250980407, 0.490196079, 0.694117665
vb0[274]+000 TEXCOORD: 0.247058824, 0.250980407, 0.490196079, 0.694117665
vb0[274]+000 TEXCOORD1: 0.247058824, 0.250980407, 0.490196079, 0.694117665
vb0[274]+000 TEXCOORD2: 0.247058824, 0.250980407, 0.490196079, 0.694117665
vb0[274]+000 TEXCOORD3: 0.247058824, 0.250980407, 0.490196079, 0.694117665
vb0[274]+000 TANGENT: 0.247058824, 0.250980407, 0.490196079, 0.694117665

vb0[275]+000 POSITION: 0.781738281, -0.211303711, -2.75195313, 1
vb0[275]+008 NORMAL: 0.0236220472, -1, -0.0236220472, 0
vb0[275]+000 COLOR: 0.254901975, 0.227450982, 0.764705896, 0.698039234
vb0[275]+000 TEXCOORD: 0.254901975, 0.227450982, 0.764705896, 0.698039234
vb0[275]+000 TEXCOORD1: 0.254901975, 0.227450982, 0.764705896, 0.698039234
vb0[275]+000 TEXCOORD2: 0.254901975, 0.227450982, 0.764705896, 0.698039234
vb0[275]+000 TEXCOORD3: 0.254901975, 0.227450982, 0.764705896, 0.698039234
vb0[275]+000 TANGENT: 0.254901975, 0.227450982, 0.764705896, 0.698039234

vb0[276]+000 POSITION: -0.0505371094, -0.195678711, -3.68164063, 1
vb0[276]+008 NORMAL: 0.05511811, -1, -0.0314960629, 0
vb0[276]+000 COLOR: 0.470588237, 0.666666687, 0.262745112, 0.698039234
vb0[276]+000 TEXCOORD: 0.470588237, 0.666666687, 0.262745112, 0.698039234
vb0[276]+000 TEXCOORD1: 0.470588237, 0.666666687, 0.262745112, 0.698039234
vb0[276]+000 TEXCOORD2: 0.470588237, 0.666666687, 0.262745112, 0.698039234
vb0[276]+000 TEXCOORD3: 0.470588237, 0.666666687, 0.262745112, 0.698039234
vb0[276]+000 TANGENT: 0.470588237, 0.666666687, 0.262745112, 0.698039234

vb0[277]+000 POSITION: -0.621582031, -0.251464844, -2.67773438, 1
vb0[277]+008 NORMAL: 0.0393700786, -1, -0.0236220472, 0
vb0[277]+000 COLOR: 0.97647059, 0.721568644, 0.0235294122, 0.70588237
vb0[277]+000 TEXCOORD: 0.97647059, 0.721568644, 0.0235294122, 0.70588237
vb0[277]+000 TEXCOORD1: 0.97647059, 0.721568644, 0.0235294122, 0.70588237
vb0[277]+000 TEXCOORD2: 0.97647059, 0.721568644, 0.0235294122, 0.70588237
vb0[277]+000 TEXCOORD3: 0.97647059, 0.721568644, 0.0235294122, 0.70588237
vb0[277]+000 TANGENT: 0.97647059, 0.721568644, 0.0235294122, 0.70588237

vb0[278]+000 POSITION: 1.55859375, -0.166625977, -3.875, 1
vb0[278]+008 NORMAL: 0.00787401572, -1, -0.0708661452, 0
vb0[278]+000 COLOR: 0.235294119, 0.243137255, 0.333333343, 0.694117665
vb0[278]+000 TEXCOORD: 0.235294119, 0.243137255, 0.333333343, 0.694117665
vb0[278]+000 TEXCOORD1: 0.235294119, 0.243137255, 0.333333343, 0.694117665
vb0[278]+000 TEXCOORD2: 0.235294119, 0.243137255, 0.333333343, 0.694117665
vb0[278]+000 TEXCOORD3: 0.235294119, 0.243137255, 0.333333343, 0.694117665
vb0[278]+000 TANGENT: 0.235294119, 0.243137255, 0.333333343, 0.694117665

vb0[279]+000 POSITION: 2.265625, -0.154663086, -3.92773438, 1
vb0[279]+008 NORMAL: 0.267716527, -0.944881916, -0.196850389, 0
vb0[279]+000 COLOR: 0.533333361, 0.250980407, 0.952941179, 0.690196097
vb0[279]+000 TEXCOORD: 0.533333361, 0.250980407, 0.952941179, 0.690196097
vb0[279]+000 TEXCOORD1: 0.533333361, 0.250980407, 0.952941179, 0.690196097
vb0[279]+000 TEXCOORD2: 0.533333361, 0.250980407, 0.952941179, 0.690196097
vb0[279]+000 TEXCOORD3: 0.533333361, 0.250980407, 0.952941179, 0.690196097
vb0[279]+000 TANGENT: 0.533333361, 0.250980407, 0.952941179, 0.690196097

vb0[280]+000 POSITION: 1.46191406, -0.0362243652, -4.921875, 1
vb0[280]+008 NORMAL: 0.181102365, -0.929133832, -0.330708653, 0
vb0[280]+000 COLOR: 0.850980401, 0.239215687, 0.639215708, 0.65882355
vb0[280]+000 TEXCOORD: 0.850980401, 0.239215687, 0.639215708, 0.65882355
vb0[280]+000 TEXCOORD1: 0.850980401, 0.239215687, 0.639215708, 0.65882355
vb0[280]+000 TEXCOORD2: 0.850980401, 0.239215687, 0.639215708, 0.65882355
vb0[280]+000 TEXCOORD3: 0.850980401, 0.239215687, 0.639215708, 0.65882355
vb0[280]+000 TANGENT: 0.850980401, 0.239215687, 0.639215708, 0.65882355

vb0[281]+000 POSITION: 0.567871094, -0.0759277344, -5.02734375, 1
vb0[281]+008 NORMAL: 0.0629921257, -0.976377964, -0.22047244, 0
vb0[281]+000 COLOR: 0.545098066, 0.219607845, 0.862745106, 0.674509823
vb0[281]+000 TEXCOORD: 0.545098066, 0.219607845, 0.862745106, 0.674509823
vb0[281]+000 TEXCOORD1: 0.545098066, 0.219607845, 0.862745106, 0.674509823
vb0[281]+000 TEXCOORD2: 0.545098066, 0.219607845, 0.862745106, 0.674509823
vb0[281]+000 TEXCOORD3: 0.545098066, 0.219607845, 0.862745106, 0.674509823
vb0[281]+000 TANGENT: 0.545098066, 0.219607845, 0.862745106, 0.674509823

vb0[282]+000 POSITION: -0.895019531, -0.276611328, -1.828125, 1
vb0[282]+008 NORMAL: 0.0236220472, -1, -0.0236220472, 0
vb0[282]+000 COLOR: 0.160784319, 0.733333349, 0.427450985, 0.70588237
vb0[282]+000 TEXCOORD: 0.160784319, 0.733333349, 0.427450985, 0.70588237
vb0[282]+000 TEXCOORD1: 0.160784319, 0.733333349, 0.427450985, 0.70588237
vb0[282]+000 TEXCOORD2: 0.160784319, 0.733333349, 0.427450985, 0.70588237
vb0[282]+000 TEXCOORD3: 0.160784319, 0.733333349, 0.427450985, 0.70588237
vb0[282]+000 TANGENT: 0.160784319, 0.733333349, 0.427450985, 0.70588237

vb0[283]+000 POSITION: -1.28710938, -0.281005859, -2.6484375, 1
vb0[283]+008 NORMAL: -0.133858263, -0.992125988, -0.0629921257, 0
vb0[283]+000 COLOR: 0.149019614, 0.741176486, 0.498039216, 0.70588237
vb0[283]+000 TEXCOORD: 0.149019614, 0.741176486, 0.498039216, 0.70588237
vb0[283]+000 TEXCOORD1: 0.149019614, 0.741176486, 0.498039216, 0.70588237
vb0[283]+000 TEXCOORD2: 0.149019614, 0.741176486, 0.498039216, 0.70588237
vb0[283]+000 TEXCOORD3: 0.149019614, 0.741176486, 0.498039216, 0.70588237
vb0[283]+000 TANGENT: 0.149019614, 0.741176486, 0.498039216, 0.70588237

vb0[284]+000 POSITION: -1.52636719, -0.292724609, -1.91210938, 1
vb0[284]+008 NORMAL: -0.149606302, -0.984251976, -0.0787401572, 0
vb0[284]+000 COLOR: 0.105882354, 0.745098054, 0.686274529, 0.70588237
vb0[284]+000 TEXCOORD: 0.105882354, 0.745098054, 0.686274529, 0.70588237
vb0[284]+000 TEXCOORD1: 0.105882354, 0.745098054, 0.686274529, 0.70588237
vb0[284]+000 TEXCOORD2: 0.105882354, 0.745098054, 0.686274529, 0.70588237
vb0[284]+000 TEXCOORD3: 0.105882354, 0.745098054, 0.686274529, 0.70588237
vb0[284]+000 TANGENT: 0.105882354, 0.745098054, 0.686274529, 0.70588237

vb0[285]+000 POSITION: -1.85449219, -0.135742188, -2.20117188, 1
vb0[285]+008 NORMAL: -0.196850389, -0.976377964, -0.102362208, 0
vb0[285]+000 COLOR: 0.419607848, 0.749019623, 0.345098048, 0.690196097
vb0[285]+000 TEXCOORD: 0.419607848, 0.749019623, 0.345098048, 0.690196097
vb0[285]+000 TEXCOORD1: 0.419607848, 0.749019623, 0.345098048, 0.690196097
vb0[285]+000 TEXCOORD2: 0.419607848, 0.749019623, 0.345098048, 0.690196097
vb0[285]+000 TEXCOORD3: 0.419607848, 0.749019623, 0.345098048, 0.690196097
vb0[285]+000 TANGENT: 0.419607848, 0.749019623, 0.345098048, 0.690196097

vb0[286]+000 POSITION: -0.816894531, -0.236083984, -3.91601563, 1
vb0[286]+008 NORMAL: -0.0472440943, -1, -0.0708661452, 0
vb0[286]+000 COLOR: 0.53725493, 0.729411781, 0.556862772, 0.701960802
vb0[286]+000 TEXCOORD: 0.53725493, 0.729411781, 0.556862772, 0.701960802
vb0[286]+000 TEXCOORD1: 0.53725493, 0.729411781, 0.556862772, 0.701960802
vb0[286]+000 TEXCOORD2: 0.53725493, 0.729411781, 0.556862772, 0.701960802
vb0[286]+000 TEXCOORD3: 0.53725493, 0.729411781, 0.556862772, 0.701960802
vb0[286]+000 TANGENT: 0.53725493, 0.729411781, 0.556862772, 0.701960802

vb0[287]+000 POSITION: -1.30175781, -0.136352539, -4.16015625, 1
vb0[287]+008 NORMAL: -0.244094491, -0.952755928, -0.196850389, 0
vb0[287]+000 COLOR: 0.20784314, 0.741176486, 0.36470589, 0.690196097
vb0[287]+000 TEXCOORD: 0.20784314, 0.741176486, 0.36470589, 0.690196097
vb0[287]+000 TEXCOORD1: 0.20784314, 0.741176486, 0.36470589, 0.690196097
vb0[287]+000 TEXCOORD2: 0.20784314, 0.741176486, 0.36470589, 0.690196097
vb0[287]+000 TEXCOORD3: 0.20784314, 0.741176486, 0.36470589, 0.690196097
vb0[287]+000 TANGENT: 0.20784314, 0.741176486, 0.36470589, 0.690196097

vb0[288]+000 POSITION: -0.238647461, -0.169189453, -4.37890625, 1
vb0[288]+008 NORMAL: 0.0393700786, -1, -0.05511811, 0
vb0[288]+000 COLOR: 0.639215708, 0.701960802, 0.41568628, 0.694117665
vb0[288]+000 TEXCOORD: 0.639215708, 0.701960802, 0.41568628, 0.694117665
vb0[288]+000 TEXCOORD1: 0.639215708, 0.701960802, 0.41568628, 0.694117665
vb0[288]+000 TEXCOORD2: 0.639215708, 0.701960802, 0.41568628, 0.694117665
vb0[288]+000 TEXCOORD3: 0.639215708, 0.701960802, 0.41568628, 0.694117665
vb0[288]+000 TANGENT: 0.639215708, 0.701960802, 0.41568628, 0.694117665

vb0[289]+000 POSITION: -0.119140625, -0.151733398, -4.91015625, 1
vb0[289]+008 NORMAL: -0.0236220472, -0.968503952, -0.236220479, 0
vb0[289]+000 COLOR: 0.627451003, 0.686274529, 0.858823538, 0.690196097
vb0[289]+000 TEXCOORD: 0.627451003, 0.686274529, 0.858823538, 0.690196097
vb0[289]+000 TEXCOORD1: 0.627451003, 0.686274529, 0.858823538, 0.690196097
vb0[289]+000 TEXCOORD2: 0.627451003, 0.686274529, 0.858823538, 0.690196097
vb0[289]+000 TEXCOORD3: 0.627451003, 0.686274529, 0.858823538, 0.690196097
vb0[289]+000 TANGENT: 0.627451003, 0.686274529, 0.858823538, 0.690196097

vb0[290]+000 POSITION: -0.64453125, -0.146484375, -4.7109375, 1
vb0[290]+008 NORMAL: -0.157480314, -0.944881916, -0.275590539, 0
vb0[290]+000 COLOR: 0.156862751, 0.725490212, 0.690196097, 0.690196097
vb0[290]+000 TEXCOORD: 0.156862751, 0.725490212, 0.690196097, 0.690196097
vb0[290]+000 TEXCOORD1: 0.156862751, 0.725490212, 0.690196097, 0.690196097
vb0[290]+000 TEXCOORD2: 0.156862751, 0.725490212, 0.690196097, 0.690196097
vb0[290]+000 TEXCOORD3: 0.156862751, 0.725490212, 0.690196097, 0.690196097
vb0[290]+000 TANGENT: 0.156862751, 0.725490212, 0.690196097, 0.690196097

vb0[291]+000 POSITION: -0.59375, 0.108337402, -5.25390625, 1
vb0[291]+008 NORMAL: -0.133858263, -0.952755928, -0.275590539, 0
vb0[291]+000 COLOR: 0.752941191, 0.721568644, 0.937254906, 0.180392161
vb0[291]+000 TEXCOORD: 0.752941191, 0.721568644, 0.937254906, 0.180392161
vb0[291]+000 TEXCOORD1: 0.752941191, 0.721568644, 0.937254906, 0.180392161
vb0[291]+000 TEXCOORD2: 0.752941191, 0.721568644, 0.937254906, 0.180392161
vb0[291]+000 TEXCOORD3: 0.752941191, 0.721568644, 0.937254906, 0.180392161
vb0[291]+000 TANGENT: 0.752941191, 0.721568644, 0.937254906, 0.180392161

vb0[292]+000 POSITION: -2.02929688, -0.0151977539, -3.54101563, 1
vb0[292]+008 NORMAL: -0.102362208, -0.992125988, -0.0629921257, 0
vb0[292]+000 COLOR: 0.0588235296, 0.752941191, 0.784313738, 0.639215708
vb0[292]+000 TEXCOORD: 0.0588235296, 0.752941191, 0.784313738, 0.639215708
vb0[292]+000 TEXCOORD1: 0.0588235296, 0.752941191, 0.784313738, 0.639215708
vb0[292]+000 TEXCOORD2: 0.0588235296, 0.752941191, 0.784313738, 0.639215708
vb0[292]+000 TEXCOORD3: 0.0588235296, 0.752941191, 0.784313738, 0.639215708
vb0[292]+000 TANGENT: 0.0588235296, 0.752941191, 0.784313738, 0.639215708

vb0[293]+000 POSITION: -2.2421875, -0.0729980469, -2.7421875, 1
vb0[293]+008 NORMAL: -0.0944881886, -0.992125988, -0.0787401572, 0
vb0[293]+000 COLOR: 0.486274511, 0.752941191, 0.674509823, 0.674509823
vb0[293]+000 TEXCOORD: 0.486274511, 0.752941191, 0.674509823, 0.674509823
vb0[293]+000 TEXCOORD1: 0.486274511, 0.752941191, 0.674509823, 0.674509823
vb0[293]+000 TEXCOORD2: 0.486274511, 0.752941191, 0.674509823, 0.674509823
vb0[293]+000 TEXCOORD3: 0.486274511, 0.752941191, 0.674509823, 0.674509823
vb0[293]+000 TANGENT: 0.486274511, 0.752941191, 0.674509823, 0.674509823

vb0[294]+000 POSITION: -2.125, -0.197753906, -1.20703125, 1
vb0[294]+008 NORMAL: -0.157480314, -0.984251976, -0.0944881886, 0
vb0[294]+000 COLOR: 0.250980407, 0.752941191, 0.329411775, 0.698039234
vb0[294]+000 TEXCOORD: 0.250980407, 0.752941191, 0.329411775, 0.698039234
vb0[294]+000 TEXCOORD1: 0.250980407, 0.752941191, 0.329411775, 0.698039234
vb0[294]+000 TEXCOORD2: 0.250980407, 0.752941191, 0.329411775, 0.698039234
vb0[294]+000 TEXCOORD3: 0.250980407, 0.752941191, 0.329411775, 0.698039234
vb0[294]+000 TANGENT: 0.250980407, 0.752941191, 0.329411775, 0.698039234

vb0[295]+000 POSITION: -1.75878906, -0.314697266, -0.994628906, 1
vb0[295]+008 NORMAL: -0.11811024, -0.992125988, -0.0629921257, 0
vb0[295]+000 COLOR: 0.0352941193, 0.749019623, 0.0352941193, 0.709803939
vb0[295]+000 TEXCOORD: 0.0352941193, 0.749019623, 0.0352941193, 0.709803939
vb0[295]+000 TEXCOORD1: 0.0352941193, 0.749019623, 0.0352941193, 0.709803939
vb0[295]+000 TEXCOORD2: 0.0352941193, 0.749019623, 0.0352941193, 0.709803939
vb0[295]+000 TEXCOORD3: 0.0352941193, 0.749019623, 0.0352941193, 0.709803939
vb0[295]+000 TANGENT: 0.0352941193, 0.749019623, 0.0352941193, 0.709803939

vb0[296]+000 POSITION: -2.32617188, -0.243774414, -0.469238281, 1
vb0[296]+008 NORMAL: -0.330708653, -0.944881916, -0.0393700786, 0
vb0[296]+000 COLOR: 0.654901981, 0.752941191, 0.80392158, 0.701960802
vb0[296]+000 TEXCOORD: 0.654901981, 0.752941191, 0.80392158, 0.701960802
vb0[296]+000 TEXCOORD1: 0.654901981, 0.752941191, 0.80392158, 0.701960802
vb0[296]+000 TEXCOORD2: 0.654901981, 0.752941191, 0.80392158, 0.701960802
vb0[296]+000 TEXCOORD3: 0.654901981, 0.752941191, 0.80392158, 0.701960802
vb0[296]+000 TANGENT: 0.654901981, 0.752941191, 0.80392158, 0.701960802

vb0[297]+000 POSITION: -2.29296875, -0.177368164, -1.35351563, 1
vb0[297]+008 NORMAL: -0.102362208, -0.992125988, -0.0708661452, 0
vb0[297]+000 COLOR: 0.588235319, 0.752941191, 0.678431392, 0.694117665
vb0[297]+000 TEXCOORD: 0.588235319, 0.752941191, 0.678431392, 0.694117665
vb0[297]+000 TEXCOORD1: 0.588235319, 0.752941191, 0.678431392, 0.694117665
vb0[297]+000 TEXCOORD2: 0.588235319, 0.752941191, 0.678431392, 0.694117665
vb0[297]+000 TEXCOORD3: 0.588235319, 0.752941191, 0.678431392, 0.694117665
vb0[297]+000 TANGENT: 0.588235319, 0.752941191, 0.678431392, 0.694117665

vb0[298]+000 POSITION: -2.85742188, -0.0802612305, -1.27050781, 1
vb0[298]+008 NORMAL: -0.370078743, -0.92125982, 0.0944881886, 0
vb0[298]+000 COLOR: 0.717647076, 0.75686276, 0.137254909, 0.678431392
vb0[298]+000 TEXCOORD: 0.717647076, 0.75686276, 0.137254909, 0.678431392
vb0[298]+000 TEXCOORD1: 0.717647076, 0.75686276, 0.137254909, 0.678431392
vb0[298]+000 TEXCOORD2: 0.717647076, 0.75686276, 0.137254909, 0.678431392
vb0[298]+000 TEXCOORD3: 0.717647076, 0.75686276, 0.137254909, 0.678431392
vb0[298]+000 TANGENT: 0.717647076, 0.75686276, 0.137254909, 0.678431392

vb0[299]+000 POSITION: -2.859375, -0.0782470703, -1.88378906, 1
vb0[299]+008 NORMAL: -0.14173229, -0.992125988, -0.0393700786, 0
vb0[299]+000 COLOR: 0.721568644, 0.75686276, 0.00784313772, 0.678431392
vb0[299]+000 TEXCOORD: 0.721568644, 0.75686276, 0.00784313772, 0.678431392
vb0[299]+000 TEXCOORD1: 0.721568644, 0.75686276, 0.00784313772, 0.678431392
vb0[299]+000 TEXCOORD2: 0.721568644, 0.75686276, 0.00784313772, 0.678431392
vb0[299]+000 TEXCOORD3: 0.721568644, 0.75686276, 0.00784313772, 0.678431392
vb0[299]+000 TANGENT: 0.721568644, 0.75686276, 0.00784313772, 0.678431392

vb0[300]+000 POSITION: -1.86132813, -0.336914063, -0.376708984, 1
vb0[300]+008 NORMAL: -0.0866141766, -0.992125988, -0.0944881886, 0
vb0[300]+000 COLOR: 0.447058827, 0.749019623, 0.392156869, 0.709803939
vb0[300]+000 TEXCOORD: 0.447058827, 0.749019623, 0.392156869, 0.709803939
vb0[300]+000 TEXCOORD1: 0.447058827, 0.749019623, 0.392156869, 0.709803939
vb0[300]+000 TEXCOORD2: 0.447058827, 0.749019623, 0.392156869, 0.709803939
vb0[300]+000 TEXCOORD3: 0.447058827, 0.749019623, 0.392156869, 0.709803939
vb0[300]+000 TANGENT: 0.447058827, 0.749019623, 0.392156869, 0.709803939

vb0[301]+000 POSITION: -2.14648438, -0.394042969, 0.30078125, 1
vb0[301]+008 NORMAL: -0.346456707, -0.937007844, -0.0866141766, 0
vb0[301]+000 COLOR: 0.294117659, 0.752941191, 0.305882365, 0.713725507
vb0[301]+000 TEXCOORD: 0.294117659, 0.752941191, 0.305882365, 0.713725507
vb0[301]+000 TEXCOORD1: 0.294117659, 0.752941191, 0.305882365, 0.713725507
vb0[301]+000 TEXCOORD2: 0.294117659, 0.752941191, 0.305882365, 0.713725507
vb0[301]+000 TEXCOORD3: 0.294117659, 0.752941191, 0.305882365, 0.713725507
vb0[301]+000 TANGENT: 0.294117659, 0.752941191, 0.305882365, 0.713725507

vb0[302]+000 POSITION: -1.11621094, -0.318847656, -0.703613281, 1
vb0[302]+008 NORMAL: 0, -0.992125988, -0.0944881886, 0
vb0[302]+000 COLOR: 0.466666669, 0.737254918, 0.101960786, 0.709803939
vb0[302]+000 TEXCOORD: 0.466666669, 0.737254918, 0.101960786, 0.709803939
vb0[302]+000 TEXCOORD1: 0.466666669, 0.737254918, 0.101960786, 0.709803939
vb0[302]+000 TEXCOORD2: 0.466666669, 0.737254918, 0.101960786, 0.709803939
vb0[302]+000 TEXCOORD3: 0.466666669, 0.737254918, 0.101960786, 0.709803939
vb0[302]+000 TANGENT: 0.466666669, 0.737254918, 0.101960786, 0.709803939

vb0[303]+000 POSITION: -1.26269531, -0.436523438, 0.306152344, 1
vb0[303]+008 NORMAL: -0.0314960629, -0.984251976, -0.149606302, 0
vb0[303]+000 COLOR: 0.0509803928, 0.741176486, 0.988235295, 0.713725507
vb0[303]+000 TEXCOORD: 0.0509803928, 0.741176486, 0.988235295, 0.713725507
vb0[303]+000 TEXCOORD1: 0.0509803928, 0.741176486, 0.988235295, 0.713725507
vb0[303]+000 TEXCOORD2: 0.0509803928, 0.741176486, 0.988235295, 0.713725507
vb0[303]+000 TEXCOORD3: 0.0509803928, 0.741176486, 0.988235295, 0.713725507
vb0[303]+000 TANGENT: 0.0509803928, 0.741176486, 0.988235295, 0.713725507

vb0[304]+000 POSITION: -1.96875, -0.543945313, 1.0703125, 1
vb0[304]+008 NORMAL: -0.11811024, -0.984251976, -0.133858263, 0
vb0[304]+000 COLOR: 0.87843138, 0.749019623, 0.352941185, 0.721568644
vb0[304]+000 TEXCOORD: 0.87843138, 0.749019623, 0.352941185, 0.721568644
vb0[304]+000 TEXCOORD1: 0.87843138, 0.749019623, 0.352941185, 0.721568644
vb0[304]+000 TEXCOORD2: 0.87843138, 0.749019623, 0.352941185, 0.721568644
vb0[304]+000 TEXCOORD3: 0.87843138, 0.749019623, 0.352941185, 0.721568644
vb0[304]+000 TANGENT: 0.87843138, 0.749019623, 0.352941185, 0.721568644

vb0[305]+000 POSITION: -1.00292969, -0.544921875, 0.94140625, 1
vb0[305]+008 NORMAL: -0.0157480314, -0.992125988, -0.0944881886, 0
vb0[305]+000 COLOR: 0.0117647061, 0.737254918, 0.360784322, 0.721568644
vb0[305]+000 TEXCOORD: 0.0117647061, 0.737254918, 0.360784322, 0.721568644
vb0[305]+000 TEXCOORD1: 0.0117647061, 0.737254918, 0.360784322, 0.721568644
vb0[305]+000 TEXCOORD2: 0.0117647061, 0.737254918, 0.360784322, 0.721568644
vb0[305]+000 TEXCOORD3: 0.0117647061, 0.737254918, 0.360784322, 0.721568644
vb0[305]+000 TANGENT: 0.0117647061, 0.737254918, 0.360784322, 0.721568644

vb0[306]+000 POSITION: -2.84570313, -0.000677108765, -2.87890625, 1
vb0[306]+008 NORMAL: -0.102362208, -0.992125988, -0.0708661452, 0
vb0[306]+000 COLOR: 0.694117665, 0.75686276, 0.549019635, 0.568627477
vb0[306]+000 TEXCOORD: 0.694117665, 0.75686276, 0.549019635, 0.568627477
vb0[306]+000 TEXCOORD1: 0.694117665, 0.75686276, 0.549019635, 0.568627477
vb0[306]+000 TEXCOORD2: 0.694117665, 0.75686276, 0.549019635, 0.568627477
vb0[306]+000 TEXCOORD3: 0.694117665, 0.75686276, 0.549019635, 0.568627477
vb0[306]+000 TANGENT: 0.694117665, 0.75686276, 0.549019635, 0.568627477

vb0[307]+000 POSITION: -2.60351563, -0.00782775879, -3.82421875, 1
vb0[307]+008 NORMAL: -0.0944881886, -0.992125988, -0.0787401572, 0
vb0[307]+000 COLOR: 0.20784314, 0.75686276, 0.00784313772, 0.627451003
vb0[307]+000 TEXCOORD: 0.20784314, 0.75686276, 0.00784313772, 0.627451003
vb0[307]+000 TEXCOORD1: 0.20784314, 0.75686276, 0.00784313772, 0.627451003
vb0[307]+000 TEXCOORD2: 0.20784314, 0.75686276, 0.00784313772, 0.627451003
vb0[307]+000 TEXCOORD3: 0.20784314, 0.75686276, 0.00784313772, 0.627451003
vb0[307]+000 TANGENT: 0.20784314, 0.75686276, 0.00784313772, 0.627451003

vb0[308]+000 POSITION: -3.359375, 0.0994873047, -3.35546875, 1
vb0[308]+008 NORMAL: -0.173228353, -0.984251976, -0.0944881886, 0
vb0[308]+000 COLOR: 0.721568644, 0.760784328, 0.368627459, 0.180392161
vb0[308]+000 TEXCOORD: 0.721568644, 0.760784328, 0.368627459, 0.180392161
vb0[308]+000 TEXCOORD1: 0.721568644, 0.760784328, 0.368627459, 0.180392161
vb0[308]+000 TEXCOORD2: 0.721568644, 0.760784328, 0.368627459, 0.180392161
vb0[308]+000 TEXCOORD3: 0.721568644, 0.760784328, 0.368627459, 0.180392161
vb0[308]+000 TANGENT: 0.721568644, 0.760784328, 0.368627459, 0.180392161

vb0[309]+000 POSITION: -3.27734375, 0.203125, -4.29296875, 1
vb0[309]+008 NORMAL: -0.228346452, -0.968503952, -0.125984251, 0
vb0[309]+000 COLOR: 0.556862772, 0.760784328, 0.501960814, 0.196078435
vb0[309]+000 TEXCOORD: 0.556862772, 0.760784328, 0.501960814, 0.196078435
vb0[309]+000 TEXCOORD1: 0.556862772, 0.760784328, 0.501960814, 0.196078435
vb0[309]+000 TEXCOORD2: 0.556862772, 0.760784328, 0.501960814, 0.196078435
vb0[309]+000 TEXCOORD3: 0.556862772, 0.760784328, 0.501960814, 0.196078435
vb0[309]+000 TANGENT: 0.556862772, 0.760784328, 0.501960814, 0.196078435

vb0[310]+000 POSITION: -3.59570313, 0.221923828, -3.90234375, 1
vb0[310]+008 NORMAL: -0.464566916, -0.874015749, -0.14173229, 0
vb0[310]+000 COLOR: 0.192156866, 0.764705896, 0.101960786, 0.200000003
vb0[310]+000 TEXCOORD: 0.192156866, 0.764705896, 0.101960786, 0.200000003
vb0[310]+000 TEXCOORD1: 0.192156866, 0.764705896, 0.101960786, 0.200000003
vb0[310]+000 TEXCOORD2: 0.192156866, 0.764705896, 0.101960786, 0.200000003
vb0[310]+000 TEXCOORD3: 0.192156866, 0.764705896, 0.101960786, 0.200000003
vb0[310]+000 TANGENT: 0.192156866, 0.764705896, 0.101960786, 0.200000003

vb0[311]+000 POSITION: -3.66210938, 0.129150391, -3.1796875, 1
vb0[311]+008 NORMAL: -0.51968503, -0.850393713, -0.0708661452, 0
vb0[311]+000 COLOR: 0.325490206, 0.764705896, 0.13333334, 0.188235298
vb0[311]+000 TEXCOORD: 0.325490206, 0.764705896, 0.13333334, 0.188235298
vb0[311]+000 TEXCOORD1: 0.325490206, 0.764705896, 0.13333334, 0.188235298
vb0[311]+000 TEXCOORD2: 0.325490206, 0.764705896, 0.13333334, 0.188235298
vb0[311]+000 TEXCOORD3: 0.325490206, 0.764705896, 0.13333334, 0.188235298
vb0[311]+000 TANGENT: 0.325490206, 0.764705896, 0.13333334, 0.188235298

vb0[312]+000 POSITION: -2.51171875, 0.0948486328, -4.734375, 1
vb0[312]+008 NORMAL: -0.0866141766, -0.992125988, -0.0708661452, 0
vb0[312]+000 COLOR: 0.0235294122, 0.75686276, 0.0705882385, 0.180392161
vb0[312]+000 TEXCOORD: 0.0235294122, 0.75686276, 0.0705882385, 0.180392161
vb0[312]+000 TEXCOORD1: 0.0235294122, 0.75686276, 0.0705882385, 0.180392161
vb0[312]+000 TEXCOORD2: 0.0235294122, 0.75686276, 0.0705882385, 0.180392161
vb0[312]+000 TEXCOORD3: 0.0235294122, 0.75686276, 0.0705882385, 0.180392161
vb0[312]+000 TANGENT: 0.0235294122, 0.75686276, 0.0705882385, 0.180392161

vb0[313]+000 POSITION: -3.3203125, 0.00150299072, -1.99707031, 1
vb0[313]+008 NORMAL: -0.425196856, -0.897637784, 0.11023622, 0
vb0[313]+000 COLOR: 0.643137276, 0.760784328, 0.156862751, 0.0862745121
vb0[313]+000 TEXCOORD: 0.643137276, 0.760784328, 0.156862751, 0.0862745121
vb0[313]+000 TEXCOORD1: 0.643137276, 0.760784328, 0.156862751, 0.0862745121
vb0[313]+000 TEXCOORD2: 0.643137276, 0.760784328, 0.156862751, 0.0862745121
vb0[313]+000 TEXCOORD3: 0.643137276, 0.760784328, 0.156862751, 0.0862745121
vb0[313]+000 TANGENT: 0.643137276, 0.760784328, 0.156862751, 0.0862745121

vb0[314]+000 POSITION: -3.21289063, 0.0198974609, -2.66796875, 1
vb0[314]+008 NORMAL: -0.11811024, -0.992125988, -0.0787401572, 0
vb0[314]+000 COLOR: 0.427450985, 0.760784328, 0.0941176489, 0.145098045
vb0[314]+000 TEXCOORD: 0.427450985, 0.760784328, 0.0941176489, 0.145098045
vb0[314]+000 TEXCOORD1: 0.427450985, 0.760784328, 0.0941176489, 0.145098045
vb0[314]+000 TEXCOORD2: 0.427450985, 0.760784328, 0.0941176489, 0.145098045
vb0[314]+000 TEXCOORD3: 0.427450985, 0.760784328, 0.0941176489, 0.145098045
vb0[314]+000 TANGENT: 0.427450985, 0.760784328, 0.0941176489, 0.145098045

vb0[315]+000 POSITION: -3.546875, 0.0508422852, -2.49414063, 1
vb0[315]+008 NORMAL: -0.503937006, -0.866141737, 0.05511811, 0
vb0[315]+000 COLOR: 0.0941176489, 0.764705896, 0.509803951, 0.164705887
vb0[315]+000 TEXCOORD: 0.0941176489, 0.764705896, 0.509803951, 0.164705887
vb0[315]+000 TEXCOORD1: 0.0941176489, 0.764705896, 0.509803951, 0.164705887
vb0[315]+000 TEXCOORD2: 0.0941176489, 0.764705896, 0.509803951, 0.164705887
vb0[315]+000 TEXCOORD3: 0.0941176489, 0.764705896, 0.509803951, 0.164705887
vb0[315]+000 TANGENT: 0.0941176489, 0.764705896, 0.509803951, 0.164705887

vb0[316]+000 POSITION: -1.51757813, 0.032623291, -4.3984375, 1
vb0[316]+008 NORMAL: -0.157480314, -0.976377964, -0.165354326, 0
vb0[316]+000 COLOR: 0.0705882385, 0.745098054, 0.176470593, 0.156862751
vb0[316]+000 TEXCOORD: 0.0705882385, 0.745098054, 0.176470593, 0.156862751
vb0[316]+000 TEXCOORD1: 0.0705882385, 0.745098054, 0.176470593, 0.156862751
vb0[316]+000 TEXCOORD2: 0.0705882385, 0.745098054, 0.176470593, 0.156862751
vb0[316]+000 TEXCOORD3: 0.0705882385, 0.745098054, 0.176470593, 0.156862751
vb0[316]+000 TANGENT: 0.0705882385, 0.745098054, 0.176470593, 0.156862751

vb0[317]+000 POSITION: -1.94921875, 0.104919434, -5.0390625, 1
vb0[317]+008 NORMAL: -0.0157480314, -0.992125988, -0.0944881886, 0
vb0[317]+000 COLOR: 0.800000012, 0.749019623, 0.717647076, 0.180392161
vb0[317]+000 TEXCOORD: 0.800000012, 0.749019623, 0.717647076, 0.180392161
vb0[317]+000 TEXCOORD1: 0.800000012, 0.749019623, 0.717647076, 0.180392161
vb0[317]+000 TEXCOORD2: 0.800000012, 0.749019623, 0.717647076, 0.180392161
vb0[317]+000 TEXCOORD3: 0.800000012, 0.749019623, 0.717647076, 0.180392161
vb0[317]+000 TANGENT: 0.800000012, 0.749019623, 0.717647076, 0.180392161

vb0[318]+000 POSITION: -2.19726563, -0.568359375, 1.89746094, 1
vb0[318]+008 NORMAL: 0, -1, -0.0393700786, 0
vb0[318]+000 COLOR: 0.396078438, 0.752941191, 0.549019635, 0.721568644
vb0[318]+000 TEXCOORD: 0.396078438, 0.752941191, 0.549019635, 0.721568644
vb0[318]+000 TEXCOORD1: 0.396078438, 0.752941191, 0.549019635, 0.721568644
vb0[318]+000 TEXCOORD2: 0.396078438, 0.752941191, 0.549019635, 0.721568644
vb0[318]+000 TEXCOORD3: 0.396078438, 0.752941191, 0.549019635, 0.721568644
vb0[318]+000 TANGENT: 0.396078438, 0.752941191, 0.549019635, 0.721568644

vb0[319]+000 POSITION: -2.75976563, -0.575195313, 1.87011719, 1
vb0[319]+008 NORMAL: -0.338582665, -0.92125982, -0.173228353, 0
vb0[319]+000 COLOR: 0.521568656, 0.75686276, 0.603921592, 0.721568644
vb0[319]+000 TEXCOORD: 0.521568656, 0.75686276, 0.603921592, 0.721568644
vb0[319]+000 TEXCOORD1: 0.521568656, 0.75686276, 0.603921592, 0.721568644
vb0[319]+000 TEXCOORD2: 0.521568656, 0.75686276, 0.603921592, 0.721568644
vb0[319]+000 TEXCOORD3: 0.521568656, 0.75686276, 0.603921592, 0.721568644
vb0[319]+000 TANGENT: 0.521568656, 0.75686276, 0.603921592, 0.721568644

vb0[320]+000 POSITION: -2.62304688, -0.592773438, 2.76367188, 1
vb0[320]+008 NORMAL: -0.00787401572, -1, -0.0472440943, 0
vb0[320]+000 COLOR: 0.247058824, 0.75686276, 0.745098054, 0.721568644
vb0[320]+000 TEXCOORD: 0.247058824, 0.75686276, 0.745098054, 0.721568644
vb0[320]+000 TEXCOORD1: 0.247058824, 0.75686276, 0.745098054, 0.721568644
vb0[320]+000 TEXCOORD2: 0.247058824, 0.75686276, 0.745098054, 0.721568644
vb0[320]+000 TEXCOORD3: 0.247058824, 0.75686276, 0.745098054, 0.721568644
vb0[320]+000 TANGENT: 0.247058824, 0.75686276, 0.745098054, 0.721568644

vb0[321]+000 POSITION: -3.22460938, -0.605957031, 2.84570313, 1
vb0[321]+008 NORMAL: -0.527559042, -0.842519701, -0.0787401572, 0
vb0[321]+000 COLOR: 0.450980395, 0.760784328, 0.850980401, 0.721568644
vb0[321]+000 TEXCOORD: 0.450980395, 0.760784328, 0.850980401, 0.721568644
vb0[321]+000 TEXCOORD1: 0.450980395, 0.760784328, 0.850980401, 0.721568644
vb0[321]+000 TEXCOORD2: 0.450980395, 0.760784328, 0.850980401, 0.721568644
vb0[321]+000 TEXCOORD3: 0.450980395, 0.760784328, 0.850980401, 0.721568644
vb0[321]+000 TANGENT: 0.450980395, 0.760784328, 0.850980401, 0.721568644

vb0[322]+000 POSITION: -0.963378906, -0.617675781, 2.13476563, 1
vb0[322]+008 NORMAL: -0.0236220472, -1, -0.05511811, 0
vb0[322]+000 COLOR: 0.709803939, 0.733333349, 0.945098042, 0.721568644
vb0[322]+000 TEXCOORD: 0.709803939, 0.733333349, 0.945098042, 0.721568644
vb0[322]+000 TEXCOORD1: 0.709803939, 0.733333349, 0.945098042, 0.721568644
vb0[322]+000 TEXCOORD2: 0.709803939, 0.733333349, 0.945098042, 0.721568644
vb0[322]+000 TEXCOORD3: 0.709803939, 0.733333349, 0.945098042, 0.721568644
vb0[322]+000 TANGENT: 0.709803939, 0.733333349, 0.945098042, 0.721568644

vb0[323]+000 POSITION: -1.95898438, -0.609375, 2.5703125, 1
vb0[323]+008 NORMAL: -0.0314960629, -1, -0.05511811, 0
vb0[323]+000 COLOR: 0.839215696, 0.749019623, 0.87843138, 0.721568644
vb0[323]+000 TEXCOORD: 0.839215696, 0.749019623, 0.87843138, 0.721568644
vb0[323]+000 TEXCOORD1: 0.839215696, 0.749019623, 0.87843138, 0.721568644
vb0[323]+000 TEXCOORD2: 0.839215696, 0.749019623, 0.87843138, 0.721568644
vb0[323]+000 TEXCOORD3: 0.839215696, 0.749019623, 0.87843138, 0.721568644
vb0[323]+000 TANGENT: 0.839215696, 0.749019623, 0.87843138, 0.721568644

vb0[324]+000 POSITION: 0.810546875, -0.57421875, 1.00097656, 1
vb0[324]+008 NORMAL: -0.0314960629, -0.992125988, -0.14173229, 0
vb0[324]+000 COLOR: 0.486274511, 0.227450982, 0.596078455, 0.721568644
vb0[324]+000 TEXCOORD: 0.486274511, 0.227450982, 0.596078455, 0.721568644
vb0[324]+000 TEXCOORD1: 0.486274511, 0.227450982, 0.596078455, 0.721568644
vb0[324]+000 TEXCOORD2: 0.486274511, 0.227450982, 0.596078455, 0.721568644
vb0[324]+000 TEXCOORD3: 0.486274511, 0.227450982, 0.596078455, 0.721568644
vb0[324]+000 TANGENT: 0.486274511, 0.227450982, 0.596078455, 0.721568644

vb0[325]+000 POSITION: 0.555664063, -0.407714844, 0.168579102, 1
vb0[325]+008 NORMAL: -0.0472440943, -0.976377964, -0.196850389, 0
vb0[325]+000 COLOR: 0.447058827, 0.219607845, 0.525490224, 0.713725507
vb0[325]+000 TEXCOORD: 0.447058827, 0.219607845, 0.525490224, 0.713725507
vb0[325]+000 TEXCOORD1: 0.447058827, 0.219607845, 0.525490224, 0.713725507
vb0[325]+000 TEXCOORD2: 0.447058827, 0.219607845, 0.525490224, 0.713725507
vb0[325]+000 TEXCOORD3: 0.447058827, 0.219607845, 0.525490224, 0.713725507
vb0[325]+000 TANGENT: 0.447058827, 0.219607845, 0.525490224, 0.713725507

vb0[326]+000 POSITION: 1.03417969, -0.546386719, 0.569335938, 1
vb0[326]+008 NORMAL: -0.0787401572, -0.992125988, -0.11023622, 0
vb0[326]+000 COLOR: 0.137254909, 0.235294119, 0.372549027, 0.721568644
vb0[326]+000 TEXCOORD: 0.137254909, 0.235294119, 0.372549027, 0.721568644
vb0[326]+000 TEXCOORD1: 0.137254909, 0.235294119, 0.372549027, 0.721568644
vb0[326]+000 TEXCOORD2: 0.137254909, 0.235294119, 0.372549027, 0.721568644
vb0[326]+000 TEXCOORD3: 0.137254909, 0.235294119, 0.372549027, 0.721568644
vb0[326]+000 TANGENT: 0.137254909, 0.235294119, 0.372549027, 0.721568644

vb0[327]+000 POSITION: 1.20117188, -0.243896484, -1.35253906, 1
vb0[327]+008 NORMAL: 0.0157480314, -1, -0.0787401572, 0
vb0[327]+000 COLOR: 0.807843149, 0.235294119, 0.807843149, 0.701960802
vb0[327]+000 TEXCOORD: 0.807843149, 0.235294119, 0.807843149, 0.701960802
vb0[327]+000 TEXCOORD1: 0.807843149, 0.235294119, 0.807843149, 0.701960802
vb0[327]+000 TEXCOORD2: 0.807843149, 0.235294119, 0.807843149, 0.701960802
vb0[327]+000 TEXCOORD3: 0.807843149, 0.235294119, 0.807843149, 0.701960802
vb0[327]+000 TANGENT: 0.807843149, 0.235294119, 0.807843149, 0.701960802

vb0[328]+000 POSITION: 1.4765625, -0.671875, 1.87890625, 1
vb0[328]+008 NORMAL: -0.00787401572, -1, -0.05511811, 0
vb0[328]+000 COLOR: 0.909803927, 0.239215687, 0.376470596, 0.725490212
vb0[328]+000 TEXCOORD: 0.909803927, 0.239215687, 0.376470596, 0.725490212
vb0[328]+000 TEXCOORD1: 0.909803927, 0.239215687, 0.376470596, 0.725490212
vb0[328]+000 TEXCOORD2: 0.909803927, 0.239215687, 0.376470596, 0.725490212
vb0[328]+000 TEXCOORD3: 0.909803927, 0.239215687, 0.376470596, 0.725490212
vb0[328]+000 TANGENT: 0.909803927, 0.239215687, 0.376470596, 0.725490212

vb0[329]+000 POSITION: -0.814941406, -0.67578125, 3.06054688, 1
vb0[329]+008 NORMAL: -0.0314960629, -1, -0.0472440943, 0
vb0[329]+000 COLOR: 0.521568656, 0.729411781, 0.407843143, 0.725490212
vb0[329]+000 TEXCOORD: 0.521568656, 0.729411781, 0.407843143, 0.725490212
vb0[329]+000 TEXCOORD1: 0.521568656, 0.729411781, 0.407843143, 0.725490212
vb0[329]+000 TEXCOORD2: 0.521568656, 0.729411781, 0.407843143, 0.725490212
vb0[329]+000 TEXCOORD3: 0.521568656, 0.729411781, 0.407843143, 0.725490212
vb0[329]+000 TANGENT: 0.521568656, 0.729411781, 0.407843143, 0.725490212

vb0[330]+000 POSITION: 1.00097656, -0.723632813, 2.92382813, 1
vb0[330]+008 NORMAL: -0.0157480314, -1, -0.0314960629, 0
vb0[330]+000 COLOR: 0.00392156886, 0.235294119, 0.792156875, 0.725490212
vb0[330]+000 TEXCOORD: 0.00392156886, 0.235294119, 0.792156875, 0.725490212
vb0[330]+000 TEXCOORD1: 0.00392156886, 0.235294119, 0.792156875, 0.725490212
vb0[330]+000 TEXCOORD2: 0.00392156886, 0.235294119, 0.792156875, 0.725490212
vb0[330]+000 TEXCOORD3: 0.00392156886, 0.235294119, 0.792156875, 0.725490212
vb0[330]+000 TANGENT: 0.00392156886, 0.235294119, 0.792156875, 0.725490212

vb0[331]+000 POSITION: 1.72265625, -0.729003906, 2.87304688, 1
vb0[331]+008 NORMAL: -0.00787401572, -1, -0.0393700786, 0
vb0[331]+000 COLOR: 0.894117653, 0.243137255, 0.835294127, 0.725490212
vb0[331]+000 TEXCOORD: 0.894117653, 0.243137255, 0.835294127, 0.725490212
vb0[331]+000 TEXCOORD1: 0.894117653, 0.243137255, 0.835294127, 0.725490212
vb0[331]+000 TEXCOORD2: 0.894117653, 0.243137255, 0.835294127, 0.725490212
vb0[331]+000 TEXCOORD3: 0.894117653, 0.243137255, 0.835294127, 0.725490212
vb0[331]+000 TANGENT: 0.894117653, 0.243137255, 0.835294127, 0.725490212

vb0[332]+000 POSITION: 1.20214844, -0.732910156, 3.328125, 1
vb0[332]+008 NORMAL: -0.00787401572, -1, -0.0236220472, 0
vb0[332]+000 COLOR: 0.811764717, 0.235294119, 0.866666675, 0.725490212
vb0[332]+000 TEXCOORD: 0.811764717, 0.235294119, 0.866666675, 0.725490212
vb0[332]+000 TEXCOORD1: 0.811764717, 0.235294119, 0.866666675, 0.725490212
vb0[332]+000 TEXCOORD2: 0.811764717, 0.235294119, 0.866666675, 0.725490212
vb0[332]+000 TEXCOORD3: 0.811764717, 0.235294119, 0.866666675, 0.725490212
vb0[332]+000 TANGENT: 0.811764717, 0.235294119, 0.866666675, 0.725490212

vb0[333]+000 POSITION: 2.2890625, -0.684082031, 2.13867188, 1
vb0[333]+008 NORMAL: -0.0314960629, -1, -0.0629921257, 0
vb0[333]+000 COLOR: 0.580392182, 0.250980407, 0.474509805, 0.725490212
vb0[333]+000 TEXCOORD: 0.580392182, 0.250980407, 0.474509805, 0.725490212
vb0[333]+000 TEXCOORD1: 0.580392182, 0.250980407, 0.474509805, 0.725490212
vb0[333]+000 TEXCOORD2: 0.580392182, 0.250980407, 0.474509805, 0.725490212
vb0[333]+000 TEXCOORD3: 0.580392182, 0.250980407, 0.474509805, 0.725490212
vb0[333]+000 TANGENT: 0.580392182, 0.250980407, 0.474509805, 0.725490212

vb0[334]+000 POSITION: 2.40625, -0.6484375, 1.36523438, 1
vb0[334]+008 NORMAL: -0.0157480314, -0.992125988, -0.0866141766, 0
vb0[334]+000 COLOR: 0.815686285, 0.250980407, 0.188235298, 0.725490212
vb0[334]+000 TEXCOORD: 0.815686285, 0.250980407, 0.188235298, 0.725490212
vb0[334]+000 TEXCOORD1: 0.815686285, 0.250980407, 0.188235298, 0.725490212
vb0[334]+000 TEXCOORD2: 0.815686285, 0.250980407, 0.188235298, 0.725490212
vb0[334]+000 TEXCOORD3: 0.815686285, 0.250980407, 0.188235298, 0.725490212
vb0[334]+000 TANGENT: 0.815686285, 0.250980407, 0.188235298, 0.725490212

vb0[335]+000 POSITION: 1.81933594, -0.597167969, 1.04492188, 1
vb0[335]+008 NORMAL: -0.0236220472, -1, -0.0787401572, 0
vb0[335]+000 COLOR: 0.278431386, 0.247058824, 0.78039217, 0.721568644
vb0[335]+000 TEXCOORD: 0.278431386, 0.247058824, 0.78039217, 0.721568644
vb0[335]+000 TEXCOORD1: 0.278431386, 0.247058824, 0.78039217, 0.721568644
vb0[335]+000 TEXCOORD2: 0.278431386, 0.247058824, 0.78039217, 0.721568644
vb0[335]+000 TEXCOORD3: 0.278431386, 0.247058824, 0.78039217, 0.721568644
vb0[335]+000 TANGENT: 0.278431386, 0.247058824, 0.78039217, 0.721568644

vb0[336]+000 POSITION: 0.810546875, -0.57421875, 1.00097656, 1
vb0[336]+008 NORMAL: -0.0236220472, -0.992125988, -0.0866141766, 0
vb0[336]+000 COLOR: 0.486274511, 0.227450982, 0.596078455, 0.721568644
vb0[336]+000 TEXCOORD: 0.486274511, 0.227450982, 0.596078455, 0.721568644
vb0[336]+000 TEXCOORD1: 0.486274511, 0.227450982, 0.596078455, 0.721568644
vb0[336]+000 TEXCOORD2: 0.486274511, 0.227450982, 0.596078455, 0.721568644
vb0[336]+000 TEXCOORD3: 0.486274511, 0.227450982, 0.596078455, 0.721568644
vb0[336]+000 TANGENT: 0.486274511, 0.227450982, 0.596078455, 0.721568644

vb0[337]+000 POSITION: 0.461181641, -0.735839844, 3.60546875, 1
vb0[337]+008 NORMAL: -0.0157480314, -1, -0.0314960629, 0
vb0[337]+000 COLOR: 0.380392164, 0.215686277, 0.890196085, 0.725490212
vb0[337]+000 TEXCOORD: 0.380392164, 0.215686277, 0.890196085, 0.725490212
vb0[337]+000 TEXCOORD1: 0.380392164, 0.215686277, 0.890196085, 0.725490212
vb0[337]+000 TEXCOORD2: 0.380392164, 0.215686277, 0.890196085, 0.725490212
vb0[337]+000 TEXCOORD3: 0.380392164, 0.215686277, 0.890196085, 0.725490212
vb0[337]+000 TANGENT: 0.380392164, 0.215686277, 0.890196085, 0.725490212

vb0[338]+000 POSITION: -0.379394531, -0.723632813, 3.72460938, 1
vb0[338]+008 NORMAL: -0.0314960629, -1, -0.0393700786, 0
vb0[338]+000 COLOR: 0.0705882385, 0.713725507, 0.792156875, 0.725490212
vb0[338]+000 TEXCOORD: 0.0705882385, 0.713725507, 0.792156875, 0.725490212
vb0[338]+000 TEXCOORD1: 0.0705882385, 0.713725507, 0.792156875, 0.725490212
vb0[338]+000 TEXCOORD2: 0.0705882385, 0.713725507, 0.792156875, 0.725490212
vb0[338]+000 TEXCOORD3: 0.0705882385, 0.713725507, 0.792156875, 0.725490212
vb0[338]+000 TANGENT: 0.0705882385, 0.713725507, 0.792156875, 0.725490212

vb0[339]+000 POSITION: -1.14746094, -0.680664063, 3.5625, 1
vb0[339]+008 NORMAL: -0.0236220472, -1, -0.05511811, 0
vb0[339]+000 COLOR: 0.592156887, 0.737254918, 0.447058827, 0.725490212
vb0[339]+000 TEXCOORD: 0.592156887, 0.737254918, 0.447058827, 0.725490212
vb0[339]+000 TEXCOORD1: 0.592156887, 0.737254918, 0.447058827, 0.725490212
vb0[339]+000 TEXCOORD2: 0.592156887, 0.737254918, 0.447058827, 0.725490212
vb0[339]+000 TEXCOORD3: 0.592156887, 0.737254918, 0.447058827, 0.725490212
vb0[339]+000 TANGENT: 0.592156887, 0.737254918, 0.447058827, 0.725490212

vb0[340]+000 POSITION: -1.74511719, -0.650878906, 3.13085938, 1
vb0[340]+008 NORMAL: -0.0314960629, -1, -0.05511811, 0
vb0[340]+000 COLOR: 0.984313726, 0.745098054, 0.20784314, 0.725490212
vb0[340]+000 TEXCOORD: 0.984313726, 0.745098054, 0.20784314, 0.725490212
vb0[340]+000 TEXCOORD1: 0.984313726, 0.745098054, 0.20784314, 0.725490212
vb0[340]+000 TEXCOORD2: 0.984313726, 0.745098054, 0.20784314, 0.725490212
vb0[340]+000 TEXCOORD3: 0.984313726, 0.745098054, 0.20784314, 0.725490212
vb0[340]+000 TANGENT: 0.984313726, 0.745098054, 0.20784314, 0.725490212

vb0[341]+000 POSITION: -4.890625, 5.3046875, 5.65625, 1
vb0[341]+008 NORMAL: -0.92125982, -0.228346452, 0.299212605, 0
vb0[341]+000 COLOR: 0.894117653, 0.768627465, 0.305882365, 0.270588249
vb0[341]+000 TEXCOORD: 0.894117653, 0.768627465, 0.305882365, 0.270588249
vb0[341]+000 TEXCOORD1: 0.894117653, 0.768627465, 0.305882365, 0.270588249
vb0[341]+000 TEXCOORD2: 0.894117653, 0.768627465, 0.305882365, 0.270588249
vb0[341]+000 TEXCOORD3: 0.894117653, 0.768627465, 0.305882365, 0.270588249
vb0[341]+000 TANGENT: 0.894117653, 0.768627465, 0.305882365, 0.270588249

vb0[342]+000 POSITION: -4.14453125, 5.1328125, 6.26953125, 1
vb0[342]+008 NORMAL: -0.692913413, -0.0866141766, 0.716535449, 0
vb0[342]+000 COLOR: 0.145098045, 0.768627465, 0.13333334, 0.270588249
vb0[342]+000 TEXCOORD: 0.145098045, 0.768627465, 0.13333334, 0.270588249
vb0[342]+000 TEXCOORD1: 0.145098045, 0.768627465, 0.13333334, 0.270588249
vb0[342]+000 TEXCOORD2: 0.145098045, 0.768627465, 0.13333334, 0.270588249
vb0[342]+000 TEXCOORD3: 0.145098045, 0.768627465, 0.13333334, 0.270588249
vb0[342]+000 TANGENT: 0.145098045, 0.768627465, 0.13333334, 0.270588249

vb0[343]+000 POSITION: -4.9140625, 5.4375, 5.0234375, 1
vb0[343]+008 NORMAL: -0.968503952, -0.259842515, -0.0236220472, 0
vb0[343]+000 COLOR: 0.917647064, 0.768627465, 0.43921569, 0.270588249
vb0[343]+000 TEXCOORD: 0.917647064, 0.768627465, 0.43921569, 0.270588249
vb0[343]+000 TEXCOORD1: 0.917647064, 0.768627465, 0.43921569, 0.270588249
vb0[343]+000 TEXCOORD2: 0.917647064, 0.768627465, 0.43921569, 0.270588249
vb0[343]+000 TEXCOORD3: 0.917647064, 0.768627465, 0.43921569, 0.270588249
vb0[343]+000 TANGENT: 0.917647064, 0.768627465, 0.43921569, 0.270588249

vb0[344]+000 POSITION: 3.88867188, 4.140625, 6.6484375, 1
vb0[344]+008 NORMAL: 0.48031497, -0.275590539, 0.834645689, 0
vb0[344]+000 COLOR: 0.78039217, 0.262745112, 0.141176477, 0.266666681
vb0[344]+000 TEXCOORD: 0.78039217, 0.262745112, 0.141176477, 0.266666681
vb0[344]+000 TEXCOORD1: 0.78039217, 0.262745112, 0.141176477, 0.266666681
vb0[344]+000 TEXCOORD2: 0.78039217, 0.262745112, 0.141176477, 0.266666681
vb0[344]+000 TEXCOORD3: 0.78039217, 0.262745112, 0.141176477, 0.266666681
vb0[344]+000 TANGENT: 0.78039217, 0.262745112, 0.141176477, 0.266666681

vb0[345]+000 POSITION: 3.6953125, 2.90625, 6.21875, 1
vb0[345]+008 NORMAL: 0.338582665, -0.362204731, 0.866141737, 0
vb0[345]+000 COLOR: 0.392156869, 0.262745112, 0.815686285, 0.254901975
vb0[345]+000 TEXCOORD: 0.392156869, 0.262745112, 0.815686285, 0.254901975
vb0[345]+000 TEXCOORD1: 0.392156869, 0.262745112, 0.815686285, 0.254901975
vb0[345]+000 TEXCOORD2: 0.392156869, 0.262745112, 0.815686285, 0.254901975
vb0[345]+000 TEXCOORD3: 0.392156869, 0.262745112, 0.815686285, 0.254901975
vb0[345]+000 TANGENT: 0.392156869, 0.262745112, 0.815686285, 0.254901975

vb0[346]+000 POSITION: 4.46875, 3.17773438, 5.91015625, 1
vb0[346]+008 NORMAL: 0.811023593, -0.299212605, 0.503937006, 0
vb0[346]+000 COLOR: 0.470588237, 0.266666681, 0.356862754, 0.258823544
vb0[346]+000 TEXCOORD: 0.470588237, 0.266666681, 0.356862754, 0.258823544
vb0[346]+000 TEXCOORD1: 0.470588237, 0.266666681, 0.356862754, 0.258823544
vb0[346]+000 TEXCOORD2: 0.470588237, 0.266666681, 0.356862754, 0.258823544
vb0[346]+000 TEXCOORD3: 0.470588237, 0.266666681, 0.356862754, 0.258823544
vb0[346]+000 TANGENT: 0.470588237, 0.266666681, 0.356862754, 0.258823544

vb0[347]+000 POSITION: 3.13476563, 4.78125, 7.1484375, 1
vb0[347]+008 NORMAL: -0.05511811, -0.322834641, 0.944881916, 0
vb0[347]+000 COLOR: 0.270588249, 0.258823544, 0.784313738, 0.266666681
vb0[347]+000 TEXCOORD: 0.270588249, 0.258823544, 0.784313738, 0.266666681
vb0[347]+000 TEXCOORD1: 0.270588249, 0.258823544, 0.784313738, 0.266666681
vb0[347]+000 TEXCOORD2: 0.270588249, 0.258823544, 0.784313738, 0.266666681
vb0[347]+000 TEXCOORD3: 0.270588249, 0.258823544, 0.784313738, 0.266666681
vb0[347]+000 TANGENT: 0.270588249, 0.258823544, 0.784313738, 0.266666681

vb0[348]+000 POSITION: 4.59375, 6.34765625, 6.37109375, 1
vb0[348]+008 NORMAL: 0.866141737, -0.102362208, 0.488188982, 0
vb0[348]+000 COLOR: 0.596078455, 0.266666681, 0.349019617, 0.274509817
vb0[348]+000 TEXCOORD: 0.596078455, 0.266666681, 0.349019617, 0.274509817
vb0[348]+000 TEXCOORD1: 0.596078455, 0.266666681, 0.349019617, 0.274509817
vb0[348]+000 TEXCOORD2: 0.596078455, 0.266666681, 0.349019617, 0.274509817
vb0[348]+000 TEXCOORD3: 0.596078455, 0.266666681, 0.349019617, 0.274509817
vb0[348]+000 TANGENT: 0.596078455, 0.266666681, 0.349019617, 0.274509817

vb0[349]+000 POSITION: 4.94921875, 4.890625, 4.99609375, 1
vb0[349]+008 NORMAL: 0.976377964, -0.149606302, 0.149606302, 0
vb0[349]+000 COLOR: 0.952941179, 0.266666681, 0.894117653, 0.266666681
vb0[349]+000 TEXCOORD: 0.952941179, 0.266666681, 0.894117653, 0.266666681
vb0[349]+000 TEXCOORD1: 0.952941179, 0.266666681, 0.894117653, 0.266666681
vb0[349]+000 TEXCOORD2: 0.952941179, 0.266666681, 0.894117653, 0.266666681
vb0[349]+000 TEXCOORD3: 0.952941179, 0.266666681, 0.894117653, 0.266666681
vb0[349]+000 TANGENT: 0.952941179, 0.266666681, 0.894117653, 0.266666681

vb0[350]+000 POSITION: 4.5859375, 3.2734375, 4.21484375, 1
vb0[350]+008 NORMAL: 0.968503952, -0.244094491, 0.0472440943, 0
vb0[350]+000 COLOR: 0.588235319, 0.266666681, 0.549019635, 0.258823544
vb0[350]+000 TEXCOORD: 0.588235319, 0.266666681, 0.549019635, 0.258823544
vb0[350]+000 TEXCOORD1: 0.588235319, 0.266666681, 0.549019635, 0.258823544
vb0[350]+000 TEXCOORD2: 0.588235319, 0.266666681, 0.549019635, 0.258823544
vb0[350]+000 TEXCOORD3: 0.588235319, 0.266666681, 0.549019635, 0.258823544
vb0[350]+000 TANGENT: 0.588235319, 0.266666681, 0.549019635, 0.258823544

vb0[351]+000 POSITION: 4.703125, 3.59179688, 3.10546875, 1
vb0[351]+008 NORMAL: 0.968503952, -0.188976377, -0.14173229, 0
vb0[351]+000 COLOR: 0.70588237, 0.266666681, 0.184313729, 0.262745112
vb0[351]+000 TEXCOORD: 0.70588237, 0.266666681, 0.184313729, 0.262745112
vb0[351]+000 TEXCOORD1: 0.70588237, 0.266666681, 0.184313729, 0.262745112
vb0[351]+000 TEXCOORD2: 0.70588237, 0.266666681, 0.184313729, 0.262745112
vb0[351]+000 TEXCOORD3: 0.70588237, 0.266666681, 0.184313729, 0.262745112
vb0[351]+000 TANGENT: 0.70588237, 0.266666681, 0.184313729, 0.262745112

vb0[352]+000 POSITION: 4.9296875, 5.63671875, 3.06835938, 1
vb0[352]+008 NORMAL: 0.968503952, -0.102362208, -0.22047244, 0
vb0[352]+000 COLOR: 0.933333337, 0.266666681, 0.639215708, 0.270588249
vb0[352]+000 TEXCOORD: 0.933333337, 0.266666681, 0.639215708, 0.270588249
vb0[352]+000 TEXCOORD1: 0.933333337, 0.266666681, 0.639215708, 0.270588249
vb0[352]+000 TEXCOORD2: 0.933333337, 0.266666681, 0.639215708, 0.270588249
vb0[352]+000 TEXCOORD3: 0.933333337, 0.266666681, 0.639215708, 0.270588249
vb0[352]+000 TANGENT: 0.933333337, 0.266666681, 0.639215708, 0.270588249

vb0[353]+000 POSITION: 4.3828125, 3.45507813, 2.14453125, 1
vb0[353]+008 NORMAL: 0.984251976, -0.102362208, 0.149606302, 0
vb0[353]+000 COLOR: 0.384313732, 0.266666681, 0.913725495, 0.258823544
vb0[353]+000 TEXCOORD: 0.384313732, 0.266666681, 0.913725495, 0.258823544
vb0[353]+000 TEXCOORD1: 0.384313732, 0.266666681, 0.913725495, 0.258823544
vb0[353]+000 TEXCOORD2: 0.384313732, 0.266666681, 0.913725495, 0.258823544
vb0[353]+000 TEXCOORD3: 0.384313732, 0.266666681, 0.913725495, 0.258823544
vb0[353]+000 TANGENT: 0.384313732, 0.266666681, 0.913725495, 0.258823544

vb0[354]+000 POSITION: 4.3828125, 5.5546875, 1.69140625, 1
vb0[354]+008 NORMAL: 1, 0.0787401572, -0.00787401572, 0
vb0[354]+000 COLOR: 0.384313732, 0.266666681, 0.556862772, 0.270588249
vb0[354]+000 TEXCOORD: 0.384313732, 0.266666681, 0.556862772, 0.270588249
vb0[354]+000 TEXCOORD1: 0.384313732, 0.266666681, 0.556862772, 0.270588249
vb0[354]+000 TEXCOORD2: 0.384313732, 0.266666681, 0.556862772, 0.270588249
vb0[354]+000 TEXCOORD3: 0.384313732, 0.266666681, 0.556862772, 0.270588249
vb0[354]+000 TANGENT: 0.384313732, 0.266666681, 0.556862772, 0.270588249

vb0[355]+000 POSITION: 2.13867188, 5.37109375, 7.09375, 1
vb0[355]+008 NORMAL: -0.299212605, -0.307086617, 0.905511796, 0
vb0[355]+000 COLOR: 0.278431386, 0.250980407, 0.372549027, 0.270588249
vb0[355]+000 TEXCOORD: 0.278431386, 0.250980407, 0.372549027, 0.270588249
vb0[355]+000 TEXCOORD1: 0.278431386, 0.250980407, 0.372549027, 0.270588249
vb0[355]+000 TEXCOORD2: 0.278431386, 0.250980407, 0.372549027, 0.270588249
vb0[355]+000 TEXCOORD3: 0.278431386, 0.250980407, 0.372549027, 0.270588249
vb0[355]+000 TANGENT: 0.278431386, 0.250980407, 0.372549027, 0.270588249

vb0[356]+000 POSITION: 3.02539063, -0.0764160156, 0.638183594, 1
vb0[356]+008 NORMAL: 0.314960629, -0.929133832, -0.204724416, 0
vb0[356]+000 COLOR: 0.0509803928, 0.258823544, 0.894117653, 0.674509823
vb0[356]+000 TEXCOORD: 0.0509803928, 0.258823544, 0.894117653, 0.674509823
vb0[356]+000 TEXCOORD1: 0.0509803928, 0.258823544, 0.894117653, 0.674509823
vb0[356]+000 TEXCOORD2: 0.0509803928, 0.258823544, 0.894117653, 0.674509823
vb0[356]+000 TEXCOORD3: 0.0509803928, 0.258823544, 0.894117653, 0.674509823
vb0[356]+000 TANGENT: 0.0509803928, 0.258823544, 0.894117653, 0.674509823

vb0[357]+000 POSITION: 3.39453125, -0.0400695801, 1.57128906, 1
vb0[357]+008 NORMAL: 0.811023593, -0.590551198, -0.0157480314, 0
vb0[357]+000 COLOR: 0.792156875, 0.258823544, 0.129411772, 0.662745118
vb0[357]+000 TEXCOORD: 0.792156875, 0.258823544, 0.129411772, 0.662745118
vb0[357]+000 TEXCOORD1: 0.792156875, 0.258823544, 0.129411772, 0.662745118
vb0[357]+000 TEXCOORD2: 0.792156875, 0.258823544, 0.129411772, 0.662745118
vb0[357]+000 TEXCOORD3: 0.792156875, 0.258823544, 0.129411772, 0.662745118
vb0[357]+000 TANGENT: 0.792156875, 0.258823544, 0.129411772, 0.662745118

vb0[358]+000 POSITION: 2.83203125, -0.607421875, 1.04101563, 1
vb0[358]+008 NORMAL: 0.433070868, -0.834645689, -0.346456707, 0
vb0[358]+000 COLOR: 0.666666687, 0.254901975, 0.862745106, 0.721568644
vb0[358]+000 TEXCOORD: 0.666666687, 0.254901975, 0.862745106, 0.721568644
vb0[358]+000 TEXCOORD1: 0.666666687, 0.254901975, 0.862745106, 0.721568644
vb0[358]+000 TEXCOORD2: 0.666666687, 0.254901975, 0.862745106, 0.721568644
vb0[358]+000 TEXCOORD3: 0.666666687, 0.254901975, 0.862745106, 0.721568644
vb0[358]+000 TANGENT: 0.666666687, 0.254901975, 0.862745106, 0.721568644

vb0[359]+000 POSITION: 2.17578125, -0.237304688, 0.327880859, 1
vb0[359]+008 NORMAL: 0.299212605, -0.88188976, -0.362204731, 0
vb0[359]+000 COLOR: 0.352941185, 0.250980407, 0.596078455, 0.701960802
vb0[359]+000 TEXCOORD: 0.352941185, 0.250980407, 0.596078455, 0.701960802
vb0[359]+000 TEXCOORD1: 0.352941185, 0.250980407, 0.596078455, 0.701960802
vb0[359]+000 TEXCOORD2: 0.352941185, 0.250980407, 0.596078455, 0.701960802
vb0[359]+000 TEXCOORD3: 0.352941185, 0.250980407, 0.596078455, 0.701960802
vb0[359]+000 TANGENT: 0.352941185, 0.250980407, 0.596078455, 0.701960802

vb0[360]+000 POSITION: 2.08007813, -0.577148438, 0.584472656, 1
vb0[360]+008 NORMAL: 0.188976377, -0.88188976, -0.425196856, 0
vb0[360]+000 COLOR: 0.160784319, 0.250980407, 0.619607866, 0.721568644
vb0[360]+000 TEXCOORD: 0.160784319, 0.250980407, 0.619607866, 0.721568644
vb0[360]+000 TEXCOORD1: 0.160784319, 0.250980407, 0.619607866, 0.721568644
vb0[360]+000 TEXCOORD2: 0.160784319, 0.250980407, 0.619607866, 0.721568644
vb0[360]+000 TEXCOORD3: 0.160784319, 0.250980407, 0.619607866, 0.721568644
vb0[360]+000 TANGENT: 0.160784319, 0.250980407, 0.619607866, 0.721568644

vb0[361]+000 POSITION: 3.39453125, -0.385253906, 2.03515625, 1
vb0[361]+008 NORMAL: 0.779527545, -0.622047246, -0.05511811, 0
vb0[361]+000 COLOR: 0.792156875, 0.258823544, 0.164705887, 0.713725507
vb0[361]+000 TEXCOORD: 0.792156875, 0.258823544, 0.164705887, 0.713725507
vb0[361]+000 TEXCOORD1: 0.792156875, 0.258823544, 0.164705887, 0.713725507
vb0[361]+000 TEXCOORD2: 0.792156875, 0.258823544, 0.164705887, 0.713725507
vb0[361]+000 TEXCOORD3: 0.792156875, 0.258823544, 0.164705887, 0.713725507
vb0[361]+000 TANGENT: 0.792156875, 0.258823544, 0.164705887, 0.713725507

vb0[362]+000 POSITION: 2.34179688, -0.20715332, -0.000438928604, 1
vb0[362]+008 NORMAL: 0.173228353, -0.984251976, -0.0236220472, 0
vb0[362]+000 COLOR: 0.686274529, 0.250980407, 0.631372571, 0.698039234
vb0[362]+000 TEXCOORD: 0.686274529, 0.250980407, 0.631372571, 0.698039234
vb0[362]+000 TEXCOORD1: 0.686274529, 0.250980407, 0.631372571, 0.698039234
vb0[362]+000 TEXCOORD2: 0.686274529, 0.250980407, 0.631372571, 0.698039234
vb0[362]+000 TEXCOORD3: 0.686274529, 0.250980407, 0.631372571, 0.698039234
vb0[362]+000 TANGENT: 0.686274529, 0.250980407, 0.631372571, 0.698039234

vb0[363]+000 POSITION: 1.60449219, -0.344482422, -0.172973633, 1
vb0[363]+008 NORMAL: 0.165354326, -0.968503952, -0.165354326, 0
vb0[363]+000 COLOR: 0.419607848, 0.243137255, 0.513725519, 0.709803939
vb0[363]+000 TEXCOORD: 0.419607848, 0.243137255, 0.513725519, 0.709803939
vb0[363]+000 TEXCOORD1: 0.419607848, 0.243137255, 0.513725519, 0.709803939
vb0[363]+000 TEXCOORD2: 0.419607848, 0.243137255, 0.513725519, 0.709803939
vb0[363]+000 TEXCOORD3: 0.419607848, 0.243137255, 0.513725519, 0.709803939
vb0[363]+000 TANGENT: 0.419607848, 0.243137255, 0.513725519, 0.709803939

vb0[364]+000 POSITION: 1.328125, -0.546386719, 0.230834961, 1
vb0[364]+008 NORMAL: 0.0393700786, -0.968503952, -0.244094491, 0
vb0[364]+000 COLOR: 0.313725501, 0.239215687, 0.372549027, 0.721568644
vb0[364]+000 TEXCOORD: 0.313725501, 0.239215687, 0.372549027, 0.721568644
vb0[364]+000 TEXCOORD1: 0.313725501, 0.239215687, 0.372549027, 0.721568644
vb0[364]+000 TEXCOORD2: 0.313725501, 0.239215687, 0.372549027, 0.721568644
vb0[364]+000 TEXCOORD3: 0.313725501, 0.239215687, 0.372549027, 0.721568644
vb0[364]+000 TANGENT: 0.313725501, 0.239215687, 0.372549027, 0.721568644

vb0[365]+000 POSITION: 3.19726563, -0.065246582, 0.282470703, 1
vb0[365]+008 NORMAL: 0.11811024, -0.992125988, 0, 0
vb0[365]+000 COLOR: 0.396078438, 0.258823544, 0.176470593, 0.674509823
vb0[365]+000 TEXCOORD: 0.396078438, 0.258823544, 0.176470593, 0.674509823
vb0[365]+000 TEXCOORD1: 0.396078438, 0.258823544, 0.176470593, 0.674509823
vb0[365]+000 TEXCOORD2: 0.396078438, 0.258823544, 0.176470593, 0.674509823
vb0[365]+000 TEXCOORD3: 0.396078438, 0.258823544, 0.176470593, 0.674509823
vb0[365]+000 TANGENT: 0.396078438, 0.258823544, 0.176470593, 0.674509823

vb0[366]+000 POSITION: 2.87304688, -0.725097656, 1.99121094, 1
vb0[366]+008 NORMAL: 0.291338593, -0.96062994, 0, 0
vb0[366]+000 COLOR: 0.749019623, 0.254901975, 0.80392158, 0.725490212
vb0[366]+000 TEXCOORD: 0.749019623, 0.254901975, 0.80392158, 0.725490212
vb0[366]+000 TEXCOORD1: 0.749019623, 0.254901975, 0.80392158, 0.725490212
vb0[366]+000 TEXCOORD2: 0.749019623, 0.254901975, 0.80392158, 0.725490212
vb0[366]+000 TEXCOORD3: 0.749019623, 0.254901975, 0.80392158, 0.725490212
vb0[366]+000 TANGENT: 0.749019623, 0.254901975, 0.80392158, 0.725490212

vb0[367]+000 POSITION: 2.40625, -0.6484375, 1.36523438, 1
vb0[367]+008 NORMAL: -0.0157480314, -0.992125988, -0.0866141766, 0
vb0[367]+000 COLOR: 0.815686285, 0.250980407, 0.188235298, 0.725490212
vb0[367]+000 TEXCOORD: 0.815686285, 0.250980407, 0.188235298, 0.725490212
vb0[367]+000 TEXCOORD1: 0.815686285, 0.250980407, 0.188235298, 0.725490212
vb0[367]+000 TEXCOORD2: 0.815686285, 0.250980407, 0.188235298, 0.725490212
vb0[367]+000 TEXCOORD3: 0.815686285, 0.250980407, 0.188235298, 0.725490212
vb0[367]+000 TANGENT: 0.815686285, 0.250980407, 0.188235298, 0.725490212

vb0[368]+000 POSITION: 1.81933594, -0.597167969, 1.04492188, 1
vb0[368]+008 NORMAL: -0.0236220472, -1, -0.0787401572, 0
vb0[368]+000 COLOR: 0.278431386, 0.247058824, 0.78039217, 0.721568644
vb0[368]+000 TEXCOORD: 0.278431386, 0.247058824, 0.78039217, 0.721568644
vb0[368]+000 TEXCOORD1: 0.278431386, 0.247058824, 0.78039217, 0.721568644
vb0[368]+000 TEXCOORD2: 0.278431386, 0.247058824, 0.78039217, 0.721568644
vb0[368]+000 TEXCOORD3: 0.278431386, 0.247058824, 0.78039217, 0.721568644
vb0[368]+000 TANGENT: 0.278431386, 0.247058824, 0.78039217, 0.721568644

vb0[369]+000 POSITION: 3.46679688, -0.0387878418, 1.07617188, 1
vb0[369]+008 NORMAL: 0.0708661452, -1, 0.00787401572, 0
vb0[369]+000 COLOR: 0.937254906, 0.258823544, 0.968627453, 0.65882355
vb0[369]+000 TEXCOORD: 0.937254906, 0.258823544, 0.968627453, 0.65882355
vb0[369]+000 TEXCOORD1: 0.937254906, 0.258823544, 0.968627453, 0.65882355
vb0[369]+000 TEXCOORD2: 0.937254906, 0.258823544, 0.968627453, 0.65882355
vb0[369]+000 TEXCOORD3: 0.937254906, 0.258823544, 0.968627453, 0.65882355
vb0[369]+000 TANGENT: 0.937254906, 0.258823544, 0.968627453, 0.65882355

vb0[370]+000 POSITION: 0.822265625, -0.321533203, -0.324707031, 1
vb0[370]+008 NORMAL: -0.0157480314, -0.984251976, -0.157480314, 0
vb0[370]+000 COLOR: 0.580392182, 0.227450982, 0.145098045, 0.709803939
vb0[370]+000 TEXCOORD: 0.580392182, 0.227450982, 0.145098045, 0.709803939
vb0[370]+000 TEXCOORD1: 0.580392182, 0.227450982, 0.145098045, 0.709803939
vb0[370]+000 TEXCOORD2: 0.580392182, 0.227450982, 0.145098045, 0.709803939
vb0[370]+000 TEXCOORD3: 0.580392182, 0.227450982, 0.145098045, 0.709803939
vb0[370]+000 TANGENT: 0.580392182, 0.227450982, 0.145098045, 0.709803939

vb0[371]+000 POSITION: 0.555664063, -0.407714844, 0.168579102, 1
vb0[371]+008 NORMAL: -0.0472440943, -0.976377964, -0.196850389, 0
vb0[371]+000 COLOR: 0.447058827, 0.219607845, 0.525490224, 0.713725507
vb0[371]+000 TEXCOORD: 0.447058827, 0.219607845, 0.525490224, 0.713725507
vb0[371]+000 TEXCOORD1: 0.447058827, 0.219607845, 0.525490224, 0.713725507
vb0[371]+000 TEXCOORD2: 0.447058827, 0.219607845, 0.525490224, 0.713725507
vb0[371]+000 TEXCOORD3: 0.447058827, 0.219607845, 0.525490224, 0.713725507
vb0[371]+000 TANGENT: 0.447058827, 0.219607845, 0.525490224, 0.713725507

vb0[372]+000 POSITION: 1.03417969, -0.546386719, 0.569335938, 1
vb0[372]+008 NORMAL: -0.0787401572, -0.992125988, -0.11023622, 0
vb0[372]+000 COLOR: 0.137254909, 0.235294119, 0.372549027, 0.721568644
vb0[372]+000 TEXCOORD: 0.137254909, 0.235294119, 0.372549027, 0.721568644
vb0[372]+000 TEXCOORD1: 0.137254909, 0.235294119, 0.372549027, 0.721568644
vb0[372]+000 TEXCOORD2: 0.137254909, 0.235294119, 0.372549027, 0.721568644
vb0[372]+000 TEXCOORD3: 0.137254909, 0.235294119, 0.372549027, 0.721568644
vb0[372]+000 TANGENT: 0.137254909, 0.235294119, 0.372549027, 0.721568644

vb0[373]+000 POSITION: 2.2890625, -0.684082031, 2.13867188, 1
vb0[373]+008 NORMAL: -0.0314960629, -1, -0.0629921257, 0
vb0[373]+000 COLOR: 0.580392182, 0.250980407, 0.474509805, 0.725490212
vb0[373]+000 TEXCOORD: 0.580392182, 0.250980407, 0.474509805, 0.725490212
vb0[373]+000 TEXCOORD1: 0.580392182, 0.250980407, 0.474509805, 0.725490212
vb0[373]+000 TEXCOORD2: 0.580392182, 0.250980407, 0.474509805, 0.725490212
vb0[373]+000 TEXCOORD3: 0.580392182, 0.250980407, 0.474509805, 0.725490212
vb0[373]+000 TANGENT: 0.580392182, 0.250980407, 0.474509805, 0.725490212

vb0[374]+000 POSITION: -3.84960938, 0.201904297, 1.27148438, 1
vb0[374]+008 NORMAL: -0.0157480314, -1, -0.0708661452, 0
vb0[374]+000 COLOR: 0.701960802, 0.764705896, 0.4627451, 0.196078435
vb0[374]+000 TEXCOORD: 0.701960802, 0.764705896, 0.4627451, 0.196078435
vb0[374]+000 TEXCOORD1: 0.701960802, 0.764705896, 0.4627451, 0.196078435
vb0[374]+000 TEXCOORD2: 0.701960802, 0.764705896, 0.4627451, 0.196078435
vb0[374]+000 TEXCOORD3: 0.701960802, 0.764705896, 0.4627451, 0.196078435
vb0[374]+000 TANGENT: 0.701960802, 0.764705896, 0.4627451, 0.196078435

vb0[375]+000 POSITION: -3.8984375, 0.246337891, 0.748046875, 1
vb0[375]+008 NORMAL: -0.212598428, -0.968503952, 0.133858263, 0
vb0[375]+000 COLOR: 0.800000012, 0.764705896, 0.886274517, 0.200000003
vb0[375]+000 TEXCOORD: 0.800000012, 0.764705896, 0.886274517, 0.200000003
vb0[375]+000 TEXCOORD1: 0.800000012, 0.764705896, 0.886274517, 0.200000003
vb0[375]+000 TEXCOORD2: 0.800000012, 0.764705896, 0.886274517, 0.200000003
vb0[375]+000 TEXCOORD3: 0.800000012, 0.764705896, 0.886274517, 0.200000003
vb0[375]+000 TANGENT: 0.800000012, 0.764705896, 0.886274517, 0.200000003

vb0[376]+000 POSITION: -3.61914063, 0.218139648, 0.979980469, 1
vb0[376]+008 NORMAL: -0.22047244, -0.968503952, 0.125984251, 0
vb0[376]+000 COLOR: 0.239215687, 0.764705896, 0.984313726, 0.196078435
vb0[376]+000 TEXCOORD: 0.239215687, 0.764705896, 0.984313726, 0.196078435
vb0[376]+000 TEXCOORD1: 0.239215687, 0.764705896, 0.984313726, 0.196078435
vb0[376]+000 TEXCOORD2: 0.239215687, 0.764705896, 0.984313726, 0.196078435
vb0[376]+000 TEXCOORD3: 0.239215687, 0.764705896, 0.984313726, 0.196078435
vb0[376]+000 TANGENT: 0.239215687, 0.764705896, 0.984313726, 0.196078435

vb0[377]+000 POSITION: -4.27734375, 0.240966797, 1.02636719, 1
vb0[377]+008 NORMAL: -0.0393700786, -0.992125988, -0.0866141766, 0
vb0[377]+000 COLOR: 0.278431386, 0.768627465, 0.713725507, 0.200000003
vb0[377]+000 TEXCOORD: 0.278431386, 0.768627465, 0.713725507, 0.200000003
vb0[377]+000 TEXCOORD1: 0.278431386, 0.768627465, 0.713725507, 0.200000003
vb0[377]+000 TEXCOORD2: 0.278431386, 0.768627465, 0.713725507, 0.200000003
vb0[377]+000 TEXCOORD3: 0.278431386, 0.768627465, 0.713725507, 0.200000003
vb0[377]+000 TANGENT: 0.278431386, 0.768627465, 0.713725507, 0.200000003

vb0[378]+000 POSITION: -4.140625, 0.148803711, 1.92089844, 1
vb0[378]+008 NORMAL: -0.0157480314, -0.992125988, -0.0944881886, 0
vb0[378]+000 COLOR: 0.141176477, 0.768627465, 0.764705896, 0.188235298
vb0[378]+000 TEXCOORD: 0.141176477, 0.768627465, 0.764705896, 0.188235298
vb0[378]+000 TEXCOORD1: 0.141176477, 0.768627465, 0.764705896, 0.188235298
vb0[378]+000 TEXCOORD2: 0.141176477, 0.768627465, 0.764705896, 0.188235298
vb0[378]+000 TEXCOORD3: 0.141176477, 0.768627465, 0.764705896, 0.188235298
vb0[378]+000 TANGENT: 0.141176477, 0.768627465, 0.764705896, 0.188235298

vb0[379]+000 POSITION: -4.70703125, 0.208984375, 1.4609375, 1
vb0[379]+008 NORMAL: -0.0314960629, -0.992125988, -0.102362208, 0
vb0[379]+000 COLOR: 0.709803939, 0.768627465, 0.690196097, 0.196078435
vb0[379]+000 TEXCOORD: 0.709803939, 0.768627465, 0.690196097, 0.196078435
vb0[379]+000 TEXCOORD1: 0.709803939, 0.768627465, 0.690196097, 0.196078435
vb0[379]+000 TEXCOORD2: 0.709803939, 0.768627465, 0.690196097, 0.196078435
vb0[379]+000 TEXCOORD3: 0.709803939, 0.768627465, 0.690196097, 0.196078435
vb0[379]+000 TANGENT: 0.709803939, 0.768627465, 0.690196097, 0.196078435

vb0[380]+000 POSITION: -4.90625, 0.177124023, 1.8515625, 1
vb0[380]+008 NORMAL: -0.0314960629, -0.992125988, -0.0944881886, 0
vb0[380]+000 COLOR: 0.909803927, 0.768627465, 0.670588255, 0.192156866
vb0[380]+000 TEXCOORD: 0.909803927, 0.768627465, 0.670588255, 0.192156866
vb0[380]+000 TEXCOORD1: 0.909803927, 0.768627465, 0.670588255, 0.192156866
vb0[380]+000 TEXCOORD2: 0.909803927, 0.768627465, 0.670588255, 0.192156866
vb0[380]+000 TEXCOORD3: 0.909803927, 0.768627465, 0.670588255, 0.192156866
vb0[380]+000 TANGENT: 0.909803927, 0.768627465, 0.670588255, 0.192156866

vb0[381]+000 POSITION: -4.671875, 0.130615234, 2.2734375, 1
vb0[381]+008 NORMAL: -0.0393700786, -0.992125988, -0.0866141766, 0
vb0[381]+000 COLOR: 0.674509823, 0.768627465, 0.180392161, 0.188235298
vb0[381]+000 TEXCOORD: 0.674509823, 0.768627465, 0.180392161, 0.188235298
vb0[381]+000 TEXCOORD1: 0.674509823, 0.768627465, 0.180392161, 0.188235298
vb0[381]+000 TEXCOORD2: 0.674509823, 0.768627465, 0.180392161, 0.188235298
vb0[381]+000 TEXCOORD3: 0.674509823, 0.768627465, 0.180392161, 0.188235298
vb0[381]+000 TANGENT: 0.674509823, 0.768627465, 0.180392161, 0.188235298

vb0[382]+000 POSITION: -4.2890625, 0.0848388672, 2.60742188, 1
vb0[382]+008 NORMAL: -0.0314960629, -0.992125988, -0.0866141766, 0
vb0[382]+000 COLOR: 0.290196091, 0.768627465, 0.431372553, 0.176470593
vb0[382]+000 TEXCOORD: 0.290196091, 0.768627465, 0.431372553, 0.176470593
vb0[382]+000 TEXCOORD1: 0.290196091, 0.768627465, 0.431372553, 0.176470593
vb0[382]+000 TEXCOORD2: 0.290196091, 0.768627465, 0.431372553, 0.176470593
vb0[382]+000 TEXCOORD3: 0.290196091, 0.768627465, 0.431372553, 0.176470593
vb0[382]+000 TANGENT: 0.290196091, 0.768627465, 0.431372553, 0.176470593

vb0[383]+000 POSITION: -3.79101563, 0.0933837891, 2.43164063, 1
vb0[383]+008 NORMAL: -0.0157480314, -0.992125988, -0.0944881886, 0
vb0[383]+000 COLOR: 0.58431375, 0.764705896, 0.980392158, 0.176470593
vb0[383]+000 TEXCOORD: 0.58431375, 0.764705896, 0.980392158, 0.176470593
vb0[383]+000 TEXCOORD1: 0.58431375, 0.764705896, 0.980392158, 0.176470593
vb0[383]+000 TEXCOORD2: 0.58431375, 0.764705896, 0.980392158, 0.176470593
vb0[383]+000 TEXCOORD3: 0.58431375, 0.764705896, 0.980392158, 0.176470593
vb0[383]+000 TANGENT: 0.58431375, 0.764705896, 0.980392158, 0.176470593

vb0[384]+000 POSITION: -3.56054688, 0.180175781, 1.70117188, 1
vb0[384]+008 NORMAL: -0.0236220472, -0.992125988, -0.102362208, 0
vb0[384]+000 COLOR: 0.121568628, 0.764705896, 0.768627465, 0.192156866
vb0[384]+000 TEXCOORD: 0.121568628, 0.764705896, 0.768627465, 0.192156866
vb0[384]+000 TEXCOORD1: 0.121568628, 0.764705896, 0.768627465, 0.192156866
vb0[384]+000 TEXCOORD2: 0.121568628, 0.764705896, 0.768627465, 0.192156866
vb0[384]+000 TEXCOORD3: 0.121568628, 0.764705896, 0.768627465, 0.192156866
vb0[384]+000 TANGENT: 0.121568628, 0.764705896, 0.768627465, 0.192156866

vb0[385]+000 POSITION: -3.53320313, 0.0981445313, 2.3046875, 1
vb0[385]+008 NORMAL: -0.393700778, -0.905511796, -0.165354326, 0
vb0[385]+000 COLOR: 0.0666666701, 0.764705896, 0.282352954, 0.180392161
vb0[385]+000 TEXCOORD: 0.0666666701, 0.764705896, 0.282352954, 0.180392161
vb0[385]+000 TEXCOORD1: 0.0666666701, 0.764705896, 0.282352954, 0.180392161
vb0[385]+000 TEXCOORD2: 0.0666666701, 0.764705896, 0.282352954, 0.180392161
vb0[385]+000 TEXCOORD3: 0.0666666701, 0.764705896, 0.282352954, 0.180392161
vb0[385]+000 TANGENT: 0.0666666701, 0.764705896, 0.282352954, 0.180392161

vb0[386]+000 POSITION: -3.32421875, 0.193603516, 1.47558594, 1
vb0[386]+008 NORMAL: -0.464566916, -0.88188976, -0.0787401572, 0
vb0[386]+000 COLOR: 0.650980413, 0.760784328, 0.196078435, 0.196078435
vb0[386]+000 TEXCOORD: 0.650980413, 0.760784328, 0.196078435, 0.196078435
vb0[386]+000 TEXCOORD1: 0.650980413, 0.760784328, 0.196078435, 0.196078435
vb0[386]+000 TEXCOORD2: 0.650980413, 0.760784328, 0.196078435, 0.196078435
vb0[386]+000 TEXCOORD3: 0.650980413, 0.760784328, 0.196078435, 0.196078435
vb0[386]+000 TANGENT: 0.650980413, 0.760784328, 0.196078435, 0.196078435

vb0[387]+000 POSITION: -3.22070313, -0.181396484, 2.140625, 1
vb0[387]+008 NORMAL: -0.740157485, -0.614173234, -0.259842515, 0
vb0[387]+000 COLOR: 0.443137258, 0.760784328, 0.807843149, 0.694117665
vb0[387]+000 TEXCOORD: 0.443137258, 0.760784328, 0.807843149, 0.694117665
vb0[387]+000 TEXCOORD1: 0.443137258, 0.760784328, 0.807843149, 0.694117665
vb0[387]+000 TEXCOORD2: 0.443137258, 0.760784328, 0.807843149, 0.694117665
vb0[387]+000 TEXCOORD3: 0.443137258, 0.760784328, 0.807843149, 0.694117665
vb0[387]+000 TANGENT: 0.443137258, 0.760784328, 0.807843149, 0.694117665

vb0[388]+000 POSITION: -2.75976563, -0.575195313, 1.87011719, 1
vb0[388]+008 NORMAL: -0.338582665, -0.92125982, -0.173228353, 0
vb0[388]+000 COLOR: 0.521568656, 0.75686276, 0.603921592, 0.721568644
vb0[388]+000 TEXCOORD: 0.521568656, 0.75686276, 0.603921592, 0.721568644
vb0[388]+000 TEXCOORD1: 0.521568656, 0.75686276, 0.603921592, 0.721568644
vb0[388]+000 TEXCOORD2: 0.521568656, 0.75686276, 0.603921592, 0.721568644
vb0[388]+000 TEXCOORD3: 0.521568656, 0.75686276, 0.603921592, 0.721568644
vb0[388]+000 TANGENT: 0.521568656, 0.75686276, 0.603921592, 0.721568644

vb0[389]+000 POSITION: -3.22460938, -0.605957031, 2.84570313, 1
vb0[389]+008 NORMAL: -0.527559042, -0.842519701, -0.0787401572, 0
vb0[389]+000 COLOR: 0.450980395, 0.760784328, 0.850980401, 0.721568644
vb0[389]+000 TEXCOORD: 0.450980395, 0.760784328, 0.850980401, 0.721568644
vb0[389]+000 TEXCOORD1: 0.450980395, 0.760784328, 0.850980401, 0.721568644
vb0[389]+000 TEXCOORD2: 0.450980395, 0.760784328, 0.850980401, 0.721568644
vb0[389]+000 TEXCOORD3: 0.450980395, 0.760784328, 0.850980401, 0.721568644
vb0[389]+000 TANGENT: 0.450980395, 0.760784328, 0.850980401, 0.721568644

vb0[390]+000 POSITION: -2.87695313, -0.413085938, 1.62402344, 1
vb0[390]+008 NORMAL: -0.566929162, -0.787401557, -0.236220479, 0
vb0[390]+000 COLOR: 0.75686276, 0.75686276, 0.611764729, 0.713725507
vb0[390]+000 TEXCOORD: 0.75686276, 0.75686276, 0.611764729, 0.713725507
vb0[390]+000 TEXCOORD1: 0.75686276, 0.75686276, 0.611764729, 0.713725507
vb0[390]+000 TEXCOORD2: 0.75686276, 0.75686276, 0.611764729, 0.713725507
vb0[390]+000 TEXCOORD3: 0.75686276, 0.75686276, 0.611764729, 0.713725507
vb0[390]+000 TANGENT: 0.75686276, 0.75686276, 0.611764729, 0.713725507

vb0[391]+000 POSITION: -2.36523438, -0.382080078, 0.935058594, 1
vb0[391]+008 NORMAL: -0.291338593, -0.929133832, -0.22047244, 0
vb0[391]+000 COLOR: 0.733333349, 0.752941191, 0.113725491, 0.713725507
vb0[391]+000 TEXCOORD: 0.733333349, 0.752941191, 0.113725491, 0.713725507
vb0[391]+000 TEXCOORD1: 0.733333349, 0.752941191, 0.113725491, 0.713725507
vb0[391]+000 TEXCOORD2: 0.733333349, 0.752941191, 0.113725491, 0.713725507
vb0[391]+000 TEXCOORD3: 0.733333349, 0.752941191, 0.113725491, 0.713725507
vb0[391]+000 TANGENT: 0.733333349, 0.752941191, 0.113725491, 0.713725507

vb0[392]+000 POSITION: -1.96875, -0.543945313, 1.0703125, 1
vb0[392]+008 NORMAL: -0.11811024, -0.984251976, -0.133858263, 0
vb0[392]+000 COLOR: 0.87843138, 0.749019623, 0.352941185, 0.721568644
vb0[392]+000 TEXCOORD: 0.87843138, 0.749019623, 0.352941185, 0.721568644
vb0[392]+000 TEXCOORD1: 0.87843138, 0.749019623, 0.352941185, 0.721568644
vb0[392]+000 TEXCOORD2: 0.87843138, 0.749019623, 0.352941185, 0.721568644
vb0[392]+000 TEXCOORD3: 0.87843138, 0.749019623, 0.352941185, 0.721568644
vb0[392]+000 TANGENT: 0.87843138, 0.749019623, 0.352941185, 0.721568644

vb0[393]+000 POSITION: -2.21484375, -0.349853516, 0.429931641, 1
vb0[393]+008 NORMAL: -0.448818892, -0.889763772, -0.0866141766, 0
vb0[393]+000 COLOR: 0.431372553, 0.752941191, 0.600000024, 0.709803939
vb0[393]+000 TEXCOORD: 0.431372553, 0.752941191, 0.600000024, 0.709803939
vb0[393]+000 TEXCOORD1: 0.431372553, 0.752941191, 0.600000024, 0.709803939
vb0[393]+000 TEXCOORD2: 0.431372553, 0.752941191, 0.600000024, 0.709803939
vb0[393]+000 TEXCOORD3: 0.431372553, 0.752941191, 0.600000024, 0.709803939
vb0[393]+000 TANGENT: 0.431372553, 0.752941191, 0.600000024, 0.709803939

vb0[394]+000 POSITION: -2.40820313, -0.296875, 0.520507813, 1
vb0[394]+008 NORMAL: -0.314960629, -0.937007844, -0.14173229, 0
vb0[394]+000 COLOR: 0.819607854, 0.752941191, 0.752941191, 0.70588237
vb0[394]+000 TEXCOORD: 0.819607854, 0.752941191, 0.752941191, 0.70588237
vb0[394]+000 TEXCOORD1: 0.819607854, 0.752941191, 0.752941191, 0.70588237
vb0[394]+000 TEXCOORD2: 0.819607854, 0.752941191, 0.752941191, 0.70588237
vb0[394]+000 TEXCOORD3: 0.819607854, 0.752941191, 0.752941191, 0.70588237
vb0[394]+000 TANGENT: 0.819607854, 0.752941191, 0.752941191, 0.70588237

vb0[395]+000 POSITION: -2.72851563, -0.119628906, -0.163452148, 1
vb0[395]+008 NORMAL: -0.173228353, -0.976377964, -0.14173229, 0
vb0[395]+000 COLOR: 0.458823532, 0.75686276, 0.65882355, 0.686274529
vb0[395]+000 TEXCOORD: 0.458823532, 0.75686276, 0.65882355, 0.686274529
vb0[395]+000 TEXCOORD1: 0.458823532, 0.75686276, 0.65882355, 0.686274529
vb0[395]+000 TEXCOORD2: 0.458823532, 0.75686276, 0.65882355, 0.686274529
vb0[395]+000 TEXCOORD3: 0.458823532, 0.75686276, 0.65882355, 0.686274529
vb0[395]+000 TANGENT: 0.458823532, 0.75686276, 0.65882355, 0.686274529

vb0[396]+000 POSITION: -3.02929688, -0.110961914, 0.708007813, 1
vb0[396]+008 NORMAL: -0.370078743, -0.929133832, -0.00787401572, 0
vb0[396]+000 COLOR: 0.0588235296, 0.760784328, 0.101960786, 0.686274529
vb0[396]+000 TEXCOORD: 0.0588235296, 0.760784328, 0.101960786, 0.686274529
vb0[396]+000 TEXCOORD1: 0.0588235296, 0.760784328, 0.101960786, 0.686274529
vb0[396]+000 TEXCOORD2: 0.0588235296, 0.760784328, 0.101960786, 0.686274529
vb0[396]+000 TEXCOORD3: 0.0588235296, 0.760784328, 0.101960786, 0.686274529
vb0[396]+000 TANGENT: 0.0588235296, 0.760784328, 0.101960786, 0.686274529

vb0[397]+000 POSITION: -2.97851563, -0.272705078, 1.41894531, 1
vb0[397]+008 NORMAL: -0.669291317, -0.716535449, -0.188976377, 0
vb0[397]+000 COLOR: 0.960784316, 0.75686276, 0.36470589, 0.70588237
vb0[397]+000 TEXCOORD: 0.960784316, 0.75686276, 0.36470589, 0.70588237
vb0[397]+000 TEXCOORD1: 0.960784316, 0.75686276, 0.36470589, 0.70588237
vb0[397]+000 TEXCOORD2: 0.960784316, 0.75686276, 0.36470589, 0.70588237
vb0[397]+000 TEXCOORD3: 0.960784316, 0.75686276, 0.36470589, 0.70588237
vb0[397]+000 TANGENT: 0.960784316, 0.75686276, 0.36470589, 0.70588237

vb0[398]+000 POSITION: -2.70507813, -0.285888672, 0.922363281, 1
vb0[398]+008 NORMAL: -0.322834641, -0.92125982, -0.212598428, 0
vb0[398]+000 COLOR: 0.411764711, 0.75686276, 0.576470613, 0.70588237
vb0[398]+000 TEXCOORD: 0.411764711, 0.75686276, 0.576470613, 0.70588237
vb0[398]+000 TEXCOORD1: 0.411764711, 0.75686276, 0.576470613, 0.70588237
vb0[398]+000 TEXCOORD2: 0.411764711, 0.75686276, 0.576470613, 0.70588237
vb0[398]+000 TEXCOORD3: 0.411764711, 0.75686276, 0.576470613, 0.70588237
vb0[398]+000 TANGENT: 0.411764711, 0.75686276, 0.576470613, 0.70588237

vb0[399]+000 POSITION: -3.45117188, -0.0540466309, -0.137207031, 1
vb0[399]+008 NORMAL: -0.133858263, -0.984251976, -0.102362208, 0
vb0[399]+000 COLOR: 0.905882359, 0.760784328, 0.921568632, 0.666666687
vb0[399]+000 TEXCOORD: 0.905882359, 0.760784328, 0.921568632, 0.666666687
vb0[399]+000 TEXCOORD1: 0.905882359, 0.760784328, 0.921568632, 0.666666687
vb0[399]+000 TEXCOORD2: 0.905882359, 0.760784328, 0.921568632, 0.666666687
vb0[399]+000 TEXCOORD3: 0.905882359, 0.760784328, 0.921568632, 0.666666687
vb0[399]+000 TANGENT: 0.905882359, 0.760784328, 0.921568632, 0.666666687

vb0[400]+000 POSITION: -3.32421875, 0.193603516, 1.47558594, 1
vb0[400]+008 NORMAL: -0.464566916, -0.88188976, -0.0787401572, 0
vb0[400]+000 COLOR: 0.650980413, 0.760784328, 0.196078435, 0.196078435
vb0[400]+000 TEXCOORD: 0.650980413, 0.760784328, 0.196078435, 0.196078435
vb0[400]+000 TEXCOORD1: 0.650980413, 0.760784328, 0.196078435, 0.196078435
vb0[400]+000 TEXCOORD2: 0.650980413, 0.760784328, 0.196078435, 0.196078435
vb0[400]+000 TEXCOORD3: 0.650980413, 0.760784328, 0.196078435, 0.196078435
vb0[400]+000 TANGENT: 0.650980413, 0.760784328, 0.196078435, 0.196078435

vb0[401]+000 POSITION: -3.61914063, 0.218139648, 0.979980469, 1
vb0[401]+008 NORMAL: -0.22047244, -0.968503952, 0.125984251, 0
vb0[401]+000 COLOR: 0.239215687, 0.764705896, 0.984313726, 0.196078435
vb0[401]+000 TEXCOORD: 0.239215687, 0.764705896, 0.984313726, 0.196078435
vb0[401]+000 TEXCOORD1: 0.239215687, 0.764705896, 0.984313726, 0.196078435
vb0[401]+000 TEXCOORD2: 0.239215687, 0.764705896, 0.984313726, 0.196078435
vb0[401]+000 TEXCOORD3: 0.239215687, 0.764705896, 0.984313726, 0.196078435
vb0[401]+000 TANGENT: 0.239215687, 0.764705896, 0.984313726, 0.196078435

vb0[402]+000 POSITION: -3.70898438, 0.0115432739, 0.345703125, 1
vb0[402]+008 NORMAL: -0.283464581, -0.937007844, 0.196850389, 0
vb0[402]+000 COLOR: 0.419607848, 0.764705896, 0.913725495, 0.129411772
vb0[402]+000 TEXCOORD: 0.419607848, 0.764705896, 0.913725495, 0.129411772
vb0[402]+000 TEXCOORD1: 0.419607848, 0.764705896, 0.913725495, 0.129411772
vb0[402]+000 TEXCOORD2: 0.419607848, 0.764705896, 0.913725495, 0.129411772
vb0[402]+000 TEXCOORD3: 0.419607848, 0.764705896, 0.913725495, 0.129411772
vb0[402]+000 TANGENT: 0.419607848, 0.764705896, 0.913725495, 0.129411772

vb0[403]+000 POSITION: -3.8984375, 0.246337891, 0.748046875, 1
vb0[403]+008 NORMAL: -0.212598428, -0.968503952, 0.133858263, 0
vb0[403]+000 COLOR: 0.800000012, 0.764705896, 0.886274517, 0.200000003
vb0[403]+000 TEXCOORD: 0.800000012, 0.764705896, 0.886274517, 0.200000003
vb0[403]+000 TEXCOORD1: 0.800000012, 0.764705896, 0.886274517, 0.200000003
vb0[403]+000 TEXCOORD2: 0.800000012, 0.764705896, 0.886274517, 0.200000003
vb0[403]+000 TEXCOORD3: 0.800000012, 0.764705896, 0.886274517, 0.200000003
vb0[403]+000 TANGENT: 0.800000012, 0.764705896, 0.886274517, 0.200000003

vb0[404]+000 POSITION: -3.53320313, 0.0981445313, 2.3046875, 1
vb0[404]+008 NORMAL: -0.393700778, -0.905511796, -0.165354326, 0
vb0[404]+000 COLOR: 0.0666666701, 0.764705896, 0.282352954, 0.180392161
vb0[404]+000 TEXCOORD: 0.0666666701, 0.764705896, 0.282352954, 0.180392161
vb0[404]+000 TEXCOORD1: 0.0666666701, 0.764705896, 0.282352954, 0.180392161
vb0[404]+000 TEXCOORD2: 0.0666666701, 0.764705896, 0.282352954, 0.180392161
vb0[404]+000 TEXCOORD3: 0.0666666701, 0.764705896, 0.282352954, 0.180392161
vb0[404]+000 TANGENT: 0.0666666701, 0.764705896, 0.282352954, 0.180392161

vb0[405]+000 POSITION: -4.97265625, 6.08203125, 1.32421875, 1
vb0[405]+008 NORMAL: -0.897637784, 0.125984251, 0.425196856, 0
vb0[405]+000 COLOR: 0.97647059, 0.768627465, 0.0823529437, 0.274509817
vb0[405]+000 TEXCOORD: 0.97647059, 0.768627465, 0.0823529437, 0.274509817
vb0[405]+000 TEXCOORD1: 0.97647059, 0.768627465, 0.0823529437, 0.274509817
vb0[405]+000 TEXCOORD2: 0.97647059, 0.768627465, 0.0823529437, 0.274509817
vb0[405]+000 TEXCOORD3: 0.97647059, 0.768627465, 0.0823529437, 0.274509817
vb0[405]+000 TANGENT: 0.97647059, 0.768627465, 0.0823529437, 0.274509817

vb0[406]+000 POSITION: -5.296875, 3.8984375, 1.10351563, 1
vb0[406]+008 NORMAL: -0.992125988, -0.0944881886, 0.11811024, 0
vb0[406]+000 COLOR: 0.298039228, 0.772549033, 0.800000012, 0.262745112
vb0[406]+000 TEXCOORD: 0.298039228, 0.772549033, 0.800000012, 0.262745112
vb0[406]+000 TEXCOORD1: 0.298039228, 0.772549033, 0.800000012, 0.262745112
vb0[406]+000 TEXCOORD2: 0.298039228, 0.772549033, 0.800000012, 0.262745112
vb0[406]+000 TEXCOORD3: 0.298039228, 0.772549033, 0.800000012, 0.262745112
vb0[406]+000 TANGENT: 0.298039228, 0.772549033, 0.800000012, 0.262745112

vb0[407]+000 POSITION: -5.01171875, 3.85742188, 1.95214844, 1
vb0[407]+008 NORMAL: -0.913385808, -0.05511811, 0.409448832, 0
vb0[407]+000 COLOR: 0.0117647061, 0.772549033, 0.717647076, 0.262745112
vb0[407]+000 TEXCOORD: 0.0117647061, 0.772549033, 0.717647076, 0.262745112
vb0[407]+000 TEXCOORD1: 0.0117647061, 0.772549033, 0.717647076, 0.262745112
vb0[407]+000 TEXCOORD2: 0.0117647061, 0.772549033, 0.717647076, 0.262745112
vb0[407]+000 TEXCOORD3: 0.0117647061, 0.772549033, 0.717647076, 0.262745112
vb0[407]+000 TANGENT: 0.0117647061, 0.772549033, 0.717647076, 0.262745112

vb0[408]+000 POSITION: -5.1640625, 5.83984375, 0.899902344, 1
vb0[408]+008 NORMAL: -0.992125988, 0.0787401572, 0.133858263, 0
vb0[408]+000 COLOR: 0.164705887, 0.772549033, 0.843137264, 0.270588249
vb0[408]+000 TEXCOORD: 0.164705887, 0.772549033, 0.843137264, 0.270588249
vb0[408]+000 TEXCOORD1: 0.164705887, 0.772549033, 0.843137264, 0.270588249
vb0[408]+000 TEXCOORD2: 0.164705887, 0.772549033, 0.843137264, 0.270588249
vb0[408]+000 TEXCOORD3: 0.164705887, 0.772549033, 0.843137264, 0.270588249
vb0[408]+000 TANGENT: 0.164705887, 0.772549033, 0.843137264, 0.270588249

vb0[409]+000 POSITION: -5.01953125, 5.671875, 0.122619629, 1
vb0[409]+008 NORMAL: -0.976377964, 0.0236220472, -0.228346452, 0
vb0[409]+000 COLOR: 0.0196078438, 0.772549033, 0.674509823, 0.270588249
vb0[409]+000 TEXCOORD: 0.0196078438, 0.772549033, 0.674509823, 0.270588249
vb0[409]+000 TEXCOORD1: 0.0196078438, 0.772549033, 0.674509823, 0.270588249
vb0[409]+000 TEXCOORD2: 0.0196078438, 0.772549033, 0.674509823, 0.270588249
vb0[409]+000 TEXCOORD3: 0.0196078438, 0.772549033, 0.674509823, 0.270588249
vb0[409]+000 TANGENT: 0.0196078438, 0.772549033, 0.674509823, 0.270588249

vb0[410]+000 POSITION: -4.71484375, 5.98828125, 1.79199219, 1
vb0[410]+008 NORMAL: -0.826771677, 0.157480314, 0.543307066, 0
vb0[410]+000 COLOR: 0.717647076, 0.768627465, 0.992156863, 0.270588249
vb0[410]+000 TEXCOORD: 0.717647076, 0.768627465, 0.992156863, 0.270588249
vb0[410]+000 TEXCOORD1: 0.717647076, 0.768627465, 0.992156863, 0.270588249
vb0[410]+000 TEXCOORD2: 0.717647076, 0.768627465, 0.992156863, 0.270588249
vb0[410]+000 TEXCOORD3: 0.717647076, 0.768627465, 0.992156863, 0.270588249
vb0[410]+000 TANGENT: 0.717647076, 0.768627465, 0.992156863, 0.270588249

vb0[411]+000 POSITION: -3.98828125, 5.01953125, -1.62792969, 1
vb0[411]+008 NORMAL: -0.968503952, 0.228346452, -0.0708661452, 0
vb0[411]+000 COLOR: 0.980392158, 0.764705896, 0.0196078438, 0.270588249
vb0[411]+000 TEXCOORD: 0.980392158, 0.764705896, 0.0196078438, 0.270588249
vb0[411]+000 TEXCOORD1: 0.980392158, 0.764705896, 0.0196078438, 0.270588249
vb0[411]+000 TEXCOORD2: 0.980392158, 0.764705896, 0.0196078438, 0.270588249
vb0[411]+000 TEXCOORD3: 0.980392158, 0.764705896, 0.0196078438, 0.270588249
vb0[411]+000 TANGENT: 0.980392158, 0.764705896, 0.0196078438, 0.270588249

vb0[412]+000 POSITION: -3.98828125, 5.30078125, -2.25, 1
vb0[412]+008 NORMAL: -0.874015749, 0.40157479, -0.259842515, 0
vb0[412]+000 COLOR: 0.980392158, 0.764705896, 0.301960796, 0.270588249
vb0[412]+000 TEXCOORD: 0.980392158, 0.764705896, 0.301960796, 0.270588249
vb0[412]+000 TEXCOORD1: 0.980392158, 0.764705896, 0.301960796, 0.270588249
vb0[412]+000 TEXCOORD2: 0.980392158, 0.764705896, 0.301960796, 0.270588249
vb0[412]+000 TEXCOORD3: 0.980392158, 0.764705896, 0.301960796, 0.270588249
vb0[412]+000 TANGENT: 0.980392158, 0.764705896, 0.301960796, 0.270588249

vb0[413]+000 POSITION: -3.29882813, 5.78125, -3.07421875, 1
vb0[413]+008 NORMAL: -0.874015749, 0.385826766, -0.291338593, 0
vb0[413]+000 COLOR: 0.600000024, 0.760784328, 0.784313738, 0.270588249
vb0[413]+000 TEXCOORD: 0.600000024, 0.760784328, 0.784313738, 0.270588249
vb0[413]+000 TEXCOORD1: 0.600000024, 0.760784328, 0.784313738, 0.270588249
vb0[413]+000 TEXCOORD2: 0.600000024, 0.760784328, 0.784313738, 0.270588249
vb0[413]+000 TEXCOORD3: 0.600000024, 0.760784328, 0.784313738, 0.270588249
vb0[413]+000 TANGENT: 0.600000024, 0.760784328, 0.784313738, 0.270588249

vb0[414]+000 POSITION: -3.29882813, 6.1640625, -2.85351563, 1
vb0[414]+008 NORMAL: -0.811023593, 0.291338593, -0.503937006, 0
vb0[414]+000 COLOR: 0.600000024, 0.760784328, 0.164705887, 0.274509817
vb0[414]+000 TEXCOORD: 0.600000024, 0.760784328, 0.164705887, 0.274509817
vb0[414]+000 TEXCOORD1: 0.600000024, 0.760784328, 0.164705887, 0.274509817
vb0[414]+000 TEXCOORD2: 0.600000024, 0.760784328, 0.164705887, 0.274509817
vb0[414]+000 TEXCOORD3: 0.600000024, 0.760784328, 0.164705887, 0.274509817
vb0[414]+000 TANGENT: 0.600000024, 0.760784328, 0.164705887, 0.274509817

vb0[415]+000 POSITION: -4.3828125, 3.45117188, -0.907714844, 1
vb0[415]+008 NORMAL: -0.968503952, 0.212598428, -0.149606302, 0
vb0[415]+000 COLOR: 0.384313732, 0.768627465, 0.905882359, 0.258823544
vb0[415]+000 TEXCOORD: 0.384313732, 0.768627465, 0.905882359, 0.258823544
vb0[415]+000 TEXCOORD1: 0.384313732, 0.768627465, 0.905882359, 0.258823544
vb0[415]+000 TEXCOORD2: 0.384313732, 0.768627465, 0.905882359, 0.258823544
vb0[415]+000 TEXCOORD3: 0.384313732, 0.768627465, 0.905882359, 0.258823544
vb0[415]+000 TANGENT: 0.384313732, 0.768627465, 0.905882359, 0.258823544

vb0[416]+000 POSITION: 3.51953125, 5.82421875, -5.1484375, 1
vb0[416]+008 NORMAL: 0.653543293, 0.133858263, -0.748031497, 0
vb0[416]+000 COLOR: 0.0392156877, 0.262745112, 0.827450991, 0.270588249
vb0[416]+000 TEXCOORD: 0.0392156877, 0.262745112, 0.827450991, 0.270588249
vb0[416]+000 TEXCOORD1: 0.0392156877, 0.262745112, 0.827450991, 0.270588249
vb0[416]+000 TEXCOORD2: 0.0392156877, 0.262745112, 0.827450991, 0.270588249
vb0[416]+000 TEXCOORD3: 0.0392156877, 0.262745112, 0.827450991, 0.270588249
vb0[416]+000 TANGENT: 0.0392156877, 0.262745112, 0.827450991, 0.270588249

vb0[417]+000 POSITION: -2.32617188, -0.243774414, -0.469238281, 1
vb0[417]+008 NORMAL: -0.330708653, -0.944881916, -0.0393700786, 0
vb0[417]+000 COLOR: 0.654901981, 0.752941191, 0.80392158, 0.701960802
vb0[417]+000 TEXCOORD: 0.654901981, 0.752941191, 0.80392158, 0.701960802
vb0[417]+000 TEXCOORD1: 0.654901981, 0.752941191, 0.80392158, 0.701960802
vb0[417]+000 TEXCOORD2: 0.654901981, 0.752941191, 0.80392158, 0.701960802
vb0[417]+000 TEXCOORD3: 0.654901981, 0.752941191, 0.80392158, 0.701960802
vb0[417]+000 TANGENT: 0.654901981, 0.752941191, 0.80392158, 0.701960802

vb0[418]+000 POSITION: -2.96484375, 0.0450744629, -1.046875, 1
vb0[418]+008 NORMAL: -0.385826766, -0.92125982, 0.0629921257, 0
vb0[418]+000 COLOR: 0.933333337, 0.75686276, 0.772549033, 0.160784319
vb0[418]+000 TEXCOORD: 0.933333337, 0.75686276, 0.772549033, 0.160784319
vb0[418]+000 TEXCOORD1: 0.933333337, 0.75686276, 0.772549033, 0.160784319
vb0[418]+000 TEXCOORD2: 0.933333337, 0.75686276, 0.772549033, 0.160784319
vb0[418]+000 TEXCOORD3: 0.933333337, 0.75686276, 0.772549033, 0.160784319
vb0[418]+000 TANGENT: 0.933333337, 0.75686276, 0.772549033, 0.160784319

vb0[419]+000 POSITION: -2.85742188, -0.0802612305, -1.27050781, 1
vb0[419]+008 NORMAL: -0.370078743, -0.92125982, 0.0944881886, 0
vb0[419]+000 COLOR: 0.717647076, 0.75686276, 0.137254909, 0.678431392
vb0[419]+000 TEXCOORD: 0.717647076, 0.75686276, 0.137254909, 0.678431392
vb0[419]+000 TEXCOORD1: 0.717647076, 0.75686276, 0.137254909, 0.678431392
vb0[419]+000 TEXCOORD2: 0.717647076, 0.75686276, 0.137254909, 0.678431392
vb0[419]+000 TEXCOORD3: 0.717647076, 0.75686276, 0.137254909, 0.678431392
vb0[419]+000 TANGENT: 0.717647076, 0.75686276, 0.137254909, 0.678431392

vb0[420]+000 POSITION: -2.4609375, -0.155395508, -0.21081543, 1
vb0[420]+008 NORMAL: -0.370078743, -0.929133832, -0.0944881886, 0
vb0[420]+000 COLOR: 0.925490201, 0.752941191, 0.97647059, 0.690196097
vb0[420]+000 TEXCOORD: 0.925490201, 0.752941191, 0.97647059, 0.690196097
vb0[420]+000 TEXCOORD1: 0.925490201, 0.752941191, 0.97647059, 0.690196097
vb0[420]+000 TEXCOORD2: 0.925490201, 0.752941191, 0.97647059, 0.690196097
vb0[420]+000 TEXCOORD3: 0.925490201, 0.752941191, 0.97647059, 0.690196097
vb0[420]+000 TANGENT: 0.925490201, 0.752941191, 0.97647059, 0.690196097

vb0[421]+000 POSITION: -2.14648438, -0.394042969, 0.30078125, 1
vb0[421]+008 NORMAL: -0.346456707, -0.937007844, -0.0866141766, 0
vb0[421]+000 COLOR: 0.294117659, 0.752941191, 0.305882365, 0.713725507
vb0[421]+000 TEXCOORD: 0.294117659, 0.752941191, 0.305882365, 0.713725507
vb0[421]+000 TEXCOORD1: 0.294117659, 0.752941191, 0.305882365, 0.713725507
vb0[421]+000 TEXCOORD2: 0.294117659, 0.752941191, 0.305882365, 0.713725507
vb0[421]+000 TEXCOORD3: 0.294117659, 0.752941191, 0.305882365, 0.713725507
vb0[421]+000 TANGENT: 0.294117659, 0.752941191, 0.305882365, 0.713725507

vb0[422]+000 POSITION: -2.21484375, -0.349853516, 0.429931641, 1
vb0[422]+008 NORMAL: -0.448818892, -0.889763772, -0.0866141766, 0
vb0[422]+000 COLOR: 0.431372553, 0.752941191, 0.600000024, 0.709803939
vb0[422]+000 TEXCOORD: 0.431372553, 0.752941191, 0.600000024, 0.709803939
vb0[422]+000 TEXCOORD1: 0.431372553, 0.752941191, 0.600000024, 0.709803939
vb0[422]+000 TEXCOORD2: 0.431372553, 0.752941191, 0.600000024, 0.709803939
vb0[422]+000 TEXCOORD3: 0.431372553, 0.752941191, 0.600000024, 0.709803939
vb0[422]+000 TANGENT: 0.431372553, 0.752941191, 0.600000024, 0.709803939

vb0[423]+000 POSITION: -3.41210938, 0.145263672, -1.7890625, 1
vb0[423]+008 NORMAL: -0.370078743, -0.92125982, 0.102362208, 0
vb0[423]+000 COLOR: 0.827450991, 0.760784328, 0.650980413, 0.188235298
vb0[423]+000 TEXCOORD: 0.827450991, 0.760784328, 0.650980413, 0.188235298
vb0[423]+000 TEXCOORD1: 0.827450991, 0.760784328, 0.650980413, 0.188235298
vb0[423]+000 TEXCOORD2: 0.827450991, 0.760784328, 0.650980413, 0.188235298
vb0[423]+000 TEXCOORD3: 0.827450991, 0.760784328, 0.650980413, 0.188235298
vb0[423]+000 TANGENT: 0.827450991, 0.760784328, 0.650980413, 0.188235298

vb0[424]+000 POSITION: -3.3203125, 0.00150299072, -1.99707031, 1
vb0[424]+008 NORMAL: -0.425196856, -0.897637784, 0.11023622, 0
vb0[424]+000 COLOR: 0.643137276, 0.760784328, 0.156862751, 0.0862745121
vb0[424]+000 TEXCOORD: 0.643137276, 0.760784328, 0.156862751, 0.0862745121
vb0[424]+000 TEXCOORD1: 0.643137276, 0.760784328, 0.156862751, 0.0862745121
vb0[424]+000 TEXCOORD2: 0.643137276, 0.760784328, 0.156862751, 0.0862745121
vb0[424]+000 TEXCOORD3: 0.643137276, 0.760784328, 0.156862751, 0.0862745121
vb0[424]+000 TANGENT: 0.643137276, 0.760784328, 0.156862751, 0.0862745121

vb0[425]+000 POSITION: -1.96875, -0.543945313, 1.0703125, 1
vb0[425]+008 NORMAL: -0.11811024, -0.984251976, -0.133858263, 0
vb0[425]+000 COLOR: 0.87843138, 0.749019623, 0.352941185, 0.721568644
vb0[425]+000 TEXCOORD: 0.87843138, 0.749019623, 0.352941185, 0.721568644
vb0[425]+000 TEXCOORD1: 0.87843138, 0.749019623, 0.352941185, 0.721568644
vb0[425]+000 TEXCOORD2: 0.87843138, 0.749019623, 0.352941185, 0.721568644
vb0[425]+000 TEXCOORD3: 0.87843138, 0.749019623, 0.352941185, 0.721568644
vb0[425]+000 TANGENT: 0.87843138, 0.749019623, 0.352941185, 0.721568644

vb0[426]+000 POSITION: -3.6328125, 0.206298828, -2.30273438, 1
vb0[426]+008 NORMAL: -0.448818892, -0.897637784, 0.0472440943, 0
vb0[426]+000 COLOR: 0.266666681, 0.764705896, 0.603921592, 0.196078435
vb0[426]+000 TEXCOORD: 0.266666681, 0.764705896, 0.603921592, 0.196078435
vb0[426]+000 TEXCOORD1: 0.266666681, 0.764705896, 0.603921592, 0.196078435
vb0[426]+000 TEXCOORD2: 0.266666681, 0.764705896, 0.603921592, 0.196078435
vb0[426]+000 TEXCOORD3: 0.266666681, 0.764705896, 0.603921592, 0.196078435
vb0[426]+000 TANGENT: 0.266666681, 0.764705896, 0.603921592, 0.196078435

vb0[427]+000 POSITION: -3.546875, 0.0508422852, -2.49414063, 1
vb0[427]+008 NORMAL: -0.503937006, -0.866141737, 0.05511811, 0
vb0[427]+000 COLOR: 0.0941176489, 0.764705896, 0.509803951, 0.164705887
vb0[427]+000 TEXCOORD: 0.0941176489, 0.764705896, 0.509803951, 0.164705887
vb0[427]+000 TEXCOORD1: 0.0941176489, 0.764705896, 0.509803951, 0.164705887
vb0[427]+000 TEXCOORD2: 0.0941176489, 0.764705896, 0.509803951, 0.164705887
vb0[427]+000 TEXCOORD3: 0.0941176489, 0.764705896, 0.509803951, 0.164705887
vb0[427]+000 TANGENT: 0.0941176489, 0.764705896, 0.509803951, 0.164705887

vb0[428]+000 POSITION: -3.8046875, 0.314697266, -2.98632813, 1
vb0[428]+008 NORMAL: -0.48031497, -0.874015749, -0.0708661452, 0
vb0[428]+000 COLOR: 0.611764729, 0.764705896, 0.0352941193, 0.20784314
vb0[428]+000 TEXCOORD: 0.611764729, 0.764705896, 0.0352941193, 0.20784314
vb0[428]+000 TEXCOORD1: 0.611764729, 0.764705896, 0.0352941193, 0.20784314
vb0[428]+000 TEXCOORD2: 0.611764729, 0.764705896, 0.0352941193, 0.20784314
vb0[428]+000 TEXCOORD3: 0.611764729, 0.764705896, 0.0352941193, 0.20784314
vb0[428]+000 TANGENT: 0.611764729, 0.764705896, 0.0352941193, 0.20784314

vb0[429]+000 POSITION: -3.66210938, 0.129150391, -3.1796875, 1
vb0[429]+008 NORMAL: -0.51968503, -0.850393713, -0.0708661452, 0
vb0[429]+000 COLOR: 0.325490206, 0.764705896, 0.13333334, 0.188235298
vb0[429]+000 TEXCOORD: 0.325490206, 0.764705896, 0.13333334, 0.188235298
vb0[429]+000 TEXCOORD1: 0.325490206, 0.764705896, 0.13333334, 0.188235298
vb0[429]+000 TEXCOORD2: 0.325490206, 0.764705896, 0.13333334, 0.188235298
vb0[429]+000 TEXCOORD3: 0.325490206, 0.764705896, 0.13333334, 0.188235298
vb0[429]+000 TANGENT: 0.325490206, 0.764705896, 0.13333334, 0.188235298

vb0[430]+000 POSITION: -3.87890625, 0.479492188, -3.82617188, 1
vb0[430]+008 NORMAL: -0.448818892, -0.88188976, -0.149606302, 0
vb0[430]+000 COLOR: 0.760784328, 0.764705896, 0.674509823, 0.215686277
vb0[430]+000 TEXCOORD: 0.760784328, 0.764705896, 0.674509823, 0.215686277
vb0[430]+000 TEXCOORD1: 0.760784328, 0.764705896, 0.674509823, 0.215686277
vb0[430]+000 TEXCOORD2: 0.760784328, 0.764705896, 0.674509823, 0.215686277
vb0[430]+000 TEXCOORD3: 0.760784328, 0.764705896, 0.674509823, 0.215686277
vb0[430]+000 TANGENT: 0.760784328, 0.764705896, 0.674509823, 0.215686277

vb0[431]+000 POSITION: -3.59570313, 0.221923828, -3.90234375, 1
vb0[431]+008 NORMAL: -0.464566916, -0.874015749, -0.14173229, 0
vb0[431]+000 COLOR: 0.192156866, 0.764705896, 0.101960786, 0.200000003
vb0[431]+000 TEXCOORD: 0.192156866, 0.764705896, 0.101960786, 0.200000003
vb0[431]+000 TEXCOORD1: 0.192156866, 0.764705896, 0.101960786, 0.200000003
vb0[431]+000 TEXCOORD2: 0.192156866, 0.764705896, 0.101960786, 0.200000003
vb0[431]+000 TEXCOORD3: 0.192156866, 0.764705896, 0.101960786, 0.200000003
vb0[431]+000 TANGENT: 0.192156866, 0.764705896, 0.101960786, 0.200000003

vb0[432]+000 POSITION: -2.72851563, -0.119628906, -0.163452148, 1
vb0[432]+008 NORMAL: -0.173228353, -0.976377964, -0.14173229, 0
vb0[432]+000 COLOR: 0.458823532, 0.75686276, 0.65882355, 0.686274529
vb0[432]+000 TEXCOORD: 0.458823532, 0.75686276, 0.65882355, 0.686274529
vb0[432]+000 TEXCOORD1: 0.458823532, 0.75686276, 0.65882355, 0.686274529
vb0[432]+000 TEXCOORD2: 0.458823532, 0.75686276, 0.65882355, 0.686274529
vb0[432]+000 TEXCOORD3: 0.458823532, 0.75686276, 0.65882355, 0.686274529
vb0[432]+000 TANGENT: 0.458823532, 0.75686276, 0.65882355, 0.686274529

vb0[433]+000 POSITION: -2.27148438, 4.91796875, -7.44921875, 1
vb0[433]+008 NORMAL: -0.149606302, -0.228346452, -0.96062994, 0
vb0[433]+000 COLOR: 0.545098066, 0.752941191, 0.921568632, 0.266666681
vb0[433]+000 TEXCOORD: 0.545098066, 0.752941191, 0.921568632, 0.266666681
vb0[433]+000 TEXCOORD1: 0.545098066, 0.752941191, 0.921568632, 0.266666681
vb0[433]+000 TEXCOORD2: 0.545098066, 0.752941191, 0.921568632, 0.266666681
vb0[433]+000 TEXCOORD3: 0.545098066, 0.752941191, 0.921568632, 0.266666681
vb0[433]+000 TANGENT: 0.545098066, 0.752941191, 0.921568632, 0.266666681

vb0[434]+000 POSITION: -1.02636719, 5.21875, -7.2109375, 1
vb0[434]+008 NORMAL: 0.05511811, -0.11023622, -0.992125988, 0
vb0[434]+000 COLOR: 0.105882354, 0.737254918, 0.219607845, 0.270588249
vb0[434]+000 TEXCOORD: 0.105882354, 0.737254918, 0.219607845, 0.270588249
vb0[434]+000 TEXCOORD1: 0.105882354, 0.737254918, 0.219607845, 0.270588249
vb0[434]+000 TEXCOORD2: 0.105882354, 0.737254918, 0.219607845, 0.270588249
vb0[434]+000 TEXCOORD3: 0.105882354, 0.737254918, 0.219607845, 0.270588249
vb0[434]+000 TANGENT: 0.105882354, 0.737254918, 0.219607845, 0.270588249

vb0[435]+000 POSITION: -0.144042969, 4.80078125, -7.34765625, 1
vb0[435]+008 NORMAL: 0, -0.464566916, -0.889763772, 0
vb0[435]+000 COLOR: 0.611764729, 0.690196097, 0.80392158, 0.266666681
vb0[435]+000 TEXCOORD: 0.611764729, 0.690196097, 0.80392158, 0.266666681
vb0[435]+000 TEXCOORD1: 0.611764729, 0.690196097, 0.80392158, 0.266666681
vb0[435]+000 TEXCOORD2: 0.611764729, 0.690196097, 0.80392158, 0.266666681
vb0[435]+000 TEXCOORD3: 0.611764729, 0.690196097, 0.80392158, 0.266666681
vb0[435]+000 TANGENT: 0.611764729, 0.690196097, 0.80392158, 0.266666681

vb0[436]+000 POSITION: 0.622558594, 5.03125, -7.328125, 1
vb0[436]+008 NORMAL: 0.291338593, -0.385826766, -0.874015749, 0
vb0[436]+000 COLOR: 0.984313726, 0.219607845, 0.0313725509, 0.270588249
vb0[436]+000 TEXCOORD: 0.984313726, 0.219607845, 0.0313725509, 0.270588249
vb0[436]+000 TEXCOORD1: 0.984313726, 0.219607845, 0.0313725509, 0.270588249
vb0[436]+000 TEXCOORD2: 0.984313726, 0.219607845, 0.0313725509, 0.270588249
vb0[436]+000 TEXCOORD3: 0.984313726, 0.219607845, 0.0313725509, 0.270588249
vb0[436]+000 TANGENT: 0.984313726, 0.219607845, 0.0313725509, 0.270588249

vb0[437]+000 POSITION: -2.17382813, 4.9453125, 7.15234375, 1
vb0[437]+008 NORMAL: 0.228346452, -0.346456707, 0.913385808, 0
vb0[437]+000 COLOR: 0.349019617, 0.752941191, 0.949019611, 0.266666681
vb0[437]+000 TEXCOORD: 0.349019617, 0.752941191, 0.949019611, 0.266666681
vb0[437]+000 TEXCOORD1: 0.349019617, 0.752941191, 0.949019611, 0.266666681
vb0[437]+000 TEXCOORD2: 0.349019617, 0.752941191, 0.949019611, 0.266666681
vb0[437]+000 TEXCOORD3: 0.349019617, 0.752941191, 0.949019611, 0.266666681
vb0[437]+000 TANGENT: 0.349019617, 0.752941191, 0.949019611, 0.266666681

vb0[438]+000 POSITION: -1.11621094, -0.318847656, -0.703613281, 1
vb0[438]+008 NORMAL: 0.0157480314, -1, -0.0393700786, 0
vb0[438]+000 COLOR: 0.466666669, 0.737254918, 0.101960786, 0.709803939
vb0[438]+000 TEXCOORD: 0.466666669, 0.737254918, 0.101960786, 0.709803939
vb0[438]+000 TEXCOORD1: 0.466666669, 0.737254918, 0.101960786, 0.709803939
vb0[438]+000 TEXCOORD2: 0.466666669, 0.737254918, 0.101960786, 0.709803939
vb0[438]+000 TEXCOORD3: 0.466666669, 0.737254918, 0.101960786, 0.709803939
vb0[438]+000 TANGENT: 0.466666669, 0.737254918, 0.101960786, 0.709803939

vb0[439]+000 POSITION: -3.70898438, 0.0115432739, 0.345703125, 1
vb0[439]+008 NORMAL: -0.283464581, -0.937007844, 0.196850389, 0
vb0[439]+000 COLOR: 0.419607848, 0.764705896, 0.913725495, 0.129411772
vb0[439]+000 TEXCOORD: 0.419607848, 0.764705896, 0.913725495, 0.129411772
vb0[439]+000 TEXCOORD1: 0.419607848, 0.764705896, 0.913725495, 0.129411772
vb0[439]+000 TEXCOORD2: 0.419607848, 0.764705896, 0.913725495, 0.129411772
vb0[439]+000 TEXCOORD3: 0.419607848, 0.764705896, 0.913725495, 0.129411772
vb0[439]+000 TANGENT: 0.419607848, 0.764705896, 0.913725495, 0.129411772

vb0[440]+000 POSITION: -4.15234375, 0.0659790039, -0.0540161133, 1
vb0[440]+008 NORMAL: -0.212598428, -0.968503952, 0.102362208, 0
vb0[440]+000 COLOR: 0.152941182, 0.768627465, 0.223529413, 0.172549024
vb0[440]+000 TEXCOORD: 0.152941182, 0.768627465, 0.223529413, 0.172549024
vb0[440]+000 TEXCOORD1: 0.152941182, 0.768627465, 0.223529413, 0.172549024
vb0[440]+000 TEXCOORD2: 0.152941182, 0.768627465, 0.223529413, 0.172549024
vb0[440]+000 TEXCOORD3: 0.152941182, 0.768627465, 0.223529413, 0.172549024
vb0[440]+000 TANGENT: 0.152941182, 0.768627465, 0.223529413, 0.172549024

vb0[441]+000 POSITION: -3.45117188, -0.0540466309, -0.137207031, 1
vb0[441]+008 NORMAL: -0.133858263, -0.984251976, -0.102362208, 0
vb0[441]+000 COLOR: 0.905882359, 0.760784328, 0.921568632, 0.666666687
vb0[441]+000 TEXCOORD: 0.905882359, 0.760784328, 0.921568632, 0.666666687
vb0[441]+000 TEXCOORD1: 0.905882359, 0.760784328, 0.921568632, 0.666666687
vb0[441]+000 TEXCOORD2: 0.905882359, 0.760784328, 0.921568632, 0.666666687
vb0[441]+000 TEXCOORD3: 0.905882359, 0.760784328, 0.921568632, 0.666666687
vb0[441]+000 TANGENT: 0.905882359, 0.760784328, 0.921568632, 0.666666687

vb0[442]+000 POSITION: -3.61523438, 0.111999512, -0.748535156, 1
vb0[442]+008 NORMAL: -0.0708661452, -0.992125988, -0.11811024, 0
vb0[442]+000 COLOR: 0.23137255, 0.764705896, 0.168627456, 0.184313729
vb0[442]+000 TEXCOORD: 0.23137255, 0.764705896, 0.168627456, 0.184313729
vb0[442]+000 TEXCOORD1: 0.23137255, 0.764705896, 0.168627456, 0.184313729
vb0[442]+000 TEXCOORD2: 0.23137255, 0.764705896, 0.168627456, 0.184313729
vb0[442]+000 TEXCOORD3: 0.23137255, 0.764705896, 0.168627456, 0.184313729
vb0[442]+000 TANGENT: 0.23137255, 0.764705896, 0.168627456, 0.184313729

vb0[443]+000 POSITION: -4.59765625, 0.120422363, -0.453613281, 1
vb0[443]+008 NORMAL: -0.11811024, -0.992125988, 0.0314960629, 0
vb0[443]+000 COLOR: 0.600000024, 0.768627465, 0.709803939, 0.184313729
vb0[443]+000 TEXCOORD: 0.600000024, 0.768627465, 0.709803939, 0.184313729
vb0[443]+000 TEXCOORD1: 0.600000024, 0.768627465, 0.709803939, 0.184313729
vb0[443]+000 TEXCOORD2: 0.600000024, 0.768627465, 0.709803939, 0.184313729
vb0[443]+000 TEXCOORD3: 0.600000024, 0.768627465, 0.709803939, 0.184313729
vb0[443]+000 TANGENT: 0.600000024, 0.768627465, 0.709803939, 0.184313729

vb0[444]+000 POSITION: -4.0390625, 0.179931641, -1.47949219, 1
vb0[444]+008 NORMAL: -0.0393700786, -1, -0.0787401572, 0
vb0[444]+000 COLOR: 0.0392156877, 0.768627465, 0.760784328, 0.192156866
vb0[444]+000 TEXCOORD: 0.0392156877, 0.768627465, 0.760784328, 0.192156866
vb0[444]+000 TEXCOORD1: 0.0392156877, 0.768627465, 0.760784328, 0.192156866
vb0[444]+000 TEXCOORD2: 0.0392156877, 0.768627465, 0.760784328, 0.192156866
vb0[444]+000 TEXCOORD3: 0.0392156877, 0.768627465, 0.760784328, 0.192156866
vb0[444]+000 TANGENT: 0.0392156877, 0.768627465, 0.760784328, 0.192156866

vb0[445]+000 POSITION: -4.796875, 0.190917969, -1.24316406, 1
vb0[445]+008 NORMAL: -0.0787401572, -0.992125988, -0.0708661452, 0
vb0[445]+000 COLOR: 0.800000012, 0.768627465, 0.109803922, 0.196078435
vb0[445]+000 TEXCOORD: 0.800000012, 0.768627465, 0.109803922, 0.196078435
vb0[445]+000 TEXCOORD1: 0.800000012, 0.768627465, 0.109803922, 0.196078435
vb0[445]+000 TEXCOORD2: 0.800000012, 0.768627465, 0.109803922, 0.196078435
vb0[445]+000 TEXCOORD3: 0.800000012, 0.768627465, 0.109803922, 0.196078435
vb0[445]+000 TANGENT: 0.800000012, 0.768627465, 0.109803922, 0.196078435

vb0[446]+000 POSITION: -4.8359375, 0.261474609, -2.19140625, 1
vb0[446]+008 NORMAL: -0.0708661452, -0.984251976, -0.165354326, 0
vb0[446]+000 COLOR: 0.839215696, 0.768627465, 0.184313729, 0.203921571
vb0[446]+000 TEXCOORD: 0.839215696, 0.768627465, 0.184313729, 0.203921571
vb0[446]+000 TEXCOORD1: 0.839215696, 0.768627465, 0.184313729, 0.203921571
vb0[446]+000 TEXCOORD2: 0.839215696, 0.768627465, 0.184313729, 0.203921571
vb0[446]+000 TEXCOORD3: 0.839215696, 0.768627465, 0.184313729, 0.203921571
vb0[446]+000 TANGENT: 0.839215696, 0.768627465, 0.184313729, 0.203921571

vb0[447]+000 POSITION: -4.17578125, 0.248168945, -2.25390625, 1
vb0[447]+008 NORMAL: -0.0393700786, -0.984251976, -0.188976377, 0
vb0[447]+000 COLOR: 0.176470593, 0.768627465, 0.945098042, 0.200000003
vb0[447]+000 TEXCOORD: 0.176470593, 0.768627465, 0.945098042, 0.200000003
vb0[447]+000 TEXCOORD1: 0.176470593, 0.768627465, 0.945098042, 0.200000003
vb0[447]+000 TEXCOORD2: 0.176470593, 0.768627465, 0.945098042, 0.200000003
vb0[447]+000 TEXCOORD3: 0.176470593, 0.768627465, 0.945098042, 0.200000003
vb0[447]+000 TANGENT: 0.176470593, 0.768627465, 0.945098042, 0.200000003

vb0[448]+000 POSITION: -4.265625, 0.37890625, -2.84765625, 1
vb0[448]+008 NORMAL: -0.102362208, -0.976377964, -0.196850389, 0
vb0[448]+000 COLOR: 0.266666681, 0.768627465, 0.0627451017, 0.211764708
vb0[448]+000 TEXCOORD: 0.266666681, 0.768627465, 0.0627451017, 0.211764708
vb0[448]+000 TEXCOORD1: 0.266666681, 0.768627465, 0.0627451017, 0.211764708
vb0[448]+000 TEXCOORD2: 0.266666681, 0.768627465, 0.0627451017, 0.211764708
vb0[448]+000 TEXCOORD3: 0.266666681, 0.768627465, 0.0627451017, 0.211764708
vb0[448]+000 TANGENT: 0.266666681, 0.768627465, 0.0627451017, 0.211764708

vb0[449]+000 POSITION: -4.77734375, 0.461425781, -2.984375, 1
vb0[449]+008 NORMAL: -0.0866141766, -0.976377964, -0.196850389, 0
vb0[449]+000 COLOR: 0.78039217, 0.768627465, 0.384313732, 0.215686277
vb0[449]+000 TEXCOORD: 0.78039217, 0.768627465, 0.384313732, 0.215686277
vb0[449]+000 TEXCOORD1: 0.78039217, 0.768627465, 0.384313732, 0.215686277
vb0[449]+000 TEXCOORD2: 0.78039217, 0.768627465, 0.384313732, 0.215686277
vb0[449]+000 TEXCOORD3: 0.78039217, 0.768627465, 0.384313732, 0.215686277
vb0[449]+000 TANGENT: 0.78039217, 0.768627465, 0.384313732, 0.215686277

vb0[450]+000 POSITION: -4.25, 0.544921875, -3.87695313, 1
vb0[450]+008 NORMAL: -0.251968503, -0.92125982, -0.291338593, 0
vb0[450]+000 COLOR: 0.250980407, 0.768627465, 0.360784322, 0.219607845
vb0[450]+000 TEXCOORD: 0.250980407, 0.768627465, 0.360784322, 0.219607845
vb0[450]+000 TEXCOORD1: 0.250980407, 0.768627465, 0.360784322, 0.219607845
vb0[450]+000 TEXCOORD2: 0.250980407, 0.768627465, 0.360784322, 0.219607845
vb0[450]+000 TEXCOORD3: 0.250980407, 0.768627465, 0.360784322, 0.219607845
vb0[450]+000 TANGENT: 0.250980407, 0.768627465, 0.360784322, 0.219607845

vb0[451]+000 POSITION: -4.17578125, 0.248168945, -2.25390625, 1
vb0[451]+008 NORMAL: -0.0944881886, -0.984251976, -0.125984251, 0
vb0[451]+000 COLOR: 0.176470593, 0.768627465, 0.945098042, 0.200000003
vb0[451]+000 TEXCOORD: 0.176470593, 0.768627465, 0.945098042, 0.200000003
vb0[451]+000 TEXCOORD1: 0.176470593, 0.768627465, 0.945098042, 0.200000003
vb0[451]+000 TEXCOORD2: 0.176470593, 0.768627465, 0.945098042, 0.200000003
vb0[451]+000 TEXCOORD3: 0.176470593, 0.768627465, 0.945098042, 0.200000003
vb0[451]+000 TANGENT: 0.176470593, 0.768627465, 0.945098042, 0.200000003

vb0[452]+000 POSITION: -3.41210938, 0.145263672, -1.7890625, 1
vb0[452]+008 NORMAL: -0.370078743, -0.92125982, 0.102362208, 0
vb0[452]+000 COLOR: 0.827450991, 0.760784328, 0.650980413, 0.188235298
vb0[452]+000 TEXCOORD: 0.827450991, 0.760784328, 0.650980413, 0.188235298
vb0[452]+000 TEXCOORD1: 0.827450991, 0.760784328, 0.650980413, 0.188235298
vb0[452]+000 TEXCOORD2: 0.827450991, 0.760784328, 0.650980413, 0.188235298
vb0[452]+000 TEXCOORD3: 0.827450991, 0.760784328, 0.650980413, 0.188235298
vb0[452]+000 TANGENT: 0.827450991, 0.760784328, 0.650980413, 0.188235298

vb0[453]+000 POSITION: -3.6328125, 0.206298828, -2.30273438, 1
vb0[453]+008 NORMAL: -0.448818892, -0.897637784, 0.0472440943, 0
vb0[453]+000 COLOR: 0.266666681, 0.764705896, 0.603921592, 0.196078435
vb0[453]+000 TEXCOORD: 0.266666681, 0.764705896, 0.603921592, 0.196078435
vb0[453]+000 TEXCOORD1: 0.266666681, 0.764705896, 0.603921592, 0.196078435
vb0[453]+000 TEXCOORD2: 0.266666681, 0.764705896, 0.603921592, 0.196078435
vb0[453]+000 TEXCOORD3: 0.266666681, 0.764705896, 0.603921592, 0.196078435
vb0[453]+000 TANGENT: 0.266666681, 0.764705896, 0.603921592, 0.196078435

vb0[454]+000 POSITION: -3.61523438, 0.111999512, -0.748535156, 1
vb0[454]+008 NORMAL: -0.133858263, -0.984251976, -0.11811024, 0
vb0[454]+000 COLOR: 0.23137255, 0.764705896, 0.168627456, 0.184313729
vb0[454]+000 TEXCOORD: 0.23137255, 0.764705896, 0.168627456, 0.184313729
vb0[454]+000 TEXCOORD1: 0.23137255, 0.764705896, 0.168627456, 0.184313729
vb0[454]+000 TEXCOORD2: 0.23137255, 0.764705896, 0.168627456, 0.184313729
vb0[454]+000 TEXCOORD3: 0.23137255, 0.764705896, 0.168627456, 0.184313729
vb0[454]+000 TANGENT: 0.23137255, 0.764705896, 0.168627456, 0.184313729

vb0[455]+000 POSITION: -2.96484375, 0.0450744629, -1.046875, 1
vb0[455]+008 NORMAL: -0.385826766, -0.92125982, 0.0629921257, 0
vb0[455]+000 COLOR: 0.933333337, 0.75686276, 0.772549033, 0.160784319
vb0[455]+000 TEXCOORD: 0.933333337, 0.75686276, 0.772549033, 0.160784319
vb0[455]+000 TEXCOORD1: 0.933333337, 0.75686276, 0.772549033, 0.160784319
vb0[455]+000 TEXCOORD2: 0.933333337, 0.75686276, 0.772549033, 0.160784319
vb0[455]+000 TEXCOORD3: 0.933333337, 0.75686276, 0.772549033, 0.160784319
vb0[455]+000 TANGENT: 0.933333337, 0.75686276, 0.772549033, 0.160784319

vb0[456]+000 POSITION: -3.8046875, 0.314697266, -2.98632813, 1
vb0[456]+008 NORMAL: -0.48031497, -0.874015749, -0.0708661452, 0
vb0[456]+000 COLOR: 0.611764729, 0.764705896, 0.0352941193, 0.20784314
vb0[456]+000 TEXCOORD: 0.611764729, 0.764705896, 0.0352941193, 0.20784314
vb0[456]+000 TEXCOORD1: 0.611764729, 0.764705896, 0.0352941193, 0.20784314
vb0[456]+000 TEXCOORD2: 0.611764729, 0.764705896, 0.0352941193, 0.20784314
vb0[456]+000 TEXCOORD3: 0.611764729, 0.764705896, 0.0352941193, 0.20784314
vb0[456]+000 TANGENT: 0.611764729, 0.764705896, 0.0352941193, 0.20784314

vb0[457]+000 POSITION: -4.265625, 0.37890625, -2.84765625, 1
vb0[457]+008 NORMAL: -0.196850389, -0.968503952, -0.149606302, 0
vb0[457]+000 COLOR: 0.266666681, 0.768627465, 0.0627451017, 0.211764708
vb0[457]+000 TEXCOORD: 0.266666681, 0.768627465, 0.0627451017, 0.211764708
vb0[457]+000 TEXCOORD1: 0.266666681, 0.768627465, 0.0627451017, 0.211764708
vb0[457]+000 TEXCOORD2: 0.266666681, 0.768627465, 0.0627451017, 0.211764708
vb0[457]+000 TEXCOORD3: 0.266666681, 0.768627465, 0.0627451017, 0.211764708
vb0[457]+000 TANGENT: 0.266666681, 0.768627465, 0.0627451017, 0.211764708

vb0[458]+000 POSITION: -3.87890625, 0.479492188, -3.82617188, 1
vb0[458]+008 NORMAL: -0.448818892, -0.88188976, -0.149606302, 0
vb0[458]+000 COLOR: 0.760784328, 0.764705896, 0.674509823, 0.215686277
vb0[458]+000 TEXCOORD: 0.760784328, 0.764705896, 0.674509823, 0.215686277
vb0[458]+000 TEXCOORD1: 0.760784328, 0.764705896, 0.674509823, 0.215686277
vb0[458]+000 TEXCOORD2: 0.760784328, 0.764705896, 0.674509823, 0.215686277
vb0[458]+000 TEXCOORD3: 0.760784328, 0.764705896, 0.674509823, 0.215686277
vb0[458]+000 TANGENT: 0.760784328, 0.764705896, 0.674509823, 0.215686277

vb0[459]+000 POSITION: -2.72851563, -0.119628906, -0.163452148, 1
vb0[459]+008 NORMAL: -0.173228353, -0.976377964, -0.14173229, 0
vb0[459]+000 COLOR: 0.458823532, 0.75686276, 0.65882355, 0.686274529
vb0[459]+000 TEXCOORD: 0.458823532, 0.75686276, 0.65882355, 0.686274529
vb0[459]+000 TEXCOORD1: 0.458823532, 0.75686276, 0.65882355, 0.686274529
vb0[459]+000 TEXCOORD2: 0.458823532, 0.75686276, 0.65882355, 0.686274529
vb0[459]+000 TEXCOORD3: 0.458823532, 0.75686276, 0.65882355, 0.686274529
vb0[459]+000 TANGENT: 0.458823532, 0.75686276, 0.65882355, 0.686274529

vb0[460]+000 POSITION: -1.51757813, 0.032623291, -4.3984375, 1
vb0[460]+008 NORMAL: -0.165354326, -0.952755928, -0.244094491, 0
vb0[460]+000 COLOR: 0.0705882385, 0.745098054, 0.176470593, 0.156862751
vb0[460]+000 TEXCOORD: 0.0705882385, 0.745098054, 0.176470593, 0.156862751
vb0[460]+000 TEXCOORD1: 0.0705882385, 0.745098054, 0.176470593, 0.156862751
vb0[460]+000 TEXCOORD2: 0.0705882385, 0.745098054, 0.176470593, 0.156862751
vb0[460]+000 TEXCOORD3: 0.0705882385, 0.745098054, 0.176470593, 0.156862751
vb0[460]+000 TANGENT: 0.0705882385, 0.745098054, 0.176470593, 0.156862751

vb0[461]+000 POSITION: -1.29589844, 0.146972656, -5.33984375, 1
vb0[461]+008 NORMAL: -0.00787401572, -0.992125988, -0.133858263, 0
vb0[461]+000 COLOR: 0.184313729, 0.741176486, 0.70588237, 0.188235298
vb0[461]+000 TEXCOORD: 0.184313729, 0.741176486, 0.70588237, 0.188235298
vb0[461]+000 TEXCOORD1: 0.184313729, 0.741176486, 0.70588237, 0.188235298
vb0[461]+000 TEXCOORD2: 0.184313729, 0.741176486, 0.70588237, 0.188235298
vb0[461]+000 TEXCOORD3: 0.184313729, 0.741176486, 0.70588237, 0.188235298
vb0[461]+000 TANGENT: 0.184313729, 0.741176486, 0.70588237, 0.188235298

vb0[462]+000 POSITION: 1.72265625, -0.729003906, 2.87304688, 1
vb0[462]+008 NORMAL: -0.00787401572, -1, -0.0393700786, 0
vb0[462]+000 COLOR: 0.894117653, 0.243137255, 0.835294127, 0.725490212
vb0[462]+000 TEXCOORD: 0.894117653, 0.243137255, 0.835294127, 0.725490212
vb0[462]+000 TEXCOORD1: 0.894117653, 0.243137255, 0.835294127, 0.725490212
vb0[462]+000 TEXCOORD2: 0.894117653, 0.243137255, 0.835294127, 0.725490212
vb0[462]+000 TEXCOORD3: 0.894117653, 0.243137255, 0.835294127, 0.725490212
vb0[462]+000 TANGENT: 0.894117653, 0.243137255, 0.835294127, 0.725490212

vb0[463]+000 POSITION: 2.2890625, -0.684082031, 2.13867188, 1
vb0[463]+008 NORMAL: -0.0314960629, -1, -0.0629921257, 0
vb0[463]+000 COLOR: 0.580392182, 0.250980407, 0.474509805, 0.725490212
vb0[463]+000 TEXCOORD: 0.580392182, 0.250980407, 0.474509805, 0.725490212
vb0[463]+000 TEXCOORD1: 0.580392182, 0.250980407, 0.474509805, 0.725490212
vb0[463]+000 TEXCOORD2: 0.580392182, 0.250980407, 0.474509805, 0.725490212
vb0[463]+000 TEXCOORD3: 0.580392182, 0.250980407, 0.474509805, 0.725490212
vb0[463]+000 TANGENT: 0.580392182, 0.250980407, 0.474509805, 0.725490212

vb0[464]+000 POSITION: 1.20214844, -0.732910156, 3.328125, 1
vb0[464]+008 NORMAL: -0.00787401572, -1, -0.0236220472, 0
vb0[464]+000 COLOR: 0.811764717, 0.235294119, 0.866666675, 0.725490212
vb0[464]+000 TEXCOORD: 0.811764717, 0.235294119, 0.866666675, 0.725490212
vb0[464]+000 TEXCOORD1: 0.811764717, 0.235294119, 0.866666675, 0.725490212
vb0[464]+000 TEXCOORD2: 0.811764717, 0.235294119, 0.866666675, 0.725490212
vb0[464]+000 TEXCOORD3: 0.811764717, 0.235294119, 0.866666675, 0.725490212
vb0[464]+000 TANGENT: 0.811764717, 0.235294119, 0.866666675, 0.725490212

vb0[465]+000 POSITION: 0.461181641, -0.735839844, 3.60546875, 1
vb0[465]+008 NORMAL: -0.0157480314, -1, -0.0314960629, 0
vb0[465]+000 COLOR: 0.380392164, 0.215686277, 0.890196085, 0.725490212
vb0[465]+000 TEXCOORD: 0.380392164, 0.215686277, 0.890196085, 0.725490212
vb0[465]+000 TEXCOORD1: 0.380392164, 0.215686277, 0.890196085, 0.725490212
vb0[465]+000 TEXCOORD2: 0.380392164, 0.215686277, 0.890196085, 0.725490212
vb0[465]+000 TEXCOORD3: 0.380392164, 0.215686277, 0.890196085, 0.725490212
vb0[465]+000 TANGENT: 0.380392164, 0.215686277, 0.890196085, 0.725490212
